GeneID	GeneName	Family_SubFamily	Protein_class	GO_MF	GO_BP	GO_CC	Chromosome	Gene_Start	Gene_End	Best_P_Value	N_sig_SNPs	Max_r2	N_Phenotypes	Phenotypes
SORBI_3005G148500	FBD domain-containing protein						5	61659987	61667430	1.551627e-16	1	0.521234	13	TG(16:0_16:0_18:1); TG(16:0_16:0_18:2); TG(16:0_16:0_20:1); TG(16:0_18:0_18:2); TG(16:0_18:1_18:1); TG(16:0_18:1_18:2); TG(16:0_18:1_20:0); TG(16:0_18:1_20:1); TG(16:0_18:1_20:2); TG(16:0_18:1_22:1); TG(16:1_18:1_18:1); TG(18:0_18:2_18:2); TG(18:1_18:2_18:2)
SORBI_3005G149000	Saccharopine dehydrogenase NADP binding domain-containing protein						5	61740897	61747039	1.551627e-16	1	0.741279	13	TG(16:0_16:0_18:1); TG(16:0_16:0_18:2); TG(16:0_16:0_20:1); TG(16:0_18:0_18:2); TG(16:0_18:1_18:1); TG(16:0_18:1_18:2); TG(16:0_18:1_20:0); TG(16:0_18:1_20:1); TG(16:0_18:1_20:2); TG(16:0_18:1_22:1); TG(16:1_18:1_18:1); TG(18:0_18:2_18:2); TG(18:1_18:2_18:2)
SORBI_3001G318000	glutathione transferase	GLUTATHIONE S-TRANSFERASE (PTHR11260:SF501)	transferase(PC00220)	glutathione transferase activity(GO:0004364)	glutathione metabolic process(GO:0006749)		1	60644084	60645212	3.053225e-16	3	0.585869	11	TG(16:0_16:0_18:1); TG(16:0_16:0_20:1); TG(16:0_18:0_18:2); TG(16:0_18:1_18:1); TG(16:0_18:1_18:2); TG(16:0_18:1_20:0); TG(16:0_18:1_20:1); TG(16:0_18:1_20:2); TG(16:1_18:1_18:1); TG(18:0_18:2_18:2); TG(18:1_18:2_18:2)
SORBI_3001G318100	Uncharacterized protein						1	60647011	60650614	3.053225e-16	3	1	11	TG(16:0_16:0_18:1); TG(16:0_16:0_20:1); TG(16:0_18:0_18:2); TG(16:0_18:1_18:1); TG(16:0_18:1_18:2); TG(16:0_18:1_20:0); TG(16:0_18:1_20:1); TG(16:0_18:1_20:2); TG(16:1_18:1_18:1); TG(18:0_18:2_18:2); TG(18:1_18:2_18:2)
SORBI_3006G049700	SAM domain-containing protein						6	36626672	36630941	6.595057e-15	2	0.934293	10	TG(16:0_16:0_18:1); TG(16:0_16:0_20:1); TG(16:0_18:0_18:2); TG(16:0_18:1_18:1); TG(16:0_18:1_18:2); TG(16:0_18:1_20:0); TG(16:0_18:1_20:1); TG(16:0_18:1_20:2); TG(16:1_18:1_18:1); TG(18:0_18:2_18:2)
SORBI_3006G049900	J domain-containing protein	DNAJ HOMOLOG SUBFAMILY C MEMBER 2 (PTHR43999:SF1)	chaperone(PC00072)	Hsp70 protein binding(GO:0030544);ribosome binding(GO:0043022)	regulation of translational fidelity(GO:0006450);'de novo' cotranslational protein folding(GO:0051083)	endoplasmic reticulum(GO:0005783);cytosol(GO:0005829)	6	36790405	36795881	6.595057e-15	2	0.939332	10	TG(16:0_16:0_18:1); TG(16:0_16:0_20:1); TG(16:0_18:0_18:2); TG(16:0_18:1_18:1); TG(16:0_18:1_18:2); TG(16:0_18:1_20:0); TG(16:0_18:1_20:1); TG(16:0_18:1_20:2); TG(16:1_18:1_18:1); TG(18:0_18:2_18:2)
SORBI_3006G050000	Rab-GAP TBC domain-containing protein	RAB-GAP TBC DOMAIN-CONTAINING PROTEIN (PTHR22957:SF690)	GTPase-activating protein(PC00257)	GTPase activator activity(GO:0005096)	intracellular protein transport(GO:0006886)	cytoplasm(GO:0005737)	6	36803025	36807791	6.595057e-15	2	0.49184	10	TG(16:0_16:0_18:1); TG(16:0_16:0_20:1); TG(16:0_18:0_18:2); TG(16:0_18:1_18:1); TG(16:0_18:1_18:2); TG(16:0_18:1_20:0); TG(16:0_18:1_20:1); TG(16:0_18:1_20:2); TG(16:1_18:1_18:1); TG(18:0_18:2_18:2)
SORBI_3006G050050	Uncharacterized protein						6	36893354	36896021	6.595057e-15	2	0.932377	10	TG(16:0_16:0_18:1); TG(16:0_16:0_20:1); TG(16:0_18:0_18:2); TG(16:0_18:1_18:1); TG(16:0_18:1_18:2); TG(16:0_18:1_20:0); TG(16:0_18:1_20:1); TG(16:0_18:1_20:2); TG(16:1_18:1_18:1); TG(18:0_18:2_18:2)
SORBI_3005G110120	Uncharacterized protein						5	24097855	24100470	8.186128e-15	1	0.82592	12	PC(16:1_16:1); TG(16:0_16:0_18:1); TG(16:0_16:0_20:1); TG(16:0_18:0_18:2); TG(16:0_18:1_18:1); TG(16:0_18:1_18:2); TG(16:0_18:1_20:0); TG(16:0_18:1_20:1); TG(16:0_18:1_20:2); TG(16:1_18:1_18:1); TG(18:0_18:2_18:2); TG(18:1_18:2_18:2)
SORBI_3005G110160	Uncharacterized protein						5	24125145	24127909	8.186128e-15	1	0.81876	12	PC(16:1_16:1); TG(16:0_16:0_18:1); TG(16:0_16:0_20:1); TG(16:0_18:0_18:2); TG(16:0_18:1_18:1); TG(16:0_18:1_18:2); TG(16:0_18:1_20:0); TG(16:0_18:1_20:1); TG(16:0_18:1_20:2); TG(16:1_18:1_18:1); TG(18:0_18:2_18:2); TG(18:1_18:2_18:2)
SORBI_3006G049600	Methyltransferase type 11 domain-containing protein	EEF1A LYSINE AND N-TERMINAL METHYLTRANSFERASE (PTHR12176:SF78)	methyltransferase(PC00155)	S-adenosylmethionine-dependent methyltransferase activity(GO:0008757);protein-lysine N-methyltransferase activity(GO:0016279)			6	35879991	35916918	1.18068e-14	6	0.977354	9	TG(16:0_16:0_18:1); TG(16:0_16:0_20:1); TG(16:0_18:0_18:2); TG(16:0_18:1_18:1); TG(16:0_18:1_18:2); TG(16:0_18:1_20:0); TG(16:0_18:1_20:1); TG(16:1_18:1_18:1); TG(18:0_18:2_18:2)
SORBI_3006G049633	Secreted protein						6	35903080	35904540	1.18068e-14	6	0.963581	9	TG(16:0_16:0_18:1); TG(16:0_16:0_20:1); TG(16:0_18:0_18:2); TG(16:0_18:1_18:1); TG(16:0_18:1_18:2); TG(16:0_18:1_20:0); TG(16:0_18:1_20:1); TG(16:1_18:1_18:1); TG(18:0_18:2_18:2)
SORBI_3006G049666	CCHC-type domain-containing protein	OS11G0296500 PROTEIN (PTHR23002:SF89)	RNA metabolism protein(PC00031)	nucleic acid binding(GO:0003676);single-stranded RNA binding(GO:0003727);mRNA binding(GO:0003729);zinc ion binding(GO:0008270);translation regulator activity(GO:0045182)	positive regulation of cytoplasmic translation(GO:2000767)	cytoplasm(GO:0005737)	6	36241318	36243165	1.18068e-14	5	0.926102	11	TG(16:0_16:0_18:1); TG(16:0_16:0_20:1); TG(16:0_18:0_18:2); TG(16:0_18:1_18:1); TG(16:0_18:1_18:2); TG(16:0_18:1_20:0); TG(16:0_18:1_20:1); TG(16:0_18:1_20:2); TG(16:1_18:1_18:1); TG(18:0_18:2_18:2); TG(18:1_18:2_18:2)
SORBI_3010G140800	Uncharacterized protein						10	32680719	32683021	1.235556e-14	2	0.920292	13	9,12,13,TriHODE; Oxo fatty acid (18:3); TG(16:0_16:0_18:1); TG(16:0_16:0_20:1); TG(16:0_18:0_18:2); TG(16:0_18:1_18:1); TG(16:0_18:1_18:2); TG(16:0_18:1_20:0); TG(16:0_18:1_20:1); TG(16:0_18:1_20:2); TG(16:1_18:1_18:1); TG(18:0_18:2_18:2); trans-EKODE-(E)-Ib
SORBI_3007G113900	Reticulon-like protein	RETICULON-LIKE PROTEIN B21 (PTHR46626:SF1)				endoplasmic reticulum membrane(GO:0005789)	7	46103134	46116346	2.859644e-14	1	0.871228	4	TG(16:0_18:0_18:2); TG(16:0_18:1_20:1); TG(16:0_18:1_20:2); TG(18:0_18:2_18:2)
SORBI_3008G105500	Ureide permease 4	OS12G0503000 PROTEIN (PTHR31081:SF3)		transmembrane transporter activity(GO:0022857)	transmembrane transport(GO:0055085)	membrane(GO:0016020)	8	49760626	49764366	4.627337e-14	4	0.725433	10	TG(16:0_16:0_18:1); TG(16:0_16:0_20:1); TG(16:0_18:0_18:2); TG(16:0_18:1_18:1); TG(16:0_18:1_18:2); TG(16:0_18:1_20:0); TG(16:0_18:1_20:1); TG(16:0_18:1_20:2); TG(16:1_18:1_18:1); TG(18:0_18:2_18:2)
SORBI_3008G105600	Uncharacterized protein						8	49771416	49773467	4.627337e-14	4	0.879194	10	TG(16:0_16:0_18:1); TG(16:0_16:0_20:1); TG(16:0_18:0_18:2); TG(16:0_18:1_18:1); TG(16:0_18:1_18:2); TG(16:0_18:1_20:0); TG(16:0_18:1_20:1); TG(16:0_18:1_20:2); TG(16:1_18:1_18:1); TG(18:0_18:2_18:2)
SORBI_3008G105800	Cytochrome P450	OS06G0497350 PROTEIN (PTHR47956:SF84)	oxygenase(PC00177)	monooxygenase activity(GO:0004497);iron ion binding(GO:0005506);oxidoreductase activity, acting on paired donors, with incorporation or reduction of molecular oxygen(GO:0016705);heme binding(GO:0020037)			8	49839493	49844969	4.627337e-14	4	0.862789	10	TG(16:0_16:0_18:1); TG(16:0_16:0_20:1); TG(16:0_18:0_18:2); TG(16:0_18:1_18:1); TG(16:0_18:1_18:2); TG(16:0_18:1_20:0); TG(16:0_18:1_20:1); TG(16:0_18:1_20:2); TG(16:1_18:1_18:1); TG(18:0_18:2_18:2)
SORBI_3008G105850	Uncharacterized protein						8	49873777	49874654	4.627337e-14	4	0.810974	10	TG(16:0_16:0_18:1); TG(16:0_16:0_20:1); TG(16:0_18:0_18:2); TG(16:0_18:1_18:1); TG(16:0_18:1_18:2); TG(16:0_18:1_20:0); TG(16:0_18:1_20:1); TG(16:0_18:1_20:2); TG(16:1_18:1_18:1); TG(18:0_18:2_18:2)
SORBI_3008G105900	Uncharacterized protein						8	49873779	49877757	4.627337e-14	4	0.810974	10	TG(16:0_16:0_18:1); TG(16:0_16:0_20:1); TG(16:0_18:0_18:2); TG(16:0_18:1_18:1); TG(16:0_18:1_18:2); TG(16:0_18:1_20:0); TG(16:0_18:1_20:1); TG(16:0_18:1_20:2); TG(16:1_18:1_18:1); TG(18:0_18:2_18:2)
SORBI_3008G106200	Cytochrome P450	OS06G0497350 PROTEIN (PTHR47956:SF84)	oxygenase(PC00177)	monooxygenase activity(GO:0004497);iron ion binding(GO:0005506);oxidoreductase activity, acting on paired donors, with incorporation or reduction of molecular oxygen(GO:0016705);heme binding(GO:0020037)			8	49976166	49984597	4.627337e-14	4	0.729909	10	TG(16:0_16:0_18:1); TG(16:0_16:0_20:1); TG(16:0_18:0_18:2); TG(16:0_18:1_18:1); TG(16:0_18:1_18:2); TG(16:0_18:1_20:0); TG(16:0_18:1_20:1); TG(16:0_18:1_20:2); TG(16:1_18:1_18:1); TG(18:0_18:2_18:2)
SORBI_3008G106301	Uncharacterized protein						8	50023248	50024607	4.627337e-14	4	0.607813	10	TG(16:0_16:0_18:1); TG(16:0_16:0_20:1); TG(16:0_18:0_18:2); TG(16:0_18:1_18:1); TG(16:0_18:1_18:2); TG(16:0_18:1_20:0); TG(16:0_18:1_20:1); TG(16:0_18:1_20:2); TG(16:1_18:1_18:1); TG(18:0_18:2_18:2)
SORBI_3008G106500	DUF1618 domain-containing protein	DUF1618 DOMAIN-CONTAINING PROTEIN (PTHR33165:SF54)					8	50133783	50134613	4.627337e-14	2	0.597778	10	TG(16:0_16:0_18:1); TG(16:0_16:0_20:1); TG(16:0_18:0_18:2); TG(16:0_18:1_18:1); TG(16:0_18:1_18:2); TG(16:0_18:1_20:0); TG(16:0_18:1_20:1); TG(16:0_18:1_20:2); TG(16:1_18:1_18:1); TG(18:0_18:2_18:2)
SORBI_3008G106550	DUF295 domain-containing protein	DUF295 DOMAIN-CONTAINING PROTEIN (PTHR33165:SF33)					8	50142779	50144253	4.627337e-14	2	0.629124	10	TG(16:0_16:0_18:1); TG(16:0_16:0_20:1); TG(16:0_18:0_18:2); TG(16:0_18:1_18:1); TG(16:0_18:1_18:2); TG(16:0_18:1_20:0); TG(16:0_18:1_20:1); TG(16:0_18:1_20:2); TG(16:1_18:1_18:1); TG(18:0_18:2_18:2)
SORBI_3008G131200	Uncharacterized protein	EXPRESSED PROTEIN (PTHR31676:SF10)					8	55707544	55714682	6.204077e-14	1	0.587348	10	TG(16:0_16:0_18:1); TG(16:0_16:0_20:1); TG(16:0_18:0_18:2); TG(16:0_18:1_18:1); TG(16:0_18:1_18:2); TG(16:0_18:1_20:0); TG(16:0_18:1_20:1); TG(16:0_18:1_20:2); TG(16:1_18:1_18:1); TG(18:0_18:2_18:2)
SORBI_3008G131300	Pectinesterase	PECTINESTERASE (PTHR31321:SF81)	hydrolase(PC00121)	pectinesterase activity(GO:0030599)	cell wall modification(GO:0042545);pectin catabolic process(GO:0045490)		8	55716132	55718008	6.204077e-14	1	0.522406	10	TG(16:0_16:0_18:1); TG(16:0_16:0_20:1); TG(16:0_18:0_18:2); TG(16:0_18:1_18:1); TG(16:0_18:1_18:2); TG(16:0_18:1_20:0); TG(16:0_18:1_20:1); TG(16:0_18:1_20:2); TG(16:1_18:1_18:1); TG(18:0_18:2_18:2)
SORBI_3008G131400	Uncharacterized protein	MYB TRANSCRIPTION FACTOR (PTHR45675:SF49)	homeodomain transcription factor(PC00119)	DNA-binding transcription factor activity(GO:0003700);sequence-specific DNA binding(GO:0043565)	regulation of DNA-templated transcription(GO:0006355)	nucleus(GO:0005634)	8	55724538	55727053	6.204077e-14	1	0.42887	10	TG(16:0_16:0_18:1); TG(16:0_16:0_20:1); TG(16:0_18:0_18:2); TG(16:0_18:1_18:1); TG(16:0_18:1_18:2); TG(16:0_18:1_20:0); TG(16:0_18:1_20:1); TG(16:0_18:1_20:2); TG(16:1_18:1_18:1); TG(18:0_18:2_18:2)
SORBI_3008G131500	Ubiquitin-like protease family profile domain-containing protein	UBIQUITIN-LIKE PROTEASE FAMILY PROFILE DOMAIN-CONTAINING PROTEIN (PTHR12606:SF150)	protease(PC00190)	cysteine-type peptidase activity(GO:0008234);deSUMOylase activity(GO:0016929)	proteolysis(GO:0006508)		8	55748818	55755548	6.204077e-14	1	0.789552	10	TG(16:0_16:0_18:1); TG(16:0_16:0_20:1); TG(16:0_18:0_18:2); TG(16:0_18:1_18:1); TG(16:0_18:1_18:2); TG(16:0_18:1_20:0); TG(16:0_18:1_20:1); TG(16:0_18:1_20:2); TG(16:1_18:1_18:1); TG(18:0_18:2_18:2)
SORBI_3008G131550	Myb_SANT-like domain-containing protein						8	55770605	55772020	6.204077e-14	1	0.78927	10	TG(16:0_16:0_18:1); TG(16:0_16:0_20:1); TG(16:0_18:0_18:2); TG(16:0_18:1_18:1); TG(16:0_18:1_18:2); TG(16:0_18:1_20:0); TG(16:0_18:1_20:1); TG(16:0_18:1_20:2); TG(16:1_18:1_18:1); TG(18:0_18:2_18:2)
SORBI_3008G131601	Ubiquitin-like protease family profile domain-containing protein						8	55772437	55777903	6.204077e-14	1	0.835298	10	TG(16:0_16:0_18:1); TG(16:0_16:0_20:1); TG(16:0_18:0_18:2); TG(16:0_18:1_18:1); TG(16:0_18:1_18:2); TG(16:0_18:1_20:0); TG(16:0_18:1_20:1); TG(16:0_18:1_20:2); TG(16:1_18:1_18:1); TG(18:0_18:2_18:2)
SORBI_3008G131651	Ubiquitin-like protease family profile domain-containing protein			cysteine-type peptidase activity(GO:0008234)	proteolysis(GO:0006508)		8	55778011	55779979	6.204077e-14	1	0.802208	10	TG(16:0_16:0_18:1); TG(16:0_16:0_20:1); TG(16:0_18:0_18:2); TG(16:0_18:1_18:1); TG(16:0_18:1_18:2); TG(16:0_18:1_20:0); TG(16:0_18:1_20:1); TG(16:0_18:1_20:2); TG(16:1_18:1_18:1); TG(18:0_18:2_18:2)
SORBI_3008G131700	PsbP C-terminal domain-containing protein	PSBP DOMAIN-CONTAINING PROTEIN 1, CHLOROPLASTIC (PTHR31407:SF15)		calcium ion binding(GO:0005509)	photosynthesis(GO:0015979)	photosystem II(GO:0009523);chloroplast thylakoid lumen(GO:0009543);photosystem II oxygen evolving complex(GO:0009654);extrinsic component of membrane(GO:0019898)	8	55795932	55802267	6.204077e-14	1	0.807721	10	TG(16:0_16:0_18:1); TG(16:0_16:0_20:1); TG(16:0_18:0_18:2); TG(16:0_18:1_18:1); TG(16:0_18:1_18:2); TG(16:0_18:1_20:0); TG(16:0_18:1_20:1); TG(16:0_18:1_20:2); TG(16:1_18:1_18:1); TG(18:0_18:2_18:2)
SORBI_3008G131800	CCHC-type domain-containing protein	RIBOSOME QUALITY CONTROL COMPLEX SUBUNIT NEMF (PTHR15239:SF6)		tRNA binding(GO:0000049);nucleic acid binding(GO:0003676);zinc ion binding(GO:0008270);ribosomal large subunit binding(GO:0043023)	rescue of stalled cytosolic ribosome(GO:0072344);ribosome-associated ubiquitin-dependent protein catabolic process(GO:1990116)	cytoplasm(GO:0005737);RQC complex(GO:1990112)	8	55801939	55815614	6.204077e-14	1	0.869713	10	TG(16:0_16:0_18:1); TG(16:0_16:0_20:1); TG(16:0_18:0_18:2); TG(16:0_18:1_18:1); TG(16:0_18:1_18:2); TG(16:0_18:1_20:0); TG(16:0_18:1_20:1); TG(16:0_18:1_20:2); TG(16:1_18:1_18:1); TG(18:0_18:2_18:2)
SORBI_3008G131900							8	55816339	55821120	6.204077e-14	1	0.936702	10	TG(16:0_16:0_18:1); TG(16:0_16:0_20:1); TG(16:0_18:0_18:2); TG(16:0_18:1_18:1); TG(16:0_18:1_18:2); TG(16:0_18:1_20:0); TG(16:0_18:1_20:1); TG(16:0_18:1_20:2); TG(16:1_18:1_18:1); TG(18:0_18:2_18:2)
SORBI_3008G132000							8	55839853	55843326	6.204077e-14	1	0.885188	10	TG(16:0_16:0_18:1); TG(16:0_16:0_20:1); TG(16:0_18:0_18:2); TG(16:0_18:1_18:1); TG(16:0_18:1_18:2); TG(16:0_18:1_20:0); TG(16:0_18:1_20:1); TG(16:0_18:1_20:2); TG(16:1_18:1_18:1); TG(18:0_18:2_18:2)
SORBI_3008G132200	Calmodulin-binding protein MPCBP	PROTEIN NPG1 (PTHR44102:SF5)					8	55848764	55854063	6.204077e-14	1	0.641393	10	TG(16:0_16:0_18:1); TG(16:0_16:0_20:1); TG(16:0_18:0_18:2); TG(16:0_18:1_18:1); TG(16:0_18:1_18:2); TG(16:0_18:1_20:0); TG(16:0_18:1_20:1); TG(16:0_18:1_20:2); TG(16:1_18:1_18:1); TG(18:0_18:2_18:2)
SORBI_3008G132250	Secreted protein						8	55858948	55860843	6.204077e-14	1	0.701996	10	TG(16:0_16:0_18:1); TG(16:0_16:0_20:1); TG(16:0_18:0_18:2); TG(16:0_18:1_18:1); TG(16:0_18:1_18:2); TG(16:0_18:1_20:0); TG(16:0_18:1_20:1); TG(16:0_18:1_20:2); TG(16:1_18:1_18:1); TG(18:0_18:2_18:2)
SORBI_3008G132300	Bicarbonate transporter-like transmembrane domain-containing protein	BORON TRANSPORTER 3-RELATED (PTHR11453:SF110)	secondary carrier transporter(PC00258)	solute:inorganic anion antiporter activity(GO:0005452)	monoatomic anion transport(GO:0006820);monoatomic ion homeostasis(GO:0050801);transmembrane transport(GO:0055085)	plasma membrane(GO:0005886);membrane(GO:0016020)	8	55898550	55902947	6.204077e-14	1	0.623157	10	TG(16:0_16:0_18:1); TG(16:0_16:0_20:1); TG(16:0_18:0_18:2); TG(16:0_18:1_18:1); TG(16:0_18:1_18:2); TG(16:0_18:1_20:0); TG(16:0_18:1_20:1); TG(16:0_18:1_20:2); TG(16:1_18:1_18:1); TG(18:0_18:2_18:2)
SORBI_3008G132400	Complex 1 LYR protein domain-containing protein	COMPLEX 1 LYR PROTEIN DOMAIN-CONTAINING PROTEIN (PTHR47579:SF3)					8	55905226	55906819	6.204077e-14	1	0.644279	10	TG(16:0_16:0_18:1); TG(16:0_16:0_20:1); TG(16:0_18:0_18:2); TG(16:0_18:1_18:1); TG(16:0_18:1_18:2); TG(16:0_18:1_20:0); TG(16:0_18:1_20:1); TG(16:0_18:1_20:2); TG(16:1_18:1_18:1); TG(18:0_18:2_18:2)
SORBI_3008G132500	ABC transporter domain-containing protein	PLEIOTROPIC DRUG RESISTANCE PROTEIN (PTHR19241:SF630)	ATP-binding cassette (ABC) transporter(PC00003)	ATP binding(GO:0005524);ATP hydrolysis activity(GO:0016887);ABC-type transporter activity(GO:0140359)	transmembrane transport(GO:0055085)	membrane(GO:0016020)	8	55908329	55913278	6.204077e-14	1	0.651557	10	TG(16:0_16:0_18:1); TG(16:0_16:0_20:1); TG(16:0_18:0_18:2); TG(16:0_18:1_18:1); TG(16:0_18:1_18:2); TG(16:0_18:1_20:0); TG(16:0_18:1_20:1); TG(16:0_18:1_20:2); TG(16:1_18:1_18:1); TG(18:0_18:2_18:2)
SORBI_3008G132550	ABC transporter domain-containing protein			ATP binding(GO:0005524);ATP hydrolysis activity(GO:0016887)			8	55913940	55917987	6.204077e-14	1	0.615576	10	TG(16:0_16:0_18:1); TG(16:0_16:0_20:1); TG(16:0_18:0_18:2); TG(16:0_18:1_18:1); TG(16:0_18:1_18:2); TG(16:0_18:1_20:0); TG(16:0_18:1_20:1); TG(16:0_18:1_20:2); TG(16:1_18:1_18:1); TG(18:0_18:2_18:2)
SORBI_3008G132600	BAT2 N-terminal domain-containing protein	PROTEIN MODIFIER OF SNC1 1 (PTHR34805:SF1)					8	55920712	55928484	6.204077e-14	1	0.658875	10	TG(16:0_16:0_18:1); TG(16:0_16:0_20:1); TG(16:0_18:0_18:2); TG(16:0_18:1_18:1); TG(16:0_18:1_18:2); TG(16:0_18:1_20:0); TG(16:0_18:1_20:1); TG(16:0_18:1_20:2); TG(16:1_18:1_18:1); TG(18:0_18:2_18:2)
SORBI_3008G132700	ATP citrate synthase			ATP citrate synthase activity(GO:0003878)	acetyl-CoA biosynthetic process(GO:0006085)	cytosol(GO:0005829)	8	55932919	55936935	6.204077e-14	1	0.67161	10	TG(16:0_16:0_18:1); TG(16:0_16:0_20:1); TG(16:0_18:0_18:2); TG(16:0_18:1_18:1); TG(16:0_18:1_18:2); TG(16:0_18:1_20:0); TG(16:0_18:1_20:1); TG(16:0_18:1_20:2); TG(16:1_18:1_18:1); TG(18:0_18:2_18:2)
SORBI_3008G132800	Uncharacterized protein	ER MEMBRANE PROTEIN COMPLEX SUBUNIT 5 (PTHR21181:SF7)		transmembrane transporter activity(GO:0022857)	transmembrane transport(GO:0055085)	cytoplasm(GO:0005737);early endosome(GO:0005769);endoplasmic reticulum membrane(GO:0005789);Golgi apparatus(GO:0005794);plasma membrane(GO:0005886);endomembrane system(GO:0012505);EMC complex(GO:0072546)	8	55943024	55947315	6.204077e-14	1	0.687894	10	TG(16:0_16:0_18:1); TG(16:0_16:0_20:1); TG(16:0_18:0_18:2); TG(16:0_18:1_18:1); TG(16:0_18:1_18:2); TG(16:0_18:1_20:0); TG(16:0_18:1_20:1); TG(16:0_18:1_20:2); TG(16:1_18:1_18:1); TG(18:0_18:2_18:2)
SORBI_3008G132900	Putative zinc-finger domain-containing protein	ZINC FINGER C3H1 DOMAIN-CONTAINING PROTEIN (PTHR21563:SF3)				nucleus(GO:0005634)	8	55948254	55956733	6.204077e-14	1	0.647951	10	TG(16:0_16:0_18:1); TG(16:0_16:0_20:1); TG(16:0_18:0_18:2); TG(16:0_18:1_18:1); TG(16:0_18:1_18:2); TG(16:0_18:1_20:0); TG(16:0_18:1_20:1); TG(16:0_18:1_20:2); TG(16:1_18:1_18:1); TG(18:0_18:2_18:2)
SORBI_3008G133100	Protein kinase domain-containing protein	PROTEIN KINASE DOMAIN-CONTAINING PROTEIN (PTHR27005:SF273)	transmembrane signal receptor(PC00197)	nucleotide binding(GO:0000166);protein kinase activity(GO:0004672);ATP binding(GO:0005524);polysaccharide binding(GO:0030247)	cell surface receptor signaling pathway(GO:0007166)	plasma membrane(GO:0005886);membrane(GO:0016020)	8	55967541	55971627	6.204077e-14	1	0.514183	10	TG(16:0_16:0_18:1); TG(16:0_16:0_20:1); TG(16:0_18:0_18:2); TG(16:0_18:1_18:1); TG(16:0_18:1_18:2); TG(16:0_18:1_20:0); TG(16:0_18:1_20:1); TG(16:0_18:1_20:2); TG(16:1_18:1_18:1); TG(18:0_18:2_18:2)
SORBI_3008G133200	GDSL esterase_lipase	GDSL-LIKE LIPASE_ACYLHYDROLASE FAMILY PROTEIN, EXPRESSED (PTHR45648:SF23)	lipase(PC00143)	catalytic activity(GO:0003824);lipase activity(GO:0016298);hydrolase activity, acting on ester bonds(GO:0016788)	lipid metabolic process(GO:0006629)		8	55987061	55988758	6.204077e-14	1	0.400905	10	TG(16:0_16:0_18:1); TG(16:0_16:0_20:1); TG(16:0_18:0_18:2); TG(16:0_18:1_18:1); TG(16:0_18:1_18:2); TG(16:0_18:1_20:0); TG(16:0_18:1_20:1); TG(16:0_18:1_20:2); TG(16:1_18:1_18:1); TG(18:0_18:2_18:2)
SORBI_3006G044466	Uncharacterized protein						6	31026444	31036937	9.34374e-14	5	0.963195	11	TG(16:0_16:0_18:1); TG(16:0_16:0_20:1); TG(16:0_18:0_18:2); TG(16:0_18:1_18:1); TG(16:0_18:1_18:2); TG(16:0_18:1_20:0); TG(16:0_18:1_20:1); TG(16:0_18:1_20:2); TG(16:1_18:1_18:1); TG(18:0_18:2_18:2); TG(18:1_18:2_18:2)
SORBI_3006G044532	CCHC-type domain-containing protein	OS11G0296500 PROTEIN (PTHR23002:SF89)	RNA metabolism protein(PC00031)	nucleic acid binding(GO:0003676);single-stranded RNA binding(GO:0003727);mRNA binding(GO:0003729);zinc ion binding(GO:0008270);translation regulator activity(GO:0045182)	positive regulation of cytoplasmic translation(GO:2000767)	cytoplasm(GO:0005737)	6	31084372	31086231	9.34374e-14	5	0.940262	11	TG(16:0_16:0_18:1); TG(16:0_16:0_20:1); TG(16:0_18:0_18:2); TG(16:0_18:1_18:1); TG(16:0_18:1_18:2); TG(16:0_18:1_20:0); TG(16:0_18:1_20:1); TG(16:0_18:1_20:2); TG(16:1_18:1_18:1); TG(18:0_18:2_18:2); TG(18:1_18:2_18:2)
SORBI_3006G044600	Eukaryotic translation initiation factor 3 subunit H	EUKARYOTIC TRANSLATION INITIATION FACTOR 3 SUBUNIT H (PTHR10410:SF3)	translation initiation factor(PC00224)	translation initiation factor activity(GO:0003743);peptidase activity(GO:0008233);metallopeptidase activity(GO:0008237)	formation of cytoplasmic translation initiation complex(GO:0001732);cytoplasmic translational initiation(GO:0002183);translational initiation(GO:0006413)	cytoplasm(GO:0005737);eukaryotic translation initiation factor 3 complex(GO:0005852);eukaryotic 43S preinitiation complex(GO:0016282);eukaryotic 48S preinitiation complex(GO:0033290)	6	31236917	31244123	9.34374e-14	4	0.963195	11	TG(16:0_16:0_18:1); TG(16:0_16:0_20:1); TG(16:0_18:0_18:2); TG(16:0_18:1_18:1); TG(16:0_18:1_18:2); TG(16:0_18:1_20:0); TG(16:0_18:1_20:1); TG(16:0_18:1_20:2); TG(16:1_18:1_18:1); TG(18:0_18:2_18:2); TG(18:1_18:2_18:2)
SORBI_3006G044800	Uncharacterized protein	CHAPERONE PROTEIN DNAJ-RELATED (PTHR34687:SF3)	chaperone(PC00072)				6	31450469	31451300	9.34374e-14	2	0.46985	10	TG(16:0_16:0_18:1); TG(16:0_16:0_20:1); TG(16:0_18:0_18:2); TG(16:0_18:1_18:1); TG(16:0_18:1_18:2); TG(16:0_18:1_20:0); TG(16:0_18:1_20:1); TG(16:0_18:1_20:2); TG(16:1_18:1_18:1); TG(18:0_18:2_18:2)
SORBI_3002G084900	Maternal effect embryo arrest 60	OS07G0240400 PROTEIN (PTHR33430:SF7)					2	9034191	9035388	9.610667e-14	1	0.475592	2	PG(18:0_16:0); gibberellic acid
SORBI_3002G085100	Glycosyltransferase	FLAVONOL 3-O-GLUCOSYLTRANSFERASE UGT76E12-RELATED (PTHR11926:SF1494)	transferase(PC00220)	UDP-glycosyltransferase activity(GO:0008194);UDP-glucosyltransferase activity(GO:0035251)			2	9041063	9044682	9.610667e-14	1	0.40034	2	PG(18:0_16:0); gibberellic acid
SORBI_3002G085800	UDP-glycosyltransferases domain-containing protein	UDP-GLYCOSYLTRANSFERASES DOMAIN-CONTAINING PROTEIN (PTHR11926:SF1376)	transferase(PC00220)	UDP-glycosyltransferase activity(GO:0008194);UDP-glucosyltransferase activity(GO:0035251)			2	9133860	9135524	9.610667e-14	1	0.462612	2	PG(18:0_16:0); gibberellic acid
SORBI_3005G086650	Uncharacterized protein						5	12041602	12053692	1.174296e-13	2	0.643647	10	TG(16:0_16:0_18:1); TG(16:0_16:0_20:1); TG(16:0_18:0_18:2); TG(16:0_18:1_18:1); TG(16:0_18:1_18:2); TG(16:0_18:1_20:0); TG(16:0_18:1_20:1); TG(16:0_18:1_20:2); TG(16:1_18:1_18:1); TG(18:0_18:2_18:2)
SORBI_3007G111800	Storage protein	STORAGE PROTEIN (PTHR31210:SF95)					7	42565325	42572457	1.799445e-13	9	0.692593	11	TG(16:0_16:0_18:1); TG(16:0_16:0_20:1); TG(16:0_18:0_18:2); TG(16:0_18:1_18:1); TG(16:0_18:1_18:2); TG(16:0_18:1_20:0); TG(16:0_18:1_20:1); TG(16:0_18:1_20:2); TG(16:1_18:1_18:1); TG(18:0_18:2_18:2); TG(18:1_18:2_18:2)
SORBI_3007G111901	Uncharacterized protein						7	42590433	42594890	1.799445e-13	9	0.699153	11	TG(16:0_16:0_18:1); TG(16:0_16:0_20:1); TG(16:0_18:0_18:2); TG(16:0_18:1_18:1); TG(16:0_18:1_18:2); TG(16:0_18:1_20:0); TG(16:0_18:1_20:1); TG(16:0_18:1_20:2); TG(16:1_18:1_18:1); TG(18:0_18:2_18:2); TG(18:1_18:2_18:2)
SORBI_3007G112000	Uncharacterized protein						7	42598137	42600011	1.799445e-13	9	0.6675	11	TG(16:0_16:0_18:1); TG(16:0_16:0_20:1); TG(16:0_18:0_18:2); TG(16:0_18:1_18:1); TG(16:0_18:1_18:2); TG(16:0_18:1_20:0); TG(16:0_18:1_20:1); TG(16:0_18:1_20:2); TG(16:1_18:1_18:1); TG(18:0_18:2_18:2); TG(18:1_18:2_18:2)
SORBI_3007G112100	Enoyl-ACP reductase	ENOYL-[ACYL-CARRIER-PROTEIN] REDUCTASE [NADH], CHLOROPLASTIC (PTHR43159:SF2)	reductase(PC00198)	enoyl-[acyl-carrier-protein] reductase (NADH) activity(GO:0004318)	fatty acid biosynthetic process(GO:0006633);fatty acid elongation(GO:0030497)	chloroplast(GO:0009507)	7	42744075	42748053	1.799445e-13	4	0.662813	11	TG(16:0_16:0_18:1); TG(16:0_16:0_20:1); TG(16:0_18:0_18:2); TG(16:0_18:1_18:1); TG(16:0_18:1_18:2); TG(16:0_18:1_20:0); TG(16:0_18:1_20:1); TG(16:0_18:1_20:2); TG(16:1_18:1_18:1); TG(18:0_18:2_18:2); TG(18:1_18:2_18:2)
SORBI_3007G112200	ENT domain-containing protein	PROTEIN EMSY-LIKE 3 (PTHR33432:SF27)			defense response to fungus(GO:0050832)	nucleus(GO:0005634)	7	42750236	42766819	1.799445e-13	4	0.66926	11	TG(16:0_16:0_18:1); TG(16:0_16:0_20:1); TG(16:0_18:0_18:2); TG(16:0_18:1_18:1); TG(16:0_18:1_18:2); TG(16:0_18:1_20:0); TG(16:0_18:1_20:1); TG(16:0_18:1_20:2); TG(16:1_18:1_18:1); TG(18:0_18:2_18:2); TG(18:1_18:2_18:2)
SORBI_3002G148100	CRAL-TRIO domain-containing protein	OS09G0258000 PROTEIN (PTHR46226:SF13)					2	37812109	37835896	2.17296e-13	1	0.952564	11	TG(16:0_16:0_18:1); TG(16:0_16:0_20:1); TG(16:0_18:0_18:2); TG(16:0_18:1_18:1); TG(16:0_18:1_18:2); TG(16:0_18:1_20:0); TG(16:0_18:1_20:1); TG(16:0_18:1_20:2); TG(16:1_18:1_18:1); TG(18:0_18:2_18:2); TG(18:1_18:2_18:2)
SORBI_3002G148166	50S ribosomal protein L32, chloroplastic				translation(GO:0006412)		2	37822220	37822832	2.17296e-13	1	0.917433	11	TG(16:0_16:0_18:1); TG(16:0_16:0_20:1); TG(16:0_18:0_18:2); TG(16:0_18:1_18:1); TG(16:0_18:1_18:2); TG(16:0_18:1_20:0); TG(16:0_18:1_20:1); TG(16:0_18:1_20:2); TG(16:1_18:1_18:1); TG(18:0_18:2_18:2); TG(18:1_18:2_18:2)
SORBI_3002G148232	Uncharacterized protein						2	37930441	37932373	2.17296e-13	1	0.928983	11	TG(16:0_16:0_18:1); TG(16:0_16:0_20:1); TG(16:0_18:0_18:2); TG(16:0_18:1_18:1); TG(16:0_18:1_18:2); TG(16:0_18:1_20:0); TG(16:0_18:1_20:1); TG(16:0_18:1_20:2); TG(16:1_18:1_18:1); TG(18:0_18:2_18:2); TG(18:1_18:2_18:2)
SORBI_3006G048775	Nucleoplasmin-like domain-containing protein						6	35064177	35066809	3.126946e-13	3	1	10	TG(16:0_16:0_18:1); TG(16:0_16:0_20:1); TG(16:0_18:0_18:2); TG(16:0_18:1_18:1); TG(16:0_18:1_18:2); TG(16:0_18:1_20:0); TG(16:0_18:1_20:1); TG(16:1_18:1_18:1); TG(18:0_18:2_18:2); TG(18:1_18:2_18:2)
SORBI_3007G070700	F-box domain-containing protein	OS08G0194350 PROTEIN (PTHR38926:SF71)					7	7835992	7839290	4.30794e-13	3	0.736214	10	TG(16:0_16:0_18:1); TG(16:0_16:0_20:1); TG(16:0_18:0_18:2); TG(16:0_18:1_18:1); TG(16:0_18:1_18:2); TG(16:0_18:1_20:0); TG(16:0_18:1_20:1); TG(16:1_18:1_18:1); TG(18:0_18:2_18:2); TG(18:1_18:2_18:2)
SORBI_3007G070900	Uncharacterized protein						7	7861480	7864348	4.30794e-13	3	0.736214	10	TG(16:0_16:0_18:1); TG(16:0_16:0_20:1); TG(16:0_18:0_18:2); TG(16:0_18:1_18:1); TG(16:0_18:1_18:2); TG(16:0_18:1_20:0); TG(16:0_18:1_20:1); TG(16:1_18:1_18:1); TG(18:0_18:2_18:2); TG(18:1_18:2_18:2)
SORBI_3007G071000	NAC domain-containing protein	OS08G0200600 PROTEIN (PTHR31744:SF21)		DNA binding(GO:0003677)	regulation of DNA-templated transcription(GO:0006355)	nucleus(GO:0005634)	7	7871028	7874296	4.30794e-13	3	0.736214	10	TG(16:0_16:0_18:1); TG(16:0_16:0_20:1); TG(16:0_18:0_18:2); TG(16:0_18:1_18:1); TG(16:0_18:1_18:2); TG(16:0_18:1_20:0); TG(16:0_18:1_20:1); TG(16:1_18:1_18:1); TG(18:0_18:2_18:2); TG(18:1_18:2_18:2)
SORBI_3007G071200	K Homology domain-containing protein	RNA-BINDING KH DOMAIN-CONTAINING PROTEIN (PTHR10288:SF137)	RNA metabolism protein(PC00031)	nucleic acid binding(GO:0003676);RNA binding(GO:0003723)			7	7882997	7889445	4.30794e-13	3	0.603923	10	TG(16:0_16:0_18:1); TG(16:0_16:0_20:1); TG(16:0_18:0_18:2); TG(16:0_18:1_18:1); TG(16:0_18:1_18:2); TG(16:0_18:1_20:0); TG(16:0_18:1_20:1); TG(16:1_18:1_18:1); TG(18:0_18:2_18:2); TG(18:1_18:2_18:2)
SORBI_3007G071300	50S ribosomal protein L27	50S RIBOSOMAL PROTEIN L27 (PTHR15893:SF13)	ribosomal protein(PC00202)	structural constituent of ribosome(GO:0003735)	translation(GO:0006412)	ribosome(GO:0005840)	7	7892356	7896836	4.30794e-13	3	0.534647	10	TG(16:0_16:0_18:1); TG(16:0_16:0_20:1); TG(16:0_18:0_18:2); TG(16:0_18:1_18:1); TG(16:0_18:1_18:2); TG(16:0_18:1_20:0); TG(16:0_18:1_20:1); TG(16:1_18:1_18:1); TG(18:0_18:2_18:2); TG(18:1_18:2_18:2)
SORBI_3007G071400	Pentacotripeptide-repeat region of PRORP domain-containing protein	PENTATRICOPEPTIDE REPEAT-CONTAINING PROTEIN MITOCHONDRIAL (PTHR47934:SF25)			RNA processing(GO:0006396);mitochondrion organization(GO:0007005)		7	7898300	7912298	4.30794e-13	3	1	10	TG(16:0_16:0_18:1); TG(16:0_16:0_20:1); TG(16:0_18:0_18:2); TG(16:0_18:1_18:1); TG(16:0_18:1_18:2); TG(16:0_18:1_20:0); TG(16:0_18:1_20:1); TG(16:1_18:1_18:1); TG(18:0_18:2_18:2); TG(18:1_18:2_18:2)
SORBI_3007G071500	Photosystem II 10 kDa polypeptide, chloroplastic	PHOTOSYSTEM II 10 KDA POLYPEPTIDE, CHLOROPLASTIC (PTHR34369:SF2)			photosynthesis(GO:0015979)	photosystem II(GO:0009523);chloroplast thylakoid membrane(GO:0009535);photosystem II oxygen evolving complex(GO:0009654);thylakoid membrane(GO:0042651)	7	7914921	7916732	4.30794e-13	3	0.586622	10	TG(16:0_16:0_18:1); TG(16:0_16:0_20:1); TG(16:0_18:0_18:2); TG(16:0_18:1_18:1); TG(16:0_18:1_18:2); TG(16:0_18:1_20:0); TG(16:0_18:1_20:1); TG(16:1_18:1_18:1); TG(18:0_18:2_18:2); TG(18:1_18:2_18:2)
SORBI_3007G071600	Acyl-[acyl-carrier-protein] desaturase	ACYL-[ACYL-CARRIER-PROTEIN] DESATURASE 7, CHLOROPLASTIC (PTHR31155:SF40)		oxidoreductase activity(GO:0016491);stearoyl-[ACP] desaturase activity(GO:0045300)	fatty acid metabolic process(GO:0006631)	chloroplast(GO:0009507)	7	7941116	7943460	4.30794e-13	3	0.5691	10	TG(16:0_16:0_18:1); TG(16:0_16:0_20:1); TG(16:0_18:0_18:2); TG(16:0_18:1_18:1); TG(16:0_18:1_18:2); TG(16:0_18:1_20:0); TG(16:0_18:1_20:1); TG(16:1_18:1_18:1); TG(18:0_18:2_18:2); TG(18:1_18:2_18:2)
SORBI_3007G071700	TGS domain-containing protein						7	7943612	7945200	4.30794e-13	3	0.545225	10	TG(16:0_16:0_18:1); TG(16:0_16:0_20:1); TG(16:0_18:0_18:2); TG(16:0_18:1_18:1); TG(16:0_18:1_18:2); TG(16:0_18:1_20:0); TG(16:0_18:1_20:1); TG(16:1_18:1_18:1); TG(18:0_18:2_18:2); TG(18:1_18:2_18:2)
SORBI_3007G071800	Cytochrome P450	CYTOCHROME P450 71A21-RELATED (PTHR47956:SF4)	oxygenase(PC00177)	monooxygenase activity(GO:0004497);iron ion binding(GO:0005506);oxidoreductase activity, acting on paired donors, with incorporation or reduction of molecular oxygen(GO:0016705);heme binding(GO:0020037)			7	7946843	7949108	4.30794e-13	3	0.486238	10	TG(16:0_16:0_18:1); TG(16:0_16:0_20:1); TG(16:0_18:0_18:2); TG(16:0_18:1_18:1); TG(16:0_18:1_18:2); TG(16:0_18:1_20:0); TG(16:0_18:1_20:1); TG(16:1_18:1_18:1); TG(18:0_18:2_18:2); TG(18:1_18:2_18:2)
SORBI_3005G208275	Uncharacterized protein						5	69483055	69485289	5.863299e-13	2	0.425481	11	TG(16:0_16:0_18:1); TG(16:0_16:0_20:1); TG(16:0_18:0_18:2); TG(16:0_18:1_18:1); TG(16:0_18:1_18:2); TG(16:0_18:1_20:0); TG(16:0_18:1_20:1); TG(16:0_18:1_20:2); TG(16:1_18:1_18:1); TG(18:0_18:2_18:2); TG(18:1_18:2_18:2)
SORBI_3006G248100	Fungal lipase-like domain-containing protein	OS04G0657500 PROTEIN (PTHR46086:SF18)	hydrolase(PC00121)	triacylglycerol lipase activity(GO:0004806)	lipid metabolic process(GO:0006629)		6	58758117	58760732	6.016559e-13	1	0.429044	8	TG(10:0_10:0_10:0); TG(10:0_16:1_18:1); TG(12:0_12:0_16:1); TG(12:0_12:0_18:1); TG(12:0_12:0_18:2); TG(12:0_14:0_18:3); TG(12:0_18:1_18:1); TG(8:0_16:1_18:1)
SORBI_3008G061201	Uncharacterized protein						8	6505734	6512974	7.506041e-13	1	0.437324	8	TG(16:0_16:0_18:1); TG(16:0_16:0_20:1); TG(16:0_18:0_18:2); TG(16:0_18:1_18:1); TG(16:0_18:1_18:2); TG(16:1_18:1_18:1); TG(18:0_18:2_18:2); TG(18:1_18:2_18:2)
SORBI_3008G061300	Uncharacterized protein						8	6517395	6518304	7.506041e-13	1	0.428477	8	TG(16:0_16:0_18:1); TG(16:0_16:0_20:1); TG(16:0_18:0_18:2); TG(16:0_18:1_18:1); TG(16:0_18:1_18:2); TG(16:1_18:1_18:1); TG(18:0_18:2_18:2); TG(18:1_18:2_18:2)
SORBI_3008G061701	Uncharacterized protein						8	6563911	6570171	7.506041e-13	1	0.560176	8	TG(16:0_16:0_18:1); TG(16:0_16:0_20:1); TG(16:0_18:0_18:2); TG(16:0_18:1_18:1); TG(16:0_18:1_18:2); TG(16:1_18:1_18:1); TG(18:0_18:2_18:2); TG(18:1_18:2_18:2)
SORBI_3008G061801	Uncharacterized protein						8	6571272	6573489	7.506041e-13	1	0.564037	8	TG(16:0_16:0_18:1); TG(16:0_16:0_20:1); TG(16:0_18:0_18:2); TG(16:0_18:1_18:1); TG(16:0_18:1_18:2); TG(16:1_18:1_18:1); TG(18:0_18:2_18:2); TG(18:1_18:2_18:2)
SORBI_3008G061900	Uncharacterized protein						8	6572627	6573566	7.506041e-13	1	0.449027	8	TG(16:0_16:0_18:1); TG(16:0_16:0_20:1); TG(16:0_18:0_18:2); TG(16:0_18:1_18:1); TG(16:0_18:1_18:2); TG(16:1_18:1_18:1); TG(18:0_18:2_18:2); TG(18:1_18:2_18:2)
SORBI_3008G062000	Proteasome assembly chaperone 4	PROTEASOME ASSEMBLY CHAPERONE 4 (PTHR33559:SF1)	chaperone(PC00072)		proteasome assembly(GO:0043248)		8	6584034	6587200	7.506041e-13	1	0.575865	8	TG(16:0_16:0_18:1); TG(16:0_16:0_20:1); TG(16:0_18:0_18:2); TG(16:0_18:1_18:1); TG(16:0_18:1_18:2); TG(16:1_18:1_18:1); TG(18:0_18:2_18:2); TG(18:1_18:2_18:2)
SORBI_3008G062200	Dehydrogenase E1 component domain-containing protein	2-OXOISOVALERATE DEHYDROGENASE SUBUNIT ALPHA, MITOCHONDRIAL (PTHR43380:SF1)	dehydrogenase(PC00092)	branched-chain 2-oxo acid dehydrogenase activity(GO:0003863);oxidoreductase activity, acting on the aldehyde or oxo group of donors, disulfide as acceptor(GO:0016624)	branched-chain amino acid catabolic process(GO:0009083)	mitochondrial matrix(GO:0005759)	8	6609288	6612808	7.506041e-13	1	0.570146	8	TG(16:0_16:0_18:1); TG(16:0_16:0_20:1); TG(16:0_18:0_18:2); TG(16:0_18:1_18:1); TG(16:0_18:1_18:2); TG(16:1_18:1_18:1); TG(18:0_18:2_18:2); TG(18:1_18:2_18:2)
SORBI_3008G062300	3'(2'),5'-bisphosphate nucleotidase	OS12G0183200 PROTEIN (PTHR43200:SF7)	phosphatase(PC00181)	3'(2'),5'-bisphosphate nucleotidase activity(GO:0008441);inositol bisphosphate phosphatase activity(GO:0016312);phosphoric ester hydrolase activity(GO:0042578);metal ion binding(GO:0046872)	sulfate assimilation(GO:0000103);sulfur compound metabolic process(GO:0006790);inositol phosphate metabolic process(GO:0043647);phosphatidylinositol phosphate biosynthetic process(GO:0046854)		8	6613465	6616606	7.506041e-13	1	0.582237	8	TG(16:0_16:0_18:1); TG(16:0_16:0_20:1); TG(16:0_18:0_18:2); TG(16:0_18:1_18:1); TG(16:0_18:1_18:2); TG(16:1_18:1_18:1); TG(18:0_18:2_18:2); TG(18:1_18:2_18:2)
SORBI_3008G062400	3'(2'),5'-bisphosphate nucleotidase	3'(2'),5'-BISPHOSPHATE NUCLEOTIDASE (PTHR43200:SF6)	phosphatase(PC00181)	3'(2'),5'-bisphosphate nucleotidase activity(GO:0008441);inositol bisphosphate phosphatase activity(GO:0016312)	sulfate assimilation(GO:0000103);sulfur compound metabolic process(GO:0006790);phosphatidylinositol phosphate biosynthetic process(GO:0046854)		8	6631205	6635548	7.506041e-13	1	0.765872	8	TG(16:0_16:0_18:1); TG(16:0_16:0_20:1); TG(16:0_18:0_18:2); TG(16:0_18:1_18:1); TG(16:0_18:1_18:2); TG(16:1_18:1_18:1); TG(18:0_18:2_18:2); TG(18:1_18:2_18:2)
SORBI_3008G062500	Glycine cleavage system H protein	GLYCINE CLEAVAGE SYSTEM H PROTEIN 1, MITOCHONDRIAL-RELATED (PTHR11715:SF27)			glycine decarboxylation via glycine cleavage system(GO:0019464)	mitochondrion(GO:0005739);glycine cleavage complex(GO:0005960)	8	6640953	6642530	7.506041e-13	1	0.692006	8	TG(16:0_16:0_18:1); TG(16:0_16:0_20:1); TG(16:0_18:0_18:2); TG(16:0_18:1_18:1); TG(16:0_18:1_18:2); TG(16:1_18:1_18:1); TG(18:0_18:2_18:2); TG(18:1_18:2_18:2)
SORBI_3008G062700	Uncharacterized protein	EXPRESSED PROTEIN (PTHR34808:SF2)					8	6677991	6680787	7.506041e-13	1	0.812224	8	TG(16:0_16:0_18:1); TG(16:0_16:0_20:1); TG(16:0_18:0_18:2); TG(16:0_18:1_18:1); TG(16:0_18:1_18:2); TG(16:1_18:1_18:1); TG(18:0_18:2_18:2); TG(18:1_18:2_18:2)
SORBI_3008G062800	Uncharacterized protein						8	6705782	6706198	7.506041e-13	1	0.551499	8	TG(16:0_16:0_18:1); TG(16:0_16:0_20:1); TG(16:0_18:0_18:2); TG(16:0_18:1_18:1); TG(16:0_18:1_18:2); TG(16:1_18:1_18:1); TG(18:0_18:2_18:2); TG(18:1_18:2_18:2)
SORBI_3005G152200	Aminotransferase class I_classII domain-containing protein	TYROSINE AMINOTRANSFERASE (PTHR45744:SF11)	transaminase(PC00216)	catalytic activity(GO:0003824);transaminase activity(GO:0008483);pyridoxal phosphate binding(GO:0030170);nicotianamine:2-oxoglutarate transaminase activity(GO:0033855)	amino acid metabolic process(GO:0006520)		5	62304454	62308981	9.674947e-13	3	0.414155	10	TG(16:0_16:0_18:1); TG(16:0_16:0_20:1); TG(16:0_18:0_18:2); TG(16:0_18:1_18:1); TG(16:0_18:1_18:2); TG(16:0_18:1_20:0); TG(16:0_18:1_20:1); TG(16:0_18:1_20:2); TG(16:1_18:1_18:1); TG(18:0_18:2_18:2)
SORBI_3001G354800	Uncharacterized protein	TRANSMEMBRANE PROTEIN (PTHR35463:SF10)					1	64479317	64480755	1.182781e-12	2	0.591678	9	TG(16:0_16:0_18:1); TG(16:0_16:0_20:1); TG(16:0_18:0_18:2); TG(16:0_18:1_18:1); TG(16:0_18:1_20:0); TG(16:0_18:1_20:1); TG(16:0_18:1_20:2); TG(16:1_18:1_18:1); TG(18:0_18:2_18:2)
SORBI_3001G355000	Co-chaperone protein p23	CO-CHAPERONE PROTEIN P23 (PTHR22932:SF11)	chaperone(PC00072)	protein-folding chaperone binding(GO:0051087);Hsp90 protein binding(GO:0051879)	chaperone-mediated protein complex assembly(GO:0051131)	nucleus(GO:0005634);cytoplasm(GO:0005737);protein folding chaperone complex(GO:0101031)	1	64496327	64498701	1.182781e-12	2	0.591678	9	TG(16:0_16:0_18:1); TG(16:0_16:0_20:1); TG(16:0_18:0_18:2); TG(16:0_18:1_18:1); TG(16:0_18:1_20:0); TG(16:0_18:1_20:1); TG(16:0_18:1_20:2); TG(16:1_18:1_18:1); TG(18:0_18:2_18:2)
SORBI_3001G356300	Uncharacterized protein	SUBFAMILY NOT NAMED (PTHR33388:SF13)		DNA-binding transcription factor activity(GO:0003700)	regulation of DNA-templated transcription(GO:0006355)		1	64567098	64568300	1.182781e-12	2	0.635329	9	TG(16:0_16:0_18:1); TG(16:0_16:0_20:1); TG(16:0_18:0_18:2); TG(16:0_18:1_18:1); TG(16:0_18:1_20:0); TG(16:0_18:1_20:1); TG(16:0_18:1_20:2); TG(16:1_18:1_18:1); TG(18:0_18:2_18:2)
SORBI_3001G356500	RRM domain-containing protein	POLYPYRIMIDINE TRACT-BINDING PROTEIN HOMOLOG 1 (PTHR15592:SF14)	RNA processing factor(PC00147)	nucleic acid binding(GO:0003676);RNA binding(GO:0003723)			1	64574729	64580321	1.182781e-12	2	0.625855	9	TG(16:0_16:0_18:1); TG(16:0_16:0_20:1); TG(16:0_18:0_18:2); TG(16:0_18:1_18:1); TG(16:0_18:1_20:0); TG(16:0_18:1_20:1); TG(16:0_18:1_20:2); TG(16:1_18:1_18:1); TG(18:0_18:2_18:2)
SORBI_3001G356600	K Homology domain-containing protein	RNA-BINDING KH DOMAIN-CONTAINING PROTEIN (PTHR10288:SF243)	RNA metabolism protein(PC00031)	nucleic acid binding(GO:0003676);RNA binding(GO:0003723)	positive regulation of flower development(GO:0009911)	nucleus(GO:0005634)	1	64587598	64592903	1.182781e-12	2	0.516602	9	TG(16:0_16:0_18:1); TG(16:0_16:0_20:1); TG(16:0_18:0_18:2); TG(16:0_18:1_18:1); TG(16:0_18:1_20:0); TG(16:0_18:1_20:1); TG(16:0_18:1_20:2); TG(16:1_18:1_18:1); TG(18:0_18:2_18:2)
SORBI_3001G357200	RRM domain-containing protein	RRM DOMAIN-CONTAINING PROTEIN (PTHR48025:SF1)		nucleic acid binding(GO:0003676);RNA binding(GO:0003723);mRNA binding(GO:0003729);poly(U) RNA binding(GO:0008266)	response to cold(GO:0009409)	chloroplast(GO:0009507);plastid(GO:0009536)	1	64709044	64711235	1.182781e-12	2	0.768326	9	TG(16:0_16:0_18:1); TG(16:0_16:0_20:1); TG(16:0_18:0_18:2); TG(16:0_18:1_18:1); TG(16:0_18:1_20:0); TG(16:0_18:1_20:1); TG(16:0_18:1_20:2); TG(16:1_18:1_18:1); TG(18:0_18:2_18:2)
SORBI_3001G357300	Cystathionine gamma-synthase	CYSTATHIONINE GAMMA-SYNTHASE 1, CHLOROPLASTIC (PTHR43379:SF6)	lyase(PC00144)	catalytic activity(GO:0003824);cystathionine gamma-synthase activity(GO:0003962);pyridoxal phosphate binding(GO:0030170)	transsulfuration(GO:0019346)		1	64717133	64721941	1.182781e-12	2	0.855971	9	TG(16:0_16:0_18:1); TG(16:0_16:0_20:1); TG(16:0_18:0_18:2); TG(16:0_18:1_18:1); TG(16:0_18:1_20:0); TG(16:0_18:1_20:1); TG(16:0_18:1_20:2); TG(16:1_18:1_18:1); TG(18:0_18:2_18:2)
SORBI_3001G357400	GOLD domain-containing protein	TRANSMEMBRANE EMP24 DOMAIN-CONTAINING PROTEIN 10 (PTHR22811:SF184)	vesicle coat protein(PC00235)		endoplasmic reticulum to Golgi vesicle-mediated transport(GO:0006888);Golgi organization(GO:0007030)	endoplasmic reticulum-Golgi intermediate compartment(GO:0005793);membrane(GO:0016020)	1	64722404	64725213	1.182781e-12	2	0.855971	9	TG(16:0_16:0_18:1); TG(16:0_16:0_20:1); TG(16:0_18:0_18:2); TG(16:0_18:1_18:1); TG(16:0_18:1_20:0); TG(16:0_18:1_20:1); TG(16:0_18:1_20:2); TG(16:1_18:1_18:1); TG(18:0_18:2_18:2)
SORBI_3001G357500	Amino acid permease_ SLC12A domain-containing protein	CATIONIC AMINO ACID TRANSPORTER (PTHR45826:SF8)	transporter(PC00227)	polyamine transmembrane transporter activity(GO:0015203);transmembrane transporter activity(GO:0022857)	transmembrane transport(GO:0055085);polyamine transmembrane transport(GO:1902047)	plasma membrane(GO:0005886);membrane(GO:0016020)	1	64728850	64733201	1.182781e-12	2	1	9	TG(16:0_16:0_18:1); TG(16:0_16:0_20:1); TG(16:0_18:0_18:2); TG(16:0_18:1_18:1); TG(16:0_18:1_20:0); TG(16:0_18:1_20:1); TG(16:0_18:1_20:2); TG(16:1_18:1_18:1); TG(18:0_18:2_18:2)
SORBI_3001G357650	Helicase ATP-binding domain-containing protein			transmembrane transporter activity(GO:0022857)	transmembrane transport(GO:0055085)	plasma membrane(GO:0005886)	1	64735979	64737095	1.182781e-12	2	0.539569	9	TG(16:0_16:0_18:1); TG(16:0_16:0_20:1); TG(16:0_18:0_18:2); TG(16:0_18:1_18:1); TG(16:0_18:1_20:0); TG(16:0_18:1_20:1); TG(16:0_18:1_20:2); TG(16:1_18:1_18:1); TG(18:0_18:2_18:2)
SORBI_3001G357800	Amino acid permease_ SLC12A domain-containing protein	EXPRESSED PROTEIN (PTHR45826:SF22)	transporter(PC00227)	polyamine transmembrane transporter activity(GO:0015203);transmembrane transporter activity(GO:0022857)	transmembrane transport(GO:0055085);polyamine transmembrane transport(GO:1902047)	plasma membrane(GO:0005886);membrane(GO:0016020)	1	64756812	64762044	1.182781e-12	2	0.573141	9	TG(16:0_16:0_18:1); TG(16:0_16:0_20:1); TG(16:0_18:0_18:2); TG(16:0_18:1_18:1); TG(16:0_18:1_20:0); TG(16:0_18:1_20:1); TG(16:0_18:1_20:2); TG(16:1_18:1_18:1); TG(18:0_18:2_18:2)
SORBI_3001G357900	X8 domain-containing protein	GLUCAN ENDO-1,3-BETA-D-GLUCOSIDASE (PTHR32227:SF237)	glucosidase(PC00108)	hydrolase activity, hydrolyzing O-glycosyl compounds(GO:0004553)	carbohydrate metabolic process(GO:0005975)	plasma membrane(GO:0005886);membrane(GO:0016020)	1	64761772	64767463	1.182781e-12	2	0.458058	9	TG(16:0_16:0_18:1); TG(16:0_16:0_20:1); TG(16:0_18:0_18:2); TG(16:0_18:1_18:1); TG(16:0_18:1_20:0); TG(16:0_18:1_20:1); TG(16:0_18:1_20:2); TG(16:1_18:1_18:1); TG(18:0_18:2_18:2)
SORBI_3006G042425	CCHC-type domain-containing protein	OS11G0296500 PROTEIN (PTHR23002:SF89)	RNA metabolism protein(PC00031)	nucleic acid binding(GO:0003676);single-stranded RNA binding(GO:0003727);mRNA binding(GO:0003729);zinc ion binding(GO:0008270);translation regulator activity(GO:0045182)	positive regulation of cytoplasmic translation(GO:2000767)	cytoplasm(GO:0005737)	6	29507957	29511664	1.690112e-12	2	0.907985	9	TG(16:0_16:0_18:1); TG(16:0_16:0_20:1); TG(16:0_18:0_18:2); TG(16:0_18:1_18:1); TG(16:0_18:1_18:2); TG(16:0_18:1_20:0); TG(16:0_18:1_20:1); TG(16:1_18:1_18:1); TG(18:0_18:2_18:2)
SORBI_3006G042500	RING-type E3 ubiquitin transferase	RING-TYPE E3 UBIQUITIN TRANSFERASE (PTHR23315:SF82)	ubiquitin-protein ligase(PC00234)	ubiquitin-protein transferase activity(GO:0004842);ubiquitin protein ligase activity(GO:0061630)	protein ubiquitination(GO:0016567)		6	29537324	29539918	1.690112e-12	2	0.907985	9	TG(16:0_16:0_18:1); TG(16:0_16:0_20:1); TG(16:0_18:0_18:2); TG(16:0_18:1_18:1); TG(16:0_18:1_18:2); TG(16:0_18:1_20:0); TG(16:0_18:1_20:1); TG(16:1_18:1_18:1); TG(18:0_18:2_18:2)
SORBI_3006G042800	RRM domain-containing protein	OS04G0373100 PROTEIN (PTHR33527:SF6)					6	29564473	29565658	1.690112e-12	1	0.885685	9	TG(16:0_16:0_18:1); TG(16:0_16:0_20:1); TG(16:0_18:0_18:2); TG(16:0_18:1_18:1); TG(16:0_18:1_18:2); TG(16:0_18:1_20:0); TG(16:0_18:1_20:1); TG(16:1_18:1_18:1); TG(18:0_18:2_18:2)
SORBI_3006G042900	Protein FAR1-RELATED SEQUENCE	PROTEIN FAR1-RELATED SEQUENCE (PTHR31669:SF168)		zinc ion binding(GO:0008270)	regulation of DNA-templated transcription(GO:0006355)	nucleus(GO:0005634)	6	29565542	29569247	1.690112e-12	1	0.885685	9	TG(16:0_16:0_18:1); TG(16:0_16:0_20:1); TG(16:0_18:0_18:2); TG(16:0_18:1_18:1); TG(16:0_18:1_18:2); TG(16:0_18:1_20:0); TG(16:0_18:1_20:1); TG(16:1_18:1_18:1); TG(18:0_18:2_18:2)
SORBI_3006G043300	Uncharacterized protein						6	29628156	29629364	1.690112e-12	1	0.774861	9	TG(16:0_16:0_18:1); TG(16:0_16:0_20:1); TG(16:0_18:0_18:2); TG(16:0_18:1_18:1); TG(16:0_18:1_18:2); TG(16:0_18:1_20:0); TG(16:0_18:1_20:1); TG(16:1_18:1_18:1); TG(18:0_18:2_18:2)
SORBI_3006G043400	Secreted protein						6	29628159	29629105	1.690112e-12	1	0.774861	9	TG(16:0_16:0_18:1); TG(16:0_16:0_20:1); TG(16:0_18:0_18:2); TG(16:0_18:1_18:1); TG(16:0_18:1_18:2); TG(16:0_18:1_20:0); TG(16:0_18:1_20:1); TG(16:1_18:1_18:1); TG(18:0_18:2_18:2)
SORBI_3005G152250	Uncharacterized protein						5	62317209	62318593	2.471614e-12	2	0.474478	10	TG(16:0_16:0_18:1); TG(16:0_16:0_20:1); TG(16:0_18:0_18:2); TG(16:0_18:1_18:1); TG(16:0_18:1_18:2); TG(16:0_18:1_20:0); TG(16:0_18:1_20:1); TG(16:0_18:1_20:2); TG(16:1_18:1_18:1); TG(18:0_18:2_18:2)
SORBI_3001G206100	Wings apart-like protein C-terminal domain-containing protein	WINGS APART-LIKE PROTEIN HOMOLOG (PTHR22100:SF13)					1	18813072	18826471	2.556959e-12	4	1	11	TG(16:0_16:0_18:1); TG(16:0_16:0_20:1); TG(16:0_18:0_18:2); TG(16:0_18:1_18:1); TG(16:0_18:1_18:2); TG(16:0_18:1_20:0); TG(16:0_18:1_20:1); TG(16:0_18:1_20:2); TG(16:1_18:1_18:1); TG(18:0_18:2_18:2); TG(18:1_18:2_18:2)
SORBI_3005G115000	Yippee domain-containing protein	PROTEIN YIPPEE-LIKE (PTHR13848:SF88)	ubiquitin-protein ligase(PC00234)				5	45081003	45094666	3.219204e-12	1	0.966888	9	TG(16:0_16:0_18:1); TG(16:0_16:0_20:1); TG(16:0_18:0_18:2); TG(16:0_18:1_18:1); TG(16:0_18:1_18:2); TG(16:0_18:1_20:0); TG(16:0_18:1_20:1); TG(16:1_18:1_18:1); TG(18:0_18:2_18:2)
SORBI_3004G139700	Uncharacterized protein	OS02G0463500 PROTEIN (PTHR11802:SF236)	serine protease(PC00203)	serine-type carboxypeptidase activity(GO:0004185)	proteolysis(GO:0006508)		4	40223210	40247789	3.496251e-12	3	0.888606	1	TG(18:2_22:0_22:3)
SORBI_3004G139800	CCHC-type domain-containing protein						4	40248366	40250523	3.496251e-12	3	0.888606	1	TG(18:2_22:0_22:3)
SORBI_3004G139900	Clp R domain-containing protein	OS02G0464900 PROTEIN (PTHR43572:SF44)	chaperone(PC00072)	protein folding chaperone(GO:0044183)	protein folding(GO:0006457)		4	40568128	40571634	3.496251e-12	3	0.761807	1	TG(18:2_22:0_22:3)
SORBI_3004G140000	BHLH domain-containing protein	BHLH DOMAIN-CONTAINING PROTEIN (PTHR11514:SF103)		protein dimerization activity(GO:0046983)		nucleus(GO:0005634)	4	40614975	40619158	3.496251e-12	3	0.771443	1	TG(18:2_22:0_22:3)
SORBI_3009G111000	Pectinesterase	PECTINESTERASE (PTHR31707:SF12)	esterase(PC00097)	enzyme inhibitor activity(GO:0004857);pectinesterase activity(GO:0030599)	cell wall modification(GO:0042545);pectin catabolic process(GO:0045490)	extracellular region(GO:0005576)	9	44638293	44647142	3.69734e-12	1	0.705511	10	TG(16:0_16:0_18:1); TG(16:0_16:0_20:1); TG(16:0_18:0_18:2); TG(16:0_18:1_18:1); TG(16:0_18:1_18:2); TG(16:0_18:1_20:0); TG(16:0_18:1_20:1); TG(16:0_18:1_20:2); TG(16:1_18:1_18:1); TG(18:0_18:2_18:2)
SORBI_3009G111200	AP2_ERF domain-containing protein	OS05G0361700 PROTEIN (PTHR31190:SF487)		DNA binding(GO:0003677);DNA-binding transcription factor activity(GO:0003700)	regulation of DNA-templated transcription(GO:0006355);ethylene-activated signaling pathway(GO:0009873)	nucleus(GO:0005634)	9	44785084	44786853	3.69734e-12	1	0.437325	10	TG(16:0_16:0_18:1); TG(16:0_16:0_20:1); TG(16:0_18:0_18:2); TG(16:0_18:1_18:1); TG(16:0_18:1_18:2); TG(16:0_18:1_20:0); TG(16:0_18:1_20:1); TG(16:0_18:1_20:2); TG(16:1_18:1_18:1); TG(18:0_18:2_18:2)
SORBI_3009G111400	Uncharacterized protein	SUBFAMILY NOT NAMED (PTHR23309:SF35)	dehydrogenase(PC00092)	catalytic activity(GO:0003824);delta(3)-delta(2)-enoyl-CoA isomerase activity(GO:0004165);enoyl-CoA hydratase activity(GO:0004300);3-hydroxybutyryl-CoA epimerase activity(GO:0008692);oxidoreductase activity(GO:0016491);oxidoreductase activity, acting on the CH-OH group of donors, NAD or NADP as acceptor(GO:0016616);NAD+ binding(GO:0070403)	fatty acid metabolic process(GO:0006631);fatty acid beta-oxidation(GO:0006635)	peroxisome(GO:0005777)	9	44791313	44800404	3.69734e-12	1	0.439746	10	TG(16:0_16:0_18:1); TG(16:0_16:0_20:1); TG(16:0_18:0_18:2); TG(16:0_18:1_18:1); TG(16:0_18:1_18:2); TG(16:0_18:1_20:0); TG(16:0_18:1_20:1); TG(16:0_18:1_20:2); TG(16:1_18:1_18:1); TG(18:0_18:2_18:2)
SORBI_3006G039800	Morc S5 domain-containing protein	PROTEIN MICRORCHIDIA 7-LIKE (PTHR23336:SF80)		ATP hydrolysis activity(GO:0016887)	positive regulation of defense response(GO:0031349)	nucleus(GO:0005634)	6	19123733	19165312	4.630195e-12	1	0.97538	10	TG(16:0_16:0_18:1); TG(16:0_16:0_20:1); TG(16:0_18:0_18:2); TG(16:0_18:1_18:1); TG(16:0_18:1_18:2); TG(16:0_18:1_20:0); TG(16:0_18:1_20:1); TG(16:1_18:1_18:1); TG(18:0_18:2_18:2); TG(18:1_18:2_18:2)
SORBI_3006G039900	Uncharacterized protein						6	19154036	19155151	4.630195e-12	1	0.972391	10	TG(16:0_16:0_18:1); TG(16:0_16:0_20:1); TG(16:0_18:0_18:2); TG(16:0_18:1_18:1); TG(16:0_18:1_18:2); TG(16:0_18:1_20:0); TG(16:0_18:1_20:1); TG(16:1_18:1_18:1); TG(18:0_18:2_18:2); TG(18:1_18:2_18:2)
SORBI_3006G040000	Protein CMSS1	PROTEIN CMSS1 (PTHR24030:SF0)	RNA metabolism protein(PC00031)				6	19231953	19236362	4.630195e-12	1	0.966481	10	TG(16:0_16:0_18:1); TG(16:0_16:0_20:1); TG(16:0_18:0_18:2); TG(16:0_18:1_18:1); TG(16:0_18:1_18:2); TG(16:0_18:1_20:0); TG(16:0_18:1_20:1); TG(16:1_18:1_18:1); TG(18:0_18:2_18:2); TG(18:1_18:2_18:2)
SORBI_3006G040101	Uncharacterized protein	OS02G0583500 PROTEIN (PTHR33063:SF13)					6	19310258	19314726	4.630195e-12	1	0.930348	10	TG(16:0_16:0_18:1); TG(16:0_16:0_20:1); TG(16:0_18:0_18:2); TG(16:0_18:1_18:1); TG(16:0_18:1_18:2); TG(16:0_18:1_20:0); TG(16:0_18:1_20:1); TG(16:1_18:1_18:1); TG(18:0_18:2_18:2); TG(18:1_18:2_18:2)
SORBI_3001G254200	F-box domain-containing protein	F-BOX_KELCH-REPEAT PROTEIN SKIP11 (PTHR46122:SF24)	oxidase(PC00175)			nucleus(GO:0005634)	1	28465427	28472547	5.712934e-12	4	0.881346	10	TG(16:0_16:0_18:1); TG(16:0_16:0_20:1); TG(16:0_18:0_18:2); TG(16:0_18:1_18:1); TG(16:0_18:1_18:2); TG(16:0_18:1_20:0); TG(16:0_18:1_20:1); TG(16:0_18:1_20:2); TG(16:1_18:1_18:1); TG(18:0_18:2_18:2)
SORBI_3001G254300	Gfo_Idh_MocA-like oxidoreductase N-terminal domain-containing protein	OXIDOREDUCTASE (PTHR46368:SF9)		nucleotide binding(GO:0000166)			1	28472869	28475678	5.712934e-12	3	0.878997	9	TG(16:0_16:0_18:1); TG(16:0_16:0_20:1); TG(16:0_18:0_18:2); TG(16:0_18:1_18:1); TG(16:0_18:1_18:2); TG(16:0_18:1_20:0); TG(16:0_18:1_20:1); TG(16:1_18:1_18:1); TG(18:0_18:2_18:2)
SORBI_3001G254400	Gfo_Idh_MocA-like oxidoreductase N-terminal domain-containing protein	OS10G0403700 PROTEIN (PTHR46368:SF4)		nucleotide binding(GO:0000166)			1	28476069	28479416	5.712934e-12	3	0.870896	9	TG(16:0_16:0_18:1); TG(16:0_16:0_20:1); TG(16:0_18:0_18:2); TG(16:0_18:1_18:1); TG(16:0_18:1_18:2); TG(16:0_18:1_20:0); TG(16:0_18:1_20:1); TG(16:1_18:1_18:1); TG(18:0_18:2_18:2)
SORBI_3001G254600	Gfo_Idh_MocA-like oxidoreductase N-terminal domain-containing protein	OS10G0403700 PROTEIN (PTHR46368:SF4)		nucleotide binding(GO:0000166)			1	28667176	28671871	5.712934e-12	3	0.873838	9	TG(16:0_16:0_18:1); TG(16:0_16:0_20:1); TG(16:0_18:0_18:2); TG(16:0_18:1_18:1); TG(16:0_18:1_18:2); TG(16:0_18:1_20:0); TG(16:0_18:1_20:1); TG(16:1_18:1_18:1); TG(18:0_18:2_18:2)
SORBI_3001G254700	Uncharacterized protein	TPD1 PROTEIN HOMOLOG 1B (PTHR33184:SF75)					1	28682631	28683824	5.712934e-12	3	0.847266	9	TG(16:0_16:0_18:1); TG(16:0_16:0_20:1); TG(16:0_18:0_18:2); TG(16:0_18:1_18:1); TG(16:0_18:1_18:2); TG(16:0_18:1_20:0); TG(16:0_18:1_20:1); TG(16:1_18:1_18:1); TG(18:0_18:2_18:2)
SORBI_3006G048925	CCHC-type domain-containing protein	OS11G0296500 PROTEIN (PTHR23002:SF89)	RNA metabolism protein(PC00031)	nucleic acid binding(GO:0003676);single-stranded RNA binding(GO:0003727);mRNA binding(GO:0003729);zinc ion binding(GO:0008270);translation regulator activity(GO:0045182)	positive regulation of cytoplasmic translation(GO:2000767)	cytoplasm(GO:0005737)	6	35635177	35637075	5.869617e-12	2	0.62745	9	TG(16:0_16:0_18:1); TG(16:0_16:0_20:1); TG(16:0_18:0_18:2); TG(16:0_18:1_18:1); TG(16:0_18:1_18:2); TG(16:0_18:1_20:0); TG(16:0_18:1_20:1); TG(16:1_18:1_18:1); TG(18:0_18:2_18:2)
SORBI_3006G049000	Btz domain-containing protein						6	35660502	35661343	5.869617e-12	2	0.696129	9	TG(16:0_16:0_18:1); TG(16:0_16:0_20:1); TG(16:0_18:0_18:2); TG(16:0_18:1_18:1); TG(16:0_18:1_18:2); TG(16:0_18:1_20:0); TG(16:0_18:1_20:1); TG(16:1_18:1_18:1); TG(18:0_18:2_18:2)
SORBI_3006G049100	Uncharacterized protein	RNA-DIRECTED DNA POLYMERASE (REVERSE TRANSCRIPTASE)-RELATED FAMILY PROTEIN (PTHR36037:SF1)	reverse transcriptase(PC00200)				6	35664153	35678118	5.869617e-12	2	0.696129	9	TG(16:0_16:0_18:1); TG(16:0_16:0_20:1); TG(16:0_18:0_18:2); TG(16:0_18:1_18:1); TG(16:0_18:1_18:2); TG(16:0_18:1_20:0); TG(16:0_18:1_20:1); TG(16:1_18:1_18:1); TG(18:0_18:2_18:2)
SORBI_3006G049200	VDE lipocalin domain-containing protein	VIOLAXANTHIN DE-EPOXIDASE, CHLOROPLASTIC (PTHR33970:SF1)		violaxanthin de-epoxidase activity(GO:0046422)	xanthophyll cycle(GO:0010028)		6	35678162	35684996	5.869617e-12	2	0.691585	9	TG(16:0_16:0_18:1); TG(16:0_16:0_20:1); TG(16:0_18:0_18:2); TG(16:0_18:1_18:1); TG(16:0_18:1_18:2); TG(16:0_18:1_20:0); TG(16:0_18:1_20:1); TG(16:1_18:1_18:1); TG(18:0_18:2_18:2)
SORBI_3006G049300	RIN4 pathogenic type III effector avirulence factor Avr cleavage site domain-containing protein	OS04G0379600 PROTEIN (PTHR33159:SF101)					6	35685438	35689801	5.869617e-12	3	0.85873	9	TG(16:0_16:0_18:1); TG(16:0_16:0_20:1); TG(16:0_18:0_18:2); TG(16:0_18:1_18:1); TG(16:0_18:1_18:2); TG(16:0_18:1_20:0); TG(16:0_18:1_20:1); TG(16:1_18:1_18:1); TG(18:0_18:2_18:2)
SORBI_3006G049450	CCHC-type domain-containing protein	OS11G0296500 PROTEIN (PTHR23002:SF89)	RNA metabolism protein(PC00031)	nucleic acid binding(GO:0003676);single-stranded RNA binding(GO:0003727);mRNA binding(GO:0003729);zinc ion binding(GO:0008270);translation regulator activity(GO:0045182)	positive regulation of cytoplasmic translation(GO:2000767)	cytoplasm(GO:0005737)	6	35705198	35707195	5.869617e-12	3	0.694671	9	TG(16:0_16:0_18:1); TG(16:0_16:0_20:1); TG(16:0_18:0_18:2); TG(16:0_18:1_18:1); TG(16:0_18:1_18:2); TG(16:0_18:1_20:0); TG(16:0_18:1_20:1); TG(16:1_18:1_18:1); TG(18:0_18:2_18:2)
SORBI_3002G039500	Adenylate kinase	OS07G0160300 PROTEIN (PTHR37807:SF3)					2	3850982	3852279	7.587135e-12	7	0.557289	10	TG(16:0_16:0_18:1); TG(16:0_16:0_20:1); TG(16:0_18:0_18:2); TG(16:0_18:1_18:1); TG(16:0_18:1_18:2); TG(16:0_18:1_20:0); TG(16:0_18:1_20:1); TG(16:0_18:1_20:2); TG(16:1_18:1_18:1); TG(18:0_18:2_18:2)
SORBI_3002G039600	FHA domain-containing protein	CST COMPLEX SUBUNIT TEN1 (PTHR33905:SF1)		single-stranded DNA binding(GO:0003697);telomeric repeat DNA binding(GO:0042162)	negative regulation of telomere maintenance via telomerase(GO:0032211)	CST complex(GO:1990879)	2	3853100	3856222	7.587135e-12	7	0.557289	10	TG(16:0_16:0_18:1); TG(16:0_16:0_20:1); TG(16:0_18:0_18:2); TG(16:0_18:1_18:1); TG(16:0_18:1_18:2); TG(16:0_18:1_20:0); TG(16:0_18:1_20:1); TG(16:0_18:1_20:2); TG(16:1_18:1_18:1); TG(18:0_18:2_18:2)
SORBI_3002G039700	FAS1 domain-containing protein	OS07G0160600 PROTEIN (PTHR32499:SF20)				extracellular region(GO:0005576)	2	3857146	3859446	7.587135e-12	7	0.55714	10	TG(16:0_16:0_18:1); TG(16:0_16:0_20:1); TG(16:0_18:0_18:2); TG(16:0_18:1_18:1); TG(16:0_18:1_18:2); TG(16:0_18:1_20:0); TG(16:0_18:1_20:1); TG(16:0_18:1_20:2); TG(16:1_18:1_18:1); TG(18:0_18:2_18:2)
SORBI_3002G039800	Zinc finger PHD-type domain-containing protein	PROTEIN ENHANCED DOWNY MILDEW 2 (PTHR46235:SF18)				nucleus(GO:0005634)	2	3856811	3874448	7.587135e-12	7	0.557215	10	TG(16:0_16:0_18:1); TG(16:0_16:0_20:1); TG(16:0_18:0_18:2); TG(16:0_18:1_18:1); TG(16:0_18:1_18:2); TG(16:0_18:1_20:0); TG(16:0_18:1_20:1); TG(16:0_18:1_20:2); TG(16:1_18:1_18:1); TG(18:0_18:2_18:2)
SORBI_3002G039900	LOB domain-containing protein	DOMAIN PROTEIN 12, PUTATIVE, EXPRESSED-RELATED (PTHR31301:SF116)					2	3877146	3881102	7.587135e-12	7	0.553921	10	TG(16:0_16:0_18:1); TG(16:0_16:0_20:1); TG(16:0_18:0_18:2); TG(16:0_18:1_18:1); TG(16:0_18:1_18:2); TG(16:0_18:1_20:0); TG(16:0_18:1_20:1); TG(16:0_18:1_20:2); TG(16:1_18:1_18:1); TG(18:0_18:2_18:2)
SORBI_3002G041100	Aminotransferase class I_classII domain-containing protein	NICOTIANAMINE AMINOTRANSFERASE 1 (PTHR45744:SF5)	transaminase(PC00216)	transaminase activity(GO:0008483);pyridoxal phosphate binding(GO:0030170);nicotianamine:2-oxoglutarate transaminase activity(GO:0033855)	amino acid metabolic process(GO:0006520)		2	3955784	3960460	7.587135e-12	7	0.924251	10	TG(16:0_16:0_18:1); TG(16:0_16:0_20:1); TG(16:0_18:0_18:2); TG(16:0_18:1_18:1); TG(16:0_18:1_18:2); TG(16:0_18:1_20:0); TG(16:0_18:1_20:1); TG(16:0_18:1_20:2); TG(16:1_18:1_18:1); TG(18:0_18:2_18:2)
SORBI_3002G041150	Uncharacterized protein						2	3962607	3967098	7.587135e-12	7	0.934544	10	TG(16:0_16:0_18:1); TG(16:0_16:0_20:1); TG(16:0_18:0_18:2); TG(16:0_18:1_18:1); TG(16:0_18:1_18:2); TG(16:0_18:1_20:0); TG(16:0_18:1_20:1); TG(16:0_18:1_20:2); TG(16:1_18:1_18:1); TG(18:0_18:2_18:2)
SORBI_3002G041200	Aminotransferase class I_classII domain-containing protein	NICOTIANAMINE AMINOTRANSFERASE 1 (PTHR45744:SF5)	transaminase(PC00216)	transaminase activity(GO:0008483);pyridoxal phosphate binding(GO:0030170);nicotianamine:2-oxoglutarate transaminase activity(GO:0033855)	amino acid metabolic process(GO:0006520)		2	3970369	3975815	7.587135e-12	7	1	10	TG(16:0_16:0_18:1); TG(16:0_16:0_20:1); TG(16:0_18:0_18:2); TG(16:0_18:1_18:1); TG(16:0_18:1_18:2); TG(16:0_18:1_20:0); TG(16:0_18:1_20:1); TG(16:0_18:1_20:2); TG(16:1_18:1_18:1); TG(18:0_18:2_18:2)
SORBI_3002G041366	Uncharacterized protein						2	3981692	3983533	7.587135e-12	7	1	10	TG(16:0_16:0_18:1); TG(16:0_16:0_20:1); TG(16:0_18:0_18:2); TG(16:0_18:1_18:1); TG(16:0_18:1_18:2); TG(16:0_18:1_20:0); TG(16:0_18:1_20:1); TG(16:0_18:1_20:2); TG(16:1_18:1_18:1); TG(18:0_18:2_18:2)
SORBI_3002G041400	Uncharacterized protein	SUBFAMILY NOT NAMED (PTHR33704:SF5)			regulation of cellular response to heat(GO:1900034)		2	3982568	3988803	7.587135e-12	7	1	10	TG(16:0_16:0_18:1); TG(16:0_16:0_20:1); TG(16:0_18:0_18:2); TG(16:0_18:1_18:1); TG(16:0_18:1_18:2); TG(16:0_18:1_20:0); TG(16:0_18:1_20:1); TG(16:0_18:1_20:2); TG(16:1_18:1_18:1); TG(18:0_18:2_18:2)
SORBI_3002G041533	Alpha_beta hydrolase fold-3 domain-containing protein	OS07G0162400 PROTEIN (PTHR23024:SF442)	deacetylase(PC00087)	hydrolase activity(GO:0016787)			2	3989032	3991027	7.587135e-12	7	0.971342	10	TG(16:0_16:0_18:1); TG(16:0_16:0_20:1); TG(16:0_18:0_18:2); TG(16:0_18:1_18:1); TG(16:0_18:1_18:2); TG(16:0_18:1_20:0); TG(16:0_18:1_20:1); TG(16:0_18:1_20:2); TG(16:1_18:1_18:1); TG(18:0_18:2_18:2)
SORBI_3002G041666	Uncharacterized protein						2	3994087	3999160	7.587135e-12	7	0.830362	10	TG(16:0_16:0_18:1); TG(16:0_16:0_20:1); TG(16:0_18:0_18:2); TG(16:0_18:1_18:1); TG(16:0_18:1_18:2); TG(16:0_18:1_20:0); TG(16:0_18:1_20:1); TG(16:0_18:1_20:2); TG(16:1_18:1_18:1); TG(18:0_18:2_18:2)
SORBI_3002G041800	Alpha_beta hydrolase fold-3 domain-containing protein	ALPHA_BETA HYDROLASE FOLD-3 DOMAIN-CONTAINING PROTEIN (PTHR23024:SF657)	deacetylase(PC00087)	hydrolase activity(GO:0016787)			2	4000333	4002838	7.587135e-12	7	0.758622	10	TG(16:0_16:0_18:1); TG(16:0_16:0_20:1); TG(16:0_18:0_18:2); TG(16:0_18:1_18:1); TG(16:0_18:1_18:2); TG(16:0_18:1_20:0); TG(16:0_18:1_20:1); TG(16:0_18:1_20:2); TG(16:1_18:1_18:1); TG(18:0_18:2_18:2)
SORBI_3002G041900	Uncharacterized protein	PHENOLIC GLUCOSIDE MALONYLTRANSFERASE 2 (PTHR31625:SF84)		acyltransferase activity, transferring groups other than amino-acyl groups(GO:0016747)			2	4004226	4007688	7.587135e-12	7	0.758189	10	TG(16:0_16:0_18:1); TG(16:0_16:0_20:1); TG(16:0_18:0_18:2); TG(16:0_18:1_18:1); TG(16:0_18:1_18:2); TG(16:0_18:1_20:0); TG(16:0_18:1_20:1); TG(16:0_18:1_20:2); TG(16:1_18:1_18:1); TG(18:0_18:2_18:2)
SORBI_3002G042000	Alpha_beta hydrolase fold-3 domain-containing protein	ALPHA_BETA HYDROLASE FOLD-3 DOMAIN-CONTAINING PROTEIN (PTHR23024:SF613)	deacetylase(PC00087)	hydrolase activity(GO:0016787)			2	4013936	4015739	7.587135e-12	7	0.473575	10	TG(16:0_16:0_18:1); TG(16:0_16:0_20:1); TG(16:0_18:0_18:2); TG(16:0_18:1_18:1); TG(16:0_18:1_18:2); TG(16:0_18:1_20:0); TG(16:0_18:1_20:1); TG(16:0_18:1_20:2); TG(16:1_18:1_18:1); TG(18:0_18:2_18:2)
SORBI_3002G042300	Alpha_beta hydrolase fold-3 domain-containing protein	OS07G0162900 PROTEIN (PTHR23024:SF535)	deacetylase(PC00087)	hydrolase activity(GO:0016787)			2	4036817	4039168	7.587135e-12	7	0.646002	10	TG(16:0_16:0_18:1); TG(16:0_16:0_20:1); TG(16:0_18:0_18:2); TG(16:0_18:1_18:1); TG(16:0_18:1_18:2); TG(16:0_18:1_20:0); TG(16:0_18:1_20:1); TG(16:0_18:1_20:2); TG(16:1_18:1_18:1); TG(18:0_18:2_18:2)
SORBI_3002G042400	FAD-binding PCMH-type domain-containing protein	D-LACTATE DEHYDROGENASE, MITOCHONDRIAL-RELATED (PTHR11748:SF111)	dehydrogenase(PC00092)	catalytic activity(GO:0003824);oxidoreductase activity(GO:0016491);flavin adenine dinucleotide binding(GO:0050660);FAD binding(GO:0071949)	lactate catabolic process(GO:1903457)	mitochondrion(GO:0005739)	2	4039751	4046140	7.587135e-12	7	0.62727	10	TG(16:0_16:0_18:1); TG(16:0_16:0_20:1); TG(16:0_18:0_18:2); TG(16:0_18:1_18:1); TG(16:0_18:1_18:2); TG(16:0_18:1_20:0); TG(16:0_18:1_20:1); TG(16:0_18:1_20:2); TG(16:1_18:1_18:1); TG(18:0_18:2_18:2)
SORBI_3002G042500	valine--tRNA ligase	VALINE--TRNA LIGASE, CHLOROPLASTIC_MITOCHONDRIAL 2 (PTHR11946:SF93)	aminoacyl-tRNA synthetase(PC00047)	nucleotide binding(GO:0000166);aminoacyl-tRNA deacylase activity(GO:0002161);aminoacyl-tRNA ligase activity(GO:0004812);valine-tRNA ligase activity(GO:0004832);ATP binding(GO:0005524)	tRNA aminoacylation for protein translation(GO:0006418);valyl-tRNA aminoacylation(GO:0006438);post-embryonic development(GO:0009791);reproductive structure development(GO:0048608);aminoacyl-tRNA metabolism involved in translational fidelity(GO:0106074)	cytoplasm(GO:0005737);cytosol(GO:0005829)	2	4051400	4065460	7.587135e-12	7	0.683589	10	TG(16:0_16:0_18:1); TG(16:0_16:0_20:1); TG(16:0_18:0_18:2); TG(16:0_18:1_18:1); TG(16:0_18:1_18:2); TG(16:0_18:1_20:0); TG(16:0_18:1_20:1); TG(16:0_18:1_20:2); TG(16:1_18:1_18:1); TG(18:0_18:2_18:2)
SORBI_3002G042600	ubiquitinyl hydrolase 1	UBIQUITIN CARBOXYL-TERMINAL HYDROLASE 7 (PTHR24006:SF644)	cysteine protease(PC00081)	cysteine-type deubiquitinase activity(GO:0004843)	jasmonic acid mediated signaling pathway(GO:0009867);maintenance of root meristem identity(GO:0010078);protein deubiquitination(GO:0016579);regulation of protein stability(GO:0031647);regulation of root development(GO:2000280)	nucleus(GO:0005634);cytoplasm(GO:0005737)	2	4066083	4081970	7.587135e-12	7	0.683589	10	TG(16:0_16:0_18:1); TG(16:0_16:0_20:1); TG(16:0_18:0_18:2); TG(16:0_18:1_18:1); TG(16:0_18:1_18:2); TG(16:0_18:1_20:0); TG(16:0_18:1_20:1); TG(16:0_18:1_20:2); TG(16:1_18:1_18:1); TG(18:0_18:2_18:2)
SORBI_3002G042800	Uncharacterized protein						2	4084977	4087738	7.587135e-12	7	0.668475	10	TG(16:0_16:0_18:1); TG(16:0_16:0_20:1); TG(16:0_18:0_18:2); TG(16:0_18:1_18:1); TG(16:0_18:1_18:2); TG(16:0_18:1_20:0); TG(16:0_18:1_20:1); TG(16:0_18:1_20:2); TG(16:1_18:1_18:1); TG(18:0_18:2_18:2)
SORBI_3002G043000	Small RNA 2'-O-methyltransferase	SMALL RNA 2'-O-METHYLTRANSFERASE (PTHR21404:SF3)		O-methyltransferase activity(GO:0008171);RNA methyltransferase activity(GO:0008173);small RNA 2'-O-ribose methyltransferase activity(GO:0090486)	RNA metabolic process(GO:0016070);piRNA processing(GO:0034587)		2	4097276	4102428	7.587135e-12	7	0.668475	10	TG(16:0_16:0_18:1); TG(16:0_16:0_20:1); TG(16:0_18:0_18:2); TG(16:0_18:1_18:1); TG(16:0_18:1_18:2); TG(16:0_18:1_20:0); TG(16:0_18:1_20:1); TG(16:0_18:1_20:2); TG(16:1_18:1_18:1); TG(18:0_18:2_18:2)
SORBI_3002G043100	Histone deacetylase domain-containing protein	HISTONE DEACETYLASE (PTHR10625:SF5)		histone deacetylase activity(GO:0004407);histone deacetylase activity, hydrolytic mechanism(GO:0141221)	chromatin remodeling(GO:0006338);regulation of gene expression(GO:0010468)	nucleus(GO:0005634);cytoplasm(GO:0005737)	2	4102704	4114852	7.587135e-12	7	0.681058	10	TG(16:0_16:0_18:1); TG(16:0_16:0_20:1); TG(16:0_18:0_18:2); TG(16:0_18:1_18:1); TG(16:0_18:1_18:2); TG(16:0_18:1_20:0); TG(16:0_18:1_20:1); TG(16:0_18:1_20:2); TG(16:1_18:1_18:1); TG(18:0_18:2_18:2)
SORBI_3002G043201	Uncharacterized protein						2	4116321	4117545	7.587135e-12	7	0.645928	10	TG(16:0_16:0_18:1); TG(16:0_16:0_20:1); TG(16:0_18:0_18:2); TG(16:0_18:1_18:1); TG(16:0_18:1_18:2); TG(16:0_18:1_20:0); TG(16:0_18:1_20:1); TG(16:0_18:1_20:2); TG(16:1_18:1_18:1); TG(18:0_18:2_18:2)
SORBI_3002G043300	t-SNARE coiled-coil homology domain-containing protein	PROTEIN SSO1-RELATED (PTHR19957:SF307)	SNARE protein(PC00034)	SNARE binding(GO:0000149);SNAP receptor activity(GO:0005484)	intracellular protein transport(GO:0006886);exocytosis(GO:0006887);vesicle-mediated transport(GO:0016192);vesicle docking(GO:0048278);membrane fusion(GO:0061025)	plasma membrane(GO:0005886);membrane(GO:0016020)	2	4118297	4122803	7.587135e-12	7	0.635005	10	TG(16:0_16:0_18:1); TG(16:0_16:0_20:1); TG(16:0_18:0_18:2); TG(16:0_18:1_18:1); TG(16:0_18:1_18:2); TG(16:0_18:1_20:0); TG(16:0_18:1_20:1); TG(16:0_18:1_20:2); TG(16:1_18:1_18:1); TG(18:0_18:2_18:2)
SORBI_3002G043500	Aldehyde oxidase	ALDEHYDE OXIDASE 1-RELATED (PTHR11908:SF132)	oxidoreductase(PC00176)	iron ion binding(GO:0005506);oxidoreductase activity(GO:0016491);metal ion binding(GO:0046872);flavin adenine dinucleotide binding(GO:0050660);iron-sulfur cluster binding(GO:0051536);2 iron, 2 sulfur cluster binding(GO:0051537);FAD binding(GO:0071949)			2	4129557	4136918	7.587135e-12	7	0.646002	10	TG(16:0_16:0_18:1); TG(16:0_16:0_20:1); TG(16:0_18:0_18:2); TG(16:0_18:1_18:1); TG(16:0_18:1_18:2); TG(16:0_18:1_20:0); TG(16:0_18:1_20:1); TG(16:0_18:1_20:2); TG(16:1_18:1_18:1); TG(18:0_18:2_18:2)
SORBI_3002G043700	C2 domain-containing protein	MULTIPLE C2 DOMAIN AND TRANSMEMBRANE REGION PROTEIN 16 (PTHR31425:SF35)	transferase(PC00220)		regulation of signal transduction(GO:0009966)	membrane(GO:0016020)	2	4147149	4150406	7.587135e-12	7	0.567122	10	TG(16:0_16:0_18:1); TG(16:0_16:0_20:1); TG(16:0_18:0_18:2); TG(16:0_18:1_18:1); TG(16:0_18:1_18:2); TG(16:0_18:1_20:0); TG(16:0_18:1_20:1); TG(16:0_18:1_20:2); TG(16:1_18:1_18:1); TG(18:0_18:2_18:2)
SORBI_3002G043800	Uncharacterized protein	INHIBITOR OF BRUTON TYROSINE KINASE (PTHR22872:SF2)					2	4156161	4163557	7.587135e-12	6	0.448752	10	TG(16:0_16:0_18:1); TG(16:0_16:0_20:1); TG(16:0_18:0_18:2); TG(16:0_18:1_18:1); TG(16:0_18:1_18:2); TG(16:0_18:1_20:0); TG(16:0_18:1_20:1); TG(16:0_18:1_20:2); TG(16:1_18:1_18:1); TG(18:0_18:2_18:2)
SORBI_3002G044000	Eukaryotic translation initiation factor 3 subunit I	EUKARYOTIC TRANSLATION INITIATION FACTOR 3 SUBUNIT I (PTHR19877:SF1)	translation initiation factor(PC00224)	RNA binding(GO:0003723);translation initiation factor activity(GO:0003743)	formation of cytoplasmic translation initiation complex(GO:0001732);cytoplasmic translational initiation(GO:0002183)	cytoplasm(GO:0005737);eukaryotic translation initiation factor 3 complex(GO:0005852);eukaryotic 43S preinitiation complex(GO:0016282);eukaryotic 48S preinitiation complex(GO:0033290);eukaryotic translation initiation factor 3 complex, eIF3m(GO:0071541)	2	4174779	4178089	7.587135e-12	7	0.735475	10	TG(16:0_16:0_18:1); TG(16:0_16:0_20:1); TG(16:0_18:0_18:2); TG(16:0_18:1_18:1); TG(16:0_18:1_18:2); TG(16:0_18:1_20:0); TG(16:0_18:1_20:1); TG(16:0_18:1_20:2); TG(16:1_18:1_18:1); TG(18:0_18:2_18:2)
SORBI_3002G044100	Phytocyanin domain-containing protein (Fragment)	OS07G0165900 PROTEIN (PTHR33021:SF557)		electron transfer activity(GO:0009055)	response to symbiotic fungus(GO:0009610)	membrane(GO:0016020)	2	4192934	4193775	7.587135e-12	7	0.717286	10	TG(16:0_16:0_18:1); TG(16:0_16:0_20:1); TG(16:0_18:0_18:2); TG(16:0_18:1_18:1); TG(16:0_18:1_18:2); TG(16:0_18:1_20:0); TG(16:0_18:1_20:1); TG(16:0_18:1_20:2); TG(16:1_18:1_18:1); TG(18:0_18:2_18:2)
SORBI_3002G044200	Flavonoid 3'-monooxygenase	FLAVONOID 3-MONOOXYGENASE (PTHR47944:SF9)	oxygenase(PC00177)	monooxygenase activity(GO:0004497);iron ion binding(GO:0005506);oxidoreductase activity, acting on paired donors, with incorporation or reduction of molecular oxygen(GO:0016705);heme binding(GO:0020037)			2	4200043	4201969	7.587135e-12	7	0.710335	10	TG(16:0_16:0_18:1); TG(16:0_16:0_20:1); TG(16:0_18:0_18:2); TG(16:0_18:1_18:1); TG(16:0_18:1_18:2); TG(16:0_18:1_20:0); TG(16:0_18:1_20:1); TG(16:0_18:1_20:2); TG(16:1_18:1_18:1); TG(18:0_18:2_18:2)
SORBI_3002G044700	Uncharacterized protein	BENZOATE O-METHYLTRANSFERASE (PTHR31009:SF67)	methyltransferase(PC00155)	methyltransferase activity(GO:0008168)			2	4224615	4227704	7.587135e-12	6	0.644252	10	TG(16:0_16:0_18:1); TG(16:0_16:0_20:1); TG(16:0_18:0_18:2); TG(16:0_18:1_18:1); TG(16:0_18:1_18:2); TG(16:0_18:1_20:0); TG(16:0_18:1_20:1); TG(16:0_18:1_20:2); TG(16:1_18:1_18:1); TG(18:0_18:2_18:2)
SORBI_3002G044800	Uncharacterized protein	BENZOATE O-METHYLTRANSFERASE (PTHR31009:SF67)	methyltransferase(PC00155)	methyltransferase activity(GO:0008168)			2	4228032	4230416	7.587135e-12	6	0.651019	10	TG(16:0_16:0_18:1); TG(16:0_16:0_20:1); TG(16:0_18:0_18:2); TG(16:0_18:1_18:1); TG(16:0_18:1_18:2); TG(16:0_18:1_20:0); TG(16:0_18:1_20:1); TG(16:0_18:1_20:2); TG(16:1_18:1_18:1); TG(18:0_18:2_18:2)
SORBI_3004G134801	Uncharacterized protein						4	25696224	25706272	7.769472e-12	1	0.952122	9	TG(16:0_16:0_18:1); TG(16:0_16:0_20:1); TG(16:0_18:0_18:2); TG(16:0_18:1_18:1); TG(16:0_18:1_18:2); TG(16:0_18:1_20:0); TG(16:0_18:1_20:1); TG(16:1_18:1_18:1); TG(18:0_18:2_18:2)
SORBI_3004G134900	Uncharacterized protein						4	25798505	25813769	7.769472e-12	1	0.95206	11	TG(16:0_16:0_18:1); TG(16:0_16:0_20:1); TG(16:0_18:0_18:2); TG(16:0_18:1_18:1); TG(16:0_18:1_18:2); TG(16:0_18:1_20:0); TG(16:0_18:1_20:1); TG(16:1_18:1_18:1); TG(18:0_18:2_18:2); TG(18:1_20:1_22:1); TG(18:2_22:0_22:3)
SORBI_3008G090200	Uncharacterized protein						8	34403627	34405325	9.794962e-12	1	0.937143	8	TG(16:0_16:0_18:1); TG(16:0_16:0_20:1); TG(16:0_18:0_18:2); TG(16:0_18:1_18:1); TG(16:0_18:1_20:0); TG(16:0_18:1_20:1); TG(16:1_18:1_18:1); TG(18:0_18:2_18:2)
SORBI_3007G110400	Uncharacterized protein						7	40023121	40024668	1.182775e-11	2	0.95867	8	TG(16:0_16:0_18:1); TG(16:0_16:0_20:1); TG(16:0_18:0_18:2); TG(16:0_18:1_18:1); TG(16:0_18:1_20:0); TG(16:0_18:1_20:1); TG(16:1_18:1_18:1); TG(18:0_18:2_18:2)
SORBI_3007G110500	Uncharacterized protein	60S RIBOSOMAL PROTEIN L44 (PTHR10369:SF47)	ribosomal protein(PC00202)	structural constituent of ribosome(GO:0003735)	cytoplasmic translation(GO:0002181);translation(GO:0006412)	ribosome(GO:0005840);cytosolic large ribosomal subunit(GO:0022625)	7	40048100	40050362	1.182775e-11	2	0.89362	8	TG(16:0_16:0_18:1); TG(16:0_16:0_20:1); TG(16:0_18:0_18:2); TG(16:0_18:1_18:1); TG(16:0_18:1_20:0); TG(16:0_18:1_20:1); TG(16:1_18:1_18:1); TG(18:0_18:2_18:2)
SORBI_3007G110700	Protein kinase domain-containing protein	SERINE_THREONINE-PROTEIN KINASE PRP4 HOMOLOG (PTHR24058:SF103)	protein modifying enzyme(PC00260)	protein kinase activity(GO:0004672);protein serine/threonine kinase activity(GO:0004674);ATP binding(GO:0005524)			7	40118882	40125890	1.182775e-11	2	0.95867	8	TG(16:0_16:0_18:1); TG(16:0_16:0_20:1); TG(16:0_18:0_18:2); TG(16:0_18:1_18:1); TG(16:0_18:1_20:0); TG(16:0_18:1_20:1); TG(16:1_18:1_18:1); TG(18:0_18:2_18:2)
SORBI_3007G099400	O-methyltransferase domain-containing protein	OS08G0290700 PROTEIN (PTHR11746:SF231)	methyltransferase(PC00155)	methyltransferase activity(GO:0008168);O-methyltransferase activity(GO:0008171);S-adenosylmethionine-dependent methyltransferase activity(GO:0008757);protein dimerization activity(GO:0046983)	methylation(GO:0032259)		7	22819013	22820415	1.438554e-11	1	0.870624	2	TG(18:1_20:1_22:1); TG(18:2_22:0_22:3)
SORBI_3007G099500	GRF-type domain-containing protein	OS12G0467600 PROTEIN (PTHR48130:SF11)		zinc ion binding(GO:0008270)			7	23108126	23110098	1.438554e-11	1	0.855365	2	TG(18:1_20:1_22:1); TG(18:2_22:0_22:3)
SORBI_3008G103500	Uncharacterized protein	MADS-BOX TRANSCRIPTION FACTOR 20 (PTHR11945:SF760)	MADS box transcription factor(PC00250)	RNA polymerase II transcription regulatory region sequence-specific DNA binding(GO:0000977);RNA polymerase II cis-regulatory region sequence-specific DNA binding(GO:0000978);DNA binding(GO:0003677);DNA-binding transcription factor activity(GO:0003700);protein dimerization activity(GO:0046983)	regulation of DNA-templated transcription(GO:0006355);regulation of transcription by RNA polymerase II(GO:0006357);positive regulation of transcription by RNA polymerase II(GO:0045944)	nucleus(GO:0005634)	8	48987997	48990296	1.502745e-11	57	0.905424	1	PC(14:0_14:0)
SORBI_3008G103900	RRM domain-containing protein	GLYCINE-RICH RNA-BINDING PROTEIN 3, MITOCHONDRIAL (PTHR48027:SF9)		nucleic acid binding(GO:0003676);RNA binding(GO:0003723)			8	49064316	49067582	1.502745e-11	57	1	1	PC(14:0_14:0)
SORBI_3008G104601	Uncharacterized protein						8	49156264	49174717	1.502745e-11	57	1	1	PC(14:0_14:0)
SORBI_3006G040201	CCHC-type domain-containing protein	OS11G0296500 PROTEIN (PTHR23002:SF89)	RNA metabolism protein(PC00031)	nucleic acid binding(GO:0003676);single-stranded RNA binding(GO:0003727);mRNA binding(GO:0003729);zinc ion binding(GO:0008270);translation regulator activity(GO:0045182)	positive regulation of cytoplasmic translation(GO:2000767)	cytoplasm(GO:0005737)	6	19847940	19849865	1.570776e-11	1	0.931257	8	TG(16:0_16:0_18:1); TG(16:0_16:0_20:1); TG(16:0_18:0_18:2); TG(16:0_18:1_18:1); TG(16:0_18:1_20:0); TG(16:0_18:1_20:1); TG(16:1_18:1_18:1); TG(18:0_18:2_18:2)
SORBI_3007G101500	Glucose-1-phosphate adenylyltransferase	GLUCOSE-1-PHOSPHATE ADENYLYLTRANSFERASE LARGE SUBUNIT 1, CHLOROPLASTIC-RELATED (PTHR43523:SF12)	nucleotidyltransferase(PC00174)	glucose-1-phosphate adenylyltransferase activity(GO:0008878)	glycogen biosynthetic process(GO:0005978);starch metabolic process(GO:0005982);starch biosynthetic process(GO:0019252)	chloroplast(GO:0009507)	7	25707028	25712978	1.588241e-11	1	0.844111	9	TG(16:0_16:0_18:1); TG(16:0_16:0_20:1); TG(16:0_18:0_18:2); TG(16:0_18:1_18:1); TG(16:0_18:1_18:2); TG(16:0_18:1_20:0); TG(16:0_18:1_20:1); TG(16:1_18:1_18:1); TG(18:0_18:2_18:2)
SORBI_3007G101600	Uncharacterized protein						7	25992700	26003422	1.588241e-11	1	0.571181	9	TG(16:0_16:0_18:1); TG(16:0_16:0_20:1); TG(16:0_18:0_18:2); TG(16:0_18:1_18:1); TG(16:0_18:1_18:2); TG(16:0_18:1_20:0); TG(16:0_18:1_20:1); TG(16:1_18:1_18:1); TG(18:0_18:2_18:2)
SORBI_3005G114600	Uncharacterized protein						5	43831327	43832969	1.682213e-11	1	0.957706	9	TG(16:0_16:0_18:1); TG(16:0_16:0_20:1); TG(16:0_18:0_18:2); TG(16:0_18:1_18:1); TG(16:0_18:1_18:2); TG(16:0_18:1_20:0); TG(16:0_18:1_20:1); TG(16:1_18:1_18:1); TG(18:0_18:2_18:2)
SORBI_3005G114800	Protein transport protein Sec24-like CEF	OS11G0482100 PROTEIN (PTHR13803:SF33)	vesicle coat protein(PC00235)	SNARE binding(GO:0000149);zinc ion binding(GO:0008270)	intracellular protein transport(GO:0006886);endoplasmic reticulum to Golgi vesicle-mediated transport(GO:0006888);COPII-coated vesicle cargo loading(GO:0090110)	COPII vesicle coat(GO:0030127)	5	44114479	44135153	1.682213e-11	1	0.965194	9	TG(16:0_16:0_18:1); TG(16:0_16:0_20:1); TG(16:0_18:0_18:2); TG(16:0_18:1_18:1); TG(16:0_18:1_18:2); TG(16:0_18:1_20:0); TG(16:0_18:1_20:1); TG(16:1_18:1_18:1); TG(18:0_18:2_18:2)
SORBI_3001G259000	Translation initiation factor eIF-2B beta subunit	TRANSLATION INITIATION FACTOR EIF-2B SUBUNIT BETA (PTHR45859:SF1)	translation initiation factor(PC00224)	translation initiation factor activity(GO:0003743);guanyl-nucleotide exchange factor activity(GO:0005085)	translational initiation(GO:0006413)	cytosol(GO:0005829);eukaryotic translation initiation factor 2B complex(GO:0005851);cytoplasmic stress granule(GO:0010494)	1	31003967	31011085	1.726483e-11	3	0.696232	9	TG(16:0_16:0_18:1); TG(16:0_16:0_20:1); TG(16:0_18:0_18:2); TG(16:0_18:1_18:1); TG(16:0_18:1_18:2); TG(16:0_18:1_20:0); TG(16:0_18:1_20:1); TG(16:1_18:1_18:1); TG(18:0_18:2_18:2)
SORBI_3001G259100	SPX domain-containing protein	SPX DOMAIN-CONTAINING PROTEIN 3 (PTHR45978:SF2)			cellular response to phosphate starvation(GO:0016036);cellular response to cold(GO:0070417)		1	31011171	31012741	1.726483e-11	1	0.662693	9	TG(16:0_16:0_18:1); TG(16:0_16:0_20:1); TG(16:0_18:0_18:2); TG(16:0_18:1_18:1); TG(16:0_18:1_18:2); TG(16:0_18:1_20:0); TG(16:0_18:1_20:1); TG(16:1_18:1_18:1); TG(18:0_18:2_18:2)
SORBI_3001G259400	Protein TIFY	PROTEIN TIFY (PTHR33077:SF64)			response to wounding(GO:0009611);regulation of defense response(GO:0031347);regulation of jasmonic acid mediated signaling pathway(GO:2000022)	nucleus(GO:0005634)	1	31205564	31206743	1.726483e-11	1	0.689384	9	TG(16:0_16:0_18:1); TG(16:0_16:0_20:1); TG(16:0_18:0_18:2); TG(16:0_18:1_18:1); TG(16:0_18:1_18:2); TG(16:0_18:1_20:0); TG(16:0_18:1_20:1); TG(16:1_18:1_18:1); TG(18:0_18:2_18:2)
SORBI_3001G259600	Protein TIFY	PROTEIN TIFY (PTHR33077:SF121)			response to wounding(GO:0009611);regulation of defense response(GO:0031347);regulation of jasmonic acid mediated signaling pathway(GO:2000022)	nucleus(GO:0005634)	1	31327155	31328316	1.726483e-11	3	0.732836	9	TG(16:0_16:0_18:1); TG(16:0_16:0_20:1); TG(16:0_18:0_18:2); TG(16:0_18:1_18:1); TG(16:0_18:1_18:2); TG(16:0_18:1_20:0); TG(16:0_18:1_20:1); TG(16:1_18:1_18:1); TG(18:0_18:2_18:2)
SORBI_3006G044400	Carboxypeptidase	OS04G0321700 PROTEIN (PTHR11802:SF491)	serine protease(PC00203)	serine-type carboxypeptidase activity(GO:0004185)	proteolysis(GO:0006508)		6	30971365	30982488	1.846216e-11	2	0.876274	4	TG(16:0_16:0_18:1); TG(16:0_18:0_18:2); TG(16:0_18:1_18:2); TG(16:1_18:1_18:1)
SORBI_3008G095500	W2 domain-containing protein	W2 DOMAIN-CONTAINING PROTEIN (PTHR23001:SF50)	translation initiation factor(PC00224)	translation initiation factor activity(GO:0003743);GDP-dissociation inhibitor activity(GO:0005092);eukaryotic initiation factor eIF2 binding(GO:0071074)	formation of cytoplasmic translation initiation complex(GO:0001732);translational initiation(GO:0006413)	cytosol(GO:0005829)	8	45165490	45169630	1.847673e-11	21	0.783151	9	PC(16:1_16:1); TG(16:0_16:0_18:1); TG(16:0_16:0_20:1); TG(16:0_18:0_18:2); TG(16:0_18:1_18:1); TG(16:0_18:1_20:0); TG(16:0_18:1_20:1); TG(16:1_18:1_18:1); TG(18:0_18:2_18:2)
SORBI_3008G095633	Uncharacterized protein	OS06G0271400 PROTEIN (PTHR33063:SF17)					8	45179920	45183259	1.847673e-11	21	0.93223	9	PC(16:1_16:1); TG(16:0_16:0_18:1); TG(16:0_16:0_20:1); TG(16:0_18:0_18:2); TG(16:0_18:1_18:1); TG(16:0_18:1_20:0); TG(16:0_18:1_20:1); TG(16:1_18:1_18:1); TG(18:0_18:2_18:2)
SORBI_3008G095766	DUF6749 domain-containing protein						8	45183449	45184397	1.847673e-11	21	0.93223	9	PC(16:1_16:1); TG(16:0_16:0_18:1); TG(16:0_16:0_20:1); TG(16:0_18:0_18:2); TG(16:0_18:1_18:1); TG(16:0_18:1_20:0); TG(16:0_18:1_20:1); TG(16:1_18:1_18:1); TG(18:0_18:2_18:2)
SORBI_3008G095900	RING-type domain-containing protein	RING-TYPE DOMAIN-CONTAINING PROTEIN (PTHR32387:SF9)					8	45197392	45205471	1.847673e-11	17	0.921317	9	PC(16:1_16:1); TG(16:0_16:0_18:1); TG(16:0_16:0_20:1); TG(16:0_18:0_18:2); TG(16:0_18:1_18:1); TG(16:0_18:1_20:0); TG(16:0_18:1_20:1); TG(16:1_18:1_18:1); TG(18:0_18:2_18:2)
SORBI_3008G096050	Aminotransferase-like plant mobile domain-containing protein	OS03G0100275 PROTEIN (PTHR33026:SF7)					8	45321511	45323853	1.847673e-11	5	0.9076	9	PC(16:1_16:1); TG(16:0_16:0_18:1); TG(16:0_16:0_20:1); TG(16:0_18:0_18:2); TG(16:0_18:1_18:1); TG(16:0_18:1_20:0); TG(16:0_18:1_20:1); TG(16:1_18:1_18:1); TG(18:0_18:2_18:2)
SORBI_3008G096100	Aminopeptidase	EXPRESSED PROTEIN (PTHR33645:SF14)	protease(PC00190)				8	45426265	45433705	1.847673e-11	4	0.63473	9	PC(16:1_16:1); TG(16:0_16:0_18:1); TG(16:0_16:0_20:1); TG(16:0_18:0_18:2); TG(16:0_18:1_18:1); TG(16:0_18:1_20:0); TG(16:0_18:1_20:1); TG(16:1_18:1_18:1); TG(18:0_18:2_18:2)
SORBI_3008G096150	Uncharacterized protein						8	45433706	45434914	1.847673e-11	4	0.62307	9	PC(16:1_16:1); TG(16:0_16:0_18:1); TG(16:0_16:0_20:1); TG(16:0_18:0_18:2); TG(16:0_18:1_18:1); TG(16:0_18:1_20:0); TG(16:0_18:1_20:1); TG(16:1_18:1_18:1); TG(18:0_18:2_18:2)
SORBI_3008G096200	Protein kinase domain-containing protein	OS12G0480200 PROTEIN (PTHR45637:SF86)		protein kinase activity(GO:0004672);protein serine/threonine kinase activity(GO:0004674);ATP binding(GO:0005524)			8	45490279	45495182	1.847673e-11	4	1	9	PC(16:1_16:1); TG(16:0_16:0_18:1); TG(16:0_16:0_20:1); TG(16:0_18:0_18:2); TG(16:0_18:1_18:1); TG(16:0_18:1_20:0); TG(16:0_18:1_20:1); TG(16:1_18:1_18:1); TG(18:0_18:2_18:2)
SORBI_3008G096300	Uncharacterized protein	CYTOCHROME C BIOGENESIS B-RELATED (PTHR30070:SF1)		heme transmembrane transporter activity(GO:0015232)	heme transport(GO:0015886);cytochrome complex assembly(GO:0017004);cytochrome c biosynthetic process(GO:1903607)	membrane(GO:0016020)	8	45491852	45492512	1.847673e-11	4	1	9	PC(16:1_16:1); TG(16:0_16:0_18:1); TG(16:0_16:0_20:1); TG(16:0_18:0_18:2); TG(16:0_18:1_18:1); TG(16:0_18:1_20:0); TG(16:0_18:1_20:1); TG(16:1_18:1_18:1); TG(18:0_18:2_18:2)
SORBI_3008G095150	Uncharacterized protein						8	44945604	44955558	1.890035e-11	29	1	8	TG(16:0_16:0_18:1); TG(16:0_16:0_20:1); TG(16:0_18:0_18:2); TG(16:0_18:1_18:1); TG(16:0_18:1_20:0); TG(16:0_18:1_20:1); TG(16:1_18:1_18:1); TG(18:0_18:2_18:2)
SORBI_3008G095200	Uncharacterized protein	OS12G0479100 PROTEIN (PTHR47290:SF5)			regulation of DNA-templated transcription(GO:0006355)	nucleus(GO:0005634)	8	44955559	44969502	1.890035e-11	29	1	9	PC(16:1_16:1); TG(16:0_16:0_18:1); TG(16:0_16:0_20:1); TG(16:0_18:0_18:2); TG(16:0_18:1_18:1); TG(16:0_18:1_20:0); TG(16:0_18:1_20:1); TG(16:1_18:1_18:1); TG(18:0_18:2_18:2)
SORBI_3008G095400	Secreted protein						8	45093564	45098504	1.890035e-11	26	0.93223	9	PC(16:1_16:1); TG(16:0_16:0_18:1); TG(16:0_16:0_20:1); TG(16:0_18:0_18:2); TG(16:0_18:1_18:1); TG(16:0_18:1_20:0); TG(16:0_18:1_20:1); TG(16:1_18:1_18:1); TG(18:0_18:2_18:2)
SORBI_3008G096000	Auxin response factor	AUXIN RESPONSE FACTOR 24 (PTHR31384:SF40)		DNA binding(GO:0003677)	regulation of DNA-templated transcription(GO:0006355);response to hormone(GO:0009725)	nucleus(GO:0005634)	8	45231621	45237932	1.890035e-11	1	0.890301	7	TG(16:0_16:0_18:1); TG(16:0_16:0_20:1); TG(16:0_18:0_18:2); TG(16:0_18:1_18:1); TG(16:0_18:1_20:1); TG(16:1_18:1_18:1); TG(18:0_18:2_18:2)
SORBI_3002G150766	Uncharacterized protein						2	43927821	43945329	1.918745e-11	1	0.941206	10	TG(16:0_16:0_18:1); TG(16:0_16:0_20:1); TG(16:0_18:0_18:2); TG(16:0_18:1_18:1); TG(16:0_18:1_18:2); TG(16:0_18:1_20:0); TG(16:0_18:1_20:1); TG(16:1_18:1_18:1); TG(18:0_18:2_18:2); gibberellic acid
SORBI_3008G094500	CCHC-type domain-containing protein	OS11G0296500 PROTEIN (PTHR23002:SF89)	RNA metabolism protein(PC00031)	nucleic acid binding(GO:0003676);single-stranded RNA binding(GO:0003727);mRNA binding(GO:0003729);zinc ion binding(GO:0008270);translation regulator activity(GO:0045182)	positive regulation of cytoplasmic translation(GO:2000767)	cytoplasm(GO:0005737)	8	44774969	44776912	2.2071e-11	27	0.861887	8	TG(16:0_16:0_18:1); TG(16:0_16:0_20:1); TG(16:0_18:0_18:2); TG(16:0_18:1_18:1); TG(16:0_18:1_20:0); TG(16:0_18:1_20:1); TG(16:1_18:1_18:1); TG(18:0_18:2_18:2)
SORBI_3008G095100	SAM domain-containing protein	SAM DOMAIN FAMILY PROTEIN (PTHR10627:SF63)	RNA metabolism protein(PC00031)				8	44935043	44936440	2.2071e-11	28	1	8	TG(16:0_16:0_18:1); TG(16:0_16:0_20:1); TG(16:0_18:0_18:2); TG(16:0_18:1_18:1); TG(16:0_18:1_20:0); TG(16:0_18:1_20:1); TG(16:1_18:1_18:1); TG(18:0_18:2_18:2)
SORBI_3005G098100	Uncharacterized protein						5	15930287	15939343	2.424645e-11	1	0.404239	4	TG(16:0_18:0_18:2); TG(16:0_18:1_20:1); TG(16:0_18:1_20:2); TG(18:0_18:2_18:2)
SORBI_3005G098250	Uncharacterized protein						5	16057450	16060622	2.424645e-11	3	0.848391	4	TG(16:0_18:0_18:2); TG(16:0_18:1_20:1); TG(16:0_18:1_20:2); TG(18:0_18:2_18:2)
SORBI_3005G098900	Uncharacterized protein						5	16169927	16171526	2.424645e-11	3	0.525143	4	TG(16:0_18:0_18:2); TG(16:0_18:1_20:1); TG(16:0_18:1_20:2); TG(18:0_18:2_18:2)
SORBI_3004G228400	BHLH domain-containing protein	BHLH TRANSCRIPTION FACTOR (PTHR11969:SF62)	basic helix-loop-helix transcription factor(PC00055)	RNA polymerase II cis-regulatory region sequence-specific DNA binding(GO:0000978);DNA-binding transcription factor activity, RNA polymerase II-specific(GO:0000981);protein dimerization activity(GO:0046983)	regulation of transcription by RNA polymerase II(GO:0006357)	nucleus(GO:0005634)	4	57807690	57810439	2.644811e-11	1	0.508125	3	9,12,13,TriHODE; Oxo fatty acid (18:3); trans-EKODE-(E)-Ib
SORBI_3010G061700	SAM domain-containing protein	OS06G0179100 PROTEIN (PTHR33915:SF16)					10	4822056	4823339	3.053269e-11	4	0.576802	1	gibberellic acid
SORBI_3010G061800	Nodulin-like domain-containing protein	OS06G0179200 PROTEIN (PTHR21576:SF162)				membrane(GO:0016020)	10	4823435	4827367	3.053269e-11	3	0.494003	1	gibberellic acid
SORBI_3010G061900	Uncharacterized protein	OS06G0179500 PROTEIN (PTHR31549:SF312)					10	4839413	4841336	3.053269e-11	4	0.603743	1	gibberellic acid
SORBI_3010G062000	Uncharacterized protein	SUBFAMILY NOT NAMED (PTHR35161:SF9)					10	4868537	4872194	3.053269e-11	2	0.40855	1	gibberellic acid
SORBI_3008G103800	Uncharacterized protein	DBJ|BAA96220.1 (PTHR36080:SF1)					8	49061532	49064123	3.412968e-11	52	0.472076	1	PC(14:0_14:0)
SORBI_3005G109300	DUF4283 domain-containing protein (Fragment)	AMINOTRANSFERASE-LIKE PLANT MOBILE DOMAIN-CONTAINING PROTEIN (PTHR48243:SF1)					5	22390972	22392163	3.662497e-11	1	1	9	TG(16:0_16:0_18:1); TG(16:0_16:0_20:1); TG(16:0_18:0_18:2); TG(16:0_18:1_18:1); TG(16:0_18:1_18:2); TG(16:0_18:1_20:1); TG(16:0_18:1_20:2); TG(16:1_18:1_18:1); TG(18:0_18:2_18:2)
SORBI_3007G099133	Uncharacterized protein						7	21674429	21675217	3.699201e-11	1	0.96682	8	TG(16:0_16:0_18:1); TG(16:0_16:0_20:1); TG(16:0_18:0_18:2); TG(16:0_18:1_18:1); TG(16:0_18:1_20:0); TG(16:0_18:1_20:1); TG(16:1_18:1_18:1); TG(18:0_18:2_18:2)
SORBI_3007G112900	Uncharacterized protein						7	43903336	43908814	4.068937e-11	2	0.94986	10	TG(16:0_16:0_18:1); TG(16:0_16:0_20:1); TG(16:0_18:0_18:2); TG(16:0_18:1_18:1); TG(16:0_18:1_18:2); TG(16:0_18:1_20:0); TG(16:0_18:1_20:1); TG(16:0_18:1_20:2); TG(16:1_18:1_18:1); TG(18:0_18:2_18:2)
SORBI_3007G113101	Uncharacterized protein						7	43908063	43912211	4.068937e-11	2	0.930777	10	TG(16:0_16:0_18:1); TG(16:0_16:0_20:1); TG(16:0_18:0_18:2); TG(16:0_18:1_18:1); TG(16:0_18:1_18:2); TG(16:0_18:1_20:0); TG(16:0_18:1_20:1); TG(16:0_18:1_20:2); TG(16:1_18:1_18:1); TG(18:0_18:2_18:2)
SORBI_3007G113200	Uncharacterized protein						7	44197721	44199332	4.068937e-11	2	0.94983	10	TG(16:0_16:0_18:1); TG(16:0_16:0_20:1); TG(16:0_18:0_18:2); TG(16:0_18:1_18:1); TG(16:0_18:1_18:2); TG(16:0_18:1_20:0); TG(16:0_18:1_20:1); TG(16:0_18:1_20:2); TG(16:1_18:1_18:1); TG(18:0_18:2_18:2)
SORBI_3004G137300	Uncharacterized protein						4	37583809	37585170	4.325177e-11	1	0.897551	2	TG(12:0_14:0_18:3); TG(18:2_22:0_22:3)
SORBI_3004G137400	Uncharacterized protein						4	37586348	37591018	4.325177e-11	1	0.916121	2	TG(12:0_14:0_18:3); TG(18:2_22:0_22:3)
SORBI_3002G147500	WW domain-containing protein						2	36789025	36791210	4.740905e-11	1	0.932508	8	TG(16:0_16:0_18:1); TG(16:0_16:0_20:1); TG(16:0_18:0_18:2); TG(16:0_18:1_18:1); TG(16:0_18:1_20:0); TG(16:0_18:1_20:1); TG(16:1_18:1_18:1); TG(18:0_18:2_18:2)
SORBI_3007G103350	CCHC-type domain-containing protein	OS11G0296500 PROTEIN (PTHR23002:SF89)	RNA metabolism protein(PC00031)	nucleic acid binding(GO:0003676);single-stranded RNA binding(GO:0003727);mRNA binding(GO:0003729);zinc ion binding(GO:0008270);translation regulator activity(GO:0045182)	positive regulation of cytoplasmic translation(GO:2000767)	cytoplasm(GO:0005737)	7	29073128	29074987	5.068772e-11	3	0.532832	7	TG(16:0_16:0_20:1); TG(16:0_18:0_18:2); TG(16:0_18:1_18:1); TG(16:0_18:1_20:0); TG(16:0_18:1_20:1); TG(16:0_18:1_20:2); TG(18:0_18:2_18:2)
SORBI_3006G208800	YTH domain-containing family protein	YTH DOMAIN-CONTAINING FAMILY PROTEIN (PTHR12357:SF86)	RNA metabolism protein(PC00031)	RNA binding(GO:0003723);mRNA binding(GO:0003729);N6-methyladenosine-containing RNA reader activity(GO:1990247)	mRNA destabilization(GO:0061157)		6	55865933	55869663	5.298874e-11	1	0.428801	7	TG(16:0_16:0_18:1); TG(16:0_16:0_20:1); TG(16:0_18:0_18:2); TG(16:0_18:1_18:1); TG(16:0_18:1_18:2); TG(16:1_18:1_18:1); TG(18:0_18:2_18:2)
SORBI_3006G209000	Uncharacterized protein	OS04G0609300 PROTEIN (PTHR31642:SF193)	acetyltransferase(PC00038)	acyltransferase activity, transferring groups other than amino-acyl groups(GO:0016747)			6	55890212	55893825	5.298874e-11	1	0.412031	7	TG(16:0_16:0_18:1); TG(16:0_16:0_20:1); TG(16:0_18:0_18:2); TG(16:0_18:1_18:1); TG(16:0_18:1_18:2); TG(16:1_18:1_18:1); TG(18:0_18:2_18:2)
SORBI_3006G209200	Uncharacterized protein	OS04G0609300 PROTEIN (PTHR31642:SF193)	acetyltransferase(PC00038)	acyltransferase activity, transferring groups other than amino-acyl groups(GO:0016747)			6	55898001	55903215	5.298874e-11	1	0.749439	7	TG(16:0_16:0_18:1); TG(16:0_16:0_20:1); TG(16:0_18:0_18:2); TG(16:0_18:1_18:1); TG(16:0_18:1_18:2); TG(16:1_18:1_18:1); TG(18:0_18:2_18:2)
SORBI_3006G209300	Uncharacterized protein	HXXXD-TYPE ACYL-TRANSFERASE FAMILY PROTEIN (PTHR31642:SF266)	acetyltransferase(PC00038)	acyltransferase activity, transferring groups other than amino-acyl groups(GO:0016747)			6	55912179	55914213	5.298874e-11	1	0.834249	7	TG(16:0_16:0_18:1); TG(16:0_16:0_20:1); TG(16:0_18:0_18:2); TG(16:0_18:1_18:1); TG(16:0_18:1_18:2); TG(16:1_18:1_18:1); TG(18:0_18:2_18:2)
SORBI_3006G209400	protein-serine_threonine phosphatase	PROTEIN PHOSPHATASE 2C 44-RELATED (PTHR13832:SF680)	protein phosphatase(PC00195)	protein serine/threonine phosphatase activity(GO:0004722)			6	55915501	55919526	5.298874e-11	1	0.872906	7	TG(16:0_16:0_18:1); TG(16:0_16:0_20:1); TG(16:0_18:0_18:2); TG(16:0_18:1_18:1); TG(16:0_18:1_18:2); TG(16:1_18:1_18:1); TG(18:0_18:2_18:2)
SORBI_3006G209500	TFIIE beta domain-containing protein	TRANSCRIPTION INITIATION FACTOR IIE SUBUNIT BETA (PTHR12716:SF8)	general transcription factor(PC00259)	DNA binding(GO:0003677)	transcription initiation at RNA polymerase II promoter(GO:0006367)	nucleus(GO:0005634);transcription factor TFIIE complex(GO:0005673)	6	55925605	55929570	5.298874e-11	1	0.940849	7	TG(16:0_16:0_18:1); TG(16:0_16:0_20:1); TG(16:0_18:0_18:2); TG(16:0_18:1_18:1); TG(16:0_18:1_18:2); TG(16:1_18:1_18:1); TG(18:0_18:2_18:2)
SORBI_3006G209600	No apical meristem-associated C-terminal domain-containing protein	OS02G0603500 PROTEIN (PTHR45125:SF28)					6	55930178	55932675	5.298874e-11	1	0.931298	7	TG(16:0_16:0_18:1); TG(16:0_16:0_20:1); TG(16:0_18:0_18:2); TG(16:0_18:1_18:1); TG(16:0_18:1_18:2); TG(16:1_18:1_18:1); TG(18:0_18:2_18:2)
SORBI_3006G209700	CCHC-type domain-containing protein	PROTEIN SREK1IP1 (PTHR31437:SF1)		nucleic acid binding(GO:0003676);zinc ion binding(GO:0008270)			6	55933544	55936125	5.298874e-11	1	0.909999	7	TG(16:0_16:0_18:1); TG(16:0_16:0_20:1); TG(16:0_18:0_18:2); TG(16:0_18:1_18:1); TG(16:0_18:1_18:2); TG(16:1_18:1_18:1); TG(18:0_18:2_18:2)
SORBI_3006G209850	PHD-type domain-containing protein	PROTEIN FORGETTER 1 (PTHR12706:SF13)			regulation of DNA-templated transcription(GO:0006355)		6	55939037	55963538	5.298874e-11	1	1	7	TG(16:0_16:0_18:1); TG(16:0_16:0_20:1); TG(16:0_18:0_18:2); TG(16:0_18:1_18:1); TG(16:0_18:1_18:2); TG(16:1_18:1_18:1); TG(18:0_18:2_18:2)
SORBI_3006G210000	Uncharacterized protein	OS04G0610000 PROTEIN (PTHR33144:SF46)					6	55969489	55974793	5.298874e-11	1	0.940849	7	TG(16:0_16:0_18:1); TG(16:0_16:0_20:1); TG(16:0_18:0_18:2); TG(16:0_18:1_18:1); TG(16:0_18:1_18:2); TG(16:1_18:1_18:1); TG(18:0_18:2_18:2)
SORBI_3006G210200	Uncharacterized protein	OS04G0610200 PROTEIN (PTHR33411:SF5)					6	55983930	55991670	5.298874e-11	1	0.869608	7	TG(16:0_16:0_18:1); TG(16:0_16:0_20:1); TG(16:0_18:0_18:2); TG(16:0_18:1_18:1); TG(16:0_18:1_18:2); TG(16:1_18:1_18:1); TG(18:0_18:2_18:2)
SORBI_3006G210233	Uncharacterized protein						6	55993849	55995344	5.298874e-11	1	0.434405	7	TG(16:0_16:0_18:1); TG(16:0_16:0_20:1); TG(16:0_18:0_18:2); TG(16:0_18:1_18:1); TG(16:0_18:1_18:2); TG(16:1_18:1_18:1); TG(18:0_18:2_18:2)
SORBI_3006G210400	Methionine aminopeptidase	METHIONINE AMINOPEPTIDASE 1B, CHLOROPLASTIC (PTHR43330:SF1)	metalloprotease(PC00153)	initiator methionyl aminopeptidase activity(GO:0004239);metal ion binding(GO:0046872);metalloaminopeptidase activity(GO:0070006)	proteolysis(GO:0006508)		6	56000156	56004309	5.298874e-11	1	0.508484	7	TG(16:0_16:0_18:1); TG(16:0_16:0_20:1); TG(16:0_18:0_18:2); TG(16:0_18:1_18:1); TG(16:0_18:1_18:2); TG(16:1_18:1_18:1); TG(18:0_18:2_18:2)
SORBI_3006G210500	Uncharacterized protein	OS04G0610600 PROTEIN (PTHR47372:SF54)					6	56006557	56008051	5.298874e-11	1	0.46226	7	TG(16:0_16:0_18:1); TG(16:0_16:0_20:1); TG(16:0_18:0_18:2); TG(16:0_18:1_18:1); TG(16:0_18:1_18:2); TG(16:1_18:1_18:1); TG(18:0_18:2_18:2)
SORBI_3006G210600	Protein ENDOSPERM DEFECTIVE 1	PROTEIN ENDOSPERM DEFECTIVE 1-RELATED (PTHR31807:SF6)			spindle assembly(GO:0051225)		6	56007464	56012354	5.298874e-11	1	0.46226	7	TG(16:0_16:0_18:1); TG(16:0_16:0_20:1); TG(16:0_18:0_18:2); TG(16:0_18:1_18:1); TG(16:0_18:1_18:2); TG(16:1_18:1_18:1); TG(18:0_18:2_18:2)
SORBI_3006G210700	Potassium transporter	POTASSIUM TRANSPORTER 15-RELATED (PTHR30540:SF19)	transporter(PC00227)	potassium ion transmembrane transporter activity(GO:0015079)	potassium ion transmembrane transport(GO:0071805)	membrane(GO:0016020)	6	56012981	56017943	5.298874e-11	1	0.457874	7	TG(16:0_16:0_18:1); TG(16:0_16:0_20:1); TG(16:0_18:0_18:2); TG(16:0_18:1_18:1); TG(16:0_18:1_18:2); TG(16:1_18:1_18:1); TG(18:0_18:2_18:2)
SORBI_3004G137601	CCHC-type domain-containing protein	OS11G0296500 PROTEIN (PTHR23002:SF89)	RNA metabolism protein(PC00031)	nucleic acid binding(GO:0003676);single-stranded RNA binding(GO:0003727);mRNA binding(GO:0003729);zinc ion binding(GO:0008270);translation regulator activity(GO:0045182)	positive regulation of cytoplasmic translation(GO:2000767)	cytoplasm(GO:0005737)	4	38150236	38152071	5.337257e-11	1	0.979457	9	TG(12:0_14:0_18:3); TG(16:0_16:0_18:1); TG(16:0_16:0_20:1); TG(16:0_18:0_18:2); TG(16:0_18:1_18:1); TG(16:0_18:1_20:0); TG(16:0_18:1_20:1); TG(16:1_18:1_18:1); TG(18:0_18:2_18:2)
SORBI_3004G137900	Actin associated protein	EXPRESSED PROTEIN (PTHR37376:SF1)					4	38384364	38388845	5.337257e-11	1	0.979457	8	TG(16:0_16:0_18:1); TG(16:0_16:0_20:1); TG(16:0_18:0_18:2); TG(16:0_18:1_18:1); TG(16:0_18:1_20:0); TG(16:0_18:1_20:1); TG(16:1_18:1_18:1); TG(18:0_18:2_18:2)
SORBI_3007G103000	Carbohydrate kinase FGGY N-terminal domain-containing protein			kinase activity(GO:0016301)	carbohydrate metabolic process(GO:0005975)		7	28360036	28363426	5.972523e-11	1	0.622464	7	TG(16:0_16:0_18:1); TG(16:0_16:0_20:1); TG(16:0_18:0_18:2); TG(16:0_18:1_18:1); TG(16:0_18:1_20:1); TG(16:1_18:1_18:1); TG(18:0_18:2_18:2)
SORBI_3007G103100	Mediator of RNA polymerase II transcription subunit 14	MEDIATOR OF RNA POLYMERASE II TRANSCRIPTION SUBUNIT 14 (PTHR12809:SF2)	general transcription factor(PC00259)	transcription coregulator activity(GO:0003712)	regulation of transcription by RNA polymerase II(GO:0006357)	nucleus(GO:0005634);mediator complex(GO:0016592);core mediator complex(GO:0070847)	7	28555158	28588738	5.972523e-11	1	0.625364	7	TG(16:0_16:0_18:1); TG(16:0_16:0_20:1); TG(16:0_18:0_18:2); TG(16:0_18:1_18:1); TG(16:0_18:1_20:1); TG(16:1_18:1_18:1); TG(18:0_18:2_18:2)
SORBI_3007G103300	Aminotransferase-like plant mobile domain-containing protein	AMINOTRANSFERASE-LIKE PLANT MOBILE DOMAIN-CONTAINING PROTEIN (PTHR48243:SF1)					7	28646172	28647727	5.972523e-11	1	0.573738	7	TG(16:0_16:0_18:1); TG(16:0_16:0_20:1); TG(16:0_18:0_18:2); TG(16:0_18:1_18:1); TG(16:0_18:1_20:1); TG(16:1_18:1_18:1); TG(18:0_18:2_18:2)
SORBI_3004G197700	DUF4283 domain-containing protein	PTB DOMAIN ENGULFMENT ADAPTER (PTHR36342:SF1)	membrane trafficking regulatory protein(PC00151)				4	54876205	54878941	6.003575e-11	3	1	1	PA(16:0_18:2)
SORBI_3009G095480	CCHC-type domain-containing protein	OS11G0296500 PROTEIN (PTHR23002:SF89)	RNA metabolism protein(PC00031)	nucleic acid binding(GO:0003676);single-stranded RNA binding(GO:0003727);mRNA binding(GO:0003729);zinc ion binding(GO:0008270);translation regulator activity(GO:0045182)	positive regulation of cytoplasmic translation(GO:2000767)	cytoplasm(GO:0005737)	9	26730787	26734119	6.895748e-11	1	0.725619	8	TG(16:0_16:0_18:1); TG(16:0_16:0_20:1); TG(16:0_18:0_18:2); TG(16:0_18:1_18:1); TG(16:0_18:1_18:2); TG(16:0_18:1_20:1); TG(16:1_18:1_18:1); TG(18:0_18:2_18:2)
SORBI_3009G095560	CCHC-type domain-containing protein	OS11G0296500 PROTEIN (PTHR23002:SF89)	RNA metabolism protein(PC00031)	nucleic acid binding(GO:0003676);single-stranded RNA binding(GO:0003727);mRNA binding(GO:0003729);zinc ion binding(GO:0008270);translation regulator activity(GO:0045182)	positive regulation of cytoplasmic translation(GO:2000767)	cytoplasm(GO:0005737)	9	26980037	26981918	6.895748e-11	1	0.954487	8	TG(16:0_16:0_18:1); TG(16:0_16:0_20:1); TG(16:0_18:0_18:2); TG(16:0_18:1_18:1); TG(16:0_18:1_18:2); TG(16:0_18:1_20:1); TG(16:1_18:1_18:1); TG(18:0_18:2_18:2)
SORBI_3001G222000	Anaphase-promoting complex subunit 4-like WD40 domain-containing protein	WD REPEAT-CONTAINING PROTEIN 91-LIKE ISOFORM X1 (PTHR47198:SF1)					1	21118511	21125599	7.079967e-11	8	0.510455	8	TG(16:0_16:0_18:1); TG(16:0_16:0_20:1); TG(16:0_18:0_18:2); TG(16:0_18:1_18:1); TG(16:0_18:1_18:2); TG(16:1_18:1_18:1); TG(18:0_18:2_18:2); TG(18:1_18:2_18:2)
SORBI_3001G222200	PPPDE domain-containing protein	DESUMOYLATING ISOPEPTIDASE 1 (PTHR12378:SF7)	cysteine protease(PC00081)	peptidase activity(GO:0008233)	protein export from nucleus(GO:0006611);regulation of proteasomal ubiquitin-dependent protein catabolic process(GO:0032434)		1	21126170	21130459	7.079967e-11	2	0.428893	8	TG(16:0_16:0_18:1); TG(16:0_16:0_20:1); TG(16:0_18:0_18:2); TG(16:0_18:1_18:1); TG(16:0_18:1_18:2); TG(16:1_18:1_18:1); TG(18:0_18:2_18:2); TG(18:1_18:2_18:2)
SORBI_3001G222400	Uncharacterized protein	OS10G0471400 PROTEIN (PTHR44102:SF1)					1	21198140	21211324	7.079967e-11	2	0.428893	8	TG(16:0_16:0_18:1); TG(16:0_16:0_20:1); TG(16:0_18:0_18:2); TG(16:0_18:1_18:1); TG(16:0_18:1_18:2); TG(16:1_18:1_18:1); TG(18:0_18:2_18:2); TG(18:1_18:2_18:2)
SORBI_3001G222600	Cyanate hydratase	CYANATE HYDRATASE (PTHR34186:SF2)	hydratase(PC00120)	DNA binding(GO:0003677);cyanate hydratase activity(GO:0008824)	cyanate catabolic process(GO:0009440)		1	21233680	21236680	7.079967e-11	2	0.428893	8	TG(16:0_16:0_18:1); TG(16:0_16:0_20:1); TG(16:0_18:0_18:2); TG(16:0_18:1_18:1); TG(16:0_18:1_18:2); TG(16:1_18:1_18:1); TG(18:0_18:2_18:2); TG(18:1_18:2_18:2)
SORBI_3001G222700	aldehyde oxygenase (deformylating)	VERY-LONG-CHAIN ALDEHYDE DECARBONYLASE GL1-5 (PTHR11863:SF210)	oxidase(PC00175)	iron ion binding(GO:0005506);aldehyde oxygenase (deformylating) activity(GO:0071771)	response to stress(GO:0006950);lipid biosynthetic process(GO:0008610);response to salt stress(GO:0009651);response to abscisic acid(GO:0009737);wax biosynthetic process(GO:0010025);cutin biosynthetic process(GO:0010143);pollen exine formation(GO:0010584);anther development(GO:0048653);anther wall tapetum development(GO:0048658)	endoplasmic reticulum(GO:0005783);endoplasmic reticulum membrane(GO:0005789);exine(GO:0043668)	1	21300007	21306449	7.079967e-11	2	0.49241	8	TG(16:0_16:0_18:1); TG(16:0_16:0_20:1); TG(16:0_18:0_18:2); TG(16:0_18:1_18:1); TG(16:0_18:1_18:2); TG(16:1_18:1_18:1); TG(18:0_18:2_18:2); TG(18:1_18:2_18:2)
SORBI_3001G222800	MHD1 domain-containing protein	MHD1 DOMAIN-CONTAINING PROTEIN (PTHR31280:SF5)					1	21307601	21310622	7.079967e-11	14	0.534923	10	TG(16:0_16:0_18:1); TG(16:0_16:0_20:1); TG(16:0_18:0_18:2); TG(16:0_18:1_18:1); TG(16:0_18:1_18:2); TG(16:0_18:1_20:0); TG(16:0_18:1_20:1); TG(16:1_18:1_18:1); TG(18:0_18:2_18:2); TG(18:1_18:2_18:2)
SORBI_3001G222900	RRM domain-containing protein	RNA-BINDING REGION RNP-1 DOMAIN-CONTAINING PROTEIN (PTHR48035:SF2)		nucleic acid binding(GO:0003676);RNA binding(GO:0003723)			1	21314169	21320655	7.079967e-11	16	0.637211	10	TG(16:0_16:0_18:1); TG(16:0_16:0_20:1); TG(16:0_18:0_18:2); TG(16:0_18:1_18:1); TG(16:0_18:1_18:2); TG(16:0_18:1_20:0); TG(16:0_18:1_20:1); TG(16:1_18:1_18:1); TG(18:0_18:2_18:2); TG(18:1_18:2_18:2)
SORBI_3001G223100	Uncharacterized protein	PROTEIN NRT1_ PTR FAMILY 5.2-RELATED (PTHR11654:SF453)	transporter(PC00227)	transmembrane transporter activity(GO:0022857);tripeptide transmembrane transporter activity(GO:0042937);dipeptide transmembrane transporter activity(GO:0071916)	dipeptide transmembrane transport(GO:0035442);dipeptide transport(GO:0042938);tripeptide transport(GO:0042939);transmembrane transport(GO:0055085)	membrane(GO:0016020)	1	21333976	21340355	7.079967e-11	16	0.789685	10	TG(16:0_16:0_18:1); TG(16:0_16:0_20:1); TG(16:0_18:0_18:2); TG(16:0_18:1_18:1); TG(16:0_18:1_18:2); TG(16:0_18:1_20:0); TG(16:0_18:1_20:1); TG(16:1_18:1_18:1); TG(18:0_18:2_18:2); TG(18:1_18:2_18:2)
SORBI_3001G223200	Major facilitator superfamily (MFS) profile domain-containing protein	OS10G0469900 PROTEIN (PTHR11654:SF115)	transporter(PC00227)	transmembrane transporter activity(GO:0022857)	transmembrane transport(GO:0055085)	membrane(GO:0016020)	1	21379629	21384632	7.079967e-11	16	0.936153	10	TG(16:0_16:0_18:1); TG(16:0_16:0_20:1); TG(16:0_18:0_18:2); TG(16:0_18:1_18:1); TG(16:0_18:1_18:2); TG(16:0_18:1_20:0); TG(16:0_18:1_20:1); TG(16:1_18:1_18:1); TG(18:0_18:2_18:2); TG(18:1_18:2_18:2)
SORBI_3001G223300	DUF295 domain-containing protein	OS04G0486300 PROTEIN (PTHR33165:SF53)					1	21408273	21411050	7.079967e-11	16	1	10	TG(16:0_16:0_18:1); TG(16:0_16:0_20:1); TG(16:0_18:0_18:2); TG(16:0_18:1_18:1); TG(16:0_18:1_18:2); TG(16:0_18:1_20:0); TG(16:0_18:1_20:1); TG(16:1_18:1_18:1); TG(18:0_18:2_18:2); TG(18:1_18:2_18:2)
SORBI_3001G223550	Leucine-rich repeat-containing N-terminal plant-type domain-containing protein (Fragment)	LEUCINE RICH REPEAT FAMILY PROTEIN (PTHR27004:SF220)				plasma membrane(GO:0005886)	1	21438987	21452469	7.079967e-11	16	0.81956	10	TG(16:0_16:0_18:1); TG(16:0_16:0_20:1); TG(16:0_18:0_18:2); TG(16:0_18:1_18:1); TG(16:0_18:1_18:2); TG(16:0_18:1_20:0); TG(16:0_18:1_20:1); TG(16:1_18:1_18:1); TG(18:0_18:2_18:2); TG(18:1_18:2_18:2)
SORBI_3001G224000	Protein kinase domain-containing protein	LEUCINE RICH REPEAT FAMILY PROTEIN, EXPRESSED (PTHR48053:SF32)		nucleotide binding(GO:0000166);protein kinase activity(GO:0004672);protein serine/threonine kinase activity(GO:0004674);ATP binding(GO:0005524)		plasma membrane(GO:0005886)	1	21454934	21459254	7.079967e-11	16	0.797269	10	TG(16:0_16:0_18:1); TG(16:0_16:0_20:1); TG(16:0_18:0_18:2); TG(16:0_18:1_18:1); TG(16:0_18:1_18:2); TG(16:0_18:1_20:0); TG(16:0_18:1_20:1); TG(16:1_18:1_18:1); TG(18:0_18:2_18:2); TG(18:1_18:2_18:2)
SORBI_3007G110333	Uncharacterized protein						7	39908106	39908998	7.677409e-11	1	0.949833	6	TG(16:0_16:0_20:1); TG(16:0_18:0_18:2); TG(16:0_18:1_18:1); TG(16:0_18:1_20:1); TG(16:1_18:1_18:1); TG(18:0_18:2_18:2)
SORBI_3001G126000	Uncharacterized protein						1	9921516	9923403	1.177076e-10	1	0.759675	3	TG(10:0_10:0_10:0); TG(10:0_16:1_18:1); TG(12:0_14:0_18:3)
SORBI_3001G126400	ATP-dependent RNA helicase	ATP-DEPENDENT RNA HELICASE (PTHR24031:SF771)	RNA helicase(PC00032)	nucleic acid binding(GO:0003676);RNA binding(GO:0003723);RNA helicase activity(GO:0003724);ATP binding(GO:0005524)	maturation of LSU-rRNA from tricistronic rRNA transcript (SSU-rRNA, 5.8S rRNA, LSU-rRNA)(GO:0000463)	nucleolus(GO:0005730)	1	9941318	9944719	1.177076e-10	1	0.622012	3	TG(10:0_10:0_10:0); TG(10:0_16:1_18:1); TG(12:0_14:0_18:3)
SORBI_3001G127300	Uncharacterized protein						1	9997746	10000878	1.177076e-10	1	0.433328	3	TG(10:0_10:0_10:0); TG(10:0_16:1_18:1); TG(12:0_14:0_18:3)
SORBI_3006G277550	Plant heme peroxidase family profile domain-containing protein			peroxidase activity(GO:0004601);heme binding(GO:0020037);lactoperoxidase activity(GO:0140825)	response to oxidative stress(GO:0006979);cellular oxidant detoxification(GO:0098869)	extracellular region(GO:0005576)	6	60839229	60840639	1.240061e-10	3	0.920343	8	TG(16:0_16:0_18:1); TG(16:0_16:0_20:1); TG(16:0_18:0_18:2); TG(16:0_18:1_18:1); TG(16:0_18:1_20:0); TG(16:0_18:1_20:1); TG(16:1_18:1_18:1); TG(18:0_18:2_18:2)
SORBI_3006G277700	Peroxidase	PEROXIDASE (PTHR31235:SF219)	peroxidase(PC00180)	peroxidase activity(GO:0004601);heme binding(GO:0020037);metal ion binding(GO:0046872);lactoperoxidase activity(GO:0140825)	response to oxidative stress(GO:0006979);hydrogen peroxide catabolic process(GO:0042744);cellular oxidant detoxification(GO:0098869)	extracellular region(GO:0005576)	6	60850342	60851907	1.240061e-10	3	0.696235	8	TG(16:0_16:0_18:1); TG(16:0_16:0_20:1); TG(16:0_18:0_18:2); TG(16:0_18:1_18:1); TG(16:0_18:1_20:0); TG(16:0_18:1_20:1); TG(16:1_18:1_18:1); TG(18:0_18:2_18:2)
SORBI_3006G277900	Phosphatidylinositol-specific phospholipase C X domain-containing protein	OS04G0689300 PROTEIN (PTHR13593:SF48)		phosphoric diester hydrolase activity(GO:0008081)	lipid metabolic process(GO:0006629)		6	60879592	60881692	1.240061e-10	3	1	8	TG(16:0_16:0_18:1); TG(16:0_16:0_20:1); TG(16:0_18:0_18:2); TG(16:0_18:1_18:1); TG(16:0_18:1_20:0); TG(16:0_18:1_20:1); TG(16:1_18:1_18:1); TG(18:0_18:2_18:2)
SORBI_3006G278100	Late embryogenesis abundant protein LEA-2 subgroup domain-containing protein	OS04G0689500 PROTEIN (PTHR31852:SF180)					6	60889440	60892236	1.240061e-10	3	0.741226	8	TG(16:0_16:0_18:1); TG(16:0_16:0_20:1); TG(16:0_18:0_18:2); TG(16:0_18:1_18:1); TG(16:0_18:1_20:0); TG(16:0_18:1_20:1); TG(16:1_18:1_18:1); TG(18:0_18:2_18:2)
SORBI_3006G278300	Thaumatin-like protein	PATHOGENESIS-RELATED THAUMATIN SUPERFAMILY PROTEIN (PTHR31048:SF26)					6	60899241	60902517	1.240061e-10	3	0.579194	8	TG(16:0_16:0_18:1); TG(16:0_16:0_20:1); TG(16:0_18:0_18:2); TG(16:0_18:1_18:1); TG(16:0_18:1_20:0); TG(16:0_18:1_20:1); TG(16:1_18:1_18:1); TG(18:0_18:2_18:2)
SORBI_3006G278400	C2H2-type domain-containing protein	OS04G0690100 PROTEIN (PTHR31681:SF3)	C2H2 zinc finger transcription factor(PC00248)				6	60906805	60909464	1.240061e-10	3	0.778493	8	TG(16:0_16:0_18:1); TG(16:0_16:0_20:1); TG(16:0_18:0_18:2); TG(16:0_18:1_18:1); TG(16:0_18:1_20:0); TG(16:0_18:1_20:1); TG(16:1_18:1_18:1); TG(18:0_18:2_18:2)
SORBI_3006G278500	GMP synthase [glutamine-hydrolyzing]	GMP SYNTHASE [GLUTAMINE-HYDROLYZING] (PTHR11922:SF2)	ligase(PC00142)	nucleotide binding(GO:0000166);GMP synthase activity(GO:0003921);GMP synthase (glutamine-hydrolyzing) activity(GO:0003922);ATP binding(GO:0005524)	purine nucleotide biosynthetic process(GO:0006164);GMP biosynthetic process(GO:0006177);GMP metabolic process(GO:0046037)	cytosol(GO:0005829)	6	60909086	60914793	1.240061e-10	3	0.685598	8	TG(16:0_16:0_18:1); TG(16:0_16:0_20:1); TG(16:0_18:0_18:2); TG(16:0_18:1_18:1); TG(16:0_18:1_20:0); TG(16:0_18:1_20:1); TG(16:1_18:1_18:1); TG(18:0_18:2_18:2)
SORBI_3006G278600	Fe2OG dioxygenase domain-containing protein	2-OXOGLUTARATE AND FE(II)-DEPENDENT OXYGENASE SUPERFAMILY PROTEIN (PTHR31447:SF23)		mRNA binding(GO:0003729);demethylase activity(GO:0032451)	mRNA catabolic process(GO:0006402)		6	60914403	60915440	1.240061e-10	3	0.685598	8	TG(16:0_16:0_18:1); TG(16:0_16:0_20:1); TG(16:0_18:0_18:2); TG(16:0_18:1_18:1); TG(16:0_18:1_20:0); TG(16:0_18:1_20:1); TG(16:1_18:1_18:1); TG(18:0_18:2_18:2)
SORBI_3006G278950	Uncharacterized protein						6	60933395	60935224	1.240061e-10	3	0.522001	9	TG(16:0_16:0_18:1); TG(16:0_16:0_20:1); TG(16:0_18:0_18:2); TG(16:0_18:1_18:1); TG(16:0_18:1_20:0); TG(16:0_18:1_20:1); TG(16:1_18:1_18:1); TG(18:0_18:2_18:2); gibberellic acid
SORBI_3006G279100	Protein kinase domain-containing protein	SERINE_THREONINE-PROTEIN KINASE SAPK5 (PTHR24343:SF521)	non-receptor serine/threonine protein kinase(PC00167)	nucleotide binding(GO:0000166);protein kinase activity(GO:0004672);protein serine/threonine kinase activity(GO:0004674);ATP binding(GO:0005524)			6	60941477	60947877	1.240061e-10	3	0.823802	8	TG(16:0_16:0_18:1); TG(16:0_16:0_20:1); TG(16:0_18:0_18:2); TG(16:0_18:1_18:1); TG(16:0_18:1_20:0); TG(16:0_18:1_20:1); TG(16:1_18:1_18:1); TG(18:0_18:2_18:2)
SORBI_3006G279400	NAC domain-containing protein	NAC DOMAIN-CONTAINING PROTEIN 30 (PTHR31989:SF363)		DNA binding(GO:0003677)	regulation of DNA-templated transcription(GO:0006355)	nucleus(GO:0005634)	6	60968193	60970485	1.240061e-10	3	1	8	TG(16:0_16:0_18:1); TG(16:0_16:0_20:1); TG(16:0_18:0_18:2); TG(16:0_18:1_18:1); TG(16:0_18:1_20:0); TG(16:0_18:1_20:1); TG(16:1_18:1_18:1); TG(18:0_18:2_18:2)
SORBI_3006G280250	Uncharacterized protein						6	61039288	61043093	1.240061e-10	3	0.687556	8	TG(16:0_16:0_18:1); TG(16:0_16:0_20:1); TG(16:0_18:0_18:2); TG(16:0_18:1_18:1); TG(16:0_18:1_20:0); TG(16:0_18:1_20:1); TG(16:1_18:1_18:1); TG(18:0_18:2_18:2)
SORBI_3006G040500	Phospholipid-transporting ATPase	PHOSPHOLIPID-TRANSPORTING ATPASE (PTHR24092:SF199)	primary active transporter(PC00068)	nucleotide binding(GO:0000166);magnesium ion binding(GO:0000287);ATP binding(GO:0005524);ATP hydrolysis activity(GO:0016887);ATPase-coupled intramembrane lipid carrier activity(GO:0140326)	phospholipid transport(GO:0015914);phospholipid translocation(GO:0045332)	endomembrane system(GO:0012505);membrane(GO:0016020)	6	25522678	25574669	1.246008e-10	1	0.422605	11	TG(16:0_16:0_18:1); TG(16:0_16:0_20:1); TG(16:0_18:0_18:2); TG(16:0_18:1_18:1); TG(16:0_18:1_18:2); TG(16:0_18:1_20:0); TG(16:0_18:1_20:1); TG(16:0_18:1_20:2); TG(16:1_18:1_18:1); TG(18:0_18:2_18:2); TG(18:1_18:2_18:2)
SORBI_3007G103600	GBF-interacting protein 1 N-terminal domain-containing protein	FLOCCULATION PROTEIN (DUF1296) (PTHR46775:SF1)					7	31999643	32035305	1.294017e-10	1	0.941846	4	TG(16:0_18:0_18:2); TG(16:0_18:1_20:1); TG(16:0_18:1_20:2); TG(18:0_18:2_18:2)
SORBI_3006G046700	Vacuolar protein sorting-associated protein 11 homolog	VACUOLAR PROTEIN SORTING-ASSOCIATED PROTEIN 11 HOMOLOG (PTHR23323:SF24)	membrane trafficking regulatory protein(PC00151)	protein-macromolecule adaptor activity(GO:0030674)	intracellular protein transport(GO:0006886);vesicle docking involved in exocytosis(GO:0006904);endosome organization(GO:0007032);vacuole organization(GO:0007033);vesicle-mediated transport(GO:0016192);organelle fusion(GO:0048284)	vacuolar membrane(GO:0005774);plant-type vacuole membrane(GO:0009705);endomembrane system(GO:0012505);HOPS complex(GO:0030897);CORVET complex(GO:0033263);vesicle tethering complex(GO:0099023)	6	32355055	32361010	1.619755e-10	1	0.511298	8	TG(16:0_16:0_20:1); TG(16:0_18:0_18:2); TG(16:0_18:1_18:1); TG(16:0_18:1_20:0); TG(16:0_18:1_20:1); TG(16:0_18:1_20:2); TG(16:1_18:1_18:1); TG(18:0_18:2_18:2)
SORBI_3006G046900	Uncharacterized protein	COTTON FIBER PROTEIN (PTHR33450:SF12)					6	32372970	32374330	1.619755e-10	1	0.428132	8	TG(16:0_16:0_20:1); TG(16:0_18:0_18:2); TG(16:0_18:1_18:1); TG(16:0_18:1_20:0); TG(16:0_18:1_20:1); TG(16:0_18:1_20:2); TG(16:1_18:1_18:1); TG(18:0_18:2_18:2)
SORBI_3006G047100	Exocyst subunit Exo70 family protein	EXOCYST SUBUNIT EXO70 FAMILY PROTEIN (PTHR12542:SF142)	membrane traffic protein(PC00150)	phosphatidylinositol-4,5-bisphosphate binding(GO:0005546)	exocytosis(GO:0006887)	exocyst(GO:0000145)	6	32526787	32529908	1.619755e-10	2	0.624271	8	TG(16:0_16:0_20:1); TG(16:0_18:0_18:2); TG(16:0_18:1_18:1); TG(16:0_18:1_20:0); TG(16:0_18:1_20:1); TG(16:0_18:1_20:2); TG(16:1_18:1_18:1); TG(18:0_18:2_18:2)
SORBI_3006G047200	BHLH domain-containing protein	TRANSCRIPTION FACTOR FER-LIKE IRON DEFICIENCY-INDUCED TRANSCRIPTION FACTOR (PTHR31945:SF17)	DNA-binding transcription factor(PC00218)	protein dimerization activity(GO:0046983)		nucleus(GO:0005634)	6	32754421	32756223	1.619755e-10	2	0.924031	8	TG(16:0_16:0_20:1); TG(16:0_18:0_18:2); TG(16:0_18:1_18:1); TG(16:0_18:1_20:0); TG(16:0_18:1_20:1); TG(16:0_18:1_20:2); TG(16:1_18:1_18:1); TG(18:0_18:2_18:2)
SORBI_3006G047300	EngC GTPase domain-containing protein	SMALL RIBOSOMAL SUBUNIT BIOGENESIS GTPASE RSGA 1, MITOCHONDRIAL-RELATED (PTHR32120:SF11)	RNA metabolism protein(PC00031)	GTPase activity(GO:0003924);GTP binding(GO:0005525);rRNA binding(GO:0019843)	ribosomal small subunit assembly(GO:0000028)		6	32775840	32781666	1.619755e-10	2	0.906756	8	TG(16:0_16:0_20:1); TG(16:0_18:0_18:2); TG(16:0_18:1_18:1); TG(16:0_18:1_20:0); TG(16:0_18:1_20:1); TG(16:0_18:1_20:2); TG(16:1_18:1_18:1); TG(18:0_18:2_18:2)
SORBI_3006G047400							6	32813279	32815507	1.619755e-10	2	0.442861	8	TG(16:0_16:0_20:1); TG(16:0_18:0_18:2); TG(16:0_18:1_18:1); TG(16:0_18:1_20:0); TG(16:0_18:1_20:1); TG(16:0_18:1_20:2); TG(16:1_18:1_18:1); TG(18:0_18:2_18:2)
SORBI_3002G079500	O-methyltransferase domain-containing protein	OS08G0169300 PROTEIN (PTHR11746:SF255)	methyltransferase(PC00155)	methyltransferase activity(GO:0008168);O-methyltransferase activity(GO:0008171);S-adenosylmethionine-dependent methyltransferase activity(GO:0008757);protein dimerization activity(GO:0046983)	methylation(GO:0032259)		2	8253892	8257661	1.682984e-10	1	1	4	TG(16:0_18:0_18:2); TG(16:0_18:1_20:1); TG(16:0_18:1_20:2); TG(18:0_18:2_18:2)
SORBI_3008G105366	Uncharacterized protein						8	49569719	49575021	1.757511e-10	1	0.430299	4	TG(16:0_16:0_20:1); TG(16:0_18:1_18:1); TG(16:1_18:1_18:1); TG(18:0_18:2_18:2)
SORBI_3010G147250	poly(A)-specific ribonuclease	POLY(A)-SPECIFIC RIBONUCLEASE (PTHR10797:SF78)	mRNA polyadenylation factor(PC00146)	nucleic acid binding(GO:0003676);poly(A)-specific ribonuclease activity(GO:0004535)		P-body(GO:0000932);nucleus(GO:0005634);cytoplasm(GO:0005737);CCR4-NOT complex(GO:0030014);CCR4-NOT core complex(GO:0030015)	10	42208651	42209207	1.785104e-10	1	0.538522	3	9,12,13,TriHODE; Oxo fatty acid (18:3); trans-EKODE-(E)-Ib
SORBI_3010G147300	Poly(A)-specific ribonuclease			nucleic acid binding(GO:0003676);poly(A)-specific ribonuclease activity(GO:0004535)		CCR4-NOT complex(GO:0030014)	10	42217039	42219620	1.785104e-10	1	0.558078	3	9,12,13,TriHODE; Oxo fatty acid (18:3); trans-EKODE-(E)-Ib
SORBI_3010G147350	poly(A)-specific ribonuclease			nucleic acid binding(GO:0003676);poly(A)-specific ribonuclease activity(GO:0004535)		nucleus(GO:0005634);cytoplasm(GO:0005737);CCR4-NOT complex(GO:0030014)	10	42220358	42221810	1.785104e-10	1	0.670147	3	9,12,13,TriHODE; Oxo fatty acid (18:3); trans-EKODE-(E)-Ib
SORBI_3010G147500	phosphoribosylanthranilate isomerase	N-(5'-PHOSPHORIBOSYL)ANTHRANILATE ISOMERASE (PTHR42894:SF1)	isomerase(PC00135)	phosphoribosylanthranilate isomerase activity(GO:0004640)	L-tryptophan biosynthetic process(GO:0000162);L-tryptophan metabolic process(GO:0006568)	chloroplast(GO:0009507)	10	42254853	42257063	1.785104e-10	1	0.673733	3	9,12,13,TriHODE; Oxo fatty acid (18:3); trans-EKODE-(E)-Ib
SORBI_3010G147833	Uncharacterized protein	RABCONNECTIN-3B, ISOFORM A (PTHR44099:SF4)				cytoplasm(GO:0005737)	10	42331511	42374634	1.785104e-10	1	0.454545	3	9,12,13,TriHODE; Oxo fatty acid (18:3); trans-EKODE-(E)-Ib
SORBI_3010G147966	Uncharacterized protein						10	42371882	42372991	1.785104e-10	1	0.454545	3	9,12,13,TriHODE; Oxo fatty acid (18:3); trans-EKODE-(E)-Ib
SORBI_3006G034200	Uncharacterized protein	OS01G0770100 PROTEIN (PTHR31650:SF42)	acyltransferase(PC00042)	diacylglycerol O-acyltransferase activity(GO:0004144);acyltransferase activity, transferring groups other than amino-acyl groups(GO:0016747);long-chain-alcohol O-fatty-acyltransferase activity(GO:0047196)	triglyceride biosynthetic process(GO:0019432);glycerolipid biosynthetic process(GO:0045017)	endoplasmic reticulum membrane(GO:0005789);plasma membrane(GO:0005886)	6	9222487	9226442	1.797998e-10	2	0.915764	1	TG(16:0_18:1_20:0)
SORBI_3006G034225	CCHC-type domain-containing protein	OS11G0296500 PROTEIN (PTHR23002:SF89)	RNA metabolism protein(PC00031)	nucleic acid binding(GO:0003676);single-stranded RNA binding(GO:0003727);mRNA binding(GO:0003729);zinc ion binding(GO:0008270);translation regulator activity(GO:0045182)	positive regulation of cytoplasmic translation(GO:2000767)	cytoplasm(GO:0005737)	6	9278514	9280416	1.797998e-10	2	0.915735	1	TG(16:0_18:1_20:0)
SORBI_3006G034250	TTF-type domain-containing protein	AC-LIKE TRANSPOSASE-RELATED (PTHR45749:SF35)					6	9328177	9330805	1.797998e-10	2	0.832301	1	TG(16:0_18:1_20:0)
SORBI_3001G225700	60S ribosomal protein L23	OS03G0139100 PROTEIN (PTHR11761:SF42)	ribosomal protein(PC00202)	structural constituent of ribosome(GO:0003735);large ribosomal subunit rRNA binding(GO:0070180)	translation(GO:0006412)	ribosome(GO:0005840);cytosolic large ribosomal subunit(GO:0022625)	1	21572171	21575529	1.811671e-10	2	0.453711	9	TG(16:0_16:0_18:1); TG(16:0_16:0_20:1); TG(16:0_18:0_18:2); TG(16:0_18:1_18:1); TG(16:0_18:1_20:0); TG(16:0_18:1_20:1); TG(16:1_18:1_18:1); TG(18:0_18:2_18:2); TG(18:1_18:2_18:2)
SORBI_3007G090403	Uncharacterized protein						7	13080632	13088528	1.861479e-10	3	0.948018	9	TG(16:0_16:0_20:1); TG(16:0_18:0_18:2); TG(16:0_18:1_18:1); TG(16:0_18:1_20:0); TG(16:0_18:1_20:1); TG(16:0_18:1_20:2); TG(16:1_18:1_18:1); TG(18:0_18:2_18:2); TG(18:1_18:2_18:2)
SORBI_3007G090406	Uncharacterized protein						7	13089172	13091948	1.861479e-10	3	0.451768	9	TG(16:0_16:0_20:1); TG(16:0_18:0_18:2); TG(16:0_18:1_18:1); TG(16:0_18:1_20:0); TG(16:0_18:1_20:1); TG(16:0_18:1_20:2); TG(16:1_18:1_18:1); TG(18:0_18:2_18:2); TG(18:1_18:2_18:2)
SORBI_3007G090412	MADS-box domain-containing protein	AGAMOUS-LIKE 50-RELATED (PTHR11945:SF776)	MADS box transcription factor(PC00250)	RNA polymerase II cis-regulatory region sequence-specific DNA binding(GO:0000978);DNA binding(GO:0003677);protein dimerization activity(GO:0046983)	regulation of transcription by RNA polymerase II(GO:0006357)	nucleus(GO:0005634)	7	13176736	13177479	1.861479e-10	3	0.97036	9	TG(16:0_16:0_20:1); TG(16:0_18:0_18:2); TG(16:0_18:1_18:1); TG(16:0_18:1_20:0); TG(16:0_18:1_20:1); TG(16:0_18:1_20:2); TG(16:1_18:1_18:1); TG(18:0_18:2_18:2); TG(18:1_18:2_18:2)
SORBI_3007G090415	Dienelactone hydrolase domain-containing protein	DIENELACTONE HYDROLASE DOMAIN-CONTAINING PROTEIN (PTHR17630:SF85)	hydrolase(PC00121)	hydrolase activity(GO:0016787)			7	13181480	13184658	1.861479e-10	3	0.97036	9	TG(16:0_16:0_20:1); TG(16:0_18:0_18:2); TG(16:0_18:1_18:1); TG(16:0_18:1_20:0); TG(16:0_18:1_20:1); TG(16:0_18:1_20:2); TG(16:1_18:1_18:1); TG(18:0_18:2_18:2); TG(18:1_18:2_18:2)
SORBI_3007G090418	Uncharacterized protein						7	13281479	13285739	1.861479e-10	3	0.949601	9	TG(16:0_16:0_20:1); TG(16:0_18:0_18:2); TG(16:0_18:1_18:1); TG(16:0_18:1_20:0); TG(16:0_18:1_20:1); TG(16:0_18:1_20:2); TG(16:1_18:1_18:1); TG(18:0_18:2_18:2); TG(18:1_18:2_18:2)
SORBI_3007G090421	MADS-box domain-containing protein	AGAMOUS-LIKE 50-RELATED (PTHR11945:SF776)	MADS box transcription factor(PC00250)	RNA polymerase II cis-regulatory region sequence-specific DNA binding(GO:0000978);DNA binding(GO:0003677);protein dimerization activity(GO:0046983)	regulation of transcription by RNA polymerase II(GO:0006357)	nucleus(GO:0005634)	7	13344217	13351320	1.861479e-10	3	0.97036	9	TG(16:0_16:0_20:1); TG(16:0_18:0_18:2); TG(16:0_18:1_18:1); TG(16:0_18:1_20:0); TG(16:0_18:1_20:1); TG(16:0_18:1_20:2); TG(16:1_18:1_18:1); TG(18:0_18:2_18:2); TG(18:1_18:2_18:2)
SORBI_3007G090424	Dienelactone hydrolase domain-containing protein	DIENELACTONE HYDROLASE DOMAIN-CONTAINING PROTEIN (PTHR17630:SF85)	hydrolase(PC00121)	hydrolase activity(GO:0016787)			7	13353016	13356319	1.861479e-10	3	0.97036	9	TG(16:0_16:0_20:1); TG(16:0_18:0_18:2); TG(16:0_18:1_18:1); TG(16:0_18:1_20:0); TG(16:0_18:1_20:1); TG(16:0_18:1_20:2); TG(16:1_18:1_18:1); TG(18:0_18:2_18:2); TG(18:1_18:2_18:2)
SORBI_3010G192600	TBCC domain-containing protein 1	TBCC DOMAIN-CONTAINING PROTEIN 1 (PTHR16052:SF1)				spindle pole(GO:0000922)	10	53477729	53484983	1.931837e-10	6	0.53177	1	TG(18:1_20:1_22:1)
SORBI_3010G192800	Uncharacterized protein	TRANSMEMBRANE PROTEIN (PTHR34483:SF7)					10	53501384	53502718	1.931837e-10	3	0.429827	1	TG(18:1_20:1_22:1)
SORBI_3010G193300	Phosphatidic acid phosphatase type 2_haloperoxidase domain-containing protein	PHOSPHATIDIC ACID PHOSPHATASE TYPE 2_HALOPEROXIDASE DOMAIN-CONTAINING PROTEIN (PTHR10165:SF167)	phosphatase(PC00181)	phosphatidate phosphatase activity(GO:0008195)	phospholipid metabolic process(GO:0006644);phospholipid dephosphorylation(GO:0046839)	membrane(GO:0016020)	10	53532486	53534748	1.931837e-10	6	0.586877	1	TG(18:1_20:1_22:1)
SORBI_3010G194001	Uncharacterized protein						10	53646043	53646540	1.931837e-10	6	0.618186	1	TG(18:1_20:1_22:1)
SORBI_3010G194500	Expansin	EXPANSIN-A20 (PTHR31867:SF99)			plant-type cell wall organization(GO:0009664)	extracellular region(GO:0005576);membrane(GO:0016020)	10	53707267	53710736	1.931837e-10	6	0.584235	1	TG(18:1_20:1_22:1)
SORBI_3010G194600	CW-type domain-containing protein	OS06G0622000 PROTEIN (PTHR23336:SF11)		zinc ion binding(GO:0008270);ATP hydrolysis activity(GO:0016887)	positive regulation of defense response(GO:0031349)	nucleus(GO:0005634)	10	53712704	53721636	1.931837e-10	6	0.719049	1	TG(18:1_20:1_22:1)
SORBI_3010G194700	ARID domain-containing protein	PROTEIN DEAD RINGER (PTHR15348:SF0)	DNA-binding transcription factor(PC00218)	DNA binding(GO:0003677)	regulation of DNA-templated transcription(GO:0006355);regulation of transcription by RNA polymerase II(GO:0006357)		10	53735853	53742541	1.931837e-10	6	0.892574	1	TG(18:1_20:1_22:1)
SORBI_3010G194900	BZIP domain-containing protein	BASIC-LEUCINE ZIPPER TRANSCRIPTION FACTOR E-RELATED (PTHR47416:SF8)	basic leucine zipper transcription factor(PC00056)	DNA-binding transcription factor activity(GO:0003700)	regulation of DNA-templated transcription(GO:0006355);response to endoplasmic reticulum stress(GO:0034976)	nucleus(GO:0005634);endoplasmic reticulum membrane(GO:0005789)	10	53796883	53799591	1.931837e-10	6	0.677988	1	TG(18:1_20:1_22:1)
SORBI_3010G195000	SEC7 domain-containing protein	BREFELDIN A-INHIBITED GUANINE NUCLEOTIDE-EXCHANGE PROTEIN 1 (PTHR10663:SF398)	guanyl-nucleotide exchange factor(PC00113)	guanyl-nucleotide exchange factor activity(GO:0005085)	regulation of ARF protein signal transduction(GO:0032012)	cytosol(GO:0005829);membrane(GO:0016020)	10	53805664	53814555	1.931837e-10	6	0.677988	1	TG(18:1_20:1_22:1)
SORBI_3010G195200	DCD domain-containing protein	OS09G0563700 PROTEIN (PTHR46034:SF38)			response to endoplasmic reticulum stress(GO:0034976)		10	53838135	53842307	1.931837e-10	6	0.589214	1	TG(18:1_20:1_22:1)
SORBI_3008G103132	CCHC-type domain-containing protein	OS11G0296500 PROTEIN (PTHR23002:SF89)	RNA metabolism protein(PC00031)	nucleic acid binding(GO:0003676);single-stranded RNA binding(GO:0003727);mRNA binding(GO:0003729);zinc ion binding(GO:0008270);translation regulator activity(GO:0045182)	positive regulation of cytoplasmic translation(GO:2000767)	cytoplasm(GO:0005737)	8	48942938	48944749	1.98562e-10	6	0.801796	2	PC(14:0_14:0); gibberellic acid
SORBI_3010G150701	Uncharacterized protein						10	43516457	43518915	2.054052e-10	3	0.767444	1	TG(18:2_20:3_21:0)
SORBI_3010G150900	Uncharacterized protein	OS06G0523300 PROTEIN (PTHR33513:SF43)					10	43624162	43626620	2.054052e-10	3	0.880557	1	TG(18:2_20:3_21:0)
SORBI_3010G151000	CMP-sialic acid transporter 1	UDP-SUGAR TRANSPORTER PROTEIN SLC35A4-RELATED (PTHR10231:SF43)	transporter(PC00227)	pyrimidine nucleotide-sugar transmembrane transporter activity(GO:0015165)	pyrimidine nucleotide-sugar transmembrane transport(GO:0090481)	Golgi membrane(GO:0000139);membrane(GO:0016020)	10	43625333	43633284	2.054052e-10	3	0.880557	1	TG(18:2_20:3_21:0)
SORBI_3010G151050	Uncharacterized protein						10	43735854	43738126	2.054052e-10	3	0.881952	1	TG(18:2_20:3_21:0)
SORBI_3010G151100	Uncharacterized protein						10	43738127	43740926	2.054052e-10	3	0.881952	1	TG(18:2_20:3_21:0)
SORBI_3010G151200	GRF-type domain-containing protein			zinc ion binding(GO:0008270)			10	43755649	43756814	2.054052e-10	3	0.847119	1	TG(18:2_20:3_21:0)
SORBI_3010G151325	Protein FAR1-RELATED SEQUENCE	PROTEIN FAR1-RELATED SEQUENCE (PTHR31669:SF168)		zinc ion binding(GO:0008270)	regulation of DNA-templated transcription(GO:0006355)	nucleus(GO:0005634)	10	43771550	43774815	2.054052e-10	3	0.848693	1	TG(18:2_20:3_21:0)
SORBI_3006G187700	Uncharacterized protein						6	54225893	54226812	2.064514e-10	1	0.401143	1	TG(12:0_14:0_18:3)
SORBI_3006G187800	Uncharacterized protein	PROTEIN FATTY ACID EXPORT 4, CHLOROPLASTIC (PTHR12668:SF38)				membrane(GO:0016020)	6	54228046	54231023	2.064514e-10	1	0.401749	1	TG(12:0_14:0_18:3)
SORBI_3010G140600	BolA-like protein	PROTEIN BOLA4, CHLOROPLASTIC_MITOCHONDRIAL (PTHR46230:SF4)			iron-sulfur cluster assembly(GO:0016226)		10	27920444	27926002	2.065968e-10	1	0.859958	2	TG(18:2_22:0_22:3); trans-EKODE-(E)-Ib
SORBI_3010G035900	Uncharacterized protein	OS06G0146800 PROTEIN (PTHR46610:SF14)					10	2888415	2890086	2.362971e-10	1	0.429194	1	PA(16:0_18:2)
SORBI_3006G276300	Uncharacterized protein	PROTEIN CCC1 (PTHR31851:SF52)	transporter(PC00227)	iron ion transmembrane transporter activity(GO:0005381);manganese ion transmembrane transporter activity(GO:0005384);iron ion sequestering activity(GO:0140315)	intracellular manganese ion homeostasis(GO:0030026);iron ion transmembrane transport(GO:0034755);manganese ion transmembrane transport(GO:0071421)	vacuolar membrane(GO:0005774)	6	60722232	60723789	2.544716e-10	2	0.725812	7	TG(16:0_16:0_20:1); TG(16:0_18:0_18:2); TG(16:0_18:1_18:1); TG(16:0_18:1_20:0); TG(16:0_18:1_20:1); TG(16:1_18:1_18:1); TG(18:0_18:2_18:2)
SORBI_3006G277100	WAT1-related protein	WAT1-RELATED PROTEIN (PTHR31218:SF412)		transmembrane transporter activity(GO:0022857)	transmembrane transport(GO:0055085)	membrane(GO:0016020)	6	60797371	60800752	2.544716e-10	2	0.518128	7	TG(16:0_16:0_20:1); TG(16:0_18:0_18:2); TG(16:0_18:1_18:1); TG(16:0_18:1_20:0); TG(16:0_18:1_20:1); TG(16:1_18:1_18:1); TG(18:0_18:2_18:2)
SORBI_3006G279000	RRM domain-containing protein	RRM DOMAIN-CONTAINING PROTEIN (PTHR33527:SF23)					6	60936448	60937808	2.544716e-10	2	0.702659	8	TG(16:0_16:0_20:1); TG(16:0_18:0_18:2); TG(16:0_18:1_18:1); TG(16:0_18:1_20:0); TG(16:0_18:1_20:1); TG(16:1_18:1_18:1); TG(18:0_18:2_18:2); gibberellic acid
SORBI_3002G322800	WAT1-related protein	WAT1-RELATED PROTEIN (PTHR31218:SF37)		transmembrane transporter activity(GO:0022857)	transmembrane transport(GO:0055085)	membrane(GO:0016020)	2	69400274	69405999	2.838561e-10	1	0.846726	1	TG(18:3_18:3_18:3)
SORBI_3006G032400	Zinc finger PHD-type domain-containing protein	HISTONE-LYSINE N-METHYLTRANSFERASE SET-26-RELATED (PTHR14571:SF9)				nucleus(GO:0005634)	6	7160601	7177120	3.08086e-10	1	0.694277	7	TG(16:0_16:0_20:1); TG(16:0_18:0_18:2); TG(16:0_18:1_18:1); TG(16:0_18:1_18:2); TG(16:0_18:1_20:0); TG(16:0_18:1_20:1); TG(18:0_18:2_18:2)
SORBI_3006G032500	Secreted protein						6	7194830	7198368	3.08086e-10	1	0.687153	7	TG(16:0_16:0_20:1); TG(16:0_18:0_18:2); TG(16:0_18:1_18:1); TG(16:0_18:1_18:2); TG(16:0_18:1_20:0); TG(16:0_18:1_20:1); TG(18:0_18:2_18:2)
SORBI_3006G032600	RING-type domain-containing protein	RECEPTOR HOMOLOGY REGION, TRANSMEMBRANE DOMAIN- AND RING DOMAIN-CONTAINING PROTEIN 2 (PTHR22765:SF430)	ubiquitin-protein ligase(PC00234)	transcription cis-regulatory region binding(GO:0000976);ubiquitin protein ligase activity(GO:0061630)	ubiquitin-dependent protein catabolic process(GO:0006511)	cytoplasm(GO:0005737);late endosome(GO:0005770);endoplasmic reticulum(GO:0005783);trans-Golgi network(GO:0005802);endomembrane system(GO:0012505)	6	7199352	7203769	3.08086e-10	1	0.924	7	TG(16:0_16:0_20:1); TG(16:0_18:0_18:2); TG(16:0_18:1_18:1); TG(16:0_18:1_18:2); TG(16:0_18:1_20:0); TG(16:0_18:1_20:1); TG(18:0_18:2_18:2)
SORBI_3006G032700	Rhodanese domain-containing protein	THIOSULFATE SULFURTRANSFERASE 18 (PTHR44542:SF12)	transferase(PC00220)	catalytic activity(GO:0003824)			6	7357701	7362253	3.08086e-10	1	0.960064	7	TG(16:0_16:0_20:1); TG(16:0_18:0_18:2); TG(16:0_18:1_18:1); TG(16:0_18:1_18:2); TG(16:0_18:1_20:0); TG(16:0_18:1_20:1); TG(18:0_18:2_18:2)
SORBI_3006G032800	GH10 domain-containing protein	OS05G0304900 PROTEIN (PTHR31490:SF79)	metalloprotease(PC00153)	hydrolase activity, hydrolyzing O-glycosyl compounds(GO:0004553);endo-1,4-beta-xylanase activity(GO:0031176)	carbohydrate metabolic process(GO:0005975);xylan catabolic process(GO:0045493)		6	7365479	7369506	3.08086e-10	1	0.960064	7	TG(16:0_16:0_20:1); TG(16:0_18:0_18:2); TG(16:0_18:1_18:1); TG(16:0_18:1_18:2); TG(16:0_18:1_20:0); TG(16:0_18:1_20:1); TG(18:0_18:2_18:2)
SORBI_3006G032900	Endonuclease_exonuclease_phosphatase domain-containing protein	ENDONUCLEASE_EXONUCLEASE_PHOSPHATASE DOMAIN-CONTAINING PROTEIN (PTHR12121:SF36)	mRNA polyadenylation factor(PC00146)	3'-5'-RNA exonuclease activity(GO:0000175);catalytic activity(GO:0003824)			6	7483839	7493581	3.08086e-10	1	0.660606	7	TG(16:0_16:0_20:1); TG(16:0_18:0_18:2); TG(16:0_18:1_18:1); TG(16:0_18:1_18:2); TG(16:0_18:1_20:0); TG(16:0_18:1_20:1); TG(18:0_18:2_18:2)
SORBI_3006G033001	CCHC-type domain-containing protein	OS11G0296500 PROTEIN (PTHR23002:SF89)	RNA metabolism protein(PC00031)	nucleic acid binding(GO:0003676);single-stranded RNA binding(GO:0003727);mRNA binding(GO:0003729);zinc ion binding(GO:0008270);translation regulator activity(GO:0045182)	positive regulation of cytoplasmic translation(GO:2000767)	cytoplasm(GO:0005737)	6	7505109	7508651	3.08086e-10	1	0.675205	7	TG(16:0_16:0_20:1); TG(16:0_18:0_18:2); TG(16:0_18:1_18:1); TG(16:0_18:1_18:2); TG(16:0_18:1_20:0); TG(16:0_18:1_20:1); TG(18:0_18:2_18:2)
SORBI_3005G143900	Ultraviolet-B receptor UVR8	UVB-RESISTANCE PROTEIN UVR8-RELATED (PTHR22870:SF395)	guanyl-nucleotide exchange factor(PC00113)				5	60829888	60835616	3.098264e-10	13	0.50516	4	TG(16:0_16:0_20:1); TG(16:0_18:1_18:1); TG(16:0_18:1_20:0); TG(18:0_18:2_18:2)
SORBI_3005G144101	Glycosyltransferase 6	GLYCOSYLTRANSFERASE 6 (PTHR31311:SF20)	transferase(PC00220)	glycosyltransferase activity(GO:0016757)		Golgi membrane(GO:0000139);membrane(GO:0016020)	5	60853399	60854796	3.098264e-10	12	0.431682	4	TG(16:0_16:0_20:1); TG(16:0_18:1_18:1); TG(16:0_18:1_20:0); TG(18:0_18:2_18:2)
SORBI_3005G144201	Transmembrane protein 87B	GH17801P (PTHR21229:SF1)	G-protein coupled receptor(PC00021)			membrane(GO:0016020)	5	60875999	60880467	3.098264e-10	13	0.523062	4	TG(16:0_16:0_20:1); TG(16:0_18:1_18:1); TG(16:0_18:1_20:0); TG(18:0_18:2_18:2)
SORBI_3005G144300	Patatin	PATATIN-LIKE PHOSPHOLIPASE DOMAIN-CONTAINING PROTEIN 4 (PTHR12406:SF7)	phospholipase(PC00186)	triacylglycerol lipase activity(GO:0004806);lipase activity(GO:0016298);hydrolase activity(GO:0016787)	lipid metabolic process(GO:0006629);response to osmotic stress(GO:0006970);lipid catabolic process(GO:0016042);triglyceride catabolic process(GO:0019433);cellular response to heat(GO:0034605);lipid homeostasis(GO:0055088)	lipid droplet(GO:0005811);chloroplast(GO:0009507);membrane(GO:0016020)	5	60880595	60883219	3.098264e-10	13	0.507024	4	TG(16:0_16:0_20:1); TG(16:0_18:1_18:1); TG(16:0_18:1_20:0); TG(18:0_18:2_18:2)
SORBI_3005G144400	Uncharacterized protein						5	60891371	60898872	3.098264e-10	13	0.504273	4	TG(16:0_16:0_20:1); TG(16:0_18:1_18:1); TG(16:0_18:1_20:0); TG(18:0_18:2_18:2)
SORBI_3005G144450	Uncharacterized protein						5	60892090	60895008	3.098264e-10	13	0.504273	4	TG(16:0_16:0_20:1); TG(16:0_18:1_18:1); TG(16:0_18:1_20:0); TG(18:0_18:2_18:2)
SORBI_3005G144500	Glycosyltransferase 6	GLYCOSYLTRANSFERASE 6-RELATED (PTHR31311:SF45)	transferase(PC00220)	galactosyltransferase activity(GO:0008378);glycosyltransferase activity(GO:0016757)		Golgi membrane(GO:0000139);membrane(GO:0016020)	5	60905294	60907053	3.098264e-10	13	0.651073	4	TG(16:0_16:0_20:1); TG(16:0_18:1_18:1); TG(16:0_18:1_20:0); TG(18:0_18:2_18:2)
SORBI_3005G144600	Kinesin-like protein	KINESIN HEAVY CHAIN ISOFORM X1 (PTHR47968:SF36)		nucleotide binding(GO:0000166);cytoskeletal motor activity(GO:0003774);microtubule motor activity(GO:0003777);ATP binding(GO:0005524);microtubule binding(GO:0008017)	microtubule-based movement(GO:0007018)	kinetochore(GO:0000776)	5	60955631	60961062	3.098264e-10	13	0.903696	4	TG(16:0_16:0_20:1); TG(16:0_18:1_18:1); TG(16:0_18:1_20:0); TG(18:0_18:2_18:2)
SORBI_3005G144800	DUF4283 domain-containing protein	OS02G0303350 PROTEIN (PTHR33075:SF7)					5	60985372	60988523	3.098264e-10	13	0.903696	4	TG(16:0_16:0_20:1); TG(16:0_18:1_18:1); TG(16:0_18:1_20:0); TG(18:0_18:2_18:2)
SORBI_3005G144900	Uncharacterized protein	TRANSMEMBRANE PROTEIN (PTHR34483:SF5)					5	60995478	60996474	3.098264e-10	13	0.930232	4	TG(16:0_16:0_20:1); TG(16:0_18:1_18:1); TG(16:0_18:1_20:0); TG(18:0_18:2_18:2)
SORBI_3005G145000	THH1_TOM1_TOM3 domain-containing protein	TRANSMEMBRANE PROTEIN (PTHR34483:SF5)					5	61009161	61010559	3.098264e-10	13	0.840544	4	TG(16:0_16:0_20:1); TG(16:0_18:1_18:1); TG(16:0_18:1_20:0); TG(18:0_18:2_18:2)
SORBI_3005G145100	Phospholipase A2	OS11G0546600 PROTEIN (PTHR11716:SF52)	phospholipase(PC00186)	A2-type glycerophospholipase activity(GO:0004623);calcium ion binding(GO:0005509);lipid binding(GO:0008289)	phospholipid metabolic process(GO:0006644);arachidonate secretion(GO:0050482)	extracellular region(GO:0005576)	5	61030785	61033183	3.098264e-10	13	0.84057	4	TG(16:0_16:0_20:1); TG(16:0_18:1_18:1); TG(16:0_18:1_20:0); TG(18:0_18:2_18:2)
SORBI_3006G280000	Importin N-terminal domain-containing protein	FI21453P1-RELATED (PTHR10527:SF3)	transporter(PC00227)	nuclear localization sequence binding(GO:0008139);small GTPase binding(GO:0031267);nuclear import signal receptor activity(GO:0061608)	protein import into nucleus(GO:0006606);intracellular protein transport(GO:0006886)	nucleoplasm(GO:0005654);cytoplasm(GO:0005737)	6	61006035	61017806	3.098264e-10	1	0.410993	4	TG(16:0_16:0_20:1); TG(16:0_18:1_18:1); TG(16:0_18:1_20:0); TG(18:0_18:2_18:2)
SORBI_3006G282000	Cytochrome c domain-containing protein	CYTOCHROME C (PTHR11961:SF51)		electron transfer activity(GO:0009055);heme binding(GO:0020037)	mitochondrial electron transport, ubiquinol to cytochrome c(GO:0006122);mitochondrial electron transport, cytochrome c to oxygen(GO:0006123);gibberellic acid homeostasis(GO:0010336)	mitochondrial intermembrane space(GO:0005758)	6	61206180	61207599	3.098264e-10	1	0.427002	4	TG(16:0_16:0_20:1); TG(16:0_18:1_18:1); TG(16:0_18:1_20:0); TG(18:0_18:2_18:2)
SORBI_3001G261750	Uncharacterized protein						1	46065187	46066892	3.164879e-10	1	0.58679	1	AEG(o-15:2_15:0)
SORBI_3001G261900	RNA uridylyltransferase	POLY(A) RNA POLYMERASE GLD2 (PTHR12271:SF40)	nucleotidyltransferase(PC00174)		polyuridylation-dependent mRNA catabolic process(GO:1990074)	cytoplasm(GO:0005737)	1	46070345	46081650	3.164879e-10	1	0.583041	1	AEG(o-15:2_15:0)
SORBI_3001G262000	Uncharacterized protein						1	46317992	46322252	3.164879e-10	1	0.573885	1	AEG(o-15:2_15:0)
SORBI_3010G142501	Uncharacterized protein						10	36983780	36985193	3.203925e-10	1	0.911458	4	TG(16:0_16:0_20:1); TG(16:0_18:1_18:1); TG(16:1_18:1_18:1); TG(18:0_18:2_18:2)
SORBI_3010G142600	Uncharacterized protein						10	37013049	37018276	3.203925e-10	1	0.938297	4	TG(16:0_16:0_20:1); TG(16:0_18:1_18:1); TG(16:1_18:1_18:1); TG(18:0_18:2_18:2)
SORBI_3010G142650	Uncharacterized protein						10	37148319	37152822	3.203925e-10	1	0.874642	6	Oxo fatty acid (18:3); TG(16:0_16:0_20:1); TG(16:0_18:1_18:1); TG(16:1_18:1_18:1); TG(18:0_18:2_18:2); trans-EKODE-(E)-Ib
SORBI_3001G457600	Ubiquitin-like domain-containing protein	UBIQUITIN-LIKE DOMAIN-CONTAINING PROTEIN (PTHR35161:SF20)					1	73359978	73378705	3.447118e-10	1	1	3	9,12,13,TriHODE; Oxo fatty acid (18:3); trans-EKODE-(E)-Ib
SORBI_3006G040301	CCHC-type domain-containing protein	OS11G0296500 PROTEIN (PTHR23002:SF89)	RNA metabolism protein(PC00031)	nucleic acid binding(GO:0003676);single-stranded RNA binding(GO:0003727);mRNA binding(GO:0003729);zinc ion binding(GO:0008270);translation regulator activity(GO:0045182)	positive regulation of cytoplasmic translation(GO:2000767)	cytoplasm(GO:0005737)	6	20621419	20623356	3.453196e-10	1	0.964188	4	TG(16:0_16:0_20:1); TG(16:0_18:1_18:1); TG(16:0_18:1_20:0); TG(18:0_18:2_18:2)
SORBI_3003G205200	Zinc finger FYVE domain-containing protein 26	ZINC FINGER FYVE DOMAIN-CONTAINING PROTEIN 26 (PTHR35478:SF1)					3	53505136	53549677	3.521525e-10	4	0.471666	2	TG(16:0_16:0_18:2); TG(18:1_18:2_18:2)
SORBI_3003G205400	Uncharacterized protein	RIBOSOMAL PROTEIN L25_GLN-TRNA SYNTHETASE, ANTI-CODON-BINDING DOMAIN-CONTAINING PROTEIN (PTHR33284:SF1)	ribosomal protein(PC00202)	structural constituent of ribosome(GO:0003735);5S rRNA binding(GO:0008097)	translation(GO:0006412)	ribosome(GO:0005840);cytosolic large ribosomal subunit(GO:0022625)	3	53562233	53564791	3.521525e-10	4	0.540687	2	TG(16:0_16:0_18:2); TG(18:1_18:2_18:2)
SORBI_3003G205501	Protein SYS1 homolog	PROTEIN SYS1 HOMOLOG (PTHR12952:SF0)	membrane traffic protein(PC00150)		Golgi to endosome transport(GO:0006895);protein localization to Golgi apparatus(GO:0034067);Golgi to plasma membrane protein transport(GO:0043001)	Golgi membrane(GO:0000139);trans-Golgi network(GO:0005802);cytosol(GO:0005829)	3	53566331	53581245	3.521525e-10	4	0.524925	2	TG(16:0_16:0_18:2); TG(18:1_18:2_18:2)
SORBI_3003G205700	Uncharacterized protein						3	53606320	53607744	3.521525e-10	4	0.58591	2	TG(16:0_16:0_18:2); TG(18:1_18:2_18:2)
SORBI_3003G205801	Uncharacterized protein						3	53613821	53619001	3.521525e-10	6	0.820629	2	TG(16:0_16:0_18:2); TG(18:1_18:2_18:2)
SORBI_3003G205900	GDSL esterase_lipase	GDSL ESTERASE_LIPASE (PTHR45648:SF129)	lipase(PC00143)	hydrolase activity, acting on ester bonds(GO:0016788)			3	53622851	53626872	3.521525e-10	6	0.801753	2	TG(16:0_16:0_18:2); TG(18:1_18:2_18:2)
SORBI_3003G206000	Uncharacterized protein	OS12G0136300 PROTEIN (PTHR48125:SF10)					3	53631582	53633054	3.521525e-10	6	0.763829	2	TG(16:0_16:0_18:2); TG(18:1_18:2_18:2)
SORBI_3003G206100	Uncharacterized protein						3	53635305	53636556	3.521525e-10	6	0.776734	2	TG(16:0_16:0_18:2); TG(18:1_18:2_18:2)
SORBI_3003G206200	Uncharacterized protein						3	53639159	53640239	3.521525e-10	4	0.528011	2	TG(16:0_16:0_18:2); TG(18:1_18:2_18:2)
SORBI_3003G206300	Uncharacterized protein						3	53671219	53672149	3.521525e-10	6	0.958342	2	TG(16:0_16:0_18:2); TG(18:1_18:2_18:2)
SORBI_3003G206500	Uncharacterized protein	OS01G0595001 PROTEIN (PTHR36483:SF10)					3	53697759	53698384	3.521525e-10	6	0.860018	2	TG(16:0_16:0_18:2); TG(18:1_18:2_18:2)
SORBI_3003G206600	Btz domain-containing protein	PROTEIN MLN51 HOMOLOG (PTHR46837:SF5)		mRNA binding(GO:0003729)	mRNA processing(GO:0006397)	nucleus(GO:0005634);cytoplasm(GO:0005737);exon-exon junction complex(GO:0035145)	3	53720276	53728645	3.521525e-10	6	0.940385	2	TG(16:0_16:0_18:2); TG(18:1_18:2_18:2)
SORBI_3003G206700	HMA domain-containing protein	OS01G0595201 PROTEIN (PTHR46119:SF7)		metal ion binding(GO:0046872)			3	53728646	53730646	3.521525e-10	6	0.922656	2	TG(16:0_16:0_18:2); TG(18:1_18:2_18:2)
SORBI_3003G206800	DUF538 family protein	OS01G0595400 PROTEIN (PTHR31676:SF172)					3	53734010	53740971	3.521525e-10	6	0.812695	2	TG(16:0_16:0_18:2); TG(18:1_18:2_18:2)
SORBI_3003G206900	AB hydrolase-1 domain-containing protein	ALPHA_BETA-HYDROLASES SUPERFAMILY PROTEIN (PTHR43039:SF7)	serine protease(PC00203)				3	53752968	53757348	3.521525e-10	6	0.578238	2	TG(16:0_16:0_18:2); TG(18:1_18:2_18:2)
SORBI_3003G207000	DRBM domain-containing protein	DRBM DOMAIN-CONTAINING PROTEIN (PTHR33913:SF1)					3	53766010	53773308	3.521525e-10	6	0.871126	2	TG(16:0_16:0_18:2); TG(18:1_18:2_18:2)
SORBI_3001G263900	Enoyl reductase (ER) domain-containing protein	ALCOHOL DEHYDROGENASE-LIKE 4 (PTHR43880:SF56)	dehydrogenase(PC00092)	alcohol dehydrogenase (NAD+) activity(GO:0004022);zinc ion binding(GO:0008270);oxidoreductase activity(GO:0016491)	formaldehyde catabolic process(GO:0046294)	cytoplasm(GO:0005737);cytosol(GO:0005829)	1	48853471	48860836	3.891434e-10	1	0.881082	1	gibberellic acid
SORBI_3001G264000	Enoyl reductase (ER) domain-containing protein	ALCOHOL DEHYDROGENASE-LIKE 3 (PTHR43880:SF42)	dehydrogenase(PC00092)	alcohol dehydrogenase (NAD+) activity(GO:0004022);zinc ion binding(GO:0008270);oxidoreductase activity(GO:0016491)	formaldehyde catabolic process(GO:0046294)	cytoplasm(GO:0005737);cytosol(GO:0005829)	1	48988585	48994298	3.891434e-10	1	0.640246	1	gibberellic acid
SORBI_3001G264100	Uncharacterized protein	NADP-DEPENDENT MANNITOL DEHYDROGENASE (PTHR42898:SF6)	reductase(PC00198)	oxidoreductase activity(GO:0016491)			1	49012702	49021429	3.891434e-10	1	0.469514	1	gibberellic acid
SORBI_3008G103200	Prolyl endopeptidase	PROLYL ENDOPEPTIDASE (PTHR42881:SF2)	serine protease(PC00203)	serine-type endopeptidase activity(GO:0004252);peptidase activity(GO:0008233);serine-type peptidase activity(GO:0008236);oligopeptidase activity(GO:0070012)	proteolysis(GO:0006508)	cytosol(GO:0005829)	8	48953521	48961871	3.94205e-10	1	0.939525	2	PC(14:0_14:0); gibberellic acid
SORBI_3006G037000	Uncharacterized protein						6	13613964	13615194	4.027253e-10	1	0.647327	3	TG(16:0_18:1_18:2); TG(16:0_18:1_20:0); TG(18:1_18:2_18:2)
SORBI_3006G037050	Uncharacterized protein						6	13898757	13902414	4.027253e-10	1	0.735974	3	TG(16:0_18:1_18:2); TG(16:0_18:1_20:0); TG(18:1_18:2_18:2)
SORBI_3006G037100	Uncharacterized protein	PHOSPHODIESTERASE EPSILON-1, PUTATIVE (DUF1685)-RELATED (PTHR31865:SF3)					6	13902813	13904181	4.027253e-10	1	0.434565	3	TG(16:0_18:1_18:2); TG(16:0_18:1_20:0); TG(18:1_18:2_18:2)
SORBI_3006G048700	Acyl-[acyl-carrier-protein] desaturase	STEAROYL-[ACYL-CARRIER-PROTEIN] 9-DESATURASE 5, CHLOROPLASTIC (PTHR31155:SF11)		oxidoreductase activity(GO:0016491);stearoyl-[ACP] desaturase activity(GO:0045300)	fatty acid metabolic process(GO:0006631);fatty acid biosynthetic process(GO:0006633)	chloroplast(GO:0009507)	6	34559165	34562646	4.059633e-10	1	0.825336	1	TG(16:0_18:1_20:0)
SORBI_3005G202500	Uncharacterized protein	TROPINONE REDUCTASE (PTHR42898:SF25)	reductase(PC00198)	oxidoreductase activity(GO:0016491);oxidoreductase activity, acting on CH-OH group of donors(GO:0016614)			5	68763786	68767312	4.365522e-10	2	0.85292	3	TG(16:0_18:1_18:2); TG(16:0_18:1_20:2); TG(18:1_18:2_18:2)
SORBI_3004G140300	7-dehydrocholesterol reductase	7-DEHYDROCHOLESTEROL REDUCTASE (PTHR21257:SF38)	reductase(PC00198)	oxidoreductase activity, acting on the CH-CH group of donors, NAD or NADP as acceptor(GO:0016628);7-dehydrocholesterol reductase activity(GO:0047598)	steroid biosynthetic process(GO:0006694);sterol biosynthetic process(GO:0016126)	endoplasmic reticulum membrane(GO:0005789);membrane(GO:0016020)	4	40799384	40804789	4.396448e-10	1	0.742875	1	TG(12:0_14:0_18:3)
SORBI_3004G140400	DNA2_NAM7 helicase-like C-terminal domain-containing protein	P-LOOP CONTAINING NUCLEOSIDE TRIPHOSPHATE HYDROLASE SUPERFAMILY PROTEIN (PTHR10887:SF488)	RNA helicase(PC00032)	helicase activity(GO:0004386)		chromosome(GO:0005694)	4	40808675	40828401	4.396448e-10	1	0.752445	1	TG(12:0_14:0_18:3)
SORBI_3004G140501	BED-type domain-containing protein	BOUNDARY ELEMENT ASSOCIATED FACTOR (PTHR34396:SF25)		DNA binding(GO:0003677)	regulation of transcription by RNA polymerase II(GO:0006357)	nucleus(GO:0005634)	4	40949367	40951777	4.396448e-10	1	0.752392	1	TG(12:0_14:0_18:3)
SORBI_3004G140600	Exonuclease domain-containing protein	OLIGORIBONUCLEASE, MITOCHONDRIAL (PTHR11046:SF0)	endoribonuclease(PC00094)	3'-5'-RNA exonuclease activity(GO:0000175);nucleic acid binding(GO:0003676)	RNA metabolic process(GO:0016070)	mitochondrion(GO:0005739)	4	40959559	40966085	4.396448e-10	1	0.743248	1	TG(12:0_14:0_18:3)
SORBI_3002G091200	Pectinesterase inhibitor domain-containing protein	OS07G0247000 PROTEIN (PTHR31080:SF21)		enzyme inhibitor activity(GO:0004857);pectinesterase inhibitor activity(GO:0046910)			2	9520497	9521758	4.402201e-10	21	0.679297	1	TG(18:1_20:1_22:1)
SORBI_3002G091300	Pectinesterase inhibitor domain-containing protein	PECTINESTERASE INHIBITOR DOMAIN-CONTAINING PROTEIN (PTHR31080:SF154)		enzyme inhibitor activity(GO:0004857);pectinesterase inhibitor activity(GO:0046910)			2	9525195	9526587	4.402201e-10	21	0.701261	1	TG(18:1_20:1_22:1)
SORBI_3002G091400	Cytochrome P450	CYTOCHROME P450 (PTHR47947:SF53)	oxygenase(PC00177)	monooxygenase activity(GO:0004497);iron ion binding(GO:0005506);oxidoreductase activity(GO:0016491);oxidoreductase activity, acting on paired donors, with incorporation or reduction of molecular oxygen(GO:0016705);heme binding(GO:0020037)			2	9528682	9530773	4.402201e-10	21	0.771331	1	TG(18:1_20:1_22:1)
SORBI_3002G091500	AB hydrolase-1 domain-containing protein	AB HYDROLASE-1 DOMAIN-CONTAINING PROTEIN (PTHR43329:SF86)	hydrolase(PC00121)	catalytic activity(GO:0003824);epoxide hydrolase activity(GO:0004301);hydrolase activity(GO:0016787)			2	9530774	9532713	4.402201e-10	21	0.662394	1	TG(18:1_20:1_22:1)
SORBI_3002G091600	S-adenosyl-L-methionine-dependent methyltransferase	S-ADENOSYL-L-METHIONINE-DEPENDENT METHYLTRANSFERASES SUPERFAMILY PROTEIN (PTHR43619:SF2)	methyltransferase(PC00155)	methyltransferase activity(GO:0008168)			2	9538510	9542833	4.402201e-10	21	0.746206	1	TG(18:1_20:1_22:1)
SORBI_3002G091700	MLO-like protein	MLO-LIKE PROTEIN (PTHR31942:SF83)			defense response(GO:0006952)	membrane(GO:0016020)	2	9546198	9559088	4.402201e-10	21	1	1	TG(18:1_20:1_22:1)
SORBI_3002G091900	Uncharacterized protein						2	9575635	9576222	4.402201e-10	21	1	1	TG(18:1_20:1_22:1)
SORBI_3002G092050	Pentacotripeptide-repeat region of PRORP domain-containing protein	PENTACOTRIPEPTIDE-REPEAT REGION OF PRORP DOMAIN-CONTAINING PROTEIN (PTHR46128:SF184)	RNA splicing factor(PC00148)				2	9577525	9579683	4.402201e-10	21	1	1	TG(18:1_20:1_22:1)
SORBI_3002G092300	Probable cytosolic iron-sulfur protein assembly protein CIAO1 homolog	CYTOSOLIC IRON-SULFUR PROTEIN ASSEMBLY PROTEIN CIAO1-RELATED (PTHR19920:SF0)			iron-sulfur cluster assembly(GO:0016226)	cytosolic [4Fe-4S] assembly targeting complex(GO:0097361)	2	9593114	9597058	4.402201e-10	21	1	1	TG(18:1_20:1_22:1)
SORBI_3004G137000	No apical meristem-associated C-terminal domain-containing protein						4	36547869	36548929	4.638982e-10	1	0.645088	2	TG(10:0_10:0_10:0); TG(12:0_14:0_18:3)
SORBI_3001G496100	Uncharacterized protein						1	76575839	76578016	4.642585e-10	1	0.818934	1	TG(16:0_16:0_18:1)
SORBI_3001G496700	DUF4005 domain-containing protein	IQ CALMODULIN-BINDING MOTIF FAMILY PROTEIN, EXPRESSED (PTHR32295:SF99)					1	76661336	76663583	4.642585e-10	1	0.412703	1	TG(16:0_16:0_18:1)
SORBI_3001G496800	STAS domain-containing protein	SULFATE TRANSPORTER 3.1 (PTHR11814:SF60)	transporter(PC00227)	secondary active sulfate transmembrane transporter activity(GO:0008271)	transmembrane transport(GO:0055085);sulfate transmembrane transport(GO:1902358)	membrane(GO:0016020)	1	76678203	76684214	4.642585e-10	1	0.551176	1	TG(16:0_16:0_18:1)
SORBI_3001G496900	Inositol polyphosphate-related phosphatase domain-containing protein	OS03G0160600 PROTEIN (PTHR45666:SF56)	phosphatase(PC00181)	inositol-polyphosphate 5-phosphatase activity(GO:0004445);phosphatase activity(GO:0016791)	phosphatidylinositol dephosphorylation(GO:0046856)		1	76688048	76700046	4.642585e-10	1	0.585677	1	TG(16:0_16:0_18:1)
SORBI_3001G497100	DUF1677 family protein	DUF1677 FAMILY PROTEIN (PTHR33108:SF84)					1	76726053	76727255	4.642585e-10	1	0.484466	1	TG(16:0_16:0_18:1)
SORBI_3001G497200	Ovate family protein	EXPRESSED PROTEIN (PTHR35306:SF2)			mRNA metabolic process(GO:0016071)		1	76727378	76732107	4.642585e-10	1	0.501762	1	TG(16:0_16:0_18:1)
SORBI_3001G497300	Protein kinase domain-containing protein	SERINE_THREONINE-PROTEIN KINASE EDR1 (PTHR23257:SF813)	non-receptor serine/threonine protein kinase(PC00167)	nucleotide binding(GO:0000166);protein kinase activity(GO:0004672);protein serine/threonine kinase activity(GO:0004674);ATP binding(GO:0005524)		membrane(GO:0016020)	1	76733239	76741594	4.642585e-10	1	0.499495	1	TG(16:0_16:0_18:1)
SORBI_3001G499500	HTH La-type RNA-binding domain-containing protein	LA-RELATED PROTEIN 1 (PTHR22792:SF132)	RNA metabolism protein(PC00031)	RNA binding(GO:0003723);mRNA binding(GO:0003729)		cytoplasm(GO:0005737)	1	76883275	76889617	4.642585e-10	1	0.906372	1	TG(16:0_16:0_18:1)
SORBI_3001G501000	Transcription factor-like protein DPB	TRANSCRIPTION FACTOR DP (PTHR12548:SF9)	homeodomain transcription factor(PC00119)	RNA polymerase II transcription regulatory region sequence-specific DNA binding(GO:0000977);DNA-binding transcription factor activity, RNA polymerase II-specific(GO:0000981);DNA binding(GO:0003677)	regulation of DNA-templated transcription(GO:0006355);regulation of transcription by RNA polymerase II(GO:0006357);regulation of cell cycle(GO:0051726)	nucleus(GO:0005634);transcription regulator complex(GO:0005667);cytoplasm(GO:0005737);DRM complex(GO:0070176)	1	77018201	77025143	4.642585e-10	1	0.515537	1	TG(16:0_16:0_18:1)
SORBI_3005G222700	Protein kinase domain-containing protein	PROTEIN KINASE DOMAIN-CONTAINING PROTEIN (PTHR27005:SF458)	transmembrane signal receptor(PC00197)	nucleotide binding(GO:0000166);protein kinase activity(GO:0004672);calcium ion binding(GO:0005509);ATP binding(GO:0005524);polysaccharide binding(GO:0030247)	cell surface receptor signaling pathway(GO:0007166)	membrane(GO:0016020)	5	70938935	70942578	4.927144e-10	2	1	3	9,12,13,TriHODE; Oxo fatty acid (18:3); trans-EKODE-(E)-Ib
SORBI_3005G222800	Uncharacterized protein						5	70942615	70943743	4.927144e-10	2	0.634044	3	9,12,13,TriHODE; Oxo fatty acid (18:3); trans-EKODE-(E)-Ib
SORBI_3005G222900							5	70950646	70956228	4.927144e-10	2	0.517795	3	9,12,13,TriHODE; Oxo fatty acid (18:3); trans-EKODE-(E)-Ib
SORBI_3001G418800	BGGP Beta-1-3-galactosyl-O-glycosyl-glycoprotein	BETA-GLUCURONOSYLTRANSFERASE GLCAT14C (PTHR45719:SF8)	glycosyltransferase(PC00111)	glucuronosyltransferase activity(GO:0015020);glycosyltransferase activity(GO:0016757)		membrane(GO:0016020)	1	69959308	69963764	4.966665e-10	29	1	1	trans-EKODE-(E)-Ib
SORBI_3001G419000	Heat shock protein 70	OS11G0187600 PROTEIN (PTHR19375:SF398)	Hsp70 family chaperone(PC00027)	ATP binding(GO:0005524);ATP hydrolysis activity(GO:0016887);heat shock protein binding(GO:0031072);protein folding chaperone(GO:0044183)	protein refolding(GO:0042026)	endoplasmic reticulum lumen(GO:0005788)	1	69967019	69970235	4.966665e-10	29	0.609805	1	trans-EKODE-(E)-Ib
SORBI_3001G419200	Heat shock protein 70	OS11G0187600 PROTEIN (PTHR19375:SF398)	Hsp70 family chaperone(PC00027)	ATP binding(GO:0005524);ATP hydrolysis activity(GO:0016887);heat shock protein binding(GO:0031072);protein folding chaperone(GO:0044183)	protein refolding(GO:0042026)		1	69995637	69998079	4.966665e-10	29	0.988695	1	trans-EKODE-(E)-Ib
SORBI_3001G419300	Heat shock protein 70	OS11G0187600 PROTEIN (PTHR19375:SF398)	Hsp70 family chaperone(PC00027)	ATP binding(GO:0005524);ATP hydrolysis activity(GO:0016887);heat shock protein binding(GO:0031072);protein folding chaperone(GO:0044183)	protein refolding(GO:0042026)	endoplasmic reticulum lumen(GO:0005788)	1	70001749	70004928	4.966665e-10	29	1	1	trans-EKODE-(E)-Ib
SORBI_3001G419600	Heat shock protein 70	OS11G0187600 PROTEIN (PTHR19375:SF398)	Hsp70 family chaperone(PC00027)	ATP binding(GO:0005524);ATP hydrolysis activity(GO:0016887);heat shock protein binding(GO:0031072);protein folding chaperone(GO:0044183)	protein refolding(GO:0042026)	endoplasmic reticulum lumen(GO:0005788)	1	70036636	70039387	4.966665e-10	28	0.463345	1	trans-EKODE-(E)-Ib
SORBI_3010G143300	Neprosin domain-containing protein	OS06G0474500 PROTEIN (PTHR31589:SF57)					10	38000519	38004812	5.088808e-10	1	0.905518	2	TG(16:0_16:0_20:1); TG(16:0_18:1_18:1)
SORBI_3010G143500	Pyruvate phosphate dikinase AMP_ATP-binding domain-containing protein	ALPHA-GLUCAN WATER DIKINASE 1, CHLOROPLASTIC (PTHR46999:SF1)	kinase(PC00137)	mRNA binding(GO:0003729);ATP binding(GO:0005524);kinase activity(GO:0016301);alpha-glucan, water dikinase activity(GO:0050521)			10	38070890	38083747	5.088808e-10	1	0.913663	2	TG(16:0_16:0_20:1); TG(16:0_18:1_18:1)
SORBI_3010G143600	Morc S5 domain-containing protein	PROTEIN MICRORCHIDIA 6 (PTHR23336:SF65)		ATP hydrolysis activity(GO:0016887)	positive regulation of defense response(GO:0031349)	nucleus(GO:0005634)	10	38101564	38120023	5.088808e-10	1	0.922441	2	TG(16:0_16:0_20:1); TG(16:0_18:1_18:1)
SORBI_3010G143700	Uncharacterized protein						10	38407598	38410467	5.088808e-10	1	0.917731	5	TG(16:0_16:0_20:1); TG(16:0_18:1_18:1); TG(18:1_20:0_22:1); TG(18:1_20:1_22:1); TG(18:2_22:0_22:3)
SORBI_3010G143800	PHD-type domain-containing protein	OS06G0468400 PROTEIN (PTHR38530:SF1)					10	38390600	38413484	5.088808e-10	1	0.922441	5	TG(16:0_16:0_20:1); TG(16:0_18:1_18:1); TG(18:1_20:0_22:1); TG(18:1_20:1_22:1); TG(18:2_22:0_22:3)
SORBI_3007G122000	MBD domain-containing protein	OS04G0193200 PROTEIN (PTHR34067:SF25)		DNA binding(GO:0003677)		nucleus(GO:0005634)	7	52561868	52565942	5.244274e-10	2	0.811676	1	TG(12:0_18:1_18:2)
SORBI_3001G354900	Uncharacterized protein						1	64480446	64484868	5.253493e-10	1	0.417041	3	TG(16:0_16:0_20:1); TG(16:0_18:1_18:1); TG(16:0_18:1_20:1)
SORBI_3001G357700	Amino acid permease_ SLC12A domain-containing protein	EXPRESSED PROTEIN (PTHR45826:SF22)	transporter(PC00227)	polyamine transmembrane transporter activity(GO:0015203);transmembrane transporter activity(GO:0022857)	transmembrane transport(GO:0055085);polyamine transmembrane transport(GO:1902047)	plasma membrane(GO:0005886);membrane(GO:0016020)	1	64746396	64751377	5.253493e-10	1	0.456039	3	TG(16:0_16:0_20:1); TG(16:0_18:1_18:1); TG(16:0_18:1_20:1)
SORBI_3007G096900	Rad21_Rec8-like protein N-terminal domain-containing protein	SISTER CHROMATID COHESION 1 PROTEIN 3 (PTHR12585:SF55)		chromatin binding(GO:0003682)	sister chromatid cohesion(GO:0007062);replication-born double-strand break repair via sister chromatid exchange(GO:1990414)	nucleus(GO:0005634);cohesin complex(GO:0008278)	7	18090423	18102237	5.403135e-10	1	0.885933	4	TG(16:0_18:1_20:0); TG(16:0_18:1_20:1); TG(16:0_18:1_20:2); TG(18:2_22:0_22:3)
SORBI_3007G097000	Rad21_Rec8-like protein N-terminal domain-containing protein	SISTER CHROMATID COHESION 1 PROTEIN 3 (PTHR12585:SF55)		chromatin binding(GO:0003682)	sister chromatid cohesion(GO:0007062);replication-born double-strand break repair via sister chromatid exchange(GO:1990414)	nucleus(GO:0005634);cohesin complex(GO:0008278)	7	18105181	18110344	5.403135e-10	1	0.741427	4	TG(16:0_18:1_20:0); TG(16:0_18:1_20:1); TG(16:0_18:1_20:2); TG(18:2_22:0_22:3)
SORBI_3010G036301	Uncharacterized protein						10	2906768	2914757	5.526291e-10	2	0.400659	1	PA(16:0_18:2)
SORBI_3005G012200	non-specific serine_threonine protein kinase	SERINE_THREONINE-PROTEIN KINASE WNK4-RELATED (PTHR13902:SF132)	non-receptor serine/threonine protein kinase(PC00167)	protein kinase activity(GO:0004672);protein serine/threonine kinase activity(GO:0004674);ATP binding(GO:0005524)	intracellular signal transduction(GO:0035556)	cytoplasm(GO:0005737)	5	1118386	1126595	5.638375e-10	10	0.466093	1	PA(16:0_18:2)
SORBI_3005G012400	Polymerase nucleotidyl transferase domain-containing protein	POLYMERASE NUCLEOTIDYL TRANSFERASE DOMAIN-CONTAINING PROTEIN (PTHR45979:SF29)					5	1130396	1138678	5.638375e-10	12	0.670513	1	PA(16:0_18:2)
SORBI_3005G012800	DUF4220 domain-containing protein	DUF4220 DOMAIN-CONTAINING PROTEIN (PTHR31325:SF239)					5	1159290	1167251	5.638375e-10	12	0.886899	1	PA(16:0_18:2)
SORBI_3005G013000	DUF295 domain-containing protein	DUF295 DOMAIN-CONTAINING PROTEIN (PTHR33800:SF26)					5	1169382	1173104	5.638375e-10	12	0.961364	1	PA(16:0_18:2)
SORBI_3005G013050	DUF295 domain-containing protein	DUF295 DOMAIN-CONTAINING PROTEIN (PTHR33800:SF26)					5	1180435	1183192	5.638375e-10	12	0.969178	1	PA(16:0_18:2)
SORBI_3005G013200	BAH domain-containing protein	PROTEIN ANTI-SILENCING 1 (PTHR47073:SF2)		nucleic acid binding(GO:0003676);chromatin binding(GO:0003682)			5	1184142	1190269	5.638375e-10	12	0.98951	1	PA(16:0_18:2)
SORBI_3005G013300	EGF-like calcium-binding domain-containing protein	VACUOLAR-SORTING RECEPTOR 1 (PTHR24034:SF166)	extracellular matrix structural protein(PC00103)	calcium ion binding(GO:0005509)		Golgi membrane(GO:0000139);COG complex(GO:0017119);clathrin-coated vesicle membrane(GO:0030665)	5	1190324	1194712	5.638375e-10	12	0.990086	1	PA(16:0_18:2)
SORBI_3005G013500	WRKY domain-containing protein	WRKY DNA-BINDING DOMAIN SUPERFAMILY PROTEIN-RELATED (PTHR31282:SF89)	DNA-binding transcription factor(PC00218)	DNA-binding transcription factor activity(GO:0003700);sequence-specific DNA binding(GO:0043565)	regulation of DNA-templated transcription(GO:0006355)	nucleus(GO:0005634)	5	1224392	1225924	5.638375e-10	12	0.933144	1	PA(16:0_18:2)
SORBI_3005G013600	WRKY domain-containing protein	OS12G0116400 PROTEIN (PTHR31282:SF7)	DNA-binding transcription factor(PC00218)	DNA-binding transcription factor activity(GO:0003700);sequence-specific DNA binding(GO:0043565)	regulation of DNA-templated transcription(GO:0006355)	nucleus(GO:0005634)	5	1235265	1241922	5.638375e-10	12	0.938617	1	PA(16:0_18:2)
SORBI_3005G013700	Uncharacterized protein						5	1244182	1245382	5.638375e-10	10	0.447015	1	PA(16:0_18:2)
SORBI_3005G013901	Uncharacterized protein						5	1250208	1253844	5.638375e-10	12	0.945448	1	PA(16:0_18:2)
SORBI_3005G014100	Uncharacterized protein	SUBFAMILY NOT NAMED (PTHR47997:SF8)	homeodomain transcription factor(PC00119)			nucleus(GO:0005634)	5	1298696	1299984	5.638375e-10	12	0.915001	1	PA(16:0_18:2)
SORBI_3005G017000	Protein kinase domain-containing protein	SERINE_THREONINE-PROTEIN KINASE PBL8-RELATED (PTHR45621:SF22)		nucleotide binding(GO:0000166);protein kinase activity(GO:0004672);protein serine/threonine kinase activity(GO:0004674);ATP binding(GO:0005524)			5	1511981	1517665	5.638375e-10	1	0.413527	1	PA(16:0_18:2)
SORBI_3006G080300	Histone-lysine N-methyltransferase ASHH1	HISTONE-LYSINE N-METHYLTRANSFERASE ASHH1 (PTHR22884:SF455)		histone methyltransferase activity(GO:0042054);histone H3K36 methyltransferase activity(GO:0046975)	chromatin remodeling(GO:0006338);regulation of DNA-templated transcription(GO:0006355)	nucleus(GO:0005634);chromosome(GO:0005694)	6	44885645	44898698	5.686564e-10	1	1	8	TG(16:0_16:0_20:1); TG(16:0_18:0_18:2); TG(16:0_18:1_18:1); TG(16:0_18:1_18:2); TG(16:0_18:1_20:1); TG(16:1_18:1_18:1); TG(18:0_18:2_18:2); TG(18:1_18:2_18:2)
SORBI_3004G136100	Uncharacterized protein						4	34487187	34488511	5.927103e-10	1	0.902778	3	TG(16:0_18:0_18:2); TG(16:0_18:1_20:1); TG(16:0_18:1_20:2)
SORBI_3004G136200	Uncharacterized protein						4	34685929	34691289	5.927103e-10	1	0.888939	3	TG(16:0_18:0_18:2); TG(16:0_18:1_20:1); TG(16:0_18:1_20:2)
SORBI_3004G136300	SNARE-interacting protein KEULE	PROTEIN ROP (PTHR11679:SF30)	membrane trafficking regulatory protein(PC00151)	syntaxin binding(GO:0019905)	vesicle docking involved in exocytosis(GO:0006904);vesicle-mediated transport(GO:0016192)	plasma membrane(GO:0005886);secretory granule(GO:0030141)	4	34695503	34754794	5.927103e-10	1	0.89275	3	TG(16:0_18:0_18:2); TG(16:0_18:1_20:1); TG(16:0_18:1_20:2)
SORBI_3002G205300	Uncharacterized protein	OS09G0422000 PROTEIN (PTHR31642:SF33)	acetyltransferase(PC00038)	acyltransferase activity, transferring groups other than amino-acyl groups(GO:0016747)			2	59654699	59660613	6.099188e-10	1	1	1	gibberellic acid
SORBI_3002G205500	Cellulose synthase	CELLULOSE SYNTHASE A CATALYTIC SUBUNIT 7 [UDP-FORMING] (PTHR13301:SF28)	DNA-binding transcription factor(PC00218)	cellulose synthase (UDP-forming) activity(GO:0016760)	plant-type secondary cell wall biogenesis(GO:0009834);cellulose biosynthetic process(GO:0030244)	plasma membrane(GO:0005886);membrane(GO:0016020)	2	59706939	59711587	6.099188e-10	1	0.426521	1	gibberellic acid
SORBI_3006G040700	HTH myb-type domain-containing protein						6	25682536	25683370	6.116699e-10	2	0.809031	5	TG(16:0_16:0_20:1); TG(16:0_18:1_18:1); TG(16:0_18:1_20:0); TG(16:0_18:1_20:1); TG(18:0_18:2_18:2)
SORBI_3006G040800	Transcriptional coactivator Hfi1_Transcriptional adapter 1	TRANSCRIPTIONAL REGULATOR OF RNA POLII SAGA SUBUNIT (PTHR21277:SF22)		transcription coactivator activity(GO:0003713)	regulation of transcription by RNA polymerase II(GO:0006357);positive regulation of DNA-templated transcription(GO:0045893)	SAGA complex(GO:0000124);SAGA-type complex(GO:0070461)	6	25956238	25968520	6.116699e-10	2	0.961611	5	TG(16:0_16:0_20:1); TG(16:0_18:1_18:1); TG(16:0_18:1_20:0); TG(16:0_18:1_20:1); TG(18:0_18:2_18:2)
SORBI_3005G219300							5	70590297	70603175	6.126551e-10	1	0.449433	3	9,12,13,TriHODE; Oxo fatty acid (18:3); trans-EKODE-(E)-Ib
SORBI_3005G219900							5	70640629	70659827	6.126551e-10	3	0.596136	3	9,12,13,TriHODE; Oxo fatty acid (18:3); trans-EKODE-(E)-Ib
SORBI_3005G220101	Uncharacterized protein	BAT2 N-TERMINAL DOMAIN-CONTAINING PROTEIN (PTHR34805:SF2)					5	70670407	70681333	6.126551e-10	3	0.690885	3	9,12,13,TriHODE; Oxo fatty acid (18:3); trans-EKODE-(E)-Ib
SORBI_3005G220200	Uncharacterized protein	OS11G0213700 PROTEIN (PTHR45752:SF152)	scaffold/adaptor protein(PC00226)	ADP binding(GO:0043531)	defense response(GO:0006952);intracellular signal transduction(GO:0035556);response to other organism(GO:0051707)		5	70685687	70694655	6.126551e-10	3	0.791663	3	9,12,13,TriHODE; Oxo fatty acid (18:3); trans-EKODE-(E)-Ib
SORBI_3005G220300	Protein kinase domain-containing protein	OS11G0691500 PROTEIN (PTHR27005:SF162)	transmembrane signal receptor(PC00197)	nucleotide binding(GO:0000166);protein kinase activity(GO:0004672);calcium ion binding(GO:0005509);ATP binding(GO:0005524);polysaccharide binding(GO:0030247)	cell surface receptor signaling pathway(GO:0007166)	membrane(GO:0016020)	5	70720286	70725311	6.126551e-10	3	0.96208	3	9,12,13,TriHODE; Oxo fatty acid (18:3); trans-EKODE-(E)-Ib
SORBI_3005G220400	Expansin-like CBD domain-containing protein	OS04G0328900 PROTEIN (PTHR31692:SF13)					5	70726358	70727058	6.126551e-10	3	0.881486	3	9,12,13,TriHODE; Oxo fatty acid (18:3); trans-EKODE-(E)-Ib
SORBI_3005G220500	Expansin-like CBD domain-containing protein	OS04G0328900 PROTEIN (PTHR31692:SF13)					5	70731333	70732033	6.126551e-10	3	0.886067	3	9,12,13,TriHODE; Oxo fatty acid (18:3); trans-EKODE-(E)-Ib
SORBI_3005G220560	Expansin-like CBD domain-containing protein	OS04G0328900 PROTEIN (PTHR31692:SF13)					5	70736098	70739096	6.126551e-10	3	0.891398	3	9,12,13,TriHODE; Oxo fatty acid (18:3); trans-EKODE-(E)-Ib
SORBI_3005G220680	Uncharacterized protein						5	70759997	70761810	6.126551e-10	3	0.936304	3	9,12,13,TriHODE; Oxo fatty acid (18:3); trans-EKODE-(E)-Ib
SORBI_3005G220740	Leucine-rich repeat-containing N-terminal plant-type domain-containing protein	PROTEIN KINASE DOMAIN-CONTAINING PROTEIN (PTHR48055:SF57)	transmembrane signal receptor(PC00197)	protein kinase activity(GO:0004672)			5	70762552	70766050	6.126551e-10	3	0.962763	3	9,12,13,TriHODE; Oxo fatty acid (18:3); trans-EKODE-(E)-Ib
SORBI_3005G220800	Protein kinase domain-containing protein (Fragment)	PROTEIN KINASE DOMAIN-CONTAINING PROTEIN (PTHR45974:SF29)	transmembrane signal receptor(PC00197)	protein kinase activity(GO:0004672);ATP binding(GO:0005524)		plasma membrane(GO:0005886)	5	70777812	70781051	6.126551e-10	3	0.882821	3	9,12,13,TriHODE; Oxo fatty acid (18:3); trans-EKODE-(E)-Ib
SORBI_3001G266100	Proline-rich protein	PROLINE-RICH PROTEIN (PTHR33935:SF21)					1	50535046	50536465	6.203238e-10	1	0.704575	6	TG(16:0_16:0_20:1); TG(16:0_18:0_18:2); TG(16:0_18:1_18:1); TG(16:0_18:1_20:0); TG(16:0_18:1_20:1); TG(16:0_18:1_20:2)
SORBI_3001G266200	Proline-rich protein	PROLINE-RICH PROTEIN (PTHR33935:SF25)					1	50597602	50598954	6.203238e-10	1	0.814181	6	TG(16:0_16:0_20:1); TG(16:0_18:0_18:2); TG(16:0_18:1_18:1); TG(16:0_18:1_20:0); TG(16:0_18:1_20:1); TG(16:0_18:1_20:2)
SORBI_3001G266400	Uncharacterized protein	ARMADILLO_BETA-CATENIN-LIKE REPEAT FAMILY PROTEIN, EXPRESSED (PTHR46168:SF7)			cell surface receptor signaling pathway(GO:0007166)		1	50783046	50785231	6.203238e-10	1	0.480242	5	TG(16:0_16:0_20:1); TG(16:0_18:0_18:2); TG(16:0_18:1_20:0); TG(16:0_18:1_20:1); TG(16:0_18:1_20:2)
SORBI_3001G266500	Bifunctional inhibitor_plant lipid transfer protein_seed storage helical domain-containing protein	BIFUNCTIONAL INHIBITOR_PLANT LIPID TRANSFER PROTEIN_SEED STORAGE HELICAL DOMAIN-CONTAINING PROTEIN (PTHR33286:SF50)					1	50786217	50787463	6.203238e-10	1	0.5339	5	TG(16:0_16:0_20:1); TG(16:0_18:0_18:2); TG(16:0_18:1_20:0); TG(16:0_18:1_20:1); TG(16:0_18:1_20:2)
SORBI_3001G266700	Uncharacterized protein						1	50804621	50808681	6.203238e-10	1	0.527216	5	TG(16:0_16:0_20:1); TG(16:0_18:0_18:2); TG(16:0_18:1_20:0); TG(16:0_18:1_20:1); TG(16:0_18:1_20:2)
SORBI_3001G267000	Uncharacterized protein						1	50855002	50863150	6.203238e-10	1	0.679356	5	TG(16:0_16:0_20:1); TG(16:0_18:0_18:2); TG(16:0_18:1_20:0); TG(16:0_18:1_20:1); TG(16:0_18:1_20:2)
SORBI_3001G224200	RRM domain-containing protein	NUCLEOLIN 2 (PTHR23236:SF30)	translation initiation factor(PC00224)	nucleic acid binding(GO:0003676);RNA binding(GO:0003723)			1	21473979	21480077	6.39437e-10	2	0.470293	5	TG(16:0_16:0_20:1); TG(16:0_18:1_18:1); TG(16:0_18:1_20:1); TG(16:1_18:1_18:1); TG(18:0_18:2_18:2)
SORBI_3001G224300	Cellulose synthase	CELLULOSE SYNTHASE A CATALYTIC SUBUNIT 4 [UDP-FORMING] (PTHR13301:SF91)	DNA-binding transcription factor(PC00218)	cellulose synthase (UDP-forming) activity(GO:0016760)	plant-type secondary cell wall biogenesis(GO:0009834);cellulose biosynthetic process(GO:0030244)	plasma membrane(GO:0005886);membrane(GO:0016020)	1	21485582	21489706	6.39437e-10	2	0.413618	5	TG(16:0_16:0_20:1); TG(16:0_18:1_18:1); TG(16:0_18:1_20:1); TG(16:1_18:1_18:1); TG(18:0_18:2_18:2)
SORBI_3006G050100	Protein XRI1	OS09G0401900 PROTEIN (PTHR33385:SF29)			male meiotic nuclear division(GO:0007140);female meiotic nuclear division(GO:0007143)		6	37265585	37268887	6.456528e-10	1	0.877373	2	TG(16:0_16:0_18:1); TG(16:1_18:1_18:1)
SORBI_3008G094400	Bidirectional sugar transporter SWEET	BIDIRECTIONAL SUGAR TRANSPORTER SWEET11 (PTHR10791:SF22)		sugar transmembrane transporter activity(GO:0051119)	carbohydrate transmembrane transport(GO:0034219)	plasma membrane(GO:0005886);membrane(GO:0016020)	8	44672607	44674991	7.128154e-10	11	0.975922	6	TG(16:0_16:0_20:1); TG(16:0_18:1_18:1); TG(16:0_18:1_18:2); TG(16:0_18:1_20:0); TG(16:0_18:1_20:1); TG(16:1_18:1_18:1)
SORBI_3008G094600	Uncharacterized protein	RWP-RK DOMAIN-CONTAINING PROTEIN (PTHR37703:SF2)	ribosomal protein(PC00202)				8	44820089	44824761	7.128154e-10	9	0.976117	5	TG(16:0_16:0_20:1); TG(16:0_18:1_18:1); TG(16:0_18:1_20:0); TG(16:0_18:1_20:1); TG(16:1_18:1_18:1)
SORBI_3008G094650	Uncharacterized protein						8	44844595	44846889	7.128154e-10	7	0.599761	4	TG(16:0_16:0_20:1); TG(16:0_18:1_18:1); TG(16:0_18:1_20:0); TG(16:0_18:1_20:1)
SORBI_3008G094800	F-box domain-containing protein	OS01G0706266 PROTEIN (PTHR32141:SF50)					8	44864231	44869874	7.128154e-10	6	0.976717	4	TG(16:0_16:0_20:1); TG(16:0_18:1_18:1); TG(16:0_18:1_20:0); TG(16:0_18:1_20:1)
SORBI_3010G126100	Peptidase A1 domain-containing protein	ASPARTIC PROTEINASE 3-RELATED (PTHR47965:SF12)	protease(PC00190)	aspartic-type endopeptidase activity(GO:0004190)	proteolysis(GO:0006508)		10	15775962	15792095	7.169849e-10	3	0.89191	3	PC(18:2_0:0); TG(18:2_20:3_21:0); TG(18:2_22:0_22:3)
SORBI_3010G126300	Uncharacterized protein						10	15820173	15821061	7.169849e-10	3	0.844513	3	PC(18:2_0:0); TG(18:2_20:3_21:0); TG(18:2_22:0_22:3)
SORBI_3010G126400	Peptidase A1 domain-containing protein	ASPARTYL PROTEASE AED1 (PTHR13683:SF885)	aspartic protease(PC00053)	aspartic-type endopeptidase activity(GO:0004190)	proteolysis(GO:0006508)		10	15823053	15825094	7.169849e-10	3	0.81702	3	PC(18:2_0:0); TG(18:2_20:3_21:0); TG(18:2_22:0_22:3)
SORBI_3010G141500	Ubiquitin-like protease family profile domain-containing protein	UBIQUITIN-LIKE PROTEASE 4 (PTHR46915:SF2)	protease(PC00190)	cysteine-type peptidase activity(GO:0008234)	proteolysis(GO:0006508);protein desumoylation(GO:0016926)		10	35248927	35306315	7.30872e-10	2	0.910135	1	trans-EKODE-(E)-Ib
SORBI_3010G141600	Formate dehydrogenase, mitochondrial	FORMATE DEHYDROGENASE 1 (PTHR42938:SF9)	dehydrogenase(PC00092)	formate dehydrogenase (NAD+) activity(GO:0008863);oxidoreductase activity, acting on the CH-OH group of donors, NAD or NADP as acceptor(GO:0016616);NAD binding(GO:0051287)	formate catabolic process(GO:0042183)	mitochondrion(GO:0005739)	10	35334842	35356397	7.30872e-10	1	0.715431	1	trans-EKODE-(E)-Ib
SORBI_3010G141700	Protein FAR1-RELATED SEQUENCE	PROTEIN FAR1-RELATED SEQUENCE (PTHR31669:SF217)		zinc ion binding(GO:0008270)	regulation of DNA-templated transcription(GO:0006355)	nucleus(GO:0005634)	10	35388586	35391931	7.30872e-10	1	0.723594	1	trans-EKODE-(E)-Ib
SORBI_3010G141800	Ubiquitin-like protease family profile domain-containing protein			cysteine-type peptidase activity(GO:0008234)	proteolysis(GO:0006508)		10	35392576	35395782	7.30872e-10	1	0.743047	1	trans-EKODE-(E)-Ib
SORBI_3010G141966	Uncharacterized protein	UBIQUITIN-LIKE PROTEASE FAMILY PROFILE DOMAIN-CONTAINING PROTEIN (PTHR34835:SF71)					10	35395948	35396742	7.30872e-10	1	0.69376	1	trans-EKODE-(E)-Ib
SORBI_3007G192600	FACT complex subunit	FACT COMPLEX SUBUNIT SPT16 (PTHR13980:SF15)	chromatin/chromatin-binding, or -regulatory protein(PC00077)	nucleosome binding(GO:0031491)	DNA repair(GO:0006281);nucleosome disassembly(GO:0006337);regulation of DNA-templated transcription elongation(GO:0032784)	nucleus(GO:0005634);chromosome(GO:0005694);FACT complex(GO:0035101)	7	62517985	62522969	7.545169e-10	34	0.574378	1	.alpha.-Ionone
SORBI_3007G192700	NAC-A_B domain-containing protein	NASCENT POLYPEPTIDE-ASSOCIATED COMPLEX SUBUNIT ALPHA-LIKE PROTEIN 3 (PTHR21713:SF25)	basic helix-loop-helix transcription factor(PC00055)		protein targeting to membrane(GO:0006612)	cytoplasm(GO:0005737);nascent polypeptide-associated complex(GO:0005854)	7	62526244	62529026	7.545169e-10	34	0.600754	1	.alpha.-Ionone
SORBI_3007G193600	Uncharacterized protein						7	62634834	62635628	7.545169e-10	34	0.987748	1	.alpha.-Ionone
SORBI_3007G193700	Threonylcarbamoyl-AMP synthase	THREONYLCARBAMOYL-AMP SYNTHASE (PTHR42828:SF3)		double-stranded RNA binding(GO:0003725)			7	62640711	62644563	7.545169e-10	34	0.894832	1	.alpha.-Ionone
SORBI_3007G193800	Serine_threonine-protein kinase RIO1	SERINE_THREONINE-PROTEIN KINASE RIO1 (PTHR45723:SF2)	non-receptor serine/threonine protein kinase(PC00167)	catalytic activity(GO:0003824);protein kinase activity(GO:0004672);protein serine/threonine kinase activity(GO:0004674);ATP binding(GO:0005524);protein serine kinase activity(GO:0106310)		cytoplasm(GO:0005737)	7	62644785	62649674	7.545169e-10	34	0.894832	1	.alpha.-Ionone
SORBI_3007G193900	Uncharacterized protein	OS08G0531200 PROTEIN (PTHR22847:SF672)		histone reader activity(GO:0140566)	regulation of transcription by RNA polymerase II(GO:0006357);transcription initiation-coupled chromatin remodeling(GO:0045815)	NSL complex(GO:0044545)	7	62650085	62660122	7.545169e-10	34	0.894832	1	.alpha.-Ionone
SORBI_3007G194000	65-kDa microtubule-associated protein 8	65-KDA MICROTUBULE-ASSOCIATED PROTEIN 8 (PTHR19321:SF3)	non-motor microtubule binding protein(PC00166)	microtubule binding(GO:0008017)	microtubule cytoskeleton organization(GO:0000226)	phragmoplast(GO:0009524);preprophase band(GO:0009574)	7	62659345	62664573	7.545169e-10	34	0.894832	1	.alpha.-Ionone
SORBI_3007G194100	Purple acid phosphatase	INACTIVE PURPLE ACID PHOSPHATASE 24-RELATED (PTHR45778:SF6)	phosphatase(PC00181)	acid phosphatase activity(GO:0003993);hydrolase activity(GO:0016787);metal ion binding(GO:0046872)		extracellular region(GO:0005576)	7	62665882	62669181	7.545169e-10	34	1	1	.alpha.-Ionone
SORBI_3001G222500	RNA helicase	ATP-DEPENDENT DNA_RNA HELICASE DHX36 (PTHR18934:SF237)	RNA helicase(PC00032)	nucleic acid binding(GO:0003676);RNA helicase activity(GO:0003724);helicase activity(GO:0004386);ATP binding(GO:0005524)		nucleus(GO:0005634);cytoplasm(GO:0005737)	1	21212638	21229578	7.762893e-10	2	0.411091	7	TG(16:0_16:0_20:1); TG(16:0_18:1_18:1); TG(16:0_18:1_20:0); TG(16:0_18:1_20:1); TG(16:1_18:1_18:1); TG(18:0_18:2_18:2); TG(18:1_18:2_18:2)
SORBI_3004G103700	Uncharacterized protein	LARGE RIBOSOMAL SUBUNIT PROTEIN UL16Z (PTHR11726:SF30)	ribosomal protein(PC00202)	structural constituent of ribosome(GO:0003735)	translation(GO:0006412);response to UV-B(GO:0010224)	ribosome(GO:0005840);cytosolic large ribosomal subunit(GO:0022625)	4	9760081	9764638	8.011247e-10	5	0.620552	1	TG(18:1_18:2_18:2)
SORBI_3004G103800							4	9790926	9793483	8.011247e-10	5	0.810967	1	TG(18:1_18:2_18:2)
SORBI_3004G103901	Berberine_berberine-like domain-containing protein	OS02G0235900 PROTEIN (PTHR32448:SF165)		oxidoreductase activity(GO:0016491);flavin adenine dinucleotide binding(GO:0050660)			4	9799468	9800603	8.011247e-10	5	0.670027	1	TG(18:1_18:2_18:2)
SORBI_3004G104000	Pentacotripeptide-repeat region of PRORP domain-containing protein	OS02G0711100 PROTEIN (PTHR47942:SF7)					4	9802085	9803523	8.011247e-10	5	0.88225	1	TG(18:1_18:2_18:2)
SORBI_3004G104100							4	9808826	9810907	8.011247e-10	5	0.922	1	TG(18:1_18:2_18:2)
SORBI_3004G104200	Berberine_berberine-like domain-containing protein	OS02G0235900 PROTEIN (PTHR32448:SF165)		oxidoreductase activity(GO:0016491);flavin adenine dinucleotide binding(GO:0050660)			4	9811251	9812822	8.011247e-10	5	0.927541	1	TG(18:1_18:2_18:2)
SORBI_3004G104250	Pentacotripeptide-repeat region of PRORP domain-containing protein	OS02G0711100 PROTEIN (PTHR47942:SF7)			RNA splicing(GO:0008380)		4	9814281	9815685	8.011247e-10	5	0.907553	1	TG(18:1_18:2_18:2)
SORBI_3004G104300							4	9831065	9833526	8.011247e-10	5	0.598942	1	TG(18:1_18:2_18:2)
SORBI_3004G104400	FAD-binding PCMH-type domain-containing protein	OS02G0235900 PROTEIN (PTHR32448:SF165)		oxidoreductase activity(GO:0016491);flavin adenine dinucleotide binding(GO:0050660);FAD binding(GO:0071949)			4	9835636	9837381	8.011247e-10	5	0.936674	1	TG(18:1_18:2_18:2)
SORBI_3004G104500	Pentacotripeptide-repeat region of PRORP domain-containing protein						4	9838761	9838989	8.011247e-10	5	0.684962	1	TG(18:1_18:2_18:2)
SORBI_3004G104600	Pentacotripeptide-repeat region of PRORP domain-containing protein	OS02G0711100 PROTEIN (PTHR47942:SF7)					4	9852878	9853993	8.011247e-10	5	0.554371	1	TG(18:1_18:2_18:2)
SORBI_3009G091300	Uncharacterized protein	METAL-NICOTIANAMINE TRANSPORTER YSL4-RELATED (PTHR31645:SF9)	transporter(PC00227)	oligopeptide transmembrane transporter activity(GO:0035673)	oligopeptide transmembrane transport(GO:0035672)	membrane(GO:0016020)	9	19059371	19080736	8.793418e-10	1	0.957037	4	TG(16:0_16:0_20:1); TG(16:0_18:1_18:1); TG(16:0_18:1_20:1); TG(18:0_18:2_18:2)
SORBI_3010G191100	BHLH domain-containing protein	TRANSCRIPTION FACTOR BHLH48-RELATED (PTHR12565:SF112)		protein dimerization activity(GO:0046983)	regulation of DNA-templated transcription(GO:0006355)	nucleus(GO:0005634)	10	53235608	53243265	9.345833e-10	1	0.423286	3	TG(16:0_18:1_18:2); TG(16:0_18:1_20:0); TG(16:1_18:1_18:1)
SORBI_3008G063300	Exonuclease domain-containing protein	SMALL RNA DEGRADING NUCLEASE 5 (PTHR12801:SF157)	exoribonuclease(PC00099)	nucleic acid binding(GO:0003676);exonuclease activity(GO:0004527)	rRNA 3'-end processing(GO:0031125)	nucleus(GO:0005634)	8	6812526	6819844	9.43796e-10	1	0.530053	2	TG(16:0_16:0_20:1); TG(16:0_18:1_18:1)
SORBI_3008G063500	Photosystem I reaction center subunit N, chloroplastic	PHOTOSYSTEM I REACTION CENTER SUBUNIT N, CHLOROPLASTIC (PTHR36814:SF1)			photosynthesis(GO:0015979)	photosystem I(GO:0009522);chloroplast thylakoid membrane(GO:0009535)	8	6826365	6827848	9.43796e-10	1	0.452968	2	TG(16:0_16:0_20:1); TG(16:0_18:1_18:1)
SORBI_3008G063600	Alpha-galactosidase	ALPHA-GALACTOSIDASE (PTHR11452:SF42)	galactosidase(PC00104)	hydrolase activity, hydrolyzing O-glycosyl compounds(GO:0004553);alpha-galactosidase activity(GO:0004557);galactosidase activity(GO:0015925)	carbohydrate metabolic process(GO:0005975)		8	6870926	6878054	9.43796e-10	1	0.526806	2	TG(16:0_16:0_20:1); TG(16:0_18:1_18:1)
SORBI_3008G064000	Uncharacterized protein	EXPRESSED PROTEIN (PTHR33286:SF52)					8	6996069	6996753	9.43796e-10	1	0.648419	2	TG(16:0_16:0_20:1); TG(16:0_18:1_18:1)
SORBI_3008G064100	Flavin-containing monooxygenase	INDOLE-3-PYRUVATE MONOOXYGENASE YUCCA11-RELATED (PTHR43539:SF9)	oxygenase(PC00177)	N,N-dimethylaniline monooxygenase activity(GO:0004499);flavin adenine dinucleotide binding(GO:0050660);NADP binding(GO:0050661);indole-3-pyruvate monooxygenase activity(GO:0103075)			8	7000358	7004814	9.43796e-10	1	0.667963	2	TG(16:0_16:0_20:1); TG(16:0_18:1_18:1)
SORBI_3008G064200	Uncharacterized protein						8	7015431	7018036	9.43796e-10	1	0.451223	2	TG(16:0_16:0_20:1); TG(16:0_18:1_18:1)
SORBI_3008G064500	MalT-like TPR region domain-containing protein	EXPRESSED PROTEIN (PTHR37910:SF2)					8	7071170	7073505	9.43796e-10	1	0.436597	2	TG(16:0_16:0_20:1); TG(16:0_18:1_18:1)
SORBI_3006G140400	DNA mismatch repair proteins mutS family domain-containing protein	DNA MISMATCH REPAIR PROTEIN MSH1, MITOCHONDRIAL (PTHR11361:SF82)	DNA metabolism protein(PC00009)	ATP binding(GO:0005524);mismatched DNA binding(GO:0030983)	mismatch repair(GO:0006298);mitochondrial DNA repair(GO:0043504)	mitochondrion(GO:0005739)	6	50267254	50283204	9.811013e-10	7	0.65575	1	TG(10:0_10:0_10:0)
SORBI_3006G140500	Protein LOW PSII ACCUMULATION 1, chloroplastic	LOW PSII ACCUMULATION-LIKE PROTEIN (PTHR35498:SF1)					6	50285637	50287307	9.811013e-10	7	1	1	TG(10:0_10:0_10:0)
SORBI_3006G140700	NADP-dependent oxidoreductase domain-containing protein	OS07G0142900 PROTEIN (PTHR43625:SF16)	reductase(PC00198)	oxidoreductase activity(GO:0016491)		cytoplasm(GO:0005737)	6	50307378	50311771	9.811013e-10	7	0.698758	3	TG(10:0_10:0_10:0); TG(16:0_16:0_20:1); TG(16:0_18:1_18:1)
SORBI_3006G140801	Uncharacterized protein	OS04G0507700 PROTEIN (PTHR45648:SF21)	lipase(PC00143)	hydrolase activity, acting on ester bonds(GO:0016788)			6	50326366	50331197	9.811013e-10	7	0.57	3	TG(10:0_10:0_10:0); TG(16:0_16:0_20:1); TG(16:0_18:1_18:1)
SORBI_3010G139600	Protein kinase domain-containing protein	PROTEIN KINASE SUPERFAMILY PROTEIN (PTHR48014:SF10)	non-receptor serine/threonine protein kinase(PC00167)	nucleotide binding(GO:0000166);protein kinase activity(GO:0004672);ATP binding(GO:0005524);protein serine/threonine kinase activator activity(GO:0043539)			10	24374770	24413721	1.00822e-09	1	0.815277	2	Oxo fatty acid (18:3); trans-EKODE-(E)-Ib
SORBI_3009G234400	Eukaryotic translation initiation factor 3 subunit D	EUKARYOTIC TRANSLATION INITIATION FACTOR 3 SUBUNIT D (PTHR12399:SF3)	translation initiation factor(PC00224)	RNA binding(GO:0003723);translation initiation factor activity(GO:0003743);mRNA cap binding(GO:0098808)	formation of cytoplasmic translation initiation complex(GO:0001732);cytoplasmic translational initiation(GO:0002183);cap-dependent translational initiation(GO:0002191);translational initiation(GO:0006413)	cytoplasm(GO:0005737);eukaryotic translation initiation factor 3 complex(GO:0005852);eukaryotic 43S preinitiation complex(GO:0016282);eukaryotic 48S preinitiation complex(GO:0033290)	9	57380742	57382858	1.01332e-09	1	0.406699	1	TG(10:0_10:0_10:0)
SORBI_3009G235000	Uncharacterized protein	WD REPEAT-CONTAINING PROTEIN 18 (PTHR18763:SF0)			DNA-templated DNA replication(GO:0006261);rRNA processing(GO:0006364);negative regulation of shoot apical meristem development(GO:1902184)	nuclear pre-replicative complex(GO:0005656);rixosome complex(GO:0120330)	9	57423992	57430687	1.01332e-09	1	0.419462	1	TG(10:0_10:0_10:0)
SORBI_3009G235900	Major facilitator superfamily (MFS) profile domain-containing protein	GH07001P-RELATED (PTHR48021:SF1)		transmembrane transporter activity(GO:0022857);sugar transmembrane transporter activity(GO:0051119)	carbohydrate transport(GO:0008643);carbohydrate transmembrane transport(GO:0034219);transmembrane transport(GO:0055085)	membrane(GO:0016020)	9	57473771	57478289	1.01332e-09	1	0.612542	1	TG(10:0_10:0_10:0)
SORBI_3009G237100	Sodium_metabolite cotransporter BASS4, chloroplastic	SODIUM_METABOLITE COTRANSPORTER BASS4, CHLOROPLASTIC (PTHR18640:SF15)	secondary carrier transporter(PC00258)			chloroplast envelope(GO:0009941);membrane(GO:0016020)	9	57540825	57547713	1.01332e-09	1	0.412994	1	TG(10:0_10:0_10:0)
SORBI_3009G237200	60S ribosomal protein L13	LARGE RIBOSOMAL SUBUNIT PROTEIN EL13 (PTHR11722:SF0)	ribosomal protein(PC00202)	structural constituent of ribosome(GO:0003735)	translation(GO:0006412)	ribosome(GO:0005840);cytosolic large ribosomal subunit(GO:0022625)	9	57549825	57552568	1.01332e-09	1	0.431455	1	TG(10:0_10:0_10:0)
SORBI_3009G237400	Timeless N-terminal domain-containing protein	PROTEIN TIMELESS HOMOLOG (PTHR22940:SF4)		DNA binding(GO:0003677)	DNA replication checkpoint signaling(GO:0000076);DNA repair(GO:0006281);replication fork arrest(GO:0043111)	nucleus(GO:0005634);replication fork protection complex(GO:0031298)	9	57565192	57575775	1.01332e-09	1	0.451488	1	TG(10:0_10:0_10:0)
SORBI_3010G125400	J domain-containing protein	CHAPERONE PROTEIN DNAJ 11, CHLOROPLASTIC (PTHR45432:SF2)	chaperone(PC00072)			endoplasmic reticulum(GO:0005783)	10	15481793	15482414	1.019704e-09	1	0.89191	3	Oxo fatty acid (18:3); TG(18:2_20:3_21:0); TG(18:2_22:0_22:3)
SORBI_3010G125500	RING-type domain-containing protein	E3 UBIQUITIN-PROTEIN LIGASE SYNOVIOLIN (PTHR22763:SF184)	ubiquitin-protein ligase(PC00234)	ubiquitin protein ligase activity(GO:0061630)	ERAD pathway(GO:0036503);proteasome-mediated ubiquitin-dependent protein catabolic process(GO:0043161)	endoplasmic reticulum membrane(GO:0005789)	10	15508131	15526464	1.019704e-09	1	0.89191	3	Oxo fatty acid (18:3); TG(18:2_20:3_21:0); TG(18:2_22:0_22:3)
SORBI_3010G125700	Proteasome activator subunit 4	PROTEASOME ACTIVATOR COMPLEX SUBUNIT 4 (PTHR32170:SF3)		peptidase activator activity(GO:0016504);proteasome binding(GO:0070628)	proteasomal ubiquitin-independent protein catabolic process(GO:0010499)	nucleus(GO:0005634);cytoplasm(GO:0005737);nuclear speck(GO:0016607)	10	15557931	15587402	1.019704e-09	1	0.89191	3	Oxo fatty acid (18:3); TG(18:2_20:3_21:0); TG(18:2_22:0_22:3)
SORBI_3010G125866	Uncharacterized protein						10	15596908	15597636	1.019704e-09	1	0.944574	3	Oxo fatty acid (18:3); TG(18:2_20:3_21:0); TG(18:2_22:0_22:3)
SORBI_3010G125900	Uncharacterized protein						10	15600078	15606103	1.019704e-09	1	0.944574	3	Oxo fatty acid (18:3); TG(18:2_20:3_21:0); TG(18:2_22:0_22:3)
SORBI_3010G126000	DUF2415 domain-containing protein	TRANSDUCIN_WD40 REPEAT-LIKE SUPERFAMILY PROTEIN (PTHR43991:SF32)					10	15674036	15697426	1.019704e-09	1	0.944574	2	TG(18:2_20:3_21:0); TG(18:2_22:0_22:3)
SORBI_3010G126200	Uncharacterized protein						10	15784978	15786540	1.019704e-09	1	0.784775	2	TG(18:2_20:3_21:0); TG(18:2_22:0_22:3)
SORBI_3004G175300	DNA-(apurinic or apyrimidinic site) lyase	N-GLYCOSYLASE_DNA LYASE (PTHR10242:SF2)	DNA metabolism protein(PC00009)	damaged DNA binding(GO:0003684);catalytic activity(GO:0003824);oxidized purine nucleobase lesion DNA N-glycosylase activity(GO:0008534);DNA N-glycosylase activity(GO:0019104);8-oxo-7,8-dihydroguanine DNA N-glycosylase activity(GO:0034039);class I DNA-(apurinic or apyrimidinic site) endonuclease activity(GO:0140078)	DNA repair(GO:0006281);base-excision repair(GO:0006284);base-excision repair, AP site formation(GO:0006285);nucleotide-excision repair(GO:0006289)	nucleus(GO:0005634)	4	52759107	52765145	1.026088e-09	1	0.928093	1	TG(16:0_18:1_20:2)
SORBI_3004G175400							4	52765796	52768760	1.026088e-09	1	1	1	TG(16:0_18:1_20:2)
SORBI_3004G175500	L-ascorbate peroxidase	L-ASCORBATE PEROXIDASE 8, CHLOROPLASTIC-RELATED (PTHR31356:SF11)		peroxidase activity(GO:0004601);L-ascorbate peroxidase activity(GO:0016688);heme binding(GO:0020037)	response to oxidative stress(GO:0006979);cellular response to oxidative stress(GO:0034599);cellular oxidant detoxification(GO:0098869)	chloroplast(GO:0009507)	4	52774157	52778478	1.026088e-09	1	0.928093	1	TG(16:0_18:1_20:2)
SORBI_3004G175600	Uncharacterized protein	TETRATRICOPEPTIDE REPEAT PROTEIN 33 (PTHR15544:SF0)					4	52781294	52785401	1.026088e-09	1	0.489191	1	TG(16:0_18:1_20:2)
SORBI_3004G175700	Transcriptional coactivator p15 (PC4) C-terminal domain-containing protein	ACTIVATED RNA POLYMERASE II TRANSCRIPTIONAL COACTIVATOR P15 (PTHR13215:SF0)	general transcription factor(PC00259)	DNA binding(GO:0003677);transcription coactivator activity(GO:0003713)	regulation of DNA-templated transcription(GO:0006355);positive regulation of transcription initiation by RNA polymerase II(GO:0060261)	nucleus(GO:0005634);transcription regulator complex(GO:0005667)	4	52789538	52794830	1.026088e-09	1	0.490735	1	TG(16:0_18:1_20:2)
SORBI_3004G175800	Uncharacterized protein	OS07G0501100 PROTEIN (PTHR11877:SF68)	transferase(PC00220)	acyltransferase activity(GO:0016746);acyltransferase activity, transferring groups other than amino-acyl groups(GO:0016747);tetraketide alpha-pyrone synthase activity(GO:0090439)	pollen wall assembly(GO:0010208);polyketide biosynthetic process(GO:0030639)		4	52804496	52806078	1.026088e-09	1	0.567857	1	TG(16:0_18:1_20:2)
SORBI_3004G176200	SAC domain-containing protein	PHOSPHATIDYLINOSITOL-3-PHOSPHATASE SAC1 (PTHR45662:SF2)	phosphatase(PC00181)	phosphatase activity(GO:0016791)	phosphatidylinositol dephosphorylation(GO:0046856)		4	52851000	52859491	1.026088e-09	1	0.485659	1	TG(16:0_18:1_20:2)
SORBI_3008G094300	Bidirectional sugar transporter SWEET	BIDIRECTIONAL SUGAR TRANSPORTER SWEET11 (PTHR10791:SF22)		sugar transmembrane transporter activity(GO:0051119)	carbohydrate transmembrane transport(GO:0034219)	plasma membrane(GO:0005886);membrane(GO:0016020)	8	44416458	44418843	1.046417e-09	7	0.975416	2	TG(16:0_16:0_20:1); TG(16:0_18:1_20:0)
SORBI_3007G090400	DUF2470 domain-containing protein	GLUTAMYL-TRNA REDUCTASE-BINDING PROTEIN, CHLOROPLASTIC (PTHR13343:SF22)		protein-membrane adaptor activity(GO:0043495)		cytoplasm(GO:0005737);chloroplast(GO:0009507);chloroplast thylakoid(GO:0009534);chloroplast stroma(GO:0009570);protein-containing complex(GO:0032991)	7	12943050	12946898	1.051901e-09	1	0.538688	6	TG(16:0_16:0_20:1); TG(16:0_18:0_18:2); TG(16:0_18:1_18:1); TG(16:0_18:1_20:1); TG(16:0_18:1_20:2); TG(18:0_18:2_18:2)
SORBI_3006G138800	adenine phosphoribosyltransferase	OS04G0504000 PROTEIN (PTHR11776:SF11)	transferase(PC00220)	adenine phosphoribosyltransferase activity(GO:0003999)	adenine salvage(GO:0006168);AMP salvage(GO:0044209)	cytoplasm(GO:0005737)	6	50099099	50106205	1.097527e-09	3	1	2	TG(16:0_16:0_20:1); TG(16:0_18:1_18:1)
SORBI_3006G138900	Uncharacterized protein	OS04G0504200 PROTEIN (PTHR34287:SF4)					6	50111930	50112881	1.097527e-09	3	0.630044	2	TG(16:0_16:0_20:1); TG(16:0_18:1_18:1)
SORBI_3006G139200	CCHC-type domain-containing protein	OS02G0303350 PROTEIN (PTHR33075:SF7)					6	50132185	50135610	1.097527e-09	3	0.581685	2	TG(16:0_16:0_20:1); TG(16:0_18:1_18:1)
SORBI_3006G139501	Uncharacterized protein						6	50172365	50175083	1.097527e-09	3	0.448844	2	TG(16:0_16:0_20:1); TG(16:0_18:1_18:1)
SORBI_3006G139900	Glycosyltransferase	GLYCOSYLTRANSFERASE (PTHR48047:SF79)	glycosyltransferase(PC00111)	UDP-glycosyltransferase activity(GO:0008194)			6	50203771	50205312	1.097527e-09	3	1	2	TG(16:0_16:0_20:1); TG(16:0_18:1_18:1)
SORBI_3001G220066	No apical meristem-associated C-terminal domain-containing protein	OS07G0575233 PROTEIN (PTHR45023:SF15)					1	20710980	20712223	1.102206e-09	2	0.455934	6	TG(16:0_16:0_18:1); TG(16:0_16:0_20:1); TG(16:0_18:0_18:2); TG(16:0_18:1_18:1); TG(16:0_18:1_20:1); TG(18:0_18:2_18:2)
SORBI_3001G220300	EF-hand domain-containing protein	MIP22305P (PTHR14095:SF0)	protein phosphatase(PC00195)	calcium ion binding(GO:0005509);protein phosphatase regulator activity(GO:0019888)		protein phosphatase type 2A complex(GO:0000159)	1	20730739	20740993	1.102206e-09	2	0.463272	6	TG(16:0_16:0_18:1); TG(16:0_16:0_20:1); TG(16:0_18:0_18:2); TG(16:0_18:1_18:1); TG(16:0_18:1_20:1); TG(18:0_18:2_18:2)
SORBI_3001G220900	NECAP PHear domain-containing protein	EAR-BINDING COAT-ASSOCIATED PROTEIN 2, PUTATIVE, EXPRESSED-RELATED (PTHR12847:SF3)	ATP-binding cassette (ABC) transporter(PC00003)		endocytosis(GO:0006897);vesicle-mediated transport(GO:0016192)	membrane(GO:0016020);clathrin vesicle coat(GO:0030125)	1	20774311	20777421	1.102206e-09	2	0.455934	6	TG(16:0_16:0_18:1); TG(16:0_16:0_20:1); TG(16:0_18:0_18:2); TG(16:0_18:1_18:1); TG(16:0_18:1_20:1); TG(18:0_18:2_18:2)
SORBI_3001G221300	Long-chain-alcohol oxidase	LONG-CHAIN-ALCOHOL OXIDASE (PTHR46056:SF11)	oxidase(PC00175)	oxidoreductase activity, acting on CH-OH group of donors(GO:0016614);long-chain-alcohol oxidase activity(GO:0046577);flavin adenine dinucleotide binding(GO:0050660)		membrane(GO:0016020)	1	20843443	20854765	1.102206e-09	2	0.742031	6	TG(16:0_16:0_18:1); TG(16:0_16:0_20:1); TG(16:0_18:0_18:2); TG(16:0_18:1_18:1); TG(16:0_18:1_20:1); TG(18:0_18:2_18:2)
SORBI_3001G221350	Uncharacterized protein						1	20871893	20874648	1.102206e-09	2	0.730184	6	TG(16:0_16:0_18:1); TG(16:0_16:0_20:1); TG(16:0_18:0_18:2); TG(16:0_18:1_18:1); TG(16:0_18:1_20:1); TG(18:0_18:2_18:2)
SORBI_3001G221400	Long-chain-alcohol oxidase	LONG-CHAIN-ALCOHOL OXIDASE (PTHR46056:SF8)	oxidase(PC00175)	oxidoreductase activity, acting on CH-OH group of donors(GO:0016614);long-chain-alcohol oxidase activity(GO:0046577);flavin adenine dinucleotide binding(GO:0050660)		membrane(GO:0016020)	1	20929906	20947823	1.102206e-09	2	0.72498	6	TG(16:0_16:0_18:1); TG(16:0_16:0_20:1); TG(16:0_18:0_18:2); TG(16:0_18:1_18:1); TG(16:0_18:1_20:1); TG(18:0_18:2_18:2)
SORBI_3001G221500	glutamate--tRNA ligase	GLUTAMATE--TRNA LIGASE (PTHR43097:SF5)	aminoacyl-tRNA synthetase(PC00047)	nucleotide binding(GO:0000166);aminoacyl-tRNA ligase activity(GO:0004812);glutamate-tRNA ligase activity(GO:0004818);ATP binding(GO:0005524)	translation(GO:0006412);tRNA aminoacylation for protein translation(GO:0006418);glutamyl-tRNA aminoacylation(GO:0006424);post-embryonic development(GO:0009791);tRNA aminoacylation(GO:0043039);reproductive structure development(GO:0048608)	cytoplasm(GO:0005737);cytosol(GO:0005829);methionyl glutamyl tRNA synthetase complex(GO:0017102);protein-containing complex(GO:0032991)	1	20948407	20954620	1.102206e-09	2	0.716362	6	TG(16:0_16:0_18:1); TG(16:0_16:0_20:1); TG(16:0_18:0_18:2); TG(16:0_18:1_18:1); TG(16:0_18:1_20:1); TG(18:0_18:2_18:2)
SORBI_3001G221601	Uncharacterized protein	RNA-BINDING PROTEIN (PTHR38382:SF1)					1	20960616	20964331	1.102206e-09	2	0.524475	6	TG(16:0_16:0_18:1); TG(16:0_16:0_20:1); TG(16:0_18:0_18:2); TG(16:0_18:1_18:1); TG(16:0_18:1_20:1); TG(18:0_18:2_18:2)
SORBI_3001G221700							1	20964406	20977261	1.102206e-09	2	0.687425	6	TG(16:0_16:0_18:1); TG(16:0_16:0_20:1); TG(16:0_18:0_18:2); TG(16:0_18:1_18:1); TG(16:0_18:1_20:1); TG(18:0_18:2_18:2)
SORBI_3001G221750	Uncharacterized protein						1	20979569	20980756	1.102206e-09	2	0.586648	6	TG(16:0_16:0_18:1); TG(16:0_16:0_20:1); TG(16:0_18:0_18:2); TG(16:0_18:1_18:1); TG(16:0_18:1_20:1); TG(18:0_18:2_18:2)
SORBI_3001G221850	CCHC-type domain-containing protein	OS11G0296500 PROTEIN (PTHR23002:SF89)	RNA metabolism protein(PC00031)	nucleic acid binding(GO:0003676);single-stranded RNA binding(GO:0003727);mRNA binding(GO:0003729);zinc ion binding(GO:0008270);translation regulator activity(GO:0045182)	positive regulation of cytoplasmic translation(GO:2000767)	cytoplasm(GO:0005737)	1	21023882	21025819	1.102206e-09	2	0.629902	6	TG(16:0_16:0_18:1); TG(16:0_16:0_20:1); TG(16:0_18:0_18:2); TG(16:0_18:1_18:1); TG(16:0_18:1_20:1); TG(18:0_18:2_18:2)
SORBI_3001G221900	3-ketoacyl-CoA synthase	3-KETOACYL-COA SYNTHASE (PTHR31561:SF197)		acyltransferase activity(GO:0016746);acyltransferase activity, transferring groups other than amino-acyl groups(GO:0016747)	fatty acid biosynthetic process(GO:0006633)	membrane(GO:0016020)	1	21041757	21047310	1.102206e-09	1	0.445086	6	TG(16:0_16:0_18:1); TG(16:0_16:0_20:1); TG(16:0_18:0_18:2); TG(16:0_18:1_18:1); TG(16:0_18:1_20:1); TG(18:0_18:2_18:2)
SORBI_3007G090537	CpSecY	PREPROTEIN TRANSLOCASE SUBUNIT SCY1, CHLOROPLASTIC (PTHR10906:SF9)	transporter(PC00227)	signal sequence binding(GO:0005048);transmembrane protein transporter activity(GO:0008320)	SRP-dependent cotranslational protein targeting to membrane, translocation(GO:0006616);protein transport(GO:0015031)	chloroplast thylakoid membrane(GO:0009535);membrane(GO:0016020)	7	14199576	14208539	1.124333e-09	1	0.659214	5	TG(16:0_16:0_20:1); TG(16:0_18:1_18:1); TG(16:0_18:1_20:1); TG(16:0_18:1_20:2); TG(18:0_18:2_18:2)
SORBI_3007G090600	Glycosyltransferase 2-like domain-containing protein	XYLOGLUCAN GLYCOSYLTRANSFERASE 3-RELATED (PTHR32044:SF69)		glycosyltransferase activity(GO:0016757)	pollen tube development(GO:0048868);cell wall organization(GO:0071555);plant organ development(GO:0099402)	Golgi membrane(GO:0000139)	7	14230916	14235307	1.124333e-09	1	0.704368	5	TG(16:0_16:0_20:1); TG(16:0_18:1_18:1); TG(16:0_18:1_20:1); TG(16:0_18:1_20:2); TG(18:0_18:2_18:2)
SORBI_3007G090701	Uncharacterized protein						7	14344845	14348149	1.124333e-09	1	0.635279	5	TG(16:0_16:0_20:1); TG(16:0_18:1_18:1); TG(16:0_18:1_20:1); TG(16:0_18:1_20:2); TG(18:0_18:2_18:2)
SORBI_3010G140100	Uncharacterized protein						10	25357014	25359626	1.158375e-09	1	0.943415	2	TG(16:0_16:0_20:1); TG(16:0_18:1_18:1)
SORBI_3010G140150	CCHC-type domain-containing protein	OS11G0296500 PROTEIN (PTHR23002:SF89)	RNA metabolism protein(PC00031)	nucleic acid binding(GO:0003676);single-stranded RNA binding(GO:0003727);mRNA binding(GO:0003729);zinc ion binding(GO:0008270);translation regulator activity(GO:0045182)	positive regulation of cytoplasmic translation(GO:2000767)	cytoplasm(GO:0005737)	10	25475463	25477342	1.158375e-09	1	0.934878	2	TG(16:0_16:0_20:1); TG(16:0_18:1_18:1)
SORBI_3006G035400	Uncharacterized protein						6	10674128	10679307	1.161106e-09	1	0.961632	2	TG(16:0_16:0_20:1); TG(16:0_18:1_18:1)
SORBI_3006G035500	Fe2OG dioxygenase domain-containing protein	PROLYL 4-HYDROXYLASE 1 (PTHR10869:SF42)	protein modifying enzyme(PC00260)	procollagen-proline 4-dioxygenase activity(GO:0004656);iron ion binding(GO:0005506);oxidoreductase activity, acting on paired donors, with incorporation or reduction of molecular oxygen(GO:0016705);L-ascorbic acid binding(GO:0031418)		endoplasmic reticulum membrane(GO:0005789)	6	10679473	10699003	1.161106e-09	1	0.964882	2	TG(16:0_16:0_20:1); TG(16:0_18:1_18:1)
SORBI_3006G035600	Kinesin motor domain-containing protein	KINESIN-LIKE PROTEIN KIF15 (PTHR24115:SF1004)	microtubule binding motor protein(PC00156)	nucleotide binding(GO:0000166);cytoskeletal motor activity(GO:0003774);microtubule motor activity(GO:0003777);ATP binding(GO:0005524);microtubule binding(GO:0008017)	microtubule-based movement(GO:0007018)	kinesin complex(GO:0005871);phragmoplast(GO:0009524)	6	10924580	10932213	1.161106e-09	1	0.965085	2	TG(16:0_16:0_20:1); TG(16:0_18:1_18:1)
SORBI_3006G035700	Response regulatory domain-containing protein	TWO-COMPONENT RESPONSE REGULATOR ORR28 (PTHR43874:SF92)	winged helix/forkhead transcription factor(PC00246)	DNA binding(GO:0003677)	phosphorelay signal transduction system(GO:0000160);cytokinin-activated signaling pathway(GO:0009736)		6	11019487	11021804	1.161106e-09	1	0.965085	2	TG(16:0_16:0_20:1); TG(16:0_18:1_18:1)
SORBI_3005G115200	Aminotransferase-like plant mobile domain-containing protein	AMINOTRANSFERASE-LIKE PLANT MOBILE DOMAIN-CONTAINING PROTEIN (PTHR36607:SF20)	oxygenase(PC00177)				5	46704267	46707395	1.164517e-09	1	0.923256	5	TG(16:0_16:0_20:1); TG(16:0_18:1_18:1); TG(16:0_18:1_20:1); TG(16:1_18:1_18:1); TG(18:0_18:2_18:2)
SORBI_3006G258000	Regulatory protein RecX family protein	REGULATORY PROTEIN RECX FAMILY PROTEIN (PTHR33602:SF1)			regulation of DNA repair(GO:0006282)	cytoplasm(GO:0005737)	6	59424739	59432820	1.177089e-09	1	0.472924	3	TG(16:0_18:0_18:2); TG(16:0_18:1_20:1); TG(18:0_18:2_18:2)
SORBI_3006G258100	Uncharacterized protein						6	59425548	59431258	1.177089e-09	1	0.472924	3	TG(16:0_18:0_18:2); TG(16:0_18:1_20:1); TG(18:0_18:2_18:2)
SORBI_3006G258900	Uncharacterized protein	TRIACYLGLYCEROL LIPASE-LIKE PROTEIN (PTHR36703:SF1)	lipase(PC00143)				6	59475016	59483626	1.177089e-09	1	1	3	TG(16:0_18:0_18:2); TG(16:0_18:1_20:1); TG(18:0_18:2_18:2)
SORBI_3002G364301	Small ribosomal subunit protein eS1	SMALL RIBOSOMAL SUBUNIT PROTEIN ES1 (PTHR11830:SF0)	ribosomal protein(PC00202)	structural constituent of ribosome(GO:0003735)	translation(GO:0006412)	cytoplasm(GO:0005737);cytosol(GO:0005829);ribosome(GO:0005840);cytosolic small ribosomal subunit(GO:0022627)	2	72508158	72513413	1.189612e-09	1	1	4	TG(16:0_16:0_18:1); TG(16:0_18:0_18:2); TG(16:0_18:1_18:2); TG(16:0_18:1_20:2)
SORBI_3010G140750	CCHC-type domain-containing protein	OS11G0296500 PROTEIN (PTHR23002:SF89)	RNA metabolism protein(PC00031)	nucleic acid binding(GO:0003676);single-stranded RNA binding(GO:0003727);mRNA binding(GO:0003729);zinc ion binding(GO:0008270);translation regulator activity(GO:0045182)	positive regulation of cytoplasmic translation(GO:2000767)	cytoplasm(GO:0005737)	10	32286029	32287859	1.193987e-09	3	0.912068	3	9,12,13,TriHODE; TG(16:0_18:1_18:1); trans-EKODE-(E)-Ib
SORBI_3009G220500							9	56384562	56390232	1.222343e-09	3	0.798957	1	TG(10:0_10:0_10:0)
SORBI_3009G220700	Uncharacterized protein						9	56391297	56392521	1.222343e-09	3	0.710348	1	TG(10:0_10:0_10:0)
SORBI_3009G220800	Rx N-terminal domain-containing protein	OS04G0623066 PROTEIN (PTHR34630:SF106)					9	56392699	56397753	1.222343e-09	3	0.815809	1	TG(10:0_10:0_10:0)
SORBI_3009G221000							9	56414893	56420312	1.222343e-09	3	1	1	TG(10:0_10:0_10:0)
SORBI_3010G146100	Uncharacterized protein	AQUAPORIN-8 (PTHR45665:SF9)		water channel activity(GO:0015250);channel activity(GO:0015267)	water transport(GO:0006833);one-carbon compound transport(GO:0019755);transmembrane transport(GO:0055085)	cytoplasm(GO:0005737);endomembrane system(GO:0012505);membrane(GO:0016020)	10	41392271	41394011	1.241568e-09	1	0.666608	2	TG(18:1_20:1_22:1); TG(18:2_22:0_22:3)
SORBI_3010G146200	Uncharacterized protein						10	41439713	41441774	1.241568e-09	1	0.727181	2	TG(18:1_20:1_22:1); TG(18:2_22:0_22:3)
SORBI_3010G146350	Uncharacterized protein						10	41598664	41601835	1.241568e-09	1	0.892093	2	TG(18:1_20:1_22:1); TG(18:2_22:0_22:3)
SORBI_3010G146400	Auxin-responsive protein	AUXIN-RESPONSIVE PROTEIN IAA21 (PTHR31734:SF252)			regulation of DNA-templated transcription(GO:0006355);response to auxin(GO:0009733);auxin-activated signaling pathway(GO:0009734)	nucleus(GO:0005634)	10	41660035	41665277	1.241568e-09	1	0.894087	2	TG(18:1_20:1_22:1); TG(18:2_22:0_22:3)
SORBI_3010G146500							10	41743477	41746939	1.241568e-09	1	0.698184	2	TG(18:1_20:1_22:1); TG(18:2_22:0_22:3)
SORBI_3010G141001	C-terminal associated domain-containing protein			DNA binding(GO:0003677);DNA topoisomerase type II (double strand cut, ATP-hydrolyzing) activity(GO:0003918);ATP binding(GO:0005524)	DNA topological change(GO:0006265)		10	33907792	33918776	1.267242e-09	1	0.777137	2	Oxo fatty acid (18:3); trans-EKODE-(E)-Ib
SORBI_3010G141201	Transposase MuDR plant domain-containing protein			DNA topoisomerase type II (double strand cut, ATP-hydrolyzing) activity(GO:0003918)			10	33919080	33920871	1.267242e-09	1	0.773183	2	Oxo fatty acid (18:3); trans-EKODE-(E)-Ib
SORBI_3008G012200	RNA polymerase subunit H_Rpb5 C-terminal domain-containing protein	DNA-DIRECTED RNA POLYMERASE V SUBUNIT 5A (PTHR10535:SF2)	DNA-directed RNA polymerase(PC00019)	DNA binding(GO:0003677);DNA-directed RNA polymerase activity(GO:0003899)	DNA-templated transcription(GO:0006351);transcription elongation by RNA polymerase I(GO:0006362);transcription by RNA polymerase II(GO:0006366);tRNA transcription by RNA polymerase III(GO:0042797)	DNA-directed RNA polymerase complex(GO:0000428)	8	1023815	1026799	1.271972e-09	1	1	1	TG(10:0_10:0_10:0)
SORBI_3006G061000	Pentacotripeptide-repeat region of PRORP domain-containing protein	OS04G0401200 PROTEIN (PTHR47924:SF216)		RNA binding(GO:0003723)	RNA modification(GO:0009451)		6	41348726	41358342	1.316015e-09	1	1	1	TG(12:0_14:0_18:3)
SORBI_3003G366850	Uncharacterized protein	EXPRESSED PROTEIN (PTHR11223:SF7)	transporter(PC00227)	nuclear export signal receptor activity(GO:0005049)	ribosomal large subunit export from nucleus(GO:0000055);ribosomal small subunit export from nucleus(GO:0000056);protein export from nucleus(GO:0006611)	cytoplasm(GO:0005737)	3	68293375	68323091	1.358718e-09	6	0.478568	1	PA(16:0_18:2)
SORBI_3003G367300	Actin	ACTIN-7 (PTHR11937:SF408)	actin and actin related protein(PC00039)	structural constituent of cytoskeleton(GO:0005200)	cytoskeleton organization(GO:0007010);root hair elongation(GO:0048767)	nucleus(GO:0005634);cytoskeleton(GO:0005856)	3	68353737	68357152	1.358718e-09	6	0.575245	1	PA(16:0_18:2)
SORBI_3003G367350	Uncharacterized protein						3	68357704	68359055	1.358718e-09	6	0.618426	1	PA(16:0_18:2)
SORBI_3003G367401	Secreted protein						3	68361466	68362218	1.358718e-09	6	1	1	PA(16:0_18:2)
SORBI_3003G367451	VAMP-like protein YKT61	SYNAPTOBREVIN HOMOLOG YKT6 (PTHR45806:SF1)		SNAP receptor activity(GO:0005484)	vesicle fusion(GO:0006906);vesicle-mediated transport(GO:0016192)	Golgi apparatus(GO:0005794);plasma membrane(GO:0005886);membrane(GO:0016020);SNARE complex(GO:0031201)	3	68362685	68367206	1.358718e-09	6	1	1	PA(16:0_18:2)
SORBI_3003G367900	U6 snRNA-associated Sm-like protein LSm3	LSM3 HOMOLOG, U6 SMALL NUCLEAR RNA AND MRNA DEGRADATION ASSOCIATED (PTHR13110:SF0)	RNA splicing factor(PC00148)	RNA binding(GO:0003723)	mRNA splicing, via spliceosome(GO:0000398);P-body assembly(GO:0033962)	P-body(GO:0000932);nucleus(GO:0005634);U6 snRNP(GO:0005688);U4/U6 x U5 tri-snRNP complex(GO:0046540);precatalytic spliceosome(GO:0071011);catalytic step 2 spliceosome(GO:0071013);Lsm2-8 complex(GO:0120115);Lsm1-7-Pat1 complex(GO:1990726)	3	68376151	68378750	1.358718e-09	6	0.77967	1	PA(16:0_18:2)
SORBI_3003G368100	Omega-hydroxypalmitate O-feruloyl transferase	OMEGA-HYDROXYPALMITATE O-FERULOYL TRANSFERASE (PTHR31642:SF308)	acetyltransferase(PC00038)	acyltransferase activity, transferring groups other than amino-acyl groups(GO:0016747)			3	68388419	68392296	1.358718e-09	6	0.589218	1	PA(16:0_18:2)
SORBI_3003G368150	Uncharacterized protein						3	68389757	68390750	1.358718e-09	6	0.589218	1	PA(16:0_18:2)
SORBI_3003G368200	Anaphase-promoting complex subunit 4 WD40 domain-containing protein	WD40 REPEAT-CONTAINING PROTEIN (PTHR47467:SF1)					3	68397338	68401309	1.358718e-09	6	0.555893	1	PA(16:0_18:2)
SORBI_3003G369066	alanine--tRNA ligase	ALANINE--TRNA LIGASE, CYTOPLASMIC (PTHR11777:SF9)	aminoacyl-tRNA synthetase(PC00047)	nucleotide binding(GO:0000166);aminoacyl-tRNA deacylase activity(GO:0002161);nucleic acid binding(GO:0003676);alanine-tRNA ligase activity(GO:0004813);ATP binding(GO:0005524)	alanyl-tRNA aminoacylation(GO:0006419);aminoacyl-tRNA metabolism involved in translational fidelity(GO:0106074)	cytoplasm(GO:0005737)	3	68484437	68487658	1.358718e-09	6	0.774606	1	PA(16:0_18:2)
SORBI_3003G369200	DNA polymerase	DNA POLYMERASE ALPHA CATALYTIC SUBUNIT (PTHR45861:SF1)	DNA metabolism protein(PC00009)	nucleotide binding(GO:0000166);nucleic acid binding(GO:0003676);DNA binding(GO:0003677);chromatin binding(GO:0003682);DNA replication origin binding(GO:0003688);single-stranded DNA binding(GO:0003697);DNA-directed DNA polymerase activity(GO:0003887);DNA-directed RNA polymerase activity(GO:0003899);DNA polymerase activity(GO:0034061)	DNA synthesis involved in DNA repair(GO:0000731);DNA replication(GO:0006260);DNA replication initiation(GO:0006270);leading strand elongation(GO:0006272);lagging strand elongation(GO:0006273);mitotic DNA replication initiation(GO:1902975)	nucleus(GO:0005634);alpha DNA polymerase:primase complex(GO:0005658)	3	68524376	68536009	1.358718e-09	6	0.537262	1	PA(16:0_18:2)
SORBI_3003G370100	Protein kinase domain-containing protein	SERINE_THREONINE-PROTEIN KINASE SAPK4 (PTHR24343:SF372)	non-receptor serine/threonine protein kinase(PC00167)	nucleotide binding(GO:0000166);protein kinase activity(GO:0004672);protein serine/threonine kinase activity(GO:0004674);ATP binding(GO:0005524)		nucleus(GO:0005634);cytoplasm(GO:0005737)	3	68605726	68610855	1.358718e-09	6	0.523033	1	PA(16:0_18:2)
SORBI_3004G105100	Peroxidase	PEROXIDASE (PTHR31388:SF285)	peroxidase(PC00180)	peroxidase activity(GO:0004601);heme binding(GO:0020037);metal ion binding(GO:0046872);lactoperoxidase activity(GO:0140825)	response to oxidative stress(GO:0006979);hydrogen peroxide catabolic process(GO:0042744);cellular oxidant detoxification(GO:0098869)	extracellular region(GO:0005576)	4	9913834	9917972	1.366388e-09	1	0.406593	1	TG(18:1_18:2_18:2)
SORBI_3001G259200	Glycosyltransferase	GLYCOSYLTRANSFERASE (PTHR11926:SF1556)	transferase(PC00220)	UDP-glycosyltransferase activity(GO:0008194)			1	31017423	31019687	1.381723e-09	2	0.753765	4	TG(16:0_16:0_20:1); TG(16:0_18:1_18:1); TG(16:0_18:1_20:0); TG(18:0_18:2_18:2)
SORBI_3001G259250	Uncharacterized protein						1	31022513	31023498	1.381723e-09	2	0.748493	4	TG(16:0_16:0_20:1); TG(16:0_18:1_18:1); TG(16:0_18:1_20:0); TG(18:0_18:2_18:2)
SORBI_3001G259700	Protein TIFY	PROTEIN TIFY (PTHR33077:SF124)			response to wounding(GO:0009611);regulation of defense response(GO:0031347);regulation of jasmonic acid mediated signaling pathway(GO:2000022)	nucleus(GO:0005634)	1	31345064	31346119	1.381723e-09	2	0.5762	4	TG(16:0_16:0_20:1); TG(16:0_18:1_18:1); TG(16:0_18:1_20:0); TG(18:0_18:2_18:2)
SORBI_3001G259850	Uncharacterized protein						1	31366333	31369813	1.381723e-09	2	0.685018	4	TG(16:0_16:0_20:1); TG(16:0_18:1_18:1); TG(16:0_18:1_20:0); TG(18:0_18:2_18:2)
SORBI_3001G320101	Uncharacterized protein						1	60792938	60793950	1.394943e-09	1	0.480769	4	TG(16:0_16:0_20:1); TG(16:0_18:1_18:1); TG(16:0_18:1_20:1); TG(18:0_18:2_18:2)
SORBI_3010G141400	Toprim domain-containing protein			DNA binding(GO:0003677);DNA topoisomerase type II (double strand cut, ATP-hydrolyzing) activity(GO:0003918);ATP binding(GO:0005524)	DNA topological change(GO:0006265)		10	34395148	34414051	1.412431e-09	2	0.812825	3	9,12,13,TriHODE; Oxo fatty acid (18:3); trans-EKODE-(E)-Ib
SORBI_3010G141433	Uncharacterized protein						10	34858274	34864380	1.420544e-09	1	0.889779	1	trans-EKODE-(E)-Ib
SORBI_3010G197300	Glycosyltransferase 2-like domain-containing protein	GLUCOMANNAN 4-BETA-MANNOSYLTRANSFERASE 9 (PTHR32044:SF77)		glucomannan 4-beta-mannosyltransferase activity(GO:0047259);mannan synthase activity(GO:0051753)		Golgi membrane(GO:0000139)	10	54044273	54050703	1.428977e-09	1	0.763898	1	TG(16:0_18:1_20:2)
SORBI_3010G197566	Uncharacterized protein						10	54060915	54065679	1.428977e-09	1	0.775973	1	TG(16:0_18:1_20:2)
SORBI_3008G189200	AB hydrolase-1 domain-containing protein	AB HYDROLASE-1 DOMAIN-CONTAINING PROTEIN (PTHR43329:SF144)	hydrolase(PC00121)	catalytic activity(GO:0003824);epoxide hydrolase activity(GO:0004301);hydrolase activity(GO:0016787)			8	62335856	62338106	1.504157e-09	1	1	3	9,12,13,TriHODE; Oxo fatty acid (18:3); trans-EKODE-(E)-Ib
SORBI_3008G094150	Uncharacterized protein						8	44199631	44202525	1.519131e-09	1	0.833219	2	TG(16:0_18:1_18:2); TG(16:1_18:1_18:1)
SORBI_3008G154100	BHLH domain-containing protein	HELIX-LOOP-HELIX DNA-BINDING DOMAIN CONTAINING PROTEIN, EXPRESSED (PTHR45855:SF24)	DNA-binding transcription factor(PC00218)	protein dimerization activity(GO:0046983)		nucleus(GO:0005634)	8	58676774	58680323	1.54269e-09	2	0.640088	1	.alpha.-Ionone
SORBI_3008G154200	BHLH domain-containing protein	HELIX-LOOP-HELIX DNA-BINDING DOMAIN CONTAINING PROTEIN, EXPRESSED (PTHR45855:SF24)	DNA-binding transcription factor(PC00218)	protein dimerization activity(GO:0046983)			8	58689485	58694436	1.54269e-09	2	0.717233	1	.alpha.-Ionone
SORBI_3008G154300	Flavin-containing monooxygenase	FLAVIN-CONTAINING MONOOXYGENASE (PTHR43539:SF48)	oxygenase(PC00177)	N,N-dimethylaniline monooxygenase activity(GO:0004499);flavin adenine dinucleotide binding(GO:0050660);NADP binding(GO:0050661);indole-3-pyruvate monooxygenase activity(GO:0103075)	auxin biosynthetic process(GO:0009851)		8	58700018	58703076	1.54269e-09	2	0.988147	1	.alpha.-Ionone
SORBI_3010G131900	RING-type E3 ubiquitin transferase	IP09428P-RELATED (PTHR11224:SF10)	ubiquitin-protein ligase(PC00234)	metal ion binding(GO:0046872);ubiquitin protein ligase activity(GO:0061630)	protein polyubiquitination(GO:0000209);protein ubiquitination(GO:0016567)		10	18148226	18154968	1.554227e-09	1	0.700251	1	Oxo fatty acid (18:3)
SORBI_3010G131950	Uncharacterized protein						10	18156407	18156751	1.554227e-09	1	0.613415	1	Oxo fatty acid (18:3)
SORBI_3010G132000	Pollen-specific arabinogalacta protein BAN102	POLLEN-SPECIFIC ARABINOGALACTA PROTEIN BAN102 (PTHR34672:SF17)					10	18208955	18213440	1.554227e-09	1	0.819717	1	Oxo fatty acid (18:3)
SORBI_3010G132100	Thioredoxin domain-containing protein	THIOREDOXIN DOMAIN-CONTAINING PROTEIN 17 (PTHR12452:SF0)	transporter(PC00227)	protein-disulfide reductase [NAD(P)H] activity(GO:0047134)		cytosol(GO:0005829)	10	18274379	18282651	1.554227e-09	1	0.823069	1	Oxo fatty acid (18:3)
SORBI_3010G132300	CDK5RAP3-like protein	CDK5 REGULATORY SUBUNIT-ASSOCIATED PROTEIN 3 (PTHR14894:SF0)		ubiquitin-like ligase-substrate adaptor activity(GO:1990756)	regulation of mitotic cell cycle(GO:0007346);endoplasmic reticulum unfolded protein response(GO:0030968)	endomembrane system(GO:0012505)	10	18282411	18289318	1.554227e-09	1	0.823069	1	Oxo fatty acid (18:3)
SORBI_3010G132400	Beta-glucosidase	MYROSINASE 3-RELATED (PTHR10353:SF137)	glycosidase(PC00110)	hydrolase activity, hydrolyzing O-glycosyl compounds(GO:0004553);beta-galactosidase activity(GO:0004565);beta-glucosidase activity(GO:0008422);beta-D-fucosidase activity(GO:0033907)	carbohydrate metabolic process(GO:0005975)		10	18287069	18292770	1.554227e-09	1	0.823069	1	Oxo fatty acid (18:3)
SORBI_3010G132500	Uncharacterized protein	EXPRESSED PROTEIN (PTHR34055:SF1)					10	18304098	18305471	1.554227e-09	1	1	1	Oxo fatty acid (18:3)
SORBI_3010G132550	Secreted protein						10	18305577	18306198	1.554227e-09	1	0.819717	1	Oxo fatty acid (18:3)
SORBI_3010G132600	Selenoprotein O	PROTEIN ADENYLYLTRANSFERASE SELO, MITOCHONDRIAL (PTHR32057:SF14)	protein modifying enzyme(PC00260)	AMPylase activity(GO:0070733)		chloroplast(GO:0009507);chloroplast thylakoid(GO:0009534)	10	18308320	18314385	1.554227e-09	1	0.823069	1	Oxo fatty acid (18:3)
SORBI_3010G132800	Uncharacterized protein						10	18442896	18445005	1.554227e-09	1	0.823069	1	Oxo fatty acid (18:3)
SORBI_3010G132900	Uncharacterized protein						10	18475436	18479434	1.554227e-09	1	0.819717	1	Oxo fatty acid (18:3)
SORBI_3010G133000	Uncharacterized protein	OS06G0324400 PROTEIN (PTHR33493:SF18)			embryo development ending in seed dormancy(GO:0009793)		10	18563207	18564509	1.554227e-09	1	0.823008	1	Oxo fatty acid (18:3)
SORBI_3008G080900	Uncharacterized protein	EXPRESSED PROTEIN (PTHR31865:SF0)					8	14257172	14258700	1.60933e-09	1	0.758182	7	TG(16:0_16:0_18:1); TG(16:0_16:0_20:1); TG(16:0_18:0_18:2); TG(16:0_18:1_18:2); TG(16:0_18:1_20:1); TG(16:1_18:1_18:1); TG(18:0_18:2_18:2)
SORBI_3008G081000	Uncharacterized protein						8	14279675	14282606	1.60933e-09	1	0.851294	7	TG(16:0_16:0_18:1); TG(16:0_16:0_20:1); TG(16:0_18:0_18:2); TG(16:0_18:1_18:2); TG(16:0_18:1_20:1); TG(16:1_18:1_18:1); TG(18:0_18:2_18:2)
SORBI_3008G081100	Uncharacterized protein						8	14283473	14285531	1.60933e-09	1	0.851294	7	TG(16:0_16:0_18:1); TG(16:0_16:0_20:1); TG(16:0_18:0_18:2); TG(16:0_18:1_18:2); TG(16:0_18:1_20:1); TG(16:1_18:1_18:1); TG(18:0_18:2_18:2)
SORBI_3008G081150	Uncharacterized protein						8	14306896	14311314	1.60933e-09	1	0.870266	7	TG(16:0_16:0_18:1); TG(16:0_16:0_20:1); TG(16:0_18:0_18:2); TG(16:0_18:1_18:2); TG(16:0_18:1_20:1); TG(16:1_18:1_18:1); TG(18:0_18:2_18:2)
SORBI_3008G081200	Major facilitator superfamily (MFS) profile domain-containing protein	OS12G0231000 PROTEIN (PTHR11654:SF21)	transporter(PC00227)	transmembrane transporter activity(GO:0022857)	transmembrane transport(GO:0055085)	membrane(GO:0016020)	8	14313689	14316455	1.60933e-09	1	0.851294	7	TG(16:0_16:0_18:1); TG(16:0_16:0_20:1); TG(16:0_18:0_18:2); TG(16:0_18:1_18:2); TG(16:0_18:1_20:1); TG(16:1_18:1_18:1); TG(18:0_18:2_18:2)
SORBI_3008G081400	Major facilitator superfamily (MFS) profile domain-containing protein	MAJOR FACILITATOR SUPERFAMILY (MFS) PROFILE DOMAIN-CONTAINING PROTEIN (PTHR11654:SF377)	transporter(PC00227)	transmembrane transporter activity(GO:0022857)	transmembrane transport(GO:0055085)	membrane(GO:0016020)	8	14480361	14484229	1.60933e-09	1	0.827777	7	TG(16:0_16:0_18:1); TG(16:0_16:0_20:1); TG(16:0_18:0_18:2); TG(16:0_18:1_18:2); TG(16:0_18:1_20:1); TG(16:1_18:1_18:1); TG(18:0_18:2_18:2)
SORBI_3010G140500	RING-type E3 ubiquitin transferase	U-BOX DOMAIN-CONTAINING PROTEIN 5 (PTHR23315:SF240)	ubiquitin-protein ligase(PC00234)	ubiquitin-protein transferase activity(GO:0004842);ubiquitin protein ligase activity(GO:0061630)	protein ubiquitination(GO:0016567)		10	27155811	27185775	1.680969e-09	3	0.942321	3	9,12,13,TriHODE; Oxo fatty acid (18:3); trans-EKODE-(E)-Ib
SORBI_3006G130700	Major facilitator superfamily (MFS) profile domain-containing protein	OS04G0491350 PROTEIN (PTHR11654:SF109)	transporter(PC00227)	transmembrane transporter activity(GO:0022857)	transmembrane transport(GO:0055085)	membrane(GO:0016020)	6	49487848	49494840	1.681835e-09	2	1	3	TG(16:0_16:0_18:1); TG(16:0_16:0_20:1); TG(16:0_18:1_18:1)
SORBI_3007G112400	Exopolygalacturonase	PECTIN LYASE-LIKE SUPERFAMILY PROTEIN (PTHR31375:SF11)		polygalacturonase activity(GO:0004650);galacturan 1,4-alpha-galacturonidase activity(GO:0047911)	carbohydrate metabolic process(GO:0005975)		7	43226216	43228535	1.731969e-09	2	0.860308	2	TG(16:0_16:0_18:1); TG(16:1_18:1_18:1)
SORBI_3006G038000	Uncharacterized protein	TETRATRICOPEPTIDE REPEAT (TPR)-LIKE SUPERFAMILY PROTEIN (PTHR47689:SF2)					6	15097342	15143434	1.732315e-09	1	0.640179	3	TG(16:0_16:0_18:1); TG(16:0_18:1_18:2); TG(16:1_18:1_18:1)
SORBI_3006G038050	Uncharacterized protein						6	15145737	15146711	1.732315e-09	1	0.658983	3	TG(16:0_16:0_18:1); TG(16:0_18:1_18:2); TG(16:1_18:1_18:1)
SORBI_3003G368300	BZIP domain-containing protein	BZIP TRANSCRIPTION FACTOR 12 (PTHR22952:SF392)	basic leucine zipper transcription factor(PC00056)	DNA-binding transcription factor activity(GO:0003700);sequence-specific DNA binding(GO:0043565)	regulation of DNA-templated transcription(GO:0006355);positive regulation of abscisic acid-activated signaling pathway(GO:0009789);positive regulation of DNA-templated transcription(GO:0045893);positive regulation of response to salt stress(GO:1901002);positive regulation of response to water deprivation(GO:1902584)	nucleus(GO:0005634)	3	68401519	68405380	1.755257e-09	5	0.408302	1	PA(16:0_18:2)
SORBI_3010G134300	Uncharacterized protein						10	19545979	19546947	1.887418e-09	1	0.929141	2	TG(16:0_16:0_20:1); TG(16:0_18:1_18:1)
SORBI_3010G134400	Acyltransferase	ACYLTRANSFERASE (PTHR12317:SF75)	acyltransferase(PC00042)	diacylglycerol O-acyltransferase activity(GO:0004144)	triglyceride biosynthetic process(GO:0019432)	endoplasmic reticulum membrane(GO:0005789)	10	19611856	19615565	1.887418e-09	1	0.882754	3	Oxo fatty acid (18:3); TG(16:0_16:0_20:1); TG(16:0_18:1_18:1)
SORBI_3010G134500	Exonuclease domain-containing protein	3'-5' EXORIBONUCLEASE 1-RELATED (PTHR23044:SF61)	exoribonuclease(PC00099)	3'-5'-RNA exonuclease activity(GO:0000175);nucleic acid binding(GO:0003676)	exonucleolytic trimming to generate mature 3'-end of 5.8S rRNA from tricistronic rRNA transcript (SSU-rRNA, 5.8S rRNA, LSU-rRNA)(GO:0000467);negative regulation of regulatory ncRNA-mediated heterochromatin formation(GO:0060906)		10	19639341	19667448	1.887418e-09	1	0.882754	3	Oxo fatty acid (18:3); TG(16:0_16:0_20:1); TG(16:0_18:1_18:1)
SORBI_3010G134801	CCHC-type domain-containing protein	OS11G0296500 PROTEIN (PTHR23002:SF89)	RNA metabolism protein(PC00031)	nucleic acid binding(GO:0003676);single-stranded RNA binding(GO:0003727);mRNA binding(GO:0003729);zinc ion binding(GO:0008270);translation regulator activity(GO:0045182)	positive regulation of cytoplasmic translation(GO:2000767)	cytoplasm(GO:0005737)	10	19930750	19932733	1.887418e-09	1	0.88069	3	Oxo fatty acid (18:3); TG(16:0_16:0_20:1); TG(16:0_18:1_18:1)
SORBI_3010G134900	AT-hook motif nuclear-localized protein	AT-HOOK MOTIF NUCLEAR-LOCALIZED PROTEIN (PTHR31100:SF52)		minor groove of adenine-thymine-rich DNA binding(GO:0003680)		nucleus(GO:0005634)	10	19938253	19940083	1.887418e-09	1	0.882754	3	Oxo fatty acid (18:3); TG(16:0_16:0_20:1); TG(16:0_18:1_18:1)
SORBI_3005G102500	Ubiquitin-like protease family profile domain-containing protein	CYSTEINE PROTEINASES SUPERFAMILY PROTEIN (PTHR46915:SF6)	protease(PC00190)	cysteine-type peptidase activity(GO:0008234)	proteolysis(GO:0006508);protein desumoylation(GO:0016926)		5	18036997	18044311	1.922384e-09	1	1	2	TG(10:0_10:0_10:0); TG(12:0_14:0_18:3)
SORBI_3007G114401	Uncharacterized protein						7	49248724	49249871	1.925817e-09	1	0.519503	5	TG(16:0_16:0_20:1); TG(16:0_18:1_18:1); TG(16:0_18:1_20:1); TG(16:1_18:1_18:1); TG(18:0_18:2_18:2)
SORBI_3007G140050	No apical meristem-associated C-terminal domain-containing protein	OS11G0506300 PROTEIN (PTHR45224:SF3)					7	56919274	56922264	1.937606e-09	1	0.717989	2	TG(18:1_20:1_22:1); TG(18:2_22:0_22:3)
SORBI_3006G036300	Flowering-promoting factor 1-like protein 3	FLOWERING-PROMOTING FACTOR 1-LIKE PROTEIN 4 (PTHR33433:SF4)			regulation of flower development(GO:0009909)		6	11836848	11837626	1.954402e-09	1	0.928456	4	TG(16:0_16:0_20:1); TG(16:0_18:1_18:1); TG(16:0_18:1_20:1); TG(18:0_18:2_18:2)
SORBI_3006G036400	RING-type domain-containing protein	RING-H2 FINGER PROTEIN ATL2L (PTHR22765:SF446)	ubiquitin-protein ligase(PC00234)	ubiquitin protein ligase activity(GO:0061630)	ubiquitin-dependent protein catabolic process(GO:0006511)	membrane(GO:0016020)	6	12195253	12199306	1.954402e-09	1	0.928456	4	TG(16:0_16:0_20:1); TG(16:0_18:1_18:1); TG(16:0_18:1_20:1); TG(18:0_18:2_18:2)
SORBI_3005G110040	Bifunctional inhibitor_plant lipid transfer protein_seed storage helical domain-containing protein	LIPID-TRANSFER PROTEIN 2G, PUTATIVE, EXPRESSED-RELATED (PTHR33214:SF50)			lipid transport(GO:0006869)		5	23961791	23962226	1.958565e-09	1	0.670454	1	PC(16:1_16:1)
SORBI_3009G222000	Bifunctional inhibitor_plant lipid transfer protein_seed storage helical domain-containing protein	OS05G0550600 PROTEIN (PTHR33214:SF74)			lipid transport(GO:0006869)		9	56491188	56492179	1.962411e-09	2	0.407614	1	DG(16:0_18:0)
SORBI_3009G222100	Protein kinase domain-containing protein	OS05G0550800 PROTEIN (PTHR46008:SF53)	transmembrane signal receptor(PC00197)	nucleotide binding(GO:0000166);protein kinase activity(GO:0004672);protein serine/threonine kinase activity(GO:0004674);ATP binding(GO:0005524);polysaccharide binding(GO:0030247)		plasma membrane(GO:0005886);membrane(GO:0016020);cell periphery(GO:0071944)	9	56495581	56501057	1.962411e-09	7	0.459705	1	DG(16:0_18:0)
SORBI_3009G222200	CHY-type domain-containing protein	OS05G0551000 PROTEIN (PTHR21319:SF31)	ubiquitin-protein ligase(PC00234)	zinc ion binding(GO:0008270);ubiquitin protein ligase activity(GO:0061630)	regulation of iron ion transport(GO:0034756);iron ion import across plasma membrane(GO:0098711)	nucleus(GO:0005634);membrane(GO:0016020)	9	56508972	56516436	1.962411e-09	7	0.669555	1	DG(16:0_18:0)
SORBI_3009G222400	DUF3741 domain-containing protein	DNAA INITIATOR-ASSOCIATING PROTEIN (PTHR21726:SF61)	transferase(PC00220)				9	56518137	56522389	1.962411e-09	2	0.441729	1	DG(16:0_18:0)
SORBI_3009G222500	TOG domain-containing protein	ARM REPEAT SUPERFAMILY PROTEIN (PTHR21567:SF62)	non-motor microtubule binding protein(PC00166)	microtubule binding(GO:0008017)	microtubule cytoskeleton organization(GO:0000226)	cytoplasmic microtubule(GO:0005881)	9	56526542	56529713	1.962411e-09	7	0.916565	1	DG(16:0_18:0)
SORBI_3009G222600	DUF1639 family protein	DUF1639 FAMILY PROTEIN (PTHR33130:SF84)					9	56530809	56534265	1.962411e-09	7	1	1	DG(16:0_18:0)
SORBI_3009G222700	DUF1639 family protein	OS05G0551500 PROTEIN (PTHR33130:SF38)					9	56538468	56539820	1.962411e-09	7	0.816885	1	DG(16:0_18:0)
SORBI_3009G222800	DUF1639 family protein	OS05G0551600 PROTEIN (PTHR33130:SF60)					9	56542104	56544279	1.962411e-09	7	0.761732	1	DG(16:0_18:0)
SORBI_3009G223200	CRM domain-containing protein	CRS1 _ YHBY (CRM) DOMAIN-CONTAINING PROTEIN (PTHR31846:SF4)		RNA binding(GO:0003723);mRNA binding(GO:0003729)	Group II intron splicing(GO:0000373);RNA splicing, via transesterification reactions(GO:0000375)	mitochondrion(GO:0005739);chloroplast stroma(GO:0009570)	9	56573111	56578304	1.962411e-09	2	0.434825	1	DG(16:0_18:0)
SORBI_3009G223400	Hexosyltransferase	HEXOSYLTRANSFERASE (PTHR11214:SF135)	glycosyltransferase(PC00111)	hexosyltransferase activity(GO:0016758)	glycoprotein biosynthetic process(GO:0009101)	Golgi membrane(GO:0000139);membrane(GO:0016020)	9	56596707	56598792	1.962411e-09	7	0.501436	1	DG(16:0_18:0)
SORBI_3004G135300	Secreted protein						4	27410725	27412998	1.969553e-09	1	0.821508	3	TG(16:0_16:0_20:1); TG(16:0_18:1_18:1); TG(16:0_18:1_20:0)
SORBI_3005G110487	Uncharacterized protein						5	30909860	30912528	1.980517e-09	1	0.78216	1	TG(16:0_18:1_18:1)
SORBI_3005G054000							5	5435771	5445466	1.986563e-09	1	0.721588	2	TG(18:2_18:2_18:4); TG(18:3_18:3_18:3)
SORBI_3005G054600							5	5489821	5503980	1.986563e-09	1	1	2	TG(18:2_18:2_18:4); TG(18:3_18:3_18:3)
SORBI_3005G054700							5	5538592	5550057	1.986563e-09	1	0.837082	1	TG(18:2_18:2_18:4)
SORBI_3005G011000	Pentacotripeptide-repeat region of PRORP domain-containing protein	PENTACOTRIPEPTIDE-REPEAT REGION OF PRORP DOMAIN-CONTAINING PROTEIN (PTHR45613:SF478)					5	982653	985317	2.013684e-09	3	1	1	PA(16:0_18:2)
SORBI_3005G011200	Peroxidase	PEROXIDASE 52 (PTHR31388:SF24)	peroxidase(PC00180)	peroxidase activity(GO:0004601);heme binding(GO:0020037);metal ion binding(GO:0046872);lactoperoxidase activity(GO:0140825)	response to oxidative stress(GO:0006979);hydrogen peroxide catabolic process(GO:0042744);cellular oxidant detoxification(GO:0098869)	extracellular region(GO:0005576)	5	997462	1000289	2.013684e-09	12	0.590244	1	PA(16:0_18:2)
SORBI_3005G011300	Peroxidase	PEROXIDASE (PTHR31388:SF238)	peroxidase(PC00180)	peroxidase activity(GO:0004601);heme binding(GO:0020037);metal ion binding(GO:0046872);lactoperoxidase activity(GO:0140825)	response to oxidative stress(GO:0006979);hydrogen peroxide catabolic process(GO:0042744);cellular oxidant detoxification(GO:0098869)	extracellular region(GO:0005576)	5	1016821	1020359	2.013684e-09	12	0.590244	1	PA(16:0_18:2)
SORBI_3005G011500	Peroxidase	PEROXIDASE (PTHR31388:SF247)	peroxidase(PC00180)	peroxidase activity(GO:0004601);heme binding(GO:0020037);metal ion binding(GO:0046872);lactoperoxidase activity(GO:0140825)	response to oxidative stress(GO:0006979);hydrogen peroxide catabolic process(GO:0042744);cellular oxidant detoxification(GO:0098869)	extracellular region(GO:0005576)	5	1026099	1027756	2.013684e-09	5	0.510546	1	PA(16:0_18:2)
SORBI_3006G139400	Uncharacterized protein						6	50161967	50167116	2.060762e-09	1	0.450763	2	TG(16:0_16:0_20:1); TG(16:0_18:1_18:1)
SORBI_3006G139600	Uncharacterized protein	PROTEIN, PUTATIVE (DUF247)-RELATED (PTHR31549:SF25)					6	50181507	50183156	2.060762e-09	1	0.418943	2	TG(16:0_16:0_20:1); TG(16:0_18:1_18:1)
SORBI_3010G139000	SURP motif domain-containing protein	G PATCH DOMAIN-CONTAINING PROTEIN 1 (PTHR13384:SF19)		RNA binding(GO:0003723)	RNA processing(GO:0006396);mRNA processing(GO:0006397)	nucleus(GO:0005634)	10	23664174	23680117	2.089284e-09	2	0.877905	2	Oxo fatty acid (18:3); trans-EKODE-(E)-Ib
SORBI_3010G139100	non-specific serine_threonine protein kinase	NON-SPECIFIC SERINE_THREONINE PROTEIN KINASE (PTHR27001:SF480)		nucleotide binding(GO:0000166);protein kinase activity(GO:0004672);protein serine/threonine kinase activity(GO:0004674);ATP binding(GO:0005524)		plasma membrane(GO:0005886)	10	23774936	23779836	2.089284e-09	1	0.877905	1	trans-EKODE-(E)-Ib
SORBI_3010G139200	Uncharacterized protein			chlorophyll binding(GO:0016168)	photosynthetic electron transport chain(GO:0009767);photosynthesis, light reaction(GO:0019684)	photosystem(GO:0009521);plastid(GO:0009536);membrane(GO:0016020)	10	23968689	23969051	2.089284e-09	1	0.792935	1	trans-EKODE-(E)-Ib
SORBI_3010G139301	Uncharacterized protein						10	23969926	23972943	2.089284e-09	1	0.532038	1	trans-EKODE-(E)-Ib
SORBI_3010G135100	Uncharacterized protein	OS06G0327400 PROTEIN (PTHR34996:SF3)					10	20061011	20061586	2.091499e-09	1	0.619038	1	Oxo fatty acid (18:3)
SORBI_3008G003300	Uncharacterized protein						8	290195	291533	2.103137e-09	3	0.51202	1	TG(16:0_18:1_18:1)
SORBI_3008G004500	Protein kinase domain-containing protein	PROTEIN KINASE DOMAIN-CONTAINING PROTEIN (PTHR46084:SF14)		protein kinase activity(GO:0004672);ATP binding(GO:0005524)		endomembrane system(GO:0012505)	8	406101	407501	2.103137e-09	3	0.456622	1	TG(16:0_18:1_18:1)
SORBI_3008G004800	Ferritin	FERRITIN-1, CHLOROPLASTIC (PTHR11431:SF125)	storage protein(PC00210)	ferroxidase activity(GO:0004322);ferrous iron binding(GO:0008198);ferric iron binding(GO:0008199)	iron ion transport(GO:0006826);intracellular iron ion homeostasis(GO:0006879);response to oxidative stress(GO:0006979)	chloroplast(GO:0009507)	8	423697	425996	2.103137e-09	3	0.570772	1	TG(16:0_18:1_18:1)
SORBI_3008G004900	Uncharacterized protein	PROTEIN DOUBLE-STRAND BREAK FORMATION (PTHR37176:SF1)			meiotic DNA double-strand break formation(GO:0042138)		8	452671	455534	2.103137e-09	3	0.551723	1	TG(16:0_18:1_18:1)
SORBI_3008G005100	Trichome birefringence-like N-terminal domain-containing protein	PROTEIN TRICHOME BIREFRINGENCE-LIKE 34 (PTHR32285:SF182)		O-acetyltransferase activity(GO:0016413);transferase activity(GO:0016740);xylan O-acetyltransferase activity(GO:1990538)	xylan biosynthetic process(GO:0045492)	Golgi membrane(GO:0000139)	8	465387	468367	2.103137e-09	3	0.711557	1	TG(16:0_18:1_18:1)
SORBI_3008G005200	Trichome birefringence-like N-terminal domain-containing protein	XYLAN O-ACETYLTRANSFERASE 12 (PTHR32285:SF197)		O-acetyltransferase activity(GO:0016413);transferase activity(GO:0016740);xylan O-acetyltransferase activity(GO:1990538)	xylan biosynthetic process(GO:0045492)	Golgi membrane(GO:0000139)	8	472954	475033	2.103137e-09	3	0.596333	1	TG(16:0_18:1_18:1)
SORBI_3008G005300	Aminotransferase class I_classII domain-containing protein			pyridoxal phosphate binding(GO:0030170)			8	477308	480827	2.103137e-09	3	0.705525	1	TG(16:0_18:1_18:1)
SORBI_3008G005400	Protein kinase domain-containing protein	PROTEIN KINASE DOMAIN-CONTAINING PROTEIN (PTHR27001:SF523)		protein kinase activity(GO:0004672);ATP binding(GO:0005524)			8	482231	485201	2.103137e-09	3	1	1	TG(16:0_18:1_18:1)
SORBI_3008G005600	Lipid desaturase domain-containing protein	OS08G0187900 PROTEIN (PTHR48231:SF1)			fatty acid metabolic process(GO:0006631)	membrane(GO:0016020)	8	492082	493258	2.103137e-09	3	0.44082	1	TG(16:0_18:1_18:1)
SORBI_3008G005700	Uncharacterized protein						8	489090	501266	2.103137e-09	3	0.882086	1	TG(16:0_18:1_18:1)
SORBI_3008G005800	Trichome birefringence-like N-terminal domain-containing protein	PROTEIN TRICHOME BIREFRINGENCE-LIKE 34 (PTHR32285:SF233)		O-acetyltransferase activity(GO:0016413);transferase activity(GO:0016740);xylan O-acetyltransferase activity(GO:1990538)	xylan biosynthetic process(GO:0045492)	Golgi membrane(GO:0000139)	8	492999	499658	2.103137e-09	3	0.711557	1	TG(16:0_18:1_18:1)
SORBI_3003G252200	Homeobox-DDT domain protein RLT1	HOMEOBOX-DDT DOMAIN PROTEIN RLT1 (PTHR36968:SF15)	homeodomain transcription factor(PC00119)	DNA binding(GO:0003677)	regulation of DNA-templated transcription(GO:0006355);regulation of transcription by RNA polymerase II(GO:0006357)	nucleus(GO:0005634)	3	59054607	59078061	2.132079e-09	1	0.894737	1	PC(16:1_16:1)
SORBI_3005G061500	Protein kinase domain-containing protein	RECEPTOR-LIKE SERINE_THREONINE-PROTEIN KINASE SD1-6 (PTHR47975:SF18)		nucleotide binding(GO:0000166);protein kinase activity(GO:0004672);ATP binding(GO:0005524)	positive regulation of growth(GO:0045927)		5	6677505	6691699	2.133866e-09	1	1	1	PC(14:0_18:3)
SORBI_3006G278800	Uncharacterized protein	OS04G0690500 PROTEIN (PTHR35995:SF1)					6	60923743	60926080	2.163172e-09	1	0.473418	1	gibberellic acid
SORBI_3006G278900	Auxin response factor	AUXIN RESPONSE FACTOR 17 (PTHR31384:SF94)		DNA binding(GO:0003677)	regulation of DNA-templated transcription(GO:0006355);response to hormone(GO:0009725)	nucleus(GO:0005634)	6	60926659	60930407	2.163172e-09	1	0.41948	1	gibberellic acid
SORBI_3001G305900	AIG1-type G domain-containing protein	TRANSLOCASE OF CHLOROPLAST 120, CHLOROPLASTIC-RELATED (PTHR10903:SF135)	small GTPase(PC00208)	GTPase activity(GO:0003924);GTP binding(GO:0005525)	protein targeting to chloroplast(GO:0045036)	chloroplast outer membrane(GO:0009707)	1	58998698	59003294	2.237558e-09	1	0.731938	4	TG(16:0_16:0_20:1); TG(16:0_18:1_18:1); TG(16:0_18:1_20:1); TG(18:0_18:2_18:2)
SORBI_3001G306400	Uncharacterized protein	EXPANSIN-B9 (PTHR31692:SF7)				extracellular region(GO:0005576)	1	59040123	59041559	2.237558e-09	1	0.917247	4	TG(16:0_16:0_20:1); TG(16:0_18:1_18:1); TG(16:0_18:1_20:1); TG(18:0_18:2_18:2)
SORBI_3001G306500	Uncharacterized protein	EXPANSIN-B9 (PTHR31692:SF7)				extracellular region(GO:0005576)	1	59117709	59119251	2.237558e-09	1	1	4	TG(16:0_16:0_20:1); TG(16:0_18:1_18:1); TG(16:0_18:1_20:1); TG(18:0_18:2_18:2)
SORBI_3004G137500	SUN domain-containing protein	MYOSIN HEAVY CHAIN-LIKE PROTEIN (PTHR34360:SF2)					4	37908603	37920717	2.250785e-09	1	0.919864	2	TG(12:0_14:0_18:3); TG(18:2_22:0_22:3)
SORBI_3007G121950	Uncharacterized protein						7	52478934	52482881	2.269017e-09	1	0.483905	1	TG(12:0_18:1_18:2)
SORBI_3005G054300							5	5458282	5472289	2.296522e-09	1	0.434265	1	TG(18:3_18:3_18:3)
SORBI_3006G041700	Momilactone A synthase	XANTHOXIN DEHYDROGENASE (PTHR43180:SF53)	reductase(PC00198)	oxidoreductase activity(GO:0016491)			6	27281330	27283022	2.315168e-09	1	0.483427	2	TG(16:0_18:0_18:2); TG(16:0_18:1_18:2)
SORBI_3006G041750	Uncharacterized protein						6	27624059	27626473	2.315168e-09	1	0.447278	2	TG(16:0_18:0_18:2); TG(16:0_18:1_18:2)
SORBI_3006G041800	Uncharacterized protein	OS04G0376100 PROTEIN (PTHR14110:SF10)	transporter(PC00227)	transmembrane protein transporter activity(GO:0008320);mitochondrion targeting sequence binding(GO:0030943)	protein insertion into mitochondrial inner membrane(GO:0045039);protein transmembrane transport(GO:0071806)	membrane(GO:0016020);TIM22 mitochondrial import inner membrane insertion complex(GO:0042721)	6	27719587	27726424	2.315168e-09	1	0.431545	2	TG(16:0_18:0_18:2); TG(16:0_18:1_18:2)
SORBI_3010G142132	Uncharacterized protein						10	35814079	35816161	2.327924e-09	1	0.762262	1	trans-EKODE-(E)-Ib
SORBI_3005G183600	Dirigent protein	DIRIGENT PROTEIN (PTHR46506:SF1)		carbohydrate binding(GO:0030246)	phenylpropanoid biosynthetic process(GO:0009699)	apoplast(GO:0048046)	5	66810644	66811963	2.335037e-09	1	0.555431	1	TG(18:1_18:2_18:2)
SORBI_3005G183700	Uncharacterized protein	AGMATINE HYDROXYCINNAMOYLTRANSFERASE 1 (PTHR31642:SF13)	acetyltransferase(PC00038)	acyltransferase activity, transferring groups other than amino-acyl groups(GO:0016747)			5	66876289	66877722	2.335037e-09	2	0.707368	1	TG(18:1_18:2_18:2)
SORBI_3005G184050	Uncharacterized protein						5	66899920	66904722	2.335037e-09	1	0.530762	2	PA(16:0_18:2); TG(18:1_18:2_18:2)
SORBI_3001G288900	Mitochondrial carnitine_acylcarnitine carrier-like protein	OS10G0573800 PROTEIN (PTHR45624:SF35)	transporter(PC00227)	L-ornithine transmembrane transporter activity(GO:0000064)	mitochondrial L-ornithine transmembrane transport(GO:1990575)	membrane(GO:0016020);mitochondrial membrane(GO:0031966)	1	56549460	56552698	2.36118e-09	1	0.579013	1	TG(18:2_20:3_21:0)
SORBI_3001G289200	B box-type domain-containing protein	SARCOSINE DEHYDROGENASE-2C PROTEIN (PTHR33443:SF30)					1	56564430	56566703	2.36118e-09	1	0.554912	1	TG(18:2_20:3_21:0)
SORBI_3001G289400	AMMECR1 domain-containing protein	AMME SYNDROME CANDIDATE GENE 1 PROTEIN (PTHR13016:SF0)					1	56567841	56572316	2.36118e-09	1	0.649407	1	TG(18:2_20:3_21:0)
SORBI_3001G289600	BAH domain-containing protein	BAH AND TFIIS DOMAIN-CONTAINING PROTEIN-RELATED (PTHR46548:SF1)		chromatin binding(GO:0003682)		nucleus(GO:0005634)	1	56578060	56584891	2.36118e-09	1	0.465709	1	TG(18:2_20:3_21:0)
SORBI_3001G289700	Arp2_3 complex 34 kDa subunit	ACTIN-RELATED PROTEIN 2_3 COMPLEX SUBUNIT 2 (PTHR12058:SF0)		actin filament binding(GO:0051015);molecular adaptor activity(GO:0060090)	actin filament polymerization(GO:0030041);Arp2/3 complex-mediated actin nucleation(GO:0034314);actin cortical patch organization(GO:0044396)	nucleus(GO:0005634);cytoplasm(GO:0005737);cytoskeleton(GO:0005856);Arp2/3 protein complex(GO:0005885);actin cytoskeleton(GO:0015629)	1	56596135	56608070	2.36118e-09	1	0.859215	1	TG(18:2_20:3_21:0)
SORBI_3001G289800	BAH domain-containing protein	BAH AND TFIIS DOMAIN-CONTAINING PROTEIN-RELATED (PTHR46548:SF1)		chromatin binding(GO:0003682)		nucleus(GO:0005634)	1	56625147	56632184	2.36118e-09	1	0.873048	1	TG(18:2_20:3_21:0)
SORBI_3007G100800	Cellulose synthase-like protein D4	CELLULOSE SYNTHASE-LIKE PROTEIN D4 (PTHR13301:SF40)	DNA-binding transcription factor(PC00218)	cellulose synthase (UDP-forming) activity(GO:0016760)	cellulose biosynthetic process(GO:0030244);plant-type cell wall organization or biogenesis(GO:0071669)	Golgi membrane(GO:0000139);cytoplasm(GO:0005737);endomembrane system(GO:0012505);membrane(GO:0016020)	7	23932201	23935964	2.379155e-09	1	0.633902	2	TG(16:0_16:0_20:1); TG(16:0_18:1_18:1)
SORBI_3010G103000	Uncharacterized protein	EXPRESSED PROTEIN (PTHR36886:SF7)					10	9656547	9661652	2.408621e-09	1	0.572121	2	TG(10:0_10:0_10:0); TG(12:0_14:0_18:3)
SORBI_3008G004600	E1 ubiquitin-activating enzyme	UBIQUITIN-ACTIVATING ENZYME E1 C-TERMINAL DOMAIN-CONTAINING PROTEIN (PTHR10953:SF4)	ubiquitin-protein ligase(PC00234)	ubiquitin activating enzyme activity(GO:0004839);ubiquitin-protein transferase activity(GO:0004842);ubiquitin-like modifier activating enzyme activity(GO:0008641)	ubiquitin-dependent protein catabolic process(GO:0006511);DNA damage response(GO:0006974);protein ubiquitination(GO:0016567)	nucleus(GO:0005634)	8	410940	417101	2.416201e-09	1	0.42538	1	TG(16:0_18:1_18:1)
SORBI_3008G004700	LRAT domain-containing protein	LRAT DOMAIN-CONTAINING PROTEIN (PTHR46137:SF11)					8	420429	421162	2.416201e-09	1	0.424526	1	TG(16:0_18:1_18:1)
SORBI_3010G149700	Peroxidase	OS06G0521900 PROTEIN (PTHR31388:SF19)	peroxidase(PC00180)	peroxidase activity(GO:0004601);heme binding(GO:0020037);metal ion binding(GO:0046872);lactoperoxidase activity(GO:0140825)	response to oxidative stress(GO:0006979);hydrogen peroxide catabolic process(GO:0042744);cellular oxidant detoxification(GO:0098869)	extracellular region(GO:0005576)	10	43190204	43191671	2.440979e-09	1	0.544537	2	TG(18:1_20:0_22:1); TG(18:2_22:0_22:3)
SORBI_3010G149800	Uncharacterized protein						10	43192092	43195746	2.440979e-09	1	0.55113	2	TG(18:1_20:0_22:1); TG(18:2_22:0_22:3)
SORBI_3010G150000	Uncharacterized protein						10	43252118	43254510	2.440979e-09	1	0.492611	2	TG(18:1_20:0_22:1); TG(18:2_22:0_22:3)
SORBI_3010G150100	WRKY transcription factor 19	OS11G0223400 PROTEIN (PTHR31827:SF60)					10	43260824	43266663	2.440979e-09	1	0.492611	2	TG(18:1_20:0_22:1); TG(18:2_22:0_22:3)
SORBI_3010G150200	F-box domain-containing protein	F-BOX DOMAIN-CONTAINING PROTEIN (PTHR32133:SF359)					10	43268793	43270786	2.440979e-09	1	0.486719	2	TG(18:1_20:0_22:1); TG(18:2_22:0_22:3)
SORBI_3010G150325	F-box domain-containing protein	F-BOX DOMAIN-CONTAINING PROTEIN (PTHR34591:SF23)					10	43371492	43382976	2.440979e-09	1	0.486719	2	TG(18:1_20:0_22:1); TG(18:2_22:0_22:3)
SORBI_3010G150575	Small ribosomal subunit protein uS5 C-terminal domain-containing protein	RIBOSOMAL PROTEIN S2, PUTATIVE, EXPRESSED-RELATED (PTHR13718:SF118)	ribosomal protein(PC00202)	RNA binding(GO:0003723);mRNA binding(GO:0003729);structural constituent of ribosome(GO:0003735)	translation(GO:0006412)	ribosome(GO:0005840);cytosolic small ribosomal subunit(GO:0022627)	10	43378469	43381792	2.440979e-09	1	0.486719	2	TG(18:1_20:0_22:1); TG(18:2_22:0_22:3)
SORBI_3010G150600	Uncharacterized protein						10	43384079	43387095	2.440979e-09	1	0.682022	2	TG(18:1_20:0_22:1); TG(18:2_22:0_22:3)
SORBI_3010G150700	PABC domain-containing protein			RNA binding(GO:0003723)			10	43385894	43391519	2.440979e-09	1	0.675939	2	TG(18:1_20:0_22:1); TG(18:2_22:0_22:3)
SORBI_3007G085800	Terpene cyclase_mutase family member	TERPENE CYCLASE_MUTASE FAMILY MEMBER (PTHR11764:SF39)	cyclase(PC00079)	intramolecular transferase activity(GO:0016866)	triterpenoid biosynthetic process(GO:0016104)	lipid droplet(GO:0005811)	7	10938350	10971554	2.442253e-09	1	0.506071	1	TG(18:2_18:2_18:4)
SORBI_3001G122100	Protein kinase domain-containing protein	DUAL SPECIFICITY PROTEIN KINASE TTK (PTHR22974:SF21)	non-receptor serine/threonine protein kinase(PC00167)	nucleotide binding(GO:0000166);protein kinase activity(GO:0004672);protein serine/threonine/tyrosine kinase activity(GO:0004712);ATP binding(GO:0005524)	chromosome segregation(GO:0007059);mitotic spindle assembly checkpoint signaling(GO:0007094);meiotic spindle assembly checkpoint signaling(GO:0033316);protein localization to kinetochore(GO:0034501);nuclear chromosome segregation(GO:0098813)	kinetochore(GO:0000776)	1	9615157	9620295	2.499299e-09	1	0.533923	1	TG(10:0_10:0_10:0)
SORBI_3001G122200	MYND-type domain-containing protein	EG:BACR7C10.4 PROTEIN (PTHR12197:SF251)	histone modifying enzyme(PC00261)	protein-lysine N-methyltransferase activity(GO:0016279);histone methyltransferase activity(GO:0042054)	chromatin remodeling(GO:0006338)	nucleus(GO:0005634)	1	9620952	9626480	2.499299e-09	1	0.533923	1	TG(10:0_10:0_10:0)
SORBI_3001G122600	F-box domain-containing protein	OS03G0703800 PROTEIN (PTHR35828:SF18)					1	9658450	9659702	2.499299e-09	1	0.608283	1	TG(10:0_10:0_10:0)
SORBI_3001G122700	DUF6598 domain-containing protein	DUF6598 DOMAIN-CONTAINING PROTEIN (PTHR33065:SF81)					1	9661116	9662725	2.499299e-09	1	0.54752	1	TG(10:0_10:0_10:0)
SORBI_3009G098900	Rho GDP-dissociation inhibitor 1	RHO GDP-DISSOCIATION INHIBITOR 1 (PTHR10980:SF39)	G-protein modulator(PC00022)	Rho GDP-dissociation inhibitor activity(GO:0005094)	Rho protein signal transduction(GO:0007266)	cytoplasm(GO:0005737);cytosol(GO:0005829);membrane(GO:0016020)	9	37982213	37984198	2.519973e-09	1	0.881728	2	TG(16:0_18:0_18:2); TG(16:0_18:1_20:1)
SORBI_3009G099000	Uncharacterized protein	MAJOR FACILITATOR SUPERFAMILY (MFS) PROFILE DOMAIN-CONTAINING PROTEIN (PTHR11654:SF598)	transporter(PC00227)	transmembrane transporter activity(GO:0022857)	transmembrane transport(GO:0055085)	membrane(GO:0016020)	9	38258489	38275612	2.519973e-09	1	0.887618	2	TG(16:0_18:0_18:2); TG(16:0_18:1_20:1)
SORBI_3009G099050	RING-type domain-containing protein	E3 UBIQUITIN-PROTEIN LIGASE OS06G0535400 (PTHR14155:SF538)	ubiquitin-protein ligase(PC00234)	ubiquitin protein ligase activity(GO:0061630)			9	38261040	38273303	2.519973e-09	1	0.887618	2	TG(16:0_18:0_18:2); TG(16:0_18:1_20:1)
SORBI_3009G099100							9	38276165	38281509	2.519973e-09	1	0.857253	2	TG(16:0_18:0_18:2); TG(16:0_18:1_20:1)
SORBI_3009G015166	Aminotransferase-like plant mobile domain-containing protein	OS08G0355400 PROTEIN (PTHR31549:SF63)					9	1344484	1350632	2.599364e-09	1	1	1	TG(16:0_18:1_20:0)
SORBI_3009G069600	Malic enzyme	NADP-DEPENDENT MALIC ENZYME 3 (PTHR23406:SF64)	oxidoreductase(PC00176)	malic enzyme activity(GO:0004470);malate dehydrogenase (decarboxylating) (NADP+) activity(GO:0004473);oxidoreductase activity, acting on the CH-OH group of donors, NAD or NADP as acceptor(GO:0016616);NAD binding(GO:0051287)	malate metabolic process(GO:0006108)		9	8034359	8038174	2.620193e-09	1	0.771293	1	PC(16:1_16:1)
SORBI_3009G069800	Phosphotransferase	HEXOKINASE-7 (PTHR19443:SF87)	kinase(PC00137)	glucokinase activity(GO:0004340);hexokinase activity(GO:0004396);ATP binding(GO:0005524);D-glucose binding(GO:0005536);fructokinase activity(GO:0008865)	intracellular glucose homeostasis(GO:0001678);carbohydrate metabolic process(GO:0005975);glucose metabolic process(GO:0006006);glycolytic process(GO:0006096);response to glucose(GO:0009749);hexose metabolic process(GO:0019318);glucose 6-phosphate metabolic process(GO:0051156)	mitochondrion(GO:0005739);cytosol(GO:0005829)	9	8119732	8123399	2.620193e-09	1	0.78965	1	PC(16:1_16:1)
SORBI_3009G069901	Uncharacterized protein						9	8140335	8147311	2.620193e-09	1	0.840181	1	PC(16:1_16:1)
SORBI_3005G182701	rRNA N-glycosidase	RIBOSOME-INACTIVATING PROTEIN (PTHR33453:SF34)		rRNA N-glycosylase activity(GO:0030598)	negative regulation of translation(GO:0017148)		5	66540238	66541269	2.664621e-09	1	0.46508	1	TG(18:1_18:2_18:2)
SORBI_3005G182900							5	66596921	66609972	2.664621e-09	1	0.572126	1	TG(18:1_18:2_18:2)
SORBI_3005G183100	Sulfotransferase	SULFOTRANSFERASE (PTHR11783:SF194)	transferase(PC00220)	sulfotransferase activity(GO:0008146)	sulfation(GO:0051923)		5	66634235	66635874	2.664621e-09	1	0.578137	1	TG(18:1_18:2_18:2)
SORBI_3005G183200	14-3-3 domain-containing protein	14-3-3 PROTEIN ZETA (PTHR18860:SF159)	scaffold/adaptor protein(PC00226)		intracellular protein localization(GO:0008104)		5	66636546	66642481	2.664621e-09	1	0.639126	1	TG(18:1_18:2_18:2)
SORBI_3005G183300							5	66674598	66683008	2.664621e-09	1	0.471393	1	TG(18:1_18:2_18:2)
SORBI_3005G183400							5	66733924	66739297	2.664621e-09	1	0.404217	1	TG(18:1_18:2_18:2)
SORBI_3005G183450	Uncharacterized protein						5	66738132	66745830	2.664621e-09	1	0.411917	1	TG(18:1_18:2_18:2)
SORBI_3005G183500	NB-ARC domain-containing protein			ADP binding(GO:0043531)			5	66776936	66788591	2.664621e-09	1	0.408068	1	TG(18:1_18:2_18:2)
SORBI_3005G183900	ABC transporter domain-containing protein	ABC TRANSPORTER G FAMILY MEMBER 40 (PTHR19241:SF566)	ATP-binding cassette (ABC) transporter(PC00003)	ATP binding(GO:0005524);ATP hydrolysis activity(GO:0016887);ABC-type transporter activity(GO:0140359)	transmembrane transport(GO:0055085)	membrane(GO:0016020)	5	66885571	66892778	2.664621e-09	1	0.515213	1	TG(18:1_18:2_18:2)
SORBI_3010G103600	Uncharacterized protein						10	9750152	9750801	2.664867e-09	3	0.704672	1	DGDG(16:0_18:2)
SORBI_3010G103700	DNA polymerase alpha subunit B	DNA POLYMERASE ALPHA SUBUNIT B (PTHR23061:SF12)	DNA-directed DNA polymerase(PC00018)	DNA binding(GO:0003677)	DNA replication(GO:0006260);DNA replication initiation(GO:0006270)	nucleus(GO:0005634);alpha DNA polymerase:primase complex(GO:0005658)	10	9752958	9758076	2.664867e-09	3	0.88039	1	DGDG(16:0_18:2)
SORBI_3010G103800	Uncharacterized protein	LARGE RIBOSOMAL SUBUNIT PROTEIN ML53 (PTHR33618:SF1)	ribosomal protein(PC00202)			mitochondrial large ribosomal subunit(GO:0005762)	10	9759306	9761176	2.664867e-09	3	0.913459	1	DGDG(16:0_18:2)
SORBI_3010G103900	Large ribosomal subunit protein mL43	LARGE RIBOSOMAL SUBUNIT PROTEIN ML43 (PTHR21396:SF2)	ribosomal protein(PC00202)	structural constituent of ribosome(GO:0003735)	mitochondrial translation(GO:0032543)	mitochondrion(GO:0005739);mitochondrial large ribosomal subunit(GO:0005762)	10	9762551	9765008	2.664867e-09	3	0.899713	1	DGDG(16:0_18:2)
SORBI_3010G104000	G domain-containing protein	GTPASE ERA-LIKE, CHLOROPLASTIC (PTHR42698:SF2)	RNA metabolism protein(PC00031)	RNA binding(GO:0003723);GTP binding(GO:0005525);rRNA binding(GO:0019843);ribosomal small subunit binding(GO:0043024)	ribosomal small subunit assembly(GO:0000028)		10	9785533	9788159	2.664867e-09	3	0.91787	1	DGDG(16:0_18:2)
SORBI_3010G104100	RING-type domain-containing protein	TRANSCRIPTIONAL REPRESSOR NF-X1 (PTHR12360:SF12)	zinc finger transcription factor(PC00244)	RNA polymerase II transcription regulatory region sequence-specific DNA binding(GO:0000977);DNA-binding transcription factor activity, RNA polymerase II-specific(GO:0000981);DNA-binding transcription factor activity(GO:0003700);zinc ion binding(GO:0008270)	regulation of DNA-templated transcription(GO:0006355);regulation of transcription by RNA polymerase II(GO:0006357)	nucleus(GO:0005634)	10	9788541	9792566	2.664867e-09	3	0.898833	1	DGDG(16:0_18:2)
SORBI_3010G104200	RING-type domain-containing protein						10	9811899	9814070	2.664867e-09	3	0.830186	1	DGDG(16:0_18:2)
SORBI_3010G104300	SHSP domain-containing protein	15.7 KDA HEAT SHOCK PROTEIN, PEROXISOMAL (PTHR11527:SF142)	chaperone(PC00072)		response to heat(GO:0009408);response to hydrogen peroxide(GO:0042542)	peroxisome(GO:0005777)	10	9815040	9816231	2.664867e-09	3	0.677144	1	DGDG(16:0_18:2)
SORBI_3010G104400	Gnk2-homologous domain-containing protein	OS06G0253600 PROTEIN (PTHR32080:SF63)				plasma membrane(GO:0005886);plasmodesma(GO:0009506)	10	9838627	9842462	2.664867e-09	3	0.681242	1	DGDG(16:0_18:2)
SORBI_3005G146300	Purple acid phosphatase	PURPLE ACID PHOSPHATASE (PTHR10161:SF38)	phosphatase(PC00181)	acid phosphatase activity(GO:0003993);ferrous iron binding(GO:0008198);ferric iron binding(GO:0008199);hydrolase activity(GO:0016787)		extracellular region(GO:0005576)	5	61331196	61334790	2.708965e-09	1	0.528912	4	TG(16:0_16:0_18:1); TG(16:0_16:0_20:1); TG(16:0_18:0_18:2); TG(16:1_18:1_18:1)
SORBI_3005G146533	CASP-like protein	CASP-LIKE PROTEIN (PTHR33573:SF63)				plasma membrane(GO:0005886)	5	61359556	61363324	2.708965e-09	1	0.817797	4	TG(16:0_16:0_18:1); TG(16:0_16:0_20:1); TG(16:0_18:0_18:2); TG(16:1_18:1_18:1)
SORBI_3005G146800	SCP domain-containing protein	SCP DOMAIN-CONTAINING PROTEIN (PTHR10334:SF377)	defense/immunity protein(PC00090)				5	61390033	61391273	2.708965e-09	1	0.893865	4	TG(16:0_16:0_18:1); TG(16:0_16:0_20:1); TG(16:0_18:0_18:2); TG(16:1_18:1_18:1)
SORBI_3005G146900	CASP-like protein	CASP-LIKE PROTEIN (PTHR33573:SF63)				plasma membrane(GO:0005886)	5	61405049	61407636	2.708965e-09	1	0.905652	4	TG(16:0_16:0_18:1); TG(16:0_16:0_20:1); TG(16:0_18:0_18:2); TG(16:1_18:1_18:1)
SORBI_3001G318500	Glutathione S-transferase	GLUTATHIONE S-TRANSFERASE (PTHR11260:SF770)	transferase(PC00220)	glutathione transferase activity(GO:0004364)	glutathione metabolic process(GO:0006749)	cytoplasm(GO:0005737);cytosol(GO:0005829)	1	60671880	60673032	2.783649e-09	2	0.508066	2	TG(16:0_16:0_20:1); TG(16:0_18:1_20:1)
SORBI_3001G318600	glutathione transferase	GLUTATHIONE S-TRANSFERASE (PTHR11260:SF792)	transferase(PC00220)	glutathione transferase activity(GO:0004364)	glutathione metabolic process(GO:0006749)		1	60676363	60678263	2.783649e-09	2	0.532747	2	TG(16:0_16:0_20:1); TG(16:0_18:1_20:1)
SORBI_3001G318700	Glutathione S-transferase	GLUTATHIONE S-TRANSFERASE (PTHR11260:SF529)	transferase(PC00220)	glutathione transferase activity(GO:0004364)	glutathione metabolic process(GO:0006749)	cytoplasm(GO:0005737);cytosol(GO:0005829)	1	60678466	60679315	2.783649e-09	2	0.532747	2	TG(16:0_16:0_20:1); TG(16:0_18:1_20:1)
SORBI_3001G319000	Glutathione S-transferase	GLUTATHIONE S-TRANSFERASE (PTHR11260:SF770)	transferase(PC00220)	glutathione transferase activity(GO:0004364)	glutathione metabolic process(GO:0006749)		1	60716016	60717351	2.783649e-09	2	0.425123	2	TG(16:0_16:0_20:1); TG(16:0_18:1_20:1)
SORBI_3001G319300	Glutathione S-transferase	GLUTATHIONE S-TRANSFERASE (PTHR11260:SF770)	transferase(PC00220)	glutathione transferase activity(GO:0004364)	glutathione metabolic process(GO:0006749)	cytoplasm(GO:0005737);cytosol(GO:0005829)	1	60725293	60726408	2.783649e-09	2	0.515957	2	TG(16:0_16:0_20:1); TG(16:0_18:1_20:1)
SORBI_3001G319350	Uncharacterized protein						1	60731011	60734248	2.783649e-09	2	0.466756	2	TG(16:0_16:0_20:1); TG(16:0_18:1_20:1)
SORBI_3001G319500	glutathione transferase	GLUTATHIONE TRANSFERASE (PTHR11260:SF788)	transferase(PC00220)	glutathione transferase activity(GO:0004364)	glutathione metabolic process(GO:0006749);toxin catabolic process(GO:0009407)		1	60742198	60743267	2.783649e-09	2	0.440458	2	TG(16:0_16:0_20:1); TG(16:0_18:1_20:1)
SORBI_3001G319650	Secreted protein						1	60747683	60749844	2.783649e-09	2	0.548624	2	TG(16:0_16:0_20:1); TG(16:0_18:1_20:1)
SORBI_3001G319800	Cytochrome P450	CYTOCHROME P450 FAMILY PROTEIN, EXPRESSED (PTHR24296:SF257)	oxygenase(PC00177)	monooxygenase activity(GO:0004497);iron ion binding(GO:0005506);oxidoreductase activity, acting on paired donors, with incorporation or reduction of molecular oxygen(GO:0016705);heme binding(GO:0020037)			1	60758091	60762461	2.783649e-09	2	0.515957	2	TG(16:0_16:0_20:1); TG(16:0_18:1_20:1)
SORBI_3001G320000	Subtilisin-like protease	OS10G0524600 PROTEIN (PTHR10795:SF528)	serine protease(PC00203)	serine-type endopeptidase activity(GO:0004252);serine-type peptidase activity(GO:0008236)	proteolysis(GO:0006508)	extracellular region(GO:0005576)	1	60784896	60788922	2.783649e-09	2	0.450709	2	TG(16:0_16:0_20:1); TG(16:0_18:1_20:1)
SORBI_3001G320200	phospholipase D	PHOSPHOLIPASE D BETA 1 (PTHR18896:SF65)	phospholipase(PC00186)	catalytic activity(GO:0003824);D-type glycerophospholipase activity(GO:0004630)			1	60794852	60801560	2.783649e-09	2	0.493944	2	TG(16:0_16:0_20:1); TG(16:0_18:1_20:1)
SORBI_3002G148000	Uncharacterized protein						2	37431014	37433730	2.815911e-09	1	0.891156	1	TG(16:0_16:0_20:1)
SORBI_3007G103732	CCHC-type domain-containing protein	OS11G0296500 PROTEIN (PTHR23002:SF89)	RNA metabolism protein(PC00031)	nucleic acid binding(GO:0003676);single-stranded RNA binding(GO:0003727);mRNA binding(GO:0003729);zinc ion binding(GO:0008270);translation regulator activity(GO:0045182)	positive regulation of cytoplasmic translation(GO:2000767)	cytoplasm(GO:0005737)	7	32564224	32575387	2.927088e-09	1	0.97044	1	TG(16:0_18:1_20:0)
SORBI_3003G262200	CHY-type domain-containing protein	AND RING FINGER DOMAIN PROTEIN, PUTATIVE (AFU_ORTHOLOGUE AFUA_1G08900)-RELATED (PTHR21319:SF0)	ubiquitin-protein ligase(PC00234)	zinc ion binding(GO:0008270);ubiquitin protein ligase activity(GO:0061630)	intracellular iron ion homeostasis(GO:0006879)		3	59998841	60009113	2.932175e-09	1	0.525895	2	.gamma.-Linolenoyl ethanolamide; Panaxcerol B
SORBI_3006G244100	DUF295 domain-containing protein	F-BOX DOMAIN CONTAINING PROTEIN (PTHR44259:SF103)					6	58415317	58417264	2.956588e-09	1	0.543899	1	PA(16:0_18:2)
SORBI_3006G244200	DUF295 domain-containing protein	DUF295 DOMAIN-CONTAINING PROTEIN (PTHR44259:SF34)					6	58419423	58421674	2.956588e-09	1	0.449209	1	PA(16:0_18:2)
SORBI_3010G142700	Uncharacterized protein						10	37669206	37672040	2.974232e-09	2	0.959898	1	Oxo fatty acid (18:3)
SORBI_3008G103066	Secreted protein						8	48839163	48839848	2.990516e-09	1	0.925416	1	gibberellic acid
SORBI_3008G104100	Uncharacterized protein						8	49086394	49089119	2.990516e-09	1	1	1	gibberellic acid
SORBI_3008G105000	BTB domain-containing protein	OS08G0523800 PROTEIN (PTHR26379:SF504)			protein ubiquitination(GO:0016567)		8	49246763	49248284	2.990516e-09	1	0.438224	1	gibberellic acid
SORBI_3010G124800	Protein kinase domain-containing protein	OS07G0130100 PROTEIN (PTHR27007:SF169)		nucleotide binding(GO:0000166);protein kinase activity(GO:0004672);protein serine/threonine kinase activity(GO:0004674);ATP binding(GO:0005524);carbohydrate binding(GO:0030246)	negative regulation of response to salt stress(GO:1901001)	plasma membrane(GO:0005886)	10	15203779	15206424	3.070493e-09	1	0.61305	1	Oxo fatty acid (18:3)
SORBI_3010G124850	Uncharacterized protein						10	15274195	15274742	3.070493e-09	1	0.625193	1	Oxo fatty acid (18:3)
SORBI_3010G124900	B-keto acyl reductase	OS04G0116600 PROTEIN (PTHR43899:SF21)					10	15275988	15278799	3.070493e-09	1	0.701367	1	Oxo fatty acid (18:3)
SORBI_3010G125000	Steroid nuclear receptor ligand-binding	EXPRESSED PROTEIN (PTHR31133:SF2)					10	15305841	15310151	3.070493e-09	1	0.701367	1	Oxo fatty acid (18:3)
SORBI_3010G125100	Ribosomal protein L46 N-terminal domain-containing protein	LARGE RIBOSOMAL SUBUNIT PROTEIN ML46 (PTHR13124:SF12)	ribosomal protein(PC00202)	structural constituent of ribosome(GO:0003735)		mitochondrion(GO:0005739);mitochondrial inner membrane(GO:0005743);mitochondrial large ribosomal subunit(GO:0005762)	10	15309432	15314235	3.070493e-09	1	0.739649	1	Oxo fatty acid (18:3)
SORBI_3010G125200	Serine_threonine-protein phosphatase 4 regulatory subunit 2	PROTEIN PHOSPHATASE 4 REGULATORY SUBUNIT 2-RELATED (PTHR16487:SF0)	phosphatase modulator(PC00184)	protein phosphatase regulator activity(GO:0019888)		protein phosphatase 4 complex(GO:0030289)	10	15322896	15330023	3.070493e-09	1	0.781961	1	Oxo fatty acid (18:3)
SORBI_3010G125300	NB-ARC domain-containing protein	NB-ARC DOMAIN-CONTAINING PROTEIN (PTHR33463:SF103)					10	15437721	15455511	3.070493e-09	1	0.802478	1	Oxo fatty acid (18:3)
SORBI_3003G077300	Uncharacterized protein	EKC_KEOPS COMPLEX SUBUNIT TPRKB (PTHR15840:SF10)		catalytic activity, acting on a tRNA(GO:0140101)	tRNA threonylcarbamoyladenosine modification(GO:0002949)	EKC/KEOPS complex(GO:0000408);nucleus(GO:0005634);cytosol(GO:0005829)	3	6595626	6599736	3.140747e-09	1	0.560286	1	TG(12:0_14:0_18:3)
SORBI_3003G077400	Peptidase M50 domain-containing protein	ZINC METALLOPROTEASE EGY2, CHLOROPLASTIC-RELATED (PTHR31412:SF5)	metalloprotease(PC00153)		proteolysis(GO:0006508)	chloroplast membrane(GO:0031969)	3	6599802	6604261	3.140747e-09	1	0.614766	1	TG(12:0_14:0_18:3)
SORBI_3003G077500	Uncharacterized protein	OS01G0141900 PROTEIN (PTHR31949:SF20)					3	6605242	6609903	3.140747e-09	1	0.447231	1	TG(12:0_14:0_18:3)
SORBI_3003G077600	DNA damage-binding protein 2	DNA DAMAGE-BINDING PROTEIN 2 (PTHR15169:SF0)	damaged DNA-binding protein(PC00086)	damaged DNA binding(GO:0003684)	DNA repair(GO:0006281)	nucleus(GO:0005634);Cul4-RING E3 ubiquitin ligase complex(GO:0080008)	3	6628209	6632681	3.140747e-09	1	0.459276	1	TG(12:0_14:0_18:3)
SORBI_3003G077700	Protein root UVB sensitive 5	PROTEIN ROOT UVB SENSITIVE 5 (PTHR12770:SF27)					3	6633412	6639676	3.140747e-09	1	0.546275	1	TG(12:0_14:0_18:3)
SORBI_3003G077800	Uncharacterized protein	SUBFAMILY NOT NAMED (PTHR45862:SF4)		protein-folding chaperone binding(GO:0051087)			3	6643506	6645842	3.140747e-09	1	0.459276	1	TG(12:0_14:0_18:3)
SORBI_3003G077900	Vesicle-fusing ATPase	PROTEIN SUPPRESSOR OF K(+) TRANSPORT GROWTH DEFECT 1 (PTHR23074:SF159)	non-motor microtubule binding protein(PC00166)	ATP binding(GO:0005524);ATP hydrolysis activity(GO:0016887)	endosomal transport(GO:0016197);ubiquitin-dependent protein catabolic process via the multivesicular body sorting pathway(GO:0043162);ubiquitin-independent protein catabolic process via the multivesicular body sorting pathway(GO:0090611)	endosome membrane(GO:0010008)	3	6651977	6658547	3.140747e-09	1	0.560286	1	TG(12:0_14:0_18:3)
SORBI_3003G078000	Uncharacterized protein						3	6660924	6665694	3.140747e-09	1	0.436503	1	TG(12:0_14:0_18:3)
SORBI_3003G078501	Uncharacterized protein						3	6753352	6756122	3.140747e-09	1	0.473109	1	TG(12:0_14:0_18:3)
SORBI_3003G078600	Uncharacterized protein						3	6757698	6758985	3.140747e-09	1	1	1	TG(12:0_14:0_18:3)
SORBI_3003G078700	Phosphatidic acid phosphatase type 2_haloperoxidase domain-containing protein	LIPID PHOSPHATE PHOSPHATASE 3, CHLOROPLASTIC-RELATED (PTHR10165:SF203)	phosphatase(PC00181)	phosphatidate phosphatase activity(GO:0008195)	phospholipid metabolic process(GO:0006644);phospholipid dephosphorylation(GO:0046839)	membrane(GO:0016020)	3	6758539	6763539	3.140747e-09	1	0.623849	1	TG(12:0_14:0_18:3)
SORBI_3003G079300	DUF789 family protein	OS01G0138500 PROTEIN (PTHR31343:SF27)					3	6804540	6807751	3.140747e-09	1	0.693901	1	TG(12:0_14:0_18:3)
SORBI_3008G093000	ABC transporter domain-containing protein	OS08G0564100 PROTEIN (PTHR19211:SF122)	translation elongation factor(PC00222)	ATP binding(GO:0005524);ATP hydrolysis activity(GO:0016887)			8	42258571	42262348	3.151713e-09	1	0.859247	1	TG(16:0_16:0_18:1)
SORBI_3008G088806	VWFA domain-containing protein	PUTATIVE, EXPRESSED-RELATED (PTHR45751:SF40)	calcium-binding protein(PC00060)				8	19696678	19709922	3.153205e-09	1	0.896714	1	.alpha.-Ionone
SORBI_3003G079725	Uncharacterized protein						3	6838946	6839679	3.183819e-09	1	0.484226	2	TG(16:0_16:0_18:1); TG(16:1_18:1_18:1)
SORBI_3003G079750	Uncharacterized protein						3	6853117	6864838	3.183819e-09	1	0.695246	2	TG(16:0_16:0_18:1); TG(16:1_18:1_18:1)
SORBI_3003G079775	Uncharacterized protein						3	6854081	6860710	3.183819e-09	1	0.695246	2	TG(16:0_16:0_18:1); TG(16:1_18:1_18:1)
SORBI_3003G079800	Protein kinase domain-containing protein	OS01G0138300 PROTEIN (PTHR27009:SF97)		nucleotide binding(GO:0000166);protein kinase activity(GO:0004672);ATP binding(GO:0005524)		membrane(GO:0016020)	3	6866484	6867855	3.183819e-09	1	0.659118	2	TG(16:0_16:0_18:1); TG(16:1_18:1_18:1)
SORBI_3003G079900	Protein kinase domain-containing protein	OS01G0137500 PROTEIN (PTHR27009:SF364)		nucleotide binding(GO:0000166);protein kinase activity(GO:0004672);ATP binding(GO:0005524);polysaccharide binding(GO:0030247)		membrane(GO:0016020)	3	6869354	6876298	3.183819e-09	1	0.540449	2	TG(16:0_16:0_18:1); TG(16:1_18:1_18:1)
SORBI_3003G080000	Protein kinase domain-containing protein	OS01G0138300 PROTEIN (PTHR27009:SF97)		nucleotide binding(GO:0000166);protein kinase activity(GO:0004672);ATP binding(GO:0005524);polysaccharide binding(GO:0030247)		membrane(GO:0016020)	3	6884785	6895439	3.183819e-09	1	1	2	TG(16:0_16:0_18:1); TG(16:1_18:1_18:1)
SORBI_3003G355500	NADP-dependent oxidoreductase domain-containing protein	ALDOSE REDUCTASE (PTHR11732:SF540)	reductase(PC00198)	aldose reductase (NADPH) activity(GO:0004032);oxidoreductase activity(GO:0016491)		cytosol(GO:0005829)	3	67400746	67405260	3.343409e-09	1	0.615222	3	TG(16:0_16:0_20:1); TG(16:0_18:1_18:1); TG(18:0_18:2_18:2)
SORBI_3003G356200	Homeobox domain-containing protein	BEL1-LIKE HOMEODOMAIN PROTEIN 9 (PTHR11850:SF82)	homeodomain transcription factor(PC00119)	RNA polymerase II cis-regulatory region sequence-specific DNA binding(GO:0000978);DNA binding(GO:0003677);DNA-binding transcription factor activity(GO:0003700)	regulation of DNA-templated transcription(GO:0006355);regulation of transcription by RNA polymerase II(GO:0006357)	nucleus(GO:0005634)	3	67444380	67449359	3.343409e-09	1	0.562866	3	TG(16:0_16:0_20:1); TG(16:0_18:1_18:1); TG(18:0_18:2_18:2)
SORBI_3003G356900	Uncharacterized protein	TIP41-LIKE PROTEIN (PTHR33356:SF5)					3	67522292	67525446	3.343409e-09	1	0.575433	3	TG(16:0_16:0_20:1); TG(16:0_18:1_18:1); TG(18:0_18:2_18:2)
SORBI_3003G357000	Uncharacterized protein						3	67532421	67533163	3.343409e-09	1	0.519008	3	TG(16:0_16:0_20:1); TG(16:0_18:1_18:1); TG(18:0_18:2_18:2)
SORBI_3003G357100	Sphingomyelin synthase-like domain-containing protein	PHOSPHATIDYLINOSITOL:CERAMIDE INOSITOLPHOSPHOTRANSFERASE (PTHR21290:SF64)		phosphotransferase activity, for other substituted phosphate groups(GO:0016780);sphingomyelin synthase activity(GO:0033188);ceramide cholinephosphotransferase activity(GO:0047493)	ceramide biosynthetic process(GO:0046513)	Golgi membrane(GO:0000139);endoplasmic reticulum membrane(GO:0005789);plasma membrane(GO:0005886);membrane(GO:0016020)	3	67539390	67543995	3.343409e-09	1	0.796986	3	TG(16:0_16:0_20:1); TG(16:0_18:1_18:1); TG(18:0_18:2_18:2)
SORBI_3003G357232	RING-CH-type domain-containing protein	OS05G0452800 PROTEIN (PTHR46214:SF4)		zinc ion binding(GO:0008270)			3	67552279	67557834	3.343409e-09	1	0.69854	3	TG(16:0_16:0_20:1); TG(16:0_18:1_18:1); TG(18:0_18:2_18:2)
SORBI_3003G358150	Uncharacterized protein						3	67603431	67605937	3.343409e-09	1	0.847503	3	TG(16:0_16:0_20:1); TG(16:0_18:1_18:1); TG(18:0_18:2_18:2)
SORBI_3003G358300	ubiquitinyl hydrolase 1	ATAXIN-3-RELATED (PTHR14159:SF0)	chromatin/chromatin-binding, or -regulatory protein(PC00077)	cysteine-type deubiquitinase activity(GO:0004843);hydrolase activity(GO:0016787)	protein quality control for misfolded or incompletely synthesized proteins(GO:0006515);protein deubiquitination(GO:0016579);proteasome-mediated ubiquitin-dependent protein catabolic process(GO:0043161);negative regulation of TORC1 signaling(GO:1904262);positive regulation of ERAD pathway(GO:1904294)	nucleus(GO:0005634)	3	67610990	67615652	3.343409e-09	1	0.913651	3	TG(16:0_16:0_20:1); TG(16:0_18:1_18:1); TG(18:0_18:2_18:2)
SORBI_3003G358400	Steroid 5-alpha-reductase DET2	STEROID 5-ALPHA-REDUCTASE DET2 (PTHR10556:SF43)	dehydrogenase(PC00092)	3-oxo-5-alpha-steroid 4-dehydrogenase activity(GO:0003865);oxidoreductase activity, acting on the CH-CH group of donors(GO:0016627);3-oxo-5-alpha-steroid 4-dehydrogenase (NADP+) activity(GO:0047751)	lipid metabolic process(GO:0006629);steroid metabolic process(GO:0008202);brassinosteroid biosynthetic process(GO:0016132)	membrane(GO:0016020)	3	67621228	67632849	3.343409e-09	1	0.921081	3	TG(16:0_16:0_20:1); TG(16:0_18:1_18:1); TG(18:0_18:2_18:2)
SORBI_3003G360500	Hexosyltransferase	HEXOSYLTRANSFERASE (PTHR11183:SF174)	glycosyltransferase(PC00111)	glycosyltransferase activity(GO:0016757)		Golgi membrane(GO:0000139);Golgi apparatus(GO:0005794)	3	67808197	67811098	3.343409e-09	1	0.471377	3	TG(16:0_16:0_20:1); TG(16:0_18:1_18:1); TG(18:0_18:2_18:2)
SORBI_3003G360700	Phospholipid_glycerol acyltransferase domain-containing protein	GLYCEROL-3-PHOSPHATE 2-O-ACYLTRANSFERASE 6 (PTHR15486:SF49)	scaffold/adaptor protein(PC00226)	acyltransferase activity(GO:0016746);hydrolase activity(GO:0016787);glycerol-3-phosphate 2-O-acyltransferase activity(GO:0090447)	cutin biosynthetic process(GO:0010143)	membrane(GO:0016020)	3	67827783	67831882	3.343409e-09	1	0.487743	3	TG(16:0_16:0_20:1); TG(16:0_18:1_18:1); TG(18:0_18:2_18:2)
SORBI_3003G360900	Cytochrome P450	CYTOCHROME P450 CYP81A1 (PTHR47947:SF4)	oxygenase(PC00177)	monooxygenase activity(GO:0004497);iron ion binding(GO:0005506);oxidoreductase activity(GO:0016491);oxidoreductase activity, acting on paired donors, with incorporation or reduction of molecular oxygen(GO:0016705);heme binding(GO:0020037)			3	67857185	67859240	3.343409e-09	1	0.410678	3	TG(16:0_16:0_20:1); TG(16:0_18:1_18:1); TG(18:0_18:2_18:2)
SORBI_3003G361100	Nematode resistance protein-like HSPRO2	NEMATODE RESISTANCE PROTEIN-LIKE HSPRO1 (PTHR34795:SF1)		heme binding(GO:0020037);metal ion binding(GO:0046872)	defense response(GO:0006952)		3	67868018	67870925	3.343409e-09	1	0.437328	3	TG(16:0_16:0_20:1); TG(16:0_18:1_18:1); TG(18:0_18:2_18:2)
SORBI_3006G044100	Uncharacterized protein	CYTOCHROME P450 SUPERFAMILY PROTEIN-RELATED (PTHR24298:SF377)	oxygenase(PC00177)	monooxygenase activity(GO:0004497);iron ion binding(GO:0005506);oxidoreductase activity, acting on paired donors, with incorporation or reduction of molecular oxygen(GO:0016705);heme binding(GO:0020037)		membrane(GO:0016020)	6	30770150	30772258	3.352457e-09	2	0.82307	3	TG(16:0_16:0_18:1); TG(16:0_18:0_18:2); TG(16:1_18:1_18:1)
SORBI_3006G044200	GH18 domain-containing protein	OS04G0376400 PROTEIN (PTHR11177:SF180)	glycosidase(PC00110)	chitin binding(GO:0008061);hydrolase activity(GO:0016787)	carbohydrate metabolic process(GO:0005975)	extracellular region(GO:0005576)	6	30800599	30803421	3.352457e-09	2	0.82307	3	TG(16:0_16:0_18:1); TG(16:0_18:0_18:2); TG(16:1_18:1_18:1)
SORBI_3006G044301	Uncharacterized protein						6	30811016	30816152	3.352457e-09	2	0.82307	3	TG(16:0_16:0_18:1); TG(16:0_18:0_18:2); TG(16:1_18:1_18:1)
SORBI_3001G247600	NAD-dependent epimerase_dehydratase domain-containing protein	GDP-MANNOSE 3,5-EPIMERASE 1 (PTHR43574:SF30)	epimerase/racemase(PC00096)	GDP-mannose 3,5-epimerase activity(GO:0047918);NAD binding(GO:0051287)			1	26301630	26305587	3.424946e-09	1	0.43954	1	PC(16:1_16:1)
SORBI_3001G247700	3-ketoacyl-CoA synthase	3-KETOACYL-COA SYNTHASE 20-RELATED (PTHR31561:SF16)		acyltransferase activity(GO:0016746);acyltransferase activity, transferring groups other than amino-acyl groups(GO:0016747)	fatty acid biosynthetic process(GO:0006633)	membrane(GO:0016020)	1	26479602	26484818	3.424946e-09	1	0.676339	1	PC(16:1_16:1)
SORBI_3001G247800	Uncharacterized protein						1	26485599	26488838	3.424946e-09	1	0.668837	1	PC(16:1_16:1)
SORBI_3001G247900	GH18 domain-containing protein	2, PUTATIVE, EXPRESSED-RELATED (PTHR46476:SF13)		hydrolase activity, hydrolyzing O-glycosyl compounds(GO:0004553)	carbohydrate metabolic process(GO:0005975)		1	26515255	26517299	3.424946e-09	1	0.590188	1	PC(16:1_16:1)
SORBI_3001G248000	GH18 domain-containing protein						1	26521743	26522318	3.424946e-09	1	0.582434	1	PC(16:1_16:1)
SORBI_3001G248100	histone acetyltransferase	HISTONE ACETYLTRANSFERASE (PTHR45750:SF3)		histone acetyltransferase activity(GO:0004402);acyltransferase activity, transferring groups other than amino-acyl groups(GO:0016747);protein-lysine-acetyltransferase activity(GO:0061733)	chromatin remodeling(GO:0006338);positive regulation of transcription by RNA polymerase II(GO:0045944)	nucleus(GO:0005634)	1	26545536	26552133	3.424946e-09	1	0.708647	1	PC(16:1_16:1)
SORBI_3001G248200	Acylamino-acid-releasing enzyme	ACYLAMINO-ACID-RELEASING ENZYME 2 (PTHR42776:SF18)	serine protease(PC00203)	peptidase activity(GO:0008233);serine-type peptidase activity(GO:0008236);omega peptidase activity(GO:0008242)	proteolysis(GO:0006508)	cytoplasm(GO:0005737)	1	26553388	26558790	3.424946e-09	1	0.568666	1	PC(16:1_16:1)
SORBI_3001G248300	acylaminoacyl-peptidase	ACYLAMINO-ACID-RELEASING ENZYME (PTHR42776:SF4)	serine protease(PC00203)	serine-type endopeptidase activity(GO:0004252);serine-type peptidase activity(GO:0008236);omega peptidase activity(GO:0008242)	proteolysis(GO:0006508)	cytoplasm(GO:0005737)	1	26559121	26580223	3.424946e-09	1	0.582546	1	PC(16:1_16:1)
SORBI_3006G039500	Flavoprotein domain-containing protein	PHOSPHOPANTOTHENOYLCYSTEINE DECARBOXYLASE-RELATED (PTHR14359:SF26)	decarboxylase(PC00089)	catalytic activity(GO:0003824);phosphopantothenoylcysteine decarboxylase activity(GO:0004633);FMN binding(GO:0010181)		phosphopantothenoylcysteine decarboxylase complex(GO:0071513)	6	17967739	17968344	3.529859e-09	1	0.863664	1	TG(12:0_14:0_18:3)
SORBI_3002G244600	Ubiquitin-like domain-containing protein	UBIQUITIN-RIBOSOMAL PROTEIN ES31Y FUSION PROTEIN (PTHR10666:SF466)		mRNA binding(GO:0003729);structural constituent of ribosome(GO:0003735);protein tag activity(GO:0031386)	translation(GO:0006412);protein ubiquitination(GO:0016567);modification-dependent protein catabolic process(GO:0019941)	nucleus(GO:0005634);cytoplasm(GO:0005737);ribosome(GO:0005840);cytosolic ribosome(GO:0022626)	2	63336180	63339375	3.681911e-09	1	0.4077	1	TG(10:0_16:1_18:1)
SORBI_3002G244901	Uncharacterized protein						2	63346816	63351078	3.681911e-09	1	0.43725	1	TG(10:0_16:1_18:1)
SORBI_3002G245000	HECT domain-containing protein	E3 UBIQUITIN-PROTEIN LIGASE UPL5 (PTHR11254:SF424)	ubiquitin-protein ligase(PC00234)	ubiquitin-protein transferase activity(GO:0004842);ubiquitin protein ligase activity(GO:0061630)	ubiquitin-dependent protein catabolic process(GO:0006511)		2	63351976	63357790	3.681911e-09	1	0.52202	1	TG(10:0_16:1_18:1)
SORBI_3002G245100	Pirin-like protein	OS09G0484800 PROTEIN (PTHR13903:SF23)	transcription cofactor(PC00217)			nucleus(GO:0005634)	2	63369660	63372006	3.681911e-09	1	0.562132	1	TG(10:0_16:1_18:1)
SORBI_3002G245200	Expansin-like EG45 domain-containing protein	EG45-LIKE DOMAIN CONTAINING PROTEIN 1-RELATED (PTHR47295:SF2)			systemic acquired resistance(GO:0009627)	extracellular region(GO:0005576);apoplast(GO:0048046)	2	63373770	63375070	3.681911e-09	1	0.960654	1	TG(10:0_16:1_18:1)
SORBI_3002G245300	Tonoplast dicarboxylate transporter	TONOPLAST DICARBOXYLATE TRANSPORTER (PTHR10283:SF129)	secondary carrier transporter(PC00258)	malate transmembrane transporter activity(GO:0015140);transmembrane transporter activity(GO:0022857)	transmembrane transport(GO:0055085);malate transmembrane transport(GO:0071423)	plasma membrane(GO:0005886);membrane(GO:0016020)	2	63378457	63381082	3.681911e-09	1	0.535902	1	TG(10:0_16:1_18:1)
SORBI_3010G086500	Glycoside hydrolase family 5 domain-containing protein	FASCIN-2 (PTHR10551:SF9)	non-motor actin binding protein(PC00165)	hydrolase activity, hydrolyzing O-glycosyl compounds(GO:0004553);actin filament binding(GO:0051015)	polysaccharide catabolic process(GO:0000272);carbohydrate metabolic process(GO:0005975);actin filament organization(GO:0007015);establishment or maintenance of cell polarity(GO:0007163);cell migration(GO:0016477);actin filament bundle assembly(GO:0051017)	cytoplasm(GO:0005737);actin cytoskeleton(GO:0015629)	10	7438985	7442978	3.728962e-09	1	0.414046	1	TG(10:0_16:1_18:1)
SORBI_3010G086800	Phytocyanin domain-containing protein	OS06G0218600 PROTEIN (PTHR33021:SF193)		electron transfer activity(GO:0009055)		membrane(GO:0016020)	10	7453988	7455591	3.728962e-09	1	0.425945	1	TG(10:0_16:1_18:1)
SORBI_3007G086300	Xyloglucan endotransglucosylase_hydrolase	XYLOGLUCAN ENDOTRANSGLUCOSYLASE_HYDROLASE (PTHR31062:SF40)	hydrolase(PC00121)	hydrolase activity, hydrolyzing O-glycosyl compounds(GO:0004553);xyloglucan:xyloglucosyl transferase activity(GO:0016762)	carbohydrate metabolic process(GO:0005975);xyloglucan metabolic process(GO:0010411);cell wall biogenesis(GO:0042546);glucan metabolic process(GO:0044042)	apoplast(GO:0048046)	7	11451821	11453305	3.734675e-09	1	0.807301	2	TG(16:0_16:0_20:1); TG(16:0_18:1_18:1)
SORBI_3002G038500	Nuclear transcription factor Y subunit	NUCLEAR TRANSCRIPTION FACTOR Y SUBUNIT (PTHR12632:SF41)	DNA-binding transcription factor(PC00218)	DNA-binding transcription factor activity, RNA polymerase II-specific(GO:0000981);DNA-binding transcription factor activity(GO:0003700)	regulation of DNA-templated transcription(GO:0006355);regulation of transcription by RNA polymerase II(GO:0006357)	nucleus(GO:0005634)	2	3759977	3764578	3.754252e-09	2	0.408531	2	TG(16:0_16:0_20:1); TG(16:0_18:1_18:1)
SORBI_3003G203866	Uncharacterized protein						3	53392494	53394662	3.880064e-09	1	0.420193	1	TG(18:1_18:2_18:2)
SORBI_3003G203900	Pectinesterase inhibitor domain-containing protein	OS04G0445300 PROTEIN (PTHR31080:SF301)		enzyme inhibitor activity(GO:0004857)			3	53397007	53397725	3.880064e-09	1	0.940989	1	TG(18:1_18:2_18:2)
SORBI_3003G204100	DUF6598 domain-containing protein	OS07G0646300 PROTEIN (PTHR33065:SF95)					3	53401220	53413348	3.880064e-09	1	0.9804	1	TG(18:1_18:2_18:2)
SORBI_3001G419100	Uncharacterized protein			ATP binding(GO:0005524);ATP hydrolysis activity(GO:0016887)			1	69976537	69980189	3.890947e-09	2	0.591185	1	trans-EKODE-(E)-Ib
SORBI_3001G419400	Uncharacterized protein (Fragment)	OS11G0187600 PROTEIN (PTHR19375:SF398)	Hsp70 family chaperone(PC00027)	ATP binding(GO:0005524);ATP hydrolysis activity(GO:0016887);heat shock protein binding(GO:0031072);protein folding chaperone(GO:0044183)	protein refolding(GO:0042026)	endoplasmic reticulum lumen(GO:0005788)	1	70008508	70015602	3.890947e-09	1	0.439355	1	trans-EKODE-(E)-Ib
SORBI_3001G420300	Dof zinc finger protein	DOF ZINC FINGER PROTEIN (PTHR31992:SF123)		DNA binding(GO:0003677);DNA-binding transcription factor activity(GO:0003700);metal ion binding(GO:0046872)	regulation of DNA-templated transcription(GO:0006355)	nucleus(GO:0005634)	1	70085136	70088029	3.890947e-09	1	0.505083	1	trans-EKODE-(E)-Ib
SORBI_3005G227050	Late embryogenesis abundant protein LEA-2 subgroup domain-containing protein	OS06G0121100 PROTEIN (PTHR31852:SF163)					5	71403991	71408437	3.891326e-09	1	0.461573	1	gibberellic acid
SORBI_3005G227600	RING-type E3 ubiquitin transferase	RING-TYPE E3 UBIQUITIN TRANSFERASE (PTHR45676:SF178)			protein ubiquitination(GO:0016567)		5	71488393	71490045	3.891326e-09	1	0.794617	1	gibberellic acid
SORBI_3005G227800	Uncharacterized protein						5	71515133	71515918	3.891326e-09	1	0.482135	1	gibberellic acid
SORBI_3005G228400	Cytochrome P450	CYTOCHROME P450 71D7 (PTHR47956:SF34)	oxygenase(PC00177)	monooxygenase activity(GO:0004497);iron ion binding(GO:0005506);terpene synthase activity(GO:0010333);oxidoreductase activity, acting on paired donors, with incorporation or reduction of molecular oxygen(GO:0016705);oxidoreductase activity, acting on paired donors, with incorporation or reduction of molecular oxygen, NAD(P)H as one donor, and incorporation of one atom of oxygen(GO:0016709);heme binding(GO:0020037)	diterpene phytoalexin biosynthetic process(GO:0051502)	membrane(GO:0016020)	5	71574182	71581342	3.891326e-09	1	0.402967	1	gibberellic acid
SORBI_3005G228501	PGG domain-containing protein	OS06G0293500 PROTEIN (PTHR24177:SF223)	scaffold/adaptor protein(PC00226)				5	71584292	71587909	3.891326e-09	1	0.427754	1	gibberellic acid
SORBI_3009G108600	Drought induced 19 protein type zinc-binding domain-containing protein	PROTEIN DEHYDRATION-INDUCED 19-RELATED (PTHR31875:SF26)					9	43534721	43542774	4.013893e-09	1	1	1	TG(12:0_14:0_18:3)
SORBI_3009G109000	Uncharacterized protein	BINDING PROTEIN (PTHR33702:SF27)					9	43765204	43766644	4.013893e-09	1	0.417735	1	TG(12:0_14:0_18:3)
SORBI_3009G223100	Adenylate isopentenyltransferase	ADENYLATE ISOPENTENYLTRANSFERASE (PTHR11088:SF32)	RNA processing factor(PC00147)	AMP dimethylallyltransferase activity(GO:0009824);tRNA dimethylallyltransferase activity(GO:0052381)	tRNA modification(GO:0006400)		9	56567273	56568899	4.119261e-09	3	0.437891	1	DG(16:0_18:0)
SORBI_3003G068950	Uncharacterized protein	PUTRESCINE HYDROXYCINNAMOYLTRANSFERASE 1 (PTHR31642:SF154)	acetyltransferase(PC00038)	acyltransferase activity, transferring groups other than amino-acyl groups(GO:0016747)			3	5888554	5895000	4.124841e-09	2	0.479668	1	TG(12:0_18:1_18:3)
SORBI_3003G069950	Protein kinase domain-containing protein	OS01G0152000 PROTEIN (PTHR27008:SF376)		nucleotide binding(GO:0000166);protein kinase activity(GO:0004672);protein serine/threonine kinase activity(GO:0004674);ATP binding(GO:0005524)	positive regulation of defense response(GO:0031349)	endoplasmic reticulum membrane(GO:0005789);plasma membrane(GO:0005886)	3	5988613	5992771	4.124841e-09	2	0.48063	1	TG(12:0_18:1_18:3)
SORBI_3007G103400	Uncharacterized protein	PENTATRICOPEPTIDE REPEAT (PPR) SUPERFAMILY PROTEIN (PTHR37381:SF1)					7	30410924	30455948	4.153763e-09	1	0.846302	1	gibberellic acid
SORBI_3007G109301	Uncharacterized protein						7	39344941	39347165	4.158159e-09	2	0.974529	1	TG(18:2_22:0_22:3)
SORBI_3007G109400	Response regulatory domain-containing protein	TWO-COMPONENT RESPONSE REGULATOR ORR8 (PTHR43874:SF33)	winged helix/forkhead transcription factor(PC00246)		phosphorelay signal transduction system(GO:0000160);cytokinin-activated signaling pathway(GO:0009736)		7	39453202	39454489	4.158159e-09	2	0.968367	1	TG(18:2_22:0_22:3)
SORBI_3007G109700	Uncharacterized protein						7	39651616	39653471	4.158159e-09	2	0.974529	1	TG(18:2_22:0_22:3)
SORBI_3007G109800	SMP domain-containing protein	SMP DOMAIN-CONTAINING PROTEIN (PTHR31174:SF25)					7	39655862	39656846	4.158159e-09	2	0.968389	1	TG(18:2_22:0_22:3)
SORBI_3006G044000	Uncharacterized protein						6	30653544	30655929	4.181131e-09	1	0.817235	1	TG(16:0_16:0_18:1)
SORBI_3003G185300	Dynein light chain	OS01G0555600 PROTEIN (PTHR11886:SF80)	microtubule or microtubule-binding cytoskeletal protein(PC00157)	dynein intermediate chain binding(GO:0045505)	microtubule-based process(GO:0007017)	cytoplasmic dynein complex(GO:0005868);dynein complex(GO:0030286)	3	49885935	49887720	4.205869e-09	1	0.863017	1	9,12,13,TriHODE
SORBI_3003G185500	Uncharacterized protein	TAIL FIBER (PTHR35288:SF1)					3	50030698	50035770	4.205869e-09	1	0.863017	1	9,12,13,TriHODE
SORBI_3003G185600	Aspartate racemase	ASPARTATE-GLUTAMATE RACEMASE FAMILY (PTHR21198:SF7)		racemase and epimerase activity, acting on amino acids and derivatives(GO:0016855);amino-acid racemase activity(GO:0047661)			3	50035815	50039398	4.205869e-09	1	0.908605	1	9,12,13,TriHODE
SORBI_3003G185800	Uncharacterized protein						3	50283010	50283905	4.205869e-09	1	0.863017	1	9,12,13,TriHODE
SORBI_3003G185900	protein-serine_threonine phosphatase	[PYRUVATE DEHYDROGENASE [ACETYL-TRANSFERRING]]-PHOSPHATASE 2, MITOCHONDRIAL (PTHR13832:SF589)	protein phosphatase(PC00195)	magnesium ion binding(GO:0000287);protein serine/threonine phosphatase activity(GO:0004722);phosphatase activity(GO:0016791);manganese ion binding(GO:0030145)		chloroplast stroma(GO:0009570);thylakoid(GO:0009579);membrane(GO:0016020)	3	50284500	50287827	4.205869e-09	1	0.611883	1	9,12,13,TriHODE
SORBI_3003G186000	RAVE complex protein Rav1 C-terminal domain-containing protein	RABCONNECTIN-3A (PTHR13950:SF9)			vacuolar acidification(GO:0007035)	RAVE complex(GO:0043291)	3	50290449	50307777	4.205869e-09	1	0.863017	1	9,12,13,TriHODE
SORBI_3003G186200	RWP-RK domain-containing protein	RWP-RK DOMAIN-CONTAINING PROTEIN (PTHR46373:SF2)		DNA-binding transcription factor activity(GO:0003700)	regulation of DNA-templated transcription(GO:0006355)		3	50319219	50320963	4.205869e-09	1	0.863017	1	9,12,13,TriHODE
SORBI_3006G038350	Uncharacterized protein						6	15952686	15953984	4.214063e-09	1	0.951309	2	TG(16:0_16:0_20:1); TG(16:0_18:1_18:1)
SORBI_3006G038400	Vps72_YL1 C-terminal domain-containing protein	INO80 COMPLEX SUBUNIT C (PTHR31200:SF1)			chromatin remodeling(GO:0006338)	nucleus(GO:0005634);Ino80 complex(GO:0031011)	6	15970957	15986533	4.214063e-09	1	0.957277	2	TG(16:0_16:0_20:1); TG(16:0_18:1_18:1)
SORBI_3006G038500	DUS-like FMN-binding domain-containing protein	FMN-LINKED OXIDOREDUCTASES SUPERFAMILY PROTEIN (PTHR42907:SF1)	oxidoreductase(PC00176)	tRNA dihydrouridine synthase activity(GO:0017150);flavin adenine dinucleotide binding(GO:0050660)	tRNA dihydrouridine synthesis(GO:0002943);tRNA processing(GO:0008033)		6	16159612	16182535	4.214063e-09	1	0.963325	2	TG(16:0_16:0_20:1); TG(16:0_18:1_18:1)
SORBI_3006G038600	Legume lectin domain-containing protein						6	16163635	16164344	4.214063e-09	1	0.963325	2	TG(16:0_16:0_20:1); TG(16:0_18:1_18:1)
SORBI_3006G038700	Uncharacterized protein						6	16272026	16274313	4.214063e-09	1	1	3	TG(16:0_16:0_20:1); TG(16:0_18:1_18:1); TG(16:0_18:1_20:0)
SORBI_3004G228300	C2 domain-containing protein	OS02G0640000 PROTEIN (PTHR46502:SF1)	calcium-binding protein(PC00060)				4	57781085	57784615	4.262269e-09	1	0.403921	2	9,12,13,TriHODE; Oxo fatty acid (18:3)
SORBI_3004G230800	Glycosyltransferase	GLYCOSYLTRANSFERASE (PTHR11926:SF1459)	transferase(PC00220)	UDP-glycosyltransferase activity(GO:0008194)			4	58025232	58027515	4.262269e-09	1	0.40695	2	9,12,13,TriHODE; Oxo fatty acid (18:3)
SORBI_3004G230900	RRM domain-containing protein	RNA-BINDING (RRM_RBD_RNP MOTIFS) FAMILY PROTEIN (PTHR11176:SF23)	RNA metabolism protein(PC00031)	nucleic acid binding(GO:0003676);RNA binding(GO:0003723)			4	58026487	58033140	4.262269e-09	1	0.427811	2	9,12,13,TriHODE; Oxo fatty acid (18:3)
SORBI_3006G047500	AB hydrolase-1 domain-containing protein	ALPHA_BETA-HYDROLASES SUPERFAMILY PROTEIN (PTHR42886:SF42)			phosphatidic acid biosynthetic process(GO:0006654)		6	32863629	32868565	4.275463e-09	1	0.448056	2	TG(16:0_16:0_20:1); TG(16:0_18:1_20:1)
SORBI_3002G071850							2	7296475	7311886	4.54345e-09	1	0.420897	2	TG(16:0_16:0_18:1); TG(16:1_18:1_18:1)
SORBI_3002G072700	Neprosin domain-containing protein	OS07G0205500 PROTEIN (PTHR31589:SF24)					2	7390151	7393915	4.54345e-09	1	0.68964	2	TG(16:0_16:0_18:1); TG(16:1_18:1_18:1)
SORBI_3002G073000	Uncharacterized protein						2	7473955	7479736	4.54345e-09	1	0.830867	2	TG(16:0_16:0_18:1); TG(16:1_18:1_18:1)
SORBI_3002G073100	Uncharacterized protein						2	7479737	7480042	4.54345e-09	1	0.433013	2	TG(16:0_16:0_18:1); TG(16:1_18:1_18:1)
SORBI_3002G073200	Uncharacterized protein	XAA-PRO AMINOPEPTIDASE 1 (PTHR43763:SF6)	protease(PC00190)	metalloaminopeptidase activity(GO:0070006)		cytoplasm(GO:0005737)	2	7519722	7527106	4.54345e-09	1	0.83841	2	TG(16:0_16:0_18:1); TG(16:1_18:1_18:1)
SORBI_3002G202700	WRKY domain-containing protein	WRKY TRANSCRIPTION FACTOR 40-RELATED (PTHR31429:SF3)	DNA-binding transcription factor(PC00218)	DNA-binding transcription factor activity(GO:0003700);sequence-specific DNA binding(GO:0043565)	regulation of DNA-templated transcription(GO:0006355);response to bacterium(GO:0009617);response to fungus(GO:0009620);response to salicylic acid(GO:0009751);response to chitin(GO:0010200);response to other organism(GO:0051707)	nucleus(GO:0005634)	2	59258884	59260622	4.602665e-09	1	0.478522	1	TG(16:0_16:0_20:1)
SORBI_3002G203000	CBL-interacting protein kinase 16	CBL-INTERACTING SERINE_THREONINE-PROTEIN KINASE 25 (PTHR43895:SF162)		protein kinase activity(GO:0004672);protein serine/threonine kinase activity(GO:0004674);ATP binding(GO:0005524)	signal transduction(GO:0007165)		2	59318757	59320764	4.602665e-09	1	0.705236	1	TG(16:0_16:0_20:1)
SORBI_3002G203200	Uncharacterized protein						2	59363650	59379303	4.602665e-09	1	0.57551	1	TG(16:0_16:0_20:1)
SORBI_3002G104200	VOC domain-containing protein	PHYTOENE DESATURATION 1 (PTHR11959:SF7)	oxygenase(PC00177)	4-hydroxyphenylpyruvate dioxygenase activity(GO:0003868);oxidoreductase activity, acting on single donors with incorporation of molecular oxygen(GO:0016701)	L-tyrosine catabolic process(GO:0006572);aromatic amino acid metabolic process(GO:0009072)		2	12324179	12326448	4.633664e-09	1	0.53204	1	TG(10:0_10:0_10:0)
SORBI_3002G105300	SCP domain-containing protein	PATHOGENESIS-RELATED PROTEIN 1 (PTHR10334:SF505)	defense/immunity protein(PC00090)			extracellular region(GO:0005576)	2	12498857	12499719	4.633664e-09	1	0.759858	1	TG(10:0_10:0_10:0)
SORBI_3002G105350	FBD domain-containing protein						2	12506285	12508924	4.633664e-09	1	1	1	TG(10:0_10:0_10:0)
SORBI_3002G105700	RING-type domain-containing protein	BOI-RELATED E3 UBIQUITIN-PROTEIN LIGASE 2-RELATED (PTHR42647:SF22)					2	12589899	12595027	4.633664e-09	1	0.499189	1	TG(10:0_10:0_10:0)
SORBI_3003G166500	NAD-dependent epimerase_dehydratase domain-containing protein	MIOREX COMPLEX COMPONENT 2 (PTHR12126:SF16)	oxidoreductase(PC00176)	protein-containing complex binding(GO:0044877)	ubiquinone biosynthetic process(GO:0006744)	mitochondrion(GO:0005739)	3	25677689	25715902	4.659387e-09	1	1	2	TG(10:0_10:0_10:0); TG(12:0_14:0_18:3)
SORBI_3001G021000	Nicotinate phosphoribosyltransferase	NICOTINATE PHOSPHORIBOSYLTRANSFERASE (PTHR11098:SF1)	glycosyltransferase(PC00111)	nicotinate phosphoribosyltransferase activity(GO:0004516)	NAD+ biosynthetic process(GO:0009435);NAD+ biosynthetic process via the salvage pathway(GO:0034355)	cytosol(GO:0005829)	1	1729643	1737804	4.680331e-09	6	0.473554	1	TG(16:0_18:1_20:0)
SORBI_3001G021200	Uncharacterized protein						1	1742695	1745249	4.680331e-09	6	0.463328	1	TG(16:0_18:1_20:0)
SORBI_3001G021400	Tr-type G domain-containing protein	EUKARYOTIC TRANSLATION ELONGATION FACTOR 2 (PTHR42908:SF10)	translation elongation factor(PC00222)	translation elongation factor activity(GO:0003746);GTPase activity(GO:0003924);GTP binding(GO:0005525);ribosome binding(GO:0043022)	translational elongation(GO:0006414)	cytoplasm(GO:0005737);cytosol(GO:0005829);ribonucleoprotein complex(GO:1990904)	1	1757737	1762311	4.680331e-09	6	0.456224	1	TG(16:0_18:1_20:0)
SORBI_3001G021500	Cellulose synthase	CELLULOSE SYNTHASE (PTHR13301:SF236)	DNA-binding transcription factor(PC00218)	cellulose synthase (UDP-forming) activity(GO:0016760)	plant-type secondary cell wall biogenesis(GO:0009834);cellulose biosynthetic process(GO:0030244)	plasma membrane(GO:0005886);membrane(GO:0016020)	1	1770077	1776290	4.680331e-09	6	0.609646	1	TG(16:0_18:1_20:0)
SORBI_3001G021601	Uncharacterized protein						1	1778259	1779825	4.680331e-09	6	0.632113	1	TG(16:0_18:1_20:0)
SORBI_3001G021700							1	1780750	1786230	4.680331e-09	6	0.872261	1	TG(16:0_18:1_20:0)
SORBI_3001G021800	WH1 domain-containing protein	WH1 DOMAIN-CONTAINING PROTEIN (PTHR16290:SF26)	mRNA capping factor(PC00145)	mRNA binding(GO:0003729);enzyme activator activity(GO:0008047)	deadenylation-dependent decapping of nuclear-transcribed mRNA(GO:0000290)	cytoplasm(GO:0005737)	1	1787545	1793480	4.680331e-09	6	0.872261	1	TG(16:0_18:1_20:0)
SORBI_3001G021900	Peptidase M20 dimerisation domain-containing protein	IAA-AMINO ACID HYDROLASE ILR1-LIKE 3 (PTHR11014:SF99)	metalloprotease(PC00153)	hydrolase activity(GO:0016787)	auxin metabolic process(GO:0009850)		1	1792932	1797374	4.680331e-09	6	0.872213	2	TG(16:0_18:1_20:0); TG(18:1_20:0_22:1)
SORBI_3001G022000	Peptidase M20 dimerisation domain-containing protein	IAA-AMINO ACID HYDROLASE ILR1-LIKE 3 (PTHR11014:SF99)	metalloprotease(PC00153)	hydrolase activity(GO:0016787)	auxin metabolic process(GO:0009850)		1	1799075	1802499	4.680331e-09	6	0.857926	2	TG(16:0_18:1_20:0); TG(18:1_20:0_22:1)
SORBI_3001G022100	Uncharacterized protein	EXPRESSED PROTEIN (PTHR34564:SF5)	chaperone(PC00072)				1	1802533	1805609	4.680331e-09	6	0.884761	2	TG(16:0_18:1_20:0); TG(18:1_20:0_22:1)
SORBI_3001G022200	Late embryogenesis abundant protein LEA-2 subgroup domain-containing protein	HARPIN-INDUCED PROTEIN 1 CONTAINING PROTEIN (PTHR31415:SF54)			defense response to other organism(GO:0098542)	membrane(GO:0016020)	1	1805923	1806951	4.680331e-09	6	0.884761	2	TG(16:0_18:1_20:0); TG(18:1_20:0_22:1)
SORBI_3001G022500	Lysine--tRNA ligase	LYSINE--TRNA LIGASE, CHLOROPLASTIC_MITOCHONDRIAL (PTHR42918:SF15)	aminoacyl-tRNA synthetase(PC00047)	tRNA binding(GO:0000049);nucleotide binding(GO:0000166);nucleic acid binding(GO:0003676);mRNA binding(GO:0003729);aminoacyl-tRNA ligase activity(GO:0004812);lysine-tRNA ligase activity(GO:0004824);ATP binding(GO:0005524)	tRNA aminoacylation for protein translation(GO:0006418);lysyl-tRNA aminoacylation(GO:0006430)	cytoplasm(GO:0005737);mitochondrion(GO:0005739);chloroplast(GO:0009507)	1	1814461	1823163	4.680331e-09	6	0.978363	2	TG(16:0_18:1_20:0); TG(18:1_20:0_22:1)
SORBI_3001G022600	Uncharacterized protein	GLYCINE-RICH RNA-BINDING PROTEIN RZ1A (PTHR48028:SF2)		nucleic acid binding(GO:0003676);RNA binding(GO:0003723);zinc ion binding(GO:0008270)			1	1823402	1826715	4.680331e-09	6	0.978363	2	TG(16:0_18:1_20:0); TG(18:1_20:0_22:1)
SORBI_3001G022700	Cytochrome P450 CYP733A	ABSCISIC ACID 8'-HYDROXYLASE 3-LIKE (PTHR24286:SF28)	oxygenase(PC00177)	monooxygenase activity(GO:0004497);iron ion binding(GO:0005506);oxidoreductase activity, acting on paired donors, with incorporation or reduction of molecular oxygen(GO:0016705);heme binding(GO:0020037)	pollen tube development(GO:0048868)		1	1826823	1829149	4.680331e-09	6	0.978363	1	TG(16:0_18:1_20:0)
SORBI_3001G022800	Actin	ACTIN-3 (PTHR11937:SF427)	actin and actin related protein(PC00039)	structural constituent of cytoskeleton(GO:0005200)	cytoskeleton organization(GO:0007010)	cytoskeleton(GO:0005856);actin cytoskeleton(GO:0015629)	1	1835108	1838685	4.680331e-09	6	0.988711	1	TG(16:0_18:1_20:0)
SORBI_3001G022900	Ferredoxin	FERREDOXIN-3, CHLOROPLASTIC (PTHR43112:SF30)	reductase(PC00198)	electron transfer activity(GO:0009055);iron-sulfur cluster binding(GO:0051536);2 iron, 2 sulfur cluster binding(GO:0051537)	electron transport chain(GO:0022900)	chloroplast(GO:0009507)	1	1839741	1842448	4.680331e-09	6	0.978363	2	TG(16:0_18:1_20:0); TG(18:1_20:0_22:1)
SORBI_3006G166900	Uncharacterized protein	OSJNBA0079A21.8 PROTEIN (PTHR31642:SF300)	acetyltransferase(PC00038)	acyltransferase activity, transferring groups other than amino-acyl groups(GO:0016747)			6	52428961	52430960	4.73399e-09	1	1	1	TG(16:0_18:1_20:1)
SORBI_3006G037300	CASP-like protein 2A1	CASP-LIKE PROTEIN 2A1 (PTHR11615:SF212)	dehydrogenase(PC00092)			plasma membrane(GO:0005886)	6	14129051	14131799	4.835503e-09	1	0.793957	2	TG(16:0_16:0_20:1); TG(16:0_18:1_18:1)
SORBI_3006G037401	Uncharacterized protein						6	14153005	14164701	4.835503e-09	1	0.50377	2	TG(16:0_16:0_20:1); TG(16:0_18:1_18:1)
SORBI_3006G037500	Lipase	LIPASE (PTHR11005:SF137)	lipase(PC00143)	hydrolase activity, acting on ester bonds(GO:0016788)	lipid metabolic process(GO:0006629)		6	14221600	14223833	4.835503e-09	1	0.463277	2	TG(16:0_16:0_20:1); TG(16:0_18:1_18:1)
SORBI_3006G037600	Uncharacterized protein						6	14398069	14399299	4.835503e-09	1	0.561352	2	TG(16:0_16:0_20:1); TG(16:0_18:1_18:1)
SORBI_3006G037650	U-box domain-containing protein	U-BOX DOMAIN-CONTAINING PROTEIN (PTHR22849:SF23)		ubiquitin-protein transferase activity(GO:0004842);ubiquitin protein ligase activity(GO:0061630)	protein ubiquitination(GO:0016567)		6	14403485	14404733	4.835503e-09	1	0.894885	2	TG(16:0_16:0_20:1); TG(16:0_18:1_18:1)
SORBI_3006G037700	CYTH domain-containing protein	P-LOOP CONTAINING NUCLEOSIDE TRIPHOSPHATE HYDROLASES SUPERFAMILY PROTEIN (PTHR10285:SF116)	nucleotide kinase(PC00172)	ATP binding(GO:0005524);kinase activity(GO:0016301);pyrophosphatase activity(GO:0016462)			6	14487572	14548530	4.835503e-09	1	0.910713	3	TG(16:0_16:0_20:1); TG(16:0_18:1_18:1); TG(16:0_18:1_18:2)
SORBI_3006G037800	Uncharacterized protein						6	14536724	14537643	4.835503e-09	1	0.628928	2	TG(16:0_16:0_20:1); TG(16:0_18:1_18:1)
SORBI_3005G089900	Dynein light chain	DYNEIN LIGHT CHAIN (PTHR11886:SF35)	microtubule or microtubule-binding cytoskeletal protein(PC00157)	dynein intermediate chain binding(GO:0045505)	microtubule-based process(GO:0007017)	cytoskeleton(GO:0005856);cytoplasmic dynein complex(GO:0005868);dynein complex(GO:0030286)	5	12971151	12971751	4.903505e-09	1	0.574628	1	TG(16:0_18:1_20:2)
SORBI_3005G090200	Uncharacterized protein						5	13011951	13012386	4.903505e-09	1	0.933214	1	TG(16:0_18:1_20:2)
SORBI_3005G090401	Uncharacterized protein						5	13099668	13101699	4.903505e-09	1	0.932946	1	TG(16:0_18:1_20:2)
SORBI_3005G090500	Uncharacterized protein						5	13187965	13195170	4.903505e-09	1	0.937516	1	TG(16:0_18:1_20:2)
SORBI_3009G019400	Uncharacterized protein						9	1764334	1768647	4.943539e-09	3	0.636527	2	9,12,13,TriHODE; PC(18:2_0:0)
SORBI_3009G019550	Uncharacterized protein						9	1770595	1771036	4.943539e-09	3	1	2	9,12,13,TriHODE; PC(18:2_0:0)
SORBI_3009G019700	Uncharacterized protein						9	1780529	1781290	4.943539e-09	3	0.469143	2	9,12,13,TriHODE; PC(18:2_0:0)
SORBI_3009G019800							9	1784682	1791225	4.943539e-09	3	0.487449	2	9,12,13,TriHODE; PC(18:2_0:0)
SORBI_3009G020700	Ubiquitin-like domain-containing protein	CILIA- AND FLAGELLA-ASSOCIATED PROTEIN 298 (PTHR13238:SF0)					9	1841496	1849425	4.943539e-09	3	0.651449	2	9,12,13,TriHODE; PC(18:2_0:0)
SORBI_3009G020800	Uncharacterized protein						9	1847643	1848725	4.943539e-09	3	0.472767	2	9,12,13,TriHODE; PC(18:2_0:0)
SORBI_3004G132800	Ribosomal protein L7Ae_L30e_S12e_Gadd45 domain-containing protein	OS02G0583500 PROTEIN (PTHR33063:SF13)					4	20661484	20665974	5.024426e-09	3	0.956041	1	TG(18:2_22:0_22:3)
SORBI_3004G132900	Uncharacterized protein						4	20672482	20691277	5.024426e-09	3	0.874727	1	TG(18:2_22:0_22:3)
SORBI_3004G133000	DUF4005 domain-containing protein	PROTEIN IQ-DOMAIN 21 (PTHR32295:SF33)					4	20694355	20707386	5.024426e-09	3	0.874727	1	TG(18:2_22:0_22:3)
SORBI_3004G133100	AB hydrolase-1 domain-containing protein	AB HYDROLASE-1 DOMAIN-CONTAINING PROTEIN (PTHR43329:SF69)	hydrolase(PC00121)				4	20707715	20711558	5.024426e-09	3	0.869284	1	TG(18:2_22:0_22:3)
SORBI_3004G133201	TTF-type domain-containing protein	ZINC FINGER, MYM DOMAIN CONTAINING 1 (PTHR11697:SF230)					4	20723499	20728141	5.024426e-09	3	0.874727	1	TG(18:2_22:0_22:3)
SORBI_3001G023000	Uncharacterized protein	MULTIPLE EPIDERMAL GROWTH FACTOR-LIKE DOMAINS PROTEIN 8 (PTHR23244:SF456)			intracellular protein transport(GO:0006886);signal transduction(GO:0007165)	plant-type vacuole(GO:0000325);protein storage vacuole(GO:0000326);cytoplasm(GO:0005737);trans-Golgi network(GO:0005802)	1	1843896	1850570	5.0281e-09	1	0.513432	1	TG(18:1_20:0_22:1)
SORBI_3001G023100	ACB domain-containing protein	ACYL-COA-BINDING DOMAIN-CONTAINING PROTEIN 4 (PTHR46093:SF3)		fatty-acyl-CoA binding(GO:0000062)	lipid transport(GO:0006869);response to light stimulus(GO:0009416)	cytoplasm(GO:0005737);cytosol(GO:0005829)	1	1850735	1856772	5.0281e-09	1	0.513432	1	TG(18:1_20:0_22:1)
SORBI_3001G023200	Electron transfer flavoprotein subunit alpha	ELECTRON TRANSFER FLAVOPROTEIN SUBUNIT ALPHA, MITOCHONDRIAL (PTHR43153:SF1)	oxidoreductase(PC00176)	electron transfer activity(GO:0009055);flavin adenine dinucleotide binding(GO:0050660)	fatty acid beta-oxidation using acyl-CoA dehydrogenase(GO:0033539)	mitochondrion(GO:0005739);mitochondrial matrix(GO:0005759)	1	1857418	1860721	5.0281e-09	1	0.557802	1	TG(18:1_20:0_22:1)
SORBI_3001G023300	Uncharacterized protein						1	1865214	1867137	5.0281e-09	1	0.602634	1	TG(18:1_20:0_22:1)
SORBI_3001G023400	AIG1-type G domain-containing protein	AIG1 FAMILY PROTEIN, EXPRESSED (PTHR10903:SF64)	small GTPase(PC00208)	GTPase activity(GO:0003924);GTP binding(GO:0005525)	protein targeting to chloroplast(GO:0045036)	chloroplast outer membrane(GO:0009707)	1	1867351	1871783	5.0281e-09	1	0.612631	1	TG(18:1_20:0_22:1)
SORBI_3001G023500	DUF4378 domain-containing protein	EXPRESSED PROTEIN (PTHR21726:SF65)	transferase(PC00220)				1	1873872	1880619	5.0281e-09	1	0.668044	1	TG(18:1_20:0_22:1)
SORBI_3001G023600	Uncharacterized protein	OS06G0620600 PROTEIN (PTHR14083:SF9)			endoplasmic reticulum to Golgi vesicle-mediated transport(GO:0006888)	Golgi membrane(GO:0000139);endoplasmic reticulum membrane(GO:0005789);endoplasmic reticulum-Golgi intermediate compartment(GO:0005793);Golgi apparatus(GO:0005794);COPII-coated ER to Golgi transport vesicle(GO:0030134)	1	1883564	1885539	5.0281e-09	1	0.668044	1	TG(18:1_20:0_22:1)
SORBI_3001G023700	DUF3511 domain-containing protein	EXPRESSED PROTEIN (PTHR33193:SF74)					1	1886965	1888591	5.0281e-09	1	0.687936	1	TG(18:1_20:0_22:1)
SORBI_3001G023800	Uncharacterized protein	DUF789 FAMILY PROTEIN (PTHR31343:SF44)					1	1888889	1893254	5.0281e-09	1	0.667583	1	TG(18:1_20:0_22:1)
SORBI_3001G023900	GATA-type domain-containing protein	EXPRESSED PROTEIN (PTHR47172:SF28)		zinc ion binding(GO:0008270);sequence-specific DNA binding(GO:0043565)	regulation of DNA-templated transcription(GO:0006355)		1	1898224	1900808	5.0281e-09	1	0.649914	1	TG(18:1_20:0_22:1)
SORBI_3001G024000	PUM-HD domain-containing protein	PUMILIO HOMOLOG 3 (PTHR13389:SF0)		RNA binding(GO:0003723);mRNA binding(GO:0003729)	regulation of translation(GO:0006417)	nucleolus(GO:0005730)	1	1902840	1909071	5.0281e-09	1	0.724006	1	TG(18:1_20:0_22:1)
SORBI_3001G024100	J domain-containing protein	CHAPERONE DNAJ-DOMAIN SUPERFAMILY PROTEIN (PTHR44137:SF13)				endoplasmic reticulum(GO:0005783)	1	1911456	1913557	5.0281e-09	1	0.496062	1	TG(18:1_20:0_22:1)
SORBI_3001G024200	Fungal lipase-like domain-containing protein	LIPASE FAMILY PROTEIN, EXPRESSED (PTHR46023:SF2)	lipase(PC00143)		lipid metabolic process(GO:0006629)		1	1919703	1924815	5.0281e-09	1	0.716742	1	TG(18:1_20:0_22:1)
SORBI_3001G024250	Pectinesterase inhibitor domain-containing protein						1	1925084	1925686	5.0281e-09	1	0.639568	1	TG(18:1_20:0_22:1)
SORBI_3001G024400	Pectinesterase inhibitor domain-containing protein	OS03G0830600 PROTEIN (PTHR31080:SF69)		enzyme inhibitor activity(GO:0004857);pectinesterase inhibitor activity(GO:0046910)			1	1934662	1935930	5.0281e-09	1	0.685245	1	TG(18:1_20:0_22:1)
SORBI_3008G048200	Exocyst subunit Exo70 family protein	EXOCYST SUBUNIT EXO70 FAMILY PROTEIN (PTHR12542:SF81)	membrane traffic protein(PC00150)	phosphatidylinositol-4,5-bisphosphate binding(GO:0005546)	exocytosis(GO:0006887)	exocyst(GO:0000145)	8	4728273	4730726	5.035169e-09	1	1	1	gibberellic acid
SORBI_3008G048300	TFIIS N-terminal domain-containing protein	MEDIATOR OF RNA POLYMERASE II TRANSCRIPTION SUBUNIT 26C-RELATED (PTHR47210:SF1)	general transcription factor(PC00259)			nucleus(GO:0005634)	8	4733873	4736964	5.035169e-09	1	0.601772	1	gibberellic acid
SORBI_3008G048933	Uncharacterized protein						8	4803388	4805539	5.035169e-09	1	1	1	gibberellic acid
SORBI_3009G219800	Uncharacterized protein	EXPRESSED PROTEIN (PTHR34272:SF1)					9	56344174	56345457	5.055957e-09	1	0.453104	1	TG(10:0_10:0_10:0)
SORBI_3004G259101	Rho GDP-dissociation inhibitor 1	LD16419P (PTHR10980:SF3)	G-protein modulator(PC00022)	Rho GDP-dissociation inhibitor activity(GO:0005094)	Rho protein signal transduction(GO:0007266)	cytoplasm(GO:0005737);cytosol(GO:0005829);membrane(GO:0016020)	4	60439416	60456664	5.071894e-09	1	1	1	PC(16:1_16:1)
SORBI_3010G138900	CMP_dCMP-type deaminase domain-containing protein	TRNA(ADENINE(34)) DEAMINASE, CHLOROPLASTIC (PTHR11079:SF179)	deaminase(PC00088)	tRNA-specific adenosine deaminase activity(GO:0008251);tRNA-specific adenosine-34 deaminase activity(GO:0052717)	tRNA wobble adenosine to inosine editing(GO:0002100)		10	23383964	23393688	5.175023e-09	1	0.870904	2	Oxo fatty acid (18:3); trans-EKODE-(E)-Ib
SORBI_3003G421700	Beta 1,3 glucanase	GLUCAN ENDO-1,3-BETA-GLUCOSIDASE, ACIDIC ISOFORM (PTHR32227:SF443)	glucosidase(PC00108)	hydrolase activity, hydrolyzing O-glycosyl compounds(GO:0004553);glucan endo-1,3-beta-D-glucosidase activity(GO:0042973)	carbohydrate metabolic process(GO:0005975)		3	72665371	72669662	5.274155e-09	1	0.516229	1	TG(12:0_14:0_18:3)
SORBI_3003G422300	RecA protein	DNA REPAIR PROTEIN RECA HOMOLOG 2, MITOCHONDRIAL (PTHR45900:SF4)	DNA strand-pairing protein(PC00016)	DNA binding(GO:0003677);single-stranded DNA binding(GO:0003697);ATP binding(GO:0005524);ATP-dependent activity, acting on DNA(GO:0008094);ATP-dependent DNA damage sensor activity(GO:0140664)	DNA metabolic process(GO:0006259);DNA repair(GO:0006281)		3	72703977	72708752	5.274155e-09	1	0.915647	1	TG(12:0_14:0_18:3)
SORBI_3003G422500	Uncharacterized protein	EXPRESSED PROTEIN (PTHR31115:SF3)					3	72714129	72726876	5.274155e-09	1	0.811883	1	TG(12:0_14:0_18:3)
SORBI_3003G422800	Amino acid permease	AMINO-ACID PERMEASE BAT1 (PTHR45649:SF36)		transmembrane transporter activity(GO:0022857)	transmembrane transport(GO:0055085)	membrane(GO:0016020)	3	72756695	72760077	5.274155e-09	1	0.915349	1	TG(12:0_14:0_18:3)
SORBI_3003G422900	RRM domain-containing protein	OS01G0945800 PROTEIN (PTHR48027:SF15)		nucleic acid binding(GO:0003676);RNA binding(GO:0003723)			3	72761769	72768462	5.274155e-09	1	0.929612	1	TG(12:0_14:0_18:3)
SORBI_3003G426300	glutathione transferase	GLUTATHIONE TRANSFERASE (PTHR11260:SF569)	transferase(PC00220)	glutathione transferase activity(GO:0004364)	glutathione metabolic process(GO:0006749)		3	73024820	73025894	5.274155e-09	1	0.745646	1	TG(12:0_14:0_18:3)
SORBI_3003G426500	glutathione transferase	GLUTATHIONE TRANSFERASE (PTHR11260:SF503)	transferase(PC00220)	glutathione transferase activity(GO:0004364)	glutathione metabolic process(GO:0006749)		3	73030119	73031238	5.274155e-09	1	0.700659	1	TG(12:0_14:0_18:3)
SORBI_3003G426600	Glutathione S-transferase	GLUTATHIONE TRANSFERASE (PTHR11260:SF763)	transferase(PC00220)	glutathione transferase activity(GO:0004364)	glutathione metabolic process(GO:0006749)	cytoplasm(GO:0005737);cytosol(GO:0005829)	3	73031515	73032877	5.274155e-09	1	0.683081	1	TG(12:0_14:0_18:3)
SORBI_3003G427100	Uncharacterized protein	PRE-MRNA 3' END PROCESSING PROTEIN WDR33 (PTHR22836:SF0)	RNA processing factor(PC00147)		mRNA 3'-end processing(GO:0031124)	nucleus(GO:0005634);mRNA cleavage and polyadenylation specificity factor complex(GO:0005847)	3	73053364	73060285	5.274155e-09	1	0.73035	1	TG(12:0_14:0_18:3)
SORBI_3003G427200	Uridine 5'-monophosphate synthase	URIDINE 5'-MONOPHOSPHATE SYNTHASE (PTHR19278:SF9)	transferase(PC00220)	orotate phosphoribosyltransferase activity(GO:0004588);orotidine-5'-phosphate decarboxylase activity(GO:0004590);GTPase activator activity(GO:0005096)	'de novo' pyrimidine nucleobase biosynthetic process(GO:0006207);pyrimidine nucleotide biosynthetic process(GO:0006221);UMP biosynthetic process(GO:0006222);pyrimidine nucleobase biosynthetic process(GO:0019856);'de novo' UMP biosynthetic process(GO:0044205)	cytoplasm(GO:0005737)	3	73062610	73071887	5.274155e-09	1	0.608188	1	TG(12:0_14:0_18:3)
SORBI_3003G427300	Uridine 5'-monophosphate synthase	URIDINE 5'-MONOPHOSPHATE SYNTHASE (PTHR19278:SF40)	transferase(PC00220)	orotate phosphoribosyltransferase activity(GO:0004588);orotidine-5'-phosphate decarboxylase activity(GO:0004590)	'de novo' pyrimidine nucleobase biosynthetic process(GO:0006207);pyrimidine nucleotide biosynthetic process(GO:0006221);UMP biosynthetic process(GO:0006222);pyrimidine nucleobase biosynthetic process(GO:0019856);'de novo' UMP biosynthetic process(GO:0044205)		3	73074274	73078327	5.274155e-09	1	0.521937	1	TG(12:0_14:0_18:3)
SORBI_3003G427550	Uncharacterized protein						3	73089790	73091559	5.274155e-09	1	0.625148	1	TG(12:0_14:0_18:3)
SORBI_3003G427600	HP domain-containing protein	PROTEIN FLIGHTLESS-1 HOMOLOG (PTHR11977:SF51)	non-motor actin binding protein(PC00165)	actin binding(GO:0003779);actin filament binding(GO:0051015)	cytoskeleton organization(GO:0007010);actin filament organization(GO:0007015);actin filament capping(GO:0051693)	cytoskeleton(GO:0005856);actin filament bundle(GO:0032432)	3	73106229	73116438	5.274155e-09	1	0.656953	1	TG(12:0_14:0_18:3)
SORBI_3004G205000	Cytosolic Fe-S cluster assembly factor NBP35	CYTOSOLIC FE-S CLUSTER ASSEMBLY FACTOR NUBP2 (PTHR23264:SF19)		ATP binding(GO:0005524);protein homodimerization activity(GO:0042803);iron-sulfur cluster binding(GO:0051536);4 iron, 4 sulfur cluster binding(GO:0051539);ATP-dependent FeS chaperone activity(GO:0140663)	iron-sulfur cluster assembly(GO:0016226)	cytoplasm(GO:0005737);cytosol(GO:0005829)	4	55640128	55643970	5.311382e-09	1	0.635547	1	TG(16:0_18:1_20:0)
SORBI_3004G205100	Glyceraldehyde-3-phosphate dehydrogenase	GLYCERALDEHYDE-3-PHOSPHATE DEHYDROGENASE GAPC1, CYTOSOLIC-RELATED (PTHR10836:SF112)	dehydrogenase(PC00092)	oxidoreductase activity, acting on the aldehyde or oxo group of donors, NAD or NADP as acceptor(GO:0016620);phosphate ion binding(GO:0042301);NADP binding(GO:0050661);NAD binding(GO:0051287);NAD+ binding(GO:0070403)	glucose metabolic process(GO:0006006)	protein-containing complex(GO:0032991)	4	55645511	55649270	5.311382e-09	1	0.604554	1	TG(16:0_18:1_20:0)
SORBI_3004G205200	Pentacotripeptide-repeat region of PRORP domain-containing protein	OS02G0601600 PROTEIN (PTHR47933:SF8)					4	55651331	55655402	5.311382e-09	1	0.604554	1	TG(16:0_18:1_20:0)
SORBI_3004G205600	Bromo domain-containing protein	TRANSCRIPTION FACTOR GTE11-RELATED (PTHR46136:SF1)	DNA-binding transcription factor(PC00218)			nucleus(GO:0005634)	4	55669358	55674799	5.311382e-09	1	0.471979	1	TG(16:0_18:1_20:0)
SORBI_3004G206050	Uncharacterized protein						4	55691965	55693188	5.311382e-09	1	0.849535	1	TG(16:0_18:1_20:0)
SORBI_3004G206200	Transcription termination factor MTERF5, chloroplastic	TRANSCRIPTION TERMINATION FACTOR MTERF5, CHLOROPLASTIC (PTHR13068:SF9)		nucleic acid binding(GO:0003676)			4	55697535	55700061	5.311382e-09	1	0.899408	1	TG(16:0_18:1_20:0)
SORBI_3004G206300	Uncharacterized protein	PRE-MRNA-SPLICING FACTOR ISY1 HOMOLOG (PTHR13021:SF8)	RNA splicing factor(PC00148)		generation of catalytic spliceosome for second transesterification step(GO:0000350);mRNA 3'-splice site recognition(GO:0000389)	Prp19 complex(GO:0000974);nucleus(GO:0005634);catalytic step 2 spliceosome(GO:0071013);post-mRNA release spliceosomal complex(GO:0071014);post-spliceosomal complex(GO:0071020)	4	55700796	55703612	5.311382e-09	1	0.949555	1	TG(16:0_18:1_20:0)
SORBI_3004G206401	Uncharacterized protein						4	55707020	55707636	5.311382e-09	1	0.949555	1	TG(16:0_18:1_20:0)
SORBI_3004G206500	RRM domain-containing protein	OS02G0602600 PROTEIN (PTHR48024:SF17)		nucleic acid binding(GO:0003676);RNA binding(GO:0003723)			4	55713261	55714906	5.311382e-09	1	0.949555	1	TG(16:0_18:1_20:0)
SORBI_3004G206600	Uncharacterized protein	FLOWERING LOCUS T (PTHR11362:SF88)	protease inhibitor(PC00191)				4	55717138	55719442	5.311382e-09	1	0.747176	1	TG(16:0_18:1_20:0)
SORBI_3004G206700	Uncharacterized protein	GOT1_SFT2-LIKE VESCICLE TRANSPORT PROTEIN FAMILY (PTHR21493:SF246)	lipase(PC00143)		endoplasmic reticulum to Golgi vesicle-mediated transport(GO:0006888);vesicle-mediated transport(GO:0016192);retrograde transport, endosome to Golgi(GO:0042147)	Golgi membrane(GO:0000139);cytoplasm(GO:0005737);cytosol(GO:0005829);endomembrane system(GO:0012505)	4	55725646	55730754	5.311382e-09	1	0.752223	1	TG(16:0_18:1_20:0)
SORBI_3004G206800	Uncharacterized protein						4	55732591	55735369	5.311382e-09	1	0.78812	1	TG(16:0_18:1_20:0)
SORBI_3004G207000	Leucine-rich repeat-containing N-terminal plant-type domain-containing protein	RECEPTOR-LIKE PROTEIN CLAVATA2 (PTHR48004:SF9)				plasma membrane(GO:0005886)	4	55742325	55745372	5.311382e-09	1	0.752223	1	TG(16:0_18:1_20:0)
SORBI_3004G207100	DUF1618 domain-containing protein	EXPRESSED PROTEIN (PTHR33074:SF83)					4	55746101	55753748	5.311382e-09	1	0.768326	1	TG(16:0_18:1_20:0)
SORBI_3004G207200	BHLH domain-containing protein	TRANSCRIPTION FACTOR BHLH128 (PTHR16223:SF325)	basic helix-loop-helix transcription factor(PC00055)	transcription cis-regulatory region binding(GO:0000976);DNA-binding transcription factor activity, RNA polymerase II-specific(GO:0000981);DNA-binding transcription factor activity(GO:0003700);protein dimerization activity(GO:0046983)	regulation of DNA-templated transcription(GO:0006355);regulation of transcription by RNA polymerase II(GO:0006357)	nucleus(GO:0005634)	4	55759003	55765496	5.311382e-09	1	0.886332	1	TG(16:0_18:1_20:0)
SORBI_3004G207500	GDSL esterase_lipase	GDSL ESTERASE_LIPASE (PTHR22835:SF665)		hydrolase activity, acting on ester bonds(GO:0016788)			4	55786334	55788365	5.311382e-09	1	0.660808	1	TG(16:0_18:1_20:0)
SORBI_3004G208000	Isochorismatase-like domain-containing protein	OS02G0606800 PROTEIN (PTHR47297:SF2)		nicotinamidase activity(GO:0008936)	pyridine nucleotide salvage(GO:0019365)		4	55809441	55815524	5.311382e-09	1	0.650638	1	TG(16:0_18:1_20:0)
SORBI_3004G208700	chitinase	ENDOCHITINASE EP3 (PTHR22595:SF193)		chitinase activity(GO:0004568);chitin binding(GO:0008061);endochitinase activity(GO:0008843)	carbohydrate metabolic process(GO:0005975);chitin catabolic process(GO:0006032);cell wall macromolecule catabolic process(GO:0016998)		4	55853269	55854467	5.311382e-09	1	0.472737	1	TG(16:0_18:1_20:0)
SORBI_3003G118400	Mediator-associated protein 2	MEDIATOR-ASSOCIATED PROTEIN 2 (PTHR36407:SF1)	general transcription factor(PC00259)				3	10717231	10721566	5.421058e-09	2	0.661709	1	TG(10:0_10:0_10:0)
SORBI_3001G285800	Uncharacterized protein	TRANSMEMBRANE PROTEIN 199 (PTHR31394:SF1)			vacuolar proton-transporting V-type ATPase complex assembly(GO:0070072)	endoplasmic reticulum membrane(GO:0005789);endomembrane system(GO:0012505)	1	55923193	55931681	5.462001e-09	1	1	1	TG(16:0_18:1_18:1)
SORBI_3001G286500	ARM repeat superfamily protein	TELO2-INTERACTING PROTEIN 1 HOMOLOG (PTHR18460:SF3)				cytoplasm(GO:0005737)	1	56146379	56160037	5.462001e-09	1	0.484699	1	TG(16:0_18:1_18:1)
SORBI_3001G419801	Uncharacterized protein			ATP binding(GO:0005524);ATP hydrolysis activity(GO:0016887)		endoplasmic reticulum lumen(GO:0005788)	1	70045891	70048830	5.466145e-09	1	0.421614	1	trans-EKODE-(E)-Ib
SORBI_3004G202500	Protein kinase domain-containing protein	SERINE_THREONINE-PROTEIN KINASE AFC2 (PTHR45646:SF19)	non-receptor serine/threonine protein kinase(PC00167)	protein kinase activity(GO:0004672);protein serine/threonine kinase activity(GO:0004674);protein serine/threonine/tyrosine kinase activity(GO:0004712);ATP binding(GO:0005524)	regulation of RNA splicing(GO:0043484)	nucleus(GO:0005634)	4	55461614	55464923	5.514038e-09	1	0.409374	1	TG(12:0_14:0_18:3)
SORBI_3004G202600	Rhodanese domain-containing protein	RHODANESE-LIKE DOMAIN-CONTAINING PROTEIN 11, CHLOROPLASTIC (PTHR45187:SF2)					4	55466182	55469532	5.514038e-09	1	1	1	TG(12:0_14:0_18:3)
SORBI_3006G028250	Uncharacterized protein						6	5825281	5826236	5.519607e-09	1	0.453902	1	TG(16:0_18:1_20:2)
SORBI_3007G008500	BHLH domain-containing protein	TRANSCRIPTION FACTOR HEC3 (PTHR45914:SF7)	DNA-binding transcription factor(PC00218)	DNA-binding transcription factor activity(GO:0003700);protein dimerization activity(GO:0046983)	regulation of DNA-templated transcription(GO:0006355)	nucleus(GO:0005634)	7	759321	763460	5.543031e-09	1	1	1	TG(16:0_18:1_18:2)
SORBI_3005G186700	Carboxypeptidase	CARBOXYPEPTIDASE (PTHR11802:SF219)	serine protease(PC00203)	serine-type carboxypeptidase activity(GO:0004185)	proteolysis(GO:0006508)		5	67128070	67130250	5.546107e-09	1	0.933828	1	PA(16:0_18:2)
SORBI_3005G186800	Carboxypeptidase	CARBOXYPEPTIDASE (PTHR11802:SF219)	serine protease(PC00203)	serine-type carboxypeptidase activity(GO:0004185)	proteolysis(GO:0006508)	extracellular region(GO:0005576)	5	67142795	67146249	5.546107e-09	1	0.933828	1	PA(16:0_18:2)
SORBI_3005G187000	Cyclin-dependent kinase inhibitor domain-containing protein	CYCLIN-DEPENDENT KINASE INHIBITOR 3 (PTHR46776:SF28)	kinase inhibitor(PC00139)	cyclin-dependent protein serine/threonine kinase inhibitor activity(GO:0004861)	regulation of cell cycle(GO:0051726)	nucleus(GO:0005634)	5	67191159	67193132	5.546107e-09	1	0.892314	1	PA(16:0_18:2)
SORBI_3005G223600	Uncharacterized protein	OS08G0170100 PROTEIN (PTHR19338:SF75)		ADP binding(GO:0043531)	innate immune response-activating signaling pathway(GO:0002758);defense response(GO:0006952);plant-type hypersensitive response(GO:0009626);defense response to bacterium(GO:0042742)		5	71003943	71008982	5.629281e-09	1	0.403759	1	9,12,13,TriHODE
SORBI_3005G223925	Uncharacterized protein	OS08G0170100 PROTEIN (PTHR19338:SF75)		ADP binding(GO:0043531)	innate immune response-activating signaling pathway(GO:0002758);defense response(GO:0006952);plant-type hypersensitive response(GO:0009626);defense response to bacterium(GO:0042742)		5	71028372	71048580	5.629281e-09	1	0.486302	1	9,12,13,TriHODE
SORBI_3005G225200	DUF1618 domain-containing protein	EXPRESSED PROTEIN (PTHR33074:SF79)					5	71192405	71196002	5.629281e-09	1	0.410885	1	9,12,13,TriHODE
SORBI_3003G165800	Glycosyl transferase family 28 C-terminal domain-containing protein	GLYCOSYLTRANSFERASE (PTHR21015:SF22)	glycosyltransferase(PC00111)	glycosyltransferase activity(GO:0016757);hexosyltransferase activity(GO:0016758);undecaprenyldiphospho-muramoylpentapeptide beta-N-acetylglucosaminyltransferase activity(GO:0050511)	carbohydrate metabolic process(GO:0005975)		3	23661954	23670914	5.811702e-09	3	0.587188	2	TG(10:0_10:0_10:0); TG(18:3_18:3_18:3)
SORBI_3003G166001	Uncharacterized protein						3	23944517	23947435	5.811702e-09	3	0.951351	2	TG(10:0_10:0_10:0); TG(18:3_18:3_18:3)
SORBI_3003G207800	Uncharacterized protein	F-BOX DOMAIN-CONTAINING PROTEIN (PTHR32141:SF114)					3	53907122	53910566	5.963169e-09	2	0.421241	1	TG(18:1_18:2_18:2)
SORBI_3003G207900	Amino acid transporter transmembrane domain-containing protein	OS01G0597600 PROTEIN (PTHR48017:SF113)				membrane(GO:0016020)	3	53916562	53921201	6.01258e-09	1	0.473755	1	TG(18:1_18:2_18:2)
SORBI_3002G107600	FAD-binding PCMH-type domain-containing protein	ALDEHYDE OXIDASE-LIKE PROTEIN-RELATED (PTHR11908:SF89)	oxidoreductase(PC00176)	iron ion binding(GO:0005506);oxidoreductase activity(GO:0016491);metal ion binding(GO:0046872);flavin adenine dinucleotide binding(GO:0050660);FAD binding(GO:0071949)			2	12991466	13014108	6.064416e-09	1	1	1	PC(14:0_18:3)
SORBI_3007G114200	Uncharacterized protein	ALPHA-SOLUBLE NSF ATTACHMENT PROTEIN (PTHR13768:SF8)	membrane traffic protein(PC00150)	soluble NSF attachment protein activity(GO:0005483);syntaxin binding(GO:0019905)	intracellular protein transport(GO:0006886);SNARE complex disassembly(GO:0035494)	membrane(GO:0016020);SNARE complex(GO:0031201)	7	48642759	48655159	6.098675e-09	1	0.79634	1	gibberellic acid
SORBI_3006G000100	Aconitate hydratase	ACONITATE HYDRATASE (PTHR11670:SF55)	RNA metabolism protein(PC00031)	aconitate hydratase activity(GO:0003994);iron-responsive element binding(GO:0030350);4 iron, 4 sulfur cluster binding(GO:0051539)	tricarboxylic acid cycle(GO:0006099);citrate metabolic process(GO:0006101);isocitrate metabolic process(GO:0006102)		6	11287	19213	6.126064e-09	1	0.583433	1	SQDG(16:1_18:3)
SORBI_3006G000200	Uncharacterized protein						6	12229	13388	6.126064e-09	1	0.577998	1	SQDG(16:1_18:3)
SORBI_3006G000400	Uncoupling protein	MITOCHONDRIAL UNCOUPLING PROTEIN 2 (PTHR45618:SF36)	secondary carrier transporter(PC00258)	amino acid transmembrane transporter activity(GO:0015171)	amino acid transmembrane transport(GO:0003333);transmembrane transport(GO:0055085)	cytoplasm(GO:0005737);mitochondrial inner membrane(GO:0005743);membrane(GO:0016020)	6	21389	25929	6.126064e-09	1	0.601456	1	SQDG(16:1_18:3)
SORBI_3006G000600	Protein kinase domain-containing protein	OS01G0960400 PROTEIN (PTHR45974:SF134)	transmembrane signal receptor(PC00197)	nucleotide binding(GO:0000166);protein kinase activity(GO:0004672);protein serine/threonine kinase activity(GO:0004674);ATP binding(GO:0005524)		plasma membrane(GO:0005886);membrane(GO:0016020)	6	34810	44508	6.126064e-09	1	0.585214	1	SQDG(16:1_18:3)
SORBI_3006G000700	Uncharacterized protein						6	46019	49489	6.126064e-09	1	0.600614	1	SQDG(16:1_18:3)
SORBI_3006G001000	Uncharacterized protein	CYTOCHROME P450 93G1 (PTHR24298:SF918)	oxygenase(PC00177)	monooxygenase activity(GO:0004497);iron ion binding(GO:0005506);oxidoreductase activity, acting on paired donors, with incorporation or reduction of molecular oxygen(GO:0016705);heme binding(GO:0020037)		membrane(GO:0016020)	6	106708	108954	6.126064e-09	1	0.469729	1	SQDG(16:1_18:3)
SORBI_3006G001100	ELMO domain-containing protein	ELMO_CED-12 FAMILY PROTEIN (PTHR12771:SF3)	scaffold/adaptor protein(PC00226)	guanyl-nucleotide exchange factor activity(GO:0005085)			6	171908	175539	6.126064e-09	1	0.556347	1	SQDG(16:1_18:3)
SORBI_3006G001200	RING-type domain-containing protein	E3 UBIQUITIN-PROTEIN LIGASE WAV3 (PTHR10579:SF55)	ion channel(PC00133)	metal ion binding(GO:0046872)			6	176989	181543	6.126064e-09	1	0.554555	1	SQDG(16:1_18:3)
SORBI_3007G018601	Uncharacterized protein						7	1772399	1773370	6.519033e-09	1	0.871987	1	TG(16:1_18:1_18:1)
SORBI_3007G018700	Kinesin-like protein	KINESIN HEAVY CHAIN (PTHR24115:SF9)	microtubule binding motor protein(PC00156)	nucleotide binding(GO:0000166);cytoskeletal motor activity(GO:0003774);microtubule motor activity(GO:0003777);ATP binding(GO:0005524);microtubule binding(GO:0008017);plus-end-directed microtubule motor activity(GO:0008574)	microtubule-based movement(GO:0007018);cytoskeleton-dependent intracellular transport(GO:0030705)	kinesin complex(GO:0005871)	7	1776606	1781200	6.519033e-09	1	0.973471	1	TG(16:1_18:1_18:1)
SORBI_3007G019501	EF-hand domain-containing protein	CALCIUM-BINDING PROTEIN CML7-RELATED (PTHR23050:SF214)	calmodulin-related(PC00061)	calcium ion binding(GO:0005509);enzyme regulator activity(GO:0030234)	response to dexamethasone(GO:0071548)		7	1831091	1832144	6.519033e-09	1	0.710786	1	TG(16:1_18:1_18:1)
SORBI_3008G016900	glutamine--fructose-6-phosphate transaminase (isomerizing)	GLUTAMINE--FRUCTOSE-6-PHOSPHATE TRANSAMINASE (ISOMERIZING) (PTHR10937:SF0)	transaminase(PC00216)	L-glutamine:D-fructose-6-phosphate transaminase (isomerizing) activity(GO:0004360);carbohydrate derivative binding(GO:0097367)	UDP-N-acetylglucosamine biosynthetic process(GO:0006048);amino sugar biosynthetic process(GO:0046349);carbohydrate derivative metabolic process(GO:1901135)		8	1387157	1392663	6.556622e-09	1	1	1	TG(16:0_18:1_18:1)
SORBI_3008G017100	PORR domain-containing protein	UBIQUITIN CARBOXYL-TERMINAL HYDROLASE FAMILY PROTEIN (PTHR31476:SF12)		RNA binding(GO:0003723)			8	1406922	1410444	6.556622e-09	1	0.49503	1	TG(16:0_18:1_18:1)
SORBI_3008G019000							8	1549720	1554929	6.556622e-09	1	1	1	TG(16:0_18:1_18:1)
SORBI_3009G050300	Large ribosomal subunit protein uL15_eL18 domain-containing protein	OS05G0155100 PROTEIN (PTHR10934:SF5)	ribosomal protein(PC00202)	structural constituent of ribosome(GO:0003735)	cytoplasmic translation(GO:0002181);translation(GO:0006412)	ribosome(GO:0005840);cytosolic large ribosomal subunit(GO:0022625)	9	5013937	5017093	6.848356e-09	1	0.587329	1	TG(16:0_16:0_20:1)
SORBI_3009G050400	Histidine kinase domain-containing protein	ETHYLENE RESPONSE SENSOR 2-RELATED (PTHR24423:SF639)	histidine kinase receptor of two-component system(PC00265)	phosphorelay sensor kinase activity(GO:0000155);protein histidine kinase activity(GO:0004673);transferase activity, transferring phosphorus-containing groups(GO:0016772);ethylene binding(GO:0051740)	phosphorelay signal transduction system(GO:0000160);signal transduction(GO:0007165);negative regulation of ethylene-activated signaling pathway(GO:0010105)	endoplasmic reticulum(GO:0005783);endoplasmic reticulum membrane(GO:0005789)	9	5018100	5022878	6.848356e-09	1	0.587329	1	TG(16:0_16:0_20:1)
SORBI_3009G050500	Scaffold protein Nfu_NifU N-terminal domain-containing protein	NFU1 IRON-SULFUR CLUSTER SCAFFOLD HOMOLOG, MITOCHONDRIAL (PTHR11178:SF1)		structural molecule activity(GO:0005198);iron ion binding(GO:0005506);iron-sulfur cluster binding(GO:0051536);4 iron, 4 sulfur cluster binding(GO:0051539)	iron-sulfur cluster assembly(GO:0016226);protein maturation(GO:0051604)		9	5026769	5030582	6.848356e-09	1	0.502988	1	TG(16:0_16:0_20:1)
SORBI_3009G050700	Importin subunit alpha	IMPORTIN SUBUNIT ALPHA (PTHR23316:SF71)	transporter(PC00227)	nuclear import signal receptor activity(GO:0061608)	protein import into nucleus(GO:0006606)	cytoplasm(GO:0005737);NLS-dependent protein nuclear import complex(GO:0042564);perinuclear region of cytoplasm(GO:0048471)	9	5036659	5041654	6.848356e-09	1	0.473676	1	TG(16:0_16:0_20:1)
SORBI_3009G051900	Cathepsin propeptide inhibitor domain-containing protein						9	5270161	5272004	6.848356e-09	1	0.589187	1	TG(16:0_16:0_20:1)
SORBI_3009G052000							9	5273681	5281736	6.848356e-09	1	0.576457	1	TG(16:0_16:0_20:1)
SORBI_3005G123900	Protein NO VEIN C-terminal domain-containing protein	PROTEIN NO VEIN C-TERMINAL DOMAIN-CONTAINING PROTEIN (PTHR32387:SF12)					5	54433996	54442838	6.920085e-09	1	0.887549	1	TG(16:0_16:0_20:1)
SORBI_3005G124100	Protein NO VEIN C-terminal domain-containing protein	ATP_DNA BINDING PROTEIN (PTHR32387:SF3)					5	54465120	54476391	6.920085e-09	1	0.894744	1	TG(16:0_16:0_20:1)
SORBI_3005G124200	Protein NO VEIN C-terminal domain-containing protein	ATP_DNA BINDING PROTEIN (PTHR32387:SF3)					5	54484629	54494390	6.920085e-09	1	0.856539	1	TG(16:0_16:0_20:1)
SORBI_3005G124400	Uncharacterized protein						5	54515367	54520740	6.920085e-09	1	0.942302	1	TG(16:0_16:0_20:1)
SORBI_3005G124500	Protein NO VEIN C-terminal domain-containing protein (Fragment)	ATP_DNA BINDING PROTEIN (PTHR32387:SF3)					5	54643996	54652233	6.920085e-09	1	1	1	TG(16:0_16:0_20:1)
SORBI_3005G124850	Uncharacterized protein						5	54673690	54674553	6.920085e-09	1	0.815628	1	TG(16:0_16:0_20:1)
SORBI_3005G125000	Protein NO VEIN C-terminal domain-containing protein	ATP_DNA BINDING PROTEIN (PTHR32387:SF3)					5	54674933	54685612	6.920085e-09	1	0.815628	1	TG(16:0_16:0_20:1)
SORBI_3005G125100	BZIP domain-containing protein	OS11G0160500 PROTEIN (PTHR13690:SF160)	DNA-binding transcription factor(PC00218)	DNA-binding transcription factor activity(GO:0003700)	regulation of DNA-templated transcription(GO:0006355)		5	54720574	54723925	6.920085e-09	1	0.749446	1	TG(16:0_16:0_20:1)
SORBI_3005G125200	DUF1618 domain-containing protein	OS09G0324300 PROTEIN (PTHR33207:SF99)					5	54748347	54751254	6.920085e-09	1	0.776494	1	TG(16:0_16:0_20:1)
SORBI_3005G125300	RIN4 pathogenic type III effector avirulence factor Avr cleavage site domain-containing protein	EXPRESSED PROTEIN (PTHR33699:SF23)					5	54754656	54757377	6.920085e-09	1	0.796279	1	TG(16:0_16:0_20:1)
SORBI_3005G125400	S-type anion channel SLAH3	OS07G0181100 PROTEIN (PTHR31269:SF23)		voltage-gated monoatomic anion channel activity(GO:0008308)	intracellular monoatomic ion homeostasis(GO:0006873);transmembrane transport(GO:0055085);monoatomic anion transmembrane transport(GO:0098656)	plasma membrane(GO:0005886);endomembrane system(GO:0012505);membrane(GO:0016020)	5	54770158	54773326	6.920085e-09	1	0.699004	1	TG(16:0_16:0_20:1)
SORBI_3004G115950	Uncharacterized protein						4	12082846	12086044	7.201919e-09	1	0.471468	1	PC(16:1_16:1)
SORBI_3009G088200	Sugar phosphate transporter domain-containing protein	TRIOSE PHOSPHATE_PHOSPHATE TRANSLOCATOR TPT, CHLOROPLASTIC (PTHR11132:SF269)	secondary carrier transporter(PC00258)	organophosphate ester transmembrane transporter activity(GO:0015605);transmembrane transporter activity(GO:0022857);carboxylic acid transmembrane transporter activity(GO:0046943)	monocarboxylic acid transport(GO:0015718);organophosphate ester transport(GO:0015748);transmembrane transport(GO:0055085);carboxylic acid transmembrane transport(GO:1905039)	membrane(GO:0016020);chloroplast membrane(GO:0031969)	9	15253701	15286153	7.213869e-09	1	0.778802	1	TG(12:0_14:0_18:3)
SORBI_3009G089101	Protein kish	PROTEIN KISH-A-RELATED (PTHR13229:SF2)			protein secretion(GO:0009306)	Golgi membrane(GO:0000139)	9	15420082	15422482	7.213869e-09	1	0.918948	1	TG(12:0_14:0_18:3)
SORBI_3009G089200	NAD(P)-binding domain-containing protein	SALMON SILKS1 (PTHR43000:SF49)	dehydratase(PC00091)	dTDP-glucose 4,6-dehydratase activity(GO:0008460);UDP-L-rhamnose synthase activity(GO:0010280);UDP-glucose 4,6-dehydratase activity(GO:0050377)	nucleotide-sugar metabolic process(GO:0009225);UDP-rhamnose biosynthetic process(GO:0010253)		9	15461161	15467516	7.213869e-09	1	0.925515	1	TG(12:0_14:0_18:3)
SORBI_3009G089366	Uncharacterized protein						9	15507281	15508536	7.213869e-09	1	0.679329	1	TG(12:0_14:0_18:3)
SORBI_3009G089532	Metal-nicotianamine transporter YSL7	METAL-NICOTIANAMINE TRANSPORTER YSL7 (PTHR31645:SF81)	transporter(PC00227)	oligopeptide transmembrane transporter activity(GO:0035673)	oligopeptide transmembrane transport(GO:0035672)	membrane(GO:0016020)	9	15587811	15607498	7.213869e-09	1	0.683646	1	TG(12:0_14:0_18:3)
SORBI_3001G265900	Grass silica mineralizer	OS10G0149400 PROTEIN (PTHR33935:SF22)					1	50296008	50298033	7.228983e-09	1	0.840313	1	TG(16:0_18:1_18:1)
SORBI_3009G140600	AB hydrolase-1 domain-containing protein	ALPHA_BETA-HYDROLASES SUPERFAMILY PROTEIN (PTHR46438:SF7)	hydrolase(PC00121)				9	49794049	49796654	7.46706e-09	1	0.642668	2	PC(14:0_18:2); PC(16:1_16:1)
SORBI_3009G140700	PHD finger protein ALFIN-LIKE	PHD FINGER PROTEIN ALFIN-LIKE 5 (PTHR12321:SF165)	DNA metabolism protein(PC00009)	histone binding(GO:0042393);metal ion binding(GO:0046872)	chromatin organization(GO:0006325);regulation of DNA-templated transcription(GO:0006355)	nucleus(GO:0005634)	9	49800339	49805960	7.46706e-09	1	0.625105	2	PC(14:0_18:2); PC(16:1_16:1)
SORBI_3009G140800	Protein root UVB sensitive 6	PROTEIN ROOT UVB SENSITIVE 6 (PTHR12770:SF20)					9	49807093	49811400	7.46706e-09	1	0.625105	2	PC(14:0_18:2); PC(16:1_16:1)
SORBI_3006G048100	F-box domain-containing protein	OS04G0380300 PROTEIN (PTHR46344:SF11)					6	33942055	33943303	7.467808e-09	1	0.957524	1	TG(16:0_16:0_20:1)
SORBI_3006G048201	Uncharacterized protein						6	33946944	33948581	7.467808e-09	1	0.95122	1	TG(16:0_16:0_20:1)
SORBI_3006G048300	Uncharacterized protein						6	33976071	33978900	7.467808e-09	1	0.951517	1	TG(16:0_16:0_20:1)
SORBI_3006G048400	Uncharacterized protein	OS04G0380200 PROTEIN (PTHR34280:SF7)					6	33980516	33983116	7.467808e-09	1	0.954906	1	TG(16:0_16:0_20:1)
SORBI_3006G048500	Uncharacterized protein						6	33983488	33986586	7.467808e-09	1	0.948082	1	TG(16:0_16:0_20:1)
SORBI_3006G048600	Uncharacterized protein						6	33986587	33988330	7.467808e-09	1	0.957093	1	TG(16:0_16:0_20:1)
SORBI_3010G142900	Oleosin	OS06G0473800 PROTEIN (PTHR33203:SF56)				lipid droplet(GO:0005811);monolayer-surrounded lipid storage body(GO:0012511);membrane(GO:0016020)	10	37888679	37891608	7.572203e-09	1	0.881047	1	Oxo fatty acid (18:3)
SORBI_3010G143100	Secreted protein						10	37980992	37981896	7.572203e-09	1	0.598213	1	Oxo fatty acid (18:3)
SORBI_3002G198700	Uncharacterized protein	PGG DOMAIN-CONTAINING PROTEIN (PTHR35100:SF3)					2	58863058	58865144	7.58479e-09	1	0.525185	1	TG(16:0_16:0_20:1)
SORBI_3002G199100	Peptidyl-prolyl cis-trans isomerase	PEPTIDYL-PROLYL CIS-TRANS ISOMERASE NIMA-INTERACTING 4 (PTHR45995:SF1)		DNA binding(GO:0003677);peptidyl-prolyl cis-trans isomerase activity(GO:0003755);isomerase activity(GO:0016853)	rRNA processing(GO:0006364)	nucleus(GO:0005634)	2	58875360	58879640	7.58479e-09	1	0.569327	1	TG(16:0_16:0_20:1)
SORBI_3002G199200	NAC domain-containing protein	OS08G0433500 PROTEIN (PTHR31744:SF74)		DNA binding(GO:0003677)	regulation of DNA-templated transcription(GO:0006355)		2	58887218	58888855	7.58479e-09	1	0.596641	1	TG(16:0_16:0_20:1)
SORBI_3002G199300	Uncharacterized protein						2	58896672	58897880	7.58479e-09	1	0.802214	1	TG(16:0_16:0_20:1)
SORBI_3002G199400	O-fucosyltransferase family protein	O-FUCOSYLTRANSFERASE 31 (PTHR31933:SF5)	protein modifying enzyme(PC00260)			membrane(GO:0016020)	2	58899143	58902875	7.58479e-09	1	0.651771	1	TG(16:0_16:0_20:1)
SORBI_3002G199650	Uncharacterized protein						2	58946916	58947788	7.58479e-09	1	0.773783	1	TG(16:0_16:0_20:1)
SORBI_3006G036500	Uncharacterized protein						6	12446395	12449252	7.718894e-09	1	0.838764	2	TG(16:0_16:0_18:1); TG(16:0_16:0_20:1)
SORBI_3006G036566	Transposase Tnp1_En_Spm-like domain-containing protein	OS02G0241300 PROTEIN (PTHR33063:SF16)					6	12520943	12523773	7.718894e-09	1	0.778032	2	TG(16:0_16:0_18:1); TG(16:0_16:0_20:1)
SORBI_3006G036632	CCHC-type domain-containing protein	OS11G0296500 PROTEIN (PTHR23002:SF89)	RNA metabolism protein(PC00031)	nucleic acid binding(GO:0003676);single-stranded RNA binding(GO:0003727);mRNA binding(GO:0003729);zinc ion binding(GO:0008270);translation regulator activity(GO:0045182)	positive regulation of cytoplasmic translation(GO:2000767)	cytoplasm(GO:0005737)	6	12709354	12711213	7.718894e-09	1	0.869791	2	TG(16:0_16:0_18:1); TG(16:0_16:0_20:1)
SORBI_3006G036700	Uncharacterized protein						6	12827150	12830764	7.718894e-09	1	0.701863	2	TG(16:0_16:0_18:1); TG(16:0_16:0_20:1)
SORBI_3001G260701	alanine transaminase			transaminase activity(GO:0008483);pyridoxal phosphate binding(GO:0030170)	L-alanine catabolic process(GO:0042853)	cytoplasm(GO:0005737)	1	31879602	31881811	7.811029e-09	1	0.786966	1	TG(16:0_16:0_20:1)
SORBI_3001G260850	Uncharacterized protein						1	31993325	32001419	7.811029e-09	1	0.781547	1	TG(16:0_16:0_20:1)
SORBI_3001G222300	Cyclin-dependent kinase inhibitor	CYCLIN-DEPENDENT KINASE INHIBITOR 3 (PTHR46776:SF3)	kinase inhibitor(PC00139)	cyclin-dependent protein serine/threonine kinase inhibitor activity(GO:0004861)	regulation of cell cycle(GO:0051726)	nucleus(GO:0005634)	1	21176895	21180687	7.838417e-09	1	0.420606	2	TG(16:0_18:1_18:1); TG(18:1_18:2_18:2)
SORBI_3001G223000	Protein kinase domain-containing protein	PROTEIN KINASE DOMAIN-CONTAINING PROTEIN (PTHR24055:SF372)	non-receptor serine/threonine protein kinase(PC00167)	nucleotide binding(GO:0000166);protein kinase activity(GO:0004672);ATP binding(GO:0005524);RNA polymerase II CTD heptapeptide repeat kinase activity(GO:0008353)	regulation of transcription by RNA polymerase II(GO:0006357);intracellular signal transduction(GO:0035556)		1	21322343	21323305	7.838417e-09	1	0.468403	2	TG(16:0_18:1_18:1); TG(18:1_18:2_18:2)
SORBI_3003G265900	Protein kinase domain-containing protein	PROTEIN KINASE DOMAIN-CONTAINING PROTEIN (PTHR27008:SF285)		nucleotide binding(GO:0000166);protein kinase activity(GO:0004672);protein serine/threonine kinase activity(GO:0004674);ATP binding(GO:0005524)		plasma membrane(GO:0005886)	3	60278347	60282935	7.945542e-09	1	0.96792	1	TG(10:0_10:0_10:0)
SORBI_3003G266100	Symplekin C-terminal domain-containing protein	SYMPLEKIN (PTHR15245:SF39)				mRNA cleavage and polyadenylation specificity factor complex(GO:0005847)	3	60293465	60320933	7.945542e-09	1	0.632211	1	TG(10:0_10:0_10:0)
SORBI_3003G266300	Uncharacterized protein						3	60332712	60333520	7.945542e-09	1	1	1	TG(10:0_10:0_10:0)
SORBI_3010G126900	Protein kinase domain-containing protein	OS07G0131500 PROTEIN (PTHR27007:SF4)		nucleotide binding(GO:0000166);protein kinase activity(GO:0004672);protein serine/threonine kinase activity(GO:0004674);ATP binding(GO:0005524);carbohydrate binding(GO:0030246)	negative regulation of response to salt stress(GO:1901001)	plasma membrane(GO:0005886);membrane(GO:0016020)	10	16049286	16051495	7.957483e-09	1	0.435269	1	PC(18:2_0:0)
SORBI_3010G127300	Protein kinase domain-containing protein	LECTIN-LIKE RECEPTOR PROTEIN KINASE FAMILY PROTEIN-RELATED (PTHR27007:SF28)		nucleotide binding(GO:0000166);protein kinase activity(GO:0004672);protein serine/threonine kinase activity(GO:0004674);ATP binding(GO:0005524);carbohydrate binding(GO:0030246)	negative regulation of response to salt stress(GO:1901001)	plasma membrane(GO:0005886);membrane(GO:0016020)	10	16104084	16106388	7.957483e-09	1	0.435269	1	PC(18:2_0:0)
SORBI_3010G127550	CCHC-type domain-containing protein	OS11G0296500 PROTEIN (PTHR23002:SF89)	RNA metabolism protein(PC00031)	nucleic acid binding(GO:0003676);single-stranded RNA binding(GO:0003727);mRNA binding(GO:0003729);zinc ion binding(GO:0008270);translation regulator activity(GO:0045182)	positive regulation of cytoplasmic translation(GO:2000767)	cytoplasm(GO:0005737)	10	16111016	16112848	7.957483e-09	1	0.435269	1	PC(18:2_0:0)
SORBI_3010G127600	Peptidase A1 domain-containing protein	PEPTIDASE A1 DOMAIN-CONTAINING PROTEIN (PTHR13683:SF808)	aspartic protease(PC00053)	aspartic-type endopeptidase activity(GO:0004190)	proteolysis(GO:0006508)		10	16167470	16173771	7.957483e-09	1	0.426843	1	PC(18:2_0:0)
SORBI_3001G295500	Uncharacterized protein	DYNAMIN (PTHR36051:SF2)					1	57388606	57393094	7.958699e-09	1	0.625726	1	TG(16:0_16:0_20:1)
SORBI_3001G295600	Uncharacterized protein	TRANSCRIPTION FACTOR MYBS2 (PTHR44191:SF70)	homeodomain transcription factor(PC00119)	DNA binding(GO:0003677);DNA-binding transcription factor activity(GO:0003700)	regulation of DNA-templated transcription(GO:0006355);response to gibberellin(GO:0009739);response to sucrose(GO:0009744)	nucleus(GO:0005634)	1	57393095	57396375	7.958699e-09	1	1	1	TG(16:0_16:0_20:1)
SORBI_3001G295700	Fungal lipase-like domain-containing protein	PHOSPHOLIPASE A1-IBETA2, CHLOROPLASTIC (PTHR31403:SF2)	phospholipase(PC00186)	glycerophospholipase activity(GO:0004620)	lipid metabolic process(GO:0006629)	chloroplast(GO:0009507)	1	57443075	57444976	7.958699e-09	1	0.599508	1	TG(16:0_16:0_20:1)
SORBI_3001G296000	GTD-binding domain-containing protein	PROTEIN BRANCHLESS TRICHOME (PTHR31071:SF39)					1	57489680	57491164	7.958699e-09	1	0.402036	1	TG(16:0_16:0_20:1)
