trait,condition,layer,SNP,chr,ps,p_wald,gene,r2
TG(16:0_18:1_20:0),CTL,individual,9:21077105,9,21077105,4.854902e-15,SORBI_3009G092100,1
TG(16:0_18:1_20:0),CTL,individual,9:21077112,9,21077112,4.854902e-15,SORBI_3009G092100,1
TG(16:0_18:1_20:0),CTL,individual,5:24255190,5,24255190,1.141618e-13,SORBI_3005G110120,0.830873
TG(16:0_18:1_20:0),CTL,individual,5:24255190,5,24255190,1.141618e-13,SORBI_3005G110160,0.830873
TG(16:0_18:1_20:0),CTL,individual,5:24255190,5,24255190,1.141618e-13,SORBI_3005G110160,0.823992
TG(16:0_18:1_20:0),CTL,individual,5:24255190,5,24255190,1.141618e-13,SORBI_3005G110120,0.817378
TG(16:0_18:1_20:0),CTL,individual,5:24255190,5,24255190,1.141618e-13,SORBI_3005G110160,0.817165
TG(16:0_18:1_20:0),CTL,individual,5:24255190,5,24255190,1.141618e-13,SORBI_3005G110160,0.810848
TG(16:0_18:1_20:0),CTL,individual,5:24255190,5,24255190,1.141618e-13,SORBI_3005G110160,0.807504
TG(16:0_18:1_20:0),CTL,individual,5:24255190,5,24255190,1.141618e-13,SORBI_3005G110160,0.807138
TG(16:0_18:1_20:0),CTL,individual,5:24255190,5,24255190,1.141618e-13,SORBI_3005G110160,0.790144
TG(16:0_18:1_20:0),CTL,individual,5:24255190,5,24255190,1.141618e-13,SORBI_3005G110120,0.789411
TG(16:0_18:1_20:0),CTL,individual,5:24255190,5,24255190,1.141618e-13,SORBI_3005G110120,0.784328
TG(16:0_18:1_20:0),CTL,individual,5:24255190,5,24255190,1.141618e-13,SORBI_3005G110120,0.7571
TG(16:0_18:1_20:0),CTL,individual,5:24255190,5,24255190,1.141618e-13,SORBI_3005G110120,0.692387
TG(16:0_18:1_20:0),CTL,individual,6:35125029,6,35125029,3.126946e-13,SORBI_3006G048775,0.926925
TG(16:0_18:1_20:0),CTL,individual,6:35125029,6,35125029,3.126946e-13,SORBI_3006G048775,0.909395
TG(16:0_18:1_20:0),CTL,individual,6:35125029,6,35125029,3.126946e-13,SORBI_3006G048775,0.892404
TG(16:0_18:1_20:0),CTL,individual,6:35125029,6,35125029,3.126946e-13,SORBI_3006G048775,0.884874
TG(16:0_18:1_20:0),CTL,individual,6:35125029,6,35125029,3.126946e-13,SORBI_3006G048775,0.858428
TG(16:0_18:1_20:0),CTL,individual,5:11830284,5,11830284,9.942219e-13,SORBI_3005G086650,0.645278
TG(16:0_18:1_20:0),CTL,individual,6:36376888,6,36376888,1.120619e-12,SORBI_3006G049666,0.932151
TG(16:0_18:1_20:0),CTL,individual,6:36770981,6,36770981,1.340152e-12,SORBI_3006G050050,0.932892
TG(16:0_18:1_20:0),CTL,individual,6:36770981,6,36770981,1.340152e-12,SORBI_3006G050050,0.929987
TG(16:0_18:1_20:0),CTL,individual,6:36770981,6,36770981,1.340152e-12,SORBI_3006G049900,0.924783
TG(16:0_18:1_20:0),CTL,individual,6:36770981,6,36770981,1.340152e-12,SORBI_3006G049700,0.920518
TG(16:0_18:1_20:0),CTL,individual,6:36770981,6,36770981,1.340152e-12,SORBI_3006G049700,0.903774
TG(16:0_18:1_20:0),CTL,individual,6:36770981,6,36770981,1.340152e-12,SORBI_3006G050050,0.822524
TG(16:0_18:1_20:0),CTL,individual,2:37881173,2,37881173,1.723783e-12,SORBI_3002G148100,0.949842
TG(16:0_18:1_20:0),CTL,individual,2:37881173,2,37881173,1.723783e-12,SORBI_3002G148100,0.949616
TG(16:0_18:1_20:0),CTL,individual,2:37881173,2,37881173,1.723783e-12,SORBI_3002G148100,0.939486
TG(16:0_18:1_20:0),CTL,individual,2:37881173,2,37881173,1.723783e-12,SORBI_3002G148232,0.939475
TG(16:0_18:1_20:0),CTL,individual,2:37881173,2,37881173,1.723783e-12,SORBI_3002G148100,0.929591
TG(16:0_18:1_20:0),CTL,individual,2:37881173,2,37881173,1.723783e-12,SORBI_3002G148166,0.929591
TG(16:0_18:1_20:0),CTL,individual,2:37881173,2,37881173,1.723783e-12,SORBI_3002G148100,0.92116
TG(16:0_18:1_20:0),CTL,individual,2:37881173,2,37881173,1.723783e-12,SORBI_3002G148100,0.90023
TG(16:0_18:1_20:0),CTL,individual,2:37881173,2,37881173,1.723783e-12,SORBI_3002G148100,0.677787
TG(16:0_18:1_20:0),CTL,individual,2:37881173,2,37881173,1.723783e-12,SORBI_3002G148100,0.664431
TG(16:0_18:1_20:0),CTL,individual,2:37881173,2,37881173,1.723783e-12,SORBI_3002G148100,0.657338
TG(16:0_18:1_20:0),CTL,individual,2:37881173,2,37881173,1.723783e-12,SORBI_3002G148100,0.643931
TG(16:0_18:1_20:0),CTL,individual,2:37881173,2,37881173,1.723783e-12,SORBI_3002G148100,0.619607
TG(16:0_18:1_20:0),CTL,individual,2:37881173,2,37881173,1.723783e-12,SORBI_3002G148100,0.619509
TG(16:0_18:1_20:0),CTL,individual,2:37881173,2,37881173,1.723783e-12,SORBI_3002G148100,0.615138
TG(16:0_18:1_20:0),CTL,individual,2:37881173,2,37881173,1.723783e-12,SORBI_3002G148100,0.606169
TG(16:0_18:1_20:0),CTL,individual,8:55831934,8,55831934,2.469612e-12,SORBI_3008G131900,0.937677
TG(16:0_18:1_20:0),CTL,individual,8:55831934,8,55831934,2.469612e-12,SORBI_3008G131900,0.926516
TG(16:0_18:1_20:0),CTL,individual,8:55831934,8,55831934,2.469612e-12,SORBI_3008G132000,0.878997
TG(16:0_18:1_20:0),CTL,individual,8:55831934,8,55831934,2.469612e-12,SORBI_3008G131800,0.877199
TG(16:0_18:1_20:0),CTL,individual,8:55831934,8,55831934,2.469612e-12,SORBI_3008G131601,0.847077
TG(16:0_18:1_20:0),CTL,individual,8:55831934,8,55831934,2.469612e-12,SORBI_3008G131601,0.821618
TG(16:0_18:1_20:0),CTL,individual,8:55831934,8,55831934,2.469612e-12,SORBI_3008G131651,0.821618
TG(16:0_18:1_20:0),CTL,individual,8:55831934,8,55831934,2.469612e-12,SORBI_3008G131700,0.821108
TG(16:0_18:1_20:0),CTL,individual,8:55831934,8,55831934,2.469612e-12,SORBI_3008G131500,0.804644
TG(16:0_18:1_20:0),CTL,individual,8:55831934,8,55831934,2.469612e-12,SORBI_3008G131550,0.804348
TG(16:0_18:1_20:0),CTL,individual,8:55831934,8,55831934,2.469612e-12,SORBI_3008G131601,0.793679
TG(16:0_18:1_20:0),CTL,individual,8:55831934,8,55831934,2.469612e-12,SORBI_3008G131550,0.793476
TG(16:0_18:1_20:0),CTL,individual,8:55831934,8,55831934,2.469612e-12,SORBI_3008G131601,0.783025
TG(16:0_18:1_20:0),CTL,individual,8:55831934,8,55831934,2.469612e-12,SORBI_3008G131900,0.775945
TG(16:0_18:1_20:0),CTL,individual,8:55831934,8,55831934,2.469612e-12,SORBI_3008G131900,0.76022
TG(16:0_18:1_20:0),CTL,individual,8:55831934,8,55831934,2.469612e-12,SORBI_3008G131500,0.756487
TG(16:0_18:1_20:0),CTL,individual,8:55831934,8,55831934,2.469612e-12,SORBI_3008G131601,0.754089
TG(16:0_18:1_20:0),CTL,individual,8:55831934,8,55831934,2.469612e-12,SORBI_3008G131500,0.753272
TG(16:0_18:1_20:0),CTL,individual,8:55831934,8,55831934,2.469612e-12,SORBI_3008G131500,0.748691
TG(16:0_18:1_20:0),CTL,individual,8:55831934,8,55831934,2.469612e-12,SORBI_3008G131601,0.744267
TG(16:0_18:1_20:0),CTL,individual,8:55831934,8,55831934,2.469612e-12,SORBI_3008G131500,0.739359
TG(16:0_18:1_20:0),CTL,individual,8:55831934,8,55831934,2.469612e-12,SORBI_3008G131500,0.733928
TG(16:0_18:1_20:0),CTL,individual,8:55831934,8,55831934,2.469612e-12,SORBI_3008G131601,0.733272
TG(16:0_18:1_20:0),CTL,individual,8:55831934,8,55831934,2.469612e-12,SORBI_3008G131500,0.728575
TG(16:0_18:1_20:0),CTL,individual,8:55831934,8,55831934,2.469612e-12,SORBI_3008G132250,0.717423
TG(16:0_18:1_20:0),CTL,individual,8:55831934,8,55831934,2.469612e-12,SORBI_3008G132250,0.714439
TG(16:0_18:1_20:0),CTL,individual,8:55831934,8,55831934,2.469612e-12,SORBI_3008G131500,0.713027
TG(16:0_18:1_20:0),CTL,individual,8:55831934,8,55831934,2.469612e-12,SORBI_3008G132800,0.71237
TG(16:0_18:1_20:0),CTL,individual,8:55831934,8,55831934,2.469612e-12,SORBI_3008G131500,0.704272
TG(16:0_18:1_20:0),CTL,individual,8:55831934,8,55831934,2.469612e-12,SORBI_3008G131651,0.692232
TG(16:0_18:1_20:0),CTL,individual,8:55831934,8,55831934,2.469612e-12,SORBI_3008G132700,0.691366
TG(16:0_18:1_20:0),CTL,individual,8:55831934,8,55831934,2.469612e-12,SORBI_3008G132700,0.687978
TG(16:0_18:1_20:0),CTL,individual,8:55831934,8,55831934,2.469612e-12,SORBI_3008G131500,0.687433
TG(16:0_18:1_20:0),CTL,individual,8:55831934,8,55831934,2.469612e-12,SORBI_3008G131700,0.686545
TG(16:0_18:1_20:0),CTL,individual,8:55831934,8,55831934,2.469612e-12,SORBI_3008G132600,0.684139
TG(16:0_18:1_20:0),CTL,individual,8:55831934,8,55831934,2.469612e-12,SORBI_3008G132000,0.680841
TG(16:0_18:1_20:0),CTL,individual,8:55831934,8,55831934,2.469612e-12,SORBI_3008G131601,0.679939
TG(16:0_18:1_20:0),CTL,individual,8:55831934,8,55831934,2.469612e-12,SORBI_3008G132500,0.677656
TG(16:0_18:1_20:0),CTL,individual,8:55831934,8,55831934,2.469612e-12,SORBI_3008G132900,0.675856
TG(16:0_18:1_20:0),CTL,individual,8:55831934,8,55831934,2.469612e-12,SORBI_3008G132400,0.671209
TG(16:0_18:1_20:0),CTL,individual,8:55831934,8,55831934,2.469612e-12,SORBI_3008G132900,0.670676
TG(16:0_18:1_20:0),CTL,individual,8:55831934,8,55831934,2.469612e-12,SORBI_3008G132300,0.650477
TG(16:0_18:1_20:0),CTL,individual,8:55831934,8,55831934,2.469612e-12,SORBI_3008G132300,0.649357
TG(16:0_18:1_20:0),CTL,individual,8:55831934,8,55831934,2.469612e-12,SORBI_3008G131500,0.648216
TG(16:0_18:1_20:0),CTL,individual,8:55831934,8,55831934,2.469612e-12,SORBI_3008G132200,0.647052
TG(16:0_18:1_20:0),CTL,individual,8:55831934,8,55831934,2.469612e-12,SORBI_3008G131601,0.647051
TG(16:0_18:1_20:0),CTL,individual,8:55831934,8,55831934,2.469612e-12,SORBI_3008G131651,0.647051
TG(16:0_18:1_20:0),CTL,individual,8:55831934,8,55831934,2.469612e-12,SORBI_3008G132550,0.643748
TG(16:0_18:1_20:0),CTL,individual,8:55831934,8,55831934,2.469612e-12,SORBI_3008G132200,0.637008
TG(16:0_18:1_20:0),CTL,individual,8:55831934,8,55831934,2.469612e-12,SORBI_3008G131601,0.633086
TG(16:0_18:1_20:0),CTL,individual,8:55831934,8,55831934,2.469612e-12,SORBI_3008G131500,0.625913
TG(16:0_18:1_20:0),CTL,individual,8:55831934,8,55831934,2.469612e-12,SORBI_3008G132200,0.623986
TG(16:0_18:1_20:0),CTL,individual,8:55831934,8,55831934,2.469612e-12,SORBI_3008G132200,0.616693
TG(16:0_18:1_20:0),CTL,individual,8:55831934,8,55831934,2.469612e-12,SORBI_3008G131550,0.611768
TG(16:0_18:1_20:0),CTL,individual,8:55831934,8,55831934,2.469612e-12,SORBI_3008G131500,0.604489
TG(16:0_18:1_20:0),CTL,individual,6:31274933,6,31274933,3.60051e-12,SORBI_3006G044532,0.934958
TG(16:0_18:1_20:0),CTL,individual,6:31274933,6,31274933,3.60051e-12,SORBI_3006G044466,0.9243
TG(16:0_18:1_20:0),CTL,individual,6:31274933,6,31274933,3.60051e-12,SORBI_3006G044466,0.920895
TG(16:0_18:1_20:0),CTL,individual,6:31274933,6,31274933,3.60051e-12,SORBI_3006G044600,0.920895
TG(16:0_18:1_20:0),CTL,individual,6:31274933,6,31274933,3.60051e-12,SORBI_3006G044466,0.917569
TG(16:0_18:1_20:0),CTL,individual,6:31274933,6,31274933,3.60051e-12,SORBI_3006G044466,0.910293
TG(16:0_18:1_20:0),CTL,individual,6:31274933,6,31274933,3.60051e-12,SORBI_3006G044466,0.903673
TG(16:0_18:1_20:0),CTL,individual,6:31274933,6,31274933,3.60051e-12,SORBI_3006G044466,0.903639
TG(16:0_18:1_20:0),CTL,individual,6:31274933,6,31274933,3.60051e-12,SORBI_3006G044466,0.901696
TG(16:0_18:1_20:0),CTL,individual,6:31274933,6,31274933,3.60051e-12,SORBI_3006G044466,0.900033
TG(16:0_18:1_20:0),CTL,individual,6:31274933,6,31274933,3.60051e-12,SORBI_3006G044600,0.900033
TG(16:0_18:1_20:0),CTL,individual,6:31274933,6,31274933,3.60051e-12,SORBI_3006G044466,0.899997
TG(16:0_18:1_20:0),CTL,individual,6:31274933,6,31274933,3.60051e-12,SORBI_3006G044600,0.898625
TG(16:0_18:1_20:0),CTL,individual,6:31274933,6,31274933,3.60051e-12,SORBI_3006G044466,0.898589
TG(16:0_18:1_20:0),CTL,individual,6:31274933,6,31274933,3.60051e-12,SORBI_3006G044600,0.896464
TG(16:0_18:1_20:0),CTL,individual,6:31274933,6,31274933,3.60051e-12,SORBI_3006G044466,0.896427
TG(16:0_18:1_20:0),CTL,individual,6:31274933,6,31274933,3.60051e-12,SORBI_3006G044466,0.894923
TG(16:0_18:1_20:0),CTL,individual,6:31274933,6,31274933,3.60051e-12,SORBI_3006G044466,0.892968
TG(16:0_18:1_20:0),CTL,individual,6:31274933,6,31274933,3.60051e-12,SORBI_3006G044466,0.891251
TG(16:0_18:1_20:0),CTL,individual,6:31274933,6,31274933,3.60051e-12,SORBI_3006G044466,0.888654
TG(16:0_18:1_20:0),CTL,individual,6:31274933,6,31274933,3.60051e-12,SORBI_3006G044466,0.881213
TG(16:0_18:1_20:0),CTL,individual,6:31274933,6,31274933,3.60051e-12,SORBI_3006G044600,0.872456
TG(16:0_18:1_20:0),CTL,individual,6:31274933,6,31274933,3.60051e-12,SORBI_3006G044532,0.8595
TG(16:0_18:1_20:0),CTL,individual,6:31274933,6,31274933,3.60051e-12,SORBI_3006G044532,0.82925
TG(16:0_18:1_20:0),CTL,individual,6:31274933,6,31274933,3.60051e-12,SORBI_3006G044532,0.824326
TG(16:0_18:1_20:0),CTL,individual,6:31274933,6,31274933,3.60051e-12,SORBI_3006G044466,0.811234
TG(16:0_18:1_20:0),CTL,individual,6:31274933,6,31274933,3.60051e-12,SORBI_3006G044466,0.809781
TG(16:0_18:1_20:0),CTL,individual,6:31274933,6,31274933,3.60051e-12,SORBI_3006G044532,0.806951
TG(16:0_18:1_20:0),CTL,individual,6:31274933,6,31274933,3.60051e-12,SORBI_3006G044532,0.764477
TG(16:0_18:1_20:0),CTL,individual,10:32594255,10,32594255,5.737362e-12,SORBI_3010G140800,0.85142
TG(16:0_18:1_20:0),CTL,individual,10:32594255,10,32594255,5.737362e-12,SORBI_3010G140800,0.844552
TG(16:0_18:1_20:0),CTL,individual,10:32594255,10,32594255,5.737362e-12,SORBI_3010G140800,0.789685
TG(16:0_18:1_20:0),CTL,individual,10:32594255,10,32594255,5.737362e-12,SORBI_3010G140800,0.785184
TG(16:0_18:1_20:0),CTL,individual,10:32594255,10,32594255,5.737362e-12,SORBI_3010G140800,0.753693
TG(16:0_18:1_20:0),CTL,individual,5:61715312,5,61715312,1.036789e-11,SORBI_3005G149000,0.746094
TG(16:0_18:1_20:0),CTL,individual,5:61715312,5,61715312,1.036789e-11,SORBI_3005G149000,0.661668
TG(16:0_18:1_20:0),CTL,individual,5:61715312,5,61715312,1.036789e-11,SORBI_3005G149000,0.634367
TG(16:0_18:1_20:0),CTL,individual,7:42553822,7,42553822,1.832203e-11,SORBI_3007G112200,0.605851
TG(16:0_18:1_20:0),CTL,individual,7:42553822,7,42553822,1.832203e-11,SORBI_3007G111901,0.603213
TG(16:0_18:1_20:0),CTL,individual,7:42553822,7,42553822,1.832203e-11,SORBI_3007G111800,0.600748
TG(16:0_18:1_20:0),CTL,individual,7:42553822,7,42553822,1.832203e-11,SORBI_3007G112100,0.600748
TG(16:0_18:1_20:0),CTL,individual,7:42553822,7,42553822,1.832203e-11,SORBI_3007G112200,0.600748
TG(16:0_18:1_20:0),CTL,individual,8:49914919,8,49914919,1.847925e-11,SORBI_3008G105600,0.810788
TG(16:0_18:1_20:0),CTL,individual,8:49914919,8,49914919,1.847925e-11,SORBI_3008G105600,0.79093
TG(16:0_18:1_20:0),CTL,individual,8:49914919,8,49914919,1.847925e-11,SORBI_3008G105600,0.784422
TG(16:0_18:1_20:0),CTL,individual,8:49914919,8,49914919,1.847925e-11,SORBI_3008G105800,0.781862
TG(16:0_18:1_20:0),CTL,individual,8:49914919,8,49914919,1.847925e-11,SORBI_3008G105600,0.764196
TG(16:0_18:1_20:0),CTL,individual,8:49914919,8,49914919,1.847925e-11,SORBI_3008G105850,0.75762
TG(16:0_18:1_20:0),CTL,individual,8:49914919,8,49914919,1.847925e-11,SORBI_3008G105900,0.75762
TG(16:0_18:1_20:0),CTL,individual,8:49914919,8,49914919,1.847925e-11,SORBI_3008G105900,0.752829
TG(16:0_18:1_20:0),CTL,individual,8:49914919,8,49914919,1.847925e-11,SORBI_3008G105800,0.721551
TG(16:0_18:1_20:0),CTL,individual,8:49914919,8,49914919,1.847925e-11,SORBI_3008G105850,0.705692
TG(16:0_18:1_20:0),CTL,individual,8:49914919,8,49914919,1.847925e-11,SORBI_3008G105900,0.705692
TG(16:0_18:1_20:0),CTL,individual,8:49914919,8,49914919,1.847925e-11,SORBI_3008G105500,0.623886
TG(16:0_18:1_20:0),CTL,individual,6:29676171,6,29676171,2.175546e-11,SORBI_3006G042425,0.898324
TG(16:0_18:1_20:0),CTL,individual,6:29676171,6,29676171,2.175546e-11,SORBI_3006G042425,0.890885
TG(16:0_18:1_20:0),CTL,individual,6:29676171,6,29676171,2.175546e-11,SORBI_3006G042500,0.890885
TG(16:0_18:1_20:0),CTL,individual,6:29676171,6,29676171,2.175546e-11,SORBI_3006G042800,0.890885
TG(16:0_18:1_20:0),CTL,individual,6:29676171,6,29676171,2.175546e-11,SORBI_3006G042900,0.890885
TG(16:0_18:1_20:0),CTL,individual,6:29676171,6,29676171,2.175546e-11,SORBI_3006G042425,0.883352
TG(16:0_18:1_20:0),CTL,individual,6:29676171,6,29676171,2.175546e-11,SORBI_3006G042425,0.875612
TG(16:0_18:1_20:0),CTL,individual,6:29676171,6,29676171,2.175546e-11,SORBI_3006G042500,0.875612
TG(16:0_18:1_20:0),CTL,individual,6:29676171,6,29676171,2.175546e-11,SORBI_3006G042425,0.860472
TG(16:0_18:1_20:0),CTL,individual,6:29676171,6,29676171,2.175546e-11,SORBI_3006G042425,0.840799
TG(16:0_18:1_20:0),CTL,individual,6:29676171,6,29676171,2.175546e-11,SORBI_3006G042425,0.833053
TG(16:0_18:1_20:0),CTL,individual,6:29676171,6,29676171,2.175546e-11,SORBI_3006G042425,0.825517
TG(16:0_18:1_20:0),CTL,individual,6:29676171,6,29676171,2.175546e-11,SORBI_3006G042425,0.785831
TG(16:0_18:1_20:0),CTL,individual,6:29676171,6,29676171,2.175546e-11,SORBI_3006G043300,0.785801
TG(16:0_18:1_20:0),CTL,individual,6:29676171,6,29676171,2.175546e-11,SORBI_3006G043400,0.785801
TG(16:0_18:1_20:0),CTL,individual,6:29676171,6,29676171,2.175546e-11,SORBI_3006G042425,0.770852
TG(16:0_18:1_20:0),CTL,individual,2:3988143,2,3988143,2.3532e-11,SORBI_3002G041400,1
TG(16:0_18:1_20:0),CTL,individual,2:3988143,2,3988143,2.3532e-11,SORBI_3002G041400,1
TG(16:0_18:1_20:0),CTL,individual,2:3988145,2,3988145,2.3532e-11,SORBI_3002G041400,1
TG(16:0_18:1_20:0),CTL,individual,2:3988145,2,3988145,2.3532e-11,SORBI_3002G041400,1
TG(16:0_18:1_20:0),CTL,individual,2:3988146,2,3988146,2.3532e-11,SORBI_3002G041400,1
TG(16:0_18:1_20:0),CTL,individual,2:3988146,2,3988146,2.3532e-11,SORBI_3002G041400,1
TG(16:0_18:1_20:0),CTL,individual,2:3988143,2,3988143,2.3532e-11,SORBI_3002G041400,0.883233
TG(16:0_18:1_20:0),CTL,individual,2:3988145,2,3988145,2.3532e-11,SORBI_3002G041400,0.883233
TG(16:0_18:1_20:0),CTL,individual,2:3988146,2,3988146,2.3532e-11,SORBI_3002G041400,0.883233
TG(16:0_18:1_20:0),CTL,individual,2:3988143,2,3988143,2.3532e-11,SORBI_3002G041533,0.863715
TG(16:0_18:1_20:0),CTL,individual,2:3988145,2,3988145,2.3532e-11,SORBI_3002G041533,0.863715
TG(16:0_18:1_20:0),CTL,individual,2:3988146,2,3988146,2.3532e-11,SORBI_3002G041533,0.863715
TG(16:0_18:1_20:0),CTL,individual,2:3988143,2,3988143,2.3532e-11,SORBI_3002G041533,0.856553
TG(16:0_18:1_20:0),CTL,individual,2:3988145,2,3988145,2.3532e-11,SORBI_3002G041533,0.856553
TG(16:0_18:1_20:0),CTL,individual,2:3988146,2,3988146,2.3532e-11,SORBI_3002G041533,0.856553
TG(16:0_18:1_20:0),CTL,individual,2:3988143,2,3988143,2.3532e-11,SORBI_3002G041366,0.848746
TG(16:0_18:1_20:0),CTL,individual,2:3988145,2,3988145,2.3532e-11,SORBI_3002G041366,0.848746
TG(16:0_18:1_20:0),CTL,individual,2:3988146,2,3988146,2.3532e-11,SORBI_3002G041366,0.848746
TG(16:0_18:1_20:0),CTL,individual,2:3988143,2,3988143,2.3532e-11,SORBI_3002G041366,0.847675
TG(16:0_18:1_20:0),CTL,individual,2:3988143,2,3988143,2.3532e-11,SORBI_3002G041400,0.847675
TG(16:0_18:1_20:0),CTL,individual,2:3988145,2,3988145,2.3532e-11,SORBI_3002G041366,0.847675
TG(16:0_18:1_20:0),CTL,individual,2:3988145,2,3988145,2.3532e-11,SORBI_3002G041400,0.847675
TG(16:0_18:1_20:0),CTL,individual,2:3988146,2,3988146,2.3532e-11,SORBI_3002G041366,0.847675
TG(16:0_18:1_20:0),CTL,individual,2:3988146,2,3988146,2.3532e-11,SORBI_3002G041400,0.847675
TG(16:0_18:1_20:0),CTL,individual,2:3988143,2,3988143,2.3532e-11,SORBI_3002G041666,0.80514
TG(16:0_18:1_20:0),CTL,individual,2:3988145,2,3988145,2.3532e-11,SORBI_3002G041666,0.80514
TG(16:0_18:1_20:0),CTL,individual,2:3988146,2,3988146,2.3532e-11,SORBI_3002G041666,0.80514
TG(16:0_18:1_20:0),CTL,individual,2:3988143,2,3988143,2.3532e-11,SORBI_3002G041200,0.781881
TG(16:0_18:1_20:0),CTL,individual,2:3988145,2,3988145,2.3532e-11,SORBI_3002G041200,0.781881
TG(16:0_18:1_20:0),CTL,individual,2:3988146,2,3988146,2.3532e-11,SORBI_3002G041200,0.781881
TG(16:0_18:1_20:0),CTL,individual,2:3988143,2,3988143,2.3532e-11,SORBI_3002G041800,0.756649
TG(16:0_18:1_20:0),CTL,individual,2:3988145,2,3988145,2.3532e-11,SORBI_3002G041800,0.756649
TG(16:0_18:1_20:0),CTL,individual,2:3988146,2,3988146,2.3532e-11,SORBI_3002G041800,0.756649
TG(16:0_18:1_20:0),CTL,individual,2:3988143,2,3988143,2.3532e-11,SORBI_3002G041800,0.756248
TG(16:0_18:1_20:0),CTL,individual,2:3988143,2,3988143,2.3532e-11,SORBI_3002G041900,0.756248
TG(16:0_18:1_20:0),CTL,individual,2:3988145,2,3988145,2.3532e-11,SORBI_3002G041800,0.756248
TG(16:0_18:1_20:0),CTL,individual,2:3988145,2,3988145,2.3532e-11,SORBI_3002G041900,0.756248
TG(16:0_18:1_20:0),CTL,individual,2:3988146,2,3988146,2.3532e-11,SORBI_3002G041800,0.756248
TG(16:0_18:1_20:0),CTL,individual,2:3988146,2,3988146,2.3532e-11,SORBI_3002G041900,0.756248
TG(16:0_18:1_20:0),CTL,individual,2:3988143,2,3988143,2.3532e-11,SORBI_3002G041200,0.754504
TG(16:0_18:1_20:0),CTL,individual,2:3988145,2,3988145,2.3532e-11,SORBI_3002G041200,0.754504
TG(16:0_18:1_20:0),CTL,individual,2:3988146,2,3988146,2.3532e-11,SORBI_3002G041200,0.754504
TG(16:0_18:1_20:0),CTL,individual,2:3988143,2,3988143,2.3532e-11,SORBI_3002G041900,0.748866
TG(16:0_18:1_20:0),CTL,individual,2:3988145,2,3988145,2.3532e-11,SORBI_3002G041900,0.748866
TG(16:0_18:1_20:0),CTL,individual,2:3988146,2,3988146,2.3532e-11,SORBI_3002G041900,0.748866
TG(16:0_18:1_20:0),CTL,individual,2:3988143,2,3988143,2.3532e-11,SORBI_3002G041366,0.743799
TG(16:0_18:1_20:0),CTL,individual,2:3988145,2,3988145,2.3532e-11,SORBI_3002G041366,0.743799
TG(16:0_18:1_20:0),CTL,individual,2:3988146,2,3988146,2.3532e-11,SORBI_3002G041366,0.743799
TG(16:0_18:1_20:0),CTL,individual,2:3988143,2,3988143,2.3532e-11,SORBI_3002G041200,0.73147
TG(16:0_18:1_20:0),CTL,individual,2:3988145,2,3988145,2.3532e-11,SORBI_3002G041200,0.73147
TG(16:0_18:1_20:0),CTL,individual,2:3988146,2,3988146,2.3532e-11,SORBI_3002G041200,0.73147
TG(16:0_18:1_20:0),CTL,individual,2:3988143,2,3988143,2.3532e-11,SORBI_3002G041200,0.721262
TG(16:0_18:1_20:0),CTL,individual,2:3988145,2,3988145,2.3532e-11,SORBI_3002G041200,0.721262
TG(16:0_18:1_20:0),CTL,individual,2:3988146,2,3988146,2.3532e-11,SORBI_3002G041200,0.721262
TG(16:0_18:1_20:0),CTL,individual,2:3988143,2,3988143,2.3532e-11,SORBI_3002G041150,0.716999
TG(16:0_18:1_20:0),CTL,individual,2:3988145,2,3988145,2.3532e-11,SORBI_3002G041150,0.716999
TG(16:0_18:1_20:0),CTL,individual,2:3988146,2,3988146,2.3532e-11,SORBI_3002G041150,0.716999
TG(16:0_18:1_20:0),CTL,individual,2:3988143,2,3988143,2.3532e-11,SORBI_3002G041150,0.715403
TG(16:0_18:1_20:0),CTL,individual,2:3988145,2,3988145,2.3532e-11,SORBI_3002G041150,0.715403
TG(16:0_18:1_20:0),CTL,individual,2:3988146,2,3988146,2.3532e-11,SORBI_3002G041150,0.715403
TG(16:0_18:1_20:0),CTL,individual,2:3988143,2,3988143,2.3532e-11,SORBI_3002G041100,0.709664
TG(16:0_18:1_20:0),CTL,individual,2:3988145,2,3988145,2.3532e-11,SORBI_3002G041100,0.709664
TG(16:0_18:1_20:0),CTL,individual,2:3988146,2,3988146,2.3532e-11,SORBI_3002G041100,0.709664
TG(16:0_18:1_20:0),CTL,individual,2:3988143,2,3988143,2.3532e-11,SORBI_3002G041150,0.709612
TG(16:0_18:1_20:0),CTL,individual,2:3988145,2,3988145,2.3532e-11,SORBI_3002G041150,0.709612
TG(16:0_18:1_20:0),CTL,individual,2:3988146,2,3988146,2.3532e-11,SORBI_3002G041150,0.709612
TG(16:0_18:1_20:0),CTL,individual,2:3988143,2,3988143,2.3532e-11,SORBI_3002G041100,0.706346
TG(16:0_18:1_20:0),CTL,individual,2:3988145,2,3988145,2.3532e-11,SORBI_3002G041100,0.706346
TG(16:0_18:1_20:0),CTL,individual,2:3988146,2,3988146,2.3532e-11,SORBI_3002G041100,0.706346
TG(16:0_18:1_20:0),CTL,individual,2:3988143,2,3988143,2.3532e-11,SORBI_3002G041666,0.698123
TG(16:0_18:1_20:0),CTL,individual,2:3988145,2,3988145,2.3532e-11,SORBI_3002G041666,0.698123
TG(16:0_18:1_20:0),CTL,individual,2:3988146,2,3988146,2.3532e-11,SORBI_3002G041666,0.698123
TG(16:0_18:1_20:0),CTL,individual,2:3988143,2,3988143,2.3532e-11,SORBI_3002G041150,0.659975
TG(16:0_18:1_20:0),CTL,individual,2:3988145,2,3988145,2.3532e-11,SORBI_3002G041150,0.659975
TG(16:0_18:1_20:0),CTL,individual,2:3988146,2,3988146,2.3532e-11,SORBI_3002G041150,0.659975
TG(16:0_18:1_20:0),CTL,individual,2:3988143,2,3988143,2.3532e-11,SORBI_3002G041150,0.622905
TG(16:0_18:1_20:0),CTL,individual,2:3988145,2,3988145,2.3532e-11,SORBI_3002G041150,0.622905
TG(16:0_18:1_20:0),CTL,individual,2:3988146,2,3988146,2.3532e-11,SORBI_3002G041150,0.622905
TG(16:0_18:1_20:0),CTL,individual,2:3988143,2,3988143,2.3532e-11,SORBI_3002G043100,0.622041
TG(16:0_18:1_20:0),CTL,individual,2:3988145,2,3988145,2.3532e-11,SORBI_3002G043100,0.622041
TG(16:0_18:1_20:0),CTL,individual,2:3988146,2,3988146,2.3532e-11,SORBI_3002G043100,0.622041
TG(16:0_18:1_20:0),CTL,individual,2:3988143,2,3988143,2.3532e-11,SORBI_3002G042500,0.621638
TG(16:0_18:1_20:0),CTL,individual,2:3988143,2,3988143,2.3532e-11,SORBI_3002G042600,0.621638
TG(16:0_18:1_20:0),CTL,individual,2:3988145,2,3988145,2.3532e-11,SORBI_3002G042500,0.621638
TG(16:0_18:1_20:0),CTL,individual,2:3988145,2,3988145,2.3532e-11,SORBI_3002G042600,0.621638
TG(16:0_18:1_20:0),CTL,individual,2:3988146,2,3988146,2.3532e-11,SORBI_3002G042500,0.621638
TG(16:0_18:1_20:0),CTL,individual,2:3988146,2,3988146,2.3532e-11,SORBI_3002G042600,0.621638
TG(16:0_18:1_20:0),CTL,individual,2:3988143,2,3988143,2.3532e-11,SORBI_3002G042500,0.619378
TG(16:0_18:1_20:0),CTL,individual,2:3988143,2,3988143,2.3532e-11,SORBI_3002G042600,0.619378
TG(16:0_18:1_20:0),CTL,individual,2:3988145,2,3988145,2.3532e-11,SORBI_3002G042500,0.619378
TG(16:0_18:1_20:0),CTL,individual,2:3988145,2,3988145,2.3532e-11,SORBI_3002G042600,0.619378
TG(16:0_18:1_20:0),CTL,individual,2:3988146,2,3988146,2.3532e-11,SORBI_3002G042500,0.619378
TG(16:0_18:1_20:0),CTL,individual,2:3988146,2,3988146,2.3532e-11,SORBI_3002G042600,0.619378
TG(16:0_18:1_20:0),CTL,individual,2:3988143,2,3988143,2.3532e-11,SORBI_3002G042600,0.614716
TG(16:0_18:1_20:0),CTL,individual,2:3988143,2,3988143,2.3532e-11,SORBI_3002G042800,0.614716
TG(16:0_18:1_20:0),CTL,individual,2:3988143,2,3988143,2.3532e-11,SORBI_3002G043000,0.614716
TG(16:0_18:1_20:0),CTL,individual,2:3988145,2,3988145,2.3532e-11,SORBI_3002G042600,0.614716
TG(16:0_18:1_20:0),CTL,individual,2:3988145,2,3988145,2.3532e-11,SORBI_3002G042800,0.614716
TG(16:0_18:1_20:0),CTL,individual,2:3988145,2,3988145,2.3532e-11,SORBI_3002G043000,0.614716
TG(16:0_18:1_20:0),CTL,individual,2:3988146,2,3988146,2.3532e-11,SORBI_3002G042600,0.614716
TG(16:0_18:1_20:0),CTL,individual,2:3988146,2,3988146,2.3532e-11,SORBI_3002G042800,0.614716
TG(16:0_18:1_20:0),CTL,individual,2:3988146,2,3988146,2.3532e-11,SORBI_3002G043000,0.614716
TG(16:0_18:1_20:0),CTL,individual,2:3988143,2,3988143,2.3532e-11,SORBI_3002G041666,0.604525
TG(16:0_18:1_20:0),CTL,individual,2:3988145,2,3988145,2.3532e-11,SORBI_3002G041666,0.604525
TG(16:0_18:1_20:0),CTL,individual,2:3988146,2,3988146,2.3532e-11,SORBI_3002G041666,0.604525
TG(16:0_18:1_20:0),CTL,individual,6:36116767,6,36116767,3.792568e-11,SORBI_3006G049600,0.979802
TG(16:0_18:1_20:0),CTL,individual,6:36116767,6,36116767,3.792568e-11,SORBI_3006G049600,0.976956
TG(16:0_18:1_20:0),CTL,individual,6:36116767,6,36116767,3.792568e-11,SORBI_3006G049600,0.976729
TG(16:0_18:1_20:0),CTL,individual,6:36116767,6,36116767,3.792568e-11,SORBI_3006G049600,0.976535
TG(16:0_18:1_20:0),CTL,individual,6:36116767,6,36116767,3.792568e-11,SORBI_3006G049600,0.974127
TG(16:0_18:1_20:0),CTL,individual,6:36116767,6,36116767,3.792568e-11,SORBI_3006G049600,0.97399
TG(16:0_18:1_20:0),CTL,individual,6:36116767,6,36116767,3.792568e-11,SORBI_3006G049600,0.973867
TG(16:0_18:1_20:0),CTL,individual,6:36116767,6,36116767,3.792568e-11,SORBI_3006G049600,0.973671
TG(16:0_18:1_20:0),CTL,individual,6:36116767,6,36116767,3.792568e-11,SORBI_3006G049600,0.971022
TG(16:0_18:1_20:0),CTL,individual,6:36116767,6,36116767,3.792568e-11,SORBI_3006G049600,0.970539
TG(16:0_18:1_20:0),CTL,individual,6:36116767,6,36116767,3.792568e-11,SORBI_3006G049600,0.970454
TG(16:0_18:1_20:0),CTL,individual,6:36116767,6,36116767,3.792568e-11,SORBI_3006G049600,0.967932
TG(16:0_18:1_20:0),CTL,individual,6:36116767,6,36116767,3.792568e-11,SORBI_3006G049600,0.966457
TG(16:0_18:1_20:0),CTL,individual,6:36116767,6,36116767,3.792568e-11,SORBI_3006G049600,0.966166
TG(16:0_18:1_20:0),CTL,individual,6:36116767,6,36116767,3.792568e-11,SORBI_3006G049600,0.964694
TG(16:0_18:1_20:0),CTL,individual,6:36116767,6,36116767,3.792568e-11,SORBI_3006G049600,0.9645
TG(16:0_18:1_20:0),CTL,individual,6:36116767,6,36116767,3.792568e-11,SORBI_3006G049600,0.963173
TG(16:0_18:1_20:0),CTL,individual,6:36116767,6,36116767,3.792568e-11,SORBI_3006G049600,0.962952
TG(16:0_18:1_20:0),CTL,individual,6:36116767,6,36116767,3.792568e-11,SORBI_3006G049600,0.962703
TG(16:0_18:1_20:0),CTL,individual,6:36116767,6,36116767,3.792568e-11,SORBI_3006G049600,0.9618
TG(16:0_18:1_20:0),CTL,individual,6:36116767,6,36116767,3.792568e-11,SORBI_3006G049600,0.961605
TG(16:0_18:1_20:0),CTL,individual,6:36116767,6,36116767,3.792568e-11,SORBI_3006G049633,0.961605
TG(16:0_18:1_20:0),CTL,individual,6:36116767,6,36116767,3.792568e-11,SORBI_3006G049600,0.960392
TG(16:0_18:1_20:0),CTL,individual,6:36116767,6,36116767,3.792568e-11,SORBI_3006G049600,0.960097
TG(16:0_18:1_20:0),CTL,individual,6:36116767,6,36116767,3.792568e-11,SORBI_3006G049600,0.959469
TG(16:0_18:1_20:0),CTL,individual,6:36116767,6,36116767,3.792568e-11,SORBI_3006G049600,0.95874
TG(16:0_18:1_20:0),CTL,individual,6:36116767,6,36116767,3.792568e-11,SORBI_3006G049600,0.955952
TG(16:0_18:1_20:0),CTL,individual,6:36116767,6,36116767,3.792568e-11,SORBI_3006G049600,0.946522
TG(16:0_18:1_20:0),CTL,individual,6:36116767,6,36116767,3.792568e-11,SORBI_3006G049600,0.946405
TG(16:0_18:1_20:0),CTL,individual,6:36116767,6,36116767,3.792568e-11,SORBI_3006G049600,0.942087
TG(16:0_18:1_20:0),CTL,individual,6:36116767,6,36116767,3.792568e-11,SORBI_3006G049600,0.92478
TG(16:0_18:1_20:0),CTL,individual,6:36116767,6,36116767,3.792568e-11,SORBI_3006G049666,0.923045
TG(16:0_18:1_20:0),CTL,individual,6:36116767,6,36116767,3.792568e-11,SORBI_3006G049600,0.921411
TG(16:0_18:1_20:0),CTL,individual,6:36116767,6,36116767,3.792568e-11,SORBI_3006G049666,0.853628
TG(16:0_18:1_20:0),CTL,individual,6:36116767,6,36116767,3.792568e-11,SORBI_3006G049600,0.800838
TG(16:0_18:1_20:0),CTL,individual,7:42424197,7,42424197,6.401741e-11,SORBI_3007G111800,0.62904
TG(16:0_18:1_20:0),CTL,individual,7:42424197,7,42424197,6.401741e-11,SORBI_3007G111800,0.627467
TG(16:0_18:1_20:0),CTL,individual,7:42424197,7,42424197,6.401741e-11,SORBI_3007G111901,0.626476
TG(16:0_18:1_20:0),CTL,individual,7:42424197,7,42424197,6.401741e-11,SORBI_3007G111800,0.622965
TG(16:0_18:1_20:0),CTL,individual,7:42424197,7,42424197,6.401741e-11,SORBI_3007G111901,0.622965
TG(16:0_18:1_20:0),CTL,individual,7:42424197,7,42424197,6.401741e-11,SORBI_3007G112000,0.622186
TG(16:0_18:1_20:0),CTL,individual,7:42424197,7,42424197,6.401741e-11,SORBI_3007G111800,0.617615
TG(16:0_18:1_20:0),CTL,individual,7:42424197,7,42424197,6.401741e-11,SORBI_3007G111901,0.616016
TG(16:0_18:1_20:0),CTL,individual,7:42424197,7,42424197,6.401741e-11,SORBI_3007G111901,0.613108
TG(16:0_18:1_20:0),CTL,individual,7:42424197,7,42424197,6.401741e-11,SORBI_3007G111901,0.609882
TG(16:0_18:1_20:0),CTL,individual,7:42424197,7,42424197,6.401741e-11,SORBI_3007G111901,0.609469
TG(16:0_18:1_20:0),CTL,individual,7:42424197,7,42424197,6.401741e-11,SORBI_3007G112000,0.608399
TG(16:0_18:1_20:0),CTL,individual,7:42424197,7,42424197,6.401741e-11,SORBI_3007G111901,0.604304
TG(16:0_18:1_20:0),CTL,individual,7:42424197,7,42424197,6.401741e-11,SORBI_3007G111901,0.601553
TG(16:0_18:1_20:0),CTL,individual,6:31285694,6,31285694,6.870792e-11,SORBI_3006G044466,0.963755
TG(16:0_18:1_20:0),CTL,individual,6:31285694,6,31285694,6.870792e-11,SORBI_3006G044466,0.958723
TG(16:0_18:1_20:0),CTL,individual,6:31285694,6,31285694,6.870792e-11,SORBI_3006G044600,0.958723
TG(16:0_18:1_20:0),CTL,individual,6:31285694,6,31285694,6.870792e-11,SORBI_3006G044600,0.95843
TG(16:0_18:1_20:0),CTL,individual,6:31285694,6,31285694,6.870792e-11,SORBI_3006G044600,0.953754
TG(16:0_18:1_20:0),CTL,individual,6:31285694,6,31285694,6.870792e-11,SORBI_3006G044600,0.948305
TG(16:0_18:1_20:0),CTL,individual,6:31285694,6,31285694,6.870792e-11,SORBI_3006G044600,0.937945
TG(16:0_18:1_20:0),CTL,individual,6:31285694,6,31285694,6.870792e-11,SORBI_3006G044532,0.919967
TG(16:0_18:1_20:0),CTL,individual,6:31285694,6,31285694,6.870792e-11,SORBI_3006G044532,0.917081
TG(16:0_18:1_20:0),CTL,individual,6:31285694,6,31285694,6.870792e-11,SORBI_3006G044532,0.891478
TG(16:0_18:1_20:0),CTL,individual,6:31285694,6,31285694,6.870792e-11,SORBI_3006G044532,0.848495
TG(16:0_18:1_20:0),CTL,individual,6:31285694,6,31285694,6.870792e-11,SORBI_3006G044532,0.839082
TG(16:0_18:1_20:0),CTL,individual,6:31285694,6,31285694,6.870792e-11,SORBI_3006G044532,0.811328
TG(16:0_18:1_20:0),CTL,individual,6:35707938,6,35707938,6.910002e-11,SORBI_3006G049600,0.948716
TG(16:0_18:1_20:0),CTL,individual,6:35707938,6,35707938,6.910002e-11,SORBI_3006G049600,0.945046
TG(16:0_18:1_20:0),CTL,individual,6:35707938,6,35707938,6.910002e-11,SORBI_3006G049600,0.942088
TG(16:0_18:1_20:0),CTL,individual,6:35707938,6,35707938,6.910002e-11,SORBI_3006G049600,0.941779
TG(16:0_18:1_20:0),CTL,individual,6:35707938,6,35707938,6.910002e-11,SORBI_3006G049600,0.938633
TG(16:0_18:1_20:0),CTL,individual,6:35707938,6,35707938,6.910002e-11,SORBI_3006G049600,0.938594
TG(16:0_18:1_20:0),CTL,individual,6:35707938,6,35707938,6.910002e-11,SORBI_3006G049600,0.938534
TG(16:0_18:1_20:0),CTL,individual,6:35707938,6,35707938,6.910002e-11,SORBI_3006G049600,0.929353
TG(16:0_18:1_20:0),CTL,individual,6:35707938,6,35707938,6.910002e-11,SORBI_3006G049600,0.929082
TG(16:0_18:1_20:0),CTL,individual,6:35707938,6,35707938,6.910002e-11,SORBI_3006G049600,0.92601
TG(16:0_18:1_20:0),CTL,individual,6:35707938,6,35707938,6.910002e-11,SORBI_3006G049600,0.916018
TG(16:0_18:1_20:0),CTL,individual,6:35707938,6,35707938,6.910002e-11,SORBI_3006G049600,0.699832
TG(16:0_18:1_20:0),CTL,individual,6:35707938,6,35707938,6.910002e-11,SORBI_3006G049600,0.697114
TG(16:0_18:1_20:0),CTL,individual,6:35707938,6,35707938,6.910002e-11,SORBI_3006G049600,0.695279
TG(16:0_18:1_20:0),CTL,individual,6:35707938,6,35707938,6.910002e-11,SORBI_3006G049000,0.695048
TG(16:0_18:1_20:0),CTL,individual,6:35707938,6,35707938,6.910002e-11,SORBI_3006G049100,0.695048
TG(16:0_18:1_20:0),CTL,individual,6:35707938,6,35707938,6.910002e-11,SORBI_3006G049600,0.695048
TG(16:0_18:1_20:0),CTL,individual,6:35707938,6,35707938,6.910002e-11,SORBI_3006G049600,0.693022
TG(16:0_18:1_20:0),CTL,individual,6:35707938,6,35707938,6.910002e-11,SORBI_3006G049100,0.691013
TG(16:0_18:1_20:0),CTL,individual,6:35707938,6,35707938,6.910002e-11,SORBI_3006G049200,0.691013
TG(16:0_18:1_20:0),CTL,individual,6:35707938,6,35707938,6.910002e-11,SORBI_3006G049600,0.691013
TG(16:0_18:1_20:0),CTL,individual,6:35707938,6,35707938,6.910002e-11,SORBI_3006G049600,0.691008
TG(16:0_18:1_20:0),CTL,individual,6:35707938,6,35707938,6.910002e-11,SORBI_3006G049100,0.689364
TG(16:0_18:1_20:0),CTL,individual,6:35707938,6,35707938,6.910002e-11,SORBI_3006G049100,0.688978
TG(16:0_18:1_20:0),CTL,individual,6:35707938,6,35707938,6.910002e-11,SORBI_3006G049200,0.688978
TG(16:0_18:1_20:0),CTL,individual,6:35707938,6,35707938,6.910002e-11,SORBI_3006G049600,0.688978
TG(16:0_18:1_20:0),CTL,individual,6:35707938,6,35707938,6.910002e-11,SORBI_3006G049600,0.687308
TG(16:0_18:1_20:0),CTL,individual,6:35707938,6,35707938,6.910002e-11,SORBI_3006G049100,0.687116
TG(16:0_18:1_20:0),CTL,individual,6:35707938,6,35707938,6.910002e-11,SORBI_3006G049600,0.687012
TG(16:0_18:1_20:0),CTL,individual,6:35707938,6,35707938,6.910002e-11,SORBI_3006G049100,0.686988
TG(16:0_18:1_20:0),CTL,individual,6:35707938,6,35707938,6.910002e-11,SORBI_3006G049200,0.686988
TG(16:0_18:1_20:0),CTL,individual,6:35707938,6,35707938,6.910002e-11,SORBI_3006G049600,0.686988
TG(16:0_18:1_20:0),CTL,individual,6:35707938,6,35707938,6.910002e-11,SORBI_3006G049300,0.686954
TG(16:0_18:1_20:0),CTL,individual,6:35707938,6,35707938,6.910002e-11,SORBI_3006G049600,0.686954
TG(16:0_18:1_20:0),CTL,individual,6:35707938,6,35707938,6.910002e-11,SORBI_3006G049100,0.686685
TG(16:0_18:1_20:0),CTL,individual,6:35707938,6,35707938,6.910002e-11,SORBI_3006G049600,0.684949
TG(16:0_18:1_20:0),CTL,individual,6:35707938,6,35707938,6.910002e-11,SORBI_3006G049600,0.684667
TG(16:0_18:1_20:0),CTL,individual,6:35707938,6,35707938,6.910002e-11,SORBI_3006G049100,0.683256
TG(16:0_18:1_20:0),CTL,individual,6:35707938,6,35707938,6.910002e-11,SORBI_3006G049200,0.682973
TG(16:0_18:1_20:0),CTL,individual,6:35707938,6,35707938,6.910002e-11,SORBI_3006G049600,0.68291
TG(16:0_18:1_20:0),CTL,individual,6:35707938,6,35707938,6.910002e-11,SORBI_3006G049600,0.681101
TG(16:0_18:1_20:0),CTL,individual,6:35707938,6,35707938,6.910002e-11,SORBI_3006G049633,0.681101
TG(16:0_18:1_20:0),CTL,individual,6:35707938,6,35707938,6.910002e-11,SORBI_3006G049450,0.679057
TG(16:0_18:1_20:0),CTL,individual,6:35707938,6,35707938,6.910002e-11,SORBI_3006G049300,0.678968
TG(16:0_18:1_20:0),CTL,individual,6:35707938,6,35707938,6.910002e-11,SORBI_3006G049600,0.677223
TG(16:0_18:1_20:0),CTL,individual,6:35707938,6,35707938,6.910002e-11,SORBI_3006G049600,0.676905
TG(16:0_18:1_20:0),CTL,individual,6:35707938,6,35707938,6.910002e-11,SORBI_3006G049100,0.676549
TG(16:0_18:1_20:0),CTL,individual,6:35707938,6,35707938,6.910002e-11,SORBI_3006G049600,0.674785
TG(16:0_18:1_20:0),CTL,individual,6:35707938,6,35707938,6.910002e-11,SORBI_3006G049100,0.624092
TG(16:0_18:1_20:0),CTL,individual,6:35707938,6,35707938,6.910002e-11,SORBI_3006G049600,0.603771
TG(16:0_18:1_20:0),CTL,individual,6:19328998,6,19328998,7.747322e-11,SORBI_3006G039800,0.975349
TG(16:0_18:1_20:0),CTL,individual,6:19328998,6,19328998,7.747322e-11,SORBI_3006G039800,0.972689
TG(16:0_18:1_20:0),CTL,individual,6:19328998,6,19328998,7.747322e-11,SORBI_3006G039900,0.972689
TG(16:0_18:1_20:0),CTL,individual,6:19328998,6,19328998,7.747322e-11,SORBI_3006G039800,0.970047
TG(16:0_18:1_20:0),CTL,individual,6:19328998,6,19328998,7.747322e-11,SORBI_3006G039800,0.969757
TG(16:0_18:1_20:0),CTL,individual,6:19328998,6,19328998,7.747322e-11,SORBI_3006G039800,0.968827
TG(16:0_18:1_20:0),CTL,individual,6:19328998,6,19328998,7.747322e-11,SORBI_3006G039800,0.967423
TG(16:0_18:1_20:0),CTL,individual,6:19328998,6,19328998,7.747322e-11,SORBI_3006G040000,0.967423
TG(16:0_18:1_20:0),CTL,individual,6:19328998,6,19328998,7.747322e-11,SORBI_3006G039800,0.967098
TG(16:0_18:1_20:0),CTL,individual,6:19328998,6,19328998,7.747322e-11,SORBI_3006G039800,0.966841
TG(16:0_18:1_20:0),CTL,individual,6:19328998,6,19328998,7.747322e-11,SORBI_3006G039900,0.966841
TG(16:0_18:1_20:0),CTL,individual,6:19328998,6,19328998,7.747322e-11,SORBI_3006G039800,0.964456
TG(16:0_18:1_20:0),CTL,individual,6:19328998,6,19328998,7.747322e-11,SORBI_3006G039800,0.963848
TG(16:0_18:1_20:0),CTL,individual,6:19328998,6,19328998,7.747322e-11,SORBI_3006G040000,0.963848
TG(16:0_18:1_20:0),CTL,individual,6:19328998,6,19328998,7.747322e-11,SORBI_3006G039800,0.961141
TG(16:0_18:1_20:0),CTL,individual,6:19328998,6,19328998,7.747322e-11,SORBI_3006G039800,0.959655
TG(16:0_18:1_20:0),CTL,individual,6:19328998,6,19328998,7.747322e-11,SORBI_3006G039800,0.958451
TG(16:0_18:1_20:0),CTL,individual,6:19328998,6,19328998,7.747322e-11,SORBI_3006G039900,0.958451
TG(16:0_18:1_20:0),CTL,individual,6:19328998,6,19328998,7.747322e-11,SORBI_3006G039800,0.955385
TG(16:0_18:1_20:0),CTL,individual,6:19328998,6,19328998,7.747322e-11,SORBI_3006G039800,0.950186
TG(16:0_18:1_20:0),CTL,individual,6:19328998,6,19328998,7.747322e-11,SORBI_3006G039800,0.947075
TG(16:0_18:1_20:0),CTL,individual,6:19328998,6,19328998,7.747322e-11,SORBI_3006G039800,0.945258
TG(16:0_18:1_20:0),CTL,individual,6:19328998,6,19328998,7.747322e-11,SORBI_3006G039800,0.945134
TG(16:0_18:1_20:0),CTL,individual,6:19328998,6,19328998,7.747322e-11,SORBI_3006G039800,0.944881
TG(16:0_18:1_20:0),CTL,individual,6:19328998,6,19328998,7.747322e-11,SORBI_3006G039800,0.937553
TG(16:0_18:1_20:0),CTL,individual,6:19328998,6,19328998,7.747322e-11,SORBI_3006G039800,0.930421
TG(16:0_18:1_20:0),CTL,individual,6:19328998,6,19328998,7.747322e-11,SORBI_3006G040000,0.930421
TG(16:0_18:1_20:0),CTL,individual,6:19328998,6,19328998,7.747322e-11,SORBI_3006G039800,0.927683
TG(16:0_18:1_20:0),CTL,individual,6:19328998,6,19328998,7.747322e-11,SORBI_3006G039800,0.927584
TG(16:0_18:1_20:0),CTL,individual,6:19328998,6,19328998,7.747322e-11,SORBI_3006G039900,0.927584
TG(16:0_18:1_20:0),CTL,individual,6:19328998,6,19328998,7.747322e-11,SORBI_3006G039800,0.927028
TG(16:0_18:1_20:0),CTL,individual,6:19328998,6,19328998,7.747322e-11,SORBI_3006G039800,0.92483
TG(16:0_18:1_20:0),CTL,individual,6:19328998,6,19328998,7.747322e-11,SORBI_3006G039800,0.924762
TG(16:0_18:1_20:0),CTL,individual,6:19328998,6,19328998,7.747322e-11,SORBI_3006G040000,0.924762
TG(16:0_18:1_20:0),CTL,individual,6:19328998,6,19328998,7.747322e-11,SORBI_3006G040101,0.923377
TG(16:0_18:1_20:0),CTL,individual,6:19328998,6,19328998,7.747322e-11,SORBI_3006G039800,0.921955
TG(16:0_18:1_20:0),CTL,individual,6:19328998,6,19328998,7.747322e-11,SORBI_3006G039800,0.919474
TG(16:0_18:1_20:0),CTL,individual,6:19328998,6,19328998,7.747322e-11,SORBI_3006G039800,0.91917
TG(16:0_18:1_20:0),CTL,individual,6:19328998,6,19328998,7.747322e-11,SORBI_3006G039800,0.919164
TG(16:0_18:1_20:0),CTL,individual,6:19328998,6,19328998,7.747322e-11,SORBI_3006G040101,0.914486
TG(16:0_18:1_20:0),CTL,individual,6:19328998,6,19328998,7.747322e-11,SORBI_3006G039800,0.913628
TG(16:0_18:1_20:0),CTL,individual,6:19328998,6,19328998,7.747322e-11,SORBI_3006G039800,0.913572
TG(16:0_18:1_20:0),CTL,individual,6:19328998,6,19328998,7.747322e-11,SORBI_3006G039800,0.911157
TG(16:0_18:1_20:0),CTL,individual,6:19328998,6,19328998,7.747322e-11,SORBI_3006G039800,0.908205
TG(16:0_18:1_20:0),CTL,individual,6:19328998,6,19328998,7.747322e-11,SORBI_3006G040101,0.903352
TG(16:0_18:1_20:0),CTL,individual,6:19328998,6,19328998,7.747322e-11,SORBI_3006G039800,0.902563
TG(16:0_18:1_20:0),CTL,individual,6:19328998,6,19328998,7.747322e-11,SORBI_3006G040101,0.901808
TG(16:0_18:1_20:0),CTL,individual,6:19328998,6,19328998,7.747322e-11,SORBI_3006G039800,0.894227
TG(16:0_18:1_20:0),CTL,individual,6:19328998,6,19328998,7.747322e-11,SORBI_3006G039800,0.893023
TG(16:0_18:1_20:0),CTL,individual,6:19328998,6,19328998,7.747322e-11,SORBI_3006G039800,0.885917
TG(16:0_18:1_20:0),CTL,individual,6:19328998,6,19328998,7.747322e-11,SORBI_3006G039800,0.885062
TG(16:0_18:1_20:0),CTL,individual,6:19328998,6,19328998,7.747322e-11,SORBI_3006G039800,0.878298
TG(16:0_18:1_20:0),CTL,individual,6:19328998,6,19328998,7.747322e-11,SORBI_3006G039800,0.874727
TG(16:0_18:1_20:0),CTL,individual,6:19328998,6,19328998,7.747322e-11,SORBI_3006G039800,0.861294
TG(16:0_18:1_20:0),CTL,individual,6:19328998,6,19328998,7.747322e-11,SORBI_3006G039800,0.858805
TG(16:0_18:1_20:0),CTL,individual,6:19328998,6,19328998,7.747322e-11,SORBI_3006G039800,0.852374
TG(16:0_18:1_20:0),CTL,individual,6:19328998,6,19328998,7.747322e-11,SORBI_3006G039800,0.829169
TG(16:0_18:1_20:0),CTL,individual,6:19328998,6,19328998,7.747322e-11,SORBI_3006G040101,0.817305
TG(16:0_18:1_20:0),CTL,individual,6:19328998,6,19328998,7.747322e-11,SORBI_3006G040101,0.807597
TG(16:0_18:1_20:0),CTL,individual,6:19328998,6,19328998,7.747322e-11,SORBI_3006G040101,0.8035
TG(16:0_18:1_20:0),CTL,individual,6:19328998,6,19328998,7.747322e-11,SORBI_3006G040101,0.786301
TG(16:0_18:1_20:0),CTL,individual,6:19328998,6,19328998,7.747322e-11,SORBI_3006G039800,0.758269
TG(16:0_18:1_20:0),CTL,individual,6:19328998,6,19328998,7.747322e-11,SORBI_3006G039800,0.738332
TG(16:0_18:1_20:0),CTL,individual,6:19328998,6,19328998,7.747322e-11,SORBI_3006G039800,0.730552
TG(16:0_18:1_20:0),CTL,individual,6:19328998,6,19328998,7.747322e-11,SORBI_3006G039800,0.724327
TG(16:0_18:1_20:0),CTL,individual,6:19328998,6,19328998,7.747322e-11,SORBI_3006G039800,0.7194
TG(16:0_18:1_20:0),CTL,individual,6:19328998,6,19328998,7.747322e-11,SORBI_3006G039900,0.7194
TG(16:0_18:1_20:0),CTL,individual,6:19328998,6,19328998,7.747322e-11,SORBI_3006G039800,0.710071
TG(16:0_18:1_20:0),CTL,individual,6:19328998,6,19328998,7.747322e-11,SORBI_3006G039900,0.710071
TG(16:0_18:1_20:0),CTL,individual,6:19328998,6,19328998,7.747322e-11,SORBI_3006G040000,0.710071
TG(16:0_18:1_20:0),CTL,individual,6:19328998,6,19328998,7.747322e-11,SORBI_3006G039800,0.708199
TG(16:0_18:1_20:0),CTL,individual,6:19328998,6,19328998,7.747322e-11,SORBI_3006G039800,0.707814
TG(16:0_18:1_20:0),CTL,individual,6:19328998,6,19328998,7.747322e-11,SORBI_3006G040000,0.707814
TG(16:0_18:1_20:0),CTL,individual,6:19328998,6,19328998,7.747322e-11,SORBI_3006G039800,0.705573
TG(16:0_18:1_20:0),CTL,individual,6:19328998,6,19328998,7.747322e-11,SORBI_3006G039800,0.704511
TG(16:0_18:1_20:0),CTL,individual,6:19328998,6,19328998,7.747322e-11,SORBI_3006G039800,0.703063
TG(16:0_18:1_20:0),CTL,individual,6:19328998,6,19328998,7.747322e-11,SORBI_3006G039800,0.69895
TG(16:0_18:1_20:0),CTL,individual,6:19328998,6,19328998,7.747322e-11,SORBI_3006G039800,0.694621
TG(16:0_18:1_20:0),CTL,individual,6:19328998,6,19328998,7.747322e-11,SORBI_3006G040101,0.678044
TG(16:0_18:1_20:0),CTL,individual,6:19328998,6,19328998,7.747322e-11,SORBI_3006G039800,0.67709
TG(16:0_18:1_20:0),CTL,individual,6:19328998,6,19328998,7.747322e-11,SORBI_3006G040101,0.670479
TG(16:0_18:1_20:0),CTL,individual,6:19328998,6,19328998,7.747322e-11,SORBI_3006G039800,0.655376
TG(16:0_18:1_20:0),CTL,individual,7:7908077,7,7908077,8.958447e-11,SORBI_3007G071400,1
TG(16:0_18:1_20:0),CTL,individual,7:7908077,7,7908077,8.958447e-11,SORBI_3007G071400,1
TG(16:0_18:1_20:0),CTL,individual,7:7908077,7,7908077,8.958447e-11,SORBI_3007G071400,0.986447
TG(16:0_18:1_20:0),CTL,individual,7:7908077,7,7908077,8.958447e-11,SORBI_3007G071400,0.974059
TG(16:0_18:1_20:0),CTL,individual,7:7908077,7,7908077,8.958447e-11,SORBI_3007G070700,0.734435
TG(16:0_18:1_20:0),CTL,individual,7:7908077,7,7908077,8.958447e-11,SORBI_3007G070900,0.734435
TG(16:0_18:1_20:0),CTL,individual,7:7908077,7,7908077,8.958447e-11,SORBI_3007G071000,0.734435
TG(16:0_18:1_20:0),CTL,individual,7:7908077,7,7908077,8.958447e-11,SORBI_3007G071000,0.626008
TG(16:0_18:1_20:0),CTL,individual,2:43769684,2,43769684,1.243737e-10,SORBI_3002G150766,0.949842
TG(16:0_18:1_20:0),CTL,individual,2:43769684,2,43769684,1.243737e-10,SORBI_3002G150766,0.949806
TG(16:0_18:1_20:0),CTL,individual,2:43769684,2,43769684,1.243737e-10,SORBI_3002G150766,0.949797
TG(16:0_18:1_20:0),CTL,individual,2:43769684,2,43769684,1.243737e-10,SORBI_3002G150766,0.94014
TG(16:0_18:1_20:0),CTL,individual,2:43769684,2,43769684,1.243737e-10,SORBI_3002G150766,0.939875
TG(16:0_18:1_20:0),CTL,individual,2:43769684,2,43769684,1.243737e-10,SORBI_3002G150766,0.939486
TG(16:0_18:1_20:0),CTL,individual,2:43769684,2,43769684,1.243737e-10,SORBI_3002G150766,0.939465
TG(16:0_18:1_20:0),CTL,individual,2:43769684,2,43769684,1.243737e-10,SORBI_3002G150766,0.930382
TG(16:0_18:1_20:0),CTL,individual,2:43769684,2,43769684,1.243737e-10,SORBI_3002G150766,0.929591
TG(16:0_18:1_20:0),CTL,individual,2:43769684,2,43769684,1.243737e-10,SORBI_3002G150766,0.929329
TG(16:0_18:1_20:0),CTL,individual,2:43769684,2,43769684,1.243737e-10,SORBI_3002G150766,0.919897
TG(16:0_18:1_20:0),CTL,individual,2:43769684,2,43769684,1.243737e-10,SORBI_3002G150766,0.919388
TG(16:0_18:1_20:0),CTL,individual,2:43769684,2,43769684,1.243737e-10,SORBI_3002G150766,0.919228
TG(16:0_18:1_20:0),CTL,individual,2:43769684,2,43769684,1.243737e-10,SORBI_3002G150766,0.91917
TG(16:0_18:1_20:0),CTL,individual,2:43769684,2,43769684,1.243737e-10,SORBI_3002G150766,0.909681
TG(16:0_18:1_20:0),CTL,individual,2:43769684,2,43769684,1.243737e-10,SORBI_3002G150766,0.903273
TG(16:0_18:1_20:0),CTL,individual,2:43769684,2,43769684,1.243737e-10,SORBI_3002G150766,0.900161
TG(16:0_18:1_20:0),CTL,individual,2:43769684,2,43769684,1.243737e-10,SORBI_3002G150766,0.899127
TG(16:0_18:1_20:0),CTL,individual,2:43769684,2,43769684,1.243737e-10,SORBI_3002G150766,0.891059
TG(16:0_18:1_20:0),CTL,individual,2:43769684,2,43769684,1.243737e-10,SORBI_3002G150766,0.889144
TG(16:0_18:1_20:0),CTL,individual,2:43769684,2,43769684,1.243737e-10,SORBI_3002G150766,0.861942
TG(16:0_18:1_20:0),CTL,individual,2:43769684,2,43769684,1.243737e-10,SORBI_3002G150766,0.857291
TG(16:0_18:1_20:0),CTL,individual,2:43769684,2,43769684,1.243737e-10,SORBI_3002G150766,0.848917
TG(16:0_18:1_20:0),CTL,individual,2:43769684,2,43769684,1.243737e-10,SORBI_3002G150766,0.662063
TG(16:0_18:1_20:0),CTL,individual,2:43769684,2,43769684,1.243737e-10,SORBI_3002G150766,0.649415
TG(16:0_18:1_20:0),CTL,individual,2:43769684,2,43769684,1.243737e-10,SORBI_3002G150766,0.648993
TG(16:0_18:1_20:0),CTL,individual,2:43769684,2,43769684,1.243737e-10,SORBI_3002G150766,0.642749
TG(16:0_18:1_20:0),CTL,individual,2:43769684,2,43769684,1.243737e-10,SORBI_3002G150766,0.642629
TG(16:0_18:1_20:0),CTL,individual,2:43769684,2,43769684,1.243737e-10,SORBI_3002G150766,0.642416
TG(16:0_18:1_20:0),CTL,individual,2:43769684,2,43769684,1.243737e-10,SORBI_3002G150766,0.637973
TG(16:0_18:1_20:0),CTL,individual,2:43769684,2,43769684,1.243737e-10,SORBI_3002G150766,0.629333
TG(16:0_18:1_20:0),CTL,individual,2:43769684,2,43769684,1.243737e-10,SORBI_3002G150766,0.615585
TG(16:0_18:1_20:0),CTL,individual,2:43769684,2,43769684,1.243737e-10,SORBI_3002G150766,0.60477
TG(16:0_18:1_20:0),CTL,individual,2:43769684,2,43769684,1.243737e-10,SORBI_3002G150766,0.602573
TG(16:0_18:1_20:0),CTL,individual,6:9382290,6,9382290,1.797998e-10,SORBI_3006G034200,0.911099
TG(16:0_18:1_20:0),CTL,individual,6:9382298,6,9382298,1.797998e-10,SORBI_3006G034200,0.911099
TG(16:0_18:1_20:0),CTL,individual,6:9382290,6,9382290,1.797998e-10,SORBI_3006G034225,0.911071
TG(16:0_18:1_20:0),CTL,individual,6:9382298,6,9382298,1.797998e-10,SORBI_3006G034225,0.911071
TG(16:0_18:1_20:0),CTL,individual,6:9382290,6,9382290,1.797998e-10,SORBI_3006G034225,0.896383
TG(16:0_18:1_20:0),CTL,individual,6:9382298,6,9382298,1.797998e-10,SORBI_3006G034225,0.896383
TG(16:0_18:1_20:0),CTL,individual,6:9382290,6,9382290,1.797998e-10,SORBI_3006G034200,0.870918
TG(16:0_18:1_20:0),CTL,individual,6:9382298,6,9382298,1.797998e-10,SORBI_3006G034200,0.870918
TG(16:0_18:1_20:0),CTL,individual,6:9382290,6,9382290,1.797998e-10,SORBI_3006G034250,0.818683
TG(16:0_18:1_20:0),CTL,individual,6:9382298,6,9382298,1.797998e-10,SORBI_3006G034250,0.818683
TG(16:0_18:1_20:0),CTL,individual,6:9382290,6,9382290,1.797998e-10,SORBI_3006G034250,0.802669
TG(16:0_18:1_20:0),CTL,individual,6:9382298,6,9382298,1.797998e-10,SORBI_3006G034250,0.802669
TG(16:0_18:1_20:0),CTL,individual,6:9382290,6,9382290,1.797998e-10,SORBI_3006G034250,0.802634
TG(16:0_18:1_20:0),CTL,individual,6:9382298,6,9382298,1.797998e-10,SORBI_3006G034250,0.802634
TG(16:0_18:1_20:0),CTL,individual,4:25682608,4,25682608,2.062786e-10,SORBI_3004G134801,0.959269
TG(16:0_18:1_20:0),CTL,individual,4:25682608,4,25682608,2.062786e-10,SORBI_3004G134900,0.959219
TG(16:0_18:1_20:0),CTL,individual,4:25682608,4,25682608,2.062786e-10,SORBI_3004G134900,0.949161
TG(16:0_18:1_20:0),CTL,individual,4:25682608,4,25682608,2.062786e-10,SORBI_3004G134900,0.939337
TG(16:0_18:1_20:0),CTL,individual,4:25682608,4,25682608,2.062786e-10,SORBI_3004G134801,0.938849
TG(16:0_18:1_20:0),CTL,individual,4:25682608,4,25682608,2.062786e-10,SORBI_3004G134900,0.938817
TG(16:0_18:1_20:0),CTL,individual,4:25682608,4,25682608,2.062786e-10,SORBI_3004G134801,0.929851
TG(16:0_18:1_20:0),CTL,individual,4:25682608,4,25682608,2.062786e-10,SORBI_3004G134801,0.918757
TG(16:0_18:1_20:0),CTL,individual,4:25682608,4,25682608,2.062786e-10,SORBI_3004G134900,0.918688
TG(16:0_18:1_20:0),CTL,individual,4:25682608,4,25682608,2.062786e-10,SORBI_3004G134900,0.918674
TG(16:0_18:1_20:0),CTL,individual,4:25682608,4,25682608,2.062786e-10,SORBI_3004G134900,0.91866
TG(16:0_18:1_20:0),CTL,individual,4:25682608,4,25682608,2.062786e-10,SORBI_3004G134900,0.918646
TG(16:0_18:1_20:0),CTL,individual,4:25682608,4,25682608,2.062786e-10,SORBI_3004G134801,0.908769
TG(16:0_18:1_20:0),CTL,individual,4:25682608,4,25682608,2.062786e-10,SORBI_3004G134900,0.908708
TG(16:0_18:1_20:0),CTL,individual,4:25682608,4,25682608,2.062786e-10,SORBI_3004G134900,0.908692
TG(16:0_18:1_20:0),CTL,individual,4:25682608,4,25682608,2.062786e-10,SORBI_3004G134801,0.908551
TG(16:0_18:1_20:0),CTL,individual,4:25682608,4,25682608,2.062786e-10,SORBI_3004G134900,0.908488
TG(16:0_18:1_20:0),CTL,individual,4:25682608,4,25682608,2.062786e-10,SORBI_3004G134900,0.908472
TG(16:0_18:1_20:0),CTL,individual,4:25682608,4,25682608,2.062786e-10,SORBI_3004G134900,0.908456
TG(16:0_18:1_20:0),CTL,individual,4:25682608,4,25682608,2.062786e-10,SORBI_3004G134900,0.908423
TG(16:0_18:1_20:0),CTL,individual,4:25682608,4,25682608,2.062786e-10,SORBI_3004G134801,0.899022
TG(16:0_18:1_20:0),CTL,individual,4:25682608,4,25682608,2.062786e-10,SORBI_3004G134801,0.898564
TG(16:0_18:1_20:0),CTL,individual,4:25682608,4,25682608,2.062786e-10,SORBI_3004G134801,0.898337
TG(16:0_18:1_20:0),CTL,individual,4:25682608,4,25682608,2.062786e-10,SORBI_3004G134801,0.880345
TG(16:0_18:1_20:0),CTL,individual,4:25682608,4,25682608,2.062786e-10,SORBI_3004G134801,0.877918
TG(16:0_18:1_20:0),CTL,individual,4:25682608,4,25682608,2.062786e-10,SORBI_3004G134801,0.87147
TG(16:0_18:1_20:0),CTL,individual,4:25682608,4,25682608,2.062786e-10,SORBI_3004G134801,0.837776
TG(16:0_18:1_20:0),CTL,individual,4:25682608,4,25682608,2.062786e-10,SORBI_3004G134900,0.837515
TG(16:0_18:1_20:0),CTL,individual,4:25682608,4,25682608,2.062786e-10,SORBI_3004G134900,0.756104
TG(16:0_18:1_20:0),CTL,individual,4:25682608,4,25682608,2.062786e-10,SORBI_3004G134900,0.666261
TG(16:0_18:1_20:0),CTL,individual,4:25682608,4,25682608,2.062786e-10,SORBI_3004G134900,0.652683
TG(16:0_18:1_20:0),CTL,individual,4:25682608,4,25682608,2.062786e-10,SORBI_3004G134900,0.647708
TG(16:0_18:1_20:0),CTL,individual,4:25682608,4,25682608,2.062786e-10,SORBI_3004G134900,0.628962
TG(16:0_18:1_20:0),CTL,individual,4:25682608,4,25682608,2.062786e-10,SORBI_3004G134900,0.613719
TG(16:0_18:1_20:0),CTL,individual,9:21077114,9,21077114,2.216698e-10,SORBI_3009G092100,1
TG(16:0_18:1_20:0),CTL,individual,9:44632601,9,44632601,2.295756e-10,SORBI_3009G111000,0.704933
TG(16:0_18:1_20:0),CTL,individual,9:44632601,9,44632601,2.295756e-10,SORBI_3009G111000,0.666961
TG(16:0_18:1_20:0),CTL,individual,9:44632601,9,44632601,2.295756e-10,SORBI_3009G111000,0.664454
TG(16:0_18:1_20:0),CTL,individual,9:44632601,9,44632601,2.295756e-10,SORBI_3009G111000,0.661714
TG(16:0_18:1_20:0),CTL,individual,5:45059303,5,45059303,2.365219e-10,SORBI_3005G115000,0.969351
TG(16:0_18:1_20:0),CTL,individual,5:45059303,5,45059303,2.365219e-10,SORBI_3005G115000,0.965228
TG(16:0_18:1_20:0),CTL,individual,5:45059303,5,45059303,2.365219e-10,SORBI_3005G115000,0.965203
TG(16:0_18:1_20:0),CTL,individual,5:45059303,5,45059303,2.365219e-10,SORBI_3005G115000,0.961634
TG(16:0_18:1_20:0),CTL,individual,5:45059303,5,45059303,2.365219e-10,SORBI_3005G115000,0.961606
TG(16:0_18:1_20:0),CTL,individual,5:45059303,5,45059303,2.365219e-10,SORBI_3005G115000,0.961373
TG(16:0_18:1_20:0),CTL,individual,5:45059303,5,45059303,2.365219e-10,SORBI_3005G115000,0.961344
TG(16:0_18:1_20:0),CTL,individual,5:45059303,5,45059303,2.365219e-10,SORBI_3005G115000,0.961007
TG(16:0_18:1_20:0),CTL,individual,5:45059303,5,45059303,2.365219e-10,SORBI_3005G115000,0.957853
TG(16:0_18:1_20:0),CTL,individual,5:45059303,5,45059303,2.365219e-10,SORBI_3005G115000,0.95769
TG(16:0_18:1_20:0),CTL,individual,5:45059303,5,45059303,2.365219e-10,SORBI_3005G115000,0.957568
TG(16:0_18:1_20:0),CTL,individual,5:45059303,5,45059303,2.365219e-10,SORBI_3005G115000,0.957153
TG(16:0_18:1_20:0),CTL,individual,5:45059303,5,45059303,2.365219e-10,SORBI_3005G115000,0.953568
TG(16:0_18:1_20:0),CTL,individual,5:45059303,5,45059303,2.365219e-10,SORBI_3005G115000,0.953419
TG(16:0_18:1_20:0),CTL,individual,5:45059303,5,45059303,2.365219e-10,SORBI_3005G115000,0.946683
TG(16:0_18:1_20:0),CTL,individual,5:45059303,5,45059303,2.365219e-10,SORBI_3005G115000,0.945488
TG(16:0_18:1_20:0),CTL,individual,5:45059303,5,45059303,2.365219e-10,SORBI_3005G115000,0.927376
TG(16:0_18:1_20:0),CTL,individual,5:45059303,5,45059303,2.365219e-10,SORBI_3005G115000,0.925814
TG(16:0_18:1_20:0),CTL,individual,5:45059303,5,45059303,2.365219e-10,SORBI_3005G115000,0.91431
TG(16:0_18:1_20:0),CTL,individual,5:45059303,5,45059303,2.365219e-10,SORBI_3005G115000,0.907573
TG(16:0_18:1_20:0),CTL,individual,5:45059303,5,45059303,2.365219e-10,SORBI_3005G115000,0.906151
TG(16:0_18:1_20:0),CTL,individual,5:45059303,5,45059303,2.365219e-10,SORBI_3005G115000,0.87478
TG(16:0_18:1_20:0),CTL,individual,5:45059303,5,45059303,2.365219e-10,SORBI_3005G115000,0.86784
TG(16:0_18:1_20:0),CTL,individual,5:45059303,5,45059303,2.365219e-10,SORBI_3005G115000,0.85642
TG(16:0_18:1_20:0),CTL,individual,5:45059303,5,45059303,2.365219e-10,SORBI_3005G115000,0.85476
TG(16:0_18:1_20:0),CTL,individual,5:45059303,5,45059303,2.365219e-10,SORBI_3005G115000,0.828056
TG(16:0_18:1_20:0),CTL,individual,5:45059303,5,45059303,2.365219e-10,SORBI_3005G115000,0.814464
TG(16:0_18:1_20:0),CTL,individual,5:45059303,5,45059303,2.365219e-10,SORBI_3005G115000,0.77478
TG(16:0_18:1_20:0),CTL,individual,5:45059303,5,45059303,2.365219e-10,SORBI_3005G115000,0.731727
TG(16:0_18:1_20:0),CTL,individual,5:45059303,5,45059303,2.365219e-10,SORBI_3005G115000,0.728416
TG(16:0_18:1_20:0),CTL,individual,5:45059303,5,45059303,2.365219e-10,SORBI_3005G115000,0.728218
TG(16:0_18:1_20:0),CTL,individual,5:45059303,5,45059303,2.365219e-10,SORBI_3005G115000,0.721835
TG(16:0_18:1_20:0),CTL,individual,5:45059303,5,45059303,2.365219e-10,SORBI_3005G115000,0.720498
TG(16:0_18:1_20:0),CTL,individual,5:45059303,5,45059303,2.365219e-10,SORBI_3005G115000,0.717997
TG(16:0_18:1_20:0),CTL,individual,5:45059303,5,45059303,2.365219e-10,SORBI_3005G115000,0.715678
TG(16:0_18:1_20:0),CTL,individual,5:45059303,5,45059303,2.365219e-10,SORBI_3005G115000,0.713419
TG(16:0_18:1_20:0),CTL,individual,5:45059303,5,45059303,2.365219e-10,SORBI_3005G115000,0.677653
TG(16:0_18:1_20:0),CTL,individual,5:45059303,5,45059303,2.365219e-10,SORBI_3005G115000,0.676247
TG(16:0_18:1_20:0),CTL,individual,5:45059303,5,45059303,2.365219e-10,SORBI_3005G115000,0.621543
TG(16:0_18:1_20:0),CTL,individual,5:45059303,5,45059303,2.365219e-10,SORBI_3005G115000,0.61268
TG(16:0_18:1_20:0),CTL,individual,5:45059303,5,45059303,2.365219e-10,SORBI_3005G115000,0.610908
TG(16:0_18:1_20:0),CTL,individual,5:45059303,5,45059303,2.365219e-10,SORBI_3005G115000,0.607003
TG(16:0_18:1_20:0),CTL,individual,8:34401059,8,34401059,2.384413e-10,SORBI_3008G090200,0.942654
TG(16:0_18:1_20:0),CTL,individual,8:34401059,8,34401059,2.384413e-10,SORBI_3008G090200,0.920935
TG(16:0_18:1_20:0),CTL,individual,8:34401059,8,34401059,2.384413e-10,SORBI_3008G090200,0.910616
TG(16:0_18:1_20:0),CTL,individual,1:18822314,1,18822314,2.483494e-10,SORBI_3001G206100,1
TG(16:0_18:1_20:0),CTL,individual,1:18822314,1,18822314,2.483494e-10,SORBI_3001G206100,1
TG(16:0_18:1_20:0),CTL,individual,1:18822314,1,18822314,2.483494e-10,SORBI_3001G206100,0.881316
TG(16:0_18:1_20:0),CTL,individual,1:18822314,1,18822314,2.483494e-10,SORBI_3001G206100,0.856156
TG(16:0_18:1_20:0),CTL,individual,1:18822314,1,18822314,2.483494e-10,SORBI_3001G206100,0.835416
TG(16:0_18:1_20:0),CTL,individual,1:18822314,1,18822314,2.483494e-10,SORBI_3001G206100,0.766663
TG(16:0_18:1_20:0),CTL,individual,1:18822314,1,18822314,2.483494e-10,SORBI_3001G206100,0.726701
TG(16:0_18:1_20:0),CTL,individual,1:18822314,1,18822314,2.483494e-10,SORBI_3001G206100,0.722992
TG(16:0_18:1_20:0),CTL,individual,1:18822314,1,18822314,2.483494e-10,SORBI_3001G206100,0.712787
TG(16:0_18:1_20:0),CTL,individual,1:18822314,1,18822314,2.483494e-10,SORBI_3001G206100,0.709113
TG(16:0_18:1_20:0),CTL,individual,1:18822314,1,18822314,2.483494e-10,SORBI_3001G206100,0.706089
TG(16:0_18:1_20:0),CTL,individual,1:18822314,1,18822314,2.483494e-10,SORBI_3001G206100,0.702504
TG(16:0_18:1_20:0),CTL,individual,1:18822314,1,18822314,2.483494e-10,SORBI_3001G206100,0.701249
TG(16:0_18:1_20:0),CTL,individual,1:18822314,1,18822314,2.483494e-10,SORBI_3001G206100,0.685065
TG(16:0_18:1_20:0),CTL,individual,1:18822314,1,18822314,2.483494e-10,SORBI_3001G206100,0.684987
TG(16:0_18:1_20:0),CTL,individual,1:18822314,1,18822314,2.483494e-10,SORBI_3001G206100,0.679361
TG(16:0_18:1_20:0),CTL,individual,1:18822314,1,18822314,2.483494e-10,SORBI_3001G206100,0.676092
TG(16:0_18:1_20:0),CTL,individual,1:18822314,1,18822314,2.483494e-10,SORBI_3001G206100,0.648692
TG(16:0_18:1_20:0),CTL,individual,1:18822314,1,18822314,2.483494e-10,SORBI_3001G206100,0.637487
TG(16:0_18:1_20:0),CTL,individual,1:18822314,1,18822314,2.483494e-10,SORBI_3001G206100,0.630327
TG(16:0_18:1_20:0),CTL,individual,1:18822314,1,18822314,2.483494e-10,SORBI_3001G206100,0.620266
TG(16:0_18:1_20:0),CTL,individual,6:35082999,6,35082999,2.764662e-10,SORBI_3006G048775,0.97142
TG(16:0_18:1_20:0),CTL,individual,6:35082999,6,35082999,2.764662e-10,SORBI_3006G048775,0.971408
TG(16:0_18:1_20:0),CTL,individual,6:35082999,6,35082999,2.764662e-10,SORBI_3006G048775,0.971402
TG(16:0_18:1_20:0),CTL,individual,6:35082999,6,35082999,2.764662e-10,SORBI_3006G048775,0.952995
TG(16:0_18:1_20:0),CTL,individual,6:35082999,6,35082999,2.764662e-10,SORBI_3006G048775,0.932681
TG(16:0_18:1_20:0),CTL,individual,6:35082999,6,35082999,2.764662e-10,SORBI_3006G048775,0.911662
TG(16:0_18:1_20:0),CTL,individual,1:64712304,1,64712304,2.788911e-10,SORBI_3001G357300,0.8627
TG(16:0_18:1_20:0),CTL,individual,1:64712304,1,64712304,2.788911e-10,SORBI_3001G357400,0.8627
TG(16:0_18:1_20:0),CTL,individual,1:64712304,1,64712304,2.788911e-10,SORBI_3001G357300,0.795691
TG(16:0_18:1_20:0),CTL,individual,1:64712304,1,64712304,2.788911e-10,SORBI_3001G357200,0.778832
TG(16:0_18:1_20:0),CTL,individual,1:64712304,1,64712304,2.788911e-10,SORBI_3001G357500,0.778297
TG(16:0_18:1_20:0),CTL,individual,1:64712304,1,64712304,2.788911e-10,SORBI_3001G357200,0.628084
TG(16:0_18:1_20:0),CTL,individual,7:47318738,7,47318738,3.221464e-10,SORBI_3007G114000,0.732875
TG(16:0_18:1_20:0),CTL,individual,7:47318738,7,47318738,3.221464e-10,SORBI_3007G114000,0.684871
TG(16:0_18:1_20:0),CTL,individual,6:13662453,6,13662453,4.027253e-10,SORBI_3006G037050,0.700365
TG(16:0_18:1_20:0),CTL,individual,6:13662453,6,13662453,4.027253e-10,SORBI_3006G037050,0.682978
TG(16:0_18:1_20:0),CTL,individual,6:13662453,6,13662453,4.027253e-10,SORBI_3006G037050,0.680362
TG(16:0_18:1_20:0),CTL,individual,6:13662453,6,13662453,4.027253e-10,SORBI_3006G037050,0.676047
TG(16:0_18:1_20:0),CTL,individual,6:13662453,6,13662453,4.027253e-10,SORBI_3006G037050,0.653155
TG(16:0_18:1_20:0),CTL,individual,6:13662453,6,13662453,4.027253e-10,SORBI_3006G037000,0.618799
TG(16:0_18:1_20:0),CTL,individual,6:13662453,6,13662453,4.027253e-10,SORBI_3006G037000,0.618136
TG(16:0_18:1_20:0),CTL,individual,6:34769091,6,34769091,4.059633e-10,SORBI_3006G048700,0.818787
TG(16:0_18:1_20:0),CTL,individual,9:21077124,9,21077124,4.134258e-10,SORBI_3009G092100,1
TG(16:0_18:1_20:0),CTL,individual,8:44961897,8,44961897,4.383609e-10,SORBI_3008G095200,1
TG(16:0_18:1_20:0),CTL,individual,8:44961897,8,44961897,4.383609e-10,SORBI_3008G095200,1
TG(16:0_18:1_20:0),CTL,individual,8:44961897,8,44961897,4.383609e-10,SORBI_3008G095150,0.971308
TG(16:0_18:1_20:0),CTL,individual,8:44961897,8,44961897,4.383609e-10,SORBI_3008G095200,0.951644
TG(16:0_18:1_20:0),CTL,individual,8:44961897,8,44961897,4.383609e-10,SORBI_3008G095100,0.936444
TG(16:0_18:1_20:0),CTL,individual,8:44961897,8,44961897,4.383609e-10,SORBI_3008G095150,0.936444
TG(16:0_18:1_20:0),CTL,individual,8:44961897,8,44961897,4.383609e-10,SORBI_3008G095200,0.936444
TG(16:0_18:1_20:0),CTL,individual,8:44961897,8,44961897,4.383609e-10,SORBI_3008G095150,0.927873
TG(16:0_18:1_20:0),CTL,individual,8:44961897,8,44961897,4.383609e-10,SORBI_3008G095150,0.924621
TG(16:0_18:1_20:0),CTL,individual,8:44961897,8,44961897,4.383609e-10,SORBI_3008G095200,0.924621
TG(16:0_18:1_20:0),CTL,individual,8:44961897,8,44961897,4.383609e-10,SORBI_3008G095150,0.915914
TG(16:0_18:1_20:0),CTL,individual,8:44961897,8,44961897,4.383609e-10,SORBI_3008G095150,0.909033
TG(16:0_18:1_20:0),CTL,individual,8:44961897,8,44961897,4.383609e-10,SORBI_3008G095150,0.845535
TG(16:0_18:1_20:0),CTL,individual,8:44961897,8,44961897,4.383609e-10,SORBI_3008G095200,0.716237
TG(16:0_18:1_20:0),CTL,individual,7:13239822,7,13239822,4.425639e-10,SORBI_3007G090415,0.974311
TG(16:0_18:1_20:0),CTL,individual,7:13239822,7,13239822,4.425639e-10,SORBI_3007G090421,0.974311
TG(16:0_18:1_20:0),CTL,individual,7:13239822,7,13239822,4.425639e-10,SORBI_3007G090424,0.974311
TG(16:0_18:1_20:0),CTL,individual,7:13239822,7,13239822,4.425639e-10,SORBI_3007G090412,0.974304
TG(16:0_18:1_20:0),CTL,individual,7:13239822,7,13239822,4.425639e-10,SORBI_3007G090421,0.962051
TG(16:0_18:1_20:0),CTL,individual,7:13239822,7,13239822,4.425639e-10,SORBI_3007G090418,0.956096
TG(16:0_18:1_20:0),CTL,individual,7:13239822,7,13239822,4.425639e-10,SORBI_3007G090403,0.954956
TG(16:0_18:1_20:0),CTL,individual,7:13239822,7,13239822,4.425639e-10,SORBI_3007G090415,0.954956
TG(16:0_18:1_20:0),CTL,individual,7:13239822,7,13239822,4.425639e-10,SORBI_3007G090421,0.954956
TG(16:0_18:1_20:0),CTL,individual,7:13239822,7,13239822,4.425639e-10,SORBI_3007G090424,0.954956
TG(16:0_18:1_20:0),CTL,individual,7:13239822,7,13239822,4.425639e-10,SORBI_3007G090412,0.954944
TG(16:0_18:1_20:0),CTL,individual,7:13239822,7,13239822,4.425639e-10,SORBI_3007G090418,0.950265
TG(16:0_18:1_20:0),CTL,individual,7:13239822,7,13239822,4.425639e-10,SORBI_3007G090418,0.950238
TG(16:0_18:1_20:0),CTL,individual,7:13239822,7,13239822,4.425639e-10,SORBI_3007G090403,0.948889
TG(16:0_18:1_20:0),CTL,individual,7:13239822,7,13239822,4.425639e-10,SORBI_3007G090418,0.948889
TG(16:0_18:1_20:0),CTL,individual,7:13239822,7,13239822,4.425639e-10,SORBI_3007G090421,0.948889
TG(16:0_18:1_20:0),CTL,individual,7:13239822,7,13239822,4.425639e-10,SORBI_3007G090412,0.948875
TG(16:0_18:1_20:0),CTL,individual,7:13239822,7,13239822,4.425639e-10,SORBI_3007G090415,0.948038
TG(16:0_18:1_20:0),CTL,individual,7:13239822,7,13239822,4.425639e-10,SORBI_3007G090421,0.948038
TG(16:0_18:1_20:0),CTL,individual,7:13239822,7,13239822,4.425639e-10,SORBI_3007G090424,0.947965
TG(16:0_18:1_20:0),CTL,individual,7:13239822,7,13239822,4.425639e-10,SORBI_3007G090421,0.947963
TG(16:0_18:1_20:0),CTL,individual,7:13239822,7,13239822,4.425639e-10,SORBI_3007G090424,0.947963
TG(16:0_18:1_20:0),CTL,individual,7:13239822,7,13239822,4.425639e-10,SORBI_3007G090412,0.947949
TG(16:0_18:1_20:0),CTL,individual,7:13239822,7,13239822,4.425639e-10,SORBI_3007G090415,0.94727
TG(16:0_18:1_20:0),CTL,individual,7:13239822,7,13239822,4.425639e-10,SORBI_3007G090421,0.94727
TG(16:0_18:1_20:0),CTL,individual,7:13239822,7,13239822,4.425639e-10,SORBI_3007G090424,0.94727
TG(16:0_18:1_20:0),CTL,individual,7:13239822,7,13239822,4.425639e-10,SORBI_3007G090418,0.947241
TG(16:0_18:1_20:0),CTL,individual,7:13239822,7,13239822,4.425639e-10,SORBI_3007G090418,0.947226
TG(16:0_18:1_20:0),CTL,individual,7:13239822,7,13239822,4.425639e-10,SORBI_3007G090418,0.944566
TG(16:0_18:1_20:0),CTL,individual,7:13239822,7,13239822,4.425639e-10,SORBI_3007G090403,0.942941
TG(16:0_18:1_20:0),CTL,individual,7:13239822,7,13239822,4.425639e-10,SORBI_3007G090418,0.942941
TG(16:0_18:1_20:0),CTL,individual,7:13239822,7,13239822,4.425639e-10,SORBI_3007G090421,0.942941
TG(16:0_18:1_20:0),CTL,individual,7:13239822,7,13239822,4.425639e-10,SORBI_3007G090403,0.941787
TG(16:0_18:1_20:0),CTL,individual,7:13239822,7,13239822,4.425639e-10,SORBI_3007G090415,0.941787
TG(16:0_18:1_20:0),CTL,individual,7:13239822,7,13239822,4.425639e-10,SORBI_3007G090421,0.941787
TG(16:0_18:1_20:0),CTL,individual,7:13239822,7,13239822,4.425639e-10,SORBI_3007G090424,0.941787
TG(16:0_18:1_20:0),CTL,individual,7:13239822,7,13239822,4.425639e-10,SORBI_3007G090418,0.941755
TG(16:0_18:1_20:0),CTL,individual,7:13239822,7,13239822,4.425639e-10,SORBI_3007G090415,0.941072
TG(16:0_18:1_20:0),CTL,individual,7:13239822,7,13239822,4.425639e-10,SORBI_3007G090421,0.941072
TG(16:0_18:1_20:0),CTL,individual,7:13239822,7,13239822,4.425639e-10,SORBI_3007G090424,0.941072
TG(16:0_18:1_20:0),CTL,individual,7:13239822,7,13239822,4.425639e-10,SORBI_3007G090403,0.93712
TG(16:0_18:1_20:0),CTL,individual,7:13239822,7,13239822,4.425639e-10,SORBI_3007G090421,0.93712
TG(16:0_18:1_20:0),CTL,individual,7:13239822,7,13239822,4.425639e-10,SORBI_3007G090424,0.93712
TG(16:0_18:1_20:0),CTL,individual,7:13239822,7,13239822,4.425639e-10,SORBI_3007G090418,0.937069
TG(16:0_18:1_20:0),CTL,individual,7:13239822,7,13239822,4.425639e-10,SORBI_3007G090403,0.935727
TG(16:0_18:1_20:0),CTL,individual,7:13239822,7,13239822,4.425639e-10,SORBI_3007G090415,0.935727
TG(16:0_18:1_20:0),CTL,individual,7:13239822,7,13239822,4.425639e-10,SORBI_3007G090418,0.935727
TG(16:0_18:1_20:0),CTL,individual,7:13239822,7,13239822,4.425639e-10,SORBI_3007G090421,0.935727
TG(16:0_18:1_20:0),CTL,individual,7:13239822,7,13239822,4.425639e-10,SORBI_3007G090418,0.935674
TG(16:0_18:1_20:0),CTL,individual,7:13239822,7,13239822,4.425639e-10,SORBI_3007G090421,0.93479
TG(16:0_18:1_20:0),CTL,individual,7:13239822,7,13239822,4.425639e-10,SORBI_3007G090424,0.93479
TG(16:0_18:1_20:0),CTL,individual,7:13239822,7,13239822,4.425639e-10,SORBI_3007G090421,0.934278
TG(16:0_18:1_20:0),CTL,individual,7:13239822,7,13239822,4.425639e-10,SORBI_3007G090403,0.931433
TG(16:0_18:1_20:0),CTL,individual,7:13239822,7,13239822,4.425639e-10,SORBI_3007G090424,0.931433
TG(16:0_18:1_20:0),CTL,individual,7:13239822,7,13239822,4.425639e-10,SORBI_3007G090403,0.929787
TG(16:0_18:1_20:0),CTL,individual,7:13239822,7,13239822,4.425639e-10,SORBI_3007G090421,0.929787
TG(16:0_18:1_20:0),CTL,individual,7:13239822,7,13239822,4.425639e-10,SORBI_3007G090418,0.929749
TG(16:0_18:1_20:0),CTL,individual,7:13239822,7,13239822,4.425639e-10,SORBI_3007G090421,0.928619
TG(16:0_18:1_20:0),CTL,individual,7:13239822,7,13239822,4.425639e-10,SORBI_3007G090424,0.927582
TG(16:0_18:1_20:0),CTL,individual,7:13239822,7,13239822,4.425639e-10,SORBI_3007G090421,0.926716
TG(16:0_18:1_20:0),CTL,individual,7:13239822,7,13239822,4.425639e-10,SORBI_3007G090421,0.925887
TG(16:0_18:1_20:0),CTL,individual,7:13239822,7,13239822,4.425639e-10,SORBI_3007G090403,0.923976
TG(16:0_18:1_20:0),CTL,individual,7:13239822,7,13239822,4.425639e-10,SORBI_3007G090415,0.923418
TG(16:0_18:1_20:0),CTL,individual,7:13239822,7,13239822,4.425639e-10,SORBI_3007G090418,0.92319
TG(16:0_18:1_20:0),CTL,individual,7:13239822,7,13239822,4.425639e-10,SORBI_3007G090418,0.922575
TG(16:0_18:1_20:0),CTL,individual,7:13239822,7,13239822,4.425639e-10,SORBI_3007G090418,0.922523
TG(16:0_18:1_20:0),CTL,individual,7:13239822,7,13239822,4.425639e-10,SORBI_3007G090421,0.921913
TG(16:0_18:1_20:0),CTL,individual,7:13239822,7,13239822,4.425639e-10,SORBI_3007G090424,0.921913
TG(16:0_18:1_20:0),CTL,individual,7:13239822,7,13239822,4.425639e-10,SORBI_3007G090418,0.921829
TG(16:0_18:1_20:0),CTL,individual,7:13239822,7,13239822,4.425639e-10,SORBI_3007G090415,0.921547
TG(16:0_18:1_20:0),CTL,individual,7:13239822,7,13239822,4.425639e-10,SORBI_3007G090421,0.921547
TG(16:0_18:1_20:0),CTL,individual,7:13239822,7,13239822,4.425639e-10,SORBI_3007G090424,0.921547
TG(16:0_18:1_20:0),CTL,individual,7:13239822,7,13239822,4.425639e-10,SORBI_3007G090418,0.921504
TG(16:0_18:1_20:0),CTL,individual,7:13239822,7,13239822,4.425639e-10,SORBI_3007G090415,0.920979
TG(16:0_18:1_20:0),CTL,individual,7:13239822,7,13239822,4.425639e-10,SORBI_3007G090403,0.918301
TG(16:0_18:1_20:0),CTL,individual,7:13239822,7,13239822,4.425639e-10,SORBI_3007G090403,0.915255
TG(16:0_18:1_20:0),CTL,individual,7:13239822,7,13239822,4.425639e-10,SORBI_3007G090403,0.91475
TG(16:0_18:1_20:0),CTL,individual,7:13239822,7,13239822,4.425639e-10,SORBI_3007G090403,0.913619
TG(16:0_18:1_20:0),CTL,individual,7:13239822,7,13239822,4.425639e-10,SORBI_3007G090421,0.903659
TG(16:0_18:1_20:0),CTL,individual,7:13239822,7,13239822,4.425639e-10,SORBI_3007G090418,0.900731
TG(16:0_18:1_20:0),CTL,individual,7:13239822,7,13239822,4.425639e-10,SORBI_3007G090415,0.89705
TG(16:0_18:1_20:0),CTL,individual,7:13239822,7,13239822,4.425639e-10,SORBI_3007G090424,0.895273
TG(16:0_18:1_20:0),CTL,individual,7:13239822,7,13239822,4.425639e-10,SORBI_3007G090418,0.895216
TG(16:0_18:1_20:0),CTL,individual,7:13239822,7,13239822,4.425639e-10,SORBI_3007G090415,0.894836
TG(16:0_18:1_20:0),CTL,individual,7:13239822,7,13239822,4.425639e-10,SORBI_3007G090421,0.894836
TG(16:0_18:1_20:0),CTL,individual,7:13239822,7,13239822,4.425639e-10,SORBI_3007G090421,0.894128
TG(16:0_18:1_20:0),CTL,individual,7:13239822,7,13239822,4.425639e-10,SORBI_3007G090421,0.890504
TG(16:0_18:1_20:0),CTL,individual,7:13239822,7,13239822,4.425639e-10,SORBI_3007G090415,0.887613
TG(16:0_18:1_20:0),CTL,individual,7:13239822,7,13239822,4.425639e-10,SORBI_3007G090418,0.882942
TG(16:0_18:1_20:0),CTL,individual,7:13239822,7,13239822,4.425639e-10,SORBI_3007G090415,0.879492
TG(16:0_18:1_20:0),CTL,individual,7:13239822,7,13239822,4.425639e-10,SORBI_3007G090421,0.879247
TG(16:0_18:1_20:0),CTL,individual,7:13239822,7,13239822,4.425639e-10,SORBI_3007G090421,0.878945
TG(16:0_18:1_20:0),CTL,individual,7:13239822,7,13239822,4.425639e-10,SORBI_3007G090418,0.878003
TG(16:0_18:1_20:0),CTL,individual,7:13239822,7,13239822,4.425639e-10,SORBI_3007G090418,0.874713
TG(16:0_18:1_20:0),CTL,individual,7:13239822,7,13239822,4.425639e-10,SORBI_3007G090424,0.873692
TG(16:0_18:1_20:0),CTL,individual,7:13239822,7,13239822,4.425639e-10,SORBI_3007G090403,0.871379
TG(16:0_18:1_20:0),CTL,individual,7:13239822,7,13239822,4.425639e-10,SORBI_3007G090424,0.870821
TG(16:0_18:1_20:0),CTL,individual,7:13239822,7,13239822,4.425639e-10,SORBI_3007G090403,0.870669
TG(16:0_18:1_20:0),CTL,individual,7:13239822,7,13239822,4.425639e-10,SORBI_3007G090424,0.870106
TG(16:0_18:1_20:0),CTL,individual,7:13239822,7,13239822,4.425639e-10,SORBI_3007G090415,0.869148
TG(16:0_18:1_20:0),CTL,individual,7:13239822,7,13239822,4.425639e-10,SORBI_3007G090415,0.86884
TG(16:0_18:1_20:0),CTL,individual,7:13239822,7,13239822,4.425639e-10,SORBI_3007G090421,0.866644
TG(16:0_18:1_20:0),CTL,individual,7:13239822,7,13239822,4.425639e-10,SORBI_3007G090403,0.866524
TG(16:0_18:1_20:0),CTL,individual,7:13239822,7,13239822,4.425639e-10,SORBI_3007G090415,0.864736
TG(16:0_18:1_20:0),CTL,individual,7:13239822,7,13239822,4.425639e-10,SORBI_3007G090424,0.86413
TG(16:0_18:1_20:0),CTL,individual,7:13239822,7,13239822,4.425639e-10,SORBI_3007G090421,0.863295
TG(16:0_18:1_20:0),CTL,individual,7:13239822,7,13239822,4.425639e-10,SORBI_3007G090421,0.856909
TG(16:0_18:1_20:0),CTL,individual,7:13239822,7,13239822,4.425639e-10,SORBI_3007G090415,0.856237
TG(16:0_18:1_20:0),CTL,individual,7:13239822,7,13239822,4.425639e-10,SORBI_3007G090424,0.855452
TG(16:0_18:1_20:0),CTL,individual,7:13239822,7,13239822,4.425639e-10,SORBI_3007G090421,0.848065
TG(16:0_18:1_20:0),CTL,individual,7:13239822,7,13239822,4.425639e-10,SORBI_3007G090421,0.847533
TG(16:0_18:1_20:0),CTL,individual,7:13239822,7,13239822,4.425639e-10,SORBI_3007G090418,0.845451
TG(16:0_18:1_20:0),CTL,individual,7:13239822,7,13239822,4.425639e-10,SORBI_3007G090421,0.8454
TG(16:0_18:1_20:0),CTL,individual,7:13239822,7,13239822,4.425639e-10,SORBI_3007G090403,0.844795
TG(16:0_18:1_20:0),CTL,individual,7:13239822,7,13239822,4.425639e-10,SORBI_3007G090418,0.844187
TG(16:0_18:1_20:0),CTL,individual,7:13239822,7,13239822,4.425639e-10,SORBI_3007G090403,0.842061
TG(16:0_18:1_20:0),CTL,individual,7:13239822,7,13239822,4.425639e-10,SORBI_3007G090421,0.841885
TG(16:0_18:1_20:0),CTL,individual,7:13239822,7,13239822,4.425639e-10,SORBI_3007G090421,0.838375
TG(16:0_18:1_20:0),CTL,individual,7:13239822,7,13239822,4.425639e-10,SORBI_3007G090403,0.833984
TG(16:0_18:1_20:0),CTL,individual,7:13239822,7,13239822,4.425639e-10,SORBI_3007G090421,0.832995
TG(16:0_18:1_20:0),CTL,individual,7:13239822,7,13239822,4.425639e-10,SORBI_3007G090418,0.83098
TG(16:0_18:1_20:0),CTL,individual,7:13239822,7,13239822,4.425639e-10,SORBI_3007G090421,0.830976
TG(16:0_18:1_20:0),CTL,individual,7:13239822,7,13239822,4.425639e-10,SORBI_3007G090421,0.829717
TG(16:0_18:1_20:0),CTL,individual,7:13239822,7,13239822,4.425639e-10,SORBI_3007G090415,0.820644
TG(16:0_18:1_20:0),CTL,individual,7:13239822,7,13239822,4.425639e-10,SORBI_3007G090403,0.820486
TG(16:0_18:1_20:0),CTL,individual,7:13239822,7,13239822,4.425639e-10,SORBI_3007G090415,0.817285
TG(16:0_18:1_20:0),CTL,individual,7:13239822,7,13239822,4.425639e-10,SORBI_3007G090418,0.817247
TG(16:0_18:1_20:0),CTL,individual,7:13239822,7,13239822,4.425639e-10,SORBI_3007G090421,0.811249
TG(16:0_18:1_20:0),CTL,individual,7:13239822,7,13239822,4.425639e-10,SORBI_3007G090421,0.807924
TG(16:0_18:1_20:0),CTL,individual,7:13239822,7,13239822,4.425639e-10,SORBI_3007G090421,0.803124
TG(16:0_18:1_20:0),CTL,individual,7:13239822,7,13239822,4.425639e-10,SORBI_3007G090418,0.802982
TG(16:0_18:1_20:0),CTL,individual,7:13239822,7,13239822,4.425639e-10,SORBI_3007G090418,0.793193
TG(16:0_18:1_20:0),CTL,individual,7:13239822,7,13239822,4.425639e-10,SORBI_3007G090421,0.791418
TG(16:0_18:1_20:0),CTL,individual,7:13239822,7,13239822,4.425639e-10,SORBI_3007G090421,0.787286
TG(16:0_18:1_20:0),CTL,individual,7:13239822,7,13239822,4.425639e-10,SORBI_3007G090421,0.786613
TG(16:0_18:1_20:0),CTL,individual,7:13239822,7,13239822,4.425639e-10,SORBI_3007G090421,0.784859
TG(16:0_18:1_20:0),CTL,individual,7:13239822,7,13239822,4.425639e-10,SORBI_3007G090421,0.778343
TG(16:0_18:1_20:0),CTL,individual,7:13239822,7,13239822,4.425639e-10,SORBI_3007G090421,0.757859
TG(16:0_18:1_20:0),CTL,individual,7:13239822,7,13239822,4.425639e-10,SORBI_3007G090418,0.756526
TG(16:0_18:1_20:0),CTL,individual,7:13239822,7,13239822,4.425639e-10,SORBI_3007G090421,0.755011
TG(16:0_18:1_20:0),CTL,individual,7:13239822,7,13239822,4.425639e-10,SORBI_3007G090415,0.73692
TG(16:0_18:1_20:0),CTL,individual,7:13239822,7,13239822,4.425639e-10,SORBI_3007G090418,0.718626
TG(16:0_18:1_20:0),CTL,individual,7:13239822,7,13239822,4.425639e-10,SORBI_3007G090421,0.710259
TG(16:0_18:1_20:0),CTL,individual,7:13239822,7,13239822,4.425639e-10,SORBI_3007G090415,0.7101
TG(16:0_18:1_20:0),CTL,individual,7:13239822,7,13239822,4.425639e-10,SORBI_3007G090421,0.623472
TG(16:0_18:1_20:0),CTL,individual,6:36373483,6,36373483,4.567096e-10,SORBI_3006G049666,0.853319
TG(16:0_18:1_20:0),CTL,individual,7:30699364,7,30699364,4.633845e-10,SORBI_3007G103400,0.659169
TG(16:0_18:1_20:0),CTL,individual,7:30699364,7,30699364,4.633845e-10,SORBI_3007G103400,0.650307
TG(16:0_18:1_20:0),CTL,individual,7:30699364,7,30699364,4.633845e-10,SORBI_3007G103400,0.628799
TG(16:0_18:1_20:0),CTL,individual,7:25940728,7,25940728,4.833673e-10,SORBI_3007G101500,0.84658
TG(16:0_18:1_20:0),CTL,individual,7:25940728,7,25940728,4.833673e-10,SORBI_3007G101600,0.618505
TG(16:0_18:1_20:0),CTL,individual,4:38207869,4,38207869,5.1661e-10,SORBI_3004G137900,0.980608
TG(16:0_18:1_20:0),CTL,individual,4:38207869,4,38207869,5.1661e-10,SORBI_3004G137601,0.976687
TG(16:0_18:1_20:0),CTL,individual,4:38207869,4,38207869,5.1661e-10,SORBI_3004G137900,0.968936
TG(16:0_18:1_20:0),CTL,individual,7:42424203,7,42424203,6.055605e-10,SORBI_3007G111800,0.702765
TG(16:0_18:1_20:0),CTL,individual,7:42424203,7,42424203,6.055605e-10,SORBI_3007G111901,0.699906
TG(16:0_18:1_20:0),CTL,individual,7:42424203,7,42424203,6.055605e-10,SORBI_3007G111901,0.68822
TG(16:0_18:1_20:0),CTL,individual,7:42424203,7,42424203,6.055605e-10,SORBI_3007G111901,0.682267
TG(16:0_18:1_20:0),CTL,individual,7:42424203,7,42424203,6.055605e-10,SORBI_3007G112000,0.679712
TG(16:0_18:1_20:0),CTL,individual,7:42424203,7,42424203,6.055605e-10,SORBI_3007G111901,0.664967
TG(16:0_18:1_20:0),CTL,individual,2:36744996,2,36744996,6.105942e-10,SORBI_3002G147500,0.942032
TG(16:0_18:1_20:0),CTL,individual,2:36744996,2,36744996,6.105942e-10,SORBI_3002G147500,0.932505
TG(16:0_18:1_20:0),CTL,individual,1:28567320,1,28567320,6.386481e-10,SORBI_3001G254200,0.877643
TG(16:0_18:1_20:0),CTL,individual,1:28567320,1,28567320,6.386481e-10,SORBI_3001G254300,0.877643
TG(16:0_18:1_20:0),CTL,individual,1:28567320,1,28567320,6.386481e-10,SORBI_3001G254200,0.875448
TG(16:0_18:1_20:0),CTL,individual,1:28567320,1,28567320,6.386481e-10,SORBI_3001G254200,0.873298
TG(16:0_18:1_20:0),CTL,individual,1:28567320,1,28567320,6.386481e-10,SORBI_3001G254600,0.873298
TG(16:0_18:1_20:0),CTL,individual,1:28567320,1,28567320,6.386481e-10,SORBI_3001G254200,0.871052
TG(16:0_18:1_20:0),CTL,individual,1:28567320,1,28567320,6.386481e-10,SORBI_3001G254400,0.871052
TG(16:0_18:1_20:0),CTL,individual,1:28567320,1,28567320,6.386481e-10,SORBI_3001G254600,0.862288
TG(16:0_18:1_20:0),CTL,individual,1:28567320,1,28567320,6.386481e-10,SORBI_3001G254400,0.838522
TG(16:0_18:1_20:0),CTL,individual,1:28567320,1,28567320,6.386481e-10,SORBI_3001G254700,0.834192
TG(16:0_18:1_20:0),CTL,individual,1:28567320,1,28567320,6.386481e-10,SORBI_3001G254200,0.829915
TG(16:0_18:1_20:0),CTL,individual,1:28567320,1,28567320,6.386481e-10,SORBI_3001G254200,0.82782
TG(16:0_18:1_20:0),CTL,individual,1:28567320,1,28567320,6.386481e-10,SORBI_3001G254200,0.814545
TG(16:0_18:1_20:0),CTL,individual,1:28567320,1,28567320,6.386481e-10,SORBI_3001G254700,0.812587
TG(16:0_18:1_20:0),CTL,individual,1:28628559,1,28628559,6.664987e-10,SORBI_3001G254200,0.734944
TG(16:0_18:1_20:0),CTL,individual,8:44755314,8,44755314,7.128154e-10,SORBI_3008G094600,0.964625
TG(16:0_18:1_20:0),CTL,individual,8:44755314,8,44755314,7.128154e-10,SORBI_3008G094800,0.964625
TG(16:0_18:1_20:0),CTL,individual,8:44755314,8,44755314,7.128154e-10,SORBI_3008G094800,0.96119
TG(16:0_18:1_20:0),CTL,individual,8:44755314,8,44755314,7.128154e-10,SORBI_3008G094600,0.960389
TG(16:0_18:1_20:0),CTL,individual,8:44755314,8,44755314,7.128154e-10,SORBI_3008G094800,0.946261
TG(16:0_18:1_20:0),CTL,individual,8:44755314,8,44755314,7.128154e-10,SORBI_3008G094800,0.942647
TG(16:0_18:1_20:0),CTL,individual,8:44755314,8,44755314,7.128154e-10,SORBI_3008G094400,0.942075
TG(16:0_18:1_20:0),CTL,individual,8:44755314,8,44755314,7.128154e-10,SORBI_3008G094500,0.837699
TG(16:0_18:1_20:0),CTL,individual,8:44755314,8,44755314,7.128154e-10,SORBI_3008G094500,0.832954
TG(16:0_18:1_20:0),CTL,individual,8:44755314,8,44755314,7.128154e-10,SORBI_3008G094650,0.609374
TG(16:0_18:1_20:0),CTL,individual,6:19891645,6,19891645,8.166997e-10,SORBI_3006G040201,0.931069
TG(16:0_18:1_20:0),CTL,individual,6:19891645,6,19891645,8.166997e-10,SORBI_3006G040201,0.91527
TG(16:0_18:1_20:0),CTL,individual,6:19891645,6,19891645,8.166997e-10,SORBI_3006G040201,0.909553
TG(16:0_18:1_20:0),CTL,individual,6:19891645,6,19891645,8.166997e-10,SORBI_3006G040201,0.856715
TG(16:0_18:1_20:0),CTL,individual,6:19891645,6,19891645,8.166997e-10,SORBI_3006G040201,0.835517
TG(16:0_18:1_20:0),CTL,individual,6:19891645,6,19891645,8.166997e-10,SORBI_3006G040201,0.808019
TG(16:0_18:1_20:0),CTL,individual,6:19891645,6,19891645,8.166997e-10,SORBI_3006G040201,0.724761
TG(16:0_18:1_20:0),CTL,individual,6:19891645,6,19891645,8.166997e-10,SORBI_3006G040201,0.613589
TG(16:0_18:1_20:0),CTL,individual,8:44917607,8,44917607,8.332139e-10,SORBI_3008G095100,0.956054
TG(16:0_18:1_20:0),CTL,individual,8:44917607,8,44917607,8.332139e-10,SORBI_3008G095150,0.956054
TG(16:0_18:1_20:0),CTL,individual,8:44917607,8,44917607,8.332139e-10,SORBI_3008G095200,0.956054
TG(16:0_18:1_20:0),CTL,individual,8:44917607,8,44917607,8.332139e-10,SORBI_3008G095150,0.947267
TG(16:0_18:1_20:0),CTL,individual,8:44917607,8,44917607,8.332139e-10,SORBI_3008G095150,0.943934
TG(16:0_18:1_20:0),CTL,individual,8:44917607,8,44917607,8.332139e-10,SORBI_3008G095200,0.943934
TG(16:0_18:1_20:0),CTL,individual,8:44917607,8,44917607,8.332139e-10,SORBI_3008G095150,0.935009
TG(16:0_18:1_20:0),CTL,individual,8:44917607,8,44917607,8.332139e-10,SORBI_3008G095150,0.931939
TG(16:0_18:1_20:0),CTL,individual,8:44917607,8,44917607,8.332139e-10,SORBI_3008G095200,0.893072
TG(16:0_18:1_20:0),CTL,individual,8:44917607,8,44917607,8.332139e-10,SORBI_3008G095200,0.87815
TG(16:0_18:1_20:0),CTL,individual,8:44917607,8,44917607,8.332139e-10,SORBI_3008G095150,0.84173
TG(16:0_18:1_20:0),CTL,individual,8:44917607,8,44917607,8.332139e-10,SORBI_3008G095200,0.730325
TG(16:0_18:1_20:0),CTL,individual,7:7903507,7,7903507,9.691377e-10,SORBI_3007G071400,1
TG(16:0_18:1_20:0),CTL,individual,7:7903507,7,7903507,9.691377e-10,SORBI_3007G071400,1
TG(16:0_18:1_20:0),CTL,individual,7:7904098,7,7904098,9.691377e-10,SORBI_3007G071400,1
TG(16:0_18:1_20:0),CTL,individual,7:7904098,7,7904098,9.691377e-10,SORBI_3007G071400,1
TG(16:0_18:1_20:0),CTL,individual,7:7903507,7,7903507,9.691377e-10,SORBI_3007G071400,0.987082
TG(16:0_18:1_20:0),CTL,individual,7:7904098,7,7904098,9.691377e-10,SORBI_3007G071400,0.987082
TG(16:0_18:1_20:0),CTL,individual,7:7903507,7,7903507,9.691377e-10,SORBI_3007G071400,0.974059
TG(16:0_18:1_20:0),CTL,individual,7:7904098,7,7904098,9.691377e-10,SORBI_3007G071400,0.974059
TG(16:0_18:1_20:0),CTL,individual,7:7903507,7,7903507,9.691377e-10,SORBI_3007G070700,0.763719
TG(16:0_18:1_20:0),CTL,individual,7:7903507,7,7903507,9.691377e-10,SORBI_3007G070900,0.763719
TG(16:0_18:1_20:0),CTL,individual,7:7903507,7,7903507,9.691377e-10,SORBI_3007G071000,0.763719
TG(16:0_18:1_20:0),CTL,individual,7:7904098,7,7904098,9.691377e-10,SORBI_3007G070700,0.763719
TG(16:0_18:1_20:0),CTL,individual,7:7904098,7,7904098,9.691377e-10,SORBI_3007G070900,0.763719
TG(16:0_18:1_20:0),CTL,individual,7:7904098,7,7904098,9.691377e-10,SORBI_3007G071000,0.763719
TG(16:0_18:1_20:0),CTL,individual,7:7903507,7,7903507,9.691377e-10,SORBI_3007G071000,0.632176
TG(16:0_18:1_20:0),CTL,individual,7:7904098,7,7904098,9.691377e-10,SORBI_3007G071000,0.632176
TG(16:0_18:1_20:0),CTL,individual,7:7903507,7,7903507,9.691377e-10,SORBI_3007G071000,0.619297
TG(16:0_18:1_20:0),CTL,individual,7:7904098,7,7904098,9.691377e-10,SORBI_3007G071000,0.619297
TG(16:0_18:1_20:0),CTL,individual,7:7903507,7,7903507,9.691377e-10,SORBI_3007G071000,0.602217
TG(16:0_18:1_20:0),CTL,individual,7:7904098,7,7904098,9.691377e-10,SORBI_3007G071000,0.602217
TG(16:0_18:1_20:0),CTL,individual,6:20488081,6,20488081,1.01473e-09,SORBI_3006G040301,0.965271
TG(16:0_18:1_20:0),CTL,individual,6:20488081,6,20488081,1.01473e-09,SORBI_3006G040301,0.959446
TG(16:0_18:1_20:0),CTL,individual,6:20488081,6,20488081,1.01473e-09,SORBI_3006G040301,0.930658
TG(16:0_18:1_20:0),CTL,individual,6:20488081,6,20488081,1.01473e-09,SORBI_3006G040301,0.925141
TG(16:0_18:1_20:0),CTL,individual,6:20488081,6,20488081,1.01473e-09,SORBI_3006G040301,0.691335
TG(16:0_18:1_20:0),CTL,individual,8:44638477,8,44638477,1.046417e-09,SORBI_3008G094300,0.958749
TG(16:0_18:1_20:0),CTL,individual,8:44638477,8,44638477,1.046417e-09,SORBI_3008G094800,0.940751
TG(16:0_18:1_20:0),CTL,individual,8:44638477,8,44638477,1.046417e-09,SORBI_3008G094600,0.940373
TG(16:0_18:1_20:0),CTL,individual,8:44638477,8,44638477,1.046417e-09,SORBI_3008G094600,0.936482
TG(16:0_18:1_20:0),CTL,individual,8:44638477,8,44638477,1.046417e-09,SORBI_3008G094800,0.936482
TG(16:0_18:1_20:0),CTL,individual,8:44638477,8,44638477,1.046417e-09,SORBI_3008G094800,0.93173
TG(16:0_18:1_20:0),CTL,individual,8:44638477,8,44638477,1.046417e-09,SORBI_3008G094400,0.931625
TG(16:0_18:1_20:0),CTL,individual,8:44638477,8,44638477,1.046417e-09,SORBI_3008G094800,0.919688
TG(16:0_18:1_20:0),CTL,individual,8:44638477,8,44638477,1.046417e-09,SORBI_3008G094500,0.819331
TG(16:0_18:1_20:0),CTL,individual,8:44638477,8,44638477,1.046417e-09,SORBI_3008G094500,0.799064
TG(16:0_18:1_20:0),CTL,individual,8:44969274,8,44969274,1.195333e-09,SORBI_3008G095200,1
TG(16:0_18:1_20:0),CTL,individual,8:44969274,8,44969274,1.195333e-09,SORBI_3008G095200,1
TG(16:0_18:1_20:0),CTL,individual,8:44969274,8,44969274,1.195333e-09,SORBI_3008G095150,0.961497
TG(16:0_18:1_20:0),CTL,individual,8:44969274,8,44969274,1.195333e-09,SORBI_3008G095200,0.951644
TG(16:0_18:1_20:0),CTL,individual,8:44969274,8,44969274,1.195333e-09,SORBI_3008G095100,0.944697
TG(16:0_18:1_20:0),CTL,individual,8:44969274,8,44969274,1.195333e-09,SORBI_3008G095150,0.944697
TG(16:0_18:1_20:0),CTL,individual,8:44969274,8,44969274,1.195333e-09,SORBI_3008G095200,0.944697
TG(16:0_18:1_20:0),CTL,individual,8:44969274,8,44969274,1.195333e-09,SORBI_3008G095150,0.936003
TG(16:0_18:1_20:0),CTL,individual,8:44969274,8,44969274,1.195333e-09,SORBI_3008G095150,0.934152
TG(16:0_18:1_20:0),CTL,individual,8:44969274,8,44969274,1.195333e-09,SORBI_3008G095200,0.934152
TG(16:0_18:1_20:0),CTL,individual,8:44969274,8,44969274,1.195333e-09,SORBI_3008G095150,0.925311
TG(16:0_18:1_20:0),CTL,individual,8:44969274,8,44969274,1.195333e-09,SORBI_3008G095150,0.887936
TG(16:0_18:1_20:0),CTL,individual,8:44969274,8,44969274,1.195333e-09,SORBI_3008G095150,0.847125
TG(16:0_18:1_20:0),CTL,individual,8:44969274,8,44969274,1.195333e-09,SORBI_3008G095200,0.723065
TG(16:0_18:1_20:0),CTL,individual,7:44032615,7,44032615,1.346868e-09,SORBI_3007G112900,0.620446
TG(16:0_18:1_20:0),CTL,individual,7:44032615,7,44032615,1.346868e-09,SORBI_3007G113200,0.619789
TG(16:0_18:1_20:0),CTL,individual,7:44032615,7,44032615,1.346868e-09,SORBI_3007G112900,0.615761
TG(16:0_18:1_20:0),CTL,individual,6:32567791,6,32567791,1.482233e-09,SORBI_3006G047200,0.930248
TG(16:0_18:1_20:0),CTL,individual,6:32567791,6,32567791,1.482233e-09,SORBI_3006G047300,0.910795
TG(16:0_18:1_20:0),CTL,individual,6:32567791,6,32567791,1.482233e-09,SORBI_3006G047200,0.880471
TG(16:0_18:1_20:0),CTL,individual,6:32567791,6,32567791,1.482233e-09,SORBI_3006G047100,0.638122
TG(16:0_18:1_20:0),CTL,individual,8:44950386,8,44950386,1.934443e-09,SORBI_3008G095150,1
TG(16:0_18:1_20:0),CTL,individual,8:44950386,8,44950386,1.934443e-09,SORBI_3008G095150,1
TG(16:0_18:1_20:0),CTL,individual,8:44950386,8,44950386,1.934443e-09,SORBI_3008G095150,0.929707
TG(16:0_18:1_20:0),CTL,individual,8:44950386,8,44950386,1.934443e-09,SORBI_3008G095150,0.923975
TG(16:0_18:1_20:0),CTL,individual,8:44950386,8,44950386,1.934443e-09,SORBI_3008G095100,0.918748
TG(16:0_18:1_20:0),CTL,individual,8:44950386,8,44950386,1.934443e-09,SORBI_3008G095150,0.918748
TG(16:0_18:1_20:0),CTL,individual,8:44950386,8,44950386,1.934443e-09,SORBI_3008G095200,0.918748
TG(16:0_18:1_20:0),CTL,individual,8:44950386,8,44950386,1.934443e-09,SORBI_3008G095150,0.915297
TG(16:0_18:1_20:0),CTL,individual,8:44950386,8,44950386,1.934443e-09,SORBI_3008G095150,0.910338
TG(16:0_18:1_20:0),CTL,individual,8:44950386,8,44950386,1.934443e-09,SORBI_3008G095200,0.909033
TG(16:0_18:1_20:0),CTL,individual,8:44950386,8,44950386,1.934443e-09,SORBI_3008G095200,0.903304
TG(16:0_18:1_20:0),CTL,individual,8:44950386,8,44950386,1.934443e-09,SORBI_3008G095200,0.887936
TG(16:0_18:1_20:0),CTL,individual,8:44950386,8,44950386,1.934443e-09,SORBI_3008G095150,0.88035
TG(16:0_18:1_20:0),CTL,individual,8:44950386,8,44950386,1.934443e-09,SORBI_3008G095200,0.716044
TG(16:0_18:1_20:0),CTL,individual,6:34896023,6,34896023,2.08685e-09,SORBI_3006G048775,0.981376
TG(16:0_18:1_20:0),CTL,individual,6:34896023,6,34896023,2.08685e-09,SORBI_3006G048775,0.981372
TG(16:0_18:1_20:0),CTL,individual,6:34896023,6,34896023,2.08685e-09,SORBI_3006G048775,0.981368
TG(16:0_18:1_20:0),CTL,individual,6:34896023,6,34896023,2.08685e-09,SORBI_3006G048775,0.962558
TG(16:0_18:1_20:0),CTL,individual,6:34896023,6,34896023,2.08685e-09,SORBI_3006G048775,0.945818
TG(16:0_18:1_20:0),CTL,individual,6:34896023,6,34896023,2.08685e-09,SORBI_3006G048775,0.928538
TG(16:0_18:1_20:0),CTL,individual,8:44949392,8,44949392,2.203241e-09,SORBI_3008G095150,1
TG(16:0_18:1_20:0),CTL,individual,8:44949392,8,44949392,2.203241e-09,SORBI_3008G095150,1
TG(16:0_18:1_20:0),CTL,individual,8:44949392,8,44949392,2.203241e-09,SORBI_3008G095100,0.981889
TG(16:0_18:1_20:0),CTL,individual,8:44949392,8,44949392,2.203241e-09,SORBI_3008G095150,0.981889
TG(16:0_18:1_20:0),CTL,individual,8:44949392,8,44949392,2.203241e-09,SORBI_3008G095200,0.981889
TG(16:0_18:1_20:0),CTL,individual,8:44949392,8,44949392,2.203241e-09,SORBI_3008G095150,0.972904
TG(16:0_18:1_20:0),CTL,individual,8:44949392,8,44949392,2.203241e-09,SORBI_3008G095150,0.971614
TG(16:0_18:1_20:0),CTL,individual,8:44949392,8,44949392,2.203241e-09,SORBI_3008G095200,0.971614
TG(16:0_18:1_20:0),CTL,individual,8:44949392,8,44949392,2.203241e-09,SORBI_3008G095200,0.971308
TG(16:0_18:1_20:0),CTL,individual,8:44949392,8,44949392,2.203241e-09,SORBI_3008G095150,0.962471
TG(16:0_18:1_20:0),CTL,individual,8:44949392,8,44949392,2.203241e-09,SORBI_3008G095200,0.961497
TG(16:0_18:1_20:0),CTL,individual,8:44949392,8,44949392,2.203241e-09,SORBI_3008G095150,0.929707
TG(16:0_18:1_20:0),CTL,individual,8:44949392,8,44949392,2.203241e-09,SORBI_3008G095150,0.887936
TG(16:0_18:1_20:0),CTL,individual,8:44949392,8,44949392,2.203241e-09,SORBI_3008G095200,0.75274
TG(16:0_18:1_20:0),CTL,individual,8:44766661,8,44766661,2.229212e-09,SORBI_3008G094600,0.874384
TG(16:0_18:1_20:0),CTL,individual,8:44766661,8,44766661,2.229212e-09,SORBI_3008G094800,0.874384
TG(16:0_18:1_20:0),CTL,individual,8:44766661,8,44766661,2.229212e-09,SORBI_3008G094800,0.873287
TG(16:0_18:1_20:0),CTL,individual,8:44766661,8,44766661,2.229212e-09,SORBI_3008G094600,0.868522
TG(16:0_18:1_20:0),CTL,individual,8:44766661,8,44766661,2.229212e-09,SORBI_3008G094800,0.8591
TG(16:0_18:1_20:0),CTL,individual,8:44766661,8,44766661,2.229212e-09,SORBI_3008G094400,0.854513
TG(16:0_18:1_20:0),CTL,individual,8:44766661,8,44766661,2.229212e-09,SORBI_3008G094800,0.850905
TG(16:0_18:1_20:0),CTL,individual,8:44766661,8,44766661,2.229212e-09,SORBI_3008G094500,0.71259
TG(16:0_18:1_20:0),CTL,individual,8:44766661,8,44766661,2.229212e-09,SORBI_3008G094500,0.700663
TG(16:0_18:1_20:0),CTL,individual,8:44766661,8,44766661,2.229212e-09,SORBI_3008G095150,0.608944
TG(16:0_18:1_20:0),CTL,individual,8:44766661,8,44766661,2.229212e-09,SORBI_3008G095150,0.608648
TG(16:0_18:1_20:0),CTL,individual,7:18273885,7,18273885,2.273023e-09,SORBI_3007G096900,0.746217
TG(16:0_18:1_20:0),CTL,individual,7:18273885,7,18273885,2.273023e-09,SORBI_3007G097000,0.698338
TG(16:0_18:1_20:0),CTL,individual,7:18273885,7,18273885,2.273023e-09,SORBI_3007G096900,0.695524
TG(16:0_18:1_20:0),CTL,individual,7:18273885,7,18273885,2.273023e-09,SORBI_3007G097000,0.695524
TG(16:0_18:1_20:0),CTL,individual,7:18273885,7,18273885,2.273023e-09,SORBI_3007G096900,0.682594
TG(16:0_18:1_20:0),CTL,individual,7:18273885,7,18273885,2.273023e-09,SORBI_3007G096900,0.67986
TG(16:0_18:1_20:0),CTL,individual,8:45372717,8,45372717,2.410277e-09,SORBI_3008G096200,1
TG(16:0_18:1_20:0),CTL,individual,8:45372717,8,45372717,2.410277e-09,SORBI_3008G096300,1
TG(16:0_18:1_20:0),CTL,individual,8:45372717,8,45372717,2.410277e-09,SORBI_3008G096050,0.882693
TG(16:0_18:1_20:0),CTL,individual,8:45372717,8,45372717,2.410277e-09,SORBI_3008G096050,0.882605
TG(16:0_18:1_20:0),CTL,individual,8:45372717,8,45372717,2.410277e-09,SORBI_3008G096050,0.876296
TG(16:0_18:1_20:0),CTL,individual,8:45372717,8,45372717,2.410277e-09,SORBI_3008G096050,0.874905
TG(16:0_18:1_20:0),CTL,individual,8:45372717,8,45372717,2.410277e-09,SORBI_3008G096050,0.794059
TG(16:0_18:1_20:0),CTL,individual,8:45372717,8,45372717,2.410277e-09,SORBI_3008G096050,0.791313
TG(16:0_18:1_20:0),CTL,individual,8:45372717,8,45372717,2.410277e-09,SORBI_3008G096050,0.769755
TG(16:0_18:1_20:0),CTL,individual,8:45372717,8,45372717,2.410277e-09,SORBI_3008G096050,0.76278
TG(16:0_18:1_20:0),CTL,individual,8:45372717,8,45372717,2.410277e-09,SORBI_3008G096050,0.761639
TG(16:0_18:1_20:0),CTL,individual,8:45372717,8,45372717,2.410277e-09,SORBI_3008G096050,0.615542
TG(16:0_18:1_20:0),CTL,individual,6:7329349,6,7329349,2.535276e-09,SORBI_3006G032800,0.960055
TG(16:0_18:1_20:0),CTL,individual,6:7329349,6,7329349,2.535276e-09,SORBI_3006G032700,0.954697
TG(16:0_18:1_20:0),CTL,individual,6:7329349,6,7329349,2.535276e-09,SORBI_3006G032800,0.954697
TG(16:0_18:1_20:0),CTL,individual,6:7329349,6,7329349,2.535276e-09,SORBI_3006G032600,0.929097
TG(16:0_18:1_20:0),CTL,individual,6:7329349,6,7329349,2.535276e-09,SORBI_3006G032800,0.726412
TG(16:0_18:1_20:0),CTL,individual,6:7329349,6,7329349,2.535276e-09,SORBI_3006G032600,0.726354
TG(16:0_18:1_20:0),CTL,individual,6:7329349,6,7329349,2.535276e-09,SORBI_3006G032800,0.71993
TG(16:0_18:1_20:0),CTL,individual,6:7329349,6,7329349,2.535276e-09,SORBI_3006G032800,0.715849
TG(16:0_18:1_20:0),CTL,individual,6:7329349,6,7329349,2.535276e-09,SORBI_3006G032400,0.708156
TG(16:0_18:1_20:0),CTL,individual,6:7329349,6,7329349,2.535276e-09,SORBI_3006G032400,0.702448
TG(16:0_18:1_20:0),CTL,individual,6:7329349,6,7329349,2.535276e-09,SORBI_3006G032500,0.702371
TG(16:0_18:1_20:0),CTL,individual,6:7329349,6,7329349,2.535276e-09,SORBI_3006G032400,0.702066
TG(16:0_18:1_20:0),CTL,individual,6:7329349,6,7329349,2.535276e-09,SORBI_3006G032400,0.699619
TG(16:0_18:1_20:0),CTL,individual,6:7329349,6,7329349,2.535276e-09,SORBI_3006G032400,0.690584
TG(16:0_18:1_20:0),CTL,individual,6:7329349,6,7329349,2.535276e-09,SORBI_3006G032400,0.672329
TG(16:0_18:1_20:0),CTL,individual,6:7329349,6,7329349,2.535276e-09,SORBI_3006G033001,0.657228
TG(16:0_18:1_20:0),CTL,individual,6:7329349,6,7329349,2.535276e-09,SORBI_3006G033001,0.6384
TG(16:0_18:1_20:0),CTL,individual,6:7329349,6,7329349,2.535276e-09,SORBI_3006G033001,0.63748
TG(16:0_18:1_20:0),CTL,individual,6:7329349,6,7329349,2.535276e-09,SORBI_3006G032900,0.630993
TG(16:0_18:1_20:0),CTL,individual,6:7329349,6,7329349,2.535276e-09,SORBI_3006G032400,0.626357
TG(16:0_18:1_20:0),CTL,individual,6:7329349,6,7329349,2.535276e-09,SORBI_3006G032900,0.625715
TG(16:0_18:1_20:0),CTL,individual,6:7329349,6,7329349,2.535276e-09,SORBI_3006G033001,0.625715
TG(16:0_18:1_20:0),CTL,individual,6:7329349,6,7329349,2.535276e-09,SORBI_3006G032400,0.62173
TG(16:0_18:1_20:0),CTL,individual,6:7329349,6,7329349,2.535276e-09,SORBI_3006G033001,0.618119
TG(16:0_18:1_20:0),CTL,individual,9:1448433,9,1448433,2.599364e-09,SORBI_3009G015166,1
TG(16:0_18:1_20:0),CTL,individual,6:25910115,6,25910115,2.72434e-09,SORBI_3006G040800,0.962938
TG(16:0_18:1_20:0),CTL,individual,6:25910116,6,25910116,2.72434e-09,SORBI_3006G040800,0.962938
TG(16:0_18:1_20:0),CTL,individual,6:25910115,6,25910115,2.72434e-09,SORBI_3006G040800,0.960146
TG(16:0_18:1_20:0),CTL,individual,6:25910116,6,25910116,2.72434e-09,SORBI_3006G040800,0.960146
TG(16:0_18:1_20:0),CTL,individual,6:25910115,6,25910115,2.72434e-09,SORBI_3006G040800,0.960003
TG(16:0_18:1_20:0),CTL,individual,6:25910116,6,25910116,2.72434e-09,SORBI_3006G040800,0.960003
TG(16:0_18:1_20:0),CTL,individual,6:25910115,6,25910115,2.72434e-09,SORBI_3006G040800,0.957195
TG(16:0_18:1_20:0),CTL,individual,6:25910116,6,25910116,2.72434e-09,SORBI_3006G040800,0.957195
TG(16:0_18:1_20:0),CTL,individual,6:25910115,6,25910115,2.72434e-09,SORBI_3006G040800,0.957083
TG(16:0_18:1_20:0),CTL,individual,6:25910116,6,25910116,2.72434e-09,SORBI_3006G040800,0.957083
TG(16:0_18:1_20:0),CTL,individual,6:25910115,6,25910115,2.72434e-09,SORBI_3006G040800,0.951452
TG(16:0_18:1_20:0),CTL,individual,6:25910116,6,25910116,2.72434e-09,SORBI_3006G040800,0.951452
TG(16:0_18:1_20:0),CTL,individual,6:25910115,6,25910115,2.72434e-09,SORBI_3006G040800,0.95134
TG(16:0_18:1_20:0),CTL,individual,6:25910116,6,25910116,2.72434e-09,SORBI_3006G040800,0.95134
TG(16:0_18:1_20:0),CTL,individual,6:25910115,6,25910115,2.72434e-09,SORBI_3006G040800,0.93735
TG(16:0_18:1_20:0),CTL,individual,6:25910116,6,25910116,2.72434e-09,SORBI_3006G040800,0.93735
TG(16:0_18:1_20:0),CTL,individual,6:25910115,6,25910115,2.72434e-09,SORBI_3006G040800,0.934439
TG(16:0_18:1_20:0),CTL,individual,6:25910116,6,25910116,2.72434e-09,SORBI_3006G040800,0.934439
TG(16:0_18:1_20:0),CTL,individual,6:25910115,6,25910115,2.72434e-09,SORBI_3006G040800,0.929184
TG(16:0_18:1_20:0),CTL,individual,6:25910116,6,25910116,2.72434e-09,SORBI_3006G040800,0.929184
TG(16:0_18:1_20:0),CTL,individual,6:25910115,6,25910115,2.72434e-09,SORBI_3006G040800,0.926051
TG(16:0_18:1_20:0),CTL,individual,6:25910116,6,25910116,2.72434e-09,SORBI_3006G040800,0.926051
TG(16:0_18:1_20:0),CTL,individual,6:25910115,6,25910115,2.72434e-09,SORBI_3006G040700,0.817889
TG(16:0_18:1_20:0),CTL,individual,6:25910116,6,25910116,2.72434e-09,SORBI_3006G040700,0.817889
TG(16:0_18:1_20:0),CTL,individual,6:25910115,6,25910115,2.72434e-09,SORBI_3006G040700,0.732548
TG(16:0_18:1_20:0),CTL,individual,6:25910116,6,25910116,2.72434e-09,SORBI_3006G040700,0.732548
TG(16:0_18:1_20:0),CTL,individual,6:25910115,6,25910115,2.72434e-09,SORBI_3006G040800,0.720754
TG(16:0_18:1_20:0),CTL,individual,6:25910116,6,25910116,2.72434e-09,SORBI_3006G040800,0.720754
TG(16:0_18:1_20:0),CTL,individual,6:25910115,6,25910115,2.72434e-09,SORBI_3006G040800,0.718382
TG(16:0_18:1_20:0),CTL,individual,6:25910116,6,25910116,2.72434e-09,SORBI_3006G040800,0.718382
TG(16:0_18:1_20:0),CTL,individual,6:25910115,6,25910115,2.72434e-09,SORBI_3006G040800,0.713561
TG(16:0_18:1_20:0),CTL,individual,6:25910116,6,25910116,2.72434e-09,SORBI_3006G040800,0.713561
TG(16:0_18:1_20:0),CTL,individual,6:25910115,6,25910115,2.72434e-09,SORBI_3006G040800,0.710249
TG(16:0_18:1_20:0),CTL,individual,6:25910116,6,25910116,2.72434e-09,SORBI_3006G040800,0.710249
TG(16:0_18:1_20:0),CTL,individual,6:25910115,6,25910115,2.72434e-09,SORBI_3006G040700,0.623726
TG(16:0_18:1_20:0),CTL,individual,6:25910116,6,25910116,2.72434e-09,SORBI_3006G040700,0.623726
TG(16:0_18:1_20:0),CTL,individual,7:32605979,7,32605979,2.927088e-09,SORBI_3007G103732,0.958364
TG(16:0_18:1_20:0),CTL,individual,7:32605979,7,32605979,2.927088e-09,SORBI_3007G103732,0.703515
TG(16:0_18:1_20:0),CTL,individual,7:32605979,7,32605979,2.927088e-09,SORBI_3007G103732,0.673666
TG(16:0_18:1_20:0),CTL,individual,6:36326113,6,36326113,3.001953e-09,SORBI_3006G049666,0.864368
TG(16:0_18:1_20:0),CTL,individual,8:44660073,8,44660073,3.015939e-09,SORBI_3008G094300,0.958814
TG(16:0_18:1_20:0),CTL,individual,8:44660073,8,44660073,3.015939e-09,SORBI_3008G094800,0.943602
TG(16:0_18:1_20:0),CTL,individual,8:44660073,8,44660073,3.015939e-09,SORBI_3008G094800,0.94007
TG(16:0_18:1_20:0),CTL,individual,8:44660073,8,44660073,3.015939e-09,SORBI_3008G094600,0.939553
TG(16:0_18:1_20:0),CTL,individual,8:44660073,8,44660073,3.015939e-09,SORBI_3008G094600,0.935648
TG(16:0_18:1_20:0),CTL,individual,8:44660073,8,44660073,3.015939e-09,SORBI_3008G094800,0.926269
TG(16:0_18:1_20:0),CTL,individual,8:44660073,8,44660073,3.015939e-09,SORBI_3008G094800,0.922551
TG(16:0_18:1_20:0),CTL,individual,8:44660073,8,44660073,3.015939e-09,SORBI_3008G094400,0.922269
TG(16:0_18:1_20:0),CTL,individual,8:44660073,8,44660073,3.015939e-09,SORBI_3008G094500,0.809732
TG(16:0_18:1_20:0),CTL,individual,8:44660073,8,44660073,3.015939e-09,SORBI_3008G094500,0.781391
TG(16:0_18:1_20:0),CTL,individual,1:21407177,1,21407177,3.182524e-09,SORBI_3001G223300,0.926493
TG(16:0_18:1_20:0),CTL,individual,1:21407177,1,21407177,3.182524e-09,SORBI_3001G223200,0.886234
TG(16:0_18:1_20:0),CTL,individual,1:21407177,1,21407177,3.182524e-09,SORBI_3001G223300,0.849133
TG(16:0_18:1_20:0),CTL,individual,1:21407177,1,21407177,3.182524e-09,SORBI_3001G223550,0.847014
TG(16:0_18:1_20:0),CTL,individual,1:21407177,1,21407177,3.182524e-09,SORBI_3001G223550,0.841228
TG(16:0_18:1_20:0),CTL,individual,1:21407177,1,21407177,3.182524e-09,SORBI_3001G223550,0.841204
TG(16:0_18:1_20:0),CTL,individual,1:21407177,1,21407177,3.182524e-09,SORBI_3001G223550,0.84118
TG(16:0_18:1_20:0),CTL,individual,1:21407177,1,21407177,3.182524e-09,SORBI_3001G223200,0.796407
TG(16:0_18:1_20:0),CTL,individual,1:21407177,1,21407177,3.182524e-09,SORBI_3001G223200,0.759683
TG(16:0_18:1_20:0),CTL,individual,1:21407177,1,21407177,3.182524e-09,SORBI_3001G223300,0.755085
TG(16:0_18:1_20:0),CTL,individual,1:21407177,1,21407177,3.182524e-09,SORBI_3001G224000,0.679715
TG(16:0_18:1_20:0),CTL,individual,8:44881141,8,44881141,3.233317e-09,SORBI_3008G095150,0.990619
TG(16:0_18:1_20:0),CTL,individual,8:44881141,8,44881141,3.233317e-09,SORBI_3008G095100,0.981885
TG(16:0_18:1_20:0),CTL,individual,8:44881141,8,44881141,3.233317e-09,SORBI_3008G095150,0.981885
TG(16:0_18:1_20:0),CTL,individual,8:44881141,8,44881141,3.233317e-09,SORBI_3008G095200,0.981885
TG(16:0_18:1_20:0),CTL,individual,8:44881141,8,44881141,3.233317e-09,SORBI_3008G095150,0.981322
TG(16:0_18:1_20:0),CTL,individual,8:44881141,8,44881141,3.233317e-09,SORBI_3008G095150,0.972899
TG(16:0_18:1_20:0),CTL,individual,8:44881141,8,44881141,3.233317e-09,SORBI_3008G095150,0.971608
TG(16:0_18:1_20:0),CTL,individual,8:44881141,8,44881141,3.233317e-09,SORBI_3008G095200,0.971608
TG(16:0_18:1_20:0),CTL,individual,8:44881141,8,44881141,3.233317e-09,SORBI_3008G095150,0.961489
TG(16:0_18:1_20:0),CTL,individual,8:44881141,8,44881141,3.233317e-09,SORBI_3008G095200,0.932167
TG(16:0_18:1_20:0),CTL,individual,8:44881141,8,44881141,3.233317e-09,SORBI_3008G095200,0.923735
TG(16:0_18:1_20:0),CTL,individual,8:44881141,8,44881141,3.233317e-09,SORBI_3008G095150,0.908684
TG(16:0_18:1_20:0),CTL,individual,8:44881141,8,44881141,3.233317e-09,SORBI_3008G095200,0.767755
TG(16:0_18:1_20:0),CTL,individual,8:44886771,8,44886771,3.389983e-09,SORBI_3008G095150,0.954893
TG(16:0_18:1_20:0),CTL,individual,8:44886771,8,44886771,3.389983e-09,SORBI_3008G095100,0.944897
TG(16:0_18:1_20:0),CTL,individual,8:44886771,8,44886771,3.389983e-09,SORBI_3008G095150,0.944897
TG(16:0_18:1_20:0),CTL,individual,8:44886771,8,44886771,3.389983e-09,SORBI_3008G095200,0.944897
TG(16:0_18:1_20:0),CTL,individual,8:44886771,8,44886771,3.389983e-09,SORBI_3008G095150,0.943628
TG(16:0_18:1_20:0),CTL,individual,8:44886771,8,44886771,3.389983e-09,SORBI_3008G095150,0.941707
TG(16:0_18:1_20:0),CTL,individual,8:44886771,8,44886771,3.389983e-09,SORBI_3008G095150,0.933651
TG(16:0_18:1_20:0),CTL,individual,8:44886771,8,44886771,3.389983e-09,SORBI_3008G095200,0.933651
TG(16:0_18:1_20:0),CTL,individual,8:44886771,8,44886771,3.389983e-09,SORBI_3008G095200,0.922538
TG(16:0_18:1_20:0),CTL,individual,8:44886771,8,44886771,3.389983e-09,SORBI_3008G095200,0.910298
TG(16:0_18:1_20:0),CTL,individual,8:44886771,8,44886771,3.389983e-09,SORBI_3008G095150,0.860381
TG(16:0_18:1_20:0),CTL,individual,8:44886771,8,44886771,3.389983e-09,SORBI_3008G095150,0.839752
TG(16:0_18:1_20:0),CTL,individual,8:44886771,8,44886771,3.389983e-09,SORBI_3008G095200,0.721715
TG(16:0_18:1_20:0),CTL,individual,7:42424134,7,42424134,3.43293e-09,SORBI_3007G111800,0.655806
TG(16:0_18:1_20:0),CTL,individual,7:42424138,7,42424138,3.43293e-09,SORBI_3007G111800,0.655806
TG(16:0_18:1_20:0),CTL,individual,7:42424134,7,42424134,3.43293e-09,SORBI_3007G111901,0.653195
TG(16:0_18:1_20:0),CTL,individual,7:42424138,7,42424138,3.43293e-09,SORBI_3007G111901,0.653195
TG(16:0_18:1_20:0),CTL,individual,7:42424134,7,42424134,3.43293e-09,SORBI_3007G111901,0.642521
TG(16:0_18:1_20:0),CTL,individual,7:42424138,7,42424138,3.43293e-09,SORBI_3007G111901,0.642521
TG(16:0_18:1_20:0),CTL,individual,7:42424134,7,42424134,3.43293e-09,SORBI_3007G111901,0.636723
TG(16:0_18:1_20:0),CTL,individual,7:42424138,7,42424138,3.43293e-09,SORBI_3007G111901,0.636723
TG(16:0_18:1_20:0),CTL,individual,7:42424134,7,42424134,3.43293e-09,SORBI_3007G112000,0.634745
TG(16:0_18:1_20:0),CTL,individual,7:42424138,7,42424138,3.43293e-09,SORBI_3007G112000,0.634745
TG(16:0_18:1_20:0),CTL,individual,7:42424134,7,42424134,3.43293e-09,SORBI_3007G111901,0.620564
TG(16:0_18:1_20:0),CTL,individual,7:42424138,7,42424138,3.43293e-09,SORBI_3007G111901,0.620564
TG(16:0_18:1_20:0),CTL,individual,8:44948456,8,44948456,3.807451e-09,SORBI_3008G095150,1
TG(16:0_18:1_20:0),CTL,individual,8:44948456,8,44948456,3.807451e-09,SORBI_3008G095150,1
TG(16:0_18:1_20:0),CTL,individual,8:44948456,8,44948456,3.807451e-09,SORBI_3008G095100,0.99085
TG(16:0_18:1_20:0),CTL,individual,8:44948456,8,44948456,3.807451e-09,SORBI_3008G095150,0.99085
TG(16:0_18:1_20:0),CTL,individual,8:44948456,8,44948456,3.807451e-09,SORBI_3008G095200,0.99085
TG(16:0_18:1_20:0),CTL,individual,8:44948456,8,44948456,3.807451e-09,SORBI_3008G095150,0.981787
TG(16:0_18:1_20:0),CTL,individual,8:44948456,8,44948456,3.807451e-09,SORBI_3008G095200,0.981787
TG(16:0_18:1_20:0),CTL,individual,8:44948456,8,44948456,3.807451e-09,SORBI_3008G095150,0.972904
TG(16:0_18:1_20:0),CTL,individual,8:44948456,8,44948456,3.807451e-09,SORBI_3008G095150,0.972502
TG(16:0_18:1_20:0),CTL,individual,8:44948456,8,44948456,3.807451e-09,SORBI_3008G095200,0.936003
TG(16:0_18:1_20:0),CTL,individual,8:44948456,8,44948456,3.807451e-09,SORBI_3008G095200,0.927873
TG(16:0_18:1_20:0),CTL,individual,8:44948456,8,44948456,3.807451e-09,SORBI_3008G095150,0.910338
TG(16:0_18:1_20:0),CTL,individual,8:44948456,8,44948456,3.807451e-09,SORBI_3008G095200,0.760023
TG(16:0_18:1_20:0),CTL,individual,7:13239852,7,13239852,3.871849e-09,SORBI_3007G090415,0.953406
TG(16:0_18:1_20:0),CTL,individual,7:13239852,7,13239852,3.871849e-09,SORBI_3007G090421,0.953406
TG(16:0_18:1_20:0),CTL,individual,7:13239852,7,13239852,3.871849e-09,SORBI_3007G090424,0.953406
TG(16:0_18:1_20:0),CTL,individual,7:13239852,7,13239852,3.871849e-09,SORBI_3007G090412,0.953393
TG(16:0_18:1_20:0),CTL,individual,7:13239852,7,13239852,3.871849e-09,SORBI_3007G090421,0.942717
TG(16:0_18:1_20:0),CTL,individual,7:13239852,7,13239852,3.871849e-09,SORBI_3007G090418,0.937557
TG(16:0_18:1_20:0),CTL,individual,7:13239852,7,13239852,3.871849e-09,SORBI_3007G090403,0.935766
TG(16:0_18:1_20:0),CTL,individual,7:13239852,7,13239852,3.871849e-09,SORBI_3007G090415,0.935766
TG(16:0_18:1_20:0),CTL,individual,7:13239852,7,13239852,3.871849e-09,SORBI_3007G090421,0.935766
TG(16:0_18:1_20:0),CTL,individual,7:13239852,7,13239852,3.871849e-09,SORBI_3007G090424,0.935766
TG(16:0_18:1_20:0),CTL,individual,7:13239852,7,13239852,3.871849e-09,SORBI_3007G090412,0.935749
TG(16:0_18:1_20:0),CTL,individual,7:13239852,7,13239852,3.871849e-09,SORBI_3007G090418,0.932528
TG(16:0_18:1_20:0),CTL,individual,7:13239852,7,13239852,3.871849e-09,SORBI_3007G090418,0.932492
TG(16:0_18:1_20:0),CTL,individual,7:13239852,7,13239852,3.871849e-09,SORBI_3007G090403,0.930492
TG(16:0_18:1_20:0),CTL,individual,7:13239852,7,13239852,3.871849e-09,SORBI_3007G090418,0.930492
TG(16:0_18:1_20:0),CTL,individual,7:13239852,7,13239852,3.871849e-09,SORBI_3007G090421,0.930492
TG(16:0_18:1_20:0),CTL,individual,7:13239852,7,13239852,3.871849e-09,SORBI_3007G090412,0.930473
TG(16:0_18:1_20:0),CTL,individual,7:13239852,7,13239852,3.871849e-09,SORBI_3007G090415,0.928985
TG(16:0_18:1_20:0),CTL,individual,7:13239852,7,13239852,3.871849e-09,SORBI_3007G090421,0.928985
TG(16:0_18:1_20:0),CTL,individual,7:13239852,7,13239852,3.871849e-09,SORBI_3007G090421,0.928916
TG(16:0_18:1_20:0),CTL,individual,7:13239852,7,13239852,3.871849e-09,SORBI_3007G090424,0.928916
TG(16:0_18:1_20:0),CTL,individual,7:13239852,7,13239852,3.871849e-09,SORBI_3007G090412,0.928897
TG(16:0_18:1_20:0),CTL,individual,7:13239852,7,13239852,3.871849e-09,SORBI_3007G090418,0.927639
TG(16:0_18:1_20:0),CTL,individual,7:13239852,7,13239852,3.871849e-09,SORBI_3007G090415,0.926945
TG(16:0_18:1_20:0),CTL,individual,7:13239852,7,13239852,3.871849e-09,SORBI_3007G090421,0.926945
TG(16:0_18:1_20:0),CTL,individual,7:13239852,7,13239852,3.871849e-09,SORBI_3007G090424,0.926945
TG(16:0_18:1_20:0),CTL,individual,7:13239852,7,13239852,3.871849e-09,SORBI_3007G090418,0.926906
TG(16:0_18:1_20:0),CTL,individual,7:13239852,7,13239852,3.871849e-09,SORBI_3007G090418,0.926886
TG(16:0_18:1_20:0),CTL,individual,7:13239852,7,13239852,3.871849e-09,SORBI_3007G090424,0.9264
TG(16:0_18:1_20:0),CTL,individual,7:13239852,7,13239852,3.871849e-09,SORBI_3007G090403,0.925345
TG(16:0_18:1_20:0),CTL,individual,7:13239852,7,13239852,3.871849e-09,SORBI_3007G090418,0.925345
TG(16:0_18:1_20:0),CTL,individual,7:13239852,7,13239852,3.871849e-09,SORBI_3007G090421,0.925345
TG(16:0_18:1_20:0),CTL,individual,7:13239852,7,13239852,3.871849e-09,SORBI_3007G090403,0.923531
TG(16:0_18:1_20:0),CTL,individual,7:13239852,7,13239852,3.871849e-09,SORBI_3007G090415,0.923531
TG(16:0_18:1_20:0),CTL,individual,7:13239852,7,13239852,3.871849e-09,SORBI_3007G090421,0.923531
TG(16:0_18:1_20:0),CTL,individual,7:13239852,7,13239852,3.871849e-09,SORBI_3007G090424,0.923531
TG(16:0_18:1_20:0),CTL,individual,7:13239852,7,13239852,3.871849e-09,SORBI_3007G090418,0.92349
TG(16:0_18:1_20:0),CTL,individual,7:13239852,7,13239852,3.871849e-09,SORBI_3007G090415,0.922165
TG(16:0_18:1_20:0),CTL,individual,7:13239852,7,13239852,3.871849e-09,SORBI_3007G090421,0.922165
TG(16:0_18:1_20:0),CTL,individual,7:13239852,7,13239852,3.871849e-09,SORBI_3007G090424,0.922165
TG(16:0_18:1_20:0),CTL,individual,7:13239852,7,13239852,3.871849e-09,SORBI_3007G090403,0.920331
TG(16:0_18:1_20:0),CTL,individual,7:13239852,7,13239852,3.871849e-09,SORBI_3007G090421,0.920331
TG(16:0_18:1_20:0),CTL,individual,7:13239852,7,13239852,3.871849e-09,SORBI_3007G090424,0.920331
TG(16:0_18:1_20:0),CTL,individual,7:13239852,7,13239852,3.871849e-09,SORBI_3007G090418,0.920267
TG(16:0_18:1_20:0),CTL,individual,7:13239852,7,13239852,3.871849e-09,SORBI_3007G090403,0.918269
TG(16:0_18:1_20:0),CTL,individual,7:13239852,7,13239852,3.871849e-09,SORBI_3007G090415,0.918269
TG(16:0_18:1_20:0),CTL,individual,7:13239852,7,13239852,3.871849e-09,SORBI_3007G090418,0.918269
TG(16:0_18:1_20:0),CTL,individual,7:13239852,7,13239852,3.871849e-09,SORBI_3007G090421,0.918269
TG(16:0_18:1_20:0),CTL,individual,7:13239852,7,13239852,3.871849e-09,SORBI_3007G090418,0.918203
TG(16:0_18:1_20:0),CTL,individual,7:13239852,7,13239852,3.871849e-09,SORBI_3007G090421,0.916673
TG(16:0_18:1_20:0),CTL,individual,7:13239852,7,13239852,3.871849e-09,SORBI_3007G090424,0.916673
TG(16:0_18:1_20:0),CTL,individual,7:13239852,7,13239852,3.871849e-09,SORBI_3007G090421,0.91551
TG(16:0_18:1_20:0),CTL,individual,7:13239852,7,13239852,3.871849e-09,SORBI_3007G090403,0.915459
TG(16:0_18:1_20:0),CTL,individual,7:13239852,7,13239852,3.871849e-09,SORBI_3007G090403,0.913135
TG(16:0_18:1_20:0),CTL,individual,7:13239852,7,13239852,3.871849e-09,SORBI_3007G090421,0.913135
TG(16:0_18:1_20:0),CTL,individual,7:13239852,7,13239852,3.871849e-09,SORBI_3007G090418,0.913088
TG(16:0_18:1_20:0),CTL,individual,7:13239852,7,13239852,3.871849e-09,SORBI_3007G090421,0.911298
TG(16:0_18:1_20:0),CTL,individual,7:13239852,7,13239852,3.871849e-09,SORBI_3007G090421,0.910738
TG(16:0_18:1_20:0),CTL,individual,7:13239852,7,13239852,3.871849e-09,SORBI_3007G090418,0.909581
TG(16:0_18:1_20:0),CTL,individual,7:13239852,7,13239852,3.871849e-09,SORBI_3007G090424,0.908949
TG(16:0_18:1_20:0),CTL,individual,7:13239852,7,13239852,3.871849e-09,SORBI_3007G090403,0.908137
TG(16:0_18:1_20:0),CTL,individual,7:13239852,7,13239852,3.871849e-09,SORBI_3007G090418,0.906612
TG(16:0_18:1_20:0),CTL,individual,7:13239852,7,13239852,3.871849e-09,SORBI_3007G090421,0.906462
TG(16:0_18:1_20:0),CTL,individual,7:13239852,7,13239852,3.871849e-09,SORBI_3007G090418,0.905996
TG(16:0_18:1_20:0),CTL,individual,7:13239852,7,13239852,3.871849e-09,SORBI_3007G090421,0.904705
TG(16:0_18:1_20:0),CTL,individual,7:13239852,7,13239852,3.871849e-09,SORBI_3007G090424,0.904705
TG(16:0_18:1_20:0),CTL,individual,7:13239852,7,13239852,3.871849e-09,SORBI_3007G090403,0.903283
TG(16:0_18:1_20:0),CTL,individual,7:13239852,7,13239852,3.871849e-09,SORBI_3007G090415,0.902474
TG(16:0_18:1_20:0),CTL,individual,7:13239852,7,13239852,3.871849e-09,SORBI_3007G090415,0.902409
TG(16:0_18:1_20:0),CTL,individual,7:13239852,7,13239852,3.871849e-09,SORBI_3007G090418,0.902051
TG(16:0_18:1_20:0),CTL,individual,7:13239852,7,13239852,3.871849e-09,SORBI_3007G090403,0.901784
TG(16:0_18:1_20:0),CTL,individual,7:13239852,7,13239852,3.871849e-09,SORBI_3007G090415,0.901775
TG(16:0_18:1_20:0),CTL,individual,7:13239852,7,13239852,3.871849e-09,SORBI_3007G090421,0.901775
TG(16:0_18:1_20:0),CTL,individual,7:13239852,7,13239852,3.871849e-09,SORBI_3007G090424,0.901775
TG(16:0_18:1_20:0),CTL,individual,7:13239852,7,13239852,3.871849e-09,SORBI_3007G090403,0.901748
TG(16:0_18:1_20:0),CTL,individual,7:13239852,7,13239852,3.871849e-09,SORBI_3007G090418,0.901722
TG(16:0_18:1_20:0),CTL,individual,7:13239852,7,13239852,3.871849e-09,SORBI_3007G090403,0.897688
TG(16:0_18:1_20:0),CTL,individual,7:13239852,7,13239852,3.871849e-09,SORBI_3007G090418,0.891553
TG(16:0_18:1_20:0),CTL,individual,7:13239852,7,13239852,3.871849e-09,SORBI_3007G090421,0.888881
TG(16:0_18:1_20:0),CTL,individual,7:13239852,7,13239852,3.871849e-09,SORBI_3007G090424,0.888881
TG(16:0_18:1_20:0),CTL,individual,7:13239852,7,13239852,3.871849e-09,SORBI_3007G090424,0.881683
TG(16:0_18:1_20:0),CTL,individual,7:13239852,7,13239852,3.871849e-09,SORBI_3007G090415,0.878141
TG(16:0_18:1_20:0),CTL,individual,7:13239852,7,13239852,3.871849e-09,SORBI_3007G090421,0.878141
TG(16:0_18:1_20:0),CTL,individual,7:13239852,7,13239852,3.871849e-09,SORBI_3007G090415,0.877803
TG(16:0_18:1_20:0),CTL,individual,7:13239852,7,13239852,3.871849e-09,SORBI_3007G090415,0.877744
TG(16:0_18:1_20:0),CTL,individual,7:13239852,7,13239852,3.871849e-09,SORBI_3007G090424,0.877288
TG(16:0_18:1_20:0),CTL,individual,7:13239852,7,13239852,3.871849e-09,SORBI_3007G090418,0.877222
TG(16:0_18:1_20:0),CTL,individual,7:13239852,7,13239852,3.871849e-09,SORBI_3007G090424,0.871036
TG(16:0_18:1_20:0),CTL,individual,7:13239852,7,13239852,3.871849e-09,SORBI_3007G090421,0.87064
TG(16:0_18:1_20:0),CTL,individual,7:13239852,7,13239852,3.871849e-09,SORBI_3007G090418,0.861754
TG(16:0_18:1_20:0),CTL,individual,7:13239852,7,13239852,3.871849e-09,SORBI_3007G090415,0.860556
TG(16:0_18:1_20:0),CTL,individual,7:13239852,7,13239852,3.871849e-09,SORBI_3007G090418,0.858016
TG(16:0_18:1_20:0),CTL,individual,7:13239852,7,13239852,3.871849e-09,SORBI_3007G090424,0.856566
TG(16:0_18:1_20:0),CTL,individual,7:13239852,7,13239852,3.871849e-09,SORBI_3007G090424,0.854946
TG(16:0_18:1_20:0),CTL,individual,7:13239852,7,13239852,3.871849e-09,SORBI_3007G090415,0.853946
TG(16:0_18:1_20:0),CTL,individual,7:13239852,7,13239852,3.871849e-09,SORBI_3007G090424,0.853331
TG(16:0_18:1_20:0),CTL,individual,7:13239852,7,13239852,3.871849e-09,SORBI_3007G090415,0.852939
TG(16:0_18:1_20:0),CTL,individual,7:13239852,7,13239852,3.871849e-09,SORBI_3007G090421,0.850459
TG(16:0_18:1_20:0),CTL,individual,7:13239852,7,13239852,3.871849e-09,SORBI_3007G090415,0.848597
TG(16:0_18:1_20:0),CTL,individual,7:13239852,7,13239852,3.871849e-09,SORBI_3007G090421,0.842215
TG(16:0_18:1_20:0),CTL,individual,7:13239852,7,13239852,3.871849e-09,SORBI_3007G090403,0.842061
TG(16:0_18:1_20:0),CTL,individual,7:13239852,7,13239852,3.871849e-09,SORBI_3007G090421,0.841624
TG(16:0_18:1_20:0),CTL,individual,7:13239852,7,13239852,3.871849e-09,SORBI_3007G090421,0.840965
TG(16:0_18:1_20:0),CTL,individual,7:13239852,7,13239852,3.871849e-09,SORBI_3007G090421,0.834624
TG(16:0_18:1_20:0),CTL,individual,7:13239852,7,13239852,3.871849e-09,SORBI_3007G090403,0.834305
TG(16:0_18:1_20:0),CTL,individual,7:13239852,7,13239852,3.871849e-09,SORBI_3007G090403,0.834113
TG(16:0_18:1_20:0),CTL,individual,7:13239852,7,13239852,3.871849e-09,SORBI_3007G090403,0.833984
TG(16:0_18:1_20:0),CTL,individual,7:13239852,7,13239852,3.871849e-09,SORBI_3007G090421,0.831028
TG(16:0_18:1_20:0),CTL,individual,7:13239852,7,13239852,3.871849e-09,SORBI_3007G090403,0.830772
TG(16:0_18:1_20:0),CTL,individual,7:13239852,7,13239852,3.871849e-09,SORBI_3007G090421,0.830514
TG(16:0_18:1_20:0),CTL,individual,7:13239852,7,13239852,3.871849e-09,SORBI_3007G090421,0.830003
TG(16:0_18:1_20:0),CTL,individual,7:13239852,7,13239852,3.871849e-09,SORBI_3007G090421,0.82888
TG(16:0_18:1_20:0),CTL,individual,7:13239852,7,13239852,3.871849e-09,SORBI_3007G090415,0.828082
TG(16:0_18:1_20:0),CTL,individual,7:13239852,7,13239852,3.871849e-09,SORBI_3007G090415,0.826789
TG(16:0_18:1_20:0),CTL,individual,7:13239852,7,13239852,3.871849e-09,SORBI_3007G090421,0.826354
TG(16:0_18:1_20:0),CTL,individual,7:13239852,7,13239852,3.871849e-09,SORBI_3007G090403,0.820486
TG(16:0_18:1_20:0),CTL,individual,7:13239852,7,13239852,3.871849e-09,SORBI_3007G090421,0.816321
TG(16:0_18:1_20:0),CTL,individual,7:13239852,7,13239852,3.871849e-09,SORBI_3007G090403,0.810331
TG(16:0_18:1_20:0),CTL,individual,7:13239852,7,13239852,3.871849e-09,SORBI_3007G090418,0.810219
TG(16:0_18:1_20:0),CTL,individual,7:13239852,7,13239852,3.871849e-09,SORBI_3007G090421,0.808527
TG(16:0_18:1_20:0),CTL,individual,7:13239852,7,13239852,3.871849e-09,SORBI_3007G090421,0.806966
TG(16:0_18:1_20:0),CTL,individual,7:13239852,7,13239852,3.871849e-09,SORBI_3007G090415,0.805966
TG(16:0_18:1_20:0),CTL,individual,7:13239852,7,13239852,3.871849e-09,SORBI_3007G090418,0.804554
TG(16:0_18:1_20:0),CTL,individual,7:13239852,7,13239852,3.871849e-09,SORBI_3007G090421,0.802891
TG(16:0_18:1_20:0),CTL,individual,7:13239852,7,13239852,3.871849e-09,SORBI_3007G090418,0.799001
TG(16:0_18:1_20:0),CTL,individual,7:13239852,7,13239852,3.871849e-09,SORBI_3007G090421,0.794987
TG(16:0_18:1_20:0),CTL,individual,7:13239852,7,13239852,3.871849e-09,SORBI_3007G090418,0.786604
TG(16:0_18:1_20:0),CTL,individual,7:13239852,7,13239852,3.871849e-09,SORBI_3007G090421,0.784958
TG(16:0_18:1_20:0),CTL,individual,7:13239852,7,13239852,3.871849e-09,SORBI_3007G090418,0.782939
TG(16:0_18:1_20:0),CTL,individual,7:13239852,7,13239852,3.871849e-09,SORBI_3007G090418,0.782179
TG(16:0_18:1_20:0),CTL,individual,7:13239852,7,13239852,3.871849e-09,SORBI_3007G090418,0.781903
TG(16:0_18:1_20:0),CTL,individual,7:13239852,7,13239852,3.871849e-09,SORBI_3007G090421,0.781891
TG(16:0_18:1_20:0),CTL,individual,7:13239852,7,13239852,3.871849e-09,SORBI_3007G090421,0.77556
TG(16:0_18:1_20:0),CTL,individual,7:13239852,7,13239852,3.871849e-09,SORBI_3007G090421,0.770853
TG(16:0_18:1_20:0),CTL,individual,7:13239852,7,13239852,3.871849e-09,SORBI_3007G090421,0.768524
TG(16:0_18:1_20:0),CTL,individual,7:13239852,7,13239852,3.871849e-09,SORBI_3007G090421,0.763854
TG(16:0_18:1_20:0),CTL,individual,7:13239852,7,13239852,3.871849e-09,SORBI_3007G090421,0.753212
TG(16:0_18:1_20:0),CTL,individual,7:13239852,7,13239852,3.871849e-09,SORBI_3007G090421,0.740455
TG(16:0_18:1_20:0),CTL,individual,7:13239852,7,13239852,3.871849e-09,SORBI_3007G090418,0.740281
TG(16:0_18:1_20:0),CTL,individual,7:13239852,7,13239852,3.871849e-09,SORBI_3007G090421,0.739682
TG(16:0_18:1_20:0),CTL,individual,7:13239852,7,13239852,3.871849e-09,SORBI_3007G090415,0.733113
TG(16:0_18:1_20:0),CTL,individual,7:13239852,7,13239852,3.871849e-09,SORBI_3007G090421,0.698184
TG(16:0_18:1_20:0),CTL,individual,7:13239852,7,13239852,3.871849e-09,SORBI_3007G090415,0.682478
TG(16:0_18:1_20:0),CTL,individual,7:13239852,7,13239852,3.871849e-09,SORBI_3007G090418,0.665506
TG(16:0_18:1_20:0),CTL,individual,7:13239852,7,13239852,3.871849e-09,SORBI_3007G090421,0.628106
TG(16:0_18:1_20:0),CTL,individual,8:44880006,8,44880006,3.879779e-09,SORBI_3008G095150,0.94689
TG(16:0_18:1_20:0),CTL,individual,8:44880006,8,44880006,3.879779e-09,SORBI_3008G095100,0.940298
TG(16:0_18:1_20:0),CTL,individual,8:44880006,8,44880006,3.879779e-09,SORBI_3008G095150,0.940298
TG(16:0_18:1_20:0),CTL,individual,8:44880006,8,44880006,3.879779e-09,SORBI_3008G095200,0.940298
TG(16:0_18:1_20:0),CTL,individual,8:44880006,8,44880006,3.879779e-09,SORBI_3008G095150,0.931686
TG(16:0_18:1_20:0),CTL,individual,8:44880006,8,44880006,3.879779e-09,SORBI_3008G095150,0.926936
TG(16:0_18:1_20:0),CTL,individual,8:44880006,8,44880006,3.879779e-09,SORBI_3008G095200,0.926936
TG(16:0_18:1_20:0),CTL,individual,8:44880006,8,44880006,3.879779e-09,SORBI_3008G095150,0.918201
TG(16:0_18:1_20:0),CTL,individual,8:44880006,8,44880006,3.879779e-09,SORBI_3008G095150,0.913677
TG(16:0_18:1_20:0),CTL,individual,8:44880006,8,44880006,3.879779e-09,SORBI_3008G095200,0.893823
TG(16:0_18:1_20:0),CTL,individual,8:44880006,8,44880006,3.879779e-09,SORBI_3008G095200,0.856467
TG(16:0_18:1_20:0),CTL,individual,8:44880006,8,44880006,3.879779e-09,SORBI_3008G095150,0.855274
TG(16:0_18:1_20:0),CTL,individual,8:44880006,8,44880006,3.879779e-09,SORBI_3008G095150,0.833645
TG(16:0_18:1_20:0),CTL,individual,8:44880006,8,44880006,3.879779e-09,SORBI_3008G095200,0.717906
TG(16:0_18:1_20:0),CTL,individual,8:44573027,8,44573027,4.055606e-09,SORBI_3008G094300,0.959182
TG(16:0_18:1_20:0),CTL,individual,8:44573027,8,44573027,4.055606e-09,SORBI_3008G094600,0.936311
TG(16:0_18:1_20:0),CTL,individual,8:44573027,8,44573027,4.055606e-09,SORBI_3008G094400,0.931053
TG(16:0_18:1_20:0),CTL,individual,8:44573027,8,44573027,4.055606e-09,SORBI_3008G094500,0.833037
TG(16:0_18:1_20:0),CTL,individual,8:44573027,8,44573027,4.055606e-09,SORBI_3008G094500,0.832457
TG(16:0_18:1_20:0),CTL,individual,8:44614132,8,44614132,4.374463e-09,SORBI_3008G094300,0.843654
TG(16:0_18:1_20:0),CTL,individual,8:44614132,8,44614132,4.374463e-09,SORBI_3008G094600,0.838305
TG(16:0_18:1_20:0),CTL,individual,8:44614132,8,44614132,4.374463e-09,SORBI_3008G094600,0.834872
TG(16:0_18:1_20:0),CTL,individual,8:44614132,8,44614132,4.374463e-09,SORBI_3008G094400,0.822819
TG(16:0_18:1_20:0),CTL,individual,8:44614132,8,44614132,4.374463e-09,SORBI_3008G094500,0.697453
TG(16:0_18:1_20:0),CTL,individual,8:44614132,8,44614132,4.374463e-09,SORBI_3008G094500,0.691473
TG(16:0_18:1_20:0),CTL,individual,6:29308143,6,29308143,4.484727e-09,SORBI_3006G042425,0.912203
TG(16:0_18:1_20:0),CTL,individual,6:29308143,6,29308143,4.484727e-09,SORBI_3006G042500,0.912203
TG(16:0_18:1_20:0),CTL,individual,6:29308143,6,29308143,4.484727e-09,SORBI_3006G042425,0.907669
TG(16:0_18:1_20:0),CTL,individual,6:29308143,6,29308143,4.484727e-09,SORBI_3006G042425,0.898642
TG(16:0_18:1_20:0),CTL,individual,6:29308143,6,29308143,4.484727e-09,SORBI_3006G042500,0.898642
TG(16:0_18:1_20:0),CTL,individual,6:29308143,6,29308143,4.484727e-09,SORBI_3006G042425,0.885252
TG(16:0_18:1_20:0),CTL,individual,6:29308143,6,29308143,4.484727e-09,SORBI_3006G042425,0.865013
TG(16:0_18:1_20:0),CTL,individual,6:29308143,6,29308143,4.484727e-09,SORBI_3006G042425,0.851458
TG(16:0_18:1_20:0),CTL,individual,6:29308143,6,29308143,4.484727e-09,SORBI_3006G042425,0.838075
TG(16:0_18:1_20:0),CTL,individual,6:29308143,6,29308143,4.484727e-09,SORBI_3006G042425,0.771485
TG(16:0_18:1_20:0),CTL,individual,6:29308143,6,29308143,4.484727e-09,SORBI_3006G042425,0.757926
TG(16:0_18:1_20:0),CTL,individual,1:1834307,1,1834307,4.680331e-09,SORBI_3001G022800,0.988893
TG(16:0_18:1_20:0),CTL,individual,1:1834308,1,1834308,4.680331e-09,SORBI_3001G022800,0.988893
TG(16:0_18:1_20:0),CTL,individual,1:1834307,1,1834307,4.680331e-09,SORBI_3001G022700,0.978702
TG(16:0_18:1_20:0),CTL,individual,1:1834307,1,1834307,4.680331e-09,SORBI_3001G022800,0.978702
TG(16:0_18:1_20:0),CTL,individual,1:1834307,1,1834307,4.680331e-09,SORBI_3001G022900,0.978702
TG(16:0_18:1_20:0),CTL,individual,1:1834308,1,1834308,4.680331e-09,SORBI_3001G022700,0.978702
TG(16:0_18:1_20:0),CTL,individual,1:1834308,1,1834308,4.680331e-09,SORBI_3001G022800,0.978702
TG(16:0_18:1_20:0),CTL,individual,1:1834308,1,1834308,4.680331e-09,SORBI_3001G022900,0.978702
TG(16:0_18:1_20:0),CTL,individual,1:1834307,1,1834307,4.680331e-09,SORBI_3001G022500,0.969346
TG(16:0_18:1_20:0),CTL,individual,1:1834307,1,1834307,4.680331e-09,SORBI_3001G022600,0.969346
TG(16:0_18:1_20:0),CTL,individual,1:1834307,1,1834307,4.680331e-09,SORBI_3001G022700,0.969346
TG(16:0_18:1_20:0),CTL,individual,1:1834307,1,1834307,4.680331e-09,SORBI_3001G022800,0.969346
TG(16:0_18:1_20:0),CTL,individual,1:1834307,1,1834307,4.680331e-09,SORBI_3001G022900,0.969346
TG(16:0_18:1_20:0),CTL,individual,1:1834308,1,1834308,4.680331e-09,SORBI_3001G022500,0.969346
TG(16:0_18:1_20:0),CTL,individual,1:1834308,1,1834308,4.680331e-09,SORBI_3001G022600,0.969346
TG(16:0_18:1_20:0),CTL,individual,1:1834308,1,1834308,4.680331e-09,SORBI_3001G022700,0.969346
TG(16:0_18:1_20:0),CTL,individual,1:1834308,1,1834308,4.680331e-09,SORBI_3001G022800,0.969346
TG(16:0_18:1_20:0),CTL,individual,1:1834308,1,1834308,4.680331e-09,SORBI_3001G022900,0.969346
TG(16:0_18:1_20:0),CTL,individual,1:1834307,1,1834307,4.680331e-09,SORBI_3001G022900,0.968147
TG(16:0_18:1_20:0),CTL,individual,1:1834308,1,1834308,4.680331e-09,SORBI_3001G022900,0.968147
TG(16:0_18:1_20:0),CTL,individual,1:1834307,1,1834307,4.680331e-09,SORBI_3001G022800,0.966321
TG(16:0_18:1_20:0),CTL,individual,1:1834308,1,1834308,4.680331e-09,SORBI_3001G022800,0.966321
TG(16:0_18:1_20:0),CTL,individual,1:1834307,1,1834307,4.680331e-09,SORBI_3001G022800,0.965244
TG(16:0_18:1_20:0),CTL,individual,1:1834308,1,1834308,4.680331e-09,SORBI_3001G022800,0.965244
TG(16:0_18:1_20:0),CTL,individual,1:1834307,1,1834307,4.680331e-09,SORBI_3001G022800,0.960754
TG(16:0_18:1_20:0),CTL,individual,1:1834308,1,1834308,4.680331e-09,SORBI_3001G022800,0.960754
TG(16:0_18:1_20:0),CTL,individual,1:1834307,1,1834307,4.680331e-09,SORBI_3001G022800,0.959194
TG(16:0_18:1_20:0),CTL,individual,1:1834307,1,1834307,4.680331e-09,SORBI_3001G022900,0.959194
TG(16:0_18:1_20:0),CTL,individual,1:1834308,1,1834308,4.680331e-09,SORBI_3001G022800,0.959194
TG(16:0_18:1_20:0),CTL,individual,1:1834308,1,1834308,4.680331e-09,SORBI_3001G022900,0.959194
TG(16:0_18:1_20:0),CTL,individual,1:1834307,1,1834307,4.680331e-09,SORBI_3001G022600,0.956585
TG(16:0_18:1_20:0),CTL,individual,1:1834307,1,1834307,4.680331e-09,SORBI_3001G022800,0.956585
TG(16:0_18:1_20:0),CTL,individual,1:1834307,1,1834307,4.680331e-09,SORBI_3001G022900,0.956585
TG(16:0_18:1_20:0),CTL,individual,1:1834308,1,1834308,4.680331e-09,SORBI_3001G022600,0.956585
TG(16:0_18:1_20:0),CTL,individual,1:1834308,1,1834308,4.680331e-09,SORBI_3001G022800,0.956585
TG(16:0_18:1_20:0),CTL,individual,1:1834308,1,1834308,4.680331e-09,SORBI_3001G022900,0.956585
TG(16:0_18:1_20:0),CTL,individual,1:1834307,1,1834307,4.680331e-09,SORBI_3001G022900,0.950974
TG(16:0_18:1_20:0),CTL,individual,1:1834308,1,1834308,4.680331e-09,SORBI_3001G022900,0.950974
TG(16:0_18:1_20:0),CTL,individual,1:1834307,1,1834307,4.680331e-09,SORBI_3001G022900,0.949252
TG(16:0_18:1_20:0),CTL,individual,1:1834308,1,1834308,4.680331e-09,SORBI_3001G022900,0.949252
TG(16:0_18:1_20:0),CTL,individual,1:1834307,1,1834307,4.680331e-09,SORBI_3001G022800,0.946239
TG(16:0_18:1_20:0),CTL,individual,1:1834307,1,1834307,4.680331e-09,SORBI_3001G022900,0.946239
TG(16:0_18:1_20:0),CTL,individual,1:1834308,1,1834308,4.680331e-09,SORBI_3001G022800,0.946239
TG(16:0_18:1_20:0),CTL,individual,1:1834308,1,1834308,4.680331e-09,SORBI_3001G022900,0.946239
TG(16:0_18:1_20:0),CTL,individual,1:1834307,1,1834307,4.680331e-09,SORBI_3001G022800,0.94401
TG(16:0_18:1_20:0),CTL,individual,1:1834307,1,1834307,4.680331e-09,SORBI_3001G022900,0.94401
TG(16:0_18:1_20:0),CTL,individual,1:1834308,1,1834308,4.680331e-09,SORBI_3001G022800,0.94401
TG(16:0_18:1_20:0),CTL,individual,1:1834308,1,1834308,4.680331e-09,SORBI_3001G022900,0.94401
TG(16:0_18:1_20:0),CTL,individual,1:1834307,1,1834307,4.680331e-09,SORBI_3001G022900,0.933458
TG(16:0_18:1_20:0),CTL,individual,1:1834308,1,1834308,4.680331e-09,SORBI_3001G022900,0.933458
TG(16:0_18:1_20:0),CTL,individual,1:1834307,1,1834307,4.680331e-09,SORBI_3001G022800,0.910333
TG(16:0_18:1_20:0),CTL,individual,1:1834308,1,1834308,4.680331e-09,SORBI_3001G022800,0.910333
TG(16:0_18:1_20:0),CTL,individual,1:1834307,1,1834307,4.680331e-09,SORBI_3001G022800,0.897538
TG(16:0_18:1_20:0),CTL,individual,1:1834308,1,1834308,4.680331e-09,SORBI_3001G022800,0.897538
TG(16:0_18:1_20:0),CTL,individual,1:1834307,1,1834307,4.680331e-09,SORBI_3001G022800,0.8933
TG(16:0_18:1_20:0),CTL,individual,1:1834308,1,1834308,4.680331e-09,SORBI_3001G022800,0.8933
TG(16:0_18:1_20:0),CTL,individual,1:1834307,1,1834307,4.680331e-09,SORBI_3001G022800,0.879353
TG(16:0_18:1_20:0),CTL,individual,1:1834308,1,1834308,4.680331e-09,SORBI_3001G022800,0.879353
TG(16:0_18:1_20:0),CTL,individual,1:1834307,1,1834307,4.680331e-09,SORBI_3001G022100,0.877419
TG(16:0_18:1_20:0),CTL,individual,1:1834307,1,1834307,4.680331e-09,SORBI_3001G022200,0.877419
TG(16:0_18:1_20:0),CTL,individual,1:1834308,1,1834308,4.680331e-09,SORBI_3001G022100,0.877419
TG(16:0_18:1_20:0),CTL,individual,1:1834308,1,1834308,4.680331e-09,SORBI_3001G022200,0.877419
TG(16:0_18:1_20:0),CTL,individual,1:1834307,1,1834307,4.680331e-09,SORBI_3001G022100,0.8774
TG(16:0_18:1_20:0),CTL,individual,1:1834308,1,1834308,4.680331e-09,SORBI_3001G022100,0.8774
TG(16:0_18:1_20:0),CTL,individual,1:1834307,1,1834307,4.680331e-09,SORBI_3001G021900,0.874286
TG(16:0_18:1_20:0),CTL,individual,1:1834308,1,1834308,4.680331e-09,SORBI_3001G021900,0.874286
TG(16:0_18:1_20:0),CTL,individual,1:1834307,1,1834307,4.680331e-09,SORBI_3001G022800,0.870456
TG(16:0_18:1_20:0),CTL,individual,1:1834308,1,1834308,4.680331e-09,SORBI_3001G022800,0.870456
TG(16:0_18:1_20:0),CTL,individual,1:1834307,1,1834307,4.680331e-09,SORBI_3001G022800,0.865512
TG(16:0_18:1_20:0),CTL,individual,1:1834308,1,1834308,4.680331e-09,SORBI_3001G022800,0.865512
TG(16:0_18:1_20:0),CTL,individual,1:1834307,1,1834307,4.680331e-09,SORBI_3001G021700,0.864714
TG(16:0_18:1_20:0),CTL,individual,1:1834307,1,1834307,4.680331e-09,SORBI_3001G021800,0.864714
TG(16:0_18:1_20:0),CTL,individual,1:1834308,1,1834308,4.680331e-09,SORBI_3001G021700,0.864714
TG(16:0_18:1_20:0),CTL,individual,1:1834308,1,1834308,4.680331e-09,SORBI_3001G021800,0.864714
TG(16:0_18:1_20:0),CTL,individual,1:1834307,1,1834307,4.680331e-09,SORBI_3001G022100,0.864693
TG(16:0_18:1_20:0),CTL,individual,1:1834308,1,1834308,4.680331e-09,SORBI_3001G022100,0.864693
TG(16:0_18:1_20:0),CTL,individual,1:1834307,1,1834307,4.680331e-09,SORBI_3001G021800,0.864629
TG(16:0_18:1_20:0),CTL,individual,1:1834308,1,1834308,4.680331e-09,SORBI_3001G021800,0.864629
TG(16:0_18:1_20:0),CTL,individual,1:1834307,1,1834307,4.680331e-09,SORBI_3001G022000,0.864565
TG(16:0_18:1_20:0),CTL,individual,1:1834308,1,1834308,4.680331e-09,SORBI_3001G022000,0.864565
TG(16:0_18:1_20:0),CTL,individual,1:1834307,1,1834307,4.680331e-09,SORBI_3001G022800,0.856523
TG(16:0_18:1_20:0),CTL,individual,1:1834308,1,1834308,4.680331e-09,SORBI_3001G022800,0.856523
TG(16:0_18:1_20:0),CTL,individual,1:1834307,1,1834307,4.680331e-09,SORBI_3001G021800,0.854271
TG(16:0_18:1_20:0),CTL,individual,1:1834308,1,1834308,4.680331e-09,SORBI_3001G021800,0.854271
TG(16:0_18:1_20:0),CTL,individual,1:1834307,1,1834307,4.680331e-09,SORBI_3001G021800,0.852181
TG(16:0_18:1_20:0),CTL,individual,1:1834308,1,1834308,4.680331e-09,SORBI_3001G021800,0.852181
TG(16:0_18:1_20:0),CTL,individual,1:1834307,1,1834307,4.680331e-09,SORBI_3001G021900,0.852136
TG(16:0_18:1_20:0),CTL,individual,1:1834308,1,1834308,4.680331e-09,SORBI_3001G021900,0.852136
TG(16:0_18:1_20:0),CTL,individual,1:1834307,1,1834307,4.680331e-09,SORBI_3001G022900,0.831967
TG(16:0_18:1_20:0),CTL,individual,1:1834308,1,1834308,4.680331e-09,SORBI_3001G022900,0.831967
TG(16:0_18:1_20:0),CTL,individual,1:1834307,1,1834307,4.680331e-09,SORBI_3001G022900,0.827653
TG(16:0_18:1_20:0),CTL,individual,1:1834308,1,1834308,4.680331e-09,SORBI_3001G022900,0.827653
TG(16:0_18:1_20:0),CTL,individual,1:1834307,1,1834307,4.680331e-09,SORBI_3001G021900,0.825115
TG(16:0_18:1_20:0),CTL,individual,1:1834308,1,1834308,4.680331e-09,SORBI_3001G021900,0.825115
TG(16:0_18:1_20:0),CTL,individual,1:1834307,1,1834307,4.680331e-09,SORBI_3001G022900,0.798085
TG(16:0_18:1_20:0),CTL,individual,1:1834308,1,1834308,4.680331e-09,SORBI_3001G022900,0.798085
TG(16:0_18:1_20:0),CTL,individual,1:1834307,1,1834307,4.680331e-09,SORBI_3001G022200,0.794047
TG(16:0_18:1_20:0),CTL,individual,1:1834308,1,1834308,4.680331e-09,SORBI_3001G022200,0.794047
TG(16:0_18:1_20:0),CTL,individual,1:1834307,1,1834307,4.680331e-09,SORBI_3001G022900,0.790997
TG(16:0_18:1_20:0),CTL,individual,1:1834308,1,1834308,4.680331e-09,SORBI_3001G022900,0.790997
TG(16:0_18:1_20:0),CTL,individual,1:1834307,1,1834307,4.680331e-09,SORBI_3001G022800,0.732074
TG(16:0_18:1_20:0),CTL,individual,1:1834308,1,1834308,4.680331e-09,SORBI_3001G022800,0.732074
TG(16:0_18:1_20:0),CTL,individual,1:1834307,1,1834307,4.680331e-09,SORBI_3001G022700,0.720283
TG(16:0_18:1_20:0),CTL,individual,1:1834308,1,1834308,4.680331e-09,SORBI_3001G022700,0.720283
TG(16:0_18:1_20:0),CTL,individual,1:1834307,1,1834307,4.680331e-09,SORBI_3001G021900,0.683823
TG(16:0_18:1_20:0),CTL,individual,1:1834308,1,1834308,4.680331e-09,SORBI_3001G021900,0.683823
TG(16:0_18:1_20:0),CTL,individual,1:1834307,1,1834307,4.680331e-09,SORBI_3001G021900,0.651057
TG(16:0_18:1_20:0),CTL,individual,1:1834308,1,1834308,4.680331e-09,SORBI_3001G021900,0.651057
TG(16:0_18:1_20:0),CTL,individual,1:1834307,1,1834307,4.680331e-09,SORBI_3001G021601,0.635483
TG(16:0_18:1_20:0),CTL,individual,1:1834308,1,1834308,4.680331e-09,SORBI_3001G021601,0.635483
TG(16:0_18:1_20:0),CTL,individual,1:1834307,1,1834307,4.680331e-09,SORBI_3001G022100,0.632947
TG(16:0_18:1_20:0),CTL,individual,1:1834308,1,1834308,4.680331e-09,SORBI_3001G022100,0.632947
TG(16:0_18:1_20:0),CTL,individual,1:1834307,1,1834307,4.680331e-09,SORBI_3001G022100,0.631763
TG(16:0_18:1_20:0),CTL,individual,1:1834308,1,1834308,4.680331e-09,SORBI_3001G022100,0.631763
TG(16:0_18:1_20:0),CTL,individual,1:1834307,1,1834307,4.680331e-09,SORBI_3001G022100,0.630883
TG(16:0_18:1_20:0),CTL,individual,1:1834308,1,1834308,4.680331e-09,SORBI_3001G022100,0.630883
TG(16:0_18:1_20:0),CTL,individual,1:1834307,1,1834307,4.680331e-09,SORBI_3001G022100,0.630822
TG(16:0_18:1_20:0),CTL,individual,1:1834308,1,1834308,4.680331e-09,SORBI_3001G022100,0.630822
TG(16:0_18:1_20:0),CTL,individual,1:1834307,1,1834307,4.680331e-09,SORBI_3001G022100,0.630168
TG(16:0_18:1_20:0),CTL,individual,1:1834308,1,1834308,4.680331e-09,SORBI_3001G022100,0.630168
TG(16:0_18:1_20:0),CTL,individual,1:1834307,1,1834307,4.680331e-09,SORBI_3001G022100,0.630107
TG(16:0_18:1_20:0),CTL,individual,1:1834308,1,1834308,4.680331e-09,SORBI_3001G022100,0.630107
TG(16:0_18:1_20:0),CTL,individual,1:1834307,1,1834307,4.680331e-09,SORBI_3001G022100,0.615569
TG(16:0_18:1_20:0),CTL,individual,1:1834308,1,1834308,4.680331e-09,SORBI_3001G022100,0.615569
TG(16:0_18:1_20:0),CTL,individual,1:1834307,1,1834307,4.680331e-09,SORBI_3001G022200,0.614896
TG(16:0_18:1_20:0),CTL,individual,1:1834308,1,1834308,4.680331e-09,SORBI_3001G022200,0.614896
TG(16:0_18:1_20:0),CTL,individual,1:1834307,1,1834307,4.680331e-09,SORBI_3001G022100,0.614833
TG(16:0_18:1_20:0),CTL,individual,1:1834308,1,1834308,4.680331e-09,SORBI_3001G022100,0.614833
TG(16:0_18:1_20:0),CTL,individual,1:1834307,1,1834307,4.680331e-09,SORBI_3001G021500,0.614119
TG(16:0_18:1_20:0),CTL,individual,1:1834308,1,1834308,4.680331e-09,SORBI_3001G021500,0.614119
TG(16:0_18:1_20:0),CTL,individual,1:1834307,1,1834307,4.680331e-09,SORBI_3001G022100,0.609839
TG(16:0_18:1_20:0),CTL,individual,1:1834308,1,1834308,4.680331e-09,SORBI_3001G022100,0.609839
TG(16:0_18:1_20:0),CTL,individual,1:1834307,1,1834307,4.680331e-09,SORBI_3001G022100,0.609248
TG(16:0_18:1_20:0),CTL,individual,1:1834308,1,1834308,4.680331e-09,SORBI_3001G022100,0.609248
TG(16:0_18:1_20:0),CTL,individual,4:27643718,4,27643718,4.724064e-09,SORBI_3004G135300,0.840739
TG(16:0_18:1_20:0),CTL,individual,5:43919021,5,43919021,5.007705e-09,SORBI_3005G114800,0.967674
TG(16:0_18:1_20:0),CTL,individual,5:43919021,5,43919021,5.007705e-09,SORBI_3005G114800,0.964174
TG(16:0_18:1_20:0),CTL,individual,5:43919021,5,43919021,5.007705e-09,SORBI_3005G114600,0.960702
TG(16:0_18:1_20:0),CTL,individual,5:43919021,5,43919021,5.007705e-09,SORBI_3005G114800,0.960702
TG(16:0_18:1_20:0),CTL,individual,5:43919021,5,43919021,5.007705e-09,SORBI_3005G114800,0.956938
TG(16:0_18:1_20:0),CTL,individual,5:43919021,5,43919021,5.007705e-09,SORBI_3005G114800,0.953844
TG(16:0_18:1_20:0),CTL,individual,5:43919021,5,43919021,5.007705e-09,SORBI_3005G114800,0.953466
TG(16:0_18:1_20:0),CTL,individual,5:43919021,5,43919021,5.007705e-09,SORBI_3005G114800,0.937227
TG(16:0_18:1_20:0),CTL,individual,5:43919021,5,43919021,5.007705e-09,SORBI_3005G114800,0.922267
TG(16:0_18:1_20:0),CTL,individual,5:43919021,5,43919021,5.007705e-09,SORBI_3005G114800,0.920936
TG(16:0_18:1_20:0),CTL,individual,5:43919021,5,43919021,5.007705e-09,SORBI_3005G114800,0.917486
TG(16:0_18:1_20:0),CTL,individual,5:43919021,5,43919021,5.007705e-09,SORBI_3005G114800,0.910707
TG(16:0_18:1_20:0),CTL,individual,5:43919021,5,43919021,5.007705e-09,SORBI_3005G114800,0.89429
TG(16:0_18:1_20:0),CTL,individual,5:43919021,5,43919021,5.007705e-09,SORBI_3005G114800,0.860691
TG(16:0_18:1_20:0),CTL,individual,5:43919021,5,43919021,5.007705e-09,SORBI_3005G114800,0.646971
TG(16:0_18:1_20:0),CTL,individual,5:43919021,5,43919021,5.007705e-09,SORBI_3005G114800,0.644381
TG(16:0_18:1_20:0),CTL,individual,5:43919021,5,43919021,5.007705e-09,SORBI_3005G114800,0.635068
TG(16:0_18:1_20:0),CTL,individual,5:43919021,5,43919021,5.007705e-09,SORBI_3005G114800,0.630428
TG(16:0_18:1_20:0),CTL,individual,5:43919021,5,43919021,5.007705e-09,SORBI_3005G114800,0.628311
TG(16:0_18:1_20:0),CTL,individual,8:44854233,8,44854233,5.199935e-09,SORBI_3008G095100,0.990853
TG(16:0_18:1_20:0),CTL,individual,8:44854233,8,44854233,5.199935e-09,SORBI_3008G095150,0.990853
TG(16:0_18:1_20:0),CTL,individual,8:44854233,8,44854233,5.199935e-09,SORBI_3008G095200,0.990853
TG(16:0_18:1_20:0),CTL,individual,8:44854233,8,44854233,5.199935e-09,SORBI_3008G095150,0.981787
TG(16:0_18:1_20:0),CTL,individual,8:44854233,8,44854233,5.199935e-09,SORBI_3008G095150,0.981149
TG(16:0_18:1_20:0),CTL,individual,8:44854233,8,44854233,5.199935e-09,SORBI_3008G095200,0.981149
TG(16:0_18:1_20:0),CTL,individual,8:44854233,8,44854233,5.199935e-09,SORBI_3008G095150,0.971918
TG(16:0_18:1_20:0),CTL,individual,8:44854233,8,44854233,5.199935e-09,SORBI_3008G095150,0.971614
TG(16:0_18:1_20:0),CTL,individual,8:44854233,8,44854233,5.199935e-09,SORBI_3008G095200,0.934152
TG(16:0_18:1_20:0),CTL,individual,8:44854233,8,44854233,5.199935e-09,SORBI_3008G095200,0.924621
TG(16:0_18:1_20:0),CTL,individual,8:44854233,8,44854233,5.199935e-09,SORBI_3008G095150,0.923975
TG(16:0_18:1_20:0),CTL,individual,8:44854233,8,44854233,5.199935e-09,SORBI_3008G095150,0.903304
TG(16:0_18:1_20:0),CTL,individual,8:44854233,8,44854233,5.199935e-09,SORBI_3008G095200,0.760144
TG(16:0_18:1_20:0),CTL,individual,8:44615492,8,44615492,5.288504e-09,SORBI_3008G094300,0.84186
TG(16:0_18:1_20:0),CTL,individual,8:44615492,8,44615492,5.288504e-09,SORBI_3008G094400,0.836107
TG(16:0_18:1_20:0),CTL,individual,8:44615492,8,44615492,5.288504e-09,SORBI_3008G094600,0.834121
TG(16:0_18:1_20:0),CTL,individual,8:44615492,8,44615492,5.288504e-09,SORBI_3008G094800,0.831978
TG(16:0_18:1_20:0),CTL,individual,8:44615492,8,44615492,5.288504e-09,SORBI_3008G094600,0.830685
TG(16:0_18:1_20:0),CTL,individual,8:44615492,8,44615492,5.288504e-09,SORBI_3008G094800,0.83036
TG(16:0_18:1_20:0),CTL,individual,8:44615492,8,44615492,5.288504e-09,SORBI_3008G094500,0.726877
TG(16:0_18:1_20:0),CTL,individual,8:44615492,8,44615492,5.288504e-09,SORBI_3008G094500,0.700834
TG(16:0_18:1_20:0),CTL,individual,4:55710115,4,55710115,5.311382e-09,SORBI_3004G206300,0.954395
TG(16:0_18:1_20:0),CTL,individual,4:55710115,4,55710115,5.311382e-09,SORBI_3004G206401,0.954395
TG(16:0_18:1_20:0),CTL,individual,4:55710115,4,55710115,5.311382e-09,SORBI_3004G206500,0.954395
TG(16:0_18:1_20:0),CTL,individual,4:55710115,4,55710115,5.311382e-09,SORBI_3004G206300,0.943163
TG(16:0_18:1_20:0),CTL,individual,4:55710115,4,55710115,5.311382e-09,SORBI_3004G206401,0.943163
TG(16:0_18:1_20:0),CTL,individual,4:55710115,4,55710115,5.311382e-09,SORBI_3004G206500,0.943163
TG(16:0_18:1_20:0),CTL,individual,4:55710115,4,55710115,5.311382e-09,SORBI_3004G206401,0.943039
TG(16:0_18:1_20:0),CTL,individual,4:55710115,4,55710115,5.311382e-09,SORBI_3004G206401,0.938139
TG(16:0_18:1_20:0),CTL,individual,4:55710115,4,55710115,5.311382e-09,SORBI_3004G206401,0.931532
TG(16:0_18:1_20:0),CTL,individual,4:55710115,4,55710115,5.311382e-09,SORBI_3004G206200,0.909031
TG(16:0_18:1_20:0),CTL,individual,4:55710115,4,55710115,5.311382e-09,SORBI_3004G206300,0.909031
TG(16:0_18:1_20:0),CTL,individual,4:55710115,4,55710115,5.311382e-09,SORBI_3004G206200,0.897864
TG(16:0_18:1_20:0),CTL,individual,4:55710115,4,55710115,5.311382e-09,SORBI_3004G207200,0.888836
TG(16:0_18:1_20:0),CTL,individual,4:55710115,4,55710115,5.311382e-09,SORBI_3004G206300,0.887007
TG(16:0_18:1_20:0),CTL,individual,4:55710115,4,55710115,5.311382e-09,SORBI_3004G206300,0.886169
TG(16:0_18:1_20:0),CTL,individual,4:55710115,4,55710115,5.311382e-09,SORBI_3004G206200,0.863907
TG(16:0_18:1_20:0),CTL,individual,4:55710115,4,55710115,5.311382e-09,SORBI_3004G206300,0.863907
TG(16:0_18:1_20:0),CTL,individual,4:55710115,4,55710115,5.311382e-09,SORBI_3004G206401,0.863907
TG(16:0_18:1_20:0),CTL,individual,4:55710115,4,55710115,5.311382e-09,SORBI_3004G206050,0.863888
TG(16:0_18:1_20:0),CTL,individual,4:55710115,4,55710115,5.311382e-09,SORBI_3004G206800,0.808209
TG(16:0_18:1_20:0),CTL,individual,4:55710115,4,55710115,5.311382e-09,SORBI_3004G207100,0.788843
TG(16:0_18:1_20:0),CTL,individual,4:55710115,4,55710115,5.311382e-09,SORBI_3004G206700,0.775569
TG(16:0_18:1_20:0),CTL,individual,4:55710115,4,55710115,5.311382e-09,SORBI_3004G207000,0.775569
TG(16:0_18:1_20:0),CTL,individual,4:55710115,4,55710115,5.311382e-09,SORBI_3004G206700,0.76515
TG(16:0_18:1_20:0),CTL,individual,4:55710115,4,55710115,5.311382e-09,SORBI_3004G206050,0.763559
TG(16:0_18:1_20:0),CTL,individual,4:55710115,4,55710115,5.311382e-09,SORBI_3004G206600,0.738325
TG(16:0_18:1_20:0),CTL,individual,4:55710115,4,55710115,5.311382e-09,SORBI_3004G207200,0.72673
TG(16:0_18:1_20:0),CTL,individual,4:55710115,4,55710115,5.311382e-09,SORBI_3004G207200,0.713603
TG(16:0_18:1_20:0),CTL,individual,4:55710115,4,55710115,5.311382e-09,SORBI_3004G207100,0.700386
TG(16:0_18:1_20:0),CTL,individual,4:55710115,4,55710115,5.311382e-09,SORBI_3004G207500,0.691994
TG(16:0_18:1_20:0),CTL,individual,4:55710115,4,55710115,5.311382e-09,SORBI_3004G207100,0.691726
TG(16:0_18:1_20:0),CTL,individual,4:55710115,4,55710115,5.311382e-09,SORBI_3004G207100,0.684989
TG(16:0_18:1_20:0),CTL,individual,4:55710115,4,55710115,5.311382e-09,SORBI_3004G207500,0.678661
TG(16:0_18:1_20:0),CTL,individual,4:55710115,4,55710115,5.311382e-09,SORBI_3004G207100,0.67802
TG(16:0_18:1_20:0),CTL,individual,4:55710115,4,55710115,5.311382e-09,SORBI_3004G208000,0.673378
TG(16:0_18:1_20:0),CTL,individual,4:55710115,4,55710115,5.311382e-09,SORBI_3004G205000,0.637705
TG(16:0_18:1_20:0),CTL,individual,4:55710115,4,55710115,5.311382e-09,SORBI_3004G205000,0.609947
TG(16:0_18:1_20:0),CTL,individual,4:55710115,4,55710115,5.311382e-09,SORBI_3004G205100,0.609947
TG(16:0_18:1_20:0),CTL,individual,4:55710115,4,55710115,5.311382e-09,SORBI_3004G205200,0.609947
TG(16:0_18:1_20:0),CTL,individual,1:21405153,1,21405153,5.409996e-09,SORBI_3001G223300,0.847943
TG(16:0_18:1_20:0),CTL,individual,1:21405153,1,21405153,5.409996e-09,SORBI_3001G223200,0.810797
TG(16:0_18:1_20:0),CTL,individual,1:21405153,1,21405153,5.409996e-09,SORBI_3001G223300,0.776564
TG(16:0_18:1_20:0),CTL,individual,1:21405153,1,21405153,5.409996e-09,SORBI_3001G223200,0.749777
TG(16:0_18:1_20:0),CTL,individual,1:21405153,1,21405153,5.409996e-09,SORBI_3001G223550,0.738492
TG(16:0_18:1_20:0),CTL,individual,1:21405153,1,21405153,5.409996e-09,SORBI_3001G223550,0.738454
TG(16:0_18:1_20:0),CTL,individual,1:21405153,1,21405153,5.409996e-09,SORBI_3001G223550,0.738415
TG(16:0_18:1_20:0),CTL,individual,1:21405153,1,21405153,5.409996e-09,SORBI_3001G223200,0.724273
TG(16:0_18:1_20:0),CTL,individual,1:21405153,1,21405153,5.409996e-09,SORBI_3001G223550,0.7178
TG(16:0_18:1_20:0),CTL,individual,1:21405153,1,21405153,5.409996e-09,SORBI_3001G223300,0.615709
TG(16:0_18:1_20:0),CTL,individual,1:18822378,1,18822378,5.498739e-09,SORBI_3001G206100,1
TG(16:0_18:1_20:0),CTL,individual,1:18822378,1,18822378,5.498739e-09,SORBI_3001G206100,1
TG(16:0_18:1_20:0),CTL,individual,1:18822378,1,18822378,5.498739e-09,SORBI_3001G206100,0.976016
TG(16:0_18:1_20:0),CTL,individual,1:18822378,1,18822378,5.498739e-09,SORBI_3001G206100,0.856156
TG(16:0_18:1_20:0),CTL,individual,1:18822378,1,18822378,5.498739e-09,SORBI_3001G206100,0.837735
TG(16:0_18:1_20:0),CTL,individual,1:18822378,1,18822378,5.498739e-09,SORBI_3001G206100,0.775468
TG(16:0_18:1_20:0),CTL,individual,1:18822378,1,18822378,5.498739e-09,SORBI_3001G206100,0.768514
TG(16:0_18:1_20:0),CTL,individual,1:18822378,1,18822378,5.498739e-09,SORBI_3001G206100,0.749563
TG(16:0_18:1_20:0),CTL,individual,1:18822378,1,18822378,5.498739e-09,SORBI_3001G206100,0.744513
TG(16:0_18:1_20:0),CTL,individual,1:18822378,1,18822378,5.498739e-09,SORBI_3001G206100,0.743511
TG(16:0_18:1_20:0),CTL,individual,1:18822378,1,18822378,5.498739e-09,SORBI_3001G206100,0.740725
TG(16:0_18:1_20:0),CTL,individual,1:18822378,1,18822378,5.498739e-09,SORBI_3001G206100,0.72568
TG(16:0_18:1_20:0),CTL,individual,1:18822378,1,18822378,5.498739e-09,SORBI_3001G206100,0.725609
TG(16:0_18:1_20:0),CTL,individual,1:18822378,1,18822378,5.498739e-09,SORBI_3001G206100,0.716049
TG(16:0_18:1_20:0),CTL,individual,1:18822378,1,18822378,5.498739e-09,SORBI_3001G206100,0.714031
TG(16:0_18:1_20:0),CTL,individual,1:18822378,1,18822378,5.498739e-09,SORBI_3001G206100,0.705673
TG(16:0_18:1_20:0),CTL,individual,1:18822378,1,18822378,5.498739e-09,SORBI_3001G206100,0.692785
TG(16:0_18:1_20:0),CTL,individual,1:18822378,1,18822378,5.498739e-09,SORBI_3001G206100,0.678381
TG(16:0_18:1_20:0),CTL,individual,1:18822378,1,18822378,5.498739e-09,SORBI_3001G206100,0.674517
TG(16:0_18:1_20:0),CTL,individual,1:18822378,1,18822378,5.498739e-09,SORBI_3001G206100,0.669263
TG(16:0_18:1_20:0),CTL,individual,1:18822378,1,18822378,5.498739e-09,SORBI_3001G206100,0.663279
TG(16:0_18:1_20:0),CTL,individual,1:18822378,1,18822378,5.498739e-09,SORBI_3001G206100,0.645867
TG(16:0_18:1_20:0),CTL,individual,1:18822378,1,18822378,5.498739e-09,SORBI_3001G206100,0.628191
TG(16:0_18:1_20:0),CTL,individual,1:18822378,1,18822378,5.498739e-09,SORBI_3001G206100,0.60106
TG(16:0_18:1_20:0),CTL,individual,1:1830502,1,1830502,5.499597e-09,SORBI_3001G022800,0.978702
TG(16:0_18:1_20:0),CTL,individual,1:1830503,1,1830503,5.499597e-09,SORBI_3001G022800,0.978702
TG(16:0_18:1_20:0),CTL,individual,1:1830507,1,1830507,5.499597e-09,SORBI_3001G022800,0.978702
TG(16:0_18:1_20:0),CTL,individual,1:1830518,1,1830518,5.499597e-09,SORBI_3001G022800,0.978702
TG(16:0_18:1_20:0),CTL,individual,1:1830502,1,1830502,5.499597e-09,SORBI_3001G022500,0.969346
TG(16:0_18:1_20:0),CTL,individual,1:1830502,1,1830502,5.499597e-09,SORBI_3001G022600,0.969346
TG(16:0_18:1_20:0),CTL,individual,1:1830502,1,1830502,5.499597e-09,SORBI_3001G022700,0.969346
TG(16:0_18:1_20:0),CTL,individual,1:1830502,1,1830502,5.499597e-09,SORBI_3001G022800,0.969346
TG(16:0_18:1_20:0),CTL,individual,1:1830502,1,1830502,5.499597e-09,SORBI_3001G022900,0.969346
TG(16:0_18:1_20:0),CTL,individual,1:1830503,1,1830503,5.499597e-09,SORBI_3001G022500,0.969346
TG(16:0_18:1_20:0),CTL,individual,1:1830503,1,1830503,5.499597e-09,SORBI_3001G022600,0.969346
TG(16:0_18:1_20:0),CTL,individual,1:1830503,1,1830503,5.499597e-09,SORBI_3001G022700,0.969346
TG(16:0_18:1_20:0),CTL,individual,1:1830503,1,1830503,5.499597e-09,SORBI_3001G022800,0.969346
TG(16:0_18:1_20:0),CTL,individual,1:1830503,1,1830503,5.499597e-09,SORBI_3001G022900,0.969346
TG(16:0_18:1_20:0),CTL,individual,1:1830507,1,1830507,5.499597e-09,SORBI_3001G022500,0.969346
TG(16:0_18:1_20:0),CTL,individual,1:1830507,1,1830507,5.499597e-09,SORBI_3001G022600,0.969346
TG(16:0_18:1_20:0),CTL,individual,1:1830507,1,1830507,5.499597e-09,SORBI_3001G022700,0.969346
TG(16:0_18:1_20:0),CTL,individual,1:1830507,1,1830507,5.499597e-09,SORBI_3001G022800,0.969346
TG(16:0_18:1_20:0),CTL,individual,1:1830507,1,1830507,5.499597e-09,SORBI_3001G022900,0.969346
TG(16:0_18:1_20:0),CTL,individual,1:1830518,1,1830518,5.499597e-09,SORBI_3001G022500,0.969346
TG(16:0_18:1_20:0),CTL,individual,1:1830518,1,1830518,5.499597e-09,SORBI_3001G022600,0.969346
TG(16:0_18:1_20:0),CTL,individual,1:1830518,1,1830518,5.499597e-09,SORBI_3001G022700,0.969346
TG(16:0_18:1_20:0),CTL,individual,1:1830518,1,1830518,5.499597e-09,SORBI_3001G022800,0.969346
TG(16:0_18:1_20:0),CTL,individual,1:1830518,1,1830518,5.499597e-09,SORBI_3001G022900,0.969346
TG(16:0_18:1_20:0),CTL,individual,1:1830502,1,1830502,5.499597e-09,SORBI_3001G022800,0.968147
TG(16:0_18:1_20:0),CTL,individual,1:1830502,1,1830502,5.499597e-09,SORBI_3001G022900,0.968147
TG(16:0_18:1_20:0),CTL,individual,1:1830503,1,1830503,5.499597e-09,SORBI_3001G022800,0.968147
TG(16:0_18:1_20:0),CTL,individual,1:1830503,1,1830503,5.499597e-09,SORBI_3001G022900,0.968147
TG(16:0_18:1_20:0),CTL,individual,1:1830507,1,1830507,5.499597e-09,SORBI_3001G022800,0.968147
TG(16:0_18:1_20:0),CTL,individual,1:1830507,1,1830507,5.499597e-09,SORBI_3001G022900,0.968147
TG(16:0_18:1_20:0),CTL,individual,1:1830518,1,1830518,5.499597e-09,SORBI_3001G022800,0.968147
TG(16:0_18:1_20:0),CTL,individual,1:1830518,1,1830518,5.499597e-09,SORBI_3001G022900,0.968147
TG(16:0_18:1_20:0),CTL,individual,1:1830502,1,1830502,5.499597e-09,SORBI_3001G022800,0.966321
TG(16:0_18:1_20:0),CTL,individual,1:1830502,1,1830502,5.499597e-09,SORBI_3001G022900,0.966321
TG(16:0_18:1_20:0),CTL,individual,1:1830503,1,1830503,5.499597e-09,SORBI_3001G022800,0.966321
TG(16:0_18:1_20:0),CTL,individual,1:1830503,1,1830503,5.499597e-09,SORBI_3001G022900,0.966321
TG(16:0_18:1_20:0),CTL,individual,1:1830507,1,1830507,5.499597e-09,SORBI_3001G022800,0.966321
TG(16:0_18:1_20:0),CTL,individual,1:1830507,1,1830507,5.499597e-09,SORBI_3001G022900,0.966321
TG(16:0_18:1_20:0),CTL,individual,1:1830518,1,1830518,5.499597e-09,SORBI_3001G022800,0.966321
TG(16:0_18:1_20:0),CTL,individual,1:1830518,1,1830518,5.499597e-09,SORBI_3001G022900,0.966321
TG(16:0_18:1_20:0),CTL,individual,1:1830502,1,1830502,5.499597e-09,SORBI_3001G022800,0.965244
TG(16:0_18:1_20:0),CTL,individual,1:1830503,1,1830503,5.499597e-09,SORBI_3001G022800,0.965244
TG(16:0_18:1_20:0),CTL,individual,1:1830507,1,1830507,5.499597e-09,SORBI_3001G022800,0.965244
TG(16:0_18:1_20:0),CTL,individual,1:1830518,1,1830518,5.499597e-09,SORBI_3001G022800,0.965244
TG(16:0_18:1_20:0),CTL,individual,1:1830502,1,1830502,5.499597e-09,SORBI_3001G022800,0.960754
TG(16:0_18:1_20:0),CTL,individual,1:1830503,1,1830503,5.499597e-09,SORBI_3001G022800,0.960754
TG(16:0_18:1_20:0),CTL,individual,1:1830507,1,1830507,5.499597e-09,SORBI_3001G022800,0.960754
TG(16:0_18:1_20:0),CTL,individual,1:1830518,1,1830518,5.499597e-09,SORBI_3001G022800,0.960754
TG(16:0_18:1_20:0),CTL,individual,1:1830502,1,1830502,5.499597e-09,SORBI_3001G022800,0.959194
TG(16:0_18:1_20:0),CTL,individual,1:1830502,1,1830502,5.499597e-09,SORBI_3001G022900,0.959194
TG(16:0_18:1_20:0),CTL,individual,1:1830503,1,1830503,5.499597e-09,SORBI_3001G022800,0.959194
TG(16:0_18:1_20:0),CTL,individual,1:1830503,1,1830503,5.499597e-09,SORBI_3001G022900,0.959194
TG(16:0_18:1_20:0),CTL,individual,1:1830507,1,1830507,5.499597e-09,SORBI_3001G022800,0.959194
TG(16:0_18:1_20:0),CTL,individual,1:1830507,1,1830507,5.499597e-09,SORBI_3001G022900,0.959194
TG(16:0_18:1_20:0),CTL,individual,1:1830518,1,1830518,5.499597e-09,SORBI_3001G022800,0.959194
TG(16:0_18:1_20:0),CTL,individual,1:1830518,1,1830518,5.499597e-09,SORBI_3001G022900,0.959194
TG(16:0_18:1_20:0),CTL,individual,1:1830502,1,1830502,5.499597e-09,SORBI_3001G022600,0.956585
TG(16:0_18:1_20:0),CTL,individual,1:1830502,1,1830502,5.499597e-09,SORBI_3001G022700,0.956585
TG(16:0_18:1_20:0),CTL,individual,1:1830502,1,1830502,5.499597e-09,SORBI_3001G022800,0.956585
TG(16:0_18:1_20:0),CTL,individual,1:1830502,1,1830502,5.499597e-09,SORBI_3001G022900,0.956585
TG(16:0_18:1_20:0),CTL,individual,1:1830503,1,1830503,5.499597e-09,SORBI_3001G022600,0.956585
TG(16:0_18:1_20:0),CTL,individual,1:1830503,1,1830503,5.499597e-09,SORBI_3001G022700,0.956585
TG(16:0_18:1_20:0),CTL,individual,1:1830503,1,1830503,5.499597e-09,SORBI_3001G022800,0.956585
TG(16:0_18:1_20:0),CTL,individual,1:1830503,1,1830503,5.499597e-09,SORBI_3001G022900,0.956585
TG(16:0_18:1_20:0),CTL,individual,1:1830507,1,1830507,5.499597e-09,SORBI_3001G022600,0.956585
TG(16:0_18:1_20:0),CTL,individual,1:1830507,1,1830507,5.499597e-09,SORBI_3001G022700,0.956585
TG(16:0_18:1_20:0),CTL,individual,1:1830507,1,1830507,5.499597e-09,SORBI_3001G022800,0.956585
TG(16:0_18:1_20:0),CTL,individual,1:1830507,1,1830507,5.499597e-09,SORBI_3001G022900,0.956585
TG(16:0_18:1_20:0),CTL,individual,1:1830518,1,1830518,5.499597e-09,SORBI_3001G022600,0.956585
TG(16:0_18:1_20:0),CTL,individual,1:1830518,1,1830518,5.499597e-09,SORBI_3001G022700,0.956585
TG(16:0_18:1_20:0),CTL,individual,1:1830518,1,1830518,5.499597e-09,SORBI_3001G022800,0.956585
TG(16:0_18:1_20:0),CTL,individual,1:1830518,1,1830518,5.499597e-09,SORBI_3001G022900,0.956585
TG(16:0_18:1_20:0),CTL,individual,1:1830502,1,1830502,5.499597e-09,SORBI_3001G022900,0.955551
TG(16:0_18:1_20:0),CTL,individual,1:1830503,1,1830503,5.499597e-09,SORBI_3001G022900,0.955551
TG(16:0_18:1_20:0),CTL,individual,1:1830507,1,1830507,5.499597e-09,SORBI_3001G022900,0.955551
TG(16:0_18:1_20:0),CTL,individual,1:1830518,1,1830518,5.499597e-09,SORBI_3001G022900,0.955551
TG(16:0_18:1_20:0),CTL,individual,1:1830502,1,1830502,5.499597e-09,SORBI_3001G022900,0.950974
TG(16:0_18:1_20:0),CTL,individual,1:1830503,1,1830503,5.499597e-09,SORBI_3001G022900,0.950974
TG(16:0_18:1_20:0),CTL,individual,1:1830507,1,1830507,5.499597e-09,SORBI_3001G022900,0.950974
TG(16:0_18:1_20:0),CTL,individual,1:1830518,1,1830518,5.499597e-09,SORBI_3001G022900,0.950974
TG(16:0_18:1_20:0),CTL,individual,1:1830502,1,1830502,5.499597e-09,SORBI_3001G022900,0.949252
TG(16:0_18:1_20:0),CTL,individual,1:1830503,1,1830503,5.499597e-09,SORBI_3001G022900,0.949252
TG(16:0_18:1_20:0),CTL,individual,1:1830507,1,1830507,5.499597e-09,SORBI_3001G022900,0.949252
TG(16:0_18:1_20:0),CTL,individual,1:1830518,1,1830518,5.499597e-09,SORBI_3001G022900,0.949252
TG(16:0_18:1_20:0),CTL,individual,1:1830502,1,1830502,5.499597e-09,SORBI_3001G022800,0.946239
TG(16:0_18:1_20:0),CTL,individual,1:1830502,1,1830502,5.499597e-09,SORBI_3001G022900,0.946239
TG(16:0_18:1_20:0),CTL,individual,1:1830503,1,1830503,5.499597e-09,SORBI_3001G022800,0.946239
TG(16:0_18:1_20:0),CTL,individual,1:1830503,1,1830503,5.499597e-09,SORBI_3001G022900,0.946239
TG(16:0_18:1_20:0),CTL,individual,1:1830507,1,1830507,5.499597e-09,SORBI_3001G022800,0.946239
TG(16:0_18:1_20:0),CTL,individual,1:1830507,1,1830507,5.499597e-09,SORBI_3001G022900,0.946239
TG(16:0_18:1_20:0),CTL,individual,1:1830518,1,1830518,5.499597e-09,SORBI_3001G022800,0.946239
TG(16:0_18:1_20:0),CTL,individual,1:1830518,1,1830518,5.499597e-09,SORBI_3001G022900,0.946239
TG(16:0_18:1_20:0),CTL,individual,1:1830502,1,1830502,5.499597e-09,SORBI_3001G022800,0.94401
TG(16:0_18:1_20:0),CTL,individual,1:1830503,1,1830503,5.499597e-09,SORBI_3001G022800,0.94401
TG(16:0_18:1_20:0),CTL,individual,1:1830507,1,1830507,5.499597e-09,SORBI_3001G022800,0.94401
TG(16:0_18:1_20:0),CTL,individual,1:1830518,1,1830518,5.499597e-09,SORBI_3001G022800,0.94401
TG(16:0_18:1_20:0),CTL,individual,1:1830502,1,1830502,5.499597e-09,SORBI_3001G022800,0.932401
TG(16:0_18:1_20:0),CTL,individual,1:1830503,1,1830503,5.499597e-09,SORBI_3001G022800,0.932401
TG(16:0_18:1_20:0),CTL,individual,1:1830507,1,1830507,5.499597e-09,SORBI_3001G022800,0.932401
TG(16:0_18:1_20:0),CTL,individual,1:1830518,1,1830518,5.499597e-09,SORBI_3001G022800,0.932401
TG(16:0_18:1_20:0),CTL,individual,1:1830502,1,1830502,5.499597e-09,SORBI_3001G022800,0.918406
TG(16:0_18:1_20:0),CTL,individual,1:1830503,1,1830503,5.499597e-09,SORBI_3001G022800,0.918406
TG(16:0_18:1_20:0),CTL,individual,1:1830507,1,1830507,5.499597e-09,SORBI_3001G022800,0.918406
TG(16:0_18:1_20:0),CTL,individual,1:1830518,1,1830518,5.499597e-09,SORBI_3001G022800,0.918406
TG(16:0_18:1_20:0),CTL,individual,1:1830502,1,1830502,5.499597e-09,SORBI_3001G022800,0.899797
TG(16:0_18:1_20:0),CTL,individual,1:1830503,1,1830503,5.499597e-09,SORBI_3001G022800,0.899797
TG(16:0_18:1_20:0),CTL,individual,1:1830507,1,1830507,5.499597e-09,SORBI_3001G022800,0.899797
TG(16:0_18:1_20:0),CTL,individual,1:1830518,1,1830518,5.499597e-09,SORBI_3001G022800,0.899797
TG(16:0_18:1_20:0),CTL,individual,1:1830502,1,1830502,5.499597e-09,SORBI_3001G022800,0.8933
TG(16:0_18:1_20:0),CTL,individual,1:1830503,1,1830503,5.499597e-09,SORBI_3001G022800,0.8933
TG(16:0_18:1_20:0),CTL,individual,1:1830507,1,1830507,5.499597e-09,SORBI_3001G022800,0.8933
TG(16:0_18:1_20:0),CTL,individual,1:1830518,1,1830518,5.499597e-09,SORBI_3001G022800,0.8933
TG(16:0_18:1_20:0),CTL,individual,1:1830502,1,1830502,5.499597e-09,SORBI_3001G022800,0.891619
TG(16:0_18:1_20:0),CTL,individual,1:1830503,1,1830503,5.499597e-09,SORBI_3001G022800,0.891619
TG(16:0_18:1_20:0),CTL,individual,1:1830507,1,1830507,5.499597e-09,SORBI_3001G022800,0.891619
TG(16:0_18:1_20:0),CTL,individual,1:1830518,1,1830518,5.499597e-09,SORBI_3001G022800,0.891619
TG(16:0_18:1_20:0),CTL,individual,1:1830502,1,1830502,5.499597e-09,SORBI_3001G022800,0.886084
TG(16:0_18:1_20:0),CTL,individual,1:1830503,1,1830503,5.499597e-09,SORBI_3001G022800,0.886084
TG(16:0_18:1_20:0),CTL,individual,1:1830507,1,1830507,5.499597e-09,SORBI_3001G022800,0.886084
TG(16:0_18:1_20:0),CTL,individual,1:1830518,1,1830518,5.499597e-09,SORBI_3001G022800,0.886084
TG(16:0_18:1_20:0),CTL,individual,1:1830502,1,1830502,5.499597e-09,SORBI_3001G022800,0.879353
TG(16:0_18:1_20:0),CTL,individual,1:1830503,1,1830503,5.499597e-09,SORBI_3001G022800,0.879353
TG(16:0_18:1_20:0),CTL,individual,1:1830507,1,1830507,5.499597e-09,SORBI_3001G022800,0.879353
TG(16:0_18:1_20:0),CTL,individual,1:1830518,1,1830518,5.499597e-09,SORBI_3001G022800,0.879353
TG(16:0_18:1_20:0),CTL,individual,1:1830502,1,1830502,5.499597e-09,SORBI_3001G022100,0.877419
TG(16:0_18:1_20:0),CTL,individual,1:1830502,1,1830502,5.499597e-09,SORBI_3001G022200,0.877419
TG(16:0_18:1_20:0),CTL,individual,1:1830503,1,1830503,5.499597e-09,SORBI_3001G022100,0.877419
TG(16:0_18:1_20:0),CTL,individual,1:1830503,1,1830503,5.499597e-09,SORBI_3001G022200,0.877419
TG(16:0_18:1_20:0),CTL,individual,1:1830507,1,1830507,5.499597e-09,SORBI_3001G022100,0.877419
TG(16:0_18:1_20:0),CTL,individual,1:1830507,1,1830507,5.499597e-09,SORBI_3001G022200,0.877419
TG(16:0_18:1_20:0),CTL,individual,1:1830518,1,1830518,5.499597e-09,SORBI_3001G022100,0.877419
TG(16:0_18:1_20:0),CTL,individual,1:1830518,1,1830518,5.499597e-09,SORBI_3001G022200,0.877419
TG(16:0_18:1_20:0),CTL,individual,1:1830502,1,1830502,5.499597e-09,SORBI_3001G022100,0.8774
TG(16:0_18:1_20:0),CTL,individual,1:1830503,1,1830503,5.499597e-09,SORBI_3001G022100,0.8774
TG(16:0_18:1_20:0),CTL,individual,1:1830507,1,1830507,5.499597e-09,SORBI_3001G022100,0.8774
TG(16:0_18:1_20:0),CTL,individual,1:1830518,1,1830518,5.499597e-09,SORBI_3001G022100,0.8774
TG(16:0_18:1_20:0),CTL,individual,1:1830502,1,1830502,5.499597e-09,SORBI_3001G022800,0.87691
TG(16:0_18:1_20:0),CTL,individual,1:1830503,1,1830503,5.499597e-09,SORBI_3001G022800,0.87691
TG(16:0_18:1_20:0),CTL,individual,1:1830507,1,1830507,5.499597e-09,SORBI_3001G022800,0.87691
TG(16:0_18:1_20:0),CTL,individual,1:1830518,1,1830518,5.499597e-09,SORBI_3001G022800,0.87691
TG(16:0_18:1_20:0),CTL,individual,1:1830502,1,1830502,5.499597e-09,SORBI_3001G021800,0.874286
TG(16:0_18:1_20:0),CTL,individual,1:1830503,1,1830503,5.499597e-09,SORBI_3001G021800,0.874286
TG(16:0_18:1_20:0),CTL,individual,1:1830507,1,1830507,5.499597e-09,SORBI_3001G021800,0.874286
TG(16:0_18:1_20:0),CTL,individual,1:1830518,1,1830518,5.499597e-09,SORBI_3001G021800,0.874286
TG(16:0_18:1_20:0),CTL,individual,1:1830502,1,1830502,5.499597e-09,SORBI_3001G021900,0.874247
TG(16:0_18:1_20:0),CTL,individual,1:1830503,1,1830503,5.499597e-09,SORBI_3001G021900,0.874247
TG(16:0_18:1_20:0),CTL,individual,1:1830507,1,1830507,5.499597e-09,SORBI_3001G021900,0.874247
TG(16:0_18:1_20:0),CTL,individual,1:1830518,1,1830518,5.499597e-09,SORBI_3001G021900,0.874247
TG(16:0_18:1_20:0),CTL,individual,1:1830502,1,1830502,5.499597e-09,SORBI_3001G021700,0.864714
TG(16:0_18:1_20:0),CTL,individual,1:1830502,1,1830502,5.499597e-09,SORBI_3001G021800,0.864714
TG(16:0_18:1_20:0),CTL,individual,1:1830503,1,1830503,5.499597e-09,SORBI_3001G021700,0.864714
TG(16:0_18:1_20:0),CTL,individual,1:1830503,1,1830503,5.499597e-09,SORBI_3001G021800,0.864714
TG(16:0_18:1_20:0),CTL,individual,1:1830507,1,1830507,5.499597e-09,SORBI_3001G021700,0.864714
TG(16:0_18:1_20:0),CTL,individual,1:1830507,1,1830507,5.499597e-09,SORBI_3001G021800,0.864714
TG(16:0_18:1_20:0),CTL,individual,1:1830518,1,1830518,5.499597e-09,SORBI_3001G021700,0.864714
TG(16:0_18:1_20:0),CTL,individual,1:1830518,1,1830518,5.499597e-09,SORBI_3001G021800,0.864714
TG(16:0_18:1_20:0),CTL,individual,1:1830502,1,1830502,5.499597e-09,SORBI_3001G022100,0.864693
TG(16:0_18:1_20:0),CTL,individual,1:1830503,1,1830503,5.499597e-09,SORBI_3001G022100,0.864693
TG(16:0_18:1_20:0),CTL,individual,1:1830507,1,1830507,5.499597e-09,SORBI_3001G022100,0.864693
TG(16:0_18:1_20:0),CTL,individual,1:1830518,1,1830518,5.499597e-09,SORBI_3001G022100,0.864693
TG(16:0_18:1_20:0),CTL,individual,1:1830502,1,1830502,5.499597e-09,SORBI_3001G021800,0.864629
TG(16:0_18:1_20:0),CTL,individual,1:1830503,1,1830503,5.499597e-09,SORBI_3001G021800,0.864629
TG(16:0_18:1_20:0),CTL,individual,1:1830507,1,1830507,5.499597e-09,SORBI_3001G021800,0.864629
TG(16:0_18:1_20:0),CTL,individual,1:1830518,1,1830518,5.499597e-09,SORBI_3001G021800,0.864629
TG(16:0_18:1_20:0),CTL,individual,1:1830502,1,1830502,5.499597e-09,SORBI_3001G021800,0.854271
TG(16:0_18:1_20:0),CTL,individual,1:1830503,1,1830503,5.499597e-09,SORBI_3001G021800,0.854271
TG(16:0_18:1_20:0),CTL,individual,1:1830507,1,1830507,5.499597e-09,SORBI_3001G021800,0.854271
TG(16:0_18:1_20:0),CTL,individual,1:1830518,1,1830518,5.499597e-09,SORBI_3001G021800,0.854271
TG(16:0_18:1_20:0),CTL,individual,1:1830502,1,1830502,5.499597e-09,SORBI_3001G021900,0.852181
TG(16:0_18:1_20:0),CTL,individual,1:1830503,1,1830503,5.499597e-09,SORBI_3001G021900,0.852181
TG(16:0_18:1_20:0),CTL,individual,1:1830507,1,1830507,5.499597e-09,SORBI_3001G021900,0.852181
TG(16:0_18:1_20:0),CTL,individual,1:1830518,1,1830518,5.499597e-09,SORBI_3001G021900,0.852181
TG(16:0_18:1_20:0),CTL,individual,1:1830502,1,1830502,5.499597e-09,SORBI_3001G022000,0.842919
TG(16:0_18:1_20:0),CTL,individual,1:1830503,1,1830503,5.499597e-09,SORBI_3001G022000,0.842919
TG(16:0_18:1_20:0),CTL,individual,1:1830507,1,1830507,5.499597e-09,SORBI_3001G022000,0.842919
TG(16:0_18:1_20:0),CTL,individual,1:1830518,1,1830518,5.499597e-09,SORBI_3001G022000,0.842919
TG(16:0_18:1_20:0),CTL,individual,1:1830502,1,1830502,5.499597e-09,SORBI_3001G022900,0.827653
TG(16:0_18:1_20:0),CTL,individual,1:1830503,1,1830503,5.499597e-09,SORBI_3001G022900,0.827653
TG(16:0_18:1_20:0),CTL,individual,1:1830507,1,1830507,5.499597e-09,SORBI_3001G022900,0.827653
TG(16:0_18:1_20:0),CTL,individual,1:1830518,1,1830518,5.499597e-09,SORBI_3001G022900,0.827653
TG(16:0_18:1_20:0),CTL,individual,1:1830502,1,1830502,5.499597e-09,SORBI_3001G021900,0.825115
TG(16:0_18:1_20:0),CTL,individual,1:1830503,1,1830503,5.499597e-09,SORBI_3001G021900,0.825115
TG(16:0_18:1_20:0),CTL,individual,1:1830507,1,1830507,5.499597e-09,SORBI_3001G021900,0.825115
TG(16:0_18:1_20:0),CTL,individual,1:1830518,1,1830518,5.499597e-09,SORBI_3001G021900,0.825115
TG(16:0_18:1_20:0),CTL,individual,1:1830502,1,1830502,5.499597e-09,SORBI_3001G022900,0.81296
TG(16:0_18:1_20:0),CTL,individual,1:1830503,1,1830503,5.499597e-09,SORBI_3001G022900,0.81296
TG(16:0_18:1_20:0),CTL,individual,1:1830507,1,1830507,5.499597e-09,SORBI_3001G022900,0.81296
TG(16:0_18:1_20:0),CTL,individual,1:1830518,1,1830518,5.499597e-09,SORBI_3001G022900,0.81296
TG(16:0_18:1_20:0),CTL,individual,1:1830502,1,1830502,5.499597e-09,SORBI_3001G022900,0.798085
TG(16:0_18:1_20:0),CTL,individual,1:1830503,1,1830503,5.499597e-09,SORBI_3001G022900,0.798085
TG(16:0_18:1_20:0),CTL,individual,1:1830507,1,1830507,5.499597e-09,SORBI_3001G022900,0.798085
TG(16:0_18:1_20:0),CTL,individual,1:1830518,1,1830518,5.499597e-09,SORBI_3001G022900,0.798085
TG(16:0_18:1_20:0),CTL,individual,1:1830502,1,1830502,5.499597e-09,SORBI_3001G022200,0.794047
TG(16:0_18:1_20:0),CTL,individual,1:1830503,1,1830503,5.499597e-09,SORBI_3001G022200,0.794047
TG(16:0_18:1_20:0),CTL,individual,1:1830507,1,1830507,5.499597e-09,SORBI_3001G022200,0.794047
TG(16:0_18:1_20:0),CTL,individual,1:1830518,1,1830518,5.499597e-09,SORBI_3001G022200,0.794047
TG(16:0_18:1_20:0),CTL,individual,1:1830502,1,1830502,5.499597e-09,SORBI_3001G022900,0.790997
TG(16:0_18:1_20:0),CTL,individual,1:1830503,1,1830503,5.499597e-09,SORBI_3001G022900,0.790997
TG(16:0_18:1_20:0),CTL,individual,1:1830507,1,1830507,5.499597e-09,SORBI_3001G022900,0.790997
TG(16:0_18:1_20:0),CTL,individual,1:1830518,1,1830518,5.499597e-09,SORBI_3001G022900,0.790997
TG(16:0_18:1_20:0),CTL,individual,1:1830502,1,1830502,5.499597e-09,SORBI_3001G022800,0.732074
TG(16:0_18:1_20:0),CTL,individual,1:1830503,1,1830503,5.499597e-09,SORBI_3001G022800,0.732074
TG(16:0_18:1_20:0),CTL,individual,1:1830507,1,1830507,5.499597e-09,SORBI_3001G022800,0.732074
TG(16:0_18:1_20:0),CTL,individual,1:1830518,1,1830518,5.499597e-09,SORBI_3001G022800,0.732074
TG(16:0_18:1_20:0),CTL,individual,1:1830502,1,1830502,5.499597e-09,SORBI_3001G022700,0.703098
TG(16:0_18:1_20:0),CTL,individual,1:1830503,1,1830503,5.499597e-09,SORBI_3001G022700,0.703098
TG(16:0_18:1_20:0),CTL,individual,1:1830507,1,1830507,5.499597e-09,SORBI_3001G022700,0.703098
TG(16:0_18:1_20:0),CTL,individual,1:1830518,1,1830518,5.499597e-09,SORBI_3001G022700,0.703098
TG(16:0_18:1_20:0),CTL,individual,1:1830502,1,1830502,5.499597e-09,SORBI_3001G021900,0.683823
TG(16:0_18:1_20:0),CTL,individual,1:1830503,1,1830503,5.499597e-09,SORBI_3001G021900,0.683823
TG(16:0_18:1_20:0),CTL,individual,1:1830507,1,1830507,5.499597e-09,SORBI_3001G021900,0.683823
TG(16:0_18:1_20:0),CTL,individual,1:1830518,1,1830518,5.499597e-09,SORBI_3001G021900,0.683823
TG(16:0_18:1_20:0),CTL,individual,1:1830502,1,1830502,5.499597e-09,SORBI_3001G021900,0.651057
TG(16:0_18:1_20:0),CTL,individual,1:1830503,1,1830503,5.499597e-09,SORBI_3001G021900,0.651057
TG(16:0_18:1_20:0),CTL,individual,1:1830507,1,1830507,5.499597e-09,SORBI_3001G021900,0.651057
TG(16:0_18:1_20:0),CTL,individual,1:1830518,1,1830518,5.499597e-09,SORBI_3001G021900,0.651057
TG(16:0_18:1_20:0),CTL,individual,1:1830502,1,1830502,5.499597e-09,SORBI_3001G022100,0.648167
TG(16:0_18:1_20:0),CTL,individual,1:1830503,1,1830503,5.499597e-09,SORBI_3001G022100,0.648167
TG(16:0_18:1_20:0),CTL,individual,1:1830507,1,1830507,5.499597e-09,SORBI_3001G022100,0.648167
TG(16:0_18:1_20:0),CTL,individual,1:1830518,1,1830518,5.499597e-09,SORBI_3001G022100,0.648167
TG(16:0_18:1_20:0),CTL,individual,1:1830502,1,1830502,5.499597e-09,SORBI_3001G021601,0.635483
TG(16:0_18:1_20:0),CTL,individual,1:1830503,1,1830503,5.499597e-09,SORBI_3001G021601,0.635483
TG(16:0_18:1_20:0),CTL,individual,1:1830507,1,1830507,5.499597e-09,SORBI_3001G021601,0.635483
TG(16:0_18:1_20:0),CTL,individual,1:1830518,1,1830518,5.499597e-09,SORBI_3001G021601,0.635483
TG(16:0_18:1_20:0),CTL,individual,1:1830502,1,1830502,5.499597e-09,SORBI_3001G022100,0.631763
TG(16:0_18:1_20:0),CTL,individual,1:1830503,1,1830503,5.499597e-09,SORBI_3001G022100,0.631763
TG(16:0_18:1_20:0),CTL,individual,1:1830507,1,1830507,5.499597e-09,SORBI_3001G022100,0.631763
TG(16:0_18:1_20:0),CTL,individual,1:1830518,1,1830518,5.499597e-09,SORBI_3001G022100,0.631763
TG(16:0_18:1_20:0),CTL,individual,1:1830502,1,1830502,5.499597e-09,SORBI_3001G022100,0.630883
TG(16:0_18:1_20:0),CTL,individual,1:1830503,1,1830503,5.499597e-09,SORBI_3001G022100,0.630883
TG(16:0_18:1_20:0),CTL,individual,1:1830507,1,1830507,5.499597e-09,SORBI_3001G022100,0.630883
TG(16:0_18:1_20:0),CTL,individual,1:1830518,1,1830518,5.499597e-09,SORBI_3001G022100,0.630883
TG(16:0_18:1_20:0),CTL,individual,1:1830502,1,1830502,5.499597e-09,SORBI_3001G022100,0.630822
TG(16:0_18:1_20:0),CTL,individual,1:1830503,1,1830503,5.499597e-09,SORBI_3001G022100,0.630822
TG(16:0_18:1_20:0),CTL,individual,1:1830507,1,1830507,5.499597e-09,SORBI_3001G022100,0.630822
TG(16:0_18:1_20:0),CTL,individual,1:1830518,1,1830518,5.499597e-09,SORBI_3001G022100,0.630822
TG(16:0_18:1_20:0),CTL,individual,1:1830502,1,1830502,5.499597e-09,SORBI_3001G022100,0.630168
TG(16:0_18:1_20:0),CTL,individual,1:1830503,1,1830503,5.499597e-09,SORBI_3001G022100,0.630168
TG(16:0_18:1_20:0),CTL,individual,1:1830507,1,1830507,5.499597e-09,SORBI_3001G022100,0.630168
TG(16:0_18:1_20:0),CTL,individual,1:1830518,1,1830518,5.499597e-09,SORBI_3001G022100,0.630168
TG(16:0_18:1_20:0),CTL,individual,1:1830502,1,1830502,5.499597e-09,SORBI_3001G022100,0.630107
TG(16:0_18:1_20:0),CTL,individual,1:1830503,1,1830503,5.499597e-09,SORBI_3001G022100,0.630107
TG(16:0_18:1_20:0),CTL,individual,1:1830507,1,1830507,5.499597e-09,SORBI_3001G022100,0.630107
TG(16:0_18:1_20:0),CTL,individual,1:1830518,1,1830518,5.499597e-09,SORBI_3001G022100,0.630107
TG(16:0_18:1_20:0),CTL,individual,1:1830502,1,1830502,5.499597e-09,SORBI_3001G022100,0.625117
TG(16:0_18:1_20:0),CTL,individual,1:1830503,1,1830503,5.499597e-09,SORBI_3001G022100,0.625117
TG(16:0_18:1_20:0),CTL,individual,1:1830507,1,1830507,5.499597e-09,SORBI_3001G022100,0.625117
TG(16:0_18:1_20:0),CTL,individual,1:1830518,1,1830518,5.499597e-09,SORBI_3001G022100,0.625117
TG(16:0_18:1_20:0),CTL,individual,1:1830502,1,1830502,5.499597e-09,SORBI_3001G022100,0.616538
TG(16:0_18:1_20:0),CTL,individual,1:1830503,1,1830503,5.499597e-09,SORBI_3001G022100,0.616538
TG(16:0_18:1_20:0),CTL,individual,1:1830507,1,1830507,5.499597e-09,SORBI_3001G022100,0.616538
TG(16:0_18:1_20:0),CTL,individual,1:1830518,1,1830518,5.499597e-09,SORBI_3001G022100,0.616538
TG(16:0_18:1_20:0),CTL,individual,1:1830502,1,1830502,5.499597e-09,SORBI_3001G022200,0.615569
TG(16:0_18:1_20:0),CTL,individual,1:1830503,1,1830503,5.499597e-09,SORBI_3001G022200,0.615569
TG(16:0_18:1_20:0),CTL,individual,1:1830507,1,1830507,5.499597e-09,SORBI_3001G022200,0.615569
TG(16:0_18:1_20:0),CTL,individual,1:1830518,1,1830518,5.499597e-09,SORBI_3001G022200,0.615569
TG(16:0_18:1_20:0),CTL,individual,1:1830502,1,1830502,5.499597e-09,SORBI_3001G022200,0.614896
TG(16:0_18:1_20:0),CTL,individual,1:1830503,1,1830503,5.499597e-09,SORBI_3001G022200,0.614896
TG(16:0_18:1_20:0),CTL,individual,1:1830507,1,1830507,5.499597e-09,SORBI_3001G022200,0.614896
TG(16:0_18:1_20:0),CTL,individual,1:1830518,1,1830518,5.499597e-09,SORBI_3001G022200,0.614896
TG(16:0_18:1_20:0),CTL,individual,1:1830502,1,1830502,5.499597e-09,SORBI_3001G022100,0.614833
TG(16:0_18:1_20:0),CTL,individual,1:1830503,1,1830503,5.499597e-09,SORBI_3001G022100,0.614833
TG(16:0_18:1_20:0),CTL,individual,1:1830507,1,1830507,5.499597e-09,SORBI_3001G022100,0.614833
TG(16:0_18:1_20:0),CTL,individual,1:1830518,1,1830518,5.499597e-09,SORBI_3001G022100,0.614833
TG(16:0_18:1_20:0),CTL,individual,1:1830502,1,1830502,5.499597e-09,SORBI_3001G021500,0.614438
TG(16:0_18:1_20:0),CTL,individual,1:1830503,1,1830503,5.499597e-09,SORBI_3001G021500,0.614438
TG(16:0_18:1_20:0),CTL,individual,1:1830507,1,1830507,5.499597e-09,SORBI_3001G021500,0.614438
TG(16:0_18:1_20:0),CTL,individual,1:1830518,1,1830518,5.499597e-09,SORBI_3001G021500,0.614438
TG(16:0_18:1_20:0),CTL,individual,1:1830502,1,1830502,5.499597e-09,SORBI_3001G021500,0.614119
TG(16:0_18:1_20:0),CTL,individual,1:1830503,1,1830503,5.499597e-09,SORBI_3001G021500,0.614119
TG(16:0_18:1_20:0),CTL,individual,1:1830507,1,1830507,5.499597e-09,SORBI_3001G021500,0.614119
TG(16:0_18:1_20:0),CTL,individual,1:1830518,1,1830518,5.499597e-09,SORBI_3001G021500,0.614119
TG(16:0_18:1_20:0),CTL,individual,1:1830502,1,1830502,5.499597e-09,SORBI_3001G022100,0.609839
TG(16:0_18:1_20:0),CTL,individual,1:1830503,1,1830503,5.499597e-09,SORBI_3001G022100,0.609839
TG(16:0_18:1_20:0),CTL,individual,1:1830507,1,1830507,5.499597e-09,SORBI_3001G022100,0.609839
TG(16:0_18:1_20:0),CTL,individual,1:1830518,1,1830518,5.499597e-09,SORBI_3001G022100,0.609839
TG(16:0_18:1_20:0),CTL,individual,8:44935899,8,44935899,5.655136e-09,SORBI_3008G095100,1
TG(16:0_18:1_20:0),CTL,individual,8:44935899,8,44935899,5.655136e-09,SORBI_3008G095100,1
TG(16:0_18:1_20:0),CTL,individual,8:44935899,8,44935899,5.655136e-09,SORBI_3008G095150,1
TG(16:0_18:1_20:0),CTL,individual,8:44935899,8,44935899,5.655136e-09,SORBI_3008G095200,1
TG(16:0_18:1_20:0),CTL,individual,8:44936342,8,44936342,5.655136e-09,SORBI_3008G095100,1
TG(16:0_18:1_20:0),CTL,individual,8:44936342,8,44936342,5.655136e-09,SORBI_3008G095100,1
TG(16:0_18:1_20:0),CTL,individual,8:44936342,8,44936342,5.655136e-09,SORBI_3008G095150,1
TG(16:0_18:1_20:0),CTL,individual,8:44936342,8,44936342,5.655136e-09,SORBI_3008G095200,1
TG(16:0_18:1_20:0),CTL,individual,8:44948349,8,44948349,5.655136e-09,SORBI_3008G095100,1
TG(16:0_18:1_20:0),CTL,individual,8:44948349,8,44948349,5.655136e-09,SORBI_3008G095150,1
TG(16:0_18:1_20:0),CTL,individual,8:44948349,8,44948349,5.655136e-09,SORBI_3008G095150,1
TG(16:0_18:1_20:0),CTL,individual,8:44948349,8,44948349,5.655136e-09,SORBI_3008G095200,1
TG(16:0_18:1_20:0),CTL,individual,8:44950090,8,44950090,5.655136e-09,SORBI_3008G095100,1
TG(16:0_18:1_20:0),CTL,individual,8:44950090,8,44950090,5.655136e-09,SORBI_3008G095150,1
TG(16:0_18:1_20:0),CTL,individual,8:44950090,8,44950090,5.655136e-09,SORBI_3008G095150,1
TG(16:0_18:1_20:0),CTL,individual,8:44950090,8,44950090,5.655136e-09,SORBI_3008G095200,1
TG(16:0_18:1_20:0),CTL,individual,8:44952218,8,44952218,5.655136e-09,SORBI_3008G095100,1
TG(16:0_18:1_20:0),CTL,individual,8:44952218,8,44952218,5.655136e-09,SORBI_3008G095150,1
TG(16:0_18:1_20:0),CTL,individual,8:44952218,8,44952218,5.655136e-09,SORBI_3008G095150,1
TG(16:0_18:1_20:0),CTL,individual,8:44952218,8,44952218,5.655136e-09,SORBI_3008G095200,1
TG(16:0_18:1_20:0),CTL,individual,8:44935899,8,44935899,5.655136e-09,SORBI_3008G095150,0.990853
TG(16:0_18:1_20:0),CTL,individual,8:44935899,8,44935899,5.655136e-09,SORBI_3008G095200,0.990853
TG(16:0_18:1_20:0),CTL,individual,8:44936342,8,44936342,5.655136e-09,SORBI_3008G095150,0.990853
TG(16:0_18:1_20:0),CTL,individual,8:44936342,8,44936342,5.655136e-09,SORBI_3008G095200,0.990853
TG(16:0_18:1_20:0),CTL,individual,8:44948349,8,44948349,5.655136e-09,SORBI_3008G095150,0.990853
TG(16:0_18:1_20:0),CTL,individual,8:44948349,8,44948349,5.655136e-09,SORBI_3008G095200,0.990853
TG(16:0_18:1_20:0),CTL,individual,8:44950090,8,44950090,5.655136e-09,SORBI_3008G095150,0.990853
TG(16:0_18:1_20:0),CTL,individual,8:44950090,8,44950090,5.655136e-09,SORBI_3008G095200,0.990853
TG(16:0_18:1_20:0),CTL,individual,8:44952218,8,44952218,5.655136e-09,SORBI_3008G095150,0.990853
TG(16:0_18:1_20:0),CTL,individual,8:44952218,8,44952218,5.655136e-09,SORBI_3008G095200,0.990853
TG(16:0_18:1_20:0),CTL,individual,8:44935899,8,44935899,5.655136e-09,SORBI_3008G095150,0.99085
TG(16:0_18:1_20:0),CTL,individual,8:44936342,8,44936342,5.655136e-09,SORBI_3008G095150,0.99085
TG(16:0_18:1_20:0),CTL,individual,8:44948349,8,44948349,5.655136e-09,SORBI_3008G095150,0.99085
TG(16:0_18:1_20:0),CTL,individual,8:44950090,8,44950090,5.655136e-09,SORBI_3008G095150,0.99085
TG(16:0_18:1_20:0),CTL,individual,8:44952218,8,44952218,5.655136e-09,SORBI_3008G095150,0.99085
TG(16:0_18:1_20:0),CTL,individual,8:44935899,8,44935899,5.655136e-09,SORBI_3008G095150,0.981889
TG(16:0_18:1_20:0),CTL,individual,8:44936342,8,44936342,5.655136e-09,SORBI_3008G095150,0.981889
TG(16:0_18:1_20:0),CTL,individual,8:44948349,8,44948349,5.655136e-09,SORBI_3008G095150,0.981889
TG(16:0_18:1_20:0),CTL,individual,8:44950090,8,44950090,5.655136e-09,SORBI_3008G095150,0.981889
TG(16:0_18:1_20:0),CTL,individual,8:44952218,8,44952218,5.655136e-09,SORBI_3008G095150,0.981889
TG(16:0_18:1_20:0),CTL,individual,8:44935899,8,44935899,5.655136e-09,SORBI_3008G095150,0.981532
TG(16:0_18:1_20:0),CTL,individual,8:44936342,8,44936342,5.655136e-09,SORBI_3008G095150,0.981532
TG(16:0_18:1_20:0),CTL,individual,8:44948349,8,44948349,5.655136e-09,SORBI_3008G095150,0.981532
TG(16:0_18:1_20:0),CTL,individual,8:44950090,8,44950090,5.655136e-09,SORBI_3008G095150,0.981532
TG(16:0_18:1_20:0),CTL,individual,8:44952218,8,44952218,5.655136e-09,SORBI_3008G095150,0.981532
TG(16:0_18:1_20:0),CTL,individual,8:44935899,8,44935899,5.655136e-09,SORBI_3008G095200,0.944697
TG(16:0_18:1_20:0),CTL,individual,8:44936342,8,44936342,5.655136e-09,SORBI_3008G095200,0.944697
TG(16:0_18:1_20:0),CTL,individual,8:44948349,8,44948349,5.655136e-09,SORBI_3008G095200,0.944697
TG(16:0_18:1_20:0),CTL,individual,8:44950090,8,44950090,5.655136e-09,SORBI_3008G095200,0.944697
TG(16:0_18:1_20:0),CTL,individual,8:44952218,8,44952218,5.655136e-09,SORBI_3008G095200,0.944697
TG(16:0_18:1_20:0),CTL,individual,8:44935899,8,44935899,5.655136e-09,SORBI_3008G095200,0.936444
TG(16:0_18:1_20:0),CTL,individual,8:44936342,8,44936342,5.655136e-09,SORBI_3008G095200,0.936444
TG(16:0_18:1_20:0),CTL,individual,8:44948349,8,44948349,5.655136e-09,SORBI_3008G095200,0.936444
TG(16:0_18:1_20:0),CTL,individual,8:44950090,8,44950090,5.655136e-09,SORBI_3008G095200,0.936444
TG(16:0_18:1_20:0),CTL,individual,8:44952218,8,44952218,5.655136e-09,SORBI_3008G095200,0.936444
TG(16:0_18:1_20:0),CTL,individual,8:44935899,8,44935899,5.655136e-09,SORBI_3008G095150,0.918748
TG(16:0_18:1_20:0),CTL,individual,8:44936342,8,44936342,5.655136e-09,SORBI_3008G095150,0.918748
TG(16:0_18:1_20:0),CTL,individual,8:44948349,8,44948349,5.655136e-09,SORBI_3008G095150,0.918748
TG(16:0_18:1_20:0),CTL,individual,8:44950090,8,44950090,5.655136e-09,SORBI_3008G095150,0.918748
TG(16:0_18:1_20:0),CTL,individual,8:44952218,8,44952218,5.655136e-09,SORBI_3008G095150,0.918748
TG(16:0_18:1_20:0),CTL,individual,8:44935899,8,44935899,5.655136e-09,SORBI_3008G095200,0.76768
TG(16:0_18:1_20:0),CTL,individual,8:44936342,8,44936342,5.655136e-09,SORBI_3008G095200,0.76768
TG(16:0_18:1_20:0),CTL,individual,8:44948349,8,44948349,5.655136e-09,SORBI_3008G095200,0.76768
TG(16:0_18:1_20:0),CTL,individual,8:44950090,8,44950090,5.655136e-09,SORBI_3008G095200,0.76768
TG(16:0_18:1_20:0),CTL,individual,8:44952218,8,44952218,5.655136e-09,SORBI_3008G095200,0.76768
TG(16:0_18:1_20:0),CTL,individual,6:60968355,6,60968355,6.066066e-09,SORBI_3006G279400,1
TG(16:0_18:1_20:0),CTL,individual,6:60968355,6,60968355,6.066066e-09,SORBI_3006G279400,1
TG(16:0_18:1_20:0),CTL,individual,6:60968355,6,60968355,6.066066e-09,SORBI_3006G277550,0.869797
TG(16:0_18:1_20:0),CTL,individual,6:60968355,6,60968355,6.066066e-09,SORBI_3006G279100,0.834639
TG(16:0_18:1_20:0),CTL,individual,6:60968355,6,60968355,6.066066e-09,SORBI_3006G279400,0.808391
TG(16:0_18:1_20:0),CTL,individual,6:60968355,6,60968355,6.066066e-09,SORBI_3006G278100,0.756436
TG(16:0_18:1_20:0),CTL,individual,6:60968355,6,60968355,6.066066e-09,SORBI_3006G278400,0.734652
TG(16:0_18:1_20:0),CTL,individual,6:60968355,6,60968355,6.066066e-09,SORBI_3006G280250,0.703642
TG(16:0_18:1_20:0),CTL,individual,6:60968355,6,60968355,6.066066e-09,SORBI_3006G278500,0.687965
TG(16:0_18:1_20:0),CTL,individual,6:60968355,6,60968355,6.066066e-09,SORBI_3006G278600,0.687965
TG(16:0_18:1_20:0),CTL,individual,8:44950316,8,44950316,6.085385e-09,SORBI_3008G095150,1
TG(16:0_18:1_20:0),CTL,individual,8:44950316,8,44950316,6.085385e-09,SORBI_3008G095150,1
TG(16:0_18:1_20:0),CTL,individual,8:44954046,8,44954046,6.085385e-09,SORBI_3008G095150,1
TG(16:0_18:1_20:0),CTL,individual,8:44954046,8,44954046,6.085385e-09,SORBI_3008G095150,1
TG(16:0_18:1_20:0),CTL,individual,8:44950316,8,44950316,6.085385e-09,SORBI_3008G095100,0.990853
TG(16:0_18:1_20:0),CTL,individual,8:44950316,8,44950316,6.085385e-09,SORBI_3008G095150,0.990853
TG(16:0_18:1_20:0),CTL,individual,8:44950316,8,44950316,6.085385e-09,SORBI_3008G095200,0.990853
TG(16:0_18:1_20:0),CTL,individual,8:44954046,8,44954046,6.085385e-09,SORBI_3008G095100,0.990853
TG(16:0_18:1_20:0),CTL,individual,8:44954046,8,44954046,6.085385e-09,SORBI_3008G095150,0.990853
TG(16:0_18:1_20:0),CTL,individual,8:44954046,8,44954046,6.085385e-09,SORBI_3008G095200,0.990853
TG(16:0_18:1_20:0),CTL,individual,8:44950316,8,44950316,6.085385e-09,SORBI_3008G095150,0.981787
TG(16:0_18:1_20:0),CTL,individual,8:44954046,8,44954046,6.085385e-09,SORBI_3008G095150,0.981787
TG(16:0_18:1_20:0),CTL,individual,8:44950316,8,44950316,6.085385e-09,SORBI_3008G095150,0.981149
TG(16:0_18:1_20:0),CTL,individual,8:44950316,8,44950316,6.085385e-09,SORBI_3008G095200,0.981149
TG(16:0_18:1_20:0),CTL,individual,8:44954046,8,44954046,6.085385e-09,SORBI_3008G095150,0.981149
TG(16:0_18:1_20:0),CTL,individual,8:44954046,8,44954046,6.085385e-09,SORBI_3008G095200,0.981149
TG(16:0_18:1_20:0),CTL,individual,8:44950316,8,44950316,6.085385e-09,SORBI_3008G095150,0.971918
TG(16:0_18:1_20:0),CTL,individual,8:44954046,8,44954046,6.085385e-09,SORBI_3008G095150,0.971918
TG(16:0_18:1_20:0),CTL,individual,8:44950316,8,44950316,6.085385e-09,SORBI_3008G095150,0.971614
TG(16:0_18:1_20:0),CTL,individual,8:44954046,8,44954046,6.085385e-09,SORBI_3008G095150,0.971614
TG(16:0_18:1_20:0),CTL,individual,8:44950316,8,44950316,6.085385e-09,SORBI_3008G095200,0.934152
TG(16:0_18:1_20:0),CTL,individual,8:44954046,8,44954046,6.085385e-09,SORBI_3008G095200,0.934152
TG(16:0_18:1_20:0),CTL,individual,8:44950316,8,44950316,6.085385e-09,SORBI_3008G095200,0.924621
TG(16:0_18:1_20:0),CTL,individual,8:44954046,8,44954046,6.085385e-09,SORBI_3008G095200,0.924621
TG(16:0_18:1_20:0),CTL,individual,8:44950316,8,44950316,6.085385e-09,SORBI_3008G095150,0.923975
TG(16:0_18:1_20:0),CTL,individual,8:44954046,8,44954046,6.085385e-09,SORBI_3008G095150,0.923975
TG(16:0_18:1_20:0),CTL,individual,8:44950316,8,44950316,6.085385e-09,SORBI_3008G095200,0.760144
TG(16:0_18:1_20:0),CTL,individual,8:44954046,8,44954046,6.085385e-09,SORBI_3008G095200,0.760144
TG(16:0_18:1_20:0),CTL,individual,8:44830370,8,44830370,6.104027e-09,SORBI_3008G094800,0.980461
TG(16:0_18:1_20:0),CTL,individual,8:44830370,8,44830370,6.104027e-09,SORBI_3008G094600,0.980052
TG(16:0_18:1_20:0),CTL,individual,8:44830370,8,44830370,6.104027e-09,SORBI_3008G094600,0.976124
TG(16:0_18:1_20:0),CTL,individual,8:44830370,8,44830370,6.104027e-09,SORBI_3008G094800,0.976124
TG(16:0_18:1_20:0),CTL,individual,8:44830370,8,44830370,6.104027e-09,SORBI_3008G094800,0.971391
TG(16:0_18:1_20:0),CTL,individual,8:44830370,8,44830370,6.104027e-09,SORBI_3008G094400,0.971267
TG(16:0_18:1_20:0),CTL,individual,8:44830370,8,44830370,6.104027e-09,SORBI_3008G094800,0.959072
TG(16:0_18:1_20:0),CTL,individual,8:44830370,8,44830370,6.104027e-09,SORBI_3008G094500,0.8632
TG(16:0_18:1_20:0),CTL,individual,8:44830370,8,44830370,6.104027e-09,SORBI_3008G094500,0.859849
TG(16:0_18:1_20:0),CTL,individual,8:44830370,8,44830370,6.104027e-09,SORBI_3008G094650,0.623081
TG(16:0_18:1_20:0),CTL,individual,8:44830370,8,44830370,6.104027e-09,SORBI_3008G094650,0.602223
TG(16:0_18:1_20:0),CTL,individual,7:40232876,7,40232876,6.130683e-09,SORBI_3007G110400,0.957095
TG(16:0_18:1_20:0),CTL,individual,7:40232876,7,40232876,6.130683e-09,SORBI_3007G110700,0.957095
TG(16:0_18:1_20:0),CTL,individual,7:40232876,7,40232876,6.130683e-09,SORBI_3007G110700,0.951497
TG(16:0_18:1_20:0),CTL,individual,7:40232876,7,40232876,6.130683e-09,SORBI_3007G110700,0.923919
TG(16:0_18:1_20:0),CTL,individual,7:40232876,7,40232876,6.130683e-09,SORBI_3007G110400,0.917463
TG(16:0_18:1_20:0),CTL,individual,7:40232876,7,40232876,6.130683e-09,SORBI_3007G110700,0.916136
TG(16:0_18:1_20:0),CTL,individual,7:40232876,7,40232876,6.130683e-09,SORBI_3007G110700,0.908431
TG(16:0_18:1_20:0),CTL,individual,7:40232876,7,40232876,6.130683e-09,SORBI_3007G110500,0.901808
TG(16:0_18:1_20:0),CTL,individual,7:40232876,7,40232876,6.130683e-09,SORBI_3007G110500,0.887482
TG(16:0_18:1_20:0),CTL,individual,7:40232876,7,40232876,6.130683e-09,SORBI_3007G110500,0.830194
TG(16:0_18:1_20:0),CTL,individual,7:43964547,7,43964547,6.383174e-09,SORBI_3007G112900,0.951391
TG(16:0_18:1_20:0),CTL,individual,7:43964547,7,43964547,6.383174e-09,SORBI_3007G113200,0.951363
TG(16:0_18:1_20:0),CTL,individual,7:43964547,7,43964547,6.383174e-09,SORBI_3007G113101,0.92749
TG(16:0_18:1_20:0),CTL,individual,7:43964547,7,43964547,6.383174e-09,SORBI_3007G113101,0.874096
TG(16:0_18:1_20:0),CTL,individual,7:43964547,7,43964547,6.383174e-09,SORBI_3007G112900,0.811759
TG(16:0_18:1_20:0),CTL,individual,7:21496244,7,21496244,6.58859e-09,SORBI_3007G099133,0.971854
TG(16:0_18:1_20:0),CTL,individual,7:21496244,7,21496244,6.58859e-09,SORBI_3007G099133,0.931273
TG(16:0_18:1_20:0),CTL,individual,7:21496244,7,21496244,6.58859e-09,SORBI_3007G099133,0.901968
TG(16:0_18:1_20:0),CTL,individual,7:21496244,7,21496244,6.58859e-09,SORBI_3007G099133,0.644402
TG(16:0_18:1_20:0),CTL,individual,1:31200666,1,31200666,6.726615e-09,SORBI_3001G259250,0.747808
TG(16:0_18:1_20:0),CTL,individual,1:31200666,1,31200666,6.726615e-09,SORBI_3001G259600,0.734981
TG(16:0_18:1_20:0),CTL,individual,1:31200666,1,31200666,6.726615e-09,SORBI_3001G259200,0.720083
TG(16:0_18:1_20:0),CTL,individual,1:31200666,1,31200666,6.726615e-09,SORBI_3001G259200,0.715207
TG(16:0_18:1_20:0),CTL,individual,1:31200666,1,31200666,6.726615e-09,SORBI_3001G259850,0.692597
TG(16:0_18:1_20:0),CTL,individual,6:16273020,6,16273020,7.236467e-09,SORBI_3006G038700,1
TG(16:0_18:1_20:0),CTL,individual,6:16273020,6,16273020,7.236467e-09,SORBI_3006G038700,1
TG(16:0_18:1_20:0),CTL,individual,6:16273020,6,16273020,7.236467e-09,SORBI_3006G038700,0.925827
TG(16:0_18:1_20:0),CTL,individual,6:16273020,6,16273020,7.236467e-09,SORBI_3006G038700,0.925807
TG(16:0_18:1_20:0),CTL,individual,6:16273020,6,16273020,7.236467e-09,SORBI_3006G038700,0.911269
TG(16:0_18:1_20:0),CTL,individual,6:16273020,6,16273020,7.236467e-09,SORBI_3006G038700,0.91095
TG(16:0_18:1_20:0),CTL,individual,6:16273020,6,16273020,7.236467e-09,SORBI_3006G038700,0.896801
TG(16:0_18:1_20:0),CTL,individual,6:16273020,6,16273020,7.236467e-09,SORBI_3006G038700,0.896396
TG(16:0_18:1_20:0),CTL,individual,6:16273020,6,16273020,7.236467e-09,SORBI_3006G038700,0.882284
TG(16:0_18:1_20:0),CTL,individual,6:16273020,6,16273020,7.236467e-09,SORBI_3006G038700,0.881894
TG(16:0_18:1_20:0),CTL,individual,6:16273020,6,16273020,7.236467e-09,SORBI_3006G038700,0.868469
TG(16:0_18:1_20:0),CTL,individual,6:16273020,6,16273020,7.236467e-09,SORBI_3006G038700,0.867751
TG(16:0_18:1_20:0),CTL,individual,6:16273020,6,16273020,7.236467e-09,SORBI_3006G038700,0.841816
TG(16:0_18:1_20:0),CTL,individual,6:16273020,6,16273020,7.236467e-09,SORBI_3006G038700,0.828954
TG(16:0_18:1_20:0),CTL,individual,6:16273020,6,16273020,7.236467e-09,SORBI_3006G038700,0.792103
TG(16:0_18:1_20:0),CTL,individual,6:16273020,6,16273020,7.236467e-09,SORBI_3006G038700,0.704984
TG(16:0_18:1_20:0),CTL,individual,6:16273020,6,16273020,7.236467e-09,SORBI_3006G038700,0.685405
TG(16:0_18:1_20:0),CTL,individual,6:16273020,6,16273020,7.236467e-09,SORBI_3006G038700,0.675909
TG(16:0_18:1_20:0),CTL,individual,6:16273020,6,16273020,7.236467e-09,SORBI_3006G038700,0.657477
TG(16:0_18:1_20:0),CTL,individual,6:16273020,6,16273020,7.236467e-09,SORBI_3006G038700,0.604627
TG(16:0_18:1_20:0),CTL,individual,1:31163633,1,31163633,7.385197e-09,SORBI_3001G259400,0.701566
TG(16:0_18:1_20:0),CTL,individual,1:31163633,1,31163633,7.385197e-09,SORBI_3001G259000,0.657025
TG(16:0_18:1_20:0),CTL,individual,1:31163633,1,31163633,7.385197e-09,SORBI_3001G259000,0.639342
TG(16:0_18:1_20:0),CTL,individual,1:31163633,1,31163633,7.385197e-09,SORBI_3001G259100,0.628446
TG(16:0_18:1_20:0),CTL,individual,1:31163633,1,31163633,7.385197e-09,SORBI_3001G259000,0.607148
TG(16:0_18:1_20:0),CTL,individual,1:31163633,1,31163633,7.385197e-09,SORBI_3001G259000,0.601718
TG(16:0_18:1_20:0),CTL,individual,1:50641490,1,50641490,7.482918e-09,SORBI_3001G266200,0.800802
TG(16:0_18:1_20:0),CTL,individual,1:50641490,1,50641490,7.482918e-09,SORBI_3001G266100,0.632102
TG(16:0_18:1_20:0),CTL,individual,1:50641490,1,50641490,7.482918e-09,SORBI_3001G266200,0.621922
TG(16:0_18:1_20:0),CTL,individual,1:50641490,1,50641490,7.482918e-09,SORBI_3001G267000,0.621893
TG(16:0_18:1_20:0),CTL,individual,8:44586163,8,44586163,7.536287e-09,SORBI_3008G094400,0.916703
TG(16:0_18:1_20:0),CTL,individual,8:44586163,8,44586163,7.536287e-09,SORBI_3008G094400,0.909852
TG(16:0_18:1_20:0),CTL,individual,8:44586163,8,44586163,7.536287e-09,SORBI_3008G094600,0.864038
TG(16:0_18:1_20:0),CTL,individual,8:44586163,8,44586163,7.536287e-09,SORBI_3008G094600,0.860292
TG(16:0_18:1_20:0),CTL,individual,8:44586163,8,44586163,7.536287e-09,SORBI_3008G094500,0.856667
TG(16:0_18:1_20:0),CTL,individual,1:18822364,1,18822364,7.622143e-09,SORBI_3001G206100,1
TG(16:0_18:1_20:0),CTL,individual,1:18822364,1,18822364,7.622143e-09,SORBI_3001G206100,1
TG(16:0_18:1_20:0),CTL,individual,1:18822364,1,18822364,7.622143e-09,SORBI_3001G206100,0.976016
TG(16:0_18:1_20:0),CTL,individual,1:18822364,1,18822364,7.622143e-09,SORBI_3001G206100,0.952477
TG(16:0_18:1_20:0),CTL,individual,1:18822364,1,18822364,7.622143e-09,SORBI_3001G206100,0.881316
TG(16:0_18:1_20:0),CTL,individual,1:18822364,1,18822364,7.622143e-09,SORBI_3001G206100,0.855716
TG(16:0_18:1_20:0),CTL,individual,1:18822364,1,18822364,7.622143e-09,SORBI_3001G206100,0.793653
TG(16:0_18:1_20:0),CTL,individual,1:18822364,1,18822364,7.622143e-09,SORBI_3001G206100,0.792164
TG(16:0_18:1_20:0),CTL,individual,1:18822364,1,18822364,7.622143e-09,SORBI_3001G206100,0.772633
TG(16:0_18:1_20:0),CTL,individual,1:18822364,1,18822364,7.622143e-09,SORBI_3001G206100,0.76851
TG(16:0_18:1_20:0),CTL,individual,1:18822364,1,18822364,7.622143e-09,SORBI_3001G206100,0.767638
TG(16:0_18:1_20:0),CTL,individual,1:18822364,1,18822364,7.622143e-09,SORBI_3001G206100,0.756588
TG(16:0_18:1_20:0),CTL,individual,1:18822364,1,18822364,7.622143e-09,SORBI_3001G206100,0.749076
TG(16:0_18:1_20:0),CTL,individual,1:18822364,1,18822364,7.622143e-09,SORBI_3001G206100,0.74901
TG(16:0_18:1_20:0),CTL,individual,1:18822364,1,18822364,7.622143e-09,SORBI_3001G206100,0.736013
TG(16:0_18:1_20:0),CTL,individual,1:18822364,1,18822364,7.622143e-09,SORBI_3001G206100,0.731356
TG(16:0_18:1_20:0),CTL,individual,1:18822364,1,18822364,7.622143e-09,SORBI_3001G206100,0.720832
TG(16:0_18:1_20:0),CTL,individual,1:18822364,1,18822364,7.622143e-09,SORBI_3001G206100,0.718479
TG(16:0_18:1_20:0),CTL,individual,1:18822364,1,18822364,7.622143e-09,SORBI_3001G206100,0.702406
TG(16:0_18:1_20:0),CTL,individual,1:18822364,1,18822364,7.622143e-09,SORBI_3001G206100,0.682808
TG(16:0_18:1_20:0),CTL,individual,1:18822364,1,18822364,7.622143e-09,SORBI_3001G206100,0.661045
TG(16:0_18:1_20:0),CTL,individual,1:18822364,1,18822364,7.622143e-09,SORBI_3001G206100,0.657225
TG(16:0_18:1_20:0),CTL,individual,1:18822364,1,18822364,7.622143e-09,SORBI_3001G206100,0.652381
TG(16:0_18:1_20:0),CTL,individual,1:18822364,1,18822364,7.622143e-09,SORBI_3001G206100,0.648477
TG(16:0_18:1_20:0),CTL,individual,1:18822364,1,18822364,7.622143e-09,SORBI_3001G206100,0.620475
TG(16:0_18:1_20:0),CTL,individual,8:44565272,8,44565272,8.104345e-09,SORBI_3008G094300,0.947593
TG(16:0_18:1_20:0),CTL,individual,8:44565273,8,44565273,8.104345e-09,SORBI_3008G094300,0.947593
TG(16:0_18:1_20:0),CTL,individual,8:44565272,8,44565272,8.104345e-09,SORBI_3008G094400,0.90994
TG(16:0_18:1_20:0),CTL,individual,8:44565273,8,44565273,8.104345e-09,SORBI_3008G094400,0.90994
TG(16:0_18:1_20:0),CTL,individual,8:44565272,8,44565272,8.104345e-09,SORBI_3008G094500,0.795897
TG(16:0_18:1_20:0),CTL,individual,8:44565273,8,44565273,8.104345e-09,SORBI_3008G094500,0.795897
TG(16:0_18:1_20:0),CTL,individual,8:44565272,8,44565272,8.104345e-09,SORBI_3008G094500,0.773427
TG(16:0_18:1_20:0),CTL,individual,8:44565273,8,44565273,8.104345e-09,SORBI_3008G094500,0.773427
