trait,condition,layer,SNP,chr,ps,p_wald,gene,r2
TG(18:0_18:2_18:2),CTL,individual,9:21077105,9,21077105,3.448151e-17,SORBI_3009G092100,1
TG(18:0_18:2_18:2),CTL,individual,9:21077112,9,21077112,3.448151e-17,SORBI_3009G092100,1
TG(18:0_18:2_18:2),CTL,individual,5:24255190,5,24255190,2.36019e-14,SORBI_3005G110120,0.830873
TG(18:0_18:2_18:2),CTL,individual,5:24255190,5,24255190,2.36019e-14,SORBI_3005G110160,0.830873
TG(18:0_18:2_18:2),CTL,individual,5:24255190,5,24255190,2.36019e-14,SORBI_3005G110160,0.823992
TG(18:0_18:2_18:2),CTL,individual,5:24255190,5,24255190,2.36019e-14,SORBI_3005G110120,0.817378
TG(18:0_18:2_18:2),CTL,individual,5:24255190,5,24255190,2.36019e-14,SORBI_3005G110160,0.817165
TG(18:0_18:2_18:2),CTL,individual,5:24255190,5,24255190,2.36019e-14,SORBI_3005G110160,0.810848
TG(18:0_18:2_18:2),CTL,individual,5:24255190,5,24255190,2.36019e-14,SORBI_3005G110160,0.807504
TG(18:0_18:2_18:2),CTL,individual,5:24255190,5,24255190,2.36019e-14,SORBI_3005G110160,0.807138
TG(18:0_18:2_18:2),CTL,individual,5:24255190,5,24255190,2.36019e-14,SORBI_3005G110160,0.790144
TG(18:0_18:2_18:2),CTL,individual,5:24255190,5,24255190,2.36019e-14,SORBI_3005G110120,0.789411
TG(18:0_18:2_18:2),CTL,individual,5:24255190,5,24255190,2.36019e-14,SORBI_3005G110120,0.784328
TG(18:0_18:2_18:2),CTL,individual,5:24255190,5,24255190,2.36019e-14,SORBI_3005G110120,0.7571
TG(18:0_18:2_18:2),CTL,individual,5:24255190,5,24255190,2.36019e-14,SORBI_3005G110120,0.692387
TG(18:0_18:2_18:2),CTL,individual,10:32594255,10,32594255,5.878505e-14,SORBI_3010G140800,0.85142
TG(18:0_18:2_18:2),CTL,individual,10:32594255,10,32594255,5.878505e-14,SORBI_3010G140800,0.844552
TG(18:0_18:2_18:2),CTL,individual,10:32594255,10,32594255,5.878505e-14,SORBI_3010G140800,0.789685
TG(18:0_18:2_18:2),CTL,individual,10:32594255,10,32594255,5.878505e-14,SORBI_3010G140800,0.785184
TG(18:0_18:2_18:2),CTL,individual,10:32594255,10,32594255,5.878505e-14,SORBI_3010G140800,0.753693
TG(18:0_18:2_18:2),CTL,individual,6:36770981,6,36770981,4.862304e-13,SORBI_3006G050050,0.932892
TG(18:0_18:2_18:2),CTL,individual,6:36770981,6,36770981,4.862304e-13,SORBI_3006G050050,0.929987
TG(18:0_18:2_18:2),CTL,individual,6:36770981,6,36770981,4.862304e-13,SORBI_3006G049900,0.924783
TG(18:0_18:2_18:2),CTL,individual,6:36770981,6,36770981,4.862304e-13,SORBI_3006G049700,0.920518
TG(18:0_18:2_18:2),CTL,individual,6:36770981,6,36770981,4.862304e-13,SORBI_3006G049700,0.903774
TG(18:0_18:2_18:2),CTL,individual,6:36770981,6,36770981,4.862304e-13,SORBI_3006G050050,0.822524
TG(18:0_18:2_18:2),CTL,individual,7:42553822,7,42553822,6.128759e-13,SORBI_3007G112200,0.605851
TG(18:0_18:2_18:2),CTL,individual,7:42553822,7,42553822,6.128759e-13,SORBI_3007G111901,0.603213
TG(18:0_18:2_18:2),CTL,individual,7:42553822,7,42553822,6.128759e-13,SORBI_3007G111800,0.600748
TG(18:0_18:2_18:2),CTL,individual,7:42553822,7,42553822,6.128759e-13,SORBI_3007G112100,0.600748
TG(18:0_18:2_18:2),CTL,individual,7:42553822,7,42553822,6.128759e-13,SORBI_3007G112200,0.600748
TG(18:0_18:2_18:2),CTL,individual,5:61715312,5,61715312,1.265269e-12,SORBI_3005G149000,0.746094
TG(18:0_18:2_18:2),CTL,individual,5:61715312,5,61715312,1.265269e-12,SORBI_3005G149000,0.661668
TG(18:0_18:2_18:2),CTL,individual,5:61715312,5,61715312,1.265269e-12,SORBI_3005G149000,0.634367
TG(18:0_18:2_18:2),CTL,individual,9:21077124,9,21077124,1.469672e-12,SORBI_3009G092100,1
TG(18:0_18:2_18:2),CTL,individual,5:11830284,5,11830284,1.705797e-12,SORBI_3005G086650,0.645278
TG(18:0_18:2_18:2),CTL,individual,6:36376888,6,36376888,2.22526e-12,SORBI_3006G049666,0.932151
TG(18:0_18:2_18:2),CTL,individual,6:36116767,6,36116767,2.468888e-12,SORBI_3006G049600,0.979802
TG(18:0_18:2_18:2),CTL,individual,6:36116767,6,36116767,2.468888e-12,SORBI_3006G049600,0.976956
TG(18:0_18:2_18:2),CTL,individual,6:36116767,6,36116767,2.468888e-12,SORBI_3006G049600,0.976729
TG(18:0_18:2_18:2),CTL,individual,6:36116767,6,36116767,2.468888e-12,SORBI_3006G049600,0.976535
TG(18:0_18:2_18:2),CTL,individual,6:36116767,6,36116767,2.468888e-12,SORBI_3006G049600,0.974127
TG(18:0_18:2_18:2),CTL,individual,6:36116767,6,36116767,2.468888e-12,SORBI_3006G049600,0.97399
TG(18:0_18:2_18:2),CTL,individual,6:36116767,6,36116767,2.468888e-12,SORBI_3006G049600,0.973867
TG(18:0_18:2_18:2),CTL,individual,6:36116767,6,36116767,2.468888e-12,SORBI_3006G049600,0.973671
TG(18:0_18:2_18:2),CTL,individual,6:36116767,6,36116767,2.468888e-12,SORBI_3006G049600,0.971022
TG(18:0_18:2_18:2),CTL,individual,6:36116767,6,36116767,2.468888e-12,SORBI_3006G049600,0.970539
TG(18:0_18:2_18:2),CTL,individual,6:36116767,6,36116767,2.468888e-12,SORBI_3006G049600,0.970454
TG(18:0_18:2_18:2),CTL,individual,6:36116767,6,36116767,2.468888e-12,SORBI_3006G049600,0.967932
TG(18:0_18:2_18:2),CTL,individual,6:36116767,6,36116767,2.468888e-12,SORBI_3006G049600,0.966457
TG(18:0_18:2_18:2),CTL,individual,6:36116767,6,36116767,2.468888e-12,SORBI_3006G049600,0.966166
TG(18:0_18:2_18:2),CTL,individual,6:36116767,6,36116767,2.468888e-12,SORBI_3006G049600,0.964694
TG(18:0_18:2_18:2),CTL,individual,6:36116767,6,36116767,2.468888e-12,SORBI_3006G049600,0.9645
TG(18:0_18:2_18:2),CTL,individual,6:36116767,6,36116767,2.468888e-12,SORBI_3006G049600,0.963173
TG(18:0_18:2_18:2),CTL,individual,6:36116767,6,36116767,2.468888e-12,SORBI_3006G049600,0.962952
TG(18:0_18:2_18:2),CTL,individual,6:36116767,6,36116767,2.468888e-12,SORBI_3006G049600,0.962703
TG(18:0_18:2_18:2),CTL,individual,6:36116767,6,36116767,2.468888e-12,SORBI_3006G049600,0.9618
TG(18:0_18:2_18:2),CTL,individual,6:36116767,6,36116767,2.468888e-12,SORBI_3006G049600,0.961605
TG(18:0_18:2_18:2),CTL,individual,6:36116767,6,36116767,2.468888e-12,SORBI_3006G049633,0.961605
TG(18:0_18:2_18:2),CTL,individual,6:36116767,6,36116767,2.468888e-12,SORBI_3006G049600,0.960392
TG(18:0_18:2_18:2),CTL,individual,6:36116767,6,36116767,2.468888e-12,SORBI_3006G049600,0.960097
TG(18:0_18:2_18:2),CTL,individual,6:36116767,6,36116767,2.468888e-12,SORBI_3006G049600,0.959469
TG(18:0_18:2_18:2),CTL,individual,6:36116767,6,36116767,2.468888e-12,SORBI_3006G049600,0.95874
TG(18:0_18:2_18:2),CTL,individual,6:36116767,6,36116767,2.468888e-12,SORBI_3006G049600,0.955952
TG(18:0_18:2_18:2),CTL,individual,6:36116767,6,36116767,2.468888e-12,SORBI_3006G049600,0.946522
TG(18:0_18:2_18:2),CTL,individual,6:36116767,6,36116767,2.468888e-12,SORBI_3006G049600,0.946405
TG(18:0_18:2_18:2),CTL,individual,6:36116767,6,36116767,2.468888e-12,SORBI_3006G049600,0.942087
TG(18:0_18:2_18:2),CTL,individual,6:36116767,6,36116767,2.468888e-12,SORBI_3006G049600,0.92478
TG(18:0_18:2_18:2),CTL,individual,6:36116767,6,36116767,2.468888e-12,SORBI_3006G049666,0.923045
TG(18:0_18:2_18:2),CTL,individual,6:36116767,6,36116767,2.468888e-12,SORBI_3006G049600,0.921411
TG(18:0_18:2_18:2),CTL,individual,6:36116767,6,36116767,2.468888e-12,SORBI_3006G049666,0.853628
TG(18:0_18:2_18:2),CTL,individual,6:36116767,6,36116767,2.468888e-12,SORBI_3006G049600,0.800838
TG(18:0_18:2_18:2),CTL,individual,2:37881173,2,37881173,2.76896e-12,SORBI_3002G148100,0.949842
TG(18:0_18:2_18:2),CTL,individual,2:37881173,2,37881173,2.76896e-12,SORBI_3002G148100,0.949616
TG(18:0_18:2_18:2),CTL,individual,2:37881173,2,37881173,2.76896e-12,SORBI_3002G148100,0.939486
TG(18:0_18:2_18:2),CTL,individual,2:37881173,2,37881173,2.76896e-12,SORBI_3002G148232,0.939475
TG(18:0_18:2_18:2),CTL,individual,2:37881173,2,37881173,2.76896e-12,SORBI_3002G148100,0.929591
TG(18:0_18:2_18:2),CTL,individual,2:37881173,2,37881173,2.76896e-12,SORBI_3002G148166,0.929591
TG(18:0_18:2_18:2),CTL,individual,2:37881173,2,37881173,2.76896e-12,SORBI_3002G148100,0.92116
TG(18:0_18:2_18:2),CTL,individual,2:37881173,2,37881173,2.76896e-12,SORBI_3002G148100,0.90023
TG(18:0_18:2_18:2),CTL,individual,2:37881173,2,37881173,2.76896e-12,SORBI_3002G148100,0.677787
TG(18:0_18:2_18:2),CTL,individual,2:37881173,2,37881173,2.76896e-12,SORBI_3002G148100,0.664431
TG(18:0_18:2_18:2),CTL,individual,2:37881173,2,37881173,2.76896e-12,SORBI_3002G148100,0.657338
TG(18:0_18:2_18:2),CTL,individual,2:37881173,2,37881173,2.76896e-12,SORBI_3002G148100,0.643931
TG(18:0_18:2_18:2),CTL,individual,2:37881173,2,37881173,2.76896e-12,SORBI_3002G148100,0.619607
TG(18:0_18:2_18:2),CTL,individual,2:37881173,2,37881173,2.76896e-12,SORBI_3002G148100,0.619509
TG(18:0_18:2_18:2),CTL,individual,2:37881173,2,37881173,2.76896e-12,SORBI_3002G148100,0.615138
TG(18:0_18:2_18:2),CTL,individual,2:37881173,2,37881173,2.76896e-12,SORBI_3002G148100,0.606169
TG(18:0_18:2_18:2),CTL,individual,8:55831934,8,55831934,4.097896e-12,SORBI_3008G131900,0.937677
TG(18:0_18:2_18:2),CTL,individual,8:55831934,8,55831934,4.097896e-12,SORBI_3008G131900,0.926516
TG(18:0_18:2_18:2),CTL,individual,8:55831934,8,55831934,4.097896e-12,SORBI_3008G132000,0.878997
TG(18:0_18:2_18:2),CTL,individual,8:55831934,8,55831934,4.097896e-12,SORBI_3008G131800,0.877199
TG(18:0_18:2_18:2),CTL,individual,8:55831934,8,55831934,4.097896e-12,SORBI_3008G131601,0.847077
TG(18:0_18:2_18:2),CTL,individual,8:55831934,8,55831934,4.097896e-12,SORBI_3008G131601,0.821618
TG(18:0_18:2_18:2),CTL,individual,8:55831934,8,55831934,4.097896e-12,SORBI_3008G131651,0.821618
TG(18:0_18:2_18:2),CTL,individual,8:55831934,8,55831934,4.097896e-12,SORBI_3008G131700,0.821108
TG(18:0_18:2_18:2),CTL,individual,8:55831934,8,55831934,4.097896e-12,SORBI_3008G131500,0.804644
TG(18:0_18:2_18:2),CTL,individual,8:55831934,8,55831934,4.097896e-12,SORBI_3008G131550,0.804348
TG(18:0_18:2_18:2),CTL,individual,8:55831934,8,55831934,4.097896e-12,SORBI_3008G131601,0.793679
TG(18:0_18:2_18:2),CTL,individual,8:55831934,8,55831934,4.097896e-12,SORBI_3008G131550,0.793476
TG(18:0_18:2_18:2),CTL,individual,8:55831934,8,55831934,4.097896e-12,SORBI_3008G131601,0.783025
TG(18:0_18:2_18:2),CTL,individual,8:55831934,8,55831934,4.097896e-12,SORBI_3008G131900,0.775945
TG(18:0_18:2_18:2),CTL,individual,8:55831934,8,55831934,4.097896e-12,SORBI_3008G131900,0.76022
TG(18:0_18:2_18:2),CTL,individual,8:55831934,8,55831934,4.097896e-12,SORBI_3008G131500,0.756487
TG(18:0_18:2_18:2),CTL,individual,8:55831934,8,55831934,4.097896e-12,SORBI_3008G131601,0.754089
TG(18:0_18:2_18:2),CTL,individual,8:55831934,8,55831934,4.097896e-12,SORBI_3008G131500,0.753272
TG(18:0_18:2_18:2),CTL,individual,8:55831934,8,55831934,4.097896e-12,SORBI_3008G131500,0.748691
TG(18:0_18:2_18:2),CTL,individual,8:55831934,8,55831934,4.097896e-12,SORBI_3008G131601,0.744267
TG(18:0_18:2_18:2),CTL,individual,8:55831934,8,55831934,4.097896e-12,SORBI_3008G131500,0.739359
TG(18:0_18:2_18:2),CTL,individual,8:55831934,8,55831934,4.097896e-12,SORBI_3008G131500,0.733928
TG(18:0_18:2_18:2),CTL,individual,8:55831934,8,55831934,4.097896e-12,SORBI_3008G131601,0.733272
TG(18:0_18:2_18:2),CTL,individual,8:55831934,8,55831934,4.097896e-12,SORBI_3008G131500,0.728575
TG(18:0_18:2_18:2),CTL,individual,8:55831934,8,55831934,4.097896e-12,SORBI_3008G132250,0.717423
TG(18:0_18:2_18:2),CTL,individual,8:55831934,8,55831934,4.097896e-12,SORBI_3008G132250,0.714439
TG(18:0_18:2_18:2),CTL,individual,8:55831934,8,55831934,4.097896e-12,SORBI_3008G131500,0.713027
TG(18:0_18:2_18:2),CTL,individual,8:55831934,8,55831934,4.097896e-12,SORBI_3008G132800,0.71237
TG(18:0_18:2_18:2),CTL,individual,8:55831934,8,55831934,4.097896e-12,SORBI_3008G131500,0.704272
TG(18:0_18:2_18:2),CTL,individual,8:55831934,8,55831934,4.097896e-12,SORBI_3008G131651,0.692232
TG(18:0_18:2_18:2),CTL,individual,8:55831934,8,55831934,4.097896e-12,SORBI_3008G132700,0.691366
TG(18:0_18:2_18:2),CTL,individual,8:55831934,8,55831934,4.097896e-12,SORBI_3008G132700,0.687978
TG(18:0_18:2_18:2),CTL,individual,8:55831934,8,55831934,4.097896e-12,SORBI_3008G131500,0.687433
TG(18:0_18:2_18:2),CTL,individual,8:55831934,8,55831934,4.097896e-12,SORBI_3008G131700,0.686545
TG(18:0_18:2_18:2),CTL,individual,8:55831934,8,55831934,4.097896e-12,SORBI_3008G132600,0.684139
TG(18:0_18:2_18:2),CTL,individual,8:55831934,8,55831934,4.097896e-12,SORBI_3008G132000,0.680841
TG(18:0_18:2_18:2),CTL,individual,8:55831934,8,55831934,4.097896e-12,SORBI_3008G131601,0.679939
TG(18:0_18:2_18:2),CTL,individual,8:55831934,8,55831934,4.097896e-12,SORBI_3008G132500,0.677656
TG(18:0_18:2_18:2),CTL,individual,8:55831934,8,55831934,4.097896e-12,SORBI_3008G132900,0.675856
TG(18:0_18:2_18:2),CTL,individual,8:55831934,8,55831934,4.097896e-12,SORBI_3008G132400,0.671209
TG(18:0_18:2_18:2),CTL,individual,8:55831934,8,55831934,4.097896e-12,SORBI_3008G132900,0.670676
TG(18:0_18:2_18:2),CTL,individual,8:55831934,8,55831934,4.097896e-12,SORBI_3008G132300,0.650477
TG(18:0_18:2_18:2),CTL,individual,8:55831934,8,55831934,4.097896e-12,SORBI_3008G132300,0.649357
TG(18:0_18:2_18:2),CTL,individual,8:55831934,8,55831934,4.097896e-12,SORBI_3008G131500,0.648216
TG(18:0_18:2_18:2),CTL,individual,8:55831934,8,55831934,4.097896e-12,SORBI_3008G132200,0.647052
TG(18:0_18:2_18:2),CTL,individual,8:55831934,8,55831934,4.097896e-12,SORBI_3008G131601,0.647051
TG(18:0_18:2_18:2),CTL,individual,8:55831934,8,55831934,4.097896e-12,SORBI_3008G131651,0.647051
TG(18:0_18:2_18:2),CTL,individual,8:55831934,8,55831934,4.097896e-12,SORBI_3008G132550,0.643748
TG(18:0_18:2_18:2),CTL,individual,8:55831934,8,55831934,4.097896e-12,SORBI_3008G132200,0.637008
TG(18:0_18:2_18:2),CTL,individual,8:55831934,8,55831934,4.097896e-12,SORBI_3008G131601,0.633086
TG(18:0_18:2_18:2),CTL,individual,8:55831934,8,55831934,4.097896e-12,SORBI_3008G131500,0.625913
TG(18:0_18:2_18:2),CTL,individual,8:55831934,8,55831934,4.097896e-12,SORBI_3008G132200,0.623986
TG(18:0_18:2_18:2),CTL,individual,8:55831934,8,55831934,4.097896e-12,SORBI_3008G132200,0.616693
TG(18:0_18:2_18:2),CTL,individual,8:55831934,8,55831934,4.097896e-12,SORBI_3008G131550,0.611768
TG(18:0_18:2_18:2),CTL,individual,8:55831934,8,55831934,4.097896e-12,SORBI_3008G131500,0.604489
TG(18:0_18:2_18:2),CTL,individual,6:35125029,6,35125029,4.115095e-12,SORBI_3006G048775,0.926925
TG(18:0_18:2_18:2),CTL,individual,6:35125029,6,35125029,4.115095e-12,SORBI_3006G048775,0.909395
TG(18:0_18:2_18:2),CTL,individual,6:35125029,6,35125029,4.115095e-12,SORBI_3006G048775,0.892404
TG(18:0_18:2_18:2),CTL,individual,6:35125029,6,35125029,4.115095e-12,SORBI_3006G048775,0.884874
TG(18:0_18:2_18:2),CTL,individual,6:35125029,6,35125029,4.115095e-12,SORBI_3006G048775,0.858428
TG(18:0_18:2_18:2),CTL,individual,8:49914919,8,49914919,4.128944e-12,SORBI_3008G105600,0.810788
TG(18:0_18:2_18:2),CTL,individual,8:49914919,8,49914919,4.128944e-12,SORBI_3008G105600,0.79093
TG(18:0_18:2_18:2),CTL,individual,8:49914919,8,49914919,4.128944e-12,SORBI_3008G105600,0.784422
TG(18:0_18:2_18:2),CTL,individual,8:49914919,8,49914919,4.128944e-12,SORBI_3008G105800,0.781862
TG(18:0_18:2_18:2),CTL,individual,8:49914919,8,49914919,4.128944e-12,SORBI_3008G105600,0.764196
TG(18:0_18:2_18:2),CTL,individual,8:49914919,8,49914919,4.128944e-12,SORBI_3008G105850,0.75762
TG(18:0_18:2_18:2),CTL,individual,8:49914919,8,49914919,4.128944e-12,SORBI_3008G105900,0.75762
TG(18:0_18:2_18:2),CTL,individual,8:49914919,8,49914919,4.128944e-12,SORBI_3008G105900,0.752829
TG(18:0_18:2_18:2),CTL,individual,8:49914919,8,49914919,4.128944e-12,SORBI_3008G105800,0.721551
TG(18:0_18:2_18:2),CTL,individual,8:49914919,8,49914919,4.128944e-12,SORBI_3008G105850,0.705692
TG(18:0_18:2_18:2),CTL,individual,8:49914919,8,49914919,4.128944e-12,SORBI_3008G105900,0.705692
TG(18:0_18:2_18:2),CTL,individual,8:49914919,8,49914919,4.128944e-12,SORBI_3008G105500,0.623886
TG(18:0_18:2_18:2),CTL,individual,7:46143003,7,46143003,5.763863e-12,SORBI_3007G113900,0.842403
TG(18:0_18:2_18:2),CTL,individual,7:46143003,7,46143003,5.763863e-12,SORBI_3007G113900,0.829605
TG(18:0_18:2_18:2),CTL,individual,7:46143003,7,46143003,5.763863e-12,SORBI_3007G113900,0.814311
TG(18:0_18:2_18:2),CTL,individual,7:46143003,7,46143003,5.763863e-12,SORBI_3007G113900,0.81333
TG(18:0_18:2_18:2),CTL,individual,6:31285694,6,31285694,7.580835e-12,SORBI_3006G044466,0.963755
TG(18:0_18:2_18:2),CTL,individual,6:31285694,6,31285694,7.580835e-12,SORBI_3006G044466,0.958723
TG(18:0_18:2_18:2),CTL,individual,6:31285694,6,31285694,7.580835e-12,SORBI_3006G044600,0.958723
TG(18:0_18:2_18:2),CTL,individual,6:31285694,6,31285694,7.580835e-12,SORBI_3006G044600,0.95843
TG(18:0_18:2_18:2),CTL,individual,6:31285694,6,31285694,7.580835e-12,SORBI_3006G044600,0.953754
TG(18:0_18:2_18:2),CTL,individual,6:31285694,6,31285694,7.580835e-12,SORBI_3006G044600,0.948305
TG(18:0_18:2_18:2),CTL,individual,6:31285694,6,31285694,7.580835e-12,SORBI_3006G044600,0.937945
TG(18:0_18:2_18:2),CTL,individual,6:31285694,6,31285694,7.580835e-12,SORBI_3006G044532,0.919967
TG(18:0_18:2_18:2),CTL,individual,6:31285694,6,31285694,7.580835e-12,SORBI_3006G044532,0.917081
TG(18:0_18:2_18:2),CTL,individual,6:31285694,6,31285694,7.580835e-12,SORBI_3006G044532,0.891478
TG(18:0_18:2_18:2),CTL,individual,6:31285694,6,31285694,7.580835e-12,SORBI_3006G044532,0.848495
TG(18:0_18:2_18:2),CTL,individual,6:31285694,6,31285694,7.580835e-12,SORBI_3006G044532,0.839082
TG(18:0_18:2_18:2),CTL,individual,6:31285694,6,31285694,7.580835e-12,SORBI_3006G044532,0.811328
TG(18:0_18:2_18:2),CTL,individual,7:7908077,7,7908077,1.437167e-11,SORBI_3007G071400,1
TG(18:0_18:2_18:2),CTL,individual,7:7908077,7,7908077,1.437167e-11,SORBI_3007G071400,1
TG(18:0_18:2_18:2),CTL,individual,7:7908077,7,7908077,1.437167e-11,SORBI_3007G071400,0.986447
TG(18:0_18:2_18:2),CTL,individual,7:7908077,7,7908077,1.437167e-11,SORBI_3007G071400,0.974059
TG(18:0_18:2_18:2),CTL,individual,7:7908077,7,7908077,1.437167e-11,SORBI_3007G070700,0.734435
TG(18:0_18:2_18:2),CTL,individual,7:7908077,7,7908077,1.437167e-11,SORBI_3007G070900,0.734435
TG(18:0_18:2_18:2),CTL,individual,7:7908077,7,7908077,1.437167e-11,SORBI_3007G071000,0.734435
TG(18:0_18:2_18:2),CTL,individual,7:7908077,7,7908077,1.437167e-11,SORBI_3007G071000,0.626008
TG(18:0_18:2_18:2),CTL,individual,1:18822314,1,18822314,2.376987e-11,SORBI_3001G206100,1
TG(18:0_18:2_18:2),CTL,individual,1:18822314,1,18822314,2.376987e-11,SORBI_3001G206100,1
TG(18:0_18:2_18:2),CTL,individual,1:18822314,1,18822314,2.376987e-11,SORBI_3001G206100,0.881316
TG(18:0_18:2_18:2),CTL,individual,1:18822314,1,18822314,2.376987e-11,SORBI_3001G206100,0.856156
TG(18:0_18:2_18:2),CTL,individual,1:18822314,1,18822314,2.376987e-11,SORBI_3001G206100,0.835416
TG(18:0_18:2_18:2),CTL,individual,1:18822314,1,18822314,2.376987e-11,SORBI_3001G206100,0.766663
TG(18:0_18:2_18:2),CTL,individual,1:18822314,1,18822314,2.376987e-11,SORBI_3001G206100,0.726701
TG(18:0_18:2_18:2),CTL,individual,1:18822314,1,18822314,2.376987e-11,SORBI_3001G206100,0.722992
TG(18:0_18:2_18:2),CTL,individual,1:18822314,1,18822314,2.376987e-11,SORBI_3001G206100,0.712787
TG(18:0_18:2_18:2),CTL,individual,1:18822314,1,18822314,2.376987e-11,SORBI_3001G206100,0.709113
TG(18:0_18:2_18:2),CTL,individual,1:18822314,1,18822314,2.376987e-11,SORBI_3001G206100,0.706089
TG(18:0_18:2_18:2),CTL,individual,1:18822314,1,18822314,2.376987e-11,SORBI_3001G206100,0.702504
TG(18:0_18:2_18:2),CTL,individual,1:18822314,1,18822314,2.376987e-11,SORBI_3001G206100,0.701249
TG(18:0_18:2_18:2),CTL,individual,1:18822314,1,18822314,2.376987e-11,SORBI_3001G206100,0.685065
TG(18:0_18:2_18:2),CTL,individual,1:18822314,1,18822314,2.376987e-11,SORBI_3001G206100,0.684987
TG(18:0_18:2_18:2),CTL,individual,1:18822314,1,18822314,2.376987e-11,SORBI_3001G206100,0.679361
TG(18:0_18:2_18:2),CTL,individual,1:18822314,1,18822314,2.376987e-11,SORBI_3001G206100,0.676092
TG(18:0_18:2_18:2),CTL,individual,1:18822314,1,18822314,2.376987e-11,SORBI_3001G206100,0.648692
TG(18:0_18:2_18:2),CTL,individual,1:18822314,1,18822314,2.376987e-11,SORBI_3001G206100,0.637487
TG(18:0_18:2_18:2),CTL,individual,1:18822314,1,18822314,2.376987e-11,SORBI_3001G206100,0.630327
TG(18:0_18:2_18:2),CTL,individual,1:18822314,1,18822314,2.376987e-11,SORBI_3001G206100,0.620266
TG(18:0_18:2_18:2),CTL,individual,9:44632601,9,44632601,4.09401e-11,SORBI_3009G111000,0.704933
TG(18:0_18:2_18:2),CTL,individual,9:44632601,9,44632601,4.09401e-11,SORBI_3009G111000,0.666961
TG(18:0_18:2_18:2),CTL,individual,9:44632601,9,44632601,4.09401e-11,SORBI_3009G111000,0.664454
TG(18:0_18:2_18:2),CTL,individual,9:44632601,9,44632601,4.09401e-11,SORBI_3009G111000,0.661714
TG(18:0_18:2_18:2),CTL,individual,1:28567320,1,28567320,4.296904e-11,SORBI_3001G254200,0.877643
TG(18:0_18:2_18:2),CTL,individual,1:28567320,1,28567320,4.296904e-11,SORBI_3001G254300,0.877643
TG(18:0_18:2_18:2),CTL,individual,1:28567320,1,28567320,4.296904e-11,SORBI_3001G254200,0.875448
TG(18:0_18:2_18:2),CTL,individual,1:28567320,1,28567320,4.296904e-11,SORBI_3001G254200,0.873298
TG(18:0_18:2_18:2),CTL,individual,1:28567320,1,28567320,4.296904e-11,SORBI_3001G254600,0.873298
TG(18:0_18:2_18:2),CTL,individual,1:28567320,1,28567320,4.296904e-11,SORBI_3001G254200,0.871052
TG(18:0_18:2_18:2),CTL,individual,1:28567320,1,28567320,4.296904e-11,SORBI_3001G254400,0.871052
TG(18:0_18:2_18:2),CTL,individual,1:28567320,1,28567320,4.296904e-11,SORBI_3001G254600,0.862288
TG(18:0_18:2_18:2),CTL,individual,1:28567320,1,28567320,4.296904e-11,SORBI_3001G254400,0.838522
TG(18:0_18:2_18:2),CTL,individual,1:28567320,1,28567320,4.296904e-11,SORBI_3001G254700,0.834192
TG(18:0_18:2_18:2),CTL,individual,1:28567320,1,28567320,4.296904e-11,SORBI_3001G254200,0.829915
TG(18:0_18:2_18:2),CTL,individual,1:28567320,1,28567320,4.296904e-11,SORBI_3001G254200,0.82782
TG(18:0_18:2_18:2),CTL,individual,1:28567320,1,28567320,4.296904e-11,SORBI_3001G254200,0.814545
TG(18:0_18:2_18:2),CTL,individual,1:28567320,1,28567320,4.296904e-11,SORBI_3001G254700,0.812587
TG(18:0_18:2_18:2),CTL,individual,6:31274933,6,31274933,4.461507e-11,SORBI_3006G044532,0.934958
TG(18:0_18:2_18:2),CTL,individual,6:31274933,6,31274933,4.461507e-11,SORBI_3006G044466,0.9243
TG(18:0_18:2_18:2),CTL,individual,6:31274933,6,31274933,4.461507e-11,SORBI_3006G044466,0.920895
TG(18:0_18:2_18:2),CTL,individual,6:31274933,6,31274933,4.461507e-11,SORBI_3006G044600,0.920895
TG(18:0_18:2_18:2),CTL,individual,6:31274933,6,31274933,4.461507e-11,SORBI_3006G044466,0.917569
TG(18:0_18:2_18:2),CTL,individual,6:31274933,6,31274933,4.461507e-11,SORBI_3006G044466,0.910293
TG(18:0_18:2_18:2),CTL,individual,6:31274933,6,31274933,4.461507e-11,SORBI_3006G044466,0.903673
TG(18:0_18:2_18:2),CTL,individual,6:31274933,6,31274933,4.461507e-11,SORBI_3006G044466,0.903639
TG(18:0_18:2_18:2),CTL,individual,6:31274933,6,31274933,4.461507e-11,SORBI_3006G044466,0.901696
TG(18:0_18:2_18:2),CTL,individual,6:31274933,6,31274933,4.461507e-11,SORBI_3006G044466,0.900033
TG(18:0_18:2_18:2),CTL,individual,6:31274933,6,31274933,4.461507e-11,SORBI_3006G044600,0.900033
TG(18:0_18:2_18:2),CTL,individual,6:31274933,6,31274933,4.461507e-11,SORBI_3006G044466,0.899997
TG(18:0_18:2_18:2),CTL,individual,6:31274933,6,31274933,4.461507e-11,SORBI_3006G044600,0.898625
TG(18:0_18:2_18:2),CTL,individual,6:31274933,6,31274933,4.461507e-11,SORBI_3006G044466,0.898589
TG(18:0_18:2_18:2),CTL,individual,6:31274933,6,31274933,4.461507e-11,SORBI_3006G044600,0.896464
TG(18:0_18:2_18:2),CTL,individual,6:31274933,6,31274933,4.461507e-11,SORBI_3006G044466,0.896427
TG(18:0_18:2_18:2),CTL,individual,6:31274933,6,31274933,4.461507e-11,SORBI_3006G044466,0.894923
TG(18:0_18:2_18:2),CTL,individual,6:31274933,6,31274933,4.461507e-11,SORBI_3006G044466,0.892968
TG(18:0_18:2_18:2),CTL,individual,6:31274933,6,31274933,4.461507e-11,SORBI_3006G044466,0.891251
TG(18:0_18:2_18:2),CTL,individual,6:31274933,6,31274933,4.461507e-11,SORBI_3006G044466,0.888654
TG(18:0_18:2_18:2),CTL,individual,6:31274933,6,31274933,4.461507e-11,SORBI_3006G044466,0.881213
TG(18:0_18:2_18:2),CTL,individual,6:31274933,6,31274933,4.461507e-11,SORBI_3006G044600,0.872456
TG(18:0_18:2_18:2),CTL,individual,6:31274933,6,31274933,4.461507e-11,SORBI_3006G044532,0.8595
TG(18:0_18:2_18:2),CTL,individual,6:31274933,6,31274933,4.461507e-11,SORBI_3006G044532,0.82925
TG(18:0_18:2_18:2),CTL,individual,6:31274933,6,31274933,4.461507e-11,SORBI_3006G044532,0.824326
TG(18:0_18:2_18:2),CTL,individual,6:31274933,6,31274933,4.461507e-11,SORBI_3006G044466,0.811234
TG(18:0_18:2_18:2),CTL,individual,6:31274933,6,31274933,4.461507e-11,SORBI_3006G044466,0.809781
TG(18:0_18:2_18:2),CTL,individual,6:31274933,6,31274933,4.461507e-11,SORBI_3006G044532,0.806951
TG(18:0_18:2_18:2),CTL,individual,6:31274933,6,31274933,4.461507e-11,SORBI_3006G044532,0.764477
TG(18:0_18:2_18:2),CTL,individual,7:25940728,7,25940728,4.875882e-11,SORBI_3007G101500,0.84658
TG(18:0_18:2_18:2),CTL,individual,7:25940728,7,25940728,4.875882e-11,SORBI_3007G101600,0.618505
TG(18:0_18:2_18:2),CTL,individual,5:45059303,5,45059303,5.042738e-11,SORBI_3005G115000,0.969351
TG(18:0_18:2_18:2),CTL,individual,5:45059303,5,45059303,5.042738e-11,SORBI_3005G115000,0.965228
TG(18:0_18:2_18:2),CTL,individual,5:45059303,5,45059303,5.042738e-11,SORBI_3005G115000,0.965203
TG(18:0_18:2_18:2),CTL,individual,5:45059303,5,45059303,5.042738e-11,SORBI_3005G115000,0.961634
TG(18:0_18:2_18:2),CTL,individual,5:45059303,5,45059303,5.042738e-11,SORBI_3005G115000,0.961606
TG(18:0_18:2_18:2),CTL,individual,5:45059303,5,45059303,5.042738e-11,SORBI_3005G115000,0.961373
TG(18:0_18:2_18:2),CTL,individual,5:45059303,5,45059303,5.042738e-11,SORBI_3005G115000,0.961344
TG(18:0_18:2_18:2),CTL,individual,5:45059303,5,45059303,5.042738e-11,SORBI_3005G115000,0.961007
TG(18:0_18:2_18:2),CTL,individual,5:45059303,5,45059303,5.042738e-11,SORBI_3005G115000,0.957853
TG(18:0_18:2_18:2),CTL,individual,5:45059303,5,45059303,5.042738e-11,SORBI_3005G115000,0.95769
TG(18:0_18:2_18:2),CTL,individual,5:45059303,5,45059303,5.042738e-11,SORBI_3005G115000,0.957568
TG(18:0_18:2_18:2),CTL,individual,5:45059303,5,45059303,5.042738e-11,SORBI_3005G115000,0.957153
TG(18:0_18:2_18:2),CTL,individual,5:45059303,5,45059303,5.042738e-11,SORBI_3005G115000,0.953568
TG(18:0_18:2_18:2),CTL,individual,5:45059303,5,45059303,5.042738e-11,SORBI_3005G115000,0.953419
TG(18:0_18:2_18:2),CTL,individual,5:45059303,5,45059303,5.042738e-11,SORBI_3005G115000,0.946683
TG(18:0_18:2_18:2),CTL,individual,5:45059303,5,45059303,5.042738e-11,SORBI_3005G115000,0.945488
TG(18:0_18:2_18:2),CTL,individual,5:45059303,5,45059303,5.042738e-11,SORBI_3005G115000,0.927376
TG(18:0_18:2_18:2),CTL,individual,5:45059303,5,45059303,5.042738e-11,SORBI_3005G115000,0.925814
TG(18:0_18:2_18:2),CTL,individual,5:45059303,5,45059303,5.042738e-11,SORBI_3005G115000,0.91431
TG(18:0_18:2_18:2),CTL,individual,5:45059303,5,45059303,5.042738e-11,SORBI_3005G115000,0.907573
TG(18:0_18:2_18:2),CTL,individual,5:45059303,5,45059303,5.042738e-11,SORBI_3005G115000,0.906151
TG(18:0_18:2_18:2),CTL,individual,5:45059303,5,45059303,5.042738e-11,SORBI_3005G115000,0.87478
TG(18:0_18:2_18:2),CTL,individual,5:45059303,5,45059303,5.042738e-11,SORBI_3005G115000,0.86784
TG(18:0_18:2_18:2),CTL,individual,5:45059303,5,45059303,5.042738e-11,SORBI_3005G115000,0.85642
TG(18:0_18:2_18:2),CTL,individual,5:45059303,5,45059303,5.042738e-11,SORBI_3005G115000,0.85476
TG(18:0_18:2_18:2),CTL,individual,5:45059303,5,45059303,5.042738e-11,SORBI_3005G115000,0.828056
TG(18:0_18:2_18:2),CTL,individual,5:45059303,5,45059303,5.042738e-11,SORBI_3005G115000,0.814464
TG(18:0_18:2_18:2),CTL,individual,5:45059303,5,45059303,5.042738e-11,SORBI_3005G115000,0.77478
TG(18:0_18:2_18:2),CTL,individual,5:45059303,5,45059303,5.042738e-11,SORBI_3005G115000,0.731727
TG(18:0_18:2_18:2),CTL,individual,5:45059303,5,45059303,5.042738e-11,SORBI_3005G115000,0.728416
TG(18:0_18:2_18:2),CTL,individual,5:45059303,5,45059303,5.042738e-11,SORBI_3005G115000,0.728218
TG(18:0_18:2_18:2),CTL,individual,5:45059303,5,45059303,5.042738e-11,SORBI_3005G115000,0.721835
TG(18:0_18:2_18:2),CTL,individual,5:45059303,5,45059303,5.042738e-11,SORBI_3005G115000,0.720498
TG(18:0_18:2_18:2),CTL,individual,5:45059303,5,45059303,5.042738e-11,SORBI_3005G115000,0.717997
TG(18:0_18:2_18:2),CTL,individual,5:45059303,5,45059303,5.042738e-11,SORBI_3005G115000,0.715678
TG(18:0_18:2_18:2),CTL,individual,5:45059303,5,45059303,5.042738e-11,SORBI_3005G115000,0.713419
TG(18:0_18:2_18:2),CTL,individual,5:45059303,5,45059303,5.042738e-11,SORBI_3005G115000,0.677653
TG(18:0_18:2_18:2),CTL,individual,5:45059303,5,45059303,5.042738e-11,SORBI_3005G115000,0.676247
TG(18:0_18:2_18:2),CTL,individual,5:45059303,5,45059303,5.042738e-11,SORBI_3005G115000,0.621543
TG(18:0_18:2_18:2),CTL,individual,5:45059303,5,45059303,5.042738e-11,SORBI_3005G115000,0.61268
TG(18:0_18:2_18:2),CTL,individual,5:45059303,5,45059303,5.042738e-11,SORBI_3005G115000,0.610908
TG(18:0_18:2_18:2),CTL,individual,5:45059303,5,45059303,5.042738e-11,SORBI_3005G115000,0.607003
TG(18:0_18:2_18:2),CTL,individual,9:21077114,9,21077114,5.900397e-11,SORBI_3009G092100,1
TG(18:0_18:2_18:2),CTL,individual,6:29676171,6,29676171,6.710574e-11,SORBI_3006G042425,0.898324
TG(18:0_18:2_18:2),CTL,individual,6:29676171,6,29676171,6.710574e-11,SORBI_3006G042425,0.890885
TG(18:0_18:2_18:2),CTL,individual,6:29676171,6,29676171,6.710574e-11,SORBI_3006G042500,0.890885
TG(18:0_18:2_18:2),CTL,individual,6:29676171,6,29676171,6.710574e-11,SORBI_3006G042800,0.890885
TG(18:0_18:2_18:2),CTL,individual,6:29676171,6,29676171,6.710574e-11,SORBI_3006G042900,0.890885
TG(18:0_18:2_18:2),CTL,individual,6:29676171,6,29676171,6.710574e-11,SORBI_3006G042425,0.883352
TG(18:0_18:2_18:2),CTL,individual,6:29676171,6,29676171,6.710574e-11,SORBI_3006G042425,0.875612
TG(18:0_18:2_18:2),CTL,individual,6:29676171,6,29676171,6.710574e-11,SORBI_3006G042500,0.875612
TG(18:0_18:2_18:2),CTL,individual,6:29676171,6,29676171,6.710574e-11,SORBI_3006G042425,0.860472
TG(18:0_18:2_18:2),CTL,individual,6:29676171,6,29676171,6.710574e-11,SORBI_3006G042425,0.840799
TG(18:0_18:2_18:2),CTL,individual,6:29676171,6,29676171,6.710574e-11,SORBI_3006G042425,0.833053
TG(18:0_18:2_18:2),CTL,individual,6:29676171,6,29676171,6.710574e-11,SORBI_3006G042425,0.825517
TG(18:0_18:2_18:2),CTL,individual,6:29676171,6,29676171,6.710574e-11,SORBI_3006G042425,0.785831
TG(18:0_18:2_18:2),CTL,individual,6:29676171,6,29676171,6.710574e-11,SORBI_3006G043300,0.785801
TG(18:0_18:2_18:2),CTL,individual,6:29676171,6,29676171,6.710574e-11,SORBI_3006G043400,0.785801
TG(18:0_18:2_18:2),CTL,individual,6:29676171,6,29676171,6.710574e-11,SORBI_3006G042425,0.770852
TG(18:0_18:2_18:2),CTL,individual,1:28628559,1,28628559,6.782655e-11,SORBI_3001G254200,0.734944
TG(18:0_18:2_18:2),CTL,individual,6:19328998,6,19328998,7.237422e-11,SORBI_3006G039800,0.975349
TG(18:0_18:2_18:2),CTL,individual,6:19328998,6,19328998,7.237422e-11,SORBI_3006G039800,0.972689
TG(18:0_18:2_18:2),CTL,individual,6:19328998,6,19328998,7.237422e-11,SORBI_3006G039900,0.972689
TG(18:0_18:2_18:2),CTL,individual,6:19328998,6,19328998,7.237422e-11,SORBI_3006G039800,0.970047
TG(18:0_18:2_18:2),CTL,individual,6:19328998,6,19328998,7.237422e-11,SORBI_3006G039800,0.969757
TG(18:0_18:2_18:2),CTL,individual,6:19328998,6,19328998,7.237422e-11,SORBI_3006G039800,0.968827
TG(18:0_18:2_18:2),CTL,individual,6:19328998,6,19328998,7.237422e-11,SORBI_3006G039800,0.967423
TG(18:0_18:2_18:2),CTL,individual,6:19328998,6,19328998,7.237422e-11,SORBI_3006G040000,0.967423
TG(18:0_18:2_18:2),CTL,individual,6:19328998,6,19328998,7.237422e-11,SORBI_3006G039800,0.967098
TG(18:0_18:2_18:2),CTL,individual,6:19328998,6,19328998,7.237422e-11,SORBI_3006G039800,0.966841
TG(18:0_18:2_18:2),CTL,individual,6:19328998,6,19328998,7.237422e-11,SORBI_3006G039900,0.966841
TG(18:0_18:2_18:2),CTL,individual,6:19328998,6,19328998,7.237422e-11,SORBI_3006G039800,0.964456
TG(18:0_18:2_18:2),CTL,individual,6:19328998,6,19328998,7.237422e-11,SORBI_3006G039800,0.963848
TG(18:0_18:2_18:2),CTL,individual,6:19328998,6,19328998,7.237422e-11,SORBI_3006G040000,0.963848
TG(18:0_18:2_18:2),CTL,individual,6:19328998,6,19328998,7.237422e-11,SORBI_3006G039800,0.961141
TG(18:0_18:2_18:2),CTL,individual,6:19328998,6,19328998,7.237422e-11,SORBI_3006G039800,0.959655
TG(18:0_18:2_18:2),CTL,individual,6:19328998,6,19328998,7.237422e-11,SORBI_3006G039800,0.958451
TG(18:0_18:2_18:2),CTL,individual,6:19328998,6,19328998,7.237422e-11,SORBI_3006G039900,0.958451
TG(18:0_18:2_18:2),CTL,individual,6:19328998,6,19328998,7.237422e-11,SORBI_3006G039800,0.955385
TG(18:0_18:2_18:2),CTL,individual,6:19328998,6,19328998,7.237422e-11,SORBI_3006G039800,0.950186
TG(18:0_18:2_18:2),CTL,individual,6:19328998,6,19328998,7.237422e-11,SORBI_3006G039800,0.947075
TG(18:0_18:2_18:2),CTL,individual,6:19328998,6,19328998,7.237422e-11,SORBI_3006G039800,0.945258
TG(18:0_18:2_18:2),CTL,individual,6:19328998,6,19328998,7.237422e-11,SORBI_3006G039800,0.945134
TG(18:0_18:2_18:2),CTL,individual,6:19328998,6,19328998,7.237422e-11,SORBI_3006G039800,0.944881
TG(18:0_18:2_18:2),CTL,individual,6:19328998,6,19328998,7.237422e-11,SORBI_3006G039800,0.937553
TG(18:0_18:2_18:2),CTL,individual,6:19328998,6,19328998,7.237422e-11,SORBI_3006G039800,0.930421
TG(18:0_18:2_18:2),CTL,individual,6:19328998,6,19328998,7.237422e-11,SORBI_3006G040000,0.930421
TG(18:0_18:2_18:2),CTL,individual,6:19328998,6,19328998,7.237422e-11,SORBI_3006G039800,0.927683
TG(18:0_18:2_18:2),CTL,individual,6:19328998,6,19328998,7.237422e-11,SORBI_3006G039800,0.927584
TG(18:0_18:2_18:2),CTL,individual,6:19328998,6,19328998,7.237422e-11,SORBI_3006G039900,0.927584
TG(18:0_18:2_18:2),CTL,individual,6:19328998,6,19328998,7.237422e-11,SORBI_3006G039800,0.927028
TG(18:0_18:2_18:2),CTL,individual,6:19328998,6,19328998,7.237422e-11,SORBI_3006G039800,0.92483
TG(18:0_18:2_18:2),CTL,individual,6:19328998,6,19328998,7.237422e-11,SORBI_3006G039800,0.924762
TG(18:0_18:2_18:2),CTL,individual,6:19328998,6,19328998,7.237422e-11,SORBI_3006G040000,0.924762
TG(18:0_18:2_18:2),CTL,individual,6:19328998,6,19328998,7.237422e-11,SORBI_3006G040101,0.923377
TG(18:0_18:2_18:2),CTL,individual,6:19328998,6,19328998,7.237422e-11,SORBI_3006G039800,0.921955
TG(18:0_18:2_18:2),CTL,individual,6:19328998,6,19328998,7.237422e-11,SORBI_3006G039800,0.919474
TG(18:0_18:2_18:2),CTL,individual,6:19328998,6,19328998,7.237422e-11,SORBI_3006G039800,0.91917
TG(18:0_18:2_18:2),CTL,individual,6:19328998,6,19328998,7.237422e-11,SORBI_3006G039800,0.919164
TG(18:0_18:2_18:2),CTL,individual,6:19328998,6,19328998,7.237422e-11,SORBI_3006G040101,0.914486
TG(18:0_18:2_18:2),CTL,individual,6:19328998,6,19328998,7.237422e-11,SORBI_3006G039800,0.913628
TG(18:0_18:2_18:2),CTL,individual,6:19328998,6,19328998,7.237422e-11,SORBI_3006G039800,0.913572
TG(18:0_18:2_18:2),CTL,individual,6:19328998,6,19328998,7.237422e-11,SORBI_3006G039800,0.911157
TG(18:0_18:2_18:2),CTL,individual,6:19328998,6,19328998,7.237422e-11,SORBI_3006G039800,0.908205
TG(18:0_18:2_18:2),CTL,individual,6:19328998,6,19328998,7.237422e-11,SORBI_3006G040101,0.903352
TG(18:0_18:2_18:2),CTL,individual,6:19328998,6,19328998,7.237422e-11,SORBI_3006G039800,0.902563
TG(18:0_18:2_18:2),CTL,individual,6:19328998,6,19328998,7.237422e-11,SORBI_3006G040101,0.901808
TG(18:0_18:2_18:2),CTL,individual,6:19328998,6,19328998,7.237422e-11,SORBI_3006G039800,0.894227
TG(18:0_18:2_18:2),CTL,individual,6:19328998,6,19328998,7.237422e-11,SORBI_3006G039800,0.893023
TG(18:0_18:2_18:2),CTL,individual,6:19328998,6,19328998,7.237422e-11,SORBI_3006G039800,0.885917
TG(18:0_18:2_18:2),CTL,individual,6:19328998,6,19328998,7.237422e-11,SORBI_3006G039800,0.885062
TG(18:0_18:2_18:2),CTL,individual,6:19328998,6,19328998,7.237422e-11,SORBI_3006G039800,0.878298
TG(18:0_18:2_18:2),CTL,individual,6:19328998,6,19328998,7.237422e-11,SORBI_3006G039800,0.874727
TG(18:0_18:2_18:2),CTL,individual,6:19328998,6,19328998,7.237422e-11,SORBI_3006G039800,0.861294
TG(18:0_18:2_18:2),CTL,individual,6:19328998,6,19328998,7.237422e-11,SORBI_3006G039800,0.858805
TG(18:0_18:2_18:2),CTL,individual,6:19328998,6,19328998,7.237422e-11,SORBI_3006G039800,0.852374
TG(18:0_18:2_18:2),CTL,individual,6:19328998,6,19328998,7.237422e-11,SORBI_3006G039800,0.829169
TG(18:0_18:2_18:2),CTL,individual,6:19328998,6,19328998,7.237422e-11,SORBI_3006G040101,0.817305
TG(18:0_18:2_18:2),CTL,individual,6:19328998,6,19328998,7.237422e-11,SORBI_3006G040101,0.807597
TG(18:0_18:2_18:2),CTL,individual,6:19328998,6,19328998,7.237422e-11,SORBI_3006G040101,0.8035
TG(18:0_18:2_18:2),CTL,individual,6:19328998,6,19328998,7.237422e-11,SORBI_3006G040101,0.786301
TG(18:0_18:2_18:2),CTL,individual,6:19328998,6,19328998,7.237422e-11,SORBI_3006G039800,0.758269
TG(18:0_18:2_18:2),CTL,individual,6:19328998,6,19328998,7.237422e-11,SORBI_3006G039800,0.738332
TG(18:0_18:2_18:2),CTL,individual,6:19328998,6,19328998,7.237422e-11,SORBI_3006G039800,0.730552
TG(18:0_18:2_18:2),CTL,individual,6:19328998,6,19328998,7.237422e-11,SORBI_3006G039800,0.724327
TG(18:0_18:2_18:2),CTL,individual,6:19328998,6,19328998,7.237422e-11,SORBI_3006G039800,0.7194
TG(18:0_18:2_18:2),CTL,individual,6:19328998,6,19328998,7.237422e-11,SORBI_3006G039900,0.7194
TG(18:0_18:2_18:2),CTL,individual,6:19328998,6,19328998,7.237422e-11,SORBI_3006G039800,0.710071
TG(18:0_18:2_18:2),CTL,individual,6:19328998,6,19328998,7.237422e-11,SORBI_3006G039900,0.710071
TG(18:0_18:2_18:2),CTL,individual,6:19328998,6,19328998,7.237422e-11,SORBI_3006G040000,0.710071
TG(18:0_18:2_18:2),CTL,individual,6:19328998,6,19328998,7.237422e-11,SORBI_3006G039800,0.708199
TG(18:0_18:2_18:2),CTL,individual,6:19328998,6,19328998,7.237422e-11,SORBI_3006G039800,0.707814
TG(18:0_18:2_18:2),CTL,individual,6:19328998,6,19328998,7.237422e-11,SORBI_3006G040000,0.707814
TG(18:0_18:2_18:2),CTL,individual,6:19328998,6,19328998,7.237422e-11,SORBI_3006G039800,0.705573
TG(18:0_18:2_18:2),CTL,individual,6:19328998,6,19328998,7.237422e-11,SORBI_3006G039800,0.704511
TG(18:0_18:2_18:2),CTL,individual,6:19328998,6,19328998,7.237422e-11,SORBI_3006G039800,0.703063
TG(18:0_18:2_18:2),CTL,individual,6:19328998,6,19328998,7.237422e-11,SORBI_3006G039800,0.69895
TG(18:0_18:2_18:2),CTL,individual,6:19328998,6,19328998,7.237422e-11,SORBI_3006G039800,0.694621
TG(18:0_18:2_18:2),CTL,individual,6:19328998,6,19328998,7.237422e-11,SORBI_3006G040101,0.678044
TG(18:0_18:2_18:2),CTL,individual,6:19328998,6,19328998,7.237422e-11,SORBI_3006G039800,0.67709
TG(18:0_18:2_18:2),CTL,individual,6:19328998,6,19328998,7.237422e-11,SORBI_3006G040101,0.670479
TG(18:0_18:2_18:2),CTL,individual,6:19328998,6,19328998,7.237422e-11,SORBI_3006G039800,0.655376
TG(18:0_18:2_18:2),CTL,individual,4:25682608,4,25682608,7.309726e-11,SORBI_3004G134801,0.959269
TG(18:0_18:2_18:2),CTL,individual,4:25682608,4,25682608,7.309726e-11,SORBI_3004G134900,0.959219
TG(18:0_18:2_18:2),CTL,individual,4:25682608,4,25682608,7.309726e-11,SORBI_3004G134900,0.949161
TG(18:0_18:2_18:2),CTL,individual,4:25682608,4,25682608,7.309726e-11,SORBI_3004G134900,0.939337
TG(18:0_18:2_18:2),CTL,individual,4:25682608,4,25682608,7.309726e-11,SORBI_3004G134801,0.938849
TG(18:0_18:2_18:2),CTL,individual,4:25682608,4,25682608,7.309726e-11,SORBI_3004G134900,0.938817
TG(18:0_18:2_18:2),CTL,individual,4:25682608,4,25682608,7.309726e-11,SORBI_3004G134801,0.929851
TG(18:0_18:2_18:2),CTL,individual,4:25682608,4,25682608,7.309726e-11,SORBI_3004G134801,0.918757
TG(18:0_18:2_18:2),CTL,individual,4:25682608,4,25682608,7.309726e-11,SORBI_3004G134900,0.918688
TG(18:0_18:2_18:2),CTL,individual,4:25682608,4,25682608,7.309726e-11,SORBI_3004G134900,0.918674
TG(18:0_18:2_18:2),CTL,individual,4:25682608,4,25682608,7.309726e-11,SORBI_3004G134900,0.91866
TG(18:0_18:2_18:2),CTL,individual,4:25682608,4,25682608,7.309726e-11,SORBI_3004G134900,0.918646
TG(18:0_18:2_18:2),CTL,individual,4:25682608,4,25682608,7.309726e-11,SORBI_3004G134801,0.908769
TG(18:0_18:2_18:2),CTL,individual,4:25682608,4,25682608,7.309726e-11,SORBI_3004G134900,0.908708
TG(18:0_18:2_18:2),CTL,individual,4:25682608,4,25682608,7.309726e-11,SORBI_3004G134900,0.908692
TG(18:0_18:2_18:2),CTL,individual,4:25682608,4,25682608,7.309726e-11,SORBI_3004G134801,0.908551
TG(18:0_18:2_18:2),CTL,individual,4:25682608,4,25682608,7.309726e-11,SORBI_3004G134900,0.908488
TG(18:0_18:2_18:2),CTL,individual,4:25682608,4,25682608,7.309726e-11,SORBI_3004G134900,0.908472
TG(18:0_18:2_18:2),CTL,individual,4:25682608,4,25682608,7.309726e-11,SORBI_3004G134900,0.908456
TG(18:0_18:2_18:2),CTL,individual,4:25682608,4,25682608,7.309726e-11,SORBI_3004G134900,0.908423
TG(18:0_18:2_18:2),CTL,individual,4:25682608,4,25682608,7.309726e-11,SORBI_3004G134801,0.899022
TG(18:0_18:2_18:2),CTL,individual,4:25682608,4,25682608,7.309726e-11,SORBI_3004G134801,0.898564
TG(18:0_18:2_18:2),CTL,individual,4:25682608,4,25682608,7.309726e-11,SORBI_3004G134801,0.898337
TG(18:0_18:2_18:2),CTL,individual,4:25682608,4,25682608,7.309726e-11,SORBI_3004G134801,0.880345
TG(18:0_18:2_18:2),CTL,individual,4:25682608,4,25682608,7.309726e-11,SORBI_3004G134801,0.877918
TG(18:0_18:2_18:2),CTL,individual,4:25682608,4,25682608,7.309726e-11,SORBI_3004G134801,0.87147
TG(18:0_18:2_18:2),CTL,individual,4:25682608,4,25682608,7.309726e-11,SORBI_3004G134801,0.837776
TG(18:0_18:2_18:2),CTL,individual,4:25682608,4,25682608,7.309726e-11,SORBI_3004G134900,0.837515
TG(18:0_18:2_18:2),CTL,individual,4:25682608,4,25682608,7.309726e-11,SORBI_3004G134900,0.756104
TG(18:0_18:2_18:2),CTL,individual,4:25682608,4,25682608,7.309726e-11,SORBI_3004G134900,0.666261
TG(18:0_18:2_18:2),CTL,individual,4:25682608,4,25682608,7.309726e-11,SORBI_3004G134900,0.652683
TG(18:0_18:2_18:2),CTL,individual,4:25682608,4,25682608,7.309726e-11,SORBI_3004G134900,0.647708
TG(18:0_18:2_18:2),CTL,individual,4:25682608,4,25682608,7.309726e-11,SORBI_3004G134900,0.628962
TG(18:0_18:2_18:2),CTL,individual,4:25682608,4,25682608,7.309726e-11,SORBI_3004G134900,0.613719
TG(18:0_18:2_18:2),CTL,individual,2:43769684,2,43769684,8.834557e-11,SORBI_3002G150766,0.949842
TG(18:0_18:2_18:2),CTL,individual,2:43769684,2,43769684,8.834557e-11,SORBI_3002G150766,0.949806
TG(18:0_18:2_18:2),CTL,individual,2:43769684,2,43769684,8.834557e-11,SORBI_3002G150766,0.949797
TG(18:0_18:2_18:2),CTL,individual,2:43769684,2,43769684,8.834557e-11,SORBI_3002G150766,0.94014
TG(18:0_18:2_18:2),CTL,individual,2:43769684,2,43769684,8.834557e-11,SORBI_3002G150766,0.939875
TG(18:0_18:2_18:2),CTL,individual,2:43769684,2,43769684,8.834557e-11,SORBI_3002G150766,0.939486
TG(18:0_18:2_18:2),CTL,individual,2:43769684,2,43769684,8.834557e-11,SORBI_3002G150766,0.939465
TG(18:0_18:2_18:2),CTL,individual,2:43769684,2,43769684,8.834557e-11,SORBI_3002G150766,0.930382
TG(18:0_18:2_18:2),CTL,individual,2:43769684,2,43769684,8.834557e-11,SORBI_3002G150766,0.929591
TG(18:0_18:2_18:2),CTL,individual,2:43769684,2,43769684,8.834557e-11,SORBI_3002G150766,0.929329
TG(18:0_18:2_18:2),CTL,individual,2:43769684,2,43769684,8.834557e-11,SORBI_3002G150766,0.919897
TG(18:0_18:2_18:2),CTL,individual,2:43769684,2,43769684,8.834557e-11,SORBI_3002G150766,0.919388
TG(18:0_18:2_18:2),CTL,individual,2:43769684,2,43769684,8.834557e-11,SORBI_3002G150766,0.919228
TG(18:0_18:2_18:2),CTL,individual,2:43769684,2,43769684,8.834557e-11,SORBI_3002G150766,0.91917
TG(18:0_18:2_18:2),CTL,individual,2:43769684,2,43769684,8.834557e-11,SORBI_3002G150766,0.909681
TG(18:0_18:2_18:2),CTL,individual,2:43769684,2,43769684,8.834557e-11,SORBI_3002G150766,0.903273
TG(18:0_18:2_18:2),CTL,individual,2:43769684,2,43769684,8.834557e-11,SORBI_3002G150766,0.900161
TG(18:0_18:2_18:2),CTL,individual,2:43769684,2,43769684,8.834557e-11,SORBI_3002G150766,0.899127
TG(18:0_18:2_18:2),CTL,individual,2:43769684,2,43769684,8.834557e-11,SORBI_3002G150766,0.891059
TG(18:0_18:2_18:2),CTL,individual,2:43769684,2,43769684,8.834557e-11,SORBI_3002G150766,0.889144
TG(18:0_18:2_18:2),CTL,individual,2:43769684,2,43769684,8.834557e-11,SORBI_3002G150766,0.861942
TG(18:0_18:2_18:2),CTL,individual,2:43769684,2,43769684,8.834557e-11,SORBI_3002G150766,0.857291
TG(18:0_18:2_18:2),CTL,individual,2:43769684,2,43769684,8.834557e-11,SORBI_3002G150766,0.848917
TG(18:0_18:2_18:2),CTL,individual,2:43769684,2,43769684,8.834557e-11,SORBI_3002G150766,0.662063
TG(18:0_18:2_18:2),CTL,individual,2:43769684,2,43769684,8.834557e-11,SORBI_3002G150766,0.649415
TG(18:0_18:2_18:2),CTL,individual,2:43769684,2,43769684,8.834557e-11,SORBI_3002G150766,0.648993
TG(18:0_18:2_18:2),CTL,individual,2:43769684,2,43769684,8.834557e-11,SORBI_3002G150766,0.642749
TG(18:0_18:2_18:2),CTL,individual,2:43769684,2,43769684,8.834557e-11,SORBI_3002G150766,0.642629
TG(18:0_18:2_18:2),CTL,individual,2:43769684,2,43769684,8.834557e-11,SORBI_3002G150766,0.642416
TG(18:0_18:2_18:2),CTL,individual,2:43769684,2,43769684,8.834557e-11,SORBI_3002G150766,0.637973
TG(18:0_18:2_18:2),CTL,individual,2:43769684,2,43769684,8.834557e-11,SORBI_3002G150766,0.629333
TG(18:0_18:2_18:2),CTL,individual,2:43769684,2,43769684,8.834557e-11,SORBI_3002G150766,0.615585
TG(18:0_18:2_18:2),CTL,individual,2:43769684,2,43769684,8.834557e-11,SORBI_3002G150766,0.60477
TG(18:0_18:2_18:2),CTL,individual,2:43769684,2,43769684,8.834557e-11,SORBI_3002G150766,0.602573
TG(18:0_18:2_18:2),CTL,individual,1:64712304,1,64712304,8.936324e-11,SORBI_3001G357300,0.8627
TG(18:0_18:2_18:2),CTL,individual,1:64712304,1,64712304,8.936324e-11,SORBI_3001G357400,0.8627
TG(18:0_18:2_18:2),CTL,individual,1:64712304,1,64712304,8.936324e-11,SORBI_3001G357300,0.795691
TG(18:0_18:2_18:2),CTL,individual,1:64712304,1,64712304,8.936324e-11,SORBI_3001G357200,0.778832
TG(18:0_18:2_18:2),CTL,individual,1:64712304,1,64712304,8.936324e-11,SORBI_3001G357500,0.778297
TG(18:0_18:2_18:2),CTL,individual,1:64712304,1,64712304,8.936324e-11,SORBI_3001G357200,0.628084
TG(18:0_18:2_18:2),CTL,individual,7:42424197,7,42424197,9.453064e-11,SORBI_3007G111800,0.62904
TG(18:0_18:2_18:2),CTL,individual,7:42424197,7,42424197,9.453064e-11,SORBI_3007G111800,0.627467
TG(18:0_18:2_18:2),CTL,individual,7:42424197,7,42424197,9.453064e-11,SORBI_3007G111901,0.626476
TG(18:0_18:2_18:2),CTL,individual,7:42424197,7,42424197,9.453064e-11,SORBI_3007G111800,0.622965
TG(18:0_18:2_18:2),CTL,individual,7:42424197,7,42424197,9.453064e-11,SORBI_3007G111901,0.622965
TG(18:0_18:2_18:2),CTL,individual,7:42424197,7,42424197,9.453064e-11,SORBI_3007G112000,0.622186
TG(18:0_18:2_18:2),CTL,individual,7:42424197,7,42424197,9.453064e-11,SORBI_3007G111800,0.617615
TG(18:0_18:2_18:2),CTL,individual,7:42424197,7,42424197,9.453064e-11,SORBI_3007G111901,0.616016
TG(18:0_18:2_18:2),CTL,individual,7:42424197,7,42424197,9.453064e-11,SORBI_3007G111901,0.613108
TG(18:0_18:2_18:2),CTL,individual,7:42424197,7,42424197,9.453064e-11,SORBI_3007G111901,0.609882
TG(18:0_18:2_18:2),CTL,individual,7:42424197,7,42424197,9.453064e-11,SORBI_3007G111901,0.609469
TG(18:0_18:2_18:2),CTL,individual,7:42424197,7,42424197,9.453064e-11,SORBI_3007G112000,0.608399
TG(18:0_18:2_18:2),CTL,individual,7:42424197,7,42424197,9.453064e-11,SORBI_3007G111901,0.604304
TG(18:0_18:2_18:2),CTL,individual,7:42424197,7,42424197,9.453064e-11,SORBI_3007G111901,0.601553
TG(18:0_18:2_18:2),CTL,individual,6:35707938,6,35707938,1.058215e-10,SORBI_3006G049600,0.948716
TG(18:0_18:2_18:2),CTL,individual,6:35707938,6,35707938,1.058215e-10,SORBI_3006G049600,0.945046
TG(18:0_18:2_18:2),CTL,individual,6:35707938,6,35707938,1.058215e-10,SORBI_3006G049600,0.942088
TG(18:0_18:2_18:2),CTL,individual,6:35707938,6,35707938,1.058215e-10,SORBI_3006G049600,0.941779
TG(18:0_18:2_18:2),CTL,individual,6:35707938,6,35707938,1.058215e-10,SORBI_3006G049600,0.938633
TG(18:0_18:2_18:2),CTL,individual,6:35707938,6,35707938,1.058215e-10,SORBI_3006G049600,0.938594
TG(18:0_18:2_18:2),CTL,individual,6:35707938,6,35707938,1.058215e-10,SORBI_3006G049600,0.938534
TG(18:0_18:2_18:2),CTL,individual,6:35707938,6,35707938,1.058215e-10,SORBI_3006G049600,0.929353
TG(18:0_18:2_18:2),CTL,individual,6:35707938,6,35707938,1.058215e-10,SORBI_3006G049600,0.929082
TG(18:0_18:2_18:2),CTL,individual,6:35707938,6,35707938,1.058215e-10,SORBI_3006G049600,0.92601
TG(18:0_18:2_18:2),CTL,individual,6:35707938,6,35707938,1.058215e-10,SORBI_3006G049600,0.916018
TG(18:0_18:2_18:2),CTL,individual,6:35707938,6,35707938,1.058215e-10,SORBI_3006G049600,0.699832
TG(18:0_18:2_18:2),CTL,individual,6:35707938,6,35707938,1.058215e-10,SORBI_3006G049600,0.697114
TG(18:0_18:2_18:2),CTL,individual,6:35707938,6,35707938,1.058215e-10,SORBI_3006G049600,0.695279
TG(18:0_18:2_18:2),CTL,individual,6:35707938,6,35707938,1.058215e-10,SORBI_3006G049000,0.695048
TG(18:0_18:2_18:2),CTL,individual,6:35707938,6,35707938,1.058215e-10,SORBI_3006G049100,0.695048
TG(18:0_18:2_18:2),CTL,individual,6:35707938,6,35707938,1.058215e-10,SORBI_3006G049600,0.695048
TG(18:0_18:2_18:2),CTL,individual,6:35707938,6,35707938,1.058215e-10,SORBI_3006G049600,0.693022
TG(18:0_18:2_18:2),CTL,individual,6:35707938,6,35707938,1.058215e-10,SORBI_3006G049100,0.691013
TG(18:0_18:2_18:2),CTL,individual,6:35707938,6,35707938,1.058215e-10,SORBI_3006G049200,0.691013
TG(18:0_18:2_18:2),CTL,individual,6:35707938,6,35707938,1.058215e-10,SORBI_3006G049600,0.691013
TG(18:0_18:2_18:2),CTL,individual,6:35707938,6,35707938,1.058215e-10,SORBI_3006G049600,0.691008
TG(18:0_18:2_18:2),CTL,individual,6:35707938,6,35707938,1.058215e-10,SORBI_3006G049100,0.689364
TG(18:0_18:2_18:2),CTL,individual,6:35707938,6,35707938,1.058215e-10,SORBI_3006G049100,0.688978
TG(18:0_18:2_18:2),CTL,individual,6:35707938,6,35707938,1.058215e-10,SORBI_3006G049200,0.688978
TG(18:0_18:2_18:2),CTL,individual,6:35707938,6,35707938,1.058215e-10,SORBI_3006G049600,0.688978
TG(18:0_18:2_18:2),CTL,individual,6:35707938,6,35707938,1.058215e-10,SORBI_3006G049600,0.687308
TG(18:0_18:2_18:2),CTL,individual,6:35707938,6,35707938,1.058215e-10,SORBI_3006G049100,0.687116
TG(18:0_18:2_18:2),CTL,individual,6:35707938,6,35707938,1.058215e-10,SORBI_3006G049600,0.687012
TG(18:0_18:2_18:2),CTL,individual,6:35707938,6,35707938,1.058215e-10,SORBI_3006G049100,0.686988
TG(18:0_18:2_18:2),CTL,individual,6:35707938,6,35707938,1.058215e-10,SORBI_3006G049200,0.686988
TG(18:0_18:2_18:2),CTL,individual,6:35707938,6,35707938,1.058215e-10,SORBI_3006G049600,0.686988
TG(18:0_18:2_18:2),CTL,individual,6:35707938,6,35707938,1.058215e-10,SORBI_3006G049300,0.686954
TG(18:0_18:2_18:2),CTL,individual,6:35707938,6,35707938,1.058215e-10,SORBI_3006G049600,0.686954
TG(18:0_18:2_18:2),CTL,individual,6:35707938,6,35707938,1.058215e-10,SORBI_3006G049100,0.686685
TG(18:0_18:2_18:2),CTL,individual,6:35707938,6,35707938,1.058215e-10,SORBI_3006G049600,0.684949
TG(18:0_18:2_18:2),CTL,individual,6:35707938,6,35707938,1.058215e-10,SORBI_3006G049600,0.684667
TG(18:0_18:2_18:2),CTL,individual,6:35707938,6,35707938,1.058215e-10,SORBI_3006G049100,0.683256
TG(18:0_18:2_18:2),CTL,individual,6:35707938,6,35707938,1.058215e-10,SORBI_3006G049200,0.682973
TG(18:0_18:2_18:2),CTL,individual,6:35707938,6,35707938,1.058215e-10,SORBI_3006G049600,0.68291
TG(18:0_18:2_18:2),CTL,individual,6:35707938,6,35707938,1.058215e-10,SORBI_3006G049600,0.681101
TG(18:0_18:2_18:2),CTL,individual,6:35707938,6,35707938,1.058215e-10,SORBI_3006G049633,0.681101
TG(18:0_18:2_18:2),CTL,individual,6:35707938,6,35707938,1.058215e-10,SORBI_3006G049450,0.679057
TG(18:0_18:2_18:2),CTL,individual,6:35707938,6,35707938,1.058215e-10,SORBI_3006G049300,0.678968
TG(18:0_18:2_18:2),CTL,individual,6:35707938,6,35707938,1.058215e-10,SORBI_3006G049600,0.677223
TG(18:0_18:2_18:2),CTL,individual,6:35707938,6,35707938,1.058215e-10,SORBI_3006G049600,0.676905
TG(18:0_18:2_18:2),CTL,individual,6:35707938,6,35707938,1.058215e-10,SORBI_3006G049100,0.676549
TG(18:0_18:2_18:2),CTL,individual,6:35707938,6,35707938,1.058215e-10,SORBI_3006G049600,0.674785
TG(18:0_18:2_18:2),CTL,individual,6:35707938,6,35707938,1.058215e-10,SORBI_3006G049100,0.624092
TG(18:0_18:2_18:2),CTL,individual,6:35707938,6,35707938,1.058215e-10,SORBI_3006G049600,0.603771
TG(18:0_18:2_18:2),CTL,individual,2:3988143,2,3988143,1.109459e-10,SORBI_3002G041400,1
TG(18:0_18:2_18:2),CTL,individual,2:3988143,2,3988143,1.109459e-10,SORBI_3002G041400,1
TG(18:0_18:2_18:2),CTL,individual,2:3988145,2,3988145,1.109459e-10,SORBI_3002G041400,1
TG(18:0_18:2_18:2),CTL,individual,2:3988145,2,3988145,1.109459e-10,SORBI_3002G041400,1
TG(18:0_18:2_18:2),CTL,individual,2:3988146,2,3988146,1.109459e-10,SORBI_3002G041400,1
TG(18:0_18:2_18:2),CTL,individual,2:3988146,2,3988146,1.109459e-10,SORBI_3002G041400,1
TG(18:0_18:2_18:2),CTL,individual,2:3988143,2,3988143,1.109459e-10,SORBI_3002G041400,0.883233
TG(18:0_18:2_18:2),CTL,individual,2:3988145,2,3988145,1.109459e-10,SORBI_3002G041400,0.883233
TG(18:0_18:2_18:2),CTL,individual,2:3988146,2,3988146,1.109459e-10,SORBI_3002G041400,0.883233
TG(18:0_18:2_18:2),CTL,individual,2:3988143,2,3988143,1.109459e-10,SORBI_3002G041533,0.863715
TG(18:0_18:2_18:2),CTL,individual,2:3988145,2,3988145,1.109459e-10,SORBI_3002G041533,0.863715
TG(18:0_18:2_18:2),CTL,individual,2:3988146,2,3988146,1.109459e-10,SORBI_3002G041533,0.863715
TG(18:0_18:2_18:2),CTL,individual,2:3988143,2,3988143,1.109459e-10,SORBI_3002G041533,0.856553
TG(18:0_18:2_18:2),CTL,individual,2:3988145,2,3988145,1.109459e-10,SORBI_3002G041533,0.856553
TG(18:0_18:2_18:2),CTL,individual,2:3988146,2,3988146,1.109459e-10,SORBI_3002G041533,0.856553
TG(18:0_18:2_18:2),CTL,individual,2:3988143,2,3988143,1.109459e-10,SORBI_3002G041366,0.848746
TG(18:0_18:2_18:2),CTL,individual,2:3988145,2,3988145,1.109459e-10,SORBI_3002G041366,0.848746
TG(18:0_18:2_18:2),CTL,individual,2:3988146,2,3988146,1.109459e-10,SORBI_3002G041366,0.848746
TG(18:0_18:2_18:2),CTL,individual,2:3988143,2,3988143,1.109459e-10,SORBI_3002G041366,0.847675
TG(18:0_18:2_18:2),CTL,individual,2:3988143,2,3988143,1.109459e-10,SORBI_3002G041400,0.847675
TG(18:0_18:2_18:2),CTL,individual,2:3988145,2,3988145,1.109459e-10,SORBI_3002G041366,0.847675
TG(18:0_18:2_18:2),CTL,individual,2:3988145,2,3988145,1.109459e-10,SORBI_3002G041400,0.847675
TG(18:0_18:2_18:2),CTL,individual,2:3988146,2,3988146,1.109459e-10,SORBI_3002G041366,0.847675
TG(18:0_18:2_18:2),CTL,individual,2:3988146,2,3988146,1.109459e-10,SORBI_3002G041400,0.847675
TG(18:0_18:2_18:2),CTL,individual,2:3988143,2,3988143,1.109459e-10,SORBI_3002G041666,0.80514
TG(18:0_18:2_18:2),CTL,individual,2:3988145,2,3988145,1.109459e-10,SORBI_3002G041666,0.80514
TG(18:0_18:2_18:2),CTL,individual,2:3988146,2,3988146,1.109459e-10,SORBI_3002G041666,0.80514
TG(18:0_18:2_18:2),CTL,individual,2:3988143,2,3988143,1.109459e-10,SORBI_3002G041200,0.781881
TG(18:0_18:2_18:2),CTL,individual,2:3988145,2,3988145,1.109459e-10,SORBI_3002G041200,0.781881
TG(18:0_18:2_18:2),CTL,individual,2:3988146,2,3988146,1.109459e-10,SORBI_3002G041200,0.781881
TG(18:0_18:2_18:2),CTL,individual,2:3988143,2,3988143,1.109459e-10,SORBI_3002G041800,0.756649
TG(18:0_18:2_18:2),CTL,individual,2:3988145,2,3988145,1.109459e-10,SORBI_3002G041800,0.756649
TG(18:0_18:2_18:2),CTL,individual,2:3988146,2,3988146,1.109459e-10,SORBI_3002G041800,0.756649
TG(18:0_18:2_18:2),CTL,individual,2:3988143,2,3988143,1.109459e-10,SORBI_3002G041800,0.756248
TG(18:0_18:2_18:2),CTL,individual,2:3988143,2,3988143,1.109459e-10,SORBI_3002G041900,0.756248
TG(18:0_18:2_18:2),CTL,individual,2:3988145,2,3988145,1.109459e-10,SORBI_3002G041800,0.756248
TG(18:0_18:2_18:2),CTL,individual,2:3988145,2,3988145,1.109459e-10,SORBI_3002G041900,0.756248
TG(18:0_18:2_18:2),CTL,individual,2:3988146,2,3988146,1.109459e-10,SORBI_3002G041800,0.756248
TG(18:0_18:2_18:2),CTL,individual,2:3988146,2,3988146,1.109459e-10,SORBI_3002G041900,0.756248
TG(18:0_18:2_18:2),CTL,individual,2:3988143,2,3988143,1.109459e-10,SORBI_3002G041200,0.754504
TG(18:0_18:2_18:2),CTL,individual,2:3988145,2,3988145,1.109459e-10,SORBI_3002G041200,0.754504
TG(18:0_18:2_18:2),CTL,individual,2:3988146,2,3988146,1.109459e-10,SORBI_3002G041200,0.754504
TG(18:0_18:2_18:2),CTL,individual,2:3988143,2,3988143,1.109459e-10,SORBI_3002G041900,0.748866
TG(18:0_18:2_18:2),CTL,individual,2:3988145,2,3988145,1.109459e-10,SORBI_3002G041900,0.748866
TG(18:0_18:2_18:2),CTL,individual,2:3988146,2,3988146,1.109459e-10,SORBI_3002G041900,0.748866
TG(18:0_18:2_18:2),CTL,individual,2:3988143,2,3988143,1.109459e-10,SORBI_3002G041366,0.743799
TG(18:0_18:2_18:2),CTL,individual,2:3988145,2,3988145,1.109459e-10,SORBI_3002G041366,0.743799
TG(18:0_18:2_18:2),CTL,individual,2:3988146,2,3988146,1.109459e-10,SORBI_3002G041366,0.743799
TG(18:0_18:2_18:2),CTL,individual,2:3988143,2,3988143,1.109459e-10,SORBI_3002G041200,0.73147
TG(18:0_18:2_18:2),CTL,individual,2:3988145,2,3988145,1.109459e-10,SORBI_3002G041200,0.73147
TG(18:0_18:2_18:2),CTL,individual,2:3988146,2,3988146,1.109459e-10,SORBI_3002G041200,0.73147
TG(18:0_18:2_18:2),CTL,individual,2:3988143,2,3988143,1.109459e-10,SORBI_3002G041200,0.721262
TG(18:0_18:2_18:2),CTL,individual,2:3988145,2,3988145,1.109459e-10,SORBI_3002G041200,0.721262
TG(18:0_18:2_18:2),CTL,individual,2:3988146,2,3988146,1.109459e-10,SORBI_3002G041200,0.721262
TG(18:0_18:2_18:2),CTL,individual,2:3988143,2,3988143,1.109459e-10,SORBI_3002G041150,0.716999
TG(18:0_18:2_18:2),CTL,individual,2:3988145,2,3988145,1.109459e-10,SORBI_3002G041150,0.716999
TG(18:0_18:2_18:2),CTL,individual,2:3988146,2,3988146,1.109459e-10,SORBI_3002G041150,0.716999
TG(18:0_18:2_18:2),CTL,individual,2:3988143,2,3988143,1.109459e-10,SORBI_3002G041150,0.715403
TG(18:0_18:2_18:2),CTL,individual,2:3988145,2,3988145,1.109459e-10,SORBI_3002G041150,0.715403
TG(18:0_18:2_18:2),CTL,individual,2:3988146,2,3988146,1.109459e-10,SORBI_3002G041150,0.715403
TG(18:0_18:2_18:2),CTL,individual,2:3988143,2,3988143,1.109459e-10,SORBI_3002G041100,0.709664
TG(18:0_18:2_18:2),CTL,individual,2:3988145,2,3988145,1.109459e-10,SORBI_3002G041100,0.709664
TG(18:0_18:2_18:2),CTL,individual,2:3988146,2,3988146,1.109459e-10,SORBI_3002G041100,0.709664
TG(18:0_18:2_18:2),CTL,individual,2:3988143,2,3988143,1.109459e-10,SORBI_3002G041150,0.709612
TG(18:0_18:2_18:2),CTL,individual,2:3988145,2,3988145,1.109459e-10,SORBI_3002G041150,0.709612
TG(18:0_18:2_18:2),CTL,individual,2:3988146,2,3988146,1.109459e-10,SORBI_3002G041150,0.709612
TG(18:0_18:2_18:2),CTL,individual,2:3988143,2,3988143,1.109459e-10,SORBI_3002G041100,0.706346
TG(18:0_18:2_18:2),CTL,individual,2:3988145,2,3988145,1.109459e-10,SORBI_3002G041100,0.706346
TG(18:0_18:2_18:2),CTL,individual,2:3988146,2,3988146,1.109459e-10,SORBI_3002G041100,0.706346
TG(18:0_18:2_18:2),CTL,individual,2:3988143,2,3988143,1.109459e-10,SORBI_3002G041666,0.698123
TG(18:0_18:2_18:2),CTL,individual,2:3988145,2,3988145,1.109459e-10,SORBI_3002G041666,0.698123
TG(18:0_18:2_18:2),CTL,individual,2:3988146,2,3988146,1.109459e-10,SORBI_3002G041666,0.698123
TG(18:0_18:2_18:2),CTL,individual,2:3988143,2,3988143,1.109459e-10,SORBI_3002G041150,0.659975
TG(18:0_18:2_18:2),CTL,individual,2:3988145,2,3988145,1.109459e-10,SORBI_3002G041150,0.659975
TG(18:0_18:2_18:2),CTL,individual,2:3988146,2,3988146,1.109459e-10,SORBI_3002G041150,0.659975
TG(18:0_18:2_18:2),CTL,individual,2:3988143,2,3988143,1.109459e-10,SORBI_3002G041150,0.622905
TG(18:0_18:2_18:2),CTL,individual,2:3988145,2,3988145,1.109459e-10,SORBI_3002G041150,0.622905
TG(18:0_18:2_18:2),CTL,individual,2:3988146,2,3988146,1.109459e-10,SORBI_3002G041150,0.622905
TG(18:0_18:2_18:2),CTL,individual,2:3988143,2,3988143,1.109459e-10,SORBI_3002G043100,0.622041
TG(18:0_18:2_18:2),CTL,individual,2:3988145,2,3988145,1.109459e-10,SORBI_3002G043100,0.622041
TG(18:0_18:2_18:2),CTL,individual,2:3988146,2,3988146,1.109459e-10,SORBI_3002G043100,0.622041
TG(18:0_18:2_18:2),CTL,individual,2:3988143,2,3988143,1.109459e-10,SORBI_3002G042500,0.621638
TG(18:0_18:2_18:2),CTL,individual,2:3988143,2,3988143,1.109459e-10,SORBI_3002G042600,0.621638
TG(18:0_18:2_18:2),CTL,individual,2:3988145,2,3988145,1.109459e-10,SORBI_3002G042500,0.621638
TG(18:0_18:2_18:2),CTL,individual,2:3988145,2,3988145,1.109459e-10,SORBI_3002G042600,0.621638
TG(18:0_18:2_18:2),CTL,individual,2:3988146,2,3988146,1.109459e-10,SORBI_3002G042500,0.621638
TG(18:0_18:2_18:2),CTL,individual,2:3988146,2,3988146,1.109459e-10,SORBI_3002G042600,0.621638
TG(18:0_18:2_18:2),CTL,individual,2:3988143,2,3988143,1.109459e-10,SORBI_3002G042500,0.619378
TG(18:0_18:2_18:2),CTL,individual,2:3988143,2,3988143,1.109459e-10,SORBI_3002G042600,0.619378
TG(18:0_18:2_18:2),CTL,individual,2:3988145,2,3988145,1.109459e-10,SORBI_3002G042500,0.619378
TG(18:0_18:2_18:2),CTL,individual,2:3988145,2,3988145,1.109459e-10,SORBI_3002G042600,0.619378
TG(18:0_18:2_18:2),CTL,individual,2:3988146,2,3988146,1.109459e-10,SORBI_3002G042500,0.619378
TG(18:0_18:2_18:2),CTL,individual,2:3988146,2,3988146,1.109459e-10,SORBI_3002G042600,0.619378
TG(18:0_18:2_18:2),CTL,individual,2:3988143,2,3988143,1.109459e-10,SORBI_3002G042600,0.614716
TG(18:0_18:2_18:2),CTL,individual,2:3988143,2,3988143,1.109459e-10,SORBI_3002G042800,0.614716
TG(18:0_18:2_18:2),CTL,individual,2:3988143,2,3988143,1.109459e-10,SORBI_3002G043000,0.614716
TG(18:0_18:2_18:2),CTL,individual,2:3988145,2,3988145,1.109459e-10,SORBI_3002G042600,0.614716
TG(18:0_18:2_18:2),CTL,individual,2:3988145,2,3988145,1.109459e-10,SORBI_3002G042800,0.614716
TG(18:0_18:2_18:2),CTL,individual,2:3988145,2,3988145,1.109459e-10,SORBI_3002G043000,0.614716
TG(18:0_18:2_18:2),CTL,individual,2:3988146,2,3988146,1.109459e-10,SORBI_3002G042600,0.614716
TG(18:0_18:2_18:2),CTL,individual,2:3988146,2,3988146,1.109459e-10,SORBI_3002G042800,0.614716
TG(18:0_18:2_18:2),CTL,individual,2:3988146,2,3988146,1.109459e-10,SORBI_3002G043000,0.614716
TG(18:0_18:2_18:2),CTL,individual,2:3988143,2,3988143,1.109459e-10,SORBI_3002G041666,0.604525
TG(18:0_18:2_18:2),CTL,individual,2:3988145,2,3988145,1.109459e-10,SORBI_3002G041666,0.604525
TG(18:0_18:2_18:2),CTL,individual,2:3988146,2,3988146,1.109459e-10,SORBI_3002G041666,0.604525
TG(18:0_18:2_18:2),CTL,individual,7:7903507,7,7903507,1.508657e-10,SORBI_3007G071400,1
TG(18:0_18:2_18:2),CTL,individual,7:7903507,7,7903507,1.508657e-10,SORBI_3007G071400,1
TG(18:0_18:2_18:2),CTL,individual,7:7904098,7,7904098,1.508657e-10,SORBI_3007G071400,1
TG(18:0_18:2_18:2),CTL,individual,7:7904098,7,7904098,1.508657e-10,SORBI_3007G071400,1
TG(18:0_18:2_18:2),CTL,individual,7:7903507,7,7903507,1.508657e-10,SORBI_3007G071400,0.987082
TG(18:0_18:2_18:2),CTL,individual,7:7904098,7,7904098,1.508657e-10,SORBI_3007G071400,0.987082
TG(18:0_18:2_18:2),CTL,individual,7:7903507,7,7903507,1.508657e-10,SORBI_3007G071400,0.974059
TG(18:0_18:2_18:2),CTL,individual,7:7904098,7,7904098,1.508657e-10,SORBI_3007G071400,0.974059
TG(18:0_18:2_18:2),CTL,individual,7:7903507,7,7903507,1.508657e-10,SORBI_3007G070700,0.763719
TG(18:0_18:2_18:2),CTL,individual,7:7903507,7,7903507,1.508657e-10,SORBI_3007G070900,0.763719
TG(18:0_18:2_18:2),CTL,individual,7:7903507,7,7903507,1.508657e-10,SORBI_3007G071000,0.763719
TG(18:0_18:2_18:2),CTL,individual,7:7904098,7,7904098,1.508657e-10,SORBI_3007G070700,0.763719
TG(18:0_18:2_18:2),CTL,individual,7:7904098,7,7904098,1.508657e-10,SORBI_3007G070900,0.763719
TG(18:0_18:2_18:2),CTL,individual,7:7904098,7,7904098,1.508657e-10,SORBI_3007G071000,0.763719
TG(18:0_18:2_18:2),CTL,individual,7:7903507,7,7903507,1.508657e-10,SORBI_3007G071000,0.632176
TG(18:0_18:2_18:2),CTL,individual,7:7904098,7,7904098,1.508657e-10,SORBI_3007G071000,0.632176
TG(18:0_18:2_18:2),CTL,individual,7:7903507,7,7903507,1.508657e-10,SORBI_3007G071000,0.619297
TG(18:0_18:2_18:2),CTL,individual,7:7904098,7,7904098,1.508657e-10,SORBI_3007G071000,0.619297
TG(18:0_18:2_18:2),CTL,individual,7:7903507,7,7903507,1.508657e-10,SORBI_3007G071000,0.602217
TG(18:0_18:2_18:2),CTL,individual,7:7904098,7,7904098,1.508657e-10,SORBI_3007G071000,0.602217
TG(18:0_18:2_18:2),CTL,individual,5:22613874,5,22613874,1.512791e-10,SORBI_3005G109300,1
TG(18:0_18:2_18:2),CTL,individual,1:31163633,1,31163633,1.824369e-10,SORBI_3001G259400,0.701566
TG(18:0_18:2_18:2),CTL,individual,1:31163633,1,31163633,1.824369e-10,SORBI_3001G259000,0.657025
TG(18:0_18:2_18:2),CTL,individual,1:31163633,1,31163633,1.824369e-10,SORBI_3001G259000,0.639342
TG(18:0_18:2_18:2),CTL,individual,1:31163633,1,31163633,1.824369e-10,SORBI_3001G259100,0.628446
TG(18:0_18:2_18:2),CTL,individual,1:31163633,1,31163633,1.824369e-10,SORBI_3001G259000,0.607148
TG(18:0_18:2_18:2),CTL,individual,1:31163633,1,31163633,1.824369e-10,SORBI_3001G259000,0.601718
TG(18:0_18:2_18:2),CTL,individual,7:44032615,7,44032615,1.897086e-10,SORBI_3007G112900,0.620446
TG(18:0_18:2_18:2),CTL,individual,7:44032615,7,44032615,1.897086e-10,SORBI_3007G113200,0.619789
TG(18:0_18:2_18:2),CTL,individual,7:44032615,7,44032615,1.897086e-10,SORBI_3007G112900,0.615761
TG(18:0_18:2_18:2),CTL,individual,7:32262677,7,32262677,2.727629e-10,SORBI_3007G103600,0.932901
TG(18:0_18:2_18:2),CTL,individual,7:32262677,7,32262677,2.727629e-10,SORBI_3007G103600,0.896795
TG(18:0_18:2_18:2),CTL,individual,7:32262677,7,32262677,2.727629e-10,SORBI_3007G103600,0.640805
TG(18:0_18:2_18:2),CTL,individual,1:18822378,1,18822378,3.281558e-10,SORBI_3001G206100,1
TG(18:0_18:2_18:2),CTL,individual,1:18822378,1,18822378,3.281558e-10,SORBI_3001G206100,1
TG(18:0_18:2_18:2),CTL,individual,1:18822378,1,18822378,3.281558e-10,SORBI_3001G206100,0.976016
TG(18:0_18:2_18:2),CTL,individual,1:18822378,1,18822378,3.281558e-10,SORBI_3001G206100,0.856156
TG(18:0_18:2_18:2),CTL,individual,1:18822378,1,18822378,3.281558e-10,SORBI_3001G206100,0.837735
TG(18:0_18:2_18:2),CTL,individual,1:18822378,1,18822378,3.281558e-10,SORBI_3001G206100,0.775468
TG(18:0_18:2_18:2),CTL,individual,1:18822378,1,18822378,3.281558e-10,SORBI_3001G206100,0.768514
TG(18:0_18:2_18:2),CTL,individual,1:18822378,1,18822378,3.281558e-10,SORBI_3001G206100,0.749563
TG(18:0_18:2_18:2),CTL,individual,1:18822378,1,18822378,3.281558e-10,SORBI_3001G206100,0.744513
TG(18:0_18:2_18:2),CTL,individual,1:18822378,1,18822378,3.281558e-10,SORBI_3001G206100,0.743511
TG(18:0_18:2_18:2),CTL,individual,1:18822378,1,18822378,3.281558e-10,SORBI_3001G206100,0.740725
TG(18:0_18:2_18:2),CTL,individual,1:18822378,1,18822378,3.281558e-10,SORBI_3001G206100,0.72568
TG(18:0_18:2_18:2),CTL,individual,1:18822378,1,18822378,3.281558e-10,SORBI_3001G206100,0.725609
TG(18:0_18:2_18:2),CTL,individual,1:18822378,1,18822378,3.281558e-10,SORBI_3001G206100,0.716049
TG(18:0_18:2_18:2),CTL,individual,1:18822378,1,18822378,3.281558e-10,SORBI_3001G206100,0.714031
TG(18:0_18:2_18:2),CTL,individual,1:18822378,1,18822378,3.281558e-10,SORBI_3001G206100,0.705673
TG(18:0_18:2_18:2),CTL,individual,1:18822378,1,18822378,3.281558e-10,SORBI_3001G206100,0.692785
TG(18:0_18:2_18:2),CTL,individual,1:18822378,1,18822378,3.281558e-10,SORBI_3001G206100,0.678381
TG(18:0_18:2_18:2),CTL,individual,1:18822378,1,18822378,3.281558e-10,SORBI_3001G206100,0.674517
TG(18:0_18:2_18:2),CTL,individual,1:18822378,1,18822378,3.281558e-10,SORBI_3001G206100,0.669263
TG(18:0_18:2_18:2),CTL,individual,1:18822378,1,18822378,3.281558e-10,SORBI_3001G206100,0.663279
TG(18:0_18:2_18:2),CTL,individual,1:18822378,1,18822378,3.281558e-10,SORBI_3001G206100,0.645867
TG(18:0_18:2_18:2),CTL,individual,1:18822378,1,18822378,3.281558e-10,SORBI_3001G206100,0.628191
TG(18:0_18:2_18:2),CTL,individual,1:18822378,1,18822378,3.281558e-10,SORBI_3001G206100,0.60106
TG(18:0_18:2_18:2),CTL,individual,1:18822364,1,18822364,3.406352e-10,SORBI_3001G206100,1
TG(18:0_18:2_18:2),CTL,individual,1:18822364,1,18822364,3.406352e-10,SORBI_3001G206100,1
TG(18:0_18:2_18:2),CTL,individual,1:18822364,1,18822364,3.406352e-10,SORBI_3001G206100,0.976016
TG(18:0_18:2_18:2),CTL,individual,1:18822364,1,18822364,3.406352e-10,SORBI_3001G206100,0.952477
TG(18:0_18:2_18:2),CTL,individual,1:18822364,1,18822364,3.406352e-10,SORBI_3001G206100,0.881316
TG(18:0_18:2_18:2),CTL,individual,1:18822364,1,18822364,3.406352e-10,SORBI_3001G206100,0.855716
TG(18:0_18:2_18:2),CTL,individual,1:18822364,1,18822364,3.406352e-10,SORBI_3001G206100,0.793653
TG(18:0_18:2_18:2),CTL,individual,1:18822364,1,18822364,3.406352e-10,SORBI_3001G206100,0.792164
TG(18:0_18:2_18:2),CTL,individual,1:18822364,1,18822364,3.406352e-10,SORBI_3001G206100,0.772633
TG(18:0_18:2_18:2),CTL,individual,1:18822364,1,18822364,3.406352e-10,SORBI_3001G206100,0.76851
TG(18:0_18:2_18:2),CTL,individual,1:18822364,1,18822364,3.406352e-10,SORBI_3001G206100,0.767638
TG(18:0_18:2_18:2),CTL,individual,1:18822364,1,18822364,3.406352e-10,SORBI_3001G206100,0.756588
TG(18:0_18:2_18:2),CTL,individual,1:18822364,1,18822364,3.406352e-10,SORBI_3001G206100,0.749076
TG(18:0_18:2_18:2),CTL,individual,1:18822364,1,18822364,3.406352e-10,SORBI_3001G206100,0.74901
TG(18:0_18:2_18:2),CTL,individual,1:18822364,1,18822364,3.406352e-10,SORBI_3001G206100,0.736013
TG(18:0_18:2_18:2),CTL,individual,1:18822364,1,18822364,3.406352e-10,SORBI_3001G206100,0.731356
TG(18:0_18:2_18:2),CTL,individual,1:18822364,1,18822364,3.406352e-10,SORBI_3001G206100,0.720832
TG(18:0_18:2_18:2),CTL,individual,1:18822364,1,18822364,3.406352e-10,SORBI_3001G206100,0.718479
TG(18:0_18:2_18:2),CTL,individual,1:18822364,1,18822364,3.406352e-10,SORBI_3001G206100,0.702406
TG(18:0_18:2_18:2),CTL,individual,1:18822364,1,18822364,3.406352e-10,SORBI_3001G206100,0.682808
TG(18:0_18:2_18:2),CTL,individual,1:18822364,1,18822364,3.406352e-10,SORBI_3001G206100,0.661045
TG(18:0_18:2_18:2),CTL,individual,1:18822364,1,18822364,3.406352e-10,SORBI_3001G206100,0.657225
TG(18:0_18:2_18:2),CTL,individual,1:18822364,1,18822364,3.406352e-10,SORBI_3001G206100,0.652381
TG(18:0_18:2_18:2),CTL,individual,1:18822364,1,18822364,3.406352e-10,SORBI_3001G206100,0.648477
TG(18:0_18:2_18:2),CTL,individual,1:18822364,1,18822364,3.406352e-10,SORBI_3001G206100,0.620475
TG(18:0_18:2_18:2),CTL,individual,8:34401059,8,34401059,3.42577e-10,SORBI_3008G090200,0.942654
TG(18:0_18:2_18:2),CTL,individual,8:34401059,8,34401059,3.42577e-10,SORBI_3008G090200,0.920935
TG(18:0_18:2_18:2),CTL,individual,8:34401059,8,34401059,3.42577e-10,SORBI_3008G090200,0.910616
TG(18:0_18:2_18:2),CTL,individual,6:19891645,6,19891645,3.513882e-10,SORBI_3006G040201,0.931069
TG(18:0_18:2_18:2),CTL,individual,6:19891645,6,19891645,3.513882e-10,SORBI_3006G040201,0.91527
TG(18:0_18:2_18:2),CTL,individual,6:19891645,6,19891645,3.513882e-10,SORBI_3006G040201,0.909553
TG(18:0_18:2_18:2),CTL,individual,6:19891645,6,19891645,3.513882e-10,SORBI_3006G040201,0.856715
TG(18:0_18:2_18:2),CTL,individual,6:19891645,6,19891645,3.513882e-10,SORBI_3006G040201,0.835517
TG(18:0_18:2_18:2),CTL,individual,6:19891645,6,19891645,3.513882e-10,SORBI_3006G040201,0.808019
TG(18:0_18:2_18:2),CTL,individual,6:19891645,6,19891645,3.513882e-10,SORBI_3006G040201,0.724761
TG(18:0_18:2_18:2),CTL,individual,6:19891645,6,19891645,3.513882e-10,SORBI_3006G040201,0.613589
TG(18:0_18:2_18:2),CTL,individual,2:36744996,2,36744996,3.531045e-10,SORBI_3002G147500,0.942032
TG(18:0_18:2_18:2),CTL,individual,2:36744996,2,36744996,3.531045e-10,SORBI_3002G147500,0.932505
TG(18:0_18:2_18:2),CTL,individual,7:13239822,7,13239822,3.701391e-10,SORBI_3007G090415,0.974311
TG(18:0_18:2_18:2),CTL,individual,7:13239822,7,13239822,3.701391e-10,SORBI_3007G090421,0.974311
TG(18:0_18:2_18:2),CTL,individual,7:13239822,7,13239822,3.701391e-10,SORBI_3007G090424,0.974311
TG(18:0_18:2_18:2),CTL,individual,7:13239822,7,13239822,3.701391e-10,SORBI_3007G090412,0.974304
TG(18:0_18:2_18:2),CTL,individual,7:13239822,7,13239822,3.701391e-10,SORBI_3007G090421,0.962051
TG(18:0_18:2_18:2),CTL,individual,7:13239822,7,13239822,3.701391e-10,SORBI_3007G090418,0.956096
TG(18:0_18:2_18:2),CTL,individual,7:13239822,7,13239822,3.701391e-10,SORBI_3007G090403,0.954956
TG(18:0_18:2_18:2),CTL,individual,7:13239822,7,13239822,3.701391e-10,SORBI_3007G090415,0.954956
TG(18:0_18:2_18:2),CTL,individual,7:13239822,7,13239822,3.701391e-10,SORBI_3007G090421,0.954956
TG(18:0_18:2_18:2),CTL,individual,7:13239822,7,13239822,3.701391e-10,SORBI_3007G090424,0.954956
TG(18:0_18:2_18:2),CTL,individual,7:13239822,7,13239822,3.701391e-10,SORBI_3007G090412,0.954944
TG(18:0_18:2_18:2),CTL,individual,7:13239822,7,13239822,3.701391e-10,SORBI_3007G090418,0.950265
TG(18:0_18:2_18:2),CTL,individual,7:13239822,7,13239822,3.701391e-10,SORBI_3007G090418,0.950238
TG(18:0_18:2_18:2),CTL,individual,7:13239822,7,13239822,3.701391e-10,SORBI_3007G090403,0.948889
TG(18:0_18:2_18:2),CTL,individual,7:13239822,7,13239822,3.701391e-10,SORBI_3007G090418,0.948889
TG(18:0_18:2_18:2),CTL,individual,7:13239822,7,13239822,3.701391e-10,SORBI_3007G090421,0.948889
TG(18:0_18:2_18:2),CTL,individual,7:13239822,7,13239822,3.701391e-10,SORBI_3007G090412,0.948875
TG(18:0_18:2_18:2),CTL,individual,7:13239822,7,13239822,3.701391e-10,SORBI_3007G090415,0.948038
TG(18:0_18:2_18:2),CTL,individual,7:13239822,7,13239822,3.701391e-10,SORBI_3007G090421,0.948038
TG(18:0_18:2_18:2),CTL,individual,7:13239822,7,13239822,3.701391e-10,SORBI_3007G090424,0.947965
TG(18:0_18:2_18:2),CTL,individual,7:13239822,7,13239822,3.701391e-10,SORBI_3007G090421,0.947963
TG(18:0_18:2_18:2),CTL,individual,7:13239822,7,13239822,3.701391e-10,SORBI_3007G090424,0.947963
TG(18:0_18:2_18:2),CTL,individual,7:13239822,7,13239822,3.701391e-10,SORBI_3007G090412,0.947949
TG(18:0_18:2_18:2),CTL,individual,7:13239822,7,13239822,3.701391e-10,SORBI_3007G090415,0.94727
TG(18:0_18:2_18:2),CTL,individual,7:13239822,7,13239822,3.701391e-10,SORBI_3007G090421,0.94727
TG(18:0_18:2_18:2),CTL,individual,7:13239822,7,13239822,3.701391e-10,SORBI_3007G090424,0.94727
TG(18:0_18:2_18:2),CTL,individual,7:13239822,7,13239822,3.701391e-10,SORBI_3007G090418,0.947241
TG(18:0_18:2_18:2),CTL,individual,7:13239822,7,13239822,3.701391e-10,SORBI_3007G090418,0.947226
TG(18:0_18:2_18:2),CTL,individual,7:13239822,7,13239822,3.701391e-10,SORBI_3007G090418,0.944566
TG(18:0_18:2_18:2),CTL,individual,7:13239822,7,13239822,3.701391e-10,SORBI_3007G090403,0.942941
TG(18:0_18:2_18:2),CTL,individual,7:13239822,7,13239822,3.701391e-10,SORBI_3007G090418,0.942941
TG(18:0_18:2_18:2),CTL,individual,7:13239822,7,13239822,3.701391e-10,SORBI_3007G090421,0.942941
TG(18:0_18:2_18:2),CTL,individual,7:13239822,7,13239822,3.701391e-10,SORBI_3007G090403,0.941787
TG(18:0_18:2_18:2),CTL,individual,7:13239822,7,13239822,3.701391e-10,SORBI_3007G090415,0.941787
TG(18:0_18:2_18:2),CTL,individual,7:13239822,7,13239822,3.701391e-10,SORBI_3007G090421,0.941787
TG(18:0_18:2_18:2),CTL,individual,7:13239822,7,13239822,3.701391e-10,SORBI_3007G090424,0.941787
TG(18:0_18:2_18:2),CTL,individual,7:13239822,7,13239822,3.701391e-10,SORBI_3007G090418,0.941755
TG(18:0_18:2_18:2),CTL,individual,7:13239822,7,13239822,3.701391e-10,SORBI_3007G090415,0.941072
TG(18:0_18:2_18:2),CTL,individual,7:13239822,7,13239822,3.701391e-10,SORBI_3007G090421,0.941072
TG(18:0_18:2_18:2),CTL,individual,7:13239822,7,13239822,3.701391e-10,SORBI_3007G090424,0.941072
TG(18:0_18:2_18:2),CTL,individual,7:13239822,7,13239822,3.701391e-10,SORBI_3007G090403,0.93712
TG(18:0_18:2_18:2),CTL,individual,7:13239822,7,13239822,3.701391e-10,SORBI_3007G090421,0.93712
TG(18:0_18:2_18:2),CTL,individual,7:13239822,7,13239822,3.701391e-10,SORBI_3007G090424,0.93712
TG(18:0_18:2_18:2),CTL,individual,7:13239822,7,13239822,3.701391e-10,SORBI_3007G090418,0.937069
TG(18:0_18:2_18:2),CTL,individual,7:13239822,7,13239822,3.701391e-10,SORBI_3007G090403,0.935727
TG(18:0_18:2_18:2),CTL,individual,7:13239822,7,13239822,3.701391e-10,SORBI_3007G090415,0.935727
TG(18:0_18:2_18:2),CTL,individual,7:13239822,7,13239822,3.701391e-10,SORBI_3007G090418,0.935727
TG(18:0_18:2_18:2),CTL,individual,7:13239822,7,13239822,3.701391e-10,SORBI_3007G090421,0.935727
TG(18:0_18:2_18:2),CTL,individual,7:13239822,7,13239822,3.701391e-10,SORBI_3007G090418,0.935674
TG(18:0_18:2_18:2),CTL,individual,7:13239822,7,13239822,3.701391e-10,SORBI_3007G090421,0.93479
TG(18:0_18:2_18:2),CTL,individual,7:13239822,7,13239822,3.701391e-10,SORBI_3007G090424,0.93479
TG(18:0_18:2_18:2),CTL,individual,7:13239822,7,13239822,3.701391e-10,SORBI_3007G090421,0.934278
TG(18:0_18:2_18:2),CTL,individual,7:13239822,7,13239822,3.701391e-10,SORBI_3007G090403,0.931433
TG(18:0_18:2_18:2),CTL,individual,7:13239822,7,13239822,3.701391e-10,SORBI_3007G090424,0.931433
TG(18:0_18:2_18:2),CTL,individual,7:13239822,7,13239822,3.701391e-10,SORBI_3007G090403,0.929787
TG(18:0_18:2_18:2),CTL,individual,7:13239822,7,13239822,3.701391e-10,SORBI_3007G090421,0.929787
TG(18:0_18:2_18:2),CTL,individual,7:13239822,7,13239822,3.701391e-10,SORBI_3007G090418,0.929749
TG(18:0_18:2_18:2),CTL,individual,7:13239822,7,13239822,3.701391e-10,SORBI_3007G090421,0.928619
TG(18:0_18:2_18:2),CTL,individual,7:13239822,7,13239822,3.701391e-10,SORBI_3007G090424,0.927582
TG(18:0_18:2_18:2),CTL,individual,7:13239822,7,13239822,3.701391e-10,SORBI_3007G090421,0.926716
TG(18:0_18:2_18:2),CTL,individual,7:13239822,7,13239822,3.701391e-10,SORBI_3007G090421,0.925887
TG(18:0_18:2_18:2),CTL,individual,7:13239822,7,13239822,3.701391e-10,SORBI_3007G090403,0.923976
TG(18:0_18:2_18:2),CTL,individual,7:13239822,7,13239822,3.701391e-10,SORBI_3007G090415,0.923418
TG(18:0_18:2_18:2),CTL,individual,7:13239822,7,13239822,3.701391e-10,SORBI_3007G090418,0.92319
TG(18:0_18:2_18:2),CTL,individual,7:13239822,7,13239822,3.701391e-10,SORBI_3007G090418,0.922575
TG(18:0_18:2_18:2),CTL,individual,7:13239822,7,13239822,3.701391e-10,SORBI_3007G090418,0.922523
TG(18:0_18:2_18:2),CTL,individual,7:13239822,7,13239822,3.701391e-10,SORBI_3007G090421,0.921913
TG(18:0_18:2_18:2),CTL,individual,7:13239822,7,13239822,3.701391e-10,SORBI_3007G090424,0.921913
TG(18:0_18:2_18:2),CTL,individual,7:13239822,7,13239822,3.701391e-10,SORBI_3007G090418,0.921829
TG(18:0_18:2_18:2),CTL,individual,7:13239822,7,13239822,3.701391e-10,SORBI_3007G090415,0.921547
TG(18:0_18:2_18:2),CTL,individual,7:13239822,7,13239822,3.701391e-10,SORBI_3007G090421,0.921547
TG(18:0_18:2_18:2),CTL,individual,7:13239822,7,13239822,3.701391e-10,SORBI_3007G090424,0.921547
TG(18:0_18:2_18:2),CTL,individual,7:13239822,7,13239822,3.701391e-10,SORBI_3007G090418,0.921504
TG(18:0_18:2_18:2),CTL,individual,7:13239822,7,13239822,3.701391e-10,SORBI_3007G090415,0.920979
TG(18:0_18:2_18:2),CTL,individual,7:13239822,7,13239822,3.701391e-10,SORBI_3007G090403,0.918301
TG(18:0_18:2_18:2),CTL,individual,7:13239822,7,13239822,3.701391e-10,SORBI_3007G090403,0.915255
TG(18:0_18:2_18:2),CTL,individual,7:13239822,7,13239822,3.701391e-10,SORBI_3007G090403,0.91475
TG(18:0_18:2_18:2),CTL,individual,7:13239822,7,13239822,3.701391e-10,SORBI_3007G090403,0.913619
TG(18:0_18:2_18:2),CTL,individual,7:13239822,7,13239822,3.701391e-10,SORBI_3007G090421,0.903659
TG(18:0_18:2_18:2),CTL,individual,7:13239822,7,13239822,3.701391e-10,SORBI_3007G090418,0.900731
TG(18:0_18:2_18:2),CTL,individual,7:13239822,7,13239822,3.701391e-10,SORBI_3007G090415,0.89705
TG(18:0_18:2_18:2),CTL,individual,7:13239822,7,13239822,3.701391e-10,SORBI_3007G090424,0.895273
TG(18:0_18:2_18:2),CTL,individual,7:13239822,7,13239822,3.701391e-10,SORBI_3007G090418,0.895216
TG(18:0_18:2_18:2),CTL,individual,7:13239822,7,13239822,3.701391e-10,SORBI_3007G090415,0.894836
TG(18:0_18:2_18:2),CTL,individual,7:13239822,7,13239822,3.701391e-10,SORBI_3007G090421,0.894836
TG(18:0_18:2_18:2),CTL,individual,7:13239822,7,13239822,3.701391e-10,SORBI_3007G090421,0.894128
TG(18:0_18:2_18:2),CTL,individual,7:13239822,7,13239822,3.701391e-10,SORBI_3007G090421,0.890504
TG(18:0_18:2_18:2),CTL,individual,7:13239822,7,13239822,3.701391e-10,SORBI_3007G090415,0.887613
TG(18:0_18:2_18:2),CTL,individual,7:13239822,7,13239822,3.701391e-10,SORBI_3007G090418,0.882942
TG(18:0_18:2_18:2),CTL,individual,7:13239822,7,13239822,3.701391e-10,SORBI_3007G090415,0.879492
TG(18:0_18:2_18:2),CTL,individual,7:13239822,7,13239822,3.701391e-10,SORBI_3007G090421,0.879247
TG(18:0_18:2_18:2),CTL,individual,7:13239822,7,13239822,3.701391e-10,SORBI_3007G090421,0.878945
TG(18:0_18:2_18:2),CTL,individual,7:13239822,7,13239822,3.701391e-10,SORBI_3007G090418,0.878003
TG(18:0_18:2_18:2),CTL,individual,7:13239822,7,13239822,3.701391e-10,SORBI_3007G090418,0.874713
TG(18:0_18:2_18:2),CTL,individual,7:13239822,7,13239822,3.701391e-10,SORBI_3007G090424,0.873692
TG(18:0_18:2_18:2),CTL,individual,7:13239822,7,13239822,3.701391e-10,SORBI_3007G090403,0.871379
TG(18:0_18:2_18:2),CTL,individual,7:13239822,7,13239822,3.701391e-10,SORBI_3007G090424,0.870821
TG(18:0_18:2_18:2),CTL,individual,7:13239822,7,13239822,3.701391e-10,SORBI_3007G090403,0.870669
TG(18:0_18:2_18:2),CTL,individual,7:13239822,7,13239822,3.701391e-10,SORBI_3007G090424,0.870106
TG(18:0_18:2_18:2),CTL,individual,7:13239822,7,13239822,3.701391e-10,SORBI_3007G090415,0.869148
TG(18:0_18:2_18:2),CTL,individual,7:13239822,7,13239822,3.701391e-10,SORBI_3007G090415,0.86884
TG(18:0_18:2_18:2),CTL,individual,7:13239822,7,13239822,3.701391e-10,SORBI_3007G090421,0.866644
TG(18:0_18:2_18:2),CTL,individual,7:13239822,7,13239822,3.701391e-10,SORBI_3007G090403,0.866524
TG(18:0_18:2_18:2),CTL,individual,7:13239822,7,13239822,3.701391e-10,SORBI_3007G090415,0.864736
TG(18:0_18:2_18:2),CTL,individual,7:13239822,7,13239822,3.701391e-10,SORBI_3007G090424,0.86413
TG(18:0_18:2_18:2),CTL,individual,7:13239822,7,13239822,3.701391e-10,SORBI_3007G090421,0.863295
TG(18:0_18:2_18:2),CTL,individual,7:13239822,7,13239822,3.701391e-10,SORBI_3007G090421,0.856909
TG(18:0_18:2_18:2),CTL,individual,7:13239822,7,13239822,3.701391e-10,SORBI_3007G090415,0.856237
TG(18:0_18:2_18:2),CTL,individual,7:13239822,7,13239822,3.701391e-10,SORBI_3007G090424,0.855452
TG(18:0_18:2_18:2),CTL,individual,7:13239822,7,13239822,3.701391e-10,SORBI_3007G090421,0.848065
TG(18:0_18:2_18:2),CTL,individual,7:13239822,7,13239822,3.701391e-10,SORBI_3007G090421,0.847533
TG(18:0_18:2_18:2),CTL,individual,7:13239822,7,13239822,3.701391e-10,SORBI_3007G090418,0.845451
TG(18:0_18:2_18:2),CTL,individual,7:13239822,7,13239822,3.701391e-10,SORBI_3007G090421,0.8454
TG(18:0_18:2_18:2),CTL,individual,7:13239822,7,13239822,3.701391e-10,SORBI_3007G090403,0.844795
TG(18:0_18:2_18:2),CTL,individual,7:13239822,7,13239822,3.701391e-10,SORBI_3007G090418,0.844187
TG(18:0_18:2_18:2),CTL,individual,7:13239822,7,13239822,3.701391e-10,SORBI_3007G090403,0.842061
TG(18:0_18:2_18:2),CTL,individual,7:13239822,7,13239822,3.701391e-10,SORBI_3007G090421,0.841885
TG(18:0_18:2_18:2),CTL,individual,7:13239822,7,13239822,3.701391e-10,SORBI_3007G090421,0.838375
TG(18:0_18:2_18:2),CTL,individual,7:13239822,7,13239822,3.701391e-10,SORBI_3007G090403,0.833984
TG(18:0_18:2_18:2),CTL,individual,7:13239822,7,13239822,3.701391e-10,SORBI_3007G090421,0.832995
TG(18:0_18:2_18:2),CTL,individual,7:13239822,7,13239822,3.701391e-10,SORBI_3007G090418,0.83098
TG(18:0_18:2_18:2),CTL,individual,7:13239822,7,13239822,3.701391e-10,SORBI_3007G090421,0.830976
TG(18:0_18:2_18:2),CTL,individual,7:13239822,7,13239822,3.701391e-10,SORBI_3007G090421,0.829717
TG(18:0_18:2_18:2),CTL,individual,7:13239822,7,13239822,3.701391e-10,SORBI_3007G090415,0.820644
TG(18:0_18:2_18:2),CTL,individual,7:13239822,7,13239822,3.701391e-10,SORBI_3007G090403,0.820486
TG(18:0_18:2_18:2),CTL,individual,7:13239822,7,13239822,3.701391e-10,SORBI_3007G090415,0.817285
TG(18:0_18:2_18:2),CTL,individual,7:13239822,7,13239822,3.701391e-10,SORBI_3007G090418,0.817247
TG(18:0_18:2_18:2),CTL,individual,7:13239822,7,13239822,3.701391e-10,SORBI_3007G090421,0.811249
TG(18:0_18:2_18:2),CTL,individual,7:13239822,7,13239822,3.701391e-10,SORBI_3007G090421,0.807924
TG(18:0_18:2_18:2),CTL,individual,7:13239822,7,13239822,3.701391e-10,SORBI_3007G090421,0.803124
TG(18:0_18:2_18:2),CTL,individual,7:13239822,7,13239822,3.701391e-10,SORBI_3007G090418,0.802982
TG(18:0_18:2_18:2),CTL,individual,7:13239822,7,13239822,3.701391e-10,SORBI_3007G090418,0.793193
TG(18:0_18:2_18:2),CTL,individual,7:13239822,7,13239822,3.701391e-10,SORBI_3007G090421,0.791418
TG(18:0_18:2_18:2),CTL,individual,7:13239822,7,13239822,3.701391e-10,SORBI_3007G090421,0.787286
TG(18:0_18:2_18:2),CTL,individual,7:13239822,7,13239822,3.701391e-10,SORBI_3007G090421,0.786613
TG(18:0_18:2_18:2),CTL,individual,7:13239822,7,13239822,3.701391e-10,SORBI_3007G090421,0.784859
TG(18:0_18:2_18:2),CTL,individual,7:13239822,7,13239822,3.701391e-10,SORBI_3007G090421,0.778343
TG(18:0_18:2_18:2),CTL,individual,7:13239822,7,13239822,3.701391e-10,SORBI_3007G090421,0.757859
TG(18:0_18:2_18:2),CTL,individual,7:13239822,7,13239822,3.701391e-10,SORBI_3007G090418,0.756526
TG(18:0_18:2_18:2),CTL,individual,7:13239822,7,13239822,3.701391e-10,SORBI_3007G090421,0.755011
TG(18:0_18:2_18:2),CTL,individual,7:13239822,7,13239822,3.701391e-10,SORBI_3007G090415,0.73692
TG(18:0_18:2_18:2),CTL,individual,7:13239822,7,13239822,3.701391e-10,SORBI_3007G090418,0.718626
TG(18:0_18:2_18:2),CTL,individual,7:13239822,7,13239822,3.701391e-10,SORBI_3007G090421,0.710259
TG(18:0_18:2_18:2),CTL,individual,7:13239822,7,13239822,3.701391e-10,SORBI_3007G090415,0.7101
TG(18:0_18:2_18:2),CTL,individual,7:13239822,7,13239822,3.701391e-10,SORBI_3007G090421,0.623472
TG(18:0_18:2_18:2),CTL,individual,7:28509066,7,28509066,3.709394e-10,SORBI_3007G103000,0.642031
TG(18:0_18:2_18:2),CTL,individual,7:28509066,7,28509066,3.709394e-10,SORBI_3007G103100,0.640707
TG(18:0_18:2_18:2),CTL,individual,7:28509066,7,28509066,3.709394e-10,SORBI_3007G103100,0.638083
TG(18:0_18:2_18:2),CTL,individual,7:28509066,7,28509066,3.709394e-10,SORBI_3007G103100,0.634173
TG(18:0_18:2_18:2),CTL,individual,7:28509066,7,28509066,3.709394e-10,SORBI_3007G103100,0.629857
TG(18:0_18:2_18:2),CTL,individual,7:28509066,7,28509066,3.709394e-10,SORBI_3007G103100,0.617432
TG(18:0_18:2_18:2),CTL,individual,7:28509066,7,28509066,3.709394e-10,SORBI_3007G103100,0.614095
TG(18:0_18:2_18:2),CTL,individual,7:42424134,7,42424134,4.209891e-10,SORBI_3007G111800,0.655806
TG(18:0_18:2_18:2),CTL,individual,7:42424138,7,42424138,4.209891e-10,SORBI_3007G111800,0.655806
TG(18:0_18:2_18:2),CTL,individual,7:42424134,7,42424134,4.209891e-10,SORBI_3007G111901,0.653195
TG(18:0_18:2_18:2),CTL,individual,7:42424138,7,42424138,4.209891e-10,SORBI_3007G111901,0.653195
TG(18:0_18:2_18:2),CTL,individual,7:42424134,7,42424134,4.209891e-10,SORBI_3007G111901,0.642521
TG(18:0_18:2_18:2),CTL,individual,7:42424138,7,42424138,4.209891e-10,SORBI_3007G111901,0.642521
TG(18:0_18:2_18:2),CTL,individual,7:42424134,7,42424134,4.209891e-10,SORBI_3007G111901,0.636723
TG(18:0_18:2_18:2),CTL,individual,7:42424138,7,42424138,4.209891e-10,SORBI_3007G111901,0.636723
TG(18:0_18:2_18:2),CTL,individual,7:42424134,7,42424134,4.209891e-10,SORBI_3007G112000,0.634745
TG(18:0_18:2_18:2),CTL,individual,7:42424138,7,42424138,4.209891e-10,SORBI_3007G112000,0.634745
TG(18:0_18:2_18:2),CTL,individual,7:42424134,7,42424134,4.209891e-10,SORBI_3007G111901,0.620564
TG(18:0_18:2_18:2),CTL,individual,7:42424138,7,42424138,4.209891e-10,SORBI_3007G111901,0.620564
TG(18:0_18:2_18:2),CTL,individual,6:32567791,6,32567791,4.579886e-10,SORBI_3006G047200,0.930248
TG(18:0_18:2_18:2),CTL,individual,6:32567791,6,32567791,4.579886e-10,SORBI_3006G047300,0.910795
TG(18:0_18:2_18:2),CTL,individual,6:32567791,6,32567791,4.579886e-10,SORBI_3006G047200,0.880471
TG(18:0_18:2_18:2),CTL,individual,6:32567791,6,32567791,4.579886e-10,SORBI_3006G047100,0.638122
TG(18:0_18:2_18:2),CTL,individual,6:35082999,6,35082999,5.044076e-10,SORBI_3006G048775,0.97142
TG(18:0_18:2_18:2),CTL,individual,6:35082999,6,35082999,5.044076e-10,SORBI_3006G048775,0.971408
TG(18:0_18:2_18:2),CTL,individual,6:35082999,6,35082999,5.044076e-10,SORBI_3006G048775,0.971402
TG(18:0_18:2_18:2),CTL,individual,6:35082999,6,35082999,5.044076e-10,SORBI_3006G048775,0.952995
TG(18:0_18:2_18:2),CTL,individual,6:35082999,6,35082999,5.044076e-10,SORBI_3006G048775,0.932681
TG(18:0_18:2_18:2),CTL,individual,6:35082999,6,35082999,5.044076e-10,SORBI_3006G048775,0.911662
TG(18:0_18:2_18:2),CTL,individual,8:45372717,8,45372717,5.269563e-10,SORBI_3008G096200,1
TG(18:0_18:2_18:2),CTL,individual,8:45372717,8,45372717,5.269563e-10,SORBI_3008G096300,1
TG(18:0_18:2_18:2),CTL,individual,8:45372717,8,45372717,5.269563e-10,SORBI_3008G096050,0.882693
TG(18:0_18:2_18:2),CTL,individual,8:45372717,8,45372717,5.269563e-10,SORBI_3008G096050,0.882605
TG(18:0_18:2_18:2),CTL,individual,8:45372717,8,45372717,5.269563e-10,SORBI_3008G096050,0.876296
TG(18:0_18:2_18:2),CTL,individual,8:45372717,8,45372717,5.269563e-10,SORBI_3008G096050,0.874905
TG(18:0_18:2_18:2),CTL,individual,8:45372717,8,45372717,5.269563e-10,SORBI_3008G096050,0.794059
TG(18:0_18:2_18:2),CTL,individual,8:45372717,8,45372717,5.269563e-10,SORBI_3008G096050,0.791313
TG(18:0_18:2_18:2),CTL,individual,8:45372717,8,45372717,5.269563e-10,SORBI_3008G096050,0.769755
TG(18:0_18:2_18:2),CTL,individual,8:45372717,8,45372717,5.269563e-10,SORBI_3008G096050,0.76278
TG(18:0_18:2_18:2),CTL,individual,8:45372717,8,45372717,5.269563e-10,SORBI_3008G096050,0.761639
TG(18:0_18:2_18:2),CTL,individual,8:45372717,8,45372717,5.269563e-10,SORBI_3008G096050,0.615542
TG(18:0_18:2_18:2),CTL,individual,6:36373483,6,36373483,5.270303e-10,SORBI_3006G049666,0.853319
TG(18:0_18:2_18:2),CTL,individual,5:43919021,5,43919021,5.727503e-10,SORBI_3005G114800,0.967674
TG(18:0_18:2_18:2),CTL,individual,5:43919021,5,43919021,5.727503e-10,SORBI_3005G114800,0.964174
TG(18:0_18:2_18:2),CTL,individual,5:43919021,5,43919021,5.727503e-10,SORBI_3005G114600,0.960702
TG(18:0_18:2_18:2),CTL,individual,5:43919021,5,43919021,5.727503e-10,SORBI_3005G114800,0.960702
TG(18:0_18:2_18:2),CTL,individual,5:43919021,5,43919021,5.727503e-10,SORBI_3005G114800,0.956938
TG(18:0_18:2_18:2),CTL,individual,5:43919021,5,43919021,5.727503e-10,SORBI_3005G114800,0.953844
TG(18:0_18:2_18:2),CTL,individual,5:43919021,5,43919021,5.727503e-10,SORBI_3005G114800,0.953466
TG(18:0_18:2_18:2),CTL,individual,5:43919021,5,43919021,5.727503e-10,SORBI_3005G114800,0.937227
TG(18:0_18:2_18:2),CTL,individual,5:43919021,5,43919021,5.727503e-10,SORBI_3005G114800,0.922267
TG(18:0_18:2_18:2),CTL,individual,5:43919021,5,43919021,5.727503e-10,SORBI_3005G114800,0.920936
TG(18:0_18:2_18:2),CTL,individual,5:43919021,5,43919021,5.727503e-10,SORBI_3005G114800,0.917486
TG(18:0_18:2_18:2),CTL,individual,5:43919021,5,43919021,5.727503e-10,SORBI_3005G114800,0.910707
TG(18:0_18:2_18:2),CTL,individual,5:43919021,5,43919021,5.727503e-10,SORBI_3005G114800,0.89429
TG(18:0_18:2_18:2),CTL,individual,5:43919021,5,43919021,5.727503e-10,SORBI_3005G114800,0.860691
TG(18:0_18:2_18:2),CTL,individual,5:43919021,5,43919021,5.727503e-10,SORBI_3005G114800,0.646971
TG(18:0_18:2_18:2),CTL,individual,5:43919021,5,43919021,5.727503e-10,SORBI_3005G114800,0.644381
TG(18:0_18:2_18:2),CTL,individual,5:43919021,5,43919021,5.727503e-10,SORBI_3005G114800,0.635068
TG(18:0_18:2_18:2),CTL,individual,5:43919021,5,43919021,5.727503e-10,SORBI_3005G114800,0.630428
TG(18:0_18:2_18:2),CTL,individual,5:43919021,5,43919021,5.727503e-10,SORBI_3005G114800,0.628311
TG(18:0_18:2_18:2),CTL,individual,7:42424203,7,42424203,5.88492e-10,SORBI_3007G111800,0.702765
TG(18:0_18:2_18:2),CTL,individual,7:42424203,7,42424203,5.88492e-10,SORBI_3007G111901,0.699906
TG(18:0_18:2_18:2),CTL,individual,7:42424203,7,42424203,5.88492e-10,SORBI_3007G111901,0.68822
TG(18:0_18:2_18:2),CTL,individual,7:42424203,7,42424203,5.88492e-10,SORBI_3007G111901,0.682267
TG(18:0_18:2_18:2),CTL,individual,7:42424203,7,42424203,5.88492e-10,SORBI_3007G112000,0.679712
TG(18:0_18:2_18:2),CTL,individual,7:42424203,7,42424203,5.88492e-10,SORBI_3007G111901,0.664967
TG(18:0_18:2_18:2),CTL,individual,8:45149867,8,45149867,6.23837e-10,SORBI_3008G095400,0.935278
TG(18:0_18:2_18:2),CTL,individual,8:45149867,8,45149867,6.23837e-10,SORBI_3008G095633,0.935278
TG(18:0_18:2_18:2),CTL,individual,8:45149867,8,45149867,6.23837e-10,SORBI_3008G095766,0.935278
TG(18:0_18:2_18:2),CTL,individual,8:45149867,8,45149867,6.23837e-10,SORBI_3008G095900,0.924851
TG(18:0_18:2_18:2),CTL,individual,8:45149867,8,45149867,6.23837e-10,SORBI_3008G095400,0.92413
TG(18:0_18:2_18:2),CTL,individual,8:45149867,8,45149867,6.23837e-10,SORBI_3008G095200,0.895124
TG(18:0_18:2_18:2),CTL,individual,8:45149867,8,45149867,6.23837e-10,SORBI_3008G096000,0.895124
TG(18:0_18:2_18:2),CTL,individual,8:45149867,8,45149867,6.23837e-10,SORBI_3008G095633,0.89217
TG(18:0_18:2_18:2),CTL,individual,8:45149867,8,45149867,6.23837e-10,SORBI_3008G095200,0.884121
TG(18:0_18:2_18:2),CTL,individual,8:45149867,8,45149867,6.23837e-10,SORBI_3008G095200,0.883203
TG(18:0_18:2_18:2),CTL,individual,8:45149867,8,45149867,6.23837e-10,SORBI_3008G096050,0.873338
TG(18:0_18:2_18:2),CTL,individual,8:45149867,8,45149867,6.23837e-10,SORBI_3008G095150,0.858059
TG(18:0_18:2_18:2),CTL,individual,8:45149867,8,45149867,6.23837e-10,SORBI_3008G095200,0.858059
TG(18:0_18:2_18:2),CTL,individual,8:45149867,8,45149867,6.23837e-10,SORBI_3008G095150,0.852129
TG(18:0_18:2_18:2),CTL,individual,8:45149867,8,45149867,6.23837e-10,SORBI_3008G095200,0.845517
TG(18:0_18:2_18:2),CTL,individual,8:45149867,8,45149867,6.23837e-10,SORBI_3008G095150,0.836469
TG(18:0_18:2_18:2),CTL,individual,8:45149867,8,45149867,6.23837e-10,SORBI_3008G095150,0.833106
TG(18:0_18:2_18:2),CTL,individual,8:45149867,8,45149867,6.23837e-10,SORBI_3008G095200,0.833106
TG(18:0_18:2_18:2),CTL,individual,8:45149867,8,45149867,6.23837e-10,SORBI_3008G095400,0.807386
TG(18:0_18:2_18:2),CTL,individual,8:45149867,8,45149867,6.23837e-10,SORBI_3008G095400,0.794673
TG(18:0_18:2_18:2),CTL,individual,8:45149867,8,45149867,6.23837e-10,SORBI_3008G095150,0.791871
TG(18:0_18:2_18:2),CTL,individual,8:45149867,8,45149867,6.23837e-10,SORBI_3008G095400,0.791871
TG(18:0_18:2_18:2),CTL,individual,8:45149867,8,45149867,6.23837e-10,SORBI_3008G095500,0.791871
TG(18:0_18:2_18:2),CTL,individual,8:45149867,8,45149867,6.23837e-10,SORBI_3008G095150,0.778443
TG(18:0_18:2_18:2),CTL,individual,8:45149867,8,45149867,6.23837e-10,SORBI_3008G095400,0.770662
TG(18:0_18:2_18:2),CTL,individual,8:45149867,8,45149867,6.23837e-10,SORBI_3008G096000,0.743155
TG(18:0_18:2_18:2),CTL,individual,8:45149867,8,45149867,6.23837e-10,SORBI_3008G095150,0.701
TG(18:0_18:2_18:2),CTL,individual,8:45149867,8,45149867,6.23837e-10,SORBI_3008G096050,0.684317
TG(18:0_18:2_18:2),CTL,individual,8:45149867,8,45149867,6.23837e-10,SORBI_3008G096050,0.66994
TG(18:0_18:2_18:2),CTL,individual,8:45149867,8,45149867,6.23837e-10,SORBI_3008G095633,0.65431
TG(18:0_18:2_18:2),CTL,individual,8:45149867,8,45149867,6.23837e-10,SORBI_3008G096050,0.647157
TG(18:0_18:2_18:2),CTL,individual,8:45149867,8,45149867,6.23837e-10,SORBI_3008G095766,0.639057
TG(18:0_18:2_18:2),CTL,individual,8:45149867,8,45149867,6.23837e-10,SORBI_3008G096050,0.637323
TG(18:0_18:2_18:2),CTL,individual,8:45149867,8,45149867,6.23837e-10,SORBI_3008G095200,0.636095
TG(18:0_18:2_18:2),CTL,individual,8:45149867,8,45149867,6.23837e-10,SORBI_3008G096050,0.629571
TG(18:0_18:2_18:2),CTL,individual,8:45149867,8,45149867,6.23837e-10,SORBI_3008G096050,0.627234
TG(18:0_18:2_18:2),CTL,individual,8:45149867,8,45149867,6.23837e-10,SORBI_3008G095200,0.619784
TG(18:0_18:2_18:2),CTL,individual,8:45149867,8,45149867,6.23837e-10,SORBI_3008G096050,0.617371
TG(18:0_18:2_18:2),CTL,individual,8:45149867,8,45149867,6.23837e-10,SORBI_3008G096050,0.603266
TG(18:0_18:2_18:2),CTL,individual,1:21407177,1,21407177,6.298777e-10,SORBI_3001G223300,0.926493
TG(18:0_18:2_18:2),CTL,individual,1:21407177,1,21407177,6.298777e-10,SORBI_3001G223200,0.886234
TG(18:0_18:2_18:2),CTL,individual,1:21407177,1,21407177,6.298777e-10,SORBI_3001G223300,0.849133
TG(18:0_18:2_18:2),CTL,individual,1:21407177,1,21407177,6.298777e-10,SORBI_3001G223550,0.847014
TG(18:0_18:2_18:2),CTL,individual,1:21407177,1,21407177,6.298777e-10,SORBI_3001G223550,0.841228
TG(18:0_18:2_18:2),CTL,individual,1:21407177,1,21407177,6.298777e-10,SORBI_3001G223550,0.841204
TG(18:0_18:2_18:2),CTL,individual,1:21407177,1,21407177,6.298777e-10,SORBI_3001G223550,0.84118
TG(18:0_18:2_18:2),CTL,individual,1:21407177,1,21407177,6.298777e-10,SORBI_3001G223200,0.796407
TG(18:0_18:2_18:2),CTL,individual,1:21407177,1,21407177,6.298777e-10,SORBI_3001G223200,0.759683
TG(18:0_18:2_18:2),CTL,individual,1:21407177,1,21407177,6.298777e-10,SORBI_3001G223300,0.755085
TG(18:0_18:2_18:2),CTL,individual,1:21407177,1,21407177,6.298777e-10,SORBI_3001G224000,0.679715
TG(18:0_18:2_18:2),CTL,individual,7:40232876,7,40232876,6.60314e-10,SORBI_3007G110400,0.957095
TG(18:0_18:2_18:2),CTL,individual,7:40232876,7,40232876,6.60314e-10,SORBI_3007G110700,0.957095
TG(18:0_18:2_18:2),CTL,individual,7:40232876,7,40232876,6.60314e-10,SORBI_3007G110700,0.951497
TG(18:0_18:2_18:2),CTL,individual,7:40232876,7,40232876,6.60314e-10,SORBI_3007G110700,0.923919
TG(18:0_18:2_18:2),CTL,individual,7:40232876,7,40232876,6.60314e-10,SORBI_3007G110400,0.917463
TG(18:0_18:2_18:2),CTL,individual,7:40232876,7,40232876,6.60314e-10,SORBI_3007G110700,0.916136
TG(18:0_18:2_18:2),CTL,individual,7:40232876,7,40232876,6.60314e-10,SORBI_3007G110700,0.908431
TG(18:0_18:2_18:2),CTL,individual,7:40232876,7,40232876,6.60314e-10,SORBI_3007G110500,0.901808
TG(18:0_18:2_18:2),CTL,individual,7:40232876,7,40232876,6.60314e-10,SORBI_3007G110500,0.887482
TG(18:0_18:2_18:2),CTL,individual,7:40232876,7,40232876,6.60314e-10,SORBI_3007G110500,0.830194
TG(18:0_18:2_18:2),CTL,individual,8:6659388,8,6659388,9.095334e-10,SORBI_3008G062700,0.813014
TG(18:0_18:2_18:2),CTL,individual,8:6659388,8,6659388,9.095334e-10,SORBI_3008G062400,0.770552
TG(18:0_18:2_18:2),CTL,individual,8:6659388,8,6659388,9.095334e-10,SORBI_3008G062500,0.703922
TG(18:0_18:2_18:2),CTL,individual,8:6659388,8,6659388,9.095334e-10,SORBI_3008G062300,0.600923
TG(18:0_18:2_18:2),CTL,individual,1:21405153,1,21405153,9.308711e-10,SORBI_3001G223300,0.847943
TG(18:0_18:2_18:2),CTL,individual,1:21405153,1,21405153,9.308711e-10,SORBI_3001G223200,0.810797
TG(18:0_18:2_18:2),CTL,individual,1:21405153,1,21405153,9.308711e-10,SORBI_3001G223300,0.776564
TG(18:0_18:2_18:2),CTL,individual,1:21405153,1,21405153,9.308711e-10,SORBI_3001G223200,0.749777
TG(18:0_18:2_18:2),CTL,individual,1:21405153,1,21405153,9.308711e-10,SORBI_3001G223550,0.738492
TG(18:0_18:2_18:2),CTL,individual,1:21405153,1,21405153,9.308711e-10,SORBI_3001G223550,0.738454
TG(18:0_18:2_18:2),CTL,individual,1:21405153,1,21405153,9.308711e-10,SORBI_3001G223550,0.738415
TG(18:0_18:2_18:2),CTL,individual,1:21405153,1,21405153,9.308711e-10,SORBI_3001G223200,0.724273
TG(18:0_18:2_18:2),CTL,individual,1:21405153,1,21405153,9.308711e-10,SORBI_3001G223550,0.7178
TG(18:0_18:2_18:2),CTL,individual,1:21405153,1,21405153,9.308711e-10,SORBI_3001G223300,0.615709
TG(18:0_18:2_18:2),CTL,individual,4:38207869,4,38207869,9.374914e-10,SORBI_3004G137900,0.980608
TG(18:0_18:2_18:2),CTL,individual,4:38207869,4,38207869,9.374914e-10,SORBI_3004G137601,0.976687
TG(18:0_18:2_18:2),CTL,individual,4:38207869,4,38207869,9.374914e-10,SORBI_3004G137900,0.968936
TG(18:0_18:2_18:2),CTL,individual,1:18822387,1,18822387,1.062795e-09,SORBI_3001G206100,1
TG(18:0_18:2_18:2),CTL,individual,1:18822387,1,18822387,1.062795e-09,SORBI_3001G206100,1
TG(18:0_18:2_18:2),CTL,individual,1:18822387,1,18822387,1.062795e-09,SORBI_3001G206100,0.976016
TG(18:0_18:2_18:2),CTL,individual,1:18822387,1,18822387,1.062795e-09,SORBI_3001G206100,0.952477
TG(18:0_18:2_18:2),CTL,individual,1:18822387,1,18822387,1.062795e-09,SORBI_3001G206100,0.835416
TG(18:0_18:2_18:2),CTL,individual,1:18822387,1,18822387,1.062795e-09,SORBI_3001G206100,0.81689
TG(18:0_18:2_18:2),CTL,individual,1:18822387,1,18822387,1.062795e-09,SORBI_3001G206100,0.755847
TG(18:0_18:2_18:2),CTL,individual,1:18822387,1,18822387,1.062795e-09,SORBI_3001G206100,0.749076
TG(18:0_18:2_18:2),CTL,individual,1:18822387,1,18822387,1.062795e-09,SORBI_3001G206100,0.730487
TG(18:0_18:2_18:2),CTL,individual,1:18822387,1,18822387,1.062795e-09,SORBI_3001G206100,0.725667
TG(18:0_18:2_18:2),CTL,individual,1:18822387,1,18822387,1.062795e-09,SORBI_3001G206100,0.724742
TG(18:0_18:2_18:2),CTL,individual,1:18822387,1,18822387,1.062795e-09,SORBI_3001G206100,0.72223
TG(18:0_18:2_18:2),CTL,individual,1:18822387,1,18822387,1.062795e-09,SORBI_3001G206100,0.707194
TG(18:0_18:2_18:2),CTL,individual,1:18822387,1,18822387,1.062795e-09,SORBI_3001G206100,0.707117
TG(18:0_18:2_18:2),CTL,individual,1:18822387,1,18822387,1.062795e-09,SORBI_3001G206100,0.697981
TG(18:0_18:2_18:2),CTL,individual,1:18822387,1,18822387,1.062795e-09,SORBI_3001G206100,0.695633
TG(18:0_18:2_18:2),CTL,individual,1:18822387,1,18822387,1.062795e-09,SORBI_3001G206100,0.688094
TG(18:0_18:2_18:2),CTL,individual,1:18822387,1,18822387,1.062795e-09,SORBI_3001G206100,0.675323
TG(18:0_18:2_18:2),CTL,individual,1:18822387,1,18822387,1.062795e-09,SORBI_3001G206100,0.661065
TG(18:0_18:2_18:2),CTL,individual,1:18822387,1,18822387,1.062795e-09,SORBI_3001G206100,0.661045
TG(18:0_18:2_18:2),CTL,individual,1:18822387,1,18822387,1.062795e-09,SORBI_3001G206100,0.657225
TG(18:0_18:2_18:2),CTL,individual,1:18822387,1,18822387,1.062795e-09,SORBI_3001G206100,0.652381
TG(18:0_18:2_18:2),CTL,individual,1:18822387,1,18822387,1.062795e-09,SORBI_3001G206100,0.648477
TG(18:0_18:2_18:2),CTL,individual,1:18822387,1,18822387,1.062795e-09,SORBI_3001G206100,0.646673
TG(18:0_18:2_18:2),CTL,individual,1:18822387,1,18822387,1.062795e-09,SORBI_3001G206100,0.620475
TG(18:0_18:2_18:2),CTL,individual,6:60848992,6,60848992,1.154214e-09,SORBI_3006G277900,1
TG(18:0_18:2_18:2),CTL,individual,6:60848992,6,60848992,1.154214e-09,SORBI_3006G277550,0.914689
TG(18:0_18:2_18:2),CTL,individual,6:60848992,6,60848992,1.154214e-09,SORBI_3006G279400,0.760975
TG(18:0_18:2_18:2),CTL,individual,6:60848992,6,60848992,1.154214e-09,SORBI_3006G276300,0.754075
TG(18:0_18:2_18:2),CTL,individual,6:60848992,6,60848992,1.154214e-09,SORBI_3006G276300,0.737705
TG(18:0_18:2_18:2),CTL,individual,6:60848992,6,60848992,1.154214e-09,SORBI_3006G279100,0.705055
TG(18:0_18:2_18:2),CTL,individual,6:60848992,6,60848992,1.154214e-09,SORBI_3006G278400,0.698386
TG(18:0_18:2_18:2),CTL,individual,6:60848992,6,60848992,1.154214e-09,SORBI_3006G277700,0.642698
TG(18:0_18:2_18:2),CTL,individual,6:60848992,6,60848992,1.154214e-09,SORBI_3006G278100,0.635264
TG(18:0_18:2_18:2),CTL,individual,6:60848992,6,60848992,1.154214e-09,SORBI_3006G277700,0.623005
TG(18:0_18:2_18:2),CTL,individual,6:60848992,6,60848992,1.154214e-09,SORBI_3006G278500,0.608993
TG(18:0_18:2_18:2),CTL,individual,6:60848992,6,60848992,1.154214e-09,SORBI_3006G278600,0.608993
TG(18:0_18:2_18:2),CTL,individual,6:60848992,6,60848992,1.154214e-09,SORBI_3006G277700,0.606763
TG(18:0_18:2_18:2),CTL,individual,6:60848992,6,60848992,1.154214e-09,SORBI_3006G279400,0.603665
TG(18:0_18:2_18:2),CTL,individual,7:21496244,7,21496244,1.194173e-09,SORBI_3007G099133,0.971854
TG(18:0_18:2_18:2),CTL,individual,7:21496244,7,21496244,1.194173e-09,SORBI_3007G099133,0.931273
TG(18:0_18:2_18:2),CTL,individual,7:21496244,7,21496244,1.194173e-09,SORBI_3007G099133,0.901968
TG(18:0_18:2_18:2),CTL,individual,7:21496244,7,21496244,1.194173e-09,SORBI_3007G099133,0.644402
TG(18:0_18:2_18:2),CTL,individual,6:29308143,6,29308143,1.28408e-09,SORBI_3006G042425,0.912203
TG(18:0_18:2_18:2),CTL,individual,6:29308143,6,29308143,1.28408e-09,SORBI_3006G042500,0.912203
TG(18:0_18:2_18:2),CTL,individual,6:29308143,6,29308143,1.28408e-09,SORBI_3006G042425,0.907669
TG(18:0_18:2_18:2),CTL,individual,6:29308143,6,29308143,1.28408e-09,SORBI_3006G042425,0.898642
TG(18:0_18:2_18:2),CTL,individual,6:29308143,6,29308143,1.28408e-09,SORBI_3006G042500,0.898642
TG(18:0_18:2_18:2),CTL,individual,6:29308143,6,29308143,1.28408e-09,SORBI_3006G042425,0.885252
TG(18:0_18:2_18:2),CTL,individual,6:29308143,6,29308143,1.28408e-09,SORBI_3006G042425,0.865013
TG(18:0_18:2_18:2),CTL,individual,6:29308143,6,29308143,1.28408e-09,SORBI_3006G042425,0.851458
TG(18:0_18:2_18:2),CTL,individual,6:29308143,6,29308143,1.28408e-09,SORBI_3006G042425,0.838075
TG(18:0_18:2_18:2),CTL,individual,6:29308143,6,29308143,1.28408e-09,SORBI_3006G042425,0.771485
TG(18:0_18:2_18:2),CTL,individual,6:29308143,6,29308143,1.28408e-09,SORBI_3006G042425,0.757926
TG(18:0_18:2_18:2),CTL,individual,1:21387305,1,21387305,1.285013e-09,SORBI_3001G223300,1
TG(18:0_18:2_18:2),CTL,individual,1:21410297,1,21410297,1.285013e-09,SORBI_3001G223300,1
TG(18:0_18:2_18:2),CTL,individual,1:21410297,1,21410297,1.285013e-09,SORBI_3001G223300,1
TG(18:0_18:2_18:2),CTL,individual,1:21387305,1,21387305,1.285013e-09,SORBI_3001G224000,0.835333
TG(18:0_18:2_18:2),CTL,individual,1:21410297,1,21410297,1.285013e-09,SORBI_3001G224000,0.835333
TG(18:0_18:2_18:2),CTL,individual,1:21387305,1,21387305,1.285013e-09,SORBI_3001G223300,0.820588
TG(18:0_18:2_18:2),CTL,individual,1:21410297,1,21410297,1.285013e-09,SORBI_3001G223300,0.820588
TG(18:0_18:2_18:2),CTL,individual,1:21387305,1,21387305,1.285013e-09,SORBI_3001G223200,0.784888
TG(18:0_18:2_18:2),CTL,individual,1:21410297,1,21410297,1.285013e-09,SORBI_3001G223200,0.784888
TG(18:0_18:2_18:2),CTL,individual,1:21387305,1,21387305,1.285013e-09,SORBI_3001G223300,0.751989
TG(18:0_18:2_18:2),CTL,individual,1:21410297,1,21410297,1.285013e-09,SORBI_3001G223300,0.751989
TG(18:0_18:2_18:2),CTL,individual,1:21387305,1,21387305,1.285013e-09,SORBI_3001G223550,0.720632
TG(18:0_18:2_18:2),CTL,individual,1:21410297,1,21410297,1.285013e-09,SORBI_3001G223550,0.720632
TG(18:0_18:2_18:2),CTL,individual,1:21387305,1,21387305,1.285013e-09,SORBI_3001G223550,0.720595
TG(18:0_18:2_18:2),CTL,individual,1:21410297,1,21410297,1.285013e-09,SORBI_3001G223550,0.720595
TG(18:0_18:2_18:2),CTL,individual,1:21387305,1,21387305,1.285013e-09,SORBI_3001G223550,0.720558
TG(18:0_18:2_18:2),CTL,individual,1:21410297,1,21410297,1.285013e-09,SORBI_3001G223550,0.720558
TG(18:0_18:2_18:2),CTL,individual,1:21387305,1,21387305,1.285013e-09,SORBI_3001G223200,0.703781
TG(18:0_18:2_18:2),CTL,individual,1:21410297,1,21410297,1.285013e-09,SORBI_3001G223200,0.703781
TG(18:0_18:2_18:2),CTL,individual,1:21387305,1,21387305,1.285013e-09,SORBI_3001G223550,0.702949
TG(18:0_18:2_18:2),CTL,individual,1:21410297,1,21410297,1.285013e-09,SORBI_3001G223550,0.702949
TG(18:0_18:2_18:2),CTL,individual,1:21387305,1,21387305,1.285013e-09,SORBI_3001G223200,0.668275
TG(18:0_18:2_18:2),CTL,individual,1:21410297,1,21410297,1.285013e-09,SORBI_3001G223200,0.668275
TG(18:0_18:2_18:2),CTL,individual,1:21387305,1,21387305,1.285013e-09,SORBI_3001G223200,0.636694
TG(18:0_18:2_18:2),CTL,individual,1:21410297,1,21410297,1.285013e-09,SORBI_3001G223200,0.636694
TG(18:0_18:2_18:2),CTL,individual,1:21387305,1,21387305,1.285013e-09,SORBI_3001G223100,0.600881
TG(18:0_18:2_18:2),CTL,individual,1:21410297,1,21410297,1.285013e-09,SORBI_3001G223100,0.600881
TG(18:0_18:2_18:2),CTL,individual,2:8255537,2,8255537,1.347801e-09,SORBI_3002G079500,1
TG(18:0_18:2_18:2),CTL,individual,2:8255537,2,8255537,1.347801e-09,SORBI_3002G079500,1
TG(18:0_18:2_18:2),CTL,individual,1:21345304,1,21345304,1.357913e-09,SORBI_3001G223300,0.716856
TG(18:0_18:2_18:2),CTL,individual,1:21345304,1,21345304,1.357913e-09,SORBI_3001G223200,0.69502
TG(18:0_18:2_18:2),CTL,individual,1:21345304,1,21345304,1.357913e-09,SORBI_3001G223200,0.685592
TG(18:0_18:2_18:2),CTL,individual,1:21345304,1,21345304,1.357913e-09,SORBI_3001G223300,0.666868
TG(18:0_18:2_18:2),CTL,individual,1:21345304,1,21345304,1.357913e-09,SORBI_3001G223200,0.627238
TG(18:0_18:2_18:2),CTL,individual,1:21345304,1,21345304,1.357913e-09,SORBI_3001G223200,0.625177
TG(18:0_18:2_18:2),CTL,individual,8:44917607,8,44917607,1.370771e-09,SORBI_3008G095100,0.956054
TG(18:0_18:2_18:2),CTL,individual,8:44917607,8,44917607,1.370771e-09,SORBI_3008G095150,0.956054
TG(18:0_18:2_18:2),CTL,individual,8:44917607,8,44917607,1.370771e-09,SORBI_3008G095200,0.956054
TG(18:0_18:2_18:2),CTL,individual,8:44917607,8,44917607,1.370771e-09,SORBI_3008G095150,0.947267
TG(18:0_18:2_18:2),CTL,individual,8:44917607,8,44917607,1.370771e-09,SORBI_3008G095150,0.943934
TG(18:0_18:2_18:2),CTL,individual,8:44917607,8,44917607,1.370771e-09,SORBI_3008G095200,0.943934
TG(18:0_18:2_18:2),CTL,individual,8:44917607,8,44917607,1.370771e-09,SORBI_3008G095150,0.935009
TG(18:0_18:2_18:2),CTL,individual,8:44917607,8,44917607,1.370771e-09,SORBI_3008G095150,0.931939
TG(18:0_18:2_18:2),CTL,individual,8:44917607,8,44917607,1.370771e-09,SORBI_3008G095200,0.893072
TG(18:0_18:2_18:2),CTL,individual,8:44917607,8,44917607,1.370771e-09,SORBI_3008G095200,0.87815
TG(18:0_18:2_18:2),CTL,individual,8:44917607,8,44917607,1.370771e-09,SORBI_3008G095150,0.84173
TG(18:0_18:2_18:2),CTL,individual,8:44917607,8,44917607,1.370771e-09,SORBI_3008G095200,0.730325
TG(18:0_18:2_18:2),CTL,individual,7:42424128,7,42424128,1.416397e-09,SORBI_3007G111800,0.670108
TG(18:0_18:2_18:2),CTL,individual,7:42424128,7,42424128,1.416397e-09,SORBI_3007G111901,0.656535
TG(18:0_18:2_18:2),CTL,individual,7:42424128,7,42424128,1.416397e-09,SORBI_3007G111901,0.650845
TG(18:0_18:2_18:2),CTL,individual,7:42424128,7,42424128,1.416397e-09,SORBI_3007G112000,0.648589
TG(18:0_18:2_18:2),CTL,individual,7:42424128,7,42424128,1.416397e-09,SORBI_3007G111901,0.639833
TG(18:0_18:2_18:2),CTL,individual,7:42424128,7,42424128,1.416397e-09,SORBI_3007G111901,0.634562
TG(18:0_18:2_18:2),CTL,individual,7:42553687,7,42553687,1.429566e-09,SORBI_3007G112200,0.624589
TG(18:0_18:2_18:2),CTL,individual,7:42553687,7,42553687,1.429566e-09,SORBI_3007G112200,0.621252
TG(18:0_18:2_18:2),CTL,individual,7:42553687,7,42553687,1.429566e-09,SORBI_3007G111800,0.616059
TG(18:0_18:2_18:2),CTL,individual,7:42553687,7,42553687,1.429566e-09,SORBI_3007G112100,0.616059
TG(18:0_18:2_18:2),CTL,individual,7:42553687,7,42553687,1.429566e-09,SORBI_3007G112200,0.616059
TG(18:0_18:2_18:2),CTL,individual,7:42553687,7,42553687,1.429566e-09,SORBI_3007G111800,0.611643
TG(18:0_18:2_18:2),CTL,individual,7:42553687,7,42553687,1.429566e-09,SORBI_3007G111901,0.611643
TG(18:0_18:2_18:2),CTL,individual,7:42553687,7,42553687,1.429566e-09,SORBI_3007G112200,0.611643
TG(18:0_18:2_18:2),CTL,individual,7:42553687,7,42553687,1.429566e-09,SORBI_3007G112000,0.610938
TG(18:0_18:2_18:2),CTL,individual,7:42553687,7,42553687,1.429566e-09,SORBI_3007G111800,0.606454
TG(18:0_18:2_18:2),CTL,individual,7:42553687,7,42553687,1.429566e-09,SORBI_3007G112200,0.606454
TG(18:0_18:2_18:2),CTL,individual,7:42553687,7,42553687,1.429566e-09,SORBI_3007G111901,0.602035
TG(18:0_18:2_18:2),CTL,individual,7:42553687,7,42553687,1.429566e-09,SORBI_3007G112200,0.602035
TG(18:0_18:2_18:2),CTL,individual,6:55953686,6,55953686,1.511303e-09,SORBI_3006G209850,1
TG(18:0_18:2_18:2),CTL,individual,6:55953686,6,55953686,1.511303e-09,SORBI_3006G209850,1
TG(18:0_18:2_18:2),CTL,individual,6:55953686,6,55953686,1.511303e-09,SORBI_3006G209500,0.948108
TG(18:0_18:2_18:2),CTL,individual,6:55953686,6,55953686,1.511303e-09,SORBI_3006G209850,0.948108
TG(18:0_18:2_18:2),CTL,individual,6:55953686,6,55953686,1.511303e-09,SORBI_3006G209850,0.945985
TG(18:0_18:2_18:2),CTL,individual,6:55953686,6,55953686,1.511303e-09,SORBI_3006G209500,0.943775
TG(18:0_18:2_18:2),CTL,individual,6:55953686,6,55953686,1.511303e-09,SORBI_3006G209850,0.943775
TG(18:0_18:2_18:2),CTL,individual,6:55953686,6,55953686,1.511303e-09,SORBI_3006G210000,0.943775
TG(18:0_18:2_18:2),CTL,individual,6:55953686,6,55953686,1.511303e-09,SORBI_3006G209500,0.939521
TG(18:0_18:2_18:2),CTL,individual,6:55953686,6,55953686,1.511303e-09,SORBI_3006G209600,0.933807
TG(18:0_18:2_18:2),CTL,individual,6:55953686,6,55953686,1.511303e-09,SORBI_3006G209850,0.933807
TG(18:0_18:2_18:2),CTL,individual,6:55953686,6,55953686,1.511303e-09,SORBI_3006G209850,0.928159
TG(18:0_18:2_18:2),CTL,individual,6:55953686,6,55953686,1.511303e-09,SORBI_3006G209600,0.92165
TG(18:0_18:2_18:2),CTL,individual,6:55953686,6,55953686,1.511303e-09,SORBI_3006G209700,0.92165
TG(18:0_18:2_18:2),CTL,individual,6:55953686,6,55953686,1.511303e-09,SORBI_3006G209850,0.915858
TG(18:0_18:2_18:2),CTL,individual,6:55953686,6,55953686,1.511303e-09,SORBI_3006G209400,0.889034
TG(18:0_18:2_18:2),CTL,individual,6:55953686,6,55953686,1.511303e-09,SORBI_3006G210200,0.886654
TG(18:0_18:2_18:2),CTL,individual,6:55953686,6,55953686,1.511303e-09,SORBI_3006G209400,0.88334
TG(18:0_18:2_18:2),CTL,individual,6:55953686,6,55953686,1.511303e-09,SORBI_3006G210000,0.882147
TG(18:0_18:2_18:2),CTL,individual,6:55953686,6,55953686,1.511303e-09,SORBI_3006G209850,0.877825
TG(18:0_18:2_18:2),CTL,individual,6:55953686,6,55953686,1.511303e-09,SORBI_3006G209850,0.874835
TG(18:0_18:2_18:2),CTL,individual,6:55953686,6,55953686,1.511303e-09,SORBI_3006G209850,0.866012
TG(18:0_18:2_18:2),CTL,individual,6:55953686,6,55953686,1.511303e-09,SORBI_3006G209850,0.853738
TG(18:0_18:2_18:2),CTL,individual,6:55953686,6,55953686,1.511303e-09,SORBI_3006G209300,0.851161
TG(18:0_18:2_18:2),CTL,individual,6:55953686,6,55953686,1.511303e-09,SORBI_3006G209850,0.848607
TG(18:0_18:2_18:2),CTL,individual,6:55953686,6,55953686,1.511303e-09,SORBI_3006G209850,0.844238
TG(18:0_18:2_18:2),CTL,individual,6:55953686,6,55953686,1.511303e-09,SORBI_3006G209850,0.833957
TG(18:0_18:2_18:2),CTL,individual,6:55953686,6,55953686,1.511303e-09,SORBI_3006G209850,0.828543
TG(18:0_18:2_18:2),CTL,individual,6:55953686,6,55953686,1.511303e-09,SORBI_3006G209850,0.821651
TG(18:0_18:2_18:2),CTL,individual,6:55953686,6,55953686,1.511303e-09,SORBI_3006G209850,0.803529
TG(18:0_18:2_18:2),CTL,individual,6:55953686,6,55953686,1.511303e-09,SORBI_3006G209850,0.794664
TG(18:0_18:2_18:2),CTL,individual,6:55953686,6,55953686,1.511303e-09,SORBI_3006G209200,0.777127
TG(18:0_18:2_18:2),CTL,individual,6:55953686,6,55953686,1.511303e-09,SORBI_3006G209850,0.769502
TG(18:0_18:2_18:2),CTL,individual,6:55953686,6,55953686,1.511303e-09,SORBI_3006G209300,0.715999
TG(18:0_18:2_18:2),CTL,individual,6:55953686,6,55953686,1.511303e-09,SORBI_3006G209300,0.698676
TG(18:0_18:2_18:2),CTL,individual,6:55953686,6,55953686,1.511303e-09,SORBI_3006G209300,0.681097
TG(18:0_18:2_18:2),CTL,individual,7:40155745,7,40155745,1.677765e-09,SORBI_3007G110333,0.957508
TG(18:0_18:2_18:2),CTL,individual,7:40155745,7,40155745,1.677765e-09,SORBI_3007G110400,0.950291
TG(18:0_18:2_18:2),CTL,individual,7:40155745,7,40155745,1.677765e-09,SORBI_3007G110700,0.896752
TG(18:0_18:2_18:2),CTL,individual,7:40155745,7,40155745,1.677765e-09,SORBI_3007G110700,0.870757
TG(18:0_18:2_18:2),CTL,individual,7:40155745,7,40155745,1.677765e-09,SORBI_3007G110500,0.87071
TG(18:0_18:2_18:2),CTL,individual,7:40155745,7,40155745,1.677765e-09,SORBI_3007G110700,0.845283
TG(18:0_18:2_18:2),CTL,individual,7:40155745,7,40155745,1.677765e-09,SORBI_3007G110700,0.841165
TG(18:0_18:2_18:2),CTL,individual,7:40155745,7,40155745,1.677765e-09,SORBI_3007G110400,0.839702
TG(18:0_18:2_18:2),CTL,individual,7:40155745,7,40155745,1.677765e-09,SORBI_3007G110500,0.83857
TG(18:0_18:2_18:2),CTL,individual,7:40155745,7,40155745,1.677765e-09,SORBI_3007G110700,0.836842
TG(18:0_18:2_18:2),CTL,individual,7:40155745,7,40155745,1.677765e-09,SORBI_3007G110500,0.773109
TG(18:0_18:2_18:2),CTL,individual,7:40155745,7,40155745,1.677765e-09,SORBI_3007G110333,0.653087
TG(18:0_18:2_18:2),CTL,individual,7:30699364,7,30699364,1.708126e-09,SORBI_3007G103400,0.659169
TG(18:0_18:2_18:2),CTL,individual,7:30699364,7,30699364,1.708126e-09,SORBI_3007G103400,0.650307
TG(18:0_18:2_18:2),CTL,individual,7:30699364,7,30699364,1.708126e-09,SORBI_3007G103400,0.628799
TG(18:0_18:2_18:2),CTL,individual,6:59481193,6,59481193,1.797089e-09,SORBI_3006G258900,1
TG(18:0_18:2_18:2),CTL,individual,6:59481193,6,59481193,1.797089e-09,SORBI_3006G258900,1
TG(18:0_18:2_18:2),CTL,individual,7:43964547,7,43964547,1.923703e-09,SORBI_3007G112900,0.951391
TG(18:0_18:2_18:2),CTL,individual,7:43964547,7,43964547,1.923703e-09,SORBI_3007G113200,0.951363
TG(18:0_18:2_18:2),CTL,individual,7:43964547,7,43964547,1.923703e-09,SORBI_3007G113101,0.92749
TG(18:0_18:2_18:2),CTL,individual,7:43964547,7,43964547,1.923703e-09,SORBI_3007G113101,0.874096
TG(18:0_18:2_18:2),CTL,individual,7:43964547,7,43964547,1.923703e-09,SORBI_3007G112900,0.811759
TG(18:0_18:2_18:2),CTL,individual,5:15953083,5,15953083,2.028054e-09,SORBI_3005G098250,0.844771
TG(18:0_18:2_18:2),CTL,individual,5:15953083,5,15953083,2.028054e-09,SORBI_3005G098250,0.794938
TG(18:0_18:2_18:2),CTL,individual,5:15953083,5,15953083,2.028054e-09,SORBI_3005G098250,0.776841
TG(18:0_18:2_18:2),CTL,individual,5:15953083,5,15953083,2.028054e-09,SORBI_3005G098250,0.76463
TG(18:0_18:2_18:2),CTL,individual,5:15953083,5,15953083,2.028054e-09,SORBI_3005G098250,0.763435
TG(18:0_18:2_18:2),CTL,individual,5:15953083,5,15953083,2.028054e-09,SORBI_3005G098250,0.720965
TG(18:0_18:2_18:2),CTL,individual,8:44950386,8,44950386,2.129573e-09,SORBI_3008G095150,1
TG(18:0_18:2_18:2),CTL,individual,8:44950386,8,44950386,2.129573e-09,SORBI_3008G095150,1
TG(18:0_18:2_18:2),CTL,individual,8:44950386,8,44950386,2.129573e-09,SORBI_3008G095150,0.929707
TG(18:0_18:2_18:2),CTL,individual,8:44950386,8,44950386,2.129573e-09,SORBI_3008G095150,0.923975
TG(18:0_18:2_18:2),CTL,individual,8:44950386,8,44950386,2.129573e-09,SORBI_3008G095100,0.918748
TG(18:0_18:2_18:2),CTL,individual,8:44950386,8,44950386,2.129573e-09,SORBI_3008G095150,0.918748
TG(18:0_18:2_18:2),CTL,individual,8:44950386,8,44950386,2.129573e-09,SORBI_3008G095200,0.918748
TG(18:0_18:2_18:2),CTL,individual,8:44950386,8,44950386,2.129573e-09,SORBI_3008G095150,0.915297
TG(18:0_18:2_18:2),CTL,individual,8:44950386,8,44950386,2.129573e-09,SORBI_3008G095150,0.910338
TG(18:0_18:2_18:2),CTL,individual,8:44950386,8,44950386,2.129573e-09,SORBI_3008G095200,0.909033
TG(18:0_18:2_18:2),CTL,individual,8:44950386,8,44950386,2.129573e-09,SORBI_3008G095200,0.903304
TG(18:0_18:2_18:2),CTL,individual,8:44950386,8,44950386,2.129573e-09,SORBI_3008G095200,0.887936
TG(18:0_18:2_18:2),CTL,individual,8:44950386,8,44950386,2.129573e-09,SORBI_3008G095150,0.88035
TG(18:0_18:2_18:2),CTL,individual,8:44950386,8,44950386,2.129573e-09,SORBI_3008G095200,0.716044
TG(18:0_18:2_18:2),CTL,individual,6:44889115,6,44889115,2.138908e-09,SORBI_3006G080300,1
TG(18:0_18:2_18:2),CTL,individual,6:44889115,6,44889115,2.138908e-09,SORBI_3006G080300,1
TG(18:0_18:2_18:2),CTL,individual,6:44889115,6,44889115,2.138908e-09,SORBI_3006G080300,0.813288
TG(18:0_18:2_18:2),CTL,individual,6:44889115,6,44889115,2.138908e-09,SORBI_3006G080300,0.787944
TG(18:0_18:2_18:2),CTL,individual,6:44889115,6,44889115,2.138908e-09,SORBI_3006G080300,0.78299
TG(18:0_18:2_18:2),CTL,individual,6:44889115,6,44889115,2.138908e-09,SORBI_3006G080300,0.776383
TG(18:0_18:2_18:2),CTL,individual,6:44889115,6,44889115,2.138908e-09,SORBI_3006G080300,0.767898
TG(18:0_18:2_18:2),CTL,individual,6:44889115,6,44889115,2.138908e-09,SORBI_3006G080300,0.759354
TG(18:0_18:2_18:2),CTL,individual,6:44889115,6,44889115,2.138908e-09,SORBI_3006G080300,0.757697
TG(18:0_18:2_18:2),CTL,individual,6:44889115,6,44889115,2.138908e-09,SORBI_3006G080300,0.755121
TG(18:0_18:2_18:2),CTL,individual,6:44889115,6,44889115,2.138908e-09,SORBI_3006G080300,0.750977
TG(18:0_18:2_18:2),CTL,individual,6:44889115,6,44889115,2.138908e-09,SORBI_3006G080300,0.749906
TG(18:0_18:2_18:2),CTL,individual,6:44889115,6,44889115,2.138908e-09,SORBI_3006G080300,0.746797
TG(18:0_18:2_18:2),CTL,individual,6:44889115,6,44889115,2.138908e-09,SORBI_3006G080300,0.7441
TG(18:0_18:2_18:2),CTL,individual,6:44889115,6,44889115,2.138908e-09,SORBI_3006G080300,0.737459
TG(18:0_18:2_18:2),CTL,individual,6:44889115,6,44889115,2.138908e-09,SORBI_3006G080300,0.736914
TG(18:0_18:2_18:2),CTL,individual,6:44889115,6,44889115,2.138908e-09,SORBI_3006G080300,0.736777
TG(18:0_18:2_18:2),CTL,individual,6:44889115,6,44889115,2.138908e-09,SORBI_3006G080300,0.736638
TG(18:0_18:2_18:2),CTL,individual,6:44889115,6,44889115,2.138908e-09,SORBI_3006G080300,0.732418
TG(18:0_18:2_18:2),CTL,individual,6:44889115,6,44889115,2.138908e-09,SORBI_3006G080300,0.723719
TG(18:0_18:2_18:2),CTL,individual,6:44889115,6,44889115,2.138908e-09,SORBI_3006G080300,0.719462
TG(18:0_18:2_18:2),CTL,individual,6:44889115,6,44889115,2.138908e-09,SORBI_3006G080300,0.713804
TG(18:0_18:2_18:2),CTL,individual,6:44889115,6,44889115,2.138908e-09,SORBI_3006G080300,0.710235
TG(18:0_18:2_18:2),CTL,individual,6:44889115,6,44889115,2.138908e-09,SORBI_3006G080300,0.702945
TG(18:0_18:2_18:2),CTL,individual,6:44889115,6,44889115,2.138908e-09,SORBI_3006G080300,0.702469
TG(18:0_18:2_18:2),CTL,individual,6:44889115,6,44889115,2.138908e-09,SORBI_3006G080300,0.701893
TG(18:0_18:2_18:2),CTL,individual,6:44889115,6,44889115,2.138908e-09,SORBI_3006G080300,0.699587
TG(18:0_18:2_18:2),CTL,individual,6:44889115,6,44889115,2.138908e-09,SORBI_3006G080300,0.689674
TG(18:0_18:2_18:2),CTL,individual,6:44889115,6,44889115,2.138908e-09,SORBI_3006G080300,0.687134
TG(18:0_18:2_18:2),CTL,individual,6:44889115,6,44889115,2.138908e-09,SORBI_3006G080300,0.671134
TG(18:0_18:2_18:2),CTL,individual,6:44889115,6,44889115,2.138908e-09,SORBI_3006G080300,0.659587
TG(18:0_18:2_18:2),CTL,individual,6:44889115,6,44889115,2.138908e-09,SORBI_3006G080300,0.647893
TG(18:0_18:2_18:2),CTL,individual,6:44889115,6,44889115,2.138908e-09,SORBI_3006G080300,0.640289
TG(18:0_18:2_18:2),CTL,individual,6:44889115,6,44889115,2.138908e-09,SORBI_3006G080300,0.63967
TG(18:0_18:2_18:2),CTL,individual,6:44889115,6,44889115,2.138908e-09,SORBI_3006G080300,0.635935
TG(18:0_18:2_18:2),CTL,individual,6:44889115,6,44889115,2.138908e-09,SORBI_3006G080300,0.629791
TG(18:0_18:2_18:2),CTL,individual,8:44961897,8,44961897,2.150424e-09,SORBI_3008G095200,1
TG(18:0_18:2_18:2),CTL,individual,8:44961897,8,44961897,2.150424e-09,SORBI_3008G095200,1
TG(18:0_18:2_18:2),CTL,individual,8:44961897,8,44961897,2.150424e-09,SORBI_3008G095150,0.971308
TG(18:0_18:2_18:2),CTL,individual,8:44961897,8,44961897,2.150424e-09,SORBI_3008G095200,0.951644
TG(18:0_18:2_18:2),CTL,individual,8:44961897,8,44961897,2.150424e-09,SORBI_3008G095100,0.936444
TG(18:0_18:2_18:2),CTL,individual,8:44961897,8,44961897,2.150424e-09,SORBI_3008G095150,0.936444
TG(18:0_18:2_18:2),CTL,individual,8:44961897,8,44961897,2.150424e-09,SORBI_3008G095200,0.936444
TG(18:0_18:2_18:2),CTL,individual,8:44961897,8,44961897,2.150424e-09,SORBI_3008G095150,0.927873
TG(18:0_18:2_18:2),CTL,individual,8:44961897,8,44961897,2.150424e-09,SORBI_3008G095150,0.924621
TG(18:0_18:2_18:2),CTL,individual,8:44961897,8,44961897,2.150424e-09,SORBI_3008G095200,0.924621
TG(18:0_18:2_18:2),CTL,individual,8:44961897,8,44961897,2.150424e-09,SORBI_3008G095150,0.915914
TG(18:0_18:2_18:2),CTL,individual,8:44961897,8,44961897,2.150424e-09,SORBI_3008G095150,0.909033
TG(18:0_18:2_18:2),CTL,individual,8:44961897,8,44961897,2.150424e-09,SORBI_3008G095150,0.845535
TG(18:0_18:2_18:2),CTL,individual,8:44961897,8,44961897,2.150424e-09,SORBI_3008G095200,0.716237
TG(18:0_18:2_18:2),CTL,individual,6:7329349,6,7329349,2.410102e-09,SORBI_3006G032800,0.960055
TG(18:0_18:2_18:2),CTL,individual,6:7329349,6,7329349,2.410102e-09,SORBI_3006G032700,0.954697
TG(18:0_18:2_18:2),CTL,individual,6:7329349,6,7329349,2.410102e-09,SORBI_3006G032800,0.954697
TG(18:0_18:2_18:2),CTL,individual,6:7329349,6,7329349,2.410102e-09,SORBI_3006G032600,0.929097
TG(18:0_18:2_18:2),CTL,individual,6:7329349,6,7329349,2.410102e-09,SORBI_3006G032800,0.726412
TG(18:0_18:2_18:2),CTL,individual,6:7329349,6,7329349,2.410102e-09,SORBI_3006G032600,0.726354
TG(18:0_18:2_18:2),CTL,individual,6:7329349,6,7329349,2.410102e-09,SORBI_3006G032800,0.71993
TG(18:0_18:2_18:2),CTL,individual,6:7329349,6,7329349,2.410102e-09,SORBI_3006G032800,0.715849
TG(18:0_18:2_18:2),CTL,individual,6:7329349,6,7329349,2.410102e-09,SORBI_3006G032400,0.708156
TG(18:0_18:2_18:2),CTL,individual,6:7329349,6,7329349,2.410102e-09,SORBI_3006G032400,0.702448
TG(18:0_18:2_18:2),CTL,individual,6:7329349,6,7329349,2.410102e-09,SORBI_3006G032500,0.702371
TG(18:0_18:2_18:2),CTL,individual,6:7329349,6,7329349,2.410102e-09,SORBI_3006G032400,0.702066
TG(18:0_18:2_18:2),CTL,individual,6:7329349,6,7329349,2.410102e-09,SORBI_3006G032400,0.699619
TG(18:0_18:2_18:2),CTL,individual,6:7329349,6,7329349,2.410102e-09,SORBI_3006G032400,0.690584
TG(18:0_18:2_18:2),CTL,individual,6:7329349,6,7329349,2.410102e-09,SORBI_3006G032400,0.672329
TG(18:0_18:2_18:2),CTL,individual,6:7329349,6,7329349,2.410102e-09,SORBI_3006G033001,0.657228
TG(18:0_18:2_18:2),CTL,individual,6:7329349,6,7329349,2.410102e-09,SORBI_3006G033001,0.6384
TG(18:0_18:2_18:2),CTL,individual,6:7329349,6,7329349,2.410102e-09,SORBI_3006G033001,0.63748
TG(18:0_18:2_18:2),CTL,individual,6:7329349,6,7329349,2.410102e-09,SORBI_3006G032900,0.630993
TG(18:0_18:2_18:2),CTL,individual,6:7329349,6,7329349,2.410102e-09,SORBI_3006G032400,0.626357
TG(18:0_18:2_18:2),CTL,individual,6:7329349,6,7329349,2.410102e-09,SORBI_3006G032900,0.625715
TG(18:0_18:2_18:2),CTL,individual,6:7329349,6,7329349,2.410102e-09,SORBI_3006G033001,0.625715
TG(18:0_18:2_18:2),CTL,individual,6:7329349,6,7329349,2.410102e-09,SORBI_3006G032400,0.62173
TG(18:0_18:2_18:2),CTL,individual,6:7329349,6,7329349,2.410102e-09,SORBI_3006G033001,0.618119
TG(18:0_18:2_18:2),CTL,individual,6:34896023,6,34896023,2.608117e-09,SORBI_3006G048775,0.981376
TG(18:0_18:2_18:2),CTL,individual,6:34896023,6,34896023,2.608117e-09,SORBI_3006G048775,0.981372
TG(18:0_18:2_18:2),CTL,individual,6:34896023,6,34896023,2.608117e-09,SORBI_3006G048775,0.981368
TG(18:0_18:2_18:2),CTL,individual,6:34896023,6,34896023,2.608117e-09,SORBI_3006G048775,0.962558
TG(18:0_18:2_18:2),CTL,individual,6:34896023,6,34896023,2.608117e-09,SORBI_3006G048775,0.945818
TG(18:0_18:2_18:2),CTL,individual,6:34896023,6,34896023,2.608117e-09,SORBI_3006G048775,0.928538
TG(18:0_18:2_18:2),CTL,individual,8:45380529,8,45380529,2.60869e-09,SORBI_3008G096200,1
TG(18:0_18:2_18:2),CTL,individual,8:45380529,8,45380529,2.60869e-09,SORBI_3008G096300,1
TG(18:0_18:2_18:2),CTL,individual,8:45380529,8,45380529,2.60869e-09,SORBI_3008G096050,0.860576
TG(18:0_18:2_18:2),CTL,individual,8:45380529,8,45380529,2.60869e-09,SORBI_3008G096050,0.848268
TG(18:0_18:2_18:2),CTL,individual,8:45380529,8,45380529,2.60869e-09,SORBI_3008G096050,0.848161
TG(18:0_18:2_18:2),CTL,individual,8:45380529,8,45380529,2.60869e-09,SORBI_3008G096050,0.842133
TG(18:0_18:2_18:2),CTL,individual,8:45380529,8,45380529,2.60869e-09,SORBI_3008G096050,0.749652
TG(18:0_18:2_18:2),CTL,individual,8:45380529,8,45380529,2.60869e-09,SORBI_3008G096050,0.748267
TG(18:0_18:2_18:2),CTL,individual,8:45380529,8,45380529,2.60869e-09,SORBI_3008G096050,0.741765
TG(18:0_18:2_18:2),CTL,individual,8:45380529,8,45380529,2.60869e-09,SORBI_3008G096050,0.739944
TG(18:0_18:2_18:2),CTL,individual,8:45380529,8,45380529,2.60869e-09,SORBI_3008G096050,0.701498
TG(18:0_18:2_18:2),CTL,individual,1:21379555,1,21379555,2.91072e-09,SORBI_3001G223300,0.849424
TG(18:0_18:2_18:2),CTL,individual,1:21379555,1,21379555,2.91072e-09,SORBI_3001G223200,0.815067
TG(18:0_18:2_18:2),CTL,individual,1:21379555,1,21379555,2.91072e-09,SORBI_3001G223200,0.786621
TG(18:0_18:2_18:2),CTL,individual,1:21379555,1,21379555,2.91072e-09,SORBI_3001G223300,0.783996
TG(18:0_18:2_18:2),CTL,individual,1:21379555,1,21379555,2.91072e-09,SORBI_3001G223200,0.755469
TG(18:0_18:2_18:2),CTL,individual,1:21379555,1,21379555,2.91072e-09,SORBI_3001G223200,0.738919
TG(18:0_18:2_18:2),CTL,individual,1:21379555,1,21379555,2.91072e-09,SORBI_3001G224000,0.708185
TG(18:0_18:2_18:2),CTL,individual,1:21379555,1,21379555,2.91072e-09,SORBI_3001G223100,0.701246
TG(18:0_18:2_18:2),CTL,individual,1:21379555,1,21379555,2.91072e-09,SORBI_3001G223300,0.694192
TG(18:0_18:2_18:2),CTL,individual,1:21379555,1,21379555,2.91072e-09,SORBI_3001G223100,0.669
TG(18:0_18:2_18:2),CTL,individual,1:21379555,1,21379555,2.91072e-09,SORBI_3001G223100,0.668841
TG(18:0_18:2_18:2),CTL,individual,1:21379555,1,21379555,2.91072e-09,SORBI_3001G223550,0.608933
TG(18:0_18:2_18:2),CTL,individual,1:21379555,1,21379555,2.91072e-09,SORBI_3001G223550,0.608879
TG(18:0_18:2_18:2),CTL,individual,1:21379555,1,21379555,2.91072e-09,SORBI_3001G223550,0.608823
TG(18:0_18:2_18:2),CTL,individual,9:26950638,9,26950638,2.939959e-09,SORBI_3009G095560,0.961213
TG(18:0_18:2_18:2),CTL,individual,9:26950638,9,26950638,2.939959e-09,SORBI_3009G095480,0.751741
TG(18:0_18:2_18:2),CTL,individual,7:14179480,7,14179480,3.033456e-09,SORBI_3007G090600,0.70415
TG(18:0_18:2_18:2),CTL,individual,7:14179480,7,14179480,3.033456e-09,SORBI_3007G090537,0.661433
TG(18:0_18:2_18:2),CTL,individual,7:14179480,7,14179480,3.033456e-09,SORBI_3007G090537,0.655497
TG(18:0_18:2_18:2),CTL,individual,7:14179480,7,14179480,3.033456e-09,SORBI_3007G090701,0.638528
TG(18:0_18:2_18:2),CTL,individual,7:14179480,7,14179480,3.033456e-09,SORBI_3007G090701,0.630227
TG(18:0_18:2_18:2),CTL,individual,7:14179480,7,14179480,3.033456e-09,SORBI_3007G090701,0.625813
TG(18:0_18:2_18:2),CTL,individual,7:14179480,7,14179480,3.033456e-09,SORBI_3007G090600,0.611368
TG(18:0_18:2_18:2),CTL,individual,7:13239852,7,13239852,3.180444e-09,SORBI_3007G090415,0.953406
TG(18:0_18:2_18:2),CTL,individual,7:13239852,7,13239852,3.180444e-09,SORBI_3007G090421,0.953406
TG(18:0_18:2_18:2),CTL,individual,7:13239852,7,13239852,3.180444e-09,SORBI_3007G090424,0.953406
TG(18:0_18:2_18:2),CTL,individual,7:13239852,7,13239852,3.180444e-09,SORBI_3007G090412,0.953393
TG(18:0_18:2_18:2),CTL,individual,7:13239852,7,13239852,3.180444e-09,SORBI_3007G090421,0.942717
TG(18:0_18:2_18:2),CTL,individual,7:13239852,7,13239852,3.180444e-09,SORBI_3007G090418,0.937557
TG(18:0_18:2_18:2),CTL,individual,7:13239852,7,13239852,3.180444e-09,SORBI_3007G090403,0.935766
TG(18:0_18:2_18:2),CTL,individual,7:13239852,7,13239852,3.180444e-09,SORBI_3007G090415,0.935766
TG(18:0_18:2_18:2),CTL,individual,7:13239852,7,13239852,3.180444e-09,SORBI_3007G090421,0.935766
TG(18:0_18:2_18:2),CTL,individual,7:13239852,7,13239852,3.180444e-09,SORBI_3007G090424,0.935766
TG(18:0_18:2_18:2),CTL,individual,7:13239852,7,13239852,3.180444e-09,SORBI_3007G090412,0.935749
TG(18:0_18:2_18:2),CTL,individual,7:13239852,7,13239852,3.180444e-09,SORBI_3007G090418,0.932528
TG(18:0_18:2_18:2),CTL,individual,7:13239852,7,13239852,3.180444e-09,SORBI_3007G090418,0.932492
TG(18:0_18:2_18:2),CTL,individual,7:13239852,7,13239852,3.180444e-09,SORBI_3007G090403,0.930492
TG(18:0_18:2_18:2),CTL,individual,7:13239852,7,13239852,3.180444e-09,SORBI_3007G090418,0.930492
TG(18:0_18:2_18:2),CTL,individual,7:13239852,7,13239852,3.180444e-09,SORBI_3007G090421,0.930492
TG(18:0_18:2_18:2),CTL,individual,7:13239852,7,13239852,3.180444e-09,SORBI_3007G090412,0.930473
TG(18:0_18:2_18:2),CTL,individual,7:13239852,7,13239852,3.180444e-09,SORBI_3007G090415,0.928985
TG(18:0_18:2_18:2),CTL,individual,7:13239852,7,13239852,3.180444e-09,SORBI_3007G090421,0.928985
TG(18:0_18:2_18:2),CTL,individual,7:13239852,7,13239852,3.180444e-09,SORBI_3007G090421,0.928916
TG(18:0_18:2_18:2),CTL,individual,7:13239852,7,13239852,3.180444e-09,SORBI_3007G090424,0.928916
TG(18:0_18:2_18:2),CTL,individual,7:13239852,7,13239852,3.180444e-09,SORBI_3007G090412,0.928897
TG(18:0_18:2_18:2),CTL,individual,7:13239852,7,13239852,3.180444e-09,SORBI_3007G090418,0.927639
TG(18:0_18:2_18:2),CTL,individual,7:13239852,7,13239852,3.180444e-09,SORBI_3007G090415,0.926945
TG(18:0_18:2_18:2),CTL,individual,7:13239852,7,13239852,3.180444e-09,SORBI_3007G090421,0.926945
TG(18:0_18:2_18:2),CTL,individual,7:13239852,7,13239852,3.180444e-09,SORBI_3007G090424,0.926945
TG(18:0_18:2_18:2),CTL,individual,7:13239852,7,13239852,3.180444e-09,SORBI_3007G090418,0.926906
TG(18:0_18:2_18:2),CTL,individual,7:13239852,7,13239852,3.180444e-09,SORBI_3007G090418,0.926886
TG(18:0_18:2_18:2),CTL,individual,7:13239852,7,13239852,3.180444e-09,SORBI_3007G090424,0.9264
TG(18:0_18:2_18:2),CTL,individual,7:13239852,7,13239852,3.180444e-09,SORBI_3007G090403,0.925345
TG(18:0_18:2_18:2),CTL,individual,7:13239852,7,13239852,3.180444e-09,SORBI_3007G090418,0.925345
TG(18:0_18:2_18:2),CTL,individual,7:13239852,7,13239852,3.180444e-09,SORBI_3007G090421,0.925345
TG(18:0_18:2_18:2),CTL,individual,7:13239852,7,13239852,3.180444e-09,SORBI_3007G090403,0.923531
TG(18:0_18:2_18:2),CTL,individual,7:13239852,7,13239852,3.180444e-09,SORBI_3007G090415,0.923531
TG(18:0_18:2_18:2),CTL,individual,7:13239852,7,13239852,3.180444e-09,SORBI_3007G090421,0.923531
TG(18:0_18:2_18:2),CTL,individual,7:13239852,7,13239852,3.180444e-09,SORBI_3007G090424,0.923531
TG(18:0_18:2_18:2),CTL,individual,7:13239852,7,13239852,3.180444e-09,SORBI_3007G090418,0.92349
TG(18:0_18:2_18:2),CTL,individual,7:13239852,7,13239852,3.180444e-09,SORBI_3007G090415,0.922165
TG(18:0_18:2_18:2),CTL,individual,7:13239852,7,13239852,3.180444e-09,SORBI_3007G090421,0.922165
TG(18:0_18:2_18:2),CTL,individual,7:13239852,7,13239852,3.180444e-09,SORBI_3007G090424,0.922165
TG(18:0_18:2_18:2),CTL,individual,7:13239852,7,13239852,3.180444e-09,SORBI_3007G090403,0.920331
TG(18:0_18:2_18:2),CTL,individual,7:13239852,7,13239852,3.180444e-09,SORBI_3007G090421,0.920331
TG(18:0_18:2_18:2),CTL,individual,7:13239852,7,13239852,3.180444e-09,SORBI_3007G090424,0.920331
TG(18:0_18:2_18:2),CTL,individual,7:13239852,7,13239852,3.180444e-09,SORBI_3007G090418,0.920267
TG(18:0_18:2_18:2),CTL,individual,7:13239852,7,13239852,3.180444e-09,SORBI_3007G090403,0.918269
TG(18:0_18:2_18:2),CTL,individual,7:13239852,7,13239852,3.180444e-09,SORBI_3007G090415,0.918269
TG(18:0_18:2_18:2),CTL,individual,7:13239852,7,13239852,3.180444e-09,SORBI_3007G090418,0.918269
TG(18:0_18:2_18:2),CTL,individual,7:13239852,7,13239852,3.180444e-09,SORBI_3007G090421,0.918269
TG(18:0_18:2_18:2),CTL,individual,7:13239852,7,13239852,3.180444e-09,SORBI_3007G090418,0.918203
TG(18:0_18:2_18:2),CTL,individual,7:13239852,7,13239852,3.180444e-09,SORBI_3007G090421,0.916673
TG(18:0_18:2_18:2),CTL,individual,7:13239852,7,13239852,3.180444e-09,SORBI_3007G090424,0.916673
TG(18:0_18:2_18:2),CTL,individual,7:13239852,7,13239852,3.180444e-09,SORBI_3007G090421,0.91551
TG(18:0_18:2_18:2),CTL,individual,7:13239852,7,13239852,3.180444e-09,SORBI_3007G090403,0.915459
TG(18:0_18:2_18:2),CTL,individual,7:13239852,7,13239852,3.180444e-09,SORBI_3007G090403,0.913135
TG(18:0_18:2_18:2),CTL,individual,7:13239852,7,13239852,3.180444e-09,SORBI_3007G090421,0.913135
TG(18:0_18:2_18:2),CTL,individual,7:13239852,7,13239852,3.180444e-09,SORBI_3007G090418,0.913088
TG(18:0_18:2_18:2),CTL,individual,7:13239852,7,13239852,3.180444e-09,SORBI_3007G090421,0.911298
TG(18:0_18:2_18:2),CTL,individual,7:13239852,7,13239852,3.180444e-09,SORBI_3007G090421,0.910738
TG(18:0_18:2_18:2),CTL,individual,7:13239852,7,13239852,3.180444e-09,SORBI_3007G090418,0.909581
TG(18:0_18:2_18:2),CTL,individual,7:13239852,7,13239852,3.180444e-09,SORBI_3007G090424,0.908949
TG(18:0_18:2_18:2),CTL,individual,7:13239852,7,13239852,3.180444e-09,SORBI_3007G090403,0.908137
TG(18:0_18:2_18:2),CTL,individual,7:13239852,7,13239852,3.180444e-09,SORBI_3007G090418,0.906612
TG(18:0_18:2_18:2),CTL,individual,7:13239852,7,13239852,3.180444e-09,SORBI_3007G090421,0.906462
TG(18:0_18:2_18:2),CTL,individual,7:13239852,7,13239852,3.180444e-09,SORBI_3007G090418,0.905996
TG(18:0_18:2_18:2),CTL,individual,7:13239852,7,13239852,3.180444e-09,SORBI_3007G090421,0.904705
TG(18:0_18:2_18:2),CTL,individual,7:13239852,7,13239852,3.180444e-09,SORBI_3007G090424,0.904705
TG(18:0_18:2_18:2),CTL,individual,7:13239852,7,13239852,3.180444e-09,SORBI_3007G090403,0.903283
TG(18:0_18:2_18:2),CTL,individual,7:13239852,7,13239852,3.180444e-09,SORBI_3007G090415,0.902474
TG(18:0_18:2_18:2),CTL,individual,7:13239852,7,13239852,3.180444e-09,SORBI_3007G090415,0.902409
TG(18:0_18:2_18:2),CTL,individual,7:13239852,7,13239852,3.180444e-09,SORBI_3007G090418,0.902051
TG(18:0_18:2_18:2),CTL,individual,7:13239852,7,13239852,3.180444e-09,SORBI_3007G090403,0.901784
TG(18:0_18:2_18:2),CTL,individual,7:13239852,7,13239852,3.180444e-09,SORBI_3007G090415,0.901775
TG(18:0_18:2_18:2),CTL,individual,7:13239852,7,13239852,3.180444e-09,SORBI_3007G090421,0.901775
TG(18:0_18:2_18:2),CTL,individual,7:13239852,7,13239852,3.180444e-09,SORBI_3007G090424,0.901775
TG(18:0_18:2_18:2),CTL,individual,7:13239852,7,13239852,3.180444e-09,SORBI_3007G090403,0.901748
TG(18:0_18:2_18:2),CTL,individual,7:13239852,7,13239852,3.180444e-09,SORBI_3007G090418,0.901722
TG(18:0_18:2_18:2),CTL,individual,7:13239852,7,13239852,3.180444e-09,SORBI_3007G090403,0.897688
TG(18:0_18:2_18:2),CTL,individual,7:13239852,7,13239852,3.180444e-09,SORBI_3007G090418,0.891553
TG(18:0_18:2_18:2),CTL,individual,7:13239852,7,13239852,3.180444e-09,SORBI_3007G090421,0.888881
TG(18:0_18:2_18:2),CTL,individual,7:13239852,7,13239852,3.180444e-09,SORBI_3007G090424,0.888881
TG(18:0_18:2_18:2),CTL,individual,7:13239852,7,13239852,3.180444e-09,SORBI_3007G090424,0.881683
TG(18:0_18:2_18:2),CTL,individual,7:13239852,7,13239852,3.180444e-09,SORBI_3007G090415,0.878141
TG(18:0_18:2_18:2),CTL,individual,7:13239852,7,13239852,3.180444e-09,SORBI_3007G090421,0.878141
TG(18:0_18:2_18:2),CTL,individual,7:13239852,7,13239852,3.180444e-09,SORBI_3007G090415,0.877803
TG(18:0_18:2_18:2),CTL,individual,7:13239852,7,13239852,3.180444e-09,SORBI_3007G090415,0.877744
TG(18:0_18:2_18:2),CTL,individual,7:13239852,7,13239852,3.180444e-09,SORBI_3007G090424,0.877288
TG(18:0_18:2_18:2),CTL,individual,7:13239852,7,13239852,3.180444e-09,SORBI_3007G090418,0.877222
TG(18:0_18:2_18:2),CTL,individual,7:13239852,7,13239852,3.180444e-09,SORBI_3007G090424,0.871036
TG(18:0_18:2_18:2),CTL,individual,7:13239852,7,13239852,3.180444e-09,SORBI_3007G090421,0.87064
TG(18:0_18:2_18:2),CTL,individual,7:13239852,7,13239852,3.180444e-09,SORBI_3007G090418,0.861754
TG(18:0_18:2_18:2),CTL,individual,7:13239852,7,13239852,3.180444e-09,SORBI_3007G090415,0.860556
TG(18:0_18:2_18:2),CTL,individual,7:13239852,7,13239852,3.180444e-09,SORBI_3007G090418,0.858016
TG(18:0_18:2_18:2),CTL,individual,7:13239852,7,13239852,3.180444e-09,SORBI_3007G090424,0.856566
TG(18:0_18:2_18:2),CTL,individual,7:13239852,7,13239852,3.180444e-09,SORBI_3007G090424,0.854946
TG(18:0_18:2_18:2),CTL,individual,7:13239852,7,13239852,3.180444e-09,SORBI_3007G090415,0.853946
TG(18:0_18:2_18:2),CTL,individual,7:13239852,7,13239852,3.180444e-09,SORBI_3007G090424,0.853331
TG(18:0_18:2_18:2),CTL,individual,7:13239852,7,13239852,3.180444e-09,SORBI_3007G090415,0.852939
TG(18:0_18:2_18:2),CTL,individual,7:13239852,7,13239852,3.180444e-09,SORBI_3007G090421,0.850459
TG(18:0_18:2_18:2),CTL,individual,7:13239852,7,13239852,3.180444e-09,SORBI_3007G090415,0.848597
TG(18:0_18:2_18:2),CTL,individual,7:13239852,7,13239852,3.180444e-09,SORBI_3007G090421,0.842215
TG(18:0_18:2_18:2),CTL,individual,7:13239852,7,13239852,3.180444e-09,SORBI_3007G090403,0.842061
TG(18:0_18:2_18:2),CTL,individual,7:13239852,7,13239852,3.180444e-09,SORBI_3007G090421,0.841624
TG(18:0_18:2_18:2),CTL,individual,7:13239852,7,13239852,3.180444e-09,SORBI_3007G090421,0.840965
TG(18:0_18:2_18:2),CTL,individual,7:13239852,7,13239852,3.180444e-09,SORBI_3007G090421,0.834624
TG(18:0_18:2_18:2),CTL,individual,7:13239852,7,13239852,3.180444e-09,SORBI_3007G090403,0.834305
TG(18:0_18:2_18:2),CTL,individual,7:13239852,7,13239852,3.180444e-09,SORBI_3007G090403,0.834113
TG(18:0_18:2_18:2),CTL,individual,7:13239852,7,13239852,3.180444e-09,SORBI_3007G090403,0.833984
TG(18:0_18:2_18:2),CTL,individual,7:13239852,7,13239852,3.180444e-09,SORBI_3007G090421,0.831028
TG(18:0_18:2_18:2),CTL,individual,7:13239852,7,13239852,3.180444e-09,SORBI_3007G090403,0.830772
TG(18:0_18:2_18:2),CTL,individual,7:13239852,7,13239852,3.180444e-09,SORBI_3007G090421,0.830514
TG(18:0_18:2_18:2),CTL,individual,7:13239852,7,13239852,3.180444e-09,SORBI_3007G090421,0.830003
TG(18:0_18:2_18:2),CTL,individual,7:13239852,7,13239852,3.180444e-09,SORBI_3007G090421,0.82888
TG(18:0_18:2_18:2),CTL,individual,7:13239852,7,13239852,3.180444e-09,SORBI_3007G090415,0.828082
TG(18:0_18:2_18:2),CTL,individual,7:13239852,7,13239852,3.180444e-09,SORBI_3007G090415,0.826789
TG(18:0_18:2_18:2),CTL,individual,7:13239852,7,13239852,3.180444e-09,SORBI_3007G090421,0.826354
TG(18:0_18:2_18:2),CTL,individual,7:13239852,7,13239852,3.180444e-09,SORBI_3007G090403,0.820486
TG(18:0_18:2_18:2),CTL,individual,7:13239852,7,13239852,3.180444e-09,SORBI_3007G090421,0.816321
TG(18:0_18:2_18:2),CTL,individual,7:13239852,7,13239852,3.180444e-09,SORBI_3007G090403,0.810331
TG(18:0_18:2_18:2),CTL,individual,7:13239852,7,13239852,3.180444e-09,SORBI_3007G090418,0.810219
TG(18:0_18:2_18:2),CTL,individual,7:13239852,7,13239852,3.180444e-09,SORBI_3007G090421,0.808527
TG(18:0_18:2_18:2),CTL,individual,7:13239852,7,13239852,3.180444e-09,SORBI_3007G090421,0.806966
TG(18:0_18:2_18:2),CTL,individual,7:13239852,7,13239852,3.180444e-09,SORBI_3007G090415,0.805966
TG(18:0_18:2_18:2),CTL,individual,7:13239852,7,13239852,3.180444e-09,SORBI_3007G090418,0.804554
TG(18:0_18:2_18:2),CTL,individual,7:13239852,7,13239852,3.180444e-09,SORBI_3007G090421,0.802891
TG(18:0_18:2_18:2),CTL,individual,7:13239852,7,13239852,3.180444e-09,SORBI_3007G090418,0.799001
TG(18:0_18:2_18:2),CTL,individual,7:13239852,7,13239852,3.180444e-09,SORBI_3007G090421,0.794987
TG(18:0_18:2_18:2),CTL,individual,7:13239852,7,13239852,3.180444e-09,SORBI_3007G090418,0.786604
TG(18:0_18:2_18:2),CTL,individual,7:13239852,7,13239852,3.180444e-09,SORBI_3007G090421,0.784958
TG(18:0_18:2_18:2),CTL,individual,7:13239852,7,13239852,3.180444e-09,SORBI_3007G090418,0.782939
TG(18:0_18:2_18:2),CTL,individual,7:13239852,7,13239852,3.180444e-09,SORBI_3007G090418,0.782179
TG(18:0_18:2_18:2),CTL,individual,7:13239852,7,13239852,3.180444e-09,SORBI_3007G090418,0.781903
TG(18:0_18:2_18:2),CTL,individual,7:13239852,7,13239852,3.180444e-09,SORBI_3007G090421,0.781891
TG(18:0_18:2_18:2),CTL,individual,7:13239852,7,13239852,3.180444e-09,SORBI_3007G090421,0.77556
TG(18:0_18:2_18:2),CTL,individual,7:13239852,7,13239852,3.180444e-09,SORBI_3007G090421,0.770853
TG(18:0_18:2_18:2),CTL,individual,7:13239852,7,13239852,3.180444e-09,SORBI_3007G090421,0.768524
TG(18:0_18:2_18:2),CTL,individual,7:13239852,7,13239852,3.180444e-09,SORBI_3007G090421,0.763854
TG(18:0_18:2_18:2),CTL,individual,7:13239852,7,13239852,3.180444e-09,SORBI_3007G090421,0.753212
TG(18:0_18:2_18:2),CTL,individual,7:13239852,7,13239852,3.180444e-09,SORBI_3007G090421,0.740455
TG(18:0_18:2_18:2),CTL,individual,7:13239852,7,13239852,3.180444e-09,SORBI_3007G090418,0.740281
TG(18:0_18:2_18:2),CTL,individual,7:13239852,7,13239852,3.180444e-09,SORBI_3007G090421,0.739682
TG(18:0_18:2_18:2),CTL,individual,7:13239852,7,13239852,3.180444e-09,SORBI_3007G090415,0.733113
TG(18:0_18:2_18:2),CTL,individual,7:13239852,7,13239852,3.180444e-09,SORBI_3007G090421,0.698184
TG(18:0_18:2_18:2),CTL,individual,7:13239852,7,13239852,3.180444e-09,SORBI_3007G090415,0.682478
TG(18:0_18:2_18:2),CTL,individual,7:13239852,7,13239852,3.180444e-09,SORBI_3007G090418,0.665506
TG(18:0_18:2_18:2),CTL,individual,7:13239852,7,13239852,3.180444e-09,SORBI_3007G090421,0.628106
TG(18:0_18:2_18:2),CTL,individual,6:20488081,6,20488081,3.194094e-09,SORBI_3006G040301,0.965271
TG(18:0_18:2_18:2),CTL,individual,6:20488081,6,20488081,3.194094e-09,SORBI_3006G040301,0.959446
TG(18:0_18:2_18:2),CTL,individual,6:20488081,6,20488081,3.194094e-09,SORBI_3006G040301,0.930658
TG(18:0_18:2_18:2),CTL,individual,6:20488081,6,20488081,3.194094e-09,SORBI_3006G040301,0.925141
TG(18:0_18:2_18:2),CTL,individual,6:20488081,6,20488081,3.194094e-09,SORBI_3006G040301,0.691335
TG(18:0_18:2_18:2),CTL,individual,6:60968355,6,60968355,3.271256e-09,SORBI_3006G279400,1
TG(18:0_18:2_18:2),CTL,individual,6:60968355,6,60968355,3.271256e-09,SORBI_3006G279400,1
TG(18:0_18:2_18:2),CTL,individual,6:60968355,6,60968355,3.271256e-09,SORBI_3006G277550,0.869797
TG(18:0_18:2_18:2),CTL,individual,6:60968355,6,60968355,3.271256e-09,SORBI_3006G279100,0.834639
TG(18:0_18:2_18:2),CTL,individual,6:60968355,6,60968355,3.271256e-09,SORBI_3006G279400,0.808391
TG(18:0_18:2_18:2),CTL,individual,6:60968355,6,60968355,3.271256e-09,SORBI_3006G278100,0.756436
TG(18:0_18:2_18:2),CTL,individual,6:60968355,6,60968355,3.271256e-09,SORBI_3006G278400,0.734652
TG(18:0_18:2_18:2),CTL,individual,6:60968355,6,60968355,3.271256e-09,SORBI_3006G280250,0.703642
TG(18:0_18:2_18:2),CTL,individual,6:60968355,6,60968355,3.271256e-09,SORBI_3006G278500,0.687965
TG(18:0_18:2_18:2),CTL,individual,6:60968355,6,60968355,3.271256e-09,SORBI_3006G278600,0.687965
TG(18:0_18:2_18:2),CTL,individual,7:47318738,7,47318738,3.499137e-09,SORBI_3007G114000,0.732875
TG(18:0_18:2_18:2),CTL,individual,7:47318738,7,47318738,3.499137e-09,SORBI_3007G114000,0.684871
TG(18:0_18:2_18:2),CTL,individual,8:44969274,8,44969274,3.508495e-09,SORBI_3008G095200,1
TG(18:0_18:2_18:2),CTL,individual,8:44969274,8,44969274,3.508495e-09,SORBI_3008G095200,1
TG(18:0_18:2_18:2),CTL,individual,8:44969274,8,44969274,3.508495e-09,SORBI_3008G095150,0.961497
TG(18:0_18:2_18:2),CTL,individual,8:44969274,8,44969274,3.508495e-09,SORBI_3008G095200,0.951644
TG(18:0_18:2_18:2),CTL,individual,8:44969274,8,44969274,3.508495e-09,SORBI_3008G095100,0.944697
TG(18:0_18:2_18:2),CTL,individual,8:44969274,8,44969274,3.508495e-09,SORBI_3008G095150,0.944697
TG(18:0_18:2_18:2),CTL,individual,8:44969274,8,44969274,3.508495e-09,SORBI_3008G095200,0.944697
TG(18:0_18:2_18:2),CTL,individual,8:44969274,8,44969274,3.508495e-09,SORBI_3008G095150,0.936003
TG(18:0_18:2_18:2),CTL,individual,8:44969274,8,44969274,3.508495e-09,SORBI_3008G095150,0.934152
TG(18:0_18:2_18:2),CTL,individual,8:44969274,8,44969274,3.508495e-09,SORBI_3008G095200,0.934152
TG(18:0_18:2_18:2),CTL,individual,8:44969274,8,44969274,3.508495e-09,SORBI_3008G095150,0.925311
TG(18:0_18:2_18:2),CTL,individual,8:44969274,8,44969274,3.508495e-09,SORBI_3008G095150,0.887936
TG(18:0_18:2_18:2),CTL,individual,8:44969274,8,44969274,3.508495e-09,SORBI_3008G095150,0.847125
TG(18:0_18:2_18:2),CTL,individual,8:44969274,8,44969274,3.508495e-09,SORBI_3008G095200,0.723065
TG(18:0_18:2_18:2),CTL,individual,8:14329910,8,14329910,3.588433e-09,SORBI_3008G081150,0.873447
TG(18:0_18:2_18:2),CTL,individual,8:14329910,8,14329910,3.588433e-09,SORBI_3008G081150,0.862135
TG(18:0_18:2_18:2),CTL,individual,8:14329910,8,14329910,3.588433e-09,SORBI_3008G081000,0.855842
TG(18:0_18:2_18:2),CTL,individual,8:14329910,8,14329910,3.588433e-09,SORBI_3008G081100,0.855842
TG(18:0_18:2_18:2),CTL,individual,8:14329910,8,14329910,3.588433e-09,SORBI_3008G081200,0.855842
TG(18:0_18:2_18:2),CTL,individual,8:14329910,8,14329910,3.588433e-09,SORBI_3008G081000,0.849592
TG(18:0_18:2_18:2),CTL,individual,8:14329910,8,14329910,3.588433e-09,SORBI_3008G081200,0.849592
TG(18:0_18:2_18:2),CTL,individual,8:14329910,8,14329910,3.588433e-09,SORBI_3008G081150,0.843385
TG(18:0_18:2_18:2),CTL,individual,8:14329910,8,14329910,3.588433e-09,SORBI_3008G081000,0.838521
TG(18:0_18:2_18:2),CTL,individual,8:14329910,8,14329910,3.588433e-09,SORBI_3008G081400,0.833812
TG(18:0_18:2_18:2),CTL,individual,8:14329910,8,14329910,3.588433e-09,SORBI_3008G081150,0.833711
TG(18:0_18:2_18:2),CTL,individual,8:14329910,8,14329910,3.588433e-09,SORBI_3008G081150,0.832309
TG(18:0_18:2_18:2),CTL,individual,8:14329910,8,14329910,3.588433e-09,SORBI_3008G080900,0.768521
TG(18:0_18:2_18:2),CTL,individual,1:60615436,1,60615436,3.640702e-09,SORBI_3001G320101,0.642857
TG(18:0_18:2_18:2),CTL,individual,1:60615436,1,60615436,3.640702e-09,SORBI_3001G320101,0.637681
TG(18:0_18:2_18:2),CTL,individual,8:49780905,8,49780905,3.843272e-09,SORBI_3008G105600,0.87931
TG(18:0_18:2_18:2),CTL,individual,8:49780905,8,49780905,3.843272e-09,SORBI_3008G105600,0.864446
TG(18:0_18:2_18:2),CTL,individual,8:49780905,8,49780905,3.843272e-09,SORBI_3008G105600,0.86385
TG(18:0_18:2_18:2),CTL,individual,8:49780905,8,49780905,3.843272e-09,SORBI_3008G105800,0.857353
TG(18:0_18:2_18:2),CTL,individual,8:49780905,8,49780905,3.843272e-09,SORBI_3008G105600,0.841596
TG(18:0_18:2_18:2),CTL,individual,8:49780905,8,49780905,3.843272e-09,SORBI_3008G105800,0.810779
TG(18:0_18:2_18:2),CTL,individual,8:49780905,8,49780905,3.843272e-09,SORBI_3008G105850,0.788067
TG(18:0_18:2_18:2),CTL,individual,8:49780905,8,49780905,3.843272e-09,SORBI_3008G105900,0.788067
TG(18:0_18:2_18:2),CTL,individual,8:49780905,8,49780905,3.843272e-09,SORBI_3008G105900,0.785463
TG(18:0_18:2_18:2),CTL,individual,8:49780905,8,49780905,3.843272e-09,SORBI_3008G105850,0.745385
TG(18:0_18:2_18:2),CTL,individual,8:49780905,8,49780905,3.843272e-09,SORBI_3008G105900,0.745385
TG(18:0_18:2_18:2),CTL,individual,8:49780905,8,49780905,3.843272e-09,SORBI_3008G105500,0.651692
TG(18:0_18:2_18:2),CTL,individual,5:15953105,5,15953105,3.952507e-09,SORBI_3005G098250,0.796662
TG(18:0_18:2_18:2),CTL,individual,5:15953105,5,15953105,3.952507e-09,SORBI_3005G098250,0.778974
TG(18:0_18:2_18:2),CTL,individual,5:15953105,5,15953105,3.952507e-09,SORBI_3005G098250,0.732232
TG(18:0_18:2_18:2),CTL,individual,5:15953105,5,15953105,3.952507e-09,SORBI_3005G098250,0.692147
TG(18:0_18:2_18:2),CTL,individual,5:15953105,5,15953105,3.952507e-09,SORBI_3005G098250,0.690032
TG(18:0_18:2_18:2),CTL,individual,5:15953105,5,15953105,3.952507e-09,SORBI_3005G098250,0.684414
TG(18:0_18:2_18:2),CTL,individual,1:21345297,1,21345297,4.108768e-09,SORBI_3001G223300,0.786917
TG(18:0_18:2_18:2),CTL,individual,1:21345297,1,21345297,4.108768e-09,SORBI_3001G223200,0.764545
TG(18:0_18:2_18:2),CTL,individual,1:21345297,1,21345297,4.108768e-09,SORBI_3001G223200,0.754168
TG(18:0_18:2_18:2),CTL,individual,1:21345297,1,21345297,4.108768e-09,SORBI_3001G223300,0.733632
TG(18:0_18:2_18:2),CTL,individual,1:21345297,1,21345297,4.108768e-09,SORBI_3001G223200,0.691149
TG(18:0_18:2_18:2),CTL,individual,1:21345297,1,21345297,4.108768e-09,SORBI_3001G223200,0.687878
TG(18:0_18:2_18:2),CTL,individual,1:21345297,1,21345297,4.108768e-09,SORBI_3001G223100,0.655808
TG(18:0_18:2_18:2),CTL,individual,1:21345297,1,21345297,4.108768e-09,SORBI_3001G224000,0.6506
TG(18:0_18:2_18:2),CTL,individual,1:21345297,1,21345297,4.108768e-09,SORBI_3001G223300,0.642546
TG(18:0_18:2_18:2),CTL,individual,1:21345297,1,21345297,4.108768e-09,SORBI_3001G223100,0.625598
TG(18:0_18:2_18:2),CTL,individual,1:21345297,1,21345297,4.108768e-09,SORBI_3001G223100,0.625422
TG(18:0_18:2_18:2),CTL,individual,6:25910115,6,25910115,4.135317e-09,SORBI_3006G040800,0.962938
TG(18:0_18:2_18:2),CTL,individual,6:25910116,6,25910116,4.135317e-09,SORBI_3006G040800,0.962938
TG(18:0_18:2_18:2),CTL,individual,6:25910115,6,25910115,4.135317e-09,SORBI_3006G040800,0.960146
TG(18:0_18:2_18:2),CTL,individual,6:25910116,6,25910116,4.135317e-09,SORBI_3006G040800,0.960146
TG(18:0_18:2_18:2),CTL,individual,6:25910115,6,25910115,4.135317e-09,SORBI_3006G040800,0.960003
TG(18:0_18:2_18:2),CTL,individual,6:25910116,6,25910116,4.135317e-09,SORBI_3006G040800,0.960003
TG(18:0_18:2_18:2),CTL,individual,6:25910115,6,25910115,4.135317e-09,SORBI_3006G040800,0.957195
TG(18:0_18:2_18:2),CTL,individual,6:25910116,6,25910116,4.135317e-09,SORBI_3006G040800,0.957195
TG(18:0_18:2_18:2),CTL,individual,6:25910115,6,25910115,4.135317e-09,SORBI_3006G040800,0.957083
TG(18:0_18:2_18:2),CTL,individual,6:25910116,6,25910116,4.135317e-09,SORBI_3006G040800,0.957083
TG(18:0_18:2_18:2),CTL,individual,6:25910115,6,25910115,4.135317e-09,SORBI_3006G040800,0.951452
TG(18:0_18:2_18:2),CTL,individual,6:25910116,6,25910116,4.135317e-09,SORBI_3006G040800,0.951452
TG(18:0_18:2_18:2),CTL,individual,6:25910115,6,25910115,4.135317e-09,SORBI_3006G040800,0.95134
TG(18:0_18:2_18:2),CTL,individual,6:25910116,6,25910116,4.135317e-09,SORBI_3006G040800,0.95134
TG(18:0_18:2_18:2),CTL,individual,6:25910115,6,25910115,4.135317e-09,SORBI_3006G040800,0.93735
TG(18:0_18:2_18:2),CTL,individual,6:25910116,6,25910116,4.135317e-09,SORBI_3006G040800,0.93735
TG(18:0_18:2_18:2),CTL,individual,6:25910115,6,25910115,4.135317e-09,SORBI_3006G040800,0.934439
TG(18:0_18:2_18:2),CTL,individual,6:25910116,6,25910116,4.135317e-09,SORBI_3006G040800,0.934439
TG(18:0_18:2_18:2),CTL,individual,6:25910115,6,25910115,4.135317e-09,SORBI_3006G040800,0.929184
TG(18:0_18:2_18:2),CTL,individual,6:25910116,6,25910116,4.135317e-09,SORBI_3006G040800,0.929184
TG(18:0_18:2_18:2),CTL,individual,6:25910115,6,25910115,4.135317e-09,SORBI_3006G040800,0.926051
TG(18:0_18:2_18:2),CTL,individual,6:25910116,6,25910116,4.135317e-09,SORBI_3006G040800,0.926051
TG(18:0_18:2_18:2),CTL,individual,6:25910115,6,25910115,4.135317e-09,SORBI_3006G040700,0.817889
TG(18:0_18:2_18:2),CTL,individual,6:25910116,6,25910116,4.135317e-09,SORBI_3006G040700,0.817889
TG(18:0_18:2_18:2),CTL,individual,6:25910115,6,25910115,4.135317e-09,SORBI_3006G040700,0.732548
TG(18:0_18:2_18:2),CTL,individual,6:25910116,6,25910116,4.135317e-09,SORBI_3006G040700,0.732548
TG(18:0_18:2_18:2),CTL,individual,6:25910115,6,25910115,4.135317e-09,SORBI_3006G040800,0.720754
TG(18:0_18:2_18:2),CTL,individual,6:25910116,6,25910116,4.135317e-09,SORBI_3006G040800,0.720754
TG(18:0_18:2_18:2),CTL,individual,6:25910115,6,25910115,4.135317e-09,SORBI_3006G040800,0.718382
TG(18:0_18:2_18:2),CTL,individual,6:25910116,6,25910116,4.135317e-09,SORBI_3006G040800,0.718382
TG(18:0_18:2_18:2),CTL,individual,6:25910115,6,25910115,4.135317e-09,SORBI_3006G040800,0.713561
TG(18:0_18:2_18:2),CTL,individual,6:25910116,6,25910116,4.135317e-09,SORBI_3006G040800,0.713561
TG(18:0_18:2_18:2),CTL,individual,6:25910115,6,25910115,4.135317e-09,SORBI_3006G040800,0.710249
TG(18:0_18:2_18:2),CTL,individual,6:25910116,6,25910116,4.135317e-09,SORBI_3006G040800,0.710249
TG(18:0_18:2_18:2),CTL,individual,6:25910115,6,25910115,4.135317e-09,SORBI_3006G040700,0.623726
TG(18:0_18:2_18:2),CTL,individual,6:25910116,6,25910116,4.135317e-09,SORBI_3006G040700,0.623726
TG(18:0_18:2_18:2),CTL,individual,1:21378141,1,21378141,4.181693e-09,SORBI_3001G223300,0.859383
TG(18:0_18:2_18:2),CTL,individual,1:21378141,1,21378141,4.181693e-09,SORBI_3001G223200,0.825009
TG(18:0_18:2_18:2),CTL,individual,1:21378141,1,21378141,4.181693e-09,SORBI_3001G223200,0.79622
TG(18:0_18:2_18:2),CTL,individual,1:21378141,1,21378141,4.181693e-09,SORBI_3001G223300,0.793547
TG(18:0_18:2_18:2),CTL,individual,1:21378141,1,21378141,4.181693e-09,SORBI_3001G223200,0.747911
TG(18:0_18:2_18:2),CTL,individual,1:21378141,1,21378141,4.181693e-09,SORBI_3001G223200,0.746399
TG(18:0_18:2_18:2),CTL,individual,1:21378141,1,21378141,4.181693e-09,SORBI_3001G224000,0.7166
TG(18:0_18:2_18:2),CTL,individual,1:21378141,1,21378141,4.181693e-09,SORBI_3001G223100,0.710059
TG(18:0_18:2_18:2),CTL,individual,1:21378141,1,21378141,4.181693e-09,SORBI_3001G223300,0.702632
TG(18:0_18:2_18:2),CTL,individual,1:21378141,1,21378141,4.181693e-09,SORBI_3001G223100,0.677427
TG(18:0_18:2_18:2),CTL,individual,1:21378141,1,21378141,4.181693e-09,SORBI_3001G223100,0.677273
TG(18:0_18:2_18:2),CTL,individual,1:21378141,1,21378141,4.181693e-09,SORBI_3001G223550,0.616378
TG(18:0_18:2_18:2),CTL,individual,1:21378141,1,21378141,4.181693e-09,SORBI_3001G223550,0.616324
TG(18:0_18:2_18:2),CTL,individual,1:21378141,1,21378141,4.181693e-09,SORBI_3001G223550,0.61627
TG(18:0_18:2_18:2),CTL,individual,1:21378141,1,21378141,4.181693e-09,SORBI_3001G222900,0.60392
TG(18:0_18:2_18:2),CTL,individual,1:21378141,1,21378141,4.181693e-09,SORBI_3001G223550,0.600929
TG(18:0_18:2_18:2),CTL,individual,1:21345053,1,21345053,4.313477e-09,SORBI_3001G223300,0.85946
TG(18:0_18:2_18:2),CTL,individual,1:21345522,1,21345522,4.313477e-09,SORBI_3001G223300,0.85946
TG(18:0_18:2_18:2),CTL,individual,1:21379424,1,21379424,4.313477e-09,SORBI_3001G223300,0.85946
TG(18:0_18:2_18:2),CTL,individual,1:21345053,1,21345053,4.313477e-09,SORBI_3001G223200,0.825119
TG(18:0_18:2_18:2),CTL,individual,1:21345522,1,21345522,4.313477e-09,SORBI_3001G223200,0.825119
TG(18:0_18:2_18:2),CTL,individual,1:21379424,1,21379424,4.313477e-09,SORBI_3001G223200,0.825119
TG(18:0_18:2_18:2),CTL,individual,1:21345053,1,21345053,4.313477e-09,SORBI_3001G223200,0.796348
TG(18:0_18:2_18:2),CTL,individual,1:21345522,1,21345522,4.313477e-09,SORBI_3001G223200,0.796348
TG(18:0_18:2_18:2),CTL,individual,1:21379424,1,21379424,4.313477e-09,SORBI_3001G223200,0.796348
TG(18:0_18:2_18:2),CTL,individual,1:21345053,1,21345053,4.313477e-09,SORBI_3001G223300,0.793676
TG(18:0_18:2_18:2),CTL,individual,1:21345522,1,21345522,4.313477e-09,SORBI_3001G223300,0.793676
TG(18:0_18:2_18:2),CTL,individual,1:21379424,1,21379424,4.313477e-09,SORBI_3001G223300,0.793676
TG(18:0_18:2_18:2),CTL,individual,1:21345053,1,21345053,4.313477e-09,SORBI_3001G223200,0.748064
TG(18:0_18:2_18:2),CTL,individual,1:21345522,1,21345522,4.313477e-09,SORBI_3001G223200,0.748064
TG(18:0_18:2_18:2),CTL,individual,1:21379424,1,21379424,4.313477e-09,SORBI_3001G223200,0.748064
TG(18:0_18:2_18:2),CTL,individual,1:21345053,1,21345053,4.313477e-09,SORBI_3001G223200,0.746559
TG(18:0_18:2_18:2),CTL,individual,1:21345522,1,21345522,4.313477e-09,SORBI_3001G223200,0.746559
TG(18:0_18:2_18:2),CTL,individual,1:21379424,1,21379424,4.313477e-09,SORBI_3001G223200,0.746559
TG(18:0_18:2_18:2),CTL,individual,1:21345053,1,21345053,4.313477e-09,SORBI_3001G224000,0.716752
TG(18:0_18:2_18:2),CTL,individual,1:21345522,1,21345522,4.313477e-09,SORBI_3001G224000,0.716752
TG(18:0_18:2_18:2),CTL,individual,1:21379424,1,21379424,4.313477e-09,SORBI_3001G224000,0.716752
TG(18:0_18:2_18:2),CTL,individual,1:21345053,1,21345053,4.313477e-09,SORBI_3001G223100,0.710242
TG(18:0_18:2_18:2),CTL,individual,1:21345522,1,21345522,4.313477e-09,SORBI_3001G223100,0.710242
TG(18:0_18:2_18:2),CTL,individual,1:21379424,1,21379424,4.313477e-09,SORBI_3001G223100,0.710242
TG(18:0_18:2_18:2),CTL,individual,1:21345053,1,21345053,4.313477e-09,SORBI_3001G223300,0.702807
TG(18:0_18:2_18:2),CTL,individual,1:21345522,1,21345522,4.313477e-09,SORBI_3001G223300,0.702807
TG(18:0_18:2_18:2),CTL,individual,1:21379424,1,21379424,4.313477e-09,SORBI_3001G223300,0.702807
TG(18:0_18:2_18:2),CTL,individual,1:21345053,1,21345053,4.313477e-09,SORBI_3001G223100,0.677629
TG(18:0_18:2_18:2),CTL,individual,1:21345522,1,21345522,4.313477e-09,SORBI_3001G223100,0.677629
TG(18:0_18:2_18:2),CTL,individual,1:21379424,1,21379424,4.313477e-09,SORBI_3001G223100,0.677629
TG(18:0_18:2_18:2),CTL,individual,1:21345053,1,21345053,4.313477e-09,SORBI_3001G223100,0.677478
TG(18:0_18:2_18:2),CTL,individual,1:21345522,1,21345522,4.313477e-09,SORBI_3001G223100,0.677478
TG(18:0_18:2_18:2),CTL,individual,1:21379424,1,21379424,4.313477e-09,SORBI_3001G223100,0.677478
TG(18:0_18:2_18:2),CTL,individual,1:21345053,1,21345053,4.313477e-09,SORBI_3001G223550,0.616592
TG(18:0_18:2_18:2),CTL,individual,1:21345522,1,21345522,4.313477e-09,SORBI_3001G223550,0.616592
TG(18:0_18:2_18:2),CTL,individual,1:21379424,1,21379424,4.313477e-09,SORBI_3001G223550,0.616592
TG(18:0_18:2_18:2),CTL,individual,1:21345053,1,21345053,4.313477e-09,SORBI_3001G223550,0.616539
TG(18:0_18:2_18:2),CTL,individual,1:21345522,1,21345522,4.313477e-09,SORBI_3001G223550,0.616539
TG(18:0_18:2_18:2),CTL,individual,1:21379424,1,21379424,4.313477e-09,SORBI_3001G223550,0.616539
TG(18:0_18:2_18:2),CTL,individual,1:21345053,1,21345053,4.313477e-09,SORBI_3001G223550,0.616486
TG(18:0_18:2_18:2),CTL,individual,1:21345522,1,21345522,4.313477e-09,SORBI_3001G223550,0.616486
TG(18:0_18:2_18:2),CTL,individual,1:21379424,1,21379424,4.313477e-09,SORBI_3001G223550,0.616486
TG(18:0_18:2_18:2),CTL,individual,1:21345053,1,21345053,4.313477e-09,SORBI_3001G222900,0.604169
TG(18:0_18:2_18:2),CTL,individual,1:21345522,1,21345522,4.313477e-09,SORBI_3001G222900,0.604169
TG(18:0_18:2_18:2),CTL,individual,1:21379424,1,21379424,4.313477e-09,SORBI_3001G222900,0.604169
TG(18:0_18:2_18:2),CTL,individual,1:21345053,1,21345053,4.313477e-09,SORBI_3001G223550,0.601161
TG(18:0_18:2_18:2),CTL,individual,1:21345522,1,21345522,4.313477e-09,SORBI_3001G223550,0.601161
TG(18:0_18:2_18:2),CTL,individual,1:21379424,1,21379424,4.313477e-09,SORBI_3001G223550,0.601161
TG(18:0_18:2_18:2),CTL,individual,9:19287581,9,19287581,4.578851e-09,SORBI_3009G091300,0.95107
TG(18:0_18:2_18:2),CTL,individual,9:19287581,9,19287581,4.578851e-09,SORBI_3009G091300,0.951061
TG(18:0_18:2_18:2),CTL,individual,9:19287581,9,19287581,4.578851e-09,SORBI_3009G091300,0.941592
TG(18:0_18:2_18:2),CTL,individual,9:19287581,9,19287581,4.578851e-09,SORBI_3009G091300,0.941056
TG(18:0_18:2_18:2),CTL,individual,9:19287581,9,19287581,4.578851e-09,SORBI_3009G091300,0.940979
TG(18:0_18:2_18:2),CTL,individual,9:19287581,9,19287581,4.578851e-09,SORBI_3009G091300,0.931079
TG(18:0_18:2_18:2),CTL,individual,8:44949392,8,44949392,5.05453e-09,SORBI_3008G095150,1
TG(18:0_18:2_18:2),CTL,individual,8:44949392,8,44949392,5.05453e-09,SORBI_3008G095150,1
TG(18:0_18:2_18:2),CTL,individual,8:44949392,8,44949392,5.05453e-09,SORBI_3008G095100,0.981889
TG(18:0_18:2_18:2),CTL,individual,8:44949392,8,44949392,5.05453e-09,SORBI_3008G095150,0.981889
TG(18:0_18:2_18:2),CTL,individual,8:44949392,8,44949392,5.05453e-09,SORBI_3008G095200,0.981889
TG(18:0_18:2_18:2),CTL,individual,8:44949392,8,44949392,5.05453e-09,SORBI_3008G095150,0.972904
TG(18:0_18:2_18:2),CTL,individual,8:44949392,8,44949392,5.05453e-09,SORBI_3008G095150,0.971614
TG(18:0_18:2_18:2),CTL,individual,8:44949392,8,44949392,5.05453e-09,SORBI_3008G095200,0.971614
TG(18:0_18:2_18:2),CTL,individual,8:44949392,8,44949392,5.05453e-09,SORBI_3008G095200,0.971308
TG(18:0_18:2_18:2),CTL,individual,8:44949392,8,44949392,5.05453e-09,SORBI_3008G095150,0.962471
TG(18:0_18:2_18:2),CTL,individual,8:44949392,8,44949392,5.05453e-09,SORBI_3008G095200,0.961497
TG(18:0_18:2_18:2),CTL,individual,8:44949392,8,44949392,5.05453e-09,SORBI_3008G095150,0.929707
TG(18:0_18:2_18:2),CTL,individual,8:44949392,8,44949392,5.05453e-09,SORBI_3008G095150,0.887936
TG(18:0_18:2_18:2),CTL,individual,8:44949392,8,44949392,5.05453e-09,SORBI_3008G095200,0.75274
TG(18:0_18:2_18:2),CTL,individual,1:59118688,1,59118688,5.115695e-09,SORBI_3001G306500,1
TG(18:0_18:2_18:2),CTL,individual,1:59118688,1,59118688,5.115695e-09,SORBI_3001G306500,1
TG(18:0_18:2_18:2),CTL,individual,1:59118688,1,59118688,5.115695e-09,SORBI_3001G306400,0.918254
TG(18:0_18:2_18:2),CTL,individual,1:59118688,1,59118688,5.115695e-09,SORBI_3001G306400,0.817248
TG(18:0_18:2_18:2),CTL,individual,1:59118688,1,59118688,5.115695e-09,SORBI_3001G306400,0.723742
TG(18:0_18:2_18:2),CTL,individual,1:59118688,1,59118688,5.115695e-09,SORBI_3001G306400,0.70807
TG(18:0_18:2_18:2),CTL,individual,1:59118688,1,59118688,5.115695e-09,SORBI_3001G306400,0.701505
TG(18:0_18:2_18:2),CTL,individual,1:59118688,1,59118688,5.115695e-09,SORBI_3001G305900,0.64035
TG(18:0_18:2_18:2),CTL,individual,1:59118688,1,59118688,5.115695e-09,SORBI_3001G305900,0.623439
TG(18:0_18:2_18:2),CTL,individual,1:59118688,1,59118688,5.115695e-09,SORBI_3001G305900,0.618316
TG(18:0_18:2_18:2),CTL,individual,1:59118688,1,59118688,5.115695e-09,SORBI_3001G305900,0.606868
TG(18:0_18:2_18:2),CTL,individual,1:21378077,1,21378077,5.202269e-09,SORBI_3001G223300,0.843094
TG(18:0_18:2_18:2),CTL,individual,1:21378077,1,21378077,5.202269e-09,SORBI_3001G223200,0.814525
TG(18:0_18:2_18:2),CTL,individual,1:21378077,1,21378077,5.202269e-09,SORBI_3001G223200,0.784237
TG(18:0_18:2_18:2),CTL,individual,1:21378077,1,21378077,5.202269e-09,SORBI_3001G223300,0.782562
TG(18:0_18:2_18:2),CTL,individual,1:21378077,1,21378077,5.202269e-09,SORBI_3001G223200,0.755626
TG(18:0_18:2_18:2),CTL,individual,1:21378077,1,21378077,5.202269e-09,SORBI_3001G223200,0.73573
TG(18:0_18:2_18:2),CTL,individual,1:21378077,1,21378077,5.202269e-09,SORBI_3001G224000,0.700316
TG(18:0_18:2_18:2),CTL,individual,1:21378077,1,21378077,5.202269e-09,SORBI_3001G223100,0.70024
TG(18:0_18:2_18:2),CTL,individual,1:21378077,1,21378077,5.202269e-09,SORBI_3001G223300,0.689294
TG(18:0_18:2_18:2),CTL,individual,1:21378077,1,21378077,5.202269e-09,SORBI_3001G223100,0.668069
TG(18:0_18:2_18:2),CTL,individual,1:21378077,1,21378077,5.202269e-09,SORBI_3001G223100,0.667914
TG(18:0_18:2_18:2),CTL,individual,1:21378077,1,21378077,5.202269e-09,SORBI_3001G223550,0.602335
TG(18:0_18:2_18:2),CTL,individual,1:21378077,1,21378077,5.202269e-09,SORBI_3001G223550,0.60228
TG(18:0_18:2_18:2),CTL,individual,1:21378077,1,21378077,5.202269e-09,SORBI_3001G223550,0.602225
TG(18:0_18:2_18:2),CTL,individual,5:15953192,5,15953192,5.514883e-09,SORBI_3005G098250,0.783338
TG(18:0_18:2_18:2),CTL,individual,5:15953192,5,15953192,5.514883e-09,SORBI_3005G098250,0.765498
TG(18:0_18:2_18:2),CTL,individual,5:15953192,5,15953192,5.514883e-09,SORBI_3005G098250,0.719339
TG(18:0_18:2_18:2),CTL,individual,5:15953192,5,15953192,5.514883e-09,SORBI_3005G098250,0.680332
TG(18:0_18:2_18:2),CTL,individual,5:15953192,5,15953192,5.514883e-09,SORBI_3005G098250,0.677937
TG(18:0_18:2_18:2),CTL,individual,5:15953192,5,15953192,5.514883e-09,SORBI_3005G098250,0.672294
TG(18:0_18:2_18:2),CTL,individual,1:20865108,1,20865108,5.692983e-09,SORBI_3001G221300,0.756421
TG(18:0_18:2_18:2),CTL,individual,1:20865108,1,20865108,5.692983e-09,SORBI_3001G221300,0.744514
TG(18:0_18:2_18:2),CTL,individual,1:20865108,1,20865108,5.692983e-09,SORBI_3001G221350,0.744514
TG(18:0_18:2_18:2),CTL,individual,1:20865108,1,20865108,5.692983e-09,SORBI_3001G221350,0.744429
TG(18:0_18:2_18:2),CTL,individual,1:20865108,1,20865108,5.692983e-09,SORBI_3001G221300,0.740674
TG(18:0_18:2_18:2),CTL,individual,1:20865108,1,20865108,5.692983e-09,SORBI_3001G221350,0.740527
TG(18:0_18:2_18:2),CTL,individual,1:20865108,1,20865108,5.692983e-09,SORBI_3001G221400,0.740527
TG(18:0_18:2_18:2),CTL,individual,1:20865108,1,20865108,5.692983e-09,SORBI_3001G221350,0.74044
TG(18:0_18:2_18:2),CTL,individual,1:20865108,1,20865108,5.692983e-09,SORBI_3001G221400,0.737109
TG(18:0_18:2_18:2),CTL,individual,1:20865108,1,20865108,5.692983e-09,SORBI_3001G221300,0.736872
TG(18:0_18:2_18:2),CTL,individual,1:20865108,1,20865108,5.692983e-09,SORBI_3001G221300,0.736648
TG(18:0_18:2_18:2),CTL,individual,1:20865108,1,20865108,5.692983e-09,SORBI_3001G221400,0.736648
TG(18:0_18:2_18:2),CTL,individual,1:20865108,1,20865108,5.692983e-09,SORBI_3001G221500,0.732809
TG(18:0_18:2_18:2),CTL,individual,1:20865108,1,20865108,5.692983e-09,SORBI_3001G221350,0.73258
TG(18:0_18:2_18:2),CTL,individual,1:20865108,1,20865108,5.692983e-09,SORBI_3001G221300,0.728782
TG(18:0_18:2_18:2),CTL,individual,1:20865108,1,20865108,5.692983e-09,SORBI_3001G221400,0.728711
TG(18:0_18:2_18:2),CTL,individual,1:20865108,1,20865108,5.692983e-09,SORBI_3001G221300,0.721077
TG(18:0_18:2_18:2),CTL,individual,1:20865108,1,20865108,5.692983e-09,SORBI_3001G221400,0.719774
TG(18:0_18:2_18:2),CTL,individual,1:20865108,1,20865108,5.692983e-09,SORBI_3001G221500,0.690485
TG(18:0_18:2_18:2),CTL,individual,1:20865108,1,20865108,5.692983e-09,SORBI_3001G221400,0.68918
TG(18:0_18:2_18:2),CTL,individual,1:20865108,1,20865108,5.692983e-09,SORBI_3001G221300,0.683118
TG(18:0_18:2_18:2),CTL,individual,1:20865108,1,20865108,5.692983e-09,SORBI_3001G221300,0.680667
TG(18:0_18:2_18:2),CTL,individual,1:20865108,1,20865108,5.692983e-09,SORBI_3001G221700,0.678867
TG(18:0_18:2_18:2),CTL,individual,1:20865108,1,20865108,5.692983e-09,SORBI_3001G221500,0.675004
TG(18:0_18:2_18:2),CTL,individual,1:20865108,1,20865108,5.692983e-09,SORBI_3001G221850,0.639983
TG(18:0_18:2_18:2),CTL,individual,1:20865108,1,20865108,5.692983e-09,SORBI_3001G221400,0.62771
TG(18:0_18:2_18:2),CTL,individual,1:21363365,1,21363365,5.754989e-09,SORBI_3001G223300,0.843115
TG(18:0_18:2_18:2),CTL,individual,1:21363365,1,21363365,5.754989e-09,SORBI_3001G223200,0.814553
TG(18:0_18:2_18:2),CTL,individual,1:21363365,1,21363365,5.754989e-09,SORBI_3001G223200,0.784271
TG(18:0_18:2_18:2),CTL,individual,1:21363365,1,21363365,5.754989e-09,SORBI_3001G223300,0.782596
TG(18:0_18:2_18:2),CTL,individual,1:21363365,1,21363365,5.754989e-09,SORBI_3001G223200,0.755664
TG(18:0_18:2_18:2),CTL,individual,1:21363365,1,21363365,5.754989e-09,SORBI_3001G223200,0.73577
TG(18:0_18:2_18:2),CTL,individual,1:21363365,1,21363365,5.754989e-09,SORBI_3001G224000,0.700355
TG(18:0_18:2_18:2),CTL,individual,1:21363365,1,21363365,5.754989e-09,SORBI_3001G223100,0.700286
TG(18:0_18:2_18:2),CTL,individual,1:21363365,1,21363365,5.754989e-09,SORBI_3001G223300,0.689339
TG(18:0_18:2_18:2),CTL,individual,1:21363365,1,21363365,5.754989e-09,SORBI_3001G223100,0.66812
TG(18:0_18:2_18:2),CTL,individual,1:21363365,1,21363365,5.754989e-09,SORBI_3001G223100,0.667966
TG(18:0_18:2_18:2),CTL,individual,1:21363365,1,21363365,5.754989e-09,SORBI_3001G223550,0.60239
TG(18:0_18:2_18:2),CTL,individual,1:21363365,1,21363365,5.754989e-09,SORBI_3001G223550,0.602335
TG(18:0_18:2_18:2),CTL,individual,1:21363365,1,21363365,5.754989e-09,SORBI_3001G223550,0.60228
TG(18:0_18:2_18:2),CTL,individual,1:21345478,1,21345478,6.181762e-09,SORBI_3001G223300,0.803569
TG(18:0_18:2_18:2),CTL,individual,1:21345478,1,21345478,6.181762e-09,SORBI_3001G223200,0.775504
TG(18:0_18:2_18:2),CTL,individual,1:21345478,1,21345478,6.181762e-09,SORBI_3001G223200,0.766392
TG(18:0_18:2_18:2),CTL,individual,1:21345478,1,21345478,6.181762e-09,SORBI_3001G223300,0.745032
TG(18:0_18:2_18:2),CTL,individual,1:21345478,1,21345478,6.181762e-09,SORBI_3001G223200,0.701003
TG(18:0_18:2_18:2),CTL,individual,1:21345478,1,21345478,6.181762e-09,SORBI_3001G223200,0.700373
TG(18:0_18:2_18:2),CTL,individual,1:21345478,1,21345478,6.181762e-09,SORBI_3001G224000,0.667026
TG(18:0_18:2_18:2),CTL,individual,1:21345478,1,21345478,6.181762e-09,SORBI_3001G223100,0.66595
TG(18:0_18:2_18:2),CTL,individual,1:21345478,1,21345478,6.181762e-09,SORBI_3001G223300,0.656095
TG(18:0_18:2_18:2),CTL,individual,1:21345478,1,21345478,6.181762e-09,SORBI_3001G223100,0.635244
TG(18:0_18:2_18:2),CTL,individual,1:21345478,1,21345478,6.181762e-09,SORBI_3001G223100,0.635066
TG(18:0_18:2_18:2),CTL,individual,5:46877539,5,46877539,6.314612e-09,SORBI_3005G115200,0.928647
TG(18:0_18:2_18:2),CTL,individual,5:46877539,5,46877539,6.314612e-09,SORBI_3005G115200,0.915287
TG(18:0_18:2_18:2),CTL,individual,5:46877539,5,46877539,6.314612e-09,SORBI_3005G115200,0.90222
TG(18:0_18:2_18:2),CTL,individual,1:21345346,1,21345346,6.324262e-09,SORBI_3001G223300,0.803703
TG(18:0_18:2_18:2),CTL,individual,1:21345346,1,21345346,6.324262e-09,SORBI_3001G223200,0.775685
TG(18:0_18:2_18:2),CTL,individual,1:21345346,1,21345346,6.324262e-09,SORBI_3001G223200,0.766579
TG(18:0_18:2_18:2),CTL,individual,1:21345346,1,21345346,6.324262e-09,SORBI_3001G223300,0.745233
TG(18:0_18:2_18:2),CTL,individual,1:21345346,1,21345346,6.324262e-09,SORBI_3001G223200,0.701246
TG(18:0_18:2_18:2),CTL,individual,1:21345346,1,21345346,6.324262e-09,SORBI_3001G223200,0.700602
TG(18:0_18:2_18:2),CTL,individual,1:21345346,1,21345346,6.324262e-09,SORBI_3001G224000,0.667248
TG(18:0_18:2_18:2),CTL,individual,1:21345346,1,21345346,6.324262e-09,SORBI_3001G223100,0.666219
TG(18:0_18:2_18:2),CTL,individual,1:21345346,1,21345346,6.324262e-09,SORBI_3001G223300,0.656348
TG(18:0_18:2_18:2),CTL,individual,1:21345346,1,21345346,6.324262e-09,SORBI_3001G223100,0.635534
TG(18:0_18:2_18:2),CTL,individual,1:21345346,1,21345346,6.324262e-09,SORBI_3001G223100,0.635361
TG(18:0_18:2_18:2),CTL,individual,8:44886771,8,44886771,6.520535e-09,SORBI_3008G095150,0.954893
TG(18:0_18:2_18:2),CTL,individual,8:44886771,8,44886771,6.520535e-09,SORBI_3008G095100,0.944897
TG(18:0_18:2_18:2),CTL,individual,8:44886771,8,44886771,6.520535e-09,SORBI_3008G095150,0.944897
TG(18:0_18:2_18:2),CTL,individual,8:44886771,8,44886771,6.520535e-09,SORBI_3008G095200,0.944897
TG(18:0_18:2_18:2),CTL,individual,8:44886771,8,44886771,6.520535e-09,SORBI_3008G095150,0.943628
TG(18:0_18:2_18:2),CTL,individual,8:44886771,8,44886771,6.520535e-09,SORBI_3008G095150,0.941707
TG(18:0_18:2_18:2),CTL,individual,8:44886771,8,44886771,6.520535e-09,SORBI_3008G095150,0.933651
TG(18:0_18:2_18:2),CTL,individual,8:44886771,8,44886771,6.520535e-09,SORBI_3008G095200,0.933651
TG(18:0_18:2_18:2),CTL,individual,8:44886771,8,44886771,6.520535e-09,SORBI_3008G095200,0.922538
TG(18:0_18:2_18:2),CTL,individual,8:44886771,8,44886771,6.520535e-09,SORBI_3008G095200,0.910298
TG(18:0_18:2_18:2),CTL,individual,8:44886771,8,44886771,6.520535e-09,SORBI_3008G095150,0.860381
TG(18:0_18:2_18:2),CTL,individual,8:44886771,8,44886771,6.520535e-09,SORBI_3008G095150,0.839752
TG(18:0_18:2_18:2),CTL,individual,8:44886771,8,44886771,6.520535e-09,SORBI_3008G095200,0.721715
TG(18:0_18:2_18:2),CTL,individual,8:44881141,8,44881141,6.523368e-09,SORBI_3008G095150,0.990619
TG(18:0_18:2_18:2),CTL,individual,8:44881141,8,44881141,6.523368e-09,SORBI_3008G095100,0.981885
TG(18:0_18:2_18:2),CTL,individual,8:44881141,8,44881141,6.523368e-09,SORBI_3008G095150,0.981885
TG(18:0_18:2_18:2),CTL,individual,8:44881141,8,44881141,6.523368e-09,SORBI_3008G095200,0.981885
TG(18:0_18:2_18:2),CTL,individual,8:44881141,8,44881141,6.523368e-09,SORBI_3008G095150,0.981322
TG(18:0_18:2_18:2),CTL,individual,8:44881141,8,44881141,6.523368e-09,SORBI_3008G095150,0.972899
TG(18:0_18:2_18:2),CTL,individual,8:44881141,8,44881141,6.523368e-09,SORBI_3008G095150,0.971608
TG(18:0_18:2_18:2),CTL,individual,8:44881141,8,44881141,6.523368e-09,SORBI_3008G095200,0.971608
TG(18:0_18:2_18:2),CTL,individual,8:44881141,8,44881141,6.523368e-09,SORBI_3008G095150,0.961489
TG(18:0_18:2_18:2),CTL,individual,8:44881141,8,44881141,6.523368e-09,SORBI_3008G095200,0.932167
TG(18:0_18:2_18:2),CTL,individual,8:44881141,8,44881141,6.523368e-09,SORBI_3008G095200,0.923735
TG(18:0_18:2_18:2),CTL,individual,8:44881141,8,44881141,6.523368e-09,SORBI_3008G095150,0.908684
TG(18:0_18:2_18:2),CTL,individual,8:44881141,8,44881141,6.523368e-09,SORBI_3008G095200,0.767755
TG(18:0_18:2_18:2),CTL,individual,1:31200666,1,31200666,6.594761e-09,SORBI_3001G259250,0.747808
TG(18:0_18:2_18:2),CTL,individual,1:31200666,1,31200666,6.594761e-09,SORBI_3001G259600,0.734981
TG(18:0_18:2_18:2),CTL,individual,1:31200666,1,31200666,6.594761e-09,SORBI_3001G259200,0.720083
TG(18:0_18:2_18:2),CTL,individual,1:31200666,1,31200666,6.594761e-09,SORBI_3001G259200,0.715207
TG(18:0_18:2_18:2),CTL,individual,1:31200666,1,31200666,6.594761e-09,SORBI_3001G259850,0.692597
TG(18:0_18:2_18:2),CTL,individual,10:37088190,10,37088190,7.176608e-09,SORBI_3010G142600,0.944925
TG(18:0_18:2_18:2),CTL,individual,10:37088190,10,37088190,7.176608e-09,SORBI_3010G142600,0.933485
TG(18:0_18:2_18:2),CTL,individual,10:37088190,10,37088190,7.176608e-09,SORBI_3010G142501,0.921003
TG(18:0_18:2_18:2),CTL,individual,10:37088190,10,37088190,7.176608e-09,SORBI_3010G142600,0.906985
TG(18:0_18:2_18:2),CTL,individual,10:37088190,10,37088190,7.176608e-09,SORBI_3010G142600,0.905881
TG(18:0_18:2_18:2),CTL,individual,10:37088190,10,37088190,7.176608e-09,SORBI_3010G142600,0.884357
TG(18:0_18:2_18:2),CTL,individual,10:37088190,10,37088190,7.176608e-09,SORBI_3010G142600,0.817761
TG(18:0_18:2_18:2),CTL,individual,10:37088190,10,37088190,7.176608e-09,SORBI_3010G142650,0.605076
TG(18:0_18:2_18:2),CTL,individual,6:60977149,6,60977149,7.247869e-09,SORBI_3006G279400,0.857364
TG(18:0_18:2_18:2),CTL,individual,6:60977149,6,60977149,7.247869e-09,SORBI_3006G277550,0.808252
TG(18:0_18:2_18:2),CTL,individual,6:60977149,6,60977149,7.247869e-09,SORBI_3006G278400,0.791634
TG(18:0_18:2_18:2),CTL,individual,6:60977149,6,60977149,7.247869e-09,SORBI_3006G279400,0.759488
TG(18:0_18:2_18:2),CTL,individual,6:60977149,6,60977149,7.247869e-09,SORBI_3006G279100,0.641819
TG(18:0_18:2_18:2),CTL,individual,6:11984807,6,11984807,7.352096e-09,SORBI_3006G036300,0.932712
TG(18:0_18:2_18:2),CTL,individual,6:11984807,6,11984807,7.352096e-09,SORBI_3006G036400,0.932712
TG(18:0_18:2_18:2),CTL,individual,6:11984807,6,11984807,7.352096e-09,SORBI_3006G036400,0.92877
TG(18:0_18:2_18:2),CTL,individual,6:11984807,6,11984807,7.352096e-09,SORBI_3006G036400,0.927033
TG(18:0_18:2_18:2),CTL,individual,6:11984807,6,11984807,7.352096e-09,SORBI_3006G036400,0.923014
TG(18:0_18:2_18:2),CTL,individual,6:11984807,6,11984807,7.352096e-09,SORBI_3006G036400,0.89524
TG(18:0_18:2_18:2),CTL,individual,3:67620499,3,67620499,7.694603e-09,SORBI_3003G358400,0.927171
TG(18:0_18:2_18:2),CTL,individual,3:67620499,3,67620499,7.694603e-09,SORBI_3003G358300,0.913619
TG(18:0_18:2_18:2),CTL,individual,3:67620499,3,67620499,7.694603e-09,SORBI_3003G358400,0.89804
TG(18:0_18:2_18:2),CTL,individual,3:67620499,3,67620499,7.694603e-09,SORBI_3003G358400,0.893288
TG(18:0_18:2_18:2),CTL,individual,3:67620499,3,67620499,7.694603e-09,SORBI_3003G358150,0.853557
TG(18:0_18:2_18:2),CTL,individual,3:67620499,3,67620499,7.694603e-09,SORBI_3003G357100,0.807236
TG(18:0_18:2_18:2),CTL,individual,3:67620499,3,67620499,7.694603e-09,SORBI_3003G358400,0.692172
TG(18:0_18:2_18:2),CTL,individual,3:67620499,3,67620499,7.694603e-09,SORBI_3003G357232,0.674226
