trait,condition,layer,SNP,chr,ps,p_wald,gene,r2
13S-HOTrE,LIN,individual,1:68584837,1,68584837,1.319865e-13,SORBI_3001G400500,1
13S-HOTrE,LIN,individual,1:68584837,1,68584837,1.319865e-13,SORBI_3001G400500,1
13S-HOTrE,LIN,individual,3:7120849,3,7120849,3.974555e-12,SORBI_3003G083000,1
13S-HOTrE,LIN,individual,3:7120849,3,7120849,3.974555e-12,SORBI_3003G083000,1
13S-HOTrE,LIN,individual,3:7120849,3,7120849,3.974555e-12,SORBI_3003G083100,0.555186
13S-HOTrE,LIN,individual,3:7120849,3,7120849,3.974555e-12,SORBI_3003G082600,0.484025
13S-HOTrE,LIN,individual,3:7120849,3,7120849,3.974555e-12,SORBI_3003G082600,0.472722
13S-HOTrE,LIN,individual,3:7120849,3,7120849,3.974555e-12,SORBI_3003G082401,0.45879
13S-HOTrE,LIN,individual,3:7120849,3,7120849,3.974555e-12,SORBI_3003G082700,0.456233
13S-HOTrE,LIN,individual,3:7120849,3,7120849,3.974555e-12,SORBI_3003G082600,0.417742
13S-HOTrE,LIN,individual,4:4235654,4,4235654,5.212842e-12,SORBI_3004G052200,0.67279
13S-HOTrE,LIN,individual,4:4235654,4,4235654,5.212842e-12,SORBI_3004G049900,0.563012
13S-HOTrE,LIN,individual,4:4235654,4,4235654,5.212842e-12,SORBI_3004G049900,0.509732
13S-HOTrE,LIN,individual,4:4235654,4,4235654,5.212842e-12,SORBI_3004G049800,0.481104
13S-HOTrE,LIN,individual,4:4235654,4,4235654,5.212842e-12,SORBI_3004G051700,0.471796
13S-HOTrE,LIN,individual,4:4235654,4,4235654,5.212842e-12,SORBI_3004G052300,0.468672
13S-HOTrE,LIN,individual,4:4235654,4,4235654,5.212842e-12,SORBI_3004G049800,0.452604
13S-HOTrE,LIN,individual,4:4235654,4,4235654,5.212842e-12,SORBI_3004G049500,0.451718
13S-HOTrE,LIN,individual,4:4235654,4,4235654,5.212842e-12,SORBI_3004G051700,0.439858
13S-HOTrE,LIN,individual,4:4235654,4,4235654,5.212842e-12,SORBI_3004G051600,0.428106
13S-HOTrE,LIN,individual,4:4235654,4,4235654,5.212842e-12,SORBI_3004G049600,0.41196
13S-HOTrE,LIN,individual,4:4235654,4,4235654,5.212842e-12,SORBI_3004G049700,0.41196
13S-HOTrE,LIN,individual,4:4235654,4,4235654,5.212842e-12,SORBI_3004G049600,0.401112
13S-HOTrE,LIN,individual,10:43538082,10,43538082,5.936528e-12,SORBI_3010G151000,0.540099
13S-HOTrE,LIN,individual,10:43538082,10,43538082,5.936528e-12,SORBI_3010G151000,0.531617
13S-HOTrE,LIN,individual,10:43538082,10,43538082,5.936528e-12,SORBI_3010G151000,0.531571
13S-HOTrE,LIN,individual,10:43538082,10,43538082,5.936528e-12,SORBI_3010G151000,0.494016
13S-HOTrE,LIN,individual,10:43538082,10,43538082,5.936528e-12,SORBI_3010G151000,0.487253
13S-HOTrE,LIN,individual,10:43538082,10,43538082,5.936528e-12,SORBI_3010G151000,0.477077
13S-HOTrE,LIN,individual,10:43538082,10,43538082,5.936528e-12,SORBI_3010G151000,0.467429
13S-HOTrE,LIN,individual,10:43538082,10,43538082,5.936528e-12,SORBI_3010G150900,0.460528
13S-HOTrE,LIN,individual,10:43538082,10,43538082,5.936528e-12,SORBI_3010G151000,0.460528
13S-HOTrE,LIN,individual,10:43538082,10,43538082,5.936528e-12,SORBI_3010G150600,0.458541
13S-HOTrE,LIN,individual,10:43538082,10,43538082,5.936528e-12,SORBI_3010G150700,0.458541
13S-HOTrE,LIN,individual,10:43538082,10,43538082,5.936528e-12,SORBI_3010G150600,0.451282
13S-HOTrE,LIN,individual,10:43538082,10,43538082,5.936528e-12,SORBI_3010G151000,0.451282
13S-HOTrE,LIN,individual,10:43538082,10,43538082,5.936528e-12,SORBI_3010G150900,0.447689
13S-HOTrE,LIN,individual,10:43538082,10,43538082,5.936528e-12,SORBI_3010G151000,0.447689
13S-HOTrE,LIN,individual,10:43538082,10,43538082,5.936528e-12,SORBI_3010G151000,0.447174
13S-HOTrE,LIN,individual,10:43538082,10,43538082,5.936528e-12,SORBI_3010G150800,0.445693
13S-HOTrE,LIN,individual,10:43538082,10,43538082,5.936528e-12,SORBI_3010G151000,0.442345
13S-HOTrE,LIN,individual,10:43538082,10,43538082,5.936528e-12,SORBI_3010G151000,0.441337
13S-HOTrE,LIN,individual,10:43538082,10,43538082,5.936528e-12,SORBI_3010G150900,0.440432
13S-HOTrE,LIN,individual,10:43538082,10,43538082,5.936528e-12,SORBI_3010G151000,0.440432
13S-HOTrE,LIN,individual,10:43538082,10,43538082,5.936528e-12,SORBI_3010G151000,0.437216
13S-HOTrE,LIN,individual,10:43538082,10,43538082,5.936528e-12,SORBI_3010G150800,0.432671
13S-HOTrE,LIN,individual,10:43538082,10,43538082,5.936528e-12,SORBI_3010G150700,0.431105
13S-HOTrE,LIN,individual,10:43538082,10,43538082,5.936528e-12,SORBI_3010G150900,0.431105
13S-HOTrE,LIN,individual,10:43538082,10,43538082,5.936528e-12,SORBI_3010G151000,0.431105
13S-HOTrE,LIN,individual,10:43538082,10,43538082,5.936528e-12,SORBI_3010G150600,0.430167
13S-HOTrE,LIN,individual,10:43538082,10,43538082,5.936528e-12,SORBI_3010G150325,0.430112
13S-HOTrE,LIN,individual,10:43538082,10,43538082,5.936528e-12,SORBI_3010G150575,0.430112
13S-HOTrE,LIN,individual,10:43538082,10,43538082,5.936528e-12,SORBI_3010G150900,0.427921
13S-HOTrE,LIN,individual,10:43538082,10,43538082,5.936528e-12,SORBI_3010G151000,0.427921
13S-HOTrE,LIN,individual,10:43538082,10,43538082,5.936528e-12,SORBI_3010G151000,0.427856
13S-HOTrE,LIN,individual,10:43538082,10,43538082,5.936528e-12,SORBI_3010G151000,0.427792
13S-HOTrE,LIN,individual,10:43538082,10,43538082,5.936528e-12,SORBI_3010G150700,0.420386
13S-HOTrE,LIN,individual,10:43538082,10,43538082,5.936528e-12,SORBI_3010G150900,0.419747
13S-HOTrE,LIN,individual,10:43538082,10,43538082,5.936528e-12,SORBI_3010G151000,0.419747
13S-HOTrE,LIN,individual,10:43538082,10,43538082,5.936528e-12,SORBI_3010G150800,0.41183
13S-HOTrE,LIN,individual,10:43538082,10,43538082,5.936528e-12,SORBI_3010G151000,0.41183
13S-HOTrE,LIN,individual,10:43538082,10,43538082,5.936528e-12,SORBI_3010G150700,0.410295
13S-HOTrE,LIN,individual,10:43538082,10,43538082,5.936528e-12,SORBI_3010G151000,0.407672
13S-HOTrE,LIN,individual,10:43538082,10,43538082,5.936528e-12,SORBI_3010G151000,0.405017
13S-HOTrE,LIN,individual,10:43538082,10,43538082,5.936528e-12,SORBI_3010G150325,0.404746
13S-HOTrE,LIN,individual,10:43538082,10,43538082,5.936528e-12,SORBI_3010G150575,0.404746
13S-HOTrE,LIN,individual,10:43538082,10,43538082,5.936528e-12,SORBI_3010G150800,0.404158
13S-HOTrE,LIN,individual,10:43538082,10,43538082,5.936528e-12,SORBI_3010G151000,0.404158
13S-HOTrE,LIN,individual,10:43538082,10,43538082,5.936528e-12,SORBI_3010G151000,0.401903
13S-HOTrE,LIN,individual,10:43538082,10,43538082,5.936528e-12,SORBI_3010G150325,0.400213
13S-HOTrE,LIN,individual,4:4249225,4,4249225,3.812907e-11,SORBI_3004G052300,0.78308
13S-HOTrE,LIN,individual,4:4249225,4,4249225,3.812907e-11,SORBI_3004G052200,0.778557
13S-HOTrE,LIN,individual,4:4249225,4,4249225,3.812907e-11,SORBI_3004G049900,0.688943
13S-HOTrE,LIN,individual,4:4249225,4,4249225,3.812907e-11,SORBI_3004G052300,0.542218
13S-HOTrE,LIN,individual,4:4249225,4,4249225,3.812907e-11,SORBI_3004G052800,0.500071
13S-HOTrE,LIN,individual,4:4249225,4,4249225,3.812907e-11,SORBI_3004G051300,0.486064
13S-HOTrE,LIN,individual,4:4249225,4,4249225,3.812907e-11,SORBI_3004G051200,0.467979
13S-HOTrE,LIN,individual,4:4249225,4,4249225,3.812907e-11,SORBI_3004G051500,0.467979
13S-HOTrE,LIN,individual,4:4249225,4,4249225,3.812907e-11,SORBI_3004G051200,0.461732
13S-HOTrE,LIN,individual,4:4249225,4,4249225,3.812907e-11,SORBI_3004G051166,0.451082
13S-HOTrE,LIN,individual,4:4249225,4,4249225,3.812907e-11,SORBI_3004G051401,0.442646
13S-HOTrE,LIN,individual,4:4249225,4,4249225,3.812907e-11,SORBI_3004G051200,0.436281
13S-HOTrE,LIN,individual,4:4249225,4,4249225,3.812907e-11,SORBI_3004G051700,0.405097
13S-HOTrE,LIN,individual,1:61638513,1,61638513,1.074949e-10,SORBI_3001G328850,0.518806
13S-HOTrE,LIN,individual,1:61638513,1,61638513,1.074949e-10,SORBI_3001G329901,0.504167
13S-HOTrE,LIN,individual,1:61638513,1,61638513,1.074949e-10,SORBI_3001G330925,0.486556
13S-HOTrE,LIN,individual,1:61638513,1,61638513,1.074949e-10,SORBI_3001G330925,0.468052
13S-HOTrE,LIN,individual,1:61638513,1,61638513,1.074949e-10,SORBI_3001G331000,0.465219
13S-HOTrE,LIN,individual,1:61638513,1,61638513,1.074949e-10,SORBI_3001G330925,0.458421
13S-HOTrE,LIN,individual,1:61638513,1,61638513,1.074949e-10,SORBI_3001G328100,0.457747
13S-HOTrE,LIN,individual,1:61638513,1,61638513,1.074949e-10,SORBI_3001G331000,0.451688
13S-HOTrE,LIN,individual,1:61638513,1,61638513,1.074949e-10,SORBI_3001G328100,0.448187
13S-HOTrE,LIN,individual,1:61638513,1,61638513,1.074949e-10,SORBI_3001G328100,0.448181
13S-HOTrE,LIN,individual,1:61638513,1,61638513,1.074949e-10,SORBI_3001G328100,0.429165
13S-HOTrE,LIN,individual,1:61638513,1,61638513,1.074949e-10,SORBI_3001G331100,0.427719
13S-HOTrE,LIN,individual,1:61638513,1,61638513,1.074949e-10,SORBI_3001G328000,0.416457
13S-HOTrE,LIN,individual,1:61638510,1,61638510,1.163217e-10,SORBI_3001G328850,0.518562
13S-HOTrE,LIN,individual,1:61638516,1,61638516,1.163217e-10,SORBI_3001G328850,0.518562
13S-HOTrE,LIN,individual,1:61638510,1,61638510,1.163217e-10,SORBI_3001G329901,0.502774
13S-HOTrE,LIN,individual,1:61638516,1,61638516,1.163217e-10,SORBI_3001G329901,0.502774
13S-HOTrE,LIN,individual,1:61638510,1,61638510,1.163217e-10,SORBI_3001G330925,0.48633
13S-HOTrE,LIN,individual,1:61638516,1,61638516,1.163217e-10,SORBI_3001G330925,0.48633
13S-HOTrE,LIN,individual,1:61638510,1,61638510,1.163217e-10,SORBI_3001G331000,0.479202
13S-HOTrE,LIN,individual,1:61638516,1,61638516,1.163217e-10,SORBI_3001G331000,0.479202
13S-HOTrE,LIN,individual,1:61638510,1,61638510,1.163217e-10,SORBI_3001G330925,0.467821
13S-HOTrE,LIN,individual,1:61638516,1,61638516,1.163217e-10,SORBI_3001G330925,0.467821
13S-HOTrE,LIN,individual,1:61638510,1,61638510,1.163217e-10,SORBI_3001G331000,0.464978
13S-HOTrE,LIN,individual,1:61638516,1,61638516,1.163217e-10,SORBI_3001G331000,0.464978
13S-HOTrE,LIN,individual,1:61638510,1,61638510,1.163217e-10,SORBI_3001G330925,0.458188
13S-HOTrE,LIN,individual,1:61638516,1,61638516,1.163217e-10,SORBI_3001G330925,0.458188
13S-HOTrE,LIN,individual,1:61638510,1,61638510,1.163217e-10,SORBI_3001G328100,0.457514
13S-HOTrE,LIN,individual,1:61638516,1,61638516,1.163217e-10,SORBI_3001G328100,0.457514
13S-HOTrE,LIN,individual,1:61638510,1,61638510,1.163217e-10,SORBI_3001G328100,0.447952
13S-HOTrE,LIN,individual,1:61638516,1,61638516,1.163217e-10,SORBI_3001G328100,0.447952
13S-HOTrE,LIN,individual,1:61638510,1,61638510,1.163217e-10,SORBI_3001G328100,0.447947
13S-HOTrE,LIN,individual,1:61638516,1,61638516,1.163217e-10,SORBI_3001G328100,0.447947
13S-HOTrE,LIN,individual,1:61638510,1,61638510,1.163217e-10,SORBI_3001G331100,0.431496
13S-HOTrE,LIN,individual,1:61638516,1,61638516,1.163217e-10,SORBI_3001G331100,0.431496
13S-HOTrE,LIN,individual,1:61638510,1,61638510,1.163217e-10,SORBI_3001G328100,0.428913
13S-HOTrE,LIN,individual,1:61638516,1,61638516,1.163217e-10,SORBI_3001G328100,0.428913
13S-HOTrE,LIN,individual,1:61638510,1,61638510,1.163217e-10,SORBI_3001G328000,0.416194
13S-HOTrE,LIN,individual,1:61638516,1,61638516,1.163217e-10,SORBI_3001G328000,0.416194
13S-HOTrE,LIN,individual,10:4405495,10,4405495,2.124234e-10,SORBI_3010G057400,0.953284
13S-HOTrE,LIN,individual,10:4405495,10,4405495,2.124234e-10,SORBI_3010G057400,0.944722
13S-HOTrE,LIN,individual,10:4405495,10,4405495,2.124234e-10,SORBI_3010G056800,0.938414
13S-HOTrE,LIN,individual,10:4405495,10,4405495,2.124234e-10,SORBI_3010G056900,0.938414
13S-HOTrE,LIN,individual,10:4405495,10,4405495,2.124234e-10,SORBI_3010G056300,0.929359
13S-HOTrE,LIN,individual,10:4405495,10,4405495,2.124234e-10,SORBI_3010G057000,0.929359
13S-HOTrE,LIN,individual,10:4405495,10,4405495,2.124234e-10,SORBI_3010G056300,0.925006
13S-HOTrE,LIN,individual,10:4405495,10,4405495,2.124234e-10,SORBI_3010G057000,0.925006
13S-HOTrE,LIN,individual,10:4405495,10,4405495,2.124234e-10,SORBI_3010G056900,0.922827
13S-HOTrE,LIN,individual,10:4405495,10,4405495,2.124234e-10,SORBI_3010G056300,0.920778
13S-HOTrE,LIN,individual,10:4405495,10,4405495,2.124234e-10,SORBI_3010G057000,0.920778
13S-HOTrE,LIN,individual,10:4405495,10,4405495,2.124234e-10,SORBI_3010G056900,0.905375
13S-HOTrE,LIN,individual,10:4405495,10,4405495,2.124234e-10,SORBI_3010G056900,0.894417
13S-HOTrE,LIN,individual,10:4405495,10,4405495,2.124234e-10,SORBI_3010G056900,0.891489
13S-HOTrE,LIN,individual,10:4405495,10,4405495,2.124234e-10,SORBI_3010G056900,0.873473
13S-HOTrE,LIN,individual,10:4405495,10,4405495,2.124234e-10,SORBI_3010G056500,0.867285
13S-HOTrE,LIN,individual,10:4405495,10,4405495,2.124234e-10,SORBI_3010G056600,0.851858
13S-HOTrE,LIN,individual,10:4405495,10,4405495,2.124234e-10,SORBI_3010G056200,0.838309
13S-HOTrE,LIN,individual,10:4405495,10,4405495,2.124234e-10,SORBI_3010G056300,0.838309
13S-HOTrE,LIN,individual,10:4405495,10,4405495,2.124234e-10,SORBI_3010G057200,0.838309
13S-HOTrE,LIN,individual,10:4405495,10,4405495,2.124234e-10,SORBI_3010G056300,0.834022
13S-HOTrE,LIN,individual,10:4405495,10,4405495,2.124234e-10,SORBI_3010G056200,0.833738
13S-HOTrE,LIN,individual,10:4405495,10,4405495,2.124234e-10,SORBI_3010G056300,0.833738
13S-HOTrE,LIN,individual,10:4405495,10,4405495,2.124234e-10,SORBI_3010G057100,0.833738
13S-HOTrE,LIN,individual,10:4405495,10,4405495,2.124234e-10,SORBI_3010G057200,0.833738
13S-HOTrE,LIN,individual,10:4405495,10,4405495,2.124234e-10,SORBI_3010G056200,0.831945
13S-HOTrE,LIN,individual,10:4405495,10,4405495,2.124234e-10,SORBI_3010G056200,0.829283
13S-HOTrE,LIN,individual,10:4405495,10,4405495,2.124234e-10,SORBI_3010G057200,0.829283
13S-HOTrE,LIN,individual,10:4405495,10,4405495,2.124234e-10,SORBI_3010G056600,0.829044
13S-HOTrE,LIN,individual,10:4405495,10,4405495,2.124234e-10,SORBI_3010G056500,0.824958
13S-HOTrE,LIN,individual,10:4405495,10,4405495,2.124234e-10,SORBI_3010G056200,0.824952
13S-HOTrE,LIN,individual,10:4405495,10,4405495,2.124234e-10,SORBI_3010G056300,0.824952
13S-HOTrE,LIN,individual,10:4405495,10,4405495,2.124234e-10,SORBI_3010G057200,0.824952
13S-HOTrE,LIN,individual,10:4405495,10,4405495,2.124234e-10,SORBI_3010G056600,0.824344
13S-HOTrE,LIN,individual,10:4405495,10,4405495,2.124234e-10,SORBI_3010G057000,0.822867
13S-HOTrE,LIN,individual,10:4405495,10,4405495,2.124234e-10,SORBI_3010G056200,0.822709
13S-HOTrE,LIN,individual,10:4405495,10,4405495,2.124234e-10,SORBI_3010G057200,0.822709
13S-HOTrE,LIN,individual,10:4405495,10,4405495,2.124234e-10,SORBI_3010G053700,0.821584
13S-HOTrE,LIN,individual,10:4405495,10,4405495,2.124234e-10,SORBI_3010G057200,0.820753
13S-HOTrE,LIN,individual,10:4405495,10,4405495,2.124234e-10,SORBI_3010G057200,0.818267
13S-HOTrE,LIN,individual,10:4405495,10,4405495,2.124234e-10,SORBI_3010G057200,0.81395
13S-HOTrE,LIN,individual,10:4405495,10,4405495,2.124234e-10,SORBI_3010G055200,0.804579
13S-HOTrE,LIN,individual,10:4405495,10,4405495,2.124234e-10,SORBI_3010G055300,0.804579
13S-HOTrE,LIN,individual,10:4405495,10,4405495,2.124234e-10,SORBI_3010G055400,0.804579
13S-HOTrE,LIN,individual,10:4405495,10,4405495,2.124234e-10,SORBI_3010G055500,0.804579
13S-HOTrE,LIN,individual,10:4405495,10,4405495,2.124234e-10,SORBI_3010G055600,0.804579
13S-HOTrE,LIN,individual,10:4405495,10,4405495,2.124234e-10,SORBI_3010G055700,0.804579
13S-HOTrE,LIN,individual,10:4405495,10,4405495,2.124234e-10,SORBI_3010G055800,0.804579
13S-HOTrE,LIN,individual,10:4405495,10,4405495,2.124234e-10,SORBI_3010G055900,0.804579
13S-HOTrE,LIN,individual,10:4405495,10,4405495,2.124234e-10,SORBI_3010G056000,0.804579
13S-HOTrE,LIN,individual,10:4405495,10,4405495,2.124234e-10,SORBI_3010G056100,0.804579
13S-HOTrE,LIN,individual,10:4405495,10,4405495,2.124234e-10,SORBI_3010G056600,0.804576
13S-HOTrE,LIN,individual,10:4405495,10,4405495,2.124234e-10,SORBI_3010G056800,0.802889
13S-HOTrE,LIN,individual,10:4405495,10,4405495,2.124234e-10,SORBI_3010G056200,0.801197
13S-HOTrE,LIN,individual,10:4405495,10,4405495,2.124234e-10,SORBI_3010G055200,0.799886
13S-HOTrE,LIN,individual,10:4405495,10,4405495,2.124234e-10,SORBI_3010G055300,0.799886
13S-HOTrE,LIN,individual,10:4405495,10,4405495,2.124234e-10,SORBI_3010G055400,0.799886
13S-HOTrE,LIN,individual,10:4405495,10,4405495,2.124234e-10,SORBI_3010G055500,0.799886
13S-HOTrE,LIN,individual,10:4405495,10,4405495,2.124234e-10,SORBI_3010G055600,0.799886
13S-HOTrE,LIN,individual,10:4405495,10,4405495,2.124234e-10,SORBI_3010G055700,0.799886
13S-HOTrE,LIN,individual,10:4405495,10,4405495,2.124234e-10,SORBI_3010G055800,0.799886
13S-HOTrE,LIN,individual,10:4405495,10,4405495,2.124234e-10,SORBI_3010G056000,0.799886
13S-HOTrE,LIN,individual,10:4405495,10,4405495,2.124234e-10,SORBI_3010G056100,0.799886
13S-HOTrE,LIN,individual,10:4405495,10,4405495,2.124234e-10,SORBI_3010G055200,0.798315
13S-HOTrE,LIN,individual,10:4405495,10,4405495,2.124234e-10,SORBI_3010G055400,0.798315
13S-HOTrE,LIN,individual,10:4405495,10,4405495,2.124234e-10,SORBI_3010G055500,0.798315
13S-HOTrE,LIN,individual,10:4405495,10,4405495,2.124234e-10,SORBI_3010G055600,0.798315
13S-HOTrE,LIN,individual,10:4405495,10,4405495,2.124234e-10,SORBI_3010G055700,0.798315
13S-HOTrE,LIN,individual,10:4405495,10,4405495,2.124234e-10,SORBI_3010G055800,0.798315
13S-HOTrE,LIN,individual,10:4405495,10,4405495,2.124234e-10,SORBI_3010G056000,0.798315
13S-HOTrE,LIN,individual,10:4405495,10,4405495,2.124234e-10,SORBI_3010G056100,0.798315
13S-HOTrE,LIN,individual,10:4405495,10,4405495,2.124234e-10,SORBI_3010G055200,0.795305
13S-HOTrE,LIN,individual,10:4405495,10,4405495,2.124234e-10,SORBI_3010G055300,0.795305
13S-HOTrE,LIN,individual,10:4405495,10,4405495,2.124234e-10,SORBI_3010G055400,0.795305
13S-HOTrE,LIN,individual,10:4405495,10,4405495,2.124234e-10,SORBI_3010G055500,0.795305
13S-HOTrE,LIN,individual,10:4405495,10,4405495,2.124234e-10,SORBI_3010G055600,0.795305
13S-HOTrE,LIN,individual,10:4405495,10,4405495,2.124234e-10,SORBI_3010G055700,0.795305
13S-HOTrE,LIN,individual,10:4405495,10,4405495,2.124234e-10,SORBI_3010G056000,0.795305
13S-HOTrE,LIN,individual,10:4405495,10,4405495,2.124234e-10,SORBI_3010G056100,0.795305
13S-HOTrE,LIN,individual,10:4405495,10,4405495,2.124234e-10,SORBI_3010G055300,0.795254
13S-HOTrE,LIN,individual,10:4405495,10,4405495,2.124234e-10,SORBI_3010G055500,0.793523
13S-HOTrE,LIN,individual,10:4405495,10,4405495,2.124234e-10,SORBI_3010G055600,0.793523
13S-HOTrE,LIN,individual,10:4405495,10,4405495,2.124234e-10,SORBI_3010G055800,0.793523
13S-HOTrE,LIN,individual,10:4405495,10,4405495,2.124234e-10,SORBI_3010G056100,0.793523
13S-HOTrE,LIN,individual,10:4405495,10,4405495,2.124234e-10,SORBI_3010G055200,0.793419
13S-HOTrE,LIN,individual,10:4405495,10,4405495,2.124234e-10,SORBI_3010G055300,0.793419
13S-HOTrE,LIN,individual,10:4405495,10,4405495,2.124234e-10,SORBI_3010G055200,0.792762
13S-HOTrE,LIN,individual,10:4405495,10,4405495,2.124234e-10,SORBI_3010G055300,0.792762
13S-HOTrE,LIN,individual,10:4405495,10,4405495,2.124234e-10,SORBI_3010G055200,0.790841
13S-HOTrE,LIN,individual,10:4405495,10,4405495,2.124234e-10,SORBI_3010G055300,0.790841
13S-HOTrE,LIN,individual,10:4405495,10,4405495,2.124234e-10,SORBI_3010G055400,0.790841
13S-HOTrE,LIN,individual,10:4405495,10,4405495,2.124234e-10,SORBI_3010G055500,0.790841
13S-HOTrE,LIN,individual,10:4405495,10,4405495,2.124234e-10,SORBI_3010G055600,0.790841
13S-HOTrE,LIN,individual,10:4405495,10,4405495,2.124234e-10,SORBI_3010G055700,0.790841
13S-HOTrE,LIN,individual,10:4405495,10,4405495,2.124234e-10,SORBI_3010G055800,0.790841
13S-HOTrE,LIN,individual,10:4405495,10,4405495,2.124234e-10,SORBI_3010G056000,0.790841
13S-HOTrE,LIN,individual,10:4405495,10,4405495,2.124234e-10,SORBI_3010G056100,0.790841
13S-HOTrE,LIN,individual,10:4405495,10,4405495,2.124234e-10,SORBI_3010G055200,0.788837
13S-HOTrE,LIN,individual,10:4405495,10,4405495,2.124234e-10,SORBI_3010G055400,0.788837
13S-HOTrE,LIN,individual,10:4405495,10,4405495,2.124234e-10,SORBI_3010G055200,0.788067
13S-HOTrE,LIN,individual,10:4405495,10,4405495,2.124234e-10,SORBI_3010G055300,0.788067
13S-HOTrE,LIN,individual,10:4405495,10,4405495,2.124234e-10,SORBI_3010G055200,0.787253
13S-HOTrE,LIN,individual,10:4405495,10,4405495,2.124234e-10,SORBI_3010G055300,0.787253
13S-HOTrE,LIN,individual,10:4405495,10,4405495,2.124234e-10,SORBI_3010G055700,0.787253
13S-HOTrE,LIN,individual,10:4405495,10,4405495,2.124234e-10,SORBI_3010G055200,0.786501
13S-HOTrE,LIN,individual,10:4405495,10,4405495,2.124234e-10,SORBI_3010G055600,0.786501
13S-HOTrE,LIN,individual,10:4405495,10,4405495,2.124234e-10,SORBI_3010G056000,0.786501
13S-HOTrE,LIN,individual,10:4405495,10,4405495,2.124234e-10,SORBI_3010G056100,0.786501
13S-HOTrE,LIN,individual,10:4405495,10,4405495,2.124234e-10,SORBI_3010G055200,0.786125
13S-HOTrE,LIN,individual,10:4405495,10,4405495,2.124234e-10,SORBI_3010G055300,0.786125
13S-HOTrE,LIN,individual,10:4405495,10,4405495,2.124234e-10,SORBI_3010G056800,0.785889
13S-HOTrE,LIN,individual,10:4405495,10,4405495,2.124234e-10,SORBI_3010G055700,0.784264
13S-HOTrE,LIN,individual,10:4405495,10,4405495,2.124234e-10,SORBI_3010G055200,0.782467
13S-HOTrE,LIN,individual,10:4405495,10,4405495,2.124234e-10,SORBI_3010G055300,0.782467
13S-HOTrE,LIN,individual,10:4405495,10,4405495,2.124234e-10,SORBI_3010G055600,0.782294
13S-HOTrE,LIN,individual,10:4405495,10,4405495,2.124234e-10,SORBI_3010G055200,0.780512
13S-HOTrE,LIN,individual,10:4405495,10,4405495,2.124234e-10,SORBI_3010G055300,0.780512
13S-HOTrE,LIN,individual,10:4405495,10,4405495,2.124234e-10,SORBI_3010G055200,0.779078
13S-HOTrE,LIN,individual,10:4405495,10,4405495,2.124234e-10,SORBI_3010G055300,0.779078
13S-HOTrE,LIN,individual,10:4405495,10,4405495,2.124234e-10,SORBI_3010G056000,0.772106
13S-HOTrE,LIN,individual,10:4405495,10,4405495,2.124234e-10,SORBI_3010G056200,0.770593
13S-HOTrE,LIN,individual,10:4405495,10,4405495,2.124234e-10,SORBI_3010G055600,0.768782
13S-HOTrE,LIN,individual,10:4405495,10,4405495,2.124234e-10,SORBI_3010G057200,0.768325
13S-HOTrE,LIN,individual,10:4405495,10,4405495,2.124234e-10,SORBI_3010G056500,0.767657
13S-HOTrE,LIN,individual,10:4405495,10,4405495,2.124234e-10,SORBI_3010G055200,0.767469
13S-HOTrE,LIN,individual,10:4405495,10,4405495,2.124234e-10,SORBI_3010G055300,0.767469
13S-HOTrE,LIN,individual,10:4405495,10,4405495,2.124234e-10,SORBI_3010G056000,0.767469
13S-HOTrE,LIN,individual,10:4405495,10,4405495,2.124234e-10,SORBI_3010G055500,0.766741
13S-HOTrE,LIN,individual,10:4405495,10,4405495,2.124234e-10,SORBI_3010G056600,0.766349
13S-HOTrE,LIN,individual,10:4405495,10,4405495,2.124234e-10,SORBI_3010G055500,0.76579
13S-HOTrE,LIN,individual,10:4405495,10,4405495,2.124234e-10,SORBI_3010G055500,0.762948
13S-HOTrE,LIN,individual,10:4405495,10,4405495,2.124234e-10,SORBI_3010G055200,0.761165
13S-HOTrE,LIN,individual,10:4405495,10,4405495,2.124234e-10,SORBI_3010G055300,0.761165
13S-HOTrE,LIN,individual,10:4405495,10,4405495,2.124234e-10,SORBI_3010G056000,0.761049
13S-HOTrE,LIN,individual,10:4405495,10,4405495,2.124234e-10,SORBI_3010G056900,0.760463
13S-HOTrE,LIN,individual,10:4405495,10,4405495,2.124234e-10,SORBI_3010G054400,0.757609
13S-HOTrE,LIN,individual,10:4405495,10,4405495,2.124234e-10,SORBI_3010G055700,0.754284
13S-HOTrE,LIN,individual,10:4405495,10,4405495,2.124234e-10,SORBI_3010G055300,0.752246
13S-HOTrE,LIN,individual,10:4405495,10,4405495,2.124234e-10,SORBI_3010G055200,0.750811
13S-HOTrE,LIN,individual,10:4405495,10,4405495,2.124234e-10,SORBI_3010G055300,0.750811
13S-HOTrE,LIN,individual,10:4405495,10,4405495,2.124234e-10,SORBI_3010G055200,0.750158
13S-HOTrE,LIN,individual,10:4405495,10,4405495,2.124234e-10,SORBI_3010G055300,0.750158
13S-HOTrE,LIN,individual,10:4405495,10,4405495,2.124234e-10,SORBI_3010G056800,0.750154
13S-HOTrE,LIN,individual,10:4405495,10,4405495,2.124234e-10,SORBI_3010G054000,0.750111
13S-HOTrE,LIN,individual,10:4405495,10,4405495,2.124234e-10,SORBI_3010G056000,0.748084
13S-HOTrE,LIN,individual,10:4405495,10,4405495,2.124234e-10,SORBI_3010G057200,0.747251
13S-HOTrE,LIN,individual,10:4405495,10,4405495,2.124234e-10,SORBI_3010G055200,0.746822
13S-HOTrE,LIN,individual,10:4405495,10,4405495,2.124234e-10,SORBI_3010G055300,0.746822
13S-HOTrE,LIN,individual,10:4405495,10,4405495,2.124234e-10,SORBI_3010G055300,0.742102
13S-HOTrE,LIN,individual,10:4405495,10,4405495,2.124234e-10,SORBI_3010G057200,0.741477
13S-HOTrE,LIN,individual,10:4405495,10,4405495,2.124234e-10,SORBI_3010G055300,0.741475
13S-HOTrE,LIN,individual,10:4405495,10,4405495,2.124234e-10,SORBI_3010G055200,0.736303
13S-HOTrE,LIN,individual,10:4405495,10,4405495,2.124234e-10,SORBI_3010G055300,0.736303
13S-HOTrE,LIN,individual,10:4405495,10,4405495,2.124234e-10,SORBI_3010G055600,0.736303
13S-HOTrE,LIN,individual,10:4405495,10,4405495,2.124234e-10,SORBI_3010G055200,0.736209
13S-HOTrE,LIN,individual,10:4405495,10,4405495,2.124234e-10,SORBI_3010G055300,0.736209
13S-HOTrE,LIN,individual,10:4405495,10,4405495,2.124234e-10,SORBI_3010G055200,0.735749
13S-HOTrE,LIN,individual,10:4405495,10,4405495,2.124234e-10,SORBI_3010G055300,0.735749
13S-HOTrE,LIN,individual,10:4405495,10,4405495,2.124234e-10,SORBI_3010G055200,0.735609
13S-HOTrE,LIN,individual,10:4405495,10,4405495,2.124234e-10,SORBI_3010G055300,0.735609
13S-HOTrE,LIN,individual,10:4405495,10,4405495,2.124234e-10,SORBI_3010G053700,0.7344
13S-HOTrE,LIN,individual,10:4405495,10,4405495,2.124234e-10,SORBI_3010G055700,0.732943
13S-HOTrE,LIN,individual,10:4405495,10,4405495,2.124234e-10,SORBI_3010G055200,0.730929
13S-HOTrE,LIN,individual,10:4405495,10,4405495,2.124234e-10,SORBI_3010G055300,0.730929
13S-HOTrE,LIN,individual,10:4405495,10,4405495,2.124234e-10,SORBI_3010G057200,0.730422
13S-HOTrE,LIN,individual,10:4405495,10,4405495,2.124234e-10,SORBI_3010G057200,0.730119
13S-HOTrE,LIN,individual,10:4405495,10,4405495,2.124234e-10,SORBI_3010G055200,0.730105
13S-HOTrE,LIN,individual,10:4405495,10,4405495,2.124234e-10,SORBI_3010G055300,0.730105
13S-HOTrE,LIN,individual,10:4405495,10,4405495,2.124234e-10,SORBI_3010G055200,0.725245
13S-HOTrE,LIN,individual,10:4405495,10,4405495,2.124234e-10,SORBI_3010G055300,0.725245
13S-HOTrE,LIN,individual,10:4405495,10,4405495,2.124234e-10,SORBI_3010G055200,0.725144
13S-HOTrE,LIN,individual,10:4405495,10,4405495,2.124234e-10,SORBI_3010G055300,0.725144
13S-HOTrE,LIN,individual,10:4405495,10,4405495,2.124234e-10,SORBI_3010G055200,0.725134
13S-HOTrE,LIN,individual,10:4405495,10,4405495,2.124234e-10,SORBI_3010G055300,0.725134
13S-HOTrE,LIN,individual,10:4405495,10,4405495,2.124234e-10,SORBI_3010G057200,0.724706
13S-HOTrE,LIN,individual,10:4405495,10,4405495,2.124234e-10,SORBI_3010G057200,0.724542
13S-HOTrE,LIN,individual,10:4405495,10,4405495,2.124234e-10,SORBI_3010G057100,0.723842
13S-HOTrE,LIN,individual,10:4405495,10,4405495,2.124234e-10,SORBI_3010G055200,0.719671
13S-HOTrE,LIN,individual,10:4405495,10,4405495,2.124234e-10,SORBI_3010G055300,0.719671
13S-HOTrE,LIN,individual,10:4405495,10,4405495,2.124234e-10,SORBI_3010G054400,0.718963
13S-HOTrE,LIN,individual,10:4405495,10,4405495,2.124234e-10,SORBI_3010G056500,0.717169
13S-HOTrE,LIN,individual,10:4405495,10,4405495,2.124234e-10,SORBI_3010G056800,0.717169
13S-HOTrE,LIN,individual,10:4405495,10,4405495,2.124234e-10,SORBI_3010G056800,0.716261
13S-HOTrE,LIN,individual,10:4405495,10,4405495,2.124234e-10,SORBI_3010G055200,0.715112
13S-HOTrE,LIN,individual,10:4405495,10,4405495,2.124234e-10,SORBI_3010G055300,0.715112
13S-HOTrE,LIN,individual,10:4405495,10,4405495,2.124234e-10,SORBI_3010G056500,0.714873
13S-HOTrE,LIN,individual,10:4405495,10,4405495,2.124234e-10,SORBI_3010G055200,0.714272
13S-HOTrE,LIN,individual,10:4405495,10,4405495,2.124234e-10,SORBI_3010G055300,0.714272
13S-HOTrE,LIN,individual,10:4405495,10,4405495,2.124234e-10,SORBI_3010G057400,0.713226
13S-HOTrE,LIN,individual,10:4405495,10,4405495,2.124234e-10,SORBI_3010G057400,0.706359
13S-HOTrE,LIN,individual,10:4405495,10,4405495,2.124234e-10,SORBI_3010G055200,0.703834
13S-HOTrE,LIN,individual,10:4405495,10,4405495,2.124234e-10,SORBI_3010G055300,0.703834
13S-HOTrE,LIN,individual,10:4405495,10,4405495,2.124234e-10,SORBI_3010G055200,0.703747
13S-HOTrE,LIN,individual,10:4405495,10,4405495,2.124234e-10,SORBI_3010G055300,0.703747
13S-HOTrE,LIN,individual,10:4405495,10,4405495,2.124234e-10,SORBI_3010G058650,0.701638
13S-HOTrE,LIN,individual,10:4405495,10,4405495,2.124234e-10,SORBI_3010G057400,0.699518
13S-HOTrE,LIN,individual,10:4405495,10,4405495,2.124234e-10,SORBI_3010G054400,0.697696
13S-HOTrE,LIN,individual,10:4405495,10,4405495,2.124234e-10,SORBI_3010G055200,0.693516
13S-HOTrE,LIN,individual,10:4405495,10,4405495,2.124234e-10,SORBI_3010G055300,0.693516
13S-HOTrE,LIN,individual,10:4405495,10,4405495,2.124234e-10,SORBI_3010G056500,0.691878
13S-HOTrE,LIN,individual,10:4405495,10,4405495,2.124234e-10,SORBI_3010G055200,0.686766
13S-HOTrE,LIN,individual,10:4405495,10,4405495,2.124234e-10,SORBI_3010G055300,0.686766
13S-HOTrE,LIN,individual,10:4405495,10,4405495,2.124234e-10,SORBI_3010G056900,0.686626
13S-HOTrE,LIN,individual,10:4405495,10,4405495,2.124234e-10,SORBI_3010G056100,0.686063
13S-HOTrE,LIN,individual,10:4405495,10,4405495,2.124234e-10,SORBI_3010G057400,0.682634
13S-HOTrE,LIN,individual,10:4405495,10,4405495,2.124234e-10,SORBI_3010G055700,0.682237
13S-HOTrE,LIN,individual,10:4405495,10,4405495,2.124234e-10,SORBI_3010G058600,0.681141
13S-HOTrE,LIN,individual,10:4405495,10,4405495,2.124234e-10,SORBI_3010G058650,0.681141
13S-HOTrE,LIN,individual,10:4405495,10,4405495,2.124234e-10,SORBI_3010G057400,0.679631
13S-HOTrE,LIN,individual,10:4405495,10,4405495,2.124234e-10,SORBI_3010G054300,0.677556
13S-HOTrE,LIN,individual,10:4405495,10,4405495,2.124234e-10,SORBI_3010G054300,0.677048
13S-HOTrE,LIN,individual,10:4405495,10,4405495,2.124234e-10,SORBI_3010G054400,0.677048
13S-HOTrE,LIN,individual,10:4405495,10,4405495,2.124234e-10,SORBI_3010G054000,0.675518
13S-HOTrE,LIN,individual,10:4405495,10,4405495,2.124234e-10,SORBI_3010G056500,0.672188
13S-HOTrE,LIN,individual,10:4405495,10,4405495,2.124234e-10,SORBI_3010G054000,0.668289
13S-HOTrE,LIN,individual,10:4405495,10,4405495,2.124234e-10,SORBI_3010G054300,0.668289
13S-HOTrE,LIN,individual,10:4405495,10,4405495,2.124234e-10,SORBI_3010G054400,0.668289
13S-HOTrE,LIN,individual,10:4405495,10,4405495,2.124234e-10,SORBI_3010G053700,0.667907
13S-HOTrE,LIN,individual,10:4405495,10,4405495,2.124234e-10,SORBI_3010G055600,0.667286
13S-HOTrE,LIN,individual,10:4405495,10,4405495,2.124234e-10,SORBI_3010G055600,0.666102
13S-HOTrE,LIN,individual,10:4405495,10,4405495,2.124234e-10,SORBI_3010G056500,0.663031
13S-HOTrE,LIN,individual,10:4405495,10,4405495,2.124234e-10,SORBI_3010G056300,0.661623
13S-HOTrE,LIN,individual,10:4405495,10,4405495,2.124234e-10,SORBI_3010G054300,0.657367
13S-HOTrE,LIN,individual,10:4405495,10,4405495,2.124234e-10,SORBI_3010G057250,0.655777
13S-HOTrE,LIN,individual,10:4405495,10,4405495,2.124234e-10,SORBI_3010G054300,0.655667
13S-HOTrE,LIN,individual,10:4405495,10,4405495,2.124234e-10,SORBI_3010G055600,0.651033
13S-HOTrE,LIN,individual,10:4405495,10,4405495,2.124234e-10,SORBI_3010G055600,0.646737
13S-HOTrE,LIN,individual,10:4405495,10,4405495,2.124234e-10,SORBI_3010G055600,0.643412
13S-HOTrE,LIN,individual,10:4405495,10,4405495,2.124234e-10,SORBI_3010G055200,0.640693
13S-HOTrE,LIN,individual,10:4405495,10,4405495,2.124234e-10,SORBI_3010G055300,0.640693
13S-HOTrE,LIN,individual,10:4405495,10,4405495,2.124234e-10,SORBI_3010G055200,0.63973
13S-HOTrE,LIN,individual,10:4405495,10,4405495,2.124234e-10,SORBI_3010G055300,0.63973
13S-HOTrE,LIN,individual,10:4405495,10,4405495,2.124234e-10,SORBI_3010G055600,0.636327
13S-HOTrE,LIN,individual,10:4405495,10,4405495,2.124234e-10,SORBI_3010G058650,0.63502
13S-HOTrE,LIN,individual,10:4405495,10,4405495,2.124234e-10,SORBI_3010G056500,0.631861
13S-HOTrE,LIN,individual,10:4405495,10,4405495,2.124234e-10,SORBI_3010G055600,0.62993
13S-HOTrE,LIN,individual,10:4405495,10,4405495,2.124234e-10,SORBI_3010G054000,0.629836
13S-HOTrE,LIN,individual,10:4405495,10,4405495,2.124234e-10,SORBI_3010G058650,0.628485
13S-HOTrE,LIN,individual,10:4405495,10,4405495,2.124234e-10,SORBI_3010G055600,0.626739
13S-HOTrE,LIN,individual,10:4405495,10,4405495,2.124234e-10,SORBI_3010G055600,0.622604
13S-HOTrE,LIN,individual,10:4405495,10,4405495,2.124234e-10,SORBI_3010G054700,0.619571
13S-HOTrE,LIN,individual,10:4405495,10,4405495,2.124234e-10,SORBI_3010G054900,0.619571
13S-HOTrE,LIN,individual,10:4405495,10,4405495,2.124234e-10,SORBI_3010G057300,0.618902
13S-HOTrE,LIN,individual,10:4405495,10,4405495,2.124234e-10,SORBI_3010G055700,0.618351
13S-HOTrE,LIN,individual,10:4405495,10,4405495,2.124234e-10,SORBI_3010G058600,0.617418
13S-HOTrE,LIN,individual,10:4405495,10,4405495,2.124234e-10,SORBI_3010G058650,0.617418
13S-HOTrE,LIN,individual,10:4405495,10,4405495,2.124234e-10,SORBI_3010G057300,0.617003
13S-HOTrE,LIN,individual,10:4405495,10,4405495,2.124234e-10,SORBI_3010G056500,0.614537
13S-HOTrE,LIN,individual,10:4405495,10,4405495,2.124234e-10,SORBI_3010G054000,0.612568
13S-HOTrE,LIN,individual,10:4405495,10,4405495,2.124234e-10,SORBI_3010G055600,0.612181
13S-HOTrE,LIN,individual,10:4405495,10,4405495,2.124234e-10,SORBI_3010G054400,0.607749
13S-HOTrE,LIN,individual,10:4405495,10,4405495,2.124234e-10,SORBI_3010G056500,0.606629
13S-HOTrE,LIN,individual,10:4405495,10,4405495,2.124234e-10,SORBI_3010G057400,0.60592
13S-HOTrE,LIN,individual,10:4405495,10,4405495,2.124234e-10,SORBI_3010G058600,0.605537
13S-HOTrE,LIN,individual,10:4405495,10,4405495,2.124234e-10,SORBI_3010G058650,0.605537
13S-HOTrE,LIN,individual,10:4405495,10,4405495,2.124234e-10,SORBI_3010G057300,0.602867
13S-HOTrE,LIN,individual,10:4405495,10,4405495,2.124234e-10,SORBI_3010G058600,0.600572
13S-HOTrE,LIN,individual,10:4405495,10,4405495,2.124234e-10,SORBI_3010G058650,0.600572
13S-HOTrE,LIN,individual,10:4405495,10,4405495,2.124234e-10,SORBI_3010G054400,0.598552
13S-HOTrE,LIN,individual,10:4405495,10,4405495,2.124234e-10,SORBI_3010G057300,0.598391
13S-HOTrE,LIN,individual,10:4405495,10,4405495,2.124234e-10,SORBI_3010G057300,0.596396
13S-HOTrE,LIN,individual,10:4405495,10,4405495,2.124234e-10,SORBI_3010G054000,0.596301
13S-HOTrE,LIN,individual,10:4405495,10,4405495,2.124234e-10,SORBI_3010G054000,0.595966
13S-HOTrE,LIN,individual,10:4405495,10,4405495,2.124234e-10,SORBI_3010G053800,0.595955
13S-HOTrE,LIN,individual,10:4405495,10,4405495,2.124234e-10,SORBI_3010G054700,0.594799
13S-HOTrE,LIN,individual,10:4405495,10,4405495,2.124234e-10,SORBI_3010G058600,0.594574
13S-HOTrE,LIN,individual,10:4405495,10,4405495,2.124234e-10,SORBI_3010G058650,0.594574
13S-HOTrE,LIN,individual,10:4405495,10,4405495,2.124234e-10,SORBI_3010G057300,0.594053
13S-HOTrE,LIN,individual,10:4405495,10,4405495,2.124234e-10,SORBI_3010G054000,0.592937
13S-HOTrE,LIN,individual,10:4405495,10,4405495,2.124234e-10,SORBI_3010G057400,0.592684
13S-HOTrE,LIN,individual,10:4405495,10,4405495,2.124234e-10,SORBI_3010G057300,0.591795
13S-HOTrE,LIN,individual,10:4405495,10,4405495,2.124234e-10,SORBI_3010G054000,0.591587
13S-HOTrE,LIN,individual,10:4405495,10,4405495,2.124234e-10,SORBI_3010G054000,0.588493
13S-HOTrE,LIN,individual,10:4405495,10,4405495,2.124234e-10,SORBI_3010G058650,0.586369
13S-HOTrE,LIN,individual,10:4405495,10,4405495,2.124234e-10,SORBI_3010G054000,0.585347
13S-HOTrE,LIN,individual,10:4405495,10,4405495,2.124234e-10,SORBI_3010G054700,0.584894
13S-HOTrE,LIN,individual,10:4405495,10,4405495,2.124234e-10,SORBI_3010G054900,0.584894
13S-HOTrE,LIN,individual,10:4405495,10,4405495,2.124234e-10,SORBI_3010G056500,0.579193
13S-HOTrE,LIN,individual,10:4405495,10,4405495,2.124234e-10,SORBI_3010G058600,0.57812
13S-HOTrE,LIN,individual,10:4405495,10,4405495,2.124234e-10,SORBI_3010G058650,0.57812
13S-HOTrE,LIN,individual,10:4405495,10,4405495,2.124234e-10,SORBI_3010G054000,0.577098
13S-HOTrE,LIN,individual,10:4405495,10,4405495,2.124234e-10,SORBI_3010G055600,0.57469
13S-HOTrE,LIN,individual,10:4405495,10,4405495,2.124234e-10,SORBI_3010G058600,0.573483
13S-HOTrE,LIN,individual,10:4405495,10,4405495,2.124234e-10,SORBI_3010G058650,0.573483
13S-HOTrE,LIN,individual,10:4405495,10,4405495,2.124234e-10,SORBI_3010G055600,0.572814
13S-HOTrE,LIN,individual,10:4405495,10,4405495,2.124234e-10,SORBI_3010G054400,0.57096
13S-HOTrE,LIN,individual,10:4405495,10,4405495,2.124234e-10,SORBI_3010G054500,0.57064
13S-HOTrE,LIN,individual,10:4405495,10,4405495,2.124234e-10,SORBI_3010G054000,0.568179
13S-HOTrE,LIN,individual,10:4405495,10,4405495,2.124234e-10,SORBI_3010G057300,0.568145
13S-HOTrE,LIN,individual,10:4405495,10,4405495,2.124234e-10,SORBI_3010G054000,0.567894
13S-HOTrE,LIN,individual,10:4405495,10,4405495,2.124234e-10,SORBI_3010G054000,0.564144
13S-HOTrE,LIN,individual,10:4405495,10,4405495,2.124234e-10,SORBI_3010G058600,0.564084
13S-HOTrE,LIN,individual,10:4405495,10,4405495,2.124234e-10,SORBI_3010G058650,0.564084
13S-HOTrE,LIN,individual,10:4405495,10,4405495,2.124234e-10,SORBI_3010G055000,0.561592
13S-HOTrE,LIN,individual,10:4405495,10,4405495,2.124234e-10,SORBI_3010G058650,0.555787
13S-HOTrE,LIN,individual,10:4405495,10,4405495,2.124234e-10,SORBI_3010G054000,0.554267
13S-HOTrE,LIN,individual,10:4405495,10,4405495,2.124234e-10,SORBI_3010G058600,0.55285
13S-HOTrE,LIN,individual,10:4405495,10,4405495,2.124234e-10,SORBI_3010G058650,0.55285
13S-HOTrE,LIN,individual,10:4405495,10,4405495,2.124234e-10,SORBI_3010G058700,0.551843
13S-HOTrE,LIN,individual,10:4405495,10,4405495,2.124234e-10,SORBI_3010G054600,0.550925
13S-HOTrE,LIN,individual,10:4405495,10,4405495,2.124234e-10,SORBI_3010G054700,0.550925
13S-HOTrE,LIN,individual,10:4405495,10,4405495,2.124234e-10,SORBI_3010G054800,0.550925
13S-HOTrE,LIN,individual,10:4405495,10,4405495,2.124234e-10,SORBI_3010G054900,0.550925
13S-HOTrE,LIN,individual,10:4405495,10,4405495,2.124234e-10,SORBI_3010G055000,0.550925
13S-HOTrE,LIN,individual,10:4405495,10,4405495,2.124234e-10,SORBI_3010G055100,0.550925
13S-HOTrE,LIN,individual,10:4405495,10,4405495,2.124234e-10,SORBI_3010G055000,0.548781
13S-HOTrE,LIN,individual,10:4405495,10,4405495,2.124234e-10,SORBI_3010G058650,0.548665
13S-HOTrE,LIN,individual,10:4405495,10,4405495,2.124234e-10,SORBI_3010G054000,0.546702
13S-HOTrE,LIN,individual,10:4405495,10,4405495,2.124234e-10,SORBI_3010G054400,0.546521
13S-HOTrE,LIN,individual,10:4405495,10,4405495,2.124234e-10,SORBI_3010G054600,0.546332
13S-HOTrE,LIN,individual,10:4405495,10,4405495,2.124234e-10,SORBI_3010G054700,0.546332
13S-HOTrE,LIN,individual,10:4405495,10,4405495,2.124234e-10,SORBI_3010G054800,0.546332
13S-HOTrE,LIN,individual,10:4405495,10,4405495,2.124234e-10,SORBI_3010G054900,0.546332
13S-HOTrE,LIN,individual,10:4405495,10,4405495,2.124234e-10,SORBI_3010G055000,0.546332
13S-HOTrE,LIN,individual,10:4405495,10,4405495,2.124234e-10,SORBI_3010G055100,0.546332
13S-HOTrE,LIN,individual,10:4405495,10,4405495,2.124234e-10,SORBI_3010G058700,0.545691
13S-HOTrE,LIN,individual,10:4405495,10,4405495,2.124234e-10,SORBI_3010G055100,0.544569
13S-HOTrE,LIN,individual,10:4405495,10,4405495,2.124234e-10,SORBI_3010G054400,0.544305
13S-HOTrE,LIN,individual,10:4405495,10,4405495,2.124234e-10,SORBI_3010G058650,0.543638
13S-HOTrE,LIN,individual,10:4405495,10,4405495,2.124234e-10,SORBI_3010G055100,0.542922
13S-HOTrE,LIN,individual,10:4405495,10,4405495,2.124234e-10,SORBI_3010G058650,0.542599
13S-HOTrE,LIN,individual,10:4405495,10,4405495,2.124234e-10,SORBI_3010G054700,0.541873
13S-HOTrE,LIN,individual,10:4405495,10,4405495,2.124234e-10,SORBI_3010G054800,0.541873
13S-HOTrE,LIN,individual,10:4405495,10,4405495,2.124234e-10,SORBI_3010G054900,0.541873
13S-HOTrE,LIN,individual,10:4405495,10,4405495,2.124234e-10,SORBI_3010G055100,0.541873
13S-HOTrE,LIN,individual,10:4405495,10,4405495,2.124234e-10,SORBI_3010G055100,0.53985
13S-HOTrE,LIN,individual,10:4405495,10,4405495,2.124234e-10,SORBI_3010G058600,0.539581
13S-HOTrE,LIN,individual,10:4405495,10,4405495,2.124234e-10,SORBI_3010G058650,0.539581
13S-HOTrE,LIN,individual,10:4405495,10,4405495,2.124234e-10,SORBI_3010G054700,0.537558
13S-HOTrE,LIN,individual,10:4405495,10,4405495,2.124234e-10,SORBI_3010G054900,0.537558
13S-HOTrE,LIN,individual,10:4405495,10,4405495,2.124234e-10,SORBI_3010G055100,0.537558
13S-HOTrE,LIN,individual,10:4405495,10,4405495,2.124234e-10,SORBI_3010G058650,0.536485
13S-HOTrE,LIN,individual,10:4405495,10,4405495,2.124234e-10,SORBI_3010G054400,0.535907
13S-HOTrE,LIN,individual,10:4405495,10,4405495,2.124234e-10,SORBI_3010G056000,0.535451
13S-HOTrE,LIN,individual,10:4405495,10,4405495,2.124234e-10,SORBI_3010G055100,0.535257
13S-HOTrE,LIN,individual,10:4405495,10,4405495,2.124234e-10,SORBI_3010G058600,0.535203
13S-HOTrE,LIN,individual,10:4405495,10,4405495,2.124234e-10,SORBI_3010G058650,0.535203
13S-HOTrE,LIN,individual,10:4405495,10,4405495,2.124234e-10,SORBI_3010G055600,0.53495
13S-HOTrE,LIN,individual,10:4405495,10,4405495,2.124234e-10,SORBI_3010G058650,0.534901
13S-HOTrE,LIN,individual,10:4405495,10,4405495,2.124234e-10,SORBI_3010G055600,0.533705
13S-HOTrE,LIN,individual,10:4405495,10,4405495,2.124234e-10,SORBI_3010G054700,0.533399
13S-HOTrE,LIN,individual,10:4405495,10,4405495,2.124234e-10,SORBI_3010G054900,0.533399
13S-HOTrE,LIN,individual,10:4405495,10,4405495,2.124234e-10,SORBI_3010G054000,0.533048
13S-HOTrE,LIN,individual,10:4405495,10,4405495,2.124234e-10,SORBI_3010G054400,0.53206
13S-HOTrE,LIN,individual,10:4405495,10,4405495,2.124234e-10,SORBI_3010G055100,0.5308
13S-HOTrE,LIN,individual,10:4405495,10,4405495,2.124234e-10,SORBI_3010G054400,0.529901
13S-HOTrE,LIN,individual,10:4405495,10,4405495,2.124234e-10,SORBI_3010G054700,0.529412
13S-HOTrE,LIN,individual,10:4405495,10,4405495,2.124234e-10,SORBI_3010G058650,0.528395
13S-HOTrE,LIN,individual,10:4405495,10,4405495,2.124234e-10,SORBI_3010G058650,0.527736
13S-HOTrE,LIN,individual,10:4405495,10,4405495,2.124234e-10,SORBI_3010G054400,0.527503
13S-HOTrE,LIN,individual,10:4405495,10,4405495,2.124234e-10,SORBI_3010G055100,0.526178
13S-HOTrE,LIN,individual,10:4405495,10,4405495,2.124234e-10,SORBI_3010G057250,0.525926
13S-HOTrE,LIN,individual,10:4405495,10,4405495,2.124234e-10,SORBI_3010G054700,0.5259
13S-HOTrE,LIN,individual,10:4405495,10,4405495,2.124234e-10,SORBI_3010G054800,0.5259
13S-HOTrE,LIN,individual,10:4405495,10,4405495,2.124234e-10,SORBI_3010G055100,0.5259
13S-HOTrE,LIN,individual,10:4405495,10,4405495,2.124234e-10,SORBI_3010G054400,0.52583
13S-HOTrE,LIN,individual,10:4405495,10,4405495,2.124234e-10,SORBI_3010G054700,0.525612
13S-HOTrE,LIN,individual,10:4405495,10,4405495,2.124234e-10,SORBI_3010G054300,0.523099
13S-HOTrE,LIN,individual,10:4405495,10,4405495,2.124234e-10,SORBI_3010G054400,0.523099
13S-HOTrE,LIN,individual,10:4405495,10,4405495,2.124234e-10,SORBI_3010G054400,0.522329
13S-HOTrE,LIN,individual,10:4405495,10,4405495,2.124234e-10,SORBI_3010G053800,0.522081
13S-HOTrE,LIN,individual,10:4405495,10,4405495,2.124234e-10,SORBI_3010G055000,0.522068
13S-HOTrE,LIN,individual,10:4405495,10,4405495,2.124234e-10,SORBI_3010G058600,0.521429
13S-HOTrE,LIN,individual,10:4405495,10,4405495,2.124234e-10,SORBI_3010G058650,0.521429
13S-HOTrE,LIN,individual,10:4405495,10,4405495,2.124234e-10,SORBI_3010G054400,0.520991
13S-HOTrE,LIN,individual,10:4405495,10,4405495,2.124234e-10,SORBI_3010G058650,0.520585
13S-HOTrE,LIN,individual,10:4405495,10,4405495,2.124234e-10,SORBI_3010G054400,0.519437
13S-HOTrE,LIN,individual,10:4405495,10,4405495,2.124234e-10,SORBI_3010G054400,0.518863
13S-HOTrE,LIN,individual,10:4405495,10,4405495,2.124234e-10,SORBI_3010G054400,0.517813
13S-HOTrE,LIN,individual,10:4405495,10,4405495,2.124234e-10,SORBI_3010G058650,0.517586
13S-HOTrE,LIN,individual,10:4405495,10,4405495,2.124234e-10,SORBI_3010G054700,0.517399
13S-HOTrE,LIN,individual,10:4405495,10,4405495,2.124234e-10,SORBI_3010G054800,0.517399
13S-HOTrE,LIN,individual,10:4405495,10,4405495,2.124234e-10,SORBI_3010G054400,0.516442
13S-HOTrE,LIN,individual,10:4405495,10,4405495,2.124234e-10,SORBI_3010G054400,0.515916
13S-HOTrE,LIN,individual,10:4405495,10,4405495,2.124234e-10,SORBI_3010G054400,0.513454
13S-HOTrE,LIN,individual,10:4405495,10,4405495,2.124234e-10,SORBI_3010G058650,0.513448
13S-HOTrE,LIN,individual,10:4405495,10,4405495,2.124234e-10,SORBI_3010G058600,0.512475
13S-HOTrE,LIN,individual,10:4405495,10,4405495,2.124234e-10,SORBI_3010G058650,0.512475
13S-HOTrE,LIN,individual,10:4405495,10,4405495,2.124234e-10,SORBI_3010G054400,0.51126
13S-HOTrE,LIN,individual,10:4405495,10,4405495,2.124234e-10,SORBI_3010G055100,0.511091
13S-HOTrE,LIN,individual,10:4405495,10,4405495,2.124234e-10,SORBI_3010G058650,0.510436
13S-HOTrE,LIN,individual,10:4405495,10,4405495,2.124234e-10,SORBI_3010G054400,0.509923
13S-HOTrE,LIN,individual,10:4405495,10,4405495,2.124234e-10,SORBI_3010G054400,0.509633
13S-HOTrE,LIN,individual,10:4405495,10,4405495,2.124234e-10,SORBI_3010G054400,0.509266
13S-HOTrE,LIN,individual,10:4405495,10,4405495,2.124234e-10,SORBI_3010G057250,0.509083
13S-HOTrE,LIN,individual,10:4405495,10,4405495,2.124234e-10,SORBI_3010G058600,0.507479
13S-HOTrE,LIN,individual,10:4405495,10,4405495,2.124234e-10,SORBI_3010G058650,0.507479
13S-HOTrE,LIN,individual,10:4405495,10,4405495,2.124234e-10,SORBI_3010G053700,0.506992
13S-HOTrE,LIN,individual,10:4405495,10,4405495,2.124234e-10,SORBI_3010G054400,0.506751
13S-HOTrE,LIN,individual,10:4405495,10,4405495,2.124234e-10,SORBI_3010G055100,0.506485
13S-HOTrE,LIN,individual,10:4405495,10,4405495,2.124234e-10,SORBI_3010G058650,0.506326
13S-HOTrE,LIN,individual,10:4405495,10,4405495,2.124234e-10,SORBI_3010G054400,0.506264
13S-HOTrE,LIN,individual,10:4405495,10,4405495,2.124234e-10,SORBI_3010G058600,0.505394
13S-HOTrE,LIN,individual,10:4405495,10,4405495,2.124234e-10,SORBI_3010G058650,0.505394
13S-HOTrE,LIN,individual,10:4405495,10,4405495,2.124234e-10,SORBI_3010G054400,0.504843
13S-HOTrE,LIN,individual,10:4405495,10,4405495,2.124234e-10,SORBI_3010G058600,0.503298
13S-HOTrE,LIN,individual,10:4405495,10,4405495,2.124234e-10,SORBI_3010G058650,0.503298
13S-HOTrE,LIN,individual,10:4405495,10,4405495,2.124234e-10,SORBI_3010G054700,0.501919
13S-HOTrE,LIN,individual,10:4405495,10,4405495,2.124234e-10,SORBI_3010G054800,0.501919
13S-HOTrE,LIN,individual,10:4405495,10,4405495,2.124234e-10,SORBI_3010G053600,0.501782
13S-HOTrE,LIN,individual,10:4405495,10,4405495,2.124234e-10,SORBI_3010G054100,0.501782
13S-HOTrE,LIN,individual,10:4405495,10,4405495,2.124234e-10,SORBI_3010G054150,0.501782
13S-HOTrE,LIN,individual,10:4405495,10,4405495,2.124234e-10,SORBI_3010G054400,0.501647
13S-HOTrE,LIN,individual,10:4405495,10,4405495,2.124234e-10,SORBI_3010G054700,0.50158
13S-HOTrE,LIN,individual,10:4405495,10,4405495,2.124234e-10,SORBI_3010G055600,0.499643
13S-HOTrE,LIN,individual,10:4405495,10,4405495,2.124234e-10,SORBI_3010G055100,0.499563
13S-HOTrE,LIN,individual,10:4405495,10,4405495,2.124234e-10,SORBI_3010G058650,0.499217
13S-HOTrE,LIN,individual,10:4405495,10,4405495,2.124234e-10,SORBI_3010G054400,0.498558
13S-HOTrE,LIN,individual,10:4405495,10,4405495,2.124234e-10,SORBI_3010G054400,0.495191
13S-HOTrE,LIN,individual,10:4405495,10,4405495,2.124234e-10,SORBI_3010G053800,0.49455
13S-HOTrE,LIN,individual,10:4405495,10,4405495,2.124234e-10,SORBI_3010G058650,0.492123
13S-HOTrE,LIN,individual,10:4405495,10,4405495,2.124234e-10,SORBI_3010G053500,0.490659
13S-HOTrE,LIN,individual,10:4405495,10,4405495,2.124234e-10,SORBI_3010G053600,0.490659
13S-HOTrE,LIN,individual,10:4405495,10,4405495,2.124234e-10,SORBI_3010G053700,0.490659
13S-HOTrE,LIN,individual,10:4405495,10,4405495,2.124234e-10,SORBI_3010G053800,0.490659
13S-HOTrE,LIN,individual,10:4405495,10,4405495,2.124234e-10,SORBI_3010G053900,0.490659
13S-HOTrE,LIN,individual,10:4405495,10,4405495,2.124234e-10,SORBI_3010G054000,0.490659
13S-HOTrE,LIN,individual,10:4405495,10,4405495,2.124234e-10,SORBI_3010G054100,0.490659
13S-HOTrE,LIN,individual,10:4405495,10,4405495,2.124234e-10,SORBI_3010G054150,0.490659
13S-HOTrE,LIN,individual,10:4405495,10,4405495,2.124234e-10,SORBI_3010G054200,0.490659
13S-HOTrE,LIN,individual,10:4405495,10,4405495,2.124234e-10,SORBI_3010G054300,0.490659
13S-HOTrE,LIN,individual,10:4405495,10,4405495,2.124234e-10,SORBI_3010G054500,0.490659
13S-HOTrE,LIN,individual,10:4405495,10,4405495,2.124234e-10,SORBI_3010G053600,0.490497
13S-HOTrE,LIN,individual,10:4405495,10,4405495,2.124234e-10,SORBI_3010G054400,0.48887
13S-HOTrE,LIN,individual,10:4405495,10,4405495,2.124234e-10,SORBI_3010G054400,0.48773
13S-HOTrE,LIN,individual,10:4405495,10,4405495,2.124234e-10,SORBI_3010G055100,0.487653
13S-HOTrE,LIN,individual,10:4405495,10,4405495,2.124234e-10,SORBI_3010G053400,0.486207
13S-HOTrE,LIN,individual,10:4405495,10,4405495,2.124234e-10,SORBI_3010G053500,0.486207
13S-HOTrE,LIN,individual,10:4405495,10,4405495,2.124234e-10,SORBI_3010G053600,0.486207
13S-HOTrE,LIN,individual,10:4405495,10,4405495,2.124234e-10,SORBI_3010G053800,0.486207
13S-HOTrE,LIN,individual,10:4405495,10,4405495,2.124234e-10,SORBI_3010G053900,0.486207
13S-HOTrE,LIN,individual,10:4405495,10,4405495,2.124234e-10,SORBI_3010G054000,0.486207
13S-HOTrE,LIN,individual,10:4405495,10,4405495,2.124234e-10,SORBI_3010G054100,0.486207
13S-HOTrE,LIN,individual,10:4405495,10,4405495,2.124234e-10,SORBI_3010G054150,0.486207
13S-HOTrE,LIN,individual,10:4405495,10,4405495,2.124234e-10,SORBI_3010G054200,0.486207
13S-HOTrE,LIN,individual,10:4405495,10,4405495,2.124234e-10,SORBI_3010G054300,0.486207
13S-HOTrE,LIN,individual,10:4405495,10,4405495,2.124234e-10,SORBI_3010G054500,0.486207
13S-HOTrE,LIN,individual,10:4405495,10,4405495,2.124234e-10,SORBI_3010G054000,0.486127
13S-HOTrE,LIN,individual,10:4405495,10,4405495,2.124234e-10,SORBI_3010G053600,0.48418
13S-HOTrE,LIN,individual,10:4405495,10,4405495,2.124234e-10,SORBI_3010G053700,0.48418
13S-HOTrE,LIN,individual,10:4405495,10,4405495,2.124234e-10,SORBI_3010G053800,0.48418
13S-HOTrE,LIN,individual,10:4405495,10,4405495,2.124234e-10,SORBI_3010G054000,0.48418
13S-HOTrE,LIN,individual,10:4405495,10,4405495,2.124234e-10,SORBI_3010G054100,0.48418
13S-HOTrE,LIN,individual,10:4405495,10,4405495,2.124234e-10,SORBI_3010G054400,0.483475
13S-HOTrE,LIN,individual,10:4405495,10,4405495,2.124234e-10,SORBI_3010G053700,0.481907
13S-HOTrE,LIN,individual,10:4405495,10,4405495,2.124234e-10,SORBI_3010G053800,0.481907
13S-HOTrE,LIN,individual,10:4405495,10,4405495,2.124234e-10,SORBI_3010G054100,0.481907
13S-HOTrE,LIN,individual,10:4405495,10,4405495,2.124234e-10,SORBI_3010G054150,0.481907
13S-HOTrE,LIN,individual,10:4405495,10,4405495,2.124234e-10,SORBI_3010G054200,0.481907
13S-HOTrE,LIN,individual,10:4405495,10,4405495,2.124234e-10,SORBI_3010G057400,0.481907
13S-HOTrE,LIN,individual,10:4405495,10,4405495,2.124234e-10,SORBI_3010G054400,0.481082
13S-HOTrE,LIN,individual,10:4405495,10,4405495,2.124234e-10,SORBI_3010G053800,0.479585
13S-HOTrE,LIN,individual,10:4405495,10,4405495,2.124234e-10,SORBI_3010G054100,0.479585
13S-HOTrE,LIN,individual,10:4405495,10,4405495,2.124234e-10,SORBI_3010G054400,0.479297
13S-HOTrE,LIN,individual,10:4405495,10,4405495,2.124234e-10,SORBI_3010G058650,0.478615
13S-HOTrE,LIN,individual,10:4405495,10,4405495,2.124234e-10,SORBI_3010G054400,0.47805
13S-HOTrE,LIN,individual,10:4405495,10,4405495,2.124234e-10,SORBI_3010G053800,0.477839
13S-HOTrE,LIN,individual,10:4405495,10,4405495,2.124234e-10,SORBI_3010G054000,0.477839
13S-HOTrE,LIN,individual,10:4405495,10,4405495,2.124234e-10,SORBI_3010G054100,0.477839
13S-HOTrE,LIN,individual,10:4405495,10,4405495,2.124234e-10,SORBI_3010G054400,0.477839
13S-HOTrE,LIN,individual,10:4405495,10,4405495,2.124234e-10,SORBI_3010G053600,0.477775
13S-HOTrE,LIN,individual,10:4405495,10,4405495,2.124234e-10,SORBI_3010G053700,0.477775
13S-HOTrE,LIN,individual,10:4405495,10,4405495,2.124234e-10,SORBI_3010G053800,0.477775
13S-HOTrE,LIN,individual,10:4405495,10,4405495,2.124234e-10,SORBI_3010G054000,0.477775
13S-HOTrE,LIN,individual,10:4405495,10,4405495,2.124234e-10,SORBI_3010G054500,0.477775
13S-HOTrE,LIN,individual,10:4405495,10,4405495,2.124234e-10,SORBI_3010G057400,0.477775
13S-HOTrE,LIN,individual,10:4405495,10,4405495,2.124234e-10,SORBI_3010G054000,0.477694
13S-HOTrE,LIN,individual,10:4405495,10,4405495,2.124234e-10,SORBI_3010G058600,0.476147
13S-HOTrE,LIN,individual,10:4405495,10,4405495,2.124234e-10,SORBI_3010G058650,0.476147
13S-HOTrE,LIN,individual,10:4405495,10,4405495,2.124234e-10,SORBI_3010G053500,0.475132
13S-HOTrE,LIN,individual,10:4405495,10,4405495,2.124234e-10,SORBI_3010G053800,0.475132
13S-HOTrE,LIN,individual,10:4405495,10,4405495,2.124234e-10,SORBI_3010G054100,0.475132
13S-HOTrE,LIN,individual,10:4405495,10,4405495,2.124234e-10,SORBI_3010G057400,0.475132
13S-HOTrE,LIN,individual,10:4405495,10,4405495,2.124234e-10,SORBI_3010G053700,0.473825
13S-HOTrE,LIN,individual,10:4405495,10,4405495,2.124234e-10,SORBI_3010G053800,0.473825
13S-HOTrE,LIN,individual,10:4405495,10,4405495,2.124234e-10,SORBI_3010G054100,0.473825
13S-HOTrE,LIN,individual,10:4405495,10,4405495,2.124234e-10,SORBI_3010G053800,0.473109
13S-HOTrE,LIN,individual,10:4405495,10,4405495,2.124234e-10,SORBI_3010G054100,0.473109
13S-HOTrE,LIN,individual,10:4405495,10,4405495,2.124234e-10,SORBI_3010G058600,0.473069
13S-HOTrE,LIN,individual,10:4405495,10,4405495,2.124234e-10,SORBI_3010G058650,0.473069
13S-HOTrE,LIN,individual,10:4405495,10,4405495,2.124234e-10,SORBI_3010G054400,0.471703
13S-HOTrE,LIN,individual,10:4405495,10,4405495,2.124234e-10,SORBI_3010G054000,0.471544
13S-HOTrE,LIN,individual,10:4405495,10,4405495,2.124234e-10,SORBI_3010G054000,0.471454
13S-HOTrE,LIN,individual,10:4405495,10,4405495,2.124234e-10,SORBI_3010G053800,0.470835
13S-HOTrE,LIN,individual,10:4405495,10,4405495,2.124234e-10,SORBI_3010G054000,0.470835
13S-HOTrE,LIN,individual,10:4405495,10,4405495,2.124234e-10,SORBI_3010G054100,0.470835
13S-HOTrE,LIN,individual,10:4405495,10,4405495,2.124234e-10,SORBI_3010G057400,0.470835
13S-HOTrE,LIN,individual,10:4405495,10,4405495,2.124234e-10,SORBI_3010G055600,0.470427
13S-HOTrE,LIN,individual,10:4405495,10,4405495,2.124234e-10,SORBI_3010G053800,0.470079
13S-HOTrE,LIN,individual,10:4405495,10,4405495,2.124234e-10,SORBI_3010G053800,0.468577
13S-HOTrE,LIN,individual,10:4405495,10,4405495,2.124234e-10,SORBI_3010G055600,0.46826
13S-HOTrE,LIN,individual,10:4405495,10,4405495,2.124234e-10,SORBI_3010G054700,0.468103
13S-HOTrE,LIN,individual,10:4405495,10,4405495,2.124234e-10,SORBI_3010G054800,0.468103
13S-HOTrE,LIN,individual,10:4405495,10,4405495,2.124234e-10,SORBI_3010G053700,0.467557
13S-HOTrE,LIN,individual,10:4405495,10,4405495,2.124234e-10,SORBI_3010G054400,0.467334
13S-HOTrE,LIN,individual,10:4405495,10,4405495,2.124234e-10,SORBI_3010G054000,0.464268
13S-HOTrE,LIN,individual,10:4405495,10,4405495,2.124234e-10,SORBI_3010G054400,0.463579
13S-HOTrE,LIN,individual,10:4405495,10,4405495,2.124234e-10,SORBI_3010G053800,0.463287
13S-HOTrE,LIN,individual,10:4405495,10,4405495,2.124234e-10,SORBI_3010G055600,0.462978
13S-HOTrE,LIN,individual,10:4405495,10,4405495,2.124234e-10,SORBI_3010G054400,0.462523
13S-HOTrE,LIN,individual,10:4405495,10,4405495,2.124234e-10,SORBI_3010G054700,0.462191
13S-HOTrE,LIN,individual,10:4405495,10,4405495,2.124234e-10,SORBI_3010G055700,0.462122
13S-HOTrE,LIN,individual,10:4405495,10,4405495,2.124234e-10,SORBI_3010G053800,0.462039
13S-HOTrE,LIN,individual,10:4405495,10,4405495,2.124234e-10,SORBI_3010G055600,0.461402
13S-HOTrE,LIN,individual,10:4405495,10,4405495,2.124234e-10,SORBI_3010G054000,0.459717
13S-HOTrE,LIN,individual,10:4405495,10,4405495,2.124234e-10,SORBI_3010G054700,0.459165
13S-HOTrE,LIN,individual,10:4405495,10,4405495,2.124234e-10,SORBI_3010G054700,0.459062
13S-HOTrE,LIN,individual,10:4405495,10,4405495,2.124234e-10,SORBI_3010G055600,0.458377
13S-HOTrE,LIN,individual,10:4405495,10,4405495,2.124234e-10,SORBI_3010G055600,0.458087
13S-HOTrE,LIN,individual,10:4405495,10,4405495,2.124234e-10,SORBI_3010G054100,0.4577
13S-HOTrE,LIN,individual,10:4405495,10,4405495,2.124234e-10,SORBI_3010G054150,0.4577
13S-HOTrE,LIN,individual,10:4405495,10,4405495,2.124234e-10,SORBI_3010G055600,0.457534
13S-HOTrE,LIN,individual,10:4405495,10,4405495,2.124234e-10,SORBI_3010G054400,0.457456
13S-HOTrE,LIN,individual,10:4405495,10,4405495,2.124234e-10,SORBI_3010G055600,0.457172
13S-HOTrE,LIN,individual,10:4405495,10,4405495,2.124234e-10,SORBI_3010G054400,0.456646
13S-HOTrE,LIN,individual,10:4405495,10,4405495,2.124234e-10,SORBI_3010G055600,0.455826
13S-HOTrE,LIN,individual,10:4405495,10,4405495,2.124234e-10,SORBI_3010G054100,0.45526
13S-HOTrE,LIN,individual,10:4405495,10,4405495,2.124234e-10,SORBI_3010G055600,0.453491
13S-HOTrE,LIN,individual,10:4405495,10,4405495,2.124234e-10,SORBI_3010G054700,0.453429
13S-HOTrE,LIN,individual,10:4405495,10,4405495,2.124234e-10,SORBI_3010G053800,0.453198
13S-HOTrE,LIN,individual,10:4405495,10,4405495,2.124234e-10,SORBI_3010G057400,0.453198
13S-HOTrE,LIN,individual,10:4405495,10,4405495,2.124234e-10,SORBI_3010G057400,0.451654
13S-HOTrE,LIN,individual,10:4405495,10,4405495,2.124234e-10,SORBI_3010G054400,0.451462
13S-HOTrE,LIN,individual,10:4405495,10,4405495,2.124234e-10,SORBI_3010G055600,0.45141
13S-HOTrE,LIN,individual,10:4405495,10,4405495,2.124234e-10,SORBI_3010G054400,0.45137
13S-HOTrE,LIN,individual,10:4405495,10,4405495,2.124234e-10,SORBI_3010G053800,0.451075
13S-HOTrE,LIN,individual,10:4405495,10,4405495,2.124234e-10,SORBI_3010G053700,0.451031
13S-HOTrE,LIN,individual,10:4405495,10,4405495,2.124234e-10,SORBI_3010G054000,0.450969
13S-HOTrE,LIN,individual,10:4405495,10,4405495,2.124234e-10,SORBI_3010G054000,0.450526
13S-HOTrE,LIN,individual,10:4405495,10,4405495,2.124234e-10,SORBI_3010G055600,0.450433
13S-HOTrE,LIN,individual,10:4405495,10,4405495,2.124234e-10,SORBI_3010G055600,0.449756
13S-HOTrE,LIN,individual,10:4405495,10,4405495,2.124234e-10,SORBI_3010G057700,0.448835
13S-HOTrE,LIN,individual,10:4405495,10,4405495,2.124234e-10,SORBI_3010G053800,0.448643
13S-HOTrE,LIN,individual,10:4405495,10,4405495,2.124234e-10,SORBI_3010G054600,0.447674
13S-HOTrE,LIN,individual,10:4405495,10,4405495,2.124234e-10,SORBI_3010G053000,0.446682
13S-HOTrE,LIN,individual,10:4405495,10,4405495,2.124234e-10,SORBI_3010G053700,0.446682
13S-HOTrE,LIN,individual,10:4405495,10,4405495,2.124234e-10,SORBI_3010G054100,0.446305
13S-HOTrE,LIN,individual,10:4405495,10,4405495,2.124234e-10,SORBI_3010G054100,0.445839
13S-HOTrE,LIN,individual,10:4405495,10,4405495,2.124234e-10,SORBI_3010G053000,0.444464
13S-HOTrE,LIN,individual,10:4405495,10,4405495,2.124234e-10,SORBI_3010G055600,0.444313
13S-HOTrE,LIN,individual,10:4405495,10,4405495,2.124234e-10,SORBI_3010G053800,0.443156
13S-HOTrE,LIN,individual,10:4405495,10,4405495,2.124234e-10,SORBI_3010G053300,0.442502
13S-HOTrE,LIN,individual,10:4405495,10,4405495,2.124234e-10,SORBI_3010G057400,0.442502
13S-HOTrE,LIN,individual,10:4405495,10,4405495,2.124234e-10,SORBI_3010G057500,0.442502
13S-HOTrE,LIN,individual,10:4405495,10,4405495,2.124234e-10,SORBI_3010G057600,0.442502
13S-HOTrE,LIN,individual,10:4405495,10,4405495,2.124234e-10,SORBI_3010G055600,0.440796
13S-HOTrE,LIN,individual,10:4405495,10,4405495,2.124234e-10,SORBI_3010G057400,0.439957
13S-HOTrE,LIN,individual,10:4405495,10,4405495,2.124234e-10,SORBI_3010G057500,0.438508
13S-HOTrE,LIN,individual,10:4405495,10,4405495,2.124234e-10,SORBI_3010G057600,0.438508
13S-HOTrE,LIN,individual,10:4405495,10,4405495,2.124234e-10,SORBI_3010G055600,0.437948
13S-HOTrE,LIN,individual,10:4405495,10,4405495,2.124234e-10,SORBI_3010G054400,0.437807
13S-HOTrE,LIN,individual,10:4405495,10,4405495,2.124234e-10,SORBI_3010G055600,0.437467
13S-HOTrE,LIN,individual,10:4405495,10,4405495,2.124234e-10,SORBI_3010G057500,0.435607
13S-HOTrE,LIN,individual,10:4405495,10,4405495,2.124234e-10,SORBI_3010G057600,0.435607
13S-HOTrE,LIN,individual,10:4405495,10,4405495,2.124234e-10,SORBI_3010G054100,0.4349
13S-HOTrE,LIN,individual,10:4405495,10,4405495,2.124234e-10,SORBI_3010G054700,0.434238
13S-HOTrE,LIN,individual,10:4405495,10,4405495,2.124234e-10,SORBI_3010G055600,0.433959
13S-HOTrE,LIN,individual,10:4405495,10,4405495,2.124234e-10,SORBI_3010G054400,0.432681
13S-HOTrE,LIN,individual,10:4405495,10,4405495,2.124234e-10,SORBI_3010G057700,0.432592
13S-HOTrE,LIN,individual,10:4405495,10,4405495,2.124234e-10,SORBI_3010G057600,0.431429
13S-HOTrE,LIN,individual,10:4405495,10,4405495,2.124234e-10,SORBI_3010G057633,0.431381
13S-HOTrE,LIN,individual,10:4405495,10,4405495,2.124234e-10,SORBI_3010G055600,0.430451
13S-HOTrE,LIN,individual,10:4405495,10,4405495,2.124234e-10,SORBI_3010G053800,0.430079
13S-HOTrE,LIN,individual,10:4405495,10,4405495,2.124234e-10,SORBI_3010G054000,0.430013
13S-HOTrE,LIN,individual,10:4405495,10,4405495,2.124234e-10,SORBI_3010G054700,0.429907
13S-HOTrE,LIN,individual,10:4405495,10,4405495,2.124234e-10,SORBI_3010G057500,0.428884
13S-HOTrE,LIN,individual,10:4405495,10,4405495,2.124234e-10,SORBI_3010G054100,0.428552
13S-HOTrE,LIN,individual,10:4405495,10,4405495,2.124234e-10,SORBI_3010G054700,0.427966
13S-HOTrE,LIN,individual,10:4405495,10,4405495,2.124234e-10,SORBI_3010G054700,0.427675
13S-HOTrE,LIN,individual,10:4405495,10,4405495,2.124234e-10,SORBI_3010G057600,0.427443
13S-HOTrE,LIN,individual,10:4405495,10,4405495,2.124234e-10,SORBI_3010G057633,0.427009
13S-HOTrE,LIN,individual,10:4405495,10,4405495,2.124234e-10,SORBI_3010G054400,0.426761
13S-HOTrE,LIN,individual,10:4405495,10,4405495,2.124234e-10,SORBI_3010G053900,0.426741
13S-HOTrE,LIN,individual,10:4405495,10,4405495,2.124234e-10,SORBI_3010G054200,0.426741
13S-HOTrE,LIN,individual,10:4405495,10,4405495,2.124234e-10,SORBI_3010G054100,0.426354
13S-HOTrE,LIN,individual,10:4405495,10,4405495,2.124234e-10,SORBI_3010G056700,0.426005
13S-HOTrE,LIN,individual,10:4405495,10,4405495,2.124234e-10,SORBI_3010G055000,0.425137
13S-HOTrE,LIN,individual,10:4405495,10,4405495,2.124234e-10,SORBI_3010G054000,0.42422
13S-HOTrE,LIN,individual,10:4405495,10,4405495,2.124234e-10,SORBI_3010G057600,0.42367
13S-HOTrE,LIN,individual,10:4405495,10,4405495,2.124234e-10,SORBI_3010G054400,0.422718
13S-HOTrE,LIN,individual,10:4405495,10,4405495,2.124234e-10,SORBI_3010G054700,0.421726
13S-HOTrE,LIN,individual,10:4405495,10,4405495,2.124234e-10,SORBI_3010G054700,0.421632
13S-HOTrE,LIN,individual,10:4405495,10,4405495,2.124234e-10,SORBI_3010G057500,0.420357
13S-HOTrE,LIN,individual,10:4405495,10,4405495,2.124234e-10,SORBI_3010G054700,0.418803
13S-HOTrE,LIN,individual,10:4405495,10,4405495,2.124234e-10,SORBI_3010G054700,0.417307
13S-HOTrE,LIN,individual,10:4405495,10,4405495,2.124234e-10,SORBI_3010G057666,0.41683
13S-HOTrE,LIN,individual,10:4405495,10,4405495,2.124234e-10,SORBI_3010G054700,0.415632
13S-HOTrE,LIN,individual,10:4405495,10,4405495,2.124234e-10,SORBI_3010G057400,0.415524
13S-HOTrE,LIN,individual,10:4405495,10,4405495,2.124234e-10,SORBI_3010G054900,0.414712
13S-HOTrE,LIN,individual,10:4405495,10,4405495,2.124234e-10,SORBI_3010G054400,0.413204
13S-HOTrE,LIN,individual,10:4405495,10,4405495,2.124234e-10,SORBI_3010G057800,0.411839
13S-HOTrE,LIN,individual,10:4405495,10,4405495,2.124234e-10,SORBI_3010G058600,0.411583
13S-HOTrE,LIN,individual,10:4405495,10,4405495,2.124234e-10,SORBI_3010G058650,0.411583
13S-HOTrE,LIN,individual,10:4405495,10,4405495,2.124234e-10,SORBI_3010G054400,0.410973
13S-HOTrE,LIN,individual,10:4405495,10,4405495,2.124234e-10,SORBI_3010G054400,0.410888
13S-HOTrE,LIN,individual,10:4405495,10,4405495,2.124234e-10,SORBI_3010G054700,0.409347
13S-HOTrE,LIN,individual,10:4405495,10,4405495,2.124234e-10,SORBI_3010G055600,0.409079
13S-HOTrE,LIN,individual,10:4405495,10,4405495,2.124234e-10,SORBI_3010G054100,0.408488
13S-HOTrE,LIN,individual,10:4405495,10,4405495,2.124234e-10,SORBI_3010G054300,0.408488
13S-HOTrE,LIN,individual,10:4405495,10,4405495,2.124234e-10,SORBI_3010G054400,0.40781
13S-HOTrE,LIN,individual,10:4405495,10,4405495,2.124234e-10,SORBI_3010G054400,0.40741
13S-HOTrE,LIN,individual,10:4405495,10,4405495,2.124234e-10,SORBI_3010G054700,0.406025
13S-HOTrE,LIN,individual,10:4405495,10,4405495,2.124234e-10,SORBI_3010G054000,0.405587
13S-HOTrE,LIN,individual,10:4405495,10,4405495,2.124234e-10,SORBI_3010G054700,0.404831
13S-HOTrE,LIN,individual,10:4405495,10,4405495,2.124234e-10,SORBI_3010G058650,0.404632
13S-HOTrE,LIN,individual,10:4405495,10,4405495,2.124234e-10,SORBI_3010G055600,0.403925
13S-HOTrE,LIN,individual,10:4405495,10,4405495,2.124234e-10,SORBI_3010G057700,0.403277
13S-HOTrE,LIN,individual,10:4405495,10,4405495,2.124234e-10,SORBI_3010G054700,0.403211
13S-HOTrE,LIN,individual,10:4405495,10,4405495,2.124234e-10,SORBI_3010G054400,0.402208
13S-HOTrE,LIN,individual,10:4405495,10,4405495,2.124234e-10,SORBI_3010G054400,0.402154
13S-HOTrE,LIN,individual,10:4405495,10,4405495,2.124234e-10,SORBI_3010G058650,0.401257
13S-HOTrE,LIN,individual,8:1970936,8,1970936,3.180185e-10,SORBI_3008G022400,1
13S-HOTrE,LIN,individual,8:1970936,8,1970936,3.180185e-10,SORBI_3008G022400,1
13S-HOTrE,LIN,individual,8:1970936,8,1970936,3.180185e-10,SORBI_3008G022400,0.992677
13S-HOTrE,LIN,individual,8:1970936,8,1970936,3.180185e-10,SORBI_3008G022500,0.790568
13S-HOTrE,LIN,individual,8:1970936,8,1970936,3.180185e-10,SORBI_3008G022500,0.78355
13S-HOTrE,LIN,individual,8:1970936,8,1970936,3.180185e-10,SORBI_3008G022500,0.776667
13S-HOTrE,LIN,individual,8:1970936,8,1970936,3.180185e-10,SORBI_3008G022500,0.77582
13S-HOTrE,LIN,individual,8:1970936,8,1970936,3.180185e-10,SORBI_3008G022500,0.768798
13S-HOTrE,LIN,individual,8:1970936,8,1970936,3.180185e-10,SORBI_3008G022500,0.754558
13S-HOTrE,LIN,individual,8:1970936,8,1970936,3.180185e-10,SORBI_3008G022500,0.747197
13S-HOTrE,LIN,individual,8:1970936,8,1970936,3.180185e-10,SORBI_3008G022300,0.743469
13S-HOTrE,LIN,individual,8:1970936,8,1970936,3.180185e-10,SORBI_3008G022500,0.739953
13S-HOTrE,LIN,individual,8:1970936,8,1970936,3.180185e-10,SORBI_3008G022701,0.678499
13S-HOTrE,LIN,individual,8:1970936,8,1970936,3.180185e-10,SORBI_3008G022701,0.678122
13S-HOTrE,LIN,individual,8:1970936,8,1970936,3.180185e-10,SORBI_3008G022701,0.671638
13S-HOTrE,LIN,individual,8:1970936,8,1970936,3.180185e-10,SORBI_3008G022300,0.617045
13S-HOTrE,LIN,individual,8:1970936,8,1970936,3.180185e-10,SORBI_3008G022200,0.586739
13S-HOTrE,LIN,individual,8:1970936,8,1970936,3.180185e-10,SORBI_3008G022200,0.575023
13S-HOTrE,LIN,individual,8:1970936,8,1970936,3.180185e-10,SORBI_3008G022200,0.571369
13S-HOTrE,LIN,individual,8:1970936,8,1970936,3.180185e-10,SORBI_3008G022200,0.563808
13S-HOTrE,LIN,individual,8:1970936,8,1970936,3.180185e-10,SORBI_3008G022200,0.562064
13S-HOTrE,LIN,individual,8:1970936,8,1970936,3.180185e-10,SORBI_3008G022701,0.524342
13S-HOTrE,LIN,individual,8:1970936,8,1970936,3.180185e-10,SORBI_3008G021900,0.496893
13S-HOTrE,LIN,individual,8:1970936,8,1970936,3.180185e-10,SORBI_3008G022200,0.482091
13S-HOTrE,LIN,individual,8:1970936,8,1970936,3.180185e-10,SORBI_3008G022200,0.469753
13S-HOTrE,LIN,individual,8:1970936,8,1970936,3.180185e-10,SORBI_3008G023200,0.467495
13S-HOTrE,LIN,individual,8:1970936,8,1970936,3.180185e-10,SORBI_3008G022200,0.466556
13S-HOTrE,LIN,individual,8:1970936,8,1970936,3.180185e-10,SORBI_3008G022200,0.45997
13S-HOTrE,LIN,individual,8:1970936,8,1970936,3.180185e-10,SORBI_3008G023200,0.451929
13S-HOTrE,LIN,individual,8:1970936,8,1970936,3.180185e-10,SORBI_3008G022200,0.438465
13S-HOTrE,LIN,individual,8:1970936,8,1970936,3.180185e-10,SORBI_3008G022200,0.429923
13S-HOTrE,LIN,individual,8:1970936,8,1970936,3.180185e-10,SORBI_3008G022200,0.426852
13S-HOTrE,LIN,individual,8:1970936,8,1970936,3.180185e-10,SORBI_3008G023200,0.402074
13S-HOTrE,LIN,individual,8:1973723,8,1973723,4.100425e-10,SORBI_3008G022400,1
13S-HOTrE,LIN,individual,8:1973723,8,1973723,4.100425e-10,SORBI_3008G022400,1
13S-HOTrE,LIN,individual,8:1973723,8,1973723,4.100425e-10,SORBI_3008G022400,0.992677
13S-HOTrE,LIN,individual,8:1973723,8,1973723,4.100425e-10,SORBI_3008G022400,0.985367
13S-HOTrE,LIN,individual,8:1973723,8,1973723,4.100425e-10,SORBI_3008G022500,0.78479
13S-HOTrE,LIN,individual,8:1973723,8,1973723,4.100425e-10,SORBI_3008G022500,0.777823
13S-HOTrE,LIN,individual,8:1973723,8,1973723,4.100425e-10,SORBI_3008G022500,0.77099
13S-HOTrE,LIN,individual,8:1973723,8,1973723,4.100425e-10,SORBI_3008G022500,0.770111
13S-HOTrE,LIN,individual,8:1973723,8,1973723,4.100425e-10,SORBI_3008G022500,0.76314
13S-HOTrE,LIN,individual,8:1973723,8,1973723,4.100425e-10,SORBI_3008G022300,0.760627
13S-HOTrE,LIN,individual,8:1973723,8,1973723,4.100425e-10,SORBI_3008G022500,0.748966
13S-HOTrE,LIN,individual,8:1973723,8,1973723,4.100425e-10,SORBI_3008G022500,0.741659
13S-HOTrE,LIN,individual,8:1973723,8,1973723,4.100425e-10,SORBI_3008G022500,0.734466
13S-HOTrE,LIN,individual,8:1973723,8,1973723,4.100425e-10,SORBI_3008G022701,0.673538
13S-HOTrE,LIN,individual,8:1973723,8,1973723,4.100425e-10,SORBI_3008G022701,0.673144
13S-HOTrE,LIN,individual,8:1973723,8,1973723,4.100425e-10,SORBI_3008G022701,0.666727
13S-HOTrE,LIN,individual,8:1973723,8,1973723,4.100425e-10,SORBI_3008G022300,0.612353
13S-HOTrE,LIN,individual,8:1973723,8,1973723,4.100425e-10,SORBI_3008G022200,0.582229
13S-HOTrE,LIN,individual,8:1973723,8,1973723,4.100425e-10,SORBI_3008G022200,0.570604
13S-HOTrE,LIN,individual,8:1973723,8,1973723,4.100425e-10,SORBI_3008G022200,0.566557
13S-HOTrE,LIN,individual,8:1973723,8,1973723,4.100425e-10,SORBI_3008G022200,0.559009
13S-HOTrE,LIN,individual,8:1973723,8,1973723,4.100425e-10,SORBI_3008G022200,0.557672
13S-HOTrE,LIN,individual,8:1973723,8,1973723,4.100425e-10,SORBI_3008G022701,0.520071
13S-HOTrE,LIN,individual,8:1973723,8,1973723,4.100425e-10,SORBI_3008G021900,0.492772
13S-HOTrE,LIN,individual,8:1973723,8,1973723,4.100425e-10,SORBI_3008G022200,0.477748
13S-HOTrE,LIN,individual,8:1973723,8,1973723,4.100425e-10,SORBI_3008G023200,0.467495
13S-HOTrE,LIN,individual,8:1973723,8,1973723,4.100425e-10,SORBI_3008G022200,0.465468
13S-HOTrE,LIN,individual,8:1973723,8,1973723,4.100425e-10,SORBI_3008G022200,0.462274
13S-HOTrE,LIN,individual,8:1973723,8,1973723,4.100425e-10,SORBI_3008G022200,0.45577
13S-HOTrE,LIN,individual,8:1973723,8,1973723,4.100425e-10,SORBI_3008G023200,0.451929
13S-HOTrE,LIN,individual,8:1973723,8,1973723,4.100425e-10,SORBI_3008G022200,0.434394
13S-HOTrE,LIN,individual,8:1973723,8,1973723,4.100425e-10,SORBI_3008G022200,0.425906
13S-HOTrE,LIN,individual,8:1973723,8,1973723,4.100425e-10,SORBI_3008G022200,0.422838
13S-HOTrE,LIN,individual,8:1973723,8,1973723,4.100425e-10,SORBI_3008G023200,0.402074
13S-HOTrE,LIN,individual,4:3294990,4,3294990,4.295181e-10,SORBI_3004G040400,0.607565
13S-HOTrE,LIN,individual,4:3296388,4,3296388,4.295181e-10,SORBI_3004G040400,0.607565
13S-HOTrE,LIN,individual,4:3296388,4,3296388,4.295181e-10,SORBI_3004G040600,0.574483
13S-HOTrE,LIN,individual,4:3296388,4,3296388,4.295181e-10,SORBI_3004G040400,0.565968
13S-HOTrE,LIN,individual,4:3296388,4,3296388,4.295181e-10,SORBI_3004G040500,0.565968
13S-HOTrE,LIN,individual,4:3296388,4,3296388,4.295181e-10,SORBI_3004G040400,0.56351
13S-HOTrE,LIN,individual,4:3296388,4,3296388,4.295181e-10,SORBI_3004G040800,0.561473
13S-HOTrE,LIN,individual,4:3296388,4,3296388,4.295181e-10,SORBI_3004G040400,0.561414
13S-HOTrE,LIN,individual,4:3296388,4,3296388,4.295181e-10,SORBI_3004G040600,0.561414
13S-HOTrE,LIN,individual,4:3294990,4,3294990,4.295181e-10,SORBI_3004G040600,0.554896
13S-HOTrE,LIN,individual,4:3296388,4,3296388,4.295181e-10,SORBI_3004G040400,0.548864
13S-HOTrE,LIN,individual,4:3294990,4,3294990,4.295181e-10,SORBI_3004G040400,0.546672
13S-HOTrE,LIN,individual,4:3294990,4,3294990,4.295181e-10,SORBI_3004G040500,0.546672
13S-HOTrE,LIN,individual,4:3294990,4,3294990,4.295181e-10,SORBI_3004G040400,0.543651
13S-HOTrE,LIN,individual,4:3294990,4,3294990,4.295181e-10,SORBI_3004G040400,0.542209
13S-HOTrE,LIN,individual,4:3294990,4,3294990,4.295181e-10,SORBI_3004G040600,0.542209
13S-HOTrE,LIN,individual,4:3294990,4,3294990,4.295181e-10,SORBI_3004G040800,0.542128
13S-HOTrE,LIN,individual,4:3294990,4,3294990,4.295181e-10,SORBI_3004G040400,0.530025
13S-HOTrE,LIN,individual,4:3296388,4,3296388,4.295181e-10,SORBI_3004G040800,0.529704
13S-HOTrE,LIN,individual,4:3296388,4,3296388,4.295181e-10,SORBI_3004G040500,0.528519
13S-HOTrE,LIN,individual,4:3296388,4,3296388,4.295181e-10,SORBI_3004G040500,0.524462
13S-HOTrE,LIN,individual,4:3296388,4,3296388,4.295181e-10,SORBI_3004G040400,0.523496
13S-HOTrE,LIN,individual,4:3296388,4,3296388,4.295181e-10,SORBI_3004G040600,0.522071
13S-HOTrE,LIN,individual,4:3296388,4,3296388,4.295181e-10,SORBI_3004G040800,0.52046
13S-HOTrE,LIN,individual,4:3294990,4,3294990,4.295181e-10,SORBI_3004G040800,0.511373
13S-HOTrE,LIN,individual,4:3294990,4,3294990,4.295181e-10,SORBI_3004G040500,0.510196
13S-HOTrE,LIN,individual,4:3294990,4,3294990,4.295181e-10,SORBI_3004G040500,0.506219
13S-HOTrE,LIN,individual,4:3294990,4,3294990,4.295181e-10,SORBI_3004G040400,0.504917
13S-HOTrE,LIN,individual,4:3294990,4,3294990,4.295181e-10,SORBI_3004G040600,0.504004
13S-HOTrE,LIN,individual,4:3296388,4,3296388,4.295181e-10,SORBI_3004G040800,0.502571
13S-HOTrE,LIN,individual,4:3294990,4,3294990,4.295181e-10,SORBI_3004G040800,0.502295
13S-HOTrE,LIN,individual,4:3294990,4,3294990,4.295181e-10,SORBI_3004G040800,0.484986
13S-HOTrE,LIN,individual,4:3296388,4,3296388,4.295181e-10,SORBI_3004G038100,0.46313
13S-HOTrE,LIN,individual,4:3296388,4,3296388,4.295181e-10,SORBI_3004G040500,0.452
13S-HOTrE,LIN,individual,4:3294990,4,3294990,4.295181e-10,SORBI_3004G038100,0.447646
13S-HOTrE,LIN,individual,4:3294990,4,3294990,4.295181e-10,SORBI_3004G040500,0.435817
13S-HOTrE,LIN,individual,3:69050103,3,69050103,4.786142e-10,SORBI_3003G375800,0.970181
13S-HOTrE,LIN,individual,3:69050103,3,69050103,4.786142e-10,SORBI_3003G375800,0.957844
13S-HOTrE,LIN,individual,3:69050103,3,69050103,4.786142e-10,SORBI_3003G375900,0.93175
13S-HOTrE,LIN,individual,3:69050103,3,69050103,4.786142e-10,SORBI_3003G375900,0.922589
13S-HOTrE,LIN,individual,3:69050103,3,69050103,4.786142e-10,SORBI_3003G375900,0.918787
13S-HOTrE,LIN,individual,3:69050103,3,69050103,4.786142e-10,SORBI_3003G375900,0.909474
13S-HOTrE,LIN,individual,3:69050103,3,69050103,4.786142e-10,SORBI_3003G375900,0.896486
13S-HOTrE,LIN,individual,3:69050103,3,69050103,4.786142e-10,SORBI_3003G375900,0.86284
13S-HOTrE,LIN,individual,3:69050103,3,69050103,4.786142e-10,SORBI_3003G376000,0.799291
13S-HOTrE,LIN,individual,3:69050103,3,69050103,4.786142e-10,SORBI_3003G375500,0.797276
13S-HOTrE,LIN,individual,3:69050103,3,69050103,4.786142e-10,SORBI_3003G375300,0.788569
13S-HOTrE,LIN,individual,3:69050103,3,69050103,4.786142e-10,SORBI_3003G375400,0.774384
13S-HOTrE,LIN,individual,3:69050103,3,69050103,4.786142e-10,SORBI_3003G375500,0.774384
13S-HOTrE,LIN,individual,3:69050103,3,69050103,4.786142e-10,SORBI_3003G375400,0.760259
13S-HOTrE,LIN,individual,3:69050103,3,69050103,4.786142e-10,SORBI_3003G373900,0.678594
13S-HOTrE,LIN,individual,3:69050103,3,69050103,4.786142e-10,SORBI_3003G376000,0.643803
13S-HOTrE,LIN,individual,3:69050103,3,69050103,4.786142e-10,SORBI_3003G375900,0.637
13S-HOTrE,LIN,individual,3:69050103,3,69050103,4.786142e-10,SORBI_3003G374000,0.636037
13S-HOTrE,LIN,individual,3:69050103,3,69050103,4.786142e-10,SORBI_3003G375700,0.621263
13S-HOTrE,LIN,individual,3:69050103,3,69050103,4.786142e-10,SORBI_3003G375700,0.618882
13S-HOTrE,LIN,individual,3:69050103,3,69050103,4.786142e-10,SORBI_3003G374100,0.617733
13S-HOTrE,LIN,individual,3:69050103,3,69050103,4.786142e-10,SORBI_3003G375700,0.602689
13S-HOTrE,LIN,individual,3:69050103,3,69050103,4.786142e-10,SORBI_3003G374100,0.593814
13S-HOTrE,LIN,individual,3:69050103,3,69050103,4.786142e-10,SORBI_3003G374200,0.593814
13S-HOTrE,LIN,individual,3:69050103,3,69050103,4.786142e-10,SORBI_3003G374000,0.591761
13S-HOTrE,LIN,individual,3:69050103,3,69050103,4.786142e-10,SORBI_3003G374200,0.580291
13S-HOTrE,LIN,individual,3:69050103,3,69050103,4.786142e-10,SORBI_3003G374200,0.566856
13S-HOTrE,LIN,individual,3:69050103,3,69050103,4.786142e-10,SORBI_3003G374500,0.556695
13S-HOTrE,LIN,individual,3:69050103,3,69050103,4.786142e-10,SORBI_3003G373500,0.549451
13S-HOTrE,LIN,individual,3:69050103,3,69050103,4.786142e-10,SORBI_3003G376000,0.543662
13S-HOTrE,LIN,individual,3:69050103,3,69050103,4.786142e-10,SORBI_3003G374500,0.54271
13S-HOTrE,LIN,individual,3:69050103,3,69050103,4.786142e-10,SORBI_3003G374600,0.541847
13S-HOTrE,LIN,individual,3:69050103,3,69050103,4.786142e-10,SORBI_3003G374600,0.53685
13S-HOTrE,LIN,individual,3:69050103,3,69050103,4.786142e-10,SORBI_3003G374700,0.53685
13S-HOTrE,LIN,individual,3:69050103,3,69050103,4.786142e-10,SORBI_3003G375000,0.53685
13S-HOTrE,LIN,individual,3:69050103,3,69050103,4.786142e-10,SORBI_3003G375200,0.53685
13S-HOTrE,LIN,individual,3:69050103,3,69050103,4.786142e-10,SORBI_3003G375200,0.530116
13S-HOTrE,LIN,individual,3:69050103,3,69050103,4.786142e-10,SORBI_3003G373600,0.524906
13S-HOTrE,LIN,individual,3:69050103,3,69050103,4.786142e-10,SORBI_3003G375200,0.5227
13S-HOTrE,LIN,individual,3:69050103,3,69050103,4.786142e-10,SORBI_3003G372800,0.516397
13S-HOTrE,LIN,individual,3:69050103,3,69050103,4.786142e-10,SORBI_3003G372850,0.516397
13S-HOTrE,LIN,individual,3:69050103,3,69050103,4.786142e-10,SORBI_3003G375200,0.515905
13S-HOTrE,LIN,individual,3:69050103,3,69050103,4.786142e-10,SORBI_3003G374850,0.511929
13S-HOTrE,LIN,individual,3:69050103,3,69050103,4.786142e-10,SORBI_3003G373600,0.510338
13S-HOTrE,LIN,individual,3:69050103,3,69050103,4.786142e-10,SORBI_3003G372750,0.508002
13S-HOTrE,LIN,individual,3:69050103,3,69050103,4.786142e-10,SORBI_3003G373500,0.50527
13S-HOTrE,LIN,individual,3:69050103,3,69050103,4.786142e-10,SORBI_3003G373500,0.502435
13S-HOTrE,LIN,individual,3:69050103,3,69050103,4.786142e-10,SORBI_3003G373600,0.495797
13S-HOTrE,LIN,individual,3:69050103,3,69050103,4.786142e-10,SORBI_3003G374700,0.467844
13S-HOTrE,LIN,individual,3:69050103,3,69050103,4.786142e-10,SORBI_3003G373100,0.458861
13S-HOTrE,LIN,individual,3:69050103,3,69050103,4.786142e-10,SORBI_3003G376800,0.456353
13S-HOTrE,LIN,individual,3:69050103,3,69050103,4.786142e-10,SORBI_3003G376800,0.449937
13S-HOTrE,LIN,individual,3:69050103,3,69050103,4.786142e-10,SORBI_3003G373100,0.444487
13S-HOTrE,LIN,individual,3:69050103,3,69050103,4.786142e-10,SORBI_3003G373000,0.438896
13S-HOTrE,LIN,individual,3:69050103,3,69050103,4.786142e-10,SORBI_3003G373100,0.430138
13S-HOTrE,LIN,individual,3:69050103,3,69050103,4.786142e-10,SORBI_3003G374700,0.413126
13S-HOTrE,LIN,individual,3:69050103,3,69050103,4.786142e-10,SORBI_3003G376000,0.405869
13S-HOTrE,LIN,individual,4:4376856,4,4376856,5.145817e-10,SORBI_3004G053800,0.730699
13S-HOTrE,LIN,individual,4:4376856,4,4376856,5.145817e-10,SORBI_3004G053800,0.71477
13S-HOTrE,LIN,individual,4:4376856,4,4376856,5.145817e-10,SORBI_3004G053800,0.630312
13S-HOTrE,LIN,individual,4:4376856,4,4376856,5.145817e-10,SORBI_3004G052200,0.403566
13S-HOTrE,LIN,individual,1:16664627,1,16664627,5.375058e-10,SORBI_3001G189300,0.888456
13S-HOTrE,LIN,individual,1:16664627,1,16664627,5.375058e-10,SORBI_3001G189300,0.882108
13S-HOTrE,LIN,individual,1:16664627,1,16664627,5.375058e-10,SORBI_3001G189300,0.876237
13S-HOTrE,LIN,individual,1:16664627,1,16664627,5.375058e-10,SORBI_3001G189300,0.87081
13S-HOTrE,LIN,individual,1:16664627,1,16664627,5.375058e-10,SORBI_3001G189300,0.868431
13S-HOTrE,LIN,individual,1:16664627,1,16664627,5.375058e-10,SORBI_3001G189300,0.864098
13S-HOTrE,LIN,individual,1:16664627,1,16664627,5.375058e-10,SORBI_3001G187400,0.863981
13S-HOTrE,LIN,individual,1:16664627,1,16664627,5.375058e-10,SORBI_3001G189300,0.863233
13S-HOTrE,LIN,individual,1:16664627,1,16664627,5.375058e-10,SORBI_3001G187400,0.860647
13S-HOTrE,LIN,individual,1:16664627,1,16664627,5.375058e-10,SORBI_3001G187500,0.860484
13S-HOTrE,LIN,individual,1:16664627,1,16664627,5.375058e-10,SORBI_3001G187500,0.86044
13S-HOTrE,LIN,individual,1:16664627,1,16664627,5.375058e-10,SORBI_3001G189300,0.858503
13S-HOTrE,LIN,individual,1:16664627,1,16664627,5.375058e-10,SORBI_3001G187500,0.858144
13S-HOTrE,LIN,individual,1:16664627,1,16664627,5.375058e-10,SORBI_3001G187500,0.858098
13S-HOTrE,LIN,individual,1:16664627,1,16664627,5.375058e-10,SORBI_3001G187400,0.857127
13S-HOTrE,LIN,individual,1:16664627,1,16664627,5.375058e-10,SORBI_3001G189300,0.856187
13S-HOTrE,LIN,individual,1:16664627,1,16664627,5.375058e-10,SORBI_3001G189300,0.855786
13S-HOTrE,LIN,individual,1:16664627,1,16664627,5.375058e-10,SORBI_3001G189300,0.853338
13S-HOTrE,LIN,individual,1:16664627,1,16664627,5.375058e-10,SORBI_3001G189300,0.85083
13S-HOTrE,LIN,individual,1:16664627,1,16664627,5.375058e-10,SORBI_3001G187500,0.848674
13S-HOTrE,LIN,individual,1:16664627,1,16664627,5.375058e-10,SORBI_3001G189300,0.848572
13S-HOTrE,LIN,individual,1:16664627,1,16664627,5.375058e-10,SORBI_3001G187500,0.848385
13S-HOTrE,LIN,individual,1:16664627,1,16664627,5.375058e-10,SORBI_3001G187800,0.846968
13S-HOTrE,LIN,individual,1:16664627,1,16664627,5.375058e-10,SORBI_3001G189300,0.846275
13S-HOTrE,LIN,individual,1:16664627,1,16664627,5.375058e-10,SORBI_3001G189300,0.845889
13S-HOTrE,LIN,individual,1:16664627,1,16664627,5.375058e-10,SORBI_3001G187500,0.845127
13S-HOTrE,LIN,individual,1:16664627,1,16664627,5.375058e-10,SORBI_3001G189300,0.844026
13S-HOTrE,LIN,individual,1:16664627,1,16664627,5.375058e-10,SORBI_3001G187400,0.84366
13S-HOTrE,LIN,individual,1:16664627,1,16664627,5.375058e-10,SORBI_3001G189300,0.843291
13S-HOTrE,LIN,individual,1:16664627,1,16664627,5.375058e-10,SORBI_3001G189300,0.840951
13S-HOTrE,LIN,individual,1:16664627,1,16664627,5.375058e-10,SORBI_3001G187400,0.836332
13S-HOTrE,LIN,individual,1:16664627,1,16664627,5.375058e-10,SORBI_3001G187500,0.836332
13S-HOTrE,LIN,individual,1:16664627,1,16664627,5.375058e-10,SORBI_3001G189300,0.836043
13S-HOTrE,LIN,individual,1:16664627,1,16664627,5.375058e-10,SORBI_3001G187800,0.834218
13S-HOTrE,LIN,individual,1:16664627,1,16664627,5.375058e-10,SORBI_3001G189300,0.834218
13S-HOTrE,LIN,individual,1:16664627,1,16664627,5.375058e-10,SORBI_3001G189300,0.83341
13S-HOTrE,LIN,individual,1:16664627,1,16664627,5.375058e-10,SORBI_3001G189300,0.833122
13S-HOTrE,LIN,individual,1:16664627,1,16664627,5.375058e-10,SORBI_3001G187600,0.832926
13S-HOTrE,LIN,individual,1:16664627,1,16664627,5.375058e-10,SORBI_3001G187500,0.832303
13S-HOTrE,LIN,individual,1:16664627,1,16664627,5.375058e-10,SORBI_3001G187400,0.83088
13S-HOTrE,LIN,individual,1:16664627,1,16664627,5.375058e-10,SORBI_3001G187400,0.830807
13S-HOTrE,LIN,individual,1:16664627,1,16664627,5.375058e-10,SORBI_3001G189300,0.830649
13S-HOTrE,LIN,individual,1:16664627,1,16664627,5.375058e-10,SORBI_3001G187500,0.829302
13S-HOTrE,LIN,individual,1:16664627,1,16664627,5.375058e-10,SORBI_3001G189300,0.828721
13S-HOTrE,LIN,individual,1:16664627,1,16664627,5.375058e-10,SORBI_3001G189300,0.828638
13S-HOTrE,LIN,individual,1:16664627,1,16664627,5.375058e-10,SORBI_3001G189300,0.828244
13S-HOTrE,LIN,individual,1:16664627,1,16664627,5.375058e-10,SORBI_3001G187400,0.82691
13S-HOTrE,LIN,individual,1:16664627,1,16664627,5.375058e-10,SORBI_3001G187500,0.823182
13S-HOTrE,LIN,individual,1:16664627,1,16664627,5.375058e-10,SORBI_3001G189300,0.822857
13S-HOTrE,LIN,individual,1:16664627,1,16664627,5.375058e-10,SORBI_3001G187400,0.822855
13S-HOTrE,LIN,individual,1:16664627,1,16664627,5.375058e-10,SORBI_3001G189300,0.821524
13S-HOTrE,LIN,individual,1:16664627,1,16664627,5.375058e-10,SORBI_3001G187400,0.818193
13S-HOTrE,LIN,individual,1:16664627,1,16664627,5.375058e-10,SORBI_3001G187400,0.817374
13S-HOTrE,LIN,individual,1:16664627,1,16664627,5.375058e-10,SORBI_3001G188900,0.813379
13S-HOTrE,LIN,individual,1:16664627,1,16664627,5.375058e-10,SORBI_3001G187500,0.812417
13S-HOTrE,LIN,individual,1:16664627,1,16664627,5.375058e-10,SORBI_3001G187800,0.811499
13S-HOTrE,LIN,individual,1:16664627,1,16664627,5.375058e-10,SORBI_3001G188900,0.81034
13S-HOTrE,LIN,individual,1:16664627,1,16664627,5.375058e-10,SORBI_3001G187300,0.810109
13S-HOTrE,LIN,individual,1:16664627,1,16664627,5.375058e-10,SORBI_3001G188800,0.80757
13S-HOTrE,LIN,individual,1:16664627,1,16664627,5.375058e-10,SORBI_3001G188900,0.80757
13S-HOTrE,LIN,individual,1:16664627,1,16664627,5.375058e-10,SORBI_3001G188900,0.80749
13S-HOTrE,LIN,individual,1:16664627,1,16664627,5.375058e-10,SORBI_3001G187300,0.804073
13S-HOTrE,LIN,individual,1:16664627,1,16664627,5.375058e-10,SORBI_3001G189300,0.804071
13S-HOTrE,LIN,individual,1:16664627,1,16664627,5.375058e-10,SORBI_3001G188900,0.803759
13S-HOTrE,LIN,individual,1:16664627,1,16664627,5.375058e-10,SORBI_3001G187300,0.801454
13S-HOTrE,LIN,individual,1:16664627,1,16664627,5.375058e-10,SORBI_3001G187500,0.798135
13S-HOTrE,LIN,individual,1:16664627,1,16664627,5.375058e-10,SORBI_3001G188900,0.797225
13S-HOTrE,LIN,individual,1:16664627,1,16664627,5.375058e-10,SORBI_3001G187300,0.7971
13S-HOTrE,LIN,individual,1:16664627,1,16664627,5.375058e-10,SORBI_3001G188900,0.794217
13S-HOTrE,LIN,individual,1:16664627,1,16664627,5.375058e-10,SORBI_3001G189300,0.79353
13S-HOTrE,LIN,individual,1:16664627,1,16664627,5.375058e-10,SORBI_3001G187800,0.791459
13S-HOTrE,LIN,individual,1:16664627,1,16664627,5.375058e-10,SORBI_3001G187400,0.79111
13S-HOTrE,LIN,individual,1:16664627,1,16664627,5.375058e-10,SORBI_3001G187400,0.78974
13S-HOTrE,LIN,individual,1:16664627,1,16664627,5.375058e-10,SORBI_3001G187200,0.789496
13S-HOTrE,LIN,individual,1:16664627,1,16664627,5.375058e-10,SORBI_3001G187500,0.788633
13S-HOTrE,LIN,individual,1:16664627,1,16664627,5.375058e-10,SORBI_3001G187300,0.788217
13S-HOTrE,LIN,individual,1:16664627,1,16664627,5.375058e-10,SORBI_3001G187300,0.787784
13S-HOTrE,LIN,individual,1:16664627,1,16664627,5.375058e-10,SORBI_3001G187500,0.786228
13S-HOTrE,LIN,individual,1:16664627,1,16664627,5.375058e-10,SORBI_3001G187300,0.785783
13S-HOTrE,LIN,individual,1:16664627,1,16664627,5.375058e-10,SORBI_3001G188900,0.78415
13S-HOTrE,LIN,individual,1:16664627,1,16664627,5.375058e-10,SORBI_3001G187200,0.782146
13S-HOTrE,LIN,individual,1:16664627,1,16664627,5.375058e-10,SORBI_3001G187200,0.779855
13S-HOTrE,LIN,individual,1:16664627,1,16664627,5.375058e-10,SORBI_3001G187200,0.777795
13S-HOTrE,LIN,individual,1:16664627,1,16664627,5.375058e-10,SORBI_3001G187500,0.777504
13S-HOTrE,LIN,individual,1:16664627,1,16664627,5.375058e-10,SORBI_3001G187200,0.776167
13S-HOTrE,LIN,individual,1:16664627,1,16664627,5.375058e-10,SORBI_3001G188900,0.775016
13S-HOTrE,LIN,individual,1:16664627,1,16664627,5.375058e-10,SORBI_3001G187300,0.774574
13S-HOTrE,LIN,individual,1:16664627,1,16664627,5.375058e-10,SORBI_3001G188100,0.774016
13S-HOTrE,LIN,individual,1:16664627,1,16664627,5.375058e-10,SORBI_3001G188900,0.772519
13S-HOTrE,LIN,individual,1:16664627,1,16664627,5.375058e-10,SORBI_3001G187200,0.772089
13S-HOTrE,LIN,individual,1:16664627,1,16664627,5.375058e-10,SORBI_3001G187200,0.771497
13S-HOTrE,LIN,individual,1:16664627,1,16664627,5.375058e-10,SORBI_3001G187300,0.770266
13S-HOTrE,LIN,individual,1:16664627,1,16664627,5.375058e-10,SORBI_3001G189300,0.769105
13S-HOTrE,LIN,individual,1:16664627,1,16664627,5.375058e-10,SORBI_3001G187500,0.768672
13S-HOTrE,LIN,individual,1:16664627,1,16664627,5.375058e-10,SORBI_3001G187300,0.76659
13S-HOTrE,LIN,individual,1:16664627,1,16664627,5.375058e-10,SORBI_3001G188900,0.766547
13S-HOTrE,LIN,individual,1:16664627,1,16664627,5.375058e-10,SORBI_3001G187200,0.7665
13S-HOTrE,LIN,individual,1:16664627,1,16664627,5.375058e-10,SORBI_3001G187500,0.766164
13S-HOTrE,LIN,individual,1:16664627,1,16664627,5.375058e-10,SORBI_3001G189400,0.764926
13S-HOTrE,LIN,individual,1:16664627,1,16664627,5.375058e-10,SORBI_3001G187400,0.764615
13S-HOTrE,LIN,individual,1:16664627,1,16664627,5.375058e-10,SORBI_3001G188900,0.762871
13S-HOTrE,LIN,individual,1:16664627,1,16664627,5.375058e-10,SORBI_3001G187200,0.762544
13S-HOTrE,LIN,individual,1:16664627,1,16664627,5.375058e-10,SORBI_3001G187300,0.762544
13S-HOTrE,LIN,individual,1:16664627,1,16664627,5.375058e-10,SORBI_3001G188900,0.761852
13S-HOTrE,LIN,individual,1:16664627,1,16664627,5.375058e-10,SORBI_3001G187300,0.761052
13S-HOTrE,LIN,individual,1:16664627,1,16664627,5.375058e-10,SORBI_3001G187200,0.760863
13S-HOTrE,LIN,individual,1:16664627,1,16664627,5.375058e-10,SORBI_3001G187300,0.760863
13S-HOTrE,LIN,individual,1:16664627,1,16664627,5.375058e-10,SORBI_3001G188900,0.760863
13S-HOTrE,LIN,individual,1:16664627,1,16664627,5.375058e-10,SORBI_3001G187300,0.760767
13S-HOTrE,LIN,individual,1:16664627,1,16664627,5.375058e-10,SORBI_3001G187300,0.760572
13S-HOTrE,LIN,individual,1:16664627,1,16664627,5.375058e-10,SORBI_3001G187300,0.760472
13S-HOTrE,LIN,individual,1:16664627,1,16664627,5.375058e-10,SORBI_3001G187800,0.760394
13S-HOTrE,LIN,individual,1:16664627,1,16664627,5.375058e-10,SORBI_3001G187200,0.75869
13S-HOTrE,LIN,individual,1:16664627,1,16664627,5.375058e-10,SORBI_3001G187200,0.756929
13S-HOTrE,LIN,individual,1:16664627,1,16664627,5.375058e-10,SORBI_3001G187300,0.756929
13S-HOTrE,LIN,individual,1:16664627,1,16664627,5.375058e-10,SORBI_3001G187200,0.755372
13S-HOTrE,LIN,individual,1:16664627,1,16664627,5.375058e-10,SORBI_3001G187300,0.755372
13S-HOTrE,LIN,individual,1:16664627,1,16664627,5.375058e-10,SORBI_3001G187300,0.755023
13S-HOTrE,LIN,individual,1:16664627,1,16664627,5.375058e-10,SORBI_3001G187200,0.754848
13S-HOTrE,LIN,individual,1:16664627,1,16664627,5.375058e-10,SORBI_3001G186850,0.754318
13S-HOTrE,LIN,individual,1:16664627,1,16664627,5.375058e-10,SORBI_3001G187200,0.753272
13S-HOTrE,LIN,individual,1:16664627,1,16664627,5.375058e-10,SORBI_3001G187800,0.752736
13S-HOTrE,LIN,individual,1:16664627,1,16664627,5.375058e-10,SORBI_3001G187200,0.751105
13S-HOTrE,LIN,individual,1:16664627,1,16664627,5.375058e-10,SORBI_3001G187300,0.749959
13S-HOTrE,LIN,individual,1:16664627,1,16664627,5.375058e-10,SORBI_3001G187200,0.749167
13S-HOTrE,LIN,individual,1:16664627,1,16664627,5.375058e-10,SORBI_3001G188900,0.748271
13S-HOTrE,LIN,individual,1:16664627,1,16664627,5.375058e-10,SORBI_3001G186850,0.74777
13S-HOTrE,LIN,individual,1:16664627,1,16664627,5.375058e-10,SORBI_3001G187200,0.747445
13S-HOTrE,LIN,individual,1:16664627,1,16664627,5.375058e-10,SORBI_3001G188900,0.747445
13S-HOTrE,LIN,individual,1:16664627,1,16664627,5.375058e-10,SORBI_3001G187200,0.747394
13S-HOTrE,LIN,individual,1:16664627,1,16664627,5.375058e-10,SORBI_3001G186850,0.747319
13S-HOTrE,LIN,individual,1:16664627,1,16664627,5.375058e-10,SORBI_3001G187800,0.744127
13S-HOTrE,LIN,individual,1:16664627,1,16664627,5.375058e-10,SORBI_3001G187200,0.743516
13S-HOTrE,LIN,individual,1:16664627,1,16664627,5.375058e-10,SORBI_3001G187300,0.743516
13S-HOTrE,LIN,individual,1:16664627,1,16664627,5.375058e-10,SORBI_3001G189000,0.742503
13S-HOTrE,LIN,individual,1:16664627,1,16664627,5.375058e-10,SORBI_3001G187300,0.74192
13S-HOTrE,LIN,individual,1:16664627,1,16664627,5.375058e-10,SORBI_3001G186925,0.740292
13S-HOTrE,LIN,individual,1:16664627,1,16664627,5.375058e-10,SORBI_3001G188900,0.737808
13S-HOTrE,LIN,individual,1:16664627,1,16664627,5.375058e-10,SORBI_3001G187200,0.735821
13S-HOTrE,LIN,individual,1:16664627,1,16664627,5.375058e-10,SORBI_3001G187200,0.734055
13S-HOTrE,LIN,individual,1:16664627,1,16664627,5.375058e-10,SORBI_3001G187000,0.733882
13S-HOTrE,LIN,individual,1:16664627,1,16664627,5.375058e-10,SORBI_3001G187100,0.730132
13S-HOTrE,LIN,individual,1:16664627,1,16664627,5.375058e-10,SORBI_3001G189000,0.726373
13S-HOTrE,LIN,individual,1:16664627,1,16664627,5.375058e-10,SORBI_3001G187300,0.72302
13S-HOTrE,LIN,individual,1:16664627,1,16664627,5.375058e-10,SORBI_3001G187200,0.720693
13S-HOTrE,LIN,individual,1:16664627,1,16664627,5.375058e-10,SORBI_3001G188900,0.716256
13S-HOTrE,LIN,individual,1:16664627,1,16664627,5.375058e-10,SORBI_3001G187000,0.715409
13S-HOTrE,LIN,individual,1:16664627,1,16664627,5.375058e-10,SORBI_3001G187200,0.7151
13S-HOTrE,LIN,individual,1:16664627,1,16664627,5.375058e-10,SORBI_3001G186800,0.714559
13S-HOTrE,LIN,individual,1:16664627,1,16664627,5.375058e-10,SORBI_3001G186850,0.714397
13S-HOTrE,LIN,individual,1:16664627,1,16664627,5.375058e-10,SORBI_3001G186800,0.713869
13S-HOTrE,LIN,individual,1:16664627,1,16664627,5.375058e-10,SORBI_3001G186925,0.71172
13S-HOTrE,LIN,individual,1:16664627,1,16664627,5.375058e-10,SORBI_3001G186925,0.710181
13S-HOTrE,LIN,individual,1:16664627,1,16664627,5.375058e-10,SORBI_3001G188700,0.70957
13S-HOTrE,LIN,individual,1:16664627,1,16664627,5.375058e-10,SORBI_3001G187800,0.707685
13S-HOTrE,LIN,individual,1:16664627,1,16664627,5.375058e-10,SORBI_3001G187000,0.705112
13S-HOTrE,LIN,individual,1:16664627,1,16664627,5.375058e-10,SORBI_3001G186800,0.701893
13S-HOTrE,LIN,individual,1:16664627,1,16664627,5.375058e-10,SORBI_3001G186850,0.701375
13S-HOTrE,LIN,individual,1:16664627,1,16664627,5.375058e-10,SORBI_3001G186800,0.70102
13S-HOTrE,LIN,individual,1:16664627,1,16664627,5.375058e-10,SORBI_3001G187000,0.70102
13S-HOTrE,LIN,individual,1:16664627,1,16664627,5.375058e-10,SORBI_3001G187000,0.700961
13S-HOTrE,LIN,individual,1:16664627,1,16664627,5.375058e-10,SORBI_3001G186800,0.700311
13S-HOTrE,LIN,individual,1:16664627,1,16664627,5.375058e-10,SORBI_3001G187100,0.700311
13S-HOTrE,LIN,individual,1:16664627,1,16664627,5.375058e-10,SORBI_3001G187000,0.699756
13S-HOTrE,LIN,individual,1:16664627,1,16664627,5.375058e-10,SORBI_3001G187800,0.699728
13S-HOTrE,LIN,individual,1:16664627,1,16664627,5.375058e-10,SORBI_3001G186800,0.699346
13S-HOTrE,LIN,individual,1:16664627,1,16664627,5.375058e-10,SORBI_3001G187000,0.699346
13S-HOTrE,LIN,individual,1:16664627,1,16664627,5.375058e-10,SORBI_3001G187100,0.699346
13S-HOTrE,LIN,individual,1:16664627,1,16664627,5.375058e-10,SORBI_3001G187000,0.699286
13S-HOTrE,LIN,individual,1:16664627,1,16664627,5.375058e-10,SORBI_3001G186850,0.697712
13S-HOTrE,LIN,individual,1:16664627,1,16664627,5.375058e-10,SORBI_3001G187000,0.696775
13S-HOTrE,LIN,individual,1:16664627,1,16664627,5.375058e-10,SORBI_3001G186925,0.696643
13S-HOTrE,LIN,individual,1:16664627,1,16664627,5.375058e-10,SORBI_3001G188700,0.696009
13S-HOTrE,LIN,individual,1:16664627,1,16664627,5.375058e-10,SORBI_3001G188700,0.695402
13S-HOTrE,LIN,individual,1:16664627,1,16664627,5.375058e-10,SORBI_3001G188700,0.694943
13S-HOTrE,LIN,individual,1:16664627,1,16664627,5.375058e-10,SORBI_3001G188700,0.694627
13S-HOTrE,LIN,individual,1:16664627,1,16664627,5.375058e-10,SORBI_3001G187000,0.694566
13S-HOTrE,LIN,individual,1:16664627,1,16664627,5.375058e-10,SORBI_3001G186925,0.694116
13S-HOTrE,LIN,individual,1:16664627,1,16664627,5.375058e-10,SORBI_3001G187800,0.693553
13S-HOTrE,LIN,individual,1:16664627,1,16664627,5.375058e-10,SORBI_3001G186925,0.692066
13S-HOTrE,LIN,individual,1:16664627,1,16664627,5.375058e-10,SORBI_3001G186850,0.692017
13S-HOTrE,LIN,individual,1:16664627,1,16664627,5.375058e-10,SORBI_3001G187200,0.691778
13S-HOTrE,LIN,individual,1:16664627,1,16664627,5.375058e-10,SORBI_3001G188700,0.689971
13S-HOTrE,LIN,individual,1:16664627,1,16664627,5.375058e-10,SORBI_3001G186800,0.688402
13S-HOTrE,LIN,individual,1:16664627,1,16664627,5.375058e-10,SORBI_3001G186925,0.688293
13S-HOTrE,LIN,individual,1:16664627,1,16664627,5.375058e-10,SORBI_3001G187100,0.687507
13S-HOTrE,LIN,individual,1:16664627,1,16664627,5.375058e-10,SORBI_3001G187000,0.687444
13S-HOTrE,LIN,individual,1:16664627,1,16664627,5.375058e-10,SORBI_3001G186925,0.687089
13S-HOTrE,LIN,individual,1:16664627,1,16664627,5.375058e-10,SORBI_3001G186800,0.686778
13S-HOTrE,LIN,individual,1:16664627,1,16664627,5.375058e-10,SORBI_3001G186800,0.686206
13S-HOTrE,LIN,individual,1:16664627,1,16664627,5.375058e-10,SORBI_3001G187000,0.686206
13S-HOTrE,LIN,individual,1:16664627,1,16664627,5.375058e-10,SORBI_3001G187000,0.686144
13S-HOTrE,LIN,individual,1:16664627,1,16664627,5.375058e-10,SORBI_3001G187100,0.685783
13S-HOTrE,LIN,individual,1:16664627,1,16664627,5.375058e-10,SORBI_3001G187000,0.68572
13S-HOTrE,LIN,individual,1:16664627,1,16664627,5.375058e-10,SORBI_3001G186850,0.683913
13S-HOTrE,LIN,individual,1:16664627,1,16664627,5.375058e-10,SORBI_3001G186925,0.683584
13S-HOTrE,LIN,individual,1:16664627,1,16664627,5.375058e-10,SORBI_3001G187000,0.68326
13S-HOTrE,LIN,individual,1:16664627,1,16664627,5.375058e-10,SORBI_3001G186925,0.683208
13S-HOTrE,LIN,individual,1:16664627,1,16664627,5.375058e-10,SORBI_3001G186925,0.683066
13S-HOTrE,LIN,individual,1:16664627,1,16664627,5.375058e-10,SORBI_3001G186925,0.682454
13S-HOTrE,LIN,individual,1:16664627,1,16664627,5.375058e-10,SORBI_3001G187000,0.681849
13S-HOTrE,LIN,individual,1:16664627,1,16664627,5.375058e-10,SORBI_3001G187100,0.681849
13S-HOTrE,LIN,individual,1:16664627,1,16664627,5.375058e-10,SORBI_3001G186850,0.681749
13S-HOTrE,LIN,individual,1:16664627,1,16664627,5.375058e-10,SORBI_3001G186850,0.681717
13S-HOTrE,LIN,individual,1:16664627,1,16664627,5.375058e-10,SORBI_3001G187000,0.681376
13S-HOTrE,LIN,individual,1:16664627,1,16664627,5.375058e-10,SORBI_3001G186850,0.681168
13S-HOTrE,LIN,individual,1:16664627,1,16664627,5.375058e-10,SORBI_3001G187300,0.681119
13S-HOTrE,LIN,individual,1:16664627,1,16664627,5.375058e-10,SORBI_3001G186800,0.681048
13S-HOTrE,LIN,individual,1:16664627,1,16664627,5.375058e-10,SORBI_3001G187100,0.681048
13S-HOTrE,LIN,individual,1:16664627,1,16664627,5.375058e-10,SORBI_3001G188700,0.681048
13S-HOTrE,LIN,individual,1:16664627,1,16664627,5.375058e-10,SORBI_3001G186925,0.680861
13S-HOTrE,LIN,individual,1:16664627,1,16664627,5.375058e-10,SORBI_3001G188700,0.680856
13S-HOTrE,LIN,individual,1:16664627,1,16664627,5.375058e-10,SORBI_3001G188700,0.680793
13S-HOTrE,LIN,individual,1:16664627,1,16664627,5.375058e-10,SORBI_3001G188700,0.680792
13S-HOTrE,LIN,individual,1:16664627,1,16664627,5.375058e-10,SORBI_3001G186850,0.679267
13S-HOTrE,LIN,individual,1:16664627,1,16664627,5.375058e-10,SORBI_3001G186850,0.679085
13S-HOTrE,LIN,individual,1:16664627,1,16664627,5.375058e-10,SORBI_3001G186850,0.678298
13S-HOTrE,LIN,individual,1:16664627,1,16664627,5.375058e-10,SORBI_3001G186800,0.676377
13S-HOTrE,LIN,individual,1:16664627,1,16664627,5.375058e-10,SORBI_3001G188700,0.676377
13S-HOTrE,LIN,individual,1:16664627,1,16664627,5.375058e-10,SORBI_3001G188700,0.676273
13S-HOTrE,LIN,individual,1:16664627,1,16664627,5.375058e-10,SORBI_3001G186800,0.676115
13S-HOTrE,LIN,individual,1:16664627,1,16664627,5.375058e-10,SORBI_3001G186925,0.675626
13S-HOTrE,LIN,individual,1:16664627,1,16664627,5.375058e-10,SORBI_3001G186850,0.675484
13S-HOTrE,LIN,individual,1:16664627,1,16664627,5.375058e-10,SORBI_3001G186850,0.673913
13S-HOTrE,LIN,individual,1:16664627,1,16664627,5.375058e-10,SORBI_3001G186850,0.673623
13S-HOTrE,LIN,individual,1:16664627,1,16664627,5.375058e-10,SORBI_3001G187000,0.672682
13S-HOTrE,LIN,individual,1:16664627,1,16664627,5.375058e-10,SORBI_3001G186800,0.672245
13S-HOTrE,LIN,individual,1:16664627,1,16664627,5.375058e-10,SORBI_3001G186850,0.67211
13S-HOTrE,LIN,individual,1:16664627,1,16664627,5.375058e-10,SORBI_3001G187700,0.671752
13S-HOTrE,LIN,individual,1:16664627,1,16664627,5.375058e-10,SORBI_3001G187000,0.669771
13S-HOTrE,LIN,individual,1:16664627,1,16664627,5.375058e-10,SORBI_3001G186850,0.668485
13S-HOTrE,LIN,individual,1:16664627,1,16664627,5.375058e-10,SORBI_3001G187000,0.668321
13S-HOTrE,LIN,individual,1:16664627,1,16664627,5.375058e-10,SORBI_3001G187000,0.668255
13S-HOTrE,LIN,individual,1:16664627,1,16664627,5.375058e-10,SORBI_3001G186850,0.667828
13S-HOTrE,LIN,individual,1:16664627,1,16664627,5.375058e-10,SORBI_3001G188700,0.667494
13S-HOTrE,LIN,individual,1:16664627,1,16664627,5.375058e-10,SORBI_3001G188700,0.667292
13S-HOTrE,LIN,individual,1:16664627,1,16664627,5.375058e-10,SORBI_3001G188700,0.667223
13S-HOTrE,LIN,individual,1:16664627,1,16664627,5.375058e-10,SORBI_3001G186850,0.666652
13S-HOTrE,LIN,individual,1:16664627,1,16664627,5.375058e-10,SORBI_3001G186850,0.666425
13S-HOTrE,LIN,individual,1:16664627,1,16664627,5.375058e-10,SORBI_3001G186850,0.665941
13S-HOTrE,LIN,individual,1:16664627,1,16664627,5.375058e-10,SORBI_3001G186850,0.665643
13S-HOTrE,LIN,individual,1:16664627,1,16664627,5.375058e-10,SORBI_3001G187000,0.663375
13S-HOTrE,LIN,individual,1:16664627,1,16664627,5.375058e-10,SORBI_3001G188700,0.663103
13S-HOTrE,LIN,individual,1:16664627,1,16664627,5.375058e-10,SORBI_3001G188700,0.662713
13S-HOTrE,LIN,individual,1:16664627,1,16664627,5.375058e-10,SORBI_3001G186800,0.662604
13S-HOTrE,LIN,individual,1:16664627,1,16664627,5.375058e-10,SORBI_3001G186925,0.661891
13S-HOTrE,LIN,individual,1:16664627,1,16664627,5.375058e-10,SORBI_3001G186850,0.658973
13S-HOTrE,LIN,individual,1:16664627,1,16664627,5.375058e-10,SORBI_3001G186800,0.657303
13S-HOTrE,LIN,individual,1:16664627,1,16664627,5.375058e-10,SORBI_3001G189300,0.655629
13S-HOTrE,LIN,individual,1:16664627,1,16664627,5.375058e-10,SORBI_3001G186850,0.655418
13S-HOTrE,LIN,individual,1:16664627,1,16664627,5.375058e-10,SORBI_3001G187800,0.654868
13S-HOTrE,LIN,individual,1:16664627,1,16664627,5.375058e-10,SORBI_3001G187000,0.654367
13S-HOTrE,LIN,individual,1:16664627,1,16664627,5.375058e-10,SORBI_3001G188700,0.653964
13S-HOTrE,LIN,individual,1:16664627,1,16664627,5.375058e-10,SORBI_3001G188700,0.653754
13S-HOTrE,LIN,individual,1:16664627,1,16664627,5.375058e-10,SORBI_3001G188700,0.653677
13S-HOTrE,LIN,individual,1:16664627,1,16664627,5.375058e-10,SORBI_3001G189600,0.650601
13S-HOTrE,LIN,individual,1:16664627,1,16664627,5.375058e-10,SORBI_3001G188700,0.649263
13S-HOTrE,LIN,individual,1:16664627,1,16664627,5.375058e-10,SORBI_3001G186800,0.648246
13S-HOTrE,LIN,individual,1:16664627,1,16664627,5.375058e-10,SORBI_3001G186850,0.646329
13S-HOTrE,LIN,individual,1:16664627,1,16664627,5.375058e-10,SORBI_3001G187300,0.646218
13S-HOTrE,LIN,individual,1:16664627,1,16664627,5.375058e-10,SORBI_3001G186850,0.639265
13S-HOTrE,LIN,individual,1:16664627,1,16664627,5.375058e-10,SORBI_3001G188700,0.637074
13S-HOTrE,LIN,individual,1:16664627,1,16664627,5.375058e-10,SORBI_3001G186850,0.636188
13S-HOTrE,LIN,individual,1:16664627,1,16664627,5.375058e-10,SORBI_3001G187800,0.636103
13S-HOTrE,LIN,individual,1:16664627,1,16664627,5.375058e-10,SORBI_3001G186800,0.635744
13S-HOTrE,LIN,individual,1:16664627,1,16664627,5.375058e-10,SORBI_3001G188700,0.635624
13S-HOTrE,LIN,individual,1:16664627,1,16664627,5.375058e-10,SORBI_3001G186850,0.633833
13S-HOTrE,LIN,individual,1:16664627,1,16664627,5.375058e-10,SORBI_3001G186850,0.633442
13S-HOTrE,LIN,individual,1:16664627,1,16664627,5.375058e-10,SORBI_3001G186850,0.633321
13S-HOTrE,LIN,individual,1:16664627,1,16664627,5.375058e-10,SORBI_3001G187300,0.630794
13S-HOTrE,LIN,individual,1:16664627,1,16664627,5.375058e-10,SORBI_3001G187200,0.630082
13S-HOTrE,LIN,individual,1:16664627,1,16664627,5.375058e-10,SORBI_3001G187200,0.628572
13S-HOTrE,LIN,individual,1:16664627,1,16664627,5.375058e-10,SORBI_3001G186850,0.627137
13S-HOTrE,LIN,individual,1:16664627,1,16664627,5.375058e-10,SORBI_3001G188700,0.626752
13S-HOTrE,LIN,individual,1:16664627,1,16664627,5.375058e-10,SORBI_3001G187100,0.626163
13S-HOTrE,LIN,individual,1:16664627,1,16664627,5.375058e-10,SORBI_3001G187000,0.626088
13S-HOTrE,LIN,individual,1:16664627,1,16664627,5.375058e-10,SORBI_3001G187000,0.625297
13S-HOTrE,LIN,individual,1:16664627,1,16664627,5.375058e-10,SORBI_3001G188700,0.622574
13S-HOTrE,LIN,individual,1:16664627,1,16664627,5.375058e-10,SORBI_3001G186800,0.618832
13S-HOTrE,LIN,individual,1:16664627,1,16664627,5.375058e-10,SORBI_3001G186850,0.618832
13S-HOTrE,LIN,individual,1:16664627,1,16664627,5.375058e-10,SORBI_3001G188500,0.616158
13S-HOTrE,LIN,individual,1:16664627,1,16664627,5.375058e-10,SORBI_3001G186850,0.615678
13S-HOTrE,LIN,individual,1:16664627,1,16664627,5.375058e-10,SORBI_3001G187000,0.614649
13S-HOTrE,LIN,individual,1:16664627,1,16664627,5.375058e-10,SORBI_3001G187100,0.614649
13S-HOTrE,LIN,individual,1:16664627,1,16664627,5.375058e-10,SORBI_3001G187200,0.61392
13S-HOTrE,LIN,individual,1:16664627,1,16664627,5.375058e-10,SORBI_3001G187000,0.61361
13S-HOTrE,LIN,individual,1:16664627,1,16664627,5.375058e-10,SORBI_3001G186850,0.612081
13S-HOTrE,LIN,individual,1:16664627,1,16664627,5.375058e-10,SORBI_3001G187300,0.61178
13S-HOTrE,LIN,individual,1:16664627,1,16664627,5.375058e-10,SORBI_3001G187100,0.610897
13S-HOTrE,LIN,individual,1:16664627,1,16664627,5.375058e-10,SORBI_3001G188500,0.609269
13S-HOTrE,LIN,individual,1:16664627,1,16664627,5.375058e-10,SORBI_3001G188700,0.609269
13S-HOTrE,LIN,individual,1:16664627,1,16664627,5.375058e-10,SORBI_3001G188900,0.609269
13S-HOTrE,LIN,individual,1:16664627,1,16664627,5.375058e-10,SORBI_3001G187300,0.608779
13S-HOTrE,LIN,individual,1:16664627,1,16664627,5.375058e-10,SORBI_3001G186850,0.60551
13S-HOTrE,LIN,individual,1:16664627,1,16664627,5.375058e-10,SORBI_3001G188500,0.605185
13S-HOTrE,LIN,individual,1:16664627,1,16664627,5.375058e-10,SORBI_3001G188400,0.603083
13S-HOTrE,LIN,individual,1:16664627,1,16664627,5.375058e-10,SORBI_3001G188500,0.603083
13S-HOTrE,LIN,individual,1:16664627,1,16664627,5.375058e-10,SORBI_3001G188700,0.603083
13S-HOTrE,LIN,individual,1:16664627,1,16664627,5.375058e-10,SORBI_3001G188900,0.603083
13S-HOTrE,LIN,individual,1:16664627,1,16664627,5.375058e-10,SORBI_3001G187200,0.602283
13S-HOTrE,LIN,individual,1:16664627,1,16664627,5.375058e-10,SORBI_3001G187200,0.601563
13S-HOTrE,LIN,individual,1:16664627,1,16664627,5.375058e-10,SORBI_3001G186850,0.598677
13S-HOTrE,LIN,individual,1:16664627,1,16664627,5.375058e-10,SORBI_3001G187100,0.598293
13S-HOTrE,LIN,individual,1:16664627,1,16664627,5.375058e-10,SORBI_3001G188500,0.597973
13S-HOTrE,LIN,individual,1:16664627,1,16664627,5.375058e-10,SORBI_3001G188800,0.597973
13S-HOTrE,LIN,individual,1:16664627,1,16664627,5.375058e-10,SORBI_3001G188400,0.59753
13S-HOTrE,LIN,individual,1:16664627,1,16664627,5.375058e-10,SORBI_3001G188500,0.59753
13S-HOTrE,LIN,individual,1:16664627,1,16664627,5.375058e-10,SORBI_3001G188600,0.59753
13S-HOTrE,LIN,individual,1:16664627,1,16664627,5.375058e-10,SORBI_3001G188700,0.59753
13S-HOTrE,LIN,individual,1:16664627,1,16664627,5.375058e-10,SORBI_3001G188900,0.59753
13S-HOTrE,LIN,individual,1:16664627,1,16664627,5.375058e-10,SORBI_3001G186850,0.597447
13S-HOTrE,LIN,individual,1:16664627,1,16664627,5.375058e-10,SORBI_3001G187100,0.597432
13S-HOTrE,LIN,individual,1:16664627,1,16664627,5.375058e-10,SORBI_3001G186850,0.597122
13S-HOTrE,LIN,individual,1:16664627,1,16664627,5.375058e-10,SORBI_3001G188400,0.594847
13S-HOTrE,LIN,individual,1:16664627,1,16664627,5.375058e-10,SORBI_3001G188900,0.594847
13S-HOTrE,LIN,individual,1:16664627,1,16664627,5.375058e-10,SORBI_3001G187100,0.593727
13S-HOTrE,LIN,individual,1:16664627,1,16664627,5.375058e-10,SORBI_3001G186925,0.592874
13S-HOTrE,LIN,individual,1:16664627,1,16664627,5.375058e-10,SORBI_3001G188400,0.591512
13S-HOTrE,LIN,individual,1:16664627,1,16664627,5.375058e-10,SORBI_3001G188500,0.591512
13S-HOTrE,LIN,individual,1:16664627,1,16664627,5.375058e-10,SORBI_3001G188900,0.591512
13S-HOTrE,LIN,individual,1:16664627,1,16664627,5.375058e-10,SORBI_3001G187200,0.589646
13S-HOTrE,LIN,individual,1:16664627,1,16664627,5.375058e-10,SORBI_3001G188400,0.589624
13S-HOTrE,LIN,individual,1:16664627,1,16664627,5.375058e-10,SORBI_3001G188500,0.589624
13S-HOTrE,LIN,individual,1:16664627,1,16664627,5.375058e-10,SORBI_3001G188800,0.589624
13S-HOTrE,LIN,individual,1:16664627,1,16664627,5.375058e-10,SORBI_3001G188900,0.589624
13S-HOTrE,LIN,individual,1:16664627,1,16664627,5.375058e-10,SORBI_3001G188500,0.589206
13S-HOTrE,LIN,individual,1:16664627,1,16664627,5.375058e-10,SORBI_3001G189000,0.58682
13S-HOTrE,LIN,individual,1:16664627,1,16664627,5.375058e-10,SORBI_3001G188400,0.585724
13S-HOTrE,LIN,individual,1:16664627,1,16664627,5.375058e-10,SORBI_3001G188500,0.585724
13S-HOTrE,LIN,individual,1:16664627,1,16664627,5.375058e-10,SORBI_3001G188600,0.585724
13S-HOTrE,LIN,individual,1:16664627,1,16664627,5.375058e-10,SORBI_3001G188700,0.585724
13S-HOTrE,LIN,individual,1:16664627,1,16664627,5.375058e-10,SORBI_3001G188900,0.585724
13S-HOTrE,LIN,individual,1:16664627,1,16664627,5.375058e-10,SORBI_3001G189000,0.585724
13S-HOTrE,LIN,individual,1:16664627,1,16664627,5.375058e-10,SORBI_3001G188800,0.585666
13S-HOTrE,LIN,individual,1:16664627,1,16664627,5.375058e-10,SORBI_3001G188900,0.583129
13S-HOTrE,LIN,individual,1:16664627,1,16664627,5.375058e-10,SORBI_3001G188800,0.58303
13S-HOTrE,LIN,individual,1:16664627,1,16664627,5.375058e-10,SORBI_3001G186850,0.582761
13S-HOTrE,LIN,individual,1:16664627,1,16664627,5.375058e-10,SORBI_3001G187200,0.581847
13S-HOTrE,LIN,individual,1:16664627,1,16664627,5.375058e-10,SORBI_3001G187200,0.581546
13S-HOTrE,LIN,individual,1:16664627,1,16664627,5.375058e-10,SORBI_3001G188400,0.580059
13S-HOTrE,LIN,individual,1:16664627,1,16664627,5.375058e-10,SORBI_3001G188500,0.580059
13S-HOTrE,LIN,individual,1:16664627,1,16664627,5.375058e-10,SORBI_3001G188900,0.580059
13S-HOTrE,LIN,individual,1:16664627,1,16664627,5.375058e-10,SORBI_3001G189000,0.580059
13S-HOTrE,LIN,individual,1:16664627,1,16664627,5.375058e-10,SORBI_3001G188900,0.574358
13S-HOTrE,LIN,individual,1:16664627,1,16664627,5.375058e-10,SORBI_3001G188400,0.574018
13S-HOTrE,LIN,individual,1:16664627,1,16664627,5.375058e-10,SORBI_3001G188500,0.574018
13S-HOTrE,LIN,individual,1:16664627,1,16664627,5.375058e-10,SORBI_3001G188900,0.574018
13S-HOTrE,LIN,individual,1:16664627,1,16664627,5.375058e-10,SORBI_3001G189100,0.57096
13S-HOTrE,LIN,individual,1:16664627,1,16664627,5.375058e-10,SORBI_3001G189200,0.57096
13S-HOTrE,LIN,individual,1:16664627,1,16664627,5.375058e-10,SORBI_3001G189000,0.570461
13S-HOTrE,LIN,individual,1:16664627,1,16664627,5.375058e-10,SORBI_3001G188400,0.569849
13S-HOTrE,LIN,individual,1:16664627,1,16664627,5.375058e-10,SORBI_3001G188900,0.568737
13S-HOTrE,LIN,individual,1:16664627,1,16664627,5.375058e-10,SORBI_3001G189000,0.568737
13S-HOTrE,LIN,individual,1:16664627,1,16664627,5.375058e-10,SORBI_3001G188900,0.56848
13S-HOTrE,LIN,individual,1:16664627,1,16664627,5.375058e-10,SORBI_3001G188400,0.565847
13S-HOTrE,LIN,individual,1:16664627,1,16664627,5.375058e-10,SORBI_3001G189100,0.564953
13S-HOTrE,LIN,individual,1:16664627,1,16664627,5.375058e-10,SORBI_3001G189200,0.564953
13S-HOTrE,LIN,individual,1:16664627,1,16664627,5.375058e-10,SORBI_3001G189000,0.564313
13S-HOTrE,LIN,individual,1:16664627,1,16664627,5.375058e-10,SORBI_3001G189000,0.563978
13S-HOTrE,LIN,individual,1:16664627,1,16664627,5.375058e-10,SORBI_3001G189000,0.563699
13S-HOTrE,LIN,individual,1:16664627,1,16664627,5.375058e-10,SORBI_3001G188900,0.562419
13S-HOTrE,LIN,individual,1:16664627,1,16664627,5.375058e-10,SORBI_3001G188900,0.561227
13S-HOTrE,LIN,individual,1:16664627,1,16664627,5.375058e-10,SORBI_3001G186850,0.560399
13S-HOTrE,LIN,individual,1:16664627,1,16664627,5.375058e-10,SORBI_3001G188400,0.560025
13S-HOTrE,LIN,individual,1:16664627,1,16664627,5.375058e-10,SORBI_3001G189000,0.559654
13S-HOTrE,LIN,individual,1:16664627,1,16664627,5.375058e-10,SORBI_3001G189000,0.559593
13S-HOTrE,LIN,individual,1:16664627,1,16664627,5.375058e-10,SORBI_3001G189100,0.559593
13S-HOTrE,LIN,individual,1:16664627,1,16664627,5.375058e-10,SORBI_3001G189200,0.559593
13S-HOTrE,LIN,individual,1:16664627,1,16664627,5.375058e-10,SORBI_3001G189000,0.559518
13S-HOTrE,LIN,individual,1:16664627,1,16664627,5.375058e-10,SORBI_3001G189000,0.559381
13S-HOTrE,LIN,individual,1:16664627,1,16664627,5.375058e-10,SORBI_3001G189000,0.559169
13S-HOTrE,LIN,individual,1:16664627,1,16664627,5.375058e-10,SORBI_3001G188500,0.559083
13S-HOTrE,LIN,individual,1:16664627,1,16664627,5.375058e-10,SORBI_3001G188900,0.559083
13S-HOTrE,LIN,individual,1:16664627,1,16664627,5.375058e-10,SORBI_3001G188900,0.5541
13S-HOTrE,LIN,individual,1:16664627,1,16664627,5.375058e-10,SORBI_3001G189000,0.553366
13S-HOTrE,LIN,individual,1:16664627,1,16664627,5.375058e-10,SORBI_3001G189100,0.553366
13S-HOTrE,LIN,individual,1:16664627,1,16664627,5.375058e-10,SORBI_3001G186850,0.553069
13S-HOTrE,LIN,individual,1:16664627,1,16664627,5.375058e-10,SORBI_3001G189000,0.551767
13S-HOTrE,LIN,individual,1:16664627,1,16664627,5.375058e-10,SORBI_3001G189100,0.551767
13S-HOTrE,LIN,individual,1:16664627,1,16664627,5.375058e-10,SORBI_3001G189200,0.551767
13S-HOTrE,LIN,individual,1:16664627,1,16664627,5.375058e-10,SORBI_3001G188900,0.550937
13S-HOTrE,LIN,individual,1:16664627,1,16664627,5.375058e-10,SORBI_3001G188900,0.548921
13S-HOTrE,LIN,individual,1:16664627,1,16664627,5.375058e-10,SORBI_3001G189000,0.547772
13S-HOTrE,LIN,individual,1:16664627,1,16664627,5.375058e-10,SORBI_3001G189100,0.547772
13S-HOTrE,LIN,individual,1:16664627,1,16664627,5.375058e-10,SORBI_3001G189200,0.547772
13S-HOTrE,LIN,individual,1:16664627,1,16664627,5.375058e-10,SORBI_3001G188800,0.547404
13S-HOTrE,LIN,individual,1:16664627,1,16664627,5.375058e-10,SORBI_3001G187800,0.545675
13S-HOTrE,LIN,individual,1:16664627,1,16664627,5.375058e-10,SORBI_3001G188900,0.544368
13S-HOTrE,LIN,individual,1:16664627,1,16664627,5.375058e-10,SORBI_3001G187600,0.543505
13S-HOTrE,LIN,individual,1:16664627,1,16664627,5.375058e-10,SORBI_3001G186850,0.541937
13S-HOTrE,LIN,individual,1:16664627,1,16664627,5.375058e-10,SORBI_3001G188400,0.541854
13S-HOTrE,LIN,individual,1:16664627,1,16664627,5.375058e-10,SORBI_3001G189000,0.539817
13S-HOTrE,LIN,individual,1:16664627,1,16664627,5.375058e-10,SORBI_3001G189200,0.539817
13S-HOTrE,LIN,individual,1:16664627,1,16664627,5.375058e-10,SORBI_3001G189300,0.539817
13S-HOTrE,LIN,individual,1:16664627,1,16664627,5.375058e-10,SORBI_3001G187300,0.539569
13S-HOTrE,LIN,individual,1:16664627,1,16664627,5.375058e-10,SORBI_3001G188100,0.538254
13S-HOTrE,LIN,individual,1:16664627,1,16664627,5.375058e-10,SORBI_3001G188100,0.535174
13S-HOTrE,LIN,individual,1:16664627,1,16664627,5.375058e-10,SORBI_3001G189200,0.535168
13S-HOTrE,LIN,individual,1:16664627,1,16664627,5.375058e-10,SORBI_3001G187800,0.533487
13S-HOTrE,LIN,individual,1:16664627,1,16664627,5.375058e-10,SORBI_3001G188400,0.532792
13S-HOTrE,LIN,individual,1:16664627,1,16664627,5.375058e-10,SORBI_3001G189000,0.531997
13S-HOTrE,LIN,individual,1:16664627,1,16664627,5.375058e-10,SORBI_3001G189200,0.531044
13S-HOTrE,LIN,individual,1:16664627,1,16664627,5.375058e-10,SORBI_3001G189100,0.527955
13S-HOTrE,LIN,individual,1:16664627,1,16664627,5.375058e-10,SORBI_3001G189300,0.527955
13S-HOTrE,LIN,individual,1:16664627,1,16664627,5.375058e-10,SORBI_3001G189000,0.52758
13S-HOTrE,LIN,individual,1:16664627,1,16664627,5.375058e-10,SORBI_3001G189000,0.527106
13S-HOTrE,LIN,individual,1:16664627,1,16664627,5.375058e-10,SORBI_3001G188000,0.525789
13S-HOTrE,LIN,individual,1:16664627,1,16664627,5.375058e-10,SORBI_3001G186850,0.525145
13S-HOTrE,LIN,individual,1:16664627,1,16664627,5.375058e-10,SORBI_3001G186850,0.523908
13S-HOTrE,LIN,individual,1:16664627,1,16664627,5.375058e-10,SORBI_3001G189300,0.52389
13S-HOTrE,LIN,individual,1:16664627,1,16664627,5.375058e-10,SORBI_3001G189200,0.523111
13S-HOTrE,LIN,individual,1:16664627,1,16664627,5.375058e-10,SORBI_3001G187800,0.522603
13S-HOTrE,LIN,individual,1:16664627,1,16664627,5.375058e-10,SORBI_3001G187800,0.519805
13S-HOTrE,LIN,individual,1:16664627,1,16664627,5.375058e-10,SORBI_3001G188000,0.519805
13S-HOTrE,LIN,individual,1:16664627,1,16664627,5.375058e-10,SORBI_3001G188100,0.519805
13S-HOTrE,LIN,individual,1:16664627,1,16664627,5.375058e-10,SORBI_3001G189000,0.519075
13S-HOTrE,LIN,individual,1:16664627,1,16664627,5.375058e-10,SORBI_3001G189000,0.518907
13S-HOTrE,LIN,individual,1:16664627,1,16664627,5.375058e-10,SORBI_3001G189200,0.518823
13S-HOTrE,LIN,individual,1:16664627,1,16664627,5.375058e-10,SORBI_3001G189000,0.518397
13S-HOTrE,LIN,individual,1:16664627,1,16664627,5.375058e-10,SORBI_3001G187700,0.517359
13S-HOTrE,LIN,individual,1:16664627,1,16664627,5.375058e-10,SORBI_3001G187800,0.517359
13S-HOTrE,LIN,individual,1:16664627,1,16664627,5.375058e-10,SORBI_3001G187900,0.517359
13S-HOTrE,LIN,individual,1:16664627,1,16664627,5.375058e-10,SORBI_3001G188000,0.517359
13S-HOTrE,LIN,individual,1:16664627,1,16664627,5.375058e-10,SORBI_3001G188100,0.517359
13S-HOTrE,LIN,individual,1:16664627,1,16664627,5.375058e-10,SORBI_3001G187300,0.517294
13S-HOTrE,LIN,individual,1:16664627,1,16664627,5.375058e-10,SORBI_3001G188100,0.516001
13S-HOTrE,LIN,individual,1:16664627,1,16664627,5.375058e-10,SORBI_3001G187700,0.513425
13S-HOTrE,LIN,individual,1:16664627,1,16664627,5.375058e-10,SORBI_3001G187800,0.513425
13S-HOTrE,LIN,individual,1:16664627,1,16664627,5.375058e-10,SORBI_3001G188000,0.513425
13S-HOTrE,LIN,individual,1:16664627,1,16664627,5.375058e-10,SORBI_3001G189200,0.511575
13S-HOTrE,LIN,individual,1:16664627,1,16664627,5.375058e-10,SORBI_3001G187600,0.511186
13S-HOTrE,LIN,individual,1:16664627,1,16664627,5.375058e-10,SORBI_3001G187700,0.511186
13S-HOTrE,LIN,individual,1:16664627,1,16664627,5.375058e-10,SORBI_3001G187800,0.511186
13S-HOTrE,LIN,individual,1:16664627,1,16664627,5.375058e-10,SORBI_3001G187900,0.511186
13S-HOTrE,LIN,individual,1:16664627,1,16664627,5.375058e-10,SORBI_3001G189000,0.510716
13S-HOTrE,LIN,individual,1:16664627,1,16664627,5.375058e-10,SORBI_3001G187800,0.510076
13S-HOTrE,LIN,individual,1:16664627,1,16664627,5.375058e-10,SORBI_3001G188000,0.510076
13S-HOTrE,LIN,individual,1:16664627,1,16664627,5.375058e-10,SORBI_3001G187800,0.510042
13S-HOTrE,LIN,individual,1:16664627,1,16664627,5.375058e-10,SORBI_3001G187800,0.507183
13S-HOTrE,LIN,individual,1:16664627,1,16664627,5.375058e-10,SORBI_3001G187900,0.507183
13S-HOTrE,LIN,individual,1:16664627,1,16664627,5.375058e-10,SORBI_3001G188100,0.507183
13S-HOTrE,LIN,individual,1:16664627,1,16664627,5.375058e-10,SORBI_3001G187700,0.506703
13S-HOTrE,LIN,individual,1:16664627,1,16664627,5.375058e-10,SORBI_3001G186850,0.506348
13S-HOTrE,LIN,individual,1:16664627,1,16664627,5.375058e-10,SORBI_3001G187800,0.506007
13S-HOTrE,LIN,individual,1:16664627,1,16664627,5.375058e-10,SORBI_3001G189300,0.50498
13S-HOTrE,LIN,individual,1:16664627,1,16664627,5.375058e-10,SORBI_3001G187800,0.50466
13S-HOTrE,LIN,individual,1:16664627,1,16664627,5.375058e-10,SORBI_3001G187900,0.50466
13S-HOTrE,LIN,individual,1:16664627,1,16664627,5.375058e-10,SORBI_3001G188000,0.50466
13S-HOTrE,LIN,individual,1:16664627,1,16664627,5.375058e-10,SORBI_3001G188100,0.50466
13S-HOTrE,LIN,individual,1:16664627,1,16664627,5.375058e-10,SORBI_3001G187800,0.504511
13S-HOTrE,LIN,individual,1:16664627,1,16664627,5.375058e-10,SORBI_3001G187800,0.503404
13S-HOTrE,LIN,individual,1:16664627,1,16664627,5.375058e-10,SORBI_3001G187800,0.500744
13S-HOTrE,LIN,individual,1:16664627,1,16664627,5.375058e-10,SORBI_3001G187700,0.49858
13S-HOTrE,LIN,individual,1:16664627,1,16664627,5.375058e-10,SORBI_3001G187600,0.498436
13S-HOTrE,LIN,individual,1:16664627,1,16664627,5.375058e-10,SORBI_3001G187800,0.498436
13S-HOTrE,LIN,individual,1:16664627,1,16664627,5.375058e-10,SORBI_3001G187900,0.498436
13S-HOTrE,LIN,individual,1:16664627,1,16664627,5.375058e-10,SORBI_3001G189300,0.498414
13S-HOTrE,LIN,individual,1:16664627,1,16664627,5.375058e-10,SORBI_3001G187600,0.496447
13S-HOTrE,LIN,individual,1:16664627,1,16664627,5.375058e-10,SORBI_3001G187600,0.494751
13S-HOTrE,LIN,individual,1:16664627,1,16664627,5.375058e-10,SORBI_3001G187700,0.494751
13S-HOTrE,LIN,individual,1:16664627,1,16664627,5.375058e-10,SORBI_3001G187800,0.491994
13S-HOTrE,LIN,individual,1:16664627,1,16664627,5.375058e-10,SORBI_3001G187600,0.491273
13S-HOTrE,LIN,individual,1:16664627,1,16664627,5.375058e-10,SORBI_3001G187600,0.489028
13S-HOTrE,LIN,individual,1:16664627,1,16664627,5.375058e-10,SORBI_3001G187600,0.487323
13S-HOTrE,LIN,individual,1:16664627,1,16664627,5.375058e-10,SORBI_3001G187600,0.486379
13S-HOTrE,LIN,individual,1:16664627,1,16664627,5.375058e-10,SORBI_3001G187600,0.485717
13S-HOTrE,LIN,individual,1:16664627,1,16664627,5.375058e-10,SORBI_3001G187800,0.485717
13S-HOTrE,LIN,individual,1:16664627,1,16664627,5.375058e-10,SORBI_3001G187600,0.485586
13S-HOTrE,LIN,individual,1:16664627,1,16664627,5.375058e-10,SORBI_3001G187600,0.484839
13S-HOTrE,LIN,individual,1:16664627,1,16664627,5.375058e-10,SORBI_3001G187600,0.483668
13S-HOTrE,LIN,individual,1:16664627,1,16664627,5.375058e-10,SORBI_3001G187600,0.481923
13S-HOTrE,LIN,individual,1:16664627,1,16664627,5.375058e-10,SORBI_3001G187700,0.481923
13S-HOTrE,LIN,individual,1:16664627,1,16664627,5.375058e-10,SORBI_3001G187300,0.480945
13S-HOTrE,LIN,individual,1:16664627,1,16664627,5.375058e-10,SORBI_3001G187600,0.471673
13S-HOTrE,LIN,individual,1:16664627,1,16664627,5.375058e-10,SORBI_3001G187600,0.470918
13S-HOTrE,LIN,individual,1:16664627,1,16664627,5.375058e-10,SORBI_3001G188100,0.469396
13S-HOTrE,LIN,individual,1:16664627,1,16664627,5.375058e-10,SORBI_3001G187600,0.469122
13S-HOTrE,LIN,individual,1:16664627,1,16664627,5.375058e-10,SORBI_3001G187400,0.468682
13S-HOTrE,LIN,individual,1:16664627,1,16664627,5.375058e-10,SORBI_3001G187700,0.467812
13S-HOTrE,LIN,individual,1:16664627,1,16664627,5.375058e-10,SORBI_3001G187500,0.462902
13S-HOTrE,LIN,individual,1:16664627,1,16664627,5.375058e-10,SORBI_3001G187800,0.462295
13S-HOTrE,LIN,individual,1:16664627,1,16664627,5.375058e-10,SORBI_3001G186850,0.45667
13S-HOTrE,LIN,individual,1:16664627,1,16664627,5.375058e-10,SORBI_3001G187700,0.45488
13S-HOTrE,LIN,individual,1:16664627,1,16664627,5.375058e-10,SORBI_3001G188100,0.45488
13S-HOTrE,LIN,individual,1:16664627,1,16664627,5.375058e-10,SORBI_3001G187700,0.454385
13S-HOTrE,LIN,individual,1:16664627,1,16664627,5.375058e-10,SORBI_3001G189300,0.453523
13S-HOTrE,LIN,individual,1:16664627,1,16664627,5.375058e-10,SORBI_3001G187700,0.451999
13S-HOTrE,LIN,individual,1:16664627,1,16664627,5.375058e-10,SORBI_3001G188100,0.451108
13S-HOTrE,LIN,individual,1:16664627,1,16664627,5.375058e-10,SORBI_3001G188100,0.450342
13S-HOTrE,LIN,individual,1:16664627,1,16664627,5.375058e-10,SORBI_3001G190700,0.447971
13S-HOTrE,LIN,individual,1:16664627,1,16664627,5.375058e-10,SORBI_3001G186850,0.444744
13S-HOTrE,LIN,individual,1:16664627,1,16664627,5.375058e-10,SORBI_3001G187300,0.444678
13S-HOTrE,LIN,individual,1:16664627,1,16664627,5.375058e-10,SORBI_3001G186850,0.440806
13S-HOTrE,LIN,individual,1:16664627,1,16664627,5.375058e-10,SORBI_3001G190700,0.440039
13S-HOTrE,LIN,individual,1:16664627,1,16664627,5.375058e-10,SORBI_3001G190700,0.439777
13S-HOTrE,LIN,individual,1:16664627,1,16664627,5.375058e-10,SORBI_3001G188100,0.436859
13S-HOTrE,LIN,individual,1:16664627,1,16664627,5.375058e-10,SORBI_3001G190700,0.435567
13S-HOTrE,LIN,individual,1:16664627,1,16664627,5.375058e-10,SORBI_3001G187300,0.433748
13S-HOTrE,LIN,individual,1:16664627,1,16664627,5.375058e-10,SORBI_3001G188600,0.428308
13S-HOTrE,LIN,individual,1:16664627,1,16664627,5.375058e-10,SORBI_3001G189000,0.426808
13S-HOTrE,LIN,individual,1:16664627,1,16664627,5.375058e-10,SORBI_3001G186925,0.425491
13S-HOTrE,LIN,individual,1:16664627,1,16664627,5.375058e-10,SORBI_3001G188900,0.423956
13S-HOTrE,LIN,individual,1:16664627,1,16664627,5.375058e-10,SORBI_3001G190700,0.423678
13S-HOTrE,LIN,individual,1:16664627,1,16664627,5.375058e-10,SORBI_3001G190700,0.422042
13S-HOTrE,LIN,individual,1:16664627,1,16664627,5.375058e-10,SORBI_3001G188500,0.42123
13S-HOTrE,LIN,individual,1:16664627,1,16664627,5.375058e-10,SORBI_3001G188100,0.417672
13S-HOTrE,LIN,individual,1:16664627,1,16664627,5.375058e-10,SORBI_3001G187500,0.416394
13S-HOTrE,LIN,individual,1:16664627,1,16664627,5.375058e-10,SORBI_3001G187500,0.41608
13S-HOTrE,LIN,individual,1:16664627,1,16664627,5.375058e-10,SORBI_3001G189200,0.41579
13S-HOTrE,LIN,individual,1:16664627,1,16664627,5.375058e-10,SORBI_3001G190600,0.415064
13S-HOTrE,LIN,individual,1:16664627,1,16664627,5.375058e-10,SORBI_3001G188100,0.410796
13S-HOTrE,LIN,individual,1:16664627,1,16664627,5.375058e-10,SORBI_3001G189100,0.4105
13S-HOTrE,LIN,individual,1:16664627,1,16664627,5.375058e-10,SORBI_3001G188100,0.409754
13S-HOTrE,LIN,individual,1:16664627,1,16664627,5.375058e-10,SORBI_3001G188100,0.40929
13S-HOTrE,LIN,individual,1:16664627,1,16664627,5.375058e-10,SORBI_3001G188500,0.409182
13S-HOTrE,LIN,individual,1:16664627,1,16664627,5.375058e-10,SORBI_3001G188500,0.407889
13S-HOTrE,LIN,individual,1:16664627,1,16664627,5.375058e-10,SORBI_3001G188100,0.406543
13S-HOTrE,LIN,individual,1:16664627,1,16664627,5.375058e-10,SORBI_3001G189200,0.406192
13S-HOTrE,LIN,individual,1:16664627,1,16664627,5.375058e-10,SORBI_3001G187500,0.401314
13S-HOTrE,LIN,individual,3:7155494,3,7155494,6.979738e-10,SORBI_3003G083100,0.436926
13S-HOTrE,LIN,individual,3:7155494,3,7155494,6.979738e-10,SORBI_3003G083500,0.424809
13S-HOTrE,LIN,individual,7:63582652,7,63582652,8.137221e-10,SORBI_3007G205400,1
13S-HOTrE,LIN,individual,7:63582652,7,63582652,8.137221e-10,SORBI_3007G205400,1
13S-HOTrE,LIN,individual,7:63582652,7,63582652,8.137221e-10,SORBI_3007G207400,0.642101
13S-HOTrE,LIN,individual,7:63582652,7,63582652,8.137221e-10,SORBI_3007G207500,0.500175
13S-HOTrE,LIN,individual,7:63582652,7,63582652,8.137221e-10,SORBI_3007G202600,0.490633
13S-HOTrE,LIN,individual,7:63582652,7,63582652,8.137221e-10,SORBI_3007G207600,0.470394
13S-HOTrE,LIN,individual,7:63582652,7,63582652,8.137221e-10,SORBI_3007G207500,0.462622
13S-HOTrE,LIN,individual,7:63582652,7,63582652,8.137221e-10,SORBI_3007G207400,0.454692
13S-HOTrE,LIN,individual,7:63582652,7,63582652,8.137221e-10,SORBI_3007G207200,0.452215
13S-HOTrE,LIN,individual,7:63582652,7,63582652,8.137221e-10,SORBI_3007G207200,0.445609
13S-HOTrE,LIN,individual,7:63582652,7,63582652,8.137221e-10,SORBI_3007G207400,0.445609
13S-HOTrE,LIN,individual,7:63582652,7,63582652,8.137221e-10,SORBI_3007G205000,0.439386
13S-HOTrE,LIN,individual,4:1377114,4,1377114,1.00547e-09,SORBI_3004G017500,0.849018
13S-HOTrE,LIN,individual,4:1377114,4,1377114,1.00547e-09,SORBI_3004G017100,0.5162
13S-HOTrE,LIN,individual,4:1377114,4,1377114,1.00547e-09,SORBI_3004G017700,0.477103
13S-HOTrE,LIN,individual,4:1377114,4,1377114,1.00547e-09,SORBI_3004G017700,0.474017
13S-HOTrE,LIN,individual,4:1377114,4,1377114,1.00547e-09,SORBI_3004G017200,0.448679
13S-HOTrE,LIN,individual,10:5743956,10,5743956,1.013166e-09,SORBI_3010G071600,0.671171
13S-HOTrE,LIN,individual,10:5743956,10,5743956,1.013166e-09,SORBI_3010G071600,0.446203
13S-HOTrE,LIN,individual,10:5743956,10,5743956,1.013166e-09,SORBI_3010G071600,0.443349
13S-HOTrE,LIN,individual,10:5743956,10,5743956,1.013166e-09,SORBI_3010G070400,0.405828
13S-HOTrE,LIN,individual,10:6352676,10,6352676,1.109254e-09,SORBI_3010G075600,0.467863
13S-HOTrE,LIN,individual,10:6352676,10,6352676,1.109254e-09,SORBI_3010G075600,0.455984
13S-HOTrE,LIN,individual,10:6352676,10,6352676,1.109254e-09,SORBI_3010G075600,0.444629
13S-HOTrE,LIN,individual,10:6352676,10,6352676,1.109254e-09,SORBI_3010G075600,0.444357
13S-HOTrE,LIN,individual,10:6352676,10,6352676,1.109254e-09,SORBI_3010G075600,0.440628
13S-HOTrE,LIN,individual,10:6352676,10,6352676,1.109254e-09,SORBI_3010G075600,0.433763
13S-HOTrE,LIN,individual,3:69045226,3,69045226,1.169211e-09,SORBI_3003G375800,1
13S-HOTrE,LIN,individual,3:69045226,3,69045226,1.169211e-09,SORBI_3003G375800,1
13S-HOTrE,LIN,individual,3:69045226,3,69045226,1.169211e-09,SORBI_3003G375800,0.989825
13S-HOTrE,LIN,individual,3:69045226,3,69045226,1.169211e-09,SORBI_3003G375900,0.950616
13S-HOTrE,LIN,individual,3:69045226,3,69045226,1.169211e-09,SORBI_3003G375900,0.94127
13S-HOTrE,LIN,individual,3:69045226,3,69045226,1.169211e-09,SORBI_3003G375900,0.939034
13S-HOTrE,LIN,individual,3:69045226,3,69045226,1.169211e-09,SORBI_3003G375900,0.929518
13S-HOTrE,LIN,individual,3:69045226,3,69045226,1.169211e-09,SORBI_3003G375900,0.91792
13S-HOTrE,LIN,individual,3:69045226,3,69045226,1.169211e-09,SORBI_3003G375900,0.880311
13S-HOTrE,LIN,individual,3:69045226,3,69045226,1.169211e-09,SORBI_3003G376000,0.825083
13S-HOTrE,LIN,individual,3:69045226,3,69045226,1.169211e-09,SORBI_3003G375500,0.817921
13S-HOTrE,LIN,individual,3:69045226,3,69045226,1.169211e-09,SORBI_3003G375400,0.81245
13S-HOTrE,LIN,individual,3:69045226,3,69045226,1.169211e-09,SORBI_3003G375300,0.807443
13S-HOTrE,LIN,individual,3:69045226,3,69045226,1.169211e-09,SORBI_3003G375500,0.794443
13S-HOTrE,LIN,individual,3:69045226,3,69045226,1.169211e-09,SORBI_3003G375400,0.781517
13S-HOTrE,LIN,individual,3:69045226,3,69045226,1.169211e-09,SORBI_3003G373900,0.707423
13S-HOTrE,LIN,individual,3:69045226,3,69045226,1.169211e-09,SORBI_3003G374000,0.666841
13S-HOTrE,LIN,individual,3:69045226,3,69045226,1.169211e-09,SORBI_3003G376000,0.66471
13S-HOTrE,LIN,individual,3:69045226,3,69045226,1.169211e-09,SORBI_3003G375700,0.654882
13S-HOTrE,LIN,individual,3:69045226,3,69045226,1.169211e-09,SORBI_3003G375700,0.653997
13S-HOTrE,LIN,individual,3:69045226,3,69045226,1.169211e-09,SORBI_3003G374100,0.651722
13S-HOTrE,LIN,individual,3:69045226,3,69045226,1.169211e-09,SORBI_3003G375900,0.651072
13S-HOTrE,LIN,individual,3:69045226,3,69045226,1.169211e-09,SORBI_3003G374000,0.640244
13S-HOTrE,LIN,individual,3:69045226,3,69045226,1.169211e-09,SORBI_3003G374100,0.626526
13S-HOTrE,LIN,individual,3:69045226,3,69045226,1.169211e-09,SORBI_3003G374200,0.626526
13S-HOTrE,LIN,individual,3:69045226,3,69045226,1.169211e-09,SORBI_3003G375700,0.617199
13S-HOTrE,LIN,individual,3:69045226,3,69045226,1.169211e-09,SORBI_3003G374200,0.614367
13S-HOTrE,LIN,individual,3:69045226,3,69045226,1.169211e-09,SORBI_3003G374200,0.602334
13S-HOTrE,LIN,individual,3:69045226,3,69045226,1.169211e-09,SORBI_3003G374500,0.587473
13S-HOTrE,LIN,individual,3:69045226,3,69045226,1.169211e-09,SORBI_3003G373500,0.575434
13S-HOTrE,LIN,individual,3:69045226,3,69045226,1.169211e-09,SORBI_3003G374500,0.574702
13S-HOTrE,LIN,individual,3:69045226,3,69045226,1.169211e-09,SORBI_3003G374600,0.566567
13S-HOTrE,LIN,individual,3:69045226,3,69045226,1.169211e-09,SORBI_3003G374700,0.566567
13S-HOTrE,LIN,individual,3:69045226,3,69045226,1.169211e-09,SORBI_3003G375000,0.566567
13S-HOTrE,LIN,individual,3:69045226,3,69045226,1.169211e-09,SORBI_3003G375200,0.566567
13S-HOTrE,LIN,individual,3:69045226,3,69045226,1.169211e-09,SORBI_3003G376000,0.562722
13S-HOTrE,LIN,individual,3:69045226,3,69045226,1.169211e-09,SORBI_3003G374600,0.560681
13S-HOTrE,LIN,individual,3:69045226,3,69045226,1.169211e-09,SORBI_3003G375200,0.559496
13S-HOTrE,LIN,individual,3:69045226,3,69045226,1.169211e-09,SORBI_3003G375200,0.553553
13S-HOTrE,LIN,individual,3:69045226,3,69045226,1.169211e-09,SORBI_3003G373600,0.547449
13S-HOTrE,LIN,individual,3:69045226,3,69045226,1.169211e-09,SORBI_3003G375200,0.546396
13S-HOTrE,LIN,individual,3:69045226,3,69045226,1.169211e-09,SORBI_3003G374850,0.540336
13S-HOTrE,LIN,individual,3:69045226,3,69045226,1.169211e-09,SORBI_3003G373600,0.534901
13S-HOTrE,LIN,individual,3:69045226,3,69045226,1.169211e-09,SORBI_3003G372750,0.533865
13S-HOTrE,LIN,individual,3:69045226,3,69045226,1.169211e-09,SORBI_3003G373600,0.53377
13S-HOTrE,LIN,individual,3:69045226,3,69045226,1.169211e-09,SORBI_3003G373500,0.52701
13S-HOTrE,LIN,individual,3:69045226,3,69045226,1.169211e-09,SORBI_3003G376800,0.521788
13S-HOTrE,LIN,individual,3:69045226,3,69045226,1.169211e-09,SORBI_3003G373500,0.521362
13S-HOTrE,LIN,individual,3:69045226,3,69045226,1.169211e-09,SORBI_3003G372800,0.516417
13S-HOTrE,LIN,individual,3:69045226,3,69045226,1.169211e-09,SORBI_3003G372850,0.516417
13S-HOTrE,LIN,individual,3:69045226,3,69045226,1.169211e-09,SORBI_3003G376800,0.514575
13S-HOTrE,LIN,individual,3:69045226,3,69045226,1.169211e-09,SORBI_3003G374700,0.493933
13S-HOTrE,LIN,individual,3:69045226,3,69045226,1.169211e-09,SORBI_3003G373100,0.456945
13S-HOTrE,LIN,individual,3:69045226,3,69045226,1.169211e-09,SORBI_3003G373100,0.444492
13S-HOTrE,LIN,individual,3:69045226,3,69045226,1.169211e-09,SORBI_3003G373100,0.443465
13S-HOTrE,LIN,individual,3:69045226,3,69045226,1.169211e-09,SORBI_3003G373000,0.437021
13S-HOTrE,LIN,individual,3:69045226,3,69045226,1.169211e-09,SORBI_3003G374700,0.436336
13S-HOTrE,LIN,individual,3:69045226,3,69045226,1.169211e-09,SORBI_3003G376000,0.419285
13S-HOTrE,LIN,individual,3:69045226,3,69045226,1.169211e-09,SORBI_3003G376900,0.416578
13S-HOTrE,LIN,individual,4:4236742,4,4236742,1.219427e-09,SORBI_3004G052200,1
13S-HOTrE,LIN,individual,4:4236742,4,4236742,1.219427e-09,SORBI_3004G052200,1
13S-HOTrE,LIN,individual,4:4236742,4,4236742,1.219427e-09,SORBI_3004G049900,0.739511
13S-HOTrE,LIN,individual,4:4236742,4,4236742,1.219427e-09,SORBI_3004G052300,0.668851
13S-HOTrE,LIN,individual,4:4236742,4,4236742,1.219427e-09,SORBI_3004G052800,0.550889
13S-HOTrE,LIN,individual,4:4236742,4,4236742,1.219427e-09,SORBI_3004G051300,0.50278
13S-HOTrE,LIN,individual,4:4236742,4,4236742,1.219427e-09,SORBI_3004G051200,0.484319
13S-HOTrE,LIN,individual,4:4236742,4,4236742,1.219427e-09,SORBI_3004G051500,0.484319
13S-HOTrE,LIN,individual,4:4236742,4,4236742,1.219427e-09,SORBI_3004G051200,0.478099
13S-HOTrE,LIN,individual,4:4236742,4,4236742,1.219427e-09,SORBI_3004G052300,0.473308
13S-HOTrE,LIN,individual,4:4236742,4,4236742,1.219427e-09,SORBI_3004G051166,0.467072
13S-HOTrE,LIN,individual,4:4236742,4,4236742,1.219427e-09,SORBI_3004G051401,0.452262
13S-HOTrE,LIN,individual,4:4236742,4,4236742,1.219427e-09,SORBI_3004G051200,0.44599
13S-HOTrE,LIN,individual,4:4236742,4,4236742,1.219427e-09,SORBI_3004G049900,0.424933
13S-HOTrE,LIN,individual,4:4236742,4,4236742,1.219427e-09,SORBI_3004G051700,0.420544
13S-HOTrE,LIN,individual,4:4236742,4,4236742,1.219427e-09,SORBI_3004G049800,0.401726
13S-HOTrE,LIN,individual,3:69043207,3,69043207,1.241274e-09,SORBI_3003G375800,1
13S-HOTrE,LIN,individual,3:69043207,3,69043207,1.241274e-09,SORBI_3003G375800,1
13S-HOTrE,LIN,individual,3:69043207,3,69043207,1.241274e-09,SORBI_3003G375800,0.989825
13S-HOTrE,LIN,individual,3:69043207,3,69043207,1.241274e-09,SORBI_3003G375900,0.960388
13S-HOTrE,LIN,individual,3:69043207,3,69043207,1.241274e-09,SORBI_3003G375900,0.950946
13S-HOTrE,LIN,individual,3:69043207,3,69043207,1.241274e-09,SORBI_3003G375900,0.94947
13S-HOTrE,LIN,individual,3:69043207,3,69043207,1.241274e-09,SORBI_3003G375900,0.939849
13S-HOTrE,LIN,individual,3:69043207,3,69043207,1.241274e-09,SORBI_3003G375900,0.92892
13S-HOTrE,LIN,individual,3:69043207,3,69043207,1.241274e-09,SORBI_3003G375900,0.88936
13S-HOTrE,LIN,individual,3:69043207,3,69043207,1.241274e-09,SORBI_3003G376000,0.838157
13S-HOTrE,LIN,individual,3:69043207,3,69043207,1.241274e-09,SORBI_3003G375500,0.828477
13S-HOTrE,LIN,individual,3:69043207,3,69043207,1.241274e-09,SORBI_3003G375300,0.81713
13S-HOTrE,LIN,individual,3:69043207,3,69043207,1.241274e-09,SORBI_3003G375400,0.804699
13S-HOTrE,LIN,individual,3:69043207,3,69043207,1.241274e-09,SORBI_3003G375500,0.804699
13S-HOTrE,LIN,individual,3:69043207,3,69043207,1.241274e-09,SORBI_3003G375400,0.79235
13S-HOTrE,LIN,individual,3:69043207,3,69043207,1.241274e-09,SORBI_3003G373900,0.721934
13S-HOTrE,LIN,individual,3:69043207,3,69043207,1.241274e-09,SORBI_3003G374000,0.682314
13S-HOTrE,LIN,individual,3:69043207,3,69043207,1.241274e-09,SORBI_3003G376000,0.675306
13S-HOTrE,LIN,individual,3:69043207,3,69043207,1.241274e-09,SORBI_3003G374100,0.668772
13S-HOTrE,LIN,individual,3:69043207,3,69043207,1.241274e-09,SORBI_3003G375900,0.658325
13S-HOTrE,LIN,individual,3:69043207,3,69043207,1.241274e-09,SORBI_3003G375700,0.649343
13S-HOTrE,LIN,individual,3:69043207,3,69043207,1.241274e-09,SORBI_3003G375700,0.647726
13S-HOTrE,LIN,individual,3:69043207,3,69043207,1.241274e-09,SORBI_3003G374100,0.642936
13S-HOTrE,LIN,individual,3:69043207,3,69043207,1.241274e-09,SORBI_3003G374200,0.642936
13S-HOTrE,LIN,individual,3:69043207,3,69043207,1.241274e-09,SORBI_3003G374000,0.637781
13S-HOTrE,LIN,individual,3:69043207,3,69043207,1.241274e-09,SORBI_3003G374200,0.631454
13S-HOTrE,LIN,individual,3:69043207,3,69043207,1.241274e-09,SORBI_3003G375700,0.624645
13S-HOTrE,LIN,individual,3:69043207,3,69043207,1.241274e-09,SORBI_3003G374200,0.620121
13S-HOTrE,LIN,individual,3:69043207,3,69043207,1.241274e-09,SORBI_3003G374500,0.602913
13S-HOTrE,LIN,individual,3:69043207,3,69043207,1.241274e-09,SORBI_3003G374500,0.590745
13S-HOTrE,LIN,individual,3:69043207,3,69043207,1.241274e-09,SORBI_3003G374600,0.581474
13S-HOTrE,LIN,individual,3:69043207,3,69043207,1.241274e-09,SORBI_3003G374700,0.581474
13S-HOTrE,LIN,individual,3:69043207,3,69043207,1.241274e-09,SORBI_3003G375000,0.581474
13S-HOTrE,LIN,individual,3:69043207,3,69043207,1.241274e-09,SORBI_3003G375200,0.581474
13S-HOTrE,LIN,individual,3:69043207,3,69043207,1.241274e-09,SORBI_3003G374600,0.579397
13S-HOTrE,LIN,individual,3:69043207,3,69043207,1.241274e-09,SORBI_3003G375200,0.574234
13S-HOTrE,LIN,individual,3:69043207,3,69043207,1.241274e-09,SORBI_3003G373500,0.572716
13S-HOTrE,LIN,individual,3:69043207,3,69043207,1.241274e-09,SORBI_3003G376000,0.57236
13S-HOTrE,LIN,individual,3:69043207,3,69043207,1.241274e-09,SORBI_3003G375200,0.569024
13S-HOTrE,LIN,individual,3:69043207,3,69043207,1.241274e-09,SORBI_3003G375200,0.561686
13S-HOTrE,LIN,individual,3:69043207,3,69043207,1.241274e-09,SORBI_3003G372750,0.559882
13S-HOTrE,LIN,individual,3:69043207,3,69043207,1.241274e-09,SORBI_3003G373600,0.558794
13S-HOTrE,LIN,individual,3:69043207,3,69043207,1.241274e-09,SORBI_3003G374850,0.554586
13S-HOTrE,LIN,individual,3:69043207,3,69043207,1.241274e-09,SORBI_3003G373600,0.545549
13S-HOTrE,LIN,individual,3:69043207,3,69043207,1.241274e-09,SORBI_3003G373500,0.53795
13S-HOTrE,LIN,individual,3:69043207,3,69043207,1.241274e-09,SORBI_3003G372700,0.533655
13S-HOTrE,LIN,individual,3:69043207,3,69043207,1.241274e-09,SORBI_3003G372800,0.533655
13S-HOTrE,LIN,individual,3:69043207,3,69043207,1.241274e-09,SORBI_3003G372850,0.533655
13S-HOTrE,LIN,individual,3:69043207,3,69043207,1.241274e-09,SORBI_3003G373600,0.532331
13S-HOTrE,LIN,individual,3:69043207,3,69043207,1.241274e-09,SORBI_3003G373500,0.530915
13S-HOTrE,LIN,individual,3:69043207,3,69043207,1.241274e-09,SORBI_3003G374700,0.507019
13S-HOTrE,LIN,individual,3:69043207,3,69043207,1.241274e-09,SORBI_3003G376800,0.505373
13S-HOTrE,LIN,individual,3:69043207,3,69043207,1.241274e-09,SORBI_3003G376800,0.498344
13S-HOTrE,LIN,individual,3:69043207,3,69043207,1.241274e-09,SORBI_3003G373100,0.470616
13S-HOTrE,LIN,individual,3:69043207,3,69043207,1.241274e-09,SORBI_3003G373100,0.457561
13S-HOTrE,LIN,individual,3:69043207,3,69043207,1.241274e-09,SORBI_3003G373000,0.45013
13S-HOTrE,LIN,individual,3:69043207,3,69043207,1.241274e-09,SORBI_3003G374700,0.447978
13S-HOTrE,LIN,individual,3:69043207,3,69043207,1.241274e-09,SORBI_3003G373100,0.444533
13S-HOTrE,LIN,individual,3:69043207,3,69043207,1.241274e-09,SORBI_3003G376000,0.42608
13S-HOTrE,LIN,individual,3:69043207,3,69043207,1.241274e-09,SORBI_3003G376900,0.403191
13S-HOTrE,LIN,individual,3:69043207,3,69043207,1.241274e-09,SORBI_3003G374700,0.401141
13S-HOTrE,LIN,individual,3:69049131,3,69049131,1.273104e-09,SORBI_3003G375900,1
13S-HOTrE,LIN,individual,3:69049131,3,69049131,1.273104e-09,SORBI_3003G375900,1
13S-HOTrE,LIN,individual,3:69049131,3,69049131,1.273104e-09,SORBI_3003G375900,0.990172
13S-HOTrE,LIN,individual,3:69049131,3,69049131,1.273104e-09,SORBI_3003G375900,0.980436
13S-HOTrE,LIN,individual,3:69049131,3,69049131,1.273104e-09,SORBI_3003G375900,0.979587
13S-HOTrE,LIN,individual,3:69049131,3,69049131,1.273104e-09,SORBI_3003G375900,0.969766
13S-HOTrE,LIN,individual,3:69049131,3,69049131,1.273104e-09,SORBI_3003G375800,0.94947
13S-HOTrE,LIN,individual,3:69049131,3,69049131,1.273104e-09,SORBI_3003G375800,0.939034
13S-HOTrE,LIN,individual,3:69049131,3,69049131,1.273104e-09,SORBI_3003G375900,0.843846
13S-HOTrE,LIN,individual,3:69049131,3,69049131,1.273104e-09,SORBI_3003G376000,0.829522
13S-HOTrE,LIN,individual,3:69049131,3,69049131,1.273104e-09,SORBI_3003G375500,0.783906
13S-HOTrE,LIN,individual,3:69049131,3,69049131,1.273104e-09,SORBI_3003G375300,0.773787
13S-HOTrE,LIN,individual,3:69049131,3,69049131,1.273104e-09,SORBI_3003G375400,0.761312
13S-HOTrE,LIN,individual,3:69049131,3,69049131,1.273104e-09,SORBI_3003G375500,0.761312
13S-HOTrE,LIN,individual,3:69049131,3,69049131,1.273104e-09,SORBI_3003G375400,0.748907
13S-HOTrE,LIN,individual,3:69049131,3,69049131,1.273104e-09,SORBI_3003G376000,0.732858
13S-HOTrE,LIN,individual,3:69049131,3,69049131,1.273104e-09,SORBI_3003G373900,0.71439
13S-HOTrE,LIN,individual,3:69049131,3,69049131,1.273104e-09,SORBI_3003G375900,0.679296
13S-HOTrE,LIN,individual,3:69049131,3,69049131,1.273104e-09,SORBI_3003G374000,0.675174
13S-HOTrE,LIN,individual,3:69049131,3,69049131,1.273104e-09,SORBI_3003G374100,0.661814
13S-HOTrE,LIN,individual,3:69049131,3,69049131,1.273104e-09,SORBI_3003G374100,0.636198
13S-HOTrE,LIN,individual,3:69049131,3,69049131,1.273104e-09,SORBI_3003G374200,0.636198
13S-HOTrE,LIN,individual,3:69049131,3,69049131,1.273104e-09,SORBI_3003G374000,0.631008
13S-HOTrE,LIN,individual,3:69049131,3,69049131,1.273104e-09,SORBI_3003G375700,0.626564
13S-HOTrE,LIN,individual,3:69049131,3,69049131,1.273104e-09,SORBI_3003G375700,0.625361
13S-HOTrE,LIN,individual,3:69049131,3,69049131,1.273104e-09,SORBI_3003G374200,0.624832
13S-HOTrE,LIN,individual,3:69049131,3,69049131,1.273104e-09,SORBI_3003G374200,0.613612
13S-HOTrE,LIN,individual,3:69049131,3,69049131,1.273104e-09,SORBI_3003G374500,0.596457
13S-HOTrE,LIN,individual,3:69049131,3,69049131,1.273104e-09,SORBI_3003G375700,0.590196
13S-HOTrE,LIN,individual,3:69049131,3,69049131,1.273104e-09,SORBI_3003G374500,0.584411
13S-HOTrE,LIN,individual,3:69049131,3,69049131,1.273104e-09,SORBI_3003G374600,0.575203
13S-HOTrE,LIN,individual,3:69049131,3,69049131,1.273104e-09,SORBI_3003G374700,0.575203
13S-HOTrE,LIN,individual,3:69049131,3,69049131,1.273104e-09,SORBI_3003G375000,0.575203
13S-HOTrE,LIN,individual,3:69049131,3,69049131,1.273104e-09,SORBI_3003G375200,0.575203
13S-HOTrE,LIN,individual,3:69049131,3,69049131,1.273104e-09,SORBI_3003G374600,0.573206
13S-HOTrE,LIN,individual,3:69049131,3,69049131,1.273104e-09,SORBI_3003G375200,0.567997
13S-HOTrE,LIN,individual,3:69049131,3,69049131,1.273104e-09,SORBI_3003G373500,0.566346
13S-HOTrE,LIN,individual,3:69049131,3,69049131,1.273104e-09,SORBI_3003G376000,0.565751
13S-HOTrE,LIN,individual,3:69049131,3,69049131,1.273104e-09,SORBI_3003G375200,0.562878
13S-HOTrE,LIN,individual,3:69049131,3,69049131,1.273104e-09,SORBI_3003G375200,0.555575
13S-HOTrE,LIN,individual,3:69049131,3,69049131,1.273104e-09,SORBI_3003G373600,0.552486
13S-HOTrE,LIN,individual,3:69049131,3,69049131,1.273104e-09,SORBI_3003G374850,0.54852
13S-HOTrE,LIN,individual,3:69049131,3,69049131,1.273104e-09,SORBI_3003G372750,0.547823
13S-HOTrE,LIN,individual,3:69049131,3,69049131,1.273104e-09,SORBI_3003G373600,0.539376
13S-HOTrE,LIN,individual,3:69049131,3,69049131,1.273104e-09,SORBI_3003G373500,0.531801
13S-HOTrE,LIN,individual,3:69049131,3,69049131,1.273104e-09,SORBI_3003G372800,0.527953
13S-HOTrE,LIN,individual,3:69049131,3,69049131,1.273104e-09,SORBI_3003G372850,0.527953
13S-HOTrE,LIN,individual,3:69049131,3,69049131,1.273104e-09,SORBI_3003G373600,0.526292
13S-HOTrE,LIN,individual,3:69049131,3,69049131,1.273104e-09,SORBI_3003G373500,0.524695
13S-HOTrE,LIN,individual,3:69049131,3,69049131,1.273104e-09,SORBI_3003G374700,0.501315
13S-HOTrE,LIN,individual,3:69049131,3,69049131,1.273104e-09,SORBI_3003G376800,0.499886
13S-HOTrE,LIN,individual,3:69049131,3,69049131,1.273104e-09,SORBI_3003G376800,0.49289
13S-HOTrE,LIN,individual,3:69049131,3,69049131,1.273104e-09,SORBI_3003G373100,0.465292
13S-HOTrE,LIN,individual,3:69049131,3,69049131,1.273104e-09,SORBI_3003G373100,0.45237
13S-HOTrE,LIN,individual,3:69049131,3,69049131,1.273104e-09,SORBI_3003G373000,0.444963
13S-HOTrE,LIN,individual,3:69049131,3,69049131,1.273104e-09,SORBI_3003G374700,0.442725
13S-HOTrE,LIN,individual,3:69049131,3,69049131,1.273104e-09,SORBI_3003G373100,0.439474
13S-HOTrE,LIN,individual,3:69049131,3,69049131,1.273104e-09,SORBI_3003G376000,0.420566
13S-HOTrE,LIN,individual,3:69049131,3,69049131,1.273104e-09,SORBI_3003G374400,0.411513
13S-HOTrE,LIN,individual,3:65033858,3,65033858,1.451885e-09,SORBI_3003G323700,1
13S-HOTrE,LIN,individual,3:65033858,3,65033858,1.451885e-09,SORBI_3003G323700,1
13S-HOTrE,LIN,individual,3:65033858,3,65033858,1.451885e-09,SORBI_3003G323900,0.576274
13S-HOTrE,LIN,individual,3:65033858,3,65033858,1.451885e-09,SORBI_3003G324200,0.568388
13S-HOTrE,LIN,individual,3:65033858,3,65033858,1.451885e-09,SORBI_3003G323900,0.568018
13S-HOTrE,LIN,individual,3:65033858,3,65033858,1.451885e-09,SORBI_3003G324100,0.568018
13S-HOTrE,LIN,individual,3:65033858,3,65033858,1.451885e-09,SORBI_3003G324100,0.554276
13S-HOTrE,LIN,individual,3:65033858,3,65033858,1.451885e-09,SORBI_3003G323900,0.554215
13S-HOTrE,LIN,individual,3:65033858,3,65033858,1.451885e-09,SORBI_3003G323800,0.551249
13S-HOTrE,LIN,individual,3:65033858,3,65033858,1.451885e-09,SORBI_3003G323700,0.542263
13S-HOTrE,LIN,individual,3:65033858,3,65033858,1.451885e-09,SORBI_3003G323700,0.529791
13S-HOTrE,LIN,individual,3:65033858,3,65033858,1.451885e-09,SORBI_3003G324000,0.526947
13S-HOTrE,LIN,individual,3:65033858,3,65033858,1.451885e-09,SORBI_3003G324400,0.500265
13S-HOTrE,LIN,individual,3:65033858,3,65033858,1.451885e-09,SORBI_3003G324500,0.465166
13S-HOTrE,LIN,individual,3:65033858,3,65033858,1.451885e-09,SORBI_3003G323900,0.447235
13S-HOTrE,LIN,individual,3:65033858,3,65033858,1.451885e-09,SORBI_3003G324100,0.442296
13S-HOTrE,LIN,individual,3:65033858,3,65033858,1.451885e-09,SORBI_3003G324600,0.438264
13S-HOTrE,LIN,individual,3:65033858,3,65033858,1.451885e-09,SORBI_3003G323700,0.430151
13S-HOTrE,LIN,individual,3:65033858,3,65033858,1.451885e-09,SORBI_3003G323750,0.420367
13S-HOTrE,LIN,individual,3:65033858,3,65033858,1.451885e-09,SORBI_3003G324400,0.40025
13S-HOTrE,LIN,individual,4:3999007,4,3999007,1.497681e-09,SORBI_3004G049500,0.926357
13S-HOTrE,LIN,individual,4:3999007,4,3999007,1.497681e-09,SORBI_3004G049500,0.877642
13S-HOTrE,LIN,individual,4:3999007,4,3999007,1.497681e-09,SORBI_3004G049600,0.877278
13S-HOTrE,LIN,individual,4:3999007,4,3999007,1.497681e-09,SORBI_3004G049700,0.877278
13S-HOTrE,LIN,individual,4:3999007,4,3999007,1.497681e-09,SORBI_3004G049600,0.867993
13S-HOTrE,LIN,individual,4:3999007,4,3999007,1.497681e-09,SORBI_3004G049800,0.823148
13S-HOTrE,LIN,individual,4:3999007,4,3999007,1.497681e-09,SORBI_3004G049800,0.800815
13S-HOTrE,LIN,individual,4:3999007,4,3999007,1.497681e-09,SORBI_3004G047200,0.672087
13S-HOTrE,LIN,individual,4:3999007,4,3999007,1.497681e-09,SORBI_3004G047700,0.649882
13S-HOTrE,LIN,individual,4:3999007,4,3999007,1.497681e-09,SORBI_3004G047200,0.648825
13S-HOTrE,LIN,individual,4:3999007,4,3999007,1.497681e-09,SORBI_3004G049900,0.642032
13S-HOTrE,LIN,individual,4:3999007,4,3999007,1.497681e-09,SORBI_3004G047200,0.640025
13S-HOTrE,LIN,individual,4:3999007,4,3999007,1.497681e-09,SORBI_3004G047600,0.622952
13S-HOTrE,LIN,individual,4:3999007,4,3999007,1.497681e-09,SORBI_3004G047700,0.622952
13S-HOTrE,LIN,individual,4:3999007,4,3999007,1.497681e-09,SORBI_3004G049700,0.622241
13S-HOTrE,LIN,individual,4:3999007,4,3999007,1.497681e-09,SORBI_3004G047001,0.60244
13S-HOTrE,LIN,individual,4:3999007,4,3999007,1.497681e-09,SORBI_3004G049600,0.589483
13S-HOTrE,LIN,individual,4:3999007,4,3999007,1.497681e-09,SORBI_3004G047400,0.587534
13S-HOTrE,LIN,individual,4:3999007,4,3999007,1.497681e-09,SORBI_3004G047500,0.58744
13S-HOTrE,LIN,individual,4:3999007,4,3999007,1.497681e-09,SORBI_3004G047400,0.584154
13S-HOTrE,LIN,individual,4:3999007,4,3999007,1.497681e-09,SORBI_3004G047400,0.577243
13S-HOTrE,LIN,individual,4:3999007,4,3999007,1.497681e-09,SORBI_3004G047400,0.571102
13S-HOTrE,LIN,individual,4:3999007,4,3999007,1.497681e-09,SORBI_3004G048800,0.568396
13S-HOTrE,LIN,individual,4:3999007,4,3999007,1.497681e-09,SORBI_3004G047500,0.561672
13S-HOTrE,LIN,individual,4:3999007,4,3999007,1.497681e-09,SORBI_3004G050000,0.560387
13S-HOTrE,LIN,individual,4:3999007,4,3999007,1.497681e-09,SORBI_3004G048400,0.558461
13S-HOTrE,LIN,individual,4:3999007,4,3999007,1.497681e-09,SORBI_3004G050000,0.557032
13S-HOTrE,LIN,individual,4:3999007,4,3999007,1.497681e-09,SORBI_3004G048600,0.556141
13S-HOTrE,LIN,individual,4:3999007,4,3999007,1.497681e-09,SORBI_3004G049600,0.555392
13S-HOTrE,LIN,individual,4:3999007,4,3999007,1.497681e-09,SORBI_3004G047500,0.552511
13S-HOTrE,LIN,individual,4:3999007,4,3999007,1.497681e-09,SORBI_3004G047400,0.551411
13S-HOTrE,LIN,individual,4:3999007,4,3999007,1.497681e-09,SORBI_3004G050000,0.544721
13S-HOTrE,LIN,individual,4:3999007,4,3999007,1.497681e-09,SORBI_3004G048300,0.537826
13S-HOTrE,LIN,individual,4:3999007,4,3999007,1.497681e-09,SORBI_3004G048500,0.531263
13S-HOTrE,LIN,individual,4:3999007,4,3999007,1.497681e-09,SORBI_3004G047001,0.522836
13S-HOTrE,LIN,individual,4:3999007,4,3999007,1.497681e-09,SORBI_3004G048400,0.516519
13S-HOTrE,LIN,individual,4:3999007,4,3999007,1.497681e-09,SORBI_3004G048600,0.515938
13S-HOTrE,LIN,individual,4:3999007,4,3999007,1.497681e-09,SORBI_3004G051700,0.513689
13S-HOTrE,LIN,individual,4:3999007,4,3999007,1.497681e-09,SORBI_3004G049200,0.513313
13S-HOTrE,LIN,individual,4:3999007,4,3999007,1.497681e-09,SORBI_3004G050000,0.512806
13S-HOTrE,LIN,individual,4:3999007,4,3999007,1.497681e-09,SORBI_3004G051600,0.510091
13S-HOTrE,LIN,individual,4:3999007,4,3999007,1.497681e-09,SORBI_3004G049200,0.503369
13S-HOTrE,LIN,individual,4:3999007,4,3999007,1.497681e-09,SORBI_3004G049600,0.499184
13S-HOTrE,LIN,individual,4:3999007,4,3999007,1.497681e-09,SORBI_3004G049900,0.496232
13S-HOTrE,LIN,individual,4:3999007,4,3999007,1.497681e-09,SORBI_3004G048100,0.484385
13S-HOTrE,LIN,individual,4:3999007,4,3999007,1.497681e-09,SORBI_3004G048100,0.477728
13S-HOTrE,LIN,individual,4:3999007,4,3999007,1.497681e-09,SORBI_3004G048100,0.47446
13S-HOTrE,LIN,individual,4:3999007,4,3999007,1.497681e-09,SORBI_3004G048000,0.468671
13S-HOTrE,LIN,individual,4:3999007,4,3999007,1.497681e-09,SORBI_3004G046800,0.46742
13S-HOTrE,LIN,individual,4:3999007,4,3999007,1.497681e-09,SORBI_3004G048300,0.448427
13S-HOTrE,LIN,individual,4:3999007,4,3999007,1.497681e-09,SORBI_3004G049600,0.448169
13S-HOTrE,LIN,individual,4:3999007,4,3999007,1.497681e-09,SORBI_3004G048300,0.447403
13S-HOTrE,LIN,individual,4:3999007,4,3999007,1.497681e-09,SORBI_3004G048700,0.435593
13S-HOTrE,LIN,individual,4:3999007,4,3999007,1.497681e-09,SORBI_3004G047001,0.426211
13S-HOTrE,LIN,individual,4:3999007,4,3999007,1.497681e-09,SORBI_3004G045632,0.420812
13S-HOTrE,LIN,individual,4:3999007,4,3999007,1.497681e-09,SORBI_3004G050000,0.420512
13S-HOTrE,LIN,individual,4:3999007,4,3999007,1.497681e-09,SORBI_3004G051700,0.414471
13S-HOTrE,LIN,individual,4:3999007,4,3999007,1.497681e-09,SORBI_3004G048700,0.41405
13S-HOTrE,LIN,individual,4:3999007,4,3999007,1.497681e-09,SORBI_3004G050800,0.409335
13S-HOTrE,LIN,individual,4:3999007,4,3999007,1.497681e-09,SORBI_3004G048700,0.408871
13S-HOTrE,LIN,individual,4:3999007,4,3999007,1.497681e-09,SORBI_3004G049200,0.402585
13S-HOTrE,LIN,individual,4:3999007,4,3999007,1.497681e-09,SORBI_3004G048201,0.401867
13S-HOTrE,LIN,individual,4:3999007,4,3999007,1.497681e-09,SORBI_3004G048700,0.401867
13S-HOTrE,LIN,individual,3:69049105,3,69049105,1.519345e-09,SORBI_3003G375900,1
13S-HOTrE,LIN,individual,3:69049105,3,69049105,1.519345e-09,SORBI_3003G375900,1
13S-HOTrE,LIN,individual,3:69049116,3,69049116,1.519345e-09,SORBI_3003G375900,1
13S-HOTrE,LIN,individual,3:69049116,3,69049116,1.519345e-09,SORBI_3003G375900,1
13S-HOTrE,LIN,individual,3:69049105,3,69049105,1.519345e-09,SORBI_3003G375900,0.980691
13S-HOTrE,LIN,individual,3:69049116,3,69049116,1.519345e-09,SORBI_3003G375900,0.980691
13S-HOTrE,LIN,individual,3:69049105,3,69049105,1.519345e-09,SORBI_3003G375900,0.979587
13S-HOTrE,LIN,individual,3:69049116,3,69049116,1.519345e-09,SORBI_3003G375900,0.979587
13S-HOTrE,LIN,individual,3:69049105,3,69049105,1.519345e-09,SORBI_3003G375900,0.970314
13S-HOTrE,LIN,individual,3:69049116,3,69049116,1.519345e-09,SORBI_3003G375900,0.970314
13S-HOTrE,LIN,individual,3:69049105,3,69049105,1.519345e-09,SORBI_3003G375900,0.969635
13S-HOTrE,LIN,individual,3:69049116,3,69049116,1.519345e-09,SORBI_3003G375900,0.969635
13S-HOTrE,LIN,individual,3:69049105,3,69049105,1.519345e-09,SORBI_3003G375800,0.92892
13S-HOTrE,LIN,individual,3:69049116,3,69049116,1.519345e-09,SORBI_3003G375800,0.92892
13S-HOTrE,LIN,individual,3:69049105,3,69049105,1.519345e-09,SORBI_3003G375800,0.91792
13S-HOTrE,LIN,individual,3:69049116,3,69049116,1.519345e-09,SORBI_3003G375800,0.91792
13S-HOTrE,LIN,individual,3:69049105,3,69049105,1.519345e-09,SORBI_3003G375900,0.825284
13S-HOTrE,LIN,individual,3:69049116,3,69049116,1.519345e-09,SORBI_3003G375900,0.825284
13S-HOTrE,LIN,individual,3:69049105,3,69049105,1.519345e-09,SORBI_3003G376000,0.807718
13S-HOTrE,LIN,individual,3:69049116,3,69049116,1.519345e-09,SORBI_3003G376000,0.807718
13S-HOTrE,LIN,individual,3:69049105,3,69049105,1.519345e-09,SORBI_3003G375500,0.782275
13S-HOTrE,LIN,individual,3:69049116,3,69049116,1.519345e-09,SORBI_3003G375500,0.782275
13S-HOTrE,LIN,individual,3:69049105,3,69049105,1.519345e-09,SORBI_3003G375300,0.755314
13S-HOTrE,LIN,individual,3:69049116,3,69049116,1.519345e-09,SORBI_3003G375300,0.755314
13S-HOTrE,LIN,individual,3:69049105,3,69049105,1.519345e-09,SORBI_3003G375400,0.742426
13S-HOTrE,LIN,individual,3:69049105,3,69049105,1.519345e-09,SORBI_3003G375500,0.742426
13S-HOTrE,LIN,individual,3:69049116,3,69049116,1.519345e-09,SORBI_3003G375400,0.742426
13S-HOTrE,LIN,individual,3:69049116,3,69049116,1.519345e-09,SORBI_3003G375500,0.742426
13S-HOTrE,LIN,individual,3:69049105,3,69049105,1.519345e-09,SORBI_3003G375400,0.7296
13S-HOTrE,LIN,individual,3:69049116,3,69049116,1.519345e-09,SORBI_3003G375400,0.7296
13S-HOTrE,LIN,individual,3:69049105,3,69049105,1.519345e-09,SORBI_3003G376000,0.714579
13S-HOTrE,LIN,individual,3:69049116,3,69049116,1.519345e-09,SORBI_3003G376000,0.714579
13S-HOTrE,LIN,individual,3:69049105,3,69049105,1.519345e-09,SORBI_3003G373900,0.692312
13S-HOTrE,LIN,individual,3:69049116,3,69049116,1.519345e-09,SORBI_3003G373900,0.692312
13S-HOTrE,LIN,individual,3:69049105,3,69049105,1.519345e-09,SORBI_3003G375900,0.678785
13S-HOTrE,LIN,individual,3:69049116,3,69049116,1.519345e-09,SORBI_3003G375900,0.678785
13S-HOTrE,LIN,individual,3:69049105,3,69049105,1.519345e-09,SORBI_3003G374000,0.652574
13S-HOTrE,LIN,individual,3:69049116,3,69049116,1.519345e-09,SORBI_3003G374000,0.652574
13S-HOTrE,LIN,individual,3:69049105,3,69049105,1.519345e-09,SORBI_3003G374100,0.637852
13S-HOTrE,LIN,individual,3:69049116,3,69049116,1.519345e-09,SORBI_3003G374100,0.637852
13S-HOTrE,LIN,individual,3:69049105,3,69049105,1.519345e-09,SORBI_3003G375700,0.624169
13S-HOTrE,LIN,individual,3:69049116,3,69049116,1.519345e-09,SORBI_3003G375700,0.624169
13S-HOTrE,LIN,individual,3:69049105,3,69049105,1.519345e-09,SORBI_3003G374100,0.613096
13S-HOTrE,LIN,individual,3:69049105,3,69049105,1.519345e-09,SORBI_3003G374200,0.613096
13S-HOTrE,LIN,individual,3:69049116,3,69049116,1.519345e-09,SORBI_3003G374100,0.613096
13S-HOTrE,LIN,individual,3:69049116,3,69049116,1.519345e-09,SORBI_3003G374200,0.613096
13S-HOTrE,LIN,individual,3:69049105,3,69049105,1.519345e-09,SORBI_3003G374000,0.608886
13S-HOTrE,LIN,individual,3:69049116,3,69049116,1.519345e-09,SORBI_3003G374000,0.608886
13S-HOTrE,LIN,individual,3:69049105,3,69049105,1.519345e-09,SORBI_3003G375700,0.608789
13S-HOTrE,LIN,individual,3:69049116,3,69049116,1.519345e-09,SORBI_3003G375700,0.608789
13S-HOTrE,LIN,individual,3:69049105,3,69049105,1.519345e-09,SORBI_3003G374200,0.601185
13S-HOTrE,LIN,individual,3:69049116,3,69049116,1.519345e-09,SORBI_3003G374200,0.601185
13S-HOTrE,LIN,individual,3:69049105,3,69049105,1.519345e-09,SORBI_3003G374200,0.589396
13S-HOTrE,LIN,individual,3:69049116,3,69049116,1.519345e-09,SORBI_3003G374200,0.589396
13S-HOTrE,LIN,individual,3:69049105,3,69049105,1.519345e-09,SORBI_3003G375700,0.575414
13S-HOTrE,LIN,individual,3:69049116,3,69049116,1.519345e-09,SORBI_3003G375700,0.575414
13S-HOTrE,LIN,individual,3:69049105,3,69049105,1.519345e-09,SORBI_3003G374500,0.574607
13S-HOTrE,LIN,individual,3:69049116,3,69049116,1.519345e-09,SORBI_3003G374500,0.574607
13S-HOTrE,LIN,individual,3:69049105,3,69049105,1.519345e-09,SORBI_3003G374600,0.566634
13S-HOTrE,LIN,individual,3:69049116,3,69049116,1.519345e-09,SORBI_3003G374600,0.566634
13S-HOTrE,LIN,individual,3:69049105,3,69049105,1.519345e-09,SORBI_3003G374500,0.562096
13S-HOTrE,LIN,individual,3:69049116,3,69049116,1.519345e-09,SORBI_3003G374500,0.562096
13S-HOTrE,LIN,individual,3:69049105,3,69049105,1.519345e-09,SORBI_3003G374600,0.55407
13S-HOTrE,LIN,individual,3:69049105,3,69049105,1.519345e-09,SORBI_3003G374700,0.55407
13S-HOTrE,LIN,individual,3:69049105,3,69049105,1.519345e-09,SORBI_3003G375000,0.55407
13S-HOTrE,LIN,individual,3:69049105,3,69049105,1.519345e-09,SORBI_3003G375200,0.55407
13S-HOTrE,LIN,individual,3:69049116,3,69049116,1.519345e-09,SORBI_3003G374600,0.55407
13S-HOTrE,LIN,individual,3:69049116,3,69049116,1.519345e-09,SORBI_3003G374700,0.55407
13S-HOTrE,LIN,individual,3:69049116,3,69049116,1.519345e-09,SORBI_3003G375000,0.55407
13S-HOTrE,LIN,individual,3:69049116,3,69049116,1.519345e-09,SORBI_3003G375200,0.55407
13S-HOTrE,LIN,individual,3:69049105,3,69049105,1.519345e-09,SORBI_3003G372750,0.551776
13S-HOTrE,LIN,individual,3:69049116,3,69049116,1.519345e-09,SORBI_3003G372750,0.551776
13S-HOTrE,LIN,individual,3:69049105,3,69049105,1.519345e-09,SORBI_3003G375200,0.550571
13S-HOTrE,LIN,individual,3:69049116,3,69049116,1.519345e-09,SORBI_3003G375200,0.550571
13S-HOTrE,LIN,individual,3:69049105,3,69049105,1.519345e-09,SORBI_3003G376000,0.549459
13S-HOTrE,LIN,individual,3:69049116,3,69049116,1.519345e-09,SORBI_3003G376000,0.549459
13S-HOTrE,LIN,individual,3:69049105,3,69049105,1.519345e-09,SORBI_3003G375200,0.547068
13S-HOTrE,LIN,individual,3:69049116,3,69049116,1.519345e-09,SORBI_3003G375200,0.547068
13S-HOTrE,LIN,individual,3:69049105,3,69049105,1.519345e-09,SORBI_3003G373500,0.546893
13S-HOTrE,LIN,individual,3:69049116,3,69049116,1.519345e-09,SORBI_3003G373500,0.546893
13S-HOTrE,LIN,individual,3:69049105,3,69049105,1.519345e-09,SORBI_3003G375200,0.541322
13S-HOTrE,LIN,individual,3:69049116,3,69049116,1.519345e-09,SORBI_3003G375200,0.541322
13S-HOTrE,LIN,individual,3:69049105,3,69049105,1.519345e-09,SORBI_3003G373600,0.535923
13S-HOTrE,LIN,individual,3:69049116,3,69049116,1.519345e-09,SORBI_3003G373600,0.535923
13S-HOTrE,LIN,individual,3:69049105,3,69049105,1.519345e-09,SORBI_3003G373600,0.534825
13S-HOTrE,LIN,individual,3:69049116,3,69049116,1.519345e-09,SORBI_3003G373600,0.534825
13S-HOTrE,LIN,individual,3:69049105,3,69049105,1.519345e-09,SORBI_3003G374850,0.528249
13S-HOTrE,LIN,individual,3:69049116,3,69049116,1.519345e-09,SORBI_3003G374850,0.528249
13S-HOTrE,LIN,individual,3:69049105,3,69049105,1.519345e-09,SORBI_3003G373600,0.522556
13S-HOTrE,LIN,individual,3:69049116,3,69049116,1.519345e-09,SORBI_3003G373600,0.522556
13S-HOTrE,LIN,individual,3:69049105,3,69049105,1.519345e-09,SORBI_3003G373500,0.514704
13S-HOTrE,LIN,individual,3:69049116,3,69049116,1.519345e-09,SORBI_3003G373500,0.514704
13S-HOTrE,LIN,individual,3:69049105,3,69049105,1.519345e-09,SORBI_3003G373500,0.508892
13S-HOTrE,LIN,individual,3:69049116,3,69049116,1.519345e-09,SORBI_3003G373500,0.508892
13S-HOTrE,LIN,individual,3:69049105,3,69049105,1.519345e-09,SORBI_3003G372800,0.50512
13S-HOTrE,LIN,individual,3:69049105,3,69049105,1.519345e-09,SORBI_3003G372850,0.50512
13S-HOTrE,LIN,individual,3:69049116,3,69049116,1.519345e-09,SORBI_3003G372800,0.50512
13S-HOTrE,LIN,individual,3:69049116,3,69049116,1.519345e-09,SORBI_3003G372850,0.50512
13S-HOTrE,LIN,individual,3:69049105,3,69049105,1.519345e-09,SORBI_3003G374700,0.48257
13S-HOTrE,LIN,individual,3:69049116,3,69049116,1.519345e-09,SORBI_3003G374700,0.48257
13S-HOTrE,LIN,individual,3:69049105,3,69049105,1.519345e-09,SORBI_3003G376800,0.478133
13S-HOTrE,LIN,individual,3:69049116,3,69049116,1.519345e-09,SORBI_3003G376800,0.478133
13S-HOTrE,LIN,individual,3:69049105,3,69049105,1.519345e-09,SORBI_3003G376800,0.471375
13S-HOTrE,LIN,individual,3:69049116,3,69049116,1.519345e-09,SORBI_3003G376800,0.471375
13S-HOTrE,LIN,individual,3:69049105,3,69049105,1.519345e-09,SORBI_3003G373100,0.44637
13S-HOTrE,LIN,individual,3:69049116,3,69049116,1.519345e-09,SORBI_3003G373100,0.44637
13S-HOTrE,LIN,individual,3:69049105,3,69049105,1.519345e-09,SORBI_3003G373100,0.433169
13S-HOTrE,LIN,individual,3:69049116,3,69049116,1.519345e-09,SORBI_3003G373100,0.433169
13S-HOTrE,LIN,individual,3:69049105,3,69049105,1.519345e-09,SORBI_3003G373000,0.426758
13S-HOTrE,LIN,individual,3:69049116,3,69049116,1.519345e-09,SORBI_3003G373000,0.426758
13S-HOTrE,LIN,individual,3:69049105,3,69049105,1.519345e-09,SORBI_3003G374700,0.425875
13S-HOTrE,LIN,individual,3:69049116,3,69049116,1.519345e-09,SORBI_3003G374700,0.425875
13S-HOTrE,LIN,individual,3:69049105,3,69049105,1.519345e-09,SORBI_3003G373100,0.419991
13S-HOTrE,LIN,individual,3:69049116,3,69049116,1.519345e-09,SORBI_3003G373100,0.419991
13S-HOTrE,LIN,individual,3:69049105,3,69049105,1.519345e-09,SORBI_3003G376000,0.408221
13S-HOTrE,LIN,individual,3:69049116,3,69049116,1.519345e-09,SORBI_3003G376000,0.408221
13S-HOTrE,LIN,individual,10:43538066,10,43538066,1.53972e-09,SORBI_3010G151000,0.499138
13S-HOTrE,LIN,individual,10:43538066,10,43538066,1.53972e-09,SORBI_3010G151000,0.471328
13S-HOTrE,LIN,individual,10:43538066,10,43538066,1.53972e-09,SORBI_3010G151000,0.464814
13S-HOTrE,LIN,individual,10:43538066,10,43538066,1.53972e-09,SORBI_3010G151000,0.45157
13S-HOTrE,LIN,individual,10:43538066,10,43538066,1.53972e-09,SORBI_3010G151000,0.429967
13S-HOTrE,LIN,individual,10:43538066,10,43538066,1.53972e-09,SORBI_3010G151000,0.425077
13S-HOTrE,LIN,individual,10:43538066,10,43538066,1.53972e-09,SORBI_3010G151000,0.415669
13S-HOTrE,LIN,individual,10:43538066,10,43538066,1.53972e-09,SORBI_3010G151000,0.407609
13S-HOTrE,LIN,individual,10:43538066,10,43538066,1.53972e-09,SORBI_3010G150900,0.40125
13S-HOTrE,LIN,individual,10:43538066,10,43538066,1.53972e-09,SORBI_3010G151000,0.40125
13S-HOTrE,LIN,individual,10:43538066,10,43538066,1.53972e-09,SORBI_3010G150600,0.40022
13S-HOTrE,LIN,individual,10:43538066,10,43538066,1.53972e-09,SORBI_3010G150700,0.40022
13S-HOTrE,LIN,individual,8:1415414,8,1415414,1.605801e-09,SORBI_3008G017200,1
13S-HOTrE,LIN,individual,8:1415414,8,1415414,1.605801e-09,SORBI_3008G017200,1
13S-HOTrE,LIN,individual,8:1415414,8,1415414,1.605801e-09,SORBI_3008G019000,1
13S-HOTrE,LIN,individual,8:1415414,8,1415414,1.605801e-09,SORBI_3008G016850,0.917699
13S-HOTrE,LIN,individual,8:1415414,8,1415414,1.605801e-09,SORBI_3008G016900,0.715045
13S-HOTrE,LIN,individual,8:1415414,8,1415414,1.605801e-09,SORBI_3008G016900,0.683827
13S-HOTrE,LIN,individual,8:1415414,8,1415414,1.605801e-09,SORBI_3008G016900,0.682512
13S-HOTrE,LIN,individual,8:1415414,8,1415414,1.605801e-09,SORBI_3008G016850,0.669375
13S-HOTrE,LIN,individual,8:1415414,8,1415414,1.605801e-09,SORBI_3008G016900,0.661478
13S-HOTrE,LIN,individual,8:1415414,8,1415414,1.605801e-09,SORBI_3008G016850,0.657889
13S-HOTrE,LIN,individual,8:1415414,8,1415414,1.605801e-09,SORBI_3008G016850,0.654052
13S-HOTrE,LIN,individual,8:1415414,8,1415414,1.605801e-09,SORBI_3008G016900,0.639015
13S-HOTrE,LIN,individual,8:1415414,8,1415414,1.605801e-09,SORBI_3008G016900,0.607408
13S-HOTrE,LIN,individual,8:1415414,8,1415414,1.605801e-09,SORBI_3008G016850,0.606375
13S-HOTrE,LIN,individual,8:1415414,8,1415414,1.605801e-09,SORBI_3008G016250,0.595038
13S-HOTrE,LIN,individual,8:1415414,8,1415414,1.605801e-09,SORBI_3008G017100,0.562258
13S-HOTrE,LIN,individual,8:1415414,8,1415414,1.605801e-09,SORBI_3008G017100,0.554993
13S-HOTrE,LIN,individual,8:1415414,8,1415414,1.605801e-09,SORBI_3008G016850,0.545489
13S-HOTrE,LIN,individual,8:1415414,8,1415414,1.605801e-09,SORBI_3008G017300,0.536952
13S-HOTrE,LIN,individual,8:1415414,8,1415414,1.605801e-09,SORBI_3008G016850,0.529122
13S-HOTrE,LIN,individual,8:1415414,8,1415414,1.605801e-09,SORBI_3008G017100,0.523323
13S-HOTrE,LIN,individual,8:1415414,8,1415414,1.605801e-09,SORBI_3008G017300,0.517135
13S-HOTrE,LIN,individual,8:1415414,8,1415414,1.605801e-09,SORBI_3008G017300,0.514806
13S-HOTrE,LIN,individual,8:1415414,8,1415414,1.605801e-09,SORBI_3008G015800,0.513786
13S-HOTrE,LIN,individual,8:1415414,8,1415414,1.605801e-09,SORBI_3008G016850,0.511699
13S-HOTrE,LIN,individual,8:1415414,8,1415414,1.605801e-09,SORBI_3008G017800,0.511404
13S-HOTrE,LIN,individual,8:1415414,8,1415414,1.605801e-09,SORBI_3008G017300,0.510084
13S-HOTrE,LIN,individual,8:1415414,8,1415414,1.605801e-09,SORBI_3008G017500,0.510084
13S-HOTrE,LIN,individual,8:1415414,8,1415414,1.605801e-09,SORBI_3008G017100,0.509462
13S-HOTrE,LIN,individual,8:1415414,8,1415414,1.605801e-09,SORBI_3008G016850,0.509386
13S-HOTrE,LIN,individual,8:1415414,8,1415414,1.605801e-09,SORBI_3008G017800,0.505107
13S-HOTrE,LIN,individual,8:1415414,8,1415414,1.605801e-09,SORBI_3008G016850,0.503386
13S-HOTrE,LIN,individual,8:1415414,8,1415414,1.605801e-09,SORBI_3008G016850,0.501126
13S-HOTrE,LIN,individual,8:1415414,8,1415414,1.605801e-09,SORBI_3008G017800,0.498985
13S-HOTrE,LIN,individual,8:1415414,8,1415414,1.605801e-09,SORBI_3008G016850,0.485798
13S-HOTrE,LIN,individual,8:1415414,8,1415414,1.605801e-09,SORBI_3008G017800,0.484599
13S-HOTrE,LIN,individual,8:1415414,8,1415414,1.605801e-09,SORBI_3008G016850,0.455467
13S-HOTrE,LIN,individual,8:1415414,8,1415414,1.605801e-09,SORBI_3008G016850,0.455161
13S-HOTrE,LIN,individual,8:1415414,8,1415414,1.605801e-09,SORBI_3008G016850,0.453242
13S-HOTrE,LIN,individual,8:1415414,8,1415414,1.605801e-09,SORBI_3008G016850,0.45166
13S-HOTrE,LIN,individual,8:1415414,8,1415414,1.605801e-09,SORBI_3008G016850,0.451338
13S-HOTrE,LIN,individual,8:1415414,8,1415414,1.605801e-09,SORBI_3008G016850,0.44975
13S-HOTrE,LIN,individual,8:1415414,8,1415414,1.605801e-09,SORBI_3008G016850,0.449527
13S-HOTrE,LIN,individual,8:1415414,8,1415414,1.605801e-09,SORBI_3008G016850,0.44945
13S-HOTrE,LIN,individual,8:1415414,8,1415414,1.605801e-09,SORBI_3008G016850,0.447576
13S-HOTrE,LIN,individual,8:1415414,8,1415414,1.605801e-09,SORBI_3008G016850,0.447486
13S-HOTrE,LIN,individual,8:1415414,8,1415414,1.605801e-09,SORBI_3008G016850,0.445976
13S-HOTrE,LIN,individual,8:1415414,8,1415414,1.605801e-09,SORBI_3008G016850,0.445773
13S-HOTrE,LIN,individual,8:1415414,8,1415414,1.605801e-09,SORBI_3008G016850,0.445718
13S-HOTrE,LIN,individual,8:1415414,8,1415414,1.605801e-09,SORBI_3008G016850,0.443918
13S-HOTrE,LIN,individual,8:1415414,8,1415414,1.605801e-09,SORBI_3008G016850,0.443875
13S-HOTrE,LIN,individual,8:1415414,8,1415414,1.605801e-09,SORBI_3008G016850,0.442309
13S-HOTrE,LIN,individual,8:1415414,8,1415414,1.605801e-09,SORBI_3008G016850,0.442079
13S-HOTrE,LIN,individual,8:1415414,8,1415414,1.605801e-09,SORBI_3008G016850,0.442047
13S-HOTrE,LIN,individual,8:1415414,8,1415414,1.605801e-09,SORBI_3008G016850,0.440075
13S-HOTrE,LIN,individual,8:1415414,8,1415414,1.605801e-09,SORBI_3008G016850,0.438633
13S-HOTrE,LIN,individual,8:1415414,8,1415414,1.605801e-09,SORBI_3008G017000,0.438498
13S-HOTrE,LIN,individual,8:1415414,8,1415414,1.605801e-09,SORBI_3008G016850,0.438444
13S-HOTrE,LIN,individual,8:1415414,8,1415414,1.605801e-09,SORBI_3008G016850,0.438285
13S-HOTrE,LIN,individual,8:1415414,8,1415414,1.605801e-09,SORBI_3008G016850,0.438275
13S-HOTrE,LIN,individual,8:1415414,8,1415414,1.605801e-09,SORBI_3008G016850,0.436648
13S-HOTrE,LIN,individual,8:1415414,8,1415414,1.605801e-09,SORBI_3008G016850,0.436489
13S-HOTrE,LIN,individual,8:1415414,8,1415414,1.605801e-09,SORBI_3008G016850,0.435114
13S-HOTrE,LIN,individual,8:1415414,8,1415414,1.605801e-09,SORBI_3008G016900,0.434975
13S-HOTrE,LIN,individual,8:1415414,8,1415414,1.605801e-09,SORBI_3008G016850,0.433419
13S-HOTrE,LIN,individual,8:1415414,8,1415414,1.605801e-09,SORBI_3008G016850,0.433278
13S-HOTrE,LIN,individual,8:1415414,8,1415414,1.605801e-09,SORBI_3008G016850,0.433229
13S-HOTrE,LIN,individual,8:1415414,8,1415414,1.605801e-09,SORBI_3008G016850,0.433099
13S-HOTrE,LIN,individual,8:1415414,8,1415414,1.605801e-09,SORBI_3008G016850,0.432938
13S-HOTrE,LIN,individual,8:1415414,8,1415414,1.605801e-09,SORBI_3008G016850,0.431456
13S-HOTrE,LIN,individual,8:1415414,8,1415414,1.605801e-09,SORBI_3008G016850,0.431023
13S-HOTrE,LIN,individual,8:1415414,8,1415414,1.605801e-09,SORBI_3008G017850,0.42997
13S-HOTrE,LIN,individual,8:1415414,8,1415414,1.605801e-09,SORBI_3008G016850,0.429878
13S-HOTrE,LIN,individual,8:1415414,8,1415414,1.605801e-09,SORBI_3008G016850,0.429605
13S-HOTrE,LIN,individual,8:1415414,8,1415414,1.605801e-09,SORBI_3008G016850,0.427879
13S-HOTrE,LIN,individual,8:1415414,8,1415414,1.605801e-09,SORBI_3008G016850,0.426345
13S-HOTrE,LIN,individual,8:1415414,8,1415414,1.605801e-09,SORBI_3008G016850,0.425911
13S-HOTrE,LIN,individual,8:1415414,8,1415414,1.605801e-09,SORBI_3008G016850,0.424512
13S-HOTrE,LIN,individual,8:1415414,8,1415414,1.605801e-09,SORBI_3008G016850,0.42294
13S-HOTrE,LIN,individual,8:1415414,8,1415414,1.605801e-09,SORBI_3008G016850,0.420491
13S-HOTrE,LIN,individual,8:1415414,8,1415414,1.605801e-09,SORBI_3008G016850,0.420168
13S-HOTrE,LIN,individual,8:1415414,8,1415414,1.605801e-09,SORBI_3008G016850,0.419832
13S-HOTrE,LIN,individual,8:1415414,8,1415414,1.605801e-09,SORBI_3008G016850,0.419612
13S-HOTrE,LIN,individual,8:1415414,8,1415414,1.605801e-09,SORBI_3008G016850,0.418024
13S-HOTrE,LIN,individual,8:1415414,8,1415414,1.605801e-09,SORBI_3008G018100,0.41696
13S-HOTrE,LIN,individual,8:1415414,8,1415414,1.605801e-09,SORBI_3008G016850,0.416608
13S-HOTrE,LIN,individual,8:1415414,8,1415414,1.605801e-09,SORBI_3008G016850,0.415783
13S-HOTrE,LIN,individual,8:1415414,8,1415414,1.605801e-09,SORBI_3008G016850,0.414969
13S-HOTrE,LIN,individual,8:1415414,8,1415414,1.605801e-09,SORBI_3008G016850,0.414227
13S-HOTrE,LIN,individual,8:1415414,8,1415414,1.605801e-09,SORBI_3008G016900,0.411203
13S-HOTrE,LIN,individual,8:1415414,8,1415414,1.605801e-09,SORBI_3008G016900,0.411147
13S-HOTrE,LIN,individual,8:1415414,8,1415414,1.605801e-09,SORBI_3008G016900,0.409523
13S-HOTrE,LIN,individual,8:1415414,8,1415414,1.605801e-09,SORBI_3008G016850,0.408355
13S-HOTrE,LIN,individual,8:1415414,8,1415414,1.605801e-09,SORBI_3008G016850,0.406795
13S-HOTrE,LIN,individual,8:1415414,8,1415414,1.605801e-09,SORBI_3008G016900,0.406403
13S-HOTrE,LIN,individual,8:1415414,8,1415414,1.605801e-09,SORBI_3008G016900,0.406312
13S-HOTrE,LIN,individual,8:1415414,8,1415414,1.605801e-09,SORBI_3008G016850,0.40515
13S-HOTrE,LIN,individual,8:1415414,8,1415414,1.605801e-09,SORBI_3008G016850,0.404812
13S-HOTrE,LIN,individual,8:1415414,8,1415414,1.605801e-09,SORBI_3008G016900,0.401583
13S-HOTrE,LIN,individual,8:1415414,8,1415414,1.605801e-09,SORBI_3008G016900,0.400022
13S-HOTrE,LIN,individual,8:1415414,8,1415414,1.605801e-09,SORBI_3008G019000,0.4
13S-HOTrE,LIN,individual,8:1867689,8,1867689,1.610374e-09,SORBI_3008G021200,0.703776
13S-HOTrE,LIN,individual,8:1867689,8,1867689,1.610374e-09,SORBI_3008G022701,0.624094
13S-HOTrE,LIN,individual,8:1867689,8,1867689,1.610374e-09,SORBI_3008G022200,0.616649
13S-HOTrE,LIN,individual,8:1867689,8,1867689,1.610374e-09,SORBI_3008G022701,0.61127
13S-HOTrE,LIN,individual,8:1867689,8,1867689,1.610374e-09,SORBI_3008G022701,0.604479
13S-HOTrE,LIN,individual,8:1867689,8,1867689,1.610374e-09,SORBI_3008G022200,0.573237
13S-HOTrE,LIN,individual,8:1867689,8,1867689,1.610374e-09,SORBI_3008G022300,0.569378
13S-HOTrE,LIN,individual,8:1867689,8,1867689,1.610374e-09,SORBI_3008G022200,0.561242
13S-HOTrE,LIN,individual,8:1867689,8,1867689,1.610374e-09,SORBI_3008G022500,0.55806
13S-HOTrE,LIN,individual,8:1867689,8,1867689,1.610374e-09,SORBI_3008G022500,0.547821
13S-HOTrE,LIN,individual,8:1867689,8,1867689,1.610374e-09,SORBI_3008G022500,0.542482
13S-HOTrE,LIN,individual,8:1867689,8,1867689,1.610374e-09,SORBI_3008G022701,0.53978
13S-HOTrE,LIN,individual,8:1867689,8,1867689,1.610374e-09,SORBI_3008G022500,0.534515
13S-HOTrE,LIN,individual,8:1867689,8,1867689,1.610374e-09,SORBI_3008G022500,0.532768
13S-HOTrE,LIN,individual,8:1867689,8,1867689,1.610374e-09,SORBI_3008G022500,0.52915
13S-HOTrE,LIN,individual,8:1867689,8,1867689,1.610374e-09,SORBI_3008G022500,0.527677
13S-HOTrE,LIN,individual,8:1867689,8,1867689,1.610374e-09,SORBI_3008G022500,0.519441
13S-HOTrE,LIN,individual,8:1867689,8,1867689,1.610374e-09,SORBI_3008G022500,0.514331
13S-HOTrE,LIN,individual,8:1867689,8,1867689,1.610374e-09,SORBI_3008G022500,0.501009
13S-HOTrE,LIN,individual,8:1867689,8,1867689,1.610374e-09,SORBI_3008G022400,0.462965
13S-HOTrE,LIN,individual,8:1867689,8,1867689,1.610374e-09,SORBI_3008G022400,0.459333
13S-HOTrE,LIN,individual,8:1867689,8,1867689,1.610374e-09,SORBI_3008G021900,0.456929
13S-HOTrE,LIN,individual,8:1867689,8,1867689,1.610374e-09,SORBI_3008G021900,0.432281
13S-HOTrE,LIN,individual,8:1867689,8,1867689,1.610374e-09,SORBI_3008G023600,0.414284
13S-HOTrE,LIN,individual,8:1867689,8,1867689,1.610374e-09,SORBI_3008G022200,0.401944
13S-HOTrE,LIN,individual,4:4238262,4,4238262,1.674879e-09,SORBI_3004G052200,0.700857
13S-HOTrE,LIN,individual,4:4238262,4,4238262,1.674879e-09,SORBI_3004G052300,0.62391
13S-HOTrE,LIN,individual,4:4238262,4,4238262,1.674879e-09,SORBI_3004G049900,0.602174
13S-HOTrE,LIN,individual,4:4238262,4,4238262,1.674879e-09,SORBI_3004G052300,0.474857
13S-HOTrE,LIN,individual,4:4238262,4,4238262,1.674879e-09,SORBI_3004G052800,0.461271
13S-HOTrE,LIN,individual,4:4238262,4,4238262,1.674879e-09,SORBI_3004G051300,0.454475
13S-HOTrE,LIN,individual,4:4238262,4,4238262,1.674879e-09,SORBI_3004G051200,0.446025
13S-HOTrE,LIN,individual,4:4238262,4,4238262,1.674879e-09,SORBI_3004G051200,0.437423
13S-HOTrE,LIN,individual,4:4238262,4,4238262,1.674879e-09,SORBI_3004G051500,0.437423
13S-HOTrE,LIN,individual,4:4238262,4,4238262,1.674879e-09,SORBI_3004G053300,0.427359
13S-HOTrE,LIN,individual,4:4238262,4,4238262,1.674879e-09,SORBI_3004G051401,0.426741
13S-HOTrE,LIN,individual,4:4238262,4,4238262,1.674879e-09,SORBI_3004G051166,0.421492
13S-HOTrE,LIN,individual,4:4238262,4,4238262,1.674879e-09,SORBI_3004G051200,0.42049
13S-HOTrE,LIN,individual,4:4238262,4,4238262,1.674879e-09,SORBI_3004G053300,0.410829
13S-HOTrE,LIN,individual,4:4238262,4,4238262,1.674879e-09,SORBI_3004G053300,0.40915
13S-HOTrE,LIN,individual,4:53723645,4,53723645,1.812007e-09,SORBI_3004G183800,0.963785
13S-HOTrE,LIN,individual,4:53723645,4,53723645,1.812007e-09,SORBI_3004G183800,0.961369
13S-HOTrE,LIN,individual,4:53723645,4,53723645,1.812007e-09,SORBI_3004G183600,0.922569
13S-HOTrE,LIN,individual,4:53723645,4,53723645,1.812007e-09,SORBI_3004G183701,0.922569
13S-HOTrE,LIN,individual,4:53723645,4,53723645,1.812007e-09,SORBI_3004G183501,0.922461
13S-HOTrE,LIN,individual,4:53723645,4,53723645,1.812007e-09,SORBI_3004G183400,0.881328
13S-HOTrE,LIN,individual,4:53723645,4,53723645,1.812007e-09,SORBI_3004G183800,0.761364
13S-HOTrE,LIN,individual,4:53723645,4,53723645,1.812007e-09,SORBI_3004G183800,0.744542
13S-HOTrE,LIN,individual,4:53723645,4,53723645,1.812007e-09,SORBI_3004G181900,0.713469
13S-HOTrE,LIN,individual,4:53723645,4,53723645,1.812007e-09,SORBI_3004G181800,0.684704
13S-HOTrE,LIN,individual,4:53723645,4,53723645,1.812007e-09,SORBI_3004G181900,0.676153
13S-HOTrE,LIN,individual,4:53723645,4,53723645,1.812007e-09,SORBI_3004G182100,0.676062
13S-HOTrE,LIN,individual,4:53723645,4,53723645,1.812007e-09,SORBI_3004G182201,0.67415
13S-HOTrE,LIN,individual,4:53723645,4,53723645,1.812007e-09,SORBI_3004G182000,0.67251
13S-HOTrE,LIN,individual,4:53723645,4,53723645,1.812007e-09,SORBI_3004G184200,0.621396
13S-HOTrE,LIN,individual,4:53723645,4,53723645,1.812007e-09,SORBI_3004G183800,0.615583
13S-HOTrE,LIN,individual,4:53723645,4,53723645,1.812007e-09,SORBI_3004G184200,0.603698
13S-HOTrE,LIN,individual,4:53723645,4,53723645,1.812007e-09,SORBI_3004G183900,0.558467
13S-HOTrE,LIN,individual,4:53723645,4,53723645,1.812007e-09,SORBI_3004G184000,0.53108
13S-HOTrE,LIN,individual,4:53723645,4,53723645,1.812007e-09,SORBI_3004G184200,0.520911
13S-HOTrE,LIN,individual,4:53723645,4,53723645,1.812007e-09,SORBI_3004G183400,0.519254
13S-HOTrE,LIN,individual,4:53723645,4,53723645,1.812007e-09,SORBI_3004G183300,0.475452
13S-HOTrE,LIN,individual,4:53723645,4,53723645,1.812007e-09,SORBI_3004G184101,0.473639
13S-HOTrE,LIN,individual,4:53723645,4,53723645,1.812007e-09,SORBI_3004G183400,0.467071
13S-HOTrE,LIN,individual,4:53723645,4,53723645,1.812007e-09,SORBI_3004G183600,0.459605
13S-HOTrE,LIN,individual,4:53723645,4,53723645,1.812007e-09,SORBI_3004G184800,0.452044
13S-HOTrE,LIN,individual,4:53723645,4,53723645,1.812007e-09,SORBI_3004G183400,0.451159
13S-HOTrE,LIN,individual,4:53723645,4,53723645,1.812007e-09,SORBI_3004G184800,0.437612
13S-HOTrE,LIN,individual,4:53723645,4,53723645,1.812007e-09,SORBI_3004G183300,0.43557
13S-HOTrE,LIN,individual,4:53723645,4,53723645,1.812007e-09,SORBI_3004G184200,0.423184
13S-HOTrE,LIN,individual,4:53723645,4,53723645,1.812007e-09,SORBI_3004G184800,0.422547
13S-HOTrE,LIN,individual,4:53723645,4,53723645,1.812007e-09,SORBI_3004G183100,0.415739
13S-HOTrE,LIN,individual,1:4003166,1,4003166,1.823241e-09,SORBI_3001G051300,0.757087
13S-HOTrE,LIN,individual,1:4003166,1,4003166,1.823241e-09,SORBI_3001G052500,0.74374
13S-HOTrE,LIN,individual,1:4003166,1,4003166,1.823241e-09,SORBI_3001G052500,0.728115
13S-HOTrE,LIN,individual,1:4003166,1,4003166,1.823241e-09,SORBI_3001G052500,0.711519
13S-HOTrE,LIN,individual,1:4003166,1,4003166,1.823241e-09,SORBI_3001G052500,0.696982
13S-HOTrE,LIN,individual,1:4003166,1,4003166,1.823241e-09,SORBI_3001G052600,0.693457
13S-HOTrE,LIN,individual,1:4003166,1,4003166,1.823241e-09,SORBI_3001G052700,0.693457
13S-HOTrE,LIN,individual,1:4003166,1,4003166,1.823241e-09,SORBI_3001G052800,0.693457
13S-HOTrE,LIN,individual,1:4003166,1,4003166,1.823241e-09,SORBI_3001G052400,0.692738
13S-HOTrE,LIN,individual,1:4003166,1,4003166,1.823241e-09,SORBI_3001G056200,0.686099
13S-HOTrE,LIN,individual,1:4003166,1,4003166,1.823241e-09,SORBI_3001G052600,0.678694
13S-HOTrE,LIN,individual,1:4003166,1,4003166,1.823241e-09,SORBI_3001G052800,0.677627
13S-HOTrE,LIN,individual,1:4003166,1,4003166,1.823241e-09,SORBI_3001G052400,0.673945
13S-HOTrE,LIN,individual,1:4003166,1,4003166,1.823241e-09,SORBI_3001G052500,0.670662
13S-HOTrE,LIN,individual,1:4003166,1,4003166,1.823241e-09,SORBI_3001G052500,0.670601
13S-HOTrE,LIN,individual,1:4003166,1,4003166,1.823241e-09,SORBI_3001G052500,0.665196
13S-HOTrE,LIN,individual,1:4003166,1,4003166,1.823241e-09,SORBI_3001G052500,0.665105
13S-HOTrE,LIN,individual,1:4003166,1,4003166,1.823241e-09,SORBI_3001G052400,0.658241
13S-HOTrE,LIN,individual,1:4003166,1,4003166,1.823241e-09,SORBI_3001G052600,0.649089
13S-HOTrE,LIN,individual,1:4003166,1,4003166,1.823241e-09,SORBI_3001G052350,0.632935
13S-HOTrE,LIN,individual,1:4003166,1,4003166,1.823241e-09,SORBI_3001G052500,0.60503
13S-HOTrE,LIN,individual,1:4003166,1,4003166,1.823241e-09,SORBI_3001G052350,0.591073
13S-HOTrE,LIN,individual,1:4003166,1,4003166,1.823241e-09,SORBI_3001G052350,0.59076
13S-HOTrE,LIN,individual,1:4003166,1,4003166,1.823241e-09,SORBI_3001G052500,0.574364
13S-HOTrE,LIN,individual,1:4003166,1,4003166,1.823241e-09,SORBI_3001G052500,0.55407
13S-HOTrE,LIN,individual,1:4003166,1,4003166,1.823241e-09,SORBI_3001G052500,0.538861
13S-HOTrE,LIN,individual,1:4003166,1,4003166,1.823241e-09,SORBI_3001G052500,0.535167
13S-HOTrE,LIN,individual,1:4003166,1,4003166,1.823241e-09,SORBI_3001G052500,0.52793
13S-HOTrE,LIN,individual,1:4003166,1,4003166,1.823241e-09,SORBI_3001G052500,0.527889
13S-HOTrE,LIN,individual,1:4003166,1,4003166,1.823241e-09,SORBI_3001G052500,0.524324
13S-HOTrE,LIN,individual,1:4003166,1,4003166,1.823241e-09,SORBI_3001G053500,0.516087
13S-HOTrE,LIN,individual,1:4003166,1,4003166,1.823241e-09,SORBI_3001G052400,0.504423
13S-HOTrE,LIN,individual,1:4003166,1,4003166,1.823241e-09,SORBI_3001G053500,0.487751
13S-HOTrE,LIN,individual,1:4003166,1,4003166,1.823241e-09,SORBI_3001G052100,0.464809
13S-HOTrE,LIN,individual,1:4003166,1,4003166,1.823241e-09,SORBI_3001G052600,0.452738
13S-HOTrE,LIN,individual,1:4003166,1,4003166,1.823241e-09,SORBI_3001G053500,0.442991
13S-HOTrE,LIN,individual,1:4003166,1,4003166,1.823241e-09,SORBI_3001G052350,0.428675
13S-HOTrE,LIN,individual,4:3961132,4,3961132,1.928682e-09,SORBI_3004G049200,0.972414
13S-HOTrE,LIN,individual,4:3961132,4,3961132,1.928682e-09,SORBI_3004G049200,0.965047
13S-HOTrE,LIN,individual,4:3961132,4,3961132,1.928682e-09,SORBI_3004G048600,0.918002
13S-HOTrE,LIN,individual,4:3961132,4,3961132,1.928682e-09,SORBI_3004G048400,0.915503
13S-HOTrE,LIN,individual,4:3961132,4,3961132,1.928682e-09,SORBI_3004G048800,0.910381
13S-HOTrE,LIN,individual,4:3961132,4,3961132,1.928682e-09,SORBI_3004G048400,0.902815
13S-HOTrE,LIN,individual,4:3961132,4,3961132,1.928682e-09,SORBI_3004G048600,0.89057
13S-HOTrE,LIN,individual,4:3961132,4,3961132,1.928682e-09,SORBI_3004G048300,0.887682
13S-HOTrE,LIN,individual,4:3961132,4,3961132,1.928682e-09,SORBI_3004G048500,0.84004
13S-HOTrE,LIN,individual,4:3961132,4,3961132,1.928682e-09,SORBI_3004G048000,0.791434
13S-HOTrE,LIN,individual,4:3961132,4,3961132,1.928682e-09,SORBI_3004G048300,0.781427
13S-HOTrE,LIN,individual,4:3961132,4,3961132,1.928682e-09,SORBI_3004G048300,0.780933
13S-HOTrE,LIN,individual,4:3961132,4,3961132,1.928682e-09,SORBI_3004G049200,0.774549
13S-HOTrE,LIN,individual,4:3961132,4,3961132,1.928682e-09,SORBI_3004G048100,0.77093
13S-HOTrE,LIN,individual,4:3961132,4,3961132,1.928682e-09,SORBI_3004G048100,0.76906
13S-HOTrE,LIN,individual,4:3961132,4,3961132,1.928682e-09,SORBI_3004G048100,0.766108
13S-HOTrE,LIN,individual,4:3961132,4,3961132,1.928682e-09,SORBI_3004G048700,0.711927
13S-HOTrE,LIN,individual,4:3961132,4,3961132,1.928682e-09,SORBI_3004G048700,0.693381
13S-HOTrE,LIN,individual,4:3961132,4,3961132,1.928682e-09,SORBI_3004G047700,0.663839
13S-HOTrE,LIN,individual,4:3961132,4,3961132,1.928682e-09,SORBI_3004G047600,0.656788
13S-HOTrE,LIN,individual,4:3961132,4,3961132,1.928682e-09,SORBI_3004G047700,0.656788
13S-HOTrE,LIN,individual,4:3961132,4,3961132,1.928682e-09,SORBI_3004G048201,0.654015
13S-HOTrE,LIN,individual,4:3961132,4,3961132,1.928682e-09,SORBI_3004G048700,0.654015
13S-HOTrE,LIN,individual,4:3961132,4,3961132,1.928682e-09,SORBI_3004G048700,0.652674
13S-HOTrE,LIN,individual,4:3961132,4,3961132,1.928682e-09,SORBI_3004G048700,0.649146
13S-HOTrE,LIN,individual,4:3961132,4,3961132,1.928682e-09,SORBI_3004G048700,0.64726
13S-HOTrE,LIN,individual,4:3961132,4,3961132,1.928682e-09,SORBI_3004G048700,0.647063
13S-HOTrE,LIN,individual,4:3961132,4,3961132,1.928682e-09,SORBI_3004G048700,0.644709
13S-HOTrE,LIN,individual,4:3961132,4,3961132,1.928682e-09,SORBI_3004G048700,0.643341
13S-HOTrE,LIN,individual,4:3961132,4,3961132,1.928682e-09,SORBI_3004G048700,0.64316
13S-HOTrE,LIN,individual,4:3961132,4,3961132,1.928682e-09,SORBI_3004G048700,0.643059
13S-HOTrE,LIN,individual,4:3961132,4,3961132,1.928682e-09,SORBI_3004G048700,0.638331
13S-HOTrE,LIN,individual,4:3961132,4,3961132,1.928682e-09,SORBI_3004G048700,0.637183
13S-HOTrE,LIN,individual,4:3961132,4,3961132,1.928682e-09,SORBI_3004G048700,0.635421
13S-HOTrE,LIN,individual,4:3961132,4,3961132,1.928682e-09,SORBI_3004G048700,0.634026
13S-HOTrE,LIN,individual,4:3961132,4,3961132,1.928682e-09,SORBI_3004G048201,0.63184
13S-HOTrE,LIN,individual,4:3961132,4,3961132,1.928682e-09,SORBI_3004G048700,0.630471
13S-HOTrE,LIN,individual,4:3961132,4,3961132,1.928682e-09,SORBI_3004G047500,0.629877
13S-HOTrE,LIN,individual,4:3961132,4,3961132,1.928682e-09,SORBI_3004G048700,0.62473
13S-HOTrE,LIN,individual,4:3961132,4,3961132,1.928682e-09,SORBI_3004G047200,0.623795
13S-HOTrE,LIN,individual,4:3961132,4,3961132,1.928682e-09,SORBI_3004G048700,0.621159
13S-HOTrE,LIN,individual,4:3961132,4,3961132,1.928682e-09,SORBI_3004G047400,0.619074
13S-HOTrE,LIN,individual,4:3961132,4,3961132,1.928682e-09,SORBI_3004G048700,0.61545
13S-HOTrE,LIN,individual,4:3961132,4,3961132,1.928682e-09,SORBI_3004G048700,0.606189
13S-HOTrE,LIN,individual,4:3961132,4,3961132,1.928682e-09,SORBI_3004G048700,0.605089
13S-HOTrE,LIN,individual,4:3961132,4,3961132,1.928682e-09,SORBI_3004G047200,0.602437
13S-HOTrE,LIN,individual,4:3961132,4,3961132,1.928682e-09,SORBI_3004G047200,0.593889
13S-HOTrE,LIN,individual,4:3961132,4,3961132,1.928682e-09,SORBI_3004G048700,0.590806
13S-HOTrE,LIN,individual,4:3961132,4,3961132,1.928682e-09,SORBI_3004G047400,0.590103
13S-HOTrE,LIN,individual,4:3961132,4,3961132,1.928682e-09,SORBI_3004G047400,0.582307
13S-HOTrE,LIN,individual,4:3961132,4,3961132,1.928682e-09,SORBI_3004G047500,0.581874
13S-HOTrE,LIN,individual,4:3961132,4,3961132,1.928682e-09,SORBI_3004G048700,0.578512
13S-HOTrE,LIN,individual,4:3961132,4,3961132,1.928682e-09,SORBI_3004G047001,0.577291
13S-HOTrE,LIN,individual,4:3961132,4,3961132,1.928682e-09,SORBI_3004G047400,0.576465
13S-HOTrE,LIN,individual,4:3961132,4,3961132,1.928682e-09,SORBI_3004G047500,0.572604
13S-HOTrE,LIN,individual,4:3961132,4,3961132,1.928682e-09,SORBI_3004G048700,0.572041
13S-HOTrE,LIN,individual,4:3961132,4,3961132,1.928682e-09,SORBI_3004G047400,0.563351
13S-HOTrE,LIN,individual,4:3961132,4,3961132,1.928682e-09,SORBI_3004G048700,0.562742
13S-HOTrE,LIN,individual,4:3961132,4,3961132,1.928682e-09,SORBI_3004G046800,0.545867
13S-HOTrE,LIN,individual,4:3961132,4,3961132,1.928682e-09,SORBI_3004G045632,0.542755
13S-HOTrE,LIN,individual,4:3961132,4,3961132,1.928682e-09,SORBI_3004G047001,0.52305
13S-HOTrE,LIN,individual,4:3961132,4,3961132,1.928682e-09,SORBI_3004G046100,0.508235
13S-HOTrE,LIN,individual,4:3961132,4,3961132,1.928682e-09,SORBI_3004G046100,0.478113
13S-HOTrE,LIN,individual,4:3961132,4,3961132,1.928682e-09,SORBI_3004G049500,0.474882
13S-HOTrE,LIN,individual,4:3961132,4,3961132,1.928682e-09,SORBI_3004G045632,0.470373
13S-HOTrE,LIN,individual,4:3961132,4,3961132,1.928682e-09,SORBI_3004G045700,0.470373
13S-HOTrE,LIN,individual,4:3961132,4,3961132,1.928682e-09,SORBI_3004G045300,0.46219
13S-HOTrE,LIN,individual,4:3961132,4,3961132,1.928682e-09,SORBI_3004G049300,0.45603
13S-HOTrE,LIN,individual,4:3961132,4,3961132,1.928682e-09,SORBI_3004G049600,0.450778
13S-HOTrE,LIN,individual,4:3961132,4,3961132,1.928682e-09,SORBI_3004G049700,0.450778
13S-HOTrE,LIN,individual,4:3961132,4,3961132,1.928682e-09,SORBI_3004G049800,0.450778
13S-HOTrE,LIN,individual,4:3961132,4,3961132,1.928682e-09,SORBI_3004G049500,0.443281
13S-HOTrE,LIN,individual,4:3961132,4,3961132,1.928682e-09,SORBI_3004G049600,0.441949
13S-HOTrE,LIN,individual,4:3961132,4,3961132,1.928682e-09,SORBI_3004G049800,0.437455
13S-HOTrE,LIN,individual,4:3961132,4,3961132,1.928682e-09,SORBI_3004G045400,0.432144
13S-HOTrE,LIN,individual,4:3961132,4,3961132,1.928682e-09,SORBI_3004G049600,0.426559
13S-HOTrE,LIN,individual,4:3961132,4,3961132,1.928682e-09,SORBI_3004G049600,0.423158
13S-HOTrE,LIN,individual,4:3961132,4,3961132,1.928682e-09,SORBI_3004G049600,0.409557
13S-HOTrE,LIN,individual,4:3961132,4,3961132,1.928682e-09,SORBI_3004G049600,0.407673
13S-HOTrE,LIN,individual,4:3961132,4,3961132,1.928682e-09,SORBI_3004G045500,0.404086
13S-HOTrE,LIN,individual,2:50147099,2,50147099,2.002999e-09,SORBI_3002G162500,0.889542
13S-HOTrE,LIN,individual,2:50147099,2,50147099,2.002999e-09,SORBI_3002G161900,0.88938
13S-HOTrE,LIN,individual,2:50147099,2,50147099,2.002999e-09,SORBI_3002G162000,0.88752
13S-HOTrE,LIN,individual,2:50147099,2,50147099,2.002999e-09,SORBI_3002G161900,0.881162
13S-HOTrE,LIN,individual,2:50147099,2,50147099,2.002999e-09,SORBI_3002G161800,0.880753
13S-HOTrE,LIN,individual,2:50147099,2,50147099,2.002999e-09,SORBI_3002G161800,0.878558
13S-HOTrE,LIN,individual,2:50147099,2,50147099,2.002999e-09,SORBI_3002G161900,0.878558
13S-HOTrE,LIN,individual,2:50147099,2,50147099,2.002999e-09,SORBI_3002G162500,0.874083
13S-HOTrE,LIN,individual,2:50147099,2,50147099,2.002999e-09,SORBI_3002G161900,0.872039
13S-HOTrE,LIN,individual,2:50147099,2,50147099,2.002999e-09,SORBI_3002G162400,0.872039
13S-HOTrE,LIN,individual,2:50147099,2,50147099,2.002999e-09,SORBI_3002G162000,0.872008
13S-HOTrE,LIN,individual,2:50147099,2,50147099,2.002999e-09,SORBI_3002G161900,0.865615
13S-HOTrE,LIN,individual,2:50147099,2,50147099,2.002999e-09,SORBI_3002G162400,0.865615
13S-HOTrE,LIN,individual,2:50147099,2,50147099,2.002999e-09,SORBI_3002G161900,0.861124
13S-HOTrE,LIN,individual,2:50147099,2,50147099,2.002999e-09,SORBI_3002G162450,0.86101
13S-HOTrE,LIN,individual,2:50147099,2,50147099,2.002999e-09,SORBI_3002G161600,0.848129
13S-HOTrE,LIN,individual,2:50147099,2,50147099,2.002999e-09,SORBI_3002G162000,0.82817
13S-HOTrE,LIN,individual,2:50147099,2,50147099,2.002999e-09,SORBI_3002G162000,0.823476
13S-HOTrE,LIN,individual,2:50147099,2,50147099,2.002999e-09,SORBI_3002G161600,0.806937
13S-HOTrE,LIN,individual,2:50147099,2,50147099,2.002999e-09,SORBI_3002G161600,0.80095
13S-HOTrE,LIN,individual,2:50147099,2,50147099,2.002999e-09,SORBI_3002G162450,0.79024
13S-HOTrE,LIN,individual,2:50147099,2,50147099,2.002999e-09,SORBI_3002G161600,0.767733
13S-HOTrE,LIN,individual,2:50147099,2,50147099,2.002999e-09,SORBI_3002G161700,0.747597
13S-HOTrE,LIN,individual,2:50147099,2,50147099,2.002999e-09,SORBI_3002G162400,0.744098
13S-HOTrE,LIN,individual,2:50147099,2,50147099,2.002999e-09,SORBI_3002G161600,0.719016
13S-HOTrE,LIN,individual,2:50147099,2,50147099,2.002999e-09,SORBI_3002G162000,0.698572
13S-HOTrE,LIN,individual,2:50147099,2,50147099,2.002999e-09,SORBI_3002G161600,0.652841
13S-HOTrE,LIN,individual,2:50147099,2,50147099,2.002999e-09,SORBI_3002G161600,0.652087
13S-HOTrE,LIN,individual,2:50147099,2,50147099,2.002999e-09,SORBI_3002G161600,0.651737
13S-HOTrE,LIN,individual,2:50147099,2,50147099,2.002999e-09,SORBI_3002G161600,0.651567
13S-HOTrE,LIN,individual,2:50147099,2,50147099,2.002999e-09,SORBI_3002G161600,0.65156
13S-HOTrE,LIN,individual,2:50147099,2,50147099,2.002999e-09,SORBI_3002G161600,0.649868
13S-HOTrE,LIN,individual,2:50147099,2,50147099,2.002999e-09,SORBI_3002G161600,0.640185
13S-HOTrE,LIN,individual,2:50147099,2,50147099,2.002999e-09,SORBI_3002G161600,0.640062
13S-HOTrE,LIN,individual,2:50147099,2,50147099,2.002999e-09,SORBI_3002G161600,0.63913
13S-HOTrE,LIN,individual,2:50147099,2,50147099,2.002999e-09,SORBI_3002G161600,0.636283
13S-HOTrE,LIN,individual,2:50147099,2,50147099,2.002999e-09,SORBI_3002G161600,0.636214
13S-HOTrE,LIN,individual,2:50147099,2,50147099,2.002999e-09,SORBI_3002G161600,0.63612
13S-HOTrE,LIN,individual,2:50147099,2,50147099,2.002999e-09,SORBI_3002G161600,0.62505
13S-HOTrE,LIN,individual,2:50147099,2,50147099,2.002999e-09,SORBI_3002G161600,0.624861
13S-HOTrE,LIN,individual,2:50147099,2,50147099,2.002999e-09,SORBI_3002G161900,0.624025
13S-HOTrE,LIN,individual,2:50147099,2,50147099,2.002999e-09,SORBI_3002G161900,0.621644
13S-HOTrE,LIN,individual,2:50147099,2,50147099,2.002999e-09,SORBI_3002G161600,0.621307
13S-HOTrE,LIN,individual,2:50147099,2,50147099,2.002999e-09,SORBI_3002G161600,0.621211
13S-HOTrE,LIN,individual,2:50147099,2,50147099,2.002999e-09,SORBI_3002G161600,0.620963
13S-HOTrE,LIN,individual,2:50147099,2,50147099,2.002999e-09,SORBI_3002G161600,0.609616
13S-HOTrE,LIN,individual,2:50147099,2,50147099,2.002999e-09,SORBI_3002G161900,0.608911
13S-HOTrE,LIN,individual,2:50147099,2,50147099,2.002999e-09,SORBI_3002G161600,0.60777
13S-HOTrE,LIN,individual,2:50147099,2,50147099,2.002999e-09,SORBI_3002G161600,0.607572
13S-HOTrE,LIN,individual,2:50147099,2,50147099,2.002999e-09,SORBI_3002G161900,0.606515
13S-HOTrE,LIN,individual,2:50147099,2,50147099,2.002999e-09,SORBI_3002G161900,0.604167
13S-HOTrE,LIN,individual,2:50147099,2,50147099,2.002999e-09,SORBI_3002G161900,0.601869
13S-HOTrE,LIN,individual,2:50147099,2,50147099,2.002999e-09,SORBI_3002G161600,0.59459
13S-HOTrE,LIN,individual,2:50147099,2,50147099,2.002999e-09,SORBI_3002G161600,0.591625
13S-HOTrE,LIN,individual,2:50147099,2,50147099,2.002999e-09,SORBI_3002G161600,0.584851
13S-HOTrE,LIN,individual,2:50147099,2,50147099,2.002999e-09,SORBI_3002G161600,0.58464
13S-HOTrE,LIN,individual,2:50147099,2,50147099,2.002999e-09,SORBI_3002G161600,0.582204
13S-HOTrE,LIN,individual,2:50147099,2,50147099,2.002999e-09,SORBI_3002G161900,0.580526
13S-HOTrE,LIN,individual,2:50147099,2,50147099,2.002999e-09,SORBI_3002G161600,0.579277
13S-HOTrE,LIN,individual,2:50147099,2,50147099,2.002999e-09,SORBI_3002G161600,0.579276
13S-HOTrE,LIN,individual,2:50147099,2,50147099,2.002999e-09,SORBI_3002G161600,0.57917
13S-HOTrE,LIN,individual,2:50147099,2,50147099,2.002999e-09,SORBI_3002G161600,0.566957
13S-HOTrE,LIN,individual,2:50147099,2,50147099,2.002999e-09,SORBI_3002G161600,0.532004
13S-HOTrE,LIN,individual,3:69049183,3,69049183,2.120938e-09,SORBI_3003G375900,1
13S-HOTrE,LIN,individual,3:69049183,3,69049183,2.120938e-09,SORBI_3003G375900,1
13S-HOTrE,LIN,individual,3:69049183,3,69049183,2.120938e-09,SORBI_3003G375900,0.990168
13S-HOTrE,LIN,individual,3:69049183,3,69049183,2.120938e-09,SORBI_3003G375900,0.980691
13S-HOTrE,LIN,individual,3:69049183,3,69049183,2.120938e-09,SORBI_3003G375900,0.980436
13S-HOTrE,LIN,individual,3:69049183,3,69049183,2.120938e-09,SORBI_3003G375900,0.970452
13S-HOTrE,LIN,individual,3:69049183,3,69049183,2.120938e-09,SORBI_3003G375800,0.950946
13S-HOTrE,LIN,individual,3:69049183,3,69049183,2.120938e-09,SORBI_3003G375800,0.94127
13S-HOTrE,LIN,individual,3:69049183,3,69049183,2.120938e-09,SORBI_3003G375900,0.844886
13S-HOTrE,LIN,individual,3:69049183,3,69049183,2.120938e-09,SORBI_3003G376000,0.796743
13S-HOTrE,LIN,individual,3:69049183,3,69049183,2.120938e-09,SORBI_3003G375500,0.786857
13S-HOTrE,LIN,individual,3:69049183,3,69049183,2.120938e-09,SORBI_3003G375300,0.775963
13S-HOTrE,LIN,individual,3:69049183,3,69049183,2.120938e-09,SORBI_3003G375400,0.764137
13S-HOTrE,LIN,individual,3:69049183,3,69049183,2.120938e-09,SORBI_3003G375500,0.764137
13S-HOTrE,LIN,individual,3:69049183,3,69049183,2.120938e-09,SORBI_3003G375400,0.752388
13S-HOTrE,LIN,individual,3:69049183,3,69049183,2.120938e-09,SORBI_3003G376000,0.703133
13S-HOTrE,LIN,individual,3:69049183,3,69049183,2.120938e-09,SORBI_3003G373900,0.685954
13S-HOTrE,LIN,individual,3:69049183,3,69049183,2.120938e-09,SORBI_3003G375900,0.678992
13S-HOTrE,LIN,individual,3:69049183,3,69049183,2.120938e-09,SORBI_3003G374000,0.648281
13S-HOTrE,LIN,individual,3:69049183,3,69049183,2.120938e-09,SORBI_3003G374100,0.635531
13S-HOTrE,LIN,individual,3:69049183,3,69049183,2.120938e-09,SORBI_3003G375700,0.615093
13S-HOTrE,LIN,individual,3:69049183,3,69049183,2.120938e-09,SORBI_3003G375700,0.613039
13S-HOTrE,LIN,individual,3:69049183,3,69049183,2.120938e-09,SORBI_3003G374100,0.610839
13S-HOTrE,LIN,individual,3:69049183,3,69049183,2.120938e-09,SORBI_3003G374200,0.610839
13S-HOTrE,LIN,individual,3:69049183,3,69049183,2.120938e-09,SORBI_3003G374000,0.605683
13S-HOTrE,LIN,individual,3:69049183,3,69049183,2.120938e-09,SORBI_3003G374200,0.599916
13S-HOTrE,LIN,individual,3:69049183,3,69049183,2.120938e-09,SORBI_3003G375700,0.591307
13S-HOTrE,LIN,individual,3:69049183,3,69049183,2.120938e-09,SORBI_3003G374200,0.589133
13S-HOTrE,LIN,individual,3:69049183,3,69049183,2.120938e-09,SORBI_3003G374500,0.572416
13S-HOTrE,LIN,individual,3:69049183,3,69049183,2.120938e-09,SORBI_3003G374500,0.560839
13S-HOTrE,LIN,individual,3:69049183,3,69049183,2.120938e-09,SORBI_3003G374600,0.551933
13S-HOTrE,LIN,individual,3:69049183,3,69049183,2.120938e-09,SORBI_3003G374700,0.551933
13S-HOTrE,LIN,individual,3:69049183,3,69049183,2.120938e-09,SORBI_3003G375000,0.551933
13S-HOTrE,LIN,individual,3:69049183,3,69049183,2.120938e-09,SORBI_3003G375200,0.551933
13S-HOTrE,LIN,individual,3:69049183,3,69049183,2.120938e-09,SORBI_3003G374600,0.550128
13S-HOTrE,LIN,individual,3:69049183,3,69049183,2.120938e-09,SORBI_3003G375200,0.548863
13S-HOTrE,LIN,individual,3:69049183,3,69049183,2.120938e-09,SORBI_3003G375200,0.544933
13S-HOTrE,LIN,individual,3:69049183,3,69049183,2.120938e-09,SORBI_3003G373500,0.543063
13S-HOTrE,LIN,individual,3:69049183,3,69049183,2.120938e-09,SORBI_3003G376000,0.542024
13S-HOTrE,LIN,individual,3:69049183,3,69049183,2.120938e-09,SORBI_3003G375200,0.540089
13S-HOTrE,LIN,individual,3:69049183,3,69049183,2.120938e-09,SORBI_3003G373600,0.529593
13S-HOTrE,LIN,individual,3:69049183,3,69049183,2.120938e-09,SORBI_3003G374850,0.526164
13S-HOTrE,LIN,individual,3:69049183,3,69049183,2.120938e-09,SORBI_3003G373600,0.516997
13S-HOTrE,LIN,individual,3:69049183,3,69049183,2.120938e-09,SORBI_3003G372750,0.516411
13S-HOTrE,LIN,individual,3:69049183,3,69049183,2.120938e-09,SORBI_3003G373500,0.509617
13S-HOTrE,LIN,individual,3:69049183,3,69049183,2.120938e-09,SORBI_3003G372800,0.506697
13S-HOTrE,LIN,individual,3:69049183,3,69049183,2.120938e-09,SORBI_3003G372850,0.506697
13S-HOTrE,LIN,individual,3:69049183,3,69049183,2.120938e-09,SORBI_3003G373600,0.504426
13S-HOTrE,LIN,individual,3:69049183,3,69049183,2.120938e-09,SORBI_3003G373500,0.502515
13S-HOTrE,LIN,individual,3:69049183,3,69049183,2.120938e-09,SORBI_3003G374700,0.480579
13S-HOTrE,LIN,individual,3:69049183,3,69049183,2.120938e-09,SORBI_3003G376800,0.479593
13S-HOTrE,LIN,individual,3:69049183,3,69049183,2.120938e-09,SORBI_3003G376800,0.472798
13S-HOTrE,LIN,individual,3:69049183,3,69049183,2.120938e-09,SORBI_3003G373100,0.445991
13S-HOTrE,LIN,individual,3:69049183,3,69049183,2.120938e-09,SORBI_3003G373100,0.433575
13S-HOTrE,LIN,individual,3:69049183,3,69049183,2.120938e-09,SORBI_3003G373000,0.42636
13S-HOTrE,LIN,individual,3:69049183,3,69049183,2.120938e-09,SORBI_3003G374700,0.424001
13S-HOTrE,LIN,individual,3:69049183,3,69049183,2.120938e-09,SORBI_3003G373100,0.421185
13S-HOTrE,LIN,individual,3:69049183,3,69049183,2.120938e-09,SORBI_3003G376000,0.401784
13S-HOTrE,LIN,individual,7:63574242,7,63574242,2.336376e-09,SORBI_3007G205400,0.836666
13S-HOTrE,LIN,individual,7:63576152,7,63576152,2.336376e-09,SORBI_3007G205400,0.836666
13S-HOTrE,LIN,individual,7:63577081,7,63577081,2.336376e-09,SORBI_3007G205400,0.836666
13S-HOTrE,LIN,individual,7:63577171,7,63577171,2.336376e-09,SORBI_3007G205400,0.836666
13S-HOTrE,LIN,individual,7:63576647,7,63576647,2.336376e-09,SORBI_3007G205400,0.826423
13S-HOTrE,LIN,individual,7:63574242,7,63574242,2.336376e-09,SORBI_3007G207400,0.65835
13S-HOTrE,LIN,individual,7:63576152,7,63576152,2.336376e-09,SORBI_3007G207400,0.65835
13S-HOTrE,LIN,individual,7:63576647,7,63576647,2.336376e-09,SORBI_3007G207400,0.65835
13S-HOTrE,LIN,individual,7:63577081,7,63577081,2.336376e-09,SORBI_3007G207400,0.65835
13S-HOTrE,LIN,individual,7:63577171,7,63577171,2.336376e-09,SORBI_3007G207400,0.65835
13S-HOTrE,LIN,individual,7:63576647,7,63576647,2.336376e-09,SORBI_3007G205000,0.572646
13S-HOTrE,LIN,individual,7:63574242,7,63574242,2.336376e-09,SORBI_3007G205000,0.559478
13S-HOTrE,LIN,individual,7:63576152,7,63576152,2.336376e-09,SORBI_3007G205000,0.559478
13S-HOTrE,LIN,individual,7:63577081,7,63577081,2.336376e-09,SORBI_3007G205000,0.559478
13S-HOTrE,LIN,individual,7:63577171,7,63577171,2.336376e-09,SORBI_3007G205000,0.559478
13S-HOTrE,LIN,individual,7:63576647,7,63576647,2.336376e-09,SORBI_3007G207200,0.535572
13S-HOTrE,LIN,individual,7:63576647,7,63576647,2.336376e-09,SORBI_3007G207400,0.533534
13S-HOTrE,LIN,individual,7:63576647,7,63576647,2.336376e-09,SORBI_3007G207200,0.524138
13S-HOTrE,LIN,individual,7:63576647,7,63576647,2.336376e-09,SORBI_3007G207400,0.524138
13S-HOTrE,LIN,individual,7:63574242,7,63574242,2.336376e-09,SORBI_3007G207200,0.523716
13S-HOTrE,LIN,individual,7:63576152,7,63576152,2.336376e-09,SORBI_3007G207200,0.523716
13S-HOTrE,LIN,individual,7:63577081,7,63577081,2.336376e-09,SORBI_3007G207200,0.523716
13S-HOTrE,LIN,individual,7:63577171,7,63577171,2.336376e-09,SORBI_3007G207200,0.523716
13S-HOTrE,LIN,individual,7:63574242,7,63574242,2.336376e-09,SORBI_3007G207400,0.520318
13S-HOTrE,LIN,individual,7:63576152,7,63576152,2.336376e-09,SORBI_3007G207400,0.520318
13S-HOTrE,LIN,individual,7:63577081,7,63577081,2.336376e-09,SORBI_3007G207400,0.520318
13S-HOTrE,LIN,individual,7:63577171,7,63577171,2.336376e-09,SORBI_3007G207400,0.520318
13S-HOTrE,LIN,individual,7:63576647,7,63576647,2.336376e-09,SORBI_3007G205800,0.517076
13S-HOTrE,LIN,individual,7:63574242,7,63574242,2.336376e-09,SORBI_3007G207200,0.512479
13S-HOTrE,LIN,individual,7:63574242,7,63574242,2.336376e-09,SORBI_3007G207400,0.512479
13S-HOTrE,LIN,individual,7:63576152,7,63576152,2.336376e-09,SORBI_3007G207200,0.512479
13S-HOTrE,LIN,individual,7:63576152,7,63576152,2.336376e-09,SORBI_3007G207400,0.512479
13S-HOTrE,LIN,individual,7:63577081,7,63577081,2.336376e-09,SORBI_3007G207200,0.512479
13S-HOTrE,LIN,individual,7:63577081,7,63577081,2.336376e-09,SORBI_3007G207400,0.512479
13S-HOTrE,LIN,individual,7:63577171,7,63577171,2.336376e-09,SORBI_3007G207200,0.512479
13S-HOTrE,LIN,individual,7:63577171,7,63577171,2.336376e-09,SORBI_3007G207400,0.512479
13S-HOTrE,LIN,individual,7:63576647,7,63576647,2.336376e-09,SORBI_3007G205800,0.510109
13S-HOTrE,LIN,individual,7:63576647,7,63576647,2.336376e-09,SORBI_3007G205700,0.509218
13S-HOTrE,LIN,individual,7:63574242,7,63574242,2.336376e-09,SORBI_3007G205800,0.505902
13S-HOTrE,LIN,individual,7:63576152,7,63576152,2.336376e-09,SORBI_3007G205800,0.505902
13S-HOTrE,LIN,individual,7:63577081,7,63577081,2.336376e-09,SORBI_3007G205800,0.505902
13S-HOTrE,LIN,individual,7:63577171,7,63577171,2.336376e-09,SORBI_3007G205800,0.505902
13S-HOTrE,LIN,individual,7:63574242,7,63574242,2.336376e-09,SORBI_3007G205800,0.499068
13S-HOTrE,LIN,individual,7:63576152,7,63576152,2.336376e-09,SORBI_3007G205800,0.499068
13S-HOTrE,LIN,individual,7:63577081,7,63577081,2.336376e-09,SORBI_3007G205800,0.499068
13S-HOTrE,LIN,individual,7:63577171,7,63577171,2.336376e-09,SORBI_3007G205800,0.499068
13S-HOTrE,LIN,individual,7:63574242,7,63574242,2.336376e-09,SORBI_3007G205700,0.498176
13S-HOTrE,LIN,individual,7:63576152,7,63576152,2.336376e-09,SORBI_3007G205700,0.498176
13S-HOTrE,LIN,individual,7:63577081,7,63577081,2.336376e-09,SORBI_3007G205700,0.498176
13S-HOTrE,LIN,individual,7:63577171,7,63577171,2.336376e-09,SORBI_3007G205700,0.498176
13S-HOTrE,LIN,individual,7:63576647,7,63576647,2.336376e-09,SORBI_3007G205700,0.489371
13S-HOTrE,LIN,individual,7:63576647,7,63576647,2.336376e-09,SORBI_3007G205800,0.489195
13S-HOTrE,LIN,individual,7:63574242,7,63574242,2.336376e-09,SORBI_3007G205700,0.478754
13S-HOTrE,LIN,individual,7:63576152,7,63576152,2.336376e-09,SORBI_3007G205700,0.478754
13S-HOTrE,LIN,individual,7:63577081,7,63577081,2.336376e-09,SORBI_3007G205700,0.478754
13S-HOTrE,LIN,individual,7:63577171,7,63577171,2.336376e-09,SORBI_3007G205700,0.478754
13S-HOTrE,LIN,individual,7:63574242,7,63574242,2.336376e-09,SORBI_3007G205800,0.478551
13S-HOTrE,LIN,individual,7:63576152,7,63576152,2.336376e-09,SORBI_3007G205800,0.478551
13S-HOTrE,LIN,individual,7:63577081,7,63577081,2.336376e-09,SORBI_3007G205800,0.478551
13S-HOTrE,LIN,individual,7:63577171,7,63577171,2.336376e-09,SORBI_3007G205800,0.478551
13S-HOTrE,LIN,individual,7:63574242,7,63574242,2.336376e-09,SORBI_3007G205200,0.47026
13S-HOTrE,LIN,individual,7:63576152,7,63576152,2.336376e-09,SORBI_3007G205200,0.47026
13S-HOTrE,LIN,individual,7:63577081,7,63577081,2.336376e-09,SORBI_3007G205200,0.47026
13S-HOTrE,LIN,individual,7:63577171,7,63577171,2.336376e-09,SORBI_3007G205200,0.47026
13S-HOTrE,LIN,individual,7:63576647,7,63576647,2.336376e-09,SORBI_3007G205200,0.466058
13S-HOTrE,LIN,individual,7:63576647,7,63576647,2.336376e-09,SORBI_3007G207500,0.445986
13S-HOTrE,LIN,individual,7:63576647,7,63576647,2.336376e-09,SORBI_3007G202600,0.43954
13S-HOTrE,LIN,individual,7:63574242,7,63574242,2.336376e-09,SORBI_3007G207500,0.436023
13S-HOTrE,LIN,individual,7:63576152,7,63576152,2.336376e-09,SORBI_3007G207500,0.436023
13S-HOTrE,LIN,individual,7:63577081,7,63577081,2.336376e-09,SORBI_3007G207500,0.436023
13S-HOTrE,LIN,individual,7:63577171,7,63577171,2.336376e-09,SORBI_3007G207500,0.436023
13S-HOTrE,LIN,individual,7:63576647,7,63576647,2.336376e-09,SORBI_3007G207600,0.425567
13S-HOTrE,LIN,individual,7:63574242,7,63574242,2.336376e-09,SORBI_3007G202600,0.424828
13S-HOTrE,LIN,individual,7:63576152,7,63576152,2.336376e-09,SORBI_3007G202600,0.424828
13S-HOTrE,LIN,individual,7:63577081,7,63577081,2.336376e-09,SORBI_3007G202600,0.424828
13S-HOTrE,LIN,individual,7:63577171,7,63577171,2.336376e-09,SORBI_3007G202600,0.424828
13S-HOTrE,LIN,individual,7:63574242,7,63574242,2.336376e-09,SORBI_3007G207600,0.416266
13S-HOTrE,LIN,individual,7:63576152,7,63576152,2.336376e-09,SORBI_3007G207600,0.416266
13S-HOTrE,LIN,individual,7:63577081,7,63577081,2.336376e-09,SORBI_3007G207600,0.416266
13S-HOTrE,LIN,individual,7:63577171,7,63577171,2.336376e-09,SORBI_3007G207600,0.416266
13S-HOTrE,LIN,individual,7:63576647,7,63576647,2.336376e-09,SORBI_3007G207500,0.411521
13S-HOTrE,LIN,individual,7:63574242,7,63574242,2.336376e-09,SORBI_3007G207500,0.402213
13S-HOTrE,LIN,individual,7:63576152,7,63576152,2.336376e-09,SORBI_3007G207500,0.402213
13S-HOTrE,LIN,individual,7:63577081,7,63577081,2.336376e-09,SORBI_3007G207500,0.402213
13S-HOTrE,LIN,individual,7:63577171,7,63577171,2.336376e-09,SORBI_3007G207500,0.402213
13S-HOTrE,LIN,individual,4:3999139,4,3999139,2.531118e-09,SORBI_3004G049500,0.933834
13S-HOTrE,LIN,individual,4:4003031,4,4003031,2.531118e-09,SORBI_3004G049500,0.933834
13S-HOTrE,LIN,individual,4:3999139,4,3999139,2.531118e-09,SORBI_3004G049500,0.88513
13S-HOTrE,LIN,individual,4:4003031,4,4003031,2.531118e-09,SORBI_3004G049500,0.88513
13S-HOTrE,LIN,individual,4:3999139,4,3999139,2.531118e-09,SORBI_3004G049600,0.883971
13S-HOTrE,LIN,individual,4:3999139,4,3999139,2.531118e-09,SORBI_3004G049700,0.883971
13S-HOTrE,LIN,individual,4:4003031,4,4003031,2.531118e-09,SORBI_3004G049600,0.883971
13S-HOTrE,LIN,individual,4:4003031,4,4003031,2.531118e-09,SORBI_3004G049700,0.883971
13S-HOTrE,LIN,individual,4:3999139,4,3999139,2.531118e-09,SORBI_3004G049600,0.875002
13S-HOTrE,LIN,individual,4:4003031,4,4003031,2.531118e-09,SORBI_3004G049600,0.875002
13S-HOTrE,LIN,individual,4:3999139,4,3999139,2.531118e-09,SORBI_3004G049800,0.830174
13S-HOTrE,LIN,individual,4:4003031,4,4003031,2.531118e-09,SORBI_3004G049800,0.830174
13S-HOTrE,LIN,individual,4:3999139,4,3999139,2.531118e-09,SORBI_3004G049800,0.807653
13S-HOTrE,LIN,individual,4:4003031,4,4003031,2.531118e-09,SORBI_3004G049800,0.807653
13S-HOTrE,LIN,individual,4:3999139,4,3999139,2.531118e-09,SORBI_3004G047200,0.679187
13S-HOTrE,LIN,individual,4:4003031,4,4003031,2.531118e-09,SORBI_3004G047200,0.679187
13S-HOTrE,LIN,individual,4:3999139,4,3999139,2.531118e-09,SORBI_3004G047700,0.656083
13S-HOTrE,LIN,individual,4:4003031,4,4003031,2.531118e-09,SORBI_3004G047700,0.656083
13S-HOTrE,LIN,individual,4:3999139,4,3999139,2.531118e-09,SORBI_3004G047200,0.656036
13S-HOTrE,LIN,individual,4:4003031,4,4003031,2.531118e-09,SORBI_3004G047200,0.656036
13S-HOTrE,LIN,individual,4:3999139,4,3999139,2.531118e-09,SORBI_3004G049900,0.650268
13S-HOTrE,LIN,individual,4:4003031,4,4003031,2.531118e-09,SORBI_3004G049900,0.650268
13S-HOTrE,LIN,individual,4:3999139,4,3999139,2.531118e-09,SORBI_3004G047200,0.647145
13S-HOTrE,LIN,individual,4:4003031,4,4003031,2.531118e-09,SORBI_3004G047200,0.647145
13S-HOTrE,LIN,individual,4:3999139,4,3999139,2.531118e-09,SORBI_3004G047600,0.628902
13S-HOTrE,LIN,individual,4:3999139,4,3999139,2.531118e-09,SORBI_3004G047700,0.628902
13S-HOTrE,LIN,individual,4:4003031,4,4003031,2.531118e-09,SORBI_3004G047600,0.628902
13S-HOTrE,LIN,individual,4:4003031,4,4003031,2.531118e-09,SORBI_3004G047700,0.628902
13S-HOTrE,LIN,individual,4:3999139,4,3999139,2.531118e-09,SORBI_3004G049700,0.626988
13S-HOTrE,LIN,individual,4:4003031,4,4003031,2.531118e-09,SORBI_3004G049700,0.626988
13S-HOTrE,LIN,individual,4:3999139,4,3999139,2.531118e-09,SORBI_3004G047001,0.60883
13S-HOTrE,LIN,individual,4:4003031,4,4003031,2.531118e-09,SORBI_3004G047001,0.60883
13S-HOTrE,LIN,individual,4:3999139,4,3999139,2.531118e-09,SORBI_3004G049600,0.594256
13S-HOTrE,LIN,individual,4:4003031,4,4003031,2.531118e-09,SORBI_3004G049600,0.594256
13S-HOTrE,LIN,individual,4:3999139,4,3999139,2.531118e-09,SORBI_3004G047400,0.593156
13S-HOTrE,LIN,individual,4:4003031,4,4003031,2.531118e-09,SORBI_3004G047400,0.593156
13S-HOTrE,LIN,individual,4:3999139,4,3999139,2.531118e-09,SORBI_3004G047400,0.589745
13S-HOTrE,LIN,individual,4:4003031,4,4003031,2.531118e-09,SORBI_3004G047400,0.589745
13S-HOTrE,LIN,individual,4:3999139,4,3999139,2.531118e-09,SORBI_3004G047400,0.583069
13S-HOTrE,LIN,individual,4:3999139,4,3999139,2.531118e-09,SORBI_3004G047500,0.583069
13S-HOTrE,LIN,individual,4:4003031,4,4003031,2.531118e-09,SORBI_3004G047400,0.583069
13S-HOTrE,LIN,individual,4:4003031,4,4003031,2.531118e-09,SORBI_3004G047500,0.583069
13S-HOTrE,LIN,individual,4:3999139,4,3999139,2.531118e-09,SORBI_3004G047400,0.576571
13S-HOTrE,LIN,individual,4:4003031,4,4003031,2.531118e-09,SORBI_3004G047400,0.576571
13S-HOTrE,LIN,individual,4:3999139,4,3999139,2.531118e-09,SORBI_3004G047500,0.567053
13S-HOTrE,LIN,individual,4:4003031,4,4003031,2.531118e-09,SORBI_3004G047500,0.567053
13S-HOTrE,LIN,individual,4:3999139,4,3999139,2.531118e-09,SORBI_3004G050000,0.566651
13S-HOTrE,LIN,individual,4:4003031,4,4003031,2.531118e-09,SORBI_3004G050000,0.566651
13S-HOTrE,LIN,individual,4:3999139,4,3999139,2.531118e-09,SORBI_3004G049600,0.559739
13S-HOTrE,LIN,individual,4:4003031,4,4003031,2.531118e-09,SORBI_3004G049600,0.559739
13S-HOTrE,LIN,individual,4:3999139,4,3999139,2.531118e-09,SORBI_3004G047500,0.557806
13S-HOTrE,LIN,individual,4:4003031,4,4003031,2.531118e-09,SORBI_3004G047500,0.557806
13S-HOTrE,LIN,individual,4:3999139,4,3999139,2.531118e-09,SORBI_3004G047400,0.556985
13S-HOTrE,LIN,individual,4:4003031,4,4003031,2.531118e-09,SORBI_3004G047400,0.556985
13S-HOTrE,LIN,individual,4:3999139,4,3999139,2.531118e-09,SORBI_3004G048800,0.554747
13S-HOTrE,LIN,individual,4:4003031,4,4003031,2.531118e-09,SORBI_3004G048800,0.554747
13S-HOTrE,LIN,individual,4:3999139,4,3999139,2.531118e-09,SORBI_3004G048400,0.54504
13S-HOTrE,LIN,individual,4:4003031,4,4003031,2.531118e-09,SORBI_3004G048400,0.54504
13S-HOTrE,LIN,individual,4:3999139,4,3999139,2.531118e-09,SORBI_3004G050000,0.543355
13S-HOTrE,LIN,individual,4:4003031,4,4003031,2.531118e-09,SORBI_3004G050000,0.543355
13S-HOTrE,LIN,individual,4:3999139,4,3999139,2.531118e-09,SORBI_3004G048600,0.542751
13S-HOTrE,LIN,individual,4:4003031,4,4003031,2.531118e-09,SORBI_3004G048600,0.542751
13S-HOTrE,LIN,individual,4:3999139,4,3999139,2.531118e-09,SORBI_3004G050000,0.531386
13S-HOTrE,LIN,individual,4:4003031,4,4003031,2.531118e-09,SORBI_3004G050000,0.531386
13S-HOTrE,LIN,individual,4:3999139,4,3999139,2.531118e-09,SORBI_3004G047001,0.529951
13S-HOTrE,LIN,individual,4:4003031,4,4003031,2.531118e-09,SORBI_3004G047001,0.529951
13S-HOTrE,LIN,individual,4:3999139,4,3999139,2.531118e-09,SORBI_3004G048300,0.524835
13S-HOTrE,LIN,individual,4:4003031,4,4003031,2.531118e-09,SORBI_3004G048300,0.524835
13S-HOTrE,LIN,individual,4:3999139,4,3999139,2.531118e-09,SORBI_3004G048500,0.517296
13S-HOTrE,LIN,individual,4:4003031,4,4003031,2.531118e-09,SORBI_3004G048500,0.517296
13S-HOTrE,LIN,individual,4:3999139,4,3999139,2.531118e-09,SORBI_3004G049600,0.506014
13S-HOTrE,LIN,individual,4:4003031,4,4003031,2.531118e-09,SORBI_3004G049600,0.506014
13S-HOTrE,LIN,individual,4:3999139,4,3999139,2.531118e-09,SORBI_3004G048400,0.50404
13S-HOTrE,LIN,individual,4:4003031,4,4003031,2.531118e-09,SORBI_3004G048400,0.50404
13S-HOTrE,LIN,individual,4:3999139,4,3999139,2.531118e-09,SORBI_3004G048600,0.503468
13S-HOTrE,LIN,individual,4:4003031,4,4003031,2.531118e-09,SORBI_3004G048600,0.503468
13S-HOTrE,LIN,individual,4:3999139,4,3999139,2.531118e-09,SORBI_3004G051700,0.501705
13S-HOTrE,LIN,individual,4:4003031,4,4003031,2.531118e-09,SORBI_3004G051700,0.501705
13S-HOTrE,LIN,individual,4:3999139,4,3999139,2.531118e-09,SORBI_3004G049200,0.500878
13S-HOTrE,LIN,individual,4:4003031,4,4003031,2.531118e-09,SORBI_3004G049200,0.500878
13S-HOTrE,LIN,individual,4:3999139,4,3999139,2.531118e-09,SORBI_3004G050000,0.500025
13S-HOTrE,LIN,individual,4:4003031,4,4003031,2.531118e-09,SORBI_3004G050000,0.500025
13S-HOTrE,LIN,individual,4:3999139,4,3999139,2.531118e-09,SORBI_3004G051600,0.497712
13S-HOTrE,LIN,individual,4:4003031,4,4003031,2.531118e-09,SORBI_3004G051600,0.497712
13S-HOTrE,LIN,individual,4:3999139,4,3999139,2.531118e-09,SORBI_3004G049200,0.491161
13S-HOTrE,LIN,individual,4:4003031,4,4003031,2.531118e-09,SORBI_3004G049200,0.491161
13S-HOTrE,LIN,individual,4:3999139,4,3999139,2.531118e-09,SORBI_3004G049900,0.484644
13S-HOTrE,LIN,individual,4:4003031,4,4003031,2.531118e-09,SORBI_3004G049900,0.484644
13S-HOTrE,LIN,individual,4:3999139,4,3999139,2.531118e-09,SORBI_3004G048100,0.472457
13S-HOTrE,LIN,individual,4:4003031,4,4003031,2.531118e-09,SORBI_3004G048100,0.472457
13S-HOTrE,LIN,individual,4:3999139,4,3999139,2.531118e-09,SORBI_3004G048100,0.46591
13S-HOTrE,LIN,individual,4:4003031,4,4003031,2.531118e-09,SORBI_3004G048100,0.46591
13S-HOTrE,LIN,individual,4:3999139,4,3999139,2.531118e-09,SORBI_3004G048100,0.462695
13S-HOTrE,LIN,individual,4:4003031,4,4003031,2.531118e-09,SORBI_3004G048100,0.462695
13S-HOTrE,LIN,individual,4:3999139,4,3999139,2.531118e-09,SORBI_3004G048000,0.457049
13S-HOTrE,LIN,individual,4:4003031,4,4003031,2.531118e-09,SORBI_3004G048000,0.457049
13S-HOTrE,LIN,individual,4:3999139,4,3999139,2.531118e-09,SORBI_3004G046800,0.455785
13S-HOTrE,LIN,individual,4:4003031,4,4003031,2.531118e-09,SORBI_3004G046800,0.455785
13S-HOTrE,LIN,individual,4:3999139,4,3999139,2.531118e-09,SORBI_3004G049600,0.44642
13S-HOTrE,LIN,individual,4:4003031,4,4003031,2.531118e-09,SORBI_3004G049600,0.44642
13S-HOTrE,LIN,individual,4:3999139,4,3999139,2.531118e-09,SORBI_3004G048300,0.437229
13S-HOTrE,LIN,individual,4:4003031,4,4003031,2.531118e-09,SORBI_3004G048300,0.437229
13S-HOTrE,LIN,individual,4:3999139,4,3999139,2.531118e-09,SORBI_3004G048300,0.436186
13S-HOTrE,LIN,individual,4:4003031,4,4003031,2.531118e-09,SORBI_3004G048300,0.436186
13S-HOTrE,LIN,individual,4:3999139,4,3999139,2.531118e-09,SORBI_3004G050000,0.425042
13S-HOTrE,LIN,individual,4:4003031,4,4003031,2.531118e-09,SORBI_3004G050000,0.425042
13S-HOTrE,LIN,individual,4:3999139,4,3999139,2.531118e-09,SORBI_3004G048700,0.424673
13S-HOTrE,LIN,individual,4:4003031,4,4003031,2.531118e-09,SORBI_3004G048700,0.424673
13S-HOTrE,LIN,individual,4:3999139,4,3999139,2.531118e-09,SORBI_3004G047001,0.423145
13S-HOTrE,LIN,individual,4:4003031,4,4003031,2.531118e-09,SORBI_3004G047001,0.423145
13S-HOTrE,LIN,individual,4:3999139,4,3999139,2.531118e-09,SORBI_3004G045632,0.420812
13S-HOTrE,LIN,individual,4:3999139,4,3999139,2.531118e-09,SORBI_3004G051700,0.404697
13S-HOTrE,LIN,individual,4:4003031,4,4003031,2.531118e-09,SORBI_3004G051700,0.404697
13S-HOTrE,LIN,individual,4:3999139,4,3999139,2.531118e-09,SORBI_3004G048700,0.403541
13S-HOTrE,LIN,individual,4:4003031,4,4003031,2.531118e-09,SORBI_3004G048700,0.403541
13S-HOTrE,LIN,individual,1:61638536,1,61638536,2.591318e-09,SORBI_3001G328850,0.622201
13S-HOTrE,LIN,individual,1:61638536,1,61638536,2.591318e-09,SORBI_3001G329901,0.603492
13S-HOTrE,LIN,individual,1:61638536,1,61638536,2.591318e-09,SORBI_3001G330925,0.580381
13S-HOTrE,LIN,individual,1:61638536,1,61638536,2.591318e-09,SORBI_3001G331000,0.572617
13S-HOTrE,LIN,individual,1:61638536,1,61638536,2.591318e-09,SORBI_3001G330925,0.558643
13S-HOTrE,LIN,individual,1:61638536,1,61638536,2.591318e-09,SORBI_3001G331000,0.556297
13S-HOTrE,LIN,individual,1:61638536,1,61638536,2.591318e-09,SORBI_3001G330925,0.547296
13S-HOTrE,LIN,individual,1:61638536,1,61638536,2.591318e-09,SORBI_3001G328100,0.54646
13S-HOTrE,LIN,individual,1:61638536,1,61638536,2.591318e-09,SORBI_3001G328100,0.535322
13S-HOTrE,LIN,individual,1:61638536,1,61638536,2.591318e-09,SORBI_3001G328100,0.535198
13S-HOTrE,LIN,individual,1:61638536,1,61638536,2.591318e-09,SORBI_3001G331100,0.516337
13S-HOTrE,LIN,individual,1:61638536,1,61638536,2.591318e-09,SORBI_3001G328000,0.49992
13S-HOTrE,LIN,individual,1:61638536,1,61638536,2.591318e-09,SORBI_3001G328100,0.474245
13S-HOTrE,LIN,individual,1:61638536,1,61638536,2.591318e-09,SORBI_3001G328100,0.468631
13S-HOTrE,LIN,individual,1:61638536,1,61638536,2.591318e-09,SORBI_3001G328000,0.451916
13S-HOTrE,LIN,individual,1:61638536,1,61638536,2.591318e-09,SORBI_3001G328100,0.450708
13S-HOTrE,LIN,individual,1:61638536,1,61638536,2.591318e-09,SORBI_3001G328200,0.432746
13S-HOTrE,LIN,individual,1:61638536,1,61638536,2.591318e-09,SORBI_3001G328000,0.426593
13S-HOTrE,LIN,individual,1:61638536,1,61638536,2.591318e-09,SORBI_3001G328200,0.426593
13S-HOTrE,LIN,individual,1:61638536,1,61638536,2.591318e-09,SORBI_3001G329701,0.407546
13S-HOTrE,LIN,individual,1:61638536,1,61638536,2.591318e-09,SORBI_3001G329901,0.407297
13S-HOTrE,LIN,individual,4:4000323,4,4000323,2.683814e-09,SORBI_3004G049500,0.933801
13S-HOTrE,LIN,individual,4:4000323,4,4000323,2.683814e-09,SORBI_3004G049500,0.885073
13S-HOTrE,LIN,individual,4:4000323,4,4000323,2.683814e-09,SORBI_3004G049600,0.883914
13S-HOTrE,LIN,individual,4:4000323,4,4000323,2.683814e-09,SORBI_3004G049700,0.883914
13S-HOTrE,LIN,individual,4:4000323,4,4000323,2.683814e-09,SORBI_3004G049600,0.87494
13S-HOTrE,LIN,individual,4:4000323,4,4000323,2.683814e-09,SORBI_3004G049800,0.830089
13S-HOTrE,LIN,individual,4:4000323,4,4000323,2.683814e-09,SORBI_3004G049800,0.807557
13S-HOTrE,LIN,individual,4:4000323,4,4000323,2.683814e-09,SORBI_3004G047200,0.67903
13S-HOTrE,LIN,individual,4:4000323,4,4000323,2.683814e-09,SORBI_3004G047700,0.655913
13S-HOTrE,LIN,individual,4:4000323,4,4000323,2.683814e-09,SORBI_3004G047200,0.655869
13S-HOTrE,LIN,individual,4:4000323,4,4000323,2.683814e-09,SORBI_3004G049900,0.650103
13S-HOTrE,LIN,individual,4:4000323,4,4000323,2.683814e-09,SORBI_3004G047200,0.646973
13S-HOTrE,LIN,individual,4:4000323,4,4000323,2.683814e-09,SORBI_3004G047600,0.628718
13S-HOTrE,LIN,individual,4:4000323,4,4000323,2.683814e-09,SORBI_3004G047700,0.628718
13S-HOTrE,LIN,individual,4:4000323,4,4000323,2.683814e-09,SORBI_3004G049700,0.626803
13S-HOTrE,LIN,individual,4:4000323,4,4000323,2.683814e-09,SORBI_3004G047001,0.608638
13S-HOTrE,LIN,individual,4:4000323,4,4000323,2.683814e-09,SORBI_3004G049600,0.594054
13S-HOTrE,LIN,individual,4:4000323,4,4000323,2.683814e-09,SORBI_3004G047400,0.592955
13S-HOTrE,LIN,individual,4:4000323,4,4000323,2.683814e-09,SORBI_3004G047400,0.589542
13S-HOTrE,LIN,individual,4:4000323,4,4000323,2.683814e-09,SORBI_3004G047400,0.582863
13S-HOTrE,LIN,individual,4:4000323,4,4000323,2.683814e-09,SORBI_3004G047500,0.582863
13S-HOTrE,LIN,individual,4:4000323,4,4000323,2.683814e-09,SORBI_3004G047400,0.576362
13S-HOTrE,LIN,individual,4:4000323,4,4000323,2.683814e-09,SORBI_3004G047500,0.566839
13S-HOTrE,LIN,individual,4:4000323,4,4000323,2.683814e-09,SORBI_3004G050000,0.56644
13S-HOTrE,LIN,individual,4:4000323,4,4000323,2.683814e-09,SORBI_3004G049600,0.559527
13S-HOTrE,LIN,individual,4:4000323,4,4000323,2.683814e-09,SORBI_3004G047500,0.557587
13S-HOTrE,LIN,individual,4:4000323,4,4000323,2.683814e-09,SORBI_3004G047400,0.556766
13S-HOTrE,LIN,individual,4:4000323,4,4000323,2.683814e-09,SORBI_3004G048800,0.554547
13S-HOTrE,LIN,individual,4:4000323,4,4000323,2.683814e-09,SORBI_3004G048400,0.544836
13S-HOTrE,LIN,individual,4:4000323,4,4000323,2.683814e-09,SORBI_3004G050000,0.543134
13S-HOTrE,LIN,individual,4:4000323,4,4000323,2.683814e-09,SORBI_3004G048600,0.542545
13S-HOTrE,LIN,individual,4:4000323,4,4000323,2.683814e-09,SORBI_3004G050000,0.531273
13S-HOTrE,LIN,individual,4:4000323,4,4000323,2.683814e-09,SORBI_3004G047001,0.529722
13S-HOTrE,LIN,individual,4:4000323,4,4000323,2.683814e-09,SORBI_3004G048300,0.524727
13S-HOTrE,LIN,individual,4:4000323,4,4000323,2.683814e-09,SORBI_3004G048500,0.517153
13S-HOTrE,LIN,individual,4:4000323,4,4000323,2.683814e-09,SORBI_3004G049600,0.505773
13S-HOTrE,LIN,individual,4:4000323,4,4000323,2.683814e-09,SORBI_3004G048400,0.503824
13S-HOTrE,LIN,individual,4:4000323,4,4000323,2.683814e-09,SORBI_3004G048600,0.503249
13S-HOTrE,LIN,individual,4:4000323,4,4000323,2.683814e-09,SORBI_3004G051700,0.501541
13S-HOTrE,LIN,individual,4:4000323,4,4000323,2.683814e-09,SORBI_3004G049200,0.500659
13S-HOTrE,LIN,individual,4:4000323,4,4000323,2.683814e-09,SORBI_3004G050000,0.499902
13S-HOTrE,LIN,individual,4:4000323,4,4000323,2.683814e-09,SORBI_3004G051600,0.497528
13S-HOTrE,LIN,individual,4:4000323,4,4000323,2.683814e-09,SORBI_3004G049200,0.490939
13S-HOTrE,LIN,individual,4:4000323,4,4000323,2.683814e-09,SORBI_3004G048100,0.485029
13S-HOTrE,LIN,individual,4:4000323,4,4000323,2.683814e-09,SORBI_3004G049900,0.484478
13S-HOTrE,LIN,individual,4:4000323,4,4000323,2.683814e-09,SORBI_3004G048100,0.478188
13S-HOTrE,LIN,individual,4:4000323,4,4000323,2.683814e-09,SORBI_3004G048100,0.47483
13S-HOTrE,LIN,individual,4:4000323,4,4000323,2.683814e-09,SORBI_3004G046800,0.46915
13S-HOTrE,LIN,individual,4:4000323,4,4000323,2.683814e-09,SORBI_3004G048000,0.456801
13S-HOTrE,LIN,individual,4:4000323,4,4000323,2.683814e-09,SORBI_3004G049600,0.446157
13S-HOTrE,LIN,individual,4:4000323,4,4000323,2.683814e-09,SORBI_3004G047001,0.44082
13S-HOTrE,LIN,individual,4:4000323,4,4000323,2.683814e-09,SORBI_3004G048300,0.436973
13S-HOTrE,LIN,individual,4:4000323,4,4000323,2.683814e-09,SORBI_3004G048300,0.436053
13S-HOTrE,LIN,individual,4:4000323,4,4000323,2.683814e-09,SORBI_3004G048700,0.435499
13S-HOTrE,LIN,individual,4:4000323,4,4000323,2.683814e-09,SORBI_3004G050000,0.424759
13S-HOTrE,LIN,individual,4:4000323,4,4000323,2.683814e-09,SORBI_3004G045632,0.420607
13S-HOTrE,LIN,individual,4:4000323,4,4000323,2.683814e-09,SORBI_3004G048700,0.413125
13S-HOTrE,LIN,individual,4:4000323,4,4000323,2.683814e-09,SORBI_3004G048700,0.407828
13S-HOTrE,LIN,individual,4:4000323,4,4000323,2.683814e-09,SORBI_3004G051700,0.404517
13S-HOTrE,LIN,individual,4:4000323,4,4000323,2.683814e-09,SORBI_3004G049200,0.402187
13S-HOTrE,LIN,individual,4:4000323,4,4000323,2.683814e-09,SORBI_3004G048201,0.400703
13S-HOTrE,LIN,individual,4:4000323,4,4000323,2.683814e-09,SORBI_3004G048700,0.400703
13S-HOTrE,LIN,individual,1:62241368,1,62241368,2.797495e-09,SORBI_3001G333500,0.789474
13S-HOTrE,LIN,individual,1:62241368,1,62241368,2.797495e-09,SORBI_3001G333600,0.789474
13S-HOTrE,LIN,individual,1:62241368,1,62241368,2.797495e-09,SORBI_3001G333500,0.768144
13S-HOTrE,LIN,individual,1:62241368,1,62241368,2.797495e-09,SORBI_3001G333700,0.748846
13S-HOTrE,LIN,individual,1:62241368,1,62241368,2.797495e-09,SORBI_3001G333800,0.685656
13S-HOTrE,LIN,individual,1:62241368,1,62241368,2.797495e-09,SORBI_3001G333800,0.66998
13S-HOTrE,LIN,individual,1:62241368,1,62241368,2.797495e-09,SORBI_3001G333900,0.66998
13S-HOTrE,LIN,individual,1:62241368,1,62241368,2.797495e-09,SORBI_3001G333800,0.654103
13S-HOTrE,LIN,individual,1:62241368,1,62241368,2.797495e-09,SORBI_3001G332700,0.618844
13S-HOTrE,LIN,individual,1:62241368,1,62241368,2.797495e-09,SORBI_3001G332933,0.618844
13S-HOTrE,LIN,individual,1:62241368,1,62241368,2.797495e-09,SORBI_3001G333100,0.618844
13S-HOTrE,LIN,individual,1:62241368,1,62241368,2.797495e-09,SORBI_3001G332933,0.61187
13S-HOTrE,LIN,individual,1:62241368,1,62241368,2.797495e-09,SORBI_3001G332966,0.609477
13S-HOTrE,LIN,individual,1:62241368,1,62241368,2.797495e-09,SORBI_3001G333100,0.605557
13S-HOTrE,LIN,individual,1:62241368,1,62241368,2.797495e-09,SORBI_3001G333200,0.605557
13S-HOTrE,LIN,individual,1:62241368,1,62241368,2.797495e-09,SORBI_3001G332500,0.598503
13S-HOTrE,LIN,individual,1:62241368,1,62241368,2.797495e-09,SORBI_3001G332500,0.592596
13S-HOTrE,LIN,individual,1:62241368,1,62241368,2.797495e-09,SORBI_3001G332933,0.592596
13S-HOTrE,LIN,individual,1:62241368,1,62241368,2.797495e-09,SORBI_3001G332500,0.586136
13S-HOTrE,LIN,individual,1:62241368,1,62241368,2.797495e-09,SORBI_3001G332500,0.579079
13S-HOTrE,LIN,individual,1:62241368,1,62241368,2.797495e-09,SORBI_3001G333300,0.539922
13S-HOTrE,LIN,individual,1:62241368,1,62241368,2.797495e-09,SORBI_3001G331900,0.514894
13S-HOTrE,LIN,individual,1:62241368,1,62241368,2.797495e-09,SORBI_3001G332050,0.514894
13S-HOTrE,LIN,individual,1:62241368,1,62241368,2.797495e-09,SORBI_3001G333700,0.509342
13S-HOTrE,LIN,individual,1:62241368,1,62241368,2.797495e-09,SORBI_3001G332100,0.506486
13S-HOTrE,LIN,individual,1:62241368,1,62241368,2.797495e-09,SORBI_3001G333600,0.432357
13S-HOTrE,LIN,individual,1:62241368,1,62241368,2.797495e-09,SORBI_3001G333600,0.424886
13S-HOTrE,LIN,individual,1:62241368,1,62241368,2.797495e-09,SORBI_3001G332966,0.40794
13S-HOTrE,LIN,individual,3:69048778,3,69048778,2.809605e-09,SORBI_3003G375900,1
13S-HOTrE,LIN,individual,3:69048778,3,69048778,2.809605e-09,SORBI_3003G375900,1
13S-HOTrE,LIN,individual,3:69049212,3,69049212,2.809605e-09,SORBI_3003G375900,1
13S-HOTrE,LIN,individual,3:69049212,3,69049212,2.809605e-09,SORBI_3003G375900,1
13S-HOTrE,LIN,individual,3:69048778,3,69048778,2.809605e-09,SORBI_3003G375900,0.990172
13S-HOTrE,LIN,individual,3:69049212,3,69049212,2.809605e-09,SORBI_3003G375900,0.990172
13S-HOTrE,LIN,individual,3:69048778,3,69048778,2.809605e-09,SORBI_3003G375900,0.990168
13S-HOTrE,LIN,individual,3:69049212,3,69049212,2.809605e-09,SORBI_3003G375900,0.990168
13S-HOTrE,LIN,individual,3:69048778,3,69048778,2.809605e-09,SORBI_3003G375900,0.980141
13S-HOTrE,LIN,individual,3:69049212,3,69049212,2.809605e-09,SORBI_3003G375900,0.980141
13S-HOTrE,LIN,individual,3:69048778,3,69048778,2.809605e-09,SORBI_3003G375900,0.970314
13S-HOTrE,LIN,individual,3:69049212,3,69049212,2.809605e-09,SORBI_3003G375900,0.970314
13S-HOTrE,LIN,individual,3:69048778,3,69048778,2.809605e-09,SORBI_3003G375800,0.960388
13S-HOTrE,LIN,individual,3:69049212,3,69049212,2.809605e-09,SORBI_3003G375800,0.960388
13S-HOTrE,LIN,individual,3:69048778,3,69048778,2.809605e-09,SORBI_3003G375800,0.950616
13S-HOTrE,LIN,individual,3:69049212,3,69049212,2.809605e-09,SORBI_3003G375800,0.950616
13S-HOTrE,LIN,individual,3:69048778,3,69048778,2.809605e-09,SORBI_3003G375900,0.853561
13S-HOTrE,LIN,individual,3:69049212,3,69049212,2.809605e-09,SORBI_3003G375900,0.853561
13S-HOTrE,LIN,individual,3:69048778,3,69048778,2.809605e-09,SORBI_3003G376000,0.804755
13S-HOTrE,LIN,individual,3:69049212,3,69049212,2.809605e-09,SORBI_3003G376000,0.804755
13S-HOTrE,LIN,individual,3:69048778,3,69048778,2.809605e-09,SORBI_3003G375500,0.795001
13S-HOTrE,LIN,individual,3:69049212,3,69049212,2.809605e-09,SORBI_3003G375500,0.795001
13S-HOTrE,LIN,individual,3:69048778,3,69048778,2.809605e-09,SORBI_3003G375300,0.784034
13S-HOTrE,LIN,individual,3:69049212,3,69049212,2.809605e-09,SORBI_3003G375300,0.784034
13S-HOTrE,LIN,individual,3:69048778,3,69048778,2.809605e-09,SORBI_3003G375400,0.772091
13S-HOTrE,LIN,individual,3:69048778,3,69048778,2.809605e-09,SORBI_3003G375500,0.772091
13S-HOTrE,LIN,individual,3:69049212,3,69049212,2.809605e-09,SORBI_3003G375400,0.772091
13S-HOTrE,LIN,individual,3:69049212,3,69049212,2.809605e-09,SORBI_3003G375500,0.772091
13S-HOTrE,LIN,individual,3:69048778,3,69048778,2.809605e-09,SORBI_3003G375400,0.760228
13S-HOTrE,LIN,individual,3:69049212,3,69049212,2.809605e-09,SORBI_3003G375400,0.760228
13S-HOTrE,LIN,individual,3:69048778,3,69048778,2.809605e-09,SORBI_3003G376000,0.710591
13S-HOTrE,LIN,individual,3:69049212,3,69049212,2.809605e-09,SORBI_3003G376000,0.710591
13S-HOTrE,LIN,individual,3:69048778,3,69048778,2.809605e-09,SORBI_3003G373900,0.692956
13S-HOTrE,LIN,individual,3:69049212,3,69049212,2.809605e-09,SORBI_3003G373900,0.692956
13S-HOTrE,LIN,individual,3:69048778,3,69048778,2.809605e-09,SORBI_3003G375900,0.686579
13S-HOTrE,LIN,individual,3:69049212,3,69049212,2.809605e-09,SORBI_3003G375900,0.686579
13S-HOTrE,LIN,individual,3:69048778,3,69048778,2.809605e-09,SORBI_3003G374000,0.654908
13S-HOTrE,LIN,individual,3:69049212,3,69049212,2.809605e-09,SORBI_3003G374000,0.654908
13S-HOTrE,LIN,individual,3:69048778,3,69048778,2.809605e-09,SORBI_3003G374100,0.641988
13S-HOTrE,LIN,individual,3:69049212,3,69049212,2.809605e-09,SORBI_3003G374100,0.641988
13S-HOTrE,LIN,individual,3:69048778,3,69048778,2.809605e-09,SORBI_3003G375700,0.622001
13S-HOTrE,LIN,individual,3:69049212,3,69049212,2.809605e-09,SORBI_3003G375700,0.622001
13S-HOTrE,LIN,individual,3:69048778,3,69048778,2.809605e-09,SORBI_3003G375700,0.620099
13S-HOTrE,LIN,individual,3:69049212,3,69049212,2.809605e-09,SORBI_3003G375700,0.620099
13S-HOTrE,LIN,individual,3:69048778,3,69048778,2.809605e-09,SORBI_3003G374100,0.617092
13S-HOTrE,LIN,individual,3:69048778,3,69048778,2.809605e-09,SORBI_3003G374200,0.617092
13S-HOTrE,LIN,individual,3:69049212,3,69049212,2.809605e-09,SORBI_3003G374100,0.617092
13S-HOTrE,LIN,individual,3:69049212,3,69049212,2.809605e-09,SORBI_3003G374200,0.617092
13S-HOTrE,LIN,individual,3:69048778,3,69048778,2.809605e-09,SORBI_3003G374000,0.611971
13S-HOTrE,LIN,individual,3:69049212,3,69049212,2.809605e-09,SORBI_3003G374000,0.611971
13S-HOTrE,LIN,individual,3:69048778,3,69048778,2.809605e-09,SORBI_3003G374200,0.606063
13S-HOTrE,LIN,individual,3:69049212,3,69049212,2.809605e-09,SORBI_3003G374200,0.606063
13S-HOTrE,LIN,individual,3:69048778,3,69048778,2.809605e-09,SORBI_3003G375700,0.598079
13S-HOTrE,LIN,individual,3:69049212,3,69049212,2.809605e-09,SORBI_3003G375700,0.598079
13S-HOTrE,LIN,individual,3:69048778,3,69048778,2.809605e-09,SORBI_3003G374200,0.595174
13S-HOTrE,LIN,individual,3:69049212,3,69049212,2.809605e-09,SORBI_3003G374200,0.595174
13S-HOTrE,LIN,individual,3:69048778,3,69048778,2.809605e-09,SORBI_3003G374500,0.578411
13S-HOTrE,LIN,individual,3:69049212,3,69049212,2.809605e-09,SORBI_3003G374500,0.578411
13S-HOTrE,LIN,individual,3:69048778,3,69048778,2.809605e-09,SORBI_3003G374500,0.566721
13S-HOTrE,LIN,individual,3:69049212,3,69049212,2.809605e-09,SORBI_3003G374500,0.566721
13S-HOTrE,LIN,individual,3:69048778,3,69048778,2.809605e-09,SORBI_3003G374600,0.557756
13S-HOTrE,LIN,individual,3:69048778,3,69048778,2.809605e-09,SORBI_3003G374700,0.557756
13S-HOTrE,LIN,individual,3:69048778,3,69048778,2.809605e-09,SORBI_3003G375000,0.557756
13S-HOTrE,LIN,individual,3:69048778,3,69048778,2.809605e-09,SORBI_3003G375200,0.557756
13S-HOTrE,LIN,individual,3:69049212,3,69049212,2.809605e-09,SORBI_3003G374600,0.557756
13S-HOTrE,LIN,individual,3:69049212,3,69049212,2.809605e-09,SORBI_3003G374700,0.557756
13S-HOTrE,LIN,individual,3:69049212,3,69049212,2.809605e-09,SORBI_3003G375000,0.557756
13S-HOTrE,LIN,individual,3:69049212,3,69049212,2.809605e-09,SORBI_3003G375200,0.557756
13S-HOTrE,LIN,individual,3:69048778,3,69048778,2.809605e-09,SORBI_3003G374600,0.555876
13S-HOTrE,LIN,individual,3:69049212,3,69049212,2.809605e-09,SORBI_3003G374600,0.555876
13S-HOTrE,LIN,individual,3:69048778,3,69048778,2.809605e-09,SORBI_3003G375200,0.550726
13S-HOTrE,LIN,individual,3:69049212,3,69049212,2.809605e-09,SORBI_3003G375200,0.550726
13S-HOTrE,LIN,individual,3:69048778,3,69048778,2.809605e-09,SORBI_3003G373500,0.548981
13S-HOTrE,LIN,individual,3:69049212,3,69049212,2.809605e-09,SORBI_3003G373500,0.548981
13S-HOTrE,LIN,individual,3:69048778,3,69048778,2.809605e-09,SORBI_3003G376000,0.548168
13S-HOTrE,LIN,individual,3:69049212,3,69049212,2.809605e-09,SORBI_3003G376000,0.548168
13S-HOTrE,LIN,individual,3:69048778,3,69048778,2.809605e-09,SORBI_3003G375200,0.545796
13S-HOTrE,LIN,individual,3:69049212,3,69049212,2.809605e-09,SORBI_3003G375200,0.545796
13S-HOTrE,LIN,individual,3:69048778,3,69048778,2.809605e-09,SORBI_3003G375200,0.538671
13S-HOTrE,LIN,individual,3:69049212,3,69049212,2.809605e-09,SORBI_3003G375200,0.538671
13S-HOTrE,LIN,individual,3:69048778,3,69048778,2.809605e-09,SORBI_3003G373600,0.535456
13S-HOTrE,LIN,individual,3:69049212,3,69049212,2.809605e-09,SORBI_3003G373600,0.535456
13S-HOTrE,LIN,individual,3:69048778,3,69048778,2.809605e-09,SORBI_3003G374850,0.531799
13S-HOTrE,LIN,individual,3:69049212,3,69049212,2.809605e-09,SORBI_3003G374850,0.531799
13S-HOTrE,LIN,individual,3:69048778,3,69048778,2.809605e-09,SORBI_3003G373600,0.522734
13S-HOTrE,LIN,individual,3:69049212,3,69049212,2.809605e-09,SORBI_3003G373600,0.522734
13S-HOTrE,LIN,individual,3:69048778,3,69048778,2.809605e-09,SORBI_3003G372750,0.516411
13S-HOTrE,LIN,individual,3:69049212,3,69049212,2.809605e-09,SORBI_3003G372750,0.516411
13S-HOTrE,LIN,individual,3:69048778,3,69048778,2.809605e-09,SORBI_3003G373500,0.515333
13S-HOTrE,LIN,individual,3:69049212,3,69049212,2.809605e-09,SORBI_3003G373500,0.515333
13S-HOTrE,LIN,individual,3:69048778,3,69048778,2.809605e-09,SORBI_3003G372800,0.511991
13S-HOTrE,LIN,individual,3:69048778,3,69048778,2.809605e-09,SORBI_3003G372850,0.511991
13S-HOTrE,LIN,individual,3:69049212,3,69049212,2.809605e-09,SORBI_3003G372800,0.511991
13S-HOTrE,LIN,individual,3:69049212,3,69049212,2.809605e-09,SORBI_3003G372850,0.511991
13S-HOTrE,LIN,individual,3:69048778,3,69048778,2.809605e-09,SORBI_3003G373600,0.510039
13S-HOTrE,LIN,individual,3:69049212,3,69049212,2.809605e-09,SORBI_3003G373600,0.510039
13S-HOTrE,LIN,individual,3:69048778,3,69048778,2.809605e-09,SORBI_3003G373500,0.508299
13S-HOTrE,LIN,individual,3:69049212,3,69049212,2.809605e-09,SORBI_3003G373500,0.508299
13S-HOTrE,LIN,individual,3:69048778,3,69048778,2.809605e-09,SORBI_3003G374700,0.48588
13S-HOTrE,LIN,individual,3:69049212,3,69049212,2.809605e-09,SORBI_3003G374700,0.48588
13S-HOTrE,LIN,individual,3:69048778,3,69048778,2.809605e-09,SORBI_3003G376800,0.484689
13S-HOTrE,LIN,individual,3:69049212,3,69049212,2.809605e-09,SORBI_3003G376800,0.484689
13S-HOTrE,LIN,individual,3:69048778,3,69048778,2.809605e-09,SORBI_3003G376800,0.477863
13S-HOTrE,LIN,individual,3:69049212,3,69049212,2.809605e-09,SORBI_3003G376800,0.477863
13S-HOTrE,LIN,individual,3:69048778,3,69048778,2.809605e-09,SORBI_3003G373100,0.450938
13S-HOTrE,LIN,individual,3:69049212,3,69049212,2.809605e-09,SORBI_3003G373100,0.450938
13S-HOTrE,LIN,individual,3:69048778,3,69048778,2.809605e-09,SORBI_3003G373100,0.4384
13S-HOTrE,LIN,individual,3:69049212,3,69049212,2.809605e-09,SORBI_3003G373100,0.4384
13S-HOTrE,LIN,individual,3:69048778,3,69048778,2.809605e-09,SORBI_3003G373000,0.431163
13S-HOTrE,LIN,individual,3:69049212,3,69049212,2.809605e-09,SORBI_3003G373000,0.431163
13S-HOTrE,LIN,individual,3:69048778,3,69048778,2.809605e-09,SORBI_3003G374700,0.428886
13S-HOTrE,LIN,individual,3:69049212,3,69049212,2.809605e-09,SORBI_3003G374700,0.428886
13S-HOTrE,LIN,individual,3:69048778,3,69048778,2.809605e-09,SORBI_3003G373100,0.425887
13S-HOTrE,LIN,individual,3:69049212,3,69049212,2.809605e-09,SORBI_3003G373100,0.425887
13S-HOTrE,LIN,individual,3:69048778,3,69048778,2.809605e-09,SORBI_3003G376000,0.406918
13S-HOTrE,LIN,individual,3:69049212,3,69049212,2.809605e-09,SORBI_3003G376000,0.406918
13S-HOTrE,LIN,individual,9:46986997,9,46986997,3.154142e-09,SORBI_3009G119700,0.92337
13S-HOTrE,LIN,individual,9:46986997,9,46986997,3.154142e-09,SORBI_3009G119700,0.911099
13S-HOTrE,LIN,individual,9:46986997,9,46986997,3.154142e-09,SORBI_3009G119800,0.894535
13S-HOTrE,LIN,individual,9:46986997,9,46986997,3.154142e-09,SORBI_3009G119700,0.875763
13S-HOTrE,LIN,individual,9:46986997,9,46986997,3.154142e-09,SORBI_3009G119700,0.8729
13S-HOTrE,LIN,individual,9:46986997,9,46986997,3.154142e-09,SORBI_3009G119800,0.8729
13S-HOTrE,LIN,individual,9:46986997,9,46986997,3.154142e-09,SORBI_3009G119700,0.866377
13S-HOTrE,LIN,individual,9:46986997,9,46986997,3.154142e-09,SORBI_3009G119700,0.861299
13S-HOTrE,LIN,individual,9:46986997,9,46986997,3.154142e-09,SORBI_3009G119800,0.861299
13S-HOTrE,LIN,individual,9:46986997,9,46986997,3.154142e-09,SORBI_3009G119700,0.85499
13S-HOTrE,LIN,individual,9:46986997,9,46986997,3.154142e-09,SORBI_3009G119501,0.835603
13S-HOTrE,LIN,individual,9:46986997,9,46986997,3.154142e-09,SORBI_3009G119700,0.83365
13S-HOTrE,LIN,individual,9:46986997,9,46986997,3.154142e-09,SORBI_3009G119501,0.812166
13S-HOTrE,LIN,individual,9:46986997,9,46986997,3.154142e-09,SORBI_3009G119501,0.780642
13S-HOTrE,LIN,individual,9:46986997,9,46986997,3.154142e-09,SORBI_3009G119400,0.754982
13S-HOTrE,LIN,individual,9:46986997,9,46986997,3.154142e-09,SORBI_3009G119700,0.75
13S-HOTrE,LIN,individual,9:46986997,9,46986997,3.154142e-09,SORBI_3009G119300,0.714075
13S-HOTrE,LIN,individual,9:46986997,9,46986997,3.154142e-09,SORBI_3009G119400,0.677305
13S-HOTrE,LIN,individual,9:46986997,9,46986997,3.154142e-09,SORBI_3009G119600,0.596308
13S-HOTrE,LIN,individual,3:69040274,3,69040274,3.163124e-09,SORBI_3003G375900,0.951523
13S-HOTrE,LIN,individual,3:69040274,3,69040274,3.163124e-09,SORBI_3003G375900,0.941867
13S-HOTrE,LIN,individual,3:69040274,3,69040274,3.163124e-09,SORBI_3003G375900,0.931895
13S-HOTrE,LIN,individual,3:69040274,3,69040274,3.163124e-09,SORBI_3003G375900,0.931716
13S-HOTrE,LIN,individual,3:69040274,3,69040274,3.163124e-09,SORBI_3003G375900,0.9223
13S-HOTrE,LIN,individual,3:69040274,3,69040274,3.163124e-09,SORBI_3003G375800,0.903145
13S-HOTrE,LIN,individual,3:69040274,3,69040274,3.163124e-09,SORBI_3003G375800,0.893215
13S-HOTrE,LIN,individual,3:69040274,3,69040274,3.163124e-09,SORBI_3003G375500,0.81381
13S-HOTrE,LIN,individual,3:69040274,3,69040274,3.163124e-09,SORBI_3003G375300,0.80185
13S-HOTrE,LIN,individual,3:69040274,3,69040274,3.163124e-09,SORBI_3003G375900,0.80185
13S-HOTrE,LIN,individual,3:69040274,3,69040274,3.163124e-09,SORBI_3003G375400,0.790317
13S-HOTrE,LIN,individual,3:69040274,3,69040274,3.163124e-09,SORBI_3003G375500,0.790317
13S-HOTrE,LIN,individual,3:69040274,3,69040274,3.163124e-09,SORBI_3003G375400,0.778872
13S-HOTrE,LIN,individual,3:69040274,3,69040274,3.163124e-09,SORBI_3003G376000,0.752318
13S-HOTrE,LIN,individual,3:69040274,3,69040274,3.163124e-09,SORBI_3003G373900,0.714561
13S-HOTrE,LIN,individual,3:69040274,3,69040274,3.163124e-09,SORBI_3003G374000,0.67702
13S-HOTrE,LIN,individual,3:69040274,3,69040274,3.163124e-09,SORBI_3003G374100,0.66553
13S-HOTrE,LIN,individual,3:69040274,3,69040274,3.163124e-09,SORBI_3003G376000,0.664458
13S-HOTrE,LIN,individual,3:69040274,3,69040274,3.163124e-09,SORBI_3003G375900,0.643717
13S-HOTrE,LIN,individual,3:69040274,3,69040274,3.163124e-09,SORBI_3003G374100,0.639694
13S-HOTrE,LIN,individual,3:69040274,3,69040274,3.163124e-09,SORBI_3003G374200,0.639694
13S-HOTrE,LIN,individual,3:69040274,3,69040274,3.163124e-09,SORBI_3003G375700,0.634765
13S-HOTrE,LIN,individual,3:69040274,3,69040274,3.163124e-09,SORBI_3003G374000,0.633429
13S-HOTrE,LIN,individual,3:69040274,3,69040274,3.163124e-09,SORBI_3003G374200,0.629199
13S-HOTrE,LIN,individual,3:69040274,3,69040274,3.163124e-09,SORBI_3003G374200,0.61887
13S-HOTrE,LIN,individual,3:69040274,3,69040274,3.163124e-09,SORBI_3003G375700,0.611142
13S-HOTrE,LIN,individual,3:69040274,3,69040274,3.163124e-09,SORBI_3003G375700,0.608318
13S-HOTrE,LIN,individual,3:69040274,3,69040274,3.163124e-09,SORBI_3003G374500,0.599517
13S-HOTrE,LIN,individual,3:69040274,3,69040274,3.163124e-09,SORBI_3003G374600,0.598104
13S-HOTrE,LIN,individual,3:69040274,3,69040274,3.163124e-09,SORBI_3003G373500,0.582591
13S-HOTrE,LIN,individual,3:69040274,3,69040274,3.163124e-09,SORBI_3003G374600,0.578084
13S-HOTrE,LIN,individual,3:69040274,3,69040274,3.163124e-09,SORBI_3003G374700,0.578084
13S-HOTrE,LIN,individual,3:69040274,3,69040274,3.163124e-09,SORBI_3003G375000,0.578084
13S-HOTrE,LIN,individual,3:69040274,3,69040274,3.163124e-09,SORBI_3003G375200,0.578084
13S-HOTrE,LIN,individual,3:69040274,3,69040274,3.163124e-09,SORBI_3003G375200,0.57531
13S-HOTrE,LIN,individual,3:69040274,3,69040274,3.163124e-09,SORBI_3003G375200,0.570772
13S-HOTrE,LIN,individual,3:69040274,3,69040274,3.163124e-09,SORBI_3003G375200,0.566537
13S-HOTrE,LIN,individual,3:69040274,3,69040274,3.163124e-09,SORBI_3003G374500,0.555071
13S-HOTrE,LIN,individual,3:69040274,3,69040274,3.163124e-09,SORBI_3003G373600,0.551822
13S-HOTrE,LIN,individual,3:69040274,3,69040274,3.163124e-09,SORBI_3003G374850,0.551132
13S-HOTrE,LIN,individual,3:69040274,3,69040274,3.163124e-09,SORBI_3003G373600,0.539377
13S-HOTrE,LIN,individual,3:69040274,3,69040274,3.163124e-09,SORBI_3003G373500,0.531031
13S-HOTrE,LIN,individual,3:69040274,3,69040274,3.163124e-09,SORBI_3003G373600,0.52696
13S-HOTrE,LIN,individual,3:69040274,3,69040274,3.163124e-09,SORBI_3003G373500,0.522441
13S-HOTrE,LIN,individual,3:69040274,3,69040274,3.163124e-09,SORBI_3003G376000,0.509779
13S-HOTrE,LIN,individual,3:69040274,3,69040274,3.163124e-09,SORBI_3003G374700,0.503453
13S-HOTrE,LIN,individual,3:69040274,3,69040274,3.163124e-09,SORBI_3003G372700,0.469872
13S-HOTrE,LIN,individual,3:69040274,3,69040274,3.163124e-09,SORBI_3003G372800,0.469872
13S-HOTrE,LIN,individual,3:69040274,3,69040274,3.163124e-09,SORBI_3003G372850,0.469872
13S-HOTrE,LIN,individual,3:69040274,3,69040274,3.163124e-09,SORBI_3003G373100,0.468703
13S-HOTrE,LIN,individual,3:69040274,3,69040274,3.163124e-09,SORBI_3003G373100,0.456442
13S-HOTrE,LIN,individual,3:69040274,3,69040274,3.163124e-09,SORBI_3003G372750,0.452029
13S-HOTrE,LIN,individual,3:69040274,3,69040274,3.163124e-09,SORBI_3003G376800,0.444527
13S-HOTrE,LIN,individual,3:69040274,3,69040274,3.163124e-09,SORBI_3003G374700,0.444276
13S-HOTrE,LIN,individual,3:69040274,3,69040274,3.163124e-09,SORBI_3003G373100,0.444208
13S-HOTrE,LIN,individual,3:69040274,3,69040274,3.163124e-09,SORBI_3003G376800,0.438125
13S-HOTrE,LIN,individual,3:69040274,3,69040274,3.163124e-09,SORBI_3003G374400,0.410081
13S-HOTrE,LIN,individual,3:69049332,3,69049332,3.246673e-09,SORBI_3003G375900,0.920975
13S-HOTrE,LIN,individual,3:69049332,3,69049332,3.246673e-09,SORBI_3003G375900,0.911765
13S-HOTrE,LIN,individual,3:69049332,3,69049332,3.246673e-09,SORBI_3003G375900,0.909744
13S-HOTrE,LIN,individual,3:69049332,3,69049332,3.246673e-09,SORBI_3003G375900,0.900369
13S-HOTrE,LIN,individual,3:69049332,3,69049332,3.246673e-09,SORBI_3003G375900,0.889122
13S-HOTrE,LIN,individual,3:69049332,3,69049332,3.246673e-09,SORBI_3003G375800,0.880188
13S-HOTrE,LIN,individual,3:69049332,3,69049332,3.246673e-09,SORBI_3003G375800,0.86898
13S-HOTrE,LIN,individual,3:69049332,3,69049332,3.246673e-09,SORBI_3003G375900,0.781413
13S-HOTrE,LIN,individual,3:69049332,3,69049332,3.246673e-09,SORBI_3003G376000,0.724573
13S-HOTrE,LIN,individual,3:69049332,3,69049332,3.246673e-09,SORBI_3003G375500,0.721679
13S-HOTrE,LIN,individual,3:69049332,3,69049332,3.246673e-09,SORBI_3003G375300,0.713623
13S-HOTrE,LIN,individual,3:69049332,3,69049332,3.246673e-09,SORBI_3003G375400,0.700734
13S-HOTrE,LIN,individual,3:69049332,3,69049332,3.246673e-09,SORBI_3003G375500,0.700734
13S-HOTrE,LIN,individual,3:69049332,3,69049332,3.246673e-09,SORBI_3003G375400,0.687897
13S-HOTrE,LIN,individual,3:69049332,3,69049332,3.246673e-09,SORBI_3003G376000,0.642552
13S-HOTrE,LIN,individual,3:69049332,3,69049332,3.246673e-09,SORBI_3003G375900,0.628288
13S-HOTrE,LIN,individual,3:69049332,3,69049332,3.246673e-09,SORBI_3003G373900,0.614593
13S-HOTrE,LIN,individual,3:69049332,3,69049332,3.246673e-09,SORBI_3003G375700,0.584954
13S-HOTrE,LIN,individual,3:69049332,3,69049332,3.246673e-09,SORBI_3003G375700,0.583219
13S-HOTrE,LIN,individual,3:69049332,3,69049332,3.246673e-09,SORBI_3003G374000,0.575968
13S-HOTrE,LIN,individual,3:69049332,3,69049332,3.246673e-09,SORBI_3003G375700,0.567605
13S-HOTrE,LIN,individual,3:69049332,3,69049332,3.246673e-09,SORBI_3003G374100,0.559538
13S-HOTrE,LIN,individual,3:69049332,3,69049332,3.246673e-09,SORBI_3003G374200,0.542313
13S-HOTrE,LIN,individual,3:69049332,3,69049332,3.246673e-09,SORBI_3003G374100,0.537647
13S-HOTrE,LIN,individual,3:69049332,3,69049332,3.246673e-09,SORBI_3003G374200,0.537647
13S-HOTrE,LIN,individual,3:69049332,3,69049332,3.246673e-09,SORBI_3003G374000,0.535393
13S-HOTrE,LIN,individual,3:69049332,3,69049332,3.246673e-09,SORBI_3003G374200,0.530223
13S-HOTrE,LIN,individual,3:69049332,3,69049332,3.246673e-09,SORBI_3003G374500,0.503401
13S-HOTrE,LIN,individual,3:69049332,3,69049332,3.246673e-09,SORBI_3003G373500,0.495901
13S-HOTrE,LIN,individual,3:69049332,3,69049332,3.246673e-09,SORBI_3003G374500,0.490693
13S-HOTrE,LIN,individual,3:69049332,3,69049332,3.246673e-09,SORBI_3003G374600,0.49009
13S-HOTrE,LIN,individual,3:69049332,3,69049332,3.246673e-09,SORBI_3003G376000,0.489491
13S-HOTrE,LIN,individual,3:69049332,3,69049332,3.246673e-09,SORBI_3003G374600,0.485249
13S-HOTrE,LIN,individual,3:69049332,3,69049332,3.246673e-09,SORBI_3003G374700,0.485249
13S-HOTrE,LIN,individual,3:69049332,3,69049332,3.246673e-09,SORBI_3003G375000,0.485249
13S-HOTrE,LIN,individual,3:69049332,3,69049332,3.246673e-09,SORBI_3003G375200,0.485249
13S-HOTrE,LIN,individual,3:69049332,3,69049332,3.246673e-09,SORBI_3003G375200,0.478958
13S-HOTrE,LIN,individual,3:69049332,3,69049332,3.246673e-09,SORBI_3003G373600,0.473216
13S-HOTrE,LIN,individual,3:69049332,3,69049332,3.246673e-09,SORBI_3003G375200,0.472394
13S-HOTrE,LIN,individual,3:69049332,3,69049332,3.246673e-09,SORBI_3003G375200,0.466048
13S-HOTrE,LIN,individual,3:69049332,3,69049332,3.246673e-09,SORBI_3003G374850,0.462328
13S-HOTrE,LIN,individual,3:69049332,3,69049332,3.246673e-09,SORBI_3003G373600,0.459993
13S-HOTrE,LIN,individual,3:69049332,3,69049332,3.246673e-09,SORBI_3003G373500,0.455156
13S-HOTrE,LIN,individual,3:69049332,3,69049332,3.246673e-09,SORBI_3003G373500,0.451931
13S-HOTrE,LIN,individual,3:69049332,3,69049332,3.246673e-09,SORBI_3003G373600,0.446794
13S-HOTrE,LIN,individual,3:69049332,3,69049332,3.246673e-09,SORBI_3003G372750,0.437768
13S-HOTrE,LIN,individual,3:69049332,3,69049332,3.246673e-09,SORBI_3003G372800,0.435861
13S-HOTrE,LIN,individual,3:69049332,3,69049332,3.246673e-09,SORBI_3003G372850,0.435861
13S-HOTrE,LIN,individual,3:69049332,3,69049332,3.246673e-09,SORBI_3003G374700,0.421783
13S-HOTrE,LIN,individual,3:69049332,3,69049332,3.246673e-09,SORBI_3003G376800,0.41224
13S-HOTrE,LIN,individual,3:69049332,3,69049332,3.246673e-09,SORBI_3003G376800,0.406246
13S-HOTrE,LIN,individual,1:16740319,1,16740319,3.269449e-09,SORBI_3001G189300,1
13S-HOTrE,LIN,individual,1:16740319,1,16740319,3.269449e-09,SORBI_3001G189300,1
13S-HOTrE,LIN,individual,1:16740319,1,16740319,3.269449e-09,SORBI_3001G189400,0.964061
13S-HOTrE,LIN,individual,1:16740319,1,16740319,3.269449e-09,SORBI_3001G189300,0.95505
13S-HOTrE,LIN,individual,1:16740319,1,16740319,3.269449e-09,SORBI_3001G189300,0.947127
13S-HOTrE,LIN,individual,1:16740319,1,16740319,3.269449e-09,SORBI_3001G189300,0.937625
13S-HOTrE,LIN,individual,1:16740319,1,16740319,3.269449e-09,SORBI_3001G189300,0.932432
13S-HOTrE,LIN,individual,1:16740319,1,16740319,3.269449e-09,SORBI_3001G189300,0.928265
13S-HOTrE,LIN,individual,1:16740319,1,16740319,3.269449e-09,SORBI_3001G189300,0.922457
13S-HOTrE,LIN,individual,1:16740319,1,16740319,3.269449e-09,SORBI_3001G189300,0.916861
13S-HOTrE,LIN,individual,1:16740319,1,16740319,3.269449e-09,SORBI_3001G189300,0.914486
13S-HOTrE,LIN,individual,1:16740319,1,16740319,3.269449e-09,SORBI_3001G189300,0.912595
13S-HOTrE,LIN,individual,1:16740319,1,16740319,3.269449e-09,SORBI_3001G189300,0.907019
13S-HOTrE,LIN,individual,1:16740319,1,16740319,3.269449e-09,SORBI_3001G189300,0.906651
13S-HOTrE,LIN,individual,1:16740319,1,16740319,3.269449e-09,SORBI_3001G189300,0.904498
13S-HOTrE,LIN,individual,1:16740319,1,16740319,3.269449e-09,SORBI_3001G189300,0.902853
13S-HOTrE,LIN,individual,1:16740319,1,16740319,3.269449e-09,SORBI_3001G189300,0.901577
13S-HOTrE,LIN,individual,1:16740319,1,16740319,3.269449e-09,SORBI_3001G189300,0.897044
13S-HOTrE,LIN,individual,1:16740319,1,16740319,3.269449e-09,SORBI_3001G189600,0.896569
13S-HOTrE,LIN,individual,1:16740319,1,16740319,3.269449e-09,SORBI_3001G189300,0.896542
13S-HOTrE,LIN,individual,1:16740319,1,16740319,3.269449e-09,SORBI_3001G189300,0.894624
13S-HOTrE,LIN,individual,1:16740319,1,16740319,3.269449e-09,SORBI_3001G189300,0.884871
13S-HOTrE,LIN,individual,1:16740319,1,16740319,3.269449e-09,SORBI_3001G189300,0.873645
13S-HOTrE,LIN,individual,1:16740319,1,16740319,3.269449e-09,SORBI_3001G189300,0.872817
13S-HOTrE,LIN,individual,1:16740319,1,16740319,3.269449e-09,SORBI_3001G187500,0.796899
13S-HOTrE,LIN,individual,1:16740319,1,16740319,3.269449e-09,SORBI_3001G187600,0.784912
13S-HOTrE,LIN,individual,1:16740319,1,16740319,3.269449e-09,SORBI_3001G187500,0.780204
13S-HOTrE,LIN,individual,1:16740319,1,16740319,3.269449e-09,SORBI_3001G187500,0.779238
13S-HOTrE,LIN,individual,1:16740319,1,16740319,3.269449e-09,SORBI_3001G187500,0.776641
13S-HOTrE,LIN,individual,1:16740319,1,16740319,3.269449e-09,SORBI_3001G187500,0.77369
13S-HOTrE,LIN,individual,1:16740319,1,16740319,3.269449e-09,SORBI_3001G187500,0.767121
13S-HOTrE,LIN,individual,1:16740319,1,16740319,3.269449e-09,SORBI_3001G187500,0.766674
13S-HOTrE,LIN,individual,1:16740319,1,16740319,3.269449e-09,SORBI_3001G187500,0.757502
13S-HOTrE,LIN,individual,1:16740319,1,16740319,3.269449e-09,SORBI_3001G187500,0.750481
13S-HOTrE,LIN,individual,1:16740319,1,16740319,3.269449e-09,SORBI_3001G187500,0.746621
13S-HOTrE,LIN,individual,1:16740319,1,16740319,3.269449e-09,SORBI_3001G187500,0.746544
13S-HOTrE,LIN,individual,1:16740319,1,16740319,3.269449e-09,SORBI_3001G187500,0.746374
13S-HOTrE,LIN,individual,1:16740319,1,16740319,3.269449e-09,SORBI_3001G187500,0.746105
13S-HOTrE,LIN,individual,1:16740319,1,16740319,3.269449e-09,SORBI_3001G187500,0.746022
13S-HOTrE,LIN,individual,1:16740319,1,16740319,3.269449e-09,SORBI_3001G187800,0.739053
13S-HOTrE,LIN,individual,1:16740319,1,16740319,3.269449e-09,SORBI_3001G187500,0.734656
13S-HOTrE,LIN,individual,1:16740319,1,16740319,3.269449e-09,SORBI_3001G187800,0.727892
13S-HOTrE,LIN,individual,1:16740319,1,16740319,3.269449e-09,SORBI_3001G187500,0.726104
13S-HOTrE,LIN,individual,1:16740319,1,16740319,3.269449e-09,SORBI_3001G189300,0.716731
13S-HOTrE,LIN,individual,1:16740319,1,16740319,3.269449e-09,SORBI_3001G188800,0.7041
13S-HOTrE,LIN,individual,1:16740319,1,16740319,3.269449e-09,SORBI_3001G188900,0.7041
13S-HOTrE,LIN,individual,1:16740319,1,16740319,3.269449e-09,SORBI_3001G187500,0.701332
13S-HOTrE,LIN,individual,1:16740319,1,16740319,3.269449e-09,SORBI_3001G188900,0.692558
13S-HOTrE,LIN,individual,1:16740319,1,16740319,3.269449e-09,SORBI_3001G188900,0.692312
13S-HOTrE,LIN,individual,1:16740319,1,16740319,3.269449e-09,SORBI_3001G189000,0.68703
13S-HOTrE,LIN,individual,1:16740319,1,16740319,3.269449e-09,SORBI_3001G188900,0.686495
13S-HOTrE,LIN,individual,1:16740319,1,16740319,3.269449e-09,SORBI_3001G188900,0.681049
13S-HOTrE,LIN,individual,1:16740319,1,16740319,3.269449e-09,SORBI_3001G188900,0.675477
13S-HOTrE,LIN,individual,1:16740319,1,16740319,3.269449e-09,SORBI_3001G188900,0.675162
13S-HOTrE,LIN,individual,1:16740319,1,16740319,3.269449e-09,SORBI_3001G188900,0.669573
13S-HOTrE,LIN,individual,1:16740319,1,16740319,3.269449e-09,SORBI_3001G188900,0.66459
13S-HOTrE,LIN,individual,1:16740319,1,16740319,3.269449e-09,SORBI_3001G188900,0.663955
13S-HOTrE,LIN,individual,1:16740319,1,16740319,3.269449e-09,SORBI_3001G187800,0.663561
13S-HOTrE,LIN,individual,1:16740319,1,16740319,3.269449e-09,SORBI_3001G188900,0.662797
13S-HOTrE,LIN,individual,1:16740319,1,16740319,3.269449e-09,SORBI_3001G188100,0.660851
13S-HOTrE,LIN,individual,1:16740319,1,16740319,3.269449e-09,SORBI_3001G188900,0.659607
13S-HOTrE,LIN,individual,1:16740319,1,16740319,3.269449e-09,SORBI_3001G188900,0.65434
13S-HOTrE,LIN,individual,1:16740319,1,16740319,3.269449e-09,SORBI_3001G188900,0.652019
13S-HOTrE,LIN,individual,1:16740319,1,16740319,3.269449e-09,SORBI_3001G188900,0.651056
13S-HOTrE,LIN,individual,1:16740319,1,16740319,3.269449e-09,SORBI_3001G187800,0.647129
13S-HOTrE,LIN,individual,1:16740319,1,16740319,3.269449e-09,SORBI_3001G187800,0.644748
13S-HOTrE,LIN,individual,1:16740319,1,16740319,3.269449e-09,SORBI_3001G188900,0.642703
13S-HOTrE,LIN,individual,1:16740319,1,16740319,3.269449e-09,SORBI_3001G187800,0.635628
13S-HOTrE,LIN,individual,1:16740319,1,16740319,3.269449e-09,SORBI_3001G189000,0.619513
13S-HOTrE,LIN,individual,1:16740319,1,16740319,3.269449e-09,SORBI_3001G189300,0.617613
13S-HOTrE,LIN,individual,1:16740319,1,16740319,3.269449e-09,SORBI_3001G189300,0.609815
13S-HOTrE,LIN,individual,1:16740319,1,16740319,3.269449e-09,SORBI_3001G189300,0.607763
13S-HOTrE,LIN,individual,1:16740319,1,16740319,3.269449e-09,SORBI_3001G187800,0.60621
13S-HOTrE,LIN,individual,1:16740319,1,16740319,3.269449e-09,SORBI_3001G188700,0.604904
13S-HOTrE,LIN,individual,1:16740319,1,16740319,3.269449e-09,SORBI_3001G188700,0.604159
13S-HOTrE,LIN,individual,1:16740319,1,16740319,3.269449e-09,SORBI_3001G188700,0.599975
13S-HOTrE,LIN,individual,1:16740319,1,16740319,3.269449e-09,SORBI_3001G188900,0.596436
13S-HOTrE,LIN,individual,1:16740319,1,16740319,3.269449e-09,SORBI_3001G188700,0.59305
13S-HOTrE,LIN,individual,1:16740319,1,16740319,3.269449e-09,SORBI_3001G188700,0.592283
13S-HOTrE,LIN,individual,1:16740319,1,16740319,3.269449e-09,SORBI_3001G188700,0.591994
13S-HOTrE,LIN,individual,1:16740319,1,16740319,3.269449e-09,SORBI_3001G187800,0.591937
13S-HOTrE,LIN,individual,1:16740319,1,16740319,3.269449e-09,SORBI_3001G188700,0.588086
13S-HOTrE,LIN,individual,1:16740319,1,16740319,3.269449e-09,SORBI_3001G187800,0.585093
13S-HOTrE,LIN,individual,1:16740319,1,16740319,3.269449e-09,SORBI_3001G189200,0.583653
13S-HOTrE,LIN,individual,1:16740319,1,16740319,3.269449e-09,SORBI_3001G188700,0.580429
13S-HOTrE,LIN,individual,1:16740319,1,16740319,3.269449e-09,SORBI_3001G189000,0.580214
13S-HOTrE,LIN,individual,1:16740319,1,16740319,3.269449e-09,SORBI_3001G188700,0.580127
13S-HOTrE,LIN,individual,1:16740319,1,16740319,3.269449e-09,SORBI_3001G188700,0.580043
13S-HOTrE,LIN,individual,1:16740319,1,16740319,3.269449e-09,SORBI_3001G188700,0.576352
13S-HOTrE,LIN,individual,1:16740319,1,16740319,3.269449e-09,SORBI_3001G188700,0.576074
13S-HOTrE,LIN,individual,1:16740319,1,16740319,3.269449e-09,SORBI_3001G189200,0.573802
13S-HOTrE,LIN,individual,1:16740319,1,16740319,3.269449e-09,SORBI_3001G187700,0.572074
13S-HOTrE,LIN,individual,1:16740319,1,16740319,3.269449e-09,SORBI_3001G189000,0.571388
13S-HOTrE,LIN,individual,1:16740319,1,16740319,3.269449e-09,SORBI_3001G188700,0.568282
13S-HOTrE,LIN,individual,1:16740319,1,16740319,3.269449e-09,SORBI_3001G189200,0.565889
13S-HOTrE,LIN,individual,1:16740319,1,16740319,3.269449e-09,SORBI_3001G189200,0.564075
13S-HOTrE,LIN,individual,1:16740319,1,16740319,3.269449e-09,SORBI_3001G189300,0.564075
13S-HOTrE,LIN,individual,1:16740319,1,16740319,3.269449e-09,SORBI_3001G189000,0.562941
13S-HOTrE,LIN,individual,1:16740319,1,16740319,3.269449e-09,SORBI_3001G189200,0.562941
13S-HOTrE,LIN,individual,1:16740319,1,16740319,3.269449e-09,SORBI_3001G187800,0.56254
13S-HOTrE,LIN,individual,1:16740319,1,16740319,3.269449e-09,SORBI_3001G188700,0.55646
13S-HOTrE,LIN,individual,1:16740319,1,16740319,3.269449e-09,SORBI_3001G189300,0.555744
13S-HOTrE,LIN,individual,1:16740319,1,16740319,3.269449e-09,SORBI_3001G189300,0.554485
13S-HOTrE,LIN,individual,1:16740319,1,16740319,3.269449e-09,SORBI_3001G189000,0.553316
13S-HOTrE,LIN,individual,1:16740319,1,16740319,3.269449e-09,SORBI_3001G189000,0.552686
13S-HOTrE,LIN,individual,1:16740319,1,16740319,3.269449e-09,SORBI_3001G188700,0.552387
13S-HOTrE,LIN,individual,1:16740319,1,16740319,3.269449e-09,SORBI_3001G189000,0.5499
13S-HOTrE,LIN,individual,1:16740319,1,16740319,3.269449e-09,SORBI_3001G189100,0.5499
13S-HOTrE,LIN,individual,1:16740319,1,16740319,3.269449e-09,SORBI_3001G189200,0.5499
13S-HOTrE,LIN,individual,1:16740319,1,16740319,3.269449e-09,SORBI_3001G189000,0.549466
13S-HOTrE,LIN,individual,1:16740319,1,16740319,3.269449e-09,SORBI_3001G189000,0.548541
13S-HOTrE,LIN,individual,1:16740319,1,16740319,3.269449e-09,SORBI_3001G189000,0.548401
13S-HOTrE,LIN,individual,1:16740319,1,16740319,3.269449e-09,SORBI_3001G188700,0.544659
13S-HOTrE,LIN,individual,1:16740319,1,16740319,3.269449e-09,SORBI_3001G188400,0.542172
13S-HOTrE,LIN,individual,1:16740319,1,16740319,3.269449e-09,SORBI_3001G188500,0.542172
13S-HOTrE,LIN,individual,1:16740319,1,16740319,3.269449e-09,SORBI_3001G188700,0.542172
13S-HOTrE,LIN,individual,1:16740319,1,16740319,3.269449e-09,SORBI_3001G189000,0.542172
13S-HOTrE,LIN,individual,1:16740319,1,16740319,3.269449e-09,SORBI_3001G189100,0.542172
13S-HOTrE,LIN,individual,1:16740319,1,16740319,3.269449e-09,SORBI_3001G189200,0.542172
13S-HOTrE,LIN,individual,1:16740319,1,16740319,3.269449e-09,SORBI_3001G188700,0.540577
13S-HOTrE,LIN,individual,1:16740319,1,16740319,3.269449e-09,SORBI_3001G189000,0.540045
13S-HOTrE,LIN,individual,1:16740319,1,16740319,3.269449e-09,SORBI_3001G189100,0.540045
13S-HOTrE,LIN,individual,1:16740319,1,16740319,3.269449e-09,SORBI_3001G189200,0.540045
13S-HOTrE,LIN,individual,1:16740319,1,16740319,3.269449e-09,SORBI_3001G187800,0.539704
13S-HOTrE,LIN,individual,1:16740319,1,16740319,3.269449e-09,SORBI_3001G189000,0.538108
13S-HOTrE,LIN,individual,1:16740319,1,16740319,3.269449e-09,SORBI_3001G188700,0.535833
13S-HOTrE,LIN,individual,1:16740319,1,16740319,3.269449e-09,SORBI_3001G188900,0.534631
13S-HOTrE,LIN,individual,1:16740319,1,16740319,3.269449e-09,SORBI_3001G188700,0.53288
13S-HOTrE,LIN,individual,1:16740319,1,16740319,3.269449e-09,SORBI_3001G188500,0.532168
13S-HOTrE,LIN,individual,1:16740319,1,16740319,3.269449e-09,SORBI_3001G188900,0.532168
13S-HOTrE,LIN,individual,1:16740319,1,16740319,3.269449e-09,SORBI_3001G189000,0.532168
13S-HOTrE,LIN,individual,1:16740319,1,16740319,3.269449e-09,SORBI_3001G189200,0.532168
13S-HOTrE,LIN,individual,1:16740319,1,16740319,3.269449e-09,SORBI_3001G189100,0.530314
13S-HOTrE,LIN,individual,1:16740319,1,16740319,3.269449e-09,SORBI_3001G189000,0.529988
13S-HOTrE,LIN,individual,1:16740319,1,16740319,3.269449e-09,SORBI_3001G189000,0.529825
13S-HOTrE,LIN,individual,1:16740319,1,16740319,3.269449e-09,SORBI_3001G189000,0.529328
13S-HOTrE,LIN,individual,1:16740319,1,16740319,3.269449e-09,SORBI_3001G189000,0.527187
13S-HOTrE,LIN,individual,1:16740319,1,16740319,3.269449e-09,SORBI_3001G190900,0.525774
13S-HOTrE,LIN,individual,1:16740319,1,16740319,3.269449e-09,SORBI_3001G189000,0.524422
13S-HOTrE,LIN,individual,1:16740319,1,16740319,3.269449e-09,SORBI_3001G188700,0.52317
13S-HOTrE,LIN,individual,1:16740319,1,16740319,3.269449e-09,SORBI_3001G188400,0.522278
13S-HOTrE,LIN,individual,1:16740319,1,16740319,3.269449e-09,SORBI_3001G188500,0.522278
13S-HOTrE,LIN,individual,1:16740319,1,16740319,3.269449e-09,SORBI_3001G189100,0.522278
13S-HOTrE,LIN,individual,1:16740319,1,16740319,3.269449e-09,SORBI_3001G188400,0.521773
13S-HOTrE,LIN,individual,1:16740319,1,16740319,3.269449e-09,SORBI_3001G188500,0.521773
13S-HOTrE,LIN,individual,1:16740319,1,16740319,3.269449e-09,SORBI_3001G188600,0.521773
13S-HOTrE,LIN,individual,1:16740319,1,16740319,3.269449e-09,SORBI_3001G188700,0.521773
13S-HOTrE,LIN,individual,1:16740319,1,16740319,3.269449e-09,SORBI_3001G188900,0.521773
13S-HOTrE,LIN,individual,1:16740319,1,16740319,3.269449e-09,SORBI_3001G189000,0.521556
13S-HOTrE,LIN,individual,1:16740319,1,16740319,3.269449e-09,SORBI_3001G189000,0.51694
13S-HOTrE,LIN,individual,1:16740319,1,16740319,3.269449e-09,SORBI_3001G188400,0.514708
13S-HOTrE,LIN,individual,1:16740319,1,16740319,3.269449e-09,SORBI_3001G188500,0.514708
13S-HOTrE,LIN,individual,1:16740319,1,16740319,3.269449e-09,SORBI_3001G188800,0.514708
13S-HOTrE,LIN,individual,1:16740319,1,16740319,3.269449e-09,SORBI_3001G188900,0.514708
13S-HOTrE,LIN,individual,1:16740319,1,16740319,3.269449e-09,SORBI_3001G188500,0.51445
13S-HOTrE,LIN,individual,1:16740319,1,16740319,3.269449e-09,SORBI_3001G188500,0.512513
13S-HOTrE,LIN,individual,1:16740319,1,16740319,3.269449e-09,SORBI_3001G188900,0.512513
13S-HOTrE,LIN,individual,1:16740319,1,16740319,3.269449e-09,SORBI_3001G188400,0.511438
13S-HOTrE,LIN,individual,1:16740319,1,16740319,3.269449e-09,SORBI_3001G188500,0.511438
13S-HOTrE,LIN,individual,1:16740319,1,16740319,3.269449e-09,SORBI_3001G188600,0.511438
13S-HOTrE,LIN,individual,1:16740319,1,16740319,3.269449e-09,SORBI_3001G188700,0.511438
13S-HOTrE,LIN,individual,1:16740319,1,16740319,3.269449e-09,SORBI_3001G188900,0.511438
13S-HOTrE,LIN,individual,1:16740319,1,16740319,3.269449e-09,SORBI_3001G189000,0.511438
13S-HOTrE,LIN,individual,1:16740319,1,16740319,3.269449e-09,SORBI_3001G188800,0.511371
13S-HOTrE,LIN,individual,1:16740319,1,16740319,3.269449e-09,SORBI_3001G187600,0.510338
13S-HOTrE,LIN,individual,1:16740319,1,16740319,3.269449e-09,SORBI_3001G190900,0.509617
13S-HOTrE,LIN,individual,1:16740319,1,16740319,3.269449e-09,SORBI_3001G187600,0.507663
13S-HOTrE,LIN,individual,1:16740319,1,16740319,3.269449e-09,SORBI_3001G188800,0.506573
13S-HOTrE,LIN,individual,1:16740319,1,16740319,3.269449e-09,SORBI_3001G188400,0.504525
13S-HOTrE,LIN,individual,1:16740319,1,16740319,3.269449e-09,SORBI_3001G188400,0.50426
13S-HOTrE,LIN,individual,1:16740319,1,16740319,3.269449e-09,SORBI_3001G188900,0.50426
13S-HOTrE,LIN,individual,1:16740319,1,16740319,3.269449e-09,SORBI_3001G190900,0.504011
13S-HOTrE,LIN,individual,1:16740319,1,16740319,3.269449e-09,SORBI_3001G190700,0.501461
13S-HOTrE,LIN,individual,1:16740319,1,16740319,3.269449e-09,SORBI_3001G188400,0.50119
13S-HOTrE,LIN,individual,1:16740319,1,16740319,3.269449e-09,SORBI_3001G188500,0.50119
13S-HOTrE,LIN,individual,1:16740319,1,16740319,3.269449e-09,SORBI_3001G188700,0.50119
13S-HOTrE,LIN,individual,1:16740319,1,16740319,3.269449e-09,SORBI_3001G188900,0.50119
13S-HOTrE,LIN,individual,1:16740319,1,16740319,3.269449e-09,SORBI_3001G188900,0.501065
13S-HOTrE,LIN,individual,1:16740319,1,16740319,3.269449e-09,SORBI_3001G187600,0.500991
13S-HOTrE,LIN,individual,1:16740319,1,16740319,3.269449e-09,SORBI_3001G187700,0.499038
13S-HOTrE,LIN,individual,1:16740319,1,16740319,3.269449e-09,SORBI_3001G190900,0.498431
13S-HOTrE,LIN,individual,1:16740319,1,16740319,3.269449e-09,SORBI_3001G190900,0.497647
13S-HOTrE,LIN,individual,1:16740319,1,16740319,3.269449e-09,SORBI_3001G188400,0.497255
13S-HOTrE,LIN,individual,1:16740319,1,16740319,3.269449e-09,SORBI_3001G190700,0.496477
13S-HOTrE,LIN,individual,1:16740319,1,16740319,3.269449e-09,SORBI_3001G188900,0.496094
13S-HOTrE,LIN,individual,1:16740319,1,16740319,3.269449e-09,SORBI_3001G188400,0.493891
13S-HOTrE,LIN,individual,1:16740319,1,16740319,3.269449e-09,SORBI_3001G188900,0.493891
13S-HOTrE,LIN,individual,1:16740319,1,16740319,3.269449e-09,SORBI_3001G188500,0.491034
13S-HOTrE,LIN,individual,1:16740319,1,16740319,3.269449e-09,SORBI_3001G188800,0.491034
13S-HOTrE,LIN,individual,1:16740319,1,16740319,3.269449e-09,SORBI_3001G188900,0.491034
13S-HOTrE,LIN,individual,1:16740319,1,16740319,3.269449e-09,SORBI_3001G189000,0.491034
13S-HOTrE,LIN,individual,1:16740319,1,16740319,3.269449e-09,SORBI_3001G187600,0.490341
13S-HOTrE,LIN,individual,1:16740319,1,16740319,3.269449e-09,SORBI_3001G188900,0.489609
13S-HOTrE,LIN,individual,1:16740319,1,16740319,3.269449e-09,SORBI_3001G187600,0.488033
13S-HOTrE,LIN,individual,1:16740319,1,16740319,3.269449e-09,SORBI_3001G188500,0.485868
13S-HOTrE,LIN,individual,1:16740319,1,16740319,3.269449e-09,SORBI_3001G188900,0.485868
13S-HOTrE,LIN,individual,1:16740319,1,16740319,3.269449e-09,SORBI_3001G190700,0.484942
13S-HOTrE,LIN,individual,1:16740319,1,16740319,3.269449e-09,SORBI_3001G188900,0.483606
13S-HOTrE,LIN,individual,1:16740319,1,16740319,3.269449e-09,SORBI_3001G190700,0.483035
13S-HOTrE,LIN,individual,1:16740319,1,16740319,3.269449e-09,SORBI_3001G187600,0.482955
13S-HOTrE,LIN,individual,1:16740319,1,16740319,3.269449e-09,SORBI_3001G187700,0.482955
13S-HOTrE,LIN,individual,1:16740319,1,16740319,3.269449e-09,SORBI_3001G188900,0.480981
13S-HOTrE,LIN,individual,1:16740319,1,16740319,3.269449e-09,SORBI_3001G189000,0.480981
13S-HOTrE,LIN,individual,1:16740319,1,16740319,3.269449e-09,SORBI_3001G190700,0.478643
13S-HOTrE,LIN,individual,1:16740319,1,16740319,3.269449e-09,SORBI_3001G188800,0.477832
13S-HOTrE,LIN,individual,1:16740319,1,16740319,3.269449e-09,SORBI_3001G187600,0.47733
13S-HOTrE,LIN,individual,1:16740319,1,16740319,3.269449e-09,SORBI_3001G187600,0.477068
13S-HOTrE,LIN,individual,1:16740319,1,16740319,3.269449e-09,SORBI_3001G190600,0.476345
13S-HOTrE,LIN,individual,1:16740319,1,16740319,3.269449e-09,SORBI_3001G187600,0.476156
13S-HOTrE,LIN,individual,1:16740319,1,16740319,3.269449e-09,SORBI_3001G188900,0.47308
13S-HOTrE,LIN,individual,1:16740319,1,16740319,3.269449e-09,SORBI_3001G188400,0.472558
13S-HOTrE,LIN,individual,1:16740319,1,16740319,3.269449e-09,SORBI_3001G187600,0.471829
13S-HOTrE,LIN,individual,1:16740319,1,16740319,3.269449e-09,SORBI_3001G187700,0.471829
13S-HOTrE,LIN,individual,1:16740319,1,16740319,3.269449e-09,SORBI_3001G187800,0.466583
13S-HOTrE,LIN,individual,1:16740319,1,16740319,3.269449e-09,SORBI_3001G188100,0.466583
13S-HOTrE,LIN,individual,1:16740319,1,16740319,3.269449e-09,SORBI_3001G190700,0.462112
13S-HOTrE,LIN,individual,1:16740319,1,16740319,3.269449e-09,SORBI_3001G187800,0.461616
13S-HOTrE,LIN,individual,1:16740319,1,16740319,3.269449e-09,SORBI_3001G187600,0.460736
13S-HOTrE,LIN,individual,1:16740319,1,16740319,3.269449e-09,SORBI_3001G187700,0.460736
13S-HOTrE,LIN,individual,1:16740319,1,16740319,3.269449e-09,SORBI_3001G188000,0.460736
13S-HOTrE,LIN,individual,1:16740319,1,16740319,3.269449e-09,SORBI_3001G191500,0.458896
13S-HOTrE,LIN,individual,1:16740319,1,16740319,3.269449e-09,SORBI_3001G187700,0.458538
13S-HOTrE,LIN,individual,1:16740319,1,16740319,3.269449e-09,SORBI_3001G191200,0.458419
13S-HOTrE,LIN,individual,1:16740319,1,16740319,3.269449e-09,SORBI_3001G187800,0.45558
13S-HOTrE,LIN,individual,1:16740319,1,16740319,3.269449e-09,SORBI_3001G188100,0.45558
13S-HOTrE,LIN,individual,1:16740319,1,16740319,3.269449e-09,SORBI_3001G187600,0.455372
13S-HOTrE,LIN,individual,1:16740319,1,16740319,3.269449e-09,SORBI_3001G190500,0.451874
13S-HOTrE,LIN,individual,1:16740319,1,16740319,3.269449e-09,SORBI_3001G187700,0.450907
13S-HOTrE,LIN,individual,1:16740319,1,16740319,3.269449e-09,SORBI_3001G187800,0.450907
13S-HOTrE,LIN,individual,1:16740319,1,16740319,3.269449e-09,SORBI_3001G187900,0.450907
13S-HOTrE,LIN,individual,1:16740319,1,16740319,3.269449e-09,SORBI_3001G188000,0.450907
13S-HOTrE,LIN,individual,1:16740319,1,16740319,3.269449e-09,SORBI_3001G188100,0.450907
13S-HOTrE,LIN,individual,1:16740319,1,16740319,3.269449e-09,SORBI_3001G187800,0.450866
13S-HOTrE,LIN,individual,1:16740319,1,16740319,3.269449e-09,SORBI_3001G188400,0.450717
13S-HOTrE,LIN,individual,1:16740319,1,16740319,3.269449e-09,SORBI_3001G188900,0.450717
13S-HOTrE,LIN,individual,1:16740319,1,16740319,3.269449e-09,SORBI_3001G187500,0.449739
13S-HOTrE,LIN,individual,1:16740319,1,16740319,3.269449e-09,SORBI_3001G187600,0.449676
13S-HOTrE,LIN,individual,1:16740319,1,16740319,3.269449e-09,SORBI_3001G188100,0.449676
13S-HOTrE,LIN,individual,1:16740319,1,16740319,3.269449e-09,SORBI_3001G187700,0.448775
13S-HOTrE,LIN,individual,1:16740319,1,16740319,3.269449e-09,SORBI_3001G187700,0.447153
13S-HOTrE,LIN,individual,1:16740319,1,16740319,3.269449e-09,SORBI_3001G187800,0.445383
13S-HOTrE,LIN,individual,1:16740319,1,16740319,3.269449e-09,SORBI_3001G187900,0.445383
13S-HOTrE,LIN,individual,1:16740319,1,16740319,3.269449e-09,SORBI_3001G187800,0.444614
13S-HOTrE,LIN,individual,1:16740319,1,16740319,3.269449e-09,SORBI_3001G188000,0.444614
13S-HOTrE,LIN,individual,1:16740319,1,16740319,3.269449e-09,SORBI_3001G187800,0.439793
13S-HOTrE,LIN,individual,1:16740319,1,16740319,3.269449e-09,SORBI_3001G187900,0.439793
13S-HOTrE,LIN,individual,1:16740319,1,16740319,3.269449e-09,SORBI_3001G188000,0.439793
13S-HOTrE,LIN,individual,1:16740319,1,16740319,3.269449e-09,SORBI_3001G188100,0.439793
13S-HOTrE,LIN,individual,1:16740319,1,16740319,3.269449e-09,SORBI_3001G187800,0.43963
13S-HOTrE,LIN,individual,1:16740319,1,16740319,3.269449e-09,SORBI_3001G187800,0.43865
13S-HOTrE,LIN,individual,1:16740319,1,16740319,3.269449e-09,SORBI_3001G187800,0.434224
13S-HOTrE,LIN,individual,1:16740319,1,16740319,3.269449e-09,SORBI_3001G187900,0.434224
13S-HOTrE,LIN,individual,1:16740319,1,16740319,3.269449e-09,SORBI_3001G187500,0.430775
13S-HOTrE,LIN,individual,1:16740319,1,16740319,3.269449e-09,SORBI_3001G187800,0.428708
13S-HOTrE,LIN,individual,1:16740319,1,16740319,3.269449e-09,SORBI_3001G187900,0.428708
13S-HOTrE,LIN,individual,1:16740319,1,16740319,3.269449e-09,SORBI_3001G188100,0.428708
13S-HOTrE,LIN,individual,1:16740319,1,16740319,3.269449e-09,SORBI_3001G190500,0.426557
13S-HOTrE,LIN,individual,1:16740319,1,16740319,3.269449e-09,SORBI_3001G187800,0.424364
13S-HOTrE,LIN,individual,1:16740319,1,16740319,3.269449e-09,SORBI_3001G187800,0.423093
13S-HOTrE,LIN,individual,1:16740319,1,16740319,3.269449e-09,SORBI_3001G187800,0.422963
13S-HOTrE,LIN,individual,1:16740319,1,16740319,3.269449e-09,SORBI_3001G187800,0.417654
13S-HOTrE,LIN,individual,1:16740319,1,16740319,3.269449e-09,SORBI_3001G191200,0.413794
13S-HOTrE,LIN,individual,1:16740319,1,16740319,3.269449e-09,SORBI_3001G191400,0.413794
13S-HOTrE,LIN,individual,1:16740319,1,16740319,3.269449e-09,SORBI_3001G191500,0.413794
13S-HOTrE,LIN,individual,1:16740319,1,16740319,3.269449e-09,SORBI_3001G191200,0.413458
13S-HOTrE,LIN,individual,1:16740319,1,16740319,3.269449e-09,SORBI_3001G190200,0.412249
13S-HOTrE,LIN,individual,1:16740319,1,16740319,3.269449e-09,SORBI_3001G190400,0.411318
13S-HOTrE,LIN,individual,1:16740319,1,16740319,3.269449e-09,SORBI_3001G190400,0.404563
13S-HOTrE,LIN,individual,1:16740319,1,16740319,3.269449e-09,SORBI_3001G191100,0.404563
13S-HOTrE,LIN,individual,1:16740319,1,16740319,3.269449e-09,SORBI_3001G189100,0.402986
13S-HOTrE,LIN,individual,1:16740319,1,16740319,3.269449e-09,SORBI_3001G191500,0.402653
13S-HOTrE,LIN,individual,1:16740319,1,16740319,3.269449e-09,SORBI_3001G191200,0.40223
13S-HOTrE,LIN,individual,1:16740319,1,16740319,3.269449e-09,SORBI_3001G187400,0.402125
13S-HOTrE,LIN,individual,1:16740319,1,16740319,3.269449e-09,SORBI_3001G189000,0.401795
13S-HOTrE,LIN,individual,1:16740319,1,16740319,3.269449e-09,SORBI_3001G191200,0.400917
13S-HOTrE,LIN,individual,4:3920117,4,3920117,3.376171e-09,SORBI_3004G048400,1
13S-HOTrE,LIN,individual,4:3920117,4,3920117,3.376171e-09,SORBI_3004G048400,1
13S-HOTrE,LIN,individual,4:3920117,4,3920117,3.376171e-09,SORBI_3004G048600,0.986362
13S-HOTrE,LIN,individual,4:3920117,4,3920117,3.376171e-09,SORBI_3004G048800,0.978893
13S-HOTrE,LIN,individual,4:3920117,4,3920117,3.376171e-09,SORBI_3004G048400,0.957037
13S-HOTrE,LIN,individual,4:3920117,4,3920117,3.376171e-09,SORBI_3004G048300,0.956941
13S-HOTrE,LIN,individual,4:3920117,4,3920117,3.376171e-09,SORBI_3004G048600,0.955877
13S-HOTrE,LIN,individual,4:3920117,4,3920117,3.376171e-09,SORBI_3004G048500,0.903958
13S-HOTrE,LIN,individual,4:3920117,4,3920117,3.376171e-09,SORBI_3004G049200,0.877615
13S-HOTrE,LIN,individual,4:3920117,4,3920117,3.376171e-09,SORBI_3004G049200,0.86961
13S-HOTrE,LIN,individual,4:3920117,4,3920117,3.376171e-09,SORBI_3004G048000,0.850909
13S-HOTrE,LIN,individual,4:3920117,4,3920117,3.376171e-09,SORBI_3004G048100,0.82987
13S-HOTrE,LIN,individual,4:3920117,4,3920117,3.376171e-09,SORBI_3004G048100,0.828079
13S-HOTrE,LIN,individual,4:3920117,4,3920117,3.376171e-09,SORBI_3004G048100,0.824751
13S-HOTrE,LIN,individual,4:3920117,4,3920117,3.376171e-09,SORBI_3004G048300,0.792638
13S-HOTrE,LIN,individual,4:3920117,4,3920117,3.376171e-09,SORBI_3004G048300,0.792164
13S-HOTrE,LIN,individual,4:3920117,4,3920117,3.376171e-09,SORBI_3004G048700,0.76732
13S-HOTrE,LIN,individual,4:3920117,4,3920117,3.376171e-09,SORBI_3004G048700,0.746448
13S-HOTrE,LIN,individual,4:3920117,4,3920117,3.376171e-09,SORBI_3004G047700,0.728654
13S-HOTrE,LIN,individual,4:3920117,4,3920117,3.376171e-09,SORBI_3004G047600,0.709305
13S-HOTrE,LIN,individual,4:3920117,4,3920117,3.376171e-09,SORBI_3004G047700,0.709305
13S-HOTrE,LIN,individual,4:3920117,4,3920117,3.376171e-09,SORBI_3004G048201,0.704894
13S-HOTrE,LIN,individual,4:3920117,4,3920117,3.376171e-09,SORBI_3004G048700,0.704894
13S-HOTrE,LIN,individual,4:3920117,4,3920117,3.376171e-09,SORBI_3004G048700,0.702935
13S-HOTrE,LIN,individual,4:3920117,4,3920117,3.376171e-09,SORBI_3004G048700,0.700093
13S-HOTrE,LIN,individual,4:3920117,4,3920117,3.376171e-09,SORBI_3004G048700,0.699921
13S-HOTrE,LIN,individual,4:3920117,4,3920117,3.376171e-09,SORBI_3004G048700,0.699198
13S-HOTrE,LIN,individual,4:3920117,4,3920117,3.376171e-09,SORBI_3004G049200,0.696866
13S-HOTrE,LIN,individual,4:3920117,4,3920117,3.376171e-09,SORBI_3004G048700,0.696596
13S-HOTrE,LIN,individual,4:3920117,4,3920117,3.376171e-09,SORBI_3004G048700,0.69577
13S-HOTrE,LIN,individual,4:3920117,4,3920117,3.376171e-09,SORBI_3004G048700,0.695682
13S-HOTrE,LIN,individual,4:3920117,4,3920117,3.376171e-09,SORBI_3004G048700,0.695449
13S-HOTrE,LIN,individual,4:3920117,4,3920117,3.376171e-09,SORBI_3004G048700,0.694979
13S-HOTrE,LIN,individual,4:3920117,4,3920117,3.376171e-09,SORBI_3004G048700,0.694403
13S-HOTrE,LIN,individual,4:3920117,4,3920117,3.376171e-09,SORBI_3004G048700,0.693453
13S-HOTrE,LIN,individual,4:3920117,4,3920117,3.376171e-09,SORBI_3004G048700,0.686023
13S-HOTrE,LIN,individual,4:3920117,4,3920117,3.376171e-09,SORBI_3004G048700,0.684957
13S-HOTrE,LIN,individual,4:3920117,4,3920117,3.376171e-09,SORBI_3004G048700,0.683989
13S-HOTrE,LIN,individual,4:3920117,4,3920117,3.376171e-09,SORBI_3004G048700,0.681124
13S-HOTrE,LIN,individual,4:3920117,4,3920117,3.376171e-09,SORBI_3004G047500,0.680575
13S-HOTrE,LIN,individual,4:3920117,4,3920117,3.376171e-09,SORBI_3004G048201,0.680494
13S-HOTrE,LIN,individual,4:3920117,4,3920117,3.376171e-09,SORBI_3004G048700,0.680217
13S-HOTrE,LIN,individual,4:3920117,4,3920117,3.376171e-09,SORBI_3004G048700,0.674544
13S-HOTrE,LIN,individual,4:3920117,4,3920117,3.376171e-09,SORBI_3004G048700,0.670755
13S-HOTrE,LIN,individual,4:3920117,4,3920117,3.376171e-09,SORBI_3004G048700,0.668001
13S-HOTrE,LIN,individual,4:3920117,4,3920117,3.376171e-09,SORBI_3004G048700,0.666122
13S-HOTrE,LIN,individual,4:3920117,4,3920117,3.376171e-09,SORBI_3004G048700,0.665118
13S-HOTrE,LIN,individual,4:3920117,4,3920117,3.376171e-09,SORBI_3004G047200,0.654786
13S-HOTrE,LIN,individual,4:3920117,4,3920117,3.376171e-09,SORBI_3004G048700,0.654727
13S-HOTrE,LIN,individual,4:3920117,4,3920117,3.376171e-09,SORBI_3004G047400,0.649206
13S-HOTrE,LIN,individual,4:3920117,4,3920117,3.376171e-09,SORBI_3004G047400,0.6483
13S-HOTrE,LIN,individual,4:3920117,4,3920117,3.376171e-09,SORBI_3004G047200,0.645648
13S-HOTrE,LIN,individual,4:3920117,4,3920117,3.376171e-09,SORBI_3004G048700,0.637786
13S-HOTrE,LIN,individual,4:3920117,4,3920117,3.376171e-09,SORBI_3004G045632,0.634863
13S-HOTrE,LIN,individual,4:3920117,4,3920117,3.376171e-09,SORBI_3004G047400,0.634369
13S-HOTrE,LIN,individual,4:3920117,4,3920117,3.376171e-09,SORBI_3004G047400,0.630072
13S-HOTrE,LIN,individual,4:3920117,4,3920117,3.376171e-09,SORBI_3004G047500,0.629084
13S-HOTrE,LIN,individual,4:3920117,4,3920117,3.376171e-09,SORBI_3004G048700,0.628454
13S-HOTrE,LIN,individual,4:3920117,4,3920117,3.376171e-09,SORBI_3004G048700,0.624634
13S-HOTrE,LIN,individual,4:3920117,4,3920117,3.376171e-09,SORBI_3004G047400,0.6201
13S-HOTrE,LIN,individual,4:3920117,4,3920117,3.376171e-09,SORBI_3004G047500,0.619637
13S-HOTrE,LIN,individual,4:3920117,4,3920117,3.376171e-09,SORBI_3004G048700,0.618959
13S-HOTrE,LIN,individual,4:3920117,4,3920117,3.376171e-09,SORBI_3004G044700,0.605528
13S-HOTrE,LIN,individual,4:3920117,4,3920117,3.376171e-09,SORBI_3004G046800,0.597672
13S-HOTrE,LIN,individual,4:3920117,4,3920117,3.376171e-09,SORBI_3004G046100,0.593016
13S-HOTrE,LIN,individual,4:3920117,4,3920117,3.376171e-09,SORBI_3004G047001,0.585574
13S-HOTrE,LIN,individual,4:3920117,4,3920117,3.376171e-09,SORBI_3004G047001,0.570444
13S-HOTrE,LIN,individual,4:3920117,4,3920117,3.376171e-09,SORBI_3004G046100,0.560517
13S-HOTrE,LIN,individual,4:3920117,4,3920117,3.376171e-09,SORBI_3004G044700,0.552388
13S-HOTrE,LIN,individual,4:3920117,4,3920117,3.376171e-09,SORBI_3004G045632,0.549374
13S-HOTrE,LIN,individual,4:3920117,4,3920117,3.376171e-09,SORBI_3004G045700,0.549374
13S-HOTrE,LIN,individual,4:3920117,4,3920117,3.376171e-09,SORBI_3004G045100,0.546804
13S-HOTrE,LIN,individual,4:3920117,4,3920117,3.376171e-09,SORBI_3004G044700,0.544406
13S-HOTrE,LIN,individual,4:3920117,4,3920117,3.376171e-09,SORBI_3004G045300,0.538749
13S-HOTrE,LIN,individual,4:3920117,4,3920117,3.376171e-09,SORBI_3004G044800,0.531289
13S-HOTrE,LIN,individual,4:3920117,4,3920117,3.376171e-09,SORBI_3004G045100,0.523072
13S-HOTrE,LIN,individual,4:3920117,4,3920117,3.376171e-09,SORBI_3004G049800,0.516186
13S-HOTrE,LIN,individual,4:3920117,4,3920117,3.376171e-09,SORBI_3004G049500,0.512536
13S-HOTrE,LIN,individual,4:3920117,4,3920117,3.376171e-09,SORBI_3004G045400,0.505391
13S-HOTrE,LIN,individual,4:3920117,4,3920117,3.376171e-09,SORBI_3004G045000,0.505213
13S-HOTrE,LIN,individual,4:3920117,4,3920117,3.376171e-09,SORBI_3004G045000,0.501415
13S-HOTrE,LIN,individual,4:3920117,4,3920117,3.376171e-09,SORBI_3004G049800,0.501174
13S-HOTrE,LIN,individual,4:3920117,4,3920117,3.376171e-09,SORBI_3004G049900,0.49447
13S-HOTrE,LIN,individual,4:3920117,4,3920117,3.376171e-09,SORBI_3004G044800,0.488561
13S-HOTrE,LIN,individual,4:3920117,4,3920117,3.376171e-09,SORBI_3004G049600,0.476495
13S-HOTrE,LIN,individual,4:3920117,4,3920117,3.376171e-09,SORBI_3004G049700,0.476495
13S-HOTrE,LIN,individual,4:3920117,4,3920117,3.376171e-09,SORBI_3004G049500,0.469275
13S-HOTrE,LIN,individual,4:3920117,4,3920117,3.376171e-09,SORBI_3004G049600,0.467527
13S-HOTrE,LIN,individual,4:3920117,4,3920117,3.376171e-09,SORBI_3004G045500,0.455182
13S-HOTrE,LIN,individual,4:3920117,4,3920117,3.376171e-09,SORBI_3004G045000,0.453468
13S-HOTrE,LIN,individual,4:3920117,4,3920117,3.376171e-09,SORBI_3004G049600,0.448669
13S-HOTrE,LIN,individual,4:3920117,4,3920117,3.376171e-09,SORBI_3004G049600,0.445505
13S-HOTrE,LIN,individual,4:3920117,4,3920117,3.376171e-09,SORBI_3004G044700,0.442922
13S-HOTrE,LIN,individual,4:3920117,4,3920117,3.376171e-09,SORBI_3004G049600,0.441567
13S-HOTrE,LIN,individual,4:3920117,4,3920117,3.376171e-09,SORBI_3004G049600,0.440919
13S-HOTrE,LIN,individual,4:3920117,4,3920117,3.376171e-09,SORBI_3004G047001,0.435112
13S-HOTrE,LIN,individual,4:3920117,4,3920117,3.376171e-09,SORBI_3004G045000,0.433679
13S-HOTrE,LIN,individual,4:3920117,4,3920117,3.376171e-09,SORBI_3004G051166,0.422798
13S-HOTrE,LIN,individual,4:3920117,4,3920117,3.376171e-09,SORBI_3004G051166,0.415378
13S-HOTrE,LIN,individual,4:3920117,4,3920117,3.376171e-09,SORBI_3004G045000,0.414593
13S-HOTrE,LIN,individual,4:3920117,4,3920117,3.376171e-09,SORBI_3004G049300,0.405249
13S-HOTrE,LIN,individual,9:47882293,9,47882293,3.423683e-09,SORBI_3009G125400,0.969713
13S-HOTrE,LIN,individual,9:47882293,9,47882293,3.423683e-09,SORBI_3009G125400,0.964837
13S-HOTrE,LIN,individual,9:47882293,9,47882293,3.423683e-09,SORBI_3009G125400,0.964105
13S-HOTrE,LIN,individual,9:47882293,9,47882293,3.423683e-09,SORBI_3009G125700,0.832232
13S-HOTrE,LIN,individual,9:47882293,9,47882293,3.423683e-09,SORBI_3009G125600,0.802694
13S-HOTrE,LIN,individual,9:47882293,9,47882293,3.423683e-09,SORBI_3009G125600,0.796729
13S-HOTrE,LIN,individual,9:47882293,9,47882293,3.423683e-09,SORBI_3009G125400,0.767068
13S-HOTrE,LIN,individual,9:47882293,9,47882293,3.423683e-09,SORBI_3009G125400,0.745173
13S-HOTrE,LIN,individual,9:47882293,9,47882293,3.423683e-09,SORBI_3009G125400,0.701595
13S-HOTrE,LIN,individual,9:47882293,9,47882293,3.423683e-09,SORBI_3009G125400,0.693548
13S-HOTrE,LIN,individual,9:47882293,9,47882293,3.423683e-09,SORBI_3009G125600,0.676528
13S-HOTrE,LIN,individual,9:47882293,9,47882293,3.423683e-09,SORBI_3009G125700,0.661349
13S-HOTrE,LIN,individual,9:47882293,9,47882293,3.423683e-09,SORBI_3009G125300,0.655198
13S-HOTrE,LIN,individual,9:47882293,9,47882293,3.423683e-09,SORBI_3009G125300,0.647102
13S-HOTrE,LIN,individual,9:47882293,9,47882293,3.423683e-09,SORBI_3009G125400,0.628222
13S-HOTrE,LIN,individual,9:47882293,9,47882293,3.423683e-09,SORBI_3009G125700,0.600352
13S-HOTrE,LIN,individual,9:47882293,9,47882293,3.423683e-09,SORBI_3009G125600,0.591684
13S-HOTrE,LIN,individual,9:47882293,9,47882293,3.423683e-09,SORBI_3009G125400,0.574885
13S-HOTrE,LIN,individual,9:47882293,9,47882293,3.423683e-09,SORBI_3009G125300,0.535399
13S-HOTrE,LIN,individual,9:47882293,9,47882293,3.423683e-09,SORBI_3009G125300,0.449492
13S-HOTrE,LIN,individual,9:47882293,9,47882293,3.423683e-09,SORBI_3009G125300,0.435102
13S-HOTrE,LIN,individual,9:47882293,9,47882293,3.423683e-09,SORBI_3009G126100,0.423522
13S-HOTrE,LIN,individual,9:47882293,9,47882293,3.423683e-09,SORBI_3009G125300,0.405656
13S-HOTrE,LIN,individual,9:47854998,9,47854998,3.586899e-09,SORBI_3009G125400,1
13S-HOTrE,LIN,individual,9:47854998,9,47854998,3.586899e-09,SORBI_3009G125400,1
13S-HOTrE,LIN,individual,9:47854998,9,47854998,3.586899e-09,SORBI_3009G125400,0.982491
13S-HOTrE,LIN,individual,9:47854998,9,47854998,3.586899e-09,SORBI_3009G125400,0.981999
13S-HOTrE,LIN,individual,9:47854998,9,47854998,3.586899e-09,SORBI_3009G125700,0.800603
13S-HOTrE,LIN,individual,9:47854998,9,47854998,3.586899e-09,SORBI_3009G125400,0.781874
13S-HOTrE,LIN,individual,9:47854998,9,47854998,3.586899e-09,SORBI_3009G125600,0.780085
13S-HOTrE,LIN,individual,9:47854998,9,47854998,3.586899e-09,SORBI_3009G125600,0.77447
13S-HOTrE,LIN,individual,9:47854998,9,47854998,3.586899e-09,SORBI_3009G125400,0.760605
13S-HOTrE,LIN,individual,9:47854998,9,47854998,3.586899e-09,SORBI_3009G125400,0.714554
13S-HOTrE,LIN,individual,9:47854998,9,47854998,3.586899e-09,SORBI_3009G125400,0.706554
13S-HOTrE,LIN,individual,9:47854998,9,47854998,3.586899e-09,SORBI_3009G125300,0.667493
13S-HOTrE,LIN,individual,9:47854998,9,47854998,3.586899e-09,SORBI_3009G125300,0.659433
13S-HOTrE,LIN,individual,9:47854998,9,47854998,3.586899e-09,SORBI_3009G125600,0.650087
13S-HOTrE,LIN,individual,9:47854998,9,47854998,3.586899e-09,SORBI_3009G125400,0.639662
13S-HOTrE,LIN,individual,9:47854998,9,47854998,3.586899e-09,SORBI_3009G125700,0.634872
13S-HOTrE,LIN,individual,9:47854998,9,47854998,3.586899e-09,SORBI_3009G125400,0.585361
13S-HOTrE,LIN,individual,9:47854998,9,47854998,3.586899e-09,SORBI_3009G125700,0.575586
13S-HOTrE,LIN,individual,9:47854998,9,47854998,3.586899e-09,SORBI_3009G125600,0.570821
13S-HOTrE,LIN,individual,9:47854998,9,47854998,3.586899e-09,SORBI_3009G125300,0.548505
13S-HOTrE,LIN,individual,9:47854998,9,47854998,3.586899e-09,SORBI_3009G126100,0.43685
13S-HOTrE,LIN,individual,9:47854998,9,47854998,3.586899e-09,SORBI_3009G125300,0.42808
13S-HOTrE,LIN,individual,9:47854998,9,47854998,3.586899e-09,SORBI_3009G125300,0.423044
13S-HOTrE,LIN,individual,9:47854998,9,47854998,3.586899e-09,SORBI_3009G125300,0.415149
13S-HOTrE,LIN,individual,9:47854998,9,47854998,3.586899e-09,SORBI_3009G125300,0.403021
13S-HOTrE,LIN,individual,3:7087699,3,7087699,3.741207e-09,SORBI_3003G082700,0.815583
13S-HOTrE,LIN,individual,3:7087699,3,7087699,3.741207e-09,SORBI_3003G082401,0.814112
13S-HOTrE,LIN,individual,3:7087699,3,7087699,3.741207e-09,SORBI_3003G082600,0.805378
13S-HOTrE,LIN,individual,3:7087699,3,7087699,3.741207e-09,SORBI_3003G082600,0.779137
13S-HOTrE,LIN,individual,3:7087699,3,7087699,3.741207e-09,SORBI_3003G083100,0.629729
13S-HOTrE,LIN,individual,3:7087699,3,7087699,3.741207e-09,SORBI_3003G082900,0.586834
13S-HOTrE,LIN,individual,3:7087699,3,7087699,3.741207e-09,SORBI_3003G082600,0.559559
13S-HOTrE,LIN,individual,3:7087699,3,7087699,3.741207e-09,SORBI_3003G083500,0.544466
13S-HOTrE,LIN,individual,3:7087699,3,7087699,3.741207e-09,SORBI_3003G083000,0.531346
13S-HOTrE,LIN,individual,3:7087699,3,7087699,3.741207e-09,SORBI_3003G082800,0.522739
13S-HOTrE,LIN,individual,3:7087699,3,7087699,3.741207e-09,SORBI_3003G082950,0.500392
13S-HOTrE,LIN,individual,3:7087699,3,7087699,3.741207e-09,SORBI_3003G082600,0.48813
13S-HOTrE,LIN,individual,3:7087699,3,7087699,3.741207e-09,SORBI_3003G082950,0.473882
13S-HOTrE,LIN,individual,3:7087699,3,7087699,3.741207e-09,SORBI_3003G083500,0.460313
13S-HOTrE,LIN,individual,3:7087699,3,7087699,3.741207e-09,SORBI_3003G083500,0.453828
13S-HOTrE,LIN,individual,3:7087699,3,7087699,3.741207e-09,SORBI_3003G082600,0.431189
13S-HOTrE,LIN,individual,3:7087699,3,7087699,3.741207e-09,SORBI_3003G079800,0.424953
13S-HOTrE,LIN,individual,3:7087699,3,7087699,3.741207e-09,SORBI_3003G082401,0.42323
13S-HOTrE,LIN,individual,3:7087699,3,7087699,3.741207e-09,SORBI_3003G084750,0.416975
13S-HOTrE,LIN,individual,3:7087699,3,7087699,3.741207e-09,SORBI_3003G081100,0.412508
13S-HOTrE,LIN,individual,3:7087699,3,7087699,3.741207e-09,SORBI_3003G082600,0.409811
13S-HOTrE,LIN,individual,3:7087699,3,7087699,3.741207e-09,SORBI_3003G081200,0.406302
13S-HOTrE,LIN,individual,3:7087699,3,7087699,3.741207e-09,SORBI_3003G082600,0.402772
13S-HOTrE,LIN,individual,1:65016084,1,65016084,3.762524e-09,SORBI_3001G360500,1
13S-HOTrE,LIN,individual,1:65016084,1,65016084,3.762524e-09,SORBI_3001G360500,1
13S-HOTrE,LIN,individual,1:65016084,1,65016084,3.762524e-09,SORBI_3001G360500,0.960702
13S-HOTrE,LIN,individual,1:65016084,1,65016084,3.762524e-09,SORBI_3001G360500,0.959874
13S-HOTrE,LIN,individual,1:65016084,1,65016084,3.762524e-09,SORBI_3001G360500,0.816855
13S-HOTrE,LIN,individual,1:65016084,1,65016084,3.762524e-09,SORBI_3001G360500,0.798639
13S-HOTrE,LIN,individual,1:16739637,1,16739637,4.142963e-09,SORBI_3001G189300,1
13S-HOTrE,LIN,individual,1:16739637,1,16739637,4.142963e-09,SORBI_3001G189300,1
13S-HOTrE,LIN,individual,1:16739637,1,16739637,4.142963e-09,SORBI_3001G189300,0.979446
13S-HOTrE,LIN,individual,1:16739637,1,16739637,4.142963e-09,SORBI_3001G189300,0.97784
13S-HOTrE,LIN,individual,1:16739637,1,16739637,4.142963e-09,SORBI_3001G189300,0.977792
13S-HOTrE,LIN,individual,1:16739637,1,16739637,4.142963e-09,SORBI_3001G189300,0.977639
13S-HOTrE,LIN,individual,1:16739637,1,16739637,4.142963e-09,SORBI_3001G189300,0.888251
13S-HOTrE,LIN,individual,1:16739637,1,16739637,4.142963e-09,SORBI_3001G189300,0.848028
13S-HOTrE,LIN,individual,1:16739637,1,16739637,4.142963e-09,SORBI_3001G189300,0.829594
13S-HOTrE,LIN,individual,1:16739637,1,16739637,4.142963e-09,SORBI_3001G189300,0.825474
13S-HOTrE,LIN,individual,1:16739637,1,16739637,4.142963e-09,SORBI_3001G189300,0.821732
13S-HOTrE,LIN,individual,1:16739637,1,16739637,4.142963e-09,SORBI_3001G189300,0.807481
13S-HOTrE,LIN,individual,1:16739637,1,16739637,4.142963e-09,SORBI_3001G189300,0.803993
13S-HOTrE,LIN,individual,1:16739637,1,16739637,4.142963e-09,SORBI_3001G189300,0.803989
13S-HOTrE,LIN,individual,1:16739637,1,16739637,4.142963e-09,SORBI_3001G189300,0.800836
13S-HOTrE,LIN,individual,1:16739637,1,16739637,4.142963e-09,SORBI_3001G189300,0.797058
13S-HOTrE,LIN,individual,1:16739637,1,16739637,4.142963e-09,SORBI_3001G189300,0.793282
13S-HOTrE,LIN,individual,1:16739637,1,16739637,4.142963e-09,SORBI_3001G189300,0.790245
13S-HOTrE,LIN,individual,1:16739637,1,16739637,4.142963e-09,SORBI_3001G189300,0.789831
13S-HOTrE,LIN,individual,1:16739637,1,16739637,4.142963e-09,SORBI_3001G189300,0.789686
13S-HOTrE,LIN,individual,1:16739637,1,16739637,4.142963e-09,SORBI_3001G189300,0.787462
13S-HOTrE,LIN,individual,1:16739637,1,16739637,4.142963e-09,SORBI_3001G189300,0.78644
13S-HOTrE,LIN,individual,1:16739637,1,16739637,4.142963e-09,SORBI_3001G189300,0.782688
13S-HOTrE,LIN,individual,1:16739637,1,16739637,4.142963e-09,SORBI_3001G189300,0.779636
13S-HOTrE,LIN,individual,1:16739637,1,16739637,4.142963e-09,SORBI_3001G189300,0.775811
13S-HOTrE,LIN,individual,1:16739637,1,16739637,4.142963e-09,SORBI_3001G189300,0.775431
13S-HOTrE,LIN,individual,1:16739637,1,16739637,4.142963e-09,SORBI_3001G189300,0.772948
13S-HOTrE,LIN,individual,1:16739637,1,16739637,4.142963e-09,SORBI_3001G189300,0.772089
13S-HOTrE,LIN,individual,1:16739637,1,16739637,4.142963e-09,SORBI_3001G189300,0.765222
13S-HOTrE,LIN,individual,1:16739637,1,16739637,4.142963e-09,SORBI_3001G189300,0.757783
13S-HOTrE,LIN,individual,1:16739637,1,16739637,4.142963e-09,SORBI_3001G189300,0.743524
13S-HOTrE,LIN,individual,1:16739637,1,16739637,4.142963e-09,SORBI_3001G189300,0.716731
13S-HOTrE,LIN,individual,1:16739637,1,16739637,4.142963e-09,SORBI_3001G189300,0.694093
13S-HOTrE,LIN,individual,1:16739637,1,16739637,4.142963e-09,SORBI_3001G187500,0.685579
13S-HOTrE,LIN,individual,1:16739637,1,16739637,4.142963e-09,SORBI_3001G189600,0.679738
13S-HOTrE,LIN,individual,1:16739637,1,16739637,4.142963e-09,SORBI_3001G187500,0.675529
13S-HOTrE,LIN,individual,1:16739637,1,16739637,4.142963e-09,SORBI_3001G189400,0.675272
13S-HOTrE,LIN,individual,1:16739637,1,16739637,4.142963e-09,SORBI_3001G187400,0.66789
13S-HOTrE,LIN,individual,1:16739637,1,16739637,4.142963e-09,SORBI_3001G187400,0.665398
13S-HOTrE,LIN,individual,1:16739637,1,16739637,4.142963e-09,SORBI_3001G187600,0.66395
13S-HOTrE,LIN,individual,1:16739637,1,16739637,4.142963e-09,SORBI_3001G187500,0.659445
13S-HOTrE,LIN,individual,1:16739637,1,16739637,4.142963e-09,SORBI_3001G187400,0.65943
13S-HOTrE,LIN,individual,1:16739637,1,16739637,4.142963e-09,SORBI_3001G187500,0.657649
13S-HOTrE,LIN,individual,1:16739637,1,16739637,4.142963e-09,SORBI_3001G187500,0.6492
13S-HOTrE,LIN,individual,1:16739637,1,16739637,4.142963e-09,SORBI_3001G187400,0.648821
13S-HOTrE,LIN,individual,1:16739637,1,16739637,4.142963e-09,SORBI_3001G187500,0.640489
13S-HOTrE,LIN,individual,1:16739637,1,16739637,4.142963e-09,SORBI_3001G187500,0.639898
13S-HOTrE,LIN,individual,1:16739637,1,16739637,4.142963e-09,SORBI_3001G187500,0.637213
13S-HOTrE,LIN,individual,1:16739637,1,16739637,4.142963e-09,SORBI_3001G187400,0.634932
13S-HOTrE,LIN,individual,1:16739637,1,16739637,4.142963e-09,SORBI_3001G187400,0.634797
13S-HOTrE,LIN,individual,1:16739637,1,16739637,4.142963e-09,SORBI_3001G189300,0.634146
13S-HOTrE,LIN,individual,1:16739637,1,16739637,4.142963e-09,SORBI_3001G187500,0.628986
13S-HOTrE,LIN,individual,1:16739637,1,16739637,4.142963e-09,SORBI_3001G189300,0.626347
13S-HOTrE,LIN,individual,1:16739637,1,16739637,4.142963e-09,SORBI_3001G187800,0.624628
13S-HOTrE,LIN,individual,1:16739637,1,16739637,4.142963e-09,SORBI_3001G189300,0.620589
13S-HOTrE,LIN,individual,1:16739637,1,16739637,4.142963e-09,SORBI_3001G187500,0.620518
13S-HOTrE,LIN,individual,1:16739637,1,16739637,4.142963e-09,SORBI_3001G187500,0.620419
13S-HOTrE,LIN,individual,1:16739637,1,16739637,4.142963e-09,SORBI_3001G187500,0.616592
13S-HOTrE,LIN,individual,1:16739637,1,16739637,4.142963e-09,SORBI_3001G187500,0.615423
13S-HOTrE,LIN,individual,1:16739637,1,16739637,4.142963e-09,SORBI_3001G187500,0.612861
13S-HOTrE,LIN,individual,1:16739637,1,16739637,4.142963e-09,SORBI_3001G187500,0.612753
13S-HOTrE,LIN,individual,1:16739637,1,16739637,4.142963e-09,SORBI_3001G187800,0.609961
13S-HOTrE,LIN,individual,1:16739637,1,16739637,4.142963e-09,SORBI_3001G189300,0.607771
13S-HOTrE,LIN,individual,1:16739637,1,16739637,4.142963e-09,SORBI_3001G189200,0.602059
13S-HOTrE,LIN,individual,1:16739637,1,16739637,4.142963e-09,SORBI_3001G189300,0.602059
13S-HOTrE,LIN,individual,1:16739637,1,16739637,4.142963e-09,SORBI_3001G188900,0.599794
13S-HOTrE,LIN,individual,1:16739637,1,16739637,4.142963e-09,SORBI_3001G188900,0.599615
13S-HOTrE,LIN,individual,1:16739637,1,16739637,4.142963e-09,SORBI_3001G188900,0.599417
13S-HOTrE,LIN,individual,1:16739637,1,16739637,4.142963e-09,SORBI_3001G187800,0.59891
13S-HOTrE,LIN,individual,1:16739637,1,16739637,4.142963e-09,SORBI_3001G187800,0.598185
13S-HOTrE,LIN,individual,1:16739637,1,16739637,4.142963e-09,SORBI_3001G189200,0.596994
13S-HOTrE,LIN,individual,1:16739637,1,16739637,4.142963e-09,SORBI_3001G189000,0.594276
13S-HOTrE,LIN,individual,1:16739637,1,16739637,4.142963e-09,SORBI_3001G189200,0.592508
13S-HOTrE,LIN,individual,1:16739637,1,16739637,4.142963e-09,SORBI_3001G187800,0.59207
13S-HOTrE,LIN,individual,1:16739637,1,16739637,4.142963e-09,SORBI_3001G187800,0.589973
13S-HOTrE,LIN,individual,1:16739637,1,16739637,4.142963e-09,SORBI_3001G189200,0.588988
13S-HOTrE,LIN,individual,1:16739637,1,16739637,4.142963e-09,SORBI_3001G188800,0.585757
13S-HOTrE,LIN,individual,1:16739637,1,16739637,4.142963e-09,SORBI_3001G188900,0.585757
13S-HOTrE,LIN,individual,1:16739637,1,16739637,4.142963e-09,SORBI_3001G187500,0.58544
13S-HOTrE,LIN,individual,1:16739637,1,16739637,4.142963e-09,SORBI_3001G189200,0.583607
13S-HOTrE,LIN,individual,1:16739637,1,16739637,4.142963e-09,SORBI_3001G189200,0.578938
13S-HOTrE,LIN,individual,1:16739637,1,16739637,4.142963e-09,SORBI_3001G189100,0.578785
13S-HOTrE,LIN,individual,1:16739637,1,16739637,4.142963e-09,SORBI_3001G189000,0.575277
13S-HOTrE,LIN,individual,1:16739637,1,16739637,4.142963e-09,SORBI_3001G189000,0.574699
13S-HOTrE,LIN,individual,1:16739637,1,16739637,4.142963e-09,SORBI_3001G189100,0.573554
13S-HOTrE,LIN,individual,1:16739637,1,16739637,4.142963e-09,SORBI_3001G188100,0.572191
13S-HOTrE,LIN,individual,1:16739637,1,16739637,4.142963e-09,SORBI_3001G189300,0.571578
13S-HOTrE,LIN,individual,1:16739637,1,16739637,4.142963e-09,SORBI_3001G189000,0.5709
13S-HOTrE,LIN,individual,1:16739637,1,16739637,4.142963e-09,SORBI_3001G188900,0.570814
13S-HOTrE,LIN,individual,1:16739637,1,16739637,4.142963e-09,SORBI_3001G189000,0.570772
13S-HOTrE,LIN,individual,1:16739637,1,16739637,4.142963e-09,SORBI_3001G188900,0.570078
13S-HOTrE,LIN,individual,1:16739637,1,16739637,4.142963e-09,SORBI_3001G189000,0.56681
13S-HOTrE,LIN,individual,1:16739637,1,16739637,4.142963e-09,SORBI_3001G188900,0.566515
13S-HOTrE,LIN,individual,1:16739637,1,16739637,4.142963e-09,SORBI_3001G189000,0.566515
13S-HOTrE,LIN,individual,1:16739637,1,16739637,4.142963e-09,SORBI_3001G188900,0.565931
13S-HOTrE,LIN,individual,1:16739637,1,16739637,4.142963e-09,SORBI_3001G188900,0.565482
13S-HOTrE,LIN,individual,1:16739637,1,16739637,4.142963e-09,SORBI_3001G188900,0.561991
13S-HOTrE,LIN,individual,1:16739637,1,16739637,4.142963e-09,SORBI_3001G187800,0.561844
13S-HOTrE,LIN,individual,1:16739637,1,16739637,4.142963e-09,SORBI_3001G189100,0.560265
13S-HOTrE,LIN,individual,1:16739637,1,16739637,4.142963e-09,SORBI_3001G189000,0.558651
13S-HOTrE,LIN,individual,1:16739637,1,16739637,4.142963e-09,SORBI_3001G189000,0.558506
13S-HOTrE,LIN,individual,1:16739637,1,16739637,4.142963e-09,SORBI_3001G189000,0.558062
13S-HOTrE,LIN,individual,1:16739637,1,16739637,4.142963e-09,SORBI_3001G188900,0.557532
13S-HOTrE,LIN,individual,1:16739637,1,16739637,4.142963e-09,SORBI_3001G188900,0.556766
13S-HOTrE,LIN,individual,1:16739637,1,16739637,4.142963e-09,SORBI_3001G188900,0.555996
13S-HOTrE,LIN,individual,1:16739637,1,16739637,4.142963e-09,SORBI_3001G189000,0.555455
13S-HOTrE,LIN,individual,1:16739637,1,16739637,4.142963e-09,SORBI_3001G189100,0.555455
13S-HOTrE,LIN,individual,1:16739637,1,16739637,4.142963e-09,SORBI_3001G189200,0.555455
13S-HOTrE,LIN,individual,1:16739637,1,16739637,4.142963e-09,SORBI_3001G187800,0.553998
13S-HOTrE,LIN,individual,1:16739637,1,16739637,4.142963e-09,SORBI_3001G188500,0.552022
13S-HOTrE,LIN,individual,1:16739637,1,16739637,4.142963e-09,SORBI_3001G188800,0.552022
13S-HOTrE,LIN,individual,1:16739637,1,16739637,4.142963e-09,SORBI_3001G188900,0.551291
13S-HOTrE,LIN,individual,1:16739637,1,16739637,4.142963e-09,SORBI_3001G189000,0.551232
13S-HOTrE,LIN,individual,1:16739637,1,16739637,4.142963e-09,SORBI_3001G189100,0.551232
13S-HOTrE,LIN,individual,1:16739637,1,16739637,4.142963e-09,SORBI_3001G189200,0.551232
13S-HOTrE,LIN,individual,1:16739637,1,16739637,4.142963e-09,SORBI_3001G189000,0.550817
13S-HOTrE,LIN,individual,1:16739637,1,16739637,4.142963e-09,SORBI_3001G189000,0.550238
13S-HOTrE,LIN,individual,1:16739637,1,16739637,4.142963e-09,SORBI_3001G188900,0.550148
13S-HOTrE,LIN,individual,1:16739637,1,16739637,4.142963e-09,SORBI_3001G187800,0.547987
13S-HOTrE,LIN,individual,1:16739637,1,16739637,4.142963e-09,SORBI_3001G187800,0.547644
13S-HOTrE,LIN,individual,1:16739637,1,16739637,4.142963e-09,SORBI_3001G188400,0.547563
13S-HOTrE,LIN,individual,1:16739637,1,16739637,4.142963e-09,SORBI_3001G188900,0.547563
13S-HOTrE,LIN,individual,1:16739637,1,16739637,4.142963e-09,SORBI_3001G188900,0.547368
13S-HOTrE,LIN,individual,1:16739637,1,16739637,4.142963e-09,SORBI_3001G189000,0.546127
13S-HOTrE,LIN,individual,1:16739637,1,16739637,4.142963e-09,SORBI_3001G188900,0.545453
13S-HOTrE,LIN,individual,1:16739637,1,16739637,4.142963e-09,SORBI_3001G188400,0.543659
13S-HOTrE,LIN,individual,1:16739637,1,16739637,4.142963e-09,SORBI_3001G188500,0.543659
13S-HOTrE,LIN,individual,1:16739637,1,16739637,4.142963e-09,SORBI_3001G188700,0.543659
13S-HOTrE,LIN,individual,1:16739637,1,16739637,4.142963e-09,SORBI_3001G188900,0.543659
13S-HOTrE,LIN,individual,1:16739637,1,16739637,4.142963e-09,SORBI_3001G189000,0.543659
13S-HOTrE,LIN,individual,1:16739637,1,16739637,4.142963e-09,SORBI_3001G189100,0.543659
13S-HOTrE,LIN,individual,1:16739637,1,16739637,4.142963e-09,SORBI_3001G189200,0.543659
13S-HOTrE,LIN,individual,1:16739637,1,16739637,4.142963e-09,SORBI_3001G189000,0.543461
13S-HOTrE,LIN,individual,1:16739637,1,16739637,4.142963e-09,SORBI_3001G189200,0.542046
13S-HOTrE,LIN,individual,1:16739637,1,16739637,4.142963e-09,SORBI_3001G189000,0.539807
13S-HOTrE,LIN,individual,1:16739637,1,16739637,4.142963e-09,SORBI_3001G187500,0.539751
13S-HOTrE,LIN,individual,1:16739637,1,16739637,4.142963e-09,SORBI_3001G189000,0.538831
13S-HOTrE,LIN,individual,1:16739637,1,16739637,4.142963e-09,SORBI_3001G189100,0.537646
13S-HOTrE,LIN,individual,1:16739637,1,16739637,4.142963e-09,SORBI_3001G189200,0.537646
13S-HOTrE,LIN,individual,1:16739637,1,16739637,4.142963e-09,SORBI_3001G188900,0.53675
13S-HOTrE,LIN,individual,1:16739637,1,16739637,4.142963e-09,SORBI_3001G189000,0.536658
13S-HOTrE,LIN,individual,1:16739637,1,16739637,4.142963e-09,SORBI_3001G188500,0.534035
13S-HOTrE,LIN,individual,1:16739637,1,16739637,4.142963e-09,SORBI_3001G189000,0.534035
13S-HOTrE,LIN,individual,1:16739637,1,16739637,4.142963e-09,SORBI_3001G189100,0.534035
13S-HOTrE,LIN,individual,1:16739637,1,16739637,4.142963e-09,SORBI_3001G187800,0.534017
13S-HOTrE,LIN,individual,1:16739637,1,16739637,4.142963e-09,SORBI_3001G188500,0.53071
13S-HOTrE,LIN,individual,1:16739637,1,16739637,4.142963e-09,SORBI_3001G188400,0.529971
13S-HOTrE,LIN,individual,1:16739637,1,16739637,4.142963e-09,SORBI_3001G188500,0.529971
13S-HOTrE,LIN,individual,1:16739637,1,16739637,4.142963e-09,SORBI_3001G188700,0.529971
13S-HOTrE,LIN,individual,1:16739637,1,16739637,4.142963e-09,SORBI_3001G188900,0.529971
13S-HOTrE,LIN,individual,1:16739637,1,16739637,4.142963e-09,SORBI_3001G189000,0.529971
13S-HOTrE,LIN,individual,1:16739637,1,16739637,4.142963e-09,SORBI_3001G189200,0.529971
13S-HOTrE,LIN,individual,1:16739637,1,16739637,4.142963e-09,SORBI_3001G187500,0.526442
13S-HOTrE,LIN,individual,1:16739637,1,16739637,4.142963e-09,SORBI_3001G188400,0.526435
13S-HOTrE,LIN,individual,1:16739637,1,16739637,4.142963e-09,SORBI_3001G188500,0.526435
13S-HOTrE,LIN,individual,1:16739637,1,16739637,4.142963e-09,SORBI_3001G188600,0.526435
13S-HOTrE,LIN,individual,1:16739637,1,16739637,4.142963e-09,SORBI_3001G188900,0.526435
13S-HOTrE,LIN,individual,1:16739637,1,16739637,4.142963e-09,SORBI_3001G188800,0.526373
13S-HOTrE,LIN,individual,1:16739637,1,16739637,4.142963e-09,SORBI_3001G189000,0.524129
13S-HOTrE,LIN,individual,1:16739637,1,16739637,4.142963e-09,SORBI_3001G188700,0.523789
13S-HOTrE,LIN,individual,1:16739637,1,16739637,4.142963e-09,SORBI_3001G188400,0.523373
13S-HOTrE,LIN,individual,1:16739637,1,16739637,4.142963e-09,SORBI_3001G188500,0.523373
13S-HOTrE,LIN,individual,1:16739637,1,16739637,4.142963e-09,SORBI_3001G188600,0.523373
13S-HOTrE,LIN,individual,1:16739637,1,16739637,4.142963e-09,SORBI_3001G188700,0.523373
13S-HOTrE,LIN,individual,1:16739637,1,16739637,4.142963e-09,SORBI_3001G188900,0.523373
13S-HOTrE,LIN,individual,1:16739637,1,16739637,4.142963e-09,SORBI_3001G188400,0.52249
13S-HOTrE,LIN,individual,1:16739637,1,16739637,4.142963e-09,SORBI_3001G188800,0.52214
13S-HOTrE,LIN,individual,1:16739637,1,16739637,4.142963e-09,SORBI_3001G189000,0.520582
13S-HOTrE,LIN,individual,1:16739637,1,16739637,4.142963e-09,SORBI_3001G188900,0.519247
13S-HOTrE,LIN,individual,1:16739637,1,16739637,4.142963e-09,SORBI_3001G187800,0.516838
13S-HOTrE,LIN,individual,1:16739637,1,16739637,4.142963e-09,SORBI_3001G188400,0.516453
13S-HOTrE,LIN,individual,1:16739637,1,16739637,4.142963e-09,SORBI_3001G188500,0.516453
13S-HOTrE,LIN,individual,1:16739637,1,16739637,4.142963e-09,SORBI_3001G188800,0.516453
13S-HOTrE,LIN,individual,1:16739637,1,16739637,4.142963e-09,SORBI_3001G188900,0.516453
13S-HOTrE,LIN,individual,1:16739637,1,16739637,4.142963e-09,SORBI_3001G188400,0.516345
13S-HOTrE,LIN,individual,1:16739637,1,16739637,4.142963e-09,SORBI_3001G188500,0.516345
13S-HOTrE,LIN,individual,1:16739637,1,16739637,4.142963e-09,SORBI_3001G188900,0.516345
13S-HOTrE,LIN,individual,1:16739637,1,16739637,4.142963e-09,SORBI_3001G188700,0.512867
13S-HOTrE,LIN,individual,1:16739637,1,16739637,4.142963e-09,SORBI_3001G188400,0.512667
13S-HOTrE,LIN,individual,1:16739637,1,16739637,4.142963e-09,SORBI_3001G188500,0.512667
13S-HOTrE,LIN,individual,1:16739637,1,16739637,4.142963e-09,SORBI_3001G188900,0.512667
13S-HOTrE,LIN,individual,1:16739637,1,16739637,4.142963e-09,SORBI_3001G188400,0.509489
13S-HOTrE,LIN,individual,1:16739637,1,16739637,4.142963e-09,SORBI_3001G188500,0.509489
13S-HOTrE,LIN,individual,1:16739637,1,16739637,4.142963e-09,SORBI_3001G188600,0.509489
13S-HOTrE,LIN,individual,1:16739637,1,16739637,4.142963e-09,SORBI_3001G188700,0.509489
13S-HOTrE,LIN,individual,1:16739637,1,16739637,4.142963e-09,SORBI_3001G188900,0.509489
13S-HOTrE,LIN,individual,1:16739637,1,16739637,4.142963e-09,SORBI_3001G189000,0.509489
13S-HOTrE,LIN,individual,1:16739637,1,16739637,4.142963e-09,SORBI_3001G188700,0.509351
13S-HOTrE,LIN,individual,1:16739637,1,16739637,4.142963e-09,SORBI_3001G188700,0.509239
13S-HOTrE,LIN,individual,1:16739637,1,16739637,4.142963e-09,SORBI_3001G188500,0.508765
13S-HOTrE,LIN,individual,1:16739637,1,16739637,4.142963e-09,SORBI_3001G188900,0.508765
13S-HOTrE,LIN,individual,1:16739637,1,16739637,4.142963e-09,SORBI_3001G188900,0.503091
13S-HOTrE,LIN,individual,1:16739637,1,16739637,4.142963e-09,SORBI_3001G188900,0.502967
13S-HOTrE,LIN,individual,1:16739637,1,16739637,4.142963e-09,SORBI_3001G188800,0.502517
13S-HOTrE,LIN,individual,1:16739637,1,16739637,4.142963e-09,SORBI_3001G188400,0.502498
13S-HOTrE,LIN,individual,1:16739637,1,16739637,4.142963e-09,SORBI_3001G188900,0.502498
13S-HOTrE,LIN,individual,1:16739637,1,16739637,4.142963e-09,SORBI_3001G188700,0.502347
13S-HOTrE,LIN,individual,1:16739637,1,16739637,4.142963e-09,SORBI_3001G188500,0.498954
13S-HOTrE,LIN,individual,1:16739637,1,16739637,4.142963e-09,SORBI_3001G188900,0.498954
13S-HOTrE,LIN,individual,1:16739637,1,16739637,4.142963e-09,SORBI_3001G188700,0.498843
13S-HOTrE,LIN,individual,1:16739637,1,16739637,4.142963e-09,SORBI_3001G188700,0.498512
13S-HOTrE,LIN,individual,1:16739637,1,16739637,4.142963e-09,SORBI_3001G188900,0.497938
13S-HOTrE,LIN,individual,1:16739637,1,16739637,4.142963e-09,SORBI_3001G191500,0.496083
13S-HOTrE,LIN,individual,1:16739637,1,16739637,4.142963e-09,SORBI_3001G188400,0.495675
13S-HOTrE,LIN,individual,1:16739637,1,16739637,4.142963e-09,SORBI_3001G188400,0.49565
13S-HOTrE,LIN,individual,1:16739637,1,16739637,4.142963e-09,SORBI_3001G188500,0.49565
13S-HOTrE,LIN,individual,1:16739637,1,16739637,4.142963e-09,SORBI_3001G188900,0.49565
13S-HOTrE,LIN,individual,1:16739637,1,16739637,4.142963e-09,SORBI_3001G187700,0.495386
13S-HOTrE,LIN,individual,1:16739637,1,16739637,4.142963e-09,SORBI_3001G188400,0.495099
13S-HOTrE,LIN,individual,1:16739637,1,16739637,4.142963e-09,SORBI_3001G188700,0.494896
13S-HOTrE,LIN,individual,1:16739637,1,16739637,4.142963e-09,SORBI_3001G188900,0.494855
13S-HOTrE,LIN,individual,1:16739637,1,16739637,4.142963e-09,SORBI_3001G187600,0.493537
13S-HOTrE,LIN,individual,1:16739637,1,16739637,4.142963e-09,SORBI_3001G187700,0.493537
13S-HOTrE,LIN,individual,1:16739637,1,16739637,4.142963e-09,SORBI_3001G188900,0.49345
13S-HOTrE,LIN,individual,1:16739637,1,16739637,4.142963e-09,SORBI_3001G188700,0.493022
13S-HOTrE,LIN,individual,1:16739637,1,16739637,4.142963e-09,SORBI_3001G187600,0.492432
13S-HOTrE,LIN,individual,1:16739637,1,16739637,4.142963e-09,SORBI_3001G187700,0.492432
13S-HOTrE,LIN,individual,1:16739637,1,16739637,4.142963e-09,SORBI_3001G188700,0.492208
13S-HOTrE,LIN,individual,1:16739637,1,16739637,4.142963e-09,SORBI_3001G188900,0.491592
13S-HOTrE,LIN,individual,1:16739637,1,16739637,4.142963e-09,SORBI_3001G187600,0.49159
13S-HOTrE,LIN,individual,1:16739637,1,16739637,4.142963e-09,SORBI_3001G187700,0.49159
13S-HOTrE,LIN,individual,1:16739637,1,16739637,4.142963e-09,SORBI_3001G188900,0.491589
13S-HOTrE,LIN,individual,1:16739637,1,16739637,4.142963e-09,SORBI_3001G188700,0.490114
13S-HOTrE,LIN,individual,1:16739637,1,16739637,4.142963e-09,SORBI_3001G188700,0.488079
13S-HOTrE,LIN,individual,1:16739637,1,16739637,4.142963e-09,SORBI_3001G187800,0.487025
13S-HOTrE,LIN,individual,1:16739637,1,16739637,4.142963e-09,SORBI_3001G188700,0.486677
13S-HOTrE,LIN,individual,1:16739637,1,16739637,4.142963e-09,SORBI_3001G188700,0.486108
13S-HOTrE,LIN,individual,1:16739637,1,16739637,4.142963e-09,SORBI_3001G187600,0.486029
13S-HOTrE,LIN,individual,1:16739637,1,16739637,4.142963e-09,SORBI_3001G188100,0.485382
13S-HOTrE,LIN,individual,1:16739637,1,16739637,4.142963e-09,SORBI_3001G188500,0.485299
13S-HOTrE,LIN,individual,1:16739637,1,16739637,4.142963e-09,SORBI_3001G188900,0.485299
13S-HOTrE,LIN,individual,1:16739637,1,16739637,4.142963e-09,SORBI_3001G188500,0.48186
13S-HOTrE,LIN,individual,1:16739637,1,16739637,4.142963e-09,SORBI_3001G187600,0.481849
13S-HOTrE,LIN,individual,1:16739637,1,16739637,4.142963e-09,SORBI_3001G187600,0.479385
13S-HOTrE,LIN,individual,1:16739637,1,16739637,4.142963e-09,SORBI_3001G187600,0.479312
13S-HOTrE,LIN,individual,1:16739637,1,16739637,4.142963e-09,SORBI_3001G188700,0.479155
13S-HOTrE,LIN,individual,1:16739637,1,16739637,4.142963e-09,SORBI_3001G187600,0.478175
13S-HOTrE,LIN,individual,1:16739637,1,16739637,4.142963e-09,SORBI_3001G188700,0.478031
13S-HOTrE,LIN,individual,1:16739637,1,16739637,4.142963e-09,SORBI_3001G188700,0.477942
13S-HOTrE,LIN,individual,1:16739637,1,16739637,4.142963e-09,SORBI_3001G188400,0.477469
13S-HOTrE,LIN,individual,1:16739637,1,16739637,4.142963e-09,SORBI_3001G187600,0.47731
13S-HOTrE,LIN,individual,1:16739637,1,16739637,4.142963e-09,SORBI_3001G187700,0.47731
13S-HOTrE,LIN,individual,1:16739637,1,16739637,4.142963e-09,SORBI_3001G188700,0.475916
13S-HOTrE,LIN,individual,1:16739637,1,16739637,4.142963e-09,SORBI_3001G188700,0.47466
13S-HOTrE,LIN,individual,1:16739637,1,16739637,4.142963e-09,SORBI_3001G188400,0.474624
13S-HOTrE,LIN,individual,1:16739637,1,16739637,4.142963e-09,SORBI_3001G188700,0.47386
13S-HOTrE,LIN,individual,1:16739637,1,16739637,4.142963e-09,SORBI_3001G188700,0.471866
13S-HOTrE,LIN,individual,1:16739637,1,16739637,4.142963e-09,SORBI_3001G191200,0.47016
13S-HOTrE,LIN,individual,1:16739637,1,16739637,4.142963e-09,SORBI_3001G188700,0.469939
13S-HOTrE,LIN,individual,1:16739637,1,16739637,4.142963e-09,SORBI_3001G187800,0.469851
13S-HOTrE,LIN,individual,1:16739637,1,16739637,4.142963e-09,SORBI_3001G187800,0.468777
13S-HOTrE,LIN,individual,1:16739637,1,16739637,4.142963e-09,SORBI_3001G188100,0.468777
13S-HOTrE,LIN,individual,1:16739637,1,16739637,4.142963e-09,SORBI_3001G188900,0.468121
13S-HOTrE,LIN,individual,1:16739637,1,16739637,4.142963e-09,SORBI_3001G187600,0.467995
13S-HOTrE,LIN,individual,1:16739637,1,16739637,4.142963e-09,SORBI_3001G188900,0.464833
13S-HOTrE,LIN,individual,1:16739637,1,16739637,4.142963e-09,SORBI_3001G187600,0.463944
13S-HOTrE,LIN,individual,1:16739637,1,16739637,4.142963e-09,SORBI_3001G187600,0.463056
13S-HOTrE,LIN,individual,1:16739637,1,16739637,4.142963e-09,SORBI_3001G187800,0.463056
13S-HOTrE,LIN,individual,1:16739637,1,16739637,4.142963e-09,SORBI_3001G187600,0.461958
13S-HOTrE,LIN,individual,1:16739637,1,16739637,4.142963e-09,SORBI_3001G188700,0.461768
13S-HOTrE,LIN,individual,1:16739637,1,16739637,4.142963e-09,SORBI_3001G187800,0.458839
13S-HOTrE,LIN,individual,1:16739637,1,16739637,4.142963e-09,SORBI_3001G187800,0.457088
13S-HOTrE,LIN,individual,1:16739637,1,16739637,4.142963e-09,SORBI_3001G187800,0.455676
13S-HOTrE,LIN,individual,1:16739637,1,16739637,4.142963e-09,SORBI_3001G187800,0.454572
13S-HOTrE,LIN,individual,1:16739637,1,16739637,4.142963e-09,SORBI_3001G187900,0.454572
13S-HOTrE,LIN,individual,1:16739637,1,16739637,4.142963e-09,SORBI_3001G188100,0.454572
13S-HOTrE,LIN,individual,1:16739637,1,16739637,4.142963e-09,SORBI_3001G187800,0.453747
13S-HOTrE,LIN,individual,1:16739637,1,16739637,4.142963e-09,SORBI_3001G188000,0.453747
13S-HOTrE,LIN,individual,1:16739637,1,16739637,4.142963e-09,SORBI_3001G188100,0.453747
13S-HOTrE,LIN,individual,1:16739637,1,16739637,4.142963e-09,SORBI_3001G187800,0.453598
13S-HOTrE,LIN,individual,1:16739637,1,16739637,4.142963e-09,SORBI_3001G187700,0.453177
13S-HOTrE,LIN,individual,1:16739637,1,16739637,4.142963e-09,SORBI_3001G187800,0.453177
13S-HOTrE,LIN,individual,1:16739637,1,16739637,4.142963e-09,SORBI_3001G187900,0.453177
13S-HOTrE,LIN,individual,1:16739637,1,16739637,4.142963e-09,SORBI_3001G188000,0.453177
13S-HOTrE,LIN,individual,1:16739637,1,16739637,4.142963e-09,SORBI_3001G188100,0.453177
13S-HOTrE,LIN,individual,1:16739637,1,16739637,4.142963e-09,SORBI_3001G188700,0.452613
13S-HOTrE,LIN,individual,1:16739637,1,16739637,4.142963e-09,SORBI_3001G187800,0.448827
13S-HOTrE,LIN,individual,1:16739637,1,16739637,4.142963e-09,SORBI_3001G188100,0.448827
13S-HOTrE,LIN,individual,1:16739637,1,16739637,4.142963e-09,SORBI_3001G187800,0.44818
13S-HOTrE,LIN,individual,1:16739637,1,16739637,4.142963e-09,SORBI_3001G187900,0.44818
13S-HOTrE,LIN,individual,1:16739637,1,16739637,4.142963e-09,SORBI_3001G187800,0.447774
13S-HOTrE,LIN,individual,1:16739637,1,16739637,4.142963e-09,SORBI_3001G187900,0.447774
13S-HOTrE,LIN,individual,1:16739637,1,16739637,4.142963e-09,SORBI_3001G187600,0.447149
13S-HOTrE,LIN,individual,1:16739637,1,16739637,4.142963e-09,SORBI_3001G188700,0.44188
13S-HOTrE,LIN,individual,1:16739637,1,16739637,4.142963e-09,SORBI_3001G188000,0.440392
13S-HOTrE,LIN,individual,1:16739637,1,16739637,4.142963e-09,SORBI_3001G187800,0.439546
13S-HOTrE,LIN,individual,1:16739637,1,16739637,4.142963e-09,SORBI_3001G187800,0.438962
13S-HOTrE,LIN,individual,1:16739637,1,16739637,4.142963e-09,SORBI_3001G187900,0.438962
13S-HOTrE,LIN,individual,1:16739637,1,16739637,4.142963e-09,SORBI_3001G188000,0.438962
13S-HOTrE,LIN,individual,1:16739637,1,16739637,4.142963e-09,SORBI_3001G188100,0.438962
13S-HOTrE,LIN,individual,1:16739637,1,16739637,4.142963e-09,SORBI_3001G187800,0.43396
13S-HOTrE,LIN,individual,1:16739637,1,16739637,4.142963e-09,SORBI_3001G187800,0.433546
13S-HOTrE,LIN,individual,1:16739637,1,16739637,4.142963e-09,SORBI_3001G188000,0.433546
13S-HOTrE,LIN,individual,1:16739637,1,16739637,4.142963e-09,SORBI_3001G187600,0.431365
13S-HOTrE,LIN,individual,1:16739637,1,16739637,4.142963e-09,SORBI_3001G188100,0.424772
13S-HOTrE,LIN,individual,1:16739637,1,16739637,4.142963e-09,SORBI_3001G187800,0.424536
13S-HOTrE,LIN,individual,1:16739637,1,16739637,4.142963e-09,SORBI_3001G187800,0.419765
13S-HOTrE,LIN,individual,1:16739637,1,16739637,4.142963e-09,SORBI_3001G187800,0.413387
13S-HOTrE,LIN,individual,1:16739637,1,16739637,4.142963e-09,SORBI_3001G188000,0.410607
13S-HOTrE,LIN,individual,1:16739637,1,16739637,4.142963e-09,SORBI_3001G187700,0.410398
13S-HOTrE,LIN,individual,1:16739637,1,16739637,4.142963e-09,SORBI_3001G191500,0.410251
13S-HOTrE,LIN,individual,1:16739637,1,16739637,4.142963e-09,SORBI_3001G191200,0.410127
13S-HOTrE,LIN,individual,1:16739637,1,16739637,4.142963e-09,SORBI_3001G191400,0.410127
13S-HOTrE,LIN,individual,1:16739637,1,16739637,4.142963e-09,SORBI_3001G191500,0.410127
13S-HOTrE,LIN,individual,1:16739637,1,16739637,4.142963e-09,SORBI_3001G191200,0.409811
13S-HOTrE,LIN,individual,1:16739637,1,16739637,4.142963e-09,SORBI_3001G189100,0.40583
13S-HOTrE,LIN,individual,1:16739637,1,16739637,4.142963e-09,SORBI_3001G190900,0.404013
13S-HOTrE,LIN,individual,4:1382812,4,1382812,4.170812e-09,SORBI_3004G017500,0.813952
13S-HOTrE,LIN,individual,4:1382812,4,1382812,4.170812e-09,SORBI_3004G017700,0.499446
13S-HOTrE,LIN,individual,4:1382812,4,1382812,4.170812e-09,SORBI_3004G017700,0.495276
13S-HOTrE,LIN,individual,4:1382812,4,1382812,4.170812e-09,SORBI_3004G017100,0.470849
13S-HOTrE,LIN,individual,4:1382812,4,1382812,4.170812e-09,SORBI_3004G017200,0.421625
13S-HOTrE,LIN,individual,3:69040343,3,69040343,4.179111e-09,SORBI_3003G375900,0.951179
13S-HOTrE,LIN,individual,3:69040343,3,69040343,4.179111e-09,SORBI_3003G375900,0.941725
13S-HOTrE,LIN,individual,3:69040343,3,69040343,4.179111e-09,SORBI_3003G375900,0.94111
13S-HOTrE,LIN,individual,3:69040343,3,69040343,4.179111e-09,SORBI_3003G375900,0.931472
13S-HOTrE,LIN,individual,3:69040343,3,69040343,4.179111e-09,SORBI_3003G375900,0.921397
13S-HOTrE,LIN,individual,3:69040343,3,69040343,4.179111e-09,SORBI_3003G375800,0.912076
13S-HOTrE,LIN,individual,3:69040343,3,69040343,4.179111e-09,SORBI_3003G375800,0.902049
13S-HOTrE,LIN,individual,3:69040343,3,69040343,4.179111e-09,SORBI_3003G375500,0.822099
13S-HOTrE,LIN,individual,3:69040343,3,69040343,4.179111e-09,SORBI_3003G375300,0.810058
13S-HOTrE,LIN,individual,3:69040343,3,69040343,4.179111e-09,SORBI_3003G375900,0.810058
13S-HOTrE,LIN,individual,3:69040343,3,69040343,4.179111e-09,SORBI_3003G375400,0.798413
13S-HOTrE,LIN,individual,3:69040343,3,69040343,4.179111e-09,SORBI_3003G375500,0.798413
13S-HOTrE,LIN,individual,3:69040343,3,69040343,4.179111e-09,SORBI_3003G375400,0.786857
13S-HOTrE,LIN,individual,3:69040343,3,69040343,4.179111e-09,SORBI_3003G376000,0.759862
13S-HOTrE,LIN,individual,3:69040343,3,69040343,4.179111e-09,SORBI_3003G373900,0.721733
13S-HOTrE,LIN,individual,3:69040343,3,69040343,4.179111e-09,SORBI_3003G374000,0.683821
13S-HOTrE,LIN,individual,3:69040343,3,69040343,4.179111e-09,SORBI_3003G374100,0.672174
13S-HOTrE,LIN,individual,3:69040343,3,69040343,4.179111e-09,SORBI_3003G376000,0.671495
13S-HOTrE,LIN,individual,3:69040343,3,69040343,4.179111e-09,SORBI_3003G375900,0.650904
13S-HOTrE,LIN,individual,3:69040343,3,69040343,4.179111e-09,SORBI_3003G374100,0.646127
13S-HOTrE,LIN,individual,3:69040343,3,69040343,4.179111e-09,SORBI_3003G374200,0.646127
13S-HOTrE,LIN,individual,3:69040343,3,69040343,4.179111e-09,SORBI_3003G375700,0.641954
13S-HOTrE,LIN,individual,3:69040343,3,69040343,4.179111e-09,SORBI_3003G374000,0.63989
13S-HOTrE,LIN,individual,3:69040343,3,69040343,4.179111e-09,SORBI_3003G374200,0.635531
13S-HOTrE,LIN,individual,3:69040343,3,69040343,4.179111e-09,SORBI_3003G374200,0.625102
13S-HOTrE,LIN,individual,3:69040343,3,69040343,4.179111e-09,SORBI_3003G375700,0.618026
13S-HOTrE,LIN,individual,3:69040343,3,69040343,4.179111e-09,SORBI_3003G375700,0.615093
13S-HOTrE,LIN,individual,3:69040343,3,69040343,4.179111e-09,SORBI_3003G374500,0.605683
13S-HOTrE,LIN,individual,3:69040343,3,69040343,4.179111e-09,SORBI_3003G374600,0.604207
13S-HOTrE,LIN,individual,3:69040343,3,69040343,4.179111e-09,SORBI_3003G373500,0.588799
13S-HOTrE,LIN,individual,3:69040343,3,69040343,4.179111e-09,SORBI_3003G374600,0.584074
13S-HOTrE,LIN,individual,3:69040343,3,69040343,4.179111e-09,SORBI_3003G374700,0.584074
13S-HOTrE,LIN,individual,3:69040343,3,69040343,4.179111e-09,SORBI_3003G375000,0.584074
13S-HOTrE,LIN,individual,3:69040343,3,69040343,4.179111e-09,SORBI_3003G375200,0.584074
13S-HOTrE,LIN,individual,3:69040343,3,69040343,4.179111e-09,SORBI_3003G375200,0.57673
13S-HOTrE,LIN,individual,3:69040343,3,69040343,4.179111e-09,SORBI_3003G375200,0.572416
13S-HOTrE,LIN,individual,3:69040343,3,69040343,4.179111e-09,SORBI_3003G375200,0.564964
13S-HOTrE,LIN,individual,3:69040343,3,69040343,4.179111e-09,SORBI_3003G374500,0.560839
13S-HOTrE,LIN,individual,3:69040343,3,69040343,4.179111e-09,SORBI_3003G373600,0.557824
13S-HOTrE,LIN,individual,3:69040343,3,69040343,4.179111e-09,SORBI_3003G374850,0.556928
13S-HOTrE,LIN,individual,3:69040343,3,69040343,4.179111e-09,SORBI_3003G373600,0.545257
13S-HOTrE,LIN,individual,3:69040343,3,69040343,4.179111e-09,SORBI_3003G373500,0.536883
13S-HOTrE,LIN,individual,3:69040343,3,69040343,4.179111e-09,SORBI_3003G373600,0.532719
13S-HOTrE,LIN,individual,3:69040343,3,69040343,4.179111e-09,SORBI_3003G373500,0.528351
13S-HOTrE,LIN,individual,3:69040343,3,69040343,4.179111e-09,SORBI_3003G376000,0.515564
13S-HOTrE,LIN,individual,3:69040343,3,69040343,4.179111e-09,SORBI_3003G374700,0.508904
13S-HOTrE,LIN,individual,3:69040343,3,69040343,4.179111e-09,SORBI_3003G372700,0.474787
13S-HOTrE,LIN,individual,3:69040343,3,69040343,4.179111e-09,SORBI_3003G372800,0.474787
13S-HOTrE,LIN,individual,3:69040343,3,69040343,4.179111e-09,SORBI_3003G372850,0.474787
13S-HOTrE,LIN,individual,3:69040343,3,69040343,4.179111e-09,SORBI_3003G373100,0.473804
13S-HOTrE,LIN,individual,3:69040343,3,69040343,4.179111e-09,SORBI_3003G373100,0.461423
13S-HOTrE,LIN,individual,3:69040343,3,69040343,4.179111e-09,SORBI_3003G372750,0.452029
13S-HOTrE,LIN,individual,3:69040343,3,69040343,4.179111e-09,SORBI_3003G374700,0.449299
13S-HOTrE,LIN,individual,3:69040343,3,69040343,4.179111e-09,SORBI_3003G376800,0.449259
13S-HOTrE,LIN,individual,3:69040343,3,69040343,4.179111e-09,SORBI_3003G373100,0.44907
13S-HOTrE,LIN,individual,3:69040343,3,69040343,4.179111e-09,SORBI_3003G376800,0.442828
13S-HOTrE,LIN,individual,3:69040343,3,69040343,4.179111e-09,SORBI_3003G374400,0.415087
13S-HOTrE,LIN,individual,3:69040343,3,69040343,4.179111e-09,SORBI_3003G374700,0.400655
13S-HOTrE,LIN,individual,3:69040343,3,69040343,4.179111e-09,SORBI_3003G373000,0.400467
13S-HOTrE,LIN,individual,10:43538026,10,43538026,4.206778e-09,SORBI_3010G151000,0.47709
13S-HOTrE,LIN,individual,10:43538026,10,43538026,4.206778e-09,SORBI_3010G151000,0.462321
13S-HOTrE,LIN,individual,10:43538026,10,43538026,4.206778e-09,SORBI_3010G151000,0.452911
13S-HOTrE,LIN,individual,10:43538026,10,43538026,4.206778e-09,SORBI_3010G151000,0.451733
13S-HOTrE,LIN,individual,10:43538026,10,43538026,4.206778e-09,SORBI_3010G151000,0.445493
13S-HOTrE,LIN,individual,10:43538026,10,43538026,4.206778e-09,SORBI_3010G150900,0.434778
13S-HOTrE,LIN,individual,10:43538026,10,43538026,4.206778e-09,SORBI_3010G151000,0.434778
13S-HOTrE,LIN,individual,10:43538026,10,43538026,4.206778e-09,SORBI_3010G150600,0.425017
13S-HOTrE,LIN,individual,10:43538026,10,43538026,4.206778e-09,SORBI_3010G151000,0.425017
13S-HOTrE,LIN,individual,10:43538026,10,43538026,4.206778e-09,SORBI_3010G150900,0.417456
13S-HOTrE,LIN,individual,10:43538026,10,43538026,4.206778e-09,SORBI_3010G151000,0.417456
13S-HOTrE,LIN,individual,10:43538026,10,43538026,4.206778e-09,SORBI_3010G150800,0.415566
13S-HOTrE,LIN,individual,10:43538026,10,43538026,4.206778e-09,SORBI_3010G151000,0.413353
13S-HOTrE,LIN,individual,10:43538026,10,43538026,4.206778e-09,SORBI_3010G150325,0.410662
13S-HOTrE,LIN,individual,10:43538026,10,43538026,4.206778e-09,SORBI_3010G150575,0.410662
13S-HOTrE,LIN,individual,10:43538026,10,43538026,4.206778e-09,SORBI_3010G150600,0.410662
13S-HOTrE,LIN,individual,10:43538026,10,43538026,4.206778e-09,SORBI_3010G150700,0.410662
13S-HOTrE,LIN,individual,10:43538026,10,43538026,4.206778e-09,SORBI_3010G150700,0.407549
13S-HOTrE,LIN,individual,10:43538026,10,43538026,4.206778e-09,SORBI_3010G150800,0.406521
13S-HOTrE,LIN,individual,10:43538026,10,43538026,4.206778e-09,SORBI_3010G151000,0.405884
13S-HOTrE,LIN,individual,10:43538026,10,43538026,4.206778e-09,SORBI_3010G150800,0.404055
13S-HOTrE,LIN,individual,10:43538026,10,43538026,4.206778e-09,SORBI_3010G150900,0.401186
13S-HOTrE,LIN,individual,10:43538026,10,43538026,4.206778e-09,SORBI_3010G151000,0.401186
13S-HOTrE,LIN,individual,10:43538026,10,43538026,4.206778e-09,SORBI_3010G151000,0.401123
13S-HOTrE,LIN,individual,10:43538026,10,43538026,4.206778e-09,SORBI_3010G151000,0.401059
13S-HOTrE,LIN,individual,10:43538026,10,43538026,4.206778e-09,SORBI_3010G150700,0.40022
13S-HOTrE,LIN,individual,10:43538026,10,43538026,4.206778e-09,SORBI_3010G150900,0.40022
13S-HOTrE,LIN,individual,10:43538026,10,43538026,4.206778e-09,SORBI_3010G151000,0.40022
13S-HOTrE,LIN,individual,9:46917009,9,46917009,4.248992e-09,SORBI_3009G119700,0.914598
13S-HOTrE,LIN,individual,9:46917009,9,46917009,4.248992e-09,SORBI_3009G119700,0.903719
13S-HOTrE,LIN,individual,9:46917009,9,46917009,4.248992e-09,SORBI_3009G119800,0.885389
13S-HOTrE,LIN,individual,9:46917009,9,46917009,4.248992e-09,SORBI_3009G119700,0.869234
13S-HOTrE,LIN,individual,9:46917009,9,46917009,4.248992e-09,SORBI_3009G119501,0.868581
13S-HOTrE,LIN,individual,9:46917009,9,46917009,4.248992e-09,SORBI_3009G119501,0.866541
13S-HOTrE,LIN,individual,9:46917009,9,46917009,4.248992e-09,SORBI_3009G119700,0.863907
13S-HOTrE,LIN,individual,9:46917009,9,46917009,4.248992e-09,SORBI_3009G119800,0.863907
13S-HOTrE,LIN,individual,9:46917009,9,46917009,4.248992e-09,SORBI_3009G119800,0.853227
13S-HOTrE,LIN,individual,9:46917009,9,46917009,4.248992e-09,SORBI_3009G119400,0.845303
13S-HOTrE,LIN,individual,9:46917009,9,46917009,4.248992e-09,SORBI_3009G119700,0.84262
13S-HOTrE,LIN,individual,9:46917009,9,46917009,4.248992e-09,SORBI_3009G119700,0.841245
13S-HOTrE,LIN,individual,9:46917009,9,46917009,4.248992e-09,SORBI_3009G119700,0.835461
13S-HOTrE,LIN,individual,9:46917009,9,46917009,4.248992e-09,SORBI_3009G119700,0.83209
13S-HOTrE,LIN,individual,9:46917009,9,46917009,4.248992e-09,SORBI_3009G119501,0.811492
13S-HOTrE,LIN,individual,9:46917009,9,46917009,4.248992e-09,SORBI_3009G119400,0.746806
13S-HOTrE,LIN,individual,9:46917009,9,46917009,4.248992e-09,SORBI_3009G119700,0.741687
13S-HOTrE,LIN,individual,9:46917009,9,46917009,4.248992e-09,SORBI_3009G119300,0.738324
13S-HOTrE,LIN,individual,9:46917009,9,46917009,4.248992e-09,SORBI_3009G119600,0.574755
13S-HOTrE,LIN,individual,1:16736651,1,16736651,4.438083e-09,SORBI_3001G189300,1
13S-HOTrE,LIN,individual,1:16736651,1,16736651,4.438083e-09,SORBI_3001G189300,1
13S-HOTrE,LIN,individual,1:16736651,1,16736651,4.438083e-09,SORBI_3001G189300,0.991236
13S-HOTrE,LIN,individual,1:16736651,1,16736651,4.438083e-09,SORBI_3001G189300,0.983033
13S-HOTrE,LIN,individual,1:16736651,1,16736651,4.438083e-09,SORBI_3001G189300,0.982205
13S-HOTrE,LIN,individual,1:16736651,1,16736651,4.438083e-09,SORBI_3001G189300,0.974009
13S-HOTrE,LIN,individual,1:16736651,1,16736651,4.438083e-09,SORBI_3001G189300,0.972956
13S-HOTrE,LIN,individual,1:16736651,1,16736651,4.438083e-09,SORBI_3001G189300,0.96888
13S-HOTrE,LIN,individual,1:16736651,1,16736651,4.438083e-09,SORBI_3001G189300,0.967184
13S-HOTrE,LIN,individual,1:16736651,1,16736651,4.438083e-09,SORBI_3001G189300,0.966337
13S-HOTrE,LIN,individual,1:16736651,1,16736651,4.438083e-09,SORBI_3001G189300,0.965569
13S-HOTrE,LIN,individual,1:16736651,1,16736651,4.438083e-09,SORBI_3001G189300,0.96449
13S-HOTrE,LIN,individual,1:16736651,1,16736651,4.438083e-09,SORBI_3001G189300,0.962194
13S-HOTrE,LIN,individual,1:16736651,1,16736651,4.438083e-09,SORBI_3001G189300,0.957274
13S-HOTrE,LIN,individual,1:16736651,1,16736651,4.438083e-09,SORBI_3001G189300,0.956575
13S-HOTrE,LIN,individual,1:16736651,1,16736651,4.438083e-09,SORBI_3001G189300,0.955912
13S-HOTrE,LIN,individual,1:16736651,1,16736651,4.438083e-09,SORBI_3001G189300,0.955111
13S-HOTrE,LIN,individual,1:16736651,1,16736651,4.438083e-09,SORBI_3001G189300,0.954546
13S-HOTrE,LIN,individual,1:16736651,1,16736651,4.438083e-09,SORBI_3001G189300,0.948263
13S-HOTrE,LIN,individual,1:16736651,1,16736651,4.438083e-09,SORBI_3001G189300,0.948072
13S-HOTrE,LIN,individual,1:16736651,1,16736651,4.438083e-09,SORBI_3001G189300,0.947711
13S-HOTrE,LIN,individual,1:16736651,1,16736651,4.438083e-09,SORBI_3001G189300,0.947482
13S-HOTrE,LIN,individual,1:16736651,1,16736651,4.438083e-09,SORBI_3001G189300,0.946937
13S-HOTrE,LIN,individual,1:16736651,1,16736651,4.438083e-09,SORBI_3001G189300,0.93849
13S-HOTrE,LIN,individual,1:16736651,1,16736651,4.438083e-09,SORBI_3001G189300,0.937432
13S-HOTrE,LIN,individual,1:16736651,1,16736651,4.438083e-09,SORBI_3001G189300,0.937001
13S-HOTrE,LIN,individual,1:16736651,1,16736651,4.438083e-09,SORBI_3001G189300,0.928068
13S-HOTrE,LIN,individual,1:16736651,1,16736651,4.438083e-09,SORBI_3001G189300,0.894624
13S-HOTrE,LIN,individual,1:16736651,1,16736651,4.438083e-09,SORBI_3001G189300,0.866199
13S-HOTrE,LIN,individual,1:16736651,1,16736651,4.438083e-09,SORBI_3001G189400,0.859067
13S-HOTrE,LIN,individual,1:16736651,1,16736651,4.438083e-09,SORBI_3001G187500,0.821706
13S-HOTrE,LIN,individual,1:16736651,1,16736651,4.438083e-09,SORBI_3001G187500,0.821645
13S-HOTrE,LIN,individual,1:16736651,1,16736651,4.438083e-09,SORBI_3001G187400,0.818331
13S-HOTrE,LIN,individual,1:16736651,1,16736651,4.438083e-09,SORBI_3001G187600,0.81413
13S-HOTrE,LIN,individual,1:16736651,1,16736651,4.438083e-09,SORBI_3001G187400,0.811302
13S-HOTrE,LIN,individual,1:16736651,1,16736651,4.438083e-09,SORBI_3001G187500,0.809795
13S-HOTrE,LIN,individual,1:16736651,1,16736651,4.438083e-09,SORBI_3001G187400,0.806681
13S-HOTrE,LIN,individual,1:16736651,1,16736651,4.438083e-09,SORBI_3001G189300,0.803993
13S-HOTrE,LIN,individual,1:16736651,1,16736651,4.438083e-09,SORBI_3001G187500,0.803008
13S-HOTrE,LIN,individual,1:16736651,1,16736651,4.438083e-09,SORBI_3001G187500,0.796922
13S-HOTrE,LIN,individual,1:16736651,1,16736651,4.438083e-09,SORBI_3001G187500,0.796507
13S-HOTrE,LIN,individual,1:16736651,1,16736651,4.438083e-09,SORBI_3001G187400,0.795792
13S-HOTrE,LIN,individual,1:16736651,1,16736651,4.438083e-09,SORBI_3001G187500,0.795766
13S-HOTrE,LIN,individual,1:16736651,1,16736651,4.438083e-09,SORBI_3001G187500,0.795621
13S-HOTrE,LIN,individual,1:16736651,1,16736651,4.438083e-09,SORBI_3001G187500,0.791755
13S-HOTrE,LIN,individual,1:16736651,1,16736651,4.438083e-09,SORBI_3001G187500,0.791683
13S-HOTrE,LIN,individual,1:16736651,1,16736651,4.438083e-09,SORBI_3001G187500,0.791315
13S-HOTrE,LIN,individual,1:16736651,1,16736651,4.438083e-09,SORBI_3001G187500,0.787199
13S-HOTrE,LIN,individual,1:16736651,1,16736651,4.438083e-09,SORBI_3001G187400,0.78483
13S-HOTrE,LIN,individual,1:16736651,1,16736651,4.438083e-09,SORBI_3001G187400,0.784732
13S-HOTrE,LIN,individual,1:16736651,1,16736651,4.438083e-09,SORBI_3001G189600,0.783644
13S-HOTrE,LIN,individual,1:16736651,1,16736651,4.438083e-09,SORBI_3001G187500,0.7805
13S-HOTrE,LIN,individual,1:16736651,1,16736651,4.438083e-09,SORBI_3001G187400,0.780062
13S-HOTrE,LIN,individual,1:16736651,1,16736651,4.438083e-09,SORBI_3001G187500,0.778627
13S-HOTrE,LIN,individual,1:16736651,1,16736651,4.438083e-09,SORBI_3001G187400,0.773979
13S-HOTrE,LIN,individual,1:16736651,1,16736651,4.438083e-09,SORBI_3001G187400,0.772598
13S-HOTrE,LIN,individual,1:16736651,1,16736651,4.438083e-09,SORBI_3001G187500,0.769689
13S-HOTrE,LIN,individual,1:16736651,1,16736651,4.438083e-09,SORBI_3001G187800,0.768102
13S-HOTrE,LIN,individual,1:16736651,1,16736651,4.438083e-09,SORBI_3001G187400,0.763511
13S-HOTrE,LIN,individual,1:16736651,1,16736651,4.438083e-09,SORBI_3001G187800,0.757046
13S-HOTrE,LIN,individual,1:16736651,1,16736651,4.438083e-09,SORBI_3001G187400,0.755907
13S-HOTrE,LIN,individual,1:16736651,1,16736651,4.438083e-09,SORBI_3001G187400,0.754177
13S-HOTrE,LIN,individual,1:16736651,1,16736651,4.438083e-09,SORBI_3001G188900,0.737045
13S-HOTrE,LIN,individual,1:16736651,1,16736651,4.438083e-09,SORBI_3001G187400,0.73695
13S-HOTrE,LIN,individual,1:16736651,1,16736651,4.438083e-09,SORBI_3001G187500,0.734967
13S-HOTrE,LIN,individual,1:16736651,1,16736651,4.438083e-09,SORBI_3001G188900,0.733958
13S-HOTrE,LIN,individual,1:16736651,1,16736651,4.438083e-09,SORBI_3001G188900,0.732894
13S-HOTrE,LIN,individual,1:16736651,1,16736651,4.438083e-09,SORBI_3001G188800,0.731123
13S-HOTrE,LIN,individual,1:16736651,1,16736651,4.438083e-09,SORBI_3001G188900,0.731123
13S-HOTrE,LIN,individual,1:16736651,1,16736651,4.438083e-09,SORBI_3001G187400,0.729557
13S-HOTrE,LIN,individual,1:16736651,1,16736651,4.438083e-09,SORBI_3001G188900,0.722544
13S-HOTrE,LIN,individual,1:16736651,1,16736651,4.438083e-09,SORBI_3001G188900,0.719399
13S-HOTrE,LIN,individual,1:16736651,1,16736651,4.438083e-09,SORBI_3001G188900,0.714418
13S-HOTrE,LIN,individual,1:16736651,1,16736651,4.438083e-09,SORBI_3001G189000,0.713858
13S-HOTrE,LIN,individual,1:16736651,1,16736651,4.438083e-09,SORBI_3001G187800,0.711178
13S-HOTrE,LIN,individual,1:16736651,1,16736651,4.438083e-09,SORBI_3001G188900,0.702358
13S-HOTrE,LIN,individual,1:16736651,1,16736651,4.438083e-09,SORBI_3001G188100,0.700301
13S-HOTrE,LIN,individual,1:16736651,1,16736651,4.438083e-09,SORBI_3001G188900,0.69977
13S-HOTrE,LIN,individual,1:16736651,1,16736651,4.438083e-09,SORBI_3001G188900,0.696773
13S-HOTrE,LIN,individual,1:16736651,1,16736651,4.438083e-09,SORBI_3001G187800,0.694619
13S-HOTrE,LIN,individual,1:16736651,1,16736651,4.438083e-09,SORBI_3001G188900,0.694169
13S-HOTrE,LIN,individual,1:16736651,1,16736651,4.438083e-09,SORBI_3001G188900,0.690968
13S-HOTrE,LIN,individual,1:16736651,1,16736651,4.438083e-09,SORBI_3001G188900,0.690893
13S-HOTrE,LIN,individual,1:16736651,1,16736651,4.438083e-09,SORBI_3001G188900,0.688097
13S-HOTrE,LIN,individual,1:16736651,1,16736651,4.438083e-09,SORBI_3001G188900,0.679547
13S-HOTrE,LIN,individual,1:16736651,1,16736651,4.438083e-09,SORBI_3001G188900,0.676377
13S-HOTrE,LIN,individual,1:16736651,1,16736651,4.438083e-09,SORBI_3001G188900,0.668712
13S-HOTrE,LIN,individual,1:16736651,1,16736651,4.438083e-09,SORBI_3001G187500,0.661821
13S-HOTrE,LIN,individual,1:16736651,1,16736651,4.438083e-09,SORBI_3001G187800,0.661048
13S-HOTrE,LIN,individual,1:16736651,1,16736651,4.438083e-09,SORBI_3001G189000,0.659541
13S-HOTrE,LIN,individual,1:16736651,1,16736651,4.438083e-09,SORBI_3001G189300,0.658043
13S-HOTrE,LIN,individual,1:16736651,1,16736651,4.438083e-09,SORBI_3001G189300,0.649867
13S-HOTrE,LIN,individual,1:16736651,1,16736651,4.438083e-09,SORBI_3001G187800,0.643655
13S-HOTrE,LIN,individual,1:16736651,1,16736651,4.438083e-09,SORBI_3001G188700,0.640936
13S-HOTrE,LIN,individual,1:16736651,1,16736651,4.438083e-09,SORBI_3001G189300,0.640291
13S-HOTrE,LIN,individual,1:16736651,1,16736651,4.438083e-09,SORBI_3001G188900,0.636621
13S-HOTrE,LIN,individual,1:16736651,1,16736651,4.438083e-09,SORBI_3001G187800,0.634505
13S-HOTrE,LIN,individual,1:16736651,1,16736651,4.438083e-09,SORBI_3001G187500,0.631065
13S-HOTrE,LIN,individual,1:16736651,1,16736651,4.438083e-09,SORBI_3001G188700,0.629066
13S-HOTrE,LIN,individual,1:16736651,1,16736651,4.438083e-09,SORBI_3001G188700,0.627551
13S-HOTrE,LIN,individual,1:16736651,1,16736651,4.438083e-09,SORBI_3001G188700,0.626996
13S-HOTrE,LIN,individual,1:16736651,1,16736651,4.438083e-09,SORBI_3001G187800,0.626145
13S-HOTrE,LIN,individual,1:16736651,1,16736651,4.438083e-09,SORBI_3001G189200,0.622763
13S-HOTrE,LIN,individual,1:16736651,1,16736651,4.438083e-09,SORBI_3001G188700,0.622622
13S-HOTrE,LIN,individual,1:16736651,1,16736651,4.438083e-09,SORBI_3001G187800,0.618869
13S-HOTrE,LIN,individual,1:16736651,1,16736651,4.438083e-09,SORBI_3001G189200,0.615688
13S-HOTrE,LIN,individual,1:16736651,1,16736651,4.438083e-09,SORBI_3001G188700,0.615667
13S-HOTrE,LIN,individual,1:16736651,1,16736651,4.438083e-09,SORBI_3001G187800,0.615126
13S-HOTrE,LIN,individual,1:16736651,1,16736651,4.438083e-09,SORBI_3001G189000,0.615125
13S-HOTrE,LIN,individual,1:16736651,1,16736651,4.438083e-09,SORBI_3001G188700,0.615098
13S-HOTrE,LIN,individual,1:16736651,1,16736651,4.438083e-09,SORBI_3001G188700,0.614658
13S-HOTrE,LIN,individual,1:16736651,1,16736651,4.438083e-09,SORBI_3001G188700,0.61434
13S-HOTrE,LIN,individual,1:16736651,1,16736651,4.438083e-09,SORBI_3001G189200,0.613509
13S-HOTrE,LIN,individual,1:16736651,1,16736651,4.438083e-09,SORBI_3001G189300,0.613509
13S-HOTrE,LIN,individual,1:16736651,1,16736651,4.438083e-09,SORBI_3001G188700,0.610708
13S-HOTrE,LIN,individual,1:16736651,1,16736651,4.438083e-09,SORBI_3001G189200,0.60612
13S-HOTrE,LIN,individual,1:16736651,1,16736651,4.438083e-09,SORBI_3001G187700,0.606101
13S-HOTrE,LIN,individual,1:16736651,1,16736651,4.438083e-09,SORBI_3001G189300,0.60443
13S-HOTrE,LIN,individual,1:16736651,1,16736651,4.438083e-09,SORBI_3001G188700,0.603222
13S-HOTrE,LIN,individual,1:16736651,1,16736651,4.438083e-09,SORBI_3001G188700,0.602771
13S-HOTrE,LIN,individual,1:16736651,1,16736651,4.438083e-09,SORBI_3001G188700,0.602443
13S-HOTrE,LIN,individual,1:16736651,1,16736651,4.438083e-09,SORBI_3001G188700,0.602359
13S-HOTrE,LIN,individual,1:16736651,1,16736651,4.438083e-09,SORBI_3001G188700,0.598203
13S-HOTrE,LIN,individual,1:16736651,1,16736651,4.438083e-09,SORBI_3001G188700,0.598045
13S-HOTrE,LIN,individual,1:16736651,1,16736651,4.438083e-09,SORBI_3001G189200,0.597741
13S-HOTrE,LIN,individual,1:16736651,1,16736651,4.438083e-09,SORBI_3001G189200,0.596699
13S-HOTrE,LIN,individual,1:16736651,1,16736651,4.438083e-09,SORBI_3001G188700,0.590905
13S-HOTrE,LIN,individual,1:16736651,1,16736651,4.438083e-09,SORBI_3001G188700,0.590568
13S-HOTrE,LIN,individual,1:16736651,1,16736651,4.438083e-09,SORBI_3001G189000,0.589702
13S-HOTrE,LIN,individual,1:16736651,1,16736651,4.438083e-09,SORBI_3001G189100,0.589702
13S-HOTrE,LIN,individual,1:16736651,1,16736651,4.438083e-09,SORBI_3001G189100,0.588689
13S-HOTrE,LIN,individual,1:16736651,1,16736651,4.438083e-09,SORBI_3001G189200,0.588689
13S-HOTrE,LIN,individual,1:16736651,1,16736651,4.438083e-09,SORBI_3001G187800,0.587646
13S-HOTrE,LIN,individual,1:16736651,1,16736651,4.438083e-09,SORBI_3001G189000,0.586934
13S-HOTrE,LIN,individual,1:16736651,1,16736651,4.438083e-09,SORBI_3001G189000,0.58634
13S-HOTrE,LIN,individual,1:16736651,1,16736651,4.438083e-09,SORBI_3001G189300,0.584651
13S-HOTrE,LIN,individual,1:16736651,1,16736651,4.438083e-09,SORBI_3001G189000,0.582422
13S-HOTrE,LIN,individual,1:16736651,1,16736651,4.438083e-09,SORBI_3001G189000,0.58229
13S-HOTrE,LIN,individual,1:16736651,1,16736651,4.438083e-09,SORBI_3001G189000,0.581704
13S-HOTrE,LIN,individual,1:16736651,1,16736651,4.438083e-09,SORBI_3001G189100,0.581704
13S-HOTrE,LIN,individual,1:16736651,1,16736651,4.438083e-09,SORBI_3001G189200,0.581704
13S-HOTrE,LIN,individual,1:16736651,1,16736651,4.438083e-09,SORBI_3001G189000,0.581293
13S-HOTrE,LIN,individual,1:16736651,1,16736651,4.438083e-09,SORBI_3001G189000,0.579752
13S-HOTrE,LIN,individual,1:16736651,1,16736651,4.438083e-09,SORBI_3001G189000,0.5796
13S-HOTrE,LIN,individual,1:16736651,1,16736651,4.438083e-09,SORBI_3001G189100,0.579449
13S-HOTrE,LIN,individual,1:16736651,1,16736651,4.438083e-09,SORBI_3001G189200,0.579449
13S-HOTrE,LIN,individual,1:16736651,1,16736651,4.438083e-09,SORBI_3001G189000,0.579135
13S-HOTrE,LIN,individual,1:16736651,1,16736651,4.438083e-09,SORBI_3001G188700,0.579061
13S-HOTrE,LIN,individual,1:16736651,1,16736651,4.438083e-09,SORBI_3001G188700,0.578715
13S-HOTrE,LIN,individual,1:16736651,1,16736651,4.438083e-09,SORBI_3001G188700,0.574712
13S-HOTrE,LIN,individual,1:16736651,1,16736651,4.438083e-09,SORBI_3001G188700,0.57445
13S-HOTrE,LIN,individual,1:16736651,1,16736651,4.438083e-09,SORBI_3001G189000,0.57351
13S-HOTrE,LIN,individual,1:16736651,1,16736651,4.438083e-09,SORBI_3001G189200,0.57351
13S-HOTrE,LIN,individual,1:16736651,1,16736651,4.438083e-09,SORBI_3001G189000,0.572141
13S-HOTrE,LIN,individual,1:16736651,1,16736651,4.438083e-09,SORBI_3001G189100,0.572141
13S-HOTrE,LIN,individual,1:16736651,1,16736651,4.438083e-09,SORBI_3001G189200,0.572141
13S-HOTrE,LIN,individual,1:16736651,1,16736651,4.438083e-09,SORBI_3001G189000,0.571708
13S-HOTrE,LIN,individual,1:16736651,1,16736651,4.438083e-09,SORBI_3001G189000,0.571259
13S-HOTrE,LIN,individual,1:16736651,1,16736651,4.438083e-09,SORBI_3001G189000,0.571168
13S-HOTrE,LIN,individual,1:16736651,1,16736651,4.438083e-09,SORBI_3001G187800,0.571105
13S-HOTrE,LIN,individual,1:16736651,1,16736651,4.438083e-09,SORBI_3001G189000,0.570627
13S-HOTrE,LIN,individual,1:16736651,1,16736651,4.438083e-09,SORBI_3001G188900,0.563779
13S-HOTrE,LIN,individual,1:16736651,1,16736651,4.438083e-09,SORBI_3001G189000,0.563779
13S-HOTrE,LIN,individual,1:16736651,1,16736651,4.438083e-09,SORBI_3001G189200,0.563779
13S-HOTrE,LIN,individual,1:16736651,1,16736651,4.438083e-09,SORBI_3001G189000,0.562727
13S-HOTrE,LIN,individual,1:16736651,1,16736651,4.438083e-09,SORBI_3001G189000,0.559935
13S-HOTrE,LIN,individual,1:16736651,1,16736651,4.438083e-09,SORBI_3001G188500,0.559862
13S-HOTrE,LIN,individual,1:16736651,1,16736651,4.438083e-09,SORBI_3001G188400,0.557543
13S-HOTrE,LIN,individual,1:16736651,1,16736651,4.438083e-09,SORBI_3001G188500,0.557543
13S-HOTrE,LIN,individual,1:16736651,1,16736651,4.438083e-09,SORBI_3001G188700,0.557543
13S-HOTrE,LIN,individual,1:16736651,1,16736651,4.438083e-09,SORBI_3001G188900,0.557543
13S-HOTrE,LIN,individual,1:16736651,1,16736651,4.438083e-09,SORBI_3001G188700,0.555074
13S-HOTrE,LIN,individual,1:16736651,1,16736651,4.438083e-09,SORBI_3001G188500,0.554185
13S-HOTrE,LIN,individual,1:16736651,1,16736651,4.438083e-09,SORBI_3001G189100,0.554185
13S-HOTrE,LIN,individual,1:16736651,1,16736651,4.438083e-09,SORBI_3001G188400,0.551914
13S-HOTrE,LIN,individual,1:16736651,1,16736651,4.438083e-09,SORBI_3001G188500,0.551914
13S-HOTrE,LIN,individual,1:16736651,1,16736651,4.438083e-09,SORBI_3001G188600,0.551914
13S-HOTrE,LIN,individual,1:16736651,1,16736651,4.438083e-09,SORBI_3001G188700,0.551914
13S-HOTrE,LIN,individual,1:16736651,1,16736651,4.438083e-09,SORBI_3001G188900,0.551914
13S-HOTrE,LIN,individual,1:16736651,1,16736651,4.438083e-09,SORBI_3001G188900,0.549737
13S-HOTrE,LIN,individual,1:16736651,1,16736651,4.438083e-09,SORBI_3001G189000,0.548901
13S-HOTrE,LIN,individual,1:16736651,1,16736651,4.438083e-09,SORBI_3001G188400,0.54767
13S-HOTrE,LIN,individual,1:16736651,1,16736651,4.438083e-09,SORBI_3001G188500,0.54767
13S-HOTrE,LIN,individual,1:16736651,1,16736651,4.438083e-09,SORBI_3001G188700,0.54767
13S-HOTrE,LIN,individual,1:16736651,1,16736651,4.438083e-09,SORBI_3001G188900,0.54767
13S-HOTrE,LIN,individual,1:16736651,1,16736651,4.438083e-09,SORBI_3001G188700,0.546685
13S-HOTrE,LIN,individual,1:16736651,1,16736651,4.438083e-09,SORBI_3001G188400,0.544423
13S-HOTrE,LIN,individual,1:16736651,1,16736651,4.438083e-09,SORBI_3001G188800,0.544423
13S-HOTrE,LIN,individual,1:16736651,1,16736651,4.438083e-09,SORBI_3001G188900,0.544423
13S-HOTrE,LIN,individual,1:16736651,1,16736651,4.438083e-09,SORBI_3001G188400,0.541802
13S-HOTrE,LIN,individual,1:16736651,1,16736651,4.438083e-09,SORBI_3001G188500,0.541802
13S-HOTrE,LIN,individual,1:16736651,1,16736651,4.438083e-09,SORBI_3001G188600,0.541802
13S-HOTrE,LIN,individual,1:16736651,1,16736651,4.438083e-09,SORBI_3001G188700,0.541802
13S-HOTrE,LIN,individual,1:16736651,1,16736651,4.438083e-09,SORBI_3001G188900,0.541802
13S-HOTrE,LIN,individual,1:16736651,1,16736651,4.438083e-09,SORBI_3001G189000,0.541802
13S-HOTrE,LIN,individual,1:16736651,1,16736651,4.438083e-09,SORBI_3001G188800,0.541737
13S-HOTrE,LIN,individual,1:16736651,1,16736651,4.438083e-09,SORBI_3001G188900,0.539716
13S-HOTrE,LIN,individual,1:16736651,1,16736651,4.438083e-09,SORBI_3001G190900,0.539108
13S-HOTrE,LIN,individual,1:16736651,1,16736651,4.438083e-09,SORBI_3001G191500,0.538756
13S-HOTrE,LIN,individual,1:16736651,1,16736651,4.438083e-09,SORBI_3001G188400,0.537921
13S-HOTrE,LIN,individual,1:16736651,1,16736651,4.438083e-09,SORBI_3001G188500,0.537921
13S-HOTrE,LIN,individual,1:16736651,1,16736651,4.438083e-09,SORBI_3001G188800,0.537921
13S-HOTrE,LIN,individual,1:16736651,1,16736651,4.438083e-09,SORBI_3001G188900,0.537921
13S-HOTrE,LIN,individual,1:16736651,1,16736651,4.438083e-09,SORBI_3001G189000,0.537921
13S-HOTrE,LIN,individual,1:16736651,1,16736651,4.438083e-09,SORBI_3001G188800,0.537479
13S-HOTrE,LIN,individual,1:16736651,1,16736651,4.438083e-09,SORBI_3001G188400,0.534182
13S-HOTrE,LIN,individual,1:16736651,1,16736651,4.438083e-09,SORBI_3001G188900,0.534182
13S-HOTrE,LIN,individual,1:16736651,1,16736651,4.438083e-09,SORBI_3001G188700,0.533615
13S-HOTrE,LIN,individual,1:16736651,1,16736651,4.438083e-09,SORBI_3001G188400,0.531794
13S-HOTrE,LIN,individual,1:16736651,1,16736651,4.438083e-09,SORBI_3001G188500,0.531794
13S-HOTrE,LIN,individual,1:16736651,1,16736651,4.438083e-09,SORBI_3001G188900,0.531794
13S-HOTrE,LIN,individual,1:16736651,1,16736651,4.438083e-09,SORBI_3001G188900,0.529958
13S-HOTrE,LIN,individual,1:16736651,1,16736651,4.438083e-09,SORBI_3001G188500,0.529808
13S-HOTrE,LIN,individual,1:16736651,1,16736651,4.438083e-09,SORBI_3001G187600,0.528427
13S-HOTrE,LIN,individual,1:16736651,1,16736651,4.438083e-09,SORBI_3001G188500,0.528309
13S-HOTrE,LIN,individual,1:16736651,1,16736651,4.438083e-09,SORBI_3001G189000,0.528309
13S-HOTrE,LIN,individual,1:16736651,1,16736651,4.438083e-09,SORBI_3001G188400,0.526745
13S-HOTrE,LIN,individual,1:16736651,1,16736651,4.438083e-09,SORBI_3001G190900,0.524925
13S-HOTrE,LIN,individual,1:16736651,1,16736651,4.438083e-09,SORBI_3001G188900,0.524718
13S-HOTrE,LIN,individual,1:16736651,1,16736651,4.438083e-09,SORBI_3001G188400,0.524035
13S-HOTrE,LIN,individual,1:16736651,1,16736651,4.438083e-09,SORBI_3001G188500,0.521899
13S-HOTrE,LIN,individual,1:16736651,1,16736651,4.438083e-09,SORBI_3001G188900,0.521899
13S-HOTrE,LIN,individual,1:16736651,1,16736651,4.438083e-09,SORBI_3001G188400,0.520024
13S-HOTrE,LIN,individual,1:16736651,1,16736651,4.438083e-09,SORBI_3001G188900,0.517842
13S-HOTrE,LIN,individual,1:16736651,1,16736651,4.438083e-09,SORBI_3001G188500,0.517238
13S-HOTrE,LIN,individual,1:16736651,1,16736651,4.438083e-09,SORBI_3001G188900,0.517238
13S-HOTrE,LIN,individual,1:16736651,1,16736651,4.438083e-09,SORBI_3001G187600,0.516892
13S-HOTrE,LIN,individual,1:16736651,1,16736651,4.438083e-09,SORBI_3001G187600,0.515395
13S-HOTrE,LIN,individual,1:16736651,1,16736651,4.438083e-09,SORBI_3001G188900,0.513991
13S-HOTrE,LIN,individual,1:16736651,1,16736651,4.438083e-09,SORBI_3001G188900,0.512129
13S-HOTrE,LIN,individual,1:16736651,1,16736651,4.438083e-09,SORBI_3001G187600,0.509312
13S-HOTrE,LIN,individual,1:16736651,1,16736651,4.438083e-09,SORBI_3001G187700,0.509312
13S-HOTrE,LIN,individual,1:16736651,1,16736651,4.438083e-09,SORBI_3001G191200,0.508794
13S-HOTrE,LIN,individual,1:16736651,1,16736651,4.438083e-09,SORBI_3001G190900,0.508719
13S-HOTrE,LIN,individual,1:16736651,1,16736651,4.438083e-09,SORBI_3001G188800,0.507906
13S-HOTrE,LIN,individual,1:16736651,1,16736651,4.438083e-09,SORBI_3001G188900,0.507219
13S-HOTrE,LIN,individual,1:16736651,1,16736651,4.438083e-09,SORBI_3001G187600,0.504544
13S-HOTrE,LIN,individual,1:16736651,1,16736651,4.438083e-09,SORBI_3001G188900,0.503625
13S-HOTrE,LIN,individual,1:16736651,1,16736651,4.438083e-09,SORBI_3001G190700,0.503375
13S-HOTrE,LIN,individual,1:16736651,1,16736651,4.438083e-09,SORBI_3001G187600,0.503362
13S-HOTrE,LIN,individual,1:16736651,1,16736651,4.438083e-09,SORBI_3001G190900,0.503049
13S-HOTrE,LIN,individual,1:16736651,1,16736651,4.438083e-09,SORBI_3001G187700,0.501226
13S-HOTrE,LIN,individual,1:16736651,1,16736651,4.438083e-09,SORBI_3001G190700,0.500338
13S-HOTrE,LIN,individual,1:16736651,1,16736651,4.438083e-09,SORBI_3001G188400,0.499791
13S-HOTrE,LIN,individual,1:16736651,1,16736651,4.438083e-09,SORBI_3001G187600,0.498265
13S-HOTrE,LIN,individual,1:16736651,1,16736651,4.438083e-09,SORBI_3001G187700,0.498265
13S-HOTrE,LIN,individual,1:16736651,1,16736651,4.438083e-09,SORBI_3001G190900,0.497529
13S-HOTrE,LIN,individual,1:16736651,1,16736651,4.438083e-09,SORBI_3001G187600,0.49659
13S-HOTrE,LIN,individual,1:16736651,1,16736651,4.438083e-09,SORBI_3001G190700,0.495295
13S-HOTrE,LIN,individual,1:16736651,1,16736651,4.438083e-09,SORBI_3001G188100,0.493455
13S-HOTrE,LIN,individual,1:16736651,1,16736651,4.438083e-09,SORBI_3001G188400,0.492596
13S-HOTrE,LIN,individual,1:16736651,1,16736651,4.438083e-09,SORBI_3001G187600,0.490002
13S-HOTrE,LIN,individual,1:16736651,1,16736651,4.438083e-09,SORBI_3001G187600,0.487256
13S-HOTrE,LIN,individual,1:16736651,1,16736651,4.438083e-09,SORBI_3001G187800,0.484538
13S-HOTrE,LIN,individual,1:16736651,1,16736651,4.438083e-09,SORBI_3001G190700,0.483755
13S-HOTrE,LIN,individual,1:16736651,1,16736651,4.438083e-09,SORBI_3001G188100,0.482555
13S-HOTrE,LIN,individual,1:16736651,1,16736651,4.438083e-09,SORBI_3001G190700,0.481817
13S-HOTrE,LIN,individual,1:16736651,1,16736651,4.438083e-09,SORBI_3001G187800,0.479537
13S-HOTrE,LIN,individual,1:16736651,1,16736651,4.438083e-09,SORBI_3001G188000,0.479537
13S-HOTrE,LIN,individual,1:16736651,1,16736651,4.438083e-09,SORBI_3001G188100,0.479537
13S-HOTrE,LIN,individual,1:16736651,1,16736651,4.438083e-09,SORBI_3001G187600,0.478796
13S-HOTrE,LIN,individual,1:16736651,1,16736651,4.438083e-09,SORBI_3001G187700,0.476861
13S-HOTrE,LIN,individual,1:16736651,1,16736651,4.438083e-09,SORBI_3001G187800,0.476861
13S-HOTrE,LIN,individual,1:16736651,1,16736651,4.438083e-09,SORBI_3001G187900,0.476861
13S-HOTrE,LIN,individual,1:16736651,1,16736651,4.438083e-09,SORBI_3001G188000,0.476861
13S-HOTrE,LIN,individual,1:16736651,1,16736651,4.438083e-09,SORBI_3001G188100,0.476861
13S-HOTrE,LIN,individual,1:16736651,1,16736651,4.438083e-09,SORBI_3001G187600,0.476286
13S-HOTrE,LIN,individual,1:16736651,1,16736651,4.438083e-09,SORBI_3001G188100,0.476286
13S-HOTrE,LIN,individual,1:16736651,1,16736651,4.438083e-09,SORBI_3001G187800,0.475212
13S-HOTrE,LIN,individual,1:16736651,1,16736651,4.438083e-09,SORBI_3001G190600,0.475183
13S-HOTrE,LIN,individual,1:16736651,1,16736651,4.438083e-09,SORBI_3001G187700,0.474861
13S-HOTrE,LIN,individual,1:16736651,1,16736651,4.438083e-09,SORBI_3001G187800,0.473482
13S-HOTrE,LIN,individual,1:16736651,1,16736651,4.438083e-09,SORBI_3001G187800,0.4717
13S-HOTrE,LIN,individual,1:16736651,1,16736651,4.438083e-09,SORBI_3001G187600,0.471225
13S-HOTrE,LIN,individual,1:16736651,1,16736651,4.438083e-09,SORBI_3001G187800,0.471003
13S-HOTrE,LIN,individual,1:16736651,1,16736651,4.438083e-09,SORBI_3001G187900,0.471003
13S-HOTrE,LIN,individual,1:16736651,1,16736651,4.438083e-09,SORBI_3001G187800,0.46858
13S-HOTrE,LIN,individual,1:16736651,1,16736651,4.438083e-09,SORBI_3001G187900,0.46858
13S-HOTrE,LIN,individual,1:16736651,1,16736651,4.438083e-09,SORBI_3001G188100,0.46858
13S-HOTrE,LIN,individual,1:16736651,1,16736651,4.438083e-09,SORBI_3001G187800,0.465818
13S-HOTrE,LIN,individual,1:16736651,1,16736651,4.438083e-09,SORBI_3001G187900,0.465818
13S-HOTrE,LIN,individual,1:16736651,1,16736651,4.438083e-09,SORBI_3001G188000,0.465818
13S-HOTrE,LIN,individual,1:16736651,1,16736651,4.438083e-09,SORBI_3001G188100,0.465818
13S-HOTrE,LIN,individual,1:16736651,1,16736651,4.438083e-09,SORBI_3001G191200,0.465818
13S-HOTrE,LIN,individual,1:16736651,1,16736651,4.438083e-09,SORBI_3001G191400,0.465818
13S-HOTrE,LIN,individual,1:16736651,1,16736651,4.438083e-09,SORBI_3001G191500,0.465818
13S-HOTrE,LIN,individual,1:16736651,1,16736651,4.438083e-09,SORBI_3001G187800,0.465657
13S-HOTrE,LIN,individual,1:16736651,1,16736651,4.438083e-09,SORBI_3001G191200,0.465493
13S-HOTrE,LIN,individual,1:16736651,1,16736651,4.438083e-09,SORBI_3001G187800,0.464535
13S-HOTrE,LIN,individual,1:16736651,1,16736651,4.438083e-09,SORBI_3001G187700,0.463381
13S-HOTrE,LIN,individual,1:16736651,1,16736651,4.438083e-09,SORBI_3001G187800,0.462463
13S-HOTrE,LIN,individual,1:16736651,1,16736651,4.438083e-09,SORBI_3001G190700,0.460922
13S-HOTrE,LIN,individual,1:16736651,1,16736651,4.438083e-09,SORBI_3001G187800,0.459906
13S-HOTrE,LIN,individual,1:16736651,1,16736651,4.438083e-09,SORBI_3001G187900,0.459906
13S-HOTrE,LIN,individual,1:16736651,1,16736651,4.438083e-09,SORBI_3001G188000,0.459906
13S-HOTrE,LIN,individual,1:16736651,1,16736651,4.438083e-09,SORBI_3001G187800,0.457665
13S-HOTrE,LIN,individual,1:16736651,1,16736651,4.438083e-09,SORBI_3001G188000,0.457665
13S-HOTrE,LIN,individual,1:16736651,1,16736651,4.438083e-09,SORBI_3001G187800,0.454811
13S-HOTrE,LIN,individual,1:16736651,1,16736651,4.438083e-09,SORBI_3001G188100,0.454811
13S-HOTrE,LIN,individual,1:16736651,1,16736651,4.438083e-09,SORBI_3001G191500,0.454811
13S-HOTrE,LIN,individual,1:16736651,1,16736651,4.438083e-09,SORBI_3001G191200,0.454401
13S-HOTrE,LIN,individual,1:16736651,1,16736651,4.438083e-09,SORBI_3001G187500,0.454017
13S-HOTrE,LIN,individual,1:16736651,1,16736651,4.438083e-09,SORBI_3001G187800,0.452777
13S-HOTrE,LIN,individual,1:16736651,1,16736651,4.438083e-09,SORBI_3001G190500,0.450675
13S-HOTrE,LIN,individual,1:16736651,1,16736651,4.438083e-09,SORBI_3001G187800,0.450446
13S-HOTrE,LIN,individual,1:16736651,1,16736651,4.438083e-09,SORBI_3001G187800,0.448843
13S-HOTrE,LIN,individual,1:16736651,1,16736651,4.438083e-09,SORBI_3001G187700,0.446016
13S-HOTrE,LIN,individual,1:16736651,1,16736651,4.438083e-09,SORBI_3001G191200,0.444509
13S-HOTrE,LIN,individual,1:16736651,1,16736651,4.438083e-09,SORBI_3001G191200,0.444166
13S-HOTrE,LIN,individual,1:16736651,1,16736651,4.438083e-09,SORBI_3001G188000,0.443842
13S-HOTrE,LIN,individual,1:16736651,1,16736651,4.438083e-09,SORBI_3001G191400,0.443842
13S-HOTrE,LIN,individual,1:16736651,1,16736651,4.438083e-09,SORBI_3001G191200,0.44088
13S-HOTrE,LIN,individual,1:16736651,1,16736651,4.438083e-09,SORBI_3001G187800,0.437813
13S-HOTrE,LIN,individual,1:16736651,1,16736651,4.438083e-09,SORBI_3001G191200,0.433347
13S-HOTrE,LIN,individual,1:16736651,1,16736651,4.438083e-09,SORBI_3001G191200,0.432915
13S-HOTrE,LIN,individual,1:16736651,1,16736651,4.438083e-09,SORBI_3001G191200,0.427836
13S-HOTrE,LIN,individual,1:16736651,1,16736651,4.438083e-09,SORBI_3001G191200,0.426819
13S-HOTrE,LIN,individual,1:16736651,1,16736651,4.438083e-09,SORBI_3001G187400,0.426316
13S-HOTrE,LIN,individual,1:16736651,1,16736651,4.438083e-09,SORBI_3001G189100,0.426095
13S-HOTrE,LIN,individual,1:16736651,1,16736651,4.438083e-09,SORBI_3001G190500,0.425168
13S-HOTrE,LIN,individual,1:16736651,1,16736651,4.438083e-09,SORBI_3001G190200,0.4227
13S-HOTrE,LIN,individual,1:16736651,1,16736651,4.438083e-09,SORBI_3001G191200,0.422213
13S-HOTrE,LIN,individual,1:16736651,1,16736651,4.438083e-09,SORBI_3001G187700,0.420915
13S-HOTrE,LIN,individual,1:16736651,1,16736651,4.438083e-09,SORBI_3001G188100,0.419747
13S-HOTrE,LIN,individual,1:16736651,1,16736651,4.438083e-09,SORBI_3001G187700,0.418732
13S-HOTrE,LIN,individual,1:16736651,1,16736651,4.438083e-09,SORBI_3001G188100,0.418732
13S-HOTrE,LIN,individual,1:16736651,1,16736651,4.438083e-09,SORBI_3001G187700,0.417914
13S-HOTrE,LIN,individual,1:16736651,1,16736651,4.438083e-09,SORBI_3001G189000,0.416549
13S-HOTrE,LIN,individual,1:16736651,1,16736651,4.438083e-09,SORBI_3001G188100,0.415852
13S-HOTrE,LIN,individual,1:16736651,1,16736651,4.438083e-09,SORBI_3001G188100,0.414769
13S-HOTrE,LIN,individual,1:16736651,1,16736651,4.438083e-09,SORBI_3001G191200,0.411107
13S-HOTrE,LIN,individual,1:16736651,1,16736651,4.438083e-09,SORBI_3001G190400,0.409853
13S-HOTrE,LIN,individual,1:16736651,1,16736651,4.438083e-09,SORBI_3001G190400,0.403121
13S-HOTrE,LIN,individual,1:16736651,1,16736651,4.438083e-09,SORBI_3001G191100,0.403121
13S-HOTrE,LIN,individual,1:16736651,1,16736651,4.438083e-09,SORBI_3001G188100,0.402566
13S-HOTrE,LIN,individual,1:16736651,1,16736651,4.438083e-09,SORBI_3001G187800,0.402445
13S-HOTrE,LIN,individual,1:16736651,1,16736651,4.438083e-09,SORBI_3001G191200,0.401863
13S-HOTrE,LIN,individual,4:681699,4,681699,4.591431e-09,SORBI_3004G007600,0.975285
13S-HOTrE,LIN,individual,4:681699,4,681699,4.591431e-09,SORBI_3004G007800,0.840225
13S-HOTrE,LIN,individual,4:681699,4,681699,4.591431e-09,SORBI_3004G007600,0.822698
13S-HOTrE,LIN,individual,4:681699,4,681699,4.591431e-09,SORBI_3004G007600,0.816807
13S-HOTrE,LIN,individual,4:681699,4,681699,4.591431e-09,SORBI_3004G007800,0.816435
13S-HOTrE,LIN,individual,4:681699,4,681699,4.591431e-09,SORBI_3004G007600,0.812166
13S-HOTrE,LIN,individual,4:681699,4,681699,4.591431e-09,SORBI_3004G007800,0.806381
13S-HOTrE,LIN,individual,4:681699,4,681699,4.591431e-09,SORBI_3004G007600,0.80168
13S-HOTrE,LIN,individual,4:681699,4,681699,4.591431e-09,SORBI_3004G007800,0.796342
13S-HOTrE,LIN,individual,4:681699,4,681699,4.591431e-09,SORBI_3004G007600,0.788828
13S-HOTrE,LIN,individual,4:681699,4,681699,4.591431e-09,SORBI_3004G007800,0.786369
13S-HOTrE,LIN,individual,4:681699,4,681699,4.591431e-09,SORBI_3004G007032,0.721868
13S-HOTrE,LIN,individual,4:681699,4,681699,4.591431e-09,SORBI_3004G008900,0.693052
13S-HOTrE,LIN,individual,4:681699,4,681699,4.591431e-09,SORBI_3004G008900,0.692996
13S-HOTrE,LIN,individual,4:681699,4,681699,4.591431e-09,SORBI_3004G008500,0.68657
13S-HOTrE,LIN,individual,4:681699,4,681699,4.591431e-09,SORBI_3004G008900,0.685228
13S-HOTrE,LIN,individual,4:681699,4,681699,4.591431e-09,SORBI_3004G008900,0.685171
13S-HOTrE,LIN,individual,4:681699,4,681699,4.591431e-09,SORBI_3004G008900,0.677624
13S-HOTrE,LIN,individual,4:681699,4,681699,4.591431e-09,SORBI_3004G006900,0.675433
13S-HOTrE,LIN,individual,4:681699,4,681699,4.591431e-09,SORBI_3004G006966,0.675433
13S-HOTrE,LIN,individual,4:681699,4,681699,4.591431e-09,SORBI_3004G008400,0.672524
13S-HOTrE,LIN,individual,4:681699,4,681699,4.591431e-09,SORBI_3004G008500,0.672524
13S-HOTrE,LIN,individual,4:681699,4,681699,4.591431e-09,SORBI_3004G008500,0.672463
13S-HOTrE,LIN,individual,4:681699,4,681699,4.591431e-09,SORBI_3004G008500,0.672401
13S-HOTrE,LIN,individual,4:681699,4,681699,4.591431e-09,SORBI_3004G006600,0.670301
13S-HOTrE,LIN,individual,4:681699,4,681699,4.591431e-09,SORBI_3004G006700,0.670301
13S-HOTrE,LIN,individual,4:681699,4,681699,4.591431e-09,SORBI_3004G007200,0.663823
13S-HOTrE,LIN,individual,4:681699,4,681699,4.591431e-09,SORBI_3004G008500,0.65771
13S-HOTrE,LIN,individual,4:681699,4,681699,4.591431e-09,SORBI_3004G007133,0.655722
13S-HOTrE,LIN,individual,4:681699,4,681699,4.591431e-09,SORBI_3004G008500,0.65052
13S-HOTrE,LIN,individual,4:681699,4,681699,4.591431e-09,SORBI_3004G008800,0.644712
13S-HOTrE,LIN,individual,4:681699,4,681699,4.591431e-09,SORBI_3004G009100,0.644712
13S-HOTrE,LIN,individual,4:681699,4,681699,4.591431e-09,SORBI_3004G008900,0.644507
13S-HOTrE,LIN,individual,4:681699,4,681699,4.591431e-09,SORBI_3004G007200,0.638037
13S-HOTrE,LIN,individual,4:681699,4,681699,4.591431e-09,SORBI_3004G008800,0.637755
13S-HOTrE,LIN,individual,4:681699,4,681699,4.591431e-09,SORBI_3004G007300,0.63372
13S-HOTrE,LIN,individual,4:681699,4,681699,4.591431e-09,SORBI_3004G007100,0.633613
13S-HOTrE,LIN,individual,4:681699,4,681699,4.591431e-09,SORBI_3004G007500,0.633104
13S-HOTrE,LIN,individual,4:681699,4,681699,4.591431e-09,SORBI_3004G008900,0.631466
13S-HOTrE,LIN,individual,4:681699,4,681699,4.591431e-09,SORBI_3004G007200,0.631447
13S-HOTrE,LIN,individual,4:681699,4,681699,4.591431e-09,SORBI_3004G008800,0.630931
13S-HOTrE,LIN,individual,4:681699,4,681699,4.591431e-09,SORBI_3004G009000,0.628082
13S-HOTrE,LIN,individual,4:681699,4,681699,4.591431e-09,SORBI_3004G006800,0.626644
13S-HOTrE,LIN,individual,4:681699,4,681699,4.591431e-09,SORBI_3004G008900,0.619531
13S-HOTrE,LIN,individual,4:681699,4,681699,4.591431e-09,SORBI_3004G008900,0.619461
13S-HOTrE,LIN,individual,4:681699,4,681699,4.591431e-09,SORBI_3004G007200,0.609214
13S-HOTrE,LIN,individual,4:681699,4,681699,4.591431e-09,SORBI_3004G007400,0.605928
13S-HOTrE,LIN,individual,4:681699,4,681699,4.591431e-09,SORBI_3004G007100,0.601544
13S-HOTrE,LIN,individual,4:681699,4,681699,4.591431e-09,SORBI_3004G007200,0.5991
13S-HOTrE,LIN,individual,4:681699,4,681699,4.591431e-09,SORBI_3004G007133,0.595799
13S-HOTrE,LIN,individual,4:681699,4,681699,4.591431e-09,SORBI_3004G008900,0.59421
13S-HOTrE,LIN,individual,4:681699,4,681699,4.591431e-09,SORBI_3004G008300,0.590522
13S-HOTrE,LIN,individual,4:681699,4,681699,4.591431e-09,SORBI_3004G008900,0.584661
13S-HOTrE,LIN,individual,4:681699,4,681699,4.591431e-09,SORBI_3004G008900,0.581049
13S-HOTrE,LIN,individual,4:681699,4,681699,4.591431e-09,SORBI_3004G008900,0.579564
13S-HOTrE,LIN,individual,4:681699,4,681699,4.591431e-09,SORBI_3004G008400,0.572315
13S-HOTrE,LIN,individual,4:681699,4,681699,4.591431e-09,SORBI_3004G008900,0.568989
13S-HOTrE,LIN,individual,4:681699,4,681699,4.591431e-09,SORBI_3004G008900,0.563491
13S-HOTrE,LIN,individual,4:681699,4,681699,4.591431e-09,SORBI_3004G007600,0.563126
13S-HOTrE,LIN,individual,4:681699,4,681699,4.591431e-09,SORBI_3004G010600,0.561588
13S-HOTrE,LIN,individual,4:681699,4,681699,4.591431e-09,SORBI_3004G008900,0.552669
13S-HOTrE,LIN,individual,4:681699,4,681699,4.591431e-09,SORBI_3004G007200,0.549409
13S-HOTrE,LIN,individual,4:681699,4,681699,4.591431e-09,SORBI_3004G010800,0.546802
13S-HOTrE,LIN,individual,4:681699,4,681699,4.591431e-09,SORBI_3004G010900,0.540768
13S-HOTrE,LIN,individual,4:681699,4,681699,4.591431e-09,SORBI_3004G007400,0.540696
13S-HOTrE,LIN,individual,4:681699,4,681699,4.591431e-09,SORBI_3004G010600,0.529725
13S-HOTrE,LIN,individual,4:681699,4,681699,4.591431e-09,SORBI_3004G010800,0.528595
13S-HOTrE,LIN,individual,4:681699,4,681699,4.591431e-09,SORBI_3004G007400,0.526521
13S-HOTrE,LIN,individual,4:681699,4,681699,4.591431e-09,SORBI_3004G008900,0.523219
13S-HOTrE,LIN,individual,4:681699,4,681699,4.591431e-09,SORBI_3004G010800,0.522786
13S-HOTrE,LIN,individual,4:681699,4,681699,4.591431e-09,SORBI_3004G008400,0.521584
13S-HOTrE,LIN,individual,4:681699,4,681699,4.591431e-09,SORBI_3004G007400,0.515871
13S-HOTrE,LIN,individual,4:681699,4,681699,4.591431e-09,SORBI_3004G006900,0.51549
13S-HOTrE,LIN,individual,4:681699,4,681699,4.591431e-09,SORBI_3004G010800,0.512406
13S-HOTrE,LIN,individual,4:681699,4,681699,4.591431e-09,SORBI_3004G010300,0.510331
13S-HOTrE,LIN,individual,4:681699,4,681699,4.591431e-09,SORBI_3004G006800,0.510283
13S-HOTrE,LIN,individual,4:681699,4,681699,4.591431e-09,SORBI_3004G009400,0.508634
13S-HOTrE,LIN,individual,4:681699,4,681699,4.591431e-09,SORBI_3004G006800,0.507798
13S-HOTrE,LIN,individual,4:681699,4,681699,4.591431e-09,SORBI_3004G006400,0.505271
13S-HOTrE,LIN,individual,4:681699,4,681699,4.591431e-09,SORBI_3004G010000,0.497545
13S-HOTrE,LIN,individual,4:681699,4,681699,4.591431e-09,SORBI_3004G010300,0.493143
13S-HOTrE,LIN,individual,4:681699,4,681699,4.591431e-09,SORBI_3004G006800,0.491064
13S-HOTrE,LIN,individual,4:681699,4,681699,4.591431e-09,SORBI_3004G009400,0.486849
13S-HOTrE,LIN,individual,4:681699,4,681699,4.591431e-09,SORBI_3004G008800,0.486665
13S-HOTrE,LIN,individual,4:681699,4,681699,4.591431e-09,SORBI_3004G010050,0.48569
13S-HOTrE,LIN,individual,4:681699,4,681699,4.591431e-09,SORBI_3004G010050,0.485579
13S-HOTrE,LIN,individual,4:681699,4,681699,4.591431e-09,SORBI_3004G006900,0.485037
13S-HOTrE,LIN,individual,4:681699,4,681699,4.591431e-09,SORBI_3004G006800,0.484792
13S-HOTrE,LIN,individual,4:681699,4,681699,4.591431e-09,SORBI_3004G008900,0.481264
13S-HOTrE,LIN,individual,4:681699,4,681699,4.591431e-09,SORBI_3004G008900,0.48116
13S-HOTrE,LIN,individual,4:681699,4,681699,4.591431e-09,SORBI_3004G009400,0.474835
13S-HOTrE,LIN,individual,4:681699,4,681699,4.591431e-09,SORBI_3004G010200,0.474835
13S-HOTrE,LIN,individual,4:681699,4,681699,4.591431e-09,SORBI_3004G010050,0.474066
13S-HOTrE,LIN,individual,4:681699,4,681699,4.591431e-09,SORBI_3004G010050,0.473841
13S-HOTrE,LIN,individual,4:681699,4,681699,4.591431e-09,SORBI_3004G006800,0.470672
13S-HOTrE,LIN,individual,4:681699,4,681699,4.591431e-09,SORBI_3004G010050,0.469778
13S-HOTrE,LIN,individual,4:681699,4,681699,4.591431e-09,SORBI_3004G010151,0.468243
13S-HOTrE,LIN,individual,4:681699,4,681699,4.591431e-09,SORBI_3004G006800,0.466264
13S-HOTrE,LIN,individual,4:681699,4,681699,4.591431e-09,SORBI_3004G010200,0.46406
13S-HOTrE,LIN,individual,4:681699,4,681699,4.591431e-09,SORBI_3004G010050,0.46317
13S-HOTrE,LIN,individual,4:681699,4,681699,4.591431e-09,SORBI_3004G006800,0.459887
13S-HOTrE,LIN,individual,4:681699,4,681699,4.591431e-09,SORBI_3004G009100,0.456059
13S-HOTrE,LIN,individual,4:681699,4,681699,4.591431e-09,SORBI_3004G006800,0.455571
13S-HOTrE,LIN,individual,4:681699,4,681699,4.591431e-09,SORBI_3004G010151,0.454414
13S-HOTrE,LIN,individual,4:681699,4,681699,4.591431e-09,SORBI_3004G007400,0.448725
13S-HOTrE,LIN,individual,4:681699,4,681699,4.591431e-09,SORBI_3004G006800,0.446075
13S-HOTrE,LIN,individual,4:681699,4,681699,4.591431e-09,SORBI_3004G009300,0.44155
13S-HOTrE,LIN,individual,4:681699,4,681699,4.591431e-09,SORBI_3004G010050,0.436809
13S-HOTrE,LIN,individual,4:681699,4,681699,4.591431e-09,SORBI_3004G009300,0.431709
13S-HOTrE,LIN,individual,4:681699,4,681699,4.591431e-09,SORBI_3004G006800,0.43127
13S-HOTrE,LIN,individual,4:681699,4,681699,4.591431e-09,SORBI_3004G007400,0.431213
13S-HOTrE,LIN,individual,4:681699,4,681699,4.591431e-09,SORBI_3004G009600,0.431213
13S-HOTrE,LIN,individual,4:681699,4,681699,4.591431e-09,SORBI_3004G010050,0.426679
13S-HOTrE,LIN,individual,4:681699,4,681699,4.591431e-09,SORBI_3004G008800,0.421963
13S-HOTrE,LIN,individual,4:681699,4,681699,4.591431e-09,SORBI_3004G009300,0.420999
13S-HOTrE,LIN,individual,4:681699,4,681699,4.591431e-09,SORBI_3004G009300,0.418865
13S-HOTrE,LIN,individual,4:681699,4,681699,4.591431e-09,SORBI_3004G007400,0.416597
13S-HOTrE,LIN,individual,4:681699,4,681699,4.591431e-09,SORBI_3004G009300,0.411577
13S-HOTrE,LIN,individual,4:681699,4,681699,4.591431e-09,SORBI_3004G009300,0.411457
13S-HOTrE,LIN,individual,4:681699,4,681699,4.591431e-09,SORBI_3004G009300,0.410314
13S-HOTrE,LIN,individual,4:681699,4,681699,4.591431e-09,SORBI_3004G007133,0.407242
13S-HOTrE,LIN,individual,4:681699,4,681699,4.591431e-09,SORBI_3004G009400,0.405727
13S-HOTrE,LIN,individual,1:61658932,1,61658932,4.605269e-09,SORBI_3001G329001,1
13S-HOTrE,LIN,individual,1:61658932,1,61658932,4.605269e-09,SORBI_3001G329001,1
13S-HOTrE,LIN,individual,1:61658932,1,61658932,4.605269e-09,SORBI_3001G329300,0.769804
13S-HOTrE,LIN,individual,1:61640531,1,61640531,4.702031e-09,SORBI_3001G328850,0.653575
13S-HOTrE,LIN,individual,1:61640531,1,61640531,4.702031e-09,SORBI_3001G329901,0.651042
13S-HOTrE,LIN,individual,1:61640531,1,61640531,4.702031e-09,SORBI_3001G329901,0.580645
13S-HOTrE,LIN,individual,1:61640531,1,61640531,4.702031e-09,SORBI_3001G330925,0.577849
13S-HOTrE,LIN,individual,1:61640531,1,61640531,4.702031e-09,SORBI_3001G330925,0.556175
13S-HOTrE,LIN,individual,1:61640531,1,61640531,4.702031e-09,SORBI_3001G330925,0.545748
13S-HOTrE,LIN,individual,1:61640531,1,61640531,4.702031e-09,SORBI_3001G331000,0.536501
13S-HOTrE,LIN,individual,1:61640531,1,61640531,4.702031e-09,SORBI_3001G328100,0.522956
13S-HOTrE,LIN,individual,1:61640531,1,61640531,4.702031e-09,SORBI_3001G328100,0.522832
13S-HOTrE,LIN,individual,1:61640531,1,61640531,4.702031e-09,SORBI_3001G331000,0.521734
13S-HOTrE,LIN,individual,1:61640531,1,61640531,4.702031e-09,SORBI_3001G328100,0.512624
13S-HOTrE,LIN,individual,1:61640531,1,61640531,4.702031e-09,SORBI_3001G328000,0.486594
13S-HOTrE,LIN,individual,1:61640531,1,61640531,4.702031e-09,SORBI_3001G331100,0.484861
13S-HOTrE,LIN,individual,1:61640531,1,61640531,4.702031e-09,SORBI_3001G328100,0.448303
13S-HOTrE,LIN,individual,1:61640531,1,61640531,4.702031e-09,SORBI_3001G328000,0.439514
13S-HOTrE,LIN,individual,1:61640531,1,61640531,4.702031e-09,SORBI_3001G329001,0.434577
13S-HOTrE,LIN,individual,1:61640531,1,61640531,4.702031e-09,SORBI_3001G328100,0.42917
13S-HOTrE,LIN,individual,1:61640531,1,61640531,4.702031e-09,SORBI_3001G328100,0.427412
13S-HOTrE,LIN,individual,1:61640531,1,61640531,4.702031e-09,SORBI_3001G328200,0.421923
13S-HOTrE,LIN,individual,1:61640531,1,61640531,4.702031e-09,SORBI_3001G328000,0.415821
13S-HOTrE,LIN,individual,1:61640531,1,61640531,4.702031e-09,SORBI_3001G328200,0.415821
13S-HOTrE,LIN,individual,1:61640531,1,61640531,4.702031e-09,SORBI_3001G328200,0.414134
13S-HOTrE,LIN,individual,3:69049004,3,69049004,4.718773e-09,SORBI_3003G375900,1
13S-HOTrE,LIN,individual,3:69049004,3,69049004,4.718773e-09,SORBI_3003G375900,1
13S-HOTrE,LIN,individual,3:69049004,3,69049004,4.718773e-09,SORBI_3003G375900,0.980141
13S-HOTrE,LIN,individual,3:69049004,3,69049004,4.718773e-09,SORBI_3003G375900,0.970452
13S-HOTrE,LIN,individual,3:69049004,3,69049004,4.718773e-09,SORBI_3003G375900,0.969766
13S-HOTrE,LIN,individual,3:69049004,3,69049004,4.718773e-09,SORBI_3003G375900,0.969635
13S-HOTrE,LIN,individual,3:69049004,3,69049004,4.718773e-09,SORBI_3003G375800,0.939849
13S-HOTrE,LIN,individual,3:69049004,3,69049004,4.718773e-09,SORBI_3003G375800,0.929518
13S-HOTrE,LIN,individual,3:69049004,3,69049004,4.718773e-09,SORBI_3003G375900,0.835011
13S-HOTrE,LIN,individual,3:69049004,3,69049004,4.718773e-09,SORBI_3003G375500,0.793271
13S-HOTrE,LIN,individual,3:69049004,3,69049004,4.718773e-09,SORBI_3003G376000,0.783106
13S-HOTrE,LIN,individual,3:69049004,3,69049004,4.718773e-09,SORBI_3003G375300,0.765581
13S-HOTrE,LIN,individual,3:69049004,3,69049004,4.718773e-09,SORBI_3003G375400,0.753229
13S-HOTrE,LIN,individual,3:69049004,3,69049004,4.718773e-09,SORBI_3003G375500,0.753229
13S-HOTrE,LIN,individual,3:69049004,3,69049004,4.718773e-09,SORBI_3003G375400,0.740948
13S-HOTrE,LIN,individual,3:69049004,3,69049004,4.718773e-09,SORBI_3003G375900,0.70049
13S-HOTrE,LIN,individual,3:69049004,3,69049004,4.718773e-09,SORBI_3003G376000,0.692422
13S-HOTrE,LIN,individual,3:69049004,3,69049004,4.718773e-09,SORBI_3003G373900,0.67111
13S-HOTrE,LIN,individual,3:69049004,3,69049004,4.718773e-09,SORBI_3003G374000,0.632576
13S-HOTrE,LIN,individual,3:69049004,3,69049004,4.718773e-09,SORBI_3003G375700,0.619425
13S-HOTrE,LIN,individual,3:69049004,3,69049004,4.718773e-09,SORBI_3003G374100,0.618342
13S-HOTrE,LIN,individual,3:69049004,3,69049004,4.718773e-09,SORBI_3003G375700,0.6036
13S-HOTrE,LIN,individual,3:69049004,3,69049004,4.718773e-09,SORBI_3003G374100,0.594297
13S-HOTrE,LIN,individual,3:69049004,3,69049004,4.718773e-09,SORBI_3003G374200,0.594297
13S-HOTrE,LIN,individual,3:69049004,3,69049004,4.718773e-09,SORBI_3003G374000,0.59013
13S-HOTrE,LIN,individual,3:69049004,3,69049004,4.718773e-09,SORBI_3003G375700,0.583316
13S-HOTrE,LIN,individual,3:69049004,3,69049004,4.718773e-09,SORBI_3003G374200,0.582744
13S-HOTrE,LIN,individual,3:69049004,3,69049004,4.718773e-09,SORBI_3003G374200,0.57131
13S-HOTrE,LIN,individual,3:69049004,3,69049004,4.718773e-09,SORBI_3003G374500,0.556855
13S-HOTrE,LIN,individual,3:69049004,3,69049004,4.718773e-09,SORBI_3003G374600,0.549164
13S-HOTrE,LIN,individual,3:69049004,3,69049004,4.718773e-09,SORBI_3003G374500,0.544721
13S-HOTrE,LIN,individual,3:69049004,3,69049004,4.718773e-09,SORBI_3003G374600,0.536909
13S-HOTrE,LIN,individual,3:69049004,3,69049004,4.718773e-09,SORBI_3003G374700,0.536909
13S-HOTrE,LIN,individual,3:69049004,3,69049004,4.718773e-09,SORBI_3003G375000,0.536909
13S-HOTrE,LIN,individual,3:69049004,3,69049004,4.718773e-09,SORBI_3003G375200,0.536909
13S-HOTrE,LIN,individual,3:69049004,3,69049004,4.718773e-09,SORBI_3003G376000,0.532027
13S-HOTrE,LIN,individual,3:69049004,3,69049004,4.718773e-09,SORBI_3003G375200,0.530081
13S-HOTrE,LIN,individual,3:69049004,3,69049004,4.718773e-09,SORBI_3003G373500,0.529771
13S-HOTrE,LIN,individual,3:69049004,3,69049004,4.718773e-09,SORBI_3003G375200,0.524545
13S-HOTrE,LIN,individual,3:69049004,3,69049004,4.718773e-09,SORBI_3003G373600,0.519067
13S-HOTrE,LIN,individual,3:69049004,3,69049004,4.718773e-09,SORBI_3003G372750,0.518545
13S-HOTrE,LIN,individual,3:69049004,3,69049004,4.718773e-09,SORBI_3003G373600,0.517993
13S-HOTrE,LIN,individual,3:69049004,3,69049004,4.718773e-09,SORBI_3003G375200,0.517635
13S-HOTrE,LIN,individual,3:69049004,3,69049004,4.718773e-09,SORBI_3003G374850,0.511805
13S-HOTrE,LIN,individual,3:69049004,3,69049004,4.718773e-09,SORBI_3003G373600,0.506105
13S-HOTrE,LIN,individual,3:69049004,3,69049004,4.718773e-09,SORBI_3003G373500,0.498431
13S-HOTrE,LIN,individual,3:69049004,3,69049004,4.718773e-09,SORBI_3003G373500,0.492658
13S-HOTrE,LIN,individual,3:69049004,3,69049004,4.718773e-09,SORBI_3003G372800,0.48952
13S-HOTrE,LIN,individual,3:69049004,3,69049004,4.718773e-09,SORBI_3003G372850,0.48952
13S-HOTrE,LIN,individual,3:69049004,3,69049004,4.718773e-09,SORBI_3003G376800,0.471994
13S-HOTrE,LIN,individual,3:69049004,3,69049004,4.718773e-09,SORBI_3003G374700,0.467395
13S-HOTrE,LIN,individual,3:69049004,3,69049004,4.718773e-09,SORBI_3003G376800,0.463284
13S-HOTrE,LIN,individual,3:69049004,3,69049004,4.718773e-09,SORBI_3003G373100,0.432303
13S-HOTrE,LIN,individual,3:69049004,3,69049004,4.718773e-09,SORBI_3003G373100,0.419502
13S-HOTrE,LIN,individual,3:69049004,3,69049004,4.718773e-09,SORBI_3003G373000,0.413237
13S-HOTrE,LIN,individual,3:69049004,3,69049004,4.718773e-09,SORBI_3003G374700,0.412277
13S-HOTrE,LIN,individual,3:69049004,3,69049004,4.718773e-09,SORBI_3003G373100,0.406723
13S-HOTrE,LIN,individual,2:50244382,2,50244382,4.855497e-09,SORBI_3002G162500,0.880648
13S-HOTrE,LIN,individual,2:50244382,2,50244382,4.855497e-09,SORBI_3002G162400,0.879787
13S-HOTrE,LIN,individual,2:50244382,2,50244382,4.855497e-09,SORBI_3002G162500,0.879787
13S-HOTrE,LIN,individual,2:50244382,2,50244382,4.855497e-09,SORBI_3002G161900,0.879613
13S-HOTrE,LIN,individual,2:50244382,2,50244382,4.855497e-09,SORBI_3002G162000,0.879109
13S-HOTrE,LIN,individual,2:50244382,2,50244382,4.855497e-09,SORBI_3002G161900,0.873328
13S-HOTrE,LIN,individual,2:50244382,2,50244382,4.855497e-09,SORBI_3002G162400,0.873328
13S-HOTrE,LIN,individual,2:50244382,2,50244382,4.855497e-09,SORBI_3002G161900,0.872813
13S-HOTrE,LIN,individual,2:50244382,2,50244382,4.855497e-09,SORBI_3002G161800,0.868405
13S-HOTrE,LIN,individual,2:50244382,2,50244382,4.855497e-09,SORBI_3002G161800,0.867595
13S-HOTrE,LIN,individual,2:50244382,2,50244382,4.855497e-09,SORBI_3002G161900,0.867595
13S-HOTrE,LIN,individual,2:50244382,2,50244382,4.855497e-09,SORBI_3002G162450,0.863825
13S-HOTrE,LIN,individual,2:50244382,2,50244382,4.855497e-09,SORBI_3002G161900,0.861154
13S-HOTrE,LIN,individual,2:50244382,2,50244382,4.855497e-09,SORBI_3002G162000,0.861121
13S-HOTrE,LIN,individual,2:50244382,2,50244382,4.855497e-09,SORBI_3002G162000,0.849518
13S-HOTrE,LIN,individual,2:50244382,2,50244382,4.855497e-09,SORBI_3002G162000,0.821225
13S-HOTrE,LIN,individual,2:50244382,2,50244382,4.855497e-09,SORBI_3002G162400,0.761805
13S-HOTrE,LIN,individual,2:50244382,2,50244382,4.855497e-09,SORBI_3002G161700,0.752358
13S-HOTrE,LIN,individual,2:50244382,2,50244382,4.855497e-09,SORBI_3002G162450,0.747072
13S-HOTrE,LIN,individual,2:50244382,2,50244382,4.855497e-09,SORBI_3002G162000,0.653669
13S-HOTrE,LIN,individual,2:50244382,2,50244382,4.855497e-09,SORBI_3002G161900,0.604755
13S-HOTrE,LIN,individual,2:50244382,2,50244382,4.855497e-09,SORBI_3002G161900,0.601304
13S-HOTrE,LIN,individual,2:50244382,2,50244382,4.855497e-09,SORBI_3002G161900,0.597889
13S-HOTrE,LIN,individual,2:50244382,2,50244382,4.855497e-09,SORBI_3002G161900,0.59451
13S-HOTrE,LIN,individual,2:50244382,2,50244382,4.855497e-09,SORBI_3002G161900,0.591169
13S-HOTrE,LIN,individual,2:50244382,2,50244382,4.855497e-09,SORBI_3002G161900,0.571664
13S-HOTrE,LIN,individual,4:9692242,4,9692242,5.12877e-09,SORBI_3004G103000,0.424426
13S-HOTrE,LIN,individual,4:9692242,4,9692242,5.12877e-09,SORBI_3004G102301,0.41498
13S-HOTrE,LIN,individual,4:53712560,4,53712560,5.135584e-09,SORBI_3004G183800,0.97558
13S-HOTrE,LIN,individual,4:53721989,4,53721989,5.135584e-09,SORBI_3004G183800,0.97558
13S-HOTrE,LIN,individual,4:53712560,4,53712560,5.135584e-09,SORBI_3004G183800,0.97439
13S-HOTrE,LIN,individual,4:53721989,4,53721989,5.135584e-09,SORBI_3004G183800,0.97439
13S-HOTrE,LIN,individual,4:53712560,4,53712560,5.135584e-09,SORBI_3004G183600,0.936333
13S-HOTrE,LIN,individual,4:53712560,4,53712560,5.135584e-09,SORBI_3004G183701,0.936333
13S-HOTrE,LIN,individual,4:53721989,4,53721989,5.135584e-09,SORBI_3004G183600,0.936333
13S-HOTrE,LIN,individual,4:53721989,4,53721989,5.135584e-09,SORBI_3004G183701,0.936333
13S-HOTrE,LIN,individual,4:53712560,4,53712560,5.135584e-09,SORBI_3004G183501,0.936244
13S-HOTrE,LIN,individual,4:53721989,4,53721989,5.135584e-09,SORBI_3004G183501,0.936244
13S-HOTrE,LIN,individual,4:53712560,4,53712560,5.135584e-09,SORBI_3004G183400,0.897137
13S-HOTrE,LIN,individual,4:53721989,4,53721989,5.135584e-09,SORBI_3004G183400,0.897137
13S-HOTrE,LIN,individual,4:53712560,4,53712560,5.135584e-09,SORBI_3004G183800,0.77387
13S-HOTrE,LIN,individual,4:53721989,4,53721989,5.135584e-09,SORBI_3004G183800,0.77387
13S-HOTrE,LIN,individual,4:53712560,4,53712560,5.135584e-09,SORBI_3004G183800,0.757926
13S-HOTrE,LIN,individual,4:53721989,4,53721989,5.135584e-09,SORBI_3004G183800,0.757926
13S-HOTrE,LIN,individual,4:53712560,4,53712560,5.135584e-09,SORBI_3004G181900,0.724154
13S-HOTrE,LIN,individual,4:53721989,4,53721989,5.135584e-09,SORBI_3004G181900,0.724154
13S-HOTrE,LIN,individual,4:53712560,4,53712560,5.135584e-09,SORBI_3004G181800,0.694965
13S-HOTrE,LIN,individual,4:53721989,4,53721989,5.135584e-09,SORBI_3004G181800,0.694965
13S-HOTrE,LIN,individual,4:53712560,4,53712560,5.135584e-09,SORBI_3004G181900,0.687801
13S-HOTrE,LIN,individual,4:53721989,4,53721989,5.135584e-09,SORBI_3004G181900,0.687801
13S-HOTrE,LIN,individual,4:53712560,4,53712560,5.135584e-09,SORBI_3004G182100,0.687713
13S-HOTrE,LIN,individual,4:53721989,4,53721989,5.135584e-09,SORBI_3004G182100,0.687713
13S-HOTrE,LIN,individual,4:53712560,4,53712560,5.135584e-09,SORBI_3004G182201,0.685247
13S-HOTrE,LIN,individual,4:53721989,4,53721989,5.135584e-09,SORBI_3004G182201,0.685247
13S-HOTrE,LIN,individual,4:53712560,4,53712560,5.135584e-09,SORBI_3004G182000,0.683078
13S-HOTrE,LIN,individual,4:53721989,4,53721989,5.135584e-09,SORBI_3004G182000,0.683078
13S-HOTrE,LIN,individual,4:53712560,4,53712560,5.135584e-09,SORBI_3004G184200,0.631175
13S-HOTrE,LIN,individual,4:53721989,4,53721989,5.135584e-09,SORBI_3004G184200,0.631175
13S-HOTrE,LIN,individual,4:53712560,4,53712560,5.135584e-09,SORBI_3004G183800,0.624829
13S-HOTrE,LIN,individual,4:53721989,4,53721989,5.135584e-09,SORBI_3004G183800,0.624829
13S-HOTrE,LIN,individual,4:53712560,4,53712560,5.135584e-09,SORBI_3004G184200,0.614124
13S-HOTrE,LIN,individual,4:53721989,4,53721989,5.135584e-09,SORBI_3004G184200,0.614124
13S-HOTrE,LIN,individual,4:53712560,4,53712560,5.135584e-09,SORBI_3004G183900,0.566864
13S-HOTrE,LIN,individual,4:53721989,4,53721989,5.135584e-09,SORBI_3004G183900,0.566864
13S-HOTrE,LIN,individual,4:53712560,4,53712560,5.135584e-09,SORBI_3004G184000,0.539075
13S-HOTrE,LIN,individual,4:53721989,4,53721989,5.135584e-09,SORBI_3004G184000,0.539075
13S-HOTrE,LIN,individual,4:53712560,4,53712560,5.135584e-09,SORBI_3004G184200,0.527302
13S-HOTrE,LIN,individual,4:53721989,4,53721989,5.135584e-09,SORBI_3004G184200,0.527302
13S-HOTrE,LIN,individual,4:53712560,4,53712560,5.135584e-09,SORBI_3004G183400,0.526335
13S-HOTrE,LIN,individual,4:53721989,4,53721989,5.135584e-09,SORBI_3004G183400,0.526335
13S-HOTrE,LIN,individual,4:53712560,4,53712560,5.135584e-09,SORBI_3004G183300,0.481288
13S-HOTrE,LIN,individual,4:53721989,4,53721989,5.135584e-09,SORBI_3004G183300,0.481288
13S-HOTrE,LIN,individual,4:53712560,4,53712560,5.135584e-09,SORBI_3004G184101,0.479721
13S-HOTrE,LIN,individual,4:53721989,4,53721989,5.135584e-09,SORBI_3004G184101,0.479721
13S-HOTrE,LIN,individual,4:53712560,4,53712560,5.135584e-09,SORBI_3004G183600,0.467611
13S-HOTrE,LIN,individual,4:53721989,4,53721989,5.135584e-09,SORBI_3004G183600,0.467611
13S-HOTrE,LIN,individual,4:53712560,4,53712560,5.135584e-09,SORBI_3004G183400,0.467071
13S-HOTrE,LIN,individual,4:53721989,4,53721989,5.135584e-09,SORBI_3004G183400,0.467071
13S-HOTrE,LIN,individual,4:53712560,4,53712560,5.135584e-09,SORBI_3004G184800,0.46225
13S-HOTrE,LIN,individual,4:53721989,4,53721989,5.135584e-09,SORBI_3004G184800,0.46225
13S-HOTrE,LIN,individual,4:53712560,4,53712560,5.135584e-09,SORBI_3004G183400,0.457994
13S-HOTrE,LIN,individual,4:53721989,4,53721989,5.135584e-09,SORBI_3004G183400,0.457994
13S-HOTrE,LIN,individual,4:53712560,4,53712560,5.135584e-09,SORBI_3004G184800,0.449304
13S-HOTrE,LIN,individual,4:53721989,4,53721989,5.135584e-09,SORBI_3004G184800,0.449304
13S-HOTrE,LIN,individual,4:53712560,4,53712560,5.135584e-09,SORBI_3004G183300,0.441219
13S-HOTrE,LIN,individual,4:53721989,4,53721989,5.135584e-09,SORBI_3004G183300,0.441219
13S-HOTrE,LIN,individual,4:53712560,4,53712560,5.135584e-09,SORBI_3004G184800,0.430614
13S-HOTrE,LIN,individual,4:53721989,4,53721989,5.135584e-09,SORBI_3004G184800,0.430614
13S-HOTrE,LIN,individual,4:53712560,4,53712560,5.135584e-09,SORBI_3004G184200,0.428382
13S-HOTrE,LIN,individual,4:53721989,4,53721989,5.135584e-09,SORBI_3004G184200,0.428382
13S-HOTrE,LIN,individual,4:53712560,4,53712560,5.135584e-09,SORBI_3004G183100,0.422034
13S-HOTrE,LIN,individual,4:53721989,4,53721989,5.135584e-09,SORBI_3004G183100,0.422034
13S-HOTrE,LIN,individual,5:2565353,5,2565353,5.411076e-09,SORBI_3005G028700,1
13S-HOTrE,LIN,individual,5:2565353,5,2565353,5.411076e-09,SORBI_3005G028700,1
13S-HOTrE,LIN,individual,5:2565353,5,2565353,5.411076e-09,SORBI_3005G028700,0.978892
13S-HOTrE,LIN,individual,5:2565353,5,2565353,5.411076e-09,SORBI_3005G028700,0.570239
13S-HOTrE,LIN,individual,4:3965717,4,3965717,5.512514e-09,SORBI_3004G049200,1
13S-HOTrE,LIN,individual,4:3973736,4,3973736,5.512514e-09,SORBI_3004G049200,1
13S-HOTrE,LIN,individual,4:3973736,4,3973736,5.512514e-09,SORBI_3004G049200,1
13S-HOTrE,LIN,individual,4:3974863,4,3974863,5.512514e-09,SORBI_3004G049200,1
13S-HOTrE,LIN,individual,4:3974863,4,3974863,5.512514e-09,SORBI_3004G049200,1
13S-HOTrE,LIN,individual,4:3965717,4,3965717,5.512514e-09,SORBI_3004G049200,0.993133
13S-HOTrE,LIN,individual,4:3973736,4,3973736,5.512514e-09,SORBI_3004G049200,0.993133
13S-HOTrE,LIN,individual,4:3974863,4,3974863,5.512514e-09,SORBI_3004G049200,0.993133
13S-HOTrE,LIN,individual,4:3965717,4,3965717,5.512514e-09,SORBI_3004G048600,0.918002
13S-HOTrE,LIN,individual,4:3973736,4,3973736,5.512514e-09,SORBI_3004G048600,0.918002
13S-HOTrE,LIN,individual,4:3974863,4,3974863,5.512514e-09,SORBI_3004G048600,0.918002
13S-HOTrE,LIN,individual,4:3965717,4,3965717,5.512514e-09,SORBI_3004G048400,0.89002
13S-HOTrE,LIN,individual,4:3973736,4,3973736,5.512514e-09,SORBI_3004G048400,0.89002
13S-HOTrE,LIN,individual,4:3974863,4,3974863,5.512514e-09,SORBI_3004G048400,0.89002
13S-HOTrE,LIN,individual,4:3965717,4,3965717,5.512514e-09,SORBI_3004G048800,0.884974
13S-HOTrE,LIN,individual,4:3973736,4,3973736,5.512514e-09,SORBI_3004G048800,0.884974
13S-HOTrE,LIN,individual,4:3974863,4,3974863,5.512514e-09,SORBI_3004G048800,0.884974
13S-HOTrE,LIN,individual,4:3965717,4,3965717,5.512514e-09,SORBI_3004G048400,0.877615
13S-HOTrE,LIN,individual,4:3973736,4,3973736,5.512514e-09,SORBI_3004G048400,0.877615
13S-HOTrE,LIN,individual,4:3974863,4,3974863,5.512514e-09,SORBI_3004G048400,0.877615
13S-HOTrE,LIN,individual,4:3965717,4,3965717,5.512514e-09,SORBI_3004G048600,0.865723
13S-HOTrE,LIN,individual,4:3973736,4,3973736,5.512514e-09,SORBI_3004G048600,0.865723
13S-HOTrE,LIN,individual,4:3974863,4,3974863,5.512514e-09,SORBI_3004G048600,0.865723
13S-HOTrE,LIN,individual,4:3965717,4,3965717,5.512514e-09,SORBI_3004G048300,0.862833
13S-HOTrE,LIN,individual,4:3973736,4,3973736,5.512514e-09,SORBI_3004G048300,0.862833
13S-HOTrE,LIN,individual,4:3974863,4,3974863,5.512514e-09,SORBI_3004G048300,0.862833
13S-HOTrE,LIN,individual,4:3965717,4,3965717,5.512514e-09,SORBI_3004G048500,0.815632
13S-HOTrE,LIN,individual,4:3973736,4,3973736,5.512514e-09,SORBI_3004G048500,0.815632
13S-HOTrE,LIN,individual,4:3974863,4,3974863,5.512514e-09,SORBI_3004G048500,0.815632
13S-HOTrE,LIN,individual,4:3965717,4,3965717,5.512514e-09,SORBI_3004G049200,0.79653
13S-HOTrE,LIN,individual,4:3973736,4,3973736,5.512514e-09,SORBI_3004G049200,0.79653
13S-HOTrE,LIN,individual,4:3974863,4,3974863,5.512514e-09,SORBI_3004G049200,0.79653
13S-HOTrE,LIN,individual,4:3965717,4,3965717,5.512514e-09,SORBI_3004G048000,0.768557
13S-HOTrE,LIN,individual,4:3973736,4,3973736,5.512514e-09,SORBI_3004G048000,0.768557
13S-HOTrE,LIN,individual,4:3974863,4,3974863,5.512514e-09,SORBI_3004G048000,0.768557
13S-HOTrE,LIN,individual,4:3965717,4,3965717,5.512514e-09,SORBI_3004G048300,0.758726
13S-HOTrE,LIN,individual,4:3973736,4,3973736,5.512514e-09,SORBI_3004G048300,0.758726
13S-HOTrE,LIN,individual,4:3974863,4,3974863,5.512514e-09,SORBI_3004G048300,0.758726
13S-HOTrE,LIN,individual,4:3965717,4,3965717,5.512514e-09,SORBI_3004G048300,0.75817
13S-HOTrE,LIN,individual,4:3973736,4,3973736,5.512514e-09,SORBI_3004G048300,0.75817
13S-HOTrE,LIN,individual,4:3974863,4,3974863,5.512514e-09,SORBI_3004G048300,0.75817
13S-HOTrE,LIN,individual,4:3965717,4,3965717,5.512514e-09,SORBI_3004G048100,0.748593
13S-HOTrE,LIN,individual,4:3973736,4,3973736,5.512514e-09,SORBI_3004G048100,0.748593
13S-HOTrE,LIN,individual,4:3974863,4,3974863,5.512514e-09,SORBI_3004G048100,0.748593
13S-HOTrE,LIN,individual,4:3965717,4,3965717,5.512514e-09,SORBI_3004G048100,0.746866
13S-HOTrE,LIN,individual,4:3973736,4,3973736,5.512514e-09,SORBI_3004G048100,0.746866
13S-HOTrE,LIN,individual,4:3974863,4,3974863,5.512514e-09,SORBI_3004G048100,0.746866
13S-HOTrE,LIN,individual,4:3965717,4,3965717,5.512514e-09,SORBI_3004G048100,0.743846
13S-HOTrE,LIN,individual,4:3973736,4,3973736,5.512514e-09,SORBI_3004G048100,0.743846
13S-HOTrE,LIN,individual,4:3974863,4,3974863,5.512514e-09,SORBI_3004G048100,0.743846
13S-HOTrE,LIN,individual,4:3965717,4,3965717,5.512514e-09,SORBI_3004G048700,0.690981
13S-HOTrE,LIN,individual,4:3973736,4,3973736,5.512514e-09,SORBI_3004G048700,0.690981
13S-HOTrE,LIN,individual,4:3974863,4,3974863,5.512514e-09,SORBI_3004G048700,0.690981
13S-HOTrE,LIN,individual,4:3965717,4,3965717,5.512514e-09,SORBI_3004G048700,0.672723
13S-HOTrE,LIN,individual,4:3973736,4,3973736,5.512514e-09,SORBI_3004G048700,0.672723
13S-HOTrE,LIN,individual,4:3974863,4,3974863,5.512514e-09,SORBI_3004G048700,0.672723
13S-HOTrE,LIN,individual,4:3965717,4,3965717,5.512514e-09,SORBI_3004G047700,0.644194
13S-HOTrE,LIN,individual,4:3973736,4,3973736,5.512514e-09,SORBI_3004G047700,0.644194
13S-HOTrE,LIN,individual,4:3974863,4,3974863,5.512514e-09,SORBI_3004G047700,0.644194
13S-HOTrE,LIN,individual,4:3965717,4,3965717,5.512514e-09,SORBI_3004G047600,0.637254
13S-HOTrE,LIN,individual,4:3965717,4,3965717,5.512514e-09,SORBI_3004G047700,0.637254
13S-HOTrE,LIN,individual,4:3973736,4,3973736,5.512514e-09,SORBI_3004G047600,0.637254
13S-HOTrE,LIN,individual,4:3973736,4,3973736,5.512514e-09,SORBI_3004G047700,0.637254
13S-HOTrE,LIN,individual,4:3974863,4,3974863,5.512514e-09,SORBI_3004G047600,0.637254
13S-HOTrE,LIN,individual,4:3974863,4,3974863,5.512514e-09,SORBI_3004G047700,0.637254
13S-HOTrE,LIN,individual,4:3965717,4,3965717,5.512514e-09,SORBI_3004G048201,0.634283
13S-HOTrE,LIN,individual,4:3965717,4,3965717,5.512514e-09,SORBI_3004G048700,0.634283
13S-HOTrE,LIN,individual,4:3973736,4,3973736,5.512514e-09,SORBI_3004G048201,0.634283
13S-HOTrE,LIN,individual,4:3973736,4,3973736,5.512514e-09,SORBI_3004G048700,0.634283
13S-HOTrE,LIN,individual,4:3974863,4,3974863,5.512514e-09,SORBI_3004G048201,0.634283
13S-HOTrE,LIN,individual,4:3974863,4,3974863,5.512514e-09,SORBI_3004G048700,0.634283
13S-HOTrE,LIN,individual,4:3965717,4,3965717,5.512514e-09,SORBI_3004G048700,0.632949
13S-HOTrE,LIN,individual,4:3973736,4,3973736,5.512514e-09,SORBI_3004G048700,0.632949
13S-HOTrE,LIN,individual,4:3974863,4,3974863,5.512514e-09,SORBI_3004G048700,0.632949
13S-HOTrE,LIN,individual,4:3965717,4,3965717,5.512514e-09,SORBI_3004G048700,0.629472
13S-HOTrE,LIN,individual,4:3973736,4,3973736,5.512514e-09,SORBI_3004G048700,0.629472
13S-HOTrE,LIN,individual,4:3974863,4,3974863,5.512514e-09,SORBI_3004G048700,0.629472
13S-HOTrE,LIN,individual,4:3965717,4,3965717,5.512514e-09,SORBI_3004G048700,0.627328
13S-HOTrE,LIN,individual,4:3973736,4,3973736,5.512514e-09,SORBI_3004G048700,0.627328
13S-HOTrE,LIN,individual,4:3974863,4,3974863,5.512514e-09,SORBI_3004G048700,0.627328
13S-HOTrE,LIN,individual,4:3965717,4,3965717,5.512514e-09,SORBI_3004G048700,0.627116
13S-HOTrE,LIN,individual,4:3973736,4,3973736,5.512514e-09,SORBI_3004G048700,0.627116
13S-HOTrE,LIN,individual,4:3974863,4,3974863,5.512514e-09,SORBI_3004G048700,0.627116
13S-HOTrE,LIN,individual,4:3965717,4,3965717,5.512514e-09,SORBI_3004G048700,0.625234
13S-HOTrE,LIN,individual,4:3973736,4,3973736,5.512514e-09,SORBI_3004G048700,0.625234
13S-HOTrE,LIN,individual,4:3974863,4,3974863,5.512514e-09,SORBI_3004G048700,0.625234
13S-HOTrE,LIN,individual,4:3965717,4,3965717,5.512514e-09,SORBI_3004G048700,0.623875
13S-HOTrE,LIN,individual,4:3973736,4,3973736,5.512514e-09,SORBI_3004G048700,0.623875
13S-HOTrE,LIN,individual,4:3974863,4,3974863,5.512514e-09,SORBI_3004G048700,0.623875
13S-HOTrE,LIN,individual,4:3965717,4,3965717,5.512514e-09,SORBI_3004G048700,0.623272
13S-HOTrE,LIN,individual,4:3973736,4,3973736,5.512514e-09,SORBI_3004G048700,0.623272
13S-HOTrE,LIN,individual,4:3974863,4,3974863,5.512514e-09,SORBI_3004G048700,0.623272
13S-HOTrE,LIN,individual,4:3965717,4,3965717,5.512514e-09,SORBI_3004G048700,0.623164
13S-HOTrE,LIN,individual,4:3973736,4,3973736,5.512514e-09,SORBI_3004G048700,0.623164
13S-HOTrE,LIN,individual,4:3974863,4,3974863,5.512514e-09,SORBI_3004G048700,0.623164
13S-HOTrE,LIN,individual,4:3965717,4,3965717,5.512514e-09,SORBI_3004G048700,0.619065
13S-HOTrE,LIN,individual,4:3973736,4,3973736,5.512514e-09,SORBI_3004G048700,0.619065
13S-HOTrE,LIN,individual,4:3974863,4,3974863,5.512514e-09,SORBI_3004G048700,0.619065
13S-HOTrE,LIN,individual,4:3965717,4,3965717,5.512514e-09,SORBI_3004G048700,0.616202
13S-HOTrE,LIN,individual,4:3973736,4,3973736,5.512514e-09,SORBI_3004G048700,0.616202
13S-HOTrE,LIN,individual,4:3974863,4,3974863,5.512514e-09,SORBI_3004G048700,0.616202
13S-HOTrE,LIN,individual,4:3965717,4,3965717,5.512514e-09,SORBI_3004G048700,0.615736
13S-HOTrE,LIN,individual,4:3973736,4,3973736,5.512514e-09,SORBI_3004G048700,0.615736
13S-HOTrE,LIN,individual,4:3974863,4,3974863,5.512514e-09,SORBI_3004G048700,0.615736
13S-HOTrE,LIN,individual,4:3965717,4,3965717,5.512514e-09,SORBI_3004G048700,0.614818
13S-HOTrE,LIN,individual,4:3973736,4,3973736,5.512514e-09,SORBI_3004G048700,0.614818
13S-HOTrE,LIN,individual,4:3974863,4,3974863,5.512514e-09,SORBI_3004G048700,0.614818
13S-HOTrE,LIN,individual,4:3965717,4,3965717,5.512514e-09,SORBI_3004G048201,0.612512
13S-HOTrE,LIN,individual,4:3973736,4,3973736,5.512514e-09,SORBI_3004G048201,0.612512
13S-HOTrE,LIN,individual,4:3974863,4,3974863,5.512514e-09,SORBI_3004G048201,0.612512
13S-HOTrE,LIN,individual,4:3965717,4,3965717,5.512514e-09,SORBI_3004G048700,0.611314
13S-HOTrE,LIN,individual,4:3973736,4,3973736,5.512514e-09,SORBI_3004G048700,0.611314
13S-HOTrE,LIN,individual,4:3974863,4,3974863,5.512514e-09,SORBI_3004G048700,0.611314
13S-HOTrE,LIN,individual,4:3965717,4,3965717,5.512514e-09,SORBI_3004G047500,0.610859
13S-HOTrE,LIN,individual,4:3973736,4,3973736,5.512514e-09,SORBI_3004G047500,0.610859
13S-HOTrE,LIN,individual,4:3974863,4,3974863,5.512514e-09,SORBI_3004G047500,0.610859
13S-HOTrE,LIN,individual,4:3965717,4,3965717,5.512514e-09,SORBI_3004G048700,0.605778
13S-HOTrE,LIN,individual,4:3973736,4,3973736,5.512514e-09,SORBI_3004G048700,0.605778
13S-HOTrE,LIN,individual,4:3974863,4,3974863,5.512514e-09,SORBI_3004G048700,0.605778
13S-HOTrE,LIN,individual,4:3965717,4,3965717,5.512514e-09,SORBI_3004G047200,0.605416
13S-HOTrE,LIN,individual,4:3973736,4,3973736,5.512514e-09,SORBI_3004G047200,0.605416
13S-HOTrE,LIN,individual,4:3974863,4,3974863,5.512514e-09,SORBI_3004G047200,0.605416
13S-HOTrE,LIN,individual,4:3965717,4,3965717,5.512514e-09,SORBI_3004G048700,0.60226
13S-HOTrE,LIN,individual,4:3973736,4,3973736,5.512514e-09,SORBI_3004G048700,0.60226
13S-HOTrE,LIN,individual,4:3974863,4,3974863,5.512514e-09,SORBI_3004G048700,0.60226
13S-HOTrE,LIN,individual,4:3965717,4,3965717,5.512514e-09,SORBI_3004G047400,0.600326
13S-HOTrE,LIN,individual,4:3973736,4,3973736,5.512514e-09,SORBI_3004G047400,0.600326
13S-HOTrE,LIN,individual,4:3974863,4,3974863,5.512514e-09,SORBI_3004G047400,0.600326
13S-HOTrE,LIN,individual,4:3965717,4,3965717,5.512514e-09,SORBI_3004G048700,0.596756
13S-HOTrE,LIN,individual,4:3973736,4,3973736,5.512514e-09,SORBI_3004G048700,0.596756
13S-HOTrE,LIN,individual,4:3974863,4,3974863,5.512514e-09,SORBI_3004G048700,0.596756
13S-HOTrE,LIN,individual,4:3965717,4,3965717,5.512514e-09,SORBI_3004G048700,0.58775
13S-HOTrE,LIN,individual,4:3973736,4,3973736,5.512514e-09,SORBI_3004G048700,0.58775
13S-HOTrE,LIN,individual,4:3974863,4,3974863,5.512514e-09,SORBI_3004G048700,0.58775
13S-HOTrE,LIN,individual,4:3965717,4,3965717,5.512514e-09,SORBI_3004G048700,0.58658
13S-HOTrE,LIN,individual,4:3973736,4,3973736,5.512514e-09,SORBI_3004G048700,0.58658
13S-HOTrE,LIN,individual,4:3974863,4,3974863,5.512514e-09,SORBI_3004G048700,0.58658
13S-HOTrE,LIN,individual,4:3965717,4,3965717,5.512514e-09,SORBI_3004G047200,0.58461
13S-HOTrE,LIN,individual,4:3973736,4,3973736,5.512514e-09,SORBI_3004G047200,0.58461
13S-HOTrE,LIN,individual,4:3974863,4,3974863,5.512514e-09,SORBI_3004G047200,0.58461
13S-HOTrE,LIN,individual,4:3965717,4,3965717,5.512514e-09,SORBI_3004G047200,0.576198
13S-HOTrE,LIN,individual,4:3973736,4,3973736,5.512514e-09,SORBI_3004G047200,0.576198
13S-HOTrE,LIN,individual,4:3974863,4,3974863,5.512514e-09,SORBI_3004G047200,0.576198
13S-HOTrE,LIN,individual,4:3965717,4,3965717,5.512514e-09,SORBI_3004G048700,0.572536
13S-HOTrE,LIN,individual,4:3973736,4,3973736,5.512514e-09,SORBI_3004G048700,0.572536
13S-HOTrE,LIN,individual,4:3974863,4,3974863,5.512514e-09,SORBI_3004G048700,0.572536
13S-HOTrE,LIN,individual,4:3965717,4,3965717,5.512514e-09,SORBI_3004G047400,0.572128
13S-HOTrE,LIN,individual,4:3973736,4,3973736,5.512514e-09,SORBI_3004G047400,0.572128
13S-HOTrE,LIN,individual,4:3974863,4,3974863,5.512514e-09,SORBI_3004G047400,0.572128
13S-HOTrE,LIN,individual,4:3965717,4,3965717,5.512514e-09,SORBI_3004G047400,0.564431
13S-HOTrE,LIN,individual,4:3973736,4,3973736,5.512514e-09,SORBI_3004G047400,0.564431
13S-HOTrE,LIN,individual,4:3974863,4,3974863,5.512514e-09,SORBI_3004G047400,0.564431
13S-HOTrE,LIN,individual,4:3965717,4,3965717,5.512514e-09,SORBI_3004G047500,0.563985
13S-HOTrE,LIN,individual,4:3973736,4,3973736,5.512514e-09,SORBI_3004G047500,0.563985
13S-HOTrE,LIN,individual,4:3974863,4,3974863,5.512514e-09,SORBI_3004G047500,0.563985
13S-HOTrE,LIN,individual,4:3965717,4,3965717,5.512514e-09,SORBI_3004G048700,0.560517
13S-HOTrE,LIN,individual,4:3973736,4,3973736,5.512514e-09,SORBI_3004G048700,0.560517
13S-HOTrE,LIN,individual,4:3974863,4,3974863,5.512514e-09,SORBI_3004G048700,0.560517
13S-HOTrE,LIN,individual,4:3965717,4,3965717,5.512514e-09,SORBI_3004G047001,0.559855
13S-HOTrE,LIN,individual,4:3973736,4,3973736,5.512514e-09,SORBI_3004G047001,0.559855
13S-HOTrE,LIN,individual,4:3974863,4,3974863,5.512514e-09,SORBI_3004G047001,0.559855
13S-HOTrE,LIN,individual,4:3965717,4,3965717,5.512514e-09,SORBI_3004G047400,0.558797
13S-HOTrE,LIN,individual,4:3973736,4,3973736,5.512514e-09,SORBI_3004G047400,0.558797
13S-HOTrE,LIN,individual,4:3974863,4,3974863,5.512514e-09,SORBI_3004G047400,0.558797
13S-HOTrE,LIN,individual,4:3965717,4,3965717,5.512514e-09,SORBI_3004G047500,0.554972
13S-HOTrE,LIN,individual,4:3973736,4,3973736,5.512514e-09,SORBI_3004G047500,0.554972
13S-HOTrE,LIN,individual,4:3974863,4,3974863,5.512514e-09,SORBI_3004G047500,0.554972
13S-HOTrE,LIN,individual,4:3965717,4,3965717,5.512514e-09,SORBI_3004G048700,0.554284
13S-HOTrE,LIN,individual,4:3973736,4,3973736,5.512514e-09,SORBI_3004G048700,0.554284
13S-HOTrE,LIN,individual,4:3974863,4,3974863,5.512514e-09,SORBI_3004G048700,0.554284
13S-HOTrE,LIN,individual,4:3965717,4,3965717,5.512514e-09,SORBI_3004G047400,0.545977
13S-HOTrE,LIN,individual,4:3973736,4,3973736,5.512514e-09,SORBI_3004G047400,0.545977
13S-HOTrE,LIN,individual,4:3974863,4,3974863,5.512514e-09,SORBI_3004G047400,0.545977
13S-HOTrE,LIN,individual,4:3965717,4,3965717,5.512514e-09,SORBI_3004G048700,0.545244
13S-HOTrE,LIN,individual,4:3973736,4,3973736,5.512514e-09,SORBI_3004G048700,0.545244
13S-HOTrE,LIN,individual,4:3974863,4,3974863,5.512514e-09,SORBI_3004G048700,0.545244
13S-HOTrE,LIN,individual,4:3965717,4,3965717,5.512514e-09,SORBI_3004G046800,0.528499
13S-HOTrE,LIN,individual,4:3973736,4,3973736,5.512514e-09,SORBI_3004G046800,0.528499
13S-HOTrE,LIN,individual,4:3974863,4,3974863,5.512514e-09,SORBI_3004G046800,0.528499
13S-HOTrE,LIN,individual,4:3965717,4,3965717,5.512514e-09,SORBI_3004G045632,0.524555
13S-HOTrE,LIN,individual,4:3973736,4,3973736,5.512514e-09,SORBI_3004G045632,0.524555
13S-HOTrE,LIN,individual,4:3974863,4,3974863,5.512514e-09,SORBI_3004G045632,0.524555
13S-HOTrE,LIN,individual,4:3965717,4,3965717,5.512514e-09,SORBI_3004G047001,0.507061
13S-HOTrE,LIN,individual,4:3973736,4,3973736,5.512514e-09,SORBI_3004G047001,0.507061
13S-HOTrE,LIN,individual,4:3974863,4,3974863,5.512514e-09,SORBI_3004G047001,0.507061
13S-HOTrE,LIN,individual,4:3965717,4,3965717,5.512514e-09,SORBI_3004G046100,0.493869
13S-HOTrE,LIN,individual,4:3973736,4,3973736,5.512514e-09,SORBI_3004G046100,0.493869
13S-HOTrE,LIN,individual,4:3974863,4,3974863,5.512514e-09,SORBI_3004G046100,0.493869
13S-HOTrE,LIN,individual,4:3965717,4,3965717,5.512514e-09,SORBI_3004G049300,0.469359
13S-HOTrE,LIN,individual,4:3973736,4,3973736,5.512514e-09,SORBI_3004G049300,0.469359
13S-HOTrE,LIN,individual,4:3974863,4,3974863,5.512514e-09,SORBI_3004G049300,0.469359
13S-HOTrE,LIN,individual,4:3965717,4,3965717,5.512514e-09,SORBI_3004G046100,0.464554
13S-HOTrE,LIN,individual,4:3973736,4,3973736,5.512514e-09,SORBI_3004G046100,0.464554
13S-HOTrE,LIN,individual,4:3974863,4,3974863,5.512514e-09,SORBI_3004G046100,0.464554
13S-HOTrE,LIN,individual,4:3965717,4,3965717,5.512514e-09,SORBI_3004G049500,0.460721
13S-HOTrE,LIN,individual,4:3973736,4,3973736,5.512514e-09,SORBI_3004G049500,0.460721
13S-HOTrE,LIN,individual,4:3974863,4,3974863,5.512514e-09,SORBI_3004G049500,0.460721
13S-HOTrE,LIN,individual,4:3965717,4,3965717,5.512514e-09,SORBI_3004G045632,0.456889
13S-HOTrE,LIN,individual,4:3965717,4,3965717,5.512514e-09,SORBI_3004G045700,0.456889
13S-HOTrE,LIN,individual,4:3973736,4,3973736,5.512514e-09,SORBI_3004G045632,0.456889
13S-HOTrE,LIN,individual,4:3973736,4,3973736,5.512514e-09,SORBI_3004G045700,0.456889
13S-HOTrE,LIN,individual,4:3974863,4,3974863,5.512514e-09,SORBI_3004G045632,0.456889
13S-HOTrE,LIN,individual,4:3974863,4,3974863,5.512514e-09,SORBI_3004G045700,0.456889
13S-HOTrE,LIN,individual,4:3965717,4,3965717,5.512514e-09,SORBI_3004G045300,0.448768
13S-HOTrE,LIN,individual,4:3973736,4,3973736,5.512514e-09,SORBI_3004G045300,0.448768
13S-HOTrE,LIN,individual,4:3974863,4,3974863,5.512514e-09,SORBI_3004G045300,0.448768
13S-HOTrE,LIN,individual,4:3965717,4,3965717,5.512514e-09,SORBI_3004G049600,0.44348
13S-HOTrE,LIN,individual,4:3973736,4,3973736,5.512514e-09,SORBI_3004G049600,0.44348
13S-HOTrE,LIN,individual,4:3974863,4,3974863,5.512514e-09,SORBI_3004G049600,0.44348
13S-HOTrE,LIN,individual,4:3965717,4,3965717,5.512514e-09,SORBI_3004G049600,0.440881
13S-HOTrE,LIN,individual,4:3973736,4,3973736,5.512514e-09,SORBI_3004G049600,0.440881
13S-HOTrE,LIN,individual,4:3974863,4,3974863,5.512514e-09,SORBI_3004G049600,0.440881
13S-HOTrE,LIN,individual,4:3965717,4,3965717,5.512514e-09,SORBI_3004G049600,0.437091
13S-HOTrE,LIN,individual,4:3965717,4,3965717,5.512514e-09,SORBI_3004G049700,0.437091
13S-HOTrE,LIN,individual,4:3965717,4,3965717,5.512514e-09,SORBI_3004G049800,0.437091
13S-HOTrE,LIN,individual,4:3973736,4,3973736,5.512514e-09,SORBI_3004G049600,0.437091
13S-HOTrE,LIN,individual,4:3973736,4,3973736,5.512514e-09,SORBI_3004G049700,0.437091
13S-HOTrE,LIN,individual,4:3973736,4,3973736,5.512514e-09,SORBI_3004G049800,0.437091
13S-HOTrE,LIN,individual,4:3974863,4,3974863,5.512514e-09,SORBI_3004G049600,0.437091
13S-HOTrE,LIN,individual,4:3974863,4,3974863,5.512514e-09,SORBI_3004G049700,0.437091
13S-HOTrE,LIN,individual,4:3974863,4,3974863,5.512514e-09,SORBI_3004G049800,0.437091
13S-HOTrE,LIN,individual,4:3965717,4,3965717,5.512514e-09,SORBI_3004G049400,0.429892
13S-HOTrE,LIN,individual,4:3973736,4,3973736,5.512514e-09,SORBI_3004G049400,0.429892
13S-HOTrE,LIN,individual,4:3974863,4,3974863,5.512514e-09,SORBI_3004G049400,0.429892
13S-HOTrE,LIN,individual,4:3965717,4,3965717,5.512514e-09,SORBI_3004G049600,0.429875
13S-HOTrE,LIN,individual,4:3973736,4,3973736,5.512514e-09,SORBI_3004G049600,0.429875
13S-HOTrE,LIN,individual,4:3974863,4,3974863,5.512514e-09,SORBI_3004G049600,0.429875
13S-HOTrE,LIN,individual,4:3965717,4,3965717,5.512514e-09,SORBI_3004G049500,0.429827
13S-HOTrE,LIN,individual,4:3973736,4,3973736,5.512514e-09,SORBI_3004G049500,0.429827
13S-HOTrE,LIN,individual,4:3974863,4,3974863,5.512514e-09,SORBI_3004G049500,0.429827
13S-HOTrE,LIN,individual,4:3965717,4,3965717,5.512514e-09,SORBI_3004G049600,0.429727
13S-HOTrE,LIN,individual,4:3973736,4,3973736,5.512514e-09,SORBI_3004G049600,0.429727
13S-HOTrE,LIN,individual,4:3974863,4,3974863,5.512514e-09,SORBI_3004G049600,0.429727
13S-HOTrE,LIN,individual,4:3965717,4,3965717,5.512514e-09,SORBI_3004G049600,0.428506
13S-HOTrE,LIN,individual,4:3973736,4,3973736,5.512514e-09,SORBI_3004G049600,0.428506
13S-HOTrE,LIN,individual,4:3974863,4,3974863,5.512514e-09,SORBI_3004G049600,0.428506
13S-HOTrE,LIN,individual,4:3965717,4,3965717,5.512514e-09,SORBI_3004G049800,0.424069
13S-HOTrE,LIN,individual,4:3973736,4,3973736,5.512514e-09,SORBI_3004G049800,0.424069
13S-HOTrE,LIN,individual,4:3974863,4,3974863,5.512514e-09,SORBI_3004G049800,0.424069
13S-HOTrE,LIN,individual,4:3965717,4,3965717,5.512514e-09,SORBI_3004G045400,0.419521
13S-HOTrE,LIN,individual,4:3973736,4,3973736,5.512514e-09,SORBI_3004G045400,0.419521
13S-HOTrE,LIN,individual,4:3974863,4,3974863,5.512514e-09,SORBI_3004G045400,0.419521
13S-HOTrE,LIN,individual,1:16429033,1,16429033,5.742415e-09,SORBI_3001G186500,1
13S-HOTrE,LIN,individual,1:16429035,1,16429035,5.742415e-09,SORBI_3001G186500,1
13S-HOTrE,LIN,individual,1:16429033,1,16429033,5.742415e-09,SORBI_3001G186800,0.983003
13S-HOTrE,LIN,individual,1:16429035,1,16429035,5.742415e-09,SORBI_3001G186800,0.983003
13S-HOTrE,LIN,individual,1:16429033,1,16429033,5.742415e-09,SORBI_3001G186500,0.982115
13S-HOTrE,LIN,individual,1:16429035,1,16429035,5.742415e-09,SORBI_3001G186500,0.982115
13S-HOTrE,LIN,individual,1:16429033,1,16429033,5.742415e-09,SORBI_3001G186850,0.980425
13S-HOTrE,LIN,individual,1:16429035,1,16429035,5.742415e-09,SORBI_3001G186850,0.980425
13S-HOTrE,LIN,individual,1:16429033,1,16429033,5.742415e-09,SORBI_3001G186500,0.975349
13S-HOTrE,LIN,individual,1:16429035,1,16429035,5.742415e-09,SORBI_3001G186500,0.975349
13S-HOTrE,LIN,individual,1:16429033,1,16429033,5.742415e-09,SORBI_3001G186700,0.975308
13S-HOTrE,LIN,individual,1:16429033,1,16429033,5.742415e-09,SORBI_3001G186800,0.975308
13S-HOTrE,LIN,individual,1:16429033,1,16429033,5.742415e-09,SORBI_3001G187200,0.975308
13S-HOTrE,LIN,individual,1:16429035,1,16429035,5.742415e-09,SORBI_3001G186700,0.975308
13S-HOTrE,LIN,individual,1:16429035,1,16429035,5.742415e-09,SORBI_3001G186800,0.975308
13S-HOTrE,LIN,individual,1:16429035,1,16429035,5.742415e-09,SORBI_3001G187200,0.975308
13S-HOTrE,LIN,individual,1:16429033,1,16429033,5.742415e-09,SORBI_3001G187000,0.975302
13S-HOTrE,LIN,individual,1:16429035,1,16429035,5.742415e-09,SORBI_3001G187000,0.975302
13S-HOTrE,LIN,individual,1:16429033,1,16429033,5.742415e-09,SORBI_3001G187000,0.975297
13S-HOTrE,LIN,individual,1:16429035,1,16429035,5.742415e-09,SORBI_3001G187000,0.975297
13S-HOTrE,LIN,individual,1:16429033,1,16429033,5.742415e-09,SORBI_3001G186401,0.974666
13S-HOTrE,LIN,individual,1:16429035,1,16429035,5.742415e-09,SORBI_3001G186401,0.974666
13S-HOTrE,LIN,individual,1:16429033,1,16429033,5.742415e-09,SORBI_3001G187200,0.974567
13S-HOTrE,LIN,individual,1:16429035,1,16429035,5.742415e-09,SORBI_3001G187200,0.974567
13S-HOTrE,LIN,individual,1:16429033,1,16429033,5.742415e-09,SORBI_3001G186850,0.974317
13S-HOTrE,LIN,individual,1:16429035,1,16429035,5.742415e-09,SORBI_3001G186850,0.974317
13S-HOTrE,LIN,individual,1:16429033,1,16429033,5.742415e-09,SORBI_3001G187500,0.973963
13S-HOTrE,LIN,individual,1:16429035,1,16429035,5.742415e-09,SORBI_3001G187500,0.973963
13S-HOTrE,LIN,individual,1:16429033,1,16429033,5.742415e-09,SORBI_3001G186401,0.973812
13S-HOTrE,LIN,individual,1:16429035,1,16429035,5.742415e-09,SORBI_3001G186401,0.973812
13S-HOTrE,LIN,individual,1:16429033,1,16429033,5.742415e-09,SORBI_3001G186800,0.973447
13S-HOTrE,LIN,individual,1:16429033,1,16429033,5.742415e-09,SORBI_3001G187000,0.973447
13S-HOTrE,LIN,individual,1:16429033,1,16429033,5.742415e-09,SORBI_3001G187200,0.973447
13S-HOTrE,LIN,individual,1:16429035,1,16429035,5.742415e-09,SORBI_3001G186800,0.973447
13S-HOTrE,LIN,individual,1:16429035,1,16429035,5.742415e-09,SORBI_3001G187000,0.973447
13S-HOTrE,LIN,individual,1:16429035,1,16429035,5.742415e-09,SORBI_3001G187200,0.973447
13S-HOTrE,LIN,individual,1:16429033,1,16429033,5.742415e-09,SORBI_3001G187000,0.973441
13S-HOTrE,LIN,individual,1:16429033,1,16429033,5.742415e-09,SORBI_3001G187200,0.973441
13S-HOTrE,LIN,individual,1:16429035,1,16429035,5.742415e-09,SORBI_3001G187000,0.973441
13S-HOTrE,LIN,individual,1:16429035,1,16429035,5.742415e-09,SORBI_3001G187200,0.973441
13S-HOTrE,LIN,individual,1:16429033,1,16429033,5.742415e-09,SORBI_3001G186500,0.973235
13S-HOTrE,LIN,individual,1:16429035,1,16429035,5.742415e-09,SORBI_3001G186500,0.973235
13S-HOTrE,LIN,individual,1:16429033,1,16429033,5.742415e-09,SORBI_3001G187500,0.973109
13S-HOTrE,LIN,individual,1:16429035,1,16429035,5.742415e-09,SORBI_3001G187500,0.973109
13S-HOTrE,LIN,individual,1:16429033,1,16429033,5.742415e-09,SORBI_3001G187500,0.97305
13S-HOTrE,LIN,individual,1:16429035,1,16429035,5.742415e-09,SORBI_3001G187500,0.97305
13S-HOTrE,LIN,individual,1:16429033,1,16429033,5.742415e-09,SORBI_3001G186500,0.972934
13S-HOTrE,LIN,individual,1:16429035,1,16429035,5.742415e-09,SORBI_3001G186500,0.972934
13S-HOTrE,LIN,individual,1:16429033,1,16429033,5.742415e-09,SORBI_3001G187400,0.972828
13S-HOTrE,LIN,individual,1:16429035,1,16429035,5.742415e-09,SORBI_3001G187400,0.972828
13S-HOTrE,LIN,individual,1:16429033,1,16429033,5.742415e-09,SORBI_3001G187400,0.972822
13S-HOTrE,LIN,individual,1:16429035,1,16429035,5.742415e-09,SORBI_3001G187400,0.972822
13S-HOTrE,LIN,individual,1:16429033,1,16429033,5.742415e-09,SORBI_3001G187400,0.972809
13S-HOTrE,LIN,individual,1:16429035,1,16429035,5.742415e-09,SORBI_3001G187400,0.972809
13S-HOTrE,LIN,individual,1:16429033,1,16429033,5.742415e-09,SORBI_3001G187300,0.9728
13S-HOTrE,LIN,individual,1:16429035,1,16429035,5.742415e-09,SORBI_3001G187300,0.9728
13S-HOTrE,LIN,individual,1:16429033,1,16429033,5.742415e-09,SORBI_3001G187500,0.972263
13S-HOTrE,LIN,individual,1:16429035,1,16429035,5.742415e-09,SORBI_3001G187500,0.972263
13S-HOTrE,LIN,individual,1:16429033,1,16429033,5.742415e-09,SORBI_3001G187500,0.972253
13S-HOTrE,LIN,individual,1:16429035,1,16429035,5.742415e-09,SORBI_3001G187500,0.972253
13S-HOTrE,LIN,individual,1:16429033,1,16429033,5.742415e-09,SORBI_3001G186500,0.97192
13S-HOTrE,LIN,individual,1:16429035,1,16429035,5.742415e-09,SORBI_3001G186500,0.97192
13S-HOTrE,LIN,individual,1:16429033,1,16429033,5.742415e-09,SORBI_3001G186850,0.971154
13S-HOTrE,LIN,individual,1:16429035,1,16429035,5.742415e-09,SORBI_3001G186850,0.971154
13S-HOTrE,LIN,individual,1:16429033,1,16429033,5.742415e-09,SORBI_3001G186600,0.970885
13S-HOTrE,LIN,individual,1:16429035,1,16429035,5.742415e-09,SORBI_3001G186600,0.970885
13S-HOTrE,LIN,individual,1:16429033,1,16429033,5.742415e-09,SORBI_3001G186500,0.970856
13S-HOTrE,LIN,individual,1:16429035,1,16429035,5.742415e-09,SORBI_3001G186500,0.970856
13S-HOTrE,LIN,individual,1:16429033,1,16429033,5.742415e-09,SORBI_3001G186600,0.970721
13S-HOTrE,LIN,individual,1:16429035,1,16429035,5.742415e-09,SORBI_3001G186600,0.970721
13S-HOTrE,LIN,individual,1:16429033,1,16429033,5.742415e-09,SORBI_3001G186500,0.970663
13S-HOTrE,LIN,individual,1:16429035,1,16429035,5.742415e-09,SORBI_3001G186500,0.970663
13S-HOTrE,LIN,individual,1:16429033,1,16429033,5.742415e-09,SORBI_3001G186500,0.970638
13S-HOTrE,LIN,individual,1:16429035,1,16429035,5.742415e-09,SORBI_3001G186500,0.970638
13S-HOTrE,LIN,individual,1:16429033,1,16429033,5.742415e-09,SORBI_3001G186600,0.970471
13S-HOTrE,LIN,individual,1:16429035,1,16429035,5.742415e-09,SORBI_3001G186600,0.970471
13S-HOTrE,LIN,individual,1:16429033,1,16429033,5.742415e-09,SORBI_3001G186850,0.969951
13S-HOTrE,LIN,individual,1:16429035,1,16429035,5.742415e-09,SORBI_3001G186850,0.969951
13S-HOTrE,LIN,individual,1:16429033,1,16429033,5.742415e-09,SORBI_3001G187400,0.968735
13S-HOTrE,LIN,individual,1:16429035,1,16429035,5.742415e-09,SORBI_3001G187400,0.968735
13S-HOTrE,LIN,individual,1:16429033,1,16429033,5.742415e-09,SORBI_3001G186700,0.9681
13S-HOTrE,LIN,individual,1:16429033,1,16429033,5.742415e-09,SORBI_3001G186800,0.9681
13S-HOTrE,LIN,individual,1:16429033,1,16429033,5.742415e-09,SORBI_3001G187000,0.9681
13S-HOTrE,LIN,individual,1:16429033,1,16429033,5.742415e-09,SORBI_3001G187100,0.9681
13S-HOTrE,LIN,individual,1:16429033,1,16429033,5.742415e-09,SORBI_3001G187200,0.9681
13S-HOTrE,LIN,individual,1:16429033,1,16429033,5.742415e-09,SORBI_3001G187300,0.9681
13S-HOTrE,LIN,individual,1:16429035,1,16429035,5.742415e-09,SORBI_3001G186700,0.9681
13S-HOTrE,LIN,individual,1:16429035,1,16429035,5.742415e-09,SORBI_3001G186800,0.9681
13S-HOTrE,LIN,individual,1:16429035,1,16429035,5.742415e-09,SORBI_3001G187000,0.9681
13S-HOTrE,LIN,individual,1:16429035,1,16429035,5.742415e-09,SORBI_3001G187100,0.9681
13S-HOTrE,LIN,individual,1:16429035,1,16429035,5.742415e-09,SORBI_3001G187200,0.9681
13S-HOTrE,LIN,individual,1:16429035,1,16429035,5.742415e-09,SORBI_3001G187300,0.9681
13S-HOTrE,LIN,individual,1:16429033,1,16429033,5.742415e-09,SORBI_3001G187000,0.968093
13S-HOTrE,LIN,individual,1:16429035,1,16429035,5.742415e-09,SORBI_3001G187000,0.968093
13S-HOTrE,LIN,individual,1:16429033,1,16429033,5.742415e-09,SORBI_3001G187300,0.968086
13S-HOTrE,LIN,individual,1:16429035,1,16429035,5.742415e-09,SORBI_3001G187300,0.968086
13S-HOTrE,LIN,individual,1:16429033,1,16429033,5.742415e-09,SORBI_3001G187300,0.968056
13S-HOTrE,LIN,individual,1:16429035,1,16429035,5.742415e-09,SORBI_3001G187300,0.968056
13S-HOTrE,LIN,individual,1:16429033,1,16429033,5.742415e-09,SORBI_3001G186500,0.967353
13S-HOTrE,LIN,individual,1:16429035,1,16429035,5.742415e-09,SORBI_3001G186500,0.967353
13S-HOTrE,LIN,individual,1:16429033,1,16429033,5.742415e-09,SORBI_3001G187200,0.967192
13S-HOTrE,LIN,individual,1:16429035,1,16429035,5.742415e-09,SORBI_3001G187200,0.967192
13S-HOTrE,LIN,individual,1:16429033,1,16429033,5.742415e-09,SORBI_3001G186700,0.967126
13S-HOTrE,LIN,individual,1:16429033,1,16429033,5.742415e-09,SORBI_3001G186800,0.967126
13S-HOTrE,LIN,individual,1:16429033,1,16429033,5.742415e-09,SORBI_3001G187200,0.967126
13S-HOTrE,LIN,individual,1:16429035,1,16429035,5.742415e-09,SORBI_3001G186700,0.967126
13S-HOTrE,LIN,individual,1:16429035,1,16429035,5.742415e-09,SORBI_3001G186800,0.967126
13S-HOTrE,LIN,individual,1:16429035,1,16429035,5.742415e-09,SORBI_3001G187200,0.967126
13S-HOTrE,LIN,individual,1:16429033,1,16429033,5.742415e-09,SORBI_3001G186401,0.967064
13S-HOTrE,LIN,individual,1:16429035,1,16429035,5.742415e-09,SORBI_3001G186401,0.967064
13S-HOTrE,LIN,individual,1:16429033,1,16429033,5.742415e-09,SORBI_3001G186500,0.966454
13S-HOTrE,LIN,individual,1:16429035,1,16429035,5.742415e-09,SORBI_3001G186500,0.966454
13S-HOTrE,LIN,individual,1:16429033,1,16429033,5.742415e-09,SORBI_3001G187600,0.966278
13S-HOTrE,LIN,individual,1:16429035,1,16429035,5.742415e-09,SORBI_3001G187600,0.966278
13S-HOTrE,LIN,individual,1:16429033,1,16429033,5.742415e-09,SORBI_3001G186800,0.965508
13S-HOTrE,LIN,individual,1:16429033,1,16429033,5.742415e-09,SORBI_3001G187000,0.965508
13S-HOTrE,LIN,individual,1:16429033,1,16429033,5.742415e-09,SORBI_3001G187100,0.965508
13S-HOTrE,LIN,individual,1:16429033,1,16429033,5.742415e-09,SORBI_3001G187200,0.965508
13S-HOTrE,LIN,individual,1:16429033,1,16429033,5.742415e-09,SORBI_3001G187300,0.965508
13S-HOTrE,LIN,individual,1:16429035,1,16429035,5.742415e-09,SORBI_3001G186800,0.965508
13S-HOTrE,LIN,individual,1:16429035,1,16429035,5.742415e-09,SORBI_3001G187000,0.965508
13S-HOTrE,LIN,individual,1:16429035,1,16429035,5.742415e-09,SORBI_3001G187100,0.965508
13S-HOTrE,LIN,individual,1:16429035,1,16429035,5.742415e-09,SORBI_3001G187200,0.965508
13S-HOTrE,LIN,individual,1:16429035,1,16429035,5.742415e-09,SORBI_3001G187300,0.965508
13S-HOTrE,LIN,individual,1:16429033,1,16429033,5.742415e-09,SORBI_3001G187000,0.9655
13S-HOTrE,LIN,individual,1:16429035,1,16429035,5.742415e-09,SORBI_3001G187000,0.9655
13S-HOTrE,LIN,individual,1:16429033,1,16429033,5.742415e-09,SORBI_3001G187500,0.965447
13S-HOTrE,LIN,individual,1:16429035,1,16429035,5.742415e-09,SORBI_3001G187500,0.965447
13S-HOTrE,LIN,individual,1:16429033,1,16429033,5.742415e-09,SORBI_3001G187300,0.964839
13S-HOTrE,LIN,individual,1:16429035,1,16429035,5.742415e-09,SORBI_3001G187300,0.964839
13S-HOTrE,LIN,individual,1:16429033,1,16429033,5.742415e-09,SORBI_3001G186850,0.964455
13S-HOTrE,LIN,individual,1:16429035,1,16429035,5.742415e-09,SORBI_3001G186850,0.964455
13S-HOTrE,LIN,individual,1:16429033,1,16429033,5.742415e-09,SORBI_3001G186850,0.964352
13S-HOTrE,LIN,individual,1:16429035,1,16429035,5.742415e-09,SORBI_3001G186850,0.964352
13S-HOTrE,LIN,individual,1:16429033,1,16429033,5.742415e-09,SORBI_3001G186800,0.96403
13S-HOTrE,LIN,individual,1:16429035,1,16429035,5.742415e-09,SORBI_3001G186800,0.96403
13S-HOTrE,LIN,individual,1:16429033,1,16429033,5.742415e-09,SORBI_3001G186925,0.963858
13S-HOTrE,LIN,individual,1:16429035,1,16429035,5.742415e-09,SORBI_3001G186925,0.963858
13S-HOTrE,LIN,individual,1:16429033,1,16429033,5.742415e-09,SORBI_3001G186925,0.963818
13S-HOTrE,LIN,individual,1:16429035,1,16429035,5.742415e-09,SORBI_3001G186925,0.963818
13S-HOTrE,LIN,individual,1:16429033,1,16429033,5.742415e-09,SORBI_3001G187400,0.963662
13S-HOTrE,LIN,individual,1:16429035,1,16429035,5.742415e-09,SORBI_3001G187400,0.963662
13S-HOTrE,LIN,individual,1:16429033,1,16429033,5.742415e-09,SORBI_3001G187500,0.963493
13S-HOTrE,LIN,individual,1:16429035,1,16429035,5.742415e-09,SORBI_3001G187500,0.963493
13S-HOTrE,LIN,individual,1:16429033,1,16429033,5.742415e-09,SORBI_3001G186925,0.963241
13S-HOTrE,LIN,individual,1:16429035,1,16429035,5.742415e-09,SORBI_3001G186925,0.963241
13S-HOTrE,LIN,individual,1:16429033,1,16429033,5.742415e-09,SORBI_3001G186500,0.963216
13S-HOTrE,LIN,individual,1:16429035,1,16429035,5.742415e-09,SORBI_3001G186500,0.963216
13S-HOTrE,LIN,individual,1:16429033,1,16429033,5.742415e-09,SORBI_3001G186500,0.963193
13S-HOTrE,LIN,individual,1:16429035,1,16429035,5.742415e-09,SORBI_3001G186500,0.963193
13S-HOTrE,LIN,individual,1:16429033,1,16429033,5.742415e-09,SORBI_3001G187800,0.963121
13S-HOTrE,LIN,individual,1:16429035,1,16429035,5.742415e-09,SORBI_3001G187800,0.963121
13S-HOTrE,LIN,individual,1:16429033,1,16429033,5.742415e-09,SORBI_3001G187500,0.962918
13S-HOTrE,LIN,individual,1:16429035,1,16429035,5.742415e-09,SORBI_3001G187500,0.962918
13S-HOTrE,LIN,individual,1:16429033,1,16429033,5.742415e-09,SORBI_3001G186925,0.962661
13S-HOTrE,LIN,individual,1:16429035,1,16429035,5.742415e-09,SORBI_3001G186925,0.962661
13S-HOTrE,LIN,individual,1:16429033,1,16429033,5.742415e-09,SORBI_3001G186925,0.962637
13S-HOTrE,LIN,individual,1:16429035,1,16429035,5.742415e-09,SORBI_3001G186925,0.962637
13S-HOTrE,LIN,individual,1:16429033,1,16429033,5.742415e-09,SORBI_3001G186600,0.962401
13S-HOTrE,LIN,individual,1:16429035,1,16429035,5.742415e-09,SORBI_3001G186600,0.962401
13S-HOTrE,LIN,individual,1:16429033,1,16429033,5.742415e-09,SORBI_3001G186600,0.962251
13S-HOTrE,LIN,individual,1:16429035,1,16429035,5.742415e-09,SORBI_3001G186600,0.962251
13S-HOTrE,LIN,individual,1:16429033,1,16429033,5.742415e-09,SORBI_3001G186600,0.962174
13S-HOTrE,LIN,individual,1:16429035,1,16429035,5.742415e-09,SORBI_3001G186600,0.962174
13S-HOTrE,LIN,individual,1:16429033,1,16429033,5.742415e-09,SORBI_3001G186600,0.962096
13S-HOTrE,LIN,individual,1:16429035,1,16429035,5.742415e-09,SORBI_3001G186600,0.962096
13S-HOTrE,LIN,individual,1:16429033,1,16429033,5.742415e-09,SORBI_3001G186600,0.962016
13S-HOTrE,LIN,individual,1:16429035,1,16429035,5.742415e-09,SORBI_3001G186600,0.962016
13S-HOTrE,LIN,individual,1:16429033,1,16429033,5.742415e-09,SORBI_3001G186600,0.961935
13S-HOTrE,LIN,individual,1:16429035,1,16429035,5.742415e-09,SORBI_3001G186600,0.961935
13S-HOTrE,LIN,individual,1:16429033,1,16429033,5.742415e-09,SORBI_3001G186600,0.961852
13S-HOTrE,LIN,individual,1:16429035,1,16429035,5.742415e-09,SORBI_3001G186600,0.961852
13S-HOTrE,LIN,individual,1:16429033,1,16429033,5.742415e-09,SORBI_3001G186600,0.961768
13S-HOTrE,LIN,individual,1:16429035,1,16429035,5.742415e-09,SORBI_3001G186600,0.961768
13S-HOTrE,LIN,individual,1:16429033,1,16429033,5.742415e-09,SORBI_3001G186600,0.961682
13S-HOTrE,LIN,individual,1:16429035,1,16429035,5.742415e-09,SORBI_3001G186600,0.961682
13S-HOTrE,LIN,individual,1:16429033,1,16429033,5.742415e-09,SORBI_3001G186600,0.961594
13S-HOTrE,LIN,individual,1:16429035,1,16429035,5.742415e-09,SORBI_3001G186600,0.961594
13S-HOTrE,LIN,individual,1:16429033,1,16429033,5.742415e-09,SORBI_3001G186600,0.961505
13S-HOTrE,LIN,individual,1:16429035,1,16429035,5.742415e-09,SORBI_3001G186600,0.961505
13S-HOTrE,LIN,individual,1:16429033,1,16429033,5.742415e-09,SORBI_3001G186600,0.961413
13S-HOTrE,LIN,individual,1:16429035,1,16429035,5.742415e-09,SORBI_3001G186600,0.961413
13S-HOTrE,LIN,individual,1:16429033,1,16429033,5.742415e-09,SORBI_3001G186500,0.960959
13S-HOTrE,LIN,individual,1:16429035,1,16429035,5.742415e-09,SORBI_3001G186500,0.960959
13S-HOTrE,LIN,individual,1:16429033,1,16429033,5.742415e-09,SORBI_3001G186800,0.960158
13S-HOTrE,LIN,individual,1:16429033,1,16429033,5.742415e-09,SORBI_3001G187200,0.960158
13S-HOTrE,LIN,individual,1:16429033,1,16429033,5.742415e-09,SORBI_3001G187300,0.960158
13S-HOTrE,LIN,individual,1:16429035,1,16429035,5.742415e-09,SORBI_3001G186800,0.960158
13S-HOTrE,LIN,individual,1:16429035,1,16429035,5.742415e-09,SORBI_3001G187200,0.960158
13S-HOTrE,LIN,individual,1:16429035,1,16429035,5.742415e-09,SORBI_3001G187300,0.960158
13S-HOTrE,LIN,individual,1:16429033,1,16429033,5.742415e-09,SORBI_3001G187000,0.960149
13S-HOTrE,LIN,individual,1:16429035,1,16429035,5.742415e-09,SORBI_3001G187000,0.960149
13S-HOTrE,LIN,individual,1:16429033,1,16429033,5.742415e-09,SORBI_3001G187300,0.960093
13S-HOTrE,LIN,individual,1:16429035,1,16429035,5.742415e-09,SORBI_3001G187300,0.960093
13S-HOTrE,LIN,individual,1:16429033,1,16429033,5.742415e-09,SORBI_3001G187500,0.959362
13S-HOTrE,LIN,individual,1:16429035,1,16429035,5.742415e-09,SORBI_3001G187500,0.959362
13S-HOTrE,LIN,individual,1:16429033,1,16429033,5.742415e-09,SORBI_3001G187500,0.959347
13S-HOTrE,LIN,individual,1:16429035,1,16429035,5.742415e-09,SORBI_3001G187500,0.959347
13S-HOTrE,LIN,individual,1:16429033,1,16429033,5.742415e-09,SORBI_3001G186600,0.95854
13S-HOTrE,LIN,individual,1:16429035,1,16429035,5.742415e-09,SORBI_3001G186600,0.95854
13S-HOTrE,LIN,individual,1:16429033,1,16429033,5.742415e-09,SORBI_3001G186600,0.958312
13S-HOTrE,LIN,individual,1:16429035,1,16429035,5.742415e-09,SORBI_3001G186600,0.958312
13S-HOTrE,LIN,individual,1:16429033,1,16429033,5.742415e-09,SORBI_3001G186700,0.95808
13S-HOTrE,LIN,individual,1:16429033,1,16429033,5.742415e-09,SORBI_3001G186800,0.95808
13S-HOTrE,LIN,individual,1:16429033,1,16429033,5.742415e-09,SORBI_3001G187000,0.95808
13S-HOTrE,LIN,individual,1:16429033,1,16429033,5.742415e-09,SORBI_3001G187100,0.95808
13S-HOTrE,LIN,individual,1:16429033,1,16429033,5.742415e-09,SORBI_3001G187200,0.95808
13S-HOTrE,LIN,individual,1:16429033,1,16429033,5.742415e-09,SORBI_3001G187300,0.95808
13S-HOTrE,LIN,individual,1:16429035,1,16429035,5.742415e-09,SORBI_3001G186700,0.95808
13S-HOTrE,LIN,individual,1:16429035,1,16429035,5.742415e-09,SORBI_3001G186800,0.95808
13S-HOTrE,LIN,individual,1:16429035,1,16429035,5.742415e-09,SORBI_3001G187000,0.95808
13S-HOTrE,LIN,individual,1:16429035,1,16429035,5.742415e-09,SORBI_3001G187100,0.95808
13S-HOTrE,LIN,individual,1:16429035,1,16429035,5.742415e-09,SORBI_3001G187200,0.95808
13S-HOTrE,LIN,individual,1:16429035,1,16429035,5.742415e-09,SORBI_3001G187300,0.95808
13S-HOTrE,LIN,individual,1:16429033,1,16429033,5.742415e-09,SORBI_3001G187200,0.95807
13S-HOTrE,LIN,individual,1:16429035,1,16429035,5.742415e-09,SORBI_3001G187200,0.95807
13S-HOTrE,LIN,individual,1:16429033,1,16429033,5.742415e-09,SORBI_3001G187300,0.95778
13S-HOTrE,LIN,individual,1:16429035,1,16429035,5.742415e-09,SORBI_3001G187300,0.95778
13S-HOTrE,LIN,individual,1:16429033,1,16429033,5.742415e-09,SORBI_3001G186500,0.957758
13S-HOTrE,LIN,individual,1:16429035,1,16429035,5.742415e-09,SORBI_3001G186500,0.957758
13S-HOTrE,LIN,individual,1:16429033,1,16429033,5.742415e-09,SORBI_3001G186600,0.957127
13S-HOTrE,LIN,individual,1:16429035,1,16429035,5.742415e-09,SORBI_3001G186600,0.957127
13S-HOTrE,LIN,individual,1:16429033,1,16429033,5.742415e-09,SORBI_3001G187400,0.956499
13S-HOTrE,LIN,individual,1:16429035,1,16429035,5.742415e-09,SORBI_3001G187400,0.956499
13S-HOTrE,LIN,individual,1:16429033,1,16429033,5.742415e-09,SORBI_3001G187400,0.956347
13S-HOTrE,LIN,individual,1:16429035,1,16429035,5.742415e-09,SORBI_3001G187400,0.956347
13S-HOTrE,LIN,individual,1:16429033,1,16429033,5.742415e-09,SORBI_3001G186800,0.955834
13S-HOTrE,LIN,individual,1:16429033,1,16429033,5.742415e-09,SORBI_3001G186850,0.955834
13S-HOTrE,LIN,individual,1:16429033,1,16429033,5.742415e-09,SORBI_3001G187000,0.955834
13S-HOTrE,LIN,individual,1:16429033,1,16429033,5.742415e-09,SORBI_3001G187100,0.955834
13S-HOTrE,LIN,individual,1:16429033,1,16429033,5.742415e-09,SORBI_3001G187200,0.955834
13S-HOTrE,LIN,individual,1:16429033,1,16429033,5.742415e-09,SORBI_3001G187300,0.955834
13S-HOTrE,LIN,individual,1:16429035,1,16429035,5.742415e-09,SORBI_3001G186800,0.955834
13S-HOTrE,LIN,individual,1:16429035,1,16429035,5.742415e-09,SORBI_3001G186850,0.955834
13S-HOTrE,LIN,individual,1:16429035,1,16429035,5.742415e-09,SORBI_3001G187000,0.955834
13S-HOTrE,LIN,individual,1:16429035,1,16429035,5.742415e-09,SORBI_3001G187100,0.955834
13S-HOTrE,LIN,individual,1:16429035,1,16429035,5.742415e-09,SORBI_3001G187200,0.955834
13S-HOTrE,LIN,individual,1:16429035,1,16429035,5.742415e-09,SORBI_3001G187300,0.955834
13S-HOTrE,LIN,individual,1:16429033,1,16429033,5.742415e-09,SORBI_3001G186850,0.955773
13S-HOTrE,LIN,individual,1:16429035,1,16429035,5.742415e-09,SORBI_3001G186850,0.955773
13S-HOTrE,LIN,individual,1:16429033,1,16429033,5.742415e-09,SORBI_3001G186850,0.955731
13S-HOTrE,LIN,individual,1:16429035,1,16429035,5.742415e-09,SORBI_3001G186850,0.955731
13S-HOTrE,LIN,individual,1:16429033,1,16429033,5.742415e-09,SORBI_3001G187800,0.955459
13S-HOTrE,LIN,individual,1:16429035,1,16429035,5.742415e-09,SORBI_3001G187800,0.955459
13S-HOTrE,LIN,individual,1:16429033,1,16429033,5.742415e-09,SORBI_3001G187000,0.955308
13S-HOTrE,LIN,individual,1:16429035,1,16429035,5.742415e-09,SORBI_3001G187000,0.955308
13S-HOTrE,LIN,individual,1:16429033,1,16429033,5.742415e-09,SORBI_3001G187400,0.954868
13S-HOTrE,LIN,individual,1:16429035,1,16429035,5.742415e-09,SORBI_3001G187400,0.954868
13S-HOTrE,LIN,individual,1:16429033,1,16429033,5.742415e-09,SORBI_3001G186925,0.954814
13S-HOTrE,LIN,individual,1:16429035,1,16429035,5.742415e-09,SORBI_3001G186925,0.954814
13S-HOTrE,LIN,individual,1:16429033,1,16429033,5.742415e-09,SORBI_3001G186925,0.954791
13S-HOTrE,LIN,individual,1:16429035,1,16429035,5.742415e-09,SORBI_3001G186925,0.954791
13S-HOTrE,LIN,individual,1:16429033,1,16429033,5.742415e-09,SORBI_3001G186800,0.954761
13S-HOTrE,LIN,individual,1:16429033,1,16429033,5.742415e-09,SORBI_3001G187200,0.954761
13S-HOTrE,LIN,individual,1:16429035,1,16429035,5.742415e-09,SORBI_3001G186800,0.954761
13S-HOTrE,LIN,individual,1:16429035,1,16429035,5.742415e-09,SORBI_3001G187200,0.954761
13S-HOTrE,LIN,individual,1:16429033,1,16429033,5.742415e-09,SORBI_3001G187400,0.954717
13S-HOTrE,LIN,individual,1:16429035,1,16429035,5.742415e-09,SORBI_3001G187400,0.954717
13S-HOTrE,LIN,individual,1:16429033,1,16429033,5.742415e-09,SORBI_3001G187500,0.954658
13S-HOTrE,LIN,individual,1:16429035,1,16429035,5.742415e-09,SORBI_3001G187500,0.954658
13S-HOTrE,LIN,individual,1:16429033,1,16429033,5.742415e-09,SORBI_3001G187300,0.954468
13S-HOTrE,LIN,individual,1:16429035,1,16429035,5.742415e-09,SORBI_3001G187300,0.954468
13S-HOTrE,LIN,individual,1:16429033,1,16429033,5.742415e-09,SORBI_3001G186850,0.952895
13S-HOTrE,LIN,individual,1:16429035,1,16429035,5.742415e-09,SORBI_3001G186850,0.952895
13S-HOTrE,LIN,individual,1:16429033,1,16429033,5.742415e-09,SORBI_3001G186850,0.952393
13S-HOTrE,LIN,individual,1:16429035,1,16429035,5.742415e-09,SORBI_3001G186850,0.952393
13S-HOTrE,LIN,individual,1:16429033,1,16429033,5.742415e-09,SORBI_3001G186700,0.952345
13S-HOTrE,LIN,individual,1:16429033,1,16429033,5.742415e-09,SORBI_3001G186800,0.952345
13S-HOTrE,LIN,individual,1:16429033,1,16429033,5.742415e-09,SORBI_3001G187300,0.952345
13S-HOTrE,LIN,individual,1:16429035,1,16429035,5.742415e-09,SORBI_3001G186700,0.952345
13S-HOTrE,LIN,individual,1:16429035,1,16429035,5.742415e-09,SORBI_3001G186800,0.952345
13S-HOTrE,LIN,individual,1:16429035,1,16429035,5.742415e-09,SORBI_3001G187300,0.952345
13S-HOTrE,LIN,individual,1:16429033,1,16429033,5.742415e-09,SORBI_3001G186850,0.952266
13S-HOTrE,LIN,individual,1:16429035,1,16429035,5.742415e-09,SORBI_3001G186850,0.952266
13S-HOTrE,LIN,individual,1:16429033,1,16429033,5.742415e-09,SORBI_3001G186600,0.952265
13S-HOTrE,LIN,individual,1:16429035,1,16429035,5.742415e-09,SORBI_3001G186600,0.952265
13S-HOTrE,LIN,individual,1:16429033,1,16429033,5.742415e-09,SORBI_3001G186600,0.952157
13S-HOTrE,LIN,individual,1:16429035,1,16429035,5.742415e-09,SORBI_3001G186600,0.952157
13S-HOTrE,LIN,individual,1:16429033,1,16429033,5.742415e-09,SORBI_3001G186600,0.951937
13S-HOTrE,LIN,individual,1:16429035,1,16429035,5.742415e-09,SORBI_3001G186600,0.951937
13S-HOTrE,LIN,individual,1:16429033,1,16429033,5.742415e-09,SORBI_3001G186600,0.951823
13S-HOTrE,LIN,individual,1:16429035,1,16429035,5.742415e-09,SORBI_3001G186600,0.951823
13S-HOTrE,LIN,individual,1:16429033,1,16429033,5.742415e-09,SORBI_3001G186401,0.951225
13S-HOTrE,LIN,individual,1:16429035,1,16429035,5.742415e-09,SORBI_3001G186401,0.951225
13S-HOTrE,LIN,individual,1:16429033,1,16429033,5.742415e-09,SORBI_3001G187500,0.950541
13S-HOTrE,LIN,individual,1:16429035,1,16429035,5.742415e-09,SORBI_3001G187500,0.950541
13S-HOTrE,LIN,individual,1:16429033,1,16429033,5.742415e-09,SORBI_3001G186600,0.95051
13S-HOTrE,LIN,individual,1:16429035,1,16429035,5.742415e-09,SORBI_3001G186600,0.95051
13S-HOTrE,LIN,individual,1:16429033,1,16429033,5.742415e-09,SORBI_3001G186600,0.950411
13S-HOTrE,LIN,individual,1:16429035,1,16429035,5.742415e-09,SORBI_3001G186600,0.950411
13S-HOTrE,LIN,individual,1:16429033,1,16429033,5.742415e-09,SORBI_3001G186600,0.950311
13S-HOTrE,LIN,individual,1:16429035,1,16429035,5.742415e-09,SORBI_3001G186600,0.950311
13S-HOTrE,LIN,individual,1:16429033,1,16429033,5.742415e-09,SORBI_3001G187800,0.950277
13S-HOTrE,LIN,individual,1:16429035,1,16429035,5.742415e-09,SORBI_3001G187800,0.950277
13S-HOTrE,LIN,individual,1:16429033,1,16429033,5.742415e-09,SORBI_3001G186600,0.950104
13S-HOTrE,LIN,individual,1:16429035,1,16429035,5.742415e-09,SORBI_3001G186600,0.950104
13S-HOTrE,LIN,individual,1:16429033,1,16429033,5.742415e-09,SORBI_3001G186800,0.950018
13S-HOTrE,LIN,individual,1:16429033,1,16429033,5.742415e-09,SORBI_3001G187000,0.950018
13S-HOTrE,LIN,individual,1:16429033,1,16429033,5.742415e-09,SORBI_3001G187100,0.950018
13S-HOTrE,LIN,individual,1:16429033,1,16429033,5.742415e-09,SORBI_3001G187200,0.950018
13S-HOTrE,LIN,individual,1:16429033,1,16429033,5.742415e-09,SORBI_3001G187300,0.950018
13S-HOTrE,LIN,individual,1:16429035,1,16429035,5.742415e-09,SORBI_3001G186800,0.950018
13S-HOTrE,LIN,individual,1:16429035,1,16429035,5.742415e-09,SORBI_3001G187000,0.950018
13S-HOTrE,LIN,individual,1:16429035,1,16429035,5.742415e-09,SORBI_3001G187100,0.950018
13S-HOTrE,LIN,individual,1:16429035,1,16429035,5.742415e-09,SORBI_3001G187200,0.950018
13S-HOTrE,LIN,individual,1:16429035,1,16429035,5.742415e-09,SORBI_3001G187300,0.950018
13S-HOTrE,LIN,individual,1:16429033,1,16429033,5.742415e-09,SORBI_3001G186401,0.94988
13S-HOTrE,LIN,individual,1:16429035,1,16429035,5.742415e-09,SORBI_3001G186401,0.94988
13S-HOTrE,LIN,individual,1:16429033,1,16429033,5.742415e-09,SORBI_3001G186600,0.949778
13S-HOTrE,LIN,individual,1:16429035,1,16429035,5.742415e-09,SORBI_3001G186600,0.949778
13S-HOTrE,LIN,individual,1:16429033,1,16429033,5.742415e-09,SORBI_3001G186500,0.949583
13S-HOTrE,LIN,individual,1:16429035,1,16429035,5.742415e-09,SORBI_3001G186500,0.949583
13S-HOTrE,LIN,individual,1:16429033,1,16429033,5.742415e-09,SORBI_3001G186600,0.94955
13S-HOTrE,LIN,individual,1:16429035,1,16429035,5.742415e-09,SORBI_3001G186600,0.94955
13S-HOTrE,LIN,individual,1:16429033,1,16429033,5.742415e-09,SORBI_3001G186500,0.949397
13S-HOTrE,LIN,individual,1:16429035,1,16429035,5.742415e-09,SORBI_3001G186500,0.949397
13S-HOTrE,LIN,individual,1:16429033,1,16429033,5.742415e-09,SORBI_3001G186850,0.949387
13S-HOTrE,LIN,individual,1:16429035,1,16429035,5.742415e-09,SORBI_3001G186850,0.949387
13S-HOTrE,LIN,individual,1:16429033,1,16429033,5.742415e-09,SORBI_3001G186850,0.949261
13S-HOTrE,LIN,individual,1:16429035,1,16429035,5.742415e-09,SORBI_3001G186850,0.949261
13S-HOTrE,LIN,individual,1:16429033,1,16429033,5.742415e-09,SORBI_3001G187300,0.949028
13S-HOTrE,LIN,individual,1:16429035,1,16429035,5.742415e-09,SORBI_3001G187300,0.949028
13S-HOTrE,LIN,individual,1:16429033,1,16429033,5.742415e-09,SORBI_3001G186401,0.948998
13S-HOTrE,LIN,individual,1:16429035,1,16429035,5.742415e-09,SORBI_3001G186401,0.948998
13S-HOTrE,LIN,individual,1:16429033,1,16429033,5.742415e-09,SORBI_3001G187500,0.948937
13S-HOTrE,LIN,individual,1:16429035,1,16429035,5.742415e-09,SORBI_3001G187500,0.948937
13S-HOTrE,LIN,individual,1:16429033,1,16429033,5.742415e-09,SORBI_3001G186401,0.948839
13S-HOTrE,LIN,individual,1:16429035,1,16429035,5.742415e-09,SORBI_3001G186401,0.948839
13S-HOTrE,LIN,individual,1:16429033,1,16429033,5.742415e-09,SORBI_3001G186401,0.948815
13S-HOTrE,LIN,individual,1:16429035,1,16429035,5.742415e-09,SORBI_3001G186401,0.948815
13S-HOTrE,LIN,individual,1:16429033,1,16429033,5.742415e-09,SORBI_3001G187300,0.948608
13S-HOTrE,LIN,individual,1:16429035,1,16429035,5.742415e-09,SORBI_3001G187300,0.948608
13S-HOTrE,LIN,individual,1:16429033,1,16429033,5.742415e-09,SORBI_3001G186500,0.948478
13S-HOTrE,LIN,individual,1:16429035,1,16429035,5.742415e-09,SORBI_3001G186500,0.948478
13S-HOTrE,LIN,individual,1:16429033,1,16429033,5.742415e-09,SORBI_3001G186800,0.948171
13S-HOTrE,LIN,individual,1:16429033,1,16429033,5.742415e-09,SORBI_3001G187000,0.948171
13S-HOTrE,LIN,individual,1:16429033,1,16429033,5.742415e-09,SORBI_3001G187200,0.948171
13S-HOTrE,LIN,individual,1:16429035,1,16429035,5.742415e-09,SORBI_3001G186800,0.948171
13S-HOTrE,LIN,individual,1:16429035,1,16429035,5.742415e-09,SORBI_3001G187000,0.948171
13S-HOTrE,LIN,individual,1:16429035,1,16429035,5.742415e-09,SORBI_3001G187200,0.948171
13S-HOTrE,LIN,individual,1:16429033,1,16429033,5.742415e-09,SORBI_3001G187000,0.948159
13S-HOTrE,LIN,individual,1:16429035,1,16429035,5.742415e-09,SORBI_3001G187000,0.948159
13S-HOTrE,LIN,individual,1:16429033,1,16429033,5.742415e-09,SORBI_3001G187500,0.947409
13S-HOTrE,LIN,individual,1:16429035,1,16429035,5.742415e-09,SORBI_3001G187500,0.947409
13S-HOTrE,LIN,individual,1:16429033,1,16429033,5.742415e-09,SORBI_3001G187000,0.947389
13S-HOTrE,LIN,individual,1:16429033,1,16429033,5.742415e-09,SORBI_3001G187200,0.947389
13S-HOTrE,LIN,individual,1:16429035,1,16429035,5.742415e-09,SORBI_3001G187000,0.947389
13S-HOTrE,LIN,individual,1:16429035,1,16429035,5.742415e-09,SORBI_3001G187200,0.947389
13S-HOTrE,LIN,individual,1:16429033,1,16429033,5.742415e-09,SORBI_3001G187000,0.947377
13S-HOTrE,LIN,individual,1:16429035,1,16429035,5.742415e-09,SORBI_3001G187000,0.947377
13S-HOTrE,LIN,individual,1:16429033,1,16429033,5.742415e-09,SORBI_3001G186925,0.946404
13S-HOTrE,LIN,individual,1:16429035,1,16429035,5.742415e-09,SORBI_3001G186925,0.946404
13S-HOTrE,LIN,individual,1:16429033,1,16429033,5.742415e-09,SORBI_3001G186850,0.946292
13S-HOTrE,LIN,individual,1:16429033,1,16429033,5.742415e-09,SORBI_3001G187200,0.946292
13S-HOTrE,LIN,individual,1:16429035,1,16429035,5.742415e-09,SORBI_3001G186850,0.946292
13S-HOTrE,LIN,individual,1:16429035,1,16429035,5.742415e-09,SORBI_3001G187200,0.946292
13S-HOTrE,LIN,individual,1:16429033,1,16429033,5.742415e-09,SORBI_3001G186850,0.945959
13S-HOTrE,LIN,individual,1:16429035,1,16429035,5.742415e-09,SORBI_3001G186850,0.945959
13S-HOTrE,LIN,individual,1:16429033,1,16429033,5.742415e-09,SORBI_3001G187000,0.945886
13S-HOTrE,LIN,individual,1:16429035,1,16429035,5.742415e-09,SORBI_3001G187000,0.945886
13S-HOTrE,LIN,individual,1:16429033,1,16429033,5.742415e-09,SORBI_3001G186850,0.945651
13S-HOTrE,LIN,individual,1:16429035,1,16429035,5.742415e-09,SORBI_3001G186850,0.945651
13S-HOTrE,LIN,individual,1:16429033,1,16429033,5.742415e-09,SORBI_3001G186925,0.944774
13S-HOTrE,LIN,individual,1:16429035,1,16429035,5.742415e-09,SORBI_3001G186925,0.944774
13S-HOTrE,LIN,individual,1:16429033,1,16429033,5.742415e-09,SORBI_3001G187400,0.944237
13S-HOTrE,LIN,individual,1:16429035,1,16429035,5.742415e-09,SORBI_3001G187400,0.944237
13S-HOTrE,LIN,individual,1:16429033,1,16429033,5.742415e-09,SORBI_3001G186850,0.944053
13S-HOTrE,LIN,individual,1:16429035,1,16429035,5.742415e-09,SORBI_3001G186850,0.944053
13S-HOTrE,LIN,individual,1:16429033,1,16429033,5.742415e-09,SORBI_3001G186401,0.943127
13S-HOTrE,LIN,individual,1:16429035,1,16429035,5.742415e-09,SORBI_3001G186401,0.943127
13S-HOTrE,LIN,individual,1:16429033,1,16429033,5.742415e-09,SORBI_3001G186800,0.942091
13S-HOTrE,LIN,individual,1:16429035,1,16429035,5.742415e-09,SORBI_3001G186800,0.942091
13S-HOTrE,LIN,individual,1:16429033,1,16429033,5.742415e-09,SORBI_3001G186800,0.942051
13S-HOTrE,LIN,individual,1:16429035,1,16429035,5.742415e-09,SORBI_3001G186800,0.942051
13S-HOTrE,LIN,individual,1:16429033,1,16429033,5.742415e-09,SORBI_3001G186800,0.942038
13S-HOTrE,LIN,individual,1:16429035,1,16429035,5.742415e-09,SORBI_3001G186800,0.942038
13S-HOTrE,LIN,individual,1:16429033,1,16429033,5.742415e-09,SORBI_3001G186850,0.941944
13S-HOTrE,LIN,individual,1:16429035,1,16429035,5.742415e-09,SORBI_3001G186850,0.941944
13S-HOTrE,LIN,individual,1:16429033,1,16429033,5.742415e-09,SORBI_3001G186500,0.941711
13S-HOTrE,LIN,individual,1:16429035,1,16429035,5.742415e-09,SORBI_3001G186500,0.941711
13S-HOTrE,LIN,individual,1:16429033,1,16429033,5.742415e-09,SORBI_3001G186800,0.94101
13S-HOTrE,LIN,individual,1:16429035,1,16429035,5.742415e-09,SORBI_3001G186800,0.94101
13S-HOTrE,LIN,individual,1:16429033,1,16429033,5.742415e-09,SORBI_3001G186600,0.940733
13S-HOTrE,LIN,individual,1:16429035,1,16429035,5.742415e-09,SORBI_3001G186600,0.940733
13S-HOTrE,LIN,individual,1:16429033,1,16429033,5.742415e-09,SORBI_3001G187800,0.940655
13S-HOTrE,LIN,individual,1:16429035,1,16429035,5.742415e-09,SORBI_3001G187800,0.940655
13S-HOTrE,LIN,individual,1:16429033,1,16429033,5.742415e-09,SORBI_3001G186401,0.940407
13S-HOTrE,LIN,individual,1:16429035,1,16429035,5.742415e-09,SORBI_3001G186401,0.940407
13S-HOTrE,LIN,individual,1:16429033,1,16429033,5.742415e-09,SORBI_3001G186401,0.940223
13S-HOTrE,LIN,individual,1:16429035,1,16429035,5.742415e-09,SORBI_3001G186401,0.940223
13S-HOTrE,LIN,individual,1:16429033,1,16429033,5.742415e-09,SORBI_3001G186401,0.94016
13S-HOTrE,LIN,individual,1:16429035,1,16429035,5.742415e-09,SORBI_3001G186401,0.94016
13S-HOTrE,LIN,individual,1:16429033,1,16429033,5.742415e-09,SORBI_3001G187100,0.939986
13S-HOTrE,LIN,individual,1:16429033,1,16429033,5.742415e-09,SORBI_3001G187200,0.939986
13S-HOTrE,LIN,individual,1:16429033,1,16429033,5.742415e-09,SORBI_3001G187300,0.939986
13S-HOTrE,LIN,individual,1:16429035,1,16429035,5.742415e-09,SORBI_3001G187100,0.939986
13S-HOTrE,LIN,individual,1:16429035,1,16429035,5.742415e-09,SORBI_3001G187200,0.939986
13S-HOTrE,LIN,individual,1:16429035,1,16429035,5.742415e-09,SORBI_3001G187300,0.939986
13S-HOTrE,LIN,individual,1:16429033,1,16429033,5.742415e-09,SORBI_3001G186600,0.939961
13S-HOTrE,LIN,individual,1:16429035,1,16429035,5.742415e-09,SORBI_3001G186600,0.939961
13S-HOTrE,LIN,individual,1:16429033,1,16429033,5.742415e-09,SORBI_3001G186600,0.939824
13S-HOTrE,LIN,individual,1:16429035,1,16429035,5.742415e-09,SORBI_3001G186600,0.939824
13S-HOTrE,LIN,individual,1:16429033,1,16429033,5.742415e-09,SORBI_3001G187000,0.939076
13S-HOTrE,LIN,individual,1:16429035,1,16429035,5.742415e-09,SORBI_3001G187000,0.939076
13S-HOTrE,LIN,individual,1:16429033,1,16429033,5.742415e-09,SORBI_3001G186500,0.93891
13S-HOTrE,LIN,individual,1:16429035,1,16429035,5.742415e-09,SORBI_3001G186500,0.93891
13S-HOTrE,LIN,individual,1:16429033,1,16429033,5.742415e-09,SORBI_3001G186800,0.938382
13S-HOTrE,LIN,individual,1:16429035,1,16429035,5.742415e-09,SORBI_3001G186800,0.938382
13S-HOTrE,LIN,individual,1:16429033,1,16429033,5.742415e-09,SORBI_3001G186500,0.936766
13S-HOTrE,LIN,individual,1:16429035,1,16429035,5.742415e-09,SORBI_3001G186500,0.936766
13S-HOTrE,LIN,individual,1:16429033,1,16429033,5.742415e-09,SORBI_3001G186850,0.936626
13S-HOTrE,LIN,individual,1:16429035,1,16429035,5.742415e-09,SORBI_3001G186850,0.936626
13S-HOTrE,LIN,individual,1:16429033,1,16429033,5.742415e-09,SORBI_3001G187000,0.936614
13S-HOTrE,LIN,individual,1:16429035,1,16429035,5.742415e-09,SORBI_3001G187000,0.936614
13S-HOTrE,LIN,individual,1:16429033,1,16429033,5.742415e-09,SORBI_3001G186500,0.936532
13S-HOTrE,LIN,individual,1:16429035,1,16429035,5.742415e-09,SORBI_3001G186500,0.936532
13S-HOTrE,LIN,individual,1:16429033,1,16429033,5.742415e-09,SORBI_3001G186500,0.936397
13S-HOTrE,LIN,individual,1:16429033,1,16429033,5.742415e-09,SORBI_3001G186600,0.936397
13S-HOTrE,LIN,individual,1:16429035,1,16429035,5.742415e-09,SORBI_3001G186500,0.936397
13S-HOTrE,LIN,individual,1:16429035,1,16429035,5.742415e-09,SORBI_3001G186600,0.936397
13S-HOTrE,LIN,individual,1:16429033,1,16429033,5.742415e-09,SORBI_3001G186500,0.936117
13S-HOTrE,LIN,individual,1:16429035,1,16429035,5.742415e-09,SORBI_3001G186500,0.936117
13S-HOTrE,LIN,individual,1:16429033,1,16429033,5.742415e-09,SORBI_3001G186401,0.93569
13S-HOTrE,LIN,individual,1:16429035,1,16429035,5.742415e-09,SORBI_3001G186401,0.93569
13S-HOTrE,LIN,individual,1:16429033,1,16429033,5.742415e-09,SORBI_3001G186850,0.934792
13S-HOTrE,LIN,individual,1:16429035,1,16429035,5.742415e-09,SORBI_3001G186850,0.934792
13S-HOTrE,LIN,individual,1:16429033,1,16429033,5.742415e-09,SORBI_3001G186600,0.932193
13S-HOTrE,LIN,individual,1:16429035,1,16429035,5.742415e-09,SORBI_3001G186600,0.932193
13S-HOTrE,LIN,individual,1:16429033,1,16429033,5.742415e-09,SORBI_3001G186600,0.93189
13S-HOTrE,LIN,individual,1:16429035,1,16429035,5.742415e-09,SORBI_3001G186600,0.93189
13S-HOTrE,LIN,individual,1:16429033,1,16429033,5.742415e-09,SORBI_3001G186600,0.931734
13S-HOTrE,LIN,individual,1:16429035,1,16429035,5.742415e-09,SORBI_3001G186600,0.931734
13S-HOTrE,LIN,individual,1:16429033,1,16429033,5.742415e-09,SORBI_3001G186800,0.931713
13S-HOTrE,LIN,individual,1:16429035,1,16429035,5.742415e-09,SORBI_3001G186800,0.931713
13S-HOTrE,LIN,individual,1:16429033,1,16429033,5.742415e-09,SORBI_3001G186401,0.931061
13S-HOTrE,LIN,individual,1:16429035,1,16429035,5.742415e-09,SORBI_3001G186401,0.931061
13S-HOTrE,LIN,individual,1:16429033,1,16429033,5.742415e-09,SORBI_3001G186850,0.929939
13S-HOTrE,LIN,individual,1:16429035,1,16429035,5.742415e-09,SORBI_3001G186850,0.929939
13S-HOTrE,LIN,individual,1:16429033,1,16429033,5.742415e-09,SORBI_3001G187400,0.929414
13S-HOTrE,LIN,individual,1:16429035,1,16429035,5.742415e-09,SORBI_3001G187400,0.929414
13S-HOTrE,LIN,individual,1:16429033,1,16429033,5.742415e-09,SORBI_3001G186800,0.92927
13S-HOTrE,LIN,individual,1:16429035,1,16429035,5.742415e-09,SORBI_3001G186800,0.92927
13S-HOTrE,LIN,individual,1:16429033,1,16429033,5.742415e-09,SORBI_3001G186600,0.928713
13S-HOTrE,LIN,individual,1:16429035,1,16429035,5.742415e-09,SORBI_3001G186600,0.928713
13S-HOTrE,LIN,individual,1:16429033,1,16429033,5.742415e-09,SORBI_3001G186850,0.92772
13S-HOTrE,LIN,individual,1:16429035,1,16429035,5.742415e-09,SORBI_3001G186850,0.92772
13S-HOTrE,LIN,individual,1:16429033,1,16429033,5.742415e-09,SORBI_3001G186925,0.927452
13S-HOTrE,LIN,individual,1:16429035,1,16429035,5.742415e-09,SORBI_3001G186925,0.927452
13S-HOTrE,LIN,individual,1:16429033,1,16429033,5.742415e-09,SORBI_3001G186850,0.925827
13S-HOTrE,LIN,individual,1:16429035,1,16429035,5.742415e-09,SORBI_3001G186850,0.925827
13S-HOTrE,LIN,individual,1:16429033,1,16429033,5.742415e-09,SORBI_3001G186850,0.92534
13S-HOTrE,LIN,individual,1:16429035,1,16429035,5.742415e-09,SORBI_3001G186850,0.92534
13S-HOTrE,LIN,individual,1:16429033,1,16429033,5.742415e-09,SORBI_3001G186600,0.925153
13S-HOTrE,LIN,individual,1:16429035,1,16429035,5.742415e-09,SORBI_3001G186600,0.925153
13S-HOTrE,LIN,individual,1:16429033,1,16429033,5.742415e-09,SORBI_3001G186600,0.924995
13S-HOTrE,LIN,individual,1:16429035,1,16429035,5.742415e-09,SORBI_3001G186600,0.924995
13S-HOTrE,LIN,individual,1:16429033,1,16429033,5.742415e-09,SORBI_3001G186600,0.924835
13S-HOTrE,LIN,individual,1:16429035,1,16429035,5.742415e-09,SORBI_3001G186600,0.924835
13S-HOTrE,LIN,individual,1:16429033,1,16429033,5.742415e-09,SORBI_3001G186600,0.924671
13S-HOTrE,LIN,individual,1:16429035,1,16429035,5.742415e-09,SORBI_3001G186600,0.924671
13S-HOTrE,LIN,individual,1:16429033,1,16429033,5.742415e-09,SORBI_3001G186600,0.924505
13S-HOTrE,LIN,individual,1:16429035,1,16429035,5.742415e-09,SORBI_3001G186600,0.924505
13S-HOTrE,LIN,individual,1:16429033,1,16429033,5.742415e-09,SORBI_3001G186600,0.924335
13S-HOTrE,LIN,individual,1:16429035,1,16429035,5.742415e-09,SORBI_3001G186600,0.924335
13S-HOTrE,LIN,individual,1:16429033,1,16429033,5.742415e-09,SORBI_3001G186600,0.924162
13S-HOTrE,LIN,individual,1:16429035,1,16429035,5.742415e-09,SORBI_3001G186600,0.924162
13S-HOTrE,LIN,individual,1:16429033,1,16429033,5.742415e-09,SORBI_3001G186600,0.923985
13S-HOTrE,LIN,individual,1:16429035,1,16429035,5.742415e-09,SORBI_3001G186600,0.923985
13S-HOTrE,LIN,individual,1:16429033,1,16429033,5.742415e-09,SORBI_3001G186600,0.92349
13S-HOTrE,LIN,individual,1:16429035,1,16429035,5.742415e-09,SORBI_3001G186600,0.92349
13S-HOTrE,LIN,individual,1:16429033,1,16429033,5.742415e-09,SORBI_3001G186600,0.923329
13S-HOTrE,LIN,individual,1:16429035,1,16429035,5.742415e-09,SORBI_3001G186600,0.923329
13S-HOTrE,LIN,individual,1:16429033,1,16429033,5.742415e-09,SORBI_3001G186600,0.923165
13S-HOTrE,LIN,individual,1:16429035,1,16429035,5.742415e-09,SORBI_3001G186600,0.923165
13S-HOTrE,LIN,individual,1:16429033,1,16429033,5.742415e-09,SORBI_3001G186401,0.923077
13S-HOTrE,LIN,individual,1:16429035,1,16429035,5.742415e-09,SORBI_3001G186401,0.923077
13S-HOTrE,LIN,individual,1:16429033,1,16429033,5.742415e-09,SORBI_3001G186800,0.921894
13S-HOTrE,LIN,individual,1:16429035,1,16429035,5.742415e-09,SORBI_3001G186800,0.921894
13S-HOTrE,LIN,individual,1:16429033,1,16429033,5.742415e-09,SORBI_3001G187500,0.920962
13S-HOTrE,LIN,individual,1:16429035,1,16429035,5.742415e-09,SORBI_3001G187500,0.920962
13S-HOTrE,LIN,individual,1:16429033,1,16429033,5.742415e-09,SORBI_3001G186600,0.920486
13S-HOTrE,LIN,individual,1:16429035,1,16429035,5.742415e-09,SORBI_3001G186600,0.920486
13S-HOTrE,LIN,individual,1:16429033,1,16429033,5.742415e-09,SORBI_3001G187500,0.920398
13S-HOTrE,LIN,individual,1:16429035,1,16429035,5.742415e-09,SORBI_3001G187500,0.920398
13S-HOTrE,LIN,individual,1:16429033,1,16429033,5.742415e-09,SORBI_3001G186600,0.919248
13S-HOTrE,LIN,individual,1:16429035,1,16429035,5.742415e-09,SORBI_3001G186600,0.919248
13S-HOTrE,LIN,individual,1:16429033,1,16429033,5.742415e-09,SORBI_3001G186500,0.918664
13S-HOTrE,LIN,individual,1:16429035,1,16429035,5.742415e-09,SORBI_3001G186500,0.918664
13S-HOTrE,LIN,individual,1:16429033,1,16429033,5.742415e-09,SORBI_3001G186500,0.918462
13S-HOTrE,LIN,individual,1:16429035,1,16429035,5.742415e-09,SORBI_3001G186500,0.918462
13S-HOTrE,LIN,individual,1:16429033,1,16429033,5.742415e-09,SORBI_3001G186600,0.917943
13S-HOTrE,LIN,individual,1:16429035,1,16429035,5.742415e-09,SORBI_3001G186600,0.917943
13S-HOTrE,LIN,individual,1:16429033,1,16429033,5.742415e-09,SORBI_3001G186600,0.916447
13S-HOTrE,LIN,individual,1:16429035,1,16429035,5.742415e-09,SORBI_3001G186600,0.916447
13S-HOTrE,LIN,individual,1:16429033,1,16429033,5.742415e-09,SORBI_3001G186600,0.916099
13S-HOTrE,LIN,individual,1:16429035,1,16429035,5.742415e-09,SORBI_3001G186600,0.916099
13S-HOTrE,LIN,individual,1:16429033,1,16429033,5.742415e-09,SORBI_3001G186600,0.915919
13S-HOTrE,LIN,individual,1:16429035,1,16429035,5.742415e-09,SORBI_3001G186600,0.915919
13S-HOTrE,LIN,individual,1:16429033,1,16429033,5.742415e-09,SORBI_3001G186600,0.915737
13S-HOTrE,LIN,individual,1:16429035,1,16429035,5.742415e-09,SORBI_3001G186600,0.915737
13S-HOTrE,LIN,individual,1:16429033,1,16429033,5.742415e-09,SORBI_3001G186850,0.915598
13S-HOTrE,LIN,individual,1:16429035,1,16429035,5.742415e-09,SORBI_3001G186850,0.915598
13S-HOTrE,LIN,individual,1:16429033,1,16429033,5.742415e-09,SORBI_3001G186925,0.915568
13S-HOTrE,LIN,individual,1:16429035,1,16429035,5.742415e-09,SORBI_3001G186925,0.915568
13S-HOTrE,LIN,individual,1:16429033,1,16429033,5.742415e-09,SORBI_3001G186600,0.915551
13S-HOTrE,LIN,individual,1:16429035,1,16429035,5.742415e-09,SORBI_3001G186600,0.915551
13S-HOTrE,LIN,individual,1:16429033,1,16429033,5.742415e-09,SORBI_3001G186600,0.915361
13S-HOTrE,LIN,individual,1:16429035,1,16429035,5.742415e-09,SORBI_3001G186600,0.915361
13S-HOTrE,LIN,individual,1:16429033,1,16429033,5.742415e-09,SORBI_3001G186600,0.91497
13S-HOTrE,LIN,individual,1:16429035,1,16429035,5.742415e-09,SORBI_3001G186600,0.91497
13S-HOTrE,LIN,individual,1:16429033,1,16429033,5.742415e-09,SORBI_3001G187400,0.912832
13S-HOTrE,LIN,individual,1:16429035,1,16429035,5.742415e-09,SORBI_3001G187400,0.912832
13S-HOTrE,LIN,individual,1:16429033,1,16429033,5.742415e-09,SORBI_3001G186600,0.912608
13S-HOTrE,LIN,individual,1:16429035,1,16429035,5.742415e-09,SORBI_3001G186600,0.912608
13S-HOTrE,LIN,individual,1:16429033,1,16429033,5.742415e-09,SORBI_3001G186600,0.912422
13S-HOTrE,LIN,individual,1:16429035,1,16429035,5.742415e-09,SORBI_3001G186600,0.912422
13S-HOTrE,LIN,individual,1:16429033,1,16429033,5.742415e-09,SORBI_3001G186600,0.912232
13S-HOTrE,LIN,individual,1:16429035,1,16429035,5.742415e-09,SORBI_3001G186600,0.912232
13S-HOTrE,LIN,individual,1:16429033,1,16429033,5.742415e-09,SORBI_3001G186600,0.912038
13S-HOTrE,LIN,individual,1:16429035,1,16429035,5.742415e-09,SORBI_3001G186600,0.912038
13S-HOTrE,LIN,individual,1:16429033,1,16429033,5.742415e-09,SORBI_3001G186600,0.91184
13S-HOTrE,LIN,individual,1:16429035,1,16429035,5.742415e-09,SORBI_3001G186600,0.91184
13S-HOTrE,LIN,individual,1:16429033,1,16429033,5.742415e-09,SORBI_3001G186600,0.911639
13S-HOTrE,LIN,individual,1:16429035,1,16429035,5.742415e-09,SORBI_3001G186600,0.911639
13S-HOTrE,LIN,individual,1:16429033,1,16429033,5.742415e-09,SORBI_3001G186600,0.911434
13S-HOTrE,LIN,individual,1:16429035,1,16429035,5.742415e-09,SORBI_3001G186600,0.911434
13S-HOTrE,LIN,individual,1:16429033,1,16429033,5.742415e-09,SORBI_3001G186800,0.909804
13S-HOTrE,LIN,individual,1:16429035,1,16429035,5.742415e-09,SORBI_3001G186800,0.909804
13S-HOTrE,LIN,individual,1:16429033,1,16429033,5.742415e-09,SORBI_3001G186600,0.906974
13S-HOTrE,LIN,individual,1:16429035,1,16429035,5.742415e-09,SORBI_3001G186600,0.906974
13S-HOTrE,LIN,individual,1:16429033,1,16429033,5.742415e-09,SORBI_3001G186850,0.90638
13S-HOTrE,LIN,individual,1:16429035,1,16429035,5.742415e-09,SORBI_3001G186850,0.90638
13S-HOTrE,LIN,individual,1:16429033,1,16429033,5.742415e-09,SORBI_3001G186850,0.90633
13S-HOTrE,LIN,individual,1:16429035,1,16429035,5.742415e-09,SORBI_3001G186850,0.90633
13S-HOTrE,LIN,individual,1:16429033,1,16429033,5.742415e-09,SORBI_3001G186401,0.904999
13S-HOTrE,LIN,individual,1:16429035,1,16429035,5.742415e-09,SORBI_3001G186401,0.904999
13S-HOTrE,LIN,individual,1:16429033,1,16429033,5.742415e-09,SORBI_3001G186500,0.904326
13S-HOTrE,LIN,individual,1:16429035,1,16429035,5.742415e-09,SORBI_3001G186500,0.904326
13S-HOTrE,LIN,individual,1:16429033,1,16429033,5.742415e-09,SORBI_3001G186600,0.904152
13S-HOTrE,LIN,individual,1:16429035,1,16429035,5.742415e-09,SORBI_3001G186600,0.904152
13S-HOTrE,LIN,individual,1:16429033,1,16429033,5.742415e-09,SORBI_3001G186600,0.903956
13S-HOTrE,LIN,individual,1:16429035,1,16429035,5.742415e-09,SORBI_3001G186600,0.903956
13S-HOTrE,LIN,individual,1:16429033,1,16429033,5.742415e-09,SORBI_3001G186600,0.903555
13S-HOTrE,LIN,individual,1:16429035,1,16429035,5.742415e-09,SORBI_3001G186600,0.903555
13S-HOTrE,LIN,individual,1:16429033,1,16429033,5.742415e-09,SORBI_3001G186600,0.903349
13S-HOTrE,LIN,individual,1:16429035,1,16429035,5.742415e-09,SORBI_3001G186600,0.903349
13S-HOTrE,LIN,individual,1:16429033,1,16429033,5.742415e-09,SORBI_3001G187300,0.903301
13S-HOTrE,LIN,individual,1:16429035,1,16429035,5.742415e-09,SORBI_3001G187300,0.903301
13S-HOTrE,LIN,individual,1:16429033,1,16429033,5.742415e-09,SORBI_3001G186600,0.902706
13S-HOTrE,LIN,individual,1:16429035,1,16429035,5.742415e-09,SORBI_3001G186600,0.902706
13S-HOTrE,LIN,individual,1:16429033,1,16429033,5.742415e-09,SORBI_3001G186600,0.901435
13S-HOTrE,LIN,individual,1:16429035,1,16429035,5.742415e-09,SORBI_3001G186600,0.901435
13S-HOTrE,LIN,individual,1:16429033,1,16429033,5.742415e-09,SORBI_3001G186850,0.901401
13S-HOTrE,LIN,individual,1:16429035,1,16429035,5.742415e-09,SORBI_3001G186850,0.901401
13S-HOTrE,LIN,individual,1:16429033,1,16429033,5.742415e-09,SORBI_3001G186600,0.899724
13S-HOTrE,LIN,individual,1:16429035,1,16429035,5.742415e-09,SORBI_3001G186600,0.899724
13S-HOTrE,LIN,individual,1:16429033,1,16429033,5.742415e-09,SORBI_3001G186600,0.899499
13S-HOTrE,LIN,individual,1:16429035,1,16429035,5.742415e-09,SORBI_3001G186600,0.899499
13S-HOTrE,LIN,individual,1:16429033,1,16429033,5.742415e-09,SORBI_3001G186401,0.898959
13S-HOTrE,LIN,individual,1:16429035,1,16429035,5.742415e-09,SORBI_3001G186401,0.898959
13S-HOTrE,LIN,individual,1:16429033,1,16429033,5.742415e-09,SORBI_3001G186600,0.8988
13S-HOTrE,LIN,individual,1:16429035,1,16429035,5.742415e-09,SORBI_3001G186600,0.8988
13S-HOTrE,LIN,individual,1:16429033,1,16429033,5.742415e-09,SORBI_3001G187500,0.898173
13S-HOTrE,LIN,individual,1:16429035,1,16429035,5.742415e-09,SORBI_3001G187500,0.898173
13S-HOTrE,LIN,individual,1:16429033,1,16429033,5.742415e-09,SORBI_3001G187200,0.896938
13S-HOTrE,LIN,individual,1:16429035,1,16429035,5.742415e-09,SORBI_3001G187200,0.896938
13S-HOTrE,LIN,individual,1:16429033,1,16429033,5.742415e-09,SORBI_3001G187800,0.895496
13S-HOTrE,LIN,individual,1:16429035,1,16429035,5.742415e-09,SORBI_3001G187800,0.895496
13S-HOTrE,LIN,individual,1:16429033,1,16429033,5.742415e-09,SORBI_3001G186600,0.895447
13S-HOTrE,LIN,individual,1:16429035,1,16429035,5.742415e-09,SORBI_3001G186600,0.895447
13S-HOTrE,LIN,individual,1:16429033,1,16429033,5.742415e-09,SORBI_3001G187800,0.895234
13S-HOTrE,LIN,individual,1:16429035,1,16429035,5.742415e-09,SORBI_3001G187800,0.895234
13S-HOTrE,LIN,individual,1:16429033,1,16429033,5.742415e-09,SORBI_3001G186600,0.894956
13S-HOTrE,LIN,individual,1:16429035,1,16429035,5.742415e-09,SORBI_3001G186600,0.894956
13S-HOTrE,LIN,individual,1:16429033,1,16429033,5.742415e-09,SORBI_3001G186500,0.893383
13S-HOTrE,LIN,individual,1:16429035,1,16429035,5.742415e-09,SORBI_3001G186500,0.893383
13S-HOTrE,LIN,individual,1:16429033,1,16429033,5.742415e-09,SORBI_3001G187500,0.892785
13S-HOTrE,LIN,individual,1:16429035,1,16429035,5.742415e-09,SORBI_3001G187500,0.892785
13S-HOTrE,LIN,individual,1:16429033,1,16429033,5.742415e-09,SORBI_3001G186600,0.891621
13S-HOTrE,LIN,individual,1:16429035,1,16429035,5.742415e-09,SORBI_3001G186600,0.891621
13S-HOTrE,LIN,individual,1:16429033,1,16429033,5.742415e-09,SORBI_3001G186600,0.891414
13S-HOTrE,LIN,individual,1:16429035,1,16429035,5.742415e-09,SORBI_3001G186600,0.891414
13S-HOTrE,LIN,individual,1:16429033,1,16429033,5.742415e-09,SORBI_3001G186925,0.891284
13S-HOTrE,LIN,individual,1:16429035,1,16429035,5.742415e-09,SORBI_3001G186925,0.891284
13S-HOTrE,LIN,individual,1:16429033,1,16429033,5.742415e-09,SORBI_3001G186600,0.890988
13S-HOTrE,LIN,individual,1:16429035,1,16429035,5.742415e-09,SORBI_3001G186600,0.890988
13S-HOTrE,LIN,individual,1:16429033,1,16429033,5.742415e-09,SORBI_3001G186600,0.890769
13S-HOTrE,LIN,individual,1:16429035,1,16429035,5.742415e-09,SORBI_3001G186600,0.890769
13S-HOTrE,LIN,individual,1:16429033,1,16429033,5.742415e-09,SORBI_3001G186600,0.890547
13S-HOTrE,LIN,individual,1:16429035,1,16429035,5.742415e-09,SORBI_3001G186600,0.890547
13S-HOTrE,LIN,individual,1:16429033,1,16429033,5.742415e-09,SORBI_3001G186600,0.89032
13S-HOTrE,LIN,individual,1:16429035,1,16429035,5.742415e-09,SORBI_3001G186600,0.89032
13S-HOTrE,LIN,individual,1:16429033,1,16429033,5.742415e-09,SORBI_3001G186600,0.89009
13S-HOTrE,LIN,individual,1:16429035,1,16429035,5.742415e-09,SORBI_3001G186600,0.89009
13S-HOTrE,LIN,individual,1:16429033,1,16429033,5.742415e-09,SORBI_3001G186600,0.889854
13S-HOTrE,LIN,individual,1:16429035,1,16429035,5.742415e-09,SORBI_3001G186600,0.889854
13S-HOTrE,LIN,individual,1:16429033,1,16429033,5.742415e-09,SORBI_3001G186600,0.889615
13S-HOTrE,LIN,individual,1:16429035,1,16429035,5.742415e-09,SORBI_3001G186600,0.889615
13S-HOTrE,LIN,individual,1:16429033,1,16429033,5.742415e-09,SORBI_3001G186600,0.889371
13S-HOTrE,LIN,individual,1:16429035,1,16429035,5.742415e-09,SORBI_3001G186600,0.889371
13S-HOTrE,LIN,individual,1:16429033,1,16429033,5.742415e-09,SORBI_3001G186600,0.889122
13S-HOTrE,LIN,individual,1:16429035,1,16429035,5.742415e-09,SORBI_3001G186600,0.889122
13S-HOTrE,LIN,individual,1:16429033,1,16429033,5.742415e-09,SORBI_3001G186600,0.886979
13S-HOTrE,LIN,individual,1:16429035,1,16429035,5.742415e-09,SORBI_3001G186600,0.886979
13S-HOTrE,LIN,individual,1:16429033,1,16429033,5.742415e-09,SORBI_3001G186600,0.88672
13S-HOTrE,LIN,individual,1:16429035,1,16429035,5.742415e-09,SORBI_3001G186600,0.88672
13S-HOTrE,LIN,individual,1:16429033,1,16429033,5.742415e-09,SORBI_3001G186925,0.884048
13S-HOTrE,LIN,individual,1:16429035,1,16429035,5.742415e-09,SORBI_3001G186925,0.884048
13S-HOTrE,LIN,individual,1:16429033,1,16429033,5.742415e-09,SORBI_3001G186600,0.883495
13S-HOTrE,LIN,individual,1:16429035,1,16429035,5.742415e-09,SORBI_3001G186600,0.883495
13S-HOTrE,LIN,individual,1:16429033,1,16429033,5.742415e-09,SORBI_3001G186600,0.883238
13S-HOTrE,LIN,individual,1:16429035,1,16429035,5.742415e-09,SORBI_3001G186600,0.883238
13S-HOTrE,LIN,individual,1:16429033,1,16429033,5.742415e-09,SORBI_3001G186500,0.88314
13S-HOTrE,LIN,individual,1:16429035,1,16429035,5.742415e-09,SORBI_3001G186500,0.88314
13S-HOTrE,LIN,individual,1:16429033,1,16429033,5.742415e-09,SORBI_3001G186600,0.882708
13S-HOTrE,LIN,individual,1:16429035,1,16429035,5.742415e-09,SORBI_3001G186600,0.882708
13S-HOTrE,LIN,individual,1:16429033,1,16429033,5.742415e-09,SORBI_3001G186600,0.882435
13S-HOTrE,LIN,individual,1:16429035,1,16429035,5.742415e-09,SORBI_3001G186600,0.882435
13S-HOTrE,LIN,individual,1:16429033,1,16429033,5.742415e-09,SORBI_3001G187400,0.88179
13S-HOTrE,LIN,individual,1:16429035,1,16429035,5.742415e-09,SORBI_3001G187400,0.88179
13S-HOTrE,LIN,individual,1:16429033,1,16429033,5.742415e-09,SORBI_3001G186600,0.881693
13S-HOTrE,LIN,individual,1:16429035,1,16429035,5.742415e-09,SORBI_3001G186600,0.881693
13S-HOTrE,LIN,individual,1:16429033,1,16429033,5.742415e-09,SORBI_3001G186600,0.88144
13S-HOTrE,LIN,individual,1:16429035,1,16429035,5.742415e-09,SORBI_3001G186600,0.88144
13S-HOTrE,LIN,individual,1:16429033,1,16429033,5.742415e-09,SORBI_3001G186600,0.881182
13S-HOTrE,LIN,individual,1:16429035,1,16429035,5.742415e-09,SORBI_3001G186600,0.881182
13S-HOTrE,LIN,individual,1:16429033,1,16429033,5.742415e-09,SORBI_3001G186500,0.8806
13S-HOTrE,LIN,individual,1:16429035,1,16429035,5.742415e-09,SORBI_3001G186500,0.8806
13S-HOTrE,LIN,individual,1:16429033,1,16429033,5.742415e-09,SORBI_3001G186600,0.878544
13S-HOTrE,LIN,individual,1:16429035,1,16429035,5.742415e-09,SORBI_3001G186600,0.878544
13S-HOTrE,LIN,individual,1:16429033,1,16429033,5.742415e-09,SORBI_3001G186600,0.877813
13S-HOTrE,LIN,individual,1:16429035,1,16429035,5.742415e-09,SORBI_3001G186600,0.877813
13S-HOTrE,LIN,individual,1:16429033,1,16429033,5.742415e-09,SORBI_3001G187800,0.877705
13S-HOTrE,LIN,individual,1:16429035,1,16429035,5.742415e-09,SORBI_3001G187800,0.877705
13S-HOTrE,LIN,individual,1:16429033,1,16429033,5.742415e-09,SORBI_3001G186600,0.87756
13S-HOTrE,LIN,individual,1:16429035,1,16429035,5.742415e-09,SORBI_3001G186600,0.87756
13S-HOTrE,LIN,individual,1:16429033,1,16429033,5.742415e-09,SORBI_3001G187400,0.877411
13S-HOTrE,LIN,individual,1:16429035,1,16429035,5.742415e-09,SORBI_3001G187400,0.877411
13S-HOTrE,LIN,individual,1:16429033,1,16429033,5.742415e-09,SORBI_3001G186600,0.877041
13S-HOTrE,LIN,individual,1:16429035,1,16429035,5.742415e-09,SORBI_3001G186600,0.877041
13S-HOTrE,LIN,individual,1:16429033,1,16429033,5.742415e-09,SORBI_3001G186600,0.876774
13S-HOTrE,LIN,individual,1:16429035,1,16429035,5.742415e-09,SORBI_3001G186600,0.876774
13S-HOTrE,LIN,individual,1:16429033,1,16429033,5.742415e-09,SORBI_3001G186600,0.876501
13S-HOTrE,LIN,individual,1:16429035,1,16429035,5.742415e-09,SORBI_3001G186600,0.876501
13S-HOTrE,LIN,individual,1:16429033,1,16429033,5.742415e-09,SORBI_3001G186600,0.876224
13S-HOTrE,LIN,individual,1:16429035,1,16429035,5.742415e-09,SORBI_3001G186600,0.876224
13S-HOTrE,LIN,individual,1:16429033,1,16429033,5.742415e-09,SORBI_3001G186600,0.875941
13S-HOTrE,LIN,individual,1:16429035,1,16429035,5.742415e-09,SORBI_3001G186600,0.875941
13S-HOTrE,LIN,individual,1:16429033,1,16429033,5.742415e-09,SORBI_3001G186600,0.875653
13S-HOTrE,LIN,individual,1:16429035,1,16429035,5.742415e-09,SORBI_3001G186600,0.875653
13S-HOTrE,LIN,individual,1:16429033,1,16429033,5.742415e-09,SORBI_3001G186600,0.874117
13S-HOTrE,LIN,individual,1:16429035,1,16429035,5.742415e-09,SORBI_3001G186600,0.874117
13S-HOTrE,LIN,individual,1:16429033,1,16429033,5.742415e-09,SORBI_3001G186850,0.873789
13S-HOTrE,LIN,individual,1:16429035,1,16429035,5.742415e-09,SORBI_3001G186850,0.873789
13S-HOTrE,LIN,individual,1:16429033,1,16429033,5.742415e-09,SORBI_3001G186600,0.873536
13S-HOTrE,LIN,individual,1:16429035,1,16429035,5.742415e-09,SORBI_3001G186600,0.873536
13S-HOTrE,LIN,individual,1:16429033,1,16429033,5.742415e-09,SORBI_3001G186925,0.872763
13S-HOTrE,LIN,individual,1:16429035,1,16429035,5.742415e-09,SORBI_3001G186925,0.872763
13S-HOTrE,LIN,individual,1:16429033,1,16429033,5.742415e-09,SORBI_3001G186850,0.871614
13S-HOTrE,LIN,individual,1:16429035,1,16429035,5.742415e-09,SORBI_3001G186850,0.871614
13S-HOTrE,LIN,individual,1:16429033,1,16429033,5.742415e-09,SORBI_3001G186600,0.868485
13S-HOTrE,LIN,individual,1:16429035,1,16429035,5.742415e-09,SORBI_3001G186600,0.868485
13S-HOTrE,LIN,individual,1:16429033,1,16429033,5.742415e-09,SORBI_3001G186850,0.867966
13S-HOTrE,LIN,individual,1:16429035,1,16429035,5.742415e-09,SORBI_3001G186850,0.867966
13S-HOTrE,LIN,individual,1:16429033,1,16429033,5.742415e-09,SORBI_3001G186850,0.867231
13S-HOTrE,LIN,individual,1:16429035,1,16429035,5.742415e-09,SORBI_3001G186850,0.867231
13S-HOTrE,LIN,individual,1:16429033,1,16429033,5.742415e-09,SORBI_3001G187800,0.866895
13S-HOTrE,LIN,individual,1:16429035,1,16429035,5.742415e-09,SORBI_3001G187800,0.866895
13S-HOTrE,LIN,individual,1:16429033,1,16429033,5.742415e-09,SORBI_3001G186850,0.865313
13S-HOTrE,LIN,individual,1:16429035,1,16429035,5.742415e-09,SORBI_3001G186850,0.865313
13S-HOTrE,LIN,individual,1:16429033,1,16429033,5.742415e-09,SORBI_3001G186600,0.864932
13S-HOTrE,LIN,individual,1:16429035,1,16429035,5.742415e-09,SORBI_3001G186600,0.864932
13S-HOTrE,LIN,individual,1:16429033,1,16429033,5.742415e-09,SORBI_3001G186600,0.863768
13S-HOTrE,LIN,individual,1:16429035,1,16429035,5.742415e-09,SORBI_3001G186600,0.863768
13S-HOTrE,LIN,individual,1:16429033,1,16429033,5.742415e-09,SORBI_3001G186600,0.863463
13S-HOTrE,LIN,individual,1:16429035,1,16429035,5.742415e-09,SORBI_3001G186600,0.863463
13S-HOTrE,LIN,individual,1:16429033,1,16429033,5.742415e-09,SORBI_3001G186600,0.863152
13S-HOTrE,LIN,individual,1:16429035,1,16429035,5.742415e-09,SORBI_3001G186600,0.863152
13S-HOTrE,LIN,individual,1:16429033,1,16429033,5.742415e-09,SORBI_3001G186600,0.863032
13S-HOTrE,LIN,individual,1:16429035,1,16429035,5.742415e-09,SORBI_3001G186600,0.863032
13S-HOTrE,LIN,individual,1:16429033,1,16429033,5.742415e-09,SORBI_3001G186600,0.862744
13S-HOTrE,LIN,individual,1:16429035,1,16429035,5.742415e-09,SORBI_3001G186600,0.862744
13S-HOTrE,LIN,individual,1:16429033,1,16429033,5.742415e-09,SORBI_3001G187300,0.862089
13S-HOTrE,LIN,individual,1:16429035,1,16429035,5.742415e-09,SORBI_3001G187300,0.862089
13S-HOTrE,LIN,individual,1:16429033,1,16429033,5.742415e-09,SORBI_3001G186600,0.861846
13S-HOTrE,LIN,individual,1:16429035,1,16429035,5.742415e-09,SORBI_3001G186600,0.861846
13S-HOTrE,LIN,individual,1:16429033,1,16429033,5.742415e-09,SORBI_3001G186850,0.859991
13S-HOTrE,LIN,individual,1:16429035,1,16429035,5.742415e-09,SORBI_3001G186850,0.859991
13S-HOTrE,LIN,individual,1:16429033,1,16429033,5.742415e-09,SORBI_3001G186600,0.859114
13S-HOTrE,LIN,individual,1:16429035,1,16429035,5.742415e-09,SORBI_3001G186600,0.859114
13S-HOTrE,LIN,individual,1:16429033,1,16429033,5.742415e-09,SORBI_3001G186600,0.858978
13S-HOTrE,LIN,individual,1:16429035,1,16429035,5.742415e-09,SORBI_3001G186600,0.858978
13S-HOTrE,LIN,individual,1:16429033,1,16429033,5.742415e-09,SORBI_3001G186600,0.85857
13S-HOTrE,LIN,individual,1:16429035,1,16429035,5.742415e-09,SORBI_3001G186600,0.85857
13S-HOTrE,LIN,individual,1:16429033,1,16429033,5.742415e-09,SORBI_3001G186600,0.858007
13S-HOTrE,LIN,individual,1:16429035,1,16429035,5.742415e-09,SORBI_3001G186600,0.858007
13S-HOTrE,LIN,individual,1:16429033,1,16429033,5.742415e-09,SORBI_3001G186600,0.857718
13S-HOTrE,LIN,individual,1:16429035,1,16429035,5.742415e-09,SORBI_3001G186600,0.857718
13S-HOTrE,LIN,individual,1:16429033,1,16429033,5.742415e-09,SORBI_3001G186600,0.857423
13S-HOTrE,LIN,individual,1:16429035,1,16429035,5.742415e-09,SORBI_3001G186600,0.857423
13S-HOTrE,LIN,individual,1:16429033,1,16429033,5.742415e-09,SORBI_3001G186600,0.857123
13S-HOTrE,LIN,individual,1:16429035,1,16429035,5.742415e-09,SORBI_3001G186600,0.857123
13S-HOTrE,LIN,individual,1:16429033,1,16429033,5.742415e-09,SORBI_3001G186600,0.856818
13S-HOTrE,LIN,individual,1:16429035,1,16429035,5.742415e-09,SORBI_3001G186600,0.856818
13S-HOTrE,LIN,individual,1:16429033,1,16429033,5.742415e-09,SORBI_3001G186600,0.856506
13S-HOTrE,LIN,individual,1:16429035,1,16429035,5.742415e-09,SORBI_3001G186600,0.856506
13S-HOTrE,LIN,individual,1:16429033,1,16429033,5.742415e-09,SORBI_3001G186600,0.856189
13S-HOTrE,LIN,individual,1:16429035,1,16429035,5.742415e-09,SORBI_3001G186600,0.856189
13S-HOTrE,LIN,individual,1:16429033,1,16429033,5.742415e-09,SORBI_3001G186600,0.855865
13S-HOTrE,LIN,individual,1:16429035,1,16429035,5.742415e-09,SORBI_3001G186600,0.855865
13S-HOTrE,LIN,individual,1:16429033,1,16429033,5.742415e-09,SORBI_3001G186600,0.855536
13S-HOTrE,LIN,individual,1:16429035,1,16429035,5.742415e-09,SORBI_3001G186600,0.855536
13S-HOTrE,LIN,individual,1:16429033,1,16429033,5.742415e-09,SORBI_3001G186600,0.851817
13S-HOTrE,LIN,individual,1:16429035,1,16429035,5.742415e-09,SORBI_3001G186600,0.851817
13S-HOTrE,LIN,individual,1:16429033,1,16429033,5.742415e-09,SORBI_3001G187000,0.851318
13S-HOTrE,LIN,individual,1:16429035,1,16429035,5.742415e-09,SORBI_3001G187000,0.851318
13S-HOTrE,LIN,individual,1:16429033,1,16429033,5.742415e-09,SORBI_3001G186600,0.850401
13S-HOTrE,LIN,individual,1:16429035,1,16429035,5.742415e-09,SORBI_3001G186600,0.850401
13S-HOTrE,LIN,individual,1:16429033,1,16429033,5.742415e-09,SORBI_3001G186600,0.850117
13S-HOTrE,LIN,individual,1:16429035,1,16429035,5.742415e-09,SORBI_3001G186600,0.850117
13S-HOTrE,LIN,individual,1:16429033,1,16429033,5.742415e-09,SORBI_3001G186600,0.850092
13S-HOTrE,LIN,individual,1:16429035,1,16429035,5.742415e-09,SORBI_3001G186600,0.850092
13S-HOTrE,LIN,individual,1:16429033,1,16429033,5.742415e-09,SORBI_3001G186600,0.849812
13S-HOTrE,LIN,individual,1:16429035,1,16429035,5.742415e-09,SORBI_3001G186600,0.849812
13S-HOTrE,LIN,individual,1:16429033,1,16429033,5.742415e-09,SORBI_3001G186600,0.849777
13S-HOTrE,LIN,individual,1:16429035,1,16429035,5.742415e-09,SORBI_3001G186600,0.849777
13S-HOTrE,LIN,individual,1:16429033,1,16429033,5.742415e-09,SORBI_3001G186600,0.849456
13S-HOTrE,LIN,individual,1:16429035,1,16429035,5.742415e-09,SORBI_3001G186600,0.849456
13S-HOTrE,LIN,individual,1:16429033,1,16429033,5.742415e-09,SORBI_3001G186925,0.84945
13S-HOTrE,LIN,individual,1:16429035,1,16429035,5.742415e-09,SORBI_3001G186925,0.84945
13S-HOTrE,LIN,individual,1:16429033,1,16429033,5.742415e-09,SORBI_3001G186600,0.849185
13S-HOTrE,LIN,individual,1:16429035,1,16429035,5.742415e-09,SORBI_3001G186600,0.849185
13S-HOTrE,LIN,individual,1:16429033,1,16429033,5.742415e-09,SORBI_3001G186600,0.848796
13S-HOTrE,LIN,individual,1:16429035,1,16429035,5.742415e-09,SORBI_3001G186600,0.848796
13S-HOTrE,LIN,individual,1:16429033,1,16429033,5.742415e-09,SORBI_3001G186600,0.848534
13S-HOTrE,LIN,individual,1:16429035,1,16429035,5.742415e-09,SORBI_3001G186600,0.848534
13S-HOTrE,LIN,individual,1:16429033,1,16429033,5.742415e-09,SORBI_3001G188100,0.847076
13S-HOTrE,LIN,individual,1:16429035,1,16429035,5.742415e-09,SORBI_3001G188100,0.847076
13S-HOTrE,LIN,individual,1:16429033,1,16429033,5.742415e-09,SORBI_3001G186600,0.845878
13S-HOTrE,LIN,individual,1:16429035,1,16429035,5.742415e-09,SORBI_3001G186600,0.845878
13S-HOTrE,LIN,individual,1:16429033,1,16429033,5.742415e-09,SORBI_3001G186600,0.845275
13S-HOTrE,LIN,individual,1:16429035,1,16429035,5.742415e-09,SORBI_3001G186600,0.845275
13S-HOTrE,LIN,individual,1:16429033,1,16429033,5.742415e-09,SORBI_3001G186600,0.844965
13S-HOTrE,LIN,individual,1:16429035,1,16429035,5.742415e-09,SORBI_3001G186600,0.844965
13S-HOTrE,LIN,individual,1:16429033,1,16429033,5.742415e-09,SORBI_3001G186600,0.844649
13S-HOTrE,LIN,individual,1:16429035,1,16429035,5.742415e-09,SORBI_3001G186600,0.844649
13S-HOTrE,LIN,individual,1:16429033,1,16429033,5.742415e-09,SORBI_3001G187800,0.844154
13S-HOTrE,LIN,individual,1:16429035,1,16429035,5.742415e-09,SORBI_3001G187800,0.844154
13S-HOTrE,LIN,individual,1:16429033,1,16429033,5.742415e-09,SORBI_3001G186600,0.844001
13S-HOTrE,LIN,individual,1:16429035,1,16429035,5.742415e-09,SORBI_3001G186600,0.844001
13S-HOTrE,LIN,individual,1:16429033,1,16429033,5.742415e-09,SORBI_3001G186600,0.843667
13S-HOTrE,LIN,individual,1:16429035,1,16429035,5.742415e-09,SORBI_3001G186600,0.843667
13S-HOTrE,LIN,individual,1:16429033,1,16429033,5.742415e-09,SORBI_3001G186600,0.843328
13S-HOTrE,LIN,individual,1:16429035,1,16429035,5.742415e-09,SORBI_3001G186600,0.843328
13S-HOTrE,LIN,individual,1:16429033,1,16429033,5.742415e-09,SORBI_3001G186850,0.843326
13S-HOTrE,LIN,individual,1:16429035,1,16429035,5.742415e-09,SORBI_3001G186850,0.843326
13S-HOTrE,LIN,individual,1:16429033,1,16429033,5.742415e-09,SORBI_3001G186850,0.843269
13S-HOTrE,LIN,individual,1:16429035,1,16429035,5.742415e-09,SORBI_3001G186850,0.843269
13S-HOTrE,LIN,individual,1:16429033,1,16429033,5.742415e-09,SORBI_3001G186600,0.842269
13S-HOTrE,LIN,individual,1:16429035,1,16429035,5.742415e-09,SORBI_3001G186600,0.842269
13S-HOTrE,LIN,individual,1:16429033,1,16429033,5.742415e-09,SORBI_3001G186600,0.836281
13S-HOTrE,LIN,individual,1:16429035,1,16429035,5.742415e-09,SORBI_3001G186600,0.836281
13S-HOTrE,LIN,individual,1:16429033,1,16429033,5.742415e-09,SORBI_3001G186850,0.834712
13S-HOTrE,LIN,individual,1:16429035,1,16429035,5.742415e-09,SORBI_3001G186850,0.834712
13S-HOTrE,LIN,individual,1:16429033,1,16429033,5.742415e-09,SORBI_3001G187100,0.832449
13S-HOTrE,LIN,individual,1:16429035,1,16429035,5.742415e-09,SORBI_3001G187100,0.832449
13S-HOTrE,LIN,individual,1:16429033,1,16429033,5.742415e-09,SORBI_3001G187000,0.832411
13S-HOTrE,LIN,individual,1:16429035,1,16429035,5.742415e-09,SORBI_3001G187000,0.832411
13S-HOTrE,LIN,individual,1:16429033,1,16429033,5.742415e-09,SORBI_3001G186850,0.832104
13S-HOTrE,LIN,individual,1:16429035,1,16429035,5.742415e-09,SORBI_3001G186850,0.832104
13S-HOTrE,LIN,individual,1:16429033,1,16429033,5.742415e-09,SORBI_3001G187800,0.830855
13S-HOTrE,LIN,individual,1:16429035,1,16429035,5.742415e-09,SORBI_3001G187800,0.830855
13S-HOTrE,LIN,individual,1:16429033,1,16429033,5.742415e-09,SORBI_3001G186600,0.829653
13S-HOTrE,LIN,individual,1:16429035,1,16429035,5.742415e-09,SORBI_3001G186600,0.829653
13S-HOTrE,LIN,individual,1:16429033,1,16429033,5.742415e-09,SORBI_3001G187000,0.82901
13S-HOTrE,LIN,individual,1:16429033,1,16429033,5.742415e-09,SORBI_3001G187100,0.82901
13S-HOTrE,LIN,individual,1:16429035,1,16429035,5.742415e-09,SORBI_3001G187000,0.82901
13S-HOTrE,LIN,individual,1:16429035,1,16429035,5.742415e-09,SORBI_3001G187100,0.82901
13S-HOTrE,LIN,individual,1:16429033,1,16429033,5.742415e-09,SORBI_3001G186600,0.827016
13S-HOTrE,LIN,individual,1:16429035,1,16429035,5.742415e-09,SORBI_3001G186600,0.827016
13S-HOTrE,LIN,individual,1:16429033,1,16429033,5.742415e-09,SORBI_3001G186600,0.826663
13S-HOTrE,LIN,individual,1:16429035,1,16429035,5.742415e-09,SORBI_3001G186600,0.826663
13S-HOTrE,LIN,individual,1:16429033,1,16429033,5.742415e-09,SORBI_3001G186850,0.826487
13S-HOTrE,LIN,individual,1:16429035,1,16429035,5.742415e-09,SORBI_3001G186850,0.826487
13S-HOTrE,LIN,individual,1:16429033,1,16429033,5.742415e-09,SORBI_3001G186600,0.825939
13S-HOTrE,LIN,individual,1:16429035,1,16429035,5.742415e-09,SORBI_3001G186600,0.825939
13S-HOTrE,LIN,individual,1:16429033,1,16429033,5.742415e-09,SORBI_3001G186600,0.825187
13S-HOTrE,LIN,individual,1:16429035,1,16429035,5.742415e-09,SORBI_3001G186600,0.825187
13S-HOTrE,LIN,individual,1:16429033,1,16429033,5.742415e-09,SORBI_3001G186600,0.824801
13S-HOTrE,LIN,individual,1:16429035,1,16429035,5.742415e-09,SORBI_3001G186600,0.824801
13S-HOTrE,LIN,individual,1:16429033,1,16429033,5.742415e-09,SORBI_3001G186600,0.824407
13S-HOTrE,LIN,individual,1:16429035,1,16429035,5.742415e-09,SORBI_3001G186600,0.824407
13S-HOTrE,LIN,individual,1:16429033,1,16429033,5.742415e-09,SORBI_3001G187100,0.823014
13S-HOTrE,LIN,individual,1:16429035,1,16429035,5.742415e-09,SORBI_3001G187100,0.823014
13S-HOTrE,LIN,individual,1:16429033,1,16429033,5.742415e-09,SORBI_3001G186600,0.82171
13S-HOTrE,LIN,individual,1:16429035,1,16429035,5.742415e-09,SORBI_3001G186600,0.82171
13S-HOTrE,LIN,individual,1:16429033,1,16429033,5.742415e-09,SORBI_3001G187100,0.821062
13S-HOTrE,LIN,individual,1:16429035,1,16429035,5.742415e-09,SORBI_3001G187100,0.821062
13S-HOTrE,LIN,individual,1:16429033,1,16429033,5.742415e-09,SORBI_3001G186850,0.820488
13S-HOTrE,LIN,individual,1:16429035,1,16429035,5.742415e-09,SORBI_3001G186850,0.820488
13S-HOTrE,LIN,individual,1:16429033,1,16429033,5.742415e-09,SORBI_3001G187800,0.820016
13S-HOTrE,LIN,individual,1:16429035,1,16429035,5.742415e-09,SORBI_3001G187800,0.820016
13S-HOTrE,LIN,individual,1:16429033,1,16429033,5.742415e-09,SORBI_3001G187000,0.817536
13S-HOTrE,LIN,individual,1:16429035,1,16429035,5.742415e-09,SORBI_3001G187000,0.817536
13S-HOTrE,LIN,individual,1:16429033,1,16429033,5.742415e-09,SORBI_3001G186600,0.817337
13S-HOTrE,LIN,individual,1:16429035,1,16429035,5.742415e-09,SORBI_3001G186600,0.817337
13S-HOTrE,LIN,individual,1:16429033,1,16429033,5.742415e-09,SORBI_3001G186600,0.816936
13S-HOTrE,LIN,individual,1:16429035,1,16429035,5.742415e-09,SORBI_3001G186600,0.816936
13S-HOTrE,LIN,individual,1:16429033,1,16429033,5.742415e-09,SORBI_3001G186600,0.814433
13S-HOTrE,LIN,individual,1:16429035,1,16429035,5.742415e-09,SORBI_3001G186600,0.814433
13S-HOTrE,LIN,individual,1:16429033,1,16429033,5.742415e-09,SORBI_3001G186600,0.814067
13S-HOTrE,LIN,individual,1:16429035,1,16429035,5.742415e-09,SORBI_3001G186600,0.814067
13S-HOTrE,LIN,individual,1:16429033,1,16429033,5.742415e-09,SORBI_3001G186850,0.812868
13S-HOTrE,LIN,individual,1:16429035,1,16429035,5.742415e-09,SORBI_3001G186850,0.812868
13S-HOTrE,LIN,individual,1:16429033,1,16429033,5.742415e-09,SORBI_3001G186600,0.811727
13S-HOTrE,LIN,individual,1:16429035,1,16429035,5.742415e-09,SORBI_3001G186600,0.811727
13S-HOTrE,LIN,individual,1:16429033,1,16429033,5.742415e-09,SORBI_3001G187100,0.811485
13S-HOTrE,LIN,individual,1:16429035,1,16429035,5.742415e-09,SORBI_3001G187100,0.811485
13S-HOTrE,LIN,individual,1:16429033,1,16429033,5.742415e-09,SORBI_3001G187100,0.805522
13S-HOTrE,LIN,individual,1:16429035,1,16429035,5.742415e-09,SORBI_3001G187100,0.805522
13S-HOTrE,LIN,individual,1:16429033,1,16429033,5.742415e-09,SORBI_3001G187100,0.799778
13S-HOTrE,LIN,individual,1:16429035,1,16429035,5.742415e-09,SORBI_3001G187100,0.799778
13S-HOTrE,LIN,individual,1:16429033,1,16429033,5.742415e-09,SORBI_3001G186600,0.796823
13S-HOTrE,LIN,individual,1:16429035,1,16429035,5.742415e-09,SORBI_3001G186600,0.796823
13S-HOTrE,LIN,individual,1:16429033,1,16429033,5.742415e-09,SORBI_3001G186850,0.796783
13S-HOTrE,LIN,individual,1:16429035,1,16429035,5.742415e-09,SORBI_3001G186850,0.796783
13S-HOTrE,LIN,individual,1:16429033,1,16429033,5.742415e-09,SORBI_3001G187200,0.793979
13S-HOTrE,LIN,individual,1:16429035,1,16429035,5.742415e-09,SORBI_3001G187200,0.793979
13S-HOTrE,LIN,individual,1:16429033,1,16429033,5.742415e-09,SORBI_3001G187200,0.78311
13S-HOTrE,LIN,individual,1:16429033,1,16429033,5.742415e-09,SORBI_3001G187300,0.78311
13S-HOTrE,LIN,individual,1:16429035,1,16429035,5.742415e-09,SORBI_3001G187200,0.78311
13S-HOTrE,LIN,individual,1:16429035,1,16429035,5.742415e-09,SORBI_3001G187300,0.78311
13S-HOTrE,LIN,individual,1:16429033,1,16429033,5.742415e-09,SORBI_3001G187300,0.774508
13S-HOTrE,LIN,individual,1:16429035,1,16429035,5.742415e-09,SORBI_3001G187300,0.774508
13S-HOTrE,LIN,individual,1:16429033,1,16429033,5.742415e-09,SORBI_3001G187200,0.773788
13S-HOTrE,LIN,individual,1:16429035,1,16429035,5.742415e-09,SORBI_3001G187200,0.773788
13S-HOTrE,LIN,individual,1:16429033,1,16429033,5.742415e-09,SORBI_3001G187200,0.764839
13S-HOTrE,LIN,individual,1:16429035,1,16429035,5.742415e-09,SORBI_3001G187200,0.764839
13S-HOTrE,LIN,individual,1:16429033,1,16429033,5.742415e-09,SORBI_3001G186600,0.760042
13S-HOTrE,LIN,individual,1:16429035,1,16429035,5.742415e-09,SORBI_3001G186600,0.760042
13S-HOTrE,LIN,individual,1:16429033,1,16429033,5.742415e-09,SORBI_3001G187200,0.759612
13S-HOTrE,LIN,individual,1:16429035,1,16429035,5.742415e-09,SORBI_3001G187200,0.759612
13S-HOTrE,LIN,individual,1:16429033,1,16429033,5.742415e-09,SORBI_3001G187300,0.754117
13S-HOTrE,LIN,individual,1:16429035,1,16429035,5.742415e-09,SORBI_3001G187300,0.754117
13S-HOTrE,LIN,individual,1:16429033,1,16429033,5.742415e-09,SORBI_3001G187200,0.750952
13S-HOTrE,LIN,individual,1:16429035,1,16429035,5.742415e-09,SORBI_3001G187200,0.750952
13S-HOTrE,LIN,individual,1:16429033,1,16429033,5.742415e-09,SORBI_3001G187100,0.747912
13S-HOTrE,LIN,individual,1:16429035,1,16429035,5.742415e-09,SORBI_3001G187100,0.747912
13S-HOTrE,LIN,individual,1:16429033,1,16429033,5.742415e-09,SORBI_3001G186850,0.740404
13S-HOTrE,LIN,individual,1:16429035,1,16429035,5.742415e-09,SORBI_3001G186850,0.740404
13S-HOTrE,LIN,individual,1:16429033,1,16429033,5.742415e-09,SORBI_3001G186850,0.73357
13S-HOTrE,LIN,individual,1:16429035,1,16429035,5.742415e-09,SORBI_3001G186850,0.73357
13S-HOTrE,LIN,individual,1:16429033,1,16429033,5.742415e-09,SORBI_3001G186850,0.72901
13S-HOTrE,LIN,individual,1:16429035,1,16429035,5.742415e-09,SORBI_3001G186850,0.72901
13S-HOTrE,LIN,individual,1:16429033,1,16429033,5.742415e-09,SORBI_3001G187700,0.726319
13S-HOTrE,LIN,individual,1:16429035,1,16429035,5.742415e-09,SORBI_3001G187700,0.726319
13S-HOTrE,LIN,individual,1:16429033,1,16429033,5.742415e-09,SORBI_3001G187200,0.712741
13S-HOTrE,LIN,individual,1:16429035,1,16429035,5.742415e-09,SORBI_3001G187200,0.712741
13S-HOTrE,LIN,individual,1:16429033,1,16429033,5.742415e-09,SORBI_3001G187800,0.691226
13S-HOTrE,LIN,individual,1:16429033,1,16429033,5.742415e-09,SORBI_3001G188000,0.691226
13S-HOTrE,LIN,individual,1:16429035,1,16429035,5.742415e-09,SORBI_3001G187800,0.691226
13S-HOTrE,LIN,individual,1:16429035,1,16429035,5.742415e-09,SORBI_3001G188000,0.691226
13S-HOTrE,LIN,individual,1:16429033,1,16429033,5.742415e-09,SORBI_3001G187600,0.690759
13S-HOTrE,LIN,individual,1:16429033,1,16429033,5.742415e-09,SORBI_3001G187700,0.690759
13S-HOTrE,LIN,individual,1:16429035,1,16429035,5.742415e-09,SORBI_3001G187600,0.690759
13S-HOTrE,LIN,individual,1:16429035,1,16429035,5.742415e-09,SORBI_3001G187700,0.690759
13S-HOTrE,LIN,individual,1:16429033,1,16429033,5.742415e-09,SORBI_3001G186600,0.69028
13S-HOTrE,LIN,individual,1:16429035,1,16429035,5.742415e-09,SORBI_3001G186600,0.69028
13S-HOTrE,LIN,individual,1:16429033,1,16429033,5.742415e-09,SORBI_3001G187600,0.68285
13S-HOTrE,LIN,individual,1:16429033,1,16429033,5.742415e-09,SORBI_3001G187700,0.68285
13S-HOTrE,LIN,individual,1:16429035,1,16429035,5.742415e-09,SORBI_3001G187600,0.68285
13S-HOTrE,LIN,individual,1:16429035,1,16429035,5.742415e-09,SORBI_3001G187700,0.68285
13S-HOTrE,LIN,individual,1:16429033,1,16429033,5.742415e-09,SORBI_3001G187800,0.682716
13S-HOTrE,LIN,individual,1:16429033,1,16429033,5.742415e-09,SORBI_3001G188000,0.682716
13S-HOTrE,LIN,individual,1:16429033,1,16429033,5.742415e-09,SORBI_3001G188100,0.682716
13S-HOTrE,LIN,individual,1:16429035,1,16429035,5.742415e-09,SORBI_3001G187800,0.682716
13S-HOTrE,LIN,individual,1:16429035,1,16429035,5.742415e-09,SORBI_3001G188000,0.682716
13S-HOTrE,LIN,individual,1:16429035,1,16429035,5.742415e-09,SORBI_3001G188100,0.682716
13S-HOTrE,LIN,individual,1:16429033,1,16429033,5.742415e-09,SORBI_3001G187700,0.68257
13S-HOTrE,LIN,individual,1:16429033,1,16429033,5.742415e-09,SORBI_3001G187800,0.68257
13S-HOTrE,LIN,individual,1:16429033,1,16429033,5.742415e-09,SORBI_3001G187900,0.68257
13S-HOTrE,LIN,individual,1:16429033,1,16429033,5.742415e-09,SORBI_3001G188000,0.68257
13S-HOTrE,LIN,individual,1:16429033,1,16429033,5.742415e-09,SORBI_3001G188100,0.68257
13S-HOTrE,LIN,individual,1:16429035,1,16429035,5.742415e-09,SORBI_3001G187700,0.68257
13S-HOTrE,LIN,individual,1:16429035,1,16429035,5.742415e-09,SORBI_3001G187800,0.68257
13S-HOTrE,LIN,individual,1:16429035,1,16429035,5.742415e-09,SORBI_3001G187900,0.68257
13S-HOTrE,LIN,individual,1:16429035,1,16429035,5.742415e-09,SORBI_3001G188000,0.68257
13S-HOTrE,LIN,individual,1:16429035,1,16429035,5.742415e-09,SORBI_3001G188100,0.68257
13S-HOTrE,LIN,individual,1:16429033,1,16429033,5.742415e-09,SORBI_3001G187800,0.682297
13S-HOTrE,LIN,individual,1:16429035,1,16429035,5.742415e-09,SORBI_3001G187800,0.682297
13S-HOTrE,LIN,individual,1:16429033,1,16429033,5.742415e-09,SORBI_3001G187600,0.681825
13S-HOTrE,LIN,individual,1:16429033,1,16429033,5.742415e-09,SORBI_3001G187700,0.681825
13S-HOTrE,LIN,individual,1:16429035,1,16429035,5.742415e-09,SORBI_3001G187600,0.681825
13S-HOTrE,LIN,individual,1:16429035,1,16429035,5.742415e-09,SORBI_3001G187700,0.681825
13S-HOTrE,LIN,individual,1:16429033,1,16429033,5.742415e-09,SORBI_3001G187600,0.674238
13S-HOTrE,LIN,individual,1:16429035,1,16429035,5.742415e-09,SORBI_3001G187600,0.674238
13S-HOTrE,LIN,individual,1:16429033,1,16429033,5.742415e-09,SORBI_3001G187800,0.673661
13S-HOTrE,LIN,individual,1:16429033,1,16429033,5.742415e-09,SORBI_3001G187900,0.673661
13S-HOTrE,LIN,individual,1:16429033,1,16429033,5.742415e-09,SORBI_3001G188000,0.673661
13S-HOTrE,LIN,individual,1:16429033,1,16429033,5.742415e-09,SORBI_3001G188100,0.673661
13S-HOTrE,LIN,individual,1:16429035,1,16429035,5.742415e-09,SORBI_3001G187800,0.673661
13S-HOTrE,LIN,individual,1:16429035,1,16429035,5.742415e-09,SORBI_3001G187900,0.673661
13S-HOTrE,LIN,individual,1:16429035,1,16429035,5.742415e-09,SORBI_3001G188000,0.673661
13S-HOTrE,LIN,individual,1:16429035,1,16429035,5.742415e-09,SORBI_3001G188100,0.673661
13S-HOTrE,LIN,individual,1:16429033,1,16429033,5.742415e-09,SORBI_3001G187600,0.673573
13S-HOTrE,LIN,individual,1:16429033,1,16429033,5.742415e-09,SORBI_3001G187700,0.673573
13S-HOTrE,LIN,individual,1:16429033,1,16429033,5.742415e-09,SORBI_3001G187800,0.673573
13S-HOTrE,LIN,individual,1:16429033,1,16429033,5.742415e-09,SORBI_3001G187900,0.673573
13S-HOTrE,LIN,individual,1:16429033,1,16429033,5.742415e-09,SORBI_3001G188000,0.673573
13S-HOTrE,LIN,individual,1:16429035,1,16429035,5.742415e-09,SORBI_3001G187600,0.673573
13S-HOTrE,LIN,individual,1:16429035,1,16429035,5.742415e-09,SORBI_3001G187700,0.673573
13S-HOTrE,LIN,individual,1:16429035,1,16429035,5.742415e-09,SORBI_3001G187800,0.673573
13S-HOTrE,LIN,individual,1:16429035,1,16429035,5.742415e-09,SORBI_3001G187900,0.673573
13S-HOTrE,LIN,individual,1:16429035,1,16429035,5.742415e-09,SORBI_3001G188000,0.673573
13S-HOTrE,LIN,individual,1:16429033,1,16429033,5.742415e-09,SORBI_3001G187800,0.673562
13S-HOTrE,LIN,individual,1:16429035,1,16429035,5.742415e-09,SORBI_3001G187800,0.673562
13S-HOTrE,LIN,individual,1:16429033,1,16429033,5.742415e-09,SORBI_3001G187600,0.673089
13S-HOTrE,LIN,individual,1:16429033,1,16429033,5.742415e-09,SORBI_3001G187800,0.673089
13S-HOTrE,LIN,individual,1:16429035,1,16429035,5.742415e-09,SORBI_3001G187600,0.673089
13S-HOTrE,LIN,individual,1:16429035,1,16429035,5.742415e-09,SORBI_3001G187800,0.673089
13S-HOTrE,LIN,individual,1:16429033,1,16429033,5.742415e-09,SORBI_3001G187600,0.671698
13S-HOTrE,LIN,individual,1:16429035,1,16429035,5.742415e-09,SORBI_3001G187600,0.671698
13S-HOTrE,LIN,individual,1:16429033,1,16429033,5.742415e-09,SORBI_3001G186850,0.669484
13S-HOTrE,LIN,individual,1:16429035,1,16429035,5.742415e-09,SORBI_3001G186850,0.669484
13S-HOTrE,LIN,individual,1:16429033,1,16429033,5.742415e-09,SORBI_3001G186600,0.668004
13S-HOTrE,LIN,individual,1:16429035,1,16429035,5.742415e-09,SORBI_3001G186600,0.668004
13S-HOTrE,LIN,individual,1:16429033,1,16429033,5.742415e-09,SORBI_3001G187600,0.665819
13S-HOTrE,LIN,individual,1:16429035,1,16429035,5.742415e-09,SORBI_3001G187600,0.665819
13S-HOTrE,LIN,individual,1:16429033,1,16429033,5.742415e-09,SORBI_3001G187800,0.664951
13S-HOTrE,LIN,individual,1:16429033,1,16429033,5.742415e-09,SORBI_3001G188100,0.664951
13S-HOTrE,LIN,individual,1:16429035,1,16429035,5.742415e-09,SORBI_3001G187800,0.664951
13S-HOTrE,LIN,individual,1:16429035,1,16429035,5.742415e-09,SORBI_3001G188100,0.664951
13S-HOTrE,LIN,individual,1:16429033,1,16429033,5.742415e-09,SORBI_3001G187600,0.664463
13S-HOTrE,LIN,individual,1:16429033,1,16429033,5.742415e-09,SORBI_3001G187800,0.664463
13S-HOTrE,LIN,individual,1:16429033,1,16429033,5.742415e-09,SORBI_3001G187900,0.664463
13S-HOTrE,LIN,individual,1:16429033,1,16429033,5.742415e-09,SORBI_3001G188100,0.664463
13S-HOTrE,LIN,individual,1:16429035,1,16429035,5.742415e-09,SORBI_3001G187600,0.664463
13S-HOTrE,LIN,individual,1:16429035,1,16429035,5.742415e-09,SORBI_3001G187800,0.664463
13S-HOTrE,LIN,individual,1:16429035,1,16429035,5.742415e-09,SORBI_3001G187900,0.664463
13S-HOTrE,LIN,individual,1:16429035,1,16429035,5.742415e-09,SORBI_3001G188100,0.664463
13S-HOTrE,LIN,individual,1:16429033,1,16429033,5.742415e-09,SORBI_3001G187600,0.662678
13S-HOTrE,LIN,individual,1:16429035,1,16429035,5.742415e-09,SORBI_3001G187600,0.662678
13S-HOTrE,LIN,individual,1:16429033,1,16429033,5.742415e-09,SORBI_3001G186850,0.659484
13S-HOTrE,LIN,individual,1:16429035,1,16429035,5.742415e-09,SORBI_3001G186850,0.659484
13S-HOTrE,LIN,individual,1:16429033,1,16429033,5.742415e-09,SORBI_3001G186850,0.659148
13S-HOTrE,LIN,individual,1:16429035,1,16429035,5.742415e-09,SORBI_3001G186850,0.659148
13S-HOTrE,LIN,individual,1:16429033,1,16429033,5.742415e-09,SORBI_3001G187800,0.656461
13S-HOTrE,LIN,individual,1:16429035,1,16429035,5.742415e-09,SORBI_3001G187800,0.656461
13S-HOTrE,LIN,individual,1:16429033,1,16429033,5.742415e-09,SORBI_3001G187300,0.649103
13S-HOTrE,LIN,individual,1:16429035,1,16429035,5.742415e-09,SORBI_3001G187300,0.649103
13S-HOTrE,LIN,individual,1:16429033,1,16429033,5.742415e-09,SORBI_3001G187800,0.649062
13S-HOTrE,LIN,individual,1:16429035,1,16429035,5.742415e-09,SORBI_3001G187800,0.649062
13S-HOTrE,LIN,individual,1:16429033,1,16429033,5.742415e-09,SORBI_3001G188400,0.648223
13S-HOTrE,LIN,individual,1:16429035,1,16429035,5.742415e-09,SORBI_3001G188400,0.648223
13S-HOTrE,LIN,individual,1:16429033,1,16429033,5.742415e-09,SORBI_3001G188400,0.630677
13S-HOTrE,LIN,individual,1:16429035,1,16429035,5.742415e-09,SORBI_3001G188400,0.630677
13S-HOTrE,LIN,individual,1:16429033,1,16429033,5.742415e-09,SORBI_3001G188400,0.622675
13S-HOTrE,LIN,individual,1:16429033,1,16429033,5.742415e-09,SORBI_3001G188500,0.622675
13S-HOTrE,LIN,individual,1:16429035,1,16429035,5.742415e-09,SORBI_3001G188400,0.622675
13S-HOTrE,LIN,individual,1:16429035,1,16429035,5.742415e-09,SORBI_3001G188500,0.622675
13S-HOTrE,LIN,individual,1:16429033,1,16429033,5.742415e-09,SORBI_3001G186600,0.614744
13S-HOTrE,LIN,individual,1:16429035,1,16429035,5.742415e-09,SORBI_3001G186600,0.614744
13S-HOTrE,LIN,individual,1:16429033,1,16429033,5.742415e-09,SORBI_3001G188500,0.614265
13S-HOTrE,LIN,individual,1:16429035,1,16429035,5.742415e-09,SORBI_3001G188500,0.614265
13S-HOTrE,LIN,individual,1:16429033,1,16429033,5.742415e-09,SORBI_3001G188400,0.614062
13S-HOTrE,LIN,individual,1:16429033,1,16429033,5.742415e-09,SORBI_3001G188500,0.614062
13S-HOTrE,LIN,individual,1:16429033,1,16429033,5.742415e-09,SORBI_3001G188600,0.614062
13S-HOTrE,LIN,individual,1:16429035,1,16429035,5.742415e-09,SORBI_3001G188400,0.614062
13S-HOTrE,LIN,individual,1:16429035,1,16429035,5.742415e-09,SORBI_3001G188500,0.614062
13S-HOTrE,LIN,individual,1:16429035,1,16429035,5.742415e-09,SORBI_3001G188600,0.614062
13S-HOTrE,LIN,individual,1:16429033,1,16429033,5.742415e-09,SORBI_3001G188400,0.613201
13S-HOTrE,LIN,individual,1:16429035,1,16429035,5.742415e-09,SORBI_3001G188400,0.613201
13S-HOTrE,LIN,individual,1:16429033,1,16429033,5.742415e-09,SORBI_3001G187600,0.610873
13S-HOTrE,LIN,individual,1:16429035,1,16429035,5.742415e-09,SORBI_3001G187600,0.610873
13S-HOTrE,LIN,individual,1:16429033,1,16429033,5.742415e-09,SORBI_3001G188500,0.606115
13S-HOTrE,LIN,individual,1:16429035,1,16429035,5.742415e-09,SORBI_3001G188500,0.606115
13S-HOTrE,LIN,individual,1:16429033,1,16429033,5.742415e-09,SORBI_3001G188400,0.605217
13S-HOTrE,LIN,individual,1:16429033,1,16429033,5.742415e-09,SORBI_3001G188500,0.605217
13S-HOTrE,LIN,individual,1:16429033,1,16429033,5.742415e-09,SORBI_3001G188600,0.605217
13S-HOTrE,LIN,individual,1:16429035,1,16429035,5.742415e-09,SORBI_3001G188400,0.605217
13S-HOTrE,LIN,individual,1:16429035,1,16429035,5.742415e-09,SORBI_3001G188500,0.605217
13S-HOTrE,LIN,individual,1:16429035,1,16429035,5.742415e-09,SORBI_3001G188600,0.605217
13S-HOTrE,LIN,individual,1:16429033,1,16429033,5.742415e-09,SORBI_3001G188400,0.605033
13S-HOTrE,LIN,individual,1:16429033,1,16429033,5.742415e-09,SORBI_3001G188500,0.605033
13S-HOTrE,LIN,individual,1:16429035,1,16429035,5.742415e-09,SORBI_3001G188400,0.605033
13S-HOTrE,LIN,individual,1:16429035,1,16429035,5.742415e-09,SORBI_3001G188500,0.605033
13S-HOTrE,LIN,individual,1:16429033,1,16429033,5.742415e-09,SORBI_3001G187800,0.596587
13S-HOTrE,LIN,individual,1:16429033,1,16429033,5.742415e-09,SORBI_3001G188400,0.596587
13S-HOTrE,LIN,individual,1:16429033,1,16429033,5.742415e-09,SORBI_3001G188500,0.596587
13S-HOTrE,LIN,individual,1:16429035,1,16429035,5.742415e-09,SORBI_3001G187800,0.596587
13S-HOTrE,LIN,individual,1:16429035,1,16429035,5.742415e-09,SORBI_3001G188400,0.596587
13S-HOTrE,LIN,individual,1:16429035,1,16429035,5.742415e-09,SORBI_3001G188500,0.596587
13S-HOTrE,LIN,individual,1:16429033,1,16429033,5.742415e-09,SORBI_3001G188400,0.596233
13S-HOTrE,LIN,individual,1:16429035,1,16429035,5.742415e-09,SORBI_3001G188400,0.596233
13S-HOTrE,LIN,individual,1:16429033,1,16429033,5.742415e-09,SORBI_3001G188400,0.595971
13S-HOTrE,LIN,individual,1:16429033,1,16429033,5.742415e-09,SORBI_3001G188500,0.595971
13S-HOTrE,LIN,individual,1:16429035,1,16429035,5.742415e-09,SORBI_3001G188400,0.595971
13S-HOTrE,LIN,individual,1:16429035,1,16429035,5.742415e-09,SORBI_3001G188500,0.595971
13S-HOTrE,LIN,individual,1:16429033,1,16429033,5.742415e-09,SORBI_3001G187300,0.593191
13S-HOTrE,LIN,individual,1:16429035,1,16429035,5.742415e-09,SORBI_3001G187300,0.593191
13S-HOTrE,LIN,individual,1:16429033,1,16429033,5.742415e-09,SORBI_3001G187300,0.592382
13S-HOTrE,LIN,individual,1:16429035,1,16429035,5.742415e-09,SORBI_3001G187300,0.592382
13S-HOTrE,LIN,individual,1:16429033,1,16429033,5.742415e-09,SORBI_3001G187700,0.591117
13S-HOTrE,LIN,individual,1:16429035,1,16429035,5.742415e-09,SORBI_3001G187700,0.591117
13S-HOTrE,LIN,individual,1:16429033,1,16429033,5.742415e-09,SORBI_3001G188400,0.588196
13S-HOTrE,LIN,individual,1:16429033,1,16429033,5.742415e-09,SORBI_3001G188500,0.588196
13S-HOTrE,LIN,individual,1:16429035,1,16429035,5.742415e-09,SORBI_3001G188400,0.588196
13S-HOTrE,LIN,individual,1:16429035,1,16429035,5.742415e-09,SORBI_3001G188500,0.588196
13S-HOTrE,LIN,individual,1:16429033,1,16429033,5.742415e-09,SORBI_3001G188100,0.585589
13S-HOTrE,LIN,individual,1:16429035,1,16429035,5.742415e-09,SORBI_3001G188100,0.585589
13S-HOTrE,LIN,individual,1:16429033,1,16429033,5.742415e-09,SORBI_3001G188500,0.58374
13S-HOTrE,LIN,individual,1:16429035,1,16429035,5.742415e-09,SORBI_3001G188500,0.58374
13S-HOTrE,LIN,individual,1:16429033,1,16429033,5.742415e-09,SORBI_3001G187700,0.580601
13S-HOTrE,LIN,individual,1:16429033,1,16429033,5.742415e-09,SORBI_3001G188100,0.580601
13S-HOTrE,LIN,individual,1:16429035,1,16429035,5.742415e-09,SORBI_3001G187700,0.580601
13S-HOTrE,LIN,individual,1:16429035,1,16429035,5.742415e-09,SORBI_3001G188100,0.580601
13S-HOTrE,LIN,individual,1:16429033,1,16429033,5.742415e-09,SORBI_3001G188100,0.573478
13S-HOTrE,LIN,individual,1:16429035,1,16429035,5.742415e-09,SORBI_3001G188100,0.573478
13S-HOTrE,LIN,individual,1:16429033,1,16429033,5.742415e-09,SORBI_3001G188400,0.570054
13S-HOTrE,LIN,individual,1:16429035,1,16429035,5.742415e-09,SORBI_3001G188400,0.570054
13S-HOTrE,LIN,individual,1:16429033,1,16429033,5.742415e-09,SORBI_3001G188100,0.562932
13S-HOTrE,LIN,individual,1:16429035,1,16429035,5.742415e-09,SORBI_3001G188100,0.562932
13S-HOTrE,LIN,individual,1:16429033,1,16429033,5.742415e-09,SORBI_3001G187700,0.559136
13S-HOTrE,LIN,individual,1:16429035,1,16429035,5.742415e-09,SORBI_3001G187700,0.559136
13S-HOTrE,LIN,individual,1:16429033,1,16429033,5.742415e-09,SORBI_3001G187700,0.557936
13S-HOTrE,LIN,individual,1:16429035,1,16429035,5.742415e-09,SORBI_3001G187700,0.557936
13S-HOTrE,LIN,individual,1:16429033,1,16429033,5.742415e-09,SORBI_3001G187600,0.542188
13S-HOTrE,LIN,individual,1:16429035,1,16429035,5.742415e-09,SORBI_3001G187600,0.542188
13S-HOTrE,LIN,individual,1:16429033,1,16429033,5.742415e-09,SORBI_3001G188100,0.539945
13S-HOTrE,LIN,individual,1:16429035,1,16429035,5.742415e-09,SORBI_3001G188100,0.539945
13S-HOTrE,LIN,individual,1:16429033,1,16429033,5.742415e-09,SORBI_3001G187300,0.539248
13S-HOTrE,LIN,individual,1:16429035,1,16429035,5.742415e-09,SORBI_3001G187300,0.539248
13S-HOTrE,LIN,individual,1:16429033,1,16429033,5.742415e-09,SORBI_3001G187500,0.537447
13S-HOTrE,LIN,individual,1:16429035,1,16429035,5.742415e-09,SORBI_3001G187500,0.537447
13S-HOTrE,LIN,individual,1:16429033,1,16429033,5.742415e-09,SORBI_3001G188100,0.530389
13S-HOTrE,LIN,individual,1:16429035,1,16429035,5.742415e-09,SORBI_3001G188100,0.530389
13S-HOTrE,LIN,individual,1:16429033,1,16429033,5.742415e-09,SORBI_3001G188100,0.529461
13S-HOTrE,LIN,individual,1:16429035,1,16429035,5.742415e-09,SORBI_3001G188100,0.529461
13S-HOTrE,LIN,individual,1:16429033,1,16429033,5.742415e-09,SORBI_3001G187700,0.525921
13S-HOTrE,LIN,individual,1:16429035,1,16429035,5.742415e-09,SORBI_3001G187700,0.525921
13S-HOTrE,LIN,individual,1:16429033,1,16429033,5.742415e-09,SORBI_3001G186925,0.514447
13S-HOTrE,LIN,individual,1:16429035,1,16429035,5.742415e-09,SORBI_3001G186925,0.514447
13S-HOTrE,LIN,individual,1:16429033,1,16429033,5.742415e-09,SORBI_3001G187300,0.506038
13S-HOTrE,LIN,individual,1:16429035,1,16429035,5.742415e-09,SORBI_3001G187300,0.506038
13S-HOTrE,LIN,individual,1:16429033,1,16429033,5.742415e-09,SORBI_3001G187400,0.499473
13S-HOTrE,LIN,individual,1:16429035,1,16429035,5.742415e-09,SORBI_3001G187400,0.499473
13S-HOTrE,LIN,individual,1:16429033,1,16429033,5.742415e-09,SORBI_3001G187000,0.497709
13S-HOTrE,LIN,individual,1:16429035,1,16429035,5.742415e-09,SORBI_3001G187000,0.497709
13S-HOTrE,LIN,individual,1:16429033,1,16429033,5.742415e-09,SORBI_3001G187700,0.484771
13S-HOTrE,LIN,individual,1:16429035,1,16429035,5.742415e-09,SORBI_3001G187700,0.484771
13S-HOTrE,LIN,individual,1:16429033,1,16429033,5.742415e-09,SORBI_3001G187300,0.460224
13S-HOTrE,LIN,individual,1:16429035,1,16429035,5.742415e-09,SORBI_3001G187300,0.460224
13S-HOTrE,LIN,individual,1:16429033,1,16429033,5.742415e-09,SORBI_3001G187500,0.456969
13S-HOTrE,LIN,individual,1:16429035,1,16429035,5.742415e-09,SORBI_3001G187500,0.456969
13S-HOTrE,LIN,individual,1:16429033,1,16429033,5.742415e-09,SORBI_3001G187500,0.456614
13S-HOTrE,LIN,individual,1:16429035,1,16429035,5.742415e-09,SORBI_3001G187500,0.456614
13S-HOTrE,LIN,individual,1:16429033,1,16429033,5.742415e-09,SORBI_3001G187300,0.443159
13S-HOTrE,LIN,individual,1:16429035,1,16429035,5.742415e-09,SORBI_3001G187300,0.443159
13S-HOTrE,LIN,individual,1:16429033,1,16429033,5.742415e-09,SORBI_3001G187500,0.436146
13S-HOTrE,LIN,individual,1:16429035,1,16429035,5.742415e-09,SORBI_3001G187500,0.436146
13S-HOTrE,LIN,individual,1:16429033,1,16429033,5.742415e-09,SORBI_3001G188100,0.43591
13S-HOTrE,LIN,individual,1:16429035,1,16429035,5.742415e-09,SORBI_3001G188100,0.43591
13S-HOTrE,LIN,individual,1:16429033,1,16429033,5.742415e-09,SORBI_3001G188100,0.431149
13S-HOTrE,LIN,individual,1:16429035,1,16429035,5.742415e-09,SORBI_3001G188100,0.431149
13S-HOTrE,LIN,individual,1:16429033,1,16429033,5.742415e-09,SORBI_3001G187300,0.427861
13S-HOTrE,LIN,individual,1:16429035,1,16429035,5.742415e-09,SORBI_3001G187300,0.427861
13S-HOTrE,LIN,individual,1:16429033,1,16429033,5.742415e-09,SORBI_3001G188100,0.42484
13S-HOTrE,LIN,individual,1:16429035,1,16429035,5.742415e-09,SORBI_3001G188100,0.42484
13S-HOTrE,LIN,individual,1:16429033,1,16429033,5.742415e-09,SORBI_3001G188100,0.418687
13S-HOTrE,LIN,individual,1:16429035,1,16429035,5.742415e-09,SORBI_3001G188100,0.418687
13S-HOTrE,LIN,individual,1:16429033,1,16429033,5.742415e-09,SORBI_3001G188100,0.406117
13S-HOTrE,LIN,individual,1:16429035,1,16429035,5.742415e-09,SORBI_3001G188100,0.406117
13S-HOTrE,LIN,individual,1:16429033,1,16429033,5.742415e-09,SORBI_3001G188100,0.404225
13S-HOTrE,LIN,individual,1:16429035,1,16429035,5.742415e-09,SORBI_3001G188100,0.404225
13S-HOTrE,LIN,individual,1:16429033,1,16429033,5.742415e-09,SORBI_3001G188100,0.403529
13S-HOTrE,LIN,individual,1:16429035,1,16429035,5.742415e-09,SORBI_3001G188100,0.403529
13S-HOTrE,LIN,individual,1:16429033,1,16429033,5.742415e-09,SORBI_3001G187200,0.403107
13S-HOTrE,LIN,individual,1:16429035,1,16429035,5.742415e-09,SORBI_3001G187200,0.403107
13S-HOTrE,LIN,individual,1:16429033,1,16429033,5.742415e-09,SORBI_3001G186600,0.402464
13S-HOTrE,LIN,individual,1:16429035,1,16429035,5.742415e-09,SORBI_3001G186600,0.402464
13S-HOTrE,LIN,individual,1:16429033,1,16429033,5.742415e-09,SORBI_3001G188100,0.401176
13S-HOTrE,LIN,individual,1:16429035,1,16429035,5.742415e-09,SORBI_3001G188100,0.401176
13S-HOTrE,LIN,individual,1:16429033,1,16429033,5.742415e-09,SORBI_3001G188100,0.400954
13S-HOTrE,LIN,individual,1:16429035,1,16429035,5.742415e-09,SORBI_3001G188100,0.400954
13S-HOTrE,LIN,individual,4:4248274,4,4248274,6.017485e-09,SORBI_3004G051166,0.48412
13S-HOTrE,LIN,individual,4:4248274,4,4248274,6.017485e-09,SORBI_3004G051166,0.475366
13S-HOTrE,LIN,individual,4:4248274,4,4248274,6.017485e-09,SORBI_3004G049600,0.459537
13S-HOTrE,LIN,individual,4:4248274,4,4248274,6.017485e-09,SORBI_3004G052300,0.454929
13S-HOTrE,LIN,individual,4:4248274,4,4248274,6.017485e-09,SORBI_3004G049600,0.448146
13S-HOTrE,LIN,individual,4:4248274,4,4248274,6.017485e-09,SORBI_3004G049600,0.447494
13S-HOTrE,LIN,individual,4:4248274,4,4248274,6.017485e-09,SORBI_3004G049800,0.442983
13S-HOTrE,LIN,individual,4:4248274,4,4248274,6.017485e-09,SORBI_3004G049800,0.439248
13S-HOTrE,LIN,individual,4:4248274,4,4248274,6.017485e-09,SORBI_3004G049600,0.434824
13S-HOTrE,LIN,individual,4:4248274,4,4248274,6.017485e-09,SORBI_3004G049600,0.421564
13S-HOTrE,LIN,individual,4:4248274,4,4248274,6.017485e-09,SORBI_3004G049700,0.421564
13S-HOTrE,LIN,individual,4:4248274,4,4248274,6.017485e-09,SORBI_3004G049500,0.419619
13S-HOTrE,LIN,individual,4:4248274,4,4248274,6.017485e-09,SORBI_3004G049600,0.4139
13S-HOTrE,LIN,individual,4:53724144,4,53724144,6.027681e-09,SORBI_3004G183800,1
13S-HOTrE,LIN,individual,4:53725417,4,53725417,6.027681e-09,SORBI_3004G183800,1
13S-HOTrE,LIN,individual,4:53725417,4,53725417,6.027681e-09,SORBI_3004G183800,1
13S-HOTrE,LIN,individual,4:53710246,4,53710246,6.027681e-09,SORBI_3004G183800,0.987718
13S-HOTrE,LIN,individual,4:53713995,4,53713995,6.027681e-09,SORBI_3004G183800,0.987718
13S-HOTrE,LIN,individual,4:53719478,4,53719478,6.027681e-09,SORBI_3004G183800,0.987718
13S-HOTrE,LIN,individual,4:53723393,4,53723393,6.027681e-09,SORBI_3004G183800,0.987718
13S-HOTrE,LIN,individual,4:53724337,4,53724337,6.027681e-09,SORBI_3004G183800,0.987718
13S-HOTrE,LIN,individual,4:53710246,4,53710246,6.027681e-09,SORBI_3004G183800,0.987711
13S-HOTrE,LIN,individual,4:53713995,4,53713995,6.027681e-09,SORBI_3004G183800,0.987711
13S-HOTrE,LIN,individual,4:53719478,4,53719478,6.027681e-09,SORBI_3004G183800,0.987711
13S-HOTrE,LIN,individual,4:53723393,4,53723393,6.027681e-09,SORBI_3004G183800,0.987711
13S-HOTrE,LIN,individual,4:53724337,4,53724337,6.027681e-09,SORBI_3004G183800,0.987711
13S-HOTrE,LIN,individual,4:53724144,4,53724144,6.027681e-09,SORBI_3004G183800,0.97558
13S-HOTrE,LIN,individual,4:53725417,4,53725417,6.027681e-09,SORBI_3004G183800,0.97558
13S-HOTrE,LIN,individual,4:53710246,4,53710246,6.027681e-09,SORBI_3004G183600,0.950366
13S-HOTrE,LIN,individual,4:53710246,4,53710246,6.027681e-09,SORBI_3004G183701,0.950366
13S-HOTrE,LIN,individual,4:53713995,4,53713995,6.027681e-09,SORBI_3004G183600,0.950366
13S-HOTrE,LIN,individual,4:53713995,4,53713995,6.027681e-09,SORBI_3004G183701,0.950366
13S-HOTrE,LIN,individual,4:53719478,4,53719478,6.027681e-09,SORBI_3004G183600,0.950366
13S-HOTrE,LIN,individual,4:53719478,4,53719478,6.027681e-09,SORBI_3004G183701,0.950366
13S-HOTrE,LIN,individual,4:53723393,4,53723393,6.027681e-09,SORBI_3004G183600,0.950366
13S-HOTrE,LIN,individual,4:53723393,4,53723393,6.027681e-09,SORBI_3004G183701,0.950366
13S-HOTrE,LIN,individual,4:53724337,4,53724337,6.027681e-09,SORBI_3004G183600,0.950366
13S-HOTrE,LIN,individual,4:53724337,4,53724337,6.027681e-09,SORBI_3004G183701,0.950366
13S-HOTrE,LIN,individual,4:53710246,4,53710246,6.027681e-09,SORBI_3004G183501,0.950296
13S-HOTrE,LIN,individual,4:53713995,4,53713995,6.027681e-09,SORBI_3004G183501,0.950296
13S-HOTrE,LIN,individual,4:53719478,4,53719478,6.027681e-09,SORBI_3004G183501,0.950296
13S-HOTrE,LIN,individual,4:53723393,4,53723393,6.027681e-09,SORBI_3004G183501,0.950296
13S-HOTrE,LIN,individual,4:53724337,4,53724337,6.027681e-09,SORBI_3004G183501,0.950296
13S-HOTrE,LIN,individual,4:53724144,4,53724144,6.027681e-09,SORBI_3004G183600,0.936333
13S-HOTrE,LIN,individual,4:53724144,4,53724144,6.027681e-09,SORBI_3004G183701,0.936333
13S-HOTrE,LIN,individual,4:53725417,4,53725417,6.027681e-09,SORBI_3004G183600,0.936333
13S-HOTrE,LIN,individual,4:53725417,4,53725417,6.027681e-09,SORBI_3004G183701,0.936333
13S-HOTrE,LIN,individual,4:53724144,4,53724144,6.027681e-09,SORBI_3004G183501,0.936244
13S-HOTrE,LIN,individual,4:53725417,4,53725417,6.027681e-09,SORBI_3004G183501,0.936244
13S-HOTrE,LIN,individual,4:53724144,4,53724144,6.027681e-09,SORBI_3004G183400,0.922698
13S-HOTrE,LIN,individual,4:53725417,4,53725417,6.027681e-09,SORBI_3004G183400,0.922698
13S-HOTrE,LIN,individual,4:53710246,4,53710246,6.027681e-09,SORBI_3004G183400,0.913153
13S-HOTrE,LIN,individual,4:53713995,4,53713995,6.027681e-09,SORBI_3004G183400,0.913153
13S-HOTrE,LIN,individual,4:53719478,4,53719478,6.027681e-09,SORBI_3004G183400,0.913153
13S-HOTrE,LIN,individual,4:53723393,4,53723393,6.027681e-09,SORBI_3004G183400,0.913153
13S-HOTrE,LIN,individual,4:53724337,4,53724337,6.027681e-09,SORBI_3004G183400,0.913153
13S-HOTrE,LIN,individual,4:53724144,4,53724144,6.027681e-09,SORBI_3004G183800,0.795527
13S-HOTrE,LIN,individual,4:53725417,4,53725417,6.027681e-09,SORBI_3004G183800,0.795527
13S-HOTrE,LIN,individual,4:53710246,4,53710246,6.027681e-09,SORBI_3004G183800,0.786575
13S-HOTrE,LIN,individual,4:53713995,4,53713995,6.027681e-09,SORBI_3004G183800,0.786575
13S-HOTrE,LIN,individual,4:53719478,4,53719478,6.027681e-09,SORBI_3004G183800,0.786575
13S-HOTrE,LIN,individual,4:53723393,4,53723393,6.027681e-09,SORBI_3004G183800,0.786575
13S-HOTrE,LIN,individual,4:53724337,4,53724337,6.027681e-09,SORBI_3004G183800,0.786575
13S-HOTrE,LIN,individual,4:53724144,4,53724144,6.027681e-09,SORBI_3004G183800,0.779716
13S-HOTrE,LIN,individual,4:53725417,4,53725417,6.027681e-09,SORBI_3004G183800,0.779716
13S-HOTrE,LIN,individual,4:53710246,4,53710246,6.027681e-09,SORBI_3004G183800,0.771485
13S-HOTrE,LIN,individual,4:53713995,4,53713995,6.027681e-09,SORBI_3004G183800,0.771485
13S-HOTrE,LIN,individual,4:53719478,4,53719478,6.027681e-09,SORBI_3004G183800,0.771485
13S-HOTrE,LIN,individual,4:53723393,4,53723393,6.027681e-09,SORBI_3004G183800,0.771485
13S-HOTrE,LIN,individual,4:53724337,4,53724337,6.027681e-09,SORBI_3004G183800,0.771485
13S-HOTrE,LIN,individual,4:53710246,4,53710246,6.027681e-09,SORBI_3004G181900,0.735047
13S-HOTrE,LIN,individual,4:53713995,4,53713995,6.027681e-09,SORBI_3004G181900,0.735047
13S-HOTrE,LIN,individual,4:53719478,4,53719478,6.027681e-09,SORBI_3004G181900,0.735047
13S-HOTrE,LIN,individual,4:53723393,4,53723393,6.027681e-09,SORBI_3004G181900,0.735047
13S-HOTrE,LIN,individual,4:53724337,4,53724337,6.027681e-09,SORBI_3004G181900,0.735047
13S-HOTrE,LIN,individual,4:53724144,4,53724144,6.027681e-09,SORBI_3004G181900,0.724154
13S-HOTrE,LIN,individual,4:53725417,4,53725417,6.027681e-09,SORBI_3004G181900,0.724154
13S-HOTrE,LIN,individual,4:53710246,4,53710246,6.027681e-09,SORBI_3004G181800,0.705425
13S-HOTrE,LIN,individual,4:53713995,4,53713995,6.027681e-09,SORBI_3004G181800,0.705425
13S-HOTrE,LIN,individual,4:53719478,4,53719478,6.027681e-09,SORBI_3004G181800,0.705425
13S-HOTrE,LIN,individual,4:53723393,4,53723393,6.027681e-09,SORBI_3004G181800,0.705425
13S-HOTrE,LIN,individual,4:53724337,4,53724337,6.027681e-09,SORBI_3004G181800,0.705425
13S-HOTrE,LIN,individual,4:53710246,4,53710246,6.027681e-09,SORBI_3004G182201,0.69652
13S-HOTrE,LIN,individual,4:53713995,4,53713995,6.027681e-09,SORBI_3004G182201,0.69652
13S-HOTrE,LIN,individual,4:53719478,4,53719478,6.027681e-09,SORBI_3004G182201,0.69652
13S-HOTrE,LIN,individual,4:53723393,4,53723393,6.027681e-09,SORBI_3004G182201,0.69652
13S-HOTrE,LIN,individual,4:53724337,4,53724337,6.027681e-09,SORBI_3004G182201,0.69652
13S-HOTrE,LIN,individual,4:53724144,4,53724144,6.027681e-09,SORBI_3004G181800,0.694965
13S-HOTrE,LIN,individual,4:53725417,4,53725417,6.027681e-09,SORBI_3004G181800,0.694965
13S-HOTrE,LIN,individual,4:53710246,4,53710246,6.027681e-09,SORBI_3004G182000,0.693831
13S-HOTrE,LIN,individual,4:53713995,4,53713995,6.027681e-09,SORBI_3004G182000,0.693831
13S-HOTrE,LIN,individual,4:53719478,4,53719478,6.027681e-09,SORBI_3004G182000,0.693831
13S-HOTrE,LIN,individual,4:53723393,4,53723393,6.027681e-09,SORBI_3004G182000,0.693831
13S-HOTrE,LIN,individual,4:53724337,4,53724337,6.027681e-09,SORBI_3004G182000,0.693831
13S-HOTrE,LIN,individual,4:53724144,4,53724144,6.027681e-09,SORBI_3004G181900,0.687801
13S-HOTrE,LIN,individual,4:53725417,4,53725417,6.027681e-09,SORBI_3004G181900,0.687801
13S-HOTrE,LIN,individual,4:53724144,4,53724144,6.027681e-09,SORBI_3004G182201,0.685247
13S-HOTrE,LIN,individual,4:53725417,4,53725417,6.027681e-09,SORBI_3004G182201,0.685247
13S-HOTrE,LIN,individual,4:53724144,4,53724144,6.027681e-09,SORBI_3004G182000,0.683078
13S-HOTrE,LIN,individual,4:53725417,4,53725417,6.027681e-09,SORBI_3004G182000,0.683078
13S-HOTrE,LIN,individual,4:53710246,4,53710246,6.027681e-09,SORBI_3004G181900,0.680427
13S-HOTrE,LIN,individual,4:53713995,4,53713995,6.027681e-09,SORBI_3004G181900,0.680427
13S-HOTrE,LIN,individual,4:53719478,4,53719478,6.027681e-09,SORBI_3004G181900,0.680427
13S-HOTrE,LIN,individual,4:53723393,4,53723393,6.027681e-09,SORBI_3004G181900,0.680427
13S-HOTrE,LIN,individual,4:53724337,4,53724337,6.027681e-09,SORBI_3004G181900,0.680427
13S-HOTrE,LIN,individual,4:53710246,4,53710246,6.027681e-09,SORBI_3004G182100,0.680336
13S-HOTrE,LIN,individual,4:53713995,4,53713995,6.027681e-09,SORBI_3004G182100,0.680336
13S-HOTrE,LIN,individual,4:53719478,4,53719478,6.027681e-09,SORBI_3004G182100,0.680336
13S-HOTrE,LIN,individual,4:53723393,4,53723393,6.027681e-09,SORBI_3004G182100,0.680336
13S-HOTrE,LIN,individual,4:53724337,4,53724337,6.027681e-09,SORBI_3004G182100,0.680336
13S-HOTrE,LIN,individual,4:53724144,4,53724144,6.027681e-09,SORBI_3004G182100,0.668345
13S-HOTrE,LIN,individual,4:53725417,4,53725417,6.027681e-09,SORBI_3004G182100,0.668345
13S-HOTrE,LIN,individual,4:53724144,4,53724144,6.027681e-09,SORBI_3004G183800,0.642187
13S-HOTrE,LIN,individual,4:53725417,4,53725417,6.027681e-09,SORBI_3004G183800,0.642187
13S-HOTrE,LIN,individual,4:53710246,4,53710246,6.027681e-09,SORBI_3004G183800,0.634254
13S-HOTrE,LIN,individual,4:53713995,4,53713995,6.027681e-09,SORBI_3004G183800,0.634254
13S-HOTrE,LIN,individual,4:53719478,4,53719478,6.027681e-09,SORBI_3004G183800,0.634254
13S-HOTrE,LIN,individual,4:53723393,4,53723393,6.027681e-09,SORBI_3004G183800,0.634254
13S-HOTrE,LIN,individual,4:53724337,4,53724337,6.027681e-09,SORBI_3004G183800,0.634254
13S-HOTrE,LIN,individual,4:53710246,4,53710246,6.027681e-09,SORBI_3004G184200,0.623861
13S-HOTrE,LIN,individual,4:53713995,4,53713995,6.027681e-09,SORBI_3004G184200,0.623861
13S-HOTrE,LIN,individual,4:53719478,4,53719478,6.027681e-09,SORBI_3004G184200,0.623861
13S-HOTrE,LIN,individual,4:53723393,4,53723393,6.027681e-09,SORBI_3004G184200,0.623861
13S-HOTrE,LIN,individual,4:53724337,4,53724337,6.027681e-09,SORBI_3004G184200,0.623861
13S-HOTrE,LIN,individual,4:53724144,4,53724144,6.027681e-09,SORBI_3004G184200,0.613743
13S-HOTrE,LIN,individual,4:53725417,4,53725417,6.027681e-09,SORBI_3004G184200,0.613743
13S-HOTrE,LIN,individual,4:53710246,4,53710246,6.027681e-09,SORBI_3004G184200,0.607436
13S-HOTrE,LIN,individual,4:53713995,4,53713995,6.027681e-09,SORBI_3004G184200,0.607436
13S-HOTrE,LIN,individual,4:53719478,4,53719478,6.027681e-09,SORBI_3004G184200,0.607436
13S-HOTrE,LIN,individual,4:53723393,4,53723393,6.027681e-09,SORBI_3004G184200,0.607436
13S-HOTrE,LIN,individual,4:53724337,4,53724337,6.027681e-09,SORBI_3004G184200,0.607436
13S-HOTrE,LIN,individual,4:53724144,4,53724144,6.027681e-09,SORBI_3004G184200,0.596707
13S-HOTrE,LIN,individual,4:53725417,4,53725417,6.027681e-09,SORBI_3004G184200,0.596707
13S-HOTrE,LIN,individual,4:53710246,4,53710246,6.027681e-09,SORBI_3004G183900,0.575422
13S-HOTrE,LIN,individual,4:53713995,4,53713995,6.027681e-09,SORBI_3004G183900,0.575422
13S-HOTrE,LIN,individual,4:53719478,4,53719478,6.027681e-09,SORBI_3004G183900,0.575422
13S-HOTrE,LIN,individual,4:53723393,4,53723393,6.027681e-09,SORBI_3004G183900,0.575422
13S-HOTrE,LIN,individual,4:53724337,4,53724337,6.027681e-09,SORBI_3004G183900,0.575422
13S-HOTrE,LIN,individual,4:53724144,4,53724144,6.027681e-09,SORBI_3004G183900,0.566864
13S-HOTrE,LIN,individual,4:53725417,4,53725417,6.027681e-09,SORBI_3004G183900,0.566864
13S-HOTrE,LIN,individual,4:53710246,4,53710246,6.027681e-09,SORBI_3004G184000,0.547224
13S-HOTrE,LIN,individual,4:53713995,4,53713995,6.027681e-09,SORBI_3004G184000,0.547224
13S-HOTrE,LIN,individual,4:53719478,4,53719478,6.027681e-09,SORBI_3004G184000,0.547224
13S-HOTrE,LIN,individual,4:53723393,4,53723393,6.027681e-09,SORBI_3004G184000,0.547224
13S-HOTrE,LIN,individual,4:53724337,4,53724337,6.027681e-09,SORBI_3004G184000,0.547224
13S-HOTrE,LIN,individual,4:53724144,4,53724144,6.027681e-09,SORBI_3004G184000,0.539075
13S-HOTrE,LIN,individual,4:53725417,4,53725417,6.027681e-09,SORBI_3004G184000,0.539075
13S-HOTrE,LIN,individual,4:53710246,4,53710246,6.027681e-09,SORBI_3004G184200,0.533874
13S-HOTrE,LIN,individual,4:53713995,4,53713995,6.027681e-09,SORBI_3004G184200,0.533874
13S-HOTrE,LIN,individual,4:53719478,4,53719478,6.027681e-09,SORBI_3004G184200,0.533874
13S-HOTrE,LIN,individual,4:53723393,4,53723393,6.027681e-09,SORBI_3004G184200,0.533874
13S-HOTrE,LIN,individual,4:53724337,4,53724337,6.027681e-09,SORBI_3004G184200,0.533874
13S-HOTrE,LIN,individual,4:53710246,4,53710246,6.027681e-09,SORBI_3004G183400,0.53358
13S-HOTrE,LIN,individual,4:53713995,4,53713995,6.027681e-09,SORBI_3004G183400,0.53358
13S-HOTrE,LIN,individual,4:53719478,4,53719478,6.027681e-09,SORBI_3004G183400,0.53358
13S-HOTrE,LIN,individual,4:53723393,4,53723393,6.027681e-09,SORBI_3004G183400,0.53358
13S-HOTrE,LIN,individual,4:53724337,4,53724337,6.027681e-09,SORBI_3004G183400,0.53358
13S-HOTrE,LIN,individual,4:53724144,4,53724144,6.027681e-09,SORBI_3004G184200,0.527302
13S-HOTrE,LIN,individual,4:53725417,4,53725417,6.027681e-09,SORBI_3004G184200,0.527302
13S-HOTrE,LIN,individual,4:53724144,4,53724144,6.027681e-09,SORBI_3004G183400,0.526335
13S-HOTrE,LIN,individual,4:53725417,4,53725417,6.027681e-09,SORBI_3004G183400,0.526335
13S-HOTrE,LIN,individual,4:53724144,4,53724144,6.027681e-09,SORBI_3004G184800,0.491832
13S-HOTrE,LIN,individual,4:53725417,4,53725417,6.027681e-09,SORBI_3004G184800,0.491832
13S-HOTrE,LIN,individual,4:53710246,4,53710246,6.027681e-09,SORBI_3004G183300,0.48729
13S-HOTrE,LIN,individual,4:53713995,4,53713995,6.027681e-09,SORBI_3004G183300,0.48729
13S-HOTrE,LIN,individual,4:53719478,4,53719478,6.027681e-09,SORBI_3004G183300,0.48729
13S-HOTrE,LIN,individual,4:53723393,4,53723393,6.027681e-09,SORBI_3004G183300,0.48729
13S-HOTrE,LIN,individual,4:53724337,4,53724337,6.027681e-09,SORBI_3004G183300,0.48729
13S-HOTrE,LIN,individual,4:53710246,4,53710246,6.027681e-09,SORBI_3004G184101,0.485982
13S-HOTrE,LIN,individual,4:53713995,4,53713995,6.027681e-09,SORBI_3004G184101,0.485982
13S-HOTrE,LIN,individual,4:53719478,4,53719478,6.027681e-09,SORBI_3004G184101,0.485982
13S-HOTrE,LIN,individual,4:53723393,4,53723393,6.027681e-09,SORBI_3004G184101,0.485982
13S-HOTrE,LIN,individual,4:53724337,4,53724337,6.027681e-09,SORBI_3004G184101,0.485982
13S-HOTrE,LIN,individual,4:53724144,4,53724144,6.027681e-09,SORBI_3004G183300,0.481288
13S-HOTrE,LIN,individual,4:53725417,4,53725417,6.027681e-09,SORBI_3004G183300,0.481288
13S-HOTrE,LIN,individual,4:53724144,4,53724144,6.027681e-09,SORBI_3004G184800,0.479956
13S-HOTrE,LIN,individual,4:53725417,4,53725417,6.027681e-09,SORBI_3004G184800,0.479956
13S-HOTrE,LIN,individual,4:53724144,4,53724144,6.027681e-09,SORBI_3004G184101,0.479721
13S-HOTrE,LIN,individual,4:53725417,4,53725417,6.027681e-09,SORBI_3004G184101,0.479721
13S-HOTrE,LIN,individual,4:53710246,4,53710246,6.027681e-09,SORBI_3004G183400,0.479013
13S-HOTrE,LIN,individual,4:53713995,4,53713995,6.027681e-09,SORBI_3004G183400,0.479013
13S-HOTrE,LIN,individual,4:53719478,4,53719478,6.027681e-09,SORBI_3004G183400,0.479013
13S-HOTrE,LIN,individual,4:53723393,4,53723393,6.027681e-09,SORBI_3004G183400,0.479013
13S-HOTrE,LIN,individual,4:53724337,4,53724337,6.027681e-09,SORBI_3004G183400,0.479013
13S-HOTrE,LIN,individual,4:53710246,4,53710246,6.027681e-09,SORBI_3004G184800,0.47253
13S-HOTrE,LIN,individual,4:53713995,4,53713995,6.027681e-09,SORBI_3004G184800,0.47253
13S-HOTrE,LIN,individual,4:53719478,4,53719478,6.027681e-09,SORBI_3004G184800,0.47253
13S-HOTrE,LIN,individual,4:53723393,4,53723393,6.027681e-09,SORBI_3004G184800,0.47253
13S-HOTrE,LIN,individual,4:53724337,4,53724337,6.027681e-09,SORBI_3004G184800,0.47253
13S-HOTrE,LIN,individual,4:53724144,4,53724144,6.027681e-09,SORBI_3004G183400,0.471141
13S-HOTrE,LIN,individual,4:53725417,4,53725417,6.027681e-09,SORBI_3004G183400,0.471141
13S-HOTrE,LIN,individual,4:53724144,4,53724144,6.027681e-09,SORBI_3004G183400,0.467071
13S-HOTrE,LIN,individual,4:53725417,4,53725417,6.027681e-09,SORBI_3004G183400,0.467071
13S-HOTrE,LIN,individual,4:53710246,4,53710246,6.027681e-09,SORBI_3004G183400,0.46496
13S-HOTrE,LIN,individual,4:53713995,4,53713995,6.027681e-09,SORBI_3004G183400,0.46496
13S-HOTrE,LIN,individual,4:53719478,4,53719478,6.027681e-09,SORBI_3004G183400,0.46496
13S-HOTrE,LIN,individual,4:53723393,4,53723393,6.027681e-09,SORBI_3004G183400,0.46496
13S-HOTrE,LIN,individual,4:53724337,4,53724337,6.027681e-09,SORBI_3004G183400,0.46496
13S-HOTrE,LIN,individual,4:53710246,4,53710246,6.027681e-09,SORBI_3004G183600,0.462242
13S-HOTrE,LIN,individual,4:53713995,4,53713995,6.027681e-09,SORBI_3004G183600,0.462242
13S-HOTrE,LIN,individual,4:53719478,4,53719478,6.027681e-09,SORBI_3004G183600,0.462242
13S-HOTrE,LIN,individual,4:53723393,4,53723393,6.027681e-09,SORBI_3004G183600,0.462242
13S-HOTrE,LIN,individual,4:53724337,4,53724337,6.027681e-09,SORBI_3004G183600,0.462242
13S-HOTrE,LIN,individual,4:53710246,4,53710246,6.027681e-09,SORBI_3004G184800,0.461049
13S-HOTrE,LIN,individual,4:53713995,4,53713995,6.027681e-09,SORBI_3004G184800,0.461049
13S-HOTrE,LIN,individual,4:53719478,4,53719478,6.027681e-09,SORBI_3004G184800,0.461049
13S-HOTrE,LIN,individual,4:53723393,4,53723393,6.027681e-09,SORBI_3004G184800,0.461049
13S-HOTrE,LIN,individual,4:53724337,4,53724337,6.027681e-09,SORBI_3004G184800,0.461049
13S-HOTrE,LIN,individual,4:53724144,4,53724144,6.027681e-09,SORBI_3004G184800,0.45698
13S-HOTrE,LIN,individual,4:53725417,4,53725417,6.027681e-09,SORBI_3004G184800,0.45698
13S-HOTrE,LIN,individual,4:53724144,4,53724144,6.027681e-09,SORBI_3004G183600,0.454004
13S-HOTrE,LIN,individual,4:53725417,4,53725417,6.027681e-09,SORBI_3004G183600,0.454004
13S-HOTrE,LIN,individual,4:53710246,4,53710246,6.027681e-09,SORBI_3004G184800,0.438773
13S-HOTrE,LIN,individual,4:53713995,4,53713995,6.027681e-09,SORBI_3004G184800,0.438773
13S-HOTrE,LIN,individual,4:53719478,4,53719478,6.027681e-09,SORBI_3004G184800,0.438773
13S-HOTrE,LIN,individual,4:53723393,4,53723393,6.027681e-09,SORBI_3004G184800,0.438773
13S-HOTrE,LIN,individual,4:53724337,4,53724337,6.027681e-09,SORBI_3004G184800,0.438773
13S-HOTrE,LIN,individual,4:53710246,4,53710246,6.027681e-09,SORBI_3004G183300,0.435065
13S-HOTrE,LIN,individual,4:53713995,4,53713995,6.027681e-09,SORBI_3004G183300,0.435065
13S-HOTrE,LIN,individual,4:53719478,4,53719478,6.027681e-09,SORBI_3004G183300,0.435065
13S-HOTrE,LIN,individual,4:53723393,4,53723393,6.027681e-09,SORBI_3004G183300,0.435065
13S-HOTrE,LIN,individual,4:53724337,4,53724337,6.027681e-09,SORBI_3004G183300,0.435065
13S-HOTrE,LIN,individual,4:53710246,4,53710246,6.027681e-09,SORBI_3004G184200,0.433728
13S-HOTrE,LIN,individual,4:53713995,4,53713995,6.027681e-09,SORBI_3004G184200,0.433728
13S-HOTrE,LIN,individual,4:53719478,4,53719478,6.027681e-09,SORBI_3004G184200,0.433728
13S-HOTrE,LIN,individual,4:53723393,4,53723393,6.027681e-09,SORBI_3004G184200,0.433728
13S-HOTrE,LIN,individual,4:53724337,4,53724337,6.027681e-09,SORBI_3004G184200,0.433728
13S-HOTrE,LIN,individual,4:53724144,4,53724144,6.027681e-09,SORBI_3004G183300,0.429139
13S-HOTrE,LIN,individual,4:53725417,4,53725417,6.027681e-09,SORBI_3004G183300,0.429139
13S-HOTrE,LIN,individual,4:53710246,4,53710246,6.027681e-09,SORBI_3004G183100,0.428449
13S-HOTrE,LIN,individual,4:53713995,4,53713995,6.027681e-09,SORBI_3004G183100,0.428449
13S-HOTrE,LIN,individual,4:53719478,4,53719478,6.027681e-09,SORBI_3004G183100,0.428449
13S-HOTrE,LIN,individual,4:53723393,4,53723393,6.027681e-09,SORBI_3004G183100,0.428449
13S-HOTrE,LIN,individual,4:53724337,4,53724337,6.027681e-09,SORBI_3004G183100,0.428449
13S-HOTrE,LIN,individual,4:53724144,4,53724144,6.027681e-09,SORBI_3004G184200,0.428382
13S-HOTrE,LIN,individual,4:53725417,4,53725417,6.027681e-09,SORBI_3004G184200,0.428382
13S-HOTrE,LIN,individual,4:53724144,4,53724144,6.027681e-09,SORBI_3004G183100,0.422034
13S-HOTrE,LIN,individual,4:53725417,4,53725417,6.027681e-09,SORBI_3004G183100,0.422034
13S-HOTrE,LIN,individual,8:1379374,8,1379374,6.085714e-09,SORBI_3008G016850,1
13S-HOTrE,LIN,individual,8:1379374,8,1379374,6.085714e-09,SORBI_3008G016850,1
13S-HOTrE,LIN,individual,8:1379374,8,1379374,6.085714e-09,SORBI_3008G019000,1
13S-HOTrE,LIN,individual,8:1379374,8,1379374,6.085714e-09,SORBI_3008G017200,0.917699
13S-HOTrE,LIN,individual,8:1379374,8,1379374,6.085714e-09,SORBI_3008G016900,0.703803
13S-HOTrE,LIN,individual,8:1379374,8,1379374,6.085714e-09,SORBI_3008G016850,0.70033
13S-HOTrE,LIN,individual,8:1379374,8,1379374,6.085714e-09,SORBI_3008G016850,0.688317
13S-HOTrE,LIN,individual,8:1379374,8,1379374,6.085714e-09,SORBI_3008G016850,0.684308
13S-HOTrE,LIN,individual,8:1379374,8,1379374,6.085714e-09,SORBI_3008G016900,0.67276
13S-HOTrE,LIN,individual,8:1379374,8,1379374,6.085714e-09,SORBI_3008G016900,0.671564
13S-HOTrE,LIN,individual,8:1379374,8,1379374,6.085714e-09,SORBI_3008G016850,0.661392
13S-HOTrE,LIN,individual,8:1379374,8,1379374,6.085714e-09,SORBI_3008G016900,0.650658
13S-HOTrE,LIN,individual,8:1379374,8,1379374,6.085714e-09,SORBI_3008G016900,0.628436
13S-HOTrE,LIN,individual,8:1379374,8,1379374,6.085714e-09,SORBI_3008G016900,0.597044
13S-HOTrE,LIN,individual,8:1379374,8,1379374,6.085714e-09,SORBI_3008G016250,0.584088
13S-HOTrE,LIN,individual,8:1379374,8,1379374,6.085714e-09,SORBI_3008G016850,0.558624
13S-HOTrE,LIN,individual,8:1379374,8,1379374,6.085714e-09,SORBI_3008G016850,0.556134
13S-HOTrE,LIN,individual,8:1379374,8,1379374,6.085714e-09,SORBI_3008G017100,0.55418
13S-HOTrE,LIN,individual,8:1379374,8,1379374,6.085714e-09,SORBI_3008G017100,0.547016
13S-HOTrE,LIN,individual,8:1379374,8,1379374,6.085714e-09,SORBI_3008G017300,0.529499
13S-HOTrE,LIN,individual,8:1379374,8,1379374,6.085714e-09,SORBI_3008G016850,0.526027
13S-HOTrE,LIN,individual,8:1379374,8,1379374,6.085714e-09,SORBI_3008G015800,0.523031
13S-HOTrE,LIN,individual,8:1379374,8,1379374,6.085714e-09,SORBI_3008G016850,0.51955
13S-HOTrE,LIN,individual,8:1379374,8,1379374,6.085714e-09,SORBI_3008G016850,0.51747
13S-HOTrE,LIN,individual,8:1379374,8,1379374,6.085714e-09,SORBI_3008G016850,0.515595
13S-HOTrE,LIN,individual,8:1379374,8,1379374,6.085714e-09,SORBI_3008G016850,0.515136
13S-HOTrE,LIN,individual,8:1379374,8,1379374,6.085714e-09,SORBI_3008G017300,0.509919
13S-HOTrE,LIN,individual,8:1379374,8,1379374,6.085714e-09,SORBI_3008G017300,0.507446
13S-HOTrE,LIN,individual,8:1379374,8,1379374,6.085714e-09,SORBI_3008G017800,0.504303
13S-HOTrE,LIN,individual,8:1379374,8,1379374,6.085714e-09,SORBI_3008G017100,0.50409
13S-HOTrE,LIN,individual,8:1379374,8,1379374,6.085714e-09,SORBI_3008G017300,0.502862
13S-HOTrE,LIN,individual,8:1379374,8,1379374,6.085714e-09,SORBI_3008G017500,0.502862
13S-HOTrE,LIN,individual,8:1379374,8,1379374,6.085714e-09,SORBI_3008G017100,0.501881
13S-HOTrE,LIN,individual,8:1379374,8,1379374,6.085714e-09,SORBI_3008G017800,0.498093
13S-HOTrE,LIN,individual,8:1379374,8,1379374,6.085714e-09,SORBI_3008G017800,0.492055
13S-HOTrE,LIN,individual,8:1379374,8,1379374,6.085714e-09,SORBI_3008G017800,0.477731
13S-HOTrE,LIN,individual,8:1379374,8,1379374,6.085714e-09,SORBI_3008G016850,0.471167
13S-HOTrE,LIN,individual,8:1379374,8,1379374,6.085714e-09,SORBI_3008G016850,0.469197
13S-HOTrE,LIN,individual,8:1379374,8,1379374,6.085714e-09,SORBI_3008G016850,0.465359
13S-HOTrE,LIN,individual,8:1379374,8,1379374,6.085714e-09,SORBI_3008G016850,0.462209
13S-HOTrE,LIN,individual,8:1379374,8,1379374,6.085714e-09,SORBI_3008G016850,0.461874
13S-HOTrE,LIN,individual,8:1379374,8,1379374,6.085714e-09,SORBI_3008G016850,0.460451
13S-HOTrE,LIN,individual,8:1379374,8,1379374,6.085714e-09,SORBI_3008G016850,0.459939
13S-HOTrE,LIN,individual,8:1379374,8,1379374,6.085714e-09,SORBI_3008G016850,0.459332
13S-HOTrE,LIN,individual,8:1379374,8,1379374,6.085714e-09,SORBI_3008G016850,0.458488
13S-HOTrE,LIN,individual,8:1379374,8,1379374,6.085714e-09,SORBI_3008G016850,0.45831
13S-HOTrE,LIN,individual,8:1379374,8,1379374,6.085714e-09,SORBI_3008G016850,0.458095
13S-HOTrE,LIN,individual,8:1379374,8,1379374,6.085714e-09,SORBI_3008G016850,0.458019
13S-HOTrE,LIN,individual,8:1379374,8,1379374,6.085714e-09,SORBI_3008G016850,0.457714
13S-HOTrE,LIN,individual,8:1379374,8,1379374,6.085714e-09,SORBI_3008G016850,0.456858
13S-HOTrE,LIN,individual,8:1379374,8,1379374,6.085714e-09,SORBI_3008G016850,0.45654
13S-HOTrE,LIN,individual,8:1379374,8,1379374,6.085714e-09,SORBI_3008G016850,0.45618
13S-HOTrE,LIN,individual,8:1379374,8,1379374,6.085714e-09,SORBI_3008G016850,0.456115
13S-HOTrE,LIN,individual,8:1379374,8,1379374,6.085714e-09,SORBI_3008G016850,0.45584
13S-HOTrE,LIN,individual,8:1379374,8,1379374,6.085714e-09,SORBI_3008G016850,0.455653
13S-HOTrE,LIN,individual,8:1379374,8,1379374,6.085714e-09,SORBI_3008G016850,0.455117
13S-HOTrE,LIN,individual,8:1379374,8,1379374,6.085714e-09,SORBI_3008G016850,0.454903
13S-HOTrE,LIN,individual,8:1379374,8,1379374,6.085714e-09,SORBI_3008G016850,0.45473
13S-HOTrE,LIN,individual,8:1379374,8,1379374,6.085714e-09,SORBI_3008G016850,0.454608
13S-HOTrE,LIN,individual,8:1379374,8,1379374,6.085714e-09,SORBI_3008G016850,0.454279
13S-HOTrE,LIN,individual,8:1379374,8,1379374,6.085714e-09,SORBI_3008G016850,0.454226
13S-HOTrE,LIN,individual,8:1379374,8,1379374,6.085714e-09,SORBI_3008G016850,0.453835
13S-HOTrE,LIN,individual,8:1379374,8,1379374,6.085714e-09,SORBI_3008G016850,0.452692
13S-HOTrE,LIN,individual,8:1379374,8,1379374,6.085714e-09,SORBI_3008G016850,0.452641
13S-HOTrE,LIN,individual,8:1379374,8,1379374,6.085714e-09,SORBI_3008G016850,0.450889
13S-HOTrE,LIN,individual,8:1379374,8,1379374,6.085714e-09,SORBI_3008G016850,0.450791
13S-HOTrE,LIN,individual,8:1379374,8,1379374,6.085714e-09,SORBI_3008G016850,0.450742
13S-HOTrE,LIN,individual,8:1379374,8,1379374,6.085714e-09,SORBI_3008G016850,0.448992
13S-HOTrE,LIN,individual,8:1379374,8,1379374,6.085714e-09,SORBI_3008G016850,0.4474
13S-HOTrE,LIN,individual,8:1379374,8,1379374,6.085714e-09,SORBI_3008G016850,0.447332
13S-HOTrE,LIN,individual,8:1379374,8,1379374,6.085714e-09,SORBI_3008G016850,0.44711
13S-HOTrE,LIN,individual,8:1379374,8,1379374,6.085714e-09,SORBI_3008G016850,0.445157
13S-HOTrE,LIN,individual,8:1379374,8,1379374,6.085714e-09,SORBI_3008G016850,0.445015
13S-HOTrE,LIN,individual,8:1379374,8,1379374,6.085714e-09,SORBI_3008G017000,0.443488
13S-HOTrE,LIN,individual,8:1379374,8,1379374,6.085714e-09,SORBI_3008G016850,0.44339
13S-HOTrE,LIN,individual,8:1379374,8,1379374,6.085714e-09,SORBI_3008G016850,0.443325
13S-HOTrE,LIN,individual,8:1379374,8,1379374,6.085714e-09,SORBI_3008G016850,0.443227
13S-HOTrE,LIN,individual,8:1379374,8,1379374,6.085714e-09,SORBI_3008G016850,0.443173
13S-HOTrE,LIN,individual,8:1379374,8,1379374,6.085714e-09,SORBI_3008G016850,0.44286
13S-HOTrE,LIN,individual,8:1379374,8,1379374,6.085714e-09,SORBI_3008G016850,0.442515
13S-HOTrE,LIN,individual,8:1379374,8,1379374,6.085714e-09,SORBI_3008G016850,0.441713
13S-HOTrE,LIN,individual,8:1379374,8,1379374,6.085714e-09,SORBI_3008G016850,0.441388
13S-HOTrE,LIN,individual,8:1379374,8,1379374,6.085714e-09,SORBI_3008G016850,0.440249
13S-HOTrE,LIN,individual,8:1379374,8,1379374,6.085714e-09,SORBI_3008G016900,0.439925
13S-HOTrE,LIN,individual,8:1379374,8,1379374,6.085714e-09,SORBI_3008G016850,0.43837
13S-HOTrE,LIN,individual,8:1379374,8,1379374,6.085714e-09,SORBI_3008G016850,0.437755
13S-HOTrE,LIN,individual,8:1379374,8,1379374,6.085714e-09,SORBI_3008G016850,0.436935
13S-HOTrE,LIN,individual,8:1379374,8,1379374,6.085714e-09,SORBI_3008G016850,0.434543
13S-HOTrE,LIN,individual,8:1379374,8,1379374,6.085714e-09,SORBI_3008G016850,0.431961
13S-HOTrE,LIN,individual,8:1379374,8,1379374,6.085714e-09,SORBI_3008G016850,0.431618
13S-HOTrE,LIN,individual,8:1379374,8,1379374,6.085714e-09,SORBI_3008G016850,0.431541
13S-HOTrE,LIN,individual,8:1379374,8,1379374,6.085714e-09,SORBI_3008G016850,0.429665
13S-HOTrE,LIN,individual,8:1379374,8,1379374,6.085714e-09,SORBI_3008G016850,0.426673
13S-HOTrE,LIN,individual,8:1379374,8,1379374,6.085714e-09,SORBI_3008G016850,0.425582
13S-HOTrE,LIN,individual,8:1379374,8,1379374,6.085714e-09,SORBI_3008G016850,0.424429
13S-HOTrE,LIN,individual,8:1379374,8,1379374,6.085714e-09,SORBI_3008G016850,0.423922
13S-HOTrE,LIN,individual,8:1379374,8,1379374,6.085714e-09,SORBI_3008G017850,0.423613
13S-HOTrE,LIN,individual,8:1379374,8,1379374,6.085714e-09,SORBI_3008G016850,0.422293
13S-HOTrE,LIN,individual,8:1379374,8,1379374,6.085714e-09,SORBI_3008G016850,0.421017
13S-HOTrE,LIN,individual,8:1379374,8,1379374,6.085714e-09,SORBI_3008G016850,0.420994
13S-HOTrE,LIN,individual,8:1379374,8,1379374,6.085714e-09,SORBI_3008G016850,0.419524
13S-HOTrE,LIN,individual,8:1379374,8,1379374,6.085714e-09,SORBI_3008G016900,0.415719
13S-HOTrE,LIN,individual,8:1379374,8,1379374,6.085714e-09,SORBI_3008G016900,0.415622
13S-HOTrE,LIN,individual,8:1379374,8,1379374,6.085714e-09,SORBI_3008G016900,0.41396
13S-HOTrE,LIN,individual,8:1379374,8,1379374,6.085714e-09,SORBI_3008G016850,0.410867
13S-HOTrE,LIN,individual,8:1379374,8,1379374,6.085714e-09,SORBI_3008G016900,0.410847
13S-HOTrE,LIN,individual,8:1379374,8,1379374,6.085714e-09,SORBI_3008G018100,0.41068
13S-HOTrE,LIN,individual,8:1379374,8,1379374,6.085714e-09,SORBI_3008G016900,0.410673
13S-HOTrE,LIN,individual,8:1379374,8,1379374,6.085714e-09,SORBI_3008G016850,0.407015
13S-HOTrE,LIN,individual,8:1379374,8,1379374,6.085714e-09,SORBI_3008G016850,0.406893
13S-HOTrE,LIN,individual,8:1379374,8,1379374,6.085714e-09,SORBI_3008G016900,0.405872
13S-HOTrE,LIN,individual,8:1379374,8,1379374,6.085714e-09,SORBI_3008G016850,0.404615
13S-HOTrE,LIN,individual,8:1379374,8,1379374,6.085714e-09,SORBI_3008G016900,0.404274
13S-HOTrE,LIN,individual,8:1379374,8,1379374,6.085714e-09,SORBI_3008G016900,0.402688
13S-HOTrE,LIN,individual,8:1379374,8,1379374,6.085714e-09,SORBI_3008G016850,0.400498
13S-HOTrE,LIN,individual,8:1379374,8,1379374,6.085714e-09,SORBI_3008G019000,0.4
13S-HOTrE,LIN,individual,3:69049356,3,69049356,6.175034e-09,SORBI_3003G375900,0.931337
13S-HOTrE,LIN,individual,3:69049356,3,69049356,6.175034e-09,SORBI_3003G375900,0.922026
13S-HOTrE,LIN,individual,3:69049356,3,69049356,6.175034e-09,SORBI_3003G375900,0.920742
13S-HOTrE,LIN,individual,3:69049356,3,69049356,6.175034e-09,SORBI_3003G375900,0.911258
13S-HOTrE,LIN,individual,3:69049356,3,69049356,6.175034e-09,SORBI_3003G375900,0.900652
13S-HOTrE,LIN,individual,3:69049356,3,69049356,6.175034e-09,SORBI_3003G375800,0.891597
13S-HOTrE,LIN,individual,3:69049356,3,69049356,6.175034e-09,SORBI_3003G375800,0.881035
13S-HOTrE,LIN,individual,3:69049356,3,69049356,6.175034e-09,SORBI_3003G375900,0.79157
13S-HOTrE,LIN,individual,3:69049356,3,69049356,6.175034e-09,SORBI_3003G376000,0.738413
13S-HOTrE,LIN,individual,3:69049356,3,69049356,6.175034e-09,SORBI_3003G375500,0.733146
13S-HOTrE,LIN,individual,3:69049356,3,69049356,6.175034e-09,SORBI_3003G375500,0.728495
13S-HOTrE,LIN,individual,3:69049356,3,69049356,6.175034e-09,SORBI_3003G375300,0.724252
13S-HOTrE,LIN,individual,3:69049356,3,69049356,6.175034e-09,SORBI_3003G375400,0.711876
13S-HOTrE,LIN,individual,3:69049356,3,69049356,6.175034e-09,SORBI_3003G375400,0.699559
13S-HOTrE,LIN,individual,3:69049356,3,69049356,6.175034e-09,SORBI_3003G376000,0.65347
13S-HOTrE,LIN,individual,3:69049356,3,69049356,6.175034e-09,SORBI_3003G375900,0.635949
13S-HOTrE,LIN,individual,3:69049356,3,69049356,6.175034e-09,SORBI_3003G373900,0.629536
13S-HOTrE,LIN,individual,3:69049356,3,69049356,6.175034e-09,SORBI_3003G375700,0.594237
13S-HOTrE,LIN,individual,3:69049356,3,69049356,6.175034e-09,SORBI_3003G375700,0.593779
13S-HOTrE,LIN,individual,3:69049356,3,69049356,6.175034e-09,SORBI_3003G374000,0.591713
13S-HOTrE,LIN,individual,3:69049356,3,69049356,6.175034e-09,SORBI_3003G374100,0.576698
13S-HOTrE,LIN,individual,3:69049356,3,69049356,6.175034e-09,SORBI_3003G375700,0.575414
13S-HOTrE,LIN,individual,3:69049356,3,69049356,6.175034e-09,SORBI_3003G374100,0.55416
13S-HOTrE,LIN,individual,3:69049356,3,69049356,6.175034e-09,SORBI_3003G374200,0.55416
13S-HOTrE,LIN,individual,3:69049356,3,69049356,6.175034e-09,SORBI_3003G374000,0.550951
13S-HOTrE,LIN,individual,3:69049356,3,69049356,6.175034e-09,SORBI_3003G374200,0.542461
13S-HOTrE,LIN,individual,3:69049356,3,69049356,6.175034e-09,SORBI_3003G374200,0.530858
13S-HOTrE,LIN,individual,3:69049356,3,69049356,6.175034e-09,SORBI_3003G374500,0.518932
13S-HOTrE,LIN,individual,3:69049356,3,69049356,6.175034e-09,SORBI_3003G373500,0.509216
13S-HOTrE,LIN,individual,3:69049356,3,69049356,6.175034e-09,SORBI_3003G374600,0.508611
13S-HOTrE,LIN,individual,3:69049356,3,69049356,6.175034e-09,SORBI_3003G374500,0.506744
13S-HOTrE,LIN,individual,3:69049356,3,69049356,6.175034e-09,SORBI_3003G374600,0.500243
13S-HOTrE,LIN,individual,3:69049356,3,69049356,6.175034e-09,SORBI_3003G374700,0.500243
13S-HOTrE,LIN,individual,3:69049356,3,69049356,6.175034e-09,SORBI_3003G375000,0.500243
13S-HOTrE,LIN,individual,3:69049356,3,69049356,6.175034e-09,SORBI_3003G375200,0.500243
13S-HOTrE,LIN,individual,3:69049356,3,69049356,6.175034e-09,SORBI_3003G376000,0.499616
13S-HOTrE,LIN,individual,3:69049356,3,69049356,6.175034e-09,SORBI_3003G375200,0.496579
13S-HOTrE,LIN,individual,3:69049356,3,69049356,6.175034e-09,SORBI_3003G375200,0.49378
13S-HOTrE,LIN,individual,3:69049356,3,69049356,6.175034e-09,SORBI_3003G372750,0.490072
13S-HOTrE,LIN,individual,3:69049356,3,69049356,6.175034e-09,SORBI_3003G375200,0.487871
13S-HOTrE,LIN,individual,3:69049356,3,69049356,6.175034e-09,SORBI_3003G373600,0.484891
13S-HOTrE,LIN,individual,3:69049356,3,69049356,6.175034e-09,SORBI_3003G374850,0.476657
13S-HOTrE,LIN,individual,3:69049356,3,69049356,6.175034e-09,SORBI_3003G373600,0.472039
13S-HOTrE,LIN,individual,3:69049356,3,69049356,6.175034e-09,SORBI_3003G373500,0.466413
13S-HOTrE,LIN,individual,3:69049356,3,69049356,6.175034e-09,SORBI_3003G373500,0.461892
13S-HOTrE,LIN,individual,3:69049356,3,69049356,6.175034e-09,SORBI_3003G373600,0.459209
13S-HOTrE,LIN,individual,3:69049356,3,69049356,6.175034e-09,SORBI_3003G376800,0.458295
13S-HOTrE,LIN,individual,3:69049356,3,69049356,6.175034e-09,SORBI_3003G372800,0.452843
13S-HOTrE,LIN,individual,3:69049356,3,69049356,6.175034e-09,SORBI_3003G372850,0.452843
13S-HOTrE,LIN,individual,3:69049356,3,69049356,6.175034e-09,SORBI_3003G376800,0.451735
13S-HOTrE,LIN,individual,3:69049356,3,69049356,6.175034e-09,SORBI_3003G374700,0.434935
13S-HOTrE,LIN,individual,3:69049356,3,69049356,6.175034e-09,SORBI_3003G373100,0.401342
13S-HOTrE,LIN,individual,3:69049356,3,69049356,6.175034e-09,SORBI_3003G373100,0.400789
13S-HOTrE,LIN,individual,8:47723341,8,47723341,6.182448e-09,SORBI_3008G101000,0.669109
13S-HOTrE,LIN,individual,8:47723341,8,47723341,6.182448e-09,SORBI_3008G101200,0.653738
13S-HOTrE,LIN,individual,8:47723341,8,47723341,6.182448e-09,SORBI_3008G101000,0.639586
13S-HOTrE,LIN,individual,8:47723341,8,47723341,6.182448e-09,SORBI_3008G101200,0.633762
13S-HOTrE,LIN,individual,8:47723341,8,47723341,6.182448e-09,SORBI_3008G101000,0.629945
13S-HOTrE,LIN,individual,8:47723341,8,47723341,6.182448e-09,SORBI_3008G101200,0.628581
13S-HOTrE,LIN,individual,8:47723341,8,47723341,6.182448e-09,SORBI_3008G101200,0.627082
13S-HOTrE,LIN,individual,8:47723341,8,47723341,6.182448e-09,SORBI_3008G101000,0.620008
13S-HOTrE,LIN,individual,8:47723341,8,47723341,6.182448e-09,SORBI_3008G101200,0.607105
13S-HOTrE,LIN,individual,8:47723341,8,47723341,6.182448e-09,SORBI_3008G101000,0.59961
13S-HOTrE,LIN,individual,8:47723341,8,47723341,6.182448e-09,SORBI_3008G101200,0.597047
13S-HOTrE,LIN,individual,8:47723341,8,47723341,6.182448e-09,SORBI_3008G101000,0.595753
13S-HOTrE,LIN,individual,8:47723341,8,47723341,6.182448e-09,SORBI_3008G101000,0.588066
13S-HOTrE,LIN,individual,8:47723341,8,47723341,6.182448e-09,SORBI_3008G101200,0.587598
13S-HOTrE,LIN,individual,8:47723341,8,47723341,6.182448e-09,SORBI_3008G101000,0.587059
13S-HOTrE,LIN,individual,8:47723341,8,47723341,6.182448e-09,SORBI_3008G101200,0.586931
13S-HOTrE,LIN,individual,8:47723341,8,47723341,6.182448e-09,SORBI_3008G101100,0.582521
13S-HOTrE,LIN,individual,8:47723341,8,47723341,6.182448e-09,SORBI_3008G101000,0.578703
13S-HOTrE,LIN,individual,8:47723341,8,47723341,6.182448e-09,SORBI_3008G101100,0.57588
13S-HOTrE,LIN,individual,8:47723341,8,47723341,6.182448e-09,SORBI_3008G101000,0.57583
13S-HOTrE,LIN,individual,8:47723341,8,47723341,6.182448e-09,SORBI_3008G101100,0.571396
13S-HOTrE,LIN,individual,8:47723341,8,47723341,6.182448e-09,SORBI_3008G101000,0.571086
13S-HOTrE,LIN,individual,8:47723341,8,47723341,6.182448e-09,SORBI_3008G100600,0.569613
13S-HOTrE,LIN,individual,8:47723341,8,47723341,6.182448e-09,SORBI_3008G100700,0.569613
13S-HOTrE,LIN,individual,8:47723341,8,47723341,6.182448e-09,SORBI_3008G100801,0.569613
13S-HOTrE,LIN,individual,8:47723341,8,47723341,6.182448e-09,SORBI_3008G100900,0.569613
13S-HOTrE,LIN,individual,8:47723341,8,47723341,6.182448e-09,SORBI_3008G100950,0.569613
13S-HOTrE,LIN,individual,8:47723341,8,47723341,6.182448e-09,SORBI_3008G100700,0.568667
13S-HOTrE,LIN,individual,8:47723341,8,47723341,6.182448e-09,SORBI_3008G101000,0.568588
13S-HOTrE,LIN,individual,8:47723341,8,47723341,6.182448e-09,SORBI_3008G100700,0.567945
13S-HOTrE,LIN,individual,8:47723341,8,47723341,6.182448e-09,SORBI_3008G101000,0.567667
13S-HOTrE,LIN,individual,8:47723341,8,47723341,6.182448e-09,SORBI_3008G100700,0.567469
13S-HOTrE,LIN,individual,8:47723341,8,47723341,6.182448e-09,SORBI_3008G100801,0.567469
13S-HOTrE,LIN,individual,8:47723341,8,47723341,6.182448e-09,SORBI_3008G101000,0.567469
13S-HOTrE,LIN,individual,8:47723341,8,47723341,6.182448e-09,SORBI_3008G101200,0.567469
13S-HOTrE,LIN,individual,8:47723341,8,47723341,6.182448e-09,SORBI_3008G101000,0.567391
13S-HOTrE,LIN,individual,8:47723341,8,47723341,6.182448e-09,SORBI_3008G101000,0.567181
13S-HOTrE,LIN,individual,8:47723341,8,47723341,6.182448e-09,SORBI_3008G101000,0.564503
13S-HOTrE,LIN,individual,8:47723341,8,47723341,6.182448e-09,SORBI_3008G100700,0.56147
13S-HOTrE,LIN,individual,8:47723341,8,47723341,6.182448e-09,SORBI_3008G101000,0.561178
13S-HOTrE,LIN,individual,8:47723341,8,47723341,6.182448e-09,SORBI_3008G101000,0.557945
13S-HOTrE,LIN,individual,8:47723341,8,47723341,6.182448e-09,SORBI_3008G100600,0.552601
13S-HOTrE,LIN,individual,8:47723341,8,47723341,6.182448e-09,SORBI_3008G100700,0.552601
13S-HOTrE,LIN,individual,8:47723341,8,47723341,6.182448e-09,SORBI_3008G100801,0.552601
13S-HOTrE,LIN,individual,8:47723341,8,47723341,6.182448e-09,SORBI_3008G100900,0.552601
13S-HOTrE,LIN,individual,8:47723341,8,47723341,6.182448e-09,SORBI_3008G100950,0.552601
13S-HOTrE,LIN,individual,8:47723341,8,47723341,6.182448e-09,SORBI_3008G101000,0.552601
13S-HOTrE,LIN,individual,8:47723341,8,47723341,6.182448e-09,SORBI_3008G101100,0.552601
13S-HOTrE,LIN,individual,8:47723341,8,47723341,6.182448e-09,SORBI_3008G101200,0.552601
13S-HOTrE,LIN,individual,8:47723341,8,47723341,6.182448e-09,SORBI_3008G100700,0.552519
13S-HOTrE,LIN,individual,8:47723341,8,47723341,6.182448e-09,SORBI_3008G101000,0.552519
13S-HOTrE,LIN,individual,8:47723341,8,47723341,6.182448e-09,SORBI_3008G100700,0.551226
13S-HOTrE,LIN,individual,8:47723341,8,47723341,6.182448e-09,SORBI_3008G100801,0.551226
13S-HOTrE,LIN,individual,8:47723341,8,47723341,6.182448e-09,SORBI_3008G101000,0.551226
13S-HOTrE,LIN,individual,8:47723341,8,47723341,6.182448e-09,SORBI_3008G101100,0.551226
13S-HOTrE,LIN,individual,8:47723341,8,47723341,6.182448e-09,SORBI_3008G101000,0.551144
13S-HOTrE,LIN,individual,8:47723341,8,47723341,6.182448e-09,SORBI_3008G100700,0.550045
13S-HOTrE,LIN,individual,8:47723341,8,47723341,6.182448e-09,SORBI_3008G100801,0.550045
13S-HOTrE,LIN,individual,8:47723341,8,47723341,6.182448e-09,SORBI_3008G100700,0.549075
13S-HOTrE,LIN,individual,8:47723341,8,47723341,6.182448e-09,SORBI_3008G100950,0.549075
13S-HOTrE,LIN,individual,8:47723341,8,47723341,6.182448e-09,SORBI_3008G101200,0.549075
13S-HOTrE,LIN,individual,8:47723341,8,47723341,6.182448e-09,SORBI_3008G101000,0.548994
13S-HOTrE,LIN,individual,8:47723341,8,47723341,6.182448e-09,SORBI_3008G101000,0.548334
13S-HOTrE,LIN,individual,8:47723341,8,47723341,6.182448e-09,SORBI_3008G101100,0.548334
13S-HOTrE,LIN,individual,8:47723341,8,47723341,6.182448e-09,SORBI_3008G101000,0.548254
13S-HOTrE,LIN,individual,8:47723341,8,47723341,6.182448e-09,SORBI_3008G101100,0.548119
13S-HOTrE,LIN,individual,8:47723341,8,47723341,6.182448e-09,SORBI_3008G101200,0.548119
13S-HOTrE,LIN,individual,8:47723341,8,47723341,6.182448e-09,SORBI_3008G101100,0.548039
13S-HOTrE,LIN,individual,8:47723341,8,47723341,6.182448e-09,SORBI_3008G101200,0.547843
13S-HOTrE,LIN,individual,8:47723341,8,47723341,6.182448e-09,SORBI_3008G101000,0.547628
13S-HOTrE,LIN,individual,8:47723341,8,47723341,6.182448e-09,SORBI_3008G101200,0.547626
13S-HOTrE,LIN,individual,8:47723341,8,47723341,6.182448e-09,SORBI_3008G101000,0.547546
13S-HOTrE,LIN,individual,8:47723341,8,47723341,6.182448e-09,SORBI_3008G100700,0.546761
13S-HOTrE,LIN,individual,8:47723341,8,47723341,6.182448e-09,SORBI_3008G100801,0.546761
13S-HOTrE,LIN,individual,8:47723341,8,47723341,6.182448e-09,SORBI_3008G101100,0.546761
13S-HOTrE,LIN,individual,8:47723341,8,47723341,6.182448e-09,SORBI_3008G101200,0.546425
13S-HOTrE,LIN,individual,8:47723341,8,47723341,6.182448e-09,SORBI_3008G101200,0.546349
13S-HOTrE,LIN,individual,8:47723341,8,47723341,6.182448e-09,SORBI_3008G100700,0.545243
13S-HOTrE,LIN,individual,8:47723341,8,47723341,6.182448e-09,SORBI_3008G100801,0.545243
13S-HOTrE,LIN,individual,8:47723341,8,47723341,6.182448e-09,SORBI_3008G101100,0.544941
13S-HOTrE,LIN,individual,8:47723341,8,47723341,6.182448e-09,SORBI_3008G100700,0.54391
13S-HOTrE,LIN,individual,8:47723341,8,47723341,6.182448e-09,SORBI_3008G100700,0.542778
13S-HOTrE,LIN,individual,8:47723341,8,47723341,6.182448e-09,SORBI_3008G101200,0.542778
13S-HOTrE,LIN,individual,8:47723341,8,47723341,6.182448e-09,SORBI_3008G101000,0.542695
13S-HOTrE,LIN,individual,8:47723341,8,47723341,6.182448e-09,SORBI_3008G100700,0.541863
13S-HOTrE,LIN,individual,8:47723341,8,47723341,6.182448e-09,SORBI_3008G101000,0.539371
13S-HOTrE,LIN,individual,8:47723341,8,47723341,6.182448e-09,SORBI_3008G101100,0.539075
13S-HOTrE,LIN,individual,8:47723341,8,47723341,6.182448e-09,SORBI_3008G101100,0.538337
13S-HOTrE,LIN,individual,8:47723341,8,47723341,6.182448e-09,SORBI_3008G101000,0.536641
13S-HOTrE,LIN,individual,8:47723341,8,47723341,6.182448e-09,SORBI_3008G101200,0.536608
13S-HOTrE,LIN,individual,8:47723341,8,47723341,6.182448e-09,SORBI_3008G101100,0.536496
13S-HOTrE,LIN,individual,8:47723341,8,47723341,6.182448e-09,SORBI_3008G101200,0.536321
13S-HOTrE,LIN,individual,8:47723341,8,47723341,6.182448e-09,SORBI_3008G101200,0.535375
13S-HOTrE,LIN,individual,8:47723341,8,47723341,6.182448e-09,SORBI_3008G101200,0.535314
13S-HOTrE,LIN,individual,8:47723341,8,47723341,6.182448e-09,SORBI_3008G101200,0.533354
13S-HOTrE,LIN,individual,8:47723341,8,47723341,6.182448e-09,SORBI_3008G100700,0.53314
13S-HOTrE,LIN,individual,8:47723341,8,47723341,6.182448e-09,SORBI_3008G100801,0.53314
13S-HOTrE,LIN,individual,8:47723341,8,47723341,6.182448e-09,SORBI_3008G100900,0.53314
13S-HOTrE,LIN,individual,8:47723341,8,47723341,6.182448e-09,SORBI_3008G101100,0.53314
13S-HOTrE,LIN,individual,8:47723341,8,47723341,6.182448e-09,SORBI_3008G101200,0.53314
13S-HOTrE,LIN,individual,8:47723341,8,47723341,6.182448e-09,SORBI_3008G100700,0.531733
13S-HOTrE,LIN,individual,8:47723341,8,47723341,6.182448e-09,SORBI_3008G101100,0.531733
13S-HOTrE,LIN,individual,8:47723341,8,47723341,6.182448e-09,SORBI_3008G101000,0.531649
13S-HOTrE,LIN,individual,8:47723341,8,47723341,6.182448e-09,SORBI_3008G101100,0.530928
13S-HOTrE,LIN,individual,8:47723341,8,47723341,6.182448e-09,SORBI_3008G101000,0.530842
13S-HOTrE,LIN,individual,8:47723341,8,47723341,6.182448e-09,SORBI_3008G101100,0.53068
13S-HOTrE,LIN,individual,8:47723341,8,47723341,6.182448e-09,SORBI_3008G101100,0.530524
13S-HOTrE,LIN,individual,8:47723341,8,47723341,6.182448e-09,SORBI_3008G101000,0.53044
13S-HOTrE,LIN,individual,8:47723341,8,47723341,6.182448e-09,SORBI_3008G101000,0.529445
13S-HOTrE,LIN,individual,8:47723341,8,47723341,6.182448e-09,SORBI_3008G101200,0.529251
13S-HOTrE,LIN,individual,8:47723341,8,47723341,6.182448e-09,SORBI_3008G100950,0.528766
13S-HOTrE,LIN,individual,8:47723341,8,47723341,6.182448e-09,SORBI_3008G101000,0.528766
13S-HOTrE,LIN,individual,8:47723341,8,47723341,6.182448e-09,SORBI_3008G101100,0.528766
13S-HOTrE,LIN,individual,8:47723341,8,47723341,6.182448e-09,SORBI_3008G101000,0.52866
13S-HOTrE,LIN,individual,8:47723341,8,47723341,6.182448e-09,SORBI_3008G101100,0.52853
13S-HOTrE,LIN,individual,8:47723341,8,47723341,6.182448e-09,SORBI_3008G101100,0.528259
13S-HOTrE,LIN,individual,8:47723341,8,47723341,6.182448e-09,SORBI_3008G101100,0.528111
13S-HOTrE,LIN,individual,8:47723341,8,47723341,6.182448e-09,SORBI_3008G101000,0.528031
13S-HOTrE,LIN,individual,8:47723341,8,47723341,6.182448e-09,SORBI_3008G100700,0.527319
13S-HOTrE,LIN,individual,8:47723341,8,47723341,6.182448e-09,SORBI_3008G101100,0.5269
13S-HOTrE,LIN,individual,8:47723341,8,47723341,6.182448e-09,SORBI_3008G101200,0.5269
13S-HOTrE,LIN,individual,8:47723341,8,47723341,6.182448e-09,SORBI_3008G100700,0.525767
13S-HOTrE,LIN,individual,8:47723341,8,47723341,6.182448e-09,SORBI_3008G101000,0.525605
13S-HOTrE,LIN,individual,8:47723341,8,47723341,6.182448e-09,SORBI_3008G101200,0.525605
13S-HOTrE,LIN,individual,8:47723341,8,47723341,6.182448e-09,SORBI_3008G101100,0.525276
13S-HOTrE,LIN,individual,8:47723341,8,47723341,6.182448e-09,SORBI_3008G100700,0.524402
13S-HOTrE,LIN,individual,8:47723341,8,47723341,6.182448e-09,SORBI_3008G101000,0.523119
13S-HOTrE,LIN,individual,8:47723341,8,47723341,6.182448e-09,SORBI_3008G101100,0.522301
13S-HOTrE,LIN,individual,8:47723341,8,47723341,6.182448e-09,SORBI_3008G101200,0.520422
13S-HOTrE,LIN,individual,8:47723341,8,47723341,6.182448e-09,SORBI_3008G100700,0.519918
13S-HOTrE,LIN,individual,8:47723341,8,47723341,6.182448e-09,SORBI_3008G101000,0.519336
13S-HOTrE,LIN,individual,8:47723341,8,47723341,6.182448e-09,SORBI_3008G101100,0.516624
13S-HOTrE,LIN,individual,8:47723341,8,47723341,6.182448e-09,SORBI_3008G101100,0.51544
13S-HOTrE,LIN,individual,8:47723341,8,47723341,6.182448e-09,SORBI_3008G101200,0.51544
13S-HOTrE,LIN,individual,8:47723341,8,47723341,6.182448e-09,SORBI_3008G101200,0.513731
13S-HOTrE,LIN,individual,8:47723341,8,47723341,6.182448e-09,SORBI_3008G101100,0.512291
13S-HOTrE,LIN,individual,8:47723341,8,47723341,6.182448e-09,SORBI_3008G101200,0.512291
13S-HOTrE,LIN,individual,8:47723341,8,47723341,6.182448e-09,SORBI_3008G101000,0.511789
13S-HOTrE,LIN,individual,8:47723341,8,47723341,6.182448e-09,SORBI_3008G101200,0.511378
13S-HOTrE,LIN,individual,8:47723341,8,47723341,6.182448e-09,SORBI_3008G101200,0.511185
13S-HOTrE,LIN,individual,8:47723341,8,47723341,6.182448e-09,SORBI_3008G101100,0.51105
13S-HOTrE,LIN,individual,8:47723341,8,47723341,6.182448e-09,SORBI_3008G101200,0.510026
13S-HOTrE,LIN,individual,8:47723341,8,47723341,6.182448e-09,SORBI_3008G101200,0.508978
13S-HOTrE,LIN,individual,8:47723341,8,47723341,6.182448e-09,SORBI_3008G101100,0.50883
13S-HOTrE,LIN,individual,8:47723341,8,47723341,6.182448e-09,SORBI_3008G101100,0.508714
13S-HOTrE,LIN,individual,8:47723341,8,47723341,6.182448e-09,SORBI_3008G101100,0.508675
13S-HOTrE,LIN,individual,8:47723341,8,47723341,6.182448e-09,SORBI_3008G101200,0.505895
13S-HOTrE,LIN,individual,8:47723341,8,47723341,6.182448e-09,SORBI_3008G101100,0.503486
13S-HOTrE,LIN,individual,8:47723341,8,47723341,6.182448e-09,SORBI_3008G101100,0.50158
13S-HOTrE,LIN,individual,8:47723341,8,47723341,6.182448e-09,SORBI_3008G101200,0.501456
13S-HOTrE,LIN,individual,8:47723341,8,47723341,6.182448e-09,SORBI_3008G101000,0.499249
13S-HOTrE,LIN,individual,8:47723341,8,47723341,6.182448e-09,SORBI_3008G101100,0.49878
13S-HOTrE,LIN,individual,8:47723341,8,47723341,6.182448e-09,SORBI_3008G101200,0.497219
13S-HOTrE,LIN,individual,8:47723341,8,47723341,6.182448e-09,SORBI_3008G101200,0.491591
13S-HOTrE,LIN,individual,8:47723341,8,47723341,6.182448e-09,SORBI_3008G101100,0.49057
13S-HOTrE,LIN,individual,8:47723341,8,47723341,6.182448e-09,SORBI_3008G101200,0.490547
13S-HOTrE,LIN,individual,8:47723341,8,47723341,6.182448e-09,SORBI_3008G101000,0.489856
13S-HOTrE,LIN,individual,8:47723341,8,47723341,6.182448e-09,SORBI_3008G100950,0.489758
13S-HOTrE,LIN,individual,8:47723341,8,47723341,6.182448e-09,SORBI_3008G101100,0.489758
13S-HOTrE,LIN,individual,8:47723341,8,47723341,6.182448e-09,SORBI_3008G100700,0.4886
13S-HOTrE,LIN,individual,8:47723341,8,47723341,6.182448e-09,SORBI_3008G100900,0.4886
13S-HOTrE,LIN,individual,8:47723341,8,47723341,6.182448e-09,SORBI_3008G101100,0.488318
13S-HOTrE,LIN,individual,8:47723341,8,47723341,6.182448e-09,SORBI_3008G101100,0.484342
13S-HOTrE,LIN,individual,8:47723341,8,47723341,6.182448e-09,SORBI_3008G101000,0.482782
13S-HOTrE,LIN,individual,8:47723341,8,47723341,6.182448e-09,SORBI_3008G100950,0.482015
13S-HOTrE,LIN,individual,8:47723341,8,47723341,6.182448e-09,SORBI_3008G101000,0.479783
13S-HOTrE,LIN,individual,8:47723341,8,47723341,6.182448e-09,SORBI_3008G100950,0.479012
13S-HOTrE,LIN,individual,8:47723341,8,47723341,6.182448e-09,SORBI_3008G101200,0.478822
13S-HOTrE,LIN,individual,8:47723341,8,47723341,6.182448e-09,SORBI_3008G100950,0.477765
13S-HOTrE,LIN,individual,8:47723341,8,47723341,6.182448e-09,SORBI_3008G101200,0.477009
13S-HOTrE,LIN,individual,8:47723341,8,47723341,6.182448e-09,SORBI_3008G101000,0.476522
13S-HOTrE,LIN,individual,8:47723341,8,47723341,6.182448e-09,SORBI_3008G101100,0.476217
13S-HOTrE,LIN,individual,8:47723341,8,47723341,6.182448e-09,SORBI_3008G101200,0.476217
13S-HOTrE,LIN,individual,8:47723341,8,47723341,6.182448e-09,SORBI_3008G101100,0.472249
13S-HOTrE,LIN,individual,8:47723341,8,47723341,6.182448e-09,SORBI_3008G100950,0.469669
13S-HOTrE,LIN,individual,8:47723341,8,47723341,6.182448e-09,SORBI_3008G101100,0.467561
13S-HOTrE,LIN,individual,8:47723341,8,47723341,6.182448e-09,SORBI_3008G100600,0.465648
13S-HOTrE,LIN,individual,8:47723341,8,47723341,6.182448e-09,SORBI_3008G100600,0.464273
13S-HOTrE,LIN,individual,8:47723341,8,47723341,6.182448e-09,SORBI_3008G101200,0.463264
13S-HOTrE,LIN,individual,8:47723341,8,47723341,6.182448e-09,SORBI_3008G101200,0.46283
13S-HOTrE,LIN,individual,8:47723341,8,47723341,6.182448e-09,SORBI_3008G101100,0.462607
13S-HOTrE,LIN,individual,8:47723341,8,47723341,6.182448e-09,SORBI_3008G101100,0.460667
13S-HOTrE,LIN,individual,8:47723341,8,47723341,6.182448e-09,SORBI_3008G101100,0.458982
13S-HOTrE,LIN,individual,8:47723341,8,47723341,6.182448e-09,SORBI_3008G100950,0.458759
13S-HOTrE,LIN,individual,8:47723341,8,47723341,6.182448e-09,SORBI_3008G101200,0.458525
13S-HOTrE,LIN,individual,8:47723341,8,47723341,6.182448e-09,SORBI_3008G100950,0.458292
13S-HOTrE,LIN,individual,8:47723341,8,47723341,6.182448e-09,SORBI_3008G100600,0.457528
13S-HOTrE,LIN,individual,8:47723341,8,47723341,6.182448e-09,SORBI_3008G101000,0.455941
13S-HOTrE,LIN,individual,8:47723341,8,47723341,6.182448e-09,SORBI_3008G101100,0.455456
13S-HOTrE,LIN,individual,8:47723341,8,47723341,6.182448e-09,SORBI_3008G101100,0.450024
13S-HOTrE,LIN,individual,8:47723341,8,47723341,6.182448e-09,SORBI_3008G101000,0.448199
13S-HOTrE,LIN,individual,8:47723341,8,47723341,6.182448e-09,SORBI_3008G101000,0.448025
13S-HOTrE,LIN,individual,8:47723341,8,47723341,6.182448e-09,SORBI_3008G101000,0.446458
13S-HOTrE,LIN,individual,8:47723341,8,47723341,6.182448e-09,SORBI_3008G101200,0.441672
13S-HOTrE,LIN,individual,8:47723341,8,47723341,6.182448e-09,SORBI_3008G101200,0.441183
13S-HOTrE,LIN,individual,8:47723341,8,47723341,6.182448e-09,SORBI_3008G101200,0.438674
13S-HOTrE,LIN,individual,8:47723341,8,47723341,6.182448e-09,SORBI_3008G101200,0.434011
13S-HOTrE,LIN,individual,8:47723341,8,47723341,6.182448e-09,SORBI_3008G101200,0.433109
13S-HOTrE,LIN,individual,8:47723341,8,47723341,6.182448e-09,SORBI_3008G100950,0.432885
13S-HOTrE,LIN,individual,8:47723341,8,47723341,6.182448e-09,SORBI_3008G101100,0.431576
13S-HOTrE,LIN,individual,8:47723341,8,47723341,6.182448e-09,SORBI_3008G101100,0.431204
13S-HOTrE,LIN,individual,8:47723341,8,47723341,6.182448e-09,SORBI_3008G101100,0.428469
13S-HOTrE,LIN,individual,8:47723341,8,47723341,6.182448e-09,SORBI_3008G101100,0.427926
13S-HOTrE,LIN,individual,8:47723341,8,47723341,6.182448e-09,SORBI_3008G100950,0.425975
13S-HOTrE,LIN,individual,8:47723341,8,47723341,6.182448e-09,SORBI_3008G100950,0.425914
13S-HOTrE,LIN,individual,8:47723341,8,47723341,6.182448e-09,SORBI_3008G101000,0.420704
13S-HOTrE,LIN,individual,8:47723341,8,47723341,6.182448e-09,SORBI_3008G101000,0.417271
13S-HOTrE,LIN,individual,8:47723341,8,47723341,6.182448e-09,SORBI_3008G101000,0.417264
13S-HOTrE,LIN,individual,8:47723341,8,47723341,6.182448e-09,SORBI_3008G101200,0.416462
13S-HOTrE,LIN,individual,8:47723341,8,47723341,6.182448e-09,SORBI_3008G101100,0.41313
13S-HOTrE,LIN,individual,8:47723341,8,47723341,6.182448e-09,SORBI_3008G101000,0.408598
13S-HOTrE,LIN,individual,8:47723341,8,47723341,6.182448e-09,SORBI_3008G101200,0.4081
13S-HOTrE,LIN,individual,8:47723341,8,47723341,6.182448e-09,SORBI_3008G101100,0.406493
13S-HOTrE,LIN,individual,10:53199035,10,53199035,6.233606e-09,SORBI_3010G190700,0.660037
13S-HOTrE,LIN,individual,10:53199035,10,53199035,6.233606e-09,SORBI_3010G190600,0.654204
13S-HOTrE,LIN,individual,10:53199035,10,53199035,6.233606e-09,SORBI_3010G190700,0.654204
13S-HOTrE,LIN,individual,10:53199035,10,53199035,6.233606e-09,SORBI_3010G190700,0.646302
13S-HOTrE,LIN,individual,10:53199035,10,53199035,6.233606e-09,SORBI_3010G190600,0.638908
13S-HOTrE,LIN,individual,10:53199035,10,53199035,6.233606e-09,SORBI_3010G190600,0.624526
13S-HOTrE,LIN,individual,10:53199035,10,53199035,6.233606e-09,SORBI_3010G190400,0.591677
13S-HOTrE,LIN,individual,10:53199035,10,53199035,6.233606e-09,SORBI_3010G190400,0.589987
13S-HOTrE,LIN,individual,10:53199035,10,53199035,6.233606e-09,SORBI_3010G190400,0.58666
13S-HOTrE,LIN,individual,10:53199035,10,53199035,6.233606e-09,SORBI_3010G191600,0.58068
13S-HOTrE,LIN,individual,10:53199035,10,53199035,6.233606e-09,SORBI_3010G190400,0.573399
13S-HOTrE,LIN,individual,10:53199035,10,53199035,6.233606e-09,SORBI_3010G191600,0.565331
13S-HOTrE,LIN,individual,10:53199035,10,53199035,6.233606e-09,SORBI_3010G191600,0.565185
13S-HOTrE,LIN,individual,10:53199035,10,53199035,6.233606e-09,SORBI_3010G191600,0.563882
13S-HOTrE,LIN,individual,10:53199035,10,53199035,6.233606e-09,SORBI_3010G191600,0.558227
13S-HOTrE,LIN,individual,10:53199035,10,53199035,6.233606e-09,SORBI_3010G191600,0.54712
13S-HOTrE,LIN,individual,10:53199035,10,53199035,6.233606e-09,SORBI_3010G191600,0.547045
13S-HOTrE,LIN,individual,10:53199035,10,53199035,6.233606e-09,SORBI_3010G191600,0.54697
13S-HOTrE,LIN,individual,10:53199035,10,53199035,6.233606e-09,SORBI_3010G191600,0.541897
13S-HOTrE,LIN,individual,10:53199035,10,53199035,6.233606e-09,SORBI_3010G190700,0.5328
13S-HOTrE,LIN,individual,10:53199035,10,53199035,6.233606e-09,SORBI_3010G190700,0.522949
13S-HOTrE,LIN,individual,10:53199035,10,53199035,6.233606e-09,SORBI_3010G190600,0.52143
13S-HOTrE,LIN,individual,10:53199035,10,53199035,6.233606e-09,SORBI_3010G190700,0.520073
13S-HOTrE,LIN,individual,10:53199035,10,53199035,6.233606e-09,SORBI_3010G190700,0.50872
13S-HOTrE,LIN,individual,10:53199035,10,53199035,6.233606e-09,SORBI_3010G190600,0.506585
13S-HOTrE,LIN,individual,10:53199035,10,53199035,6.233606e-09,SORBI_3010G190700,0.506585
13S-HOTrE,LIN,individual,10:53199035,10,53199035,6.233606e-09,SORBI_3010G190600,0.504884
13S-HOTrE,LIN,individual,10:53199035,10,53199035,6.233606e-09,SORBI_3010G190700,0.504884
13S-HOTrE,LIN,individual,10:53199035,10,53199035,6.233606e-09,SORBI_3010G190600,0.503334
13S-HOTrE,LIN,individual,10:53199035,10,53199035,6.233606e-09,SORBI_3010G191900,0.480354
13S-HOTrE,LIN,individual,10:53199035,10,53199035,6.233606e-09,SORBI_3010G191400,0.477274
13S-HOTrE,LIN,individual,10:53199035,10,53199035,6.233606e-09,SORBI_3010G190800,0.471339
13S-HOTrE,LIN,individual,10:53199035,10,53199035,6.233606e-09,SORBI_3010G191900,0.437744
13S-HOTrE,LIN,individual,10:53199035,10,53199035,6.233606e-09,SORBI_3010G190350,0.436002
13S-HOTrE,LIN,individual,10:53199035,10,53199035,6.233606e-09,SORBI_3010G191900,0.43323
13S-HOTrE,LIN,individual,10:53199035,10,53199035,6.233606e-09,SORBI_3010G191900,0.429068
13S-HOTrE,LIN,individual,10:53199035,10,53199035,6.233606e-09,SORBI_3010G190700,0.422752
13S-HOTrE,LIN,individual,10:53199035,10,53199035,6.233606e-09,SORBI_3010G190700,0.42145
13S-HOTrE,LIN,individual,10:53199035,10,53199035,6.233606e-09,SORBI_3010G191600,0.420126
13S-HOTrE,LIN,individual,1:12695170,1,12695170,6.283125e-09,SORBI_3001G156600,0.609558
13S-HOTrE,LIN,individual,1:12695170,1,12695170,6.283125e-09,SORBI_3001G157300,0.572625
13S-HOTrE,LIN,individual,1:12695170,1,12695170,6.283125e-09,SORBI_3001G156900,0.556061
13S-HOTrE,LIN,individual,1:12695170,1,12695170,6.283125e-09,SORBI_3001G155500,0.549828
13S-HOTrE,LIN,individual,1:12695170,1,12695170,6.283125e-09,SORBI_3001G155400,0.549273
13S-HOTrE,LIN,individual,1:12695170,1,12695170,6.283125e-09,SORBI_3001G155400,0.544832
13S-HOTrE,LIN,individual,1:12695170,1,12695170,6.283125e-09,SORBI_3001G155500,0.544832
13S-HOTrE,LIN,individual,1:12695170,1,12695170,6.283125e-09,SORBI_3001G155400,0.540663
13S-HOTrE,LIN,individual,1:12695170,1,12695170,6.283125e-09,SORBI_3001G155400,0.540402
13S-HOTrE,LIN,individual,1:12695170,1,12695170,6.283125e-09,SORBI_3001G155400,0.539296
13S-HOTrE,LIN,individual,1:12695170,1,12695170,6.283125e-09,SORBI_3001G155400,0.538573
13S-HOTrE,LIN,individual,1:12695170,1,12695170,6.283125e-09,SORBI_3001G155500,0.538573
13S-HOTrE,LIN,individual,1:12695170,1,12695170,6.283125e-09,SORBI_3001G155600,0.538573
13S-HOTrE,LIN,individual,1:12695170,1,12695170,6.283125e-09,SORBI_3001G155400,0.537861
13S-HOTrE,LIN,individual,1:12695170,1,12695170,6.283125e-09,SORBI_3001G155400,0.537518
13S-HOTrE,LIN,individual,1:12695170,1,12695170,6.283125e-09,SORBI_3001G155400,0.536767
13S-HOTrE,LIN,individual,1:12695170,1,12695170,6.283125e-09,SORBI_3001G155500,0.536767
13S-HOTrE,LIN,individual,1:12695170,1,12695170,6.283125e-09,SORBI_3001G155400,0.536543
13S-HOTrE,LIN,individual,1:12695170,1,12695170,6.283125e-09,SORBI_3001G155400,0.536231
13S-HOTrE,LIN,individual,1:12695170,1,12695170,6.283125e-09,SORBI_3001G155600,0.534856
13S-HOTrE,LIN,individual,1:12695170,1,12695170,6.283125e-09,SORBI_3001G155400,0.534374
13S-HOTrE,LIN,individual,1:12695170,1,12695170,6.283125e-09,SORBI_3001G155500,0.534374
13S-HOTrE,LIN,individual,1:12695170,1,12695170,6.283125e-09,SORBI_3001G155600,0.534374
13S-HOTrE,LIN,individual,1:12695170,1,12695170,6.283125e-09,SORBI_3001G155400,0.534155
13S-HOTrE,LIN,individual,1:12695170,1,12695170,6.283125e-09,SORBI_3001G155400,0.532337
13S-HOTrE,LIN,individual,1:12695170,1,12695170,6.283125e-09,SORBI_3001G155500,0.532337
13S-HOTrE,LIN,individual,1:12695170,1,12695170,6.283125e-09,SORBI_3001G155400,0.531403
13S-HOTrE,LIN,individual,1:12695170,1,12695170,6.283125e-09,SORBI_3001G155400,0.531263
13S-HOTrE,LIN,individual,1:12695170,1,12695170,6.283125e-09,SORBI_3001G155400,0.530543
13S-HOTrE,LIN,individual,1:12695170,1,12695170,6.283125e-09,SORBI_3001G155500,0.530543
13S-HOTrE,LIN,individual,1:12695170,1,12695170,6.283125e-09,SORBI_3001G155600,0.52869
13S-HOTrE,LIN,individual,1:12695170,1,12695170,6.283125e-09,SORBI_3001G155400,0.528106
13S-HOTrE,LIN,individual,1:12695170,1,12695170,6.283125e-09,SORBI_3001G155500,0.528106
13S-HOTrE,LIN,individual,1:12695170,1,12695170,6.283125e-09,SORBI_3001G155400,0.52793
13S-HOTrE,LIN,individual,1:12695170,1,12695170,6.283125e-09,SORBI_3001G155400,0.526124
13S-HOTrE,LIN,individual,1:12695170,1,12695170,6.283125e-09,SORBI_3001G155500,0.526124
13S-HOTrE,LIN,individual,1:12695170,1,12695170,6.283125e-09,SORBI_3001G155600,0.523928
13S-HOTrE,LIN,individual,1:12695170,1,12695170,6.283125e-09,SORBI_3001G155600,0.52255
13S-HOTrE,LIN,individual,1:12695170,1,12695170,6.283125e-09,SORBI_3001G155400,0.521862
13S-HOTrE,LIN,individual,1:12695170,1,12695170,6.283125e-09,SORBI_3001G155500,0.521862
13S-HOTrE,LIN,individual,1:12695170,1,12695170,6.283125e-09,SORBI_3001G155500,0.519935
13S-HOTrE,LIN,individual,1:12695170,1,12695170,6.283125e-09,SORBI_3001G155500,0.5198
13S-HOTrE,LIN,individual,1:12695170,1,12695170,6.283125e-09,SORBI_3001G155400,0.519597
13S-HOTrE,LIN,individual,1:12695170,1,12695170,6.283125e-09,SORBI_3001G155400,0.515732
13S-HOTrE,LIN,individual,1:12695170,1,12695170,6.283125e-09,SORBI_3001G155500,0.51564
13S-HOTrE,LIN,individual,1:12695170,1,12695170,6.283125e-09,SORBI_3001G155400,0.511892
13S-HOTrE,LIN,individual,1:12695170,1,12695170,6.283125e-09,SORBI_3001G155400,0.509319
13S-HOTrE,LIN,individual,1:12695170,1,12695170,6.283125e-09,SORBI_3001G155400,0.507632
13S-HOTrE,LIN,individual,1:12695170,1,12695170,6.283125e-09,SORBI_3001G155400,0.506916
13S-HOTrE,LIN,individual,1:12695170,1,12695170,6.283125e-09,SORBI_3001G155400,0.504808
13S-HOTrE,LIN,individual,1:12695170,1,12695170,6.283125e-09,SORBI_3001G155400,0.502935
13S-HOTrE,LIN,individual,1:12695170,1,12695170,6.283125e-09,SORBI_3001G155400,0.502922
13S-HOTrE,LIN,individual,1:12695170,1,12695170,6.283125e-09,SORBI_3001G155500,0.50209
13S-HOTrE,LIN,individual,1:12695170,1,12695170,6.283125e-09,SORBI_3001G155600,0.501636
13S-HOTrE,LIN,individual,1:12695170,1,12695170,6.283125e-09,SORBI_3001G155400,0.496544
13S-HOTrE,LIN,individual,1:12695170,1,12695170,6.283125e-09,SORBI_3001G155400,0.492633
13S-HOTrE,LIN,individual,1:12695170,1,12695170,6.283125e-09,SORBI_3001G155400,0.489005
13S-HOTrE,LIN,individual,1:12695170,1,12695170,6.283125e-09,SORBI_3001G155400,0.485454
13S-HOTrE,LIN,individual,1:12695170,1,12695170,6.283125e-09,SORBI_3001G155400,0.482486
13S-HOTrE,LIN,individual,1:12695170,1,12695170,6.283125e-09,SORBI_3001G157400,0.479313
13S-HOTrE,LIN,individual,1:12695170,1,12695170,6.283125e-09,SORBI_3001G155400,0.478918
13S-HOTrE,LIN,individual,1:12695170,1,12695170,6.283125e-09,SORBI_3001G155500,0.476442
13S-HOTrE,LIN,individual,1:12695170,1,12695170,6.283125e-09,SORBI_3001G155500,0.473024
13S-HOTrE,LIN,individual,1:12695170,1,12695170,6.283125e-09,SORBI_3001G157400,0.468213
13S-HOTrE,LIN,individual,1:12695170,1,12695170,6.283125e-09,SORBI_3001G155500,0.463345
13S-HOTrE,LIN,individual,1:12695170,1,12695170,6.283125e-09,SORBI_3001G158000,0.463034
13S-HOTrE,LIN,individual,1:12695170,1,12695170,6.283125e-09,SORBI_3001G158000,0.461802
13S-HOTrE,LIN,individual,1:12695170,1,12695170,6.283125e-09,SORBI_3001G158200,0.461672
13S-HOTrE,LIN,individual,1:12695170,1,12695170,6.283125e-09,SORBI_3001G155600,0.458808
13S-HOTrE,LIN,individual,1:12695170,1,12695170,6.283125e-09,SORBI_3001G158100,0.457809
13S-HOTrE,LIN,individual,1:12695170,1,12695170,6.283125e-09,SORBI_3001G155500,0.456817
13S-HOTrE,LIN,individual,1:12695170,1,12695170,6.283125e-09,SORBI_3001G155500,0.456488
13S-HOTrE,LIN,individual,1:12695170,1,12695170,6.283125e-09,SORBI_3001G158000,0.456046
13S-HOTrE,LIN,individual,1:12695170,1,12695170,6.283125e-09,SORBI_3001G158100,0.453794
13S-HOTrE,LIN,individual,1:12695170,1,12695170,6.283125e-09,SORBI_3001G155500,0.453354
13S-HOTrE,LIN,individual,1:12695170,1,12695170,6.283125e-09,SORBI_3001G155700,0.452766
13S-HOTrE,LIN,individual,1:12695170,1,12695170,6.283125e-09,SORBI_3001G158000,0.450328
13S-HOTrE,LIN,individual,1:12695170,1,12695170,6.283125e-09,SORBI_3001G155500,0.44959
13S-HOTrE,LIN,individual,1:12695170,1,12695170,6.283125e-09,SORBI_3001G158000,0.446449
13S-HOTrE,LIN,individual,1:12695170,1,12695170,6.283125e-09,SORBI_3001G157800,0.445148
13S-HOTrE,LIN,individual,1:12695170,1,12695170,6.283125e-09,SORBI_3001G158400,0.440747
13S-HOTrE,LIN,individual,1:12695170,1,12695170,6.283125e-09,SORBI_3001G155500,0.439572
13S-HOTrE,LIN,individual,1:12695170,1,12695170,6.283125e-09,SORBI_3001G155700,0.439572
13S-HOTrE,LIN,individual,1:12695170,1,12695170,6.283125e-09,SORBI_3001G158000,0.439378
13S-HOTrE,LIN,individual,1:12695170,1,12695170,6.283125e-09,SORBI_3001G157800,0.439241
13S-HOTrE,LIN,individual,1:12695170,1,12695170,6.283125e-09,SORBI_3001G158100,0.435515
13S-HOTrE,LIN,individual,1:12695170,1,12695170,6.283125e-09,SORBI_3001G155500,0.433847
13S-HOTrE,LIN,individual,1:12695170,1,12695170,6.283125e-09,SORBI_3001G155500,0.432994
13S-HOTrE,LIN,individual,1:12695170,1,12695170,6.283125e-09,SORBI_3001G155700,0.429681
13S-HOTrE,LIN,individual,1:12695170,1,12695170,6.283125e-09,SORBI_3001G158300,0.429676
13S-HOTrE,LIN,individual,1:12695170,1,12695170,6.283125e-09,SORBI_3001G158400,0.429676
13S-HOTrE,LIN,individual,1:12695170,1,12695170,6.283125e-09,SORBI_3001G158000,0.429183
13S-HOTrE,LIN,individual,1:12695170,1,12695170,6.283125e-09,SORBI_3001G158000,0.42888
13S-HOTrE,LIN,individual,1:12695170,1,12695170,6.283125e-09,SORBI_3001G158000,0.423229
13S-HOTrE,LIN,individual,1:12695170,1,12695170,6.283125e-09,SORBI_3001G157900,0.42083
13S-HOTrE,LIN,individual,1:12695170,1,12695170,6.283125e-09,SORBI_3001G158300,0.419307
13S-HOTrE,LIN,individual,1:12695170,1,12695170,6.283125e-09,SORBI_3001G158300,0.417643
13S-HOTrE,LIN,individual,1:12695170,1,12695170,6.283125e-09,SORBI_3001G155700,0.400847
13S-HOTrE,LIN,individual,4:4348612,4,4348612,6.303592e-09,SORBI_3004G053900,0.611512
13S-HOTrE,LIN,individual,4:4348612,4,4348612,6.303592e-09,SORBI_3004G057300,0.543719
13S-HOTrE,LIN,individual,4:4348612,4,4348612,6.303592e-09,SORBI_3004G057300,0.539077
13S-HOTrE,LIN,individual,4:4348612,4,4348612,6.303592e-09,SORBI_3004G057200,0.534581
13S-HOTrE,LIN,individual,4:4348612,4,4348612,6.303592e-09,SORBI_3004G054100,0.531098
13S-HOTrE,LIN,individual,4:4348612,4,4348612,6.303592e-09,SORBI_3004G057100,0.516683
13S-HOTrE,LIN,individual,4:4348612,4,4348612,6.303592e-09,SORBI_3004G057400,0.503348
13S-HOTrE,LIN,individual,4:4348612,4,4348612,6.303592e-09,SORBI_3004G053900,0.49681
13S-HOTrE,LIN,individual,4:4348612,4,4348612,6.303592e-09,SORBI_3004G053900,0.496614
13S-HOTrE,LIN,individual,4:4348612,4,4348612,6.303592e-09,SORBI_3004G053900,0.496452
13S-HOTrE,LIN,individual,4:4348612,4,4348612,6.303592e-09,SORBI_3004G053900,0.49623
13S-HOTrE,LIN,individual,4:4348612,4,4348612,6.303592e-09,SORBI_3004G057400,0.496151
13S-HOTrE,LIN,individual,4:4348612,4,4348612,6.303592e-09,SORBI_3004G053900,0.494158
13S-HOTrE,LIN,individual,4:4348612,4,4348612,6.303592e-09,SORBI_3004G053900,0.49397
13S-HOTrE,LIN,individual,4:4348612,4,4348612,6.303592e-09,SORBI_3004G053900,0.493611
13S-HOTrE,LIN,individual,4:4348612,4,4348612,6.303592e-09,SORBI_3004G057100,0.491803
13S-HOTrE,LIN,individual,4:4348612,4,4348612,6.303592e-09,SORBI_3004G053900,0.491722
13S-HOTrE,LIN,individual,4:4348612,4,4348612,6.303592e-09,SORBI_3004G053900,0.48951
13S-HOTrE,LIN,individual,4:4348612,4,4348612,6.303592e-09,SORBI_3004G053900,0.489127
13S-HOTrE,LIN,individual,4:4348612,4,4348612,6.303592e-09,SORBI_3004G053900,0.48705
13S-HOTrE,LIN,individual,4:4348612,4,4348612,6.303592e-09,SORBI_3004G053900,0.486862
13S-HOTrE,LIN,individual,4:4348612,4,4348612,6.303592e-09,SORBI_3004G053900,0.482422
13S-HOTrE,LIN,individual,4:4348612,4,4348612,6.303592e-09,SORBI_3004G057400,0.48226
13S-HOTrE,LIN,individual,4:4348612,4,4348612,6.303592e-09,SORBI_3004G053900,0.482132
13S-HOTrE,LIN,individual,4:4348612,4,4348612,6.303592e-09,SORBI_3004G053900,0.481983
13S-HOTrE,LIN,individual,4:4348612,4,4348612,6.303592e-09,SORBI_3004G057400,0.475187
13S-HOTrE,LIN,individual,4:4348612,4,4348612,6.303592e-09,SORBI_3004G053900,0.475059
13S-HOTrE,LIN,individual,4:4348612,4,4348612,6.303592e-09,SORBI_3004G057400,0.467365
13S-HOTrE,LIN,individual,4:4348612,4,4348612,6.303592e-09,SORBI_3004G057400,0.465092
13S-HOTrE,LIN,individual,4:4348612,4,4348612,6.303592e-09,SORBI_3004G057400,0.461847
13S-HOTrE,LIN,individual,4:4348612,4,4348612,6.303592e-09,SORBI_3004G057400,0.461206
13S-HOTrE,LIN,individual,4:4348612,4,4348612,6.303592e-09,SORBI_3004G057400,0.460303
13S-HOTrE,LIN,individual,4:4348612,4,4348612,6.303592e-09,SORBI_3004G057400,0.458973
13S-HOTrE,LIN,individual,4:4348612,4,4348612,6.303592e-09,SORBI_3004G057400,0.456757
13S-HOTrE,LIN,individual,4:4348612,4,4348612,6.303592e-09,SORBI_3004G057400,0.454165
13S-HOTrE,LIN,individual,4:4348612,4,4348612,6.303592e-09,SORBI_3004G057400,0.45193
13S-HOTrE,LIN,individual,4:4348612,4,4348612,6.303592e-09,SORBI_3004G057400,0.448722
13S-HOTrE,LIN,individual,4:4348612,4,4348612,6.303592e-09,SORBI_3004G057400,0.448266
13S-HOTrE,LIN,individual,4:4348612,4,4348612,6.303592e-09,SORBI_3004G057400,0.447141
13S-HOTrE,LIN,individual,4:4348612,4,4348612,6.303592e-09,SORBI_3004G057300,0.438806
13S-HOTrE,LIN,individual,4:4348612,4,4348612,6.303592e-09,SORBI_3004G057400,0.437408
13S-HOTrE,LIN,individual,4:4348612,4,4348612,6.303592e-09,SORBI_3004G057400,0.43417
13S-HOTrE,LIN,individual,4:4348612,4,4348612,6.303592e-09,SORBI_3004G057300,0.432459
13S-HOTrE,LIN,individual,4:4348612,4,4348612,6.303592e-09,SORBI_3004G057400,0.429794
13S-HOTrE,LIN,individual,4:4348612,4,4348612,6.303592e-09,SORBI_3004G057300,0.426681
13S-HOTrE,LIN,individual,4:4348612,4,4348612,6.303592e-09,SORBI_3004G056900,0.425439
13S-HOTrE,LIN,individual,4:4348612,4,4348612,6.303592e-09,SORBI_3004G056900,0.423647
13S-HOTrE,LIN,individual,4:4348612,4,4348612,6.303592e-09,SORBI_3004G057300,0.405961
13S-HOTrE,LIN,individual,9:47860980,9,47860980,6.346691e-09,SORBI_3009G125400,1
13S-HOTrE,LIN,individual,9:47860980,9,47860980,6.346691e-09,SORBI_3009G125400,1
13S-HOTrE,LIN,individual,9:47860980,9,47860980,6.346691e-09,SORBI_3009G125400,0.988268
13S-HOTrE,LIN,individual,9:47860980,9,47860980,6.346691e-09,SORBI_3009G125400,0.988024
13S-HOTrE,LIN,individual,9:47860980,9,47860980,6.346691e-09,SORBI_3009G125400,0.981999
13S-HOTrE,LIN,individual,9:47860980,9,47860980,6.346691e-09,SORBI_3009G125700,0.796891
13S-HOTrE,LIN,individual,9:47860980,9,47860980,6.346691e-09,SORBI_3009G125400,0.787231
13S-HOTrE,LIN,individual,9:47860980,9,47860980,6.346691e-09,SORBI_3009G125600,0.783394
13S-HOTrE,LIN,individual,9:47860980,9,47860980,6.346691e-09,SORBI_3009G125600,0.777568
13S-HOTrE,LIN,individual,9:47860980,9,47860980,6.346691e-09,SORBI_3009G125400,0.766293
13S-HOTrE,LIN,individual,9:47860980,9,47860980,6.346691e-09,SORBI_3009G125400,0.718877
13S-HOTrE,LIN,individual,9:47860980,9,47860980,6.346691e-09,SORBI_3009G125400,0.71102
13S-HOTrE,LIN,individual,9:47860980,9,47860980,6.346691e-09,SORBI_3009G125300,0.671719
13S-HOTrE,LIN,individual,9:47860980,9,47860980,6.346691e-09,SORBI_3009G125300,0.663794
13S-HOTrE,LIN,individual,9:47860980,9,47860980,6.346691e-09,SORBI_3009G125600,0.656063
13S-HOTrE,LIN,individual,9:47860980,9,47860980,6.346691e-09,SORBI_3009G125400,0.64337
13S-HOTrE,LIN,individual,9:47860980,9,47860980,6.346691e-09,SORBI_3009G125700,0.640483
13S-HOTrE,LIN,individual,9:47860980,9,47860980,6.346691e-09,SORBI_3009G125400,0.58876
13S-HOTrE,LIN,individual,9:47860980,9,47860980,6.346691e-09,SORBI_3009G125700,0.580313
13S-HOTrE,LIN,individual,9:47860980,9,47860980,6.346691e-09,SORBI_3009G125600,0.57565
13S-HOTrE,LIN,individual,9:47860980,9,47860980,6.346691e-09,SORBI_3009G125300,0.572307
13S-HOTrE,LIN,individual,9:47860980,9,47860980,6.346691e-09,SORBI_3009G126100,0.461781
13S-HOTrE,LIN,individual,9:47860980,9,47860980,6.346691e-09,SORBI_3009G125300,0.45601
13S-HOTrE,LIN,individual,9:47860980,9,47860980,6.346691e-09,SORBI_3009G125300,0.441994
13S-HOTrE,LIN,individual,9:47860980,9,47860980,6.346691e-09,SORBI_3009G125300,0.427392
13S-HOTrE,LIN,individual,9:47860980,9,47860980,6.346691e-09,SORBI_3009G125300,0.419634
13S-HOTrE,LIN,individual,4:3910088,4,3910088,6.54742e-09,SORBI_3004G048300,1
13S-HOTrE,LIN,individual,4:3910088,4,3910088,6.54742e-09,SORBI_3004G048300,1
13S-HOTrE,LIN,individual,4:3910088,4,3910088,6.54742e-09,SORBI_3004G048800,0.809786
13S-HOTrE,LIN,individual,4:3910088,4,3910088,6.54742e-09,SORBI_3004G048600,0.803838
13S-HOTrE,LIN,individual,4:3910088,4,3910088,6.54742e-09,SORBI_3004G048100,0.794913
13S-HOTrE,LIN,individual,4:3910088,4,3910088,6.54742e-09,SORBI_3004G048300,0.793017
13S-HOTrE,LIN,individual,4:3910088,4,3910088,6.54742e-09,SORBI_3004G048400,0.792638
13S-HOTrE,LIN,individual,4:3910088,4,3910088,6.54742e-09,SORBI_3004G048100,0.789695
13S-HOTrE,LIN,individual,4:3910088,4,3910088,6.54742e-09,SORBI_3004G048100,0.783908
13S-HOTrE,LIN,individual,4:3910088,4,3910088,6.54742e-09,SORBI_3004G048400,0.781714
13S-HOTrE,LIN,individual,4:3910088,4,3910088,6.54742e-09,SORBI_3004G048000,0.780059
13S-HOTrE,LIN,individual,4:3910088,4,3910088,6.54742e-09,SORBI_3004G048600,0.76758
13S-HOTrE,LIN,individual,4:3910088,4,3910088,6.54742e-09,SORBI_3004G049200,0.758726
13S-HOTrE,LIN,individual,4:3910088,4,3910088,6.54742e-09,SORBI_3004G049200,0.752818
13S-HOTrE,LIN,individual,4:3910088,4,3910088,6.54742e-09,SORBI_3004G048500,0.740534
13S-HOTrE,LIN,individual,4:3910088,4,3910088,6.54742e-09,SORBI_3004G048700,0.634598
13S-HOTrE,LIN,individual,4:3910088,4,3910088,6.54742e-09,SORBI_3004G048700,0.632935
13S-HOTrE,LIN,individual,4:3910088,4,3910088,6.54742e-09,SORBI_3004G048700,0.631369
13S-HOTrE,LIN,individual,4:3910088,4,3910088,6.54742e-09,SORBI_3004G048700,0.627693
13S-HOTrE,LIN,individual,4:3910088,4,3910088,6.54742e-09,SORBI_3004G048700,0.627691
13S-HOTrE,LIN,individual,4:3910088,4,3910088,6.54742e-09,SORBI_3004G048700,0.627257
13S-HOTrE,LIN,individual,4:3910088,4,3910088,6.54742e-09,SORBI_3004G048700,0.625568
13S-HOTrE,LIN,individual,4:3910088,4,3910088,6.54742e-09,SORBI_3004G048700,0.623977
13S-HOTrE,LIN,individual,4:3910088,4,3910088,6.54742e-09,SORBI_3004G048700,0.621811
13S-HOTrE,LIN,individual,4:3910088,4,3910088,6.54742e-09,SORBI_3004G048700,0.619935
13S-HOTrE,LIN,individual,4:3910088,4,3910088,6.54742e-09,SORBI_3004G048700,0.618219
13S-HOTrE,LIN,individual,4:3910088,4,3910088,6.54742e-09,SORBI_3004G048201,0.617917
13S-HOTrE,LIN,individual,4:3910088,4,3910088,6.54742e-09,SORBI_3004G048700,0.616602
13S-HOTrE,LIN,individual,4:3910088,4,3910088,6.54742e-09,SORBI_3004G048700,0.61444
13S-HOTrE,LIN,individual,4:3910088,4,3910088,6.54742e-09,SORBI_3004G048700,0.610888
13S-HOTrE,LIN,individual,4:3910088,4,3910088,6.54742e-09,SORBI_3004G048700,0.609246
13S-HOTrE,LIN,individual,4:3910088,4,3910088,6.54742e-09,SORBI_3004G048700,0.609179
13S-HOTrE,LIN,individual,4:3910088,4,3910088,6.54742e-09,SORBI_3004G048700,0.60905
13S-HOTrE,LIN,individual,4:3910088,4,3910088,6.54742e-09,SORBI_3004G048700,0.605506
13S-HOTrE,LIN,individual,4:3910088,4,3910088,6.54742e-09,SORBI_3004G048700,0.604079
13S-HOTrE,LIN,individual,4:3910088,4,3910088,6.54742e-09,SORBI_3004G048700,0.603575
13S-HOTrE,LIN,individual,4:3910088,4,3910088,6.54742e-09,SORBI_3004G048700,0.601907
13S-HOTrE,LIN,individual,4:3910088,4,3910088,6.54742e-09,SORBI_3004G048700,0.598939
13S-HOTrE,LIN,individual,4:3910088,4,3910088,6.54742e-09,SORBI_3004G049200,0.595942
13S-HOTrE,LIN,individual,4:3910088,4,3910088,6.54742e-09,SORBI_3004G048700,0.594944
13S-HOTrE,LIN,individual,4:3910088,4,3910088,6.54742e-09,SORBI_3004G048700,0.594682
13S-HOTrE,LIN,individual,4:3910088,4,3910088,6.54742e-09,SORBI_3004G048700,0.593262
13S-HOTrE,LIN,individual,4:3910088,4,3910088,6.54742e-09,SORBI_3004G048700,0.583602
13S-HOTrE,LIN,individual,4:3910088,4,3910088,6.54742e-09,SORBI_3004G047700,0.578413
13S-HOTrE,LIN,individual,4:3910088,4,3910088,6.54742e-09,SORBI_3004G048700,0.572847
13S-HOTrE,LIN,individual,4:3910088,4,3910088,6.54742e-09,SORBI_3004G047600,0.570792
13S-HOTrE,LIN,individual,4:3910088,4,3910088,6.54742e-09,SORBI_3004G047700,0.570792
13S-HOTrE,LIN,individual,4:3910088,4,3910088,6.54742e-09,SORBI_3004G048201,0.56417
13S-HOTrE,LIN,individual,4:3910088,4,3910088,6.54742e-09,SORBI_3004G047001,0.556393
13S-HOTrE,LIN,individual,4:3910088,4,3910088,6.54742e-09,SORBI_3004G047200,0.548536
13S-HOTrE,LIN,individual,4:3910088,4,3910088,6.54742e-09,SORBI_3004G047500,0.545645
13S-HOTrE,LIN,individual,4:3910088,4,3910088,6.54742e-09,SORBI_3004G046800,0.542285
13S-HOTrE,LIN,individual,4:3910088,4,3910088,6.54742e-09,SORBI_3004G048700,0.541061
13S-HOTrE,LIN,individual,4:3910088,4,3910088,6.54742e-09,SORBI_3004G047200,0.540092
13S-HOTrE,LIN,individual,4:3910088,4,3910088,6.54742e-09,SORBI_3004G045632,0.536839
13S-HOTrE,LIN,individual,4:3910088,4,3910088,6.54742e-09,SORBI_3004G048700,0.533603
13S-HOTrE,LIN,individual,4:3910088,4,3910088,6.54742e-09,SORBI_3004G047400,0.520175
13S-HOTrE,LIN,individual,4:3910088,4,3910088,6.54742e-09,SORBI_3004G047400,0.519162
13S-HOTrE,LIN,individual,4:3910088,4,3910088,6.54742e-09,SORBI_3004G047001,0.50997
13S-HOTrE,LIN,individual,4:3910088,4,3910088,6.54742e-09,SORBI_3004G047400,0.507505
13S-HOTrE,LIN,individual,4:3910088,4,3910088,6.54742e-09,SORBI_3004G047400,0.503404
13S-HOTrE,LIN,individual,4:3910088,4,3910088,6.54742e-09,SORBI_3004G047500,0.502708
13S-HOTrE,LIN,individual,4:3910088,4,3910088,6.54742e-09,SORBI_3004G047500,0.50208
13S-HOTrE,LIN,individual,4:3910088,4,3910088,6.54742e-09,SORBI_3004G048700,0.496385
13S-HOTrE,LIN,individual,4:3910088,4,3910088,6.54742e-09,SORBI_3004G047400,0.495321
13S-HOTrE,LIN,individual,4:3910088,4,3910088,6.54742e-09,SORBI_3004G046100,0.495047
13S-HOTrE,LIN,individual,4:3910088,4,3910088,6.54742e-09,SORBI_3004G044700,0.479681
13S-HOTrE,LIN,individual,4:3910088,4,3910088,6.54742e-09,SORBI_3004G046100,0.457873
13S-HOTrE,LIN,individual,4:3910088,4,3910088,6.54742e-09,SORBI_3004G044700,0.457645
13S-HOTrE,LIN,individual,4:3910088,4,3910088,6.54742e-09,SORBI_3004G045632,0.457266
13S-HOTrE,LIN,individual,4:3910088,4,3910088,6.54742e-09,SORBI_3004G045700,0.457266
13S-HOTrE,LIN,individual,4:3910088,4,3910088,6.54742e-09,SORBI_3004G045100,0.452719
13S-HOTrE,LIN,individual,4:3910088,4,3910088,6.54742e-09,SORBI_3004G044700,0.451553
13S-HOTrE,LIN,individual,4:3910088,4,3910088,6.54742e-09,SORBI_3004G045300,0.446557
13S-HOTrE,LIN,individual,4:3910088,4,3910088,6.54742e-09,SORBI_3004G044800,0.439446
13S-HOTrE,LIN,individual,4:3910088,4,3910088,6.54742e-09,SORBI_3004G045100,0.433134
13S-HOTrE,LIN,individual,4:3910088,4,3910088,6.54742e-09,SORBI_3004G045400,0.418981
13S-HOTrE,LIN,individual,4:3910088,4,3910088,6.54742e-09,SORBI_3004G049800,0.410986
13S-HOTrE,LIN,individual,4:3910088,4,3910088,6.54742e-09,SORBI_3004G045000,0.408261
13S-HOTrE,LIN,individual,4:3910088,4,3910088,6.54742e-09,SORBI_3004G049300,0.406222
13S-HOTrE,LIN,individual,4:3910088,4,3910088,6.54742e-09,SORBI_3004G045000,0.405302
13S-HOTrE,LIN,individual,4:3910088,4,3910088,6.54742e-09,SORBI_3004G044800,0.403237
13S-HOTrE,LIN,individual,4:3910088,4,3910088,6.54742e-09,SORBI_3004G049500,0.401421
13S-HOTrE,LIN,individual,9:47861860,9,47861860,6.94942e-09,SORBI_3009G125400,0.964032
13S-HOTrE,LIN,individual,9:47861860,9,47861860,6.94942e-09,SORBI_3009G125400,0.953038
13S-HOTrE,LIN,individual,9:47861860,9,47861860,6.94942e-09,SORBI_3009G125400,0.952093
13S-HOTrE,LIN,individual,9:47861860,9,47861860,6.94942e-09,SORBI_3009G125400,0.945531
13S-HOTrE,LIN,individual,9:47861860,9,47861860,6.94942e-09,SORBI_3009G125700,0.810324
13S-HOTrE,LIN,individual,9:47861860,9,47861860,6.94942e-09,SORBI_3009G125600,0.788931
13S-HOTrE,LIN,individual,9:47861860,9,47861860,6.94942e-09,SORBI_3009G125600,0.782762
13S-HOTrE,LIN,individual,9:47861860,9,47861860,6.94942e-09,SORBI_3009G125400,0.766442
13S-HOTrE,LIN,individual,9:47861860,9,47861860,6.94942e-09,SORBI_3009G125400,0.744463
13S-HOTrE,LIN,individual,9:47861860,9,47861860,6.94942e-09,SORBI_3009G125400,0.693018
13S-HOTrE,LIN,individual,9:47861860,9,47861860,6.94942e-09,SORBI_3009G125400,0.6921
13S-HOTrE,LIN,individual,9:47861860,9,47861860,6.94942e-09,SORBI_3009G125600,0.66494
13S-HOTrE,LIN,individual,9:47861860,9,47861860,6.94942e-09,SORBI_3009G125700,0.655934
13S-HOTrE,LIN,individual,9:47861860,9,47861860,6.94942e-09,SORBI_3009G125300,0.654615
13S-HOTrE,LIN,individual,9:47861860,9,47861860,6.94942e-09,SORBI_3009G125300,0.646426
13S-HOTrE,LIN,individual,9:47861860,9,47861860,6.94942e-09,SORBI_3009G125400,0.619574
13S-HOTrE,LIN,individual,9:47861860,9,47861860,6.94942e-09,SORBI_3009G125700,0.595822
13S-HOTrE,LIN,individual,9:47861860,9,47861860,6.94942e-09,SORBI_3009G125600,0.5824
13S-HOTrE,LIN,individual,9:47861860,9,47861860,6.94942e-09,SORBI_3009G125400,0.566707
13S-HOTrE,LIN,individual,9:47861860,9,47861860,6.94942e-09,SORBI_3009G125300,0.542031
13S-HOTrE,LIN,individual,9:47861860,9,47861860,6.94942e-09,SORBI_3009G125300,0.455168
13S-HOTrE,LIN,individual,9:47861860,9,47861860,6.94942e-09,SORBI_3009G126100,0.445551
13S-HOTrE,LIN,individual,9:47861860,9,47861860,6.94942e-09,SORBI_3009G125300,0.440491
13S-HOTrE,LIN,individual,1:16739654,1,16739654,7.139589e-09,SORBI_3001G189300,1
13S-HOTrE,LIN,individual,1:16739654,1,16739654,7.139589e-09,SORBI_3001G189300,1
13S-HOTrE,LIN,individual,1:16739654,1,16739654,7.139589e-09,SORBI_3001G189300,0.99085
13S-HOTrE,LIN,individual,1:16739654,1,16739654,7.139589e-09,SORBI_3001G189300,0.990614
13S-HOTrE,LIN,individual,1:16739654,1,16739654,7.139589e-09,SORBI_3001G189300,0.989891
13S-HOTrE,LIN,individual,1:16739654,1,16739654,7.139589e-09,SORBI_3001G189300,0.982314
13S-HOTrE,LIN,individual,1:16739654,1,16739654,7.139589e-09,SORBI_3001G189300,0.98178
13S-HOTrE,LIN,individual,1:16739654,1,16739654,7.139589e-09,SORBI_3001G189300,0.981141
13S-HOTrE,LIN,individual,1:16739654,1,16739654,7.139589e-09,SORBI_3001G189300,0.972312
13S-HOTrE,LIN,individual,1:16739654,1,16739654,7.139589e-09,SORBI_3001G189300,0.971906
13S-HOTrE,LIN,individual,1:16739654,1,16739654,7.139589e-09,SORBI_3001G189300,0.971603
13S-HOTrE,LIN,individual,1:16739654,1,16739654,7.139589e-09,SORBI_3001G189300,0.97033
13S-HOTrE,LIN,individual,1:16739654,1,16739654,7.139589e-09,SORBI_3001G189300,0.970124
13S-HOTrE,LIN,individual,1:16739654,1,16739654,7.139589e-09,SORBI_3001G189300,0.964922
13S-HOTrE,LIN,individual,1:16739654,1,16739654,7.139589e-09,SORBI_3001G189300,0.963387
13S-HOTrE,LIN,individual,1:16739654,1,16739654,7.139589e-09,SORBI_3001G189300,0.962462
13S-HOTrE,LIN,individual,1:16739654,1,16739654,7.139589e-09,SORBI_3001G189300,0.962194
13S-HOTrE,LIN,individual,1:16739654,1,16739654,7.139589e-09,SORBI_3001G189300,0.954623
13S-HOTrE,LIN,individual,1:16739654,1,16739654,7.139589e-09,SORBI_3001G189300,0.953377
13S-HOTrE,LIN,individual,1:16739654,1,16739654,7.139589e-09,SORBI_3001G189300,0.952772
13S-HOTrE,LIN,individual,1:16739654,1,16739654,7.139589e-09,SORBI_3001G189300,0.944461
13S-HOTrE,LIN,individual,1:16739654,1,16739654,7.139589e-09,SORBI_3001G189300,0.943256
13S-HOTrE,LIN,individual,1:16739654,1,16739654,7.139589e-09,SORBI_3001G189300,0.933826
13S-HOTrE,LIN,individual,1:16739654,1,16739654,7.139589e-09,SORBI_3001G189300,0.907019
13S-HOTrE,LIN,individual,1:16739654,1,16739654,7.139589e-09,SORBI_3001G189300,0.888251
13S-HOTrE,LIN,individual,1:16739654,1,16739654,7.139589e-09,SORBI_3001G189400,0.869682
13S-HOTrE,LIN,individual,1:16739654,1,16739654,7.139589e-09,SORBI_3001G189300,0.859384
13S-HOTrE,LIN,individual,1:16739654,1,16739654,7.139589e-09,SORBI_3001G187500,0.833214
13S-HOTrE,LIN,individual,1:16739654,1,16739654,7.139589e-09,SORBI_3001G187500,0.833163
13S-HOTrE,LIN,individual,1:16739654,1,16739654,7.139589e-09,SORBI_3001G187600,0.820378
13S-HOTrE,LIN,individual,1:16739654,1,16739654,7.139589e-09,SORBI_3001G187500,0.816477
13S-HOTrE,LIN,individual,1:16739654,1,16739654,7.139589e-09,SORBI_3001G187500,0.814704
13S-HOTrE,LIN,individual,1:16739654,1,16739654,7.139589e-09,SORBI_3001G187400,0.812895
13S-HOTrE,LIN,individual,1:16739654,1,16739654,7.139589e-09,SORBI_3001G187500,0.808775
13S-HOTrE,LIN,individual,1:16739654,1,16739654,7.139589e-09,SORBI_3001G187500,0.80327
13S-HOTrE,LIN,individual,1:16739654,1,16739654,7.139589e-09,SORBI_3001G187500,0.802894
13S-HOTrE,LIN,individual,1:16739654,1,16739654,7.139589e-09,SORBI_3001G187500,0.796626
13S-HOTrE,LIN,individual,1:16739654,1,16739654,7.139589e-09,SORBI_3001G187400,0.790145
13S-HOTrE,LIN,individual,1:16739654,1,16739654,7.139589e-09,SORBI_3001G187400,0.790056
13S-HOTrE,LIN,individual,1:16739654,1,16739654,7.139589e-09,SORBI_3001G189600,0.787192
13S-HOTrE,LIN,individual,1:16739654,1,16739654,7.139589e-09,SORBI_3001G187500,0.786204
13S-HOTrE,LIN,individual,1:16739654,1,16739654,7.139589e-09,SORBI_3001G187500,0.785376
13S-HOTrE,LIN,individual,1:16739654,1,16739654,7.139589e-09,SORBI_3001G187400,0.78519
13S-HOTrE,LIN,individual,1:16739654,1,16739654,7.139589e-09,SORBI_3001G187500,0.781246
13S-HOTrE,LIN,individual,1:16739654,1,16739654,7.139589e-09,SORBI_3001G187500,0.781176
13S-HOTrE,LIN,individual,1:16739654,1,16739654,7.139589e-09,SORBI_3001G187500,0.780816
13S-HOTrE,LIN,individual,1:16739654,1,16739654,7.139589e-09,SORBI_3001G187800,0.772095
13S-HOTrE,LIN,individual,1:16739654,1,16739654,7.139589e-09,SORBI_3001G187400,0.762343
13S-HOTrE,LIN,individual,1:16739654,1,16739654,7.139589e-09,SORBI_3001G187500,0.760564
13S-HOTrE,LIN,individual,1:16739654,1,16739654,7.139589e-09,SORBI_3001G187800,0.760564
13S-HOTrE,LIN,individual,1:16739654,1,16739654,7.139589e-09,SORBI_3001G187400,0.760423
13S-HOTrE,LIN,individual,1:16739654,1,16739654,7.139589e-09,SORBI_3001G187500,0.75843
13S-HOTrE,LIN,individual,1:16739654,1,16739654,7.139589e-09,SORBI_3001G187500,0.757739
13S-HOTrE,LIN,individual,1:16739654,1,16739654,7.139589e-09,SORBI_3001G188800,0.732904
13S-HOTrE,LIN,individual,1:16739654,1,16739654,7.139589e-09,SORBI_3001G188900,0.732904
13S-HOTrE,LIN,individual,1:16739654,1,16739654,7.139589e-09,SORBI_3001G188900,0.723993
13S-HOTrE,LIN,individual,1:16739654,1,16739654,7.139589e-09,SORBI_3001G188900,0.720878
13S-HOTrE,LIN,individual,1:16739654,1,16739654,7.139589e-09,SORBI_3001G188900,0.720657
13S-HOTrE,LIN,individual,1:16739654,1,16739654,7.139589e-09,SORBI_3001G188900,0.719426
13S-HOTrE,LIN,individual,1:16739654,1,16739654,7.139589e-09,SORBI_3001G188900,0.715596
13S-HOTrE,LIN,individual,1:16739654,1,16739654,7.139589e-09,SORBI_3001G189000,0.714816
13S-HOTrE,LIN,individual,1:16739654,1,16739654,7.139589e-09,SORBI_3001G187800,0.714672
13S-HOTrE,LIN,individual,1:16739654,1,16739654,7.139589e-09,SORBI_3001G188900,0.708892
13S-HOTrE,LIN,individual,1:16739654,1,16739654,7.139589e-09,SORBI_3001G188900,0.702774
13S-HOTrE,LIN,individual,1:16739654,1,16739654,7.139589e-09,SORBI_3001G188900,0.700016
13S-HOTrE,LIN,individual,1:16739654,1,16739654,7.139589e-09,SORBI_3001G187800,0.698033
13S-HOTrE,LIN,individual,1:16739654,1,16739654,7.139589e-09,SORBI_3001G188900,0.696946
13S-HOTrE,LIN,individual,1:16739654,1,16739654,7.139589e-09,SORBI_3001G188900,0.690836
13S-HOTrE,LIN,individual,1:16739654,1,16739654,7.139589e-09,SORBI_3001G187800,0.688227
13S-HOTrE,LIN,individual,1:16739654,1,16739654,7.139589e-09,SORBI_3001G188900,0.687764
13S-HOTrE,LIN,individual,1:16739654,1,16739654,7.139589e-09,SORBI_3001G188100,0.686167
13S-HOTrE,LIN,individual,1:16739654,1,16739654,7.139589e-09,SORBI_3001G189300,0.685585
13S-HOTrE,LIN,individual,1:16739654,1,16739654,7.139589e-09,SORBI_3001G188900,0.679607
13S-HOTrE,LIN,individual,1:16739654,1,16739654,7.139589e-09,SORBI_3001G188900,0.679043
13S-HOTrE,LIN,individual,1:16739654,1,16739654,7.139589e-09,SORBI_3001G187500,0.678745
13S-HOTrE,LIN,individual,1:16739654,1,16739654,7.139589e-09,SORBI_3001G189300,0.67627
13S-HOTrE,LIN,individual,1:16739654,1,16739654,7.139589e-09,SORBI_3001G189300,0.67621
13S-HOTrE,LIN,individual,1:16739654,1,16739654,7.139589e-09,SORBI_3001G188900,0.675474
13S-HOTrE,LIN,individual,1:16739654,1,16739654,7.139589e-09,SORBI_3001G187800,0.671377
13S-HOTrE,LIN,individual,1:16739654,1,16739654,7.139589e-09,SORBI_3001G188900,0.66745
13S-HOTrE,LIN,individual,1:16739654,1,16739654,7.139589e-09,SORBI_3001G187800,0.659511
13S-HOTrE,LIN,individual,1:16739654,1,16739654,7.139589e-09,SORBI_3001G189200,0.65849
13S-HOTrE,LIN,individual,1:16739654,1,16739654,7.139589e-09,SORBI_3001G189000,0.653744
13S-HOTrE,LIN,individual,1:16739654,1,16739654,7.139589e-09,SORBI_3001G187800,0.651333
13S-HOTrE,LIN,individual,1:16739654,1,16739654,7.139589e-09,SORBI_3001G189200,0.649607
13S-HOTrE,LIN,individual,1:16739654,1,16739654,7.139589e-09,SORBI_3001G189200,0.649495
13S-HOTrE,LIN,individual,1:16739654,1,16739654,7.139589e-09,SORBI_3001G187800,0.644248
13S-HOTrE,LIN,individual,1:16739654,1,16739654,7.139589e-09,SORBI_3001G189000,0.643237
13S-HOTrE,LIN,individual,1:16739654,1,16739654,7.139589e-09,SORBI_3001G189200,0.640153
13S-HOTrE,LIN,individual,1:16739654,1,16739654,7.139589e-09,SORBI_3001G187800,0.639953
13S-HOTrE,LIN,individual,1:16739654,1,16739654,7.139589e-09,SORBI_3001G188900,0.633873
13S-HOTrE,LIN,individual,1:16739654,1,16739654,7.139589e-09,SORBI_3001G189200,0.631037
13S-HOTrE,LIN,individual,1:16739654,1,16739654,7.139589e-09,SORBI_3001G189300,0.631037
13S-HOTrE,LIN,individual,1:16739654,1,16739654,7.139589e-09,SORBI_3001G189200,0.630595
13S-HOTrE,LIN,individual,1:16739654,1,16739654,7.139589e-09,SORBI_3001G188700,0.625326
13S-HOTrE,LIN,individual,1:16739654,1,16739654,7.139589e-09,SORBI_3001G188700,0.624154
13S-HOTrE,LIN,individual,1:16739654,1,16739654,7.139589e-09,SORBI_3001G189200,0.622567
13S-HOTrE,LIN,individual,1:16739654,1,16739654,7.139589e-09,SORBI_3001G189000,0.622366
13S-HOTrE,LIN,individual,1:16739654,1,16739654,7.139589e-09,SORBI_3001G189300,0.622175
13S-HOTrE,LIN,individual,1:16739654,1,16739654,7.139589e-09,SORBI_3001G189000,0.621869
13S-HOTrE,LIN,individual,1:16739654,1,16739654,7.139589e-09,SORBI_3001G188700,0.620059
13S-HOTrE,LIN,individual,1:16739654,1,16739654,7.139589e-09,SORBI_3001G188700,0.619637
13S-HOTrE,LIN,individual,1:16739654,1,16739654,7.139589e-09,SORBI_3001G189000,0.618595
13S-HOTrE,LIN,individual,1:16739654,1,16739654,7.139589e-09,SORBI_3001G189000,0.618485
13S-HOTrE,LIN,individual,1:16739654,1,16739654,7.139589e-09,SORBI_3001G187800,0.616605
13S-HOTrE,LIN,individual,1:16739654,1,16739654,7.139589e-09,SORBI_3001G189200,0.613737
13S-HOTrE,LIN,individual,1:16739654,1,16739654,7.139589e-09,SORBI_3001G189000,0.613599
13S-HOTrE,LIN,individual,1:16739654,1,16739654,7.139589e-09,SORBI_3001G189100,0.613599
13S-HOTrE,LIN,individual,1:16739654,1,16739654,7.139589e-09,SORBI_3001G189200,0.613599
13S-HOTrE,LIN,individual,1:16739654,1,16739654,7.139589e-09,SORBI_3001G189000,0.613252
13S-HOTrE,LIN,individual,1:16739654,1,16739654,7.139589e-09,SORBI_3001G188700,0.612876
13S-HOTrE,LIN,individual,1:16739654,1,16739654,7.139589e-09,SORBI_3001G189300,0.61187
13S-HOTrE,LIN,individual,1:16739654,1,16739654,7.139589e-09,SORBI_3001G188700,0.611672
13S-HOTrE,LIN,individual,1:16739654,1,16739654,7.139589e-09,SORBI_3001G188700,0.611284
13S-HOTrE,LIN,individual,1:16739654,1,16739654,7.139589e-09,SORBI_3001G188700,0.611026
13S-HOTrE,LIN,individual,1:16739654,1,16739654,7.139589e-09,SORBI_3001G189000,0.604963
13S-HOTrE,LIN,individual,1:16739654,1,16739654,7.139589e-09,SORBI_3001G189000,0.604287
13S-HOTrE,LIN,individual,1:16739654,1,16739654,7.139589e-09,SORBI_3001G189100,0.604287
13S-HOTrE,LIN,individual,1:16739654,1,16739654,7.139589e-09,SORBI_3001G189200,0.604287
13S-HOTrE,LIN,individual,1:16739654,1,16739654,7.139589e-09,SORBI_3001G189000,0.604255
13S-HOTrE,LIN,individual,1:16739654,1,16739654,7.139589e-09,SORBI_3001G189100,0.604255
13S-HOTrE,LIN,individual,1:16739654,1,16739654,7.139589e-09,SORBI_3001G189200,0.604255
13S-HOTrE,LIN,individual,1:16739654,1,16739654,7.139589e-09,SORBI_3001G189000,0.603465
13S-HOTrE,LIN,individual,1:16739654,1,16739654,7.139589e-09,SORBI_3001G188700,0.599214
13S-HOTrE,LIN,individual,1:16739654,1,16739654,7.139589e-09,SORBI_3001G188700,0.598813
13S-HOTrE,LIN,individual,1:16739654,1,16739654,7.139589e-09,SORBI_3001G188700,0.598547
13S-HOTrE,LIN,individual,1:16739654,1,16739654,7.139589e-09,SORBI_3001G187800,0.598472
13S-HOTrE,LIN,individual,1:16739654,1,16739654,7.139589e-09,SORBI_3001G188700,0.598468
13S-HOTrE,LIN,individual,1:16739654,1,16739654,7.139589e-09,SORBI_3001G187500,0.597582
13S-HOTrE,LIN,individual,1:16739654,1,16739654,7.139589e-09,SORBI_3001G189000,0.595211
13S-HOTrE,LIN,individual,1:16739654,1,16739654,7.139589e-09,SORBI_3001G189100,0.595211
13S-HOTrE,LIN,individual,1:16739654,1,16739654,7.139589e-09,SORBI_3001G189000,0.595177
13S-HOTrE,LIN,individual,1:16739654,1,16739654,7.139589e-09,SORBI_3001G189000,0.595041
13S-HOTrE,LIN,individual,1:16739654,1,16739654,7.139589e-09,SORBI_3001G189000,0.594707
13S-HOTrE,LIN,individual,1:16739654,1,16739654,7.139589e-09,SORBI_3001G189200,0.594707
13S-HOTrE,LIN,individual,1:16739654,1,16739654,7.139589e-09,SORBI_3001G189000,0.594628
13S-HOTrE,LIN,individual,1:16739654,1,16739654,7.139589e-09,SORBI_3001G188700,0.594181
13S-HOTrE,LIN,individual,1:16739654,1,16739654,7.139589e-09,SORBI_3001G188700,0.594177
13S-HOTrE,LIN,individual,1:16739654,1,16739654,7.139589e-09,SORBI_3001G189000,0.593984
13S-HOTrE,LIN,individual,1:16739654,1,16739654,7.139589e-09,SORBI_3001G187700,0.589868
13S-HOTrE,LIN,individual,1:16739654,1,16739654,7.139589e-09,SORBI_3001G188400,0.586695
13S-HOTrE,LIN,individual,1:16739654,1,16739654,7.139589e-09,SORBI_3001G188500,0.586695
13S-HOTrE,LIN,individual,1:16739654,1,16739654,7.139589e-09,SORBI_3001G188900,0.586695
13S-HOTrE,LIN,individual,1:16739654,1,16739654,7.139589e-09,SORBI_3001G188700,0.586366
13S-HOTrE,LIN,individual,1:16739654,1,16739654,7.139589e-09,SORBI_3001G188700,0.586091
13S-HOTrE,LIN,individual,1:16739654,1,16739654,7.139589e-09,SORBI_3001G189100,0.585373
13S-HOTrE,LIN,individual,1:16739654,1,16739654,7.139589e-09,SORBI_3001G189000,0.585337
13S-HOTrE,LIN,individual,1:16739654,1,16739654,7.139589e-09,SORBI_3001G189000,0.585222
13S-HOTrE,LIN,individual,1:16739654,1,16739654,7.139589e-09,SORBI_3001G189000,0.580347
13S-HOTrE,LIN,individual,1:16739654,1,16739654,7.139589e-09,SORBI_3001G188400,0.579495
13S-HOTrE,LIN,individual,1:16739654,1,16739654,7.139589e-09,SORBI_3001G188500,0.579495
13S-HOTrE,LIN,individual,1:16739654,1,16739654,7.139589e-09,SORBI_3001G188600,0.579495
13S-HOTrE,LIN,individual,1:16739654,1,16739654,7.139589e-09,SORBI_3001G188700,0.579495
13S-HOTrE,LIN,individual,1:16739654,1,16739654,7.139589e-09,SORBI_3001G188900,0.579495
13S-HOTrE,LIN,individual,1:16739654,1,16739654,7.139589e-09,SORBI_3001G188900,0.577829
13S-HOTrE,LIN,individual,1:16739654,1,16739654,7.139589e-09,SORBI_3001G188500,0.576945
13S-HOTrE,LIN,individual,1:16739654,1,16739654,7.139589e-09,SORBI_3001G188900,0.576945
13S-HOTrE,LIN,individual,1:16739654,1,16739654,7.139589e-09,SORBI_3001G188700,0.573658
13S-HOTrE,LIN,individual,1:16739654,1,16739654,7.139589e-09,SORBI_3001G188400,0.571034
13S-HOTrE,LIN,individual,1:16739654,1,16739654,7.139589e-09,SORBI_3001G188500,0.571034
13S-HOTrE,LIN,individual,1:16739654,1,16739654,7.139589e-09,SORBI_3001G188800,0.571034
13S-HOTrE,LIN,individual,1:16739654,1,16739654,7.139589e-09,SORBI_3001G188900,0.571034
13S-HOTrE,LIN,individual,1:16739654,1,16739654,7.139589e-09,SORBI_3001G188400,0.569393
13S-HOTrE,LIN,individual,1:16739654,1,16739654,7.139589e-09,SORBI_3001G188500,0.569393
13S-HOTrE,LIN,individual,1:16739654,1,16739654,7.139589e-09,SORBI_3001G188600,0.569393
13S-HOTrE,LIN,individual,1:16739654,1,16739654,7.139589e-09,SORBI_3001G188700,0.569393
13S-HOTrE,LIN,individual,1:16739654,1,16739654,7.139589e-09,SORBI_3001G188900,0.569393
13S-HOTrE,LIN,individual,1:16739654,1,16739654,7.139589e-09,SORBI_3001G189000,0.569393
13S-HOTrE,LIN,individual,1:16739654,1,16739654,7.139589e-09,SORBI_3001G188800,0.569337
13S-HOTrE,LIN,individual,1:16739654,1,16739654,7.139589e-09,SORBI_3001G188700,0.569264
13S-HOTrE,LIN,individual,1:16739654,1,16739654,7.139589e-09,SORBI_3001G188400,0.567392
13S-HOTrE,LIN,individual,1:16739654,1,16739654,7.139589e-09,SORBI_3001G188500,0.567392
13S-HOTrE,LIN,individual,1:16739654,1,16739654,7.139589e-09,SORBI_3001G188900,0.567392
13S-HOTrE,LIN,individual,1:16739654,1,16739654,7.139589e-09,SORBI_3001G188800,0.564971
13S-HOTrE,LIN,individual,1:16739654,1,16739654,7.139589e-09,SORBI_3001G188700,0.561248
13S-HOTrE,LIN,individual,1:16739654,1,16739654,7.139589e-09,SORBI_3001G188400,0.560752
13S-HOTrE,LIN,individual,1:16739654,1,16739654,7.139589e-09,SORBI_3001G188900,0.560752
13S-HOTrE,LIN,individual,1:16739654,1,16739654,7.139589e-09,SORBI_3001G188400,0.559453
13S-HOTrE,LIN,individual,1:16739654,1,16739654,7.139589e-09,SORBI_3001G188500,0.559453
13S-HOTrE,LIN,individual,1:16739654,1,16739654,7.139589e-09,SORBI_3001G188700,0.559453
13S-HOTrE,LIN,individual,1:16739654,1,16739654,7.139589e-09,SORBI_3001G188800,0.559453
13S-HOTrE,LIN,individual,1:16739654,1,16739654,7.139589e-09,SORBI_3001G188900,0.559453
13S-HOTrE,LIN,individual,1:16739654,1,16739654,7.139589e-09,SORBI_3001G188500,0.558059
13S-HOTrE,LIN,individual,1:16739654,1,16739654,7.139589e-09,SORBI_3001G188700,0.556842
13S-HOTrE,LIN,individual,1:16739654,1,16739654,7.139589e-09,SORBI_3001G188500,0.555032
13S-HOTrE,LIN,individual,1:16739654,1,16739654,7.139589e-09,SORBI_3001G188900,0.55475
13S-HOTrE,LIN,individual,1:16739654,1,16739654,7.139589e-09,SORBI_3001G188400,0.552338
13S-HOTrE,LIN,individual,1:16739654,1,16739654,7.139589e-09,SORBI_3001G188900,0.550616
13S-HOTrE,LIN,individual,1:16739654,1,16739654,7.139589e-09,SORBI_3001G188500,0.549692
13S-HOTrE,LIN,individual,1:16739654,1,16739654,7.139589e-09,SORBI_3001G188900,0.549692
13S-HOTrE,LIN,individual,1:16739654,1,16739654,7.139589e-09,SORBI_3001G189000,0.549692
13S-HOTrE,LIN,individual,1:16739654,1,16739654,7.139589e-09,SORBI_3001G188700,0.548861
13S-HOTrE,LIN,individual,1:16739654,1,16739654,7.139589e-09,SORBI_3001G188900,0.548643
13S-HOTrE,LIN,individual,1:16739654,1,16739654,7.139589e-09,SORBI_3001G188400,0.54851
13S-HOTrE,LIN,individual,1:16739654,1,16739654,7.139589e-09,SORBI_3001G188900,0.544705
13S-HOTrE,LIN,individual,1:16739654,1,16739654,7.139589e-09,SORBI_3001G191500,0.543503
13S-HOTrE,LIN,individual,1:16739654,1,16739654,7.139589e-09,SORBI_3001G188900,0.540943
13S-HOTrE,LIN,individual,1:16739654,1,16739654,7.139589e-09,SORBI_3001G188500,0.540642
13S-HOTrE,LIN,individual,1:16739654,1,16739654,7.139589e-09,SORBI_3001G188900,0.540642
13S-HOTrE,LIN,individual,1:16739654,1,16739654,7.139589e-09,SORBI_3001G188900,0.540132
13S-HOTrE,LIN,individual,1:16739654,1,16739654,7.139589e-09,SORBI_3001G189000,0.540132
13S-HOTrE,LIN,individual,1:16739654,1,16739654,7.139589e-09,SORBI_3001G188700,0.539475
13S-HOTrE,LIN,individual,1:16739654,1,16739654,7.139589e-09,SORBI_3001G187600,0.537248
13S-HOTrE,LIN,individual,1:16739654,1,16739654,7.139589e-09,SORBI_3001G188800,0.533538
13S-HOTrE,LIN,individual,1:16739654,1,16739654,7.139589e-09,SORBI_3001G187600,0.529504
13S-HOTrE,LIN,individual,1:16739654,1,16739654,7.139589e-09,SORBI_3001G187700,0.529504
13S-HOTrE,LIN,individual,1:16739654,1,16739654,7.139589e-09,SORBI_3001G188900,0.528855
13S-HOTrE,LIN,individual,1:16739654,1,16739654,7.139589e-09,SORBI_3001G187600,0.526098
13S-HOTrE,LIN,individual,1:16739654,1,16739654,7.139589e-09,SORBI_3001G188700,0.526012
13S-HOTrE,LIN,individual,1:16739654,1,16739654,7.139589e-09,SORBI_3001G187600,0.523299
13S-HOTrE,LIN,individual,1:16739654,1,16739654,7.139589e-09,SORBI_3001G187600,0.523283
13S-HOTrE,LIN,individual,1:16739654,1,16739654,7.139589e-09,SORBI_3001G187600,0.522949
13S-HOTrE,LIN,individual,1:16739654,1,16739654,7.139589e-09,SORBI_3001G190900,0.52195
13S-HOTrE,LIN,individual,1:16739654,1,16739654,7.139589e-09,SORBI_3001G188400,0.520597
13S-HOTrE,LIN,individual,1:16739654,1,16739654,7.139589e-09,SORBI_3001G187600,0.51842
13S-HOTrE,LIN,individual,1:16739654,1,16739654,7.139589e-09,SORBI_3001G187600,0.518067
13S-HOTrE,LIN,individual,1:16739654,1,16739654,7.139589e-09,SORBI_3001G187700,0.518067
13S-HOTrE,LIN,individual,1:16739654,1,16739654,7.139589e-09,SORBI_3001G188400,0.514142
13S-HOTrE,LIN,individual,1:16739654,1,16739654,7.139589e-09,SORBI_3001G188900,0.514142
13S-HOTrE,LIN,individual,1:16739654,1,16739654,7.139589e-09,SORBI_3001G188100,0.513559
13S-HOTrE,LIN,individual,1:16739654,1,16739654,7.139589e-09,SORBI_3001G191200,0.512324
13S-HOTrE,LIN,individual,1:16739654,1,16739654,7.139589e-09,SORBI_3001G187600,0.511027
13S-HOTrE,LIN,individual,1:16739654,1,16739654,7.139589e-09,SORBI_3001G190900,0.50686
13S-HOTrE,LIN,individual,1:16739654,1,16739654,7.139589e-09,SORBI_3001G187600,0.506684
13S-HOTrE,LIN,individual,1:16739654,1,16739654,7.139589e-09,SORBI_3001G187700,0.506684
13S-HOTrE,LIN,individual,1:16739654,1,16739654,7.139589e-09,SORBI_3001G190900,0.505329
13S-HOTrE,LIN,individual,1:16739654,1,16739654,7.139589e-09,SORBI_3001G188100,0.502328
13S-HOTrE,LIN,individual,1:16739654,1,16739654,7.139589e-09,SORBI_3001G190900,0.499564
13S-HOTrE,LIN,individual,1:16739654,1,16739654,7.139589e-09,SORBI_3001G187600,0.499505
13S-HOTrE,LIN,individual,1:16739654,1,16739654,7.139589e-09,SORBI_3001G187800,0.498442
13S-HOTrE,LIN,individual,1:16739654,1,16739654,7.139589e-09,SORBI_3001G188000,0.498442
13S-HOTrE,LIN,individual,1:16739654,1,16739654,7.139589e-09,SORBI_3001G188100,0.498442
13S-HOTrE,LIN,individual,1:16739654,1,16739654,7.139589e-09,SORBI_3001G190700,0.497593
13S-HOTrE,LIN,individual,1:16739654,1,16739654,7.139589e-09,SORBI_3001G187600,0.495358
13S-HOTrE,LIN,individual,1:16739654,1,16739654,7.139589e-09,SORBI_3001G188100,0.495358
13S-HOTrE,LIN,individual,1:16739654,1,16739654,7.139589e-09,SORBI_3001G187700,0.494994
13S-HOTrE,LIN,individual,1:16739654,1,16739654,7.139589e-09,SORBI_3001G187800,0.494994
13S-HOTrE,LIN,individual,1:16739654,1,16739654,7.139589e-09,SORBI_3001G187900,0.494994
13S-HOTrE,LIN,individual,1:16739654,1,16739654,7.139589e-09,SORBI_3001G188000,0.494994
13S-HOTrE,LIN,individual,1:16739654,1,16739654,7.139589e-09,SORBI_3001G188100,0.494994
13S-HOTrE,LIN,individual,1:16739654,1,16739654,7.139589e-09,SORBI_3001G190900,0.49352
13S-HOTrE,LIN,individual,1:16739654,1,16739654,7.139589e-09,SORBI_3001G190700,0.492482
13S-HOTrE,LIN,individual,1:16739654,1,16739654,7.139589e-09,SORBI_3001G187800,0.488533
13S-HOTrE,LIN,individual,1:16739654,1,16739654,7.139589e-09,SORBI_3001G187900,0.488533
13S-HOTrE,LIN,individual,1:16739654,1,16739654,7.139589e-09,SORBI_3001G187800,0.487127
13S-HOTrE,LIN,individual,1:16739654,1,16739654,7.139589e-09,SORBI_3001G190700,0.486848
13S-HOTrE,LIN,individual,1:16739654,1,16739654,7.139589e-09,SORBI_3001G187800,0.483551
13S-HOTrE,LIN,individual,1:16739654,1,16739654,7.139589e-09,SORBI_3001G187900,0.483551
13S-HOTrE,LIN,individual,1:16739654,1,16739654,7.139589e-09,SORBI_3001G188000,0.483551
13S-HOTrE,LIN,individual,1:16739654,1,16739654,7.139589e-09,SORBI_3001G188100,0.483551
13S-HOTrE,LIN,individual,1:16739654,1,16739654,7.139589e-09,SORBI_3001G187800,0.483406
13S-HOTrE,LIN,individual,1:16739654,1,16739654,7.139589e-09,SORBI_3001G190700,0.480335
13S-HOTrE,LIN,individual,1:16739654,1,16739654,7.139589e-09,SORBI_3001G187800,0.480072
13S-HOTrE,LIN,individual,1:16739654,1,16739654,7.139589e-09,SORBI_3001G190700,0.478731
13S-HOTrE,LIN,individual,1:16739654,1,16739654,7.139589e-09,SORBI_3001G187800,0.477015
13S-HOTrE,LIN,individual,1:16739654,1,16739654,7.139589e-09,SORBI_3001G187900,0.477015
13S-HOTrE,LIN,individual,1:16739654,1,16739654,7.139589e-09,SORBI_3001G188000,0.477015
13S-HOTrE,LIN,individual,1:16739654,1,16739654,7.139589e-09,SORBI_3001G187800,0.472159
13S-HOTrE,LIN,individual,1:16739654,1,16739654,7.139589e-09,SORBI_3001G187900,0.472159
13S-HOTrE,LIN,individual,1:16739654,1,16739654,7.139589e-09,SORBI_3001G188100,0.472159
13S-HOTrE,LIN,individual,1:16739654,1,16739654,7.139589e-09,SORBI_3001G190600,0.471546
13S-HOTrE,LIN,individual,1:16739654,1,16739654,7.139589e-09,SORBI_3001G187800,0.469673
13S-HOTrE,LIN,individual,1:16739654,1,16739654,7.139589e-09,SORBI_3001G187800,0.469058
13S-HOTrE,LIN,individual,1:16739654,1,16739654,7.139589e-09,SORBI_3001G187700,0.468515
13S-HOTrE,LIN,individual,1:16739654,1,16739654,7.139589e-09,SORBI_3001G191200,0.465575
13S-HOTrE,LIN,individual,1:16739654,1,16739654,7.139589e-09,SORBI_3001G191400,0.465575
13S-HOTrE,LIN,individual,1:16739654,1,16739654,7.139589e-09,SORBI_3001G191500,0.465575
13S-HOTrE,LIN,individual,1:16739654,1,16739654,7.139589e-09,SORBI_3001G187800,0.465543
13S-HOTrE,LIN,individual,1:16739654,1,16739654,7.139589e-09,SORBI_3001G191200,0.465257
13S-HOTrE,LIN,individual,1:16739654,1,16739654,7.139589e-09,SORBI_3001G187600,0.465149
13S-HOTrE,LIN,individual,1:16739654,1,16739654,7.139589e-09,SORBI_3001G187800,0.460821
13S-HOTrE,LIN,individual,1:16739654,1,16739654,7.139589e-09,SORBI_3001G188000,0.460821
13S-HOTrE,LIN,individual,1:16739654,1,16739654,7.139589e-09,SORBI_3001G187700,0.456535
13S-HOTrE,LIN,individual,1:16739654,1,16739654,7.139589e-09,SORBI_3001G190700,0.456281
13S-HOTrE,LIN,individual,1:16739654,1,16739654,7.139589e-09,SORBI_3001G187800,0.454119
13S-HOTrE,LIN,individual,1:16739654,1,16739654,7.139589e-09,SORBI_3001G191500,0.45386
13S-HOTrE,LIN,individual,1:16739654,1,16739654,7.139589e-09,SORBI_3001G191200,0.453458
13S-HOTrE,LIN,individual,1:16739654,1,16739654,7.139589e-09,SORBI_3001G190500,0.446199
13S-HOTrE,LIN,individual,1:16739654,1,16739654,7.139589e-09,SORBI_3001G191200,0.444437
13S-HOTrE,LIN,individual,1:16739654,1,16739654,7.139589e-09,SORBI_3001G191200,0.444102
13S-HOTrE,LIN,individual,1:16739654,1,16739654,7.139589e-09,SORBI_3001G187500,0.442196
13S-HOTrE,LIN,individual,1:16739654,1,16739654,7.139589e-09,SORBI_3001G191400,0.442178
13S-HOTrE,LIN,individual,1:16739654,1,16739654,7.139589e-09,SORBI_3001G187800,0.439184
13S-HOTrE,LIN,individual,1:16739654,1,16739654,7.139589e-09,SORBI_3001G189100,0.439048
13S-HOTrE,LIN,individual,1:16739654,1,16739654,7.139589e-09,SORBI_3001G187700,0.438949
13S-HOTrE,LIN,individual,1:16739654,1,16739654,7.139589e-09,SORBI_3001G188100,0.432598
13S-HOTrE,LIN,individual,1:16739654,1,16739654,7.139589e-09,SORBI_3001G191200,0.432598
13S-HOTrE,LIN,individual,1:16739654,1,16739654,7.139589e-09,SORBI_3001G191200,0.432176
13S-HOTrE,LIN,individual,1:16739654,1,16739654,7.139589e-09,SORBI_3001G188100,0.431184
13S-HOTrE,LIN,individual,1:16739654,1,16739654,7.139589e-09,SORBI_3001G187700,0.430015
13S-HOTrE,LIN,individual,1:16739654,1,16739654,7.139589e-09,SORBI_3001G188100,0.428679
13S-HOTrE,LIN,individual,1:16739654,1,16739654,7.139589e-09,SORBI_3001G188100,0.427176
13S-HOTrE,LIN,individual,1:16739654,1,16739654,7.139589e-09,SORBI_3001G191200,0.427176
13S-HOTrE,LIN,individual,1:16739654,1,16739654,7.139589e-09,SORBI_3001G191200,0.424551
13S-HOTrE,LIN,individual,1:16739654,1,16739654,7.139589e-09,SORBI_3001G191200,0.420784
13S-HOTrE,LIN,individual,1:16739654,1,16739654,7.139589e-09,SORBI_3001G190500,0.420404
13S-HOTrE,LIN,individual,1:16739654,1,16739654,7.139589e-09,SORBI_3001G187400,0.42
13S-HOTrE,LIN,individual,1:16739654,1,16739654,7.139589e-09,SORBI_3001G187700,0.418132
13S-HOTrE,LIN,individual,1:16739654,1,16739654,7.139589e-09,SORBI_3001G190200,0.4172
13S-HOTrE,LIN,individual,1:16739654,1,16739654,7.139589e-09,SORBI_3001G188100,0.414047
13S-HOTrE,LIN,individual,1:16739654,1,16739654,7.139589e-09,SORBI_3001G191200,0.408996
13S-HOTrE,LIN,individual,1:16739654,1,16739654,7.139589e-09,SORBI_3001G189000,0.408806
13S-HOTrE,LIN,individual,1:16739654,1,16739654,7.139589e-09,SORBI_3001G190400,0.404925
13S-HOTrE,LIN,individual,1:16739654,1,16739654,7.139589e-09,SORBI_3001G187700,0.40487
13S-HOTrE,LIN,individual,1:16739654,1,16739654,7.139589e-09,SORBI_3001G191200,0.402167
13S-HOTrE,LIN,individual,1:16737606,1,16737606,7.198339e-09,SORBI_3001G189300,1
13S-HOTrE,LIN,individual,1:16737606,1,16737606,7.198339e-09,SORBI_3001G189300,1
13S-HOTrE,LIN,individual,1:16737606,1,16737606,7.198339e-09,SORBI_3001G189300,0.991387
13S-HOTrE,LIN,individual,1:16737606,1,16737606,7.198339e-09,SORBI_3001G189300,0.983317
13S-HOTrE,LIN,individual,1:16737606,1,16737606,7.198339e-09,SORBI_3001G189300,0.982284
13S-HOTrE,LIN,individual,1:16737606,1,16737606,7.198339e-09,SORBI_3001G189300,0.973954
13S-HOTrE,LIN,individual,1:16737606,1,16737606,7.198339e-09,SORBI_3001G189300,0.973331
13S-HOTrE,LIN,individual,1:16737606,1,16737606,7.198339e-09,SORBI_3001G189300,0.969381
13S-HOTrE,LIN,individual,1:16737606,1,16737606,7.198339e-09,SORBI_3001G189300,0.966896
13S-HOTrE,LIN,individual,1:16737606,1,16737606,7.198339e-09,SORBI_3001G189300,0.96554
13S-HOTrE,LIN,individual,1:16737606,1,16737606,7.198339e-09,SORBI_3001G189300,0.964726
13S-HOTrE,LIN,individual,1:16737606,1,16737606,7.198339e-09,SORBI_3001G189300,0.96449
13S-HOTrE,LIN,individual,1:16737606,1,16737606,7.198339e-09,SORBI_3001G189300,0.962462
13S-HOTrE,LIN,individual,1:16737606,1,16737606,7.198339e-09,SORBI_3001G189300,0.957268
13S-HOTrE,LIN,individual,1:16737606,1,16737606,7.198339e-09,SORBI_3001G189300,0.95617
13S-HOTrE,LIN,individual,1:16737606,1,16737606,7.198339e-09,SORBI_3001G189300,0.955642
13S-HOTrE,LIN,individual,1:16737606,1,16737606,7.198339e-09,SORBI_3001G189300,0.955536
13S-HOTrE,LIN,individual,1:16737606,1,16737606,7.198339e-09,SORBI_3001G189300,0.95482
13S-HOTrE,LIN,individual,1:16737606,1,16737606,7.198339e-09,SORBI_3001G189300,0.949389
13S-HOTrE,LIN,individual,1:16737606,1,16737606,7.198339e-09,SORBI_3001G189300,0.949038
13S-HOTrE,LIN,individual,1:16737606,1,16737606,7.198339e-09,SORBI_3001G189300,0.947763
13S-HOTrE,LIN,individual,1:16737606,1,16737606,7.198339e-09,SORBI_3001G189300,0.947127
13S-HOTrE,LIN,individual,1:16737606,1,16737606,7.198339e-09,SORBI_3001G189300,0.946711
13S-HOTrE,LIN,individual,1:16737606,1,16737606,7.198339e-09,SORBI_3001G189300,0.920281
13S-HOTrE,LIN,individual,1:16737606,1,16737606,7.198339e-09,SORBI_3001G189400,0.91193
13S-HOTrE,LIN,individual,1:16737606,1,16737606,7.198339e-09,SORBI_3001G189600,0.853582
13S-HOTrE,LIN,individual,1:16737606,1,16737606,7.198339e-09,SORBI_3001G187600,0.829772
13S-HOTrE,LIN,individual,1:16737606,1,16737606,7.198339e-09,SORBI_3001G187500,0.825843
13S-HOTrE,LIN,individual,1:16737606,1,16737606,7.198339e-09,SORBI_3001G187500,0.820236
13S-HOTrE,LIN,individual,1:16737606,1,16737606,7.198339e-09,SORBI_3001G187500,0.820177
13S-HOTrE,LIN,individual,1:16737606,1,16737606,7.198339e-09,SORBI_3001G187400,0.818962
13S-HOTrE,LIN,individual,1:16737606,1,16737606,7.198339e-09,SORBI_3001G187500,0.818962
13S-HOTrE,LIN,individual,1:16737606,1,16737606,7.198339e-09,SORBI_3001G187500,0.814704
13S-HOTrE,LIN,individual,1:16737606,1,16737606,7.198339e-09,SORBI_3001G187500,0.81342
13S-HOTrE,LIN,individual,1:16737606,1,16737606,7.198339e-09,SORBI_3001G187500,0.813042
13S-HOTrE,LIN,individual,1:16737606,1,16737606,7.198339e-09,SORBI_3001G187400,0.81246
13S-HOTrE,LIN,individual,1:16737606,1,16737606,7.198339e-09,SORBI_3001G187400,0.812332
13S-HOTrE,LIN,individual,1:16737606,1,16737606,7.198339e-09,SORBI_3001G187500,0.80838
13S-HOTrE,LIN,individual,1:16737606,1,16737606,7.198339e-09,SORBI_3001G187400,0.80758
13S-HOTrE,LIN,individual,1:16737606,1,16737606,7.198339e-09,SORBI_3001G189300,0.807481
13S-HOTrE,LIN,individual,1:16737606,1,16737606,7.198339e-09,SORBI_3001G187500,0.796626
13S-HOTrE,LIN,individual,1:16737606,1,16737606,7.198339e-09,SORBI_3001G187500,0.796614
13S-HOTrE,LIN,individual,1:16737606,1,16737606,7.198339e-09,SORBI_3001G187500,0.792984
13S-HOTrE,LIN,individual,1:16737606,1,16737606,7.198339e-09,SORBI_3001G187500,0.792913
13S-HOTrE,LIN,individual,1:16737606,1,16737606,7.198339e-09,SORBI_3001G187400,0.791327
13S-HOTrE,LIN,individual,1:16737606,1,16737606,7.198339e-09,SORBI_3001G187400,0.786252
13S-HOTrE,LIN,individual,1:16737606,1,16737606,7.198339e-09,SORBI_3001G187400,0.786155
13S-HOTrE,LIN,individual,1:16737606,1,16737606,7.198339e-09,SORBI_3001G187800,0.784423
13S-HOTrE,LIN,individual,1:16737606,1,16737606,7.198339e-09,SORBI_3001G187500,0.782
13S-HOTrE,LIN,individual,1:16737606,1,16737606,7.198339e-09,SORBI_3001G187400,0.774538
13S-HOTrE,LIN,individual,1:16737606,1,16737606,7.198339e-09,SORBI_3001G187800,0.773684
13S-HOTrE,LIN,individual,1:16737606,1,16737606,7.198339e-09,SORBI_3001G187500,0.772553
13S-HOTrE,LIN,individual,1:16737606,1,16737606,7.198339e-09,SORBI_3001G187500,0.770704
13S-HOTrE,LIN,individual,1:16737606,1,16737606,7.198339e-09,SORBI_3001G187400,0.764333
13S-HOTrE,LIN,individual,1:16737606,1,16737606,7.198339e-09,SORBI_3001G187500,0.762657
13S-HOTrE,LIN,individual,1:16737606,1,16737606,7.198339e-09,SORBI_3001G187400,0.760703
13S-HOTrE,LIN,individual,1:16737606,1,16737606,7.198339e-09,SORBI_3001G187400,0.750516
13S-HOTrE,LIN,individual,1:16737606,1,16737606,7.198339e-09,SORBI_3001G188900,0.749447
13S-HOTrE,LIN,individual,1:16737606,1,16737606,7.198339e-09,SORBI_3001G188800,0.746316
13S-HOTrE,LIN,individual,1:16737606,1,16737606,7.198339e-09,SORBI_3001G188900,0.746316
13S-HOTrE,LIN,individual,1:16737606,1,16737606,7.198339e-09,SORBI_3001G187400,0.739907
13S-HOTrE,LIN,individual,1:16737606,1,16737606,7.198339e-09,SORBI_3001G188900,0.738314
13S-HOTrE,LIN,individual,1:16737606,1,16737606,7.198339e-09,SORBI_3001G187400,0.736968
13S-HOTrE,LIN,individual,1:16737606,1,16737606,7.198339e-09,SORBI_3001G188900,0.734879
13S-HOTrE,LIN,individual,1:16737606,1,16737606,7.198339e-09,SORBI_3001G188900,0.734676
13S-HOTrE,LIN,individual,1:16737606,1,16737606,7.198339e-09,SORBI_3001G188900,0.7308
13S-HOTrE,LIN,individual,1:16737606,1,16737606,7.198339e-09,SORBI_3001G187400,0.730747
13S-HOTrE,LIN,individual,1:16737606,1,16737606,7.198339e-09,SORBI_3001G189000,0.729243
13S-HOTrE,LIN,individual,1:16737606,1,16737606,7.198339e-09,SORBI_3001G187800,0.723024
13S-HOTrE,LIN,individual,1:16737606,1,16737606,7.198339e-09,SORBI_3001G188900,0.718015
13S-HOTrE,LIN,individual,1:16737606,1,16737606,7.198339e-09,SORBI_3001G188100,0.715247
13S-HOTrE,LIN,individual,1:16737606,1,16737606,7.198339e-09,SORBI_3001G188900,0.712796
13S-HOTrE,LIN,individual,1:16737606,1,16737606,7.198339e-09,SORBI_3001G188900,0.709449
13S-HOTrE,LIN,individual,1:16737606,1,16737606,7.198339e-09,SORBI_3001G187800,0.707217
13S-HOTrE,LIN,individual,1:16737606,1,16737606,7.198339e-09,SORBI_3001G188900,0.706826
13S-HOTrE,LIN,individual,1:16737606,1,16737606,7.198339e-09,SORBI_3001G188900,0.70646
13S-HOTrE,LIN,individual,1:16737606,1,16737606,7.198339e-09,SORBI_3001G188900,0.702558
13S-HOTrE,LIN,individual,1:16737606,1,16737606,7.198339e-09,SORBI_3001G188900,0.701154
13S-HOTrE,LIN,individual,1:16737606,1,16737606,7.198339e-09,SORBI_3001G188900,0.696327
13S-HOTrE,LIN,individual,1:16737606,1,16737606,7.198339e-09,SORBI_3001G188900,0.691079
13S-HOTrE,LIN,individual,1:16737606,1,16737606,7.198339e-09,SORBI_3001G187500,0.690278
13S-HOTrE,LIN,individual,1:16737606,1,16737606,7.198339e-09,SORBI_3001G187800,0.687222
13S-HOTrE,LIN,individual,1:16737606,1,16737606,7.198339e-09,SORBI_3001G188900,0.684222
13S-HOTrE,LIN,individual,1:16737606,1,16737606,7.198339e-09,SORBI_3001G189000,0.675619
13S-HOTrE,LIN,individual,1:16737606,1,16737606,7.198339e-09,SORBI_3001G189300,0.671086
13S-HOTrE,LIN,individual,1:16737606,1,16737606,7.198339e-09,SORBI_3001G187800,0.664163
13S-HOTrE,LIN,individual,1:16737606,1,16737606,7.198339e-09,SORBI_3001G189300,0.66265
13S-HOTrE,LIN,individual,1:16737606,1,16737606,7.198339e-09,SORBI_3001G189300,0.661981
13S-HOTrE,LIN,individual,1:16737606,1,16737606,7.198339e-09,SORBI_3001G187800,0.656345
13S-HOTrE,LIN,individual,1:16737606,1,16737606,7.198339e-09,SORBI_3001G188700,0.65485
13S-HOTrE,LIN,individual,1:16737606,1,16737606,7.198339e-09,SORBI_3001G187800,0.647396
13S-HOTrE,LIN,individual,1:16737606,1,16737606,7.198339e-09,SORBI_3001G188700,0.643191
13S-HOTrE,LIN,individual,1:16737606,1,16737606,7.198339e-09,SORBI_3001G188700,0.641213
13S-HOTrE,LIN,individual,1:16737606,1,16737606,7.198339e-09,SORBI_3001G188700,0.640437
13S-HOTrE,LIN,individual,1:16737606,1,16737606,7.198339e-09,SORBI_3001G187800,0.639935
13S-HOTrE,LIN,individual,1:16737606,1,16737606,7.198339e-09,SORBI_3001G188900,0.639194
13S-HOTrE,LIN,individual,1:16737606,1,16737606,7.198339e-09,SORBI_3001G189000,0.63867
13S-HOTrE,LIN,individual,1:16737606,1,16737606,7.198339e-09,SORBI_3001G189200,0.637334
13S-HOTrE,LIN,individual,1:16737606,1,16737606,7.198339e-09,SORBI_3001G189300,0.636301
13S-HOTrE,LIN,individual,1:16737606,1,16737606,7.198339e-09,SORBI_3001G188700,0.636006
13S-HOTrE,LIN,individual,1:16737606,1,16737606,7.198339e-09,SORBI_3001G188700,0.629531
13S-HOTrE,LIN,individual,1:16737606,1,16737606,7.198339e-09,SORBI_3001G188700,0.628737
13S-HOTrE,LIN,individual,1:16737606,1,16737606,7.198339e-09,SORBI_3001G189200,0.628248
13S-HOTrE,LIN,individual,1:16737606,1,16737606,7.198339e-09,SORBI_3001G188700,0.628077
13S-HOTrE,LIN,individual,1:16737606,1,16737606,7.198339e-09,SORBI_3001G189300,0.627764
13S-HOTrE,LIN,individual,1:16737606,1,16737606,7.198339e-09,SORBI_3001G188700,0.627546
13S-HOTrE,LIN,individual,1:16737606,1,16737606,7.198339e-09,SORBI_3001G188700,0.624288
13S-HOTrE,LIN,individual,1:16737606,1,16737606,7.198339e-09,SORBI_3001G189200,0.619634
13S-HOTrE,LIN,individual,1:16737606,1,16737606,7.198339e-09,SORBI_3001G187700,0.619408
13S-HOTrE,LIN,individual,1:16737606,1,16737606,7.198339e-09,SORBI_3001G189200,0.619331
13S-HOTrE,LIN,individual,1:16737606,1,16737606,7.198339e-09,SORBI_3001G187800,0.619177
13S-HOTrE,LIN,individual,1:16737606,1,16737606,7.198339e-09,SORBI_3001G188700,0.617058
13S-HOTrE,LIN,individual,1:16737606,1,16737606,7.198339e-09,SORBI_3001G188700,0.616383
13S-HOTrE,LIN,individual,1:16737606,1,16737606,7.198339e-09,SORBI_3001G188700,0.615839
13S-HOTrE,LIN,individual,1:16737606,1,16737606,7.198339e-09,SORBI_3001G188700,0.615758
13S-HOTrE,LIN,individual,1:16737606,1,16737606,7.198339e-09,SORBI_3001G188700,0.611542
13S-HOTrE,LIN,individual,1:16737606,1,16737606,7.198339e-09,SORBI_3001G189100,0.611416
13S-HOTrE,LIN,individual,1:16737606,1,16737606,7.198339e-09,SORBI_3001G188700,0.610974
13S-HOTrE,LIN,individual,1:16737606,1,16737606,7.198339e-09,SORBI_3001G189000,0.610269
13S-HOTrE,LIN,individual,1:16737606,1,16737606,7.198339e-09,SORBI_3001G189000,0.609707
13S-HOTrE,LIN,individual,1:16737606,1,16737606,7.198339e-09,SORBI_3001G189000,0.606004
13S-HOTrE,LIN,individual,1:16737606,1,16737606,7.198339e-09,SORBI_3001G189000,0.60588
13S-HOTrE,LIN,individual,1:16737606,1,16737606,7.198339e-09,SORBI_3001G188700,0.604711
13S-HOTrE,LIN,individual,1:16737606,1,16737606,7.198339e-09,SORBI_3001G188700,0.604153
13S-HOTrE,LIN,individual,1:16737606,1,16737606,7.198339e-09,SORBI_3001G189300,0.604036
13S-HOTrE,LIN,individual,1:16737606,1,16737606,7.198339e-09,SORBI_3001G189000,0.603768
13S-HOTrE,LIN,individual,1:16737606,1,16737606,7.198339e-09,SORBI_3001G189100,0.603768
13S-HOTrE,LIN,individual,1:16737606,1,16737606,7.198339e-09,SORBI_3001G189200,0.603768
13S-HOTrE,LIN,individual,1:16737606,1,16737606,7.198339e-09,SORBI_3001G187500,0.603767
13S-HOTrE,LIN,individual,1:16737606,1,16737606,7.198339e-09,SORBI_3001G189000,0.603378
13S-HOTrE,LIN,individual,1:16737606,1,16737606,7.198339e-09,SORBI_3001G189100,0.602708
13S-HOTrE,LIN,individual,1:16737606,1,16737606,7.198339e-09,SORBI_3001G189000,0.595334
13S-HOTrE,LIN,individual,1:16737606,1,16737606,7.198339e-09,SORBI_3001G189100,0.595334
13S-HOTrE,LIN,individual,1:16737606,1,16737606,7.198339e-09,SORBI_3001G189200,0.595334
13S-HOTrE,LIN,individual,1:16737606,1,16737606,7.198339e-09,SORBI_3001G189000,0.594699
13S-HOTrE,LIN,individual,1:16737606,1,16737606,7.198339e-09,SORBI_3001G189100,0.594699
13S-HOTrE,LIN,individual,1:16737606,1,16737606,7.198339e-09,SORBI_3001G189200,0.594699
13S-HOTrE,LIN,individual,1:16737606,1,16737606,7.198339e-09,SORBI_3001G189000,0.594217
13S-HOTrE,LIN,individual,1:16737606,1,16737606,7.198339e-09,SORBI_3001G189000,0.593775
13S-HOTrE,LIN,individual,1:16737606,1,16737606,7.198339e-09,SORBI_3001G188700,0.59306
13S-HOTrE,LIN,individual,1:16737606,1,16737606,7.198339e-09,SORBI_3001G188700,0.592488
13S-HOTrE,LIN,individual,1:16737606,1,16737606,7.198339e-09,SORBI_3001G187800,0.59172
13S-HOTrE,LIN,individual,1:16737606,1,16737606,7.198339e-09,SORBI_3001G188700,0.588646
13S-HOTrE,LIN,individual,1:16737606,1,16737606,7.198339e-09,SORBI_3001G188700,0.588161
13S-HOTrE,LIN,individual,1:16737606,1,16737606,7.198339e-09,SORBI_3001G189000,0.58608
13S-HOTrE,LIN,individual,1:16737606,1,16737606,7.198339e-09,SORBI_3001G189200,0.58608
13S-HOTrE,LIN,individual,1:16737606,1,16737606,7.198339e-09,SORBI_3001G189000,0.585803
13S-HOTrE,LIN,individual,1:16737606,1,16737606,7.198339e-09,SORBI_3001G189200,0.585803
13S-HOTrE,LIN,individual,1:16737606,1,16737606,7.198339e-09,SORBI_3001G189000,0.585329
13S-HOTrE,LIN,individual,1:16737606,1,16737606,7.198339e-09,SORBI_3001G189000,0.585179
13S-HOTrE,LIN,individual,1:16737606,1,16737606,7.198339e-09,SORBI_3001G189000,0.584722
13S-HOTrE,LIN,individual,1:16737606,1,16737606,7.198339e-09,SORBI_3001G189000,0.583115
13S-HOTrE,LIN,individual,1:16737606,1,16737606,7.198339e-09,SORBI_3001G188400,0.579208
13S-HOTrE,LIN,individual,1:16737606,1,16737606,7.198339e-09,SORBI_3001G188500,0.579208
13S-HOTrE,LIN,individual,1:16737606,1,16737606,7.198339e-09,SORBI_3001G188700,0.579208
13S-HOTrE,LIN,individual,1:16737606,1,16737606,7.198339e-09,SORBI_3001G188900,0.579208
13S-HOTrE,LIN,individual,1:16737606,1,16737606,7.198339e-09,SORBI_3001G189000,0.577617
13S-HOTrE,LIN,individual,1:16737606,1,16737606,7.198339e-09,SORBI_3001G189100,0.576986
13S-HOTrE,LIN,individual,1:16737606,1,16737606,7.198339e-09,SORBI_3001G189000,0.576186
13S-HOTrE,LIN,individual,1:16737606,1,16737606,7.198339e-09,SORBI_3001G188400,0.572984
13S-HOTrE,LIN,individual,1:16737606,1,16737606,7.198339e-09,SORBI_3001G188500,0.572984
13S-HOTrE,LIN,individual,1:16737606,1,16737606,7.198339e-09,SORBI_3001G188600,0.572984
13S-HOTrE,LIN,individual,1:16737606,1,16737606,7.198339e-09,SORBI_3001G188700,0.572984
13S-HOTrE,LIN,individual,1:16737606,1,16737606,7.198339e-09,SORBI_3001G188900,0.572984
13S-HOTrE,LIN,individual,1:16737606,1,16737606,7.198339e-09,SORBI_3001G189000,0.57143
13S-HOTrE,LIN,individual,1:16737606,1,16737606,7.198339e-09,SORBI_3001G188400,0.569799
13S-HOTrE,LIN,individual,1:16737606,1,16737606,7.198339e-09,SORBI_3001G188500,0.569799
13S-HOTrE,LIN,individual,1:16737606,1,16737606,7.198339e-09,SORBI_3001G188700,0.569799
13S-HOTrE,LIN,individual,1:16737606,1,16737606,7.198339e-09,SORBI_3001G188900,0.569799
13S-HOTrE,LIN,individual,1:16737606,1,16737606,7.198339e-09,SORBI_3001G188700,0.569223
13S-HOTrE,LIN,individual,1:16737606,1,16737606,7.198339e-09,SORBI_3001G188400,0.565275
13S-HOTrE,LIN,individual,1:16737606,1,16737606,7.198339e-09,SORBI_3001G188500,0.565275
13S-HOTrE,LIN,individual,1:16737606,1,16737606,7.198339e-09,SORBI_3001G188800,0.565275
13S-HOTrE,LIN,individual,1:16737606,1,16737606,7.198339e-09,SORBI_3001G188900,0.565275
13S-HOTrE,LIN,individual,1:16737606,1,16737606,7.198339e-09,SORBI_3001G188400,0.563304
13S-HOTrE,LIN,individual,1:16737606,1,16737606,7.198339e-09,SORBI_3001G188500,0.563304
13S-HOTrE,LIN,individual,1:16737606,1,16737606,7.198339e-09,SORBI_3001G188600,0.563304
13S-HOTrE,LIN,individual,1:16737606,1,16737606,7.198339e-09,SORBI_3001G188700,0.563304
13S-HOTrE,LIN,individual,1:16737606,1,16737606,7.198339e-09,SORBI_3001G188900,0.563304
13S-HOTrE,LIN,individual,1:16737606,1,16737606,7.198339e-09,SORBI_3001G189000,0.563304
13S-HOTrE,LIN,individual,1:16737606,1,16737606,7.198339e-09,SORBI_3001G188800,0.563243
13S-HOTrE,LIN,individual,1:16737606,1,16737606,7.198339e-09,SORBI_3001G188900,0.561596
13S-HOTrE,LIN,individual,1:16737606,1,16737606,7.198339e-09,SORBI_3001G188700,0.56154
13S-HOTrE,LIN,individual,1:16737606,1,16737606,7.198339e-09,SORBI_3001G188400,0.560535
13S-HOTrE,LIN,individual,1:16737606,1,16737606,7.198339e-09,SORBI_3001G188500,0.560535
13S-HOTrE,LIN,individual,1:16737606,1,16737606,7.198339e-09,SORBI_3001G188800,0.560535
13S-HOTrE,LIN,individual,1:16737606,1,16737606,7.198339e-09,SORBI_3001G189000,0.560535
13S-HOTrE,LIN,individual,1:16737606,1,16737606,7.198339e-09,SORBI_3001G188800,0.559312
13S-HOTrE,LIN,individual,1:16737606,1,16737606,7.198339e-09,SORBI_3001G188400,0.555452
13S-HOTrE,LIN,individual,1:16737606,1,16737606,7.198339e-09,SORBI_3001G188900,0.555452
13S-HOTrE,LIN,individual,1:16737606,1,16737606,7.198339e-09,SORBI_3001G188400,0.553747
13S-HOTrE,LIN,individual,1:16737606,1,16737606,7.198339e-09,SORBI_3001G188500,0.553747
13S-HOTrE,LIN,individual,1:16737606,1,16737606,7.198339e-09,SORBI_3001G188900,0.553747
13S-HOTrE,LIN,individual,1:16737606,1,16737606,7.198339e-09,SORBI_3001G188500,0.552157
13S-HOTrE,LIN,individual,1:16737606,1,16737606,7.198339e-09,SORBI_3001G188900,0.551433
13S-HOTrE,LIN,individual,1:16737606,1,16737606,7.198339e-09,SORBI_3001G189000,0.551433
13S-HOTrE,LIN,individual,1:16737606,1,16737606,7.198339e-09,SORBI_3001G188900,0.550387
13S-HOTrE,LIN,individual,1:16737606,1,16737606,7.198339e-09,SORBI_3001G188700,0.548243
13S-HOTrE,LIN,individual,1:16737606,1,16737606,7.198339e-09,SORBI_3001G188400,0.547787
13S-HOTrE,LIN,individual,1:16737606,1,16737606,7.198339e-09,SORBI_3001G188400,0.54574
13S-HOTrE,LIN,individual,1:16737606,1,16737606,7.198339e-09,SORBI_3001G188900,0.54488
13S-HOTrE,LIN,individual,1:16737606,1,16737606,7.198339e-09,SORBI_3001G188500,0.544323
13S-HOTrE,LIN,individual,1:16737606,1,16737606,7.198339e-09,SORBI_3001G188900,0.544323
13S-HOTrE,LIN,individual,1:16737606,1,16737606,7.198339e-09,SORBI_3001G188400,0.542864
13S-HOTrE,LIN,individual,1:16737606,1,16737606,7.198339e-09,SORBI_3001G188500,0.539983
13S-HOTrE,LIN,individual,1:16737606,1,16737606,7.198339e-09,SORBI_3001G188900,0.539983
13S-HOTrE,LIN,individual,1:16737606,1,16737606,7.198339e-09,SORBI_3001G187600,0.53957
13S-HOTrE,LIN,individual,1:16737606,1,16737606,7.198339e-09,SORBI_3001G188900,0.537804
13S-HOTrE,LIN,individual,1:16737606,1,16737606,7.198339e-09,SORBI_3001G188900,0.536151
13S-HOTrE,LIN,individual,1:16737606,1,16737606,7.198339e-09,SORBI_3001G188500,0.535047
13S-HOTrE,LIN,individual,1:16737606,1,16737606,7.198339e-09,SORBI_3001G188900,0.535047
13S-HOTrE,LIN,individual,1:16737606,1,16737606,7.198339e-09,SORBI_3001G187600,0.534637
13S-HOTrE,LIN,individual,1:16737606,1,16737606,7.198339e-09,SORBI_3001G187600,0.532404
13S-HOTrE,LIN,individual,1:16737606,1,16737606,7.198339e-09,SORBI_3001G187700,0.530975
13S-HOTrE,LIN,individual,1:16737606,1,16737606,7.198339e-09,SORBI_3001G188800,0.529762
13S-HOTrE,LIN,individual,1:16737606,1,16737606,7.198339e-09,SORBI_3001G187600,0.527677
13S-HOTrE,LIN,individual,1:16737606,1,16737606,7.198339e-09,SORBI_3001G187700,0.527677
13S-HOTrE,LIN,individual,1:16737606,1,16737606,7.198339e-09,SORBI_3001G188900,0.525771
13S-HOTrE,LIN,individual,1:16737606,1,16737606,7.198339e-09,SORBI_3001G187600,0.525425
13S-HOTrE,LIN,individual,1:16737606,1,16737606,7.198339e-09,SORBI_3001G187600,0.524121
13S-HOTrE,LIN,individual,1:16737606,1,16737606,7.198339e-09,SORBI_3001G187600,0.52171
13S-HOTrE,LIN,individual,1:16737606,1,16737606,7.198339e-09,SORBI_3001G187600,0.52157
13S-HOTrE,LIN,individual,1:16737606,1,16737606,7.198339e-09,SORBI_3001G187700,0.520333
13S-HOTrE,LIN,individual,1:16737606,1,16737606,7.198339e-09,SORBI_3001G188400,0.51912
13S-HOTrE,LIN,individual,1:16737606,1,16737606,7.198339e-09,SORBI_3001G187600,0.516928
13S-HOTrE,LIN,individual,1:16737606,1,16737606,7.198339e-09,SORBI_3001G187700,0.516928
13S-HOTrE,LIN,individual,1:16737606,1,16737606,7.198339e-09,SORBI_3001G190900,0.515584
13S-HOTrE,LIN,individual,1:16737606,1,16737606,7.198339e-09,SORBI_3001G187600,0.515047
13S-HOTrE,LIN,individual,1:16737606,1,16737606,7.198339e-09,SORBI_3001G188900,0.512766
13S-HOTrE,LIN,individual,1:16737606,1,16737606,7.198339e-09,SORBI_3001G188100,0.512602
13S-HOTrE,LIN,individual,1:16737606,1,16737606,7.198339e-09,SORBI_3001G187600,0.506223
13S-HOTrE,LIN,individual,1:16737606,1,16737606,7.198339e-09,SORBI_3001G188100,0.502023
13S-HOTrE,LIN,individual,1:16737606,1,16737606,7.198339e-09,SORBI_3001G190900,0.501571
13S-HOTrE,LIN,individual,1:16737606,1,16737606,7.198339e-09,SORBI_3001G190900,0.499666
13S-HOTrE,LIN,individual,1:16737606,1,16737606,7.198339e-09,SORBI_3001G187800,0.49854
13S-HOTrE,LIN,individual,1:16737606,1,16737606,7.198339e-09,SORBI_3001G188100,0.49854
13S-HOTrE,LIN,individual,1:16737606,1,16737606,7.198339e-09,SORBI_3001G188400,0.498193
13S-HOTrE,LIN,individual,1:16737606,1,16737606,7.198339e-09,SORBI_3001G191500,0.497568
13S-HOTrE,LIN,individual,1:16737606,1,16737606,7.198339e-09,SORBI_3001G187600,0.495566
13S-HOTrE,LIN,individual,1:16737606,1,16737606,7.198339e-09,SORBI_3001G188100,0.495566
13S-HOTrE,LIN,individual,1:16737606,1,16737606,7.198339e-09,SORBI_3001G187800,0.49553
13S-HOTrE,LIN,individual,1:16737606,1,16737606,7.198339e-09,SORBI_3001G187700,0.495424
13S-HOTrE,LIN,individual,1:16737606,1,16737606,7.198339e-09,SORBI_3001G187800,0.495424
13S-HOTrE,LIN,individual,1:16737606,1,16737606,7.198339e-09,SORBI_3001G187900,0.495424
13S-HOTrE,LIN,individual,1:16737606,1,16737606,7.198339e-09,SORBI_3001G188000,0.495424
13S-HOTrE,LIN,individual,1:16737606,1,16737606,7.198339e-09,SORBI_3001G188100,0.495424
13S-HOTrE,LIN,individual,1:16737606,1,16737606,7.198339e-09,SORBI_3001G190900,0.494097
13S-HOTrE,LIN,individual,1:16737606,1,16737606,7.198339e-09,SORBI_3001G187800,0.492307
13S-HOTrE,LIN,individual,1:16737606,1,16737606,7.198339e-09,SORBI_3001G190700,0.491435
13S-HOTrE,LIN,individual,1:16737606,1,16737606,7.198339e-09,SORBI_3001G187800,0.489398
13S-HOTrE,LIN,individual,1:16737606,1,16737606,7.198339e-09,SORBI_3001G187900,0.489398
13S-HOTrE,LIN,individual,1:16737606,1,16737606,7.198339e-09,SORBI_3001G190900,0.488676
13S-HOTrE,LIN,individual,1:16737606,1,16737606,7.198339e-09,SORBI_3001G187800,0.487895
13S-HOTrE,LIN,individual,1:16737606,1,16737606,7.198339e-09,SORBI_3001G187900,0.487895
13S-HOTrE,LIN,individual,1:16737606,1,16737606,7.198339e-09,SORBI_3001G188100,0.487895
13S-HOTrE,LIN,individual,1:16737606,1,16737606,7.198339e-09,SORBI_3001G190700,0.486481
13S-HOTrE,LIN,individual,1:16737606,1,16737606,7.198339e-09,SORBI_3001G187700,0.485486
13S-HOTrE,LIN,individual,1:16737606,1,16737606,7.198339e-09,SORBI_3001G187800,0.48522
13S-HOTrE,LIN,individual,1:16737606,1,16737606,7.198339e-09,SORBI_3001G187800,0.484674
13S-HOTrE,LIN,individual,1:16737606,1,16737606,7.198339e-09,SORBI_3001G187900,0.484674
13S-HOTrE,LIN,individual,1:16737606,1,16737606,7.198339e-09,SORBI_3001G188000,0.484674
13S-HOTrE,LIN,individual,1:16737606,1,16737606,7.198339e-09,SORBI_3001G188100,0.484674
13S-HOTrE,LIN,individual,1:16737606,1,16737606,7.198339e-09,SORBI_3001G187800,0.484518
13S-HOTrE,LIN,individual,1:16737606,1,16737606,7.198339e-09,SORBI_3001G190700,0.481635
13S-HOTrE,LIN,individual,1:16737606,1,16737606,7.198339e-09,SORBI_3001G187800,0.481588
13S-HOTrE,LIN,individual,1:16737606,1,16737606,7.198339e-09,SORBI_3001G187600,0.481476
13S-HOTrE,LIN,individual,1:16737606,1,16737606,7.198339e-09,SORBI_3001G187800,0.478585
13S-HOTrE,LIN,individual,1:16737606,1,16737606,7.198339e-09,SORBI_3001G187900,0.478585
13S-HOTrE,LIN,individual,1:16737606,1,16737606,7.198339e-09,SORBI_3001G188000,0.478585
13S-HOTrE,LIN,individual,1:16737606,1,16737606,7.198339e-09,SORBI_3001G187800,0.477299
13S-HOTrE,LIN,individual,1:16737606,1,16737606,7.198339e-09,SORBI_3001G188000,0.477299
13S-HOTrE,LIN,individual,1:16737606,1,16737606,7.198339e-09,SORBI_3001G190700,0.475145
13S-HOTrE,LIN,individual,1:16737606,1,16737606,7.198339e-09,SORBI_3001G191200,0.47412
13S-HOTrE,LIN,individual,1:16737606,1,16737606,7.198339e-09,SORBI_3001G187700,0.474107
13S-HOTrE,LIN,individual,1:16737606,1,16737606,7.198339e-09,SORBI_3001G187800,0.473967
13S-HOTrE,LIN,individual,1:16737606,1,16737606,7.198339e-09,SORBI_3001G188100,0.473967
13S-HOTrE,LIN,individual,1:16737606,1,16737606,7.198339e-09,SORBI_3001G190700,0.473243
13S-HOTrE,LIN,individual,1:16737606,1,16737606,7.198339e-09,SORBI_3001G187800,0.469778
13S-HOTrE,LIN,individual,1:16737606,1,16737606,7.198339e-09,SORBI_3001G187800,0.467811
13S-HOTrE,LIN,individual,1:16737606,1,16737606,7.198339e-09,SORBI_3001G190600,0.466727
13S-HOTrE,LIN,individual,1:16737606,1,16737606,7.198339e-09,SORBI_3001G187700,0.465744
13S-HOTrE,LIN,individual,1:16737606,1,16737606,7.198339e-09,SORBI_3001G188000,0.463306
13S-HOTrE,LIN,individual,1:16737606,1,16737606,7.198339e-09,SORBI_3001G187500,0.459617
13S-HOTrE,LIN,individual,1:16737606,1,16737606,7.198339e-09,SORBI_3001G187800,0.459292
13S-HOTrE,LIN,individual,1:16737606,1,16737606,7.198339e-09,SORBI_3001G187800,0.457078
13S-HOTrE,LIN,individual,1:16737606,1,16737606,7.198339e-09,SORBI_3001G190700,0.452718
13S-HOTrE,LIN,individual,1:16737606,1,16737606,7.198339e-09,SORBI_3001G189100,0.443011
13S-HOTrE,LIN,individual,1:16737606,1,16737606,7.198339e-09,SORBI_3001G190500,0.442656
13S-HOTrE,LIN,individual,1:16737606,1,16737606,7.198339e-09,SORBI_3001G188100,0.437023
13S-HOTrE,LIN,individual,1:16737606,1,16737606,7.198339e-09,SORBI_3001G187700,0.435656
13S-HOTrE,LIN,individual,1:16737606,1,16737606,7.198339e-09,SORBI_3001G187700,0.434504
13S-HOTrE,LIN,individual,1:16737606,1,16737606,7.198339e-09,SORBI_3001G188100,0.431896
13S-HOTrE,LIN,individual,1:16737606,1,16737606,7.198339e-09,SORBI_3001G191200,0.431166
13S-HOTrE,LIN,individual,1:16737606,1,16737606,7.198339e-09,SORBI_3001G191400,0.431166
13S-HOTrE,LIN,individual,1:16737606,1,16737606,7.198339e-09,SORBI_3001G191500,0.431166
13S-HOTrE,LIN,individual,1:16737606,1,16737606,7.198339e-09,SORBI_3001G191200,0.430829
13S-HOTrE,LIN,individual,1:16737606,1,16737606,7.198339e-09,SORBI_3001G187700,0.430757
13S-HOTrE,LIN,individual,1:16737606,1,16737606,7.198339e-09,SORBI_3001G189000,0.42667
13S-HOTrE,LIN,individual,1:16737606,1,16737606,7.198339e-09,SORBI_3001G187400,0.426316
13S-HOTrE,LIN,individual,1:16737606,1,16737606,7.198339e-09,SORBI_3001G188100,0.423381
13S-HOTrE,LIN,individual,1:16737606,1,16737606,7.198339e-09,SORBI_3001G188100,0.420804
13S-HOTrE,LIN,individual,1:16737606,1,16737606,7.198339e-09,SORBI_3001G191500,0.420275
13S-HOTrE,LIN,individual,1:16737606,1,16737606,7.198339e-09,SORBI_3001G191200,0.419851
13S-HOTrE,LIN,individual,1:16737606,1,16737606,7.198339e-09,SORBI_3001G190500,0.417602
13S-HOTrE,LIN,individual,1:16737606,1,16737606,7.198339e-09,SORBI_3001G190200,0.415178
13S-HOTrE,LIN,individual,1:16737606,1,16737606,7.198339e-09,SORBI_3001G191200,0.411329
13S-HOTrE,LIN,individual,1:16737606,1,16737606,7.198339e-09,SORBI_3001G191200,0.410976
13S-HOTrE,LIN,individual,1:16737606,1,16737606,7.198339e-09,SORBI_3001G191400,0.409415
13S-HOTrE,LIN,individual,1:16737606,1,16737606,7.198339e-09,SORBI_3001G189200,0.409401
13S-HOTrE,LIN,individual,1:16737606,1,16737606,7.198339e-09,SORBI_3001G187800,0.409117
13S-HOTrE,LIN,individual,1:16737606,1,16737606,7.198339e-09,SORBI_3001G188100,0.407388
13S-HOTrE,LIN,individual,1:16737606,1,16737606,7.198339e-09,SORBI_3001G191200,0.405961
13S-HOTrE,LIN,individual,1:16737606,1,16737606,7.198339e-09,SORBI_3001G190400,0.402559
13S-HOTrE,LIN,individual,1:16737606,1,16737606,7.198339e-09,SORBI_3001G191200,0.400325
13S-HOTrE,LIN,individual,9:46999681,9,46999681,7.424646e-09,SORBI_3009G119700,1
13S-HOTrE,LIN,individual,9:46999681,9,46999681,7.424646e-09,SORBI_3009G119700,1
13S-HOTrE,LIN,individual,9:46999681,9,46999681,7.424646e-09,SORBI_3009G119700,0.991629
13S-HOTrE,LIN,individual,9:46999681,9,46999681,7.424646e-09,SORBI_3009G119700,0.984107
13S-HOTrE,LIN,individual,9:46999681,9,46999681,7.424646e-09,SORBI_3009G119800,0.984107
13S-HOTrE,LIN,individual,9:46999681,9,46999681,7.424646e-09,SORBI_3009G119800,0.975249
13S-HOTrE,LIN,individual,9:46999681,9,46999681,7.424646e-09,SORBI_3009G119700,0.943927
13S-HOTrE,LIN,individual,9:46999681,9,46999681,7.424646e-09,SORBI_3009G119700,0.908776
13S-HOTrE,LIN,individual,9:46999681,9,46999681,7.424646e-09,SORBI_3009G119700,0.899547
13S-HOTrE,LIN,individual,9:46999681,9,46999681,7.424646e-09,SORBI_3009G119700,0.847776
13S-HOTrE,LIN,individual,9:46999681,9,46999681,7.424646e-09,SORBI_3009G119700,0.846449
13S-HOTrE,LIN,individual,9:46999681,9,46999681,7.424646e-09,SORBI_3009G119700,0.845429
13S-HOTrE,LIN,individual,9:46999681,9,46999681,7.424646e-09,SORBI_3009G119501,0.78092
13S-HOTrE,LIN,individual,9:46999681,9,46999681,7.424646e-09,SORBI_3009G119501,0.762124
13S-HOTrE,LIN,individual,9:46999681,9,46999681,7.424646e-09,SORBI_3009G119501,0.730248
13S-HOTrE,LIN,individual,9:46999681,9,46999681,7.424646e-09,SORBI_3009G119400,0.686824
13S-HOTrE,LIN,individual,9:46999681,9,46999681,7.424646e-09,SORBI_3009G119300,0.640611
13S-HOTrE,LIN,individual,9:46999681,9,46999681,7.424646e-09,SORBI_3009G119400,0.617174
13S-HOTrE,LIN,individual,9:46999681,9,46999681,7.424646e-09,SORBI_3009G119600,0.546384
13S-HOTrE,LIN,individual,10:56908857,10,56908857,7.513918e-09,SORBI_3010G226300,1
13S-HOTrE,LIN,individual,10:56908857,10,56908857,7.513918e-09,SORBI_3010G226300,1
13S-HOTrE,LIN,individual,9:46918078,9,46918078,7.545648e-09,SORBI_3009G119700,0.906276
13S-HOTrE,LIN,individual,9:46918078,9,46918078,7.545648e-09,SORBI_3009G119700,0.895462
13S-HOTrE,LIN,individual,9:46918078,9,46918078,7.545648e-09,SORBI_3009G119800,0.877172
13S-HOTrE,LIN,individual,9:46918078,9,46918078,7.545648e-09,SORBI_3009G119501,0.858701
13S-HOTrE,LIN,individual,9:46918078,9,46918078,7.545648e-09,SORBI_3009G119700,0.855841
13S-HOTrE,LIN,individual,9:46918078,9,46918078,7.545648e-09,SORBI_3009G119800,0.855841
13S-HOTrE,LIN,individual,9:46918078,9,46918078,7.545648e-09,SORBI_3009G119700,0.850697
13S-HOTrE,LIN,individual,9:46918078,9,46918078,7.545648e-09,SORBI_3009G119700,0.84525
13S-HOTrE,LIN,individual,9:46918078,9,46918078,7.545648e-09,SORBI_3009G119800,0.84525
13S-HOTrE,LIN,individual,9:46918078,9,46918078,7.545648e-09,SORBI_3009G119700,0.843448
13S-HOTrE,LIN,individual,9:46918078,9,46918078,7.545648e-09,SORBI_3009G119700,0.840339
13S-HOTrE,LIN,individual,9:46918078,9,46918078,7.545648e-09,SORBI_3009G119501,0.838825
13S-HOTrE,LIN,individual,9:46918078,9,46918078,7.545648e-09,SORBI_3009G119700,0.817896
13S-HOTrE,LIN,individual,9:46918078,9,46918078,7.545648e-09,SORBI_3009G119400,0.817109
13S-HOTrE,LIN,individual,9:46918078,9,46918078,7.545648e-09,SORBI_3009G119501,0.804015
13S-HOTrE,LIN,individual,9:46918078,9,46918078,7.545648e-09,SORBI_3009G119400,0.739694
13S-HOTrE,LIN,individual,9:46918078,9,46918078,7.545648e-09,SORBI_3009G119700,0.73435
13S-HOTrE,LIN,individual,9:46918078,9,46918078,7.545648e-09,SORBI_3009G119300,0.731197
13S-HOTrE,LIN,individual,9:46918078,9,46918078,7.545648e-09,SORBI_3009G119600,0.602369
13S-HOTrE,LIN,individual,1:16736646,1,16736646,7.561894e-09,SORBI_3001G189300,1
13S-HOTrE,LIN,individual,1:16736646,1,16736646,7.561894e-09,SORBI_3001G189300,1
13S-HOTrE,LIN,individual,1:16736646,1,16736646,7.561894e-09,SORBI_3001G189300,0.991437
13S-HOTrE,LIN,individual,1:16736646,1,16736646,7.561894e-09,SORBI_3001G189300,0.991236
13S-HOTrE,LIN,individual,1:16736646,1,16736646,7.561894e-09,SORBI_3001G189300,0.98262
13S-HOTrE,LIN,individual,1:16736646,1,16736646,7.561894e-09,SORBI_3001G189300,0.98244
13S-HOTrE,LIN,individual,1:16736646,1,16736646,7.561894e-09,SORBI_3001G189300,0.975175
13S-HOTrE,LIN,individual,1:16736646,1,16736646,7.561894e-09,SORBI_3001G189300,0.974599
13S-HOTrE,LIN,individual,1:16736646,1,16736646,7.561894e-09,SORBI_3001G189300,0.974108
13S-HOTrE,LIN,individual,1:16736646,1,16736646,7.561894e-09,SORBI_3001G189300,0.973597
13S-HOTrE,LIN,individual,1:16736646,1,16736646,7.561894e-09,SORBI_3001G189300,0.971906
13S-HOTrE,LIN,individual,1:16736646,1,16736646,7.561894e-09,SORBI_3001G189300,0.96888
13S-HOTrE,LIN,individual,1:16736646,1,16736646,7.561894e-09,SORBI_3001G189300,0.96574
13S-HOTrE,LIN,individual,1:16736646,1,16736646,7.561894e-09,SORBI_3001G189300,0.965318
13S-HOTrE,LIN,individual,1:16736646,1,16736646,7.561894e-09,SORBI_3001G189300,0.964939
13S-HOTrE,LIN,individual,1:16736646,1,16736646,7.561894e-09,SORBI_3001G189300,0.964722
13S-HOTrE,LIN,individual,1:16736646,1,16736646,7.561894e-09,SORBI_3001G189300,0.963861
13S-HOTrE,LIN,individual,1:16736646,1,16736646,7.561894e-09,SORBI_3001G189300,0.956931
13S-HOTrE,LIN,individual,1:16736646,1,16736646,7.561894e-09,SORBI_3001G189300,0.956432
13S-HOTrE,LIN,individual,1:16736646,1,16736646,7.561894e-09,SORBI_3001G189300,0.95617
13S-HOTrE,LIN,individual,1:16736646,1,16736646,7.561894e-09,SORBI_3001G189300,0.948072
13S-HOTrE,LIN,individual,1:16736646,1,16736646,7.561894e-09,SORBI_3001G189300,0.947711
13S-HOTrE,LIN,individual,1:16736646,1,16736646,7.561894e-09,SORBI_3001G189300,0.947643
13S-HOTrE,LIN,individual,1:16736646,1,16736646,7.561894e-09,SORBI_3001G189300,0.947165
13S-HOTrE,LIN,individual,1:16736646,1,16736646,7.561894e-09,SORBI_3001G189300,0.938311
13S-HOTrE,LIN,individual,1:16736646,1,16736646,7.561894e-09,SORBI_3001G189300,0.92948
13S-HOTrE,LIN,individual,1:16736646,1,16736646,7.561894e-09,SORBI_3001G189300,0.904498
13S-HOTrE,LIN,individual,1:16736646,1,16736646,7.561894e-09,SORBI_3001G189400,0.869735
13S-HOTrE,LIN,individual,1:16736646,1,16736646,7.561894e-09,SORBI_3001G189300,0.860132
13S-HOTrE,LIN,individual,1:16736646,1,16736646,7.561894e-09,SORBI_3001G187500,0.835821
13S-HOTrE,LIN,individual,1:16736646,1,16736646,7.561894e-09,SORBI_3001G187500,0.835764
13S-HOTrE,LIN,individual,1:16736646,1,16736646,7.561894e-09,SORBI_3001G187400,0.826585
13S-HOTrE,LIN,individual,1:16736646,1,16736646,7.561894e-09,SORBI_3001G187600,0.822085
13S-HOTrE,LIN,individual,1:16736646,1,16736646,7.561894e-09,SORBI_3001G187500,0.817902
13S-HOTrE,LIN,individual,1:16736646,1,16736646,7.561894e-09,SORBI_3001G187400,0.815373
13S-HOTrE,LIN,individual,1:16736646,1,16736646,7.561894e-09,SORBI_3001G187500,0.811368
13S-HOTrE,LIN,individual,1:16736646,1,16736646,7.561894e-09,SORBI_3001G187500,0.806041
13S-HOTrE,LIN,individual,1:16736646,1,16736646,7.561894e-09,SORBI_3001G187500,0.805494
13S-HOTrE,LIN,individual,1:16736646,1,16736646,7.561894e-09,SORBI_3001G187500,0.805092
13S-HOTrE,LIN,individual,1:16736646,1,16736646,7.561894e-09,SORBI_3001G187400,0.804767
13S-HOTrE,LIN,individual,1:16736646,1,16736646,7.561894e-09,SORBI_3001G187500,0.804397
13S-HOTrE,LIN,individual,1:16736646,1,16736646,7.561894e-09,SORBI_3001G187500,0.801014
13S-HOTrE,LIN,individual,1:16736646,1,16736646,7.561894e-09,SORBI_3001G187500,0.800944
13S-HOTrE,LIN,individual,1:16736646,1,16736646,7.561894e-09,SORBI_3001G187500,0.795799
13S-HOTrE,LIN,individual,1:16736646,1,16736646,7.561894e-09,SORBI_3001G187400,0.794367
13S-HOTrE,LIN,individual,1:16736646,1,16736646,7.561894e-09,SORBI_3001G187400,0.794272
13S-HOTrE,LIN,individual,1:16736646,1,16736646,7.561894e-09,SORBI_3001G187400,0.792111
13S-HOTrE,LIN,individual,1:16736646,1,16736646,7.561894e-09,SORBI_3001G187500,0.790196
13S-HOTrE,LIN,individual,1:16736646,1,16736646,7.561894e-09,SORBI_3001G187400,0.789511
13S-HOTrE,LIN,individual,1:16736646,1,16736646,7.561894e-09,SORBI_3001G187500,0.78803
13S-HOTrE,LIN,individual,1:16736646,1,16736646,7.561894e-09,SORBI_3001G187500,0.784881
13S-HOTrE,LIN,individual,1:16736646,1,16736646,7.561894e-09,SORBI_3001G189300,0.782688
13S-HOTrE,LIN,individual,1:16736646,1,16736646,7.561894e-09,SORBI_3001G189600,0.778366
13S-HOTrE,LIN,individual,1:16736646,1,16736646,7.561894e-09,SORBI_3001G187500,0.778178
13S-HOTrE,LIN,individual,1:16736646,1,16736646,7.561894e-09,SORBI_3001G187800,0.777135
13S-HOTrE,LIN,individual,1:16736646,1,16736646,7.561894e-09,SORBI_3001G187400,0.776678
13S-HOTrE,LIN,individual,1:16736646,1,16736646,7.561894e-09,SORBI_3001G187400,0.768408
13S-HOTrE,LIN,individual,1:16736646,1,16736646,7.561894e-09,SORBI_3001G187400,0.767085
13S-HOTrE,LIN,individual,1:16736646,1,16736646,7.561894e-09,SORBI_3001G187400,0.766955
13S-HOTrE,LIN,individual,1:16736646,1,16736646,7.561894e-09,SORBI_3001G187800,0.766489
13S-HOTrE,LIN,individual,1:16736646,1,16736646,7.561894e-09,SORBI_3001G187400,0.754177
13S-HOTrE,LIN,individual,1:16736646,1,16736646,7.561894e-09,SORBI_3001G187500,0.751599
13S-HOTrE,LIN,individual,1:16736646,1,16736646,7.561894e-09,SORBI_3001G188800,0.739233
13S-HOTrE,LIN,individual,1:16736646,1,16736646,7.561894e-09,SORBI_3001G188900,0.739233
13S-HOTrE,LIN,individual,1:16736646,1,16736646,7.561894e-09,SORBI_3001G187400,0.732962
13S-HOTrE,LIN,individual,1:16736646,1,16736646,7.561894e-09,SORBI_3001G188900,0.731313
13S-HOTrE,LIN,individual,1:16736646,1,16736646,7.561894e-09,SORBI_3001G188900,0.728117
13S-HOTrE,LIN,individual,1:16736646,1,16736646,7.561894e-09,SORBI_3001G188900,0.727884
13S-HOTrE,LIN,individual,1:16736646,1,16736646,7.561894e-09,SORBI_3001G188900,0.727731
13S-HOTrE,LIN,individual,1:16736646,1,16736646,7.561894e-09,SORBI_3001G187400,0.72429
13S-HOTrE,LIN,individual,1:16736646,1,16736646,7.561894e-09,SORBI_3001G188900,0.723876
13S-HOTrE,LIN,individual,1:16736646,1,16736646,7.561894e-09,SORBI_3001G187800,0.723024
13S-HOTrE,LIN,individual,1:16736646,1,16736646,7.561894e-09,SORBI_3001G189000,0.722274
13S-HOTrE,LIN,individual,1:16736646,1,16736646,7.561894e-09,SORBI_3001G188900,0.71704
13S-HOTrE,LIN,individual,1:16736646,1,16736646,7.561894e-09,SORBI_3001G188900,0.711143
13S-HOTrE,LIN,individual,1:16736646,1,16736646,7.561894e-09,SORBI_3001G188900,0.708271
13S-HOTrE,LIN,individual,1:16736646,1,16736646,7.561894e-09,SORBI_3001G187800,0.707217
13S-HOTrE,LIN,individual,1:16736646,1,16736646,7.561894e-09,SORBI_3001G188900,0.706003
13S-HOTrE,LIN,individual,1:16736646,1,16736646,7.561894e-09,SORBI_3001G188900,0.700051
13S-HOTrE,LIN,individual,1:16736646,1,16736646,7.561894e-09,SORBI_3001G188900,0.699622
13S-HOTrE,LIN,individual,1:16736646,1,16736646,7.561894e-09,SORBI_3001G188900,0.695743
13S-HOTrE,LIN,individual,1:16736646,1,16736646,7.561894e-09,SORBI_3001G188100,0.694659
13S-HOTrE,LIN,individual,1:16736646,1,16736646,7.561894e-09,SORBI_3001G188900,0.68963
13S-HOTrE,LIN,individual,1:16736646,1,16736646,7.561894e-09,SORBI_3001G188900,0.688831
13S-HOTrE,LIN,individual,1:16736646,1,16736646,7.561894e-09,SORBI_3001G188900,0.684363
13S-HOTrE,LIN,individual,1:16736646,1,16736646,7.561894e-09,SORBI_3001G187500,0.679541
13S-HOTrE,LIN,individual,1:16736646,1,16736646,7.561894e-09,SORBI_3001G188900,0.677588
13S-HOTrE,LIN,individual,1:16736646,1,16736646,7.561894e-09,SORBI_3001G187800,0.674749
13S-HOTrE,LIN,individual,1:16736646,1,16736646,7.561894e-09,SORBI_3001G189300,0.673102
13S-HOTrE,LIN,individual,1:16736646,1,16736646,7.561894e-09,SORBI_3001G189300,0.66511
13S-HOTrE,LIN,individual,1:16736646,1,16736646,7.561894e-09,SORBI_3001G187800,0.658484
13S-HOTrE,LIN,individual,1:16736646,1,16736646,7.561894e-09,SORBI_3001G189300,0.656084
13S-HOTrE,LIN,individual,1:16736646,1,16736646,7.561894e-09,SORBI_3001G189000,0.655199
13S-HOTrE,LIN,individual,1:16736646,1,16736646,7.561894e-09,SORBI_3001G187800,0.648168
13S-HOTrE,LIN,individual,1:16736646,1,16736646,7.561894e-09,SORBI_3001G188900,0.646891
13S-HOTrE,LIN,individual,1:16736646,1,16736646,7.561894e-09,SORBI_3001G187800,0.63969
13S-HOTrE,LIN,individual,1:16736646,1,16736646,7.561894e-09,SORBI_3001G189200,0.639312
13S-HOTrE,LIN,individual,1:16736646,1,16736646,7.561894e-09,SORBI_3001G188700,0.635679
13S-HOTrE,LIN,individual,1:16736646,1,16736646,7.561894e-09,SORBI_3001G188700,0.633984
13S-HOTrE,LIN,individual,1:16736646,1,16736646,7.561894e-09,SORBI_3001G189000,0.632293
13S-HOTrE,LIN,individual,1:16736646,1,16736646,7.561894e-09,SORBI_3001G187800,0.632269
13S-HOTrE,LIN,individual,1:16736646,1,16736646,7.561894e-09,SORBI_3001G189200,0.631655
13S-HOTrE,LIN,individual,1:16736646,1,16736646,7.561894e-09,SORBI_3001G187500,0.631065
13S-HOTrE,LIN,individual,1:16736646,1,16736646,7.561894e-09,SORBI_3001G189200,0.630651
13S-HOTrE,LIN,individual,1:16736646,1,16736646,7.561894e-09,SORBI_3001G187800,0.62987
13S-HOTrE,LIN,individual,1:16736646,1,16736646,7.561894e-09,SORBI_3001G188700,0.629564
13S-HOTrE,LIN,individual,1:16736646,1,16736646,7.561894e-09,SORBI_3001G188700,0.624121
13S-HOTrE,LIN,individual,1:16736646,1,16736646,7.561894e-09,SORBI_3001G189200,0.622648
13S-HOTrE,LIN,individual,1:16736646,1,16736646,7.561894e-09,SORBI_3001G188700,0.622387
13S-HOTrE,LIN,individual,1:16736646,1,16736646,7.561894e-09,SORBI_3001G188700,0.62119
13S-HOTrE,LIN,individual,1:16736646,1,16736646,7.561894e-09,SORBI_3001G188700,0.617949
13S-HOTrE,LIN,individual,1:16736646,1,16736646,7.561894e-09,SORBI_3001G189200,0.614065
13S-HOTrE,LIN,individual,1:16736646,1,16736646,7.561894e-09,SORBI_3001G189200,0.613808
13S-HOTrE,LIN,individual,1:16736646,1,16736646,7.561894e-09,SORBI_3001G189300,0.613808
13S-HOTrE,LIN,individual,1:16736646,1,16736646,7.561894e-09,SORBI_3001G188700,0.610812
13S-HOTrE,LIN,individual,1:16736646,1,16736646,7.561894e-09,SORBI_3001G188700,0.610134
13S-HOTrE,LIN,individual,1:16736646,1,16736646,7.561894e-09,SORBI_3001G188700,0.609585
13S-HOTrE,LIN,individual,1:16736646,1,16736646,7.561894e-09,SORBI_3001G188700,0.609502
13S-HOTrE,LIN,individual,1:16736646,1,16736646,7.561894e-09,SORBI_3001G189000,0.606204
13S-HOTrE,LIN,individual,1:16736646,1,16736646,7.561894e-09,SORBI_3001G189100,0.606204
13S-HOTrE,LIN,individual,1:16736646,1,16736646,7.561894e-09,SORBI_3001G189200,0.605985
13S-HOTrE,LIN,individual,1:16736646,1,16736646,7.561894e-09,SORBI_3001G188700,0.605298
13S-HOTrE,LIN,individual,1:16736646,1,16736646,7.561894e-09,SORBI_3001G189300,0.605153
13S-HOTrE,LIN,individual,1:16736646,1,16736646,7.561894e-09,SORBI_3001G188700,0.604719
13S-HOTrE,LIN,individual,1:16736646,1,16736646,7.561894e-09,SORBI_3001G189000,0.604496
13S-HOTrE,LIN,individual,1:16736646,1,16736646,7.561894e-09,SORBI_3001G189000,0.603925
13S-HOTrE,LIN,individual,1:16736646,1,16736646,7.561894e-09,SORBI_3001G187800,0.601654
13S-HOTrE,LIN,individual,1:16736646,1,16736646,7.561894e-09,SORBI_3001G187700,0.601068
13S-HOTrE,LIN,individual,1:16736646,1,16736646,7.561894e-09,SORBI_3001G189000,0.600162
13S-HOTrE,LIN,individual,1:16736646,1,16736646,7.561894e-09,SORBI_3001G189000,0.600035
13S-HOTrE,LIN,individual,1:16736646,1,16736646,7.561894e-09,SORBI_3001G188700,0.598564
13S-HOTrE,LIN,individual,1:16736646,1,16736646,7.561894e-09,SORBI_3001G189300,0.598454
13S-HOTrE,LIN,individual,1:16736646,1,16736646,7.561894e-09,SORBI_3001G189000,0.598384
13S-HOTrE,LIN,individual,1:16736646,1,16736646,7.561894e-09,SORBI_3001G189100,0.598384
13S-HOTrE,LIN,individual,1:16736646,1,16736646,7.561894e-09,SORBI_3001G189200,0.598384
13S-HOTrE,LIN,individual,1:16736646,1,16736646,7.561894e-09,SORBI_3001G188700,0.598002
13S-HOTrE,LIN,individual,1:16736646,1,16736646,7.561894e-09,SORBI_3001G189000,0.597988
13S-HOTrE,LIN,individual,1:16736646,1,16736646,7.561894e-09,SORBI_3001G189200,0.597353
13S-HOTrE,LIN,individual,1:16736646,1,16736646,7.561894e-09,SORBI_3001G189000,0.596444
13S-HOTrE,LIN,individual,1:16736646,1,16736646,7.561894e-09,SORBI_3001G189000,0.596297
13S-HOTrE,LIN,individual,1:16736646,1,16736646,7.561894e-09,SORBI_3001G189000,0.595848
13S-HOTrE,LIN,individual,1:16736646,1,16736646,7.561894e-09,SORBI_3001G189000,0.589981
13S-HOTrE,LIN,individual,1:16736646,1,16736646,7.561894e-09,SORBI_3001G189200,0.589981
13S-HOTrE,LIN,individual,1:16736646,1,16736646,7.561894e-09,SORBI_3001G189000,0.589393
13S-HOTrE,LIN,individual,1:16736646,1,16736646,7.561894e-09,SORBI_3001G189100,0.589393
13S-HOTrE,LIN,individual,1:16736646,1,16736646,7.561894e-09,SORBI_3001G189200,0.589393
13S-HOTrE,LIN,individual,1:16736646,1,16736646,7.561894e-09,SORBI_3001G189000,0.588563
13S-HOTrE,LIN,individual,1:16736646,1,16736646,7.561894e-09,SORBI_3001G189000,0.588456
13S-HOTrE,LIN,individual,1:16736646,1,16736646,7.561894e-09,SORBI_3001G189000,0.588138
13S-HOTrE,LIN,individual,1:16736646,1,16736646,7.561894e-09,SORBI_3001G189000,0.587123
13S-HOTrE,LIN,individual,1:16736646,1,16736646,7.561894e-09,SORBI_3001G188700,0.586441
13S-HOTrE,LIN,individual,1:16736646,1,16736646,7.561894e-09,SORBI_3001G187800,0.585155
13S-HOTrE,LIN,individual,1:16736646,1,16736646,7.561894e-09,SORBI_3001G188700,0.582124
13S-HOTrE,LIN,individual,1:16736646,1,16736646,7.561894e-09,SORBI_3001G189000,0.580807
13S-HOTrE,LIN,individual,1:16736646,1,16736646,7.561894e-09,SORBI_3001G189200,0.580807
13S-HOTrE,LIN,individual,1:16736646,1,16736646,7.561894e-09,SORBI_3001G189000,0.580574
13S-HOTrE,LIN,individual,1:16736646,1,16736646,7.561894e-09,SORBI_3001G189100,0.580574
13S-HOTrE,LIN,individual,1:16736646,1,16736646,7.561894e-09,SORBI_3001G189000,0.577641
13S-HOTrE,LIN,individual,1:16736646,1,16736646,7.561894e-09,SORBI_3001G188500,0.575577
13S-HOTrE,LIN,individual,1:16736646,1,16736646,7.561894e-09,SORBI_3001G188700,0.5749
13S-HOTrE,LIN,individual,1:16736646,1,16736646,7.561894e-09,SORBI_3001G188400,0.573977
13S-HOTrE,LIN,individual,1:16736646,1,16736646,7.561894e-09,SORBI_3001G188500,0.573977
13S-HOTrE,LIN,individual,1:16736646,1,16736646,7.561894e-09,SORBI_3001G188900,0.573977
13S-HOTrE,LIN,individual,1:16736646,1,16736646,7.561894e-09,SORBI_3001G189100,0.571791
13S-HOTrE,LIN,individual,1:16736646,1,16736646,7.561894e-09,SORBI_3001G188700,0.570568
13S-HOTrE,LIN,individual,1:16736646,1,16736646,7.561894e-09,SORBI_3001G188400,0.56779
13S-HOTrE,LIN,individual,1:16736646,1,16736646,7.561894e-09,SORBI_3001G188500,0.56779
13S-HOTrE,LIN,individual,1:16736646,1,16736646,7.561894e-09,SORBI_3001G188600,0.56779
13S-HOTrE,LIN,individual,1:16736646,1,16736646,7.561894e-09,SORBI_3001G188700,0.56779
13S-HOTrE,LIN,individual,1:16736646,1,16736646,7.561894e-09,SORBI_3001G188900,0.56779
13S-HOTrE,LIN,individual,1:16736646,1,16736646,7.561894e-09,SORBI_3001G188900,0.565967
13S-HOTrE,LIN,individual,1:16736646,1,16736646,7.561894e-09,SORBI_3001G189000,0.565757
13S-HOTrE,LIN,individual,1:16736646,1,16736646,7.561894e-09,SORBI_3001G188500,0.564649
13S-HOTrE,LIN,individual,1:16736646,1,16736646,7.561894e-09,SORBI_3001G188900,0.564649
13S-HOTrE,LIN,individual,1:16736646,1,16736646,7.561894e-09,SORBI_3001G188700,0.563381
13S-HOTrE,LIN,individual,1:16736646,1,16736646,7.561894e-09,SORBI_3001G188400,0.560108
13S-HOTrE,LIN,individual,1:16736646,1,16736646,7.561894e-09,SORBI_3001G188800,0.560108
13S-HOTrE,LIN,individual,1:16736646,1,16736646,7.561894e-09,SORBI_3001G188900,0.560108
13S-HOTrE,LIN,individual,1:16736646,1,16736646,7.561894e-09,SORBI_3001G188400,0.558193
13S-HOTrE,LIN,individual,1:16736646,1,16736646,7.561894e-09,SORBI_3001G188500,0.558193
13S-HOTrE,LIN,individual,1:16736646,1,16736646,7.561894e-09,SORBI_3001G188600,0.558193
13S-HOTrE,LIN,individual,1:16736646,1,16736646,7.561894e-09,SORBI_3001G188700,0.558193
13S-HOTrE,LIN,individual,1:16736646,1,16736646,7.561894e-09,SORBI_3001G188900,0.558193
13S-HOTrE,LIN,individual,1:16736646,1,16736646,7.561894e-09,SORBI_3001G189000,0.558193
13S-HOTrE,LIN,individual,1:16736646,1,16736646,7.561894e-09,SORBI_3001G188800,0.558131
13S-HOTrE,LIN,individual,1:16736646,1,16736646,7.561894e-09,SORBI_3001G188400,0.555465
13S-HOTrE,LIN,individual,1:16736646,1,16736646,7.561894e-09,SORBI_3001G188500,0.555465
13S-HOTrE,LIN,individual,1:16736646,1,16736646,7.561894e-09,SORBI_3001G188900,0.555465
13S-HOTrE,LIN,individual,1:16736646,1,16736646,7.561894e-09,SORBI_3001G188800,0.554066
13S-HOTrE,LIN,individual,1:16736646,1,16736646,7.561894e-09,SORBI_3001G188400,0.55037
13S-HOTrE,LIN,individual,1:16736646,1,16736646,7.561894e-09,SORBI_3001G188900,0.55037
13S-HOTrE,LIN,individual,1:16736646,1,16736646,7.561894e-09,SORBI_3001G188400,0.548718
13S-HOTrE,LIN,individual,1:16736646,1,16736646,7.561894e-09,SORBI_3001G188500,0.548718
13S-HOTrE,LIN,individual,1:16736646,1,16736646,7.561894e-09,SORBI_3001G188700,0.548718
13S-HOTrE,LIN,individual,1:16736646,1,16736646,7.561894e-09,SORBI_3001G188900,0.548718
13S-HOTrE,LIN,individual,1:16736646,1,16736646,7.561894e-09,SORBI_3001G188500,0.546441
13S-HOTrE,LIN,individual,1:16736646,1,16736646,7.561894e-09,SORBI_3001G188900,0.545275
13S-HOTrE,LIN,individual,1:16736646,1,16736646,7.561894e-09,SORBI_3001G188700,0.542856
13S-HOTrE,LIN,individual,1:16736646,1,16736646,7.561894e-09,SORBI_3001G188400,0.542734
13S-HOTrE,LIN,individual,1:16736646,1,16736646,7.561894e-09,SORBI_3001G188400,0.540741
13S-HOTrE,LIN,individual,1:16736646,1,16736646,7.561894e-09,SORBI_3001G188900,0.540741
13S-HOTrE,LIN,individual,1:16736646,1,16736646,7.561894e-09,SORBI_3001G188900,0.539859
13S-HOTrE,LIN,individual,1:16736646,1,16736646,7.561894e-09,SORBI_3001G188500,0.539375
13S-HOTrE,LIN,individual,1:16736646,1,16736646,7.561894e-09,SORBI_3001G188800,0.539375
13S-HOTrE,LIN,individual,1:16736646,1,16736646,7.561894e-09,SORBI_3001G188900,0.539375
13S-HOTrE,LIN,individual,1:16736646,1,16736646,7.561894e-09,SORBI_3001G189000,0.539375
13S-HOTrE,LIN,individual,1:16736646,1,16736646,7.561894e-09,SORBI_3001G190900,0.538575
13S-HOTrE,LIN,individual,1:16736646,1,16736646,7.561894e-09,SORBI_3001G190900,0.538034
13S-HOTrE,LIN,individual,1:16736646,1,16736646,7.561894e-09,SORBI_3001G188400,0.537905
13S-HOTrE,LIN,individual,1:16736646,1,16736646,7.561894e-09,SORBI_3001G188500,0.534924
13S-HOTrE,LIN,individual,1:16736646,1,16736646,7.561894e-09,SORBI_3001G188900,0.534924
13S-HOTrE,LIN,individual,1:16736646,1,16736646,7.561894e-09,SORBI_3001G187600,0.533638
13S-HOTrE,LIN,individual,1:16736646,1,16736646,7.561894e-09,SORBI_3001G188900,0.532808
13S-HOTrE,LIN,individual,1:16736646,1,16736646,7.561894e-09,SORBI_3001G188500,0.531234
13S-HOTrE,LIN,individual,1:16736646,1,16736646,7.561894e-09,SORBI_3001G188900,0.531234
13S-HOTrE,LIN,individual,1:16736646,1,16736646,7.561894e-09,SORBI_3001G187600,0.530812
13S-HOTrE,LIN,individual,1:16736646,1,16736646,7.561894e-09,SORBI_3001G188900,0.530178
13S-HOTrE,LIN,individual,1:16736646,1,16736646,7.561894e-09,SORBI_3001G189000,0.530178
13S-HOTrE,LIN,individual,1:16736646,1,16736646,7.561894e-09,SORBI_3001G188700,0.529836
13S-HOTrE,LIN,individual,1:16736646,1,16736646,7.561894e-09,SORBI_3001G187600,0.529599
13S-HOTrE,LIN,individual,1:16736646,1,16736646,7.561894e-09,SORBI_3001G188800,0.524938
13S-HOTrE,LIN,individual,1:16736646,1,16736646,7.561894e-09,SORBI_3001G187600,0.522675
13S-HOTrE,LIN,individual,1:16736646,1,16736646,7.561894e-09,SORBI_3001G187700,0.522675
13S-HOTrE,LIN,individual,1:16736646,1,16736646,7.561894e-09,SORBI_3001G191500,0.521983
13S-HOTrE,LIN,individual,1:16736646,1,16736646,7.561894e-09,SORBI_3001G190900,0.521441
13S-HOTrE,LIN,individual,1:16736646,1,16736646,7.561894e-09,SORBI_3001G188900,0.520845
13S-HOTrE,LIN,individual,1:16736646,1,16736646,7.561894e-09,SORBI_3001G187600,0.519173
13S-HOTrE,LIN,individual,1:16736646,1,16736646,7.561894e-09,SORBI_3001G187600,0.516588
13S-HOTrE,LIN,individual,1:16736646,1,16736646,7.561894e-09,SORBI_3001G190900,0.515647
13S-HOTrE,LIN,individual,1:16736646,1,16736646,7.561894e-09,SORBI_3001G188400,0.514259
13S-HOTrE,LIN,individual,1:16736646,1,16736646,7.561894e-09,SORBI_3001G187600,0.512018
13S-HOTrE,LIN,individual,1:16736646,1,16736646,7.561894e-09,SORBI_3001G187700,0.512018
13S-HOTrE,LIN,individual,1:16736646,1,16736646,7.561894e-09,SORBI_3001G187600,0.511983
13S-HOTrE,LIN,individual,1:16736646,1,16736646,7.561894e-09,SORBI_3001G190700,0.511695
13S-HOTrE,LIN,individual,1:16736646,1,16736646,7.561894e-09,SORBI_3001G190900,0.510621
13S-HOTrE,LIN,individual,1:16736646,1,16736646,7.561894e-09,SORBI_3001G188400,0.507972
13S-HOTrE,LIN,individual,1:16736646,1,16736646,7.561894e-09,SORBI_3001G188900,0.507972
13S-HOTrE,LIN,individual,1:16736646,1,16736646,7.561894e-09,SORBI_3001G188100,0.507763
13S-HOTrE,LIN,individual,1:16736646,1,16736646,7.561894e-09,SORBI_3001G190700,0.506552
13S-HOTrE,LIN,individual,1:16736646,1,16736646,7.561894e-09,SORBI_3001G187600,0.505213
13S-HOTrE,LIN,individual,1:16736646,1,16736646,7.561894e-09,SORBI_3001G190700,0.502373
13S-HOTrE,LIN,individual,1:16736646,1,16736646,7.561894e-09,SORBI_3001G187600,0.501406
13S-HOTrE,LIN,individual,1:16736646,1,16736646,7.561894e-09,SORBI_3001G187700,0.501406
13S-HOTrE,LIN,individual,1:16736646,1,16736646,7.561894e-09,SORBI_3001G187800,0.498267
13S-HOTrE,LIN,individual,1:16736646,1,16736646,7.561894e-09,SORBI_3001G188100,0.497275
13S-HOTrE,LIN,individual,1:16736646,1,16736646,7.561894e-09,SORBI_3001G190700,0.495333
13S-HOTrE,LIN,individual,1:16736646,1,16736646,7.561894e-09,SORBI_3001G191200,0.494833
13S-HOTrE,LIN,individual,1:16736646,1,16736646,7.561894e-09,SORBI_3001G187600,0.494464
13S-HOTrE,LIN,individual,1:16736646,1,16736646,7.561894e-09,SORBI_3001G187800,0.49381
13S-HOTrE,LIN,individual,1:16736646,1,16736646,7.561894e-09,SORBI_3001G188000,0.49381
13S-HOTrE,LIN,individual,1:16736646,1,16736646,7.561894e-09,SORBI_3001G188100,0.49381
13S-HOTrE,LIN,individual,1:16736646,1,16736646,7.561894e-09,SORBI_3001G190700,0.492782
13S-HOTrE,LIN,individual,1:16736646,1,16736646,7.561894e-09,SORBI_3001G187600,0.490841
13S-HOTrE,LIN,individual,1:16736646,1,16736646,7.561894e-09,SORBI_3001G188100,0.490841
13S-HOTrE,LIN,individual,1:16736646,1,16736646,7.561894e-09,SORBI_3001G187700,0.490709
13S-HOTrE,LIN,individual,1:16736646,1,16736646,7.561894e-09,SORBI_3001G187800,0.490709
13S-HOTrE,LIN,individual,1:16736646,1,16736646,7.561894e-09,SORBI_3001G187900,0.490709
13S-HOTrE,LIN,individual,1:16736646,1,16736646,7.561894e-09,SORBI_3001G188000,0.490709
13S-HOTrE,LIN,individual,1:16736646,1,16736646,7.561894e-09,SORBI_3001G188100,0.490709
13S-HOTrE,LIN,individual,1:16736646,1,16736646,7.561894e-09,SORBI_3001G190600,0.486552
13S-HOTrE,LIN,individual,1:16736646,1,16736646,7.561894e-09,SORBI_3001G187800,0.484704
13S-HOTrE,LIN,individual,1:16736646,1,16736646,7.561894e-09,SORBI_3001G187900,0.484704
13S-HOTrE,LIN,individual,1:16736646,1,16736646,7.561894e-09,SORBI_3001G187800,0.483257
13S-HOTrE,LIN,individual,1:16736646,1,16736646,7.561894e-09,SORBI_3001G187800,0.480053
13S-HOTrE,LIN,individual,1:16736646,1,16736646,7.561894e-09,SORBI_3001G187900,0.480053
13S-HOTrE,LIN,individual,1:16736646,1,16736646,7.561894e-09,SORBI_3001G188000,0.480053
13S-HOTrE,LIN,individual,1:16736646,1,16736646,7.561894e-09,SORBI_3001G188100,0.480053
13S-HOTrE,LIN,individual,1:16736646,1,16736646,7.561894e-09,SORBI_3001G187800,0.479893
13S-HOTrE,LIN,individual,1:16736646,1,16736646,7.561894e-09,SORBI_3001G187700,0.479881
13S-HOTrE,LIN,individual,1:16736646,1,16736646,7.561894e-09,SORBI_3001G187800,0.476468
13S-HOTrE,LIN,individual,1:16736646,1,16736646,7.561894e-09,SORBI_3001G187600,0.475887
13S-HOTrE,LIN,individual,1:16736646,1,16736646,7.561894e-09,SORBI_3001G187800,0.473984
13S-HOTrE,LIN,individual,1:16736646,1,16736646,7.561894e-09,SORBI_3001G187900,0.473984
13S-HOTrE,LIN,individual,1:16736646,1,16736646,7.561894e-09,SORBI_3001G188000,0.473984
13S-HOTrE,LIN,individual,1:16736646,1,16736646,7.561894e-09,SORBI_3001G190700,0.473145
13S-HOTrE,LIN,individual,1:16736646,1,16736646,7.561894e-09,SORBI_3001G187800,0.472752
13S-HOTrE,LIN,individual,1:16736646,1,16736646,7.561894e-09,SORBI_3001G187800,0.469438
13S-HOTrE,LIN,individual,1:16736646,1,16736646,7.561894e-09,SORBI_3001G187900,0.469438
13S-HOTrE,LIN,individual,1:16736646,1,16736646,7.561894e-09,SORBI_3001G188100,0.469438
13S-HOTrE,LIN,individual,1:16736646,1,16736646,7.561894e-09,SORBI_3001G187700,0.468609
13S-HOTrE,LIN,individual,1:16736646,1,16736646,7.561894e-09,SORBI_3001G187800,0.466155
13S-HOTrE,LIN,individual,1:16736646,1,16736646,7.561894e-09,SORBI_3001G187800,0.464924
13S-HOTrE,LIN,individual,1:16736646,1,16736646,7.561894e-09,SORBI_3001G187800,0.463303
13S-HOTrE,LIN,individual,1:16736646,1,16736646,7.561894e-09,SORBI_3001G190500,0.462042
13S-HOTrE,LIN,individual,1:16736646,1,16736646,7.561894e-09,SORBI_3001G187500,0.459617
13S-HOTrE,LIN,individual,1:16736646,1,16736646,7.561894e-09,SORBI_3001G187800,0.458868
13S-HOTrE,LIN,individual,1:16736646,1,16736646,7.561894e-09,SORBI_3001G188000,0.458868
13S-HOTrE,LIN,individual,1:16736646,1,16736646,7.561894e-09,SORBI_3001G187800,0.454505
13S-HOTrE,LIN,individual,1:16736646,1,16736646,7.561894e-09,SORBI_3001G191200,0.45312
13S-HOTrE,LIN,individual,1:16736646,1,16736646,7.561894e-09,SORBI_3001G191400,0.45312
13S-HOTrE,LIN,individual,1:16736646,1,16736646,7.561894e-09,SORBI_3001G191500,0.45312
13S-HOTrE,LIN,individual,1:16736646,1,16736646,7.561894e-09,SORBI_3001G191200,0.452789
13S-HOTrE,LIN,individual,1:16736646,1,16736646,7.561894e-09,SORBI_3001G187800,0.452662
13S-HOTrE,LIN,individual,1:16736646,1,16736646,7.561894e-09,SORBI_3001G187700,0.451055
13S-HOTrE,LIN,individual,1:16736646,1,16736646,7.561894e-09,SORBI_3001G191500,0.442402
13S-HOTrE,LIN,individual,1:16736646,1,16736646,7.561894e-09,SORBI_3001G191200,0.441985
13S-HOTrE,LIN,individual,1:16736646,1,16736646,7.561894e-09,SORBI_3001G189100,0.43859
13S-HOTrE,LIN,individual,1:16736646,1,16736646,7.561894e-09,SORBI_3001G187400,0.438335
13S-HOTrE,LIN,individual,1:16736646,1,16736646,7.561894e-09,SORBI_3001G190500,0.435953
13S-HOTrE,LIN,individual,1:16736646,1,16736646,7.561894e-09,SORBI_3001G188100,0.432683
13S-HOTrE,LIN,individual,1:16736646,1,16736646,7.561894e-09,SORBI_3001G191200,0.432321
13S-HOTrE,LIN,individual,1:16736646,1,16736646,7.561894e-09,SORBI_3001G191200,0.431972
13S-HOTrE,LIN,individual,1:16736646,1,16736646,7.561894e-09,SORBI_3001G191400,0.431721
13S-HOTrE,LIN,individual,1:16736646,1,16736646,7.561894e-09,SORBI_3001G188100,0.43132
13S-HOTrE,LIN,individual,1:16736646,1,16736646,7.561894e-09,SORBI_3001G187700,0.430169
13S-HOTrE,LIN,individual,1:16736646,1,16736646,7.561894e-09,SORBI_3001G188100,0.429013
13S-HOTrE,LIN,individual,1:16736646,1,16736646,7.561894e-09,SORBI_3001G191200,0.428768
13S-HOTrE,LIN,individual,1:16736646,1,16736646,7.561894e-09,SORBI_3001G188100,0.427573
13S-HOTrE,LIN,individual,1:16736646,1,16736646,7.561894e-09,SORBI_3001G190200,0.422488
13S-HOTrE,LIN,individual,1:16736646,1,16736646,7.561894e-09,SORBI_3001G189000,0.42157
13S-HOTrE,LIN,individual,1:16736646,1,16736646,7.561894e-09,SORBI_3001G191200,0.421453
13S-HOTrE,LIN,individual,1:16736646,1,16736646,7.561894e-09,SORBI_3001G191200,0.421013
13S-HOTrE,LIN,individual,1:16736646,1,16736646,7.561894e-09,SORBI_3001G190400,0.42028
13S-HOTrE,LIN,individual,1:16736646,1,16736646,7.561894e-09,SORBI_3001G187700,0.419142
13S-HOTrE,LIN,individual,1:16736646,1,16736646,7.561894e-09,SORBI_3001G187700,0.4169
13S-HOTrE,LIN,individual,1:16736646,1,16736646,7.561894e-09,SORBI_3001G191200,0.416058
13S-HOTrE,LIN,individual,1:16736646,1,16736646,7.561894e-09,SORBI_3001G188100,0.415329
13S-HOTrE,LIN,individual,1:16736646,1,16736646,7.561894e-09,SORBI_3001G191200,0.415115
13S-HOTrE,LIN,individual,1:16736646,1,16736646,7.561894e-09,SORBI_3001G190400,0.413377
13S-HOTrE,LIN,individual,1:16736646,1,16736646,7.561894e-09,SORBI_3001G191100,0.413377
13S-HOTrE,LIN,individual,1:16736646,1,16736646,7.561894e-09,SORBI_3001G191200,0.410612
13S-HOTrE,LIN,individual,1:16736646,1,16736646,7.561894e-09,SORBI_3001G190500,0.405537
13S-HOTrE,LIN,individual,1:16736646,1,16736646,7.561894e-09,SORBI_3001G187800,0.405209
13S-HOTrE,LIN,individual,1:16736646,1,16736646,7.561894e-09,SORBI_3001G187500,0.400114
13S-HOTrE,LIN,individual,1:16736646,1,16736646,7.561894e-09,SORBI_3001G189200,0.400103
13S-HOTrE,LIN,individual,1:16417301,1,16417301,7.802964e-09,SORBI_3001G186500,1
13S-HOTrE,LIN,individual,1:16417301,1,16417301,7.802964e-09,SORBI_3001G186850,1
13S-HOTrE,LIN,individual,1:16417301,1,16417301,7.802964e-09,SORBI_3001G186850,1
13S-HOTrE,LIN,individual,1:16417301,1,16417301,7.802964e-09,SORBI_3001G186401,0.985274
13S-HOTrE,LIN,individual,1:16417301,1,16417301,7.802964e-09,SORBI_3001G186401,0.972123
13S-HOTrE,LIN,individual,1:16417301,1,16417301,7.802964e-09,SORBI_3001G186850,0.968175
13S-HOTrE,LIN,individual,1:16417301,1,16417301,7.802964e-09,SORBI_3001G186500,0.968174
13S-HOTrE,LIN,individual,1:16417301,1,16417301,7.802964e-09,SORBI_3001G186401,0.965829
13S-HOTrE,LIN,individual,1:16417301,1,16417301,7.802964e-09,SORBI_3001G186401,0.965748
13S-HOTrE,LIN,individual,1:16417301,1,16417301,7.802964e-09,SORBI_3001G186401,0.964766
13S-HOTrE,LIN,individual,1:16417301,1,16417301,7.802964e-09,SORBI_3001G186401,0.962009
13S-HOTrE,LIN,individual,1:16417301,1,16417301,7.802964e-09,SORBI_3001G186850,0.961275
13S-HOTrE,LIN,individual,1:16417301,1,16417301,7.802964e-09,SORBI_3001G186800,0.958008
13S-HOTrE,LIN,individual,1:16417301,1,16417301,7.802964e-09,SORBI_3001G186850,0.957087
13S-HOTrE,LIN,individual,1:16417301,1,16417301,7.802964e-09,SORBI_3001G186401,0.957034
13S-HOTrE,LIN,individual,1:16417301,1,16417301,7.802964e-09,SORBI_3001G186500,0.95507
13S-HOTrE,LIN,individual,1:16417301,1,16417301,7.802964e-09,SORBI_3001G186850,0.954706
13S-HOTrE,LIN,individual,1:16417301,1,16417301,7.802964e-09,SORBI_3001G186800,0.952342
13S-HOTrE,LIN,individual,1:16417301,1,16417301,7.802964e-09,SORBI_3001G187000,0.952342
13S-HOTrE,LIN,individual,1:16417301,1,16417301,7.802964e-09,SORBI_3001G186500,0.948675
13S-HOTrE,LIN,individual,1:16417301,1,16417301,7.802964e-09,SORBI_3001G186800,0.948564
13S-HOTrE,LIN,individual,1:16417301,1,16417301,7.802964e-09,SORBI_3001G186500,0.947682
13S-HOTrE,LIN,individual,1:16417301,1,16417301,7.802964e-09,SORBI_3001G186850,0.947284
13S-HOTrE,LIN,individual,1:16417301,1,16417301,7.802964e-09,SORBI_3001G186700,0.946998
13S-HOTrE,LIN,individual,1:16417301,1,16417301,7.802964e-09,SORBI_3001G186800,0.946998
13S-HOTrE,LIN,individual,1:16417301,1,16417301,7.802964e-09,SORBI_3001G187000,0.946998
13S-HOTrE,LIN,individual,1:16417301,1,16417301,7.802964e-09,SORBI_3001G187000,0.946983
13S-HOTrE,LIN,individual,1:16417301,1,16417301,7.802964e-09,SORBI_3001G187000,0.945829
13S-HOTrE,LIN,individual,1:16417301,1,16417301,7.802964e-09,SORBI_3001G187000,0.945512
13S-HOTrE,LIN,individual,1:16417301,1,16417301,7.802964e-09,SORBI_3001G186850,0.944715
13S-HOTrE,LIN,individual,1:16417301,1,16417301,7.802964e-09,SORBI_3001G186850,0.944368
13S-HOTrE,LIN,individual,1:16417301,1,16417301,7.802964e-09,SORBI_3001G186925,0.942989
13S-HOTrE,LIN,individual,1:16417301,1,16417301,7.802964e-09,SORBI_3001G186925,0.942943
13S-HOTrE,LIN,individual,1:16417301,1,16417301,7.802964e-09,SORBI_3001G186850,0.942836
13S-HOTrE,LIN,individual,1:16417301,1,16417301,7.802964e-09,SORBI_3001G186800,0.942752
13S-HOTrE,LIN,individual,1:16417301,1,16417301,7.802964e-09,SORBI_3001G187000,0.942752
13S-HOTrE,LIN,individual,1:16417301,1,16417301,7.802964e-09,SORBI_3001G186700,0.941959
13S-HOTrE,LIN,individual,1:16417301,1,16417301,7.802964e-09,SORBI_3001G186800,0.941959
13S-HOTrE,LIN,individual,1:16417301,1,16417301,7.802964e-09,SORBI_3001G187000,0.941959
13S-HOTrE,LIN,individual,1:16417301,1,16417301,7.802964e-09,SORBI_3001G187100,0.941959
13S-HOTrE,LIN,individual,1:16417301,1,16417301,7.802964e-09,SORBI_3001G187000,0.941943
13S-HOTrE,LIN,individual,1:16417301,1,16417301,7.802964e-09,SORBI_3001G186850,0.940833
13S-HOTrE,LIN,individual,1:16417301,1,16417301,7.802964e-09,SORBI_3001G186800,0.940332
13S-HOTrE,LIN,individual,1:16417301,1,16417301,7.802964e-09,SORBI_3001G186500,0.939505
13S-HOTrE,LIN,individual,1:16417301,1,16417301,7.802964e-09,SORBI_3001G186850,0.939442
13S-HOTrE,LIN,individual,1:16417301,1,16417301,7.802964e-09,SORBI_3001G186800,0.9392
13S-HOTrE,LIN,individual,1:16417301,1,16417301,7.802964e-09,SORBI_3001G186800,0.938728
13S-HOTrE,LIN,individual,1:16417301,1,16417301,7.802964e-09,SORBI_3001G186850,0.938167
13S-HOTrE,LIN,individual,1:16417301,1,16417301,7.802964e-09,SORBI_3001G186850,0.937642
13S-HOTrE,LIN,individual,1:16417301,1,16417301,7.802964e-09,SORBI_3001G186800,0.937409
13S-HOTrE,LIN,individual,1:16417301,1,16417301,7.802964e-09,SORBI_3001G186700,0.937274
13S-HOTrE,LIN,individual,1:16417301,1,16417301,7.802964e-09,SORBI_3001G186800,0.937274
13S-HOTrE,LIN,individual,1:16417301,1,16417301,7.802964e-09,SORBI_3001G187000,0.937274
13S-HOTrE,LIN,individual,1:16417301,1,16417301,7.802964e-09,SORBI_3001G187000,0.937257
13S-HOTrE,LIN,individual,1:16417301,1,16417301,7.802964e-09,SORBI_3001G186850,0.936429
13S-HOTrE,LIN,individual,1:16417301,1,16417301,7.802964e-09,SORBI_3001G186600,0.936306
13S-HOTrE,LIN,individual,1:16417301,1,16417301,7.802964e-09,SORBI_3001G186800,0.93545
13S-HOTrE,LIN,individual,1:16417301,1,16417301,7.802964e-09,SORBI_3001G187000,0.935432
13S-HOTrE,LIN,individual,1:16417301,1,16417301,7.802964e-09,SORBI_3001G186500,0.934067
13S-HOTrE,LIN,individual,1:16417301,1,16417301,7.802964e-09,SORBI_3001G186800,0.93376
13S-HOTrE,LIN,individual,1:16417301,1,16417301,7.802964e-09,SORBI_3001G186800,0.933687
13S-HOTrE,LIN,individual,1:16417301,1,16417301,7.802964e-09,SORBI_3001G187000,0.933218
13S-HOTrE,LIN,individual,1:16417301,1,16417301,7.802964e-09,SORBI_3001G186600,0.932467
13S-HOTrE,LIN,individual,1:16417301,1,16417301,7.802964e-09,SORBI_3001G186700,0.932112
13S-HOTrE,LIN,individual,1:16417301,1,16417301,7.802964e-09,SORBI_3001G186800,0.932112
13S-HOTrE,LIN,individual,1:16417301,1,16417301,7.802964e-09,SORBI_3001G187100,0.932112
13S-HOTrE,LIN,individual,1:16417301,1,16417301,7.802964e-09,SORBI_3001G186600,0.932039
13S-HOTrE,LIN,individual,1:16417301,1,16417301,7.802964e-09,SORBI_3001G186850,0.931572
13S-HOTrE,LIN,individual,1:16417301,1,16417301,7.802964e-09,SORBI_3001G186500,0.931147
13S-HOTrE,LIN,individual,1:16417301,1,16417301,7.802964e-09,SORBI_3001G186401,0.930833
13S-HOTrE,LIN,individual,1:16417301,1,16417301,7.802964e-09,SORBI_3001G186500,0.930636
13S-HOTrE,LIN,individual,1:16417301,1,16417301,7.802964e-09,SORBI_3001G186600,0.930603
13S-HOTrE,LIN,individual,1:16417301,1,16417301,7.802964e-09,SORBI_3001G187000,0.930577
13S-HOTrE,LIN,individual,1:16417301,1,16417301,7.802964e-09,SORBI_3001G186700,0.930531
13S-HOTrE,LIN,individual,1:16417301,1,16417301,7.802964e-09,SORBI_3001G186600,0.930135
13S-HOTrE,LIN,individual,1:16417301,1,16417301,7.802964e-09,SORBI_3001G186600,0.929824
13S-HOTrE,LIN,individual,1:16417301,1,16417301,7.802964e-09,SORBI_3001G186600,0.929665
13S-HOTrE,LIN,individual,1:16417301,1,16417301,7.802964e-09,SORBI_3001G186600,0.929502
13S-HOTrE,LIN,individual,1:16417301,1,16417301,7.802964e-09,SORBI_3001G186600,0.929337
13S-HOTrE,LIN,individual,1:16417301,1,16417301,7.802964e-09,SORBI_3001G186500,0.92918
13S-HOTrE,LIN,individual,1:16417301,1,16417301,7.802964e-09,SORBI_3001G186600,0.929168
13S-HOTrE,LIN,individual,1:16417301,1,16417301,7.802964e-09,SORBI_3001G186500,0.929046
13S-HOTrE,LIN,individual,1:16417301,1,16417301,7.802964e-09,SORBI_3001G186800,0.92903
13S-HOTrE,LIN,individual,1:16417301,1,16417301,7.802964e-09,SORBI_3001G186600,0.928996
13S-HOTrE,LIN,individual,1:16417301,1,16417301,7.802964e-09,SORBI_3001G186600,0.928821
13S-HOTrE,LIN,individual,1:16417301,1,16417301,7.802964e-09,SORBI_3001G186800,0.928745
13S-HOTrE,LIN,individual,1:16417301,1,16417301,7.802964e-09,SORBI_3001G186600,0.928643
13S-HOTrE,LIN,individual,1:16417301,1,16417301,7.802964e-09,SORBI_3001G186600,0.928276
13S-HOTrE,LIN,individual,1:16417301,1,16417301,7.802964e-09,SORBI_3001G186600,0.928087
13S-HOTrE,LIN,individual,1:16417301,1,16417301,7.802964e-09,SORBI_3001G186600,0.927895
13S-HOTrE,LIN,individual,1:16417301,1,16417301,7.802964e-09,SORBI_3001G186925,0.927769
13S-HOTrE,LIN,individual,1:16417301,1,16417301,7.802964e-09,SORBI_3001G186800,0.927618
13S-HOTrE,LIN,individual,1:16417301,1,16417301,7.802964e-09,SORBI_3001G187000,0.927618
13S-HOTrE,LIN,individual,1:16417301,1,16417301,7.802964e-09,SORBI_3001G187100,0.927618
13S-HOTrE,LIN,individual,1:16417301,1,16417301,7.802964e-09,SORBI_3001G187000,0.927599
13S-HOTrE,LIN,individual,1:16417301,1,16417301,7.802964e-09,SORBI_3001G187000,0.926237
13S-HOTrE,LIN,individual,1:16417301,1,16417301,7.802964e-09,SORBI_3001G187000,0.926217
13S-HOTrE,LIN,individual,1:16417301,1,16417301,7.802964e-09,SORBI_3001G186850,0.926011
13S-HOTrE,LIN,individual,1:16417301,1,16417301,7.802964e-09,SORBI_3001G186850,0.925794
13S-HOTrE,LIN,individual,1:16417301,1,16417301,7.802964e-09,SORBI_3001G186800,0.92553
13S-HOTrE,LIN,individual,1:16417301,1,16417301,7.802964e-09,SORBI_3001G187100,0.92553
13S-HOTrE,LIN,individual,1:16417301,1,16417301,7.802964e-09,SORBI_3001G186500,0.925359
13S-HOTrE,LIN,individual,1:16417301,1,16417301,7.802964e-09,SORBI_3001G186401,0.924424
13S-HOTrE,LIN,individual,1:16417301,1,16417301,7.802964e-09,SORBI_3001G186401,0.923894
13S-HOTrE,LIN,individual,1:16417301,1,16417301,7.802964e-09,SORBI_3001G186401,0.923624
13S-HOTrE,LIN,individual,1:16417301,1,16417301,7.802964e-09,SORBI_3001G186401,0.923531
13S-HOTrE,LIN,individual,1:16417301,1,16417301,7.802964e-09,SORBI_3001G186600,0.92329
13S-HOTrE,LIN,individual,1:16417301,1,16417301,7.802964e-09,SORBI_3001G186500,0.922639
13S-HOTrE,LIN,individual,1:16417301,1,16417301,7.802964e-09,SORBI_3001G186700,0.922327
13S-HOTrE,LIN,individual,1:16417301,1,16417301,7.802964e-09,SORBI_3001G186800,0.922327
13S-HOTrE,LIN,individual,1:16417301,1,16417301,7.802964e-09,SORBI_3001G187100,0.922327
13S-HOTrE,LIN,individual,1:16417301,1,16417301,7.802964e-09,SORBI_3001G186850,0.921998
13S-HOTrE,LIN,individual,1:16417301,1,16417301,7.802964e-09,SORBI_3001G186600,0.920853
13S-HOTrE,LIN,individual,1:16417301,1,16417301,7.802964e-09,SORBI_3001G187000,0.920795
13S-HOTrE,LIN,individual,1:16417301,1,16417301,7.802964e-09,SORBI_3001G187100,0.920795
13S-HOTrE,LIN,individual,1:16417301,1,16417301,7.802964e-09,SORBI_3001G186600,0.920655
13S-HOTrE,LIN,individual,1:16417301,1,16417301,7.802964e-09,SORBI_3001G186401,0.920323
13S-HOTrE,LIN,individual,1:16417301,1,16417301,7.802964e-09,SORBI_3001G186600,0.920247
13S-HOTrE,LIN,individual,1:16417301,1,16417301,7.802964e-09,SORBI_3001G186600,0.920037
13S-HOTrE,LIN,individual,1:16417301,1,16417301,7.802964e-09,SORBI_3001G186800,0.91934
13S-HOTrE,LIN,individual,1:16417301,1,16417301,7.802964e-09,SORBI_3001G187000,0.919318
13S-HOTrE,LIN,individual,1:16417301,1,16417301,7.802964e-09,SORBI_3001G186700,0.91904
13S-HOTrE,LIN,individual,1:16417301,1,16417301,7.802964e-09,SORBI_3001G186600,0.918121
13S-HOTrE,LIN,individual,1:16417301,1,16417301,7.802964e-09,SORBI_3001G186600,0.917938
13S-HOTrE,LIN,individual,1:16417301,1,16417301,7.802964e-09,SORBI_3001G186500,0.91786
13S-HOTrE,LIN,individual,1:16417301,1,16417301,7.802964e-09,SORBI_3001G186600,0.917751
13S-HOTrE,LIN,individual,1:16417301,1,16417301,7.802964e-09,SORBI_3001G186500,0.917582
13S-HOTrE,LIN,individual,1:16417301,1,16417301,7.802964e-09,SORBI_3001G186925,0.917566
13S-HOTrE,LIN,individual,1:16417301,1,16417301,7.802964e-09,SORBI_3001G186600,0.917368
13S-HOTrE,LIN,individual,1:16417301,1,16417301,7.802964e-09,SORBI_3001G186600,0.916767
13S-HOTrE,LIN,individual,1:16417301,1,16417301,7.802964e-09,SORBI_3001G186600,0.916346
13S-HOTrE,LIN,individual,1:16417301,1,16417301,7.802964e-09,SORBI_3001G186700,0.91567
13S-HOTrE,LIN,individual,1:16417301,1,16417301,7.802964e-09,SORBI_3001G186600,0.915623
13S-HOTrE,LIN,individual,1:16417301,1,16417301,7.802964e-09,SORBI_3001G186600,0.914378
13S-HOTrE,LIN,individual,1:16417301,1,16417301,7.802964e-09,SORBI_3001G186800,0.912607
13S-HOTrE,LIN,individual,1:16417301,1,16417301,7.802964e-09,SORBI_3001G186500,0.912226
13S-HOTrE,LIN,individual,1:16417301,1,16417301,7.802964e-09,SORBI_3001G186850,0.91214
13S-HOTrE,LIN,individual,1:16417301,1,16417301,7.802964e-09,SORBI_3001G186925,0.911588
13S-HOTrE,LIN,individual,1:16417301,1,16417301,7.802964e-09,SORBI_3001G186600,0.911486
13S-HOTrE,LIN,individual,1:16417301,1,16417301,7.802964e-09,SORBI_3001G186850,0.910078
13S-HOTrE,LIN,individual,1:16417301,1,16417301,7.802964e-09,SORBI_3001G186600,0.909757
13S-HOTrE,LIN,individual,1:16417301,1,16417301,7.802964e-09,SORBI_3001G186600,0.909575
13S-HOTrE,LIN,individual,1:16417301,1,16417301,7.802964e-09,SORBI_3001G186850,0.909559
13S-HOTrE,LIN,individual,1:16417301,1,16417301,7.802964e-09,SORBI_3001G186925,0.909108
13S-HOTrE,LIN,individual,1:16417301,1,16417301,7.802964e-09,SORBI_3001G186850,0.90765
13S-HOTrE,LIN,individual,1:16417301,1,16417301,7.802964e-09,SORBI_3001G186500,0.906277
13S-HOTrE,LIN,individual,1:16417301,1,16417301,7.802964e-09,SORBI_3001G186850,0.906062
13S-HOTrE,LIN,individual,1:16417301,1,16417301,7.802964e-09,SORBI_3001G186850,0.905914
13S-HOTrE,LIN,individual,1:16417301,1,16417301,7.802964e-09,SORBI_3001G186600,0.903369
13S-HOTrE,LIN,individual,1:16417301,1,16417301,7.802964e-09,SORBI_3001G186850,0.903287
13S-HOTrE,LIN,individual,1:16417301,1,16417301,7.802964e-09,SORBI_3001G186500,0.903252
13S-HOTrE,LIN,individual,1:16417301,1,16417301,7.802964e-09,SORBI_3001G186500,0.90302
13S-HOTrE,LIN,individual,1:16417301,1,16417301,7.802964e-09,SORBI_3001G186500,0.90258
13S-HOTrE,LIN,individual,1:16417301,1,16417301,7.802964e-09,SORBI_3001G186500,0.902541
13S-HOTrE,LIN,individual,1:16417301,1,16417301,7.802964e-09,SORBI_3001G186500,0.902049
13S-HOTrE,LIN,individual,1:16417301,1,16417301,7.802964e-09,SORBI_3001G186850,0.901875
13S-HOTrE,LIN,individual,1:16417301,1,16417301,7.802964e-09,SORBI_3001G187200,0.90068
13S-HOTrE,LIN,individual,1:16417301,1,16417301,7.802964e-09,SORBI_3001G186600,0.898669
13S-HOTrE,LIN,individual,1:16417301,1,16417301,7.802964e-09,SORBI_3001G186600,0.898196
13S-HOTrE,LIN,individual,1:16417301,1,16417301,7.802964e-09,SORBI_3001G186600,0.897954
13S-HOTrE,LIN,individual,1:16417301,1,16417301,7.802964e-09,SORBI_3001G186600,0.897706
13S-HOTrE,LIN,individual,1:16417301,1,16417301,7.802964e-09,SORBI_3001G186925,0.897693
13S-HOTrE,LIN,individual,1:16417301,1,16417301,7.802964e-09,SORBI_3001G186600,0.897454
13S-HOTrE,LIN,individual,1:16417301,1,16417301,7.802964e-09,SORBI_3001G186600,0.897197
13S-HOTrE,LIN,individual,1:16417301,1,16417301,7.802964e-09,SORBI_3001G186850,0.896954
13S-HOTrE,LIN,individual,1:16417301,1,16417301,7.802964e-09,SORBI_3001G186600,0.896936
13S-HOTrE,LIN,individual,1:16417301,1,16417301,7.802964e-09,SORBI_3001G186600,0.896669
13S-HOTrE,LIN,individual,1:16417301,1,16417301,7.802964e-09,SORBI_3001G186850,0.89622
13S-HOTrE,LIN,individual,1:16417301,1,16417301,7.802964e-09,SORBI_3001G187000,0.896139
13S-HOTrE,LIN,individual,1:16417301,1,16417301,7.802964e-09,SORBI_3001G186600,0.896091
13S-HOTrE,LIN,individual,1:16417301,1,16417301,7.802964e-09,SORBI_3001G186600,0.896026
13S-HOTrE,LIN,individual,1:16417301,1,16417301,7.802964e-09,SORBI_3001G186600,0.89589
13S-HOTrE,LIN,individual,1:16417301,1,16417301,7.802964e-09,SORBI_3001G186600,0.895641
13S-HOTrE,LIN,individual,1:16417301,1,16417301,7.802964e-09,SORBI_3001G186600,0.895519
13S-HOTrE,LIN,individual,1:16417301,1,16417301,7.802964e-09,SORBI_3001G186401,0.895028
13S-HOTrE,LIN,individual,1:16417301,1,16417301,7.802964e-09,SORBI_3001G186600,0.894868
13S-HOTrE,LIN,individual,1:16417301,1,16417301,7.802964e-09,SORBI_3001G186800,0.894638
13S-HOTrE,LIN,individual,1:16417301,1,16417301,7.802964e-09,SORBI_3001G186600,0.894601
13S-HOTrE,LIN,individual,1:16417301,1,16417301,7.802964e-09,SORBI_3001G186925,0.892614
13S-HOTrE,LIN,individual,1:16417301,1,16417301,7.802964e-09,SORBI_3001G186500,0.892241
13S-HOTrE,LIN,individual,1:16417301,1,16417301,7.802964e-09,SORBI_3001G186500,0.891892
13S-HOTrE,LIN,individual,1:16417301,1,16417301,7.802964e-09,SORBI_3001G186600,0.891223
13S-HOTrE,LIN,individual,1:16417301,1,16417301,7.802964e-09,SORBI_3001G186600,0.891172
13S-HOTrE,LIN,individual,1:16417301,1,16417301,7.802964e-09,SORBI_3001G186600,0.89096
13S-HOTrE,LIN,individual,1:16417301,1,16417301,7.802964e-09,SORBI_3001G186600,0.890665
13S-HOTrE,LIN,individual,1:16417301,1,16417301,7.802964e-09,SORBI_3001G186600,0.890404
13S-HOTrE,LIN,individual,1:16417301,1,16417301,7.802964e-09,SORBI_3001G186401,0.890365
13S-HOTrE,LIN,individual,1:16417301,1,16417301,7.802964e-09,SORBI_3001G186600,0.890139
13S-HOTrE,LIN,individual,1:16417301,1,16417301,7.802964e-09,SORBI_3001G186600,0.889868
13S-HOTrE,LIN,individual,1:16417301,1,16417301,7.802964e-09,SORBI_3001G186800,0.889736
13S-HOTrE,LIN,individual,1:16417301,1,16417301,7.802964e-09,SORBI_3001G186600,0.889025
13S-HOTrE,LIN,individual,1:16417301,1,16417301,7.802964e-09,SORBI_3001G186401,0.886705
13S-HOTrE,LIN,individual,1:16417301,1,16417301,7.802964e-09,SORBI_3001G187000,0.886474
13S-HOTrE,LIN,individual,1:16417301,1,16417301,7.802964e-09,SORBI_3001G186850,0.886137
13S-HOTrE,LIN,individual,1:16417301,1,16417301,7.802964e-09,SORBI_3001G186600,0.885399
13S-HOTrE,LIN,individual,1:16417301,1,16417301,7.802964e-09,SORBI_3001G186600,0.885117
13S-HOTrE,LIN,individual,1:16417301,1,16417301,7.802964e-09,SORBI_3001G186600,0.884829
13S-HOTrE,LIN,individual,1:16417301,1,16417301,7.802964e-09,SORBI_3001G186600,0.884536
13S-HOTrE,LIN,individual,1:16417301,1,16417301,7.802964e-09,SORBI_3001G186925,0.884252
13S-HOTrE,LIN,individual,1:16417301,1,16417301,7.802964e-09,SORBI_3001G186600,0.884238
13S-HOTrE,LIN,individual,1:16417301,1,16417301,7.802964e-09,SORBI_3001G186925,0.884183
13S-HOTrE,LIN,individual,1:16417301,1,16417301,7.802964e-09,SORBI_3001G186850,0.884058
13S-HOTrE,LIN,individual,1:16417301,1,16417301,7.802964e-09,SORBI_3001G186600,0.883379
13S-HOTrE,LIN,individual,1:16417301,1,16417301,7.802964e-09,SORBI_3001G186600,0.882699
13S-HOTrE,LIN,individual,1:16417301,1,16417301,7.802964e-09,SORBI_3001G186925,0.882269
13S-HOTrE,LIN,individual,1:16417301,1,16417301,7.802964e-09,SORBI_3001G186600,0.879145
13S-HOTrE,LIN,individual,1:16417301,1,16417301,7.802964e-09,SORBI_3001G186600,0.87887
13S-HOTrE,LIN,individual,1:16417301,1,16417301,7.802964e-09,SORBI_3001G187200,0.878702
13S-HOTrE,LIN,individual,1:16417301,1,16417301,7.802964e-09,SORBI_3001G187300,0.878702
13S-HOTrE,LIN,individual,1:16417301,1,16417301,7.802964e-09,SORBI_3001G186600,0.878305
13S-HOTrE,LIN,individual,1:16417301,1,16417301,7.802964e-09,SORBI_3001G186600,0.878015
13S-HOTrE,LIN,individual,1:16417301,1,16417301,7.802964e-09,SORBI_3001G187300,0.877715
13S-HOTrE,LIN,individual,1:16417301,1,16417301,7.802964e-09,SORBI_3001G186600,0.877111
13S-HOTrE,LIN,individual,1:16417301,1,16417301,7.802964e-09,SORBI_3001G187000,0.87688
13S-HOTrE,LIN,individual,1:16417301,1,16417301,7.802964e-09,SORBI_3001G187200,0.874839
13S-HOTrE,LIN,individual,1:16417301,1,16417301,7.802964e-09,SORBI_3001G186600,0.874099
13S-HOTrE,LIN,individual,1:16417301,1,16417301,7.802964e-09,SORBI_3001G187200,0.873515
13S-HOTrE,LIN,individual,1:16417301,1,16417301,7.802964e-09,SORBI_3001G187300,0.873515
13S-HOTrE,LIN,individual,1:16417301,1,16417301,7.802964e-09,SORBI_3001G187300,0.87345
13S-HOTrE,LIN,individual,1:16417301,1,16417301,7.802964e-09,SORBI_3001G187300,0.873316
13S-HOTrE,LIN,individual,1:16417301,1,16417301,7.802964e-09,SORBI_3001G186600,0.872969
13S-HOTrE,LIN,individual,1:16417301,1,16417301,7.802964e-09,SORBI_3001G186600,0.872888
13S-HOTrE,LIN,individual,1:16417301,1,16417301,7.802964e-09,SORBI_3001G186600,0.872028
13S-HOTrE,LIN,individual,1:16417301,1,16417301,7.802964e-09,SORBI_3001G186600,0.871918
13S-HOTrE,LIN,individual,1:16417301,1,16417301,7.802964e-09,SORBI_3001G187200,0.871857
13S-HOTrE,LIN,individual,1:16417301,1,16417301,7.802964e-09,SORBI_3001G187300,0.871857
13S-HOTrE,LIN,individual,1:16417301,1,16417301,7.802964e-09,SORBI_3001G186600,0.871582
13S-HOTrE,LIN,individual,1:16417301,1,16417301,7.802964e-09,SORBI_3001G186850,0.871281
13S-HOTrE,LIN,individual,1:16417301,1,16417301,7.802964e-09,SORBI_3001G186500,0.87089
13S-HOTrE,LIN,individual,1:16417301,1,16417301,7.802964e-09,SORBI_3001G186500,0.870534
13S-HOTrE,LIN,individual,1:16417301,1,16417301,7.802964e-09,SORBI_3001G186600,0.870306
13S-HOTrE,LIN,individual,1:16417301,1,16417301,7.802964e-09,SORBI_3001G186600,0.870024
13S-HOTrE,LIN,individual,1:16417301,1,16417301,7.802964e-09,SORBI_3001G186600,0.869446
13S-HOTrE,LIN,individual,1:16417301,1,16417301,7.802964e-09,SORBI_3001G187200,0.869171
13S-HOTrE,LIN,individual,1:16417301,1,16417301,7.802964e-09,SORBI_3001G186600,0.869149
13S-HOTrE,LIN,individual,1:16417301,1,16417301,7.802964e-09,SORBI_3001G186600,0.868847
13S-HOTrE,LIN,individual,1:16417301,1,16417301,7.802964e-09,SORBI_3001G186600,0.868539
13S-HOTrE,LIN,individual,1:16417301,1,16417301,7.802964e-09,SORBI_3001G186600,0.868225
13S-HOTrE,LIN,individual,1:16417301,1,16417301,7.802964e-09,SORBI_3001G186600,0.867906
13S-HOTrE,LIN,individual,1:16417301,1,16417301,7.802964e-09,SORBI_3001G187100,0.867722
13S-HOTrE,LIN,individual,1:16417301,1,16417301,7.802964e-09,SORBI_3001G186600,0.867581
13S-HOTrE,LIN,individual,1:16417301,1,16417301,7.802964e-09,SORBI_3001G186600,0.867249
13S-HOTrE,LIN,individual,1:16417301,1,16417301,7.802964e-09,SORBI_3001G187200,0.866842
13S-HOTrE,LIN,individual,1:16417301,1,16417301,7.802964e-09,SORBI_3001G187300,0.866842
13S-HOTrE,LIN,individual,1:16417301,1,16417301,7.802964e-09,SORBI_3001G187300,0.866594
13S-HOTrE,LIN,individual,1:16417301,1,16417301,7.802964e-09,SORBI_3001G186500,0.866226
13S-HOTrE,LIN,individual,1:16417301,1,16417301,7.802964e-09,SORBI_3001G187200,0.865537
13S-HOTrE,LIN,individual,1:16417301,1,16417301,7.802964e-09,SORBI_3001G186600,0.865284
13S-HOTrE,LIN,individual,1:16417301,1,16417301,7.802964e-09,SORBI_3001G186600,0.864738
13S-HOTrE,LIN,individual,1:16417301,1,16417301,7.802964e-09,SORBI_3001G187200,0.863848
13S-HOTrE,LIN,individual,1:16417301,1,16417301,7.802964e-09,SORBI_3001G187200,0.863813
13S-HOTrE,LIN,individual,1:16417301,1,16417301,7.802964e-09,SORBI_3001G187200,0.862241
13S-HOTrE,LIN,individual,1:16417301,1,16417301,7.802964e-09,SORBI_3001G187300,0.862241
13S-HOTrE,LIN,individual,1:16417301,1,16417301,7.802964e-09,SORBI_3001G186600,0.861031
13S-HOTrE,LIN,individual,1:16417301,1,16417301,7.802964e-09,SORBI_3001G186600,0.860895
13S-HOTrE,LIN,individual,1:16417301,1,16417301,7.802964e-09,SORBI_3001G186500,0.860844
13S-HOTrE,LIN,individual,1:16417301,1,16417301,7.802964e-09,SORBI_3001G186600,0.860694
13S-HOTrE,LIN,individual,1:16417301,1,16417301,7.802964e-09,SORBI_3001G187300,0.860267
13S-HOTrE,LIN,individual,1:16417301,1,16417301,7.802964e-09,SORBI_3001G187200,0.859713
13S-HOTrE,LIN,individual,1:16417301,1,16417301,7.802964e-09,SORBI_3001G187200,0.859677
13S-HOTrE,LIN,individual,1:16417301,1,16417301,7.802964e-09,SORBI_3001G186600,0.859175
13S-HOTrE,LIN,individual,1:16417301,1,16417301,7.802964e-09,SORBI_3001G186600,0.858811
13S-HOTrE,LIN,individual,1:16417301,1,16417301,7.802964e-09,SORBI_3001G186600,0.857746
13S-HOTrE,LIN,individual,1:16417301,1,16417301,7.802964e-09,SORBI_3001G186600,0.857361
13S-HOTrE,LIN,individual,1:16417301,1,16417301,7.802964e-09,SORBI_3001G187200,0.857097
13S-HOTrE,LIN,individual,1:16417301,1,16417301,7.802964e-09,SORBI_3001G187300,0.857097
13S-HOTrE,LIN,individual,1:16417301,1,16417301,7.802964e-09,SORBI_3001G186600,0.856387
13S-HOTrE,LIN,individual,1:16417301,1,16417301,7.802964e-09,SORBI_3001G186600,0.85605
13S-HOTrE,LIN,individual,1:16417301,1,16417301,7.802964e-09,SORBI_3001G186600,0.855707
13S-HOTrE,LIN,individual,1:16417301,1,16417301,7.802964e-09,SORBI_3001G187300,0.855416
13S-HOTrE,LIN,individual,1:16417301,1,16417301,7.802964e-09,SORBI_3001G186600,0.855357
13S-HOTrE,LIN,individual,1:16417301,1,16417301,7.802964e-09,SORBI_3001G186600,0.855001
13S-HOTrE,LIN,individual,1:16417301,1,16417301,7.802964e-09,SORBI_3001G186600,0.854638
13S-HOTrE,LIN,individual,1:16417301,1,16417301,7.802964e-09,SORBI_3001G186925,0.854445
13S-HOTrE,LIN,individual,1:16417301,1,16417301,7.802964e-09,SORBI_3001G186600,0.854269
13S-HOTrE,LIN,individual,1:16417301,1,16417301,7.802964e-09,SORBI_3001G187200,0.854249
13S-HOTrE,LIN,individual,1:16417301,1,16417301,7.802964e-09,SORBI_3001G187300,0.854042
13S-HOTrE,LIN,individual,1:16417301,1,16417301,7.802964e-09,SORBI_3001G186600,0.853892
13S-HOTrE,LIN,individual,1:16417301,1,16417301,7.802964e-09,SORBI_3001G186600,0.853507
13S-HOTrE,LIN,individual,1:16417301,1,16417301,7.802964e-09,SORBI_3001G186500,0.853276
13S-HOTrE,LIN,individual,1:16417301,1,16417301,7.802964e-09,SORBI_3001G186925,0.853016
13S-HOTrE,LIN,individual,1:16417301,1,16417301,7.802964e-09,SORBI_3001G187200,0.852695
13S-HOTrE,LIN,individual,1:16417301,1,16417301,7.802964e-09,SORBI_3001G187300,0.852542
13S-HOTrE,LIN,individual,1:16417301,1,16417301,7.802964e-09,SORBI_3001G186600,0.85201
13S-HOTrE,LIN,individual,1:16417301,1,16417301,7.802964e-09,SORBI_3001G186600,0.851633
13S-HOTrE,LIN,individual,1:16417301,1,16417301,7.802964e-09,SORBI_3001G187200,0.850333
13S-HOTrE,LIN,individual,1:16417301,1,16417301,7.802964e-09,SORBI_3001G186925,0.849826
13S-HOTrE,LIN,individual,1:16417301,1,16417301,7.802964e-09,SORBI_3001G186600,0.84841
13S-HOTrE,LIN,individual,1:16417301,1,16417301,7.802964e-09,SORBI_3001G186600,0.847895
13S-HOTrE,LIN,individual,1:16417301,1,16417301,7.802964e-09,SORBI_3001G187200,0.847415
13S-HOTrE,LIN,individual,1:16417301,1,16417301,7.802964e-09,SORBI_3001G186600,0.846754
13S-HOTrE,LIN,individual,1:16417301,1,16417301,7.802964e-09,SORBI_3001G187300,0.846298
13S-HOTrE,LIN,individual,1:16417301,1,16417301,7.802964e-09,SORBI_3001G186600,0.845454
13S-HOTrE,LIN,individual,1:16417301,1,16417301,7.802964e-09,SORBI_3001G186925,0.843621
13S-HOTrE,LIN,individual,1:16417301,1,16417301,7.802964e-09,SORBI_3001G186600,0.842853
13S-HOTrE,LIN,individual,1:16417301,1,16417301,7.802964e-09,SORBI_3001G186600,0.842524
13S-HOTrE,LIN,individual,1:16417301,1,16417301,7.802964e-09,SORBI_3001G186600,0.842408
13S-HOTrE,LIN,individual,1:16417301,1,16417301,7.802964e-09,SORBI_3001G186600,0.842131
13S-HOTrE,LIN,individual,1:16417301,1,16417301,7.802964e-09,SORBI_3001G186600,0.84173
13S-HOTrE,LIN,individual,1:16417301,1,16417301,7.802964e-09,SORBI_3001G186600,0.841718
13S-HOTrE,LIN,individual,1:16417301,1,16417301,7.802964e-09,SORBI_3001G186850,0.841575
13S-HOTrE,LIN,individual,1:16417301,1,16417301,7.802964e-09,SORBI_3001G186600,0.841322
13S-HOTrE,LIN,individual,1:16417301,1,16417301,7.802964e-09,SORBI_3001G187200,0.841034
13S-HOTrE,LIN,individual,1:16417301,1,16417301,7.802964e-09,SORBI_3001G186600,0.841002
13S-HOTrE,LIN,individual,1:16417301,1,16417301,7.802964e-09,SORBI_3001G186600,0.840635
13S-HOTrE,LIN,individual,1:16417301,1,16417301,7.802964e-09,SORBI_3001G186600,0.840261
13S-HOTrE,LIN,individual,1:16417301,1,16417301,7.802964e-09,SORBI_3001G186600,0.83988
13S-HOTrE,LIN,individual,1:16417301,1,16417301,7.802964e-09,SORBI_3001G186600,0.83951
13S-HOTrE,LIN,individual,1:16417301,1,16417301,7.802964e-09,SORBI_3001G186600,0.839492
13S-HOTrE,LIN,individual,1:16417301,1,16417301,7.802964e-09,SORBI_3001G186600,0.839096
13S-HOTrE,LIN,individual,1:16417301,1,16417301,7.802964e-09,SORBI_3001G186600,0.838693
13S-HOTrE,LIN,individual,1:16417301,1,16417301,7.802964e-09,SORBI_3001G186600,0.838686
13S-HOTrE,LIN,individual,1:16417301,1,16417301,7.802964e-09,SORBI_3001G186600,0.838283
13S-HOTrE,LIN,individual,1:16417301,1,16417301,7.802964e-09,SORBI_3001G186850,0.837844
13S-HOTrE,LIN,individual,1:16417301,1,16417301,7.802964e-09,SORBI_3001G186600,0.837379
13S-HOTrE,LIN,individual,1:16417301,1,16417301,7.802964e-09,SORBI_3001G186401,0.836422
13S-HOTrE,LIN,individual,1:16417301,1,16417301,7.802964e-09,SORBI_3001G186850,0.835204
13S-HOTrE,LIN,individual,1:16417301,1,16417301,7.802964e-09,SORBI_3001G186600,0.834561
13S-HOTrE,LIN,individual,1:16417301,1,16417301,7.802964e-09,SORBI_3001G186600,0.834185
13S-HOTrE,LIN,individual,1:16417301,1,16417301,7.802964e-09,SORBI_3001G186600,0.833412
13S-HOTrE,LIN,individual,1:16417301,1,16417301,7.802964e-09,SORBI_3001G186600,0.83261
13S-HOTrE,LIN,individual,1:16417301,1,16417301,7.802964e-09,SORBI_3001G186850,0.832494
13S-HOTrE,LIN,individual,1:16417301,1,16417301,7.802964e-09,SORBI_3001G186600,0.831783
13S-HOTrE,LIN,individual,1:16417301,1,16417301,7.802964e-09,SORBI_3001G186850,0.831657
13S-HOTrE,LIN,individual,1:16417301,1,16417301,7.802964e-09,SORBI_3001G187300,0.831538
13S-HOTrE,LIN,individual,1:16417301,1,16417301,7.802964e-09,SORBI_3001G186600,0.831383
13S-HOTrE,LIN,individual,1:16417301,1,16417301,7.802964e-09,SORBI_3001G186600,0.83097
13S-HOTrE,LIN,individual,1:16417301,1,16417301,7.802964e-09,SORBI_3001G187000,0.830609
13S-HOTrE,LIN,individual,1:16417301,1,16417301,7.802964e-09,SORBI_3001G187300,0.830232
13S-HOTrE,LIN,individual,1:16417301,1,16417301,7.802964e-09,SORBI_3001G186600,0.830134
13S-HOTrE,LIN,individual,1:16417301,1,16417301,7.802964e-09,SORBI_3001G186850,0.829837
13S-HOTrE,LIN,individual,1:16417301,1,16417301,7.802964e-09,SORBI_3001G186600,0.829514
13S-HOTrE,LIN,individual,1:16417301,1,16417301,7.802964e-09,SORBI_3001G186850,0.828922
13S-HOTrE,LIN,individual,1:16417301,1,16417301,7.802964e-09,SORBI_3001G186600,0.828756
13S-HOTrE,LIN,individual,1:16417301,1,16417301,7.802964e-09,SORBI_3001G187300,0.828565
13S-HOTrE,LIN,individual,1:16417301,1,16417301,7.802964e-09,SORBI_3001G186600,0.828367
13S-HOTrE,LIN,individual,1:16417301,1,16417301,7.802964e-09,SORBI_3001G187000,0.827932
13S-HOTrE,LIN,individual,1:16417301,1,16417301,7.802964e-09,SORBI_3001G186600,0.827568
13S-HOTrE,LIN,individual,1:16417301,1,16417301,7.802964e-09,SORBI_3001G186600,0.827157
13S-HOTrE,LIN,individual,1:16417301,1,16417301,7.802964e-09,SORBI_3001G187000,0.827044
13S-HOTrE,LIN,individual,1:16417301,1,16417301,7.802964e-09,SORBI_3001G186600,0.826738
13S-HOTrE,LIN,individual,1:16417301,1,16417301,7.802964e-09,SORBI_3001G187000,0.825437
13S-HOTrE,LIN,individual,1:16417301,1,16417301,7.802964e-09,SORBI_3001G187100,0.825437
13S-HOTrE,LIN,individual,1:16417301,1,16417301,7.802964e-09,SORBI_3001G186600,0.825434
13S-HOTrE,LIN,individual,1:16417301,1,16417301,7.802964e-09,SORBI_3001G186600,0.824807
13S-HOTrE,LIN,individual,1:16417301,1,16417301,7.802964e-09,SORBI_3001G186850,0.823739
13S-HOTrE,LIN,individual,1:16417301,1,16417301,7.802964e-09,SORBI_3001G186600,0.82304
13S-HOTrE,LIN,individual,1:16417301,1,16417301,7.802964e-09,SORBI_3001G186500,0.822237
13S-HOTrE,LIN,individual,1:16417301,1,16417301,7.802964e-09,SORBI_3001G187300,0.821956
13S-HOTrE,LIN,individual,1:16417301,1,16417301,7.802964e-09,SORBI_3001G187100,0.82029
13S-HOTrE,LIN,individual,1:16417301,1,16417301,7.802964e-09,SORBI_3001G186850,0.819566
13S-HOTrE,LIN,individual,1:16417301,1,16417301,7.802964e-09,SORBI_3001G187300,0.817983
13S-HOTrE,LIN,individual,1:16417301,1,16417301,7.802964e-09,SORBI_3001G186850,0.817929
13S-HOTrE,LIN,individual,1:16417301,1,16417301,7.802964e-09,SORBI_3001G187200,0.817178
13S-HOTrE,LIN,individual,1:16417301,1,16417301,7.802964e-09,SORBI_3001G186600,0.815824
13S-HOTrE,LIN,individual,1:16417301,1,16417301,7.802964e-09,SORBI_3001G186600,0.815489
13S-HOTrE,LIN,individual,1:16417301,1,16417301,7.802964e-09,SORBI_3001G186600,0.8154
13S-HOTrE,LIN,individual,1:16417301,1,16417301,7.802964e-09,SORBI_3001G186600,0.814968
13S-HOTrE,LIN,individual,1:16417301,1,16417301,7.802964e-09,SORBI_3001G187100,0.81473
13S-HOTrE,LIN,individual,1:16417301,1,16417301,7.802964e-09,SORBI_3001G187000,0.814679
13S-HOTrE,LIN,individual,1:16417301,1,16417301,7.802964e-09,SORBI_3001G186600,0.814557
13S-HOTrE,LIN,individual,1:16417301,1,16417301,7.802964e-09,SORBI_3001G186600,0.814528
13S-HOTrE,LIN,individual,1:16417301,1,16417301,7.802964e-09,SORBI_3001G186600,0.814135
13S-HOTrE,LIN,individual,1:16417301,1,16417301,7.802964e-09,SORBI_3001G186600,0.813623
13S-HOTrE,LIN,individual,1:16417301,1,16417301,7.802964e-09,SORBI_3001G186600,0.813268
13S-HOTrE,LIN,individual,1:16417301,1,16417301,7.802964e-09,SORBI_3001G186925,0.812603
13S-HOTrE,LIN,individual,1:16417301,1,16417301,7.802964e-09,SORBI_3001G187300,0.812443
13S-HOTrE,LIN,individual,1:16417301,1,16417301,7.802964e-09,SORBI_3001G186600,0.812369
13S-HOTrE,LIN,individual,1:16417301,1,16417301,7.802964e-09,SORBI_3001G186600,0.811907
13S-HOTrE,LIN,individual,1:16417301,1,16417301,7.802964e-09,SORBI_3001G186600,0.811436
13S-HOTrE,LIN,individual,1:16417301,1,16417301,7.802964e-09,SORBI_3001G187100,0.809545
13S-HOTrE,LIN,individual,1:16417301,1,16417301,7.802964e-09,SORBI_3001G186850,0.808467
13S-HOTrE,LIN,individual,1:16417301,1,16417301,7.802964e-09,SORBI_3001G187100,0.806654
13S-HOTrE,LIN,individual,1:16417301,1,16417301,7.802964e-09,SORBI_3001G186600,0.805956
13S-HOTrE,LIN,individual,1:16417301,1,16417301,7.802964e-09,SORBI_3001G187100,0.804426
13S-HOTrE,LIN,individual,1:16417301,1,16417301,7.802964e-09,SORBI_3001G186600,0.802656
13S-HOTrE,LIN,individual,1:16417301,1,16417301,7.802964e-09,SORBI_3001G186500,0.802527
13S-HOTrE,LIN,individual,1:16417301,1,16417301,7.802964e-09,SORBI_3001G186500,0.802386
13S-HOTrE,LIN,individual,1:16417301,1,16417301,7.802964e-09,SORBI_3001G186600,0.802221
13S-HOTrE,LIN,individual,1:16417301,1,16417301,7.802964e-09,SORBI_3001G186600,0.801031
13S-HOTrE,LIN,individual,1:16417301,1,16417301,7.802964e-09,SORBI_3001G186850,0.800991
13S-HOTrE,LIN,individual,1:16417301,1,16417301,7.802964e-09,SORBI_3001G186600,0.799442
13S-HOTrE,LIN,individual,1:16417301,1,16417301,7.802964e-09,SORBI_3001G186600,0.798445
13S-HOTrE,LIN,individual,1:16417301,1,16417301,7.802964e-09,SORBI_3001G186600,0.787973
13S-HOTrE,LIN,individual,1:16417301,1,16417301,7.802964e-09,SORBI_3001G187300,0.783732
13S-HOTrE,LIN,individual,1:16417301,1,16417301,7.802964e-09,SORBI_3001G187500,0.782095
13S-HOTrE,LIN,individual,1:16417301,1,16417301,7.802964e-09,SORBI_3001G186850,0.781519
13S-HOTrE,LIN,individual,1:16417301,1,16417301,7.802964e-09,SORBI_3001G187500,0.781499
13S-HOTrE,LIN,individual,1:16417301,1,16417301,7.802964e-09,SORBI_3001G187400,0.777529
13S-HOTrE,LIN,individual,1:16417301,1,16417301,7.802964e-09,SORBI_3001G187600,0.77715
13S-HOTrE,LIN,individual,1:16417301,1,16417301,7.802964e-09,SORBI_3001G187400,0.771955
13S-HOTrE,LIN,individual,1:16417301,1,16417301,7.802964e-09,SORBI_3001G187500,0.771462
13S-HOTrE,LIN,individual,1:16417301,1,16417301,7.802964e-09,SORBI_3001G187300,0.76941
13S-HOTrE,LIN,individual,1:16417301,1,16417301,7.802964e-09,SORBI_3001G187400,0.768149
13S-HOTrE,LIN,individual,1:16417301,1,16417301,7.802964e-09,SORBI_3001G187400,0.768092
13S-HOTrE,LIN,individual,1:16417301,1,16417301,7.802964e-09,SORBI_3001G187400,0.767531
13S-HOTrE,LIN,individual,1:16417301,1,16417301,7.802964e-09,SORBI_3001G187500,0.765781
13S-HOTrE,LIN,individual,1:16417301,1,16417301,7.802964e-09,SORBI_3001G187400,0.762407
13S-HOTrE,LIN,individual,1:16417301,1,16417301,7.802964e-09,SORBI_3001G186850,0.75969
13S-HOTrE,LIN,individual,1:16417301,1,16417301,7.802964e-09,SORBI_3001G187500,0.759663
13S-HOTrE,LIN,individual,1:16417301,1,16417301,7.802964e-09,SORBI_3001G187500,0.759352
13S-HOTrE,LIN,individual,1:16417301,1,16417301,7.802964e-09,SORBI_3001G187500,0.759126
13S-HOTrE,LIN,individual,1:16417301,1,16417301,7.802964e-09,SORBI_3001G187500,0.759117
13S-HOTrE,LIN,individual,1:16417301,1,16417301,7.802964e-09,SORBI_3001G187400,0.759025
13S-HOTrE,LIN,individual,1:16417301,1,16417301,7.802964e-09,SORBI_3001G187500,0.757384
13S-HOTrE,LIN,individual,1:16417301,1,16417301,7.802964e-09,SORBI_3001G187500,0.757292
13S-HOTrE,LIN,individual,1:16417301,1,16417301,7.802964e-09,SORBI_3001G187400,0.75506
13S-HOTrE,LIN,individual,1:16417301,1,16417301,7.802964e-09,SORBI_3001G186600,0.755045
13S-HOTrE,LIN,individual,1:16417301,1,16417301,7.802964e-09,SORBI_3001G187500,0.747684
13S-HOTrE,LIN,individual,1:16417301,1,16417301,7.802964e-09,SORBI_3001G187800,0.740829
13S-HOTrE,LIN,individual,1:16417301,1,16417301,7.802964e-09,SORBI_3001G187200,0.740672
13S-HOTrE,LIN,individual,1:16417301,1,16417301,7.802964e-09,SORBI_3001G187400,0.73868
13S-HOTrE,LIN,individual,1:16417301,1,16417301,7.802964e-09,SORBI_3001G187100,0.737745
13S-HOTrE,LIN,individual,1:16417301,1,16417301,7.802964e-09,SORBI_3001G187800,0.735835
13S-HOTrE,LIN,individual,1:16417301,1,16417301,7.802964e-09,SORBI_3001G186850,0.734468
13S-HOTrE,LIN,individual,1:16417301,1,16417301,7.802964e-09,SORBI_3001G187500,0.732901
13S-HOTrE,LIN,individual,1:16417301,1,16417301,7.802964e-09,SORBI_3001G186600,0.731381
13S-HOTrE,LIN,individual,1:16417301,1,16417301,7.802964e-09,SORBI_3001G187400,0.73024
13S-HOTrE,LIN,individual,1:16417301,1,16417301,7.802964e-09,SORBI_3001G187500,0.729003
13S-HOTrE,LIN,individual,1:16417301,1,16417301,7.802964e-09,SORBI_3001G187500,0.721388
13S-HOTrE,LIN,individual,1:16417301,1,16417301,7.802964e-09,SORBI_3001G187500,0.721287
13S-HOTrE,LIN,individual,1:16417301,1,16417301,7.802964e-09,SORBI_3001G187200,0.717671
13S-HOTrE,LIN,individual,1:16417301,1,16417301,7.802964e-09,SORBI_3001G187200,0.710465
13S-HOTrE,LIN,individual,1:16417301,1,16417301,7.802964e-09,SORBI_3001G187300,0.709735
13S-HOTrE,LIN,individual,1:16417301,1,16417301,7.802964e-09,SORBI_3001G187300,0.703747
13S-HOTrE,LIN,individual,1:16417301,1,16417301,7.802964e-09,SORBI_3001G187800,0.701594
13S-HOTrE,LIN,individual,1:16417301,1,16417301,7.802964e-09,SORBI_3001G187800,0.700929
13S-HOTrE,LIN,individual,1:16417301,1,16417301,7.802964e-09,SORBI_3001G187200,0.699802
13S-HOTrE,LIN,individual,1:16417301,1,16417301,7.802964e-09,SORBI_3001G187200,0.697906
13S-HOTrE,LIN,individual,1:16417301,1,16417301,7.802964e-09,SORBI_3001G187200,0.696173
13S-HOTrE,LIN,individual,1:16417301,1,16417301,7.802964e-09,SORBI_3001G186850,0.695779
13S-HOTrE,LIN,individual,1:16417301,1,16417301,7.802964e-09,SORBI_3001G186850,0.69433
13S-HOTrE,LIN,individual,1:16417301,1,16417301,7.802964e-09,SORBI_3001G187100,0.693015
13S-HOTrE,LIN,individual,1:16417301,1,16417301,7.802964e-09,SORBI_3001G186600,0.691836
13S-HOTrE,LIN,individual,1:16417301,1,16417301,7.802964e-09,SORBI_3001G187800,0.689941
13S-HOTrE,LIN,individual,1:16417301,1,16417301,7.802964e-09,SORBI_3001G187400,0.688317
13S-HOTrE,LIN,individual,1:16417301,1,16417301,7.802964e-09,SORBI_3001G187200,0.688188
13S-HOTrE,LIN,individual,1:16417301,1,16417301,7.802964e-09,SORBI_3001G187300,0.687083
13S-HOTrE,LIN,individual,1:16417301,1,16417301,7.802964e-09,SORBI_3001G187400,0.685107
13S-HOTrE,LIN,individual,1:16417301,1,16417301,7.802964e-09,SORBI_3001G187400,0.667676
13S-HOTrE,LIN,individual,1:16417301,1,16417301,7.802964e-09,SORBI_3001G188100,0.666376
13S-HOTrE,LIN,individual,1:16417301,1,16417301,7.802964e-09,SORBI_3001G187500,0.664
13S-HOTrE,LIN,individual,1:16417301,1,16417301,7.802964e-09,SORBI_3001G186850,0.663375
13S-HOTrE,LIN,individual,1:16417301,1,16417301,7.802964e-09,SORBI_3001G187800,0.661245
13S-HOTrE,LIN,individual,1:16417301,1,16417301,7.802964e-09,SORBI_3001G187800,0.660755
13S-HOTrE,LIN,individual,1:16417301,1,16417301,7.802964e-09,SORBI_3001G187800,0.658582
13S-HOTrE,LIN,individual,1:16417301,1,16417301,7.802964e-09,SORBI_3001G187200,0.655763
13S-HOTrE,LIN,individual,1:16417301,1,16417301,7.802964e-09,SORBI_3001G187800,0.652478
13S-HOTrE,LIN,individual,1:16417301,1,16417301,7.802964e-09,SORBI_3001G187500,0.649867
13S-HOTrE,LIN,individual,1:16417301,1,16417301,7.802964e-09,SORBI_3001G187800,0.648268
13S-HOTrE,LIN,individual,1:16417301,1,16417301,7.802964e-09,SORBI_3001G187800,0.641301
13S-HOTrE,LIN,individual,1:16417301,1,16417301,7.802964e-09,SORBI_3001G187800,0.631644
13S-HOTrE,LIN,individual,1:16417301,1,16417301,7.802964e-09,SORBI_3001G187500,0.616521
13S-HOTrE,LIN,individual,1:16417301,1,16417301,7.802964e-09,SORBI_3001G187400,0.609818
13S-HOTrE,LIN,individual,1:16417301,1,16417301,7.802964e-09,SORBI_3001G187600,0.594139
13S-HOTrE,LIN,individual,1:16417301,1,16417301,7.802964e-09,SORBI_3001G187600,0.588105
13S-HOTrE,LIN,individual,1:16417301,1,16417301,7.802964e-09,SORBI_3001G187700,0.588105
13S-HOTrE,LIN,individual,1:16417301,1,16417301,7.802964e-09,SORBI_3001G187600,0.582577
13S-HOTrE,LIN,individual,1:16417301,1,16417301,7.802964e-09,SORBI_3001G187700,0.582577
13S-HOTrE,LIN,individual,1:16417301,1,16417301,7.802964e-09,SORBI_3001G187600,0.579255
13S-HOTrE,LIN,individual,1:16417301,1,16417301,7.802964e-09,SORBI_3001G187700,0.579255
13S-HOTrE,LIN,individual,1:16417301,1,16417301,7.802964e-09,SORBI_3001G187600,0.575414
13S-HOTrE,LIN,individual,1:16417301,1,16417301,7.802964e-09,SORBI_3001G187600,0.574654
13S-HOTrE,LIN,individual,1:16417301,1,16417301,7.802964e-09,SORBI_3001G187600,0.573521
13S-HOTrE,LIN,individual,1:16417301,1,16417301,7.802964e-09,SORBI_3001G187700,0.573521
13S-HOTrE,LIN,individual,1:16417301,1,16417301,7.802964e-09,SORBI_3001G187700,0.572086
13S-HOTrE,LIN,individual,1:16417301,1,16417301,7.802964e-09,SORBI_3001G187300,0.571947
13S-HOTrE,LIN,individual,1:16417301,1,16417301,7.802964e-09,SORBI_3001G187600,0.571374
13S-HOTrE,LIN,individual,1:16417301,1,16417301,7.802964e-09,SORBI_3001G187600,0.570513
13S-HOTrE,LIN,individual,1:16417301,1,16417301,7.802964e-09,SORBI_3001G187300,0.568361
13S-HOTrE,LIN,individual,1:16417301,1,16417301,7.802964e-09,SORBI_3001G187600,0.566255
13S-HOTrE,LIN,individual,1:16417301,1,16417301,7.802964e-09,SORBI_3001G187600,0.564559
13S-HOTrE,LIN,individual,1:16417301,1,16417301,7.802964e-09,SORBI_3001G187600,0.564311
13S-HOTrE,LIN,individual,1:16417301,1,16417301,7.802964e-09,SORBI_3001G187900,0.563396
13S-HOTrE,LIN,individual,1:16417301,1,16417301,7.802964e-09,SORBI_3001G188000,0.563396
13S-HOTrE,LIN,individual,1:16417301,1,16417301,7.802964e-09,SORBI_3001G187800,0.557454
13S-HOTrE,LIN,individual,1:16417301,1,16417301,7.802964e-09,SORBI_3001G187900,0.557454
13S-HOTrE,LIN,individual,1:16417301,1,16417301,7.802964e-09,SORBI_3001G188000,0.557454
13S-HOTrE,LIN,individual,1:16417301,1,16417301,7.802964e-09,SORBI_3001G188100,0.557454
13S-HOTrE,LIN,individual,1:16417301,1,16417301,7.802964e-09,SORBI_3001G187800,0.555696
13S-HOTrE,LIN,individual,1:16417301,1,16417301,7.802964e-09,SORBI_3001G187700,0.552032
13S-HOTrE,LIN,individual,1:16417301,1,16417301,7.802964e-09,SORBI_3001G187800,0.552032
13S-HOTrE,LIN,individual,1:16417301,1,16417301,7.802964e-09,SORBI_3001G187900,0.552032
13S-HOTrE,LIN,individual,1:16417301,1,16417301,7.802964e-09,SORBI_3001G188000,0.552032
13S-HOTrE,LIN,individual,1:16417301,1,16417301,7.802964e-09,SORBI_3001G188100,0.552032
13S-HOTrE,LIN,individual,1:16417301,1,16417301,7.802964e-09,SORBI_3001G187800,0.550051
13S-HOTrE,LIN,individual,1:16417301,1,16417301,7.802964e-09,SORBI_3001G187800,0.548607
13S-HOTrE,LIN,individual,1:16417301,1,16417301,7.802964e-09,SORBI_3001G188100,0.548607
13S-HOTrE,LIN,individual,1:16417301,1,16417301,7.802964e-09,SORBI_3001G187800,0.544902
13S-HOTrE,LIN,individual,1:16417301,1,16417301,7.802964e-09,SORBI_3001G187900,0.544902
13S-HOTrE,LIN,individual,1:16417301,1,16417301,7.802964e-09,SORBI_3001G188000,0.544902
13S-HOTrE,LIN,individual,1:16417301,1,16417301,7.802964e-09,SORBI_3001G187800,0.543813
13S-HOTrE,LIN,individual,1:16417301,1,16417301,7.802964e-09,SORBI_3001G187800,0.542977
13S-HOTrE,LIN,individual,1:16417301,1,16417301,7.802964e-09,SORBI_3001G188000,0.542977
13S-HOTrE,LIN,individual,1:16417301,1,16417301,7.802964e-09,SORBI_3001G188100,0.542977
13S-HOTrE,LIN,individual,1:16417301,1,16417301,7.802964e-09,SORBI_3001G187800,0.542828
13S-HOTrE,LIN,individual,1:16417301,1,16417301,7.802964e-09,SORBI_3001G187800,0.541075
13S-HOTrE,LIN,individual,1:16417301,1,16417301,7.802964e-09,SORBI_3001G188100,0.541075
13S-HOTrE,LIN,individual,1:16417301,1,16417301,7.802964e-09,SORBI_3001G187800,0.539869
13S-HOTrE,LIN,individual,1:16417301,1,16417301,7.802964e-09,SORBI_3001G186600,0.537796
13S-HOTrE,LIN,individual,1:16417301,1,16417301,7.802964e-09,SORBI_3001G187800,0.535733
13S-HOTrE,LIN,individual,1:16417301,1,16417301,7.802964e-09,SORBI_3001G187900,0.535733
13S-HOTrE,LIN,individual,1:16417301,1,16417301,7.802964e-09,SORBI_3001G187800,0.534015
13S-HOTrE,LIN,individual,1:16417301,1,16417301,7.802964e-09,SORBI_3001G188100,0.534015
13S-HOTrE,LIN,individual,1:16417301,1,16417301,7.802964e-09,SORBI_3001G187800,0.531251
13S-HOTrE,LIN,individual,1:16417301,1,16417301,7.802964e-09,SORBI_3001G186925,0.527411
13S-HOTrE,LIN,individual,1:16417301,1,16417301,7.802964e-09,SORBI_3001G187000,0.523932
13S-HOTrE,LIN,individual,1:16417301,1,16417301,7.802964e-09,SORBI_3001G187300,0.522795
13S-HOTrE,LIN,individual,1:16417301,1,16417301,7.802964e-09,SORBI_3001G188400,0.521685
13S-HOTrE,LIN,individual,1:16417301,1,16417301,7.802964e-09,SORBI_3001G187800,0.513055
13S-HOTrE,LIN,individual,1:16417301,1,16417301,7.802964e-09,SORBI_3001G188400,0.503663
13S-HOTrE,LIN,individual,1:16417301,1,16417301,7.802964e-09,SORBI_3001G187300,0.502716
13S-HOTrE,LIN,individual,1:16417301,1,16417301,7.802964e-09,SORBI_3001G187600,0.492202
13S-HOTrE,LIN,individual,1:16417301,1,16417301,7.802964e-09,SORBI_3001G187300,0.488704
13S-HOTrE,LIN,individual,1:16417301,1,16417301,7.802964e-09,SORBI_3001G187700,0.483784
13S-HOTrE,LIN,individual,1:16417301,1,16417301,7.802964e-09,SORBI_3001G187700,0.480945
13S-HOTrE,LIN,individual,1:16417301,1,16417301,7.802964e-09,SORBI_3001G188100,0.473963
13S-HOTrE,LIN,individual,1:16417301,1,16417301,7.802964e-09,SORBI_3001G186500,0.472359
13S-HOTrE,LIN,individual,1:16417301,1,16417301,7.802964e-09,SORBI_3001G188400,0.472253
13S-HOTrE,LIN,individual,1:16417301,1,16417301,7.802964e-09,SORBI_3001G188100,0.471041
13S-HOTrE,LIN,individual,1:16417301,1,16417301,7.802964e-09,SORBI_3001G188100,0.468034
13S-HOTrE,LIN,individual,1:16417301,1,16417301,7.802964e-09,SORBI_3001G188400,0.466641
13S-HOTrE,LIN,individual,1:16417301,1,16417301,7.802964e-09,SORBI_3001G188400,0.461593
13S-HOTrE,LIN,individual,1:16417301,1,16417301,7.802964e-09,SORBI_3001G188400,0.459351
13S-HOTrE,LIN,individual,1:16417301,1,16417301,7.802964e-09,SORBI_3001G187300,0.459201
13S-HOTrE,LIN,individual,1:16417301,1,16417301,7.802964e-09,SORBI_3001G188100,0.45819
13S-HOTrE,LIN,individual,1:16417301,1,16417301,7.802964e-09,SORBI_3001G187800,0.457784
13S-HOTrE,LIN,individual,1:16417301,1,16417301,7.802964e-09,SORBI_3001G188400,0.457784
13S-HOTrE,LIN,individual,1:16417301,1,16417301,7.802964e-09,SORBI_3001G188400,0.454604
13S-HOTrE,LIN,individual,1:16417301,1,16417301,7.802964e-09,SORBI_3001G188400,0.452521
13S-HOTrE,LIN,individual,1:16417301,1,16417301,7.802964e-09,SORBI_3001G188400,0.452245
13S-HOTrE,LIN,individual,1:16417301,1,16417301,7.802964e-09,SORBI_3001G187300,0.451078
13S-HOTrE,LIN,individual,1:16417301,1,16417301,7.802964e-09,SORBI_3001G188400,0.450358
13S-HOTrE,LIN,individual,1:16417301,1,16417301,7.802964e-09,SORBI_3001G188400,0.449038
13S-HOTrE,LIN,individual,1:16417301,1,16417301,7.802964e-09,SORBI_3001G187700,0.449013
13S-HOTrE,LIN,individual,1:16417301,1,16417301,7.802964e-09,SORBI_3001G187300,0.442246
13S-HOTrE,LIN,individual,1:16417301,1,16417301,7.802964e-09,SORBI_3001G188100,0.439804
13S-HOTrE,LIN,individual,1:16417301,1,16417301,7.802964e-09,SORBI_3001G187700,0.438586
13S-HOTrE,LIN,individual,1:16417301,1,16417301,7.802964e-09,SORBI_3001G187300,0.437687
13S-HOTrE,LIN,individual,1:16417301,1,16417301,7.802964e-09,SORBI_3001G187600,0.43573
13S-HOTrE,LIN,individual,1:16417301,1,16417301,7.802964e-09,SORBI_3001G187300,0.434493
13S-HOTrE,LIN,individual,1:16417301,1,16417301,7.802964e-09,SORBI_3001G187300,0.433734
13S-HOTrE,LIN,individual,1:16417301,1,16417301,7.802964e-09,SORBI_3001G188400,0.43268
13S-HOTrE,LIN,individual,1:16417301,1,16417301,7.802964e-09,SORBI_3001G187200,0.43229
13S-HOTrE,LIN,individual,1:16417301,1,16417301,7.802964e-09,SORBI_3001G188100,0.4319
13S-HOTrE,LIN,individual,1:16417301,1,16417301,7.802964e-09,SORBI_3001G188100,0.431591
13S-HOTrE,LIN,individual,1:16417301,1,16417301,7.802964e-09,SORBI_3001G187700,0.430011
13S-HOTrE,LIN,individual,1:16417301,1,16417301,7.802964e-09,SORBI_3001G187300,0.42277
13S-HOTrE,LIN,individual,1:16417301,1,16417301,7.802964e-09,SORBI_3001G187500,0.419845
13S-HOTrE,LIN,individual,4:4004327,4,4004327,7.846859e-09,SORBI_3004G049500,1
13S-HOTrE,LIN,individual,4:4004327,4,4004327,7.846859e-09,SORBI_3004G049500,1
13S-HOTrE,LIN,individual,4:4004327,4,4004327,7.846859e-09,SORBI_3004G049500,0.935058
13S-HOTrE,LIN,individual,4:4004327,4,4004327,7.846859e-09,SORBI_3004G049600,0.931466
13S-HOTrE,LIN,individual,4:4004327,4,4004327,7.846859e-09,SORBI_3004G049700,0.931466
13S-HOTrE,LIN,individual,4:4004327,4,4004327,7.846859e-09,SORBI_3004G049600,0.923171
13S-HOTrE,LIN,individual,4:4004327,4,4004327,7.846859e-09,SORBI_3004G049800,0.877011
13S-HOTrE,LIN,individual,4:4004327,4,4004327,7.846859e-09,SORBI_3004G049800,0.853226
13S-HOTrE,LIN,individual,4:4004327,4,4004327,7.846859e-09,SORBI_3004G047200,0.721596
13S-HOTrE,LIN,individual,4:4004327,4,4004327,7.846859e-09,SORBI_3004G047200,0.698072
13S-HOTrE,LIN,individual,4:4004327,4,4004327,7.846859e-09,SORBI_3004G049900,0.695254
13S-HOTrE,LIN,individual,4:4004327,4,4004327,7.846859e-09,SORBI_3004G047700,0.69506
13S-HOTrE,LIN,individual,4:4004327,4,4004327,7.846859e-09,SORBI_3004G047200,0.688633
13S-HOTrE,LIN,individual,4:4004327,4,4004327,7.846859e-09,SORBI_3004G047600,0.66628
13S-HOTrE,LIN,individual,4:4004327,4,4004327,7.846859e-09,SORBI_3004G047700,0.66628
13S-HOTrE,LIN,individual,4:4004327,4,4004327,7.846859e-09,SORBI_3004G049700,0.660675
13S-HOTrE,LIN,individual,4:4004327,4,4004327,7.846859e-09,SORBI_3004G047001,0.646921
13S-HOTrE,LIN,individual,4:4004327,4,4004327,7.846859e-09,SORBI_3004G047400,0.628955
13S-HOTrE,LIN,individual,4:4004327,4,4004327,7.846859e-09,SORBI_3004G047400,0.628441
13S-HOTrE,LIN,individual,4:4004327,4,4004327,7.846859e-09,SORBI_3004G049600,0.62701
13S-HOTrE,LIN,individual,4:4004327,4,4004327,7.846859e-09,SORBI_3004G047400,0.624833
13S-HOTrE,LIN,individual,4:4004327,4,4004327,7.846859e-09,SORBI_3004G047500,0.618661
13S-HOTrE,LIN,individual,4:4004327,4,4004327,7.846859e-09,SORBI_3004G047400,0.610885
13S-HOTrE,LIN,individual,4:4004327,4,4004327,7.846859e-09,SORBI_3004G050000,0.603074
13S-HOTrE,LIN,individual,4:4004327,4,4004327,7.846859e-09,SORBI_3004G047500,0.600806
13S-HOTrE,LIN,individual,4:4004327,4,4004327,7.846859e-09,SORBI_3004G047500,0.591013
13S-HOTrE,LIN,individual,4:4004327,4,4004327,7.846859e-09,SORBI_3004G047400,0.59101
13S-HOTrE,LIN,individual,4:4004327,4,4004327,7.846859e-09,SORBI_3004G049600,0.590596
13S-HOTrE,LIN,individual,4:4004327,4,4004327,7.846859e-09,SORBI_3004G050000,0.579219
13S-HOTrE,LIN,individual,4:4004327,4,4004327,7.846859e-09,SORBI_3004G050000,0.571477
13S-HOTrE,LIN,individual,4:4004327,4,4004327,7.846859e-09,SORBI_3004G047001,0.567858
13S-HOTrE,LIN,individual,4:4004327,4,4004327,7.846859e-09,SORBI_3004G050000,0.53314
13S-HOTrE,LIN,individual,4:4004327,4,4004327,7.846859e-09,SORBI_3004G049600,0.532379
13S-HOTrE,LIN,individual,4:4004327,4,4004327,7.846859e-09,SORBI_3004G051600,0.528099
13S-HOTrE,LIN,individual,4:4004327,4,4004327,7.846859e-09,SORBI_3004G048400,0.512536
13S-HOTrE,LIN,individual,4:4004327,4,4004327,7.846859e-09,SORBI_3004G048800,0.511504
13S-HOTrE,LIN,individual,4:4004327,4,4004327,7.846859e-09,SORBI_3004G048600,0.500302
13S-HOTrE,LIN,individual,4:4004327,4,4004327,7.846859e-09,SORBI_3004G046800,0.494553
13S-HOTrE,LIN,individual,4:4004327,4,4004327,7.846859e-09,SORBI_3004G048300,0.482566
13S-HOTrE,LIN,individual,4:4004327,4,4004327,7.846859e-09,SORBI_3004G051700,0.482497
13S-HOTrE,LIN,individual,4:4004327,4,4004327,7.846859e-09,SORBI_3004G049600,0.474473
13S-HOTrE,LIN,individual,4:4004327,4,4004327,7.846859e-09,SORBI_3004G048500,0.474098
13S-HOTrE,LIN,individual,4:4004327,4,4004327,7.846859e-09,SORBI_3004G048100,0.471027
13S-HOTrE,LIN,individual,4:4004327,4,4004327,7.846859e-09,SORBI_3004G049900,0.466056
13S-HOTrE,LIN,individual,4:4004327,4,4004327,7.846859e-09,SORBI_3004G048100,0.464405
13S-HOTrE,LIN,individual,4:4004327,4,4004327,7.846859e-09,SORBI_3004G048600,0.463907
13S-HOTrE,LIN,individual,4:4004327,4,4004327,7.846859e-09,SORBI_3004G048400,0.463045
13S-HOTrE,LIN,individual,4:4004327,4,4004327,7.846859e-09,SORBI_3004G048100,0.461153
13S-HOTrE,LIN,individual,4:4004327,4,4004327,7.846859e-09,SORBI_3004G049200,0.460721
13S-HOTrE,LIN,individual,4:4004327,4,4004327,7.846859e-09,SORBI_3004G048000,0.455526
13S-HOTrE,LIN,individual,4:4004327,4,4004327,7.846859e-09,SORBI_3004G050000,0.451847
13S-HOTrE,LIN,individual,4:4004327,4,4004327,7.846859e-09,SORBI_3004G049200,0.451383
13S-HOTrE,LIN,individual,4:4004327,4,4004327,7.846859e-09,SORBI_3004G047001,0.451278
13S-HOTrE,LIN,individual,4:4004327,4,4004327,7.846859e-09,SORBI_3004G051700,0.444078
13S-HOTrE,LIN,individual,4:4004327,4,4004327,7.846859e-09,SORBI_3004G052100,0.42166
13S-HOTrE,LIN,individual,4:4004327,4,4004327,7.846859e-09,SORBI_3004G048300,0.401421
13S-HOTrE,LIN,individual,4:4004327,4,4004327,7.846859e-09,SORBI_3004G048300,0.400299
13S-HOTrE,LIN,individual,10:4442108,10,4442108,7.944142e-09,SORBI_3010G056900,1
13S-HOTrE,LIN,individual,10:4442108,10,4442108,7.944142e-09,SORBI_3010G056900,1
13S-HOTrE,LIN,individual,10:4442108,10,4442108,7.944142e-09,SORBI_3010G056900,0.966117
13S-HOTrE,LIN,individual,10:4442108,10,4442108,7.944142e-09,SORBI_3010G056300,0.959454
13S-HOTrE,LIN,individual,10:4442108,10,4442108,7.944142e-09,SORBI_3010G057000,0.959454
13S-HOTrE,LIN,individual,10:4442108,10,4442108,7.944142e-09,SORBI_3010G056300,0.952742
13S-HOTrE,LIN,individual,10:4442108,10,4442108,7.944142e-09,SORBI_3010G057000,0.952742
13S-HOTrE,LIN,individual,10:4442108,10,4442108,7.944142e-09,SORBI_3010G056800,0.946381
13S-HOTrE,LIN,individual,10:4442108,10,4442108,7.944142e-09,SORBI_3010G056900,0.946381
13S-HOTrE,LIN,individual,10:4442108,10,4442108,7.944142e-09,SORBI_3010G056300,0.94613
13S-HOTrE,LIN,individual,10:4442108,10,4442108,7.944142e-09,SORBI_3010G057000,0.94613
13S-HOTrE,LIN,individual,10:4442108,10,4442108,7.944142e-09,SORBI_3010G056900,0.94571
13S-HOTrE,LIN,individual,10:4442108,10,4442108,7.944142e-09,SORBI_3010G056900,0.931938
13S-HOTrE,LIN,individual,10:4442108,10,4442108,7.944142e-09,SORBI_3010G056200,0.905688
13S-HOTrE,LIN,individual,10:4442108,10,4442108,7.944142e-09,SORBI_3010G056300,0.905688
13S-HOTrE,LIN,individual,10:4442108,10,4442108,7.944142e-09,SORBI_3010G057200,0.905688
13S-HOTrE,LIN,individual,10:4442108,10,4442108,7.944142e-09,SORBI_3010G057400,0.901035
13S-HOTrE,LIN,individual,10:4442108,10,4442108,7.944142e-09,SORBI_3010G056900,0.900848
13S-HOTrE,LIN,individual,10:4442108,10,4442108,7.944142e-09,SORBI_3010G055200,0.89921
13S-HOTrE,LIN,individual,10:4442108,10,4442108,7.944142e-09,SORBI_3010G055400,0.89921
13S-HOTrE,LIN,individual,10:4442108,10,4442108,7.944142e-09,SORBI_3010G055500,0.89921
13S-HOTrE,LIN,individual,10:4442108,10,4442108,7.944142e-09,SORBI_3010G056200,0.899052
13S-HOTrE,LIN,individual,10:4442108,10,4442108,7.944142e-09,SORBI_3010G056300,0.899052
13S-HOTrE,LIN,individual,10:4442108,10,4442108,7.944142e-09,SORBI_3010G057100,0.899052
13S-HOTrE,LIN,individual,10:4442108,10,4442108,7.944142e-09,SORBI_3010G057200,0.899052
13S-HOTrE,LIN,individual,10:4442108,10,4442108,7.944142e-09,SORBI_3010G056200,0.898683
13S-HOTrE,LIN,individual,10:4442108,10,4442108,7.944142e-09,SORBI_3010G055200,0.892768
13S-HOTrE,LIN,individual,10:4442108,10,4442108,7.944142e-09,SORBI_3010G055300,0.892768
13S-HOTrE,LIN,individual,10:4442108,10,4442108,7.944142e-09,SORBI_3010G055400,0.892768
13S-HOTrE,LIN,individual,10:4442108,10,4442108,7.944142e-09,SORBI_3010G055500,0.892768
13S-HOTrE,LIN,individual,10:4442108,10,4442108,7.944142e-09,SORBI_3010G055600,0.892768
13S-HOTrE,LIN,individual,10:4442108,10,4442108,7.944142e-09,SORBI_3010G055700,0.892768
13S-HOTrE,LIN,individual,10:4442108,10,4442108,7.944142e-09,SORBI_3010G055800,0.892768
13S-HOTrE,LIN,individual,10:4442108,10,4442108,7.944142e-09,SORBI_3010G055900,0.892768
13S-HOTrE,LIN,individual,10:4442108,10,4442108,7.944142e-09,SORBI_3010G056000,0.892768
13S-HOTrE,LIN,individual,10:4442108,10,4442108,7.944142e-09,SORBI_3010G056100,0.892768
13S-HOTrE,LIN,individual,10:4442108,10,4442108,7.944142e-09,SORBI_3010G055600,0.892593
13S-HOTrE,LIN,individual,10:4442108,10,4442108,7.944142e-09,SORBI_3010G056100,0.892593
13S-HOTrE,LIN,individual,10:4442108,10,4442108,7.944142e-09,SORBI_3010G055200,0.892539
13S-HOTrE,LIN,individual,10:4442108,10,4442108,7.944142e-09,SORBI_3010G055300,0.892539
13S-HOTrE,LIN,individual,10:4442108,10,4442108,7.944142e-09,SORBI_3010G056200,0.892519
13S-HOTrE,LIN,individual,10:4442108,10,4442108,7.944142e-09,SORBI_3010G057200,0.892519
13S-HOTrE,LIN,individual,10:4442108,10,4442108,7.944142e-09,SORBI_3010G057400,0.889396
13S-HOTrE,LIN,individual,10:4442108,10,4442108,7.944142e-09,SORBI_3010G055200,0.886171
13S-HOTrE,LIN,individual,10:4442108,10,4442108,7.944142e-09,SORBI_3010G055300,0.886171
13S-HOTrE,LIN,individual,10:4442108,10,4442108,7.944142e-09,SORBI_3010G055400,0.886171
13S-HOTrE,LIN,individual,10:4442108,10,4442108,7.944142e-09,SORBI_3010G055500,0.886171
13S-HOTrE,LIN,individual,10:4442108,10,4442108,7.944142e-09,SORBI_3010G055600,0.886171
13S-HOTrE,LIN,individual,10:4442108,10,4442108,7.944142e-09,SORBI_3010G055700,0.886171
13S-HOTrE,LIN,individual,10:4442108,10,4442108,7.944142e-09,SORBI_3010G055800,0.886171
13S-HOTrE,LIN,individual,10:4442108,10,4442108,7.944142e-09,SORBI_3010G056000,0.886171
13S-HOTrE,LIN,individual,10:4442108,10,4442108,7.944142e-09,SORBI_3010G056100,0.886171
13S-HOTrE,LIN,individual,10:4442108,10,4442108,7.944142e-09,SORBI_3010G056200,0.886094
13S-HOTrE,LIN,individual,10:4442108,10,4442108,7.944142e-09,SORBI_3010G056300,0.886094
13S-HOTrE,LIN,individual,10:4442108,10,4442108,7.944142e-09,SORBI_3010G057200,0.886094
13S-HOTrE,LIN,individual,10:4442108,10,4442108,7.944142e-09,SORBI_3010G055200,0.885726
13S-HOTrE,LIN,individual,10:4442108,10,4442108,7.944142e-09,SORBI_3010G055500,0.885726
13S-HOTrE,LIN,individual,10:4442108,10,4442108,7.944142e-09,SORBI_3010G055600,0.885726
13S-HOTrE,LIN,individual,10:4442108,10,4442108,7.944142e-09,SORBI_3010G055700,0.885726
13S-HOTrE,LIN,individual,10:4442108,10,4442108,7.944142e-09,SORBI_3010G055800,0.885726
13S-HOTrE,LIN,individual,10:4442108,10,4442108,7.944142e-09,SORBI_3010G056000,0.885726
13S-HOTrE,LIN,individual,10:4442108,10,4442108,7.944142e-09,SORBI_3010G056100,0.885726
13S-HOTrE,LIN,individual,10:4442108,10,4442108,7.944142e-09,SORBI_3010G055200,0.885468
13S-HOTrE,LIN,individual,10:4442108,10,4442108,7.944142e-09,SORBI_3010G055300,0.885468
13S-HOTrE,LIN,individual,10:4442108,10,4442108,7.944142e-09,SORBI_3010G056200,0.885308
13S-HOTrE,LIN,individual,10:4442108,10,4442108,7.944142e-09,SORBI_3010G057200,0.885308
13S-HOTrE,LIN,individual,10:4442108,10,4442108,7.944142e-09,SORBI_3010G056500,0.885076
13S-HOTrE,LIN,individual,10:4442108,10,4442108,7.944142e-09,SORBI_3010G055200,0.880934
13S-HOTrE,LIN,individual,10:4442108,10,4442108,7.944142e-09,SORBI_3010G055300,0.880934
13S-HOTrE,LIN,individual,10:4442108,10,4442108,7.944142e-09,SORBI_3010G057200,0.879785
13S-HOTrE,LIN,individual,10:4442108,10,4442108,7.944142e-09,SORBI_3010G055200,0.879679
13S-HOTrE,LIN,individual,10:4442108,10,4442108,7.944142e-09,SORBI_3010G055300,0.879679
13S-HOTrE,LIN,individual,10:4442108,10,4442108,7.944142e-09,SORBI_3010G055400,0.879679
13S-HOTrE,LIN,individual,10:4442108,10,4442108,7.944142e-09,SORBI_3010G055500,0.879679
13S-HOTrE,LIN,individual,10:4442108,10,4442108,7.944142e-09,SORBI_3010G055600,0.879679
13S-HOTrE,LIN,individual,10:4442108,10,4442108,7.944142e-09,SORBI_3010G055700,0.879679
13S-HOTrE,LIN,individual,10:4442108,10,4442108,7.944142e-09,SORBI_3010G056000,0.879679
13S-HOTrE,LIN,individual,10:4442108,10,4442108,7.944142e-09,SORBI_3010G056100,0.879679
13S-HOTrE,LIN,individual,10:4442108,10,4442108,7.944142e-09,SORBI_3010G055300,0.879649
13S-HOTrE,LIN,individual,10:4442108,10,4442108,7.944142e-09,SORBI_3010G055500,0.879027
13S-HOTrE,LIN,individual,10:4442108,10,4442108,7.944142e-09,SORBI_3010G055800,0.879027
13S-HOTrE,LIN,individual,10:4442108,10,4442108,7.944142e-09,SORBI_3010G057200,0.878774
13S-HOTrE,LIN,individual,10:4442108,10,4442108,7.944142e-09,SORBI_3010G055200,0.874151
13S-HOTrE,LIN,individual,10:4442108,10,4442108,7.944142e-09,SORBI_3010G055300,0.874151
13S-HOTrE,LIN,individual,10:4442108,10,4442108,7.944142e-09,SORBI_3010G055200,0.873458
13S-HOTrE,LIN,individual,10:4442108,10,4442108,7.944142e-09,SORBI_3010G055300,0.873458
13S-HOTrE,LIN,individual,10:4442108,10,4442108,7.944142e-09,SORBI_3010G055200,0.873297
13S-HOTrE,LIN,individual,10:4442108,10,4442108,7.944142e-09,SORBI_3010G055300,0.873297
13S-HOTrE,LIN,individual,10:4442108,10,4442108,7.944142e-09,SORBI_3010G055400,0.873297
13S-HOTrE,LIN,individual,10:4442108,10,4442108,7.944142e-09,SORBI_3010G055500,0.873297
13S-HOTrE,LIN,individual,10:4442108,10,4442108,7.944142e-09,SORBI_3010G055600,0.873297
13S-HOTrE,LIN,individual,10:4442108,10,4442108,7.944142e-09,SORBI_3010G055700,0.873297
13S-HOTrE,LIN,individual,10:4442108,10,4442108,7.944142e-09,SORBI_3010G055800,0.873297
13S-HOTrE,LIN,individual,10:4442108,10,4442108,7.944142e-09,SORBI_3010G056000,0.873297
13S-HOTrE,LIN,individual,10:4442108,10,4442108,7.944142e-09,SORBI_3010G056100,0.873297
13S-HOTrE,LIN,individual,10:4442108,10,4442108,7.944142e-09,SORBI_3010G055200,0.872428
13S-HOTrE,LIN,individual,10:4442108,10,4442108,7.944142e-09,SORBI_3010G055400,0.872428
13S-HOTrE,LIN,individual,10:4442108,10,4442108,7.944142e-09,SORBI_3010G057200,0.87235
13S-HOTrE,LIN,individual,10:4442108,10,4442108,7.944142e-09,SORBI_3010G055700,0.871989
13S-HOTrE,LIN,individual,10:4442108,10,4442108,7.944142e-09,SORBI_3010G056600,0.87111
13S-HOTrE,LIN,individual,10:4442108,10,4442108,7.944142e-09,SORBI_3010G055200,0.867031
13S-HOTrE,LIN,individual,10:4442108,10,4442108,7.944142e-09,SORBI_3010G055500,0.867031
13S-HOTrE,LIN,individual,10:4442108,10,4442108,7.944142e-09,SORBI_3010G055600,0.867031
13S-HOTrE,LIN,individual,10:4442108,10,4442108,7.944142e-09,SORBI_3010G056000,0.867031
13S-HOTrE,LIN,individual,10:4442108,10,4442108,7.944142e-09,SORBI_3010G056100,0.867031
13S-HOTrE,LIN,individual,10:4442108,10,4442108,7.944142e-09,SORBI_3010G055200,0.865939
13S-HOTrE,LIN,individual,10:4442108,10,4442108,7.944142e-09,SORBI_3010G055300,0.865939
13S-HOTrE,LIN,individual,10:4442108,10,4442108,7.944142e-09,SORBI_3010G055700,0.865934
13S-HOTrE,LIN,individual,10:4442108,10,4442108,7.944142e-09,SORBI_3010G056000,0.865934
13S-HOTrE,LIN,individual,10:4442108,10,4442108,7.944142e-09,SORBI_3010G055200,0.865286
13S-HOTrE,LIN,individual,10:4442108,10,4442108,7.944142e-09,SORBI_3010G055300,0.865286
13S-HOTrE,LIN,individual,10:4442108,10,4442108,7.944142e-09,SORBI_3010G055200,0.86096
13S-HOTrE,LIN,individual,10:4442108,10,4442108,7.944142e-09,SORBI_3010G055300,0.86096
13S-HOTrE,LIN,individual,10:4442108,10,4442108,7.944142e-09,SORBI_3010G055600,0.860888
13S-HOTrE,LIN,individual,10:4442108,10,4442108,7.944142e-09,SORBI_3010G055600,0.859646
13S-HOTrE,LIN,individual,10:4442108,10,4442108,7.944142e-09,SORBI_3010G056300,0.859636
13S-HOTrE,LIN,individual,10:4442108,10,4442108,7.944142e-09,SORBI_3010G055700,0.854876
13S-HOTrE,LIN,individual,10:4442108,10,4442108,7.944142e-09,SORBI_3010G056600,0.853256
13S-HOTrE,LIN,individual,10:4442108,10,4442108,7.944142e-09,SORBI_3010G056600,0.852856
13S-HOTrE,LIN,individual,10:4442108,10,4442108,7.944142e-09,SORBI_3010G056000,0.852207
13S-HOTrE,LIN,individual,10:4442108,10,4442108,7.944142e-09,SORBI_3010G055200,0.849003
13S-HOTrE,LIN,individual,10:4442108,10,4442108,7.944142e-09,SORBI_3010G055300,0.849003
13S-HOTrE,LIN,individual,10:4442108,10,4442108,7.944142e-09,SORBI_3010G055200,0.845534
13S-HOTrE,LIN,individual,10:4442108,10,4442108,7.944142e-09,SORBI_3010G055300,0.845534
13S-HOTrE,LIN,individual,10:4442108,10,4442108,7.944142e-09,SORBI_3010G055500,0.845442
13S-HOTrE,LIN,individual,10:4442108,10,4442108,7.944142e-09,SORBI_3010G055500,0.844942
13S-HOTrE,LIN,individual,10:4442108,10,4442108,7.944142e-09,SORBI_3010G057000,0.844072
13S-HOTrE,LIN,individual,10:4442108,10,4442108,7.944142e-09,SORBI_3010G055300,0.834272
13S-HOTrE,LIN,individual,10:4442108,10,4442108,7.944142e-09,SORBI_3010G055700,0.832559
13S-HOTrE,LIN,individual,10:4442108,10,4442108,7.944142e-09,SORBI_3010G056200,0.831219
13S-HOTrE,LIN,individual,10:4442108,10,4442108,7.944142e-09,SORBI_3010G056500,0.830812
13S-HOTrE,LIN,individual,10:4442108,10,4442108,7.944142e-09,SORBI_3010G055200,0.827044
13S-HOTrE,LIN,individual,10:4442108,10,4442108,7.944142e-09,SORBI_3010G055300,0.827044
13S-HOTrE,LIN,individual,10:4442108,10,4442108,7.944142e-09,SORBI_3010G055200,0.826943
13S-HOTrE,LIN,individual,10:4442108,10,4442108,7.944142e-09,SORBI_3010G055300,0.826943
13S-HOTrE,LIN,individual,10:4442108,10,4442108,7.944142e-09,SORBI_3010G057200,0.826152
13S-HOTrE,LIN,individual,10:4442108,10,4442108,7.944142e-09,SORBI_3010G055200,0.826145
13S-HOTrE,LIN,individual,10:4442108,10,4442108,7.944142e-09,SORBI_3010G055300,0.826145
13S-HOTrE,LIN,individual,10:4442108,10,4442108,7.944142e-09,SORBI_3010G053700,0.823463
13S-HOTrE,LIN,individual,10:4442108,10,4442108,7.944142e-09,SORBI_3010G055300,0.819686
13S-HOTrE,LIN,individual,10:4442108,10,4442108,7.944142e-09,SORBI_3010G055300,0.819103
13S-HOTrE,LIN,individual,10:4442108,10,4442108,7.944142e-09,SORBI_3010G056800,0.817336
13S-HOTrE,LIN,individual,10:4442108,10,4442108,7.944142e-09,SORBI_3010G055200,0.816507
13S-HOTrE,LIN,individual,10:4442108,10,4442108,7.944142e-09,SORBI_3010G055300,0.816507
13S-HOTrE,LIN,individual,10:4442108,10,4442108,7.944142e-09,SORBI_3010G055600,0.816507
13S-HOTrE,LIN,individual,10:4442108,10,4442108,7.944142e-09,SORBI_3010G054000,0.816082
13S-HOTrE,LIN,individual,10:4442108,10,4442108,7.944142e-09,SORBI_3010G055200,0.813265
13S-HOTrE,LIN,individual,10:4442108,10,4442108,7.944142e-09,SORBI_3010G055300,0.813265
13S-HOTrE,LIN,individual,10:4442108,10,4442108,7.944142e-09,SORBI_3010G055200,0.812503
13S-HOTrE,LIN,individual,10:4442108,10,4442108,7.944142e-09,SORBI_3010G055300,0.812503
13S-HOTrE,LIN,individual,10:4442108,10,4442108,7.944142e-09,SORBI_3010G055200,0.810463
13S-HOTrE,LIN,individual,10:4442108,10,4442108,7.944142e-09,SORBI_3010G055300,0.810463
13S-HOTrE,LIN,individual,10:4442108,10,4442108,7.944142e-09,SORBI_3010G056600,0.809087
13S-HOTrE,LIN,individual,10:4442108,10,4442108,7.944142e-09,SORBI_3010G055200,0.806935
13S-HOTrE,LIN,individual,10:4442108,10,4442108,7.944142e-09,SORBI_3010G055300,0.806935
13S-HOTrE,LIN,individual,10:4442108,10,4442108,7.944142e-09,SORBI_3010G057200,0.806387
13S-HOTrE,LIN,individual,10:4442108,10,4442108,7.944142e-09,SORBI_3010G053700,0.804785
13S-HOTrE,LIN,individual,10:4442108,10,4442108,7.944142e-09,SORBI_3010G055200,0.80288
13S-HOTrE,LIN,individual,10:4442108,10,4442108,7.944142e-09,SORBI_3010G055300,0.80288
13S-HOTrE,LIN,individual,10:4442108,10,4442108,7.944142e-09,SORBI_3010G055200,0.801545
13S-HOTrE,LIN,individual,10:4442108,10,4442108,7.944142e-09,SORBI_3010G055300,0.801545
13S-HOTrE,LIN,individual,10:4442108,10,4442108,7.944142e-09,SORBI_3010G055200,0.798807
13S-HOTrE,LIN,individual,10:4442108,10,4442108,7.944142e-09,SORBI_3010G055300,0.798807
13S-HOTrE,LIN,individual,10:4442108,10,4442108,7.944142e-09,SORBI_3010G057200,0.798617
13S-HOTrE,LIN,individual,10:4442108,10,4442108,7.944142e-09,SORBI_3010G055200,0.794161
13S-HOTrE,LIN,individual,10:4442108,10,4442108,7.944142e-09,SORBI_3010G055300,0.794161
13S-HOTrE,LIN,individual,10:4442108,10,4442108,7.944142e-09,SORBI_3010G055200,0.792666
13S-HOTrE,LIN,individual,10:4442108,10,4442108,7.944142e-09,SORBI_3010G055300,0.792666
13S-HOTrE,LIN,individual,10:4442108,10,4442108,7.944142e-09,SORBI_3010G056800,0.78995
13S-HOTrE,LIN,individual,10:4442108,10,4442108,7.944142e-09,SORBI_3010G059700,0.78697
13S-HOTrE,LIN,individual,10:4442108,10,4442108,7.944142e-09,SORBI_3010G055200,0.786845
13S-HOTrE,LIN,individual,10:4442108,10,4442108,7.944142e-09,SORBI_3010G055300,0.786845
13S-HOTrE,LIN,individual,10:4442108,10,4442108,7.944142e-09,SORBI_3010G057200,0.785032
13S-HOTrE,LIN,individual,10:4442108,10,4442108,7.944142e-09,SORBI_3010G055200,0.784592
13S-HOTrE,LIN,individual,10:4442108,10,4442108,7.944142e-09,SORBI_3010G055300,0.784592
13S-HOTrE,LIN,individual,10:4442108,10,4442108,7.944142e-09,SORBI_3010G057200,0.783239
13S-HOTrE,LIN,individual,10:4442108,10,4442108,7.944142e-09,SORBI_3010G056600,0.782711
13S-HOTrE,LIN,individual,10:4442108,10,4442108,7.944142e-09,SORBI_3010G057200,0.777305
13S-HOTrE,LIN,individual,10:4442108,10,4442108,7.944142e-09,SORBI_3010G055200,0.777212
13S-HOTrE,LIN,individual,10:4442108,10,4442108,7.944142e-09,SORBI_3010G055300,0.777212
13S-HOTrE,LIN,individual,10:4442108,10,4442108,7.944142e-09,SORBI_3010G057200,0.775635
13S-HOTrE,LIN,individual,10:4442108,10,4442108,7.944142e-09,SORBI_3010G055200,0.774724
13S-HOTrE,LIN,individual,10:4442108,10,4442108,7.944142e-09,SORBI_3010G055300,0.774724
13S-HOTrE,LIN,individual,10:4442108,10,4442108,7.944142e-09,SORBI_3010G056500,0.771252
13S-HOTrE,LIN,individual,10:4442108,10,4442108,7.944142e-09,SORBI_3010G054400,0.771194
13S-HOTrE,LIN,individual,10:4442108,10,4442108,7.944142e-09,SORBI_3010G055700,0.765824
13S-HOTrE,LIN,individual,10:4442108,10,4442108,7.944142e-09,SORBI_3010G055200,0.758534
13S-HOTrE,LIN,individual,10:4442108,10,4442108,7.944142e-09,SORBI_3010G055300,0.758534
13S-HOTrE,LIN,individual,10:4442108,10,4442108,7.944142e-09,SORBI_3010G056800,0.753301
13S-HOTrE,LIN,individual,10:4442108,10,4442108,7.944142e-09,SORBI_3010G056900,0.750392
13S-HOTrE,LIN,individual,10:4442108,10,4442108,7.944142e-09,SORBI_3010G056500,0.744985
13S-HOTrE,LIN,individual,10:4442108,10,4442108,7.944142e-09,SORBI_3010G054400,0.743247
13S-HOTrE,LIN,individual,10:4442108,10,4442108,7.944142e-09,SORBI_3010G056500,0.740533
13S-HOTrE,LIN,individual,10:4442108,10,4442108,7.944142e-09,SORBI_3010G057100,0.740518
13S-HOTrE,LIN,individual,10:4442108,10,4442108,7.944142e-09,SORBI_3010G057250,0.735185
13S-HOTrE,LIN,individual,10:4442108,10,4442108,7.944142e-09,SORBI_3010G055200,0.729367
13S-HOTrE,LIN,individual,10:4442108,10,4442108,7.944142e-09,SORBI_3010G055300,0.729367
13S-HOTrE,LIN,individual,10:4442108,10,4442108,7.944142e-09,SORBI_3010G058650,0.728396
13S-HOTrE,LIN,individual,10:4442108,10,4442108,7.944142e-09,SORBI_3010G055600,0.727684
13S-HOTrE,LIN,individual,10:4442108,10,4442108,7.944142e-09,SORBI_3010G056100,0.72303
13S-HOTrE,LIN,individual,10:4442108,10,4442108,7.944142e-09,SORBI_3010G055600,0.722708
13S-HOTrE,LIN,individual,10:4442108,10,4442108,7.944142e-09,SORBI_3010G054400,0.722239
13S-HOTrE,LIN,individual,10:4442108,10,4442108,7.944142e-09,SORBI_3010G055600,0.719851
13S-HOTrE,LIN,individual,10:4442108,10,4442108,7.944142e-09,SORBI_3010G056500,0.719716
13S-HOTrE,LIN,individual,10:4442108,10,4442108,7.944142e-09,SORBI_3010G056800,0.719472
13S-HOTrE,LIN,individual,10:4442108,10,4442108,7.944142e-09,SORBI_3010G057400,0.715338
13S-HOTrE,LIN,individual,10:4442108,10,4442108,7.944142e-09,SORBI_3010G053700,0.713483
13S-HOTrE,LIN,individual,10:4442108,10,4442108,7.944142e-09,SORBI_3010G056900,0.70842
13S-HOTrE,LIN,individual,10:4442108,10,4442108,7.944142e-09,SORBI_3010G055200,0.707101
13S-HOTrE,LIN,individual,10:4442108,10,4442108,7.944142e-09,SORBI_3010G055300,0.707101
13S-HOTrE,LIN,individual,10:4442108,10,4442108,7.944142e-09,SORBI_3010G057400,0.706524
13S-HOTrE,LIN,individual,10:4442108,10,4442108,7.944142e-09,SORBI_3010G054400,0.706444
13S-HOTrE,LIN,individual,10:4442108,10,4442108,7.944142e-09,SORBI_3010G055600,0.706217
13S-HOTrE,LIN,individual,10:4442108,10,4442108,7.944142e-09,SORBI_3010G054300,0.705224
13S-HOTrE,LIN,individual,10:4442108,10,4442108,7.944142e-09,SORBI_3010G056800,0.705157
13S-HOTrE,LIN,individual,10:4442108,10,4442108,7.944142e-09,SORBI_3010G054300,0.704392
13S-HOTrE,LIN,individual,10:4442108,10,4442108,7.944142e-09,SORBI_3010G054400,0.704392
13S-HOTrE,LIN,individual,10:4442108,10,4442108,7.944142e-09,SORBI_3010G056500,0.699213
13S-HOTrE,LIN,individual,10:4442108,10,4442108,7.944142e-09,SORBI_3010G055600,0.699136
13S-HOTrE,LIN,individual,10:4442108,10,4442108,7.944142e-09,SORBI_3010G057400,0.697729
13S-HOTrE,LIN,individual,10:4442108,10,4442108,7.944142e-09,SORBI_3010G055600,0.695474
13S-HOTrE,LIN,individual,10:4442108,10,4442108,7.944142e-09,SORBI_3010G054000,0.695282
13S-HOTrE,LIN,individual,10:4442108,10,4442108,7.944142e-09,SORBI_3010G054300,0.695282
13S-HOTrE,LIN,individual,10:4442108,10,4442108,7.944142e-09,SORBI_3010G054000,0.693427
13S-HOTrE,LIN,individual,10:4442108,10,4442108,7.944142e-09,SORBI_3010G056500,0.69324
13S-HOTrE,LIN,individual,10:4442108,10,4442108,7.944142e-09,SORBI_3010G056300,0.689042
13S-HOTrE,LIN,individual,10:4442108,10,4442108,7.944142e-09,SORBI_3010G058600,0.688752
13S-HOTrE,LIN,individual,10:4442108,10,4442108,7.944142e-09,SORBI_3010G058650,0.688752
13S-HOTrE,LIN,individual,10:4442108,10,4442108,7.944142e-09,SORBI_3010G055600,0.685616
13S-HOTrE,LIN,individual,10:4442108,10,4442108,7.944142e-09,SORBI_3010G055600,0.684842
13S-HOTrE,LIN,individual,10:4442108,10,4442108,7.944142e-09,SORBI_3010G055700,0.684692
13S-HOTrE,LIN,individual,10:4442108,10,4442108,7.944142e-09,SORBI_3010G054000,0.68432
13S-HOTrE,LIN,individual,10:4442108,10,4442108,7.944142e-09,SORBI_3010G055600,0.682893
13S-HOTrE,LIN,individual,10:4442108,10,4442108,7.944142e-09,SORBI_3010G054300,0.682046
13S-HOTrE,LIN,individual,10:4442108,10,4442108,7.944142e-09,SORBI_3010G057400,0.678914
13S-HOTrE,LIN,individual,10:4442108,10,4442108,7.944142e-09,SORBI_3010G054300,0.678674
13S-HOTrE,LIN,individual,10:4442108,10,4442108,7.944142e-09,SORBI_3010G057300,0.663639
13S-HOTrE,LIN,individual,10:4442108,10,4442108,7.944142e-09,SORBI_3010G057300,0.663154
13S-HOTrE,LIN,individual,10:4442108,10,4442108,7.944142e-09,SORBI_3010G055600,0.65965
13S-HOTrE,LIN,individual,10:4442108,10,4442108,7.944142e-09,SORBI_3010G054700,0.651771
13S-HOTrE,LIN,individual,10:4442108,10,4442108,7.944142e-09,SORBI_3010G054900,0.651771
13S-HOTrE,LIN,individual,10:4442108,10,4442108,7.944142e-09,SORBI_3010G056500,0.65084
13S-HOTrE,LIN,individual,10:4442108,10,4442108,7.944142e-09,SORBI_3010G057300,0.650603
13S-HOTrE,LIN,individual,10:4442108,10,4442108,7.944142e-09,SORBI_3010G055000,0.645278
13S-HOTrE,LIN,individual,10:4442108,10,4442108,7.944142e-09,SORBI_3010G057300,0.644752
13S-HOTrE,LIN,individual,10:4442108,10,4442108,7.944142e-09,SORBI_3010G057300,0.64406
13S-HOTrE,LIN,individual,10:4442108,10,4442108,7.944142e-09,SORBI_3010G053800,0.642823
13S-HOTrE,LIN,individual,10:4442108,10,4442108,7.944142e-09,SORBI_3010G055000,0.640851
13S-HOTrE,LIN,individual,10:4442108,10,4442108,7.944142e-09,SORBI_3010G058600,0.63865
13S-HOTrE,LIN,individual,10:4442108,10,4442108,7.944142e-09,SORBI_3010G058650,0.63865
13S-HOTrE,LIN,individual,10:4442108,10,4442108,7.944142e-09,SORBI_3010G057300,0.638228
13S-HOTrE,LIN,individual,10:4442108,10,4442108,7.944142e-09,SORBI_3010G057300,0.637696
13S-HOTrE,LIN,individual,10:4442108,10,4442108,7.944142e-09,SORBI_3010G058650,0.637021
13S-HOTrE,LIN,individual,10:4442108,10,4442108,7.944142e-09,SORBI_3010G054600,0.634014
13S-HOTrE,LIN,individual,10:4442108,10,4442108,7.944142e-09,SORBI_3010G054700,0.634014
13S-HOTrE,LIN,individual,10:4442108,10,4442108,7.944142e-09,SORBI_3010G054800,0.634014
13S-HOTrE,LIN,individual,10:4442108,10,4442108,7.944142e-09,SORBI_3010G054900,0.634014
13S-HOTrE,LIN,individual,10:4442108,10,4442108,7.944142e-09,SORBI_3010G055000,0.634014
13S-HOTrE,LIN,individual,10:4442108,10,4442108,7.944142e-09,SORBI_3010G055100,0.634014
13S-HOTrE,LIN,individual,10:4442108,10,4442108,7.944142e-09,SORBI_3010G054000,0.633185
13S-HOTrE,LIN,individual,10:4442108,10,4442108,7.944142e-09,SORBI_3010G057300,0.63182
13S-HOTrE,LIN,individual,10:4442108,10,4442108,7.944142e-09,SORBI_3010G057300,0.631053
13S-HOTrE,LIN,individual,10:4442108,10,4442108,7.944142e-09,SORBI_3010G055600,0.630912
13S-HOTrE,LIN,individual,10:4442108,10,4442108,7.944142e-09,SORBI_3010G055600,0.628975
13S-HOTrE,LIN,individual,10:4442108,10,4442108,7.944142e-09,SORBI_3010G056500,0.628595
13S-HOTrE,LIN,individual,10:4442108,10,4442108,7.944142e-09,SORBI_3010G058650,0.628499
13S-HOTrE,LIN,individual,10:4442108,10,4442108,7.944142e-09,SORBI_3010G058650,0.627807
13S-HOTrE,LIN,individual,10:4442108,10,4442108,7.944142e-09,SORBI_3010G054600,0.627782
13S-HOTrE,LIN,individual,10:4442108,10,4442108,7.944142e-09,SORBI_3010G054700,0.627782
13S-HOTrE,LIN,individual,10:4442108,10,4442108,7.944142e-09,SORBI_3010G054800,0.627782
13S-HOTrE,LIN,individual,10:4442108,10,4442108,7.944142e-09,SORBI_3010G054900,0.627782
13S-HOTrE,LIN,individual,10:4442108,10,4442108,7.944142e-09,SORBI_3010G055000,0.627782
13S-HOTrE,LIN,individual,10:4442108,10,4442108,7.944142e-09,SORBI_3010G055100,0.627782
13S-HOTrE,LIN,individual,10:4442108,10,4442108,7.944142e-09,SORBI_3010G055100,0.626661
13S-HOTrE,LIN,individual,10:4442108,10,4442108,7.944142e-09,SORBI_3010G056500,0.626021
13S-HOTrE,LIN,individual,10:4442108,10,4442108,7.944142e-09,SORBI_3010G055100,0.625799
13S-HOTrE,LIN,individual,10:4442108,10,4442108,7.944142e-09,SORBI_3010G054700,0.621686
13S-HOTrE,LIN,individual,10:4442108,10,4442108,7.944142e-09,SORBI_3010G054800,0.621686
13S-HOTrE,LIN,individual,10:4442108,10,4442108,7.944142e-09,SORBI_3010G054900,0.621686
13S-HOTrE,LIN,individual,10:4442108,10,4442108,7.944142e-09,SORBI_3010G055100,0.621686
13S-HOTrE,LIN,individual,10:4442108,10,4442108,7.944142e-09,SORBI_3010G055100,0.620295
13S-HOTrE,LIN,individual,10:4442108,10,4442108,7.944142e-09,SORBI_3010G054700,0.620046
13S-HOTrE,LIN,individual,10:4442108,10,4442108,7.944142e-09,SORBI_3010G054000,0.618973
13S-HOTrE,LIN,individual,10:4442108,10,4442108,7.944142e-09,SORBI_3010G054000,0.617725
13S-HOTrE,LIN,individual,10:4442108,10,4442108,7.944142e-09,SORBI_3010G056500,0.617638
13S-HOTrE,LIN,individual,10:4442108,10,4442108,7.944142e-09,SORBI_3010G058600,0.616687
13S-HOTrE,LIN,individual,10:4442108,10,4442108,7.944142e-09,SORBI_3010G058650,0.616687
13S-HOTrE,LIN,individual,10:4442108,10,4442108,7.944142e-09,SORBI_3010G057400,0.616164
13S-HOTrE,LIN,individual,10:4442108,10,4442108,7.944142e-09,SORBI_3010G054700,0.615735
13S-HOTrE,LIN,individual,10:4442108,10,4442108,7.944142e-09,SORBI_3010G054900,0.615735
13S-HOTrE,LIN,individual,10:4442108,10,4442108,7.944142e-09,SORBI_3010G055100,0.615735
13S-HOTrE,LIN,individual,10:4442108,10,4442108,7.944142e-09,SORBI_3010G058600,0.614854
13S-HOTrE,LIN,individual,10:4442108,10,4442108,7.944142e-09,SORBI_3010G058650,0.614854
13S-HOTrE,LIN,individual,10:4442108,10,4442108,7.944142e-09,SORBI_3010G055100,0.614054
13S-HOTrE,LIN,individual,10:4442108,10,4442108,7.944142e-09,SORBI_3010G055100,0.613205
13S-HOTrE,LIN,individual,10:4442108,10,4442108,7.944142e-09,SORBI_3010G058600,0.612796
13S-HOTrE,LIN,individual,10:4442108,10,4442108,7.944142e-09,SORBI_3010G058650,0.612796
13S-HOTrE,LIN,individual,10:4442108,10,4442108,7.944142e-09,SORBI_3010G054000,0.612466
13S-HOTrE,LIN,individual,10:4442108,10,4442108,7.944142e-09,SORBI_3010G054000,0.610945
13S-HOTrE,LIN,individual,10:4442108,10,4442108,7.944142e-09,SORBI_3010G054000,0.610941
13S-HOTrE,LIN,individual,10:4442108,10,4442108,7.944142e-09,SORBI_3010G054700,0.610821
13S-HOTrE,LIN,individual,10:4442108,10,4442108,7.944142e-09,SORBI_3010G054900,0.610821
13S-HOTrE,LIN,individual,10:4442108,10,4442108,7.944142e-09,SORBI_3010G054700,0.609943
13S-HOTrE,LIN,individual,10:4442108,10,4442108,7.944142e-09,SORBI_3010G054900,0.609943
13S-HOTrE,LIN,individual,10:4442108,10,4442108,7.944142e-09,SORBI_3010G058600,0.609638
13S-HOTrE,LIN,individual,10:4442108,10,4442108,7.944142e-09,SORBI_3010G058650,0.609638
13S-HOTrE,LIN,individual,10:4442108,10,4442108,7.944142e-09,SORBI_3010G055100,0.608899
13S-HOTrE,LIN,individual,10:4442108,10,4442108,7.944142e-09,SORBI_3010G054700,0.608073
13S-HOTrE,LIN,individual,10:4442108,10,4442108,7.944142e-09,SORBI_3010G054800,0.608073
13S-HOTrE,LIN,individual,10:4442108,10,4442108,7.944142e-09,SORBI_3010G055100,0.608073
13S-HOTrE,LIN,individual,10:4442108,10,4442108,7.944142e-09,SORBI_3010G055100,0.60795
13S-HOTrE,LIN,individual,10:4442108,10,4442108,7.944142e-09,SORBI_3010G055100,0.607135
13S-HOTrE,LIN,individual,10:4442108,10,4442108,7.944142e-09,SORBI_3010G054000,0.606242
13S-HOTrE,LIN,individual,10:4442108,10,4442108,7.944142e-09,SORBI_3010G058600,0.606022
13S-HOTrE,LIN,individual,10:4442108,10,4442108,7.944142e-09,SORBI_3010G058650,0.606022
13S-HOTrE,LIN,individual,10:4442108,10,4442108,7.944142e-09,SORBI_3010G057300,0.605566
13S-HOTrE,LIN,individual,10:4442108,10,4442108,7.944142e-09,SORBI_3010G053800,0.605169
13S-HOTrE,LIN,individual,10:4442108,10,4442108,7.944142e-09,SORBI_3010G054700,0.604323
13S-HOTrE,LIN,individual,10:4442108,10,4442108,7.944142e-09,SORBI_3010G058600,0.60324
13S-HOTrE,LIN,individual,10:4442108,10,4442108,7.944142e-09,SORBI_3010G058650,0.60324
13S-HOTrE,LIN,individual,10:4442108,10,4442108,7.944142e-09,SORBI_3010G055100,0.602703
13S-HOTrE,LIN,individual,10:4442108,10,4442108,7.944142e-09,SORBI_3010G055600,0.600837
13S-HOTrE,LIN,individual,10:4442108,10,4442108,7.944142e-09,SORBI_3010G055000,0.600699
13S-HOTrE,LIN,individual,10:4442108,10,4442108,7.944142e-09,SORBI_3010G057400,0.600332
13S-HOTrE,LIN,individual,10:4442108,10,4442108,7.944142e-09,SORBI_3010G054700,0.598891
13S-HOTrE,LIN,individual,10:4442108,10,4442108,7.944142e-09,SORBI_3010G057400,0.59769
13S-HOTrE,LIN,individual,10:4442108,10,4442108,7.944142e-09,SORBI_3010G058600,0.597324
13S-HOTrE,LIN,individual,10:4442108,10,4442108,7.944142e-09,SORBI_3010G058650,0.597324
13S-HOTrE,LIN,individual,10:4442108,10,4442108,7.944142e-09,SORBI_3010G054400,0.597139
13S-HOTrE,LIN,individual,10:4442108,10,4442108,7.944142e-09,SORBI_3010G055100,0.596647
13S-HOTrE,LIN,individual,10:4442108,10,4442108,7.944142e-09,SORBI_3010G056000,0.593187
13S-HOTrE,LIN,individual,10:4442108,10,4442108,7.944142e-09,SORBI_3010G054000,0.592823
13S-HOTrE,LIN,individual,10:4442108,10,4442108,7.944142e-09,SORBI_3010G054500,0.590466
13S-HOTrE,LIN,individual,10:4442108,10,4442108,7.944142e-09,SORBI_3010G054700,0.590007
13S-HOTrE,LIN,individual,10:4442108,10,4442108,7.944142e-09,SORBI_3010G054800,0.590007
13S-HOTrE,LIN,individual,10:4442108,10,4442108,7.944142e-09,SORBI_3010G054400,0.587815
13S-HOTrE,LIN,individual,10:4442108,10,4442108,7.944142e-09,SORBI_3010G054000,0.584859
13S-HOTrE,LIN,individual,10:4442108,10,4442108,7.944142e-09,SORBI_3010G054000,0.583498
13S-HOTrE,LIN,individual,10:4442108,10,4442108,7.944142e-09,SORBI_3010G053700,0.583179
13S-HOTrE,LIN,individual,10:4442108,10,4442108,7.944142e-09,SORBI_3010G054000,0.580853
13S-HOTrE,LIN,individual,10:4442108,10,4442108,7.944142e-09,SORBI_3010G054700,0.579867
13S-HOTrE,LIN,individual,10:4442108,10,4442108,7.944142e-09,SORBI_3010G055600,0.575178
13S-HOTrE,LIN,individual,10:4442108,10,4442108,7.944142e-09,SORBI_3010G054700,0.57458
13S-HOTrE,LIN,individual,10:4442108,10,4442108,7.944142e-09,SORBI_3010G054800,0.57458
13S-HOTrE,LIN,individual,10:4442108,10,4442108,7.944142e-09,SORBI_3010G055600,0.57402
13S-HOTrE,LIN,individual,10:4442108,10,4442108,7.944142e-09,SORBI_3010G053600,0.571743
13S-HOTrE,LIN,individual,10:4442108,10,4442108,7.944142e-09,SORBI_3010G054100,0.571743
13S-HOTrE,LIN,individual,10:4442108,10,4442108,7.944142e-09,SORBI_3010G054150,0.571743
13S-HOTrE,LIN,individual,10:4442108,10,4442108,7.944142e-09,SORBI_3010G058600,0.570754
13S-HOTrE,LIN,individual,10:4442108,10,4442108,7.944142e-09,SORBI_3010G058650,0.570754
13S-HOTrE,LIN,individual,10:4442108,10,4442108,7.944142e-09,SORBI_3010G057250,0.569353
13S-HOTrE,LIN,individual,10:4442108,10,4442108,7.944142e-09,SORBI_3010G054000,0.567561
13S-HOTrE,LIN,individual,10:4442108,10,4442108,7.944142e-09,SORBI_3010G058650,0.565974
13S-HOTrE,LIN,individual,10:4442108,10,4442108,7.944142e-09,SORBI_3010G054400,0.5658
13S-HOTrE,LIN,individual,10:4442108,10,4442108,7.944142e-09,SORBI_3010G053800,0.565761
13S-HOTrE,LIN,individual,10:4442108,10,4442108,7.944142e-09,SORBI_3010G058650,0.560488
13S-HOTrE,LIN,individual,10:4442108,10,4442108,7.944142e-09,SORBI_3010G058650,0.560168
13S-HOTrE,LIN,individual,10:4442108,10,4442108,7.944142e-09,SORBI_3010G054000,0.559519
13S-HOTrE,LIN,individual,10:4442108,10,4442108,7.944142e-09,SORBI_3010G053500,0.559071
13S-HOTrE,LIN,individual,10:4442108,10,4442108,7.944142e-09,SORBI_3010G053600,0.559071
13S-HOTrE,LIN,individual,10:4442108,10,4442108,7.944142e-09,SORBI_3010G053700,0.559071
13S-HOTrE,LIN,individual,10:4442108,10,4442108,7.944142e-09,SORBI_3010G053800,0.559071
13S-HOTrE,LIN,individual,10:4442108,10,4442108,7.944142e-09,SORBI_3010G053900,0.559071
13S-HOTrE,LIN,individual,10:4442108,10,4442108,7.944142e-09,SORBI_3010G054000,0.559071
13S-HOTrE,LIN,individual,10:4442108,10,4442108,7.944142e-09,SORBI_3010G054100,0.559071
13S-HOTrE,LIN,individual,10:4442108,10,4442108,7.944142e-09,SORBI_3010G054150,0.559071
13S-HOTrE,LIN,individual,10:4442108,10,4442108,7.944142e-09,SORBI_3010G054200,0.559071
13S-HOTrE,LIN,individual,10:4442108,10,4442108,7.944142e-09,SORBI_3010G054300,0.559071
13S-HOTrE,LIN,individual,10:4442108,10,4442108,7.944142e-09,SORBI_3010G054500,0.559071
13S-HOTrE,LIN,individual,10:4442108,10,4442108,7.944142e-09,SORBI_3010G053600,0.558931
13S-HOTrE,LIN,individual,10:4442108,10,4442108,7.944142e-09,SORBI_3010G054100,0.558475
13S-HOTrE,LIN,individual,10:4442108,10,4442108,7.944142e-09,SORBI_3010G054400,0.557211
13S-HOTrE,LIN,individual,10:4442108,10,4442108,7.944142e-09,SORBI_3010G058650,0.557148
13S-HOTrE,LIN,individual,10:4442108,10,4442108,7.944142e-09,SORBI_3010G058700,0.554392
13S-HOTrE,LIN,individual,10:4442108,10,4442108,7.944142e-09,SORBI_3010G053500,0.552946
13S-HOTrE,LIN,individual,10:4442108,10,4442108,7.944142e-09,SORBI_3010G053600,0.552946
13S-HOTrE,LIN,individual,10:4442108,10,4442108,7.944142e-09,SORBI_3010G053800,0.552946
13S-HOTrE,LIN,individual,10:4442108,10,4442108,7.944142e-09,SORBI_3010G053900,0.552946
13S-HOTrE,LIN,individual,10:4442108,10,4442108,7.944142e-09,SORBI_3010G054000,0.552946
13S-HOTrE,LIN,individual,10:4442108,10,4442108,7.944142e-09,SORBI_3010G054100,0.552946
13S-HOTrE,LIN,individual,10:4442108,10,4442108,7.944142e-09,SORBI_3010G054150,0.552946
13S-HOTrE,LIN,individual,10:4442108,10,4442108,7.944142e-09,SORBI_3010G054200,0.552946
13S-HOTrE,LIN,individual,10:4442108,10,4442108,7.944142e-09,SORBI_3010G054300,0.552946
13S-HOTrE,LIN,individual,10:4442108,10,4442108,7.944142e-09,SORBI_3010G054500,0.552946
13S-HOTrE,LIN,individual,10:4442108,10,4442108,7.944142e-09,SORBI_3010G054000,0.552876
13S-HOTrE,LIN,individual,10:4442108,10,4442108,7.944142e-09,SORBI_3010G053800,0.552474
13S-HOTrE,LIN,individual,10:4442108,10,4442108,7.944142e-09,SORBI_3010G054100,0.552474
13S-HOTrE,LIN,individual,10:4442108,10,4442108,7.944142e-09,SORBI_3010G058650,0.551659
13S-HOTrE,LIN,individual,10:4442108,10,4442108,7.944142e-09,SORBI_3010G053600,0.551638
13S-HOTrE,LIN,individual,10:4442108,10,4442108,7.944142e-09,SORBI_3010G053700,0.551638
13S-HOTrE,LIN,individual,10:4442108,10,4442108,7.944142e-09,SORBI_3010G053800,0.551638
13S-HOTrE,LIN,individual,10:4442108,10,4442108,7.944142e-09,SORBI_3010G054000,0.551638
13S-HOTrE,LIN,individual,10:4442108,10,4442108,7.944142e-09,SORBI_3010G054100,0.551638
13S-HOTrE,LIN,individual,10:4442108,10,4442108,7.944142e-09,SORBI_3010G058600,0.551395
13S-HOTrE,LIN,individual,10:4442108,10,4442108,7.944142e-09,SORBI_3010G058650,0.551395
13S-HOTrE,LIN,individual,10:4442108,10,4442108,7.944142e-09,SORBI_3010G054100,0.550913
13S-HOTrE,LIN,individual,10:4442108,10,4442108,7.944142e-09,SORBI_3010G057250,0.550734
13S-HOTrE,LIN,individual,10:4442108,10,4442108,7.944142e-09,SORBI_3010G058650,0.547943
13S-HOTrE,LIN,individual,10:4442108,10,4442108,7.944142e-09,SORBI_3010G053700,0.546971
13S-HOTrE,LIN,individual,10:4442108,10,4442108,7.944142e-09,SORBI_3010G053800,0.546971
13S-HOTrE,LIN,individual,10:4442108,10,4442108,7.944142e-09,SORBI_3010G054000,0.546971
13S-HOTrE,LIN,individual,10:4442108,10,4442108,7.944142e-09,SORBI_3010G054100,0.546971
13S-HOTrE,LIN,individual,10:4442108,10,4442108,7.944142e-09,SORBI_3010G054150,0.546971
13S-HOTrE,LIN,individual,10:4442108,10,4442108,7.944142e-09,SORBI_3010G054200,0.546971
13S-HOTrE,LIN,individual,10:4442108,10,4442108,7.944142e-09,SORBI_3010G053800,0.546636
13S-HOTrE,LIN,individual,10:4442108,10,4442108,7.944142e-09,SORBI_3010G054100,0.546636
13S-HOTrE,LIN,individual,10:4442108,10,4442108,7.944142e-09,SORBI_3010G058700,0.546247
13S-HOTrE,LIN,individual,10:4442108,10,4442108,7.944142e-09,SORBI_3010G053800,0.545362
13S-HOTrE,LIN,individual,10:4442108,10,4442108,7.944142e-09,SORBI_3010G058600,0.545232
13S-HOTrE,LIN,individual,10:4442108,10,4442108,7.944142e-09,SORBI_3010G058650,0.545232
13S-HOTrE,LIN,individual,10:4442108,10,4442108,7.944142e-09,SORBI_3010G055600,0.544509
13S-HOTrE,LIN,individual,10:4442108,10,4442108,7.944142e-09,SORBI_3010G053800,0.544365
13S-HOTrE,LIN,individual,10:4442108,10,4442108,7.944142e-09,SORBI_3010G054000,0.544365
13S-HOTrE,LIN,individual,10:4442108,10,4442108,7.944142e-09,SORBI_3010G054100,0.544365
13S-HOTrE,LIN,individual,10:4442108,10,4442108,7.944142e-09,SORBI_3010G054400,0.543675
13S-HOTrE,LIN,individual,10:4442108,10,4442108,7.944142e-09,SORBI_3010G058650,0.542377
13S-HOTrE,LIN,individual,10:4442108,10,4442108,7.944142e-09,SORBI_3010G054000,0.542214
13S-HOTrE,LIN,individual,10:4442108,10,4442108,7.944142e-09,SORBI_3010G053600,0.54116
13S-HOTrE,LIN,individual,10:4442108,10,4442108,7.944142e-09,SORBI_3010G053700,0.54116
13S-HOTrE,LIN,individual,10:4442108,10,4442108,7.944142e-09,SORBI_3010G053800,0.54116
13S-HOTrE,LIN,individual,10:4442108,10,4442108,7.944142e-09,SORBI_3010G054000,0.54116
13S-HOTrE,LIN,individual,10:4442108,10,4442108,7.944142e-09,SORBI_3010G054500,0.54116
13S-HOTrE,LIN,individual,10:4442108,10,4442108,7.944142e-09,SORBI_3010G054000,0.54109
13S-HOTrE,LIN,individual,10:4442108,10,4442108,7.944142e-09,SORBI_3010G053500,0.539225
13S-HOTrE,LIN,individual,10:4442108,10,4442108,7.944142e-09,SORBI_3010G053800,0.539225
13S-HOTrE,LIN,individual,10:4442108,10,4442108,7.944142e-09,SORBI_3010G058650,0.539113
13S-HOTrE,LIN,individual,10:4442108,10,4442108,7.944142e-09,SORBI_3010G058600,0.539109
13S-HOTrE,LIN,individual,10:4442108,10,4442108,7.944142e-09,SORBI_3010G058650,0.539109
13S-HOTrE,LIN,individual,10:4442108,10,4442108,7.944142e-09,SORBI_3010G058650,0.539022
13S-HOTrE,LIN,individual,10:4442108,10,4442108,7.944142e-09,SORBI_3010G058650,0.538992
13S-HOTrE,LIN,individual,10:4442108,10,4442108,7.944142e-09,SORBI_3010G054700,0.538448
13S-HOTrE,LIN,individual,10:4442108,10,4442108,7.944142e-09,SORBI_3010G054800,0.538448
13S-HOTrE,LIN,individual,10:4442108,10,4442108,7.944142e-09,SORBI_3010G053800,0.537945
13S-HOTrE,LIN,individual,10:4442108,10,4442108,7.944142e-09,SORBI_3010G054000,0.537164
13S-HOTrE,LIN,individual,10:4442108,10,4442108,7.944142e-09,SORBI_3010G054000,0.537082
13S-HOTrE,LIN,individual,10:4442108,10,4442108,7.944142e-09,SORBI_3010G055600,0.536198
13S-HOTrE,LIN,individual,10:4442108,10,4442108,7.944142e-09,SORBI_3010G053700,0.535529
13S-HOTrE,LIN,individual,10:4442108,10,4442108,7.944142e-09,SORBI_3010G053800,0.535529
13S-HOTrE,LIN,individual,10:4442108,10,4442108,7.944142e-09,SORBI_3010G054100,0.535529
13S-HOTrE,LIN,individual,10:4442108,10,4442108,7.944142e-09,SORBI_3010G054400,0.534291
13S-HOTrE,LIN,individual,10:4442108,10,4442108,7.944142e-09,SORBI_3010G053800,0.53324
13S-HOTrE,LIN,individual,10:4442108,10,4442108,7.944142e-09,SORBI_3010G054000,0.53324
13S-HOTrE,LIN,individual,10:4442108,10,4442108,7.944142e-09,SORBI_3010G053700,0.532673
13S-HOTrE,LIN,individual,10:4442108,10,4442108,7.944142e-09,SORBI_3010G053800,0.530893
13S-HOTrE,LIN,individual,10:4442108,10,4442108,7.944142e-09,SORBI_3010G054700,0.530829
13S-HOTrE,LIN,individual,10:4442108,10,4442108,7.944142e-09,SORBI_3010G058650,0.530207
13S-HOTrE,LIN,individual,10:4442108,10,4442108,7.944142e-09,SORBI_3010G058650,0.530175
13S-HOTrE,LIN,individual,10:4442108,10,4442108,7.944142e-09,SORBI_3010G053800,0.530097
13S-HOTrE,LIN,individual,10:4442108,10,4442108,7.944142e-09,SORBI_3010G058650,0.527015
13S-HOTrE,LIN,individual,10:4442108,10,4442108,7.944142e-09,SORBI_3010G054700,0.525632
13S-HOTrE,LIN,individual,10:4442108,10,4442108,7.944142e-09,SORBI_3010G054700,0.525535
13S-HOTrE,LIN,individual,10:4442108,10,4442108,7.944142e-09,SORBI_3010G053800,0.524884
13S-HOTrE,LIN,individual,10:4442108,10,4442108,7.944142e-09,SORBI_3010G054400,0.524656
13S-HOTrE,LIN,individual,10:4442108,10,4442108,7.944142e-09,SORBI_3010G054400,0.524533
13S-HOTrE,LIN,individual,10:4442108,10,4442108,7.944142e-09,SORBI_3010G053800,0.524255
13S-HOTrE,LIN,individual,10:4442108,10,4442108,7.944142e-09,SORBI_3010G055600,0.523655
13S-HOTrE,LIN,individual,10:4442108,10,4442108,7.944142e-09,SORBI_3010G055600,0.522893
13S-HOTrE,LIN,individual,10:4442108,10,4442108,7.944142e-09,SORBI_3010G058650,0.521375
13S-HOTrE,LIN,individual,10:4442108,10,4442108,7.944142e-09,SORBI_3010G055600,0.520298
13S-HOTrE,LIN,individual,10:4442108,10,4442108,7.944142e-09,SORBI_3010G053800,0.519916
13S-HOTrE,LIN,individual,10:4442108,10,4442108,7.944142e-09,SORBI_3010G054400,0.519616
13S-HOTrE,LIN,individual,10:4442108,10,4442108,7.944142e-09,SORBI_3010G054400,0.518941
13S-HOTrE,LIN,individual,10:4442108,10,4442108,7.944142e-09,SORBI_3010G058650,0.518211
13S-HOTrE,LIN,individual,10:4442108,10,4442108,7.944142e-09,SORBI_3010G054700,0.518189
13S-HOTrE,LIN,individual,10:4442108,10,4442108,7.944142e-09,SORBI_3010G054400,0.518062
13S-HOTrE,LIN,individual,10:4442108,10,4442108,7.944142e-09,SORBI_3010G054400,0.517834
13S-HOTrE,LIN,individual,10:4442108,10,4442108,7.944142e-09,SORBI_3010G054300,0.517688
13S-HOTrE,LIN,individual,10:4442108,10,4442108,7.944142e-09,SORBI_3010G054400,0.517688
13S-HOTrE,LIN,individual,10:4442108,10,4442108,7.944142e-09,SORBI_3010G054400,0.514847
13S-HOTrE,LIN,individual,10:4442108,10,4442108,7.944142e-09,SORBI_3010G058600,0.513484
13S-HOTrE,LIN,individual,10:4442108,10,4442108,7.944142e-09,SORBI_3010G058650,0.513484
13S-HOTrE,LIN,individual,10:4442108,10,4442108,7.944142e-09,SORBI_3010G054400,0.513015
13S-HOTrE,LIN,individual,10:4442108,10,4442108,7.944142e-09,SORBI_3010G058650,0.512728
13S-HOTrE,LIN,individual,10:4442108,10,4442108,7.944142e-09,SORBI_3010G054400,0.512691
13S-HOTrE,LIN,individual,10:4442108,10,4442108,7.944142e-09,SORBI_3010G058650,0.512593
13S-HOTrE,LIN,individual,10:4442108,10,4442108,7.944142e-09,SORBI_3010G054400,0.511888
13S-HOTrE,LIN,individual,10:4442108,10,4442108,7.944142e-09,SORBI_3010G058650,0.511412
13S-HOTrE,LIN,individual,10:4442108,10,4442108,7.944142e-09,SORBI_3010G054400,0.510956
13S-HOTrE,LIN,individual,10:4442108,10,4442108,7.944142e-09,SORBI_3010G054400,0.510866
13S-HOTrE,LIN,individual,10:4442108,10,4442108,7.944142e-09,SORBI_3010G054000,0.510567
13S-HOTrE,LIN,individual,10:4442108,10,4442108,7.944142e-09,SORBI_3010G053700,0.50977
13S-HOTrE,LIN,individual,10:4442108,10,4442108,7.944142e-09,SORBI_3010G055600,0.509415
13S-HOTrE,LIN,individual,10:4442108,10,4442108,7.944142e-09,SORBI_3010G054400,0.506547
13S-HOTrE,LIN,individual,10:4442108,10,4442108,7.944142e-09,SORBI_3010G054400,0.506147
13S-HOTrE,LIN,individual,10:4442108,10,4442108,7.944142e-09,SORBI_3010G054400,0.505974
13S-HOTrE,LIN,individual,10:4442108,10,4442108,7.944142e-09,SORBI_3010G054400,0.505873
13S-HOTrE,LIN,individual,10:4442108,10,4442108,7.944142e-09,SORBI_3010G054400,0.505317
13S-HOTrE,LIN,individual,10:4442108,10,4442108,7.944142e-09,SORBI_3010G054400,0.504188
13S-HOTrE,LIN,individual,10:4442108,10,4442108,7.944142e-09,SORBI_3010G058650,0.503828
13S-HOTrE,LIN,individual,10:4442108,10,4442108,7.944142e-09,SORBI_3010G053700,0.503716
13S-HOTrE,LIN,individual,10:4442108,10,4442108,7.944142e-09,SORBI_3010G058600,0.501527
13S-HOTrE,LIN,individual,10:4442108,10,4442108,7.944142e-09,SORBI_3010G058650,0.501527
13S-HOTrE,LIN,individual,10:4442108,10,4442108,7.944142e-09,SORBI_3010G054400,0.50126
13S-HOTrE,LIN,individual,10:4442108,10,4442108,7.944142e-09,SORBI_3010G055600,0.500242
13S-HOTrE,LIN,individual,10:4442108,10,4442108,7.944142e-09,SORBI_3010G054400,0.499396
13S-HOTrE,LIN,individual,10:4442108,10,4442108,7.944142e-09,SORBI_3010G054700,0.499373
13S-HOTrE,LIN,individual,10:4442108,10,4442108,7.944142e-09,SORBI_3010G054400,0.499169
13S-HOTrE,LIN,individual,10:4442108,10,4442108,7.944142e-09,SORBI_3010G054400,0.499031
13S-HOTrE,LIN,individual,10:4442108,10,4442108,7.944142e-09,SORBI_3010G055600,0.49843
13S-HOTrE,LIN,individual,10:4442108,10,4442108,7.944142e-09,SORBI_3010G054600,0.497577
13S-HOTrE,LIN,individual,10:4442108,10,4442108,7.944142e-09,SORBI_3010G055000,0.495996
13S-HOTrE,LIN,individual,10:4442108,10,4442108,7.944142e-09,SORBI_3010G055600,0.495137
13S-HOTrE,LIN,individual,10:4442108,10,4442108,7.944142e-09,SORBI_3010G058650,0.49512
13S-HOTrE,LIN,individual,10:4442108,10,4442108,7.944142e-09,SORBI_3010G057400,0.494978
13S-HOTrE,LIN,individual,10:4442108,10,4442108,7.944142e-09,SORBI_3010G055600,0.494748
13S-HOTrE,LIN,individual,10:4442108,10,4442108,7.944142e-09,SORBI_3010G054700,0.494362
13S-HOTrE,LIN,individual,10:4442108,10,4442108,7.944142e-09,SORBI_3010G054400,0.494243
13S-HOTrE,LIN,individual,10:4442108,10,4442108,7.944142e-09,SORBI_3010G058600,0.492733
13S-HOTrE,LIN,individual,10:4442108,10,4442108,7.944142e-09,SORBI_3010G058650,0.492733
13S-HOTrE,LIN,individual,10:4442108,10,4442108,7.944142e-09,SORBI_3010G054700,0.491394
13S-HOTrE,LIN,individual,10:4442108,10,4442108,7.944142e-09,SORBI_3010G055600,0.490995
13S-HOTrE,LIN,individual,10:4442108,10,4442108,7.944142e-09,SORBI_3010G054700,0.489475
13S-HOTrE,LIN,individual,10:4442108,10,4442108,7.944142e-09,SORBI_3010G055600,0.488611
13S-HOTrE,LIN,individual,10:4442108,10,4442108,7.944142e-09,SORBI_3010G057400,0.488605
13S-HOTrE,LIN,individual,10:4442108,10,4442108,7.944142e-09,SORBI_3010G053800,0.487891
13S-HOTrE,LIN,individual,10:4442108,10,4442108,7.944142e-09,SORBI_3010G057400,0.487837
13S-HOTrE,LIN,individual,10:4442108,10,4442108,7.944142e-09,SORBI_3010G054400,0.487651
13S-HOTrE,LIN,individual,10:4442108,10,4442108,7.944142e-09,SORBI_3010G053900,0.485978
13S-HOTrE,LIN,individual,10:4442108,10,4442108,7.944142e-09,SORBI_3010G054200,0.485978
13S-HOTrE,LIN,individual,10:4442108,10,4442108,7.944142e-09,SORBI_3010G055600,0.485669
13S-HOTrE,LIN,individual,10:4442108,10,4442108,7.944142e-09,SORBI_3010G058600,0.484029
13S-HOTrE,LIN,individual,10:4442108,10,4442108,7.944142e-09,SORBI_3010G058650,0.484029
13S-HOTrE,LIN,individual,10:4442108,10,4442108,7.944142e-09,SORBI_3010G054700,0.483445
13S-HOTrE,LIN,individual,10:4442108,10,4442108,7.944142e-09,SORBI_3010G055600,0.483294
13S-HOTrE,LIN,individual,10:4442108,10,4442108,7.944142e-09,SORBI_3010G055700,0.482364
13S-HOTrE,LIN,individual,10:4442108,10,4442108,7.944142e-09,SORBI_3010G054700,0.481716
13S-HOTrE,LIN,individual,10:4442108,10,4442108,7.944142e-09,SORBI_3010G054700,0.481565
13S-HOTrE,LIN,individual,10:4442108,10,4442108,7.944142e-09,SORBI_3010G057400,0.481319
13S-HOTrE,LIN,individual,10:4442108,10,4442108,7.944142e-09,SORBI_3010G054400,0.481196
13S-HOTrE,LIN,individual,10:4442108,10,4442108,7.944142e-09,SORBI_3010G055600,0.480992
13S-HOTrE,LIN,individual,10:4442108,10,4442108,7.944142e-09,SORBI_3010G055600,0.4787
13S-HOTrE,LIN,individual,10:4442108,10,4442108,7.944142e-09,SORBI_3010G054700,0.478344
13S-HOTrE,LIN,individual,10:4442108,10,4442108,7.944142e-09,SORBI_3010G054900,0.476831
13S-HOTrE,LIN,individual,10:4442108,10,4442108,7.944142e-09,SORBI_3010G054400,0.47575
13S-HOTrE,LIN,individual,10:4442108,10,4442108,7.944142e-09,SORBI_3010G055600,0.475662
13S-HOTrE,LIN,individual,10:4442108,10,4442108,7.944142e-09,SORBI_3010G054700,0.473999
13S-HOTrE,LIN,individual,10:4442108,10,4442108,7.944142e-09,SORBI_3010G054100,0.472667
13S-HOTrE,LIN,individual,10:4442108,10,4442108,7.944142e-09,SORBI_3010G054150,0.472667
13S-HOTrE,LIN,individual,10:4442108,10,4442108,7.944142e-09,SORBI_3010G054000,0.472467
13S-HOTrE,LIN,individual,10:4442108,10,4442108,7.944142e-09,SORBI_3010G056700,0.472059
13S-HOTrE,LIN,individual,10:4442108,10,4442108,7.944142e-09,SORBI_3010G055600,0.47167
13S-HOTrE,LIN,individual,10:4442108,10,4442108,7.944142e-09,SORBI_3010G054400,0.470549
13S-HOTrE,LIN,individual,10:4442108,10,4442108,7.944142e-09,SORBI_3010G054100,0.470035
13S-HOTrE,LIN,individual,10:4442108,10,4442108,7.944142e-09,SORBI_3010G054400,0.469566
13S-HOTrE,LIN,individual,10:4442108,10,4442108,7.944142e-09,SORBI_3010G054400,0.46902
13S-HOTrE,LIN,individual,10:4442108,10,4442108,7.944142e-09,SORBI_3010G054400,0.468968
13S-HOTrE,LIN,individual,10:4442108,10,4442108,7.944142e-09,SORBI_3010G055600,0.468271
13S-HOTrE,LIN,individual,10:4442108,10,4442108,7.944142e-09,SORBI_3010G054700,0.467644
13S-HOTrE,LIN,individual,10:4442108,10,4442108,7.944142e-09,SORBI_3010G054700,0.465381
13S-HOTrE,LIN,individual,10:4442108,10,4442108,7.944142e-09,SORBI_3010G054100,0.465105
13S-HOTrE,LIN,individual,10:4442108,10,4442108,7.944142e-09,SORBI_3010G054300,0.465105
13S-HOTrE,LIN,individual,10:4442108,10,4442108,7.944142e-09,SORBI_3010G054000,0.463969
13S-HOTrE,LIN,individual,10:4442108,10,4442108,7.944142e-09,SORBI_3010G057400,0.463383
13S-HOTrE,LIN,individual,10:4442108,10,4442108,7.944142e-09,SORBI_3010G054400,0.463237
13S-HOTrE,LIN,individual,10:4442108,10,4442108,7.944142e-09,SORBI_3010G057400,0.463107
13S-HOTrE,LIN,individual,10:4442108,10,4442108,7.944142e-09,SORBI_3010G054700,0.462446
13S-HOTrE,LIN,individual,10:4442108,10,4442108,7.944142e-09,SORBI_3010G054700,0.459794
13S-HOTrE,LIN,individual,10:4442108,10,4442108,7.944142e-09,SORBI_3010G054100,0.457951
13S-HOTrE,LIN,individual,10:4442108,10,4442108,7.944142e-09,SORBI_3010G054400,0.457552
13S-HOTrE,LIN,individual,10:4442108,10,4442108,7.944142e-09,SORBI_3010G054700,0.457212
13S-HOTrE,LIN,individual,10:4442108,10,4442108,7.944142e-09,SORBI_3010G054100,0.453739
13S-HOTrE,LIN,individual,10:4442108,10,4442108,7.944142e-09,SORBI_3010G054400,0.452908
13S-HOTrE,LIN,individual,10:4442108,10,4442108,7.944142e-09,SORBI_3010G057600,0.452594
13S-HOTrE,LIN,individual,10:4442108,10,4442108,7.944142e-09,SORBI_3010G054400,0.451723
13S-HOTrE,LIN,individual,10:4442108,10,4442108,7.944142e-09,SORBI_3010G054700,0.451411
13S-HOTrE,LIN,individual,10:4442108,10,4442108,7.944142e-09,SORBI_3010G054400,0.450666
13S-HOTrE,LIN,individual,10:4442108,10,4442108,7.944142e-09,SORBI_3010G058600,0.450568
13S-HOTrE,LIN,individual,10:4442108,10,4442108,7.944142e-09,SORBI_3010G058650,0.450568
13S-HOTrE,LIN,individual,10:4442108,10,4442108,7.944142e-09,SORBI_3010G054700,0.448925
13S-HOTrE,LIN,individual,10:4442108,10,4442108,7.944142e-09,SORBI_3010G054100,0.448473
13S-HOTrE,LIN,individual,10:4442108,10,4442108,7.944142e-09,SORBI_3010G058600,0.447464
13S-HOTrE,LIN,individual,10:4442108,10,4442108,7.944142e-09,SORBI_3010G058650,0.447464
13S-HOTrE,LIN,individual,10:4442108,10,4442108,7.944142e-09,SORBI_3010G057400,0.446119
13S-HOTrE,LIN,individual,10:4442108,10,4442108,7.944142e-09,SORBI_3010G057500,0.446119
13S-HOTrE,LIN,individual,10:4442108,10,4442108,7.944142e-09,SORBI_3010G057600,0.446119
13S-HOTrE,LIN,individual,10:4442108,10,4442108,7.944142e-09,SORBI_3010G056000,0.445664
13S-HOTrE,LIN,individual,10:4442108,10,4442108,7.944142e-09,SORBI_3010G057400,0.445574
13S-HOTrE,LIN,individual,10:4442108,10,4442108,7.944142e-09,SORBI_3010G054400,0.445521
13S-HOTrE,LIN,individual,10:4442108,10,4442108,7.944142e-09,SORBI_3010G057600,0.445109
13S-HOTrE,LIN,individual,10:4442108,10,4442108,7.944142e-09,SORBI_3010G054700,0.443532
13S-HOTrE,LIN,individual,10:4442108,10,4442108,7.944142e-09,SORBI_3010G054000,0.442294
13S-HOTrE,LIN,individual,10:4442108,10,4442108,7.944142e-09,SORBI_3010G054100,0.44182
13S-HOTrE,LIN,individual,10:4442108,10,4442108,7.944142e-09,SORBI_3010G054700,0.441298
13S-HOTrE,LIN,individual,10:4442108,10,4442108,7.944142e-09,SORBI_3010G054400,0.440331
13S-HOTrE,LIN,individual,10:4442108,10,4442108,7.944142e-09,SORBI_3010G057500,0.439789
13S-HOTrE,LIN,individual,10:4442108,10,4442108,7.944142e-09,SORBI_3010G057600,0.439789
13S-HOTrE,LIN,individual,10:4442108,10,4442108,7.944142e-09,SORBI_3010G054100,0.439446
13S-HOTrE,LIN,individual,10:4442108,10,4442108,7.944142e-09,SORBI_3010G055600,0.439153
13S-HOTrE,LIN,individual,10:4442108,10,4442108,7.944142e-09,SORBI_3010G057500,0.438965
13S-HOTrE,LIN,individual,10:4442108,10,4442108,7.944142e-09,SORBI_3010G057600,0.438965
13S-HOTrE,LIN,individual,10:4442108,10,4442108,7.944142e-09,SORBI_3010G057600,0.438903
13S-HOTrE,LIN,individual,10:4442108,10,4442108,7.944142e-09,SORBI_3010G053700,0.437454
13S-HOTrE,LIN,individual,10:4442108,10,4442108,7.944142e-09,SORBI_3010G057633,0.434909
13S-HOTrE,LIN,individual,10:4442108,10,4442108,7.944142e-09,SORBI_3010G055600,0.434776
13S-HOTrE,LIN,individual,10:4442108,10,4442108,7.944142e-09,SORBI_3010G054700,0.433325
13S-HOTrE,LIN,individual,10:4442108,10,4442108,7.944142e-09,SORBI_3010G054400,0.432613
13S-HOTrE,LIN,individual,10:4442108,10,4442108,7.944142e-09,SORBI_3010G057600,0.432477
13S-HOTrE,LIN,individual,10:4442108,10,4442108,7.944142e-09,SORBI_3010G057500,0.431989
13S-HOTrE,LIN,individual,10:4442108,10,4442108,7.944142e-09,SORBI_3010G053700,0.430099
13S-HOTrE,LIN,individual,10:4442108,10,4442108,7.944142e-09,SORBI_3010G058600,0.428319
13S-HOTrE,LIN,individual,10:4442108,10,4442108,7.944142e-09,SORBI_3010G058650,0.428319
13S-HOTrE,LIN,individual,10:4442108,10,4442108,7.944142e-09,SORBI_3010G057633,0.428257
13S-HOTrE,LIN,individual,10:4442108,10,4442108,7.944142e-09,SORBI_3010G058650,0.428139
13S-HOTrE,LIN,individual,10:4442108,10,4442108,7.944142e-09,SORBI_3010G057600,0.426123
13S-HOTrE,LIN,individual,10:4442108,10,4442108,7.944142e-09,SORBI_3010G057400,0.42583
13S-HOTrE,LIN,individual,10:4442108,10,4442108,7.944142e-09,SORBI_3010G054400,0.424211
13S-HOTrE,LIN,individual,10:4442108,10,4442108,7.944142e-09,SORBI_3010G058600,0.423361
13S-HOTrE,LIN,individual,10:4442108,10,4442108,7.944142e-09,SORBI_3010G058650,0.423361
13S-HOTrE,LIN,individual,10:4442108,10,4442108,7.944142e-09,SORBI_3010G058600,0.422952
13S-HOTrE,LIN,individual,10:4442108,10,4442108,7.944142e-09,SORBI_3010G058650,0.422952
13S-HOTrE,LIN,individual,10:4442108,10,4442108,7.944142e-09,SORBI_3010G053700,0.422806
13S-HOTrE,LIN,individual,10:4442108,10,4442108,7.944142e-09,SORBI_3010G057700,0.420135
13S-HOTrE,LIN,individual,10:4442108,10,4442108,7.944142e-09,SORBI_3010G057600,0.419918
13S-HOTrE,LIN,individual,10:4442108,10,4442108,7.944142e-09,SORBI_3010G057700,0.419041
13S-HOTrE,LIN,individual,10:4442108,10,4442108,7.944142e-09,SORBI_3010G057500,0.418841
13S-HOTrE,LIN,individual,10:4442108,10,4442108,7.944142e-09,SORBI_3010G058650,0.417358
13S-HOTrE,LIN,individual,10:4442108,10,4442108,7.944142e-09,SORBI_3010G055600,0.415672
13S-HOTrE,LIN,individual,10:4442108,10,4442108,7.944142e-09,SORBI_3010G055600,0.413181
13S-HOTrE,LIN,individual,10:4442108,10,4442108,7.944142e-09,SORBI_3010G054400,0.413032
13S-HOTrE,LIN,individual,10:4442108,10,4442108,7.944142e-09,SORBI_3010G054000,0.411482
13S-HOTrE,LIN,individual,10:4442108,10,4442108,7.944142e-09,SORBI_3010G054400,0.410829
13S-HOTrE,LIN,individual,10:4442108,10,4442108,7.944142e-09,SORBI_3010G057800,0.410784
13S-HOTrE,LIN,individual,10:4442108,10,4442108,7.944142e-09,SORBI_3010G054500,0.410596
13S-HOTrE,LIN,individual,10:4442108,10,4442108,7.944142e-09,SORBI_3010G054400,0.408378
13S-HOTrE,LIN,individual,10:4442108,10,4442108,7.944142e-09,SORBI_3010G058650,0.408235
13S-HOTrE,LIN,individual,10:4442108,10,4442108,7.944142e-09,SORBI_3010G054400,0.407177
13S-HOTrE,LIN,individual,10:4442108,10,4442108,7.944142e-09,SORBI_3010G055600,0.406822
13S-HOTrE,LIN,individual,10:4442108,10,4442108,7.944142e-09,SORBI_3010G057400,0.406274
13S-HOTrE,LIN,individual,10:4442108,10,4442108,7.944142e-09,SORBI_3010G054500,0.406023
13S-HOTrE,LIN,individual,10:4442108,10,4442108,7.944142e-09,SORBI_3010G055600,0.40497
13S-HOTrE,LIN,individual,10:4442108,10,4442108,7.944142e-09,SORBI_3010G054500,0.402531
13S-HOTrE,LIN,individual,10:4442108,10,4442108,7.944142e-09,SORBI_3010G057400,0.401035
13S-HOTrE,LIN,individual,4:3967139,4,3967139,7.981026e-09,SORBI_3004G049200,0.965781
13S-HOTrE,LIN,individual,4:3967139,4,3967139,7.981026e-09,SORBI_3004G049200,0.958804
13S-HOTrE,LIN,individual,4:3967139,4,3967139,7.981026e-09,SORBI_3004G048600,0.884847
13S-HOTrE,LIN,individual,4:3967139,4,3967139,7.981026e-09,SORBI_3004G048400,0.856939
13S-HOTrE,LIN,individual,4:3967139,4,3967139,7.981026e-09,SORBI_3004G048800,0.852707
13S-HOTrE,LIN,individual,4:3967139,4,3967139,7.981026e-09,SORBI_3004G048400,0.845262
13S-HOTrE,LIN,individual,4:3967139,4,3967139,7.981026e-09,SORBI_3004G048600,0.834946
13S-HOTrE,LIN,individual,4:3967139,4,3967139,7.981026e-09,SORBI_3004G048300,0.830214
13S-HOTrE,LIN,individual,4:3967139,4,3967139,7.981026e-09,SORBI_3004G048500,0.785225
13S-HOTrE,LIN,individual,4:3967139,4,3967139,7.981026e-09,SORBI_3004G049200,0.767981
13S-HOTrE,LIN,individual,4:3967139,4,3967139,7.981026e-09,SORBI_3004G048000,0.740057
13S-HOTrE,LIN,individual,4:3967139,4,3967139,7.981026e-09,SORBI_3004G048100,0.739005
13S-HOTrE,LIN,individual,4:3967139,4,3967139,7.981026e-09,SORBI_3004G048100,0.737456
13S-HOTrE,LIN,individual,4:3967139,4,3967139,7.981026e-09,SORBI_3004G048100,0.73416
13S-HOTrE,LIN,individual,4:3967139,4,3967139,7.981026e-09,SORBI_3004G048300,0.730749
13S-HOTrE,LIN,individual,4:3967139,4,3967139,7.981026e-09,SORBI_3004G048300,0.730111
13S-HOTrE,LIN,individual,4:3967139,4,3967139,7.981026e-09,SORBI_3004G048700,0.664224
13S-HOTrE,LIN,individual,4:3967139,4,3967139,7.981026e-09,SORBI_3004G048700,0.646919
13S-HOTrE,LIN,individual,4:3967139,4,3967139,7.981026e-09,SORBI_3004G047700,0.618261
13S-HOTrE,LIN,individual,4:3967139,4,3967139,7.981026e-09,SORBI_3004G047600,0.611765
13S-HOTrE,LIN,individual,4:3967139,4,3967139,7.981026e-09,SORBI_3004G047700,0.611765
13S-HOTrE,LIN,individual,4:3967139,4,3967139,7.981026e-09,SORBI_3004G048700,0.611652
13S-HOTrE,LIN,individual,4:3967139,4,3967139,7.981026e-09,SORBI_3004G048700,0.611424
13S-HOTrE,LIN,individual,4:3967139,4,3967139,7.981026e-09,SORBI_3004G048201,0.609404
13S-HOTrE,LIN,individual,4:3967139,4,3967139,7.981026e-09,SORBI_3004G048700,0.609404
13S-HOTrE,LIN,individual,4:3967139,4,3967139,7.981026e-09,SORBI_3004G048700,0.608338
13S-HOTrE,LIN,individual,4:3967139,4,3967139,7.981026e-09,SORBI_3004G048700,0.607624
13S-HOTrE,LIN,individual,4:3967139,4,3967139,7.981026e-09,SORBI_3004G048700,0.607508
13S-HOTrE,LIN,individual,4:3967139,4,3967139,7.981026e-09,SORBI_3004G048700,0.604934
13S-HOTrE,LIN,individual,4:3967139,4,3967139,7.981026e-09,SORBI_3004G048700,0.601086
13S-HOTrE,LIN,individual,4:3967139,4,3967139,7.981026e-09,SORBI_3004G048700,0.600421
13S-HOTrE,LIN,individual,4:3967139,4,3967139,7.981026e-09,SORBI_3004G048700,0.599334
13S-HOTrE,LIN,individual,4:3967139,4,3967139,7.981026e-09,SORBI_3004G048700,0.598867
13S-HOTrE,LIN,individual,4:3967139,4,3967139,7.981026e-09,SORBI_3004G048700,0.594379
13S-HOTrE,LIN,individual,4:3967139,4,3967139,7.981026e-09,SORBI_3004G048700,0.591454
13S-HOTrE,LIN,individual,4:3967139,4,3967139,7.981026e-09,SORBI_3004G048700,0.59086
13S-HOTrE,LIN,individual,4:3967139,4,3967139,7.981026e-09,SORBI_3004G048700,0.590347
13S-HOTrE,LIN,individual,4:3967139,4,3967139,7.981026e-09,SORBI_3004G048201,0.588549
13S-HOTrE,LIN,individual,4:3967139,4,3967139,7.981026e-09,SORBI_3004G048700,0.586919
13S-HOTrE,LIN,individual,4:3967139,4,3967139,7.981026e-09,SORBI_3004G047500,0.586092
13S-HOTrE,LIN,individual,4:3967139,4,3967139,7.981026e-09,SORBI_3004G048700,0.581377
13S-HOTrE,LIN,individual,4:3967139,4,3967139,7.981026e-09,SORBI_3004G047200,0.579664
13S-HOTrE,LIN,individual,4:3967139,4,3967139,7.981026e-09,SORBI_3004G048700,0.577937
13S-HOTrE,LIN,individual,4:3967139,4,3967139,7.981026e-09,SORBI_3004G047400,0.575914
13S-HOTrE,LIN,individual,4:3967139,4,3967139,7.981026e-09,SORBI_3004G048700,0.572958
13S-HOTrE,LIN,individual,4:3967139,4,3967139,7.981026e-09,SORBI_3004G048700,0.572424
13S-HOTrE,LIN,individual,4:3967139,4,3967139,7.981026e-09,SORBI_3004G048700,0.571713
13S-HOTrE,LIN,individual,4:3967139,4,3967139,7.981026e-09,SORBI_3004G048700,0.561388
13S-HOTrE,LIN,individual,4:3967139,4,3967139,7.981026e-09,SORBI_3004G047200,0.559332
13S-HOTrE,LIN,individual,4:3967139,4,3967139,7.981026e-09,SORBI_3004G047200,0.551139
13S-HOTrE,LIN,individual,4:3967139,4,3967139,7.981026e-09,SORBI_3004G048700,0.549307
13S-HOTrE,LIN,individual,4:3967139,4,3967139,7.981026e-09,SORBI_3004G047400,0.548206
13S-HOTrE,LIN,individual,4:3967139,4,3967139,7.981026e-09,SORBI_3004G047400,0.540929
13S-HOTrE,LIN,individual,4:3967139,4,3967139,7.981026e-09,SORBI_3004G047500,0.540723
13S-HOTrE,LIN,individual,4:3967139,4,3967139,7.981026e-09,SORBI_3004G048700,0.540128
13S-HOTrE,LIN,individual,4:3967139,4,3967139,7.981026e-09,SORBI_3004G047001,0.535792
13S-HOTrE,LIN,individual,4:3967139,4,3967139,7.981026e-09,SORBI_3004G047400,0.535298
13S-HOTrE,LIN,individual,4:3967139,4,3967139,7.981026e-09,SORBI_3004G047500,0.531795
13S-HOTrE,LIN,individual,4:3967139,4,3967139,7.981026e-09,SORBI_3004G048700,0.531161
13S-HOTrE,LIN,individual,4:3967139,4,3967139,7.981026e-09,SORBI_3004G047400,0.522884
13S-HOTrE,LIN,individual,4:3967139,4,3967139,7.981026e-09,SORBI_3004G045632,0.507078
13S-HOTrE,LIN,individual,4:3967139,4,3967139,7.981026e-09,SORBI_3004G046800,0.503529
13S-HOTrE,LIN,individual,4:3967139,4,3967139,7.981026e-09,SORBI_3004G046100,0.490037
13S-HOTrE,LIN,individual,4:3967139,4,3967139,7.981026e-09,SORBI_3004G047001,0.483894
13S-HOTrE,LIN,individual,4:3967139,4,3967139,7.981026e-09,SORBI_3004G049300,0.465285
13S-HOTrE,LIN,individual,4:3967139,4,3967139,7.981026e-09,SORBI_3004G046100,0.460905
13S-HOTrE,LIN,individual,4:3967139,4,3967139,7.981026e-09,SORBI_3004G045632,0.453204
13S-HOTrE,LIN,individual,4:3967139,4,3967139,7.981026e-09,SORBI_3004G045700,0.453204
13S-HOTrE,LIN,individual,4:3967139,4,3967139,7.981026e-09,SORBI_3004G045300,0.445033
13S-HOTrE,LIN,individual,4:3967139,4,3967139,7.981026e-09,SORBI_3004G049600,0.442295
13S-HOTrE,LIN,individual,4:3967139,4,3967139,7.981026e-09,SORBI_3004G049600,0.440403
13S-HOTrE,LIN,individual,4:3967139,4,3967139,7.981026e-09,SORBI_3004G049500,0.437541
13S-HOTrE,LIN,individual,4:3967139,4,3967139,7.981026e-09,SORBI_3004G049600,0.423428
13S-HOTrE,LIN,individual,4:3967139,4,3967139,7.981026e-09,SORBI_3004G049600,0.422918
13S-HOTrE,LIN,individual,4:3967139,4,3967139,7.981026e-09,SORBI_3004G045400,0.415966
13S-HOTrE,LIN,individual,4:3967139,4,3967139,7.981026e-09,SORBI_3004G049600,0.415083
13S-HOTrE,LIN,individual,4:3967139,4,3967139,7.981026e-09,SORBI_3004G049700,0.415083
13S-HOTrE,LIN,individual,4:3967139,4,3967139,7.981026e-09,SORBI_3004G049800,0.415083
13S-HOTrE,LIN,individual,4:3967139,4,3967139,7.981026e-09,SORBI_3004G049500,0.407539
13S-HOTrE,LIN,individual,4:3967139,4,3967139,7.981026e-09,SORBI_3004G049600,0.406574
13S-HOTrE,LIN,individual,4:3967139,4,3967139,7.981026e-09,SORBI_3004G049800,0.40257
13S-HOTrE,LIN,individual,4:3967139,4,3967139,7.981026e-09,SORBI_3004G049400,0.401432
13S-HOTrE,LIN,individual,4:3906266,4,3906266,7.988991e-09,SORBI_3004G048600,1
13S-HOTrE,LIN,individual,4:3906266,4,3906266,7.988991e-09,SORBI_3004G048800,0.993133
13S-HOTrE,LIN,individual,4:3906266,4,3906266,7.988991e-09,SORBI_3004G048400,0.986365
13S-HOTrE,LIN,individual,4:3906266,4,3906266,7.988991e-09,SORBI_3004G048400,0.973151
13S-HOTrE,LIN,individual,4:3906266,4,3906266,7.988991e-09,SORBI_3004G048300,0.973091
13S-HOTrE,LIN,individual,4:3906266,4,3906266,7.988991e-09,SORBI_3004G048600,0.968103
13S-HOTrE,LIN,individual,4:3906266,4,3906266,7.988991e-09,SORBI_3004G048500,0.916348
13S-HOTrE,LIN,individual,4:3906266,4,3906266,7.988991e-09,SORBI_3004G049200,0.892409
13S-HOTrE,LIN,individual,4:3906266,4,3906266,7.988991e-09,SORBI_3004G049200,0.884974
13S-HOTrE,LIN,individual,4:3906266,4,3906266,7.988991e-09,SORBI_3004G048000,0.862369
13S-HOTrE,LIN,individual,4:3906266,4,3906266,7.988991e-09,SORBI_3004G048100,0.841959
13S-HOTrE,LIN,individual,4:3906266,4,3906266,7.988991e-09,SORBI_3004G048100,0.840451
13S-HOTrE,LIN,individual,4:3906266,4,3906266,7.988991e-09,SORBI_3004G048100,0.836767
13S-HOTrE,LIN,individual,4:3906266,4,3906266,7.988991e-09,SORBI_3004G048300,0.803893
13S-HOTrE,LIN,individual,4:3906266,4,3906266,7.988991e-09,SORBI_3004G048300,0.803438
13S-HOTrE,LIN,individual,4:3906266,4,3906266,7.988991e-09,SORBI_3004G048700,0.77909
13S-HOTrE,LIN,individual,4:3906266,4,3906266,7.988991e-09,SORBI_3004G048700,0.756775
13S-HOTrE,LIN,individual,4:3906266,4,3906266,7.988991e-09,SORBI_3004G047700,0.730167
13S-HOTrE,LIN,individual,4:3906266,4,3906266,7.988991e-09,SORBI_3004G047600,0.721325
13S-HOTrE,LIN,individual,4:3906266,4,3906266,7.988991e-09,SORBI_3004G047700,0.721325
13S-HOTrE,LIN,individual,4:3906266,4,3906266,7.988991e-09,SORBI_3004G048201,0.715179
13S-HOTrE,LIN,individual,4:3906266,4,3906266,7.988991e-09,SORBI_3004G048700,0.715179
13S-HOTrE,LIN,individual,4:3906266,4,3906266,7.988991e-09,SORBI_3004G048700,0.712662
13S-HOTrE,LIN,individual,4:3906266,4,3906266,7.988991e-09,SORBI_3004G048700,0.71173
13S-HOTrE,LIN,individual,4:3906266,4,3906266,7.988991e-09,SORBI_3004G048700,0.711563
13S-HOTrE,LIN,individual,4:3906266,4,3906266,7.988991e-09,SORBI_3004G048700,0.708873
13S-HOTrE,LIN,individual,4:3906266,4,3906266,7.988991e-09,SORBI_3004G049200,0.708679
13S-HOTrE,LIN,individual,4:3906266,4,3906266,7.988991e-09,SORBI_3004G048700,0.707913
13S-HOTrE,LIN,individual,4:3906266,4,3906266,7.988991e-09,SORBI_3004G048700,0.707346
13S-HOTrE,LIN,individual,4:3906266,4,3906266,7.988991e-09,SORBI_3004G048700,0.70726
13S-HOTrE,LIN,individual,4:3906266,4,3906266,7.988991e-09,SORBI_3004G048700,0.706134
13S-HOTrE,LIN,individual,4:3906266,4,3906266,7.988991e-09,SORBI_3004G048700,0.703571
13S-HOTrE,LIN,individual,4:3906266,4,3906266,7.988991e-09,SORBI_3004G048700,0.697108
13S-HOTrE,LIN,individual,4:3906266,4,3906266,7.988991e-09,SORBI_3004G048700,0.6945
13S-HOTrE,LIN,individual,4:3906266,4,3906266,7.988991e-09,SORBI_3004G047500,0.692125
13S-HOTrE,LIN,individual,4:3906266,4,3906266,7.988991e-09,SORBI_3004G048700,0.690672
13S-HOTrE,LIN,individual,4:3906266,4,3906266,7.988991e-09,SORBI_3004G048201,0.689658
13S-HOTrE,LIN,individual,4:3906266,4,3906266,7.988991e-09,SORBI_3004G048700,0.685447
13S-HOTrE,LIN,individual,4:3906266,4,3906266,7.988991e-09,SORBI_3004G048700,0.681599
13S-HOTrE,LIN,individual,4:3906266,4,3906266,7.988991e-09,SORBI_3004G048700,0.679068
13S-HOTrE,LIN,individual,4:3906266,4,3906266,7.988991e-09,SORBI_3004G048700,0.676414
13S-HOTrE,LIN,individual,4:3906266,4,3906266,7.988991e-09,SORBI_3004G047200,0.670018
13S-HOTrE,LIN,individual,4:3906266,4,3906266,7.988991e-09,SORBI_3004G048700,0.6674
13S-HOTrE,LIN,individual,4:3906266,4,3906266,7.988991e-09,SORBI_3004G048700,0.666436
13S-HOTrE,LIN,individual,4:3906266,4,3906266,7.988991e-09,SORBI_3004G047200,0.660689
13S-HOTrE,LIN,individual,4:3906266,4,3906266,7.988991e-09,SORBI_3004G047400,0.659857
13S-HOTrE,LIN,individual,4:3906266,4,3906266,7.988991e-09,SORBI_3004G047400,0.650858
13S-HOTrE,LIN,individual,4:3906266,4,3906266,7.988991e-09,SORBI_3004G048700,0.647599
13S-HOTrE,LIN,individual,4:3906266,4,3906266,7.988991e-09,SORBI_3004G047400,0.641316
13S-HOTrE,LIN,individual,4:3906266,4,3906266,7.988991e-09,SORBI_3004G047500,0.639781
13S-HOTrE,LIN,individual,4:3906266,4,3906266,7.988991e-09,SORBI_3004G047400,0.635961
13S-HOTrE,LIN,individual,4:3906266,4,3906266,7.988991e-09,SORBI_3004G048700,0.634249
13S-HOTrE,LIN,individual,4:3906266,4,3906266,7.988991e-09,SORBI_3004G045632,0.631357
13S-HOTrE,LIN,individual,4:3906266,4,3906266,7.988991e-09,SORBI_3004G047500,0.630699
13S-HOTrE,LIN,individual,4:3906266,4,3906266,7.988991e-09,SORBI_3004G048700,0.629193
13S-HOTrE,LIN,individual,4:3906266,4,3906266,7.988991e-09,SORBI_3004G047400,0.621635
13S-HOTrE,LIN,individual,4:3906266,4,3906266,7.988991e-09,SORBI_3004G048700,0.620067
13S-HOTrE,LIN,individual,4:3906266,4,3906266,7.988991e-09,SORBI_3004G046800,0.613478
13S-HOTrE,LIN,individual,4:3906266,4,3906266,7.988991e-09,SORBI_3004G044700,0.603883
13S-HOTrE,LIN,individual,4:3906266,4,3906266,7.988991e-09,SORBI_3004G047001,0.599284
13S-HOTrE,LIN,individual,4:3906266,4,3906266,7.988991e-09,SORBI_3004G046100,0.594332
13S-HOTrE,LIN,individual,4:3906266,4,3906266,7.988991e-09,SORBI_3004G047001,0.585016
13S-HOTrE,LIN,individual,4:3906266,4,3906266,7.988991e-09,SORBI_3004G046100,0.56253
13S-HOTrE,LIN,individual,4:3906266,4,3906266,7.988991e-09,SORBI_3004G044700,0.552586
13S-HOTrE,LIN,individual,4:3906266,4,3906266,7.988991e-09,SORBI_3004G045632,0.550551
13S-HOTrE,LIN,individual,4:3906266,4,3906266,7.988991e-09,SORBI_3004G045700,0.550551
13S-HOTrE,LIN,individual,4:3906266,4,3906266,7.988991e-09,SORBI_3004G045100,0.546986
13S-HOTrE,LIN,individual,4:3906266,4,3906266,7.988991e-09,SORBI_3004G044700,0.545064
13S-HOTrE,LIN,individual,4:3906266,4,3906266,7.988991e-09,SORBI_3004G045300,0.539386
13S-HOTrE,LIN,individual,4:3906266,4,3906266,7.988991e-09,SORBI_3004G044800,0.531451
13S-HOTrE,LIN,individual,4:3906266,4,3906266,7.988991e-09,SORBI_3004G045100,0.523676
13S-HOTrE,LIN,individual,4:3906266,4,3906266,7.988991e-09,SORBI_3004G049800,0.513307
13S-HOTrE,LIN,individual,4:3906266,4,3906266,7.988991e-09,SORBI_3004G045400,0.506423
13S-HOTrE,LIN,individual,4:3906266,4,3906266,7.988991e-09,SORBI_3004G045000,0.505558
13S-HOTrE,LIN,individual,4:3906266,4,3906266,7.988991e-09,SORBI_3004G049500,0.500415
13S-HOTrE,LIN,individual,4:3906266,4,3906266,7.988991e-09,SORBI_3004G049800,0.498342
13S-HOTrE,LIN,individual,4:3906266,4,3906266,7.988991e-09,SORBI_3004G045000,0.491232
13S-HOTrE,LIN,individual,4:3906266,4,3906266,7.988991e-09,SORBI_3004G044800,0.482745
13S-HOTrE,LIN,individual,4:3906266,4,3906266,7.988991e-09,SORBI_3004G049600,0.474433
13S-HOTrE,LIN,individual,4:3906266,4,3906266,7.988991e-09,SORBI_3004G049700,0.474433
13S-HOTrE,LIN,individual,4:3906266,4,3906266,7.988991e-09,SORBI_3004G049900,0.473711
13S-HOTrE,LIN,individual,4:3906266,4,3906266,7.988991e-09,SORBI_3004G049500,0.467929
13S-HOTrE,LIN,individual,4:3906266,4,3906266,7.988991e-09,SORBI_3004G049600,0.465831
13S-HOTrE,LIN,individual,4:3906266,4,3906266,7.988991e-09,SORBI_3004G045500,0.458409
13S-HOTrE,LIN,individual,4:3906266,4,3906266,7.988991e-09,SORBI_3004G045000,0.454442
13S-HOTrE,LIN,individual,4:3906266,4,3906266,7.988991e-09,SORBI_3004G047001,0.445499
13S-HOTrE,LIN,individual,4:3906266,4,3906266,7.988991e-09,SORBI_3004G049600,0.44348
13S-HOTrE,LIN,individual,4:3906266,4,3906266,7.988991e-09,SORBI_3004G044700,0.442793
13S-HOTrE,LIN,individual,4:3906266,4,3906266,7.988991e-09,SORBI_3004G049600,0.440881
13S-HOTrE,LIN,individual,4:3906266,4,3906266,7.988991e-09,SORBI_3004G045000,0.433931
13S-HOTrE,LIN,individual,4:3906266,4,3906266,7.988991e-09,SORBI_3004G049600,0.429875
13S-HOTrE,LIN,individual,4:3906266,4,3906266,7.988991e-09,SORBI_3004G049600,0.429727
13S-HOTrE,LIN,individual,4:3906266,4,3906266,7.988991e-09,SORBI_3004G051166,0.419436
13S-HOTrE,LIN,individual,4:3906266,4,3906266,7.988991e-09,SORBI_3004G045000,0.415404
13S-HOTrE,LIN,individual,4:3906266,4,3906266,7.988991e-09,SORBI_3004G049300,0.412617
13S-HOTrE,LIN,individual,4:3906266,4,3906266,7.988991e-09,SORBI_3004G051166,0.412058
13S-HOTrE,LIN,individual,10:2359051,10,2359051,8.050804e-09,SORBI_3010G029300,0.741252
13S-HOTrE,LIN,individual,10:2359051,10,2359051,8.050804e-09,SORBI_3010G029700,0.653943
13S-HOTrE,LIN,individual,10:2359051,10,2359051,8.050804e-09,SORBI_3010G029800,0.638291
13S-HOTrE,LIN,individual,10:2359051,10,2359051,8.050804e-09,SORBI_3010G029600,0.585804
13S-HOTrE,LIN,individual,10:2359051,10,2359051,8.050804e-09,SORBI_3010G029600,0.585745
13S-HOTrE,LIN,individual,10:2359051,10,2359051,8.050804e-09,SORBI_3010G029600,0.585626
13S-HOTrE,LIN,individual,10:2359051,10,2359051,8.050804e-09,SORBI_3010G029600,0.574134
13S-HOTrE,LIN,individual,10:2359051,10,2359051,8.050804e-09,SORBI_3010G032100,0.565112
13S-HOTrE,LIN,individual,10:2359051,10,2359051,8.050804e-09,SORBI_3010G029600,0.562791
13S-HOTrE,LIN,individual,10:2359051,10,2359051,8.050804e-09,SORBI_3010G029600,0.562669
13S-HOTrE,LIN,individual,10:2359051,10,2359051,8.050804e-09,SORBI_3010G029600,0.562235
13S-HOTrE,LIN,individual,10:2359051,10,2359051,8.050804e-09,SORBI_3010G029600,0.551543
13S-HOTrE,LIN,individual,10:2359051,10,2359051,8.050804e-09,SORBI_3010G029600,0.55142
13S-HOTrE,LIN,individual,10:2359051,10,2359051,8.050804e-09,SORBI_3010G029600,0.55117
13S-HOTrE,LIN,individual,10:2359051,10,2359051,8.050804e-09,SORBI_3010G032000,0.541109
13S-HOTrE,LIN,individual,10:2359051,10,2359051,8.050804e-09,SORBI_3010G032100,0.497103
13S-HOTrE,LIN,individual,10:2359051,10,2359051,8.050804e-09,SORBI_3010G032600,0.483048
13S-HOTrE,LIN,individual,10:2359051,10,2359051,8.050804e-09,SORBI_3010G032700,0.483048
13S-HOTrE,LIN,individual,10:2359051,10,2359051,8.050804e-09,SORBI_3010G032300,0.475215
13S-HOTrE,LIN,individual,10:2359051,10,2359051,8.050804e-09,SORBI_3010G032400,0.470563
13S-HOTrE,LIN,individual,10:2359051,10,2359051,8.050804e-09,SORBI_3010G032700,0.462839
13S-HOTrE,LIN,individual,10:2359051,10,2359051,8.050804e-09,SORBI_3010G032400,0.458359
13S-HOTrE,LIN,individual,10:2359051,10,2359051,8.050804e-09,SORBI_3010G032300,0.450063
13S-HOTrE,LIN,individual,10:2359051,10,2359051,8.050804e-09,SORBI_3010G030900,0.427741
13S-HOTrE,LIN,individual,10:2359051,10,2359051,8.050804e-09,SORBI_3010G032800,0.411635
13S-HOTrE,LIN,individual,9:47898713,9,47898713,8.077623e-09,SORBI_3009G125700,0.744051
13S-HOTrE,LIN,individual,9:47898713,9,47898713,8.077623e-09,SORBI_3009G125400,0.709681
13S-HOTrE,LIN,individual,9:47898713,9,47898713,8.077623e-09,SORBI_3009G125400,0.702745
13S-HOTrE,LIN,individual,9:47898713,9,47898713,8.077623e-09,SORBI_3009G125600,0.654706
13S-HOTrE,LIN,individual,9:47898713,9,47898713,8.077623e-09,SORBI_3009G125600,0.648184
13S-HOTrE,LIN,individual,9:47898713,9,47898713,8.077623e-09,SORBI_3009G125400,0.634686
13S-HOTrE,LIN,individual,9:47898713,9,47898713,8.077623e-09,SORBI_3009G125400,0.633993
13S-HOTrE,LIN,individual,9:47898713,9,47898713,8.077623e-09,SORBI_3009G125600,0.628015
13S-HOTrE,LIN,individual,9:47898713,9,47898713,8.077623e-09,SORBI_3009G125300,0.598757
13S-HOTrE,LIN,individual,9:47898713,9,47898713,8.077623e-09,SORBI_3009G125700,0.59365
13S-HOTrE,LIN,individual,9:47898713,9,47898713,8.077623e-09,SORBI_3009G125300,0.59085
13S-HOTrE,LIN,individual,9:47898713,9,47898713,8.077623e-09,SORBI_3009G125400,0.580191
13S-HOTrE,LIN,individual,9:47898713,9,47898713,8.077623e-09,SORBI_3009G125400,0.574445
13S-HOTrE,LIN,individual,9:47898713,9,47898713,8.077623e-09,SORBI_3009G125400,0.571036
13S-HOTrE,LIN,individual,9:47898713,9,47898713,8.077623e-09,SORBI_3009G125400,0.566395
13S-HOTrE,LIN,individual,9:47898713,9,47898713,8.077623e-09,SORBI_3009G125400,0.56368
13S-HOTrE,LIN,individual,9:47898713,9,47898713,8.077623e-09,SORBI_3009G125300,0.5577
13S-HOTrE,LIN,individual,9:47898713,9,47898713,8.077623e-09,SORBI_3009G125700,0.556527
13S-HOTrE,LIN,individual,9:47898713,9,47898713,8.077623e-09,SORBI_3009G125400,0.545943
13S-HOTrE,LIN,individual,9:47898713,9,47898713,8.077623e-09,SORBI_3009G125600,0.485065
13S-HOTrE,LIN,individual,9:47898713,9,47898713,8.077623e-09,SORBI_3009G125300,0.434418
13S-HOTrE,LIN,individual,9:47898713,9,47898713,8.077623e-09,SORBI_3009G125300,0.413093
13S-HOTrE,LIN,individual,9:46939924,9,46939924,8.107027e-09,SORBI_3009G119501,0.877493
13S-HOTrE,LIN,individual,9:46939924,9,46939924,8.107027e-09,SORBI_3009G119400,0.858125
13S-HOTrE,LIN,individual,9:46939924,9,46939924,8.107027e-09,SORBI_3009G119501,0.852851
13S-HOTrE,LIN,individual,9:46939924,9,46939924,8.107027e-09,SORBI_3009G119700,0.849116
13S-HOTrE,LIN,individual,9:46939924,9,46939924,8.107027e-09,SORBI_3009G119700,0.846251
13S-HOTrE,LIN,individual,9:46939924,9,46939924,8.107027e-09,SORBI_3009G119501,0.841974
13S-HOTrE,LIN,individual,9:46939924,9,46939924,8.107027e-09,SORBI_3009G119800,0.820411
13S-HOTrE,LIN,individual,9:46939924,9,46939924,8.107027e-09,SORBI_3009G119700,0.800455
13S-HOTrE,LIN,individual,9:46939924,9,46939924,8.107027e-09,SORBI_3009G119800,0.800455
13S-HOTrE,LIN,individual,9:46939924,9,46939924,8.107027e-09,SORBI_3009G119700,0.791564
13S-HOTrE,LIN,individual,9:46939924,9,46939924,8.107027e-09,SORBI_3009G119700,0.787866
13S-HOTrE,LIN,individual,9:46939924,9,46939924,8.107027e-09,SORBI_3009G119800,0.787866
13S-HOTrE,LIN,individual,9:46939924,9,46939924,8.107027e-09,SORBI_3009G119700,0.784802
13S-HOTrE,LIN,individual,9:46939924,9,46939924,8.107027e-09,SORBI_3009G119700,0.779124
13S-HOTrE,LIN,individual,9:46939924,9,46939924,8.107027e-09,SORBI_3009G119700,0.762347
13S-HOTrE,LIN,individual,9:46939924,9,46939924,8.107027e-09,SORBI_3009G119400,0.752877
13S-HOTrE,LIN,individual,9:46939924,9,46939924,8.107027e-09,SORBI_3009G119300,0.704835
13S-HOTrE,LIN,individual,9:46939924,9,46939924,8.107027e-09,SORBI_3009G119700,0.68676
13S-HOTrE,LIN,individual,9:46939924,9,46939924,8.107027e-09,SORBI_3009G119600,0.681125
13S-HOTrE,LIN,individual,9:46942450,9,46942450,8.110318e-09,SORBI_3009G119700,0.881289
13S-HOTrE,LIN,individual,9:46942450,9,46942450,8.110318e-09,SORBI_3009G119700,0.869933
13S-HOTrE,LIN,individual,9:46942450,9,46942450,8.110318e-09,SORBI_3009G119800,0.85326
13S-HOTrE,LIN,individual,9:46942450,9,46942450,8.110318e-09,SORBI_3009G119501,0.846468
13S-HOTrE,LIN,individual,9:46942450,9,46942450,8.110318e-09,SORBI_3009G119501,0.845179
13S-HOTrE,LIN,individual,9:46942450,9,46942450,8.110318e-09,SORBI_3009G119700,0.832517
13S-HOTrE,LIN,individual,9:46942450,9,46942450,8.110318e-09,SORBI_3009G119800,0.832517
13S-HOTrE,LIN,individual,9:46942450,9,46942450,8.110318e-09,SORBI_3009G119400,0.824709
13S-HOTrE,LIN,individual,9:46942450,9,46942450,8.110318e-09,SORBI_3009G119700,0.821699
13S-HOTrE,LIN,individual,9:46942450,9,46942450,8.110318e-09,SORBI_3009G119800,0.821699
13S-HOTrE,LIN,individual,9:46942450,9,46942450,8.110318e-09,SORBI_3009G119700,0.810946
13S-HOTrE,LIN,individual,9:46942450,9,46942450,8.110318e-09,SORBI_3009G119700,0.810359
13S-HOTrE,LIN,individual,9:46942450,9,46942450,8.110318e-09,SORBI_3009G119700,0.804012
13S-HOTrE,LIN,individual,9:46942450,9,46942450,8.110318e-09,SORBI_3009G119700,0.800262
13S-HOTrE,LIN,individual,9:46942450,9,46942450,8.110318e-09,SORBI_3009G119501,0.790947
13S-HOTrE,LIN,individual,9:46942450,9,46942450,8.110318e-09,SORBI_3009G119400,0.746865
13S-HOTrE,LIN,individual,9:46942450,9,46942450,8.110318e-09,SORBI_3009G119300,0.738381
13S-HOTrE,LIN,individual,9:46942450,9,46942450,8.110318e-09,SORBI_3009G119700,0.714376
13S-HOTrE,LIN,individual,9:46942450,9,46942450,8.110318e-09,SORBI_3009G119600,0.574815
13S-HOTrE,LIN,individual,9:47862401,9,47862401,8.123769e-09,SORBI_3009G125400,0.964878
13S-HOTrE,LIN,individual,9:47862401,9,47862401,8.123769e-09,SORBI_3009G125400,0.964534
13S-HOTrE,LIN,individual,9:47862401,9,47862401,8.123769e-09,SORBI_3009G125400,0.958527
13S-HOTrE,LIN,individual,9:47862401,9,47862401,8.123769e-09,SORBI_3009G125700,0.837117
13S-HOTrE,LIN,individual,9:47862401,9,47862401,8.123769e-09,SORBI_3009G125600,0.808699
13S-HOTrE,LIN,individual,9:47862401,9,47862401,8.123769e-09,SORBI_3009G125600,0.80314
13S-HOTrE,LIN,individual,9:47862401,9,47862401,8.123769e-09,SORBI_3009G125400,0.767964
13S-HOTrE,LIN,individual,9:47862401,9,47862401,8.123769e-09,SORBI_3009G125400,0.746379
13S-HOTrE,LIN,individual,9:47862401,9,47862401,8.123769e-09,SORBI_3009G125400,0.701413
13S-HOTrE,LIN,individual,9:47862401,9,47862401,8.123769e-09,SORBI_3009G125400,0.693649
13S-HOTrE,LIN,individual,9:47862401,9,47862401,8.123769e-09,SORBI_3009G125600,0.688268
13S-HOTrE,LIN,individual,9:47862401,9,47862401,8.123769e-09,SORBI_3009G125700,0.672352
13S-HOTrE,LIN,individual,9:47862401,9,47862401,8.123769e-09,SORBI_3009G125300,0.655228
13S-HOTrE,LIN,individual,9:47862401,9,47862401,8.123769e-09,SORBI_3009G125300,0.647402
13S-HOTrE,LIN,individual,9:47862401,9,47862401,8.123769e-09,SORBI_3009G125400,0.627666
13S-HOTrE,LIN,individual,9:47862401,9,47862401,8.123769e-09,SORBI_3009G125700,0.609579
13S-HOTrE,LIN,individual,9:47862401,9,47862401,8.123769e-09,SORBI_3009G125600,0.593007
13S-HOTrE,LIN,individual,9:47862401,9,47862401,8.123769e-09,SORBI_3009G125400,0.57426
13S-HOTrE,LIN,individual,9:47862401,9,47862401,8.123769e-09,SORBI_3009G125300,0.539961
13S-HOTrE,LIN,individual,9:47862401,9,47862401,8.123769e-09,SORBI_3009G125300,0.459665
13S-HOTrE,LIN,individual,9:47862401,9,47862401,8.123769e-09,SORBI_3009G125300,0.445806
13S-HOTrE,LIN,individual,9:47862401,9,47862401,8.123769e-09,SORBI_3009G126100,0.439667
13S-HOTrE,LIN,individual,9:47862401,9,47862401,8.123769e-09,SORBI_3009G125300,0.408167
13S-HOTrE,LIN,individual,1:16736695,1,16736695,8.190132e-09,SORBI_3001G189300,1
13S-HOTrE,LIN,individual,1:16736695,1,16736695,8.190132e-09,SORBI_3001G189300,1
13S-HOTrE,LIN,individual,1:16736695,1,16736695,8.190132e-09,SORBI_3001G189300,0.991387
13S-HOTrE,LIN,individual,1:16736695,1,16736695,8.190132e-09,SORBI_3001G189300,0.991183
13S-HOTrE,LIN,individual,1:16736695,1,16736695,8.190132e-09,SORBI_3001G189300,0.989891
13S-HOTrE,LIN,individual,1:16736695,1,16736695,8.190132e-09,SORBI_3001G189300,0.983317
13S-HOTrE,LIN,individual,1:16736695,1,16736695,8.190132e-09,SORBI_3001G189300,0.982846
13S-HOTrE,LIN,individual,1:16736695,1,16736695,8.190132e-09,SORBI_3001G189300,0.982284
13S-HOTrE,LIN,individual,1:16736695,1,16736695,8.190132e-09,SORBI_3001G189300,0.982205
13S-HOTrE,LIN,individual,1:16736695,1,16736695,8.190132e-09,SORBI_3001G189300,0.981141
13S-HOTrE,LIN,individual,1:16736695,1,16736695,8.190132e-09,SORBI_3001G189300,0.973954
13S-HOTrE,LIN,individual,1:16736695,1,16736695,8.190132e-09,SORBI_3001G189300,0.973597
13S-HOTrE,LIN,individual,1:16736695,1,16736695,8.190132e-09,SORBI_3001G189300,0.973331
13S-HOTrE,LIN,individual,1:16736695,1,16736695,8.190132e-09,SORBI_3001G189300,0.97278
13S-HOTrE,LIN,individual,1:16736695,1,16736695,8.190132e-09,SORBI_3001G189300,0.97033
13S-HOTrE,LIN,individual,1:16736695,1,16736695,8.190132e-09,SORBI_3001G189300,0.970124
13S-HOTrE,LIN,individual,1:16736695,1,16736695,8.190132e-09,SORBI_3001G189300,0.966896
13S-HOTrE,LIN,individual,1:16736695,1,16736695,8.190132e-09,SORBI_3001G189300,0.96554
13S-HOTrE,LIN,individual,1:16736695,1,16736695,8.190132e-09,SORBI_3001G189300,0.964726
13S-HOTrE,LIN,individual,1:16736695,1,16736695,8.190132e-09,SORBI_3001G189300,0.957268
13S-HOTrE,LIN,individual,1:16736695,1,16736695,8.190132e-09,SORBI_3001G189300,0.95617
13S-HOTrE,LIN,individual,1:16736695,1,16736695,8.190132e-09,SORBI_3001G189300,0.955642
13S-HOTrE,LIN,individual,1:16736695,1,16736695,8.190132e-09,SORBI_3001G189300,0.955536
13S-HOTrE,LIN,individual,1:16736695,1,16736695,8.190132e-09,SORBI_3001G189300,0.947763
13S-HOTrE,LIN,individual,1:16736695,1,16736695,8.190132e-09,SORBI_3001G189300,0.946711
13S-HOTrE,LIN,individual,1:16736695,1,16736695,8.190132e-09,SORBI_3001G189300,0.912595
13S-HOTrE,LIN,individual,1:16736695,1,16736695,8.190132e-09,SORBI_3001G189300,0.885166
13S-HOTrE,LIN,individual,1:16736695,1,16736695,8.190132e-09,SORBI_3001G189400,0.877524
13S-HOTrE,LIN,individual,1:16736695,1,16736695,8.190132e-09,SORBI_3001G187400,0.834297
13S-HOTrE,LIN,individual,1:16736695,1,16736695,8.190132e-09,SORBI_3001G187500,0.833774
13S-HOTrE,LIN,individual,1:16736695,1,16736695,8.190132e-09,SORBI_3001G187500,0.833718
13S-HOTrE,LIN,individual,1:16736695,1,16736695,8.190132e-09,SORBI_3001G187600,0.829772
13S-HOTrE,LIN,individual,1:16736695,1,16736695,8.190132e-09,SORBI_3001G187400,0.828002
13S-HOTrE,LIN,individual,1:16736695,1,16736695,8.190132e-09,SORBI_3001G187500,0.825843
13S-HOTrE,LIN,individual,1:16736695,1,16736695,8.190132e-09,SORBI_3001G189300,0.825474
13S-HOTrE,LIN,individual,1:16736695,1,16736695,8.190132e-09,SORBI_3001G187400,0.823028
13S-HOTrE,LIN,individual,1:16736695,1,16736695,8.190132e-09,SORBI_3001G187500,0.818962
13S-HOTrE,LIN,individual,1:16736695,1,16736695,8.190132e-09,SORBI_3001G187500,0.814704
13S-HOTrE,LIN,individual,1:16736695,1,16736695,8.190132e-09,SORBI_3001G187500,0.81342
13S-HOTrE,LIN,individual,1:16736695,1,16736695,8.190132e-09,SORBI_3001G187500,0.813042
13S-HOTrE,LIN,individual,1:16736695,1,16736695,8.190132e-09,SORBI_3001G187400,0.81246
13S-HOTrE,LIN,individual,1:16736695,1,16736695,8.190132e-09,SORBI_3001G189600,0.809097
13S-HOTrE,LIN,individual,1:16736695,1,16736695,8.190132e-09,SORBI_3001G187500,0.80838
13S-HOTrE,LIN,individual,1:16736695,1,16736695,8.190132e-09,SORBI_3001G187400,0.802321
13S-HOTrE,LIN,individual,1:16736695,1,16736695,8.190132e-09,SORBI_3001G187400,0.801836
13S-HOTrE,LIN,individual,1:16736695,1,16736695,8.190132e-09,SORBI_3001G187400,0.801746
13S-HOTrE,LIN,individual,1:16736695,1,16736695,8.190132e-09,SORBI_3001G187500,0.796626
13S-HOTrE,LIN,individual,1:16736695,1,16736695,8.190132e-09,SORBI_3001G187500,0.796614
13S-HOTrE,LIN,individual,1:16736695,1,16736695,8.190132e-09,SORBI_3001G187500,0.792984
13S-HOTrE,LIN,individual,1:16736695,1,16736695,8.190132e-09,SORBI_3001G187500,0.792913
13S-HOTrE,LIN,individual,1:16736695,1,16736695,8.190132e-09,SORBI_3001G187400,0.791327
13S-HOTrE,LIN,individual,1:16736695,1,16736695,8.190132e-09,SORBI_3001G187400,0.790867
13S-HOTrE,LIN,individual,1:16736695,1,16736695,8.190132e-09,SORBI_3001G187800,0.784423
13S-HOTrE,LIN,individual,1:16736695,1,16736695,8.190132e-09,SORBI_3001G187500,0.782
13S-HOTrE,LIN,individual,1:16736695,1,16736695,8.190132e-09,SORBI_3001G187400,0.775242
13S-HOTrE,LIN,individual,1:16736695,1,16736695,8.190132e-09,SORBI_3001G187800,0.773684
13S-HOTrE,LIN,individual,1:16736695,1,16736695,8.190132e-09,SORBI_3001G187500,0.772553
13S-HOTrE,LIN,individual,1:16736695,1,16736695,8.190132e-09,SORBI_3001G187500,0.770704
13S-HOTrE,LIN,individual,1:16736695,1,16736695,8.190132e-09,SORBI_3001G187400,0.766768
13S-HOTrE,LIN,individual,1:16736695,1,16736695,8.190132e-09,SORBI_3001G187400,0.763511
13S-HOTrE,LIN,individual,1:16736695,1,16736695,8.190132e-09,SORBI_3001G187500,0.762657
13S-HOTrE,LIN,individual,1:16736695,1,16736695,8.190132e-09,SORBI_3001G187400,0.756201
13S-HOTrE,LIN,individual,1:16736695,1,16736695,8.190132e-09,SORBI_3001G188900,0.75284
13S-HOTrE,LIN,individual,1:16736695,1,16736695,8.190132e-09,SORBI_3001G188900,0.749652
13S-HOTrE,LIN,individual,1:16736695,1,16736695,8.190132e-09,SORBI_3001G188900,0.749447
13S-HOTrE,LIN,individual,1:16736695,1,16736695,8.190132e-09,SORBI_3001G187400,0.74707
13S-HOTrE,LIN,individual,1:16736695,1,16736695,8.190132e-09,SORBI_3001G188800,0.746316
13S-HOTrE,LIN,individual,1:16736695,1,16736695,8.190132e-09,SORBI_3001G188900,0.746316
13S-HOTrE,LIN,individual,1:16736695,1,16736695,8.190132e-09,SORBI_3001G188900,0.738314
13S-HOTrE,LIN,individual,1:16736695,1,16736695,8.190132e-09,SORBI_3001G188900,0.734879
13S-HOTrE,LIN,individual,1:16736695,1,16736695,8.190132e-09,SORBI_3001G188900,0.7308
13S-HOTrE,LIN,individual,1:16736695,1,16736695,8.190132e-09,SORBI_3001G189000,0.729243
13S-HOTrE,LIN,individual,1:16736695,1,16736695,8.190132e-09,SORBI_3001G187800,0.723024
13S-HOTrE,LIN,individual,1:16736695,1,16736695,8.190132e-09,SORBI_3001G188900,0.718015
13S-HOTrE,LIN,individual,1:16736695,1,16736695,8.190132e-09,SORBI_3001G188100,0.715247
13S-HOTrE,LIN,individual,1:16736695,1,16736695,8.190132e-09,SORBI_3001G188900,0.71513
13S-HOTrE,LIN,individual,1:16736695,1,16736695,8.190132e-09,SORBI_3001G188900,0.712796
13S-HOTrE,LIN,individual,1:16736695,1,16736695,8.190132e-09,SORBI_3001G188900,0.709449
13S-HOTrE,LIN,individual,1:16736695,1,16736695,8.190132e-09,SORBI_3001G187800,0.707217
13S-HOTrE,LIN,individual,1:16736695,1,16736695,8.190132e-09,SORBI_3001G188900,0.706826
13S-HOTrE,LIN,individual,1:16736695,1,16736695,8.190132e-09,SORBI_3001G188900,0.70646
13S-HOTrE,LIN,individual,1:16736695,1,16736695,8.190132e-09,SORBI_3001G188900,0.702558
13S-HOTrE,LIN,individual,1:16736695,1,16736695,8.190132e-09,SORBI_3001G188900,0.696327
13S-HOTrE,LIN,individual,1:16736695,1,16736695,8.190132e-09,SORBI_3001G188900,0.691079
13S-HOTrE,LIN,individual,1:16736695,1,16736695,8.190132e-09,SORBI_3001G187500,0.690278
13S-HOTrE,LIN,individual,1:16736695,1,16736695,8.190132e-09,SORBI_3001G188900,0.684222
13S-HOTrE,LIN,individual,1:16736695,1,16736695,8.190132e-09,SORBI_3001G187800,0.683175
13S-HOTrE,LIN,individual,1:16736695,1,16736695,8.190132e-09,SORBI_3001G189000,0.675619
13S-HOTrE,LIN,individual,1:16736695,1,16736695,8.190132e-09,SORBI_3001G189300,0.671086
13S-HOTrE,LIN,individual,1:16736695,1,16736695,8.190132e-09,SORBI_3001G187800,0.667106
13S-HOTrE,LIN,individual,1:16736695,1,16736695,8.190132e-09,SORBI_3001G189300,0.66265
13S-HOTrE,LIN,individual,1:16736695,1,16736695,8.190132e-09,SORBI_3001G189300,0.661981
13S-HOTrE,LIN,individual,1:16736695,1,16736695,8.190132e-09,SORBI_3001G187800,0.656345
13S-HOTrE,LIN,individual,1:16736695,1,16736695,8.190132e-09,SORBI_3001G188700,0.65485
13S-HOTrE,LIN,individual,1:16736695,1,16736695,8.190132e-09,SORBI_3001G188900,0.653248
13S-HOTrE,LIN,individual,1:16736695,1,16736695,8.190132e-09,SORBI_3001G187800,0.647396
13S-HOTrE,LIN,individual,1:16736695,1,16736695,8.190132e-09,SORBI_3001G189200,0.645038
13S-HOTrE,LIN,individual,1:16736695,1,16736695,8.190132e-09,SORBI_3001G188700,0.643191
13S-HOTrE,LIN,individual,1:16736695,1,16736695,8.190132e-09,SORBI_3001G188700,0.641213
13S-HOTrE,LIN,individual,1:16736695,1,16736695,8.190132e-09,SORBI_3001G188700,0.640437
13S-HOTrE,LIN,individual,1:16736695,1,16736695,8.190132e-09,SORBI_3001G187800,0.639935
13S-HOTrE,LIN,individual,1:16736695,1,16736695,8.190132e-09,SORBI_3001G189000,0.63867
13S-HOTrE,LIN,individual,1:16736695,1,16736695,8.190132e-09,SORBI_3001G187800,0.637452
13S-HOTrE,LIN,individual,1:16736695,1,16736695,8.190132e-09,SORBI_3001G189200,0.637334
13S-HOTrE,LIN,individual,1:16736695,1,16736695,8.190132e-09,SORBI_3001G189200,0.636301
13S-HOTrE,LIN,individual,1:16736695,1,16736695,8.190132e-09,SORBI_3001G189300,0.636301
13S-HOTrE,LIN,individual,1:16736695,1,16736695,8.190132e-09,SORBI_3001G188700,0.636006
13S-HOTrE,LIN,individual,1:16736695,1,16736695,8.190132e-09,SORBI_3001G187500,0.631065
13S-HOTrE,LIN,individual,1:16736695,1,16736695,8.190132e-09,SORBI_3001G188700,0.629531
13S-HOTrE,LIN,individual,1:16736695,1,16736695,8.190132e-09,SORBI_3001G188700,0.628737
13S-HOTrE,LIN,individual,1:16736695,1,16736695,8.190132e-09,SORBI_3001G189200,0.628248
13S-HOTrE,LIN,individual,1:16736695,1,16736695,8.190132e-09,SORBI_3001G188700,0.628077
13S-HOTrE,LIN,individual,1:16736695,1,16736695,8.190132e-09,SORBI_3001G189300,0.627764
13S-HOTrE,LIN,individual,1:16736695,1,16736695,8.190132e-09,SORBI_3001G188700,0.627546
13S-HOTrE,LIN,individual,1:16736695,1,16736695,8.190132e-09,SORBI_3001G188700,0.624288
13S-HOTrE,LIN,individual,1:16736695,1,16736695,8.190132e-09,SORBI_3001G189200,0.619634
13S-HOTrE,LIN,individual,1:16736695,1,16736695,8.190132e-09,SORBI_3001G187700,0.619408
13S-HOTrE,LIN,individual,1:16736695,1,16736695,8.190132e-09,SORBI_3001G189200,0.619331
13S-HOTrE,LIN,individual,1:16736695,1,16736695,8.190132e-09,SORBI_3001G188700,0.617058
13S-HOTrE,LIN,individual,1:16736695,1,16736695,8.190132e-09,SORBI_3001G188700,0.616383
13S-HOTrE,LIN,individual,1:16736695,1,16736695,8.190132e-09,SORBI_3001G188700,0.615839
13S-HOTrE,LIN,individual,1:16736695,1,16736695,8.190132e-09,SORBI_3001G188700,0.615758
13S-HOTrE,LIN,individual,1:16736695,1,16736695,8.190132e-09,SORBI_3001G188700,0.611542
13S-HOTrE,LIN,individual,1:16736695,1,16736695,8.190132e-09,SORBI_3001G189100,0.611416
13S-HOTrE,LIN,individual,1:16736695,1,16736695,8.190132e-09,SORBI_3001G189200,0.611416
13S-HOTrE,LIN,individual,1:16736695,1,16736695,8.190132e-09,SORBI_3001G188700,0.610974
13S-HOTrE,LIN,individual,1:16736695,1,16736695,8.190132e-09,SORBI_3001G189000,0.610269
13S-HOTrE,LIN,individual,1:16736695,1,16736695,8.190132e-09,SORBI_3001G189000,0.609707
13S-HOTrE,LIN,individual,1:16736695,1,16736695,8.190132e-09,SORBI_3001G187800,0.608375
13S-HOTrE,LIN,individual,1:16736695,1,16736695,8.190132e-09,SORBI_3001G189000,0.606004
13S-HOTrE,LIN,individual,1:16736695,1,16736695,8.190132e-09,SORBI_3001G189000,0.60588
13S-HOTrE,LIN,individual,1:16736695,1,16736695,8.190132e-09,SORBI_3001G188700,0.604711
13S-HOTrE,LIN,individual,1:16736695,1,16736695,8.190132e-09,SORBI_3001G188700,0.604153
13S-HOTrE,LIN,individual,1:16736695,1,16736695,8.190132e-09,SORBI_3001G189300,0.604036
13S-HOTrE,LIN,individual,1:16736695,1,16736695,8.190132e-09,SORBI_3001G189000,0.603768
13S-HOTrE,LIN,individual,1:16736695,1,16736695,8.190132e-09,SORBI_3001G189100,0.603768
13S-HOTrE,LIN,individual,1:16736695,1,16736695,8.190132e-09,SORBI_3001G189200,0.603768
13S-HOTrE,LIN,individual,1:16736695,1,16736695,8.190132e-09,SORBI_3001G189000,0.603378
13S-HOTrE,LIN,individual,1:16736695,1,16736695,8.190132e-09,SORBI_3001G189100,0.602708
13S-HOTrE,LIN,individual,1:16736695,1,16736695,8.190132e-09,SORBI_3001G189200,0.602708
13S-HOTrE,LIN,individual,1:16736695,1,16736695,8.190132e-09,SORBI_3001G189000,0.595334
13S-HOTrE,LIN,individual,1:16736695,1,16736695,8.190132e-09,SORBI_3001G189100,0.595334
13S-HOTrE,LIN,individual,1:16736695,1,16736695,8.190132e-09,SORBI_3001G189200,0.595334
13S-HOTrE,LIN,individual,1:16736695,1,16736695,8.190132e-09,SORBI_3001G189000,0.594699
13S-HOTrE,LIN,individual,1:16736695,1,16736695,8.190132e-09,SORBI_3001G189100,0.594699
13S-HOTrE,LIN,individual,1:16736695,1,16736695,8.190132e-09,SORBI_3001G189200,0.594699
13S-HOTrE,LIN,individual,1:16736695,1,16736695,8.190132e-09,SORBI_3001G189000,0.594217
13S-HOTrE,LIN,individual,1:16736695,1,16736695,8.190132e-09,SORBI_3001G189000,0.593775
13S-HOTrE,LIN,individual,1:16736695,1,16736695,8.190132e-09,SORBI_3001G188700,0.59306
13S-HOTrE,LIN,individual,1:16736695,1,16736695,8.190132e-09,SORBI_3001G188700,0.592488
13S-HOTrE,LIN,individual,1:16736695,1,16736695,8.190132e-09,SORBI_3001G187800,0.59172
13S-HOTrE,LIN,individual,1:16736695,1,16736695,8.190132e-09,SORBI_3001G188700,0.588646
13S-HOTrE,LIN,individual,1:16736695,1,16736695,8.190132e-09,SORBI_3001G188700,0.588161
13S-HOTrE,LIN,individual,1:16736695,1,16736695,8.190132e-09,SORBI_3001G188900,0.58608
13S-HOTrE,LIN,individual,1:16736695,1,16736695,8.190132e-09,SORBI_3001G189000,0.58608
13S-HOTrE,LIN,individual,1:16736695,1,16736695,8.190132e-09,SORBI_3001G189200,0.58608
13S-HOTrE,LIN,individual,1:16736695,1,16736695,8.190132e-09,SORBI_3001G189000,0.585803
13S-HOTrE,LIN,individual,1:16736695,1,16736695,8.190132e-09,SORBI_3001G189000,0.585329
13S-HOTrE,LIN,individual,1:16736695,1,16736695,8.190132e-09,SORBI_3001G189000,0.585179
13S-HOTrE,LIN,individual,1:16736695,1,16736695,8.190132e-09,SORBI_3001G189000,0.584722
13S-HOTrE,LIN,individual,1:16736695,1,16736695,8.190132e-09,SORBI_3001G189000,0.583115
13S-HOTrE,LIN,individual,1:16736695,1,16736695,8.190132e-09,SORBI_3001G188400,0.579208
13S-HOTrE,LIN,individual,1:16736695,1,16736695,8.190132e-09,SORBI_3001G188500,0.579208
13S-HOTrE,LIN,individual,1:16736695,1,16736695,8.190132e-09,SORBI_3001G188700,0.579208
13S-HOTrE,LIN,individual,1:16736695,1,16736695,8.190132e-09,SORBI_3001G188900,0.579208
13S-HOTrE,LIN,individual,1:16736695,1,16736695,8.190132e-09,SORBI_3001G189000,0.577617
13S-HOTrE,LIN,individual,1:16736695,1,16736695,8.190132e-09,SORBI_3001G188500,0.576986
13S-HOTrE,LIN,individual,1:16736695,1,16736695,8.190132e-09,SORBI_3001G189100,0.576986
13S-HOTrE,LIN,individual,1:16736695,1,16736695,8.190132e-09,SORBI_3001G189000,0.576186
13S-HOTrE,LIN,individual,1:16736695,1,16736695,8.190132e-09,SORBI_3001G188400,0.572984
13S-HOTrE,LIN,individual,1:16736695,1,16736695,8.190132e-09,SORBI_3001G188500,0.572984
13S-HOTrE,LIN,individual,1:16736695,1,16736695,8.190132e-09,SORBI_3001G188600,0.572984
13S-HOTrE,LIN,individual,1:16736695,1,16736695,8.190132e-09,SORBI_3001G188700,0.572984
13S-HOTrE,LIN,individual,1:16736695,1,16736695,8.190132e-09,SORBI_3001G188900,0.572984
13S-HOTrE,LIN,individual,1:16736695,1,16736695,8.190132e-09,SORBI_3001G189000,0.57143
13S-HOTrE,LIN,individual,1:16736695,1,16736695,8.190132e-09,SORBI_3001G188900,0.571168
13S-HOTrE,LIN,individual,1:16736695,1,16736695,8.190132e-09,SORBI_3001G188400,0.569799
13S-HOTrE,LIN,individual,1:16736695,1,16736695,8.190132e-09,SORBI_3001G188500,0.569799
13S-HOTrE,LIN,individual,1:16736695,1,16736695,8.190132e-09,SORBI_3001G188700,0.569799
13S-HOTrE,LIN,individual,1:16736695,1,16736695,8.190132e-09,SORBI_3001G188900,0.569799
13S-HOTrE,LIN,individual,1:16736695,1,16736695,8.190132e-09,SORBI_3001G188700,0.569223
13S-HOTrE,LIN,individual,1:16736695,1,16736695,8.190132e-09,SORBI_3001G188400,0.565275
13S-HOTrE,LIN,individual,1:16736695,1,16736695,8.190132e-09,SORBI_3001G188500,0.565275
13S-HOTrE,LIN,individual,1:16736695,1,16736695,8.190132e-09,SORBI_3001G188800,0.565275
13S-HOTrE,LIN,individual,1:16736695,1,16736695,8.190132e-09,SORBI_3001G188900,0.565275
13S-HOTrE,LIN,individual,1:16736695,1,16736695,8.190132e-09,SORBI_3001G188400,0.563304
13S-HOTrE,LIN,individual,1:16736695,1,16736695,8.190132e-09,SORBI_3001G188500,0.563304
13S-HOTrE,LIN,individual,1:16736695,1,16736695,8.190132e-09,SORBI_3001G188600,0.563304
13S-HOTrE,LIN,individual,1:16736695,1,16736695,8.190132e-09,SORBI_3001G188700,0.563304
13S-HOTrE,LIN,individual,1:16736695,1,16736695,8.190132e-09,SORBI_3001G188900,0.563304
13S-HOTrE,LIN,individual,1:16736695,1,16736695,8.190132e-09,SORBI_3001G189000,0.563304
13S-HOTrE,LIN,individual,1:16736695,1,16736695,8.190132e-09,SORBI_3001G188800,0.563243
13S-HOTrE,LIN,individual,1:16736695,1,16736695,8.190132e-09,SORBI_3001G188900,0.561596
13S-HOTrE,LIN,individual,1:16736695,1,16736695,8.190132e-09,SORBI_3001G188700,0.56154
13S-HOTrE,LIN,individual,1:16736695,1,16736695,8.190132e-09,SORBI_3001G188400,0.560535
13S-HOTrE,LIN,individual,1:16736695,1,16736695,8.190132e-09,SORBI_3001G188500,0.560535
13S-HOTrE,LIN,individual,1:16736695,1,16736695,8.190132e-09,SORBI_3001G188800,0.560535
13S-HOTrE,LIN,individual,1:16736695,1,16736695,8.190132e-09,SORBI_3001G188900,0.560535
13S-HOTrE,LIN,individual,1:16736695,1,16736695,8.190132e-09,SORBI_3001G189000,0.560535
13S-HOTrE,LIN,individual,1:16736695,1,16736695,8.190132e-09,SORBI_3001G188800,0.559312
13S-HOTrE,LIN,individual,1:16736695,1,16736695,8.190132e-09,SORBI_3001G188400,0.555452
13S-HOTrE,LIN,individual,1:16736695,1,16736695,8.190132e-09,SORBI_3001G188900,0.555452
13S-HOTrE,LIN,individual,1:16736695,1,16736695,8.190132e-09,SORBI_3001G188400,0.553747
13S-HOTrE,LIN,individual,1:16736695,1,16736695,8.190132e-09,SORBI_3001G188500,0.553747
13S-HOTrE,LIN,individual,1:16736695,1,16736695,8.190132e-09,SORBI_3001G188900,0.553747
13S-HOTrE,LIN,individual,1:16736695,1,16736695,8.190132e-09,SORBI_3001G188500,0.552157
13S-HOTrE,LIN,individual,1:16736695,1,16736695,8.190132e-09,SORBI_3001G188500,0.551433
13S-HOTrE,LIN,individual,1:16736695,1,16736695,8.190132e-09,SORBI_3001G189000,0.551433
13S-HOTrE,LIN,individual,1:16736695,1,16736695,8.190132e-09,SORBI_3001G188900,0.550387
13S-HOTrE,LIN,individual,1:16736695,1,16736695,8.190132e-09,SORBI_3001G188700,0.548243
13S-HOTrE,LIN,individual,1:16736695,1,16736695,8.190132e-09,SORBI_3001G188400,0.547787
13S-HOTrE,LIN,individual,1:16736695,1,16736695,8.190132e-09,SORBI_3001G188400,0.54574
13S-HOTrE,LIN,individual,1:16736695,1,16736695,8.190132e-09,SORBI_3001G188900,0.54488
13S-HOTrE,LIN,individual,1:16736695,1,16736695,8.190132e-09,SORBI_3001G188500,0.544323
13S-HOTrE,LIN,individual,1:16736695,1,16736695,8.190132e-09,SORBI_3001G188900,0.544323
13S-HOTrE,LIN,individual,1:16736695,1,16736695,8.190132e-09,SORBI_3001G188400,0.542864
13S-HOTrE,LIN,individual,1:16736695,1,16736695,8.190132e-09,SORBI_3001G188500,0.539983
13S-HOTrE,LIN,individual,1:16736695,1,16736695,8.190132e-09,SORBI_3001G188900,0.539983
13S-HOTrE,LIN,individual,1:16736695,1,16736695,8.190132e-09,SORBI_3001G187600,0.53957
13S-HOTrE,LIN,individual,1:16736695,1,16736695,8.190132e-09,SORBI_3001G188900,0.537804
13S-HOTrE,LIN,individual,1:16736695,1,16736695,8.190132e-09,SORBI_3001G188900,0.536151
13S-HOTrE,LIN,individual,1:16736695,1,16736695,8.190132e-09,SORBI_3001G188900,0.535047
13S-HOTrE,LIN,individual,1:16736695,1,16736695,8.190132e-09,SORBI_3001G187600,0.534637
13S-HOTrE,LIN,individual,1:16736695,1,16736695,8.190132e-09,SORBI_3001G188800,0.529762
13S-HOTrE,LIN,individual,1:16736695,1,16736695,8.190132e-09,SORBI_3001G191500,0.52779
13S-HOTrE,LIN,individual,1:16736695,1,16736695,8.190132e-09,SORBI_3001G187600,0.527677
13S-HOTrE,LIN,individual,1:16736695,1,16736695,8.190132e-09,SORBI_3001G187700,0.527677
13S-HOTrE,LIN,individual,1:16736695,1,16736695,8.190132e-09,SORBI_3001G188900,0.527549
13S-HOTrE,LIN,individual,1:16736695,1,16736695,8.190132e-09,SORBI_3001G188900,0.525771
13S-HOTrE,LIN,individual,1:16736695,1,16736695,8.190132e-09,SORBI_3001G187600,0.524121
13S-HOTrE,LIN,individual,1:16736695,1,16736695,8.190132e-09,SORBI_3001G187600,0.52171
13S-HOTrE,LIN,individual,1:16736695,1,16736695,8.190132e-09,SORBI_3001G187600,0.52157
13S-HOTrE,LIN,individual,1:16736695,1,16736695,8.190132e-09,SORBI_3001G187700,0.520333
13S-HOTrE,LIN,individual,1:16736695,1,16736695,8.190132e-09,SORBI_3001G188400,0.51912
13S-HOTrE,LIN,individual,1:16736695,1,16736695,8.190132e-09,SORBI_3001G187600,0.516982
13S-HOTrE,LIN,individual,1:16736695,1,16736695,8.190132e-09,SORBI_3001G187600,0.516928
13S-HOTrE,LIN,individual,1:16736695,1,16736695,8.190132e-09,SORBI_3001G187700,0.516928
13S-HOTrE,LIN,individual,1:16736695,1,16736695,8.190132e-09,SORBI_3001G190900,0.515584
13S-HOTrE,LIN,individual,1:16736695,1,16736695,8.190132e-09,SORBI_3001G190900,0.515448
13S-HOTrE,LIN,individual,1:16736695,1,16736695,8.190132e-09,SORBI_3001G188400,0.512766
13S-HOTrE,LIN,individual,1:16736695,1,16736695,8.190132e-09,SORBI_3001G188100,0.512602
13S-HOTrE,LIN,individual,1:16736695,1,16736695,8.190132e-09,SORBI_3001G187600,0.510185
13S-HOTrE,LIN,individual,1:16736695,1,16736695,8.190132e-09,SORBI_3001G187600,0.506223
13S-HOTrE,LIN,individual,1:16736695,1,16736695,8.190132e-09,SORBI_3001G188100,0.502023
13S-HOTrE,LIN,individual,1:16736695,1,16736695,8.190132e-09,SORBI_3001G191200,0.49974
13S-HOTrE,LIN,individual,1:16736695,1,16736695,8.190132e-09,SORBI_3001G190900,0.499666
13S-HOTrE,LIN,individual,1:16736695,1,16736695,8.190132e-09,SORBI_3001G187600,0.49934
13S-HOTrE,LIN,individual,1:16736695,1,16736695,8.190132e-09,SORBI_3001G187800,0.49854
13S-HOTrE,LIN,individual,1:16736695,1,16736695,8.190132e-09,SORBI_3001G188000,0.49854
13S-HOTrE,LIN,individual,1:16736695,1,16736695,8.190132e-09,SORBI_3001G188100,0.49854
13S-HOTrE,LIN,individual,1:16736695,1,16736695,8.190132e-09,SORBI_3001G187600,0.495566
13S-HOTrE,LIN,individual,1:16736695,1,16736695,8.190132e-09,SORBI_3001G188100,0.495566
13S-HOTrE,LIN,individual,1:16736695,1,16736695,8.190132e-09,SORBI_3001G187800,0.49553
13S-HOTrE,LIN,individual,1:16736695,1,16736695,8.190132e-09,SORBI_3001G187700,0.495424
13S-HOTrE,LIN,individual,1:16736695,1,16736695,8.190132e-09,SORBI_3001G187800,0.495424
13S-HOTrE,LIN,individual,1:16736695,1,16736695,8.190132e-09,SORBI_3001G187900,0.495424
13S-HOTrE,LIN,individual,1:16736695,1,16736695,8.190132e-09,SORBI_3001G188000,0.495424
13S-HOTrE,LIN,individual,1:16736695,1,16736695,8.190132e-09,SORBI_3001G188100,0.495424
13S-HOTrE,LIN,individual,1:16736695,1,16736695,8.190132e-09,SORBI_3001G190700,0.494417
13S-HOTrE,LIN,individual,1:16736695,1,16736695,8.190132e-09,SORBI_3001G190900,0.494097
13S-HOTrE,LIN,individual,1:16736695,1,16736695,8.190132e-09,SORBI_3001G187800,0.492307
13S-HOTrE,LIN,individual,1:16736695,1,16736695,8.190132e-09,SORBI_3001G187800,0.4915
13S-HOTrE,LIN,individual,1:16736695,1,16736695,8.190132e-09,SORBI_3001G190700,0.491435
13S-HOTrE,LIN,individual,1:16736695,1,16736695,8.190132e-09,SORBI_3001G187800,0.489398
13S-HOTrE,LIN,individual,1:16736695,1,16736695,8.190132e-09,SORBI_3001G187900,0.489398
13S-HOTrE,LIN,individual,1:16736695,1,16736695,8.190132e-09,SORBI_3001G190900,0.488676
13S-HOTrE,LIN,individual,1:16736695,1,16736695,8.190132e-09,SORBI_3001G187800,0.487895
13S-HOTrE,LIN,individual,1:16736695,1,16736695,8.190132e-09,SORBI_3001G187900,0.487895
13S-HOTrE,LIN,individual,1:16736695,1,16736695,8.190132e-09,SORBI_3001G188100,0.487895
13S-HOTrE,LIN,individual,1:16736695,1,16736695,8.190132e-09,SORBI_3001G190700,0.486481
13S-HOTrE,LIN,individual,1:16736695,1,16736695,8.190132e-09,SORBI_3001G187700,0.485486
13S-HOTrE,LIN,individual,1:16736695,1,16736695,8.190132e-09,SORBI_3001G187800,0.48522
13S-HOTrE,LIN,individual,1:16736695,1,16736695,8.190132e-09,SORBI_3001G187800,0.484674
13S-HOTrE,LIN,individual,1:16736695,1,16736695,8.190132e-09,SORBI_3001G187900,0.484674
13S-HOTrE,LIN,individual,1:16736695,1,16736695,8.190132e-09,SORBI_3001G188000,0.484674
13S-HOTrE,LIN,individual,1:16736695,1,16736695,8.190132e-09,SORBI_3001G188100,0.484674
13S-HOTrE,LIN,individual,1:16736695,1,16736695,8.190132e-09,SORBI_3001G187800,0.484518
13S-HOTrE,LIN,individual,1:16736695,1,16736695,8.190132e-09,SORBI_3001G187800,0.481588
13S-HOTrE,LIN,individual,1:16736695,1,16736695,8.190132e-09,SORBI_3001G187600,0.481476
13S-HOTrE,LIN,individual,1:16736695,1,16736695,8.190132e-09,SORBI_3001G187800,0.478585
13S-HOTrE,LIN,individual,1:16736695,1,16736695,8.190132e-09,SORBI_3001G187900,0.478585
13S-HOTrE,LIN,individual,1:16736695,1,16736695,8.190132e-09,SORBI_3001G188000,0.478585
13S-HOTrE,LIN,individual,1:16736695,1,16736695,8.190132e-09,SORBI_3001G187800,0.477299
13S-HOTrE,LIN,individual,1:16736695,1,16736695,8.190132e-09,SORBI_3001G188000,0.477299
13S-HOTrE,LIN,individual,1:16736695,1,16736695,8.190132e-09,SORBI_3001G190700,0.475145
13S-HOTrE,LIN,individual,1:16736695,1,16736695,8.190132e-09,SORBI_3001G187700,0.474107
13S-HOTrE,LIN,individual,1:16736695,1,16736695,8.190132e-09,SORBI_3001G187800,0.473967
13S-HOTrE,LIN,individual,1:16736695,1,16736695,8.190132e-09,SORBI_3001G188100,0.473967
13S-HOTrE,LIN,individual,1:16736695,1,16736695,8.190132e-09,SORBI_3001G190700,0.473243
13S-HOTrE,LIN,individual,1:16736695,1,16736695,8.190132e-09,SORBI_3001G187800,0.469778
13S-HOTrE,LIN,individual,1:16736695,1,16736695,8.190132e-09,SORBI_3001G187800,0.467811
13S-HOTrE,LIN,individual,1:16736695,1,16736695,8.190132e-09,SORBI_3001G190600,0.466727
13S-HOTrE,LIN,individual,1:16736695,1,16736695,8.190132e-09,SORBI_3001G188000,0.463306
13S-HOTrE,LIN,individual,1:16736695,1,16736695,8.190132e-09,SORBI_3001G187500,0.459617
13S-HOTrE,LIN,individual,1:16736695,1,16736695,8.190132e-09,SORBI_3001G187800,0.459292
13S-HOTrE,LIN,individual,1:16736695,1,16736695,8.190132e-09,SORBI_3001G191200,0.457529
13S-HOTrE,LIN,individual,1:16736695,1,16736695,8.190132e-09,SORBI_3001G191400,0.457529
13S-HOTrE,LIN,individual,1:16736695,1,16736695,8.190132e-09,SORBI_3001G191500,0.457529
13S-HOTrE,LIN,individual,1:16736695,1,16736695,8.190132e-09,SORBI_3001G191200,0.457203
13S-HOTrE,LIN,individual,1:16736695,1,16736695,8.190132e-09,SORBI_3001G187800,0.457078
13S-HOTrE,LIN,individual,1:16736695,1,16736695,8.190132e-09,SORBI_3001G187700,0.456428
13S-HOTrE,LIN,individual,1:16736695,1,16736695,8.190132e-09,SORBI_3001G190700,0.452718
13S-HOTrE,LIN,individual,1:16736695,1,16736695,8.190132e-09,SORBI_3001G191500,0.446718
13S-HOTrE,LIN,individual,1:16736695,1,16736695,8.190132e-09,SORBI_3001G191200,0.446306
13S-HOTrE,LIN,individual,1:16736695,1,16736695,8.190132e-09,SORBI_3001G189100,0.443011
13S-HOTrE,LIN,individual,1:16736695,1,16736695,8.190132e-09,SORBI_3001G190500,0.442656
13S-HOTrE,LIN,individual,1:16736695,1,16736695,8.190132e-09,SORBI_3001G188100,0.437023
13S-HOTrE,LIN,individual,1:16736695,1,16736695,8.190132e-09,SORBI_3001G191200,0.436599
13S-HOTrE,LIN,individual,1:16736695,1,16736695,8.190132e-09,SORBI_3001G191200,0.436255
13S-HOTrE,LIN,individual,1:16736695,1,16736695,8.190132e-09,SORBI_3001G191400,0.435944
13S-HOTrE,LIN,individual,1:16736695,1,16736695,8.190132e-09,SORBI_3001G187700,0.435656
13S-HOTrE,LIN,individual,1:16736695,1,16736695,8.190132e-09,SORBI_3001G188100,0.435656
13S-HOTrE,LIN,individual,1:16736695,1,16736695,8.190132e-09,SORBI_3001G187700,0.434504
13S-HOTrE,LIN,individual,1:16736695,1,16736695,8.190132e-09,SORBI_3001G188100,0.43334
13S-HOTrE,LIN,individual,1:16736695,1,16736695,8.190132e-09,SORBI_3001G188100,0.431896
13S-HOTrE,LIN,individual,1:16736695,1,16736695,8.190132e-09,SORBI_3001G187700,0.430757
13S-HOTrE,LIN,individual,1:16736695,1,16736695,8.190132e-09,SORBI_3001G189000,0.42667
13S-HOTrE,LIN,individual,1:16736695,1,16736695,8.190132e-09,SORBI_3001G187400,0.426316
13S-HOTrE,LIN,individual,1:16736695,1,16736695,8.190132e-09,SORBI_3001G191200,0.425636
13S-HOTrE,LIN,individual,1:16736695,1,16736695,8.190132e-09,SORBI_3001G191200,0.425203
13S-HOTrE,LIN,individual,1:16736695,1,16736695,8.190132e-09,SORBI_3001G191200,0.420223
13S-HOTrE,LIN,individual,1:16736695,1,16736695,8.190132e-09,SORBI_3001G188100,0.419552
13S-HOTrE,LIN,individual,1:16736695,1,16736695,8.190132e-09,SORBI_3001G191200,0.419224
13S-HOTrE,LIN,individual,1:16736695,1,16736695,8.190132e-09,SORBI_3001G190500,0.417602
13S-HOTrE,LIN,individual,1:16736695,1,16736695,8.190132e-09,SORBI_3001G190200,0.415178
13S-HOTrE,LIN,individual,1:16736695,1,16736695,8.190132e-09,SORBI_3001G191200,0.4147
13S-HOTrE,LIN,individual,1:16736695,1,16736695,8.190132e-09,SORBI_3001G189200,0.409401
13S-HOTrE,LIN,individual,1:16736695,1,16736695,8.190132e-09,SORBI_3001G187800,0.409117
13S-HOTrE,LIN,individual,1:16736695,1,16736695,8.190132e-09,SORBI_3001G189200,0.405119
13S-HOTrE,LIN,individual,1:16736695,1,16736695,8.190132e-09,SORBI_3001G191200,0.403791
13S-HOTrE,LIN,individual,1:16736695,1,16736695,8.190132e-09,SORBI_3001G190400,0.402559
13S-HOTrE,LIN,individual,7:63347758,7,63347758,8.202114e-09,SORBI_3007G202600,0.865691
13S-HOTrE,LIN,individual,7:63347784,7,63347784,8.202114e-09,SORBI_3007G202600,0.865691
13S-HOTrE,LIN,individual,7:63347758,7,63347758,8.202114e-09,SORBI_3007G201900,0.521523
13S-HOTrE,LIN,individual,7:63347784,7,63347784,8.202114e-09,SORBI_3007G201900,0.521523
13S-HOTrE,LIN,individual,7:63347758,7,63347758,8.202114e-09,SORBI_3007G202360,0.479722
13S-HOTrE,LIN,individual,7:63347784,7,63347784,8.202114e-09,SORBI_3007G202360,0.479722
13S-HOTrE,LIN,individual,7:63347758,7,63347758,8.202114e-09,SORBI_3007G202100,0.439673
13S-HOTrE,LIN,individual,7:63347784,7,63347784,8.202114e-09,SORBI_3007G202100,0.439673
13S-HOTrE,LIN,individual,7:63347758,7,63347758,8.202114e-09,SORBI_3007G201900,0.438295
13S-HOTrE,LIN,individual,7:63347758,7,63347758,8.202114e-09,SORBI_3007G202100,0.438295
13S-HOTrE,LIN,individual,7:63347784,7,63347784,8.202114e-09,SORBI_3007G201900,0.438295
13S-HOTrE,LIN,individual,7:63347784,7,63347784,8.202114e-09,SORBI_3007G202100,0.438295
13S-HOTrE,LIN,individual,7:63347758,7,63347758,8.202114e-09,SORBI_3007G202300,0.438157
13S-HOTrE,LIN,individual,7:63347784,7,63347784,8.202114e-09,SORBI_3007G202300,0.438157
13S-HOTrE,LIN,individual,7:63347758,7,63347758,8.202114e-09,SORBI_3007G202000,0.432611
13S-HOTrE,LIN,individual,7:63347784,7,63347784,8.202114e-09,SORBI_3007G202000,0.432611
13S-HOTrE,LIN,individual,7:63347758,7,63347758,8.202114e-09,SORBI_3007G202100,0.42724
13S-HOTrE,LIN,individual,7:63347784,7,63347784,8.202114e-09,SORBI_3007G202100,0.42724
13S-HOTrE,LIN,individual,7:63347758,7,63347758,8.202114e-09,SORBI_3007G201900,0.423002
13S-HOTrE,LIN,individual,7:63347784,7,63347784,8.202114e-09,SORBI_3007G201900,0.423002
13S-HOTrE,LIN,individual,7:63347758,7,63347758,8.202114e-09,SORBI_3007G202300,0.407737
13S-HOTrE,LIN,individual,7:63347784,7,63347784,8.202114e-09,SORBI_3007G202300,0.407737
