trait,condition,layer,SNP,chr,ps,p_wald,gene,r2
Sum_FA_over_PA_log10safe,LIN,sumratio,4:541907,4,541907,7.639605e-10,SORBI_3004G006400,1
Sum_FA_over_PA_log10safe,LIN,sumratio,4:541907,4,541907,7.639605e-10,SORBI_3004G006400,1
Sum_FA_over_PA_log10safe,LIN,sumratio,4:541907,4,541907,7.639605e-10,SORBI_3004G007500,0.793411
Sum_FA_over_PA_log10safe,LIN,sumratio,4:541907,4,541907,7.639605e-10,SORBI_3004G007133,0.785113
Sum_FA_over_PA_log10safe,LIN,sumratio,4:541907,4,541907,7.639605e-10,SORBI_3004G006600,0.767863
Sum_FA_over_PA_log10safe,LIN,sumratio,4:541907,4,541907,7.639605e-10,SORBI_3004G006700,0.767863
Sum_FA_over_PA_log10safe,LIN,sumratio,4:541907,4,541907,7.639605e-10,SORBI_3004G007200,0.763158
Sum_FA_over_PA_log10safe,LIN,sumratio,4:541907,4,541907,7.639605e-10,SORBI_3004G007100,0.759068
Sum_FA_over_PA_log10safe,LIN,sumratio,4:541907,4,541907,7.639605e-10,SORBI_3004G006900,0.747773
Sum_FA_over_PA_log10safe,LIN,sumratio,4:541907,4,541907,7.639605e-10,SORBI_3004G006966,0.747773
Sum_FA_over_PA_log10safe,LIN,sumratio,4:541907,4,541907,7.639605e-10,SORBI_3004G007200,0.733829
Sum_FA_over_PA_log10safe,LIN,sumratio,4:541907,4,541907,7.639605e-10,SORBI_3004G007200,0.730987
Sum_FA_over_PA_log10safe,LIN,sumratio,4:541907,4,541907,7.639605e-10,SORBI_3004G007300,0.729531
Sum_FA_over_PA_log10safe,LIN,sumratio,4:541907,4,541907,7.639605e-10,SORBI_3004G007032,0.729229
Sum_FA_over_PA_log10safe,LIN,sumratio,4:541907,4,541907,7.639605e-10,SORBI_3004G007200,0.726189
Sum_FA_over_PA_log10safe,LIN,sumratio,4:541907,4,541907,7.639605e-10,SORBI_3004G006800,0.720903
Sum_FA_over_PA_log10safe,LIN,sumratio,4:541907,4,541907,7.639605e-10,SORBI_3004G007100,0.720848
Sum_FA_over_PA_log10safe,LIN,sumratio,4:541907,4,541907,7.639605e-10,SORBI_3004G007200,0.719346
Sum_FA_over_PA_log10safe,LIN,sumratio,4:541907,4,541907,7.639605e-10,SORBI_3004G007133,0.715189
Sum_FA_over_PA_log10safe,LIN,sumratio,4:541907,4,541907,7.639605e-10,SORBI_3004G008400,0.703561
Sum_FA_over_PA_log10safe,LIN,sumratio,4:541907,4,541907,7.639605e-10,SORBI_3004G008500,0.703561
Sum_FA_over_PA_log10safe,LIN,sumratio,4:541907,4,541907,7.639605e-10,SORBI_3004G008500,0.70351
Sum_FA_over_PA_log10safe,LIN,sumratio,4:541907,4,541907,7.639605e-10,SORBI_3004G008500,0.703459
Sum_FA_over_PA_log10safe,LIN,sumratio,4:541907,4,541907,7.639605e-10,SORBI_3004G007400,0.695968
Sum_FA_over_PA_log10safe,LIN,sumratio,4:541907,4,541907,7.639605e-10,SORBI_3004G008500,0.684943
Sum_FA_over_PA_log10safe,LIN,sumratio,4:541907,4,541907,7.639605e-10,SORBI_3004G008800,0.674951
Sum_FA_over_PA_log10safe,LIN,sumratio,4:541907,4,541907,7.639605e-10,SORBI_3004G009100,0.674951
Sum_FA_over_PA_log10safe,LIN,sumratio,4:541907,4,541907,7.639605e-10,SORBI_3004G008900,0.67478
Sum_FA_over_PA_log10safe,LIN,sumratio,4:541907,4,541907,7.639605e-10,SORBI_3004G008800,0.667893
Sum_FA_over_PA_log10safe,LIN,sumratio,4:541907,4,541907,7.639605e-10,SORBI_3004G007200,0.661862
Sum_FA_over_PA_log10safe,LIN,sumratio,4:541907,4,541907,7.639605e-10,SORBI_3004G008800,0.660971
Sum_FA_over_PA_log10safe,LIN,sumratio,4:541907,4,541907,7.639605e-10,SORBI_3004G008500,0.656515
Sum_FA_over_PA_log10safe,LIN,sumratio,4:541907,4,541907,7.639605e-10,SORBI_3004G009000,0.656515
Sum_FA_over_PA_log10safe,LIN,sumratio,4:541907,4,541907,7.639605e-10,SORBI_3004G008500,0.649505
Sum_FA_over_PA_log10safe,LIN,sumratio,4:541907,4,541907,7.639605e-10,SORBI_3004G008300,0.647918
Sum_FA_over_PA_log10safe,LIN,sumratio,4:541907,4,541907,7.639605e-10,SORBI_3004G008900,0.641012
Sum_FA_over_PA_log10safe,LIN,sumratio,4:541907,4,541907,7.639605e-10,SORBI_3004G008900,0.640954
Sum_FA_over_PA_log10safe,LIN,sumratio,4:541907,4,541907,7.639605e-10,SORBI_3004G008900,0.631166
Sum_FA_over_PA_log10safe,LIN,sumratio,4:541907,4,541907,7.639605e-10,SORBI_3004G008900,0.629966
Sum_FA_over_PA_log10safe,LIN,sumratio,4:541907,4,541907,7.639605e-10,SORBI_3004G008900,0.629907
Sum_FA_over_PA_log10safe,LIN,sumratio,4:541907,4,541907,7.639605e-10,SORBI_3004G005300,0.623982
Sum_FA_over_PA_log10safe,LIN,sumratio,4:541907,4,541907,7.639605e-10,SORBI_3004G008900,0.619546
Sum_FA_over_PA_log10safe,LIN,sumratio,4:541907,4,541907,7.639605e-10,SORBI_3004G008900,0.619045
Sum_FA_over_PA_log10safe,LIN,sumratio,4:541907,4,541907,7.639605e-10,SORBI_3004G008900,0.608223
Sum_FA_over_PA_log10safe,LIN,sumratio,4:541907,4,541907,7.639605e-10,SORBI_3004G008900,0.608158
Sum_FA_over_PA_log10safe,LIN,sumratio,4:541907,4,541907,7.639605e-10,SORBI_3004G008900,0.600496
Sum_FA_over_PA_log10safe,LIN,sumratio,4:541907,4,541907,7.639605e-10,SORBI_3004G008400,0.600473
Sum_FA_over_PA_log10safe,LIN,sumratio,4:541907,4,541907,7.639605e-10,SORBI_3004G007400,0.598971
Sum_FA_over_PA_log10safe,LIN,sumratio,4:541907,4,541907,7.639605e-10,SORBI_3004G006800,0.592804
Sum_FA_over_PA_log10safe,LIN,sumratio,4:541907,4,541907,7.639605e-10,SORBI_3004G006800,0.588505
Sum_FA_over_PA_log10safe,LIN,sumratio,4:541907,4,541907,7.639605e-10,SORBI_3004G006900,0.585515
Sum_FA_over_PA_log10safe,LIN,sumratio,4:541907,4,541907,7.639605e-10,SORBI_3004G008900,0.578302
Sum_FA_over_PA_log10safe,LIN,sumratio,4:541907,4,541907,7.639605e-10,SORBI_3004G007400,0.568116
Sum_FA_over_PA_log10safe,LIN,sumratio,4:541907,4,541907,7.639605e-10,SORBI_3004G008900,0.566182
Sum_FA_over_PA_log10safe,LIN,sumratio,4:541907,4,541907,7.639605e-10,SORBI_3004G006900,0.559907
Sum_FA_over_PA_log10safe,LIN,sumratio,4:541907,4,541907,7.639605e-10,SORBI_3004G007400,0.553444
Sum_FA_over_PA_log10safe,LIN,sumratio,4:541907,4,541907,7.639605e-10,SORBI_3004G008900,0.551032
Sum_FA_over_PA_log10safe,LIN,sumratio,4:541907,4,541907,7.639605e-10,SORBI_3004G008900,0.547946
Sum_FA_over_PA_log10safe,LIN,sumratio,4:541907,4,541907,7.639605e-10,SORBI_3004G008900,0.545613
Sum_FA_over_PA_log10safe,LIN,sumratio,4:541907,4,541907,7.639605e-10,SORBI_3004G008900,0.542808
Sum_FA_over_PA_log10safe,LIN,sumratio,4:541907,4,541907,7.639605e-10,SORBI_3004G007400,0.541251
Sum_FA_over_PA_log10safe,LIN,sumratio,4:541907,4,541907,7.639605e-10,SORBI_3004G006800,0.539441
Sum_FA_over_PA_log10safe,LIN,sumratio,4:541907,4,541907,7.639605e-10,SORBI_3004G007800,0.539441
Sum_FA_over_PA_log10safe,LIN,sumratio,4:541907,4,541907,7.639605e-10,SORBI_3004G006900,0.534229
Sum_FA_over_PA_log10safe,LIN,sumratio,4:541907,4,541907,7.639605e-10,SORBI_3004G007800,0.529946
Sum_FA_over_PA_log10safe,LIN,sumratio,4:541907,4,541907,7.639605e-10,SORBI_3004G006800,0.529511
Sum_FA_over_PA_log10safe,LIN,sumratio,4:541907,4,541907,7.639605e-10,SORBI_3004G006800,0.527227
Sum_FA_over_PA_log10safe,LIN,sumratio,4:541907,4,541907,7.639605e-10,SORBI_3004G008900,0.527016
Sum_FA_over_PA_log10safe,LIN,sumratio,4:541907,4,541907,7.639605e-10,SORBI_3004G008900,0.526931
Sum_FA_over_PA_log10safe,LIN,sumratio,4:541907,4,541907,7.639605e-10,SORBI_3004G006800,0.525312
Sum_FA_over_PA_log10safe,LIN,sumratio,4:541907,4,541907,7.639605e-10,SORBI_3004G004800,0.525219
Sum_FA_over_PA_log10safe,LIN,sumratio,4:541907,4,541907,7.639605e-10,SORBI_3004G005300,0.525219
Sum_FA_over_PA_log10safe,LIN,sumratio,4:541907,4,541907,7.639605e-10,SORBI_3004G008400,0.524979
Sum_FA_over_PA_log10safe,LIN,sumratio,4:541907,4,541907,7.639605e-10,SORBI_3004G006800,0.520417
Sum_FA_over_PA_log10safe,LIN,sumratio,4:541907,4,541907,7.639605e-10,SORBI_3004G007800,0.517698
Sum_FA_over_PA_log10safe,LIN,sumratio,4:541907,4,541907,7.639605e-10,SORBI_3004G006800,0.516957
Sum_FA_over_PA_log10safe,LIN,sumratio,4:541907,4,541907,7.639605e-10,SORBI_3004G007800,0.516957
Sum_FA_over_PA_log10safe,LIN,sumratio,4:541907,4,541907,7.639605e-10,SORBI_3004G008800,0.51251
Sum_FA_over_PA_log10safe,LIN,sumratio,4:541907,4,541907,7.639605e-10,SORBI_3004G006800,0.509242
Sum_FA_over_PA_log10safe,LIN,sumratio,4:541907,4,541907,7.639605e-10,SORBI_3004G007400,0.508751
Sum_FA_over_PA_log10safe,LIN,sumratio,4:541907,4,541907,7.639605e-10,SORBI_3004G006800,0.508131
Sum_FA_over_PA_log10safe,LIN,sumratio,4:541907,4,541907,7.639605e-10,SORBI_3004G006500,0.505645
Sum_FA_over_PA_log10safe,LIN,sumratio,4:541907,4,541907,7.639605e-10,SORBI_3004G005700,0.498583
Sum_FA_over_PA_log10safe,LIN,sumratio,4:541907,4,541907,7.639605e-10,SORBI_3004G007400,0.494701
Sum_FA_over_PA_log10safe,LIN,sumratio,4:541907,4,541907,7.639605e-10,SORBI_3004G006500,0.491333
Sum_FA_over_PA_log10safe,LIN,sumratio,4:541907,4,541907,7.639605e-10,SORBI_3004G004800,0.487269
Sum_FA_over_PA_log10safe,LIN,sumratio,4:541907,4,541907,7.639605e-10,SORBI_3004G007400,0.482508
Sum_FA_over_PA_log10safe,LIN,sumratio,4:541907,4,541907,7.639605e-10,SORBI_3004G006500,0.478702
Sum_FA_over_PA_log10safe,LIN,sumratio,4:541907,4,541907,7.639605e-10,SORBI_3004G007400,0.472266
Sum_FA_over_PA_log10safe,LIN,sumratio,4:541907,4,541907,7.639605e-10,SORBI_3004G005300,0.469072
Sum_FA_over_PA_log10safe,LIN,sumratio,4:541907,4,541907,7.639605e-10,SORBI_3004G005700,0.461064
Sum_FA_over_PA_log10safe,LIN,sumratio,4:541907,4,541907,7.639605e-10,SORBI_3004G005300,0.45696
Sum_FA_over_PA_log10safe,LIN,sumratio,4:541907,4,541907,7.639605e-10,SORBI_3004G005300,0.456449
Sum_FA_over_PA_log10safe,LIN,sumratio,4:541907,4,541907,7.639605e-10,SORBI_3004G005300,0.447991
Sum_FA_over_PA_log10safe,LIN,sumratio,4:541907,4,541907,7.639605e-10,SORBI_3004G008800,0.44761
Sum_FA_over_PA_log10safe,LIN,sumratio,4:541907,4,541907,7.639605e-10,SORBI_3004G005300,0.44487
Sum_FA_over_PA_log10safe,LIN,sumratio,4:541907,4,541907,7.639605e-10,SORBI_3004G005300,0.44485
Sum_FA_over_PA_log10safe,LIN,sumratio,4:541907,4,541907,7.639605e-10,SORBI_3004G007400,0.436959
Sum_FA_over_PA_log10safe,LIN,sumratio,4:541907,4,541907,7.639605e-10,SORBI_3004G005200,0.436641
Sum_FA_over_PA_log10safe,LIN,sumratio,4:541907,4,541907,7.639605e-10,SORBI_3004G007600,0.436044
Sum_FA_over_PA_log10safe,LIN,sumratio,4:541907,4,541907,7.639605e-10,SORBI_3004G005300,0.435884
Sum_FA_over_PA_log10safe,LIN,sumratio,4:541907,4,541907,7.639605e-10,SORBI_3004G006500,0.430132
Sum_FA_over_PA_log10safe,LIN,sumratio,4:541907,4,541907,7.639605e-10,SORBI_3004G009100,0.429813
Sum_FA_over_PA_log10safe,LIN,sumratio,4:541907,4,541907,7.639605e-10,SORBI_3004G006500,0.427376
Sum_FA_over_PA_log10safe,LIN,sumratio,4:541907,4,541907,7.639605e-10,SORBI_3004G005300,0.426098
Sum_FA_over_PA_log10safe,LIN,sumratio,4:541907,4,541907,7.639605e-10,SORBI_3004G006500,0.421204
Sum_FA_over_PA_log10safe,LIN,sumratio,4:541907,4,541907,7.639605e-10,SORBI_3004G005200,0.421056
Sum_FA_over_PA_log10safe,LIN,sumratio,4:541907,4,541907,7.639605e-10,SORBI_3004G006500,0.419656
Sum_FA_over_PA_log10safe,LIN,sumratio,4:541907,4,541907,7.639605e-10,SORBI_3004G005300,0.418156
Sum_FA_over_PA_log10safe,LIN,sumratio,4:541907,4,541907,7.639605e-10,SORBI_3004G006500,0.415579
Sum_FA_over_PA_log10safe,LIN,sumratio,4:541907,4,541907,7.639605e-10,SORBI_3004G005300,0.414427
Sum_FA_over_PA_log10safe,LIN,sumratio,4:541907,4,541907,7.639605e-10,SORBI_3004G007600,0.41186
Sum_FA_over_PA_log10safe,LIN,sumratio,4:541907,4,541907,7.639605e-10,SORBI_3004G004800,0.411642
Sum_FA_over_PA_log10safe,LIN,sumratio,4:541907,4,541907,7.639605e-10,SORBI_3004G007133,0.411626
Sum_FA_over_PA_log10safe,LIN,sumratio,4:541907,4,541907,7.639605e-10,SORBI_3004G007600,0.408536
Sum_FA_over_PA_log10safe,LIN,sumratio,4:541907,4,541907,7.639605e-10,SORBI_3004G005300,0.408004
Sum_FA_over_PA_log10safe,LIN,sumratio,4:541907,4,541907,7.639605e-10,SORBI_3004G006500,0.407938
Sum_FA_over_PA_log10safe,LIN,sumratio,4:541907,4,541907,7.639605e-10,SORBI_3004G005300,0.407485
Sum_FA_over_PA_log10safe,LIN,sumratio,4:541907,4,541907,7.639605e-10,SORBI_3004G006500,0.406559
Sum_FA_over_PA_log10safe,LIN,sumratio,4:541907,4,541907,7.639605e-10,SORBI_3004G005300,0.402433
Sum_FA_over_PA_log10safe,LIN,sumratio,4:541907,4,541907,7.639605e-10,SORBI_3004G008400,0.401311
Sum_FA_over_PA_log10safe,LIN,sumratio,4:541907,4,541907,7.639605e-10,SORBI_3004G006500,0.400639
Sum_FA_over_PA_log10safe,LIN,sumratio,4:541907,4,541907,7.639605e-10,SORBI_3004G006500,0.400519
Sum_FA_over_PA_log10safe,LIN,sumratio,4:541907,4,541907,7.639605e-10,SORBI_3004G006900,0.40009
Sum_FA_over_PA_log10safe,LIN,sumratio,4:438596,4,438596,1.801795e-09,SORBI_3004G005300,0.719969
Sum_FA_over_PA_log10safe,LIN,sumratio,4:438599,4,438599,1.801795e-09,SORBI_3004G005300,0.719969
Sum_FA_over_PA_log10safe,LIN,sumratio,4:438596,4,438596,1.801795e-09,SORBI_3004G005200,0.68795
Sum_FA_over_PA_log10safe,LIN,sumratio,4:438599,4,438599,1.801795e-09,SORBI_3004G005200,0.68795
Sum_FA_over_PA_log10safe,LIN,sumratio,4:438596,4,438596,1.801795e-09,SORBI_3004G004800,0.625248
Sum_FA_over_PA_log10safe,LIN,sumratio,4:438599,4,438599,1.801795e-09,SORBI_3004G004800,0.625248
Sum_FA_over_PA_log10safe,LIN,sumratio,4:438596,4,438596,1.801795e-09,SORBI_3004G006400,0.592919
Sum_FA_over_PA_log10safe,LIN,sumratio,4:438599,4,438599,1.801795e-09,SORBI_3004G006400,0.592919
Sum_FA_over_PA_log10safe,LIN,sumratio,4:438596,4,438596,1.801795e-09,SORBI_3004G004800,0.591724
Sum_FA_over_PA_log10safe,LIN,sumratio,4:438596,4,438596,1.801795e-09,SORBI_3004G005300,0.591724
Sum_FA_over_PA_log10safe,LIN,sumratio,4:438599,4,438599,1.801795e-09,SORBI_3004G004800,0.591724
Sum_FA_over_PA_log10safe,LIN,sumratio,4:438599,4,438599,1.801795e-09,SORBI_3004G005300,0.591724
Sum_FA_over_PA_log10safe,LIN,sumratio,4:438596,4,438596,1.801795e-09,SORBI_3004G005300,0.587705
Sum_FA_over_PA_log10safe,LIN,sumratio,4:438599,4,438599,1.801795e-09,SORBI_3004G005300,0.587705
Sum_FA_over_PA_log10safe,LIN,sumratio,4:438596,4,438596,1.801795e-09,SORBI_3004G005300,0.563945
Sum_FA_over_PA_log10safe,LIN,sumratio,4:438599,4,438599,1.801795e-09,SORBI_3004G005300,0.563945
Sum_FA_over_PA_log10safe,LIN,sumratio,4:438596,4,438596,1.801795e-09,SORBI_3004G005700,0.562706
Sum_FA_over_PA_log10safe,LIN,sumratio,4:438599,4,438599,1.801795e-09,SORBI_3004G005700,0.562706
Sum_FA_over_PA_log10safe,LIN,sumratio,4:438596,4,438596,1.801795e-09,SORBI_3004G005700,0.55485
Sum_FA_over_PA_log10safe,LIN,sumratio,4:438599,4,438599,1.801795e-09,SORBI_3004G005700,0.55485
Sum_FA_over_PA_log10safe,LIN,sumratio,4:438596,4,438596,1.801795e-09,SORBI_3004G005300,0.549417
Sum_FA_over_PA_log10safe,LIN,sumratio,4:438599,4,438599,1.801795e-09,SORBI_3004G005300,0.549417
Sum_FA_over_PA_log10safe,LIN,sumratio,4:438596,4,438596,1.801795e-09,SORBI_3004G005300,0.545326
Sum_FA_over_PA_log10safe,LIN,sumratio,4:438599,4,438599,1.801795e-09,SORBI_3004G005300,0.545326
Sum_FA_over_PA_log10safe,LIN,sumratio,4:438596,4,438596,1.801795e-09,SORBI_3004G004800,0.528182
Sum_FA_over_PA_log10safe,LIN,sumratio,4:438599,4,438599,1.801795e-09,SORBI_3004G004800,0.528182
Sum_FA_over_PA_log10safe,LIN,sumratio,4:438596,4,438596,1.801795e-09,SORBI_3004G005300,0.526761
Sum_FA_over_PA_log10safe,LIN,sumratio,4:438599,4,438599,1.801795e-09,SORBI_3004G005300,0.526761
Sum_FA_over_PA_log10safe,LIN,sumratio,4:438596,4,438596,1.801795e-09,SORBI_3004G005300,0.518606
Sum_FA_over_PA_log10safe,LIN,sumratio,4:438599,4,438599,1.801795e-09,SORBI_3004G005300,0.518606
Sum_FA_over_PA_log10safe,LIN,sumratio,4:438596,4,438596,1.801795e-09,SORBI_3004G005000,0.51204
Sum_FA_over_PA_log10safe,LIN,sumratio,4:438599,4,438599,1.801795e-09,SORBI_3004G005000,0.51204
Sum_FA_over_PA_log10safe,LIN,sumratio,4:438596,4,438596,1.801795e-09,SORBI_3004G005300,0.505843
Sum_FA_over_PA_log10safe,LIN,sumratio,4:438599,4,438599,1.801795e-09,SORBI_3004G005300,0.505843
Sum_FA_over_PA_log10safe,LIN,sumratio,4:438596,4,438596,1.801795e-09,SORBI_3004G005300,0.503363
Sum_FA_over_PA_log10safe,LIN,sumratio,4:438599,4,438599,1.801795e-09,SORBI_3004G005300,0.503363
Sum_FA_over_PA_log10safe,LIN,sumratio,4:438596,4,438596,1.801795e-09,SORBI_3004G005300,0.501781
Sum_FA_over_PA_log10safe,LIN,sumratio,4:438599,4,438599,1.801795e-09,SORBI_3004G005300,0.501781
Sum_FA_over_PA_log10safe,LIN,sumratio,4:438596,4,438596,1.801795e-09,SORBI_3004G005300,0.500915
Sum_FA_over_PA_log10safe,LIN,sumratio,4:438599,4,438599,1.801795e-09,SORBI_3004G005300,0.500915
Sum_FA_over_PA_log10safe,LIN,sumratio,4:438596,4,438596,1.801795e-09,SORBI_3004G005300,0.496977
Sum_FA_over_PA_log10safe,LIN,sumratio,4:438599,4,438599,1.801795e-09,SORBI_3004G005300,0.496977
Sum_FA_over_PA_log10safe,LIN,sumratio,4:438596,4,438596,1.801795e-09,SORBI_3004G007500,0.495284
Sum_FA_over_PA_log10safe,LIN,sumratio,4:438599,4,438599,1.801795e-09,SORBI_3004G007500,0.495284
Sum_FA_over_PA_log10safe,LIN,sumratio,4:438596,4,438596,1.801795e-09,SORBI_3004G005300,0.494004
Sum_FA_over_PA_log10safe,LIN,sumratio,4:438599,4,438599,1.801795e-09,SORBI_3004G005300,0.494004
Sum_FA_over_PA_log10safe,LIN,sumratio,4:438596,4,438596,1.801795e-09,SORBI_3004G005000,0.493041
Sum_FA_over_PA_log10safe,LIN,sumratio,4:438599,4,438599,1.801795e-09,SORBI_3004G005000,0.493041
Sum_FA_over_PA_log10safe,LIN,sumratio,4:438596,4,438596,1.801795e-09,SORBI_3004G005300,0.490654
Sum_FA_over_PA_log10safe,LIN,sumratio,4:438599,4,438599,1.801795e-09,SORBI_3004G005300,0.490654
Sum_FA_over_PA_log10safe,LIN,sumratio,4:438596,4,438596,1.801795e-09,SORBI_3004G005300,0.48687
Sum_FA_over_PA_log10safe,LIN,sumratio,4:438599,4,438599,1.801795e-09,SORBI_3004G005300,0.48687
Sum_FA_over_PA_log10safe,LIN,sumratio,4:438596,4,438596,1.801795e-09,SORBI_3004G005300,0.486445
Sum_FA_over_PA_log10safe,LIN,sumratio,4:438599,4,438599,1.801795e-09,SORBI_3004G005300,0.486445
Sum_FA_over_PA_log10safe,LIN,sumratio,4:438596,4,438596,1.801795e-09,SORBI_3004G005300,0.483704
Sum_FA_over_PA_log10safe,LIN,sumratio,4:438599,4,438599,1.801795e-09,SORBI_3004G005300,0.483704
Sum_FA_over_PA_log10safe,LIN,sumratio,4:438596,4,438596,1.801795e-09,SORBI_3004G005300,0.481768
Sum_FA_over_PA_log10safe,LIN,sumratio,4:438599,4,438599,1.801795e-09,SORBI_3004G005300,0.481768
Sum_FA_over_PA_log10safe,LIN,sumratio,4:438596,4,438596,1.801795e-09,SORBI_3004G005300,0.48061
Sum_FA_over_PA_log10safe,LIN,sumratio,4:438599,4,438599,1.801795e-09,SORBI_3004G005300,0.48061
Sum_FA_over_PA_log10safe,LIN,sumratio,4:438596,4,438596,1.801795e-09,SORBI_3004G005300,0.477454
Sum_FA_over_PA_log10safe,LIN,sumratio,4:438599,4,438599,1.801795e-09,SORBI_3004G005300,0.477454
Sum_FA_over_PA_log10safe,LIN,sumratio,4:438596,4,438596,1.801795e-09,SORBI_3004G005300,0.468378
Sum_FA_over_PA_log10safe,LIN,sumratio,4:438599,4,438599,1.801795e-09,SORBI_3004G005300,0.468378
Sum_FA_over_PA_log10safe,LIN,sumratio,4:438596,4,438596,1.801795e-09,SORBI_3004G007100,0.463958
Sum_FA_over_PA_log10safe,LIN,sumratio,4:438599,4,438599,1.801795e-09,SORBI_3004G007100,0.463958
Sum_FA_over_PA_log10safe,LIN,sumratio,4:438596,4,438596,1.801795e-09,SORBI_3004G007133,0.458292
Sum_FA_over_PA_log10safe,LIN,sumratio,4:438599,4,438599,1.801795e-09,SORBI_3004G007133,0.458292
Sum_FA_over_PA_log10safe,LIN,sumratio,4:438596,4,438596,1.801795e-09,SORBI_3004G006900,0.456182
Sum_FA_over_PA_log10safe,LIN,sumratio,4:438596,4,438596,1.801795e-09,SORBI_3004G006966,0.456182
Sum_FA_over_PA_log10safe,LIN,sumratio,4:438599,4,438599,1.801795e-09,SORBI_3004G006900,0.456182
Sum_FA_over_PA_log10safe,LIN,sumratio,4:438599,4,438599,1.801795e-09,SORBI_3004G006966,0.456182
Sum_FA_over_PA_log10safe,LIN,sumratio,4:438596,4,438596,1.801795e-09,SORBI_3004G005300,0.451041
Sum_FA_over_PA_log10safe,LIN,sumratio,4:438599,4,438599,1.801795e-09,SORBI_3004G005300,0.451041
Sum_FA_over_PA_log10safe,LIN,sumratio,4:438596,4,438596,1.801795e-09,SORBI_3004G007200,0.444922
Sum_FA_over_PA_log10safe,LIN,sumratio,4:438599,4,438599,1.801795e-09,SORBI_3004G007200,0.444922
Sum_FA_over_PA_log10safe,LIN,sumratio,4:438596,4,438596,1.801795e-09,SORBI_3004G005300,0.444686
Sum_FA_over_PA_log10safe,LIN,sumratio,4:438599,4,438599,1.801795e-09,SORBI_3004G005300,0.444686
Sum_FA_over_PA_log10safe,LIN,sumratio,4:438596,4,438596,1.801795e-09,SORBI_3004G007100,0.442759
Sum_FA_over_PA_log10safe,LIN,sumratio,4:438599,4,438599,1.801795e-09,SORBI_3004G007100,0.442759
Sum_FA_over_PA_log10safe,LIN,sumratio,4:438596,4,438596,1.801795e-09,SORBI_3004G006600,0.442651
Sum_FA_over_PA_log10safe,LIN,sumratio,4:438596,4,438596,1.801795e-09,SORBI_3004G006700,0.442651
Sum_FA_over_PA_log10safe,LIN,sumratio,4:438599,4,438599,1.801795e-09,SORBI_3004G006600,0.442651
Sum_FA_over_PA_log10safe,LIN,sumratio,4:438599,4,438599,1.801795e-09,SORBI_3004G006700,0.442651
Sum_FA_over_PA_log10safe,LIN,sumratio,4:438596,4,438596,1.801795e-09,SORBI_3004G007133,0.437855
Sum_FA_over_PA_log10safe,LIN,sumratio,4:438599,4,438599,1.801795e-09,SORBI_3004G007133,0.437855
Sum_FA_over_PA_log10safe,LIN,sumratio,4:438596,4,438596,1.801795e-09,SORBI_3004G005300,0.436579
Sum_FA_over_PA_log10safe,LIN,sumratio,4:438599,4,438599,1.801795e-09,SORBI_3004G005300,0.436579
Sum_FA_over_PA_log10safe,LIN,sumratio,4:438596,4,438596,1.801795e-09,SORBI_3004G005200,0.436345
Sum_FA_over_PA_log10safe,LIN,sumratio,4:438599,4,438599,1.801795e-09,SORBI_3004G005200,0.436345
Sum_FA_over_PA_log10safe,LIN,sumratio,4:438596,4,438596,1.801795e-09,SORBI_3004G007200,0.434295
Sum_FA_over_PA_log10safe,LIN,sumratio,4:438599,4,438599,1.801795e-09,SORBI_3004G007200,0.434295
Sum_FA_over_PA_log10safe,LIN,sumratio,4:438596,4,438596,1.801795e-09,SORBI_3004G005300,0.432342
Sum_FA_over_PA_log10safe,LIN,sumratio,4:438599,4,438599,1.801795e-09,SORBI_3004G005300,0.432342
Sum_FA_over_PA_log10safe,LIN,sumratio,4:438596,4,438596,1.801795e-09,SORBI_3004G006800,0.432152
Sum_FA_over_PA_log10safe,LIN,sumratio,4:438599,4,438599,1.801795e-09,SORBI_3004G006800,0.432152
Sum_FA_over_PA_log10safe,LIN,sumratio,4:438596,4,438596,1.801795e-09,SORBI_3004G005300,0.431076
Sum_FA_over_PA_log10safe,LIN,sumratio,4:438599,4,438599,1.801795e-09,SORBI_3004G005300,0.431076
Sum_FA_over_PA_log10safe,LIN,sumratio,4:438596,4,438596,1.801795e-09,SORBI_3004G005300,0.430616
Sum_FA_over_PA_log10safe,LIN,sumratio,4:438599,4,438599,1.801795e-09,SORBI_3004G005300,0.430616
Sum_FA_over_PA_log10safe,LIN,sumratio,4:438596,4,438596,1.801795e-09,SORBI_3004G007200,0.430528
Sum_FA_over_PA_log10safe,LIN,sumratio,4:438599,4,438599,1.801795e-09,SORBI_3004G007200,0.430528
Sum_FA_over_PA_log10safe,LIN,sumratio,4:438596,4,438596,1.801795e-09,SORBI_3004G005300,0.418692
Sum_FA_over_PA_log10safe,LIN,sumratio,4:438599,4,438599,1.801795e-09,SORBI_3004G005300,0.418692
Sum_FA_over_PA_log10safe,LIN,sumratio,4:438596,4,438596,1.801795e-09,SORBI_3004G007300,0.415323
Sum_FA_over_PA_log10safe,LIN,sumratio,4:438599,4,438599,1.801795e-09,SORBI_3004G007300,0.415323
Sum_FA_over_PA_log10safe,LIN,sumratio,4:438596,4,438596,1.801795e-09,SORBI_3004G007032,0.414849
Sum_FA_over_PA_log10safe,LIN,sumratio,4:438599,4,438599,1.801795e-09,SORBI_3004G007032,0.414849
Sum_FA_over_PA_log10safe,LIN,sumratio,4:438596,4,438596,1.801795e-09,SORBI_3004G005300,0.414496
Sum_FA_over_PA_log10safe,LIN,sumratio,4:438599,4,438599,1.801795e-09,SORBI_3004G005300,0.414496
Sum_FA_over_PA_log10safe,LIN,sumratio,4:438596,4,438596,1.801795e-09,SORBI_3004G007200,0.413191
Sum_FA_over_PA_log10safe,LIN,sumratio,4:438599,4,438599,1.801795e-09,SORBI_3004G007200,0.413191
Sum_FA_over_PA_log10safe,LIN,sumratio,4:438596,4,438596,1.801795e-09,SORBI_3004G005300,0.410449
Sum_FA_over_PA_log10safe,LIN,sumratio,4:438599,4,438599,1.801795e-09,SORBI_3004G005300,0.410449
Sum_FA_over_PA_log10safe,LIN,sumratio,4:438596,4,438596,1.801795e-09,SORBI_3004G002400,0.409167
Sum_FA_over_PA_log10safe,LIN,sumratio,4:438599,4,438599,1.801795e-09,SORBI_3004G002400,0.409167
Sum_FA_over_PA_log10safe,LIN,sumratio,4:438596,4,438596,1.801795e-09,SORBI_3004G005200,0.408979
Sum_FA_over_PA_log10safe,LIN,sumratio,4:438599,4,438599,1.801795e-09,SORBI_3004G005200,0.408979
Sum_FA_over_PA_log10safe,LIN,sumratio,4:438596,4,438596,1.801795e-09,SORBI_3004G007400,0.400417
Sum_FA_over_PA_log10safe,LIN,sumratio,4:438599,4,438599,1.801795e-09,SORBI_3004G007400,0.400417
Sum_FA_over_PA_log10safe,LIN,sumratio,4:436736,4,436736,2.625376e-09,SORBI_3004G005300,0.728572
Sum_FA_over_PA_log10safe,LIN,sumratio,4:436757,4,436757,2.625376e-09,SORBI_3004G005300,0.728572
Sum_FA_over_PA_log10safe,LIN,sumratio,4:436764,4,436764,2.625376e-09,SORBI_3004G005300,0.728572
Sum_FA_over_PA_log10safe,LIN,sumratio,4:436736,4,436736,2.625376e-09,SORBI_3004G005200,0.712273
Sum_FA_over_PA_log10safe,LIN,sumratio,4:436757,4,436757,2.625376e-09,SORBI_3004G005200,0.712273
Sum_FA_over_PA_log10safe,LIN,sumratio,4:436764,4,436764,2.625376e-09,SORBI_3004G005200,0.712273
Sum_FA_over_PA_log10safe,LIN,sumratio,4:436736,4,436736,2.625376e-09,SORBI_3004G004800,0.632443
Sum_FA_over_PA_log10safe,LIN,sumratio,4:436757,4,436757,2.625376e-09,SORBI_3004G004800,0.632443
Sum_FA_over_PA_log10safe,LIN,sumratio,4:436764,4,436764,2.625376e-09,SORBI_3004G004800,0.632443
Sum_FA_over_PA_log10safe,LIN,sumratio,4:436736,4,436736,2.625376e-09,SORBI_3004G005300,0.631019
Sum_FA_over_PA_log10safe,LIN,sumratio,4:436757,4,436757,2.625376e-09,SORBI_3004G005300,0.631019
Sum_FA_over_PA_log10safe,LIN,sumratio,4:436764,4,436764,2.625376e-09,SORBI_3004G005300,0.631019
Sum_FA_over_PA_log10safe,LIN,sumratio,4:436736,4,436736,2.625376e-09,SORBI_3004G006400,0.61769
Sum_FA_over_PA_log10safe,LIN,sumratio,4:436757,4,436757,2.625376e-09,SORBI_3004G006400,0.61769
Sum_FA_over_PA_log10safe,LIN,sumratio,4:436764,4,436764,2.625376e-09,SORBI_3004G006400,0.61769
Sum_FA_over_PA_log10safe,LIN,sumratio,4:436736,4,436736,2.625376e-09,SORBI_3004G005300,0.614721
Sum_FA_over_PA_log10safe,LIN,sumratio,4:436757,4,436757,2.625376e-09,SORBI_3004G005300,0.614721
Sum_FA_over_PA_log10safe,LIN,sumratio,4:436764,4,436764,2.625376e-09,SORBI_3004G005300,0.614721
Sum_FA_over_PA_log10safe,LIN,sumratio,4:436736,4,436736,2.625376e-09,SORBI_3004G004800,0.602611
Sum_FA_over_PA_log10safe,LIN,sumratio,4:436736,4,436736,2.625376e-09,SORBI_3004G005300,0.602611
Sum_FA_over_PA_log10safe,LIN,sumratio,4:436757,4,436757,2.625376e-09,SORBI_3004G004800,0.602611
Sum_FA_over_PA_log10safe,LIN,sumratio,4:436757,4,436757,2.625376e-09,SORBI_3004G005300,0.602611
Sum_FA_over_PA_log10safe,LIN,sumratio,4:436764,4,436764,2.625376e-09,SORBI_3004G004800,0.602611
Sum_FA_over_PA_log10safe,LIN,sumratio,4:436764,4,436764,2.625376e-09,SORBI_3004G005300,0.602611
Sum_FA_over_PA_log10safe,LIN,sumratio,4:436736,4,436736,2.625376e-09,SORBI_3004G005300,0.599117
Sum_FA_over_PA_log10safe,LIN,sumratio,4:436757,4,436757,2.625376e-09,SORBI_3004G005300,0.599117
Sum_FA_over_PA_log10safe,LIN,sumratio,4:436764,4,436764,2.625376e-09,SORBI_3004G005300,0.599117
Sum_FA_over_PA_log10safe,LIN,sumratio,4:436736,4,436736,2.625376e-09,SORBI_3004G005300,0.583542
Sum_FA_over_PA_log10safe,LIN,sumratio,4:436757,4,436757,2.625376e-09,SORBI_3004G005300,0.583542
Sum_FA_over_PA_log10safe,LIN,sumratio,4:436764,4,436764,2.625376e-09,SORBI_3004G005300,0.583542
Sum_FA_over_PA_log10safe,LIN,sumratio,4:436736,4,436736,2.625376e-09,SORBI_3004G005300,0.579325
Sum_FA_over_PA_log10safe,LIN,sumratio,4:436757,4,436757,2.625376e-09,SORBI_3004G005300,0.579325
Sum_FA_over_PA_log10safe,LIN,sumratio,4:436764,4,436764,2.625376e-09,SORBI_3004G005300,0.579325
Sum_FA_over_PA_log10safe,LIN,sumratio,4:436736,4,436736,2.625376e-09,SORBI_3004G005700,0.572916
Sum_FA_over_PA_log10safe,LIN,sumratio,4:436757,4,436757,2.625376e-09,SORBI_3004G005700,0.572916
Sum_FA_over_PA_log10safe,LIN,sumratio,4:436764,4,436764,2.625376e-09,SORBI_3004G005700,0.572916
Sum_FA_over_PA_log10safe,LIN,sumratio,4:436736,4,436736,2.625376e-09,SORBI_3004G005700,0.564704
Sum_FA_over_PA_log10safe,LIN,sumratio,4:436757,4,436757,2.625376e-09,SORBI_3004G005700,0.564704
Sum_FA_over_PA_log10safe,LIN,sumratio,4:436764,4,436764,2.625376e-09,SORBI_3004G005700,0.564704
Sum_FA_over_PA_log10safe,LIN,sumratio,4:436736,4,436736,2.625376e-09,SORBI_3004G005300,0.556743
Sum_FA_over_PA_log10safe,LIN,sumratio,4:436757,4,436757,2.625376e-09,SORBI_3004G005300,0.556743
Sum_FA_over_PA_log10safe,LIN,sumratio,4:436764,4,436764,2.625376e-09,SORBI_3004G005300,0.556743
Sum_FA_over_PA_log10safe,LIN,sumratio,4:436736,4,436736,2.625376e-09,SORBI_3004G005300,0.551372
Sum_FA_over_PA_log10safe,LIN,sumratio,4:436757,4,436757,2.625376e-09,SORBI_3004G005300,0.551372
Sum_FA_over_PA_log10safe,LIN,sumratio,4:436764,4,436764,2.625376e-09,SORBI_3004G005300,0.551372
Sum_FA_over_PA_log10safe,LIN,sumratio,4:436736,4,436736,2.625376e-09,SORBI_3004G005300,0.546943
Sum_FA_over_PA_log10safe,LIN,sumratio,4:436757,4,436757,2.625376e-09,SORBI_3004G005300,0.546943
Sum_FA_over_PA_log10safe,LIN,sumratio,4:436764,4,436764,2.625376e-09,SORBI_3004G005300,0.546943
Sum_FA_over_PA_log10safe,LIN,sumratio,4:436736,4,436736,2.625376e-09,SORBI_3004G004800,0.542784
Sum_FA_over_PA_log10safe,LIN,sumratio,4:436757,4,436757,2.625376e-09,SORBI_3004G004800,0.542784
Sum_FA_over_PA_log10safe,LIN,sumratio,4:436764,4,436764,2.625376e-09,SORBI_3004G004800,0.542784
Sum_FA_over_PA_log10safe,LIN,sumratio,4:436736,4,436736,2.625376e-09,SORBI_3004G005300,0.538466
Sum_FA_over_PA_log10safe,LIN,sumratio,4:436757,4,436757,2.625376e-09,SORBI_3004G005300,0.538466
Sum_FA_over_PA_log10safe,LIN,sumratio,4:436764,4,436764,2.625376e-09,SORBI_3004G005300,0.538466
Sum_FA_over_PA_log10safe,LIN,sumratio,4:436736,4,436736,2.625376e-09,SORBI_3004G005300,0.533491
Sum_FA_over_PA_log10safe,LIN,sumratio,4:436757,4,436757,2.625376e-09,SORBI_3004G005300,0.533491
Sum_FA_over_PA_log10safe,LIN,sumratio,4:436764,4,436764,2.625376e-09,SORBI_3004G005300,0.533491
Sum_FA_over_PA_log10safe,LIN,sumratio,4:436736,4,436736,2.625376e-09,SORBI_3004G005300,0.531451
Sum_FA_over_PA_log10safe,LIN,sumratio,4:436757,4,436757,2.625376e-09,SORBI_3004G005300,0.531451
Sum_FA_over_PA_log10safe,LIN,sumratio,4:436764,4,436764,2.625376e-09,SORBI_3004G005300,0.531451
Sum_FA_over_PA_log10safe,LIN,sumratio,4:436736,4,436736,2.625376e-09,SORBI_3004G005300,0.527731
Sum_FA_over_PA_log10safe,LIN,sumratio,4:436757,4,436757,2.625376e-09,SORBI_3004G005300,0.527731
Sum_FA_over_PA_log10safe,LIN,sumratio,4:436764,4,436764,2.625376e-09,SORBI_3004G005300,0.527731
Sum_FA_over_PA_log10safe,LIN,sumratio,4:436736,4,436736,2.625376e-09,SORBI_3004G005000,0.5261
Sum_FA_over_PA_log10safe,LIN,sumratio,4:436757,4,436757,2.625376e-09,SORBI_3004G005000,0.5261
Sum_FA_over_PA_log10safe,LIN,sumratio,4:436764,4,436764,2.625376e-09,SORBI_3004G005000,0.5261
Sum_FA_over_PA_log10safe,LIN,sumratio,4:436736,4,436736,2.625376e-09,SORBI_3004G005300,0.52281
Sum_FA_over_PA_log10safe,LIN,sumratio,4:436757,4,436757,2.625376e-09,SORBI_3004G005300,0.52281
Sum_FA_over_PA_log10safe,LIN,sumratio,4:436764,4,436764,2.625376e-09,SORBI_3004G005300,0.52281
Sum_FA_over_PA_log10safe,LIN,sumratio,4:436736,4,436736,2.625376e-09,SORBI_3004G005300,0.522153
Sum_FA_over_PA_log10safe,LIN,sumratio,4:436757,4,436757,2.625376e-09,SORBI_3004G005300,0.522153
Sum_FA_over_PA_log10safe,LIN,sumratio,4:436764,4,436764,2.625376e-09,SORBI_3004G005300,0.522153
Sum_FA_over_PA_log10safe,LIN,sumratio,4:436736,4,436736,2.625376e-09,SORBI_3004G005300,0.517343
Sum_FA_over_PA_log10safe,LIN,sumratio,4:436757,4,436757,2.625376e-09,SORBI_3004G005300,0.517343
Sum_FA_over_PA_log10safe,LIN,sumratio,4:436764,4,436764,2.625376e-09,SORBI_3004G005300,0.517343
Sum_FA_over_PA_log10safe,LIN,sumratio,4:436736,4,436736,2.625376e-09,SORBI_3004G005300,0.515997
Sum_FA_over_PA_log10safe,LIN,sumratio,4:436757,4,436757,2.625376e-09,SORBI_3004G005300,0.515997
Sum_FA_over_PA_log10safe,LIN,sumratio,4:436764,4,436764,2.625376e-09,SORBI_3004G005300,0.515997
Sum_FA_over_PA_log10safe,LIN,sumratio,4:436736,4,436736,2.625376e-09,SORBI_3004G005300,0.51462
Sum_FA_over_PA_log10safe,LIN,sumratio,4:436757,4,436757,2.625376e-09,SORBI_3004G005300,0.51462
Sum_FA_over_PA_log10safe,LIN,sumratio,4:436764,4,436764,2.625376e-09,SORBI_3004G005300,0.51462
Sum_FA_over_PA_log10safe,LIN,sumratio,4:436736,4,436736,2.625376e-09,SORBI_3004G005300,0.512267
Sum_FA_over_PA_log10safe,LIN,sumratio,4:436757,4,436757,2.625376e-09,SORBI_3004G005300,0.512267
Sum_FA_over_PA_log10safe,LIN,sumratio,4:436764,4,436764,2.625376e-09,SORBI_3004G005300,0.512267
Sum_FA_over_PA_log10safe,LIN,sumratio,4:436736,4,436736,2.625376e-09,SORBI_3004G007500,0.512015
Sum_FA_over_PA_log10safe,LIN,sumratio,4:436757,4,436757,2.625376e-09,SORBI_3004G007500,0.512015
Sum_FA_over_PA_log10safe,LIN,sumratio,4:436764,4,436764,2.625376e-09,SORBI_3004G007500,0.512015
Sum_FA_over_PA_log10safe,LIN,sumratio,4:436736,4,436736,2.625376e-09,SORBI_3004G005000,0.506439
Sum_FA_over_PA_log10safe,LIN,sumratio,4:436757,4,436757,2.625376e-09,SORBI_3004G005000,0.506439
Sum_FA_over_PA_log10safe,LIN,sumratio,4:436764,4,436764,2.625376e-09,SORBI_3004G005000,0.506439
Sum_FA_over_PA_log10safe,LIN,sumratio,4:436736,4,436736,2.625376e-09,SORBI_3004G005300,0.505005
Sum_FA_over_PA_log10safe,LIN,sumratio,4:436757,4,436757,2.625376e-09,SORBI_3004G005300,0.505005
Sum_FA_over_PA_log10safe,LIN,sumratio,4:436764,4,436764,2.625376e-09,SORBI_3004G005300,0.505005
Sum_FA_over_PA_log10safe,LIN,sumratio,4:436736,4,436736,2.625376e-09,SORBI_3004G005300,0.50499
Sum_FA_over_PA_log10safe,LIN,sumratio,4:436757,4,436757,2.625376e-09,SORBI_3004G005300,0.50499
Sum_FA_over_PA_log10safe,LIN,sumratio,4:436764,4,436764,2.625376e-09,SORBI_3004G005300,0.50499
Sum_FA_over_PA_log10safe,LIN,sumratio,4:436736,4,436736,2.625376e-09,SORBI_3004G005300,0.500508
Sum_FA_over_PA_log10safe,LIN,sumratio,4:436757,4,436757,2.625376e-09,SORBI_3004G005300,0.500508
Sum_FA_over_PA_log10safe,LIN,sumratio,4:436764,4,436764,2.625376e-09,SORBI_3004G005300,0.500508
Sum_FA_over_PA_log10safe,LIN,sumratio,4:436736,4,436736,2.625376e-09,SORBI_3004G005300,0.488091
Sum_FA_over_PA_log10safe,LIN,sumratio,4:436757,4,436757,2.625376e-09,SORBI_3004G005300,0.488091
Sum_FA_over_PA_log10safe,LIN,sumratio,4:436764,4,436764,2.625376e-09,SORBI_3004G005300,0.488091
Sum_FA_over_PA_log10safe,LIN,sumratio,4:436736,4,436736,2.625376e-09,SORBI_3004G005300,0.477255
Sum_FA_over_PA_log10safe,LIN,sumratio,4:436757,4,436757,2.625376e-09,SORBI_3004G005300,0.477255
Sum_FA_over_PA_log10safe,LIN,sumratio,4:436764,4,436764,2.625376e-09,SORBI_3004G005300,0.477255
Sum_FA_over_PA_log10safe,LIN,sumratio,4:436736,4,436736,2.625376e-09,SORBI_3004G007100,0.473756
Sum_FA_over_PA_log10safe,LIN,sumratio,4:436757,4,436757,2.625376e-09,SORBI_3004G007100,0.473756
Sum_FA_over_PA_log10safe,LIN,sumratio,4:436764,4,436764,2.625376e-09,SORBI_3004G007100,0.473756
Sum_FA_over_PA_log10safe,LIN,sumratio,4:436736,4,436736,2.625376e-09,SORBI_3004G005200,0.472173
Sum_FA_over_PA_log10safe,LIN,sumratio,4:436757,4,436757,2.625376e-09,SORBI_3004G005200,0.472173
Sum_FA_over_PA_log10safe,LIN,sumratio,4:436764,4,436764,2.625376e-09,SORBI_3004G005200,0.472173
Sum_FA_over_PA_log10safe,LIN,sumratio,4:436736,4,436736,2.625376e-09,SORBI_3004G005300,0.470603
Sum_FA_over_PA_log10safe,LIN,sumratio,4:436757,4,436757,2.625376e-09,SORBI_3004G005300,0.470603
Sum_FA_over_PA_log10safe,LIN,sumratio,4:436764,4,436764,2.625376e-09,SORBI_3004G005300,0.470603
Sum_FA_over_PA_log10safe,LIN,sumratio,4:436736,4,436736,2.625376e-09,SORBI_3004G005300,0.468553
Sum_FA_over_PA_log10safe,LIN,sumratio,4:436757,4,436757,2.625376e-09,SORBI_3004G005300,0.468553
Sum_FA_over_PA_log10safe,LIN,sumratio,4:436764,4,436764,2.625376e-09,SORBI_3004G005300,0.468553
Sum_FA_over_PA_log10safe,LIN,sumratio,4:436736,4,436736,2.625376e-09,SORBI_3004G007133,0.46789
Sum_FA_over_PA_log10safe,LIN,sumratio,4:436757,4,436757,2.625376e-09,SORBI_3004G007133,0.46789
Sum_FA_over_PA_log10safe,LIN,sumratio,4:436764,4,436764,2.625376e-09,SORBI_3004G007133,0.46789
Sum_FA_over_PA_log10safe,LIN,sumratio,4:436736,4,436736,2.625376e-09,SORBI_3004G005300,0.466729
Sum_FA_over_PA_log10safe,LIN,sumratio,4:436757,4,436757,2.625376e-09,SORBI_3004G005300,0.466729
Sum_FA_over_PA_log10safe,LIN,sumratio,4:436764,4,436764,2.625376e-09,SORBI_3004G005300,0.466729
Sum_FA_over_PA_log10safe,LIN,sumratio,4:436736,4,436736,2.625376e-09,SORBI_3004G005300,0.463992
Sum_FA_over_PA_log10safe,LIN,sumratio,4:436757,4,436757,2.625376e-09,SORBI_3004G005300,0.463992
Sum_FA_over_PA_log10safe,LIN,sumratio,4:436764,4,436764,2.625376e-09,SORBI_3004G005300,0.463992
Sum_FA_over_PA_log10safe,LIN,sumratio,4:436736,4,436736,2.625376e-09,SORBI_3004G006600,0.45719
Sum_FA_over_PA_log10safe,LIN,sumratio,4:436736,4,436736,2.625376e-09,SORBI_3004G006700,0.45719
Sum_FA_over_PA_log10safe,LIN,sumratio,4:436757,4,436757,2.625376e-09,SORBI_3004G006600,0.45719
Sum_FA_over_PA_log10safe,LIN,sumratio,4:436757,4,436757,2.625376e-09,SORBI_3004G006700,0.45719
Sum_FA_over_PA_log10safe,LIN,sumratio,4:436764,4,436764,2.625376e-09,SORBI_3004G006600,0.45719
Sum_FA_over_PA_log10safe,LIN,sumratio,4:436764,4,436764,2.625376e-09,SORBI_3004G006700,0.45719
Sum_FA_over_PA_log10safe,LIN,sumratio,4:436736,4,436736,2.625376e-09,SORBI_3004G006900,0.457115
Sum_FA_over_PA_log10safe,LIN,sumratio,4:436736,4,436736,2.625376e-09,SORBI_3004G006966,0.457115
Sum_FA_over_PA_log10safe,LIN,sumratio,4:436757,4,436757,2.625376e-09,SORBI_3004G006900,0.457115
Sum_FA_over_PA_log10safe,LIN,sumratio,4:436757,4,436757,2.625376e-09,SORBI_3004G006966,0.457115
Sum_FA_over_PA_log10safe,LIN,sumratio,4:436764,4,436764,2.625376e-09,SORBI_3004G006900,0.457115
Sum_FA_over_PA_log10safe,LIN,sumratio,4:436764,4,436764,2.625376e-09,SORBI_3004G006966,0.457115
Sum_FA_over_PA_log10safe,LIN,sumratio,4:436736,4,436736,2.625376e-09,SORBI_3004G005300,0.453312
Sum_FA_over_PA_log10safe,LIN,sumratio,4:436757,4,436757,2.625376e-09,SORBI_3004G005300,0.453312
Sum_FA_over_PA_log10safe,LIN,sumratio,4:436764,4,436764,2.625376e-09,SORBI_3004G005300,0.453312
Sum_FA_over_PA_log10safe,LIN,sumratio,4:436736,4,436736,2.625376e-09,SORBI_3004G007100,0.451947
Sum_FA_over_PA_log10safe,LIN,sumratio,4:436757,4,436757,2.625376e-09,SORBI_3004G007100,0.451947
Sum_FA_over_PA_log10safe,LIN,sumratio,4:436764,4,436764,2.625376e-09,SORBI_3004G007100,0.451947
Sum_FA_over_PA_log10safe,LIN,sumratio,4:436736,4,436736,2.625376e-09,SORBI_3004G005300,0.448762
Sum_FA_over_PA_log10safe,LIN,sumratio,4:436757,4,436757,2.625376e-09,SORBI_3004G005300,0.448762
Sum_FA_over_PA_log10safe,LIN,sumratio,4:436764,4,436764,2.625376e-09,SORBI_3004G005300,0.448762
Sum_FA_over_PA_log10safe,LIN,sumratio,4:436736,4,436736,2.625376e-09,SORBI_3004G007200,0.448555
Sum_FA_over_PA_log10safe,LIN,sumratio,4:436757,4,436757,2.625376e-09,SORBI_3004G007200,0.448555
Sum_FA_over_PA_log10safe,LIN,sumratio,4:436764,4,436764,2.625376e-09,SORBI_3004G007200,0.448555
Sum_FA_over_PA_log10safe,LIN,sumratio,4:436736,4,436736,2.625376e-09,SORBI_3004G007133,0.446873
Sum_FA_over_PA_log10safe,LIN,sumratio,4:436757,4,436757,2.625376e-09,SORBI_3004G007133,0.446873
Sum_FA_over_PA_log10safe,LIN,sumratio,4:436764,4,436764,2.625376e-09,SORBI_3004G007133,0.446873
Sum_FA_over_PA_log10safe,LIN,sumratio,4:436736,4,436736,2.625376e-09,SORBI_3004G007200,0.440097
Sum_FA_over_PA_log10safe,LIN,sumratio,4:436757,4,436757,2.625376e-09,SORBI_3004G007200,0.440097
Sum_FA_over_PA_log10safe,LIN,sumratio,4:436764,4,436764,2.625376e-09,SORBI_3004G007200,0.440097
Sum_FA_over_PA_log10safe,LIN,sumratio,4:436736,4,436736,2.625376e-09,SORBI_3004G005300,0.440094
Sum_FA_over_PA_log10safe,LIN,sumratio,4:436757,4,436757,2.625376e-09,SORBI_3004G005300,0.440094
Sum_FA_over_PA_log10safe,LIN,sumratio,4:436764,4,436764,2.625376e-09,SORBI_3004G005300,0.440094
Sum_FA_over_PA_log10safe,LIN,sumratio,4:436736,4,436736,2.625376e-09,SORBI_3004G005300,0.436203
Sum_FA_over_PA_log10safe,LIN,sumratio,4:436757,4,436757,2.625376e-09,SORBI_3004G005300,0.436203
Sum_FA_over_PA_log10safe,LIN,sumratio,4:436764,4,436764,2.625376e-09,SORBI_3004G005300,0.436203
Sum_FA_over_PA_log10safe,LIN,sumratio,4:436736,4,436736,2.625376e-09,SORBI_3004G007200,0.434446
Sum_FA_over_PA_log10safe,LIN,sumratio,4:436757,4,436757,2.625376e-09,SORBI_3004G007200,0.434446
Sum_FA_over_PA_log10safe,LIN,sumratio,4:436764,4,436764,2.625376e-09,SORBI_3004G007200,0.434446
Sum_FA_over_PA_log10safe,LIN,sumratio,4:436736,4,436736,2.625376e-09,SORBI_3004G007300,0.428837
Sum_FA_over_PA_log10safe,LIN,sumratio,4:436757,4,436757,2.625376e-09,SORBI_3004G007300,0.428837
Sum_FA_over_PA_log10safe,LIN,sumratio,4:436764,4,436764,2.625376e-09,SORBI_3004G007300,0.428837
Sum_FA_over_PA_log10safe,LIN,sumratio,4:436736,4,436736,2.625376e-09,SORBI_3004G007032,0.428345
Sum_FA_over_PA_log10safe,LIN,sumratio,4:436757,4,436757,2.625376e-09,SORBI_3004G007032,0.428345
Sum_FA_over_PA_log10safe,LIN,sumratio,4:436764,4,436764,2.625376e-09,SORBI_3004G007032,0.428345
Sum_FA_over_PA_log10safe,LIN,sumratio,4:436736,4,436736,2.625376e-09,SORBI_3004G005200,0.425827
Sum_FA_over_PA_log10safe,LIN,sumratio,4:436757,4,436757,2.625376e-09,SORBI_3004G005200,0.425827
Sum_FA_over_PA_log10safe,LIN,sumratio,4:436764,4,436764,2.625376e-09,SORBI_3004G005200,0.425827
Sum_FA_over_PA_log10safe,LIN,sumratio,4:436736,4,436736,2.625376e-09,SORBI_3004G007200,0.425802
Sum_FA_over_PA_log10safe,LIN,sumratio,4:436757,4,436757,2.625376e-09,SORBI_3004G007200,0.425802
Sum_FA_over_PA_log10safe,LIN,sumratio,4:436764,4,436764,2.625376e-09,SORBI_3004G007200,0.425802
Sum_FA_over_PA_log10safe,LIN,sumratio,4:436736,4,436736,2.625376e-09,SORBI_3004G006800,0.423823
Sum_FA_over_PA_log10safe,LIN,sumratio,4:436757,4,436757,2.625376e-09,SORBI_3004G006800,0.423823
Sum_FA_over_PA_log10safe,LIN,sumratio,4:436764,4,436764,2.625376e-09,SORBI_3004G006800,0.423823
Sum_FA_over_PA_log10safe,LIN,sumratio,4:436736,4,436736,2.625376e-09,SORBI_3004G006900,0.422937
Sum_FA_over_PA_log10safe,LIN,sumratio,4:436757,4,436757,2.625376e-09,SORBI_3004G006900,0.422937
Sum_FA_over_PA_log10safe,LIN,sumratio,4:436764,4,436764,2.625376e-09,SORBI_3004G006900,0.422937
Sum_FA_over_PA_log10safe,LIN,sumratio,4:436736,4,436736,2.625376e-09,SORBI_3004G004300,0.417255
Sum_FA_over_PA_log10safe,LIN,sumratio,4:436757,4,436757,2.625376e-09,SORBI_3004G004300,0.417255
Sum_FA_over_PA_log10safe,LIN,sumratio,4:436764,4,436764,2.625376e-09,SORBI_3004G004300,0.417255
Sum_FA_over_PA_log10safe,LIN,sumratio,4:436736,4,436736,2.625376e-09,SORBI_3004G005300,0.416738
Sum_FA_over_PA_log10safe,LIN,sumratio,4:436757,4,436757,2.625376e-09,SORBI_3004G005300,0.416738
Sum_FA_over_PA_log10safe,LIN,sumratio,4:436764,4,436764,2.625376e-09,SORBI_3004G005300,0.416738
Sum_FA_over_PA_log10safe,LIN,sumratio,4:436736,4,436736,2.625376e-09,SORBI_3004G007400,0.413343
Sum_FA_over_PA_log10safe,LIN,sumratio,4:436757,4,436757,2.625376e-09,SORBI_3004G007400,0.413343
Sum_FA_over_PA_log10safe,LIN,sumratio,4:436764,4,436764,2.625376e-09,SORBI_3004G007400,0.413343
Sum_FA_over_PA_log10safe,LIN,sumratio,4:436736,4,436736,2.625376e-09,SORBI_3004G007200,0.408527
Sum_FA_over_PA_log10safe,LIN,sumratio,4:436757,4,436757,2.625376e-09,SORBI_3004G007200,0.408527
Sum_FA_over_PA_log10safe,LIN,sumratio,4:436764,4,436764,2.625376e-09,SORBI_3004G007200,0.408527
Sum_FA_over_PA_log10safe,LIN,sumratio,4:436736,4,436736,2.625376e-09,SORBI_3004G005300,0.405907
Sum_FA_over_PA_log10safe,LIN,sumratio,4:436757,4,436757,2.625376e-09,SORBI_3004G005300,0.405907
Sum_FA_over_PA_log10safe,LIN,sumratio,4:436764,4,436764,2.625376e-09,SORBI_3004G005300,0.405907
Sum_FA_over_PA_log10safe,LIN,sumratio,4:436736,4,436736,2.625376e-09,SORBI_3004G006800,0.405331
Sum_FA_over_PA_log10safe,LIN,sumratio,4:436757,4,436757,2.625376e-09,SORBI_3004G006800,0.405331
Sum_FA_over_PA_log10safe,LIN,sumratio,4:436764,4,436764,2.625376e-09,SORBI_3004G006800,0.405331
Sum_FA_over_PA_log10safe,LIN,sumratio,4:436736,4,436736,2.625376e-09,SORBI_3004G005300,0.402672
Sum_FA_over_PA_log10safe,LIN,sumratio,4:436757,4,436757,2.625376e-09,SORBI_3004G005300,0.402672
Sum_FA_over_PA_log10safe,LIN,sumratio,4:436764,4,436764,2.625376e-09,SORBI_3004G005300,0.402672
Sum_FA_over_PA_log10safe,LIN,sumratio,4:437026,4,437026,2.801244e-09,SORBI_3004G005300,0.728572
Sum_FA_over_PA_log10safe,LIN,sumratio,4:437026,4,437026,2.801244e-09,SORBI_3004G005200,0.712273
Sum_FA_over_PA_log10safe,LIN,sumratio,4:437026,4,437026,2.801244e-09,SORBI_3004G004800,0.632443
Sum_FA_over_PA_log10safe,LIN,sumratio,4:437026,4,437026,2.801244e-09,SORBI_3004G005300,0.631019
Sum_FA_over_PA_log10safe,LIN,sumratio,4:437026,4,437026,2.801244e-09,SORBI_3004G006400,0.61769
Sum_FA_over_PA_log10safe,LIN,sumratio,4:437026,4,437026,2.801244e-09,SORBI_3004G005300,0.614721
Sum_FA_over_PA_log10safe,LIN,sumratio,4:437026,4,437026,2.801244e-09,SORBI_3004G004800,0.602611
Sum_FA_over_PA_log10safe,LIN,sumratio,4:437026,4,437026,2.801244e-09,SORBI_3004G005300,0.602611
Sum_FA_over_PA_log10safe,LIN,sumratio,4:437026,4,437026,2.801244e-09,SORBI_3004G005300,0.599117
Sum_FA_over_PA_log10safe,LIN,sumratio,4:437026,4,437026,2.801244e-09,SORBI_3004G005300,0.583542
Sum_FA_over_PA_log10safe,LIN,sumratio,4:437026,4,437026,2.801244e-09,SORBI_3004G005300,0.579325
Sum_FA_over_PA_log10safe,LIN,sumratio,4:437026,4,437026,2.801244e-09,SORBI_3004G005700,0.572916
Sum_FA_over_PA_log10safe,LIN,sumratio,4:437026,4,437026,2.801244e-09,SORBI_3004G005700,0.564704
Sum_FA_over_PA_log10safe,LIN,sumratio,4:437026,4,437026,2.801244e-09,SORBI_3004G005300,0.556743
Sum_FA_over_PA_log10safe,LIN,sumratio,4:437026,4,437026,2.801244e-09,SORBI_3004G005300,0.551372
Sum_FA_over_PA_log10safe,LIN,sumratio,4:437026,4,437026,2.801244e-09,SORBI_3004G005300,0.546943
Sum_FA_over_PA_log10safe,LIN,sumratio,4:437026,4,437026,2.801244e-09,SORBI_3004G005300,0.545749
Sum_FA_over_PA_log10safe,LIN,sumratio,4:437026,4,437026,2.801244e-09,SORBI_3004G004800,0.542784
Sum_FA_over_PA_log10safe,LIN,sumratio,4:437026,4,437026,2.801244e-09,SORBI_3004G005300,0.538466
Sum_FA_over_PA_log10safe,LIN,sumratio,4:437026,4,437026,2.801244e-09,SORBI_3004G005300,0.536919
Sum_FA_over_PA_log10safe,LIN,sumratio,4:437026,4,437026,2.801244e-09,SORBI_3004G005300,0.533491
Sum_FA_over_PA_log10safe,LIN,sumratio,4:437026,4,437026,2.801244e-09,SORBI_3004G005300,0.53024
Sum_FA_over_PA_log10safe,LIN,sumratio,4:437026,4,437026,2.801244e-09,SORBI_3004G005300,0.527731
Sum_FA_over_PA_log10safe,LIN,sumratio,4:437026,4,437026,2.801244e-09,SORBI_3004G005000,0.5261
Sum_FA_over_PA_log10safe,LIN,sumratio,4:437026,4,437026,2.801244e-09,SORBI_3004G005300,0.522153
Sum_FA_over_PA_log10safe,LIN,sumratio,4:437026,4,437026,2.801244e-09,SORBI_3004G005300,0.518798
Sum_FA_over_PA_log10safe,LIN,sumratio,4:437026,4,437026,2.801244e-09,SORBI_3004G005300,0.517343
Sum_FA_over_PA_log10safe,LIN,sumratio,4:437026,4,437026,2.801244e-09,SORBI_3004G005300,0.51462
Sum_FA_over_PA_log10safe,LIN,sumratio,4:437026,4,437026,2.801244e-09,SORBI_3004G005300,0.512267
Sum_FA_over_PA_log10safe,LIN,sumratio,4:437026,4,437026,2.801244e-09,SORBI_3004G007500,0.512015
Sum_FA_over_PA_log10safe,LIN,sumratio,4:437026,4,437026,2.801244e-09,SORBI_3004G005000,0.506439
Sum_FA_over_PA_log10safe,LIN,sumratio,4:437026,4,437026,2.801244e-09,SORBI_3004G005300,0.50499
Sum_FA_over_PA_log10safe,LIN,sumratio,4:437026,4,437026,2.801244e-09,SORBI_3004G005300,0.500508
Sum_FA_over_PA_log10safe,LIN,sumratio,4:437026,4,437026,2.801244e-09,SORBI_3004G005300,0.49183
Sum_FA_over_PA_log10safe,LIN,sumratio,4:437026,4,437026,2.801244e-09,SORBI_3004G005300,0.488091
Sum_FA_over_PA_log10safe,LIN,sumratio,4:437026,4,437026,2.801244e-09,SORBI_3004G005300,0.478188
Sum_FA_over_PA_log10safe,LIN,sumratio,4:437026,4,437026,2.801244e-09,SORBI_3004G007100,0.473756
Sum_FA_over_PA_log10safe,LIN,sumratio,4:437026,4,437026,2.801244e-09,SORBI_3004G005200,0.472173
Sum_FA_over_PA_log10safe,LIN,sumratio,4:437026,4,437026,2.801244e-09,SORBI_3004G005300,0.470603
Sum_FA_over_PA_log10safe,LIN,sumratio,4:437026,4,437026,2.801244e-09,SORBI_3004G005300,0.468553
Sum_FA_over_PA_log10safe,LIN,sumratio,4:437026,4,437026,2.801244e-09,SORBI_3004G007133,0.46789
Sum_FA_over_PA_log10safe,LIN,sumratio,4:437026,4,437026,2.801244e-09,SORBI_3004G005300,0.466729
Sum_FA_over_PA_log10safe,LIN,sumratio,4:437026,4,437026,2.801244e-09,SORBI_3004G005300,0.463992
Sum_FA_over_PA_log10safe,LIN,sumratio,4:437026,4,437026,2.801244e-09,SORBI_3004G006600,0.45719
Sum_FA_over_PA_log10safe,LIN,sumratio,4:437026,4,437026,2.801244e-09,SORBI_3004G006700,0.45719
Sum_FA_over_PA_log10safe,LIN,sumratio,4:437026,4,437026,2.801244e-09,SORBI_3004G006900,0.457115
Sum_FA_over_PA_log10safe,LIN,sumratio,4:437026,4,437026,2.801244e-09,SORBI_3004G006966,0.457115
Sum_FA_over_PA_log10safe,LIN,sumratio,4:437026,4,437026,2.801244e-09,SORBI_3004G005300,0.453312
Sum_FA_over_PA_log10safe,LIN,sumratio,4:437026,4,437026,2.801244e-09,SORBI_3004G007100,0.451947
Sum_FA_over_PA_log10safe,LIN,sumratio,4:437026,4,437026,2.801244e-09,SORBI_3004G005300,0.448762
Sum_FA_over_PA_log10safe,LIN,sumratio,4:437026,4,437026,2.801244e-09,SORBI_3004G007200,0.448555
Sum_FA_over_PA_log10safe,LIN,sumratio,4:437026,4,437026,2.801244e-09,SORBI_3004G007133,0.446873
Sum_FA_over_PA_log10safe,LIN,sumratio,4:437026,4,437026,2.801244e-09,SORBI_3004G007200,0.440097
Sum_FA_over_PA_log10safe,LIN,sumratio,4:437026,4,437026,2.801244e-09,SORBI_3004G005300,0.440094
Sum_FA_over_PA_log10safe,LIN,sumratio,4:437026,4,437026,2.801244e-09,SORBI_3004G005300,0.436203
Sum_FA_over_PA_log10safe,LIN,sumratio,4:437026,4,437026,2.801244e-09,SORBI_3004G007200,0.434446
Sum_FA_over_PA_log10safe,LIN,sumratio,4:437026,4,437026,2.801244e-09,SORBI_3004G007300,0.428837
Sum_FA_over_PA_log10safe,LIN,sumratio,4:437026,4,437026,2.801244e-09,SORBI_3004G007032,0.428345
Sum_FA_over_PA_log10safe,LIN,sumratio,4:437026,4,437026,2.801244e-09,SORBI_3004G005200,0.425827
Sum_FA_over_PA_log10safe,LIN,sumratio,4:437026,4,437026,2.801244e-09,SORBI_3004G007200,0.425802
Sum_FA_over_PA_log10safe,LIN,sumratio,4:437026,4,437026,2.801244e-09,SORBI_3004G006800,0.423823
Sum_FA_over_PA_log10safe,LIN,sumratio,4:437026,4,437026,2.801244e-09,SORBI_3004G006900,0.422937
Sum_FA_over_PA_log10safe,LIN,sumratio,4:437026,4,437026,2.801244e-09,SORBI_3004G005300,0.417961
Sum_FA_over_PA_log10safe,LIN,sumratio,4:437026,4,437026,2.801244e-09,SORBI_3004G004300,0.417255
Sum_FA_over_PA_log10safe,LIN,sumratio,4:437026,4,437026,2.801244e-09,SORBI_3004G005300,0.416738
Sum_FA_over_PA_log10safe,LIN,sumratio,4:437026,4,437026,2.801244e-09,SORBI_3004G007400,0.413343
Sum_FA_over_PA_log10safe,LIN,sumratio,4:437026,4,437026,2.801244e-09,SORBI_3004G007200,0.408527
Sum_FA_over_PA_log10safe,LIN,sumratio,4:437026,4,437026,2.801244e-09,SORBI_3004G006800,0.405331
Sum_FA_over_PA_log10safe,LIN,sumratio,4:437026,4,437026,2.801244e-09,SORBI_3004G005300,0.402672
Sum_FA_over_PA_log10safe,LIN,sumratio,4:436379,4,436379,3.264232e-09,SORBI_3004G005200,0.698758
Sum_FA_over_PA_log10safe,LIN,sumratio,4:436379,4,436379,3.264232e-09,SORBI_3004G005300,0.691242
Sum_FA_over_PA_log10safe,LIN,sumratio,4:436379,4,436379,3.264232e-09,SORBI_3004G004800,0.643268
Sum_FA_over_PA_log10safe,LIN,sumratio,4:436379,4,436379,3.264232e-09,SORBI_3004G005300,0.624388
Sum_FA_over_PA_log10safe,LIN,sumratio,4:436379,4,436379,3.264232e-09,SORBI_3004G004800,0.590693
Sum_FA_over_PA_log10safe,LIN,sumratio,4:436379,4,436379,3.264232e-09,SORBI_3004G005300,0.590693
Sum_FA_over_PA_log10safe,LIN,sumratio,4:436379,4,436379,3.264232e-09,SORBI_3004G005300,0.589437
Sum_FA_over_PA_log10safe,LIN,sumratio,4:436379,4,436379,3.264232e-09,SORBI_3004G006400,0.586422
Sum_FA_over_PA_log10safe,LIN,sumratio,4:436379,4,436379,3.264232e-09,SORBI_3004G005300,0.571791
Sum_FA_over_PA_log10safe,LIN,sumratio,4:436379,4,436379,3.264232e-09,SORBI_3004G005300,0.570691
Sum_FA_over_PA_log10safe,LIN,sumratio,4:436379,4,436379,3.264232e-09,SORBI_3004G005300,0.568126
Sum_FA_over_PA_log10safe,LIN,sumratio,4:436379,4,436379,3.264232e-09,SORBI_3004G005700,0.561755
Sum_FA_over_PA_log10safe,LIN,sumratio,4:436379,4,436379,3.264232e-09,SORBI_3004G005700,0.553956
Sum_FA_over_PA_log10safe,LIN,sumratio,4:436379,4,436379,3.264232e-09,SORBI_3004G005300,0.551332
Sum_FA_over_PA_log10safe,LIN,sumratio,4:436379,4,436379,3.264232e-09,SORBI_3004G005300,0.529041
Sum_FA_over_PA_log10safe,LIN,sumratio,4:436379,4,436379,3.264232e-09,SORBI_3004G005300,0.528476
Sum_FA_over_PA_log10safe,LIN,sumratio,4:436379,4,436379,3.264232e-09,SORBI_3004G005300,0.524841
Sum_FA_over_PA_log10safe,LIN,sumratio,4:436379,4,436379,3.264232e-09,SORBI_3004G005300,0.522453
Sum_FA_over_PA_log10safe,LIN,sumratio,4:436379,4,436379,3.264232e-09,SORBI_3004G004800,0.520801
Sum_FA_over_PA_log10safe,LIN,sumratio,4:436379,4,436379,3.264232e-09,SORBI_3004G005300,0.517412
Sum_FA_over_PA_log10safe,LIN,sumratio,4:436379,4,436379,3.264232e-09,SORBI_3004G005300,0.516707
Sum_FA_over_PA_log10safe,LIN,sumratio,4:436379,4,436379,3.264232e-09,SORBI_3004G005300,0.507574
Sum_FA_over_PA_log10safe,LIN,sumratio,4:436379,4,436379,3.264232e-09,SORBI_3004G005300,0.506042
Sum_FA_over_PA_log10safe,LIN,sumratio,4:436379,4,436379,3.264232e-09,SORBI_3004G005300,0.505154
Sum_FA_over_PA_log10safe,LIN,sumratio,4:436379,4,436379,3.264232e-09,SORBI_3004G005000,0.504888
Sum_FA_over_PA_log10safe,LIN,sumratio,4:436379,4,436379,3.264232e-09,SORBI_3004G005300,0.499411
Sum_FA_over_PA_log10safe,LIN,sumratio,4:436379,4,436379,3.264232e-09,SORBI_3004G005300,0.498735
Sum_FA_over_PA_log10safe,LIN,sumratio,4:436379,4,436379,3.264232e-09,SORBI_3004G005300,0.49675
Sum_FA_over_PA_log10safe,LIN,sumratio,4:436379,4,436379,3.264232e-09,SORBI_3004G005300,0.495534
Sum_FA_over_PA_log10safe,LIN,sumratio,4:436379,4,436379,3.264232e-09,SORBI_3004G007500,0.492513
Sum_FA_over_PA_log10safe,LIN,sumratio,4:436379,4,436379,3.264232e-09,SORBI_3004G005300,0.49215
Sum_FA_over_PA_log10safe,LIN,sumratio,4:436379,4,436379,3.264232e-09,SORBI_3004G005300,0.490368
Sum_FA_over_PA_log10safe,LIN,sumratio,4:436379,4,436379,3.264232e-09,SORBI_3004G005300,0.487736
Sum_FA_over_PA_log10safe,LIN,sumratio,4:436379,4,436379,3.264232e-09,SORBI_3004G005000,0.48616
Sum_FA_over_PA_log10safe,LIN,sumratio,4:436379,4,436379,3.264232e-09,SORBI_3004G005300,0.47331
Sum_FA_over_PA_log10safe,LIN,sumratio,4:436379,4,436379,3.264232e-09,SORBI_3004G004300,0.466867
Sum_FA_over_PA_log10safe,LIN,sumratio,4:436379,4,436379,3.264232e-09,SORBI_3004G005300,0.464681
Sum_FA_over_PA_log10safe,LIN,sumratio,4:436379,4,436379,3.264232e-09,SORBI_3004G007100,0.463689
Sum_FA_over_PA_log10safe,LIN,sumratio,4:436379,4,436379,3.264232e-09,SORBI_3004G005300,0.462224
Sum_FA_over_PA_log10safe,LIN,sumratio,4:436379,4,436379,3.264232e-09,SORBI_3004G005300,0.460738
Sum_FA_over_PA_log10safe,LIN,sumratio,4:436379,4,436379,3.264232e-09,SORBI_3004G005200,0.460401
Sum_FA_over_PA_log10safe,LIN,sumratio,4:436379,4,436379,3.264232e-09,SORBI_3004G005300,0.460234
Sum_FA_over_PA_log10safe,LIN,sumratio,4:436379,4,436379,3.264232e-09,SORBI_3004G007133,0.458045
Sum_FA_over_PA_log10safe,LIN,sumratio,4:436379,4,436379,3.264232e-09,SORBI_3004G005300,0.447566
Sum_FA_over_PA_log10safe,LIN,sumratio,4:436379,4,436379,3.264232e-09,SORBI_3004G006600,0.444072
Sum_FA_over_PA_log10safe,LIN,sumratio,4:436379,4,436379,3.264232e-09,SORBI_3004G006700,0.444072
Sum_FA_over_PA_log10safe,LIN,sumratio,4:436379,4,436379,3.264232e-09,SORBI_3004G005200,0.443202
Sum_FA_over_PA_log10safe,LIN,sumratio,4:436379,4,436379,3.264232e-09,SORBI_3004G005300,0.443146
Sum_FA_over_PA_log10safe,LIN,sumratio,4:436379,4,436379,3.264232e-09,SORBI_3004G007100,0.442541
Sum_FA_over_PA_log10safe,LIN,sumratio,4:436379,4,436379,3.264232e-09,SORBI_3004G006900,0.441413
Sum_FA_over_PA_log10safe,LIN,sumratio,4:436379,4,436379,3.264232e-09,SORBI_3004G006966,0.441413
Sum_FA_over_PA_log10safe,LIN,sumratio,4:436379,4,436379,3.264232e-09,SORBI_3004G007133,0.437654
Sum_FA_over_PA_log10safe,LIN,sumratio,4:436379,4,436379,3.264232e-09,SORBI_3004G006800,0.43648
Sum_FA_over_PA_log10safe,LIN,sumratio,4:436379,4,436379,3.264232e-09,SORBI_3004G007200,0.435811
Sum_FA_over_PA_log10safe,LIN,sumratio,4:436379,4,436379,3.264232e-09,SORBI_3004G006800,0.433734
Sum_FA_over_PA_log10safe,LIN,sumratio,4:436379,4,436379,3.264232e-09,SORBI_3004G007200,0.428535
Sum_FA_over_PA_log10safe,LIN,sumratio,4:436379,4,436379,3.264232e-09,SORBI_3004G005300,0.427781
Sum_FA_over_PA_log10safe,LIN,sumratio,4:436379,4,436379,3.264232e-09,SORBI_3004G005300,0.426414
Sum_FA_over_PA_log10safe,LIN,sumratio,4:436379,4,436379,3.264232e-09,SORBI_3004G007200,0.416943
Sum_FA_over_PA_log10safe,LIN,sumratio,4:436379,4,436379,3.264232e-09,SORBI_3004G007300,0.416802
Sum_FA_over_PA_log10safe,LIN,sumratio,4:436379,4,436379,3.264232e-09,SORBI_3004G007032,0.416334
Sum_FA_over_PA_log10safe,LIN,sumratio,4:436379,4,436379,3.264232e-09,SORBI_3004G007200,0.414681
Sum_FA_over_PA_log10safe,LIN,sumratio,4:436379,4,436379,3.264232e-09,SORBI_3004G006900,0.411135
Sum_FA_over_PA_log10safe,LIN,sumratio,4:436379,4,436379,3.264232e-09,SORBI_3004G005300,0.409715
Sum_FA_over_PA_log10safe,LIN,sumratio,4:436379,4,436379,3.264232e-09,SORBI_3004G007400,0.401779
Sum_FA_over_PA_log10safe,LIN,sumratio,4:437476,4,437476,3.878847e-09,SORBI_3004G005300,0.701484
Sum_FA_over_PA_log10safe,LIN,sumratio,4:437479,4,437479,3.878847e-09,SORBI_3004G005300,0.701484
Sum_FA_over_PA_log10safe,LIN,sumratio,4:437476,4,437476,3.878847e-09,SORBI_3004G005200,0.68877
Sum_FA_over_PA_log10safe,LIN,sumratio,4:437479,4,437479,3.878847e-09,SORBI_3004G005200,0.68877
Sum_FA_over_PA_log10safe,LIN,sumratio,4:437476,4,437476,3.878847e-09,SORBI_3004G005300,0.597054
Sum_FA_over_PA_log10safe,LIN,sumratio,4:437479,4,437479,3.878847e-09,SORBI_3004G005300,0.597054
Sum_FA_over_PA_log10safe,LIN,sumratio,4:437476,4,437476,3.878847e-09,SORBI_3004G005300,0.59618
Sum_FA_over_PA_log10safe,LIN,sumratio,4:437479,4,437479,3.878847e-09,SORBI_3004G005300,0.59618
Sum_FA_over_PA_log10safe,LIN,sumratio,4:437476,4,437476,3.878847e-09,SORBI_3004G005300,0.596174
Sum_FA_over_PA_log10safe,LIN,sumratio,4:437479,4,437479,3.878847e-09,SORBI_3004G005300,0.596174
Sum_FA_over_PA_log10safe,LIN,sumratio,4:437476,4,437476,3.878847e-09,SORBI_3004G005300,0.595471
Sum_FA_over_PA_log10safe,LIN,sumratio,4:437479,4,437479,3.878847e-09,SORBI_3004G005300,0.595471
Sum_FA_over_PA_log10safe,LIN,sumratio,4:437476,4,437476,3.878847e-09,SORBI_3004G006400,0.594946
Sum_FA_over_PA_log10safe,LIN,sumratio,4:437479,4,437479,3.878847e-09,SORBI_3004G006400,0.594946
Sum_FA_over_PA_log10safe,LIN,sumratio,4:437476,4,437476,3.878847e-09,SORBI_3004G004800,0.594265
Sum_FA_over_PA_log10safe,LIN,sumratio,4:437479,4,437479,3.878847e-09,SORBI_3004G004800,0.594265
Sum_FA_over_PA_log10safe,LIN,sumratio,4:437476,4,437476,3.878847e-09,SORBI_3004G004800,0.562976
Sum_FA_over_PA_log10safe,LIN,sumratio,4:437476,4,437476,3.878847e-09,SORBI_3004G005300,0.562976
Sum_FA_over_PA_log10safe,LIN,sumratio,4:437479,4,437479,3.878847e-09,SORBI_3004G004800,0.562976
Sum_FA_over_PA_log10safe,LIN,sumratio,4:437479,4,437479,3.878847e-09,SORBI_3004G005300,0.562976
Sum_FA_over_PA_log10safe,LIN,sumratio,4:437476,4,437476,3.878847e-09,SORBI_3004G005300,0.541222
Sum_FA_over_PA_log10safe,LIN,sumratio,4:437479,4,437479,3.878847e-09,SORBI_3004G005300,0.541222
Sum_FA_over_PA_log10safe,LIN,sumratio,4:437476,4,437476,3.878847e-09,SORBI_3004G005300,0.535742
Sum_FA_over_PA_log10safe,LIN,sumratio,4:437479,4,437479,3.878847e-09,SORBI_3004G005300,0.535742
Sum_FA_over_PA_log10safe,LIN,sumratio,4:437476,4,437476,3.878847e-09,SORBI_3004G005700,0.535235
Sum_FA_over_PA_log10safe,LIN,sumratio,4:437479,4,437479,3.878847e-09,SORBI_3004G005700,0.535235
Sum_FA_over_PA_log10safe,LIN,sumratio,4:437476,4,437476,3.878847e-09,SORBI_3004G005300,0.531469
Sum_FA_over_PA_log10safe,LIN,sumratio,4:437479,4,437479,3.878847e-09,SORBI_3004G005300,0.531469
Sum_FA_over_PA_log10safe,LIN,sumratio,4:437476,4,437476,3.878847e-09,SORBI_3004G005700,0.527563
Sum_FA_over_PA_log10safe,LIN,sumratio,4:437479,4,437479,3.878847e-09,SORBI_3004G005700,0.527563
Sum_FA_over_PA_log10safe,LIN,sumratio,4:437476,4,437476,3.878847e-09,SORBI_3004G004800,0.527397
Sum_FA_over_PA_log10safe,LIN,sumratio,4:437479,4,437479,3.878847e-09,SORBI_3004G004800,0.527397
Sum_FA_over_PA_log10safe,LIN,sumratio,4:437476,4,437476,3.878847e-09,SORBI_3004G005300,0.526055
Sum_FA_over_PA_log10safe,LIN,sumratio,4:437479,4,437479,3.878847e-09,SORBI_3004G005300,0.526055
Sum_FA_over_PA_log10safe,LIN,sumratio,4:437476,4,437476,3.878847e-09,SORBI_3004G005300,0.523232
Sum_FA_over_PA_log10safe,LIN,sumratio,4:437479,4,437479,3.878847e-09,SORBI_3004G005300,0.523232
Sum_FA_over_PA_log10safe,LIN,sumratio,4:437476,4,437476,3.878847e-09,SORBI_3004G005300,0.521654
Sum_FA_over_PA_log10safe,LIN,sumratio,4:437479,4,437479,3.878847e-09,SORBI_3004G005300,0.521654
Sum_FA_over_PA_log10safe,LIN,sumratio,4:437476,4,437476,3.878847e-09,SORBI_3004G005300,0.514347
Sum_FA_over_PA_log10safe,LIN,sumratio,4:437479,4,437479,3.878847e-09,SORBI_3004G005300,0.514347
Sum_FA_over_PA_log10safe,LIN,sumratio,4:437476,4,437476,3.878847e-09,SORBI_3004G005000,0.511245
Sum_FA_over_PA_log10safe,LIN,sumratio,4:437479,4,437479,3.878847e-09,SORBI_3004G005000,0.511245
Sum_FA_over_PA_log10safe,LIN,sumratio,4:437476,4,437476,3.878847e-09,SORBI_3004G005300,0.506038
Sum_FA_over_PA_log10safe,LIN,sumratio,4:437479,4,437479,3.878847e-09,SORBI_3004G005300,0.506038
Sum_FA_over_PA_log10safe,LIN,sumratio,4:437476,4,437476,3.878847e-09,SORBI_3004G005300,0.50444
Sum_FA_over_PA_log10safe,LIN,sumratio,4:437479,4,437479,3.878847e-09,SORBI_3004G005300,0.50444
Sum_FA_over_PA_log10safe,LIN,sumratio,4:437476,4,437476,3.878847e-09,SORBI_3004G005300,0.504104
Sum_FA_over_PA_log10safe,LIN,sumratio,4:437479,4,437479,3.878847e-09,SORBI_3004G005300,0.504104
Sum_FA_over_PA_log10safe,LIN,sumratio,4:437476,4,437476,3.878847e-09,SORBI_3004G005300,0.499661
Sum_FA_over_PA_log10safe,LIN,sumratio,4:437479,4,437479,3.878847e-09,SORBI_3004G005300,0.499661
Sum_FA_over_PA_log10safe,LIN,sumratio,4:437476,4,437476,3.878847e-09,SORBI_3004G005300,0.498111
Sum_FA_over_PA_log10safe,LIN,sumratio,4:437479,4,437479,3.878847e-09,SORBI_3004G005300,0.498111
Sum_FA_over_PA_log10safe,LIN,sumratio,4:437476,4,437476,3.878847e-09,SORBI_3004G005300,0.497281
Sum_FA_over_PA_log10safe,LIN,sumratio,4:437479,4,437479,3.878847e-09,SORBI_3004G005300,0.497281
Sum_FA_over_PA_log10safe,LIN,sumratio,4:437476,4,437476,3.878847e-09,SORBI_3004G005300,0.49341
Sum_FA_over_PA_log10safe,LIN,sumratio,4:437479,4,437479,3.878847e-09,SORBI_3004G005300,0.49341
Sum_FA_over_PA_log10safe,LIN,sumratio,4:437476,4,437476,3.878847e-09,SORBI_3004G005000,0.492227
Sum_FA_over_PA_log10safe,LIN,sumratio,4:437479,4,437479,3.878847e-09,SORBI_3004G005000,0.492227
Sum_FA_over_PA_log10safe,LIN,sumratio,4:437476,4,437476,3.878847e-09,SORBI_3004G005300,0.48777
Sum_FA_over_PA_log10safe,LIN,sumratio,4:437479,4,437479,3.878847e-09,SORBI_3004G005300,0.48777
Sum_FA_over_PA_log10safe,LIN,sumratio,4:437476,4,437476,3.878847e-09,SORBI_3004G007500,0.485117
Sum_FA_over_PA_log10safe,LIN,sumratio,4:437479,4,437479,3.878847e-09,SORBI_3004G007500,0.485117
Sum_FA_over_PA_log10safe,LIN,sumratio,4:437476,4,437476,3.878847e-09,SORBI_3004G005300,0.484485
Sum_FA_over_PA_log10safe,LIN,sumratio,4:437479,4,437479,3.878847e-09,SORBI_3004G005300,0.484485
Sum_FA_over_PA_log10safe,LIN,sumratio,4:437476,4,437476,3.878847e-09,SORBI_3004G005300,0.480155
Sum_FA_over_PA_log10safe,LIN,sumratio,4:437479,4,437479,3.878847e-09,SORBI_3004G005300,0.480155
Sum_FA_over_PA_log10safe,LIN,sumratio,4:437476,4,437476,3.878847e-09,SORBI_3004G005300,0.468313
Sum_FA_over_PA_log10safe,LIN,sumratio,4:437479,4,437479,3.878847e-09,SORBI_3004G005300,0.468313
Sum_FA_over_PA_log10safe,LIN,sumratio,4:437476,4,437476,3.878847e-09,SORBI_3004G005200,0.467031
Sum_FA_over_PA_log10safe,LIN,sumratio,4:437479,4,437479,3.878847e-09,SORBI_3004G005200,0.467031
Sum_FA_over_PA_log10safe,LIN,sumratio,4:437476,4,437476,3.878847e-09,SORBI_3004G005300,0.453667
Sum_FA_over_PA_log10safe,LIN,sumratio,4:437479,4,437479,3.878847e-09,SORBI_3004G005300,0.453667
Sum_FA_over_PA_log10safe,LIN,sumratio,4:437476,4,437476,3.878847e-09,SORBI_3004G005300,0.451028
Sum_FA_over_PA_log10safe,LIN,sumratio,4:437479,4,437479,3.878847e-09,SORBI_3004G005300,0.451028
Sum_FA_over_PA_log10safe,LIN,sumratio,4:437476,4,437476,3.878847e-09,SORBI_3004G004300,0.444046
Sum_FA_over_PA_log10safe,LIN,sumratio,4:437479,4,437479,3.878847e-09,SORBI_3004G004300,0.444046
Sum_FA_over_PA_log10safe,LIN,sumratio,4:437476,4,437476,3.878847e-09,SORBI_3004G005300,0.442805
Sum_FA_over_PA_log10safe,LIN,sumratio,4:437479,4,437479,3.878847e-09,SORBI_3004G005300,0.442805
Sum_FA_over_PA_log10safe,LIN,sumratio,4:437476,4,437476,3.878847e-09,SORBI_3004G005300,0.439647
Sum_FA_over_PA_log10safe,LIN,sumratio,4:437479,4,437479,3.878847e-09,SORBI_3004G005300,0.439647
Sum_FA_over_PA_log10safe,LIN,sumratio,4:437476,4,437476,3.878847e-09,SORBI_3004G007100,0.43933
Sum_FA_over_PA_log10safe,LIN,sumratio,4:437479,4,437479,3.878847e-09,SORBI_3004G007100,0.43933
Sum_FA_over_PA_log10safe,LIN,sumratio,4:437476,4,437476,3.878847e-09,SORBI_3004G005300,0.438504
Sum_FA_over_PA_log10safe,LIN,sumratio,4:437479,4,437479,3.878847e-09,SORBI_3004G005300,0.438504
Sum_FA_over_PA_log10safe,LIN,sumratio,4:437476,4,437476,3.878847e-09,SORBI_3004G007133,0.433886
Sum_FA_over_PA_log10safe,LIN,sumratio,4:437479,4,437479,3.878847e-09,SORBI_3004G007133,0.433886
Sum_FA_over_PA_log10safe,LIN,sumratio,4:437476,4,437476,3.878847e-09,SORBI_3004G006900,0.430941
Sum_FA_over_PA_log10safe,LIN,sumratio,4:437479,4,437479,3.878847e-09,SORBI_3004G006900,0.430941
Sum_FA_over_PA_log10safe,LIN,sumratio,4:437476,4,437476,3.878847e-09,SORBI_3004G005300,0.426018
Sum_FA_over_PA_log10safe,LIN,sumratio,4:437479,4,437479,3.878847e-09,SORBI_3004G005300,0.426018
Sum_FA_over_PA_log10safe,LIN,sumratio,4:437476,4,437476,3.878847e-09,SORBI_3004G005300,0.421746
Sum_FA_over_PA_log10safe,LIN,sumratio,4:437479,4,437479,3.878847e-09,SORBI_3004G005300,0.421746
Sum_FA_over_PA_log10safe,LIN,sumratio,4:437476,4,437476,3.878847e-09,SORBI_3004G006600,0.421656
Sum_FA_over_PA_log10safe,LIN,sumratio,4:437476,4,437476,3.878847e-09,SORBI_3004G006700,0.421656
Sum_FA_over_PA_log10safe,LIN,sumratio,4:437479,4,437479,3.878847e-09,SORBI_3004G006600,0.421656
Sum_FA_over_PA_log10safe,LIN,sumratio,4:437479,4,437479,3.878847e-09,SORBI_3004G006700,0.421656
Sum_FA_over_PA_log10safe,LIN,sumratio,4:437476,4,437476,3.878847e-09,SORBI_3004G005300,0.4212
Sum_FA_over_PA_log10safe,LIN,sumratio,4:437479,4,437479,3.878847e-09,SORBI_3004G005300,0.4212
Sum_FA_over_PA_log10safe,LIN,sumratio,4:437476,4,437476,3.878847e-09,SORBI_3004G007100,0.419083
Sum_FA_over_PA_log10safe,LIN,sumratio,4:437479,4,437479,3.878847e-09,SORBI_3004G007100,0.419083
Sum_FA_over_PA_log10safe,LIN,sumratio,4:437476,4,437476,3.878847e-09,SORBI_3004G006900,0.418527
Sum_FA_over_PA_log10safe,LIN,sumratio,4:437476,4,437476,3.878847e-09,SORBI_3004G006966,0.418527
Sum_FA_over_PA_log10safe,LIN,sumratio,4:437479,4,437479,3.878847e-09,SORBI_3004G006900,0.418527
Sum_FA_over_PA_log10safe,LIN,sumratio,4:437479,4,437479,3.878847e-09,SORBI_3004G006966,0.418527
Sum_FA_over_PA_log10safe,LIN,sumratio,4:437476,4,437476,3.878847e-09,SORBI_3004G007133,0.414397
Sum_FA_over_PA_log10safe,LIN,sumratio,4:437479,4,437479,3.878847e-09,SORBI_3004G007133,0.414397
Sum_FA_over_PA_log10safe,LIN,sumratio,4:437476,4,437476,3.878847e-09,SORBI_3004G007200,0.41301
Sum_FA_over_PA_log10safe,LIN,sumratio,4:437479,4,437479,3.878847e-09,SORBI_3004G007200,0.41301
Sum_FA_over_PA_log10safe,LIN,sumratio,4:437476,4,437476,3.878847e-09,SORBI_3004G007200,0.410373
Sum_FA_over_PA_log10safe,LIN,sumratio,4:437479,4,437479,3.878847e-09,SORBI_3004G007200,0.410373
Sum_FA_over_PA_log10safe,LIN,sumratio,4:437476,4,437476,3.878847e-09,SORBI_3004G005200,0.405148
Sum_FA_over_PA_log10safe,LIN,sumratio,4:437479,4,437479,3.878847e-09,SORBI_3004G005200,0.405148
Sum_FA_over_PA_log10safe,LIN,sumratio,4:437476,4,437476,3.878847e-09,SORBI_3004G007200,0.40511
Sum_FA_over_PA_log10safe,LIN,sumratio,4:437479,4,437479,3.878847e-09,SORBI_3004G007200,0.40511
Sum_FA_over_PA_log10safe,LIN,sumratio,4:437476,4,437476,3.878847e-09,SORBI_3004G005300,0.404949
Sum_FA_over_PA_log10safe,LIN,sumratio,4:437479,4,437479,3.878847e-09,SORBI_3004G005300,0.404949
Sum_FA_over_PA_log10safe,LIN,sumratio,4:436671,4,436671,4.0112e-09,SORBI_3004G005300,0.725482
Sum_FA_over_PA_log10safe,LIN,sumratio,4:436809,4,436809,4.0112e-09,SORBI_3004G005300,0.725482
Sum_FA_over_PA_log10safe,LIN,sumratio,4:436671,4,436671,4.0112e-09,SORBI_3004G005200,0.710354
Sum_FA_over_PA_log10safe,LIN,sumratio,4:436809,4,436809,4.0112e-09,SORBI_3004G005200,0.710354
Sum_FA_over_PA_log10safe,LIN,sumratio,4:436671,4,436671,4.0112e-09,SORBI_3004G004800,0.624949
Sum_FA_over_PA_log10safe,LIN,sumratio,4:436809,4,436809,4.0112e-09,SORBI_3004G004800,0.624949
Sum_FA_over_PA_log10safe,LIN,sumratio,4:436671,4,436671,4.0112e-09,SORBI_3004G005300,0.624675
Sum_FA_over_PA_log10safe,LIN,sumratio,4:436809,4,436809,4.0112e-09,SORBI_3004G005300,0.624675
Sum_FA_over_PA_log10safe,LIN,sumratio,4:436671,4,436671,4.0112e-09,SORBI_3004G006400,0.615386
Sum_FA_over_PA_log10safe,LIN,sumratio,4:436809,4,436809,4.0112e-09,SORBI_3004G006400,0.615386
Sum_FA_over_PA_log10safe,LIN,sumratio,4:436671,4,436671,4.0112e-09,SORBI_3004G005300,0.614143
Sum_FA_over_PA_log10safe,LIN,sumratio,4:436809,4,436809,4.0112e-09,SORBI_3004G005300,0.614143
Sum_FA_over_PA_log10safe,LIN,sumratio,4:436671,4,436671,4.0112e-09,SORBI_3004G005300,0.597815
Sum_FA_over_PA_log10safe,LIN,sumratio,4:436809,4,436809,4.0112e-09,SORBI_3004G005300,0.597815
Sum_FA_over_PA_log10safe,LIN,sumratio,4:436671,4,436671,4.0112e-09,SORBI_3004G004800,0.594403
Sum_FA_over_PA_log10safe,LIN,sumratio,4:436671,4,436671,4.0112e-09,SORBI_3004G005300,0.594403
Sum_FA_over_PA_log10safe,LIN,sumratio,4:436809,4,436809,4.0112e-09,SORBI_3004G004800,0.594403
Sum_FA_over_PA_log10safe,LIN,sumratio,4:436809,4,436809,4.0112e-09,SORBI_3004G005300,0.594403
Sum_FA_over_PA_log10safe,LIN,sumratio,4:436671,4,436671,4.0112e-09,SORBI_3004G005300,0.581516
Sum_FA_over_PA_log10safe,LIN,sumratio,4:436809,4,436809,4.0112e-09,SORBI_3004G005300,0.581516
Sum_FA_over_PA_log10safe,LIN,sumratio,4:436671,4,436671,4.0112e-09,SORBI_3004G005300,0.571534
Sum_FA_over_PA_log10safe,LIN,sumratio,4:436809,4,436809,4.0112e-09,SORBI_3004G005300,0.571534
Sum_FA_over_PA_log10safe,LIN,sumratio,4:436671,4,436671,4.0112e-09,SORBI_3004G005700,0.565178
Sum_FA_over_PA_log10safe,LIN,sumratio,4:436809,4,436809,4.0112e-09,SORBI_3004G005700,0.565178
Sum_FA_over_PA_log10safe,LIN,sumratio,4:436671,4,436671,4.0112e-09,SORBI_3004G005700,0.557175
Sum_FA_over_PA_log10safe,LIN,sumratio,4:436809,4,436809,4.0112e-09,SORBI_3004G005700,0.557175
Sum_FA_over_PA_log10safe,LIN,sumratio,4:436671,4,436671,4.0112e-09,SORBI_3004G005300,0.551314
Sum_FA_over_PA_log10safe,LIN,sumratio,4:436809,4,436809,4.0112e-09,SORBI_3004G005300,0.551314
Sum_FA_over_PA_log10safe,LIN,sumratio,4:436671,4,436671,4.0112e-09,SORBI_3004G005300,0.551112
Sum_FA_over_PA_log10safe,LIN,sumratio,4:436809,4,436809,4.0112e-09,SORBI_3004G005300,0.551112
Sum_FA_over_PA_log10safe,LIN,sumratio,4:436671,4,436671,4.0112e-09,SORBI_3004G005300,0.546721
Sum_FA_over_PA_log10safe,LIN,sumratio,4:436809,4,436809,4.0112e-09,SORBI_3004G005300,0.546721
Sum_FA_over_PA_log10safe,LIN,sumratio,4:436671,4,436671,4.0112e-09,SORBI_3004G004800,0.542527
Sum_FA_over_PA_log10safe,LIN,sumratio,4:436809,4,436809,4.0112e-09,SORBI_3004G004800,0.542527
Sum_FA_over_PA_log10safe,LIN,sumratio,4:436671,4,436671,4.0112e-09,SORBI_3004G005300,0.538248
Sum_FA_over_PA_log10safe,LIN,sumratio,4:436809,4,436809,4.0112e-09,SORBI_3004G005300,0.538248
Sum_FA_over_PA_log10safe,LIN,sumratio,4:436671,4,436671,4.0112e-09,SORBI_3004G005300,0.530579
Sum_FA_over_PA_log10safe,LIN,sumratio,4:436809,4,436809,4.0112e-09,SORBI_3004G005300,0.530579
Sum_FA_over_PA_log10safe,LIN,sumratio,4:436671,4,436671,4.0112e-09,SORBI_3004G005300,0.528354
Sum_FA_over_PA_log10safe,LIN,sumratio,4:436809,4,436809,4.0112e-09,SORBI_3004G005300,0.528354
Sum_FA_over_PA_log10safe,LIN,sumratio,4:436671,4,436671,4.0112e-09,SORBI_3004G005000,0.525922
Sum_FA_over_PA_log10safe,LIN,sumratio,4:436809,4,436809,4.0112e-09,SORBI_3004G005000,0.525922
Sum_FA_over_PA_log10safe,LIN,sumratio,4:436671,4,436671,4.0112e-09,SORBI_3004G005300,0.525318
Sum_FA_over_PA_log10safe,LIN,sumratio,4:436809,4,436809,4.0112e-09,SORBI_3004G005300,0.525318
Sum_FA_over_PA_log10safe,LIN,sumratio,4:436671,4,436671,4.0112e-09,SORBI_3004G005300,0.522022
Sum_FA_over_PA_log10safe,LIN,sumratio,4:436809,4,436809,4.0112e-09,SORBI_3004G005300,0.522022
Sum_FA_over_PA_log10safe,LIN,sumratio,4:436671,4,436671,4.0112e-09,SORBI_3004G005300,0.517189
Sum_FA_over_PA_log10safe,LIN,sumratio,4:436809,4,436809,4.0112e-09,SORBI_3004G005300,0.517189
Sum_FA_over_PA_log10safe,LIN,sumratio,4:436671,4,436671,4.0112e-09,SORBI_3004G005300,0.516179
Sum_FA_over_PA_log10safe,LIN,sumratio,4:436809,4,436809,4.0112e-09,SORBI_3004G005300,0.516179
Sum_FA_over_PA_log10safe,LIN,sumratio,4:436671,4,436671,4.0112e-09,SORBI_3004G005300,0.514479
Sum_FA_over_PA_log10safe,LIN,sumratio,4:436809,4,436809,4.0112e-09,SORBI_3004G005300,0.514479
Sum_FA_over_PA_log10safe,LIN,sumratio,4:436671,4,436671,4.0112e-09,SORBI_3004G005300,0.513845
Sum_FA_over_PA_log10safe,LIN,sumratio,4:436809,4,436809,4.0112e-09,SORBI_3004G005300,0.513845
Sum_FA_over_PA_log10safe,LIN,sumratio,4:436671,4,436671,4.0112e-09,SORBI_3004G005300,0.509188
Sum_FA_over_PA_log10safe,LIN,sumratio,4:436809,4,436809,4.0112e-09,SORBI_3004G005300,0.509188
Sum_FA_over_PA_log10safe,LIN,sumratio,4:436671,4,436671,4.0112e-09,SORBI_3004G007500,0.507578
Sum_FA_over_PA_log10safe,LIN,sumratio,4:436809,4,436809,4.0112e-09,SORBI_3004G007500,0.507578
Sum_FA_over_PA_log10safe,LIN,sumratio,4:436671,4,436671,4.0112e-09,SORBI_3004G005000,0.506372
Sum_FA_over_PA_log10safe,LIN,sumratio,4:436809,4,436809,4.0112e-09,SORBI_3004G005000,0.506372
Sum_FA_over_PA_log10safe,LIN,sumratio,4:436671,4,436671,4.0112e-09,SORBI_3004G005300,0.503903
Sum_FA_over_PA_log10safe,LIN,sumratio,4:436809,4,436809,4.0112e-09,SORBI_3004G005300,0.503903
Sum_FA_over_PA_log10safe,LIN,sumratio,4:436671,4,436671,4.0112e-09,SORBI_3004G005300,0.502781
Sum_FA_over_PA_log10safe,LIN,sumratio,4:436809,4,436809,4.0112e-09,SORBI_3004G005300,0.502781
Sum_FA_over_PA_log10safe,LIN,sumratio,4:436671,4,436671,4.0112e-09,SORBI_3004G005300,0.498298
Sum_FA_over_PA_log10safe,LIN,sumratio,4:436809,4,436809,4.0112e-09,SORBI_3004G005300,0.498298
Sum_FA_over_PA_log10safe,LIN,sumratio,4:436671,4,436671,4.0112e-09,SORBI_3004G005300,0.486021
Sum_FA_over_PA_log10safe,LIN,sumratio,4:436809,4,436809,4.0112e-09,SORBI_3004G005300,0.486021
Sum_FA_over_PA_log10safe,LIN,sumratio,4:436671,4,436671,4.0112e-09,SORBI_3004G005300,0.472867
Sum_FA_over_PA_log10safe,LIN,sumratio,4:436809,4,436809,4.0112e-09,SORBI_3004G005300,0.472867
Sum_FA_over_PA_log10safe,LIN,sumratio,4:436671,4,436671,4.0112e-09,SORBI_3004G005200,0.470234
Sum_FA_over_PA_log10safe,LIN,sumratio,4:436809,4,436809,4.0112e-09,SORBI_3004G005200,0.470234
Sum_FA_over_PA_log10safe,LIN,sumratio,4:436671,4,436671,4.0112e-09,SORBI_3004G007100,0.466832
Sum_FA_over_PA_log10safe,LIN,sumratio,4:436809,4,436809,4.0112e-09,SORBI_3004G007100,0.466832
Sum_FA_over_PA_log10safe,LIN,sumratio,4:436671,4,436671,4.0112e-09,SORBI_3004G005300,0.464551
Sum_FA_over_PA_log10safe,LIN,sumratio,4:436809,4,436809,4.0112e-09,SORBI_3004G005300,0.464551
Sum_FA_over_PA_log10safe,LIN,sumratio,4:436671,4,436671,4.0112e-09,SORBI_3004G005300,0.464246
Sum_FA_over_PA_log10safe,LIN,sumratio,4:436809,4,436809,4.0112e-09,SORBI_3004G005300,0.464246
Sum_FA_over_PA_log10safe,LIN,sumratio,4:436671,4,436671,4.0112e-09,SORBI_3004G005300,0.461618
Sum_FA_over_PA_log10safe,LIN,sumratio,4:436809,4,436809,4.0112e-09,SORBI_3004G005300,0.461618
Sum_FA_over_PA_log10safe,LIN,sumratio,4:436671,4,436671,4.0112e-09,SORBI_3004G007133,0.461089
Sum_FA_over_PA_log10safe,LIN,sumratio,4:436809,4,436809,4.0112e-09,SORBI_3004G007133,0.461089
Sum_FA_over_PA_log10safe,LIN,sumratio,4:436671,4,436671,4.0112e-09,SORBI_3004G005300,0.459756
Sum_FA_over_PA_log10safe,LIN,sumratio,4:436809,4,436809,4.0112e-09,SORBI_3004G005300,0.459756
Sum_FA_over_PA_log10safe,LIN,sumratio,4:436671,4,436671,4.0112e-09,SORBI_3004G006600,0.449391
Sum_FA_over_PA_log10safe,LIN,sumratio,4:436671,4,436671,4.0112e-09,SORBI_3004G006700,0.449391
Sum_FA_over_PA_log10safe,LIN,sumratio,4:436809,4,436809,4.0112e-09,SORBI_3004G006600,0.449391
Sum_FA_over_PA_log10safe,LIN,sumratio,4:436809,4,436809,4.0112e-09,SORBI_3004G006700,0.449391
Sum_FA_over_PA_log10safe,LIN,sumratio,4:436671,4,436671,4.0112e-09,SORBI_3004G005300,0.448377
Sum_FA_over_PA_log10safe,LIN,sumratio,4:436809,4,436809,4.0112e-09,SORBI_3004G005300,0.448377
Sum_FA_over_PA_log10safe,LIN,sumratio,4:436671,4,436671,4.0112e-09,SORBI_3004G006900,0.44831
Sum_FA_over_PA_log10safe,LIN,sumratio,4:436671,4,436671,4.0112e-09,SORBI_3004G006966,0.44831
Sum_FA_over_PA_log10safe,LIN,sumratio,4:436809,4,436809,4.0112e-09,SORBI_3004G006900,0.44831
Sum_FA_over_PA_log10safe,LIN,sumratio,4:436809,4,436809,4.0112e-09,SORBI_3004G006966,0.44831
Sum_FA_over_PA_log10safe,LIN,sumratio,4:436671,4,436671,4.0112e-09,SORBI_3004G005300,0.448008
Sum_FA_over_PA_log10safe,LIN,sumratio,4:436809,4,436809,4.0112e-09,SORBI_3004G005300,0.448008
Sum_FA_over_PA_log10safe,LIN,sumratio,4:436671,4,436671,4.0112e-09,SORBI_3004G007100,0.445416
Sum_FA_over_PA_log10safe,LIN,sumratio,4:436809,4,436809,4.0112e-09,SORBI_3004G007100,0.445416
Sum_FA_over_PA_log10safe,LIN,sumratio,4:436671,4,436671,4.0112e-09,SORBI_3004G005300,0.443904
Sum_FA_over_PA_log10safe,LIN,sumratio,4:436809,4,436809,4.0112e-09,SORBI_3004G005300,0.443904
Sum_FA_over_PA_log10safe,LIN,sumratio,4:436671,4,436671,4.0112e-09,SORBI_3004G007200,0.440894
Sum_FA_over_PA_log10safe,LIN,sumratio,4:436809,4,436809,4.0112e-09,SORBI_3004G007200,0.440894
Sum_FA_over_PA_log10safe,LIN,sumratio,4:436671,4,436671,4.0112e-09,SORBI_3004G007133,0.440449
Sum_FA_over_PA_log10safe,LIN,sumratio,4:436809,4,436809,4.0112e-09,SORBI_3004G007133,0.440449
Sum_FA_over_PA_log10safe,LIN,sumratio,4:436671,4,436671,4.0112e-09,SORBI_3004G005200,0.432938
Sum_FA_over_PA_log10safe,LIN,sumratio,4:436809,4,436809,4.0112e-09,SORBI_3004G005200,0.432938
Sum_FA_over_PA_log10safe,LIN,sumratio,4:436671,4,436671,4.0112e-09,SORBI_3004G007200,0.432811
Sum_FA_over_PA_log10safe,LIN,sumratio,4:436809,4,436809,4.0112e-09,SORBI_3004G007200,0.432811
Sum_FA_over_PA_log10safe,LIN,sumratio,4:436671,4,436671,4.0112e-09,SORBI_3004G005300,0.429814
Sum_FA_over_PA_log10safe,LIN,sumratio,4:436809,4,436809,4.0112e-09,SORBI_3004G005300,0.429814
Sum_FA_over_PA_log10safe,LIN,sumratio,4:436671,4,436671,4.0112e-09,SORBI_3004G007200,0.42503
Sum_FA_over_PA_log10safe,LIN,sumratio,4:436809,4,436809,4.0112e-09,SORBI_3004G007200,0.42503
Sum_FA_over_PA_log10safe,LIN,sumratio,4:436671,4,436671,4.0112e-09,SORBI_3004G007300,0.421577
Sum_FA_over_PA_log10safe,LIN,sumratio,4:436809,4,436809,4.0112e-09,SORBI_3004G007300,0.421577
Sum_FA_over_PA_log10safe,LIN,sumratio,4:436671,4,436671,4.0112e-09,SORBI_3004G007032,0.421094
Sum_FA_over_PA_log10safe,LIN,sumratio,4:436809,4,436809,4.0112e-09,SORBI_3004G007032,0.421094
Sum_FA_over_PA_log10safe,LIN,sumratio,4:436671,4,436671,4.0112e-09,SORBI_3004G007200,0.418783
Sum_FA_over_PA_log10safe,LIN,sumratio,4:436809,4,436809,4.0112e-09,SORBI_3004G007200,0.418783
Sum_FA_over_PA_log10safe,LIN,sumratio,4:436671,4,436671,4.0112e-09,SORBI_3004G006900,0.41672
Sum_FA_over_PA_log10safe,LIN,sumratio,4:436809,4,436809,4.0112e-09,SORBI_3004G006900,0.41672
Sum_FA_over_PA_log10safe,LIN,sumratio,4:436671,4,436671,4.0112e-09,SORBI_3004G006800,0.413094
Sum_FA_over_PA_log10safe,LIN,sumratio,4:436809,4,436809,4.0112e-09,SORBI_3004G006800,0.413094
Sum_FA_over_PA_log10safe,LIN,sumratio,4:436671,4,436671,4.0112e-09,SORBI_3004G005300,0.411531
Sum_FA_over_PA_log10safe,LIN,sumratio,4:436809,4,436809,4.0112e-09,SORBI_3004G005300,0.411531
Sum_FA_over_PA_log10safe,LIN,sumratio,4:436671,4,436671,4.0112e-09,SORBI_3004G004300,0.409776
Sum_FA_over_PA_log10safe,LIN,sumratio,4:436809,4,436809,4.0112e-09,SORBI_3004G004300,0.409776
Sum_FA_over_PA_log10safe,LIN,sumratio,4:436671,4,436671,4.0112e-09,SORBI_3004G005300,0.407769
Sum_FA_over_PA_log10safe,LIN,sumratio,4:436809,4,436809,4.0112e-09,SORBI_3004G005300,0.407769
Sum_FA_over_PA_log10safe,LIN,sumratio,4:436671,4,436671,4.0112e-09,SORBI_3004G007400,0.406406
Sum_FA_over_PA_log10safe,LIN,sumratio,4:436809,4,436809,4.0112e-09,SORBI_3004G007400,0.406406
Sum_FA_over_PA_log10safe,LIN,sumratio,4:437149,4,437149,4.234376e-09,SORBI_3004G005300,0.719633
Sum_FA_over_PA_log10safe,LIN,sumratio,4:437149,4,437149,4.234376e-09,SORBI_3004G005200,0.703349
Sum_FA_over_PA_log10safe,LIN,sumratio,4:437149,4,437149,4.234376e-09,SORBI_3004G006400,0.626308
Sum_FA_over_PA_log10safe,LIN,sumratio,4:437149,4,437149,4.234376e-09,SORBI_3004G004800,0.624675
Sum_FA_over_PA_log10safe,LIN,sumratio,4:437149,4,437149,4.234376e-09,SORBI_3004G005300,0.623181
Sum_FA_over_PA_log10safe,LIN,sumratio,4:437149,4,437149,4.234376e-09,SORBI_3004G005300,0.606693
Sum_FA_over_PA_log10safe,LIN,sumratio,4:437149,4,437149,4.234376e-09,SORBI_3004G004800,0.595197
Sum_FA_over_PA_log10safe,LIN,sumratio,4:437149,4,437149,4.234376e-09,SORBI_3004G005300,0.595197
Sum_FA_over_PA_log10safe,LIN,sumratio,4:437149,4,437149,4.234376e-09,SORBI_3004G005300,0.591271
Sum_FA_over_PA_log10safe,LIN,sumratio,4:437149,4,437149,4.234376e-09,SORBI_3004G005300,0.575878
Sum_FA_over_PA_log10safe,LIN,sumratio,4:437149,4,437149,4.234376e-09,SORBI_3004G005300,0.572053
Sum_FA_over_PA_log10safe,LIN,sumratio,4:437149,4,437149,4.234376e-09,SORBI_3004G005700,0.565772
Sum_FA_over_PA_log10safe,LIN,sumratio,4:437149,4,437149,4.234376e-09,SORBI_3004G005700,0.55752
Sum_FA_over_PA_log10safe,LIN,sumratio,4:437149,4,437149,4.234376e-09,SORBI_3004G005300,0.549606
Sum_FA_over_PA_log10safe,LIN,sumratio,4:437149,4,437149,4.234376e-09,SORBI_3004G005300,0.5439
Sum_FA_over_PA_log10safe,LIN,sumratio,4:437149,4,437149,4.234376e-09,SORBI_3004G005300,0.539492
Sum_FA_over_PA_log10safe,LIN,sumratio,4:437149,4,437149,4.234376e-09,SORBI_3004G005300,0.53832
Sum_FA_over_PA_log10safe,LIN,sumratio,4:437149,4,437149,4.234376e-09,SORBI_3004G004800,0.535428
Sum_FA_over_PA_log10safe,LIN,sumratio,4:437149,4,437149,4.234376e-09,SORBI_3004G005300,0.53113
Sum_FA_over_PA_log10safe,LIN,sumratio,4:437149,4,437149,4.234376e-09,SORBI_3004G005300,0.529532
Sum_FA_over_PA_log10safe,LIN,sumratio,4:437149,4,437149,4.234376e-09,SORBI_3004G005300,0.526566
Sum_FA_over_PA_log10safe,LIN,sumratio,4:437149,4,437149,4.234376e-09,SORBI_3004G005300,0.522995
Sum_FA_over_PA_log10safe,LIN,sumratio,4:437149,4,437149,4.234376e-09,SORBI_3004G005300,0.520619
Sum_FA_over_PA_log10safe,LIN,sumratio,4:437149,4,437149,4.234376e-09,SORBI_3004G005000,0.518895
Sum_FA_over_PA_log10safe,LIN,sumratio,4:437149,4,437149,4.234376e-09,SORBI_3004G005300,0.51529
Sum_FA_over_PA_log10safe,LIN,sumratio,4:437149,4,437149,4.234376e-09,SORBI_3004G005300,0.511666
Sum_FA_over_PA_log10safe,LIN,sumratio,4:437149,4,437149,4.234376e-09,SORBI_3004G005300,0.510235
Sum_FA_over_PA_log10safe,LIN,sumratio,4:437149,4,437149,4.234376e-09,SORBI_3004G005300,0.507507
Sum_FA_over_PA_log10safe,LIN,sumratio,4:437149,4,437149,4.234376e-09,SORBI_3004G005300,0.505337
Sum_FA_over_PA_log10safe,LIN,sumratio,4:437149,4,437149,4.234376e-09,SORBI_3004G007500,0.505276
Sum_FA_over_PA_log10safe,LIN,sumratio,4:437149,4,437149,4.234376e-09,SORBI_3004G005000,0.499394
Sum_FA_over_PA_log10safe,LIN,sumratio,4:437149,4,437149,4.234376e-09,SORBI_3004G005300,0.498068
Sum_FA_over_PA_log10safe,LIN,sumratio,4:437149,4,437149,4.234376e-09,SORBI_3004G005300,0.493663
Sum_FA_over_PA_log10safe,LIN,sumratio,4:437149,4,437149,4.234376e-09,SORBI_3004G005300,0.485197
Sum_FA_over_PA_log10safe,LIN,sumratio,4:437149,4,437149,4.234376e-09,SORBI_3004G005300,0.481326
Sum_FA_over_PA_log10safe,LIN,sumratio,4:437149,4,437149,4.234376e-09,SORBI_3004G005300,0.4717
Sum_FA_over_PA_log10safe,LIN,sumratio,4:437149,4,437149,4.234376e-09,SORBI_3004G007100,0.467025
Sum_FA_over_PA_log10safe,LIN,sumratio,4:437149,4,437149,4.234376e-09,SORBI_3004G005200,0.465554
Sum_FA_over_PA_log10safe,LIN,sumratio,4:437149,4,437149,4.234376e-09,SORBI_3004G005300,0.46429
Sum_FA_over_PA_log10safe,LIN,sumratio,4:437149,4,437149,4.234376e-09,SORBI_3004G005300,0.462202
Sum_FA_over_PA_log10safe,LIN,sumratio,4:437149,4,437149,4.234376e-09,SORBI_3004G007133,0.461185
Sum_FA_over_PA_log10safe,LIN,sumratio,4:437149,4,437149,4.234376e-09,SORBI_3004G005300,0.460415
Sum_FA_over_PA_log10safe,LIN,sumratio,4:437149,4,437149,4.234376e-09,SORBI_3004G005300,0.457665
Sum_FA_over_PA_log10safe,LIN,sumratio,4:437149,4,437149,4.234376e-09,SORBI_3004G006600,0.451217
Sum_FA_over_PA_log10safe,LIN,sumratio,4:437149,4,437149,4.234376e-09,SORBI_3004G006700,0.451217
Sum_FA_over_PA_log10safe,LIN,sumratio,4:437149,4,437149,4.234376e-09,SORBI_3004G006900,0.451126
Sum_FA_over_PA_log10safe,LIN,sumratio,4:437149,4,437149,4.234376e-09,SORBI_3004G006966,0.451126
Sum_FA_over_PA_log10safe,LIN,sumratio,4:437149,4,437149,4.234376e-09,SORBI_3004G005300,0.447142
Sum_FA_over_PA_log10safe,LIN,sumratio,4:437149,4,437149,4.234376e-09,SORBI_3004G007100,0.445405
Sum_FA_over_PA_log10safe,LIN,sumratio,4:437149,4,437149,4.234376e-09,SORBI_3004G005300,0.442615
Sum_FA_over_PA_log10safe,LIN,sumratio,4:437149,4,437149,4.234376e-09,SORBI_3004G007200,0.442364
Sum_FA_over_PA_log10safe,LIN,sumratio,4:437149,4,437149,4.234376e-09,SORBI_3004G007133,0.440364
Sum_FA_over_PA_log10safe,LIN,sumratio,4:437149,4,437149,4.234376e-09,SORBI_3004G005300,0.434142
Sum_FA_over_PA_log10safe,LIN,sumratio,4:437149,4,437149,4.234376e-09,SORBI_3004G007200,0.433633
Sum_FA_over_PA_log10safe,LIN,sumratio,4:437149,4,437149,4.234376e-09,SORBI_3004G005300,0.43025
Sum_FA_over_PA_log10safe,LIN,sumratio,4:437149,4,437149,4.234376e-09,SORBI_3004G007200,0.428454
Sum_FA_over_PA_log10safe,LIN,sumratio,4:437149,4,437149,4.234376e-09,SORBI_3004G007300,0.422849
Sum_FA_over_PA_log10safe,LIN,sumratio,4:437149,4,437149,4.234376e-09,SORBI_3004G007032,0.422345
Sum_FA_over_PA_log10safe,LIN,sumratio,4:437149,4,437149,4.234376e-09,SORBI_3004G005200,0.420122
Sum_FA_over_PA_log10safe,LIN,sumratio,4:437149,4,437149,4.234376e-09,SORBI_3004G007200,0.419524
Sum_FA_over_PA_log10safe,LIN,sumratio,4:437149,4,437149,4.234376e-09,SORBI_3004G006800,0.418313
Sum_FA_over_PA_log10safe,LIN,sumratio,4:437149,4,437149,4.234376e-09,SORBI_3004G006900,0.415183
Sum_FA_over_PA_log10safe,LIN,sumratio,4:437149,4,437149,4.234376e-09,SORBI_3004G004300,0.411657
Sum_FA_over_PA_log10safe,LIN,sumratio,4:437149,4,437149,4.234376e-09,SORBI_3004G005300,0.410922
Sum_FA_over_PA_log10safe,LIN,sumratio,4:437149,4,437149,4.234376e-09,SORBI_3004G005300,0.410173
Sum_FA_over_PA_log10safe,LIN,sumratio,4:437149,4,437149,4.234376e-09,SORBI_3004G007400,0.407753
Sum_FA_over_PA_log10safe,LIN,sumratio,4:437149,4,437149,4.234376e-09,SORBI_3004G007200,0.402842
Sum_FA_over_PA_log10safe,LIN,sumratio,4:435972,4,435972,4.832976e-09,SORBI_3004G005200,0.718741
Sum_FA_over_PA_log10safe,LIN,sumratio,4:435972,4,435972,4.832976e-09,SORBI_3004G005300,0.713398
Sum_FA_over_PA_log10safe,LIN,sumratio,4:435972,4,435972,4.832976e-09,SORBI_3004G004800,0.649356
Sum_FA_over_PA_log10safe,LIN,sumratio,4:435972,4,435972,4.832976e-09,SORBI_3004G005300,0.649163
Sum_FA_over_PA_log10safe,LIN,sumratio,4:435972,4,435972,4.832976e-09,SORBI_3004G004800,0.617632
Sum_FA_over_PA_log10safe,LIN,sumratio,4:435972,4,435972,4.832976e-09,SORBI_3004G005300,0.617632
Sum_FA_over_PA_log10safe,LIN,sumratio,4:435972,4,435972,4.832976e-09,SORBI_3004G005300,0.605509
Sum_FA_over_PA_log10safe,LIN,sumratio,4:435972,4,435972,4.832976e-09,SORBI_3004G006400,0.605094
Sum_FA_over_PA_log10safe,LIN,sumratio,4:435972,4,435972,4.832976e-09,SORBI_3004G005300,0.594024
Sum_FA_over_PA_log10safe,LIN,sumratio,4:435972,4,435972,4.832976e-09,SORBI_3004G005300,0.588623
Sum_FA_over_PA_log10safe,LIN,sumratio,4:435972,4,435972,4.832976e-09,SORBI_3004G005300,0.588145
Sum_FA_over_PA_log10safe,LIN,sumratio,4:435972,4,435972,4.832976e-09,SORBI_3004G005700,0.587367
Sum_FA_over_PA_log10safe,LIN,sumratio,4:435972,4,435972,4.832976e-09,SORBI_3004G005700,0.579201
Sum_FA_over_PA_log10safe,LIN,sumratio,4:435972,4,435972,4.832976e-09,SORBI_3004G005300,0.573162
Sum_FA_over_PA_log10safe,LIN,sumratio,4:435972,4,435972,4.832976e-09,SORBI_3004G005300,0.549384
Sum_FA_over_PA_log10safe,LIN,sumratio,4:435972,4,435972,4.832976e-09,SORBI_3004G005300,0.543347
Sum_FA_over_PA_log10safe,LIN,sumratio,4:435972,4,435972,4.832976e-09,SORBI_3004G005300,0.539016
Sum_FA_over_PA_log10safe,LIN,sumratio,4:435972,4,435972,4.832976e-09,SORBI_3004G005300,0.537866
Sum_FA_over_PA_log10safe,LIN,sumratio,4:435972,4,435972,4.832976e-09,SORBI_3004G004800,0.534884
Sum_FA_over_PA_log10safe,LIN,sumratio,4:435972,4,435972,4.832976e-09,SORBI_3004G005300,0.530662
Sum_FA_over_PA_log10safe,LIN,sumratio,4:435972,4,435972,4.832976e-09,SORBI_3004G005300,0.522394
Sum_FA_over_PA_log10safe,LIN,sumratio,4:435972,4,435972,4.832976e-09,SORBI_3004G005300,0.520487
Sum_FA_over_PA_log10safe,LIN,sumratio,4:435972,4,435972,4.832976e-09,SORBI_3004G005000,0.518508
Sum_FA_over_PA_log10safe,LIN,sumratio,4:435972,4,435972,4.832976e-09,SORBI_3004G005300,0.515724
Sum_FA_over_PA_log10safe,LIN,sumratio,4:435972,4,435972,4.832976e-09,SORBI_3004G005300,0.514311
Sum_FA_over_PA_log10safe,LIN,sumratio,4:435972,4,435972,4.832976e-09,SORBI_3004G005300,0.513962
Sum_FA_over_PA_log10safe,LIN,sumratio,4:435972,4,435972,4.832976e-09,SORBI_3004G005300,0.508273
Sum_FA_over_PA_log10safe,LIN,sumratio,4:435972,4,435972,4.832976e-09,SORBI_3004G005300,0.507857
Sum_FA_over_PA_log10safe,LIN,sumratio,4:435972,4,435972,4.832976e-09,SORBI_3004G005300,0.505911
Sum_FA_over_PA_log10safe,LIN,sumratio,4:435972,4,435972,4.832976e-09,SORBI_3004G005000,0.499227
Sum_FA_over_PA_log10safe,LIN,sumratio,4:435972,4,435972,4.832976e-09,SORBI_3004G007500,0.496311
Sum_FA_over_PA_log10safe,LIN,sumratio,4:435972,4,435972,4.832976e-09,SORBI_3004G005300,0.495775
Sum_FA_over_PA_log10safe,LIN,sumratio,4:435972,4,435972,4.832976e-09,SORBI_3004G005300,0.49198
Sum_FA_over_PA_log10safe,LIN,sumratio,4:435972,4,435972,4.832976e-09,SORBI_3004G005300,0.491364
Sum_FA_over_PA_log10safe,LIN,sumratio,4:435972,4,435972,4.832976e-09,SORBI_3004G005300,0.489176
Sum_FA_over_PA_log10safe,LIN,sumratio,4:435972,4,435972,4.832976e-09,SORBI_3004G007100,0.486854
Sum_FA_over_PA_log10safe,LIN,sumratio,4:435972,4,435972,4.832976e-09,SORBI_3004G005300,0.483265
Sum_FA_over_PA_log10safe,LIN,sumratio,4:435972,4,435972,4.832976e-09,SORBI_3004G005300,0.483011
Sum_FA_over_PA_log10safe,LIN,sumratio,4:435972,4,435972,4.832976e-09,SORBI_3004G007133,0.480925
Sum_FA_over_PA_log10safe,LIN,sumratio,4:435972,4,435972,4.832976e-09,SORBI_3004G005300,0.480265
Sum_FA_over_PA_log10safe,LIN,sumratio,4:435972,4,435972,4.832976e-09,SORBI_3004G005300,0.478381
Sum_FA_over_PA_log10safe,LIN,sumratio,4:435972,4,435972,4.832976e-09,SORBI_3004G005200,0.475436
Sum_FA_over_PA_log10safe,LIN,sumratio,4:435972,4,435972,4.832976e-09,SORBI_3004G006600,0.467326
Sum_FA_over_PA_log10safe,LIN,sumratio,4:435972,4,435972,4.832976e-09,SORBI_3004G006700,0.467326
Sum_FA_over_PA_log10safe,LIN,sumratio,4:435972,4,435972,4.832976e-09,SORBI_3004G005300,0.46653
Sum_FA_over_PA_log10safe,LIN,sumratio,4:435972,4,435972,4.832976e-09,SORBI_3004G006900,0.466248
Sum_FA_over_PA_log10safe,LIN,sumratio,4:435972,4,435972,4.832976e-09,SORBI_3004G006966,0.466248
Sum_FA_over_PA_log10safe,LIN,sumratio,4:435972,4,435972,4.832976e-09,SORBI_3004G007100,0.464653
Sum_FA_over_PA_log10safe,LIN,sumratio,4:435972,4,435972,4.832976e-09,SORBI_3004G005300,0.461917
Sum_FA_over_PA_log10safe,LIN,sumratio,4:435972,4,435972,4.832976e-09,SORBI_3004G007133,0.459505
Sum_FA_over_PA_log10safe,LIN,sumratio,4:435972,4,435972,4.832976e-09,SORBI_3004G007200,0.459061
Sum_FA_over_PA_log10safe,LIN,sumratio,4:435972,4,435972,4.832976e-09,SORBI_3004G007200,0.45161
Sum_FA_over_PA_log10safe,LIN,sumratio,4:435972,4,435972,4.832976e-09,SORBI_3004G005200,0.450337
Sum_FA_over_PA_log10safe,LIN,sumratio,4:435972,4,435972,4.832976e-09,SORBI_3004G005300,0.450192
Sum_FA_over_PA_log10safe,LIN,sumratio,4:435972,4,435972,4.832976e-09,SORBI_3004G005300,0.447235
Sum_FA_over_PA_log10safe,LIN,sumratio,4:435972,4,435972,4.832976e-09,SORBI_3004G006800,0.446456
Sum_FA_over_PA_log10safe,LIN,sumratio,4:435972,4,435972,4.832976e-09,SORBI_3004G007200,0.442541
Sum_FA_over_PA_log10safe,LIN,sumratio,4:435972,4,435972,4.832976e-09,SORBI_3004G004300,0.441534
Sum_FA_over_PA_log10safe,LIN,sumratio,4:435972,4,435972,4.832976e-09,SORBI_3004G007300,0.438997
Sum_FA_over_PA_log10safe,LIN,sumratio,4:435972,4,435972,4.832976e-09,SORBI_3004G007032,0.438527
Sum_FA_over_PA_log10safe,LIN,sumratio,4:435972,4,435972,4.832976e-09,SORBI_3004G007200,0.43698
Sum_FA_over_PA_log10safe,LIN,sumratio,4:435972,4,435972,4.832976e-09,SORBI_3004G005300,0.428349
Sum_FA_over_PA_log10safe,LIN,sumratio,4:435972,4,435972,4.832976e-09,SORBI_3004G006800,0.422897
Sum_FA_over_PA_log10safe,LIN,sumratio,4:435972,4,435972,4.832976e-09,SORBI_3004G007400,0.422828
Sum_FA_over_PA_log10safe,LIN,sumratio,4:435972,4,435972,4.832976e-09,SORBI_3004G006900,0.41672
Sum_FA_over_PA_log10safe,LIN,sumratio,4:435972,4,435972,4.832976e-09,SORBI_3004G007200,0.416218
Sum_FA_over_PA_log10safe,LIN,sumratio,4:435972,4,435972,4.832976e-09,SORBI_3004G005300,0.412983
Sum_FA_over_PA_log10safe,LIN,sumratio,4:435972,4,435972,4.832976e-09,SORBI_3004G007200,0.404484
Sum_FA_over_PA_log10safe,LIN,sumratio,4:435972,4,435972,4.832976e-09,SORBI_3004G005300,0.401937
Sum_FA_over_PA_log10safe,LIN,sumratio,4:435653,4,435653,5.162999e-09,SORBI_3004G005300,0.640454
Sum_FA_over_PA_log10safe,LIN,sumratio,4:435654,4,435654,5.162999e-09,SORBI_3004G005300,0.640454
Sum_FA_over_PA_log10safe,LIN,sumratio,4:435653,4,435653,5.162999e-09,SORBI_3004G005300,0.639363
Sum_FA_over_PA_log10safe,LIN,sumratio,4:435654,4,435654,5.162999e-09,SORBI_3004G005300,0.639363
Sum_FA_over_PA_log10safe,LIN,sumratio,4:435653,4,435653,5.162999e-09,SORBI_3004G005300,0.62572
Sum_FA_over_PA_log10safe,LIN,sumratio,4:435654,4,435654,5.162999e-09,SORBI_3004G005300,0.62572
Sum_FA_over_PA_log10safe,LIN,sumratio,4:435653,4,435653,5.162999e-09,SORBI_3004G005300,0.564204
Sum_FA_over_PA_log10safe,LIN,sumratio,4:435654,4,435654,5.162999e-09,SORBI_3004G005300,0.564204
Sum_FA_over_PA_log10safe,LIN,sumratio,4:435653,4,435653,5.162999e-09,SORBI_3004G005200,0.553213
Sum_FA_over_PA_log10safe,LIN,sumratio,4:435654,4,435654,5.162999e-09,SORBI_3004G005200,0.553213
Sum_FA_over_PA_log10safe,LIN,sumratio,4:435653,4,435653,5.162999e-09,SORBI_3004G005700,0.53142
Sum_FA_over_PA_log10safe,LIN,sumratio,4:435654,4,435654,5.162999e-09,SORBI_3004G005700,0.53142
Sum_FA_over_PA_log10safe,LIN,sumratio,4:435653,4,435653,5.162999e-09,SORBI_3004G005300,0.50954
Sum_FA_over_PA_log10safe,LIN,sumratio,4:435654,4,435654,5.162999e-09,SORBI_3004G005300,0.50954
Sum_FA_over_PA_log10safe,LIN,sumratio,4:435653,4,435653,5.162999e-09,SORBI_3004G005300,0.504347
Sum_FA_over_PA_log10safe,LIN,sumratio,4:435654,4,435654,5.162999e-09,SORBI_3004G005300,0.504347
Sum_FA_over_PA_log10safe,LIN,sumratio,4:435653,4,435653,5.162999e-09,SORBI_3004G005300,0.500669
Sum_FA_over_PA_log10safe,LIN,sumratio,4:435654,4,435654,5.162999e-09,SORBI_3004G005300,0.500669
Sum_FA_over_PA_log10safe,LIN,sumratio,4:435653,4,435653,5.162999e-09,SORBI_3004G005300,0.495152
Sum_FA_over_PA_log10safe,LIN,sumratio,4:435654,4,435654,5.162999e-09,SORBI_3004G005300,0.495152
Sum_FA_over_PA_log10safe,LIN,sumratio,4:435653,4,435653,5.162999e-09,SORBI_3004G005300,0.490314
Sum_FA_over_PA_log10safe,LIN,sumratio,4:435654,4,435654,5.162999e-09,SORBI_3004G005300,0.490314
Sum_FA_over_PA_log10safe,LIN,sumratio,4:435653,4,435653,5.162999e-09,SORBI_3004G005300,0.486932
Sum_FA_over_PA_log10safe,LIN,sumratio,4:435654,4,435654,5.162999e-09,SORBI_3004G005300,0.486932
Sum_FA_over_PA_log10safe,LIN,sumratio,4:435653,4,435653,5.162999e-09,SORBI_3004G005300,0.480589
Sum_FA_over_PA_log10safe,LIN,sumratio,4:435654,4,435654,5.162999e-09,SORBI_3004G005300,0.480589
Sum_FA_over_PA_log10safe,LIN,sumratio,4:435653,4,435653,5.162999e-09,SORBI_3004G005300,0.477064
Sum_FA_over_PA_log10safe,LIN,sumratio,4:435654,4,435654,5.162999e-09,SORBI_3004G005300,0.477064
Sum_FA_over_PA_log10safe,LIN,sumratio,4:435653,4,435653,5.162999e-09,SORBI_3004G006400,0.476197
Sum_FA_over_PA_log10safe,LIN,sumratio,4:435654,4,435654,5.162999e-09,SORBI_3004G006400,0.476197
Sum_FA_over_PA_log10safe,LIN,sumratio,4:435653,4,435653,5.162999e-09,SORBI_3004G005300,0.475749
Sum_FA_over_PA_log10safe,LIN,sumratio,4:435654,4,435654,5.162999e-09,SORBI_3004G005300,0.475749
Sum_FA_over_PA_log10safe,LIN,sumratio,4:435653,4,435653,5.162999e-09,SORBI_3004G004800,0.47558
Sum_FA_over_PA_log10safe,LIN,sumratio,4:435654,4,435654,5.162999e-09,SORBI_3004G004800,0.47558
Sum_FA_over_PA_log10safe,LIN,sumratio,4:435653,4,435653,5.162999e-09,SORBI_3004G005300,0.467976
Sum_FA_over_PA_log10safe,LIN,sumratio,4:435654,4,435654,5.162999e-09,SORBI_3004G005300,0.467976
Sum_FA_over_PA_log10safe,LIN,sumratio,4:435653,4,435653,5.162999e-09,SORBI_3004G005300,0.465717
Sum_FA_over_PA_log10safe,LIN,sumratio,4:435654,4,435654,5.162999e-09,SORBI_3004G005300,0.465717
Sum_FA_over_PA_log10safe,LIN,sumratio,4:435653,4,435653,5.162999e-09,SORBI_3004G005300,0.453479
Sum_FA_over_PA_log10safe,LIN,sumratio,4:435654,4,435654,5.162999e-09,SORBI_3004G005300,0.453479
Sum_FA_over_PA_log10safe,LIN,sumratio,4:435653,4,435653,5.162999e-09,SORBI_3004G004800,0.449937
Sum_FA_over_PA_log10safe,LIN,sumratio,4:435653,4,435653,5.162999e-09,SORBI_3004G005300,0.449937
Sum_FA_over_PA_log10safe,LIN,sumratio,4:435654,4,435654,5.162999e-09,SORBI_3004G004800,0.449937
Sum_FA_over_PA_log10safe,LIN,sumratio,4:435654,4,435654,5.162999e-09,SORBI_3004G005300,0.449937
Sum_FA_over_PA_log10safe,LIN,sumratio,4:435653,4,435653,5.162999e-09,SORBI_3004G005300,0.443291
Sum_FA_over_PA_log10safe,LIN,sumratio,4:435654,4,435654,5.162999e-09,SORBI_3004G005300,0.443291
Sum_FA_over_PA_log10safe,LIN,sumratio,4:435653,4,435653,5.162999e-09,SORBI_3004G005300,0.431602
Sum_FA_over_PA_log10safe,LIN,sumratio,4:435654,4,435654,5.162999e-09,SORBI_3004G005300,0.431602
Sum_FA_over_PA_log10safe,LIN,sumratio,4:435653,4,435653,5.162999e-09,SORBI_3004G005000,0.430854
Sum_FA_over_PA_log10safe,LIN,sumratio,4:435654,4,435654,5.162999e-09,SORBI_3004G005000,0.430854
Sum_FA_over_PA_log10safe,LIN,sumratio,4:435653,4,435653,5.162999e-09,SORBI_3004G005300,0.429899
Sum_FA_over_PA_log10safe,LIN,sumratio,4:435654,4,435654,5.162999e-09,SORBI_3004G005300,0.429899
Sum_FA_over_PA_log10safe,LIN,sumratio,4:435653,4,435653,5.162999e-09,SORBI_3004G005700,0.427141
Sum_FA_over_PA_log10safe,LIN,sumratio,4:435654,4,435654,5.162999e-09,SORBI_3004G005700,0.427141
Sum_FA_over_PA_log10safe,LIN,sumratio,4:435653,4,435653,5.162999e-09,SORBI_3004G005300,0.426954
Sum_FA_over_PA_log10safe,LIN,sumratio,4:435654,4,435654,5.162999e-09,SORBI_3004G005300,0.426954
Sum_FA_over_PA_log10safe,LIN,sumratio,4:435653,4,435653,5.162999e-09,SORBI_3004G005300,0.423295
Sum_FA_over_PA_log10safe,LIN,sumratio,4:435654,4,435654,5.162999e-09,SORBI_3004G005300,0.423295
Sum_FA_over_PA_log10safe,LIN,sumratio,4:435653,4,435653,5.162999e-09,SORBI_3004G004800,0.420304
Sum_FA_over_PA_log10safe,LIN,sumratio,4:435654,4,435654,5.162999e-09,SORBI_3004G004800,0.420304
Sum_FA_over_PA_log10safe,LIN,sumratio,4:435653,4,435653,5.162999e-09,SORBI_3004G005300,0.4195
Sum_FA_over_PA_log10safe,LIN,sumratio,4:435654,4,435654,5.162999e-09,SORBI_3004G005300,0.4195
Sum_FA_over_PA_log10safe,LIN,sumratio,4:435653,4,435653,5.162999e-09,SORBI_3004G005300,0.418239
Sum_FA_over_PA_log10safe,LIN,sumratio,4:435654,4,435654,5.162999e-09,SORBI_3004G005300,0.418239
Sum_FA_over_PA_log10safe,LIN,sumratio,4:435653,4,435653,5.162999e-09,SORBI_3004G006900,0.417911
Sum_FA_over_PA_log10safe,LIN,sumratio,4:435654,4,435654,5.162999e-09,SORBI_3004G006900,0.417911
Sum_FA_over_PA_log10safe,LIN,sumratio,4:435653,4,435653,5.162999e-09,SORBI_3004G005300,0.417787
Sum_FA_over_PA_log10safe,LIN,sumratio,4:435654,4,435654,5.162999e-09,SORBI_3004G005300,0.417787
Sum_FA_over_PA_log10safe,LIN,sumratio,4:435653,4,435653,5.162999e-09,SORBI_3004G005300,0.416734
Sum_FA_over_PA_log10safe,LIN,sumratio,4:435654,4,435654,5.162999e-09,SORBI_3004G005300,0.416734
Sum_FA_over_PA_log10safe,LIN,sumratio,4:435653,4,435653,5.162999e-09,SORBI_3004G005300,0.409141
Sum_FA_over_PA_log10safe,LIN,sumratio,4:435654,4,435654,5.162999e-09,SORBI_3004G005300,0.409141
Sum_FA_over_PA_log10safe,LIN,sumratio,4:435653,4,435653,5.162999e-09,SORBI_3004G005300,0.402031
Sum_FA_over_PA_log10safe,LIN,sumratio,4:435654,4,435654,5.162999e-09,SORBI_3004G005300,0.402031
Sum_FA_over_PA_log10safe,LIN,sumratio,4:435653,4,435653,5.162999e-09,SORBI_3004G005300,0.401434
Sum_FA_over_PA_log10safe,LIN,sumratio,4:435654,4,435654,5.162999e-09,SORBI_3004G005300,0.401434
Sum_FA_over_PA_log10safe,LIN,sumratio,4:436995,4,436995,5.438944e-09,SORBI_3004G005200,0.718741
Sum_FA_over_PA_log10safe,LIN,sumratio,4:436995,4,436995,5.438944e-09,SORBI_3004G005300,0.713398
Sum_FA_over_PA_log10safe,LIN,sumratio,4:436995,4,436995,5.438944e-09,SORBI_3004G005300,0.610385
Sum_FA_over_PA_log10safe,LIN,sumratio,4:436995,4,436995,5.438944e-09,SORBI_3004G004800,0.609571
Sum_FA_over_PA_log10safe,LIN,sumratio,4:436995,4,436995,5.438944e-09,SORBI_3004G005300,0.605509
Sum_FA_over_PA_log10safe,LIN,sumratio,4:436995,4,436995,5.438944e-09,SORBI_3004G006400,0.605094
Sum_FA_over_PA_log10safe,LIN,sumratio,4:436995,4,436995,5.438944e-09,SORBI_3004G005300,0.588623
Sum_FA_over_PA_log10safe,LIN,sumratio,4:436995,4,436995,5.438944e-09,SORBI_3004G004800,0.578661
Sum_FA_over_PA_log10safe,LIN,sumratio,4:436995,4,436995,5.438944e-09,SORBI_3004G005300,0.578661
Sum_FA_over_PA_log10safe,LIN,sumratio,4:436995,4,436995,5.438944e-09,SORBI_3004G005300,0.571771
Sum_FA_over_PA_log10safe,LIN,sumratio,4:436995,4,436995,5.438944e-09,SORBI_3004G005300,0.556351
Sum_FA_over_PA_log10safe,LIN,sumratio,4:436995,4,436995,5.438944e-09,SORBI_3004G005700,0.550179
Sum_FA_over_PA_log10safe,LIN,sumratio,4:436995,4,436995,5.438944e-09,SORBI_3004G005300,0.543347
Sum_FA_over_PA_log10safe,LIN,sumratio,4:436995,4,436995,5.438944e-09,SORBI_3004G005700,0.542342
Sum_FA_over_PA_log10safe,LIN,sumratio,4:436995,4,436995,5.438944e-09,SORBI_3004G005300,0.539016
Sum_FA_over_PA_log10safe,LIN,sumratio,4:436995,4,436995,5.438944e-09,SORBI_3004G005300,0.538648
Sum_FA_over_PA_log10safe,LIN,sumratio,4:436995,4,436995,5.438944e-09,SORBI_3004G004800,0.534884
Sum_FA_over_PA_log10safe,LIN,sumratio,4:436995,4,436995,5.438944e-09,SORBI_3004G005300,0.530662
Sum_FA_over_PA_log10safe,LIN,sumratio,4:436995,4,436995,5.438944e-09,SORBI_3004G005300,0.528511
Sum_FA_over_PA_log10safe,LIN,sumratio,4:436995,4,436995,5.438944e-09,SORBI_3004G005300,0.522394
Sum_FA_over_PA_log10safe,LIN,sumratio,4:436995,4,436995,5.438944e-09,SORBI_3004G005300,0.51851
Sum_FA_over_PA_log10safe,LIN,sumratio,4:436995,4,436995,5.438944e-09,SORBI_3004G005000,0.518508
Sum_FA_over_PA_log10safe,LIN,sumratio,4:436995,4,436995,5.438944e-09,SORBI_3004G005300,0.516194
Sum_FA_over_PA_log10safe,LIN,sumratio,4:436995,4,436995,5.438944e-09,SORBI_3004G005300,0.515724
Sum_FA_over_PA_log10safe,LIN,sumratio,4:436995,4,436995,5.438944e-09,SORBI_3004G005300,0.509988
Sum_FA_over_PA_log10safe,LIN,sumratio,4:436995,4,436995,5.438944e-09,SORBI_3004G005300,0.507857
Sum_FA_over_PA_log10safe,LIN,sumratio,4:436995,4,436995,5.438944e-09,SORBI_3004G005300,0.505911
Sum_FA_over_PA_log10safe,LIN,sumratio,4:436995,4,436995,5.438944e-09,SORBI_3004G005300,0.505821
Sum_FA_over_PA_log10safe,LIN,sumratio,4:436995,4,436995,5.438944e-09,SORBI_3004G005300,0.505265
Sum_FA_over_PA_log10safe,LIN,sumratio,4:436995,4,436995,5.438944e-09,SORBI_3004G005000,0.499227
Sum_FA_over_PA_log10safe,LIN,sumratio,4:436995,4,436995,5.438944e-09,SORBI_3004G005300,0.4991
Sum_FA_over_PA_log10safe,LIN,sumratio,4:436995,4,436995,5.438944e-09,SORBI_3004G007500,0.496311
Sum_FA_over_PA_log10safe,LIN,sumratio,4:436995,4,436995,5.438944e-09,SORBI_3004G005300,0.493582
Sum_FA_over_PA_log10safe,LIN,sumratio,4:436995,4,436995,5.438944e-09,SORBI_3004G005300,0.477118
Sum_FA_over_PA_log10safe,LIN,sumratio,4:436995,4,436995,5.438944e-09,SORBI_3004G005300,0.461917
Sum_FA_over_PA_log10safe,LIN,sumratio,4:436995,4,436995,5.438944e-09,SORBI_3004G005200,0.461608
Sum_FA_over_PA_log10safe,LIN,sumratio,4:436995,4,436995,5.438944e-09,SORBI_3004G005300,0.453495
Sum_FA_over_PA_log10safe,LIN,sumratio,4:436995,4,436995,5.438944e-09,SORBI_3004G007100,0.453056
Sum_FA_over_PA_log10safe,LIN,sumratio,4:436995,4,436995,5.438944e-09,SORBI_3004G005300,0.452077
Sum_FA_over_PA_log10safe,LIN,sumratio,4:436995,4,436995,5.438944e-09,SORBI_3004G005300,0.450095
Sum_FA_over_PA_log10safe,LIN,sumratio,4:436995,4,436995,5.438944e-09,SORBI_3004G006900,0.449676
Sum_FA_over_PA_log10safe,LIN,sumratio,4:436995,4,436995,5.438944e-09,SORBI_3004G006966,0.449676
Sum_FA_over_PA_log10safe,LIN,sumratio,4:436995,4,436995,5.438944e-09,SORBI_3004G005300,0.4491
Sum_FA_over_PA_log10safe,LIN,sumratio,4:436995,4,436995,5.438944e-09,SORBI_3004G007133,0.447463
Sum_FA_over_PA_log10safe,LIN,sumratio,4:436995,4,436995,5.438944e-09,SORBI_3004G005300,0.437173
Sum_FA_over_PA_log10safe,LIN,sumratio,4:436995,4,436995,5.438944e-09,SORBI_3004G006600,0.435508
Sum_FA_over_PA_log10safe,LIN,sumratio,4:436995,4,436995,5.438944e-09,SORBI_3004G006700,0.435508
Sum_FA_over_PA_log10safe,LIN,sumratio,4:436995,4,436995,5.438944e-09,SORBI_3004G005300,0.434588
Sum_FA_over_PA_log10safe,LIN,sumratio,4:436995,4,436995,5.438944e-09,SORBI_3004G005300,0.432801
Sum_FA_over_PA_log10safe,LIN,sumratio,4:436995,4,436995,5.438944e-09,SORBI_3004G007100,0.432226
Sum_FA_over_PA_log10safe,LIN,sumratio,4:436995,4,436995,5.438944e-09,SORBI_3004G005300,0.432171
Sum_FA_over_PA_log10safe,LIN,sumratio,4:436995,4,436995,5.438944e-09,SORBI_3004G007133,0.4274
Sum_FA_over_PA_log10safe,LIN,sumratio,4:436995,4,436995,5.438944e-09,SORBI_3004G007200,0.426933
Sum_FA_over_PA_log10safe,LIN,sumratio,4:436995,4,436995,5.438944e-09,SORBI_3004G005200,0.419029
Sum_FA_over_PA_log10safe,LIN,sumratio,4:436995,4,436995,5.438944e-09,SORBI_3004G007200,0.418941
Sum_FA_over_PA_log10safe,LIN,sumratio,4:436995,4,436995,5.438944e-09,SORBI_3004G005300,0.41426
Sum_FA_over_PA_log10safe,LIN,sumratio,4:436995,4,436995,5.438944e-09,SORBI_3004G007200,0.409514
Sum_FA_over_PA_log10safe,LIN,sumratio,4:436995,4,436995,5.438944e-09,SORBI_3004G007300,0.408221
Sum_FA_over_PA_log10safe,LIN,sumratio,4:436995,4,436995,5.438944e-09,SORBI_3004G007032,0.407735
Sum_FA_over_PA_log10safe,LIN,sumratio,4:436995,4,436995,5.438944e-09,SORBI_3004G007200,0.405368
Sum_FA_over_PA_log10safe,LIN,sumratio,4:436995,4,436995,5.438944e-09,SORBI_3004G006900,0.402579
Sum_FA_over_PA_log10safe,LIN,sumratio,4:436995,4,436995,5.438944e-09,SORBI_3004G005300,0.401937
Sum_FA_over_PA_log10safe,LIN,sumratio,4:437427,4,437427,5.710323e-09,SORBI_3004G005300,0.713398
Sum_FA_over_PA_log10safe,LIN,sumratio,4:437440,4,437440,5.710323e-09,SORBI_3004G005300,0.713398
Sum_FA_over_PA_log10safe,LIN,sumratio,4:437443,4,437443,5.710323e-09,SORBI_3004G005300,0.713398
Sum_FA_over_PA_log10safe,LIN,sumratio,4:437447,4,437447,5.710323e-09,SORBI_3004G005300,0.713398
Sum_FA_over_PA_log10safe,LIN,sumratio,4:437427,4,437427,5.710323e-09,SORBI_3004G005200,0.699469
Sum_FA_over_PA_log10safe,LIN,sumratio,4:437440,4,437440,5.710323e-09,SORBI_3004G005200,0.699469
Sum_FA_over_PA_log10safe,LIN,sumratio,4:437443,4,437443,5.710323e-09,SORBI_3004G005200,0.699469
Sum_FA_over_PA_log10safe,LIN,sumratio,4:437447,4,437447,5.710323e-09,SORBI_3004G005200,0.699469
Sum_FA_over_PA_log10safe,LIN,sumratio,4:437427,4,437427,5.710323e-09,SORBI_3004G005300,0.610385
Sum_FA_over_PA_log10safe,LIN,sumratio,4:437440,4,437440,5.710323e-09,SORBI_3004G005300,0.610385
Sum_FA_over_PA_log10safe,LIN,sumratio,4:437443,4,437443,5.710323e-09,SORBI_3004G005300,0.610385
Sum_FA_over_PA_log10safe,LIN,sumratio,4:437447,4,437447,5.710323e-09,SORBI_3004G005300,0.610385
Sum_FA_over_PA_log10safe,LIN,sumratio,4:437427,4,437427,5.710323e-09,SORBI_3004G004800,0.609571
Sum_FA_over_PA_log10safe,LIN,sumratio,4:437440,4,437440,5.710323e-09,SORBI_3004G004800,0.609571
Sum_FA_over_PA_log10safe,LIN,sumratio,4:437443,4,437443,5.710323e-09,SORBI_3004G004800,0.609571
Sum_FA_over_PA_log10safe,LIN,sumratio,4:437447,4,437447,5.710323e-09,SORBI_3004G004800,0.609571
Sum_FA_over_PA_log10safe,LIN,sumratio,4:437427,4,437427,5.710323e-09,SORBI_3004G005300,0.605509
Sum_FA_over_PA_log10safe,LIN,sumratio,4:437440,4,437440,5.710323e-09,SORBI_3004G005300,0.605509
Sum_FA_over_PA_log10safe,LIN,sumratio,4:437443,4,437443,5.710323e-09,SORBI_3004G005300,0.605509
Sum_FA_over_PA_log10safe,LIN,sumratio,4:437447,4,437447,5.710323e-09,SORBI_3004G005300,0.605509
Sum_FA_over_PA_log10safe,LIN,sumratio,4:437427,4,437427,5.710323e-09,SORBI_3004G006400,0.605094
Sum_FA_over_PA_log10safe,LIN,sumratio,4:437440,4,437440,5.710323e-09,SORBI_3004G006400,0.605094
Sum_FA_over_PA_log10safe,LIN,sumratio,4:437443,4,437443,5.710323e-09,SORBI_3004G006400,0.605094
Sum_FA_over_PA_log10safe,LIN,sumratio,4:437447,4,437447,5.710323e-09,SORBI_3004G006400,0.605094
Sum_FA_over_PA_log10safe,LIN,sumratio,4:437427,4,437427,5.710323e-09,SORBI_3004G005300,0.605035
Sum_FA_over_PA_log10safe,LIN,sumratio,4:437440,4,437440,5.710323e-09,SORBI_3004G005300,0.605035
Sum_FA_over_PA_log10safe,LIN,sumratio,4:437443,4,437443,5.710323e-09,SORBI_3004G005300,0.605035
Sum_FA_over_PA_log10safe,LIN,sumratio,4:437447,4,437447,5.710323e-09,SORBI_3004G005300,0.605035
Sum_FA_over_PA_log10safe,LIN,sumratio,4:437427,4,437427,5.710323e-09,SORBI_3004G005300,0.60475
Sum_FA_over_PA_log10safe,LIN,sumratio,4:437440,4,437440,5.710323e-09,SORBI_3004G005300,0.60475
Sum_FA_over_PA_log10safe,LIN,sumratio,4:437443,4,437443,5.710323e-09,SORBI_3004G005300,0.60475
Sum_FA_over_PA_log10safe,LIN,sumratio,4:437447,4,437447,5.710323e-09,SORBI_3004G005300,0.60475
Sum_FA_over_PA_log10safe,LIN,sumratio,4:437427,4,437427,5.710323e-09,SORBI_3004G004800,0.578661
Sum_FA_over_PA_log10safe,LIN,sumratio,4:437427,4,437427,5.710323e-09,SORBI_3004G005300,0.578661
Sum_FA_over_PA_log10safe,LIN,sumratio,4:437440,4,437440,5.710323e-09,SORBI_3004G004800,0.578661
Sum_FA_over_PA_log10safe,LIN,sumratio,4:437440,4,437440,5.710323e-09,SORBI_3004G005300,0.578661
Sum_FA_over_PA_log10safe,LIN,sumratio,4:437443,4,437443,5.710323e-09,SORBI_3004G004800,0.578661
Sum_FA_over_PA_log10safe,LIN,sumratio,4:437443,4,437443,5.710323e-09,SORBI_3004G005300,0.578661
Sum_FA_over_PA_log10safe,LIN,sumratio,4:437447,4,437447,5.710323e-09,SORBI_3004G004800,0.578661
Sum_FA_over_PA_log10safe,LIN,sumratio,4:437447,4,437447,5.710323e-09,SORBI_3004G005300,0.578661
Sum_FA_over_PA_log10safe,LIN,sumratio,4:437427,4,437427,5.710323e-09,SORBI_3004G005300,0.556351
Sum_FA_over_PA_log10safe,LIN,sumratio,4:437440,4,437440,5.710323e-09,SORBI_3004G005300,0.556351
Sum_FA_over_PA_log10safe,LIN,sumratio,4:437443,4,437443,5.710323e-09,SORBI_3004G005300,0.556351
Sum_FA_over_PA_log10safe,LIN,sumratio,4:437447,4,437447,5.710323e-09,SORBI_3004G005300,0.556351
Sum_FA_over_PA_log10safe,LIN,sumratio,4:437427,4,437427,5.710323e-09,SORBI_3004G005700,0.550179
Sum_FA_over_PA_log10safe,LIN,sumratio,4:437440,4,437440,5.710323e-09,SORBI_3004G005700,0.550179
Sum_FA_over_PA_log10safe,LIN,sumratio,4:437443,4,437443,5.710323e-09,SORBI_3004G005700,0.550179
Sum_FA_over_PA_log10safe,LIN,sumratio,4:437447,4,437447,5.710323e-09,SORBI_3004G005700,0.550179
Sum_FA_over_PA_log10safe,LIN,sumratio,4:437427,4,437427,5.710323e-09,SORBI_3004G005300,0.543347
Sum_FA_over_PA_log10safe,LIN,sumratio,4:437440,4,437440,5.710323e-09,SORBI_3004G005300,0.543347
Sum_FA_over_PA_log10safe,LIN,sumratio,4:437443,4,437443,5.710323e-09,SORBI_3004G005300,0.543347
Sum_FA_over_PA_log10safe,LIN,sumratio,4:437447,4,437447,5.710323e-09,SORBI_3004G005300,0.543347
Sum_FA_over_PA_log10safe,LIN,sumratio,4:437427,4,437427,5.710323e-09,SORBI_3004G005700,0.542342
Sum_FA_over_PA_log10safe,LIN,sumratio,4:437440,4,437440,5.710323e-09,SORBI_3004G005700,0.542342
Sum_FA_over_PA_log10safe,LIN,sumratio,4:437443,4,437443,5.710323e-09,SORBI_3004G005700,0.542342
Sum_FA_over_PA_log10safe,LIN,sumratio,4:437447,4,437447,5.710323e-09,SORBI_3004G005700,0.542342
Sum_FA_over_PA_log10safe,LIN,sumratio,4:437427,4,437427,5.710323e-09,SORBI_3004G005300,0.539016
Sum_FA_over_PA_log10safe,LIN,sumratio,4:437440,4,437440,5.710323e-09,SORBI_3004G005300,0.539016
Sum_FA_over_PA_log10safe,LIN,sumratio,4:437443,4,437443,5.710323e-09,SORBI_3004G005300,0.539016
Sum_FA_over_PA_log10safe,LIN,sumratio,4:437447,4,437447,5.710323e-09,SORBI_3004G005300,0.539016
Sum_FA_over_PA_log10safe,LIN,sumratio,4:437427,4,437427,5.710323e-09,SORBI_3004G005300,0.538648
Sum_FA_over_PA_log10safe,LIN,sumratio,4:437440,4,437440,5.710323e-09,SORBI_3004G005300,0.538648
Sum_FA_over_PA_log10safe,LIN,sumratio,4:437443,4,437443,5.710323e-09,SORBI_3004G005300,0.538648
Sum_FA_over_PA_log10safe,LIN,sumratio,4:437447,4,437447,5.710323e-09,SORBI_3004G005300,0.538648
Sum_FA_over_PA_log10safe,LIN,sumratio,4:437427,4,437427,5.710323e-09,SORBI_3004G004800,0.534884
Sum_FA_over_PA_log10safe,LIN,sumratio,4:437440,4,437440,5.710323e-09,SORBI_3004G004800,0.534884
Sum_FA_over_PA_log10safe,LIN,sumratio,4:437443,4,437443,5.710323e-09,SORBI_3004G004800,0.534884
Sum_FA_over_PA_log10safe,LIN,sumratio,4:437447,4,437447,5.710323e-09,SORBI_3004G004800,0.534884
Sum_FA_over_PA_log10safe,LIN,sumratio,4:437427,4,437427,5.710323e-09,SORBI_3004G005300,0.531002
Sum_FA_over_PA_log10safe,LIN,sumratio,4:437440,4,437440,5.710323e-09,SORBI_3004G005300,0.531002
Sum_FA_over_PA_log10safe,LIN,sumratio,4:437443,4,437443,5.710323e-09,SORBI_3004G005300,0.531002
Sum_FA_over_PA_log10safe,LIN,sumratio,4:437447,4,437447,5.710323e-09,SORBI_3004G005300,0.531002
Sum_FA_over_PA_log10safe,LIN,sumratio,4:437427,4,437427,5.710323e-09,SORBI_3004G005300,0.530662
Sum_FA_over_PA_log10safe,LIN,sumratio,4:437440,4,437440,5.710323e-09,SORBI_3004G005300,0.530662
Sum_FA_over_PA_log10safe,LIN,sumratio,4:437443,4,437443,5.710323e-09,SORBI_3004G005300,0.530662
Sum_FA_over_PA_log10safe,LIN,sumratio,4:437447,4,437447,5.710323e-09,SORBI_3004G005300,0.530662
Sum_FA_over_PA_log10safe,LIN,sumratio,4:437427,4,437427,5.710323e-09,SORBI_3004G005300,0.522394
Sum_FA_over_PA_log10safe,LIN,sumratio,4:437440,4,437440,5.710323e-09,SORBI_3004G005300,0.522394
Sum_FA_over_PA_log10safe,LIN,sumratio,4:437443,4,437443,5.710323e-09,SORBI_3004G005300,0.522394
Sum_FA_over_PA_log10safe,LIN,sumratio,4:437447,4,437447,5.710323e-09,SORBI_3004G005300,0.522394
Sum_FA_over_PA_log10safe,LIN,sumratio,4:437427,4,437427,5.710323e-09,SORBI_3004G005000,0.518508
Sum_FA_over_PA_log10safe,LIN,sumratio,4:437440,4,437440,5.710323e-09,SORBI_3004G005000,0.518508
Sum_FA_over_PA_log10safe,LIN,sumratio,4:437443,4,437443,5.710323e-09,SORBI_3004G005000,0.518508
Sum_FA_over_PA_log10safe,LIN,sumratio,4:437447,4,437447,5.710323e-09,SORBI_3004G005000,0.518508
Sum_FA_over_PA_log10safe,LIN,sumratio,4:437427,4,437427,5.710323e-09,SORBI_3004G005300,0.516194
Sum_FA_over_PA_log10safe,LIN,sumratio,4:437440,4,437440,5.710323e-09,SORBI_3004G005300,0.516194
Sum_FA_over_PA_log10safe,LIN,sumratio,4:437443,4,437443,5.710323e-09,SORBI_3004G005300,0.516194
Sum_FA_over_PA_log10safe,LIN,sumratio,4:437447,4,437447,5.710323e-09,SORBI_3004G005300,0.516194
Sum_FA_over_PA_log10safe,LIN,sumratio,4:437427,4,437427,5.710323e-09,SORBI_3004G005300,0.514311
Sum_FA_over_PA_log10safe,LIN,sumratio,4:437440,4,437440,5.710323e-09,SORBI_3004G005300,0.514311
Sum_FA_over_PA_log10safe,LIN,sumratio,4:437443,4,437443,5.710323e-09,SORBI_3004G005300,0.514311
Sum_FA_over_PA_log10safe,LIN,sumratio,4:437447,4,437447,5.710323e-09,SORBI_3004G005300,0.514311
Sum_FA_over_PA_log10safe,LIN,sumratio,4:437427,4,437427,5.710323e-09,SORBI_3004G005300,0.513962
Sum_FA_over_PA_log10safe,LIN,sumratio,4:437440,4,437440,5.710323e-09,SORBI_3004G005300,0.513962
Sum_FA_over_PA_log10safe,LIN,sumratio,4:437443,4,437443,5.710323e-09,SORBI_3004G005300,0.513962
Sum_FA_over_PA_log10safe,LIN,sumratio,4:437447,4,437447,5.710323e-09,SORBI_3004G005300,0.513962
Sum_FA_over_PA_log10safe,LIN,sumratio,4:437427,4,437427,5.710323e-09,SORBI_3004G005300,0.507857
Sum_FA_over_PA_log10safe,LIN,sumratio,4:437440,4,437440,5.710323e-09,SORBI_3004G005300,0.507857
Sum_FA_over_PA_log10safe,LIN,sumratio,4:437443,4,437443,5.710323e-09,SORBI_3004G005300,0.507857
Sum_FA_over_PA_log10safe,LIN,sumratio,4:437447,4,437447,5.710323e-09,SORBI_3004G005300,0.507857
Sum_FA_over_PA_log10safe,LIN,sumratio,4:437427,4,437427,5.710323e-09,SORBI_3004G005300,0.505911
Sum_FA_over_PA_log10safe,LIN,sumratio,4:437440,4,437440,5.710323e-09,SORBI_3004G005300,0.505911
Sum_FA_over_PA_log10safe,LIN,sumratio,4:437443,4,437443,5.710323e-09,SORBI_3004G005300,0.505911
Sum_FA_over_PA_log10safe,LIN,sumratio,4:437447,4,437447,5.710323e-09,SORBI_3004G005300,0.505911
Sum_FA_over_PA_log10safe,LIN,sumratio,4:437427,4,437427,5.710323e-09,SORBI_3004G005300,0.505821
Sum_FA_over_PA_log10safe,LIN,sumratio,4:437440,4,437440,5.710323e-09,SORBI_3004G005300,0.505821
Sum_FA_over_PA_log10safe,LIN,sumratio,4:437443,4,437443,5.710323e-09,SORBI_3004G005300,0.505821
Sum_FA_over_PA_log10safe,LIN,sumratio,4:437447,4,437447,5.710323e-09,SORBI_3004G005300,0.505821
Sum_FA_over_PA_log10safe,LIN,sumratio,4:437427,4,437427,5.710323e-09,SORBI_3004G005300,0.505265
Sum_FA_over_PA_log10safe,LIN,sumratio,4:437440,4,437440,5.710323e-09,SORBI_3004G005300,0.505265
Sum_FA_over_PA_log10safe,LIN,sumratio,4:437443,4,437443,5.710323e-09,SORBI_3004G005300,0.505265
Sum_FA_over_PA_log10safe,LIN,sumratio,4:437447,4,437447,5.710323e-09,SORBI_3004G005300,0.505265
Sum_FA_over_PA_log10safe,LIN,sumratio,4:437427,4,437427,5.710323e-09,SORBI_3004G005000,0.499227
Sum_FA_over_PA_log10safe,LIN,sumratio,4:437440,4,437440,5.710323e-09,SORBI_3004G005000,0.499227
Sum_FA_over_PA_log10safe,LIN,sumratio,4:437443,4,437443,5.710323e-09,SORBI_3004G005000,0.499227
Sum_FA_over_PA_log10safe,LIN,sumratio,4:437447,4,437447,5.710323e-09,SORBI_3004G005000,0.499227
Sum_FA_over_PA_log10safe,LIN,sumratio,4:437427,4,437427,5.710323e-09,SORBI_3004G007500,0.496311
Sum_FA_over_PA_log10safe,LIN,sumratio,4:437440,4,437440,5.710323e-09,SORBI_3004G007500,0.496311
Sum_FA_over_PA_log10safe,LIN,sumratio,4:437443,4,437443,5.710323e-09,SORBI_3004G007500,0.496311
Sum_FA_over_PA_log10safe,LIN,sumratio,4:437447,4,437447,5.710323e-09,SORBI_3004G007500,0.496311
Sum_FA_over_PA_log10safe,LIN,sumratio,4:437427,4,437427,5.710323e-09,SORBI_3004G005300,0.495775
Sum_FA_over_PA_log10safe,LIN,sumratio,4:437440,4,437440,5.710323e-09,SORBI_3004G005300,0.495775
Sum_FA_over_PA_log10safe,LIN,sumratio,4:437443,4,437443,5.710323e-09,SORBI_3004G005300,0.495775
Sum_FA_over_PA_log10safe,LIN,sumratio,4:437447,4,437447,5.710323e-09,SORBI_3004G005300,0.495775
Sum_FA_over_PA_log10safe,LIN,sumratio,4:437427,4,437427,5.710323e-09,SORBI_3004G005300,0.493582
Sum_FA_over_PA_log10safe,LIN,sumratio,4:437440,4,437440,5.710323e-09,SORBI_3004G005300,0.493582
Sum_FA_over_PA_log10safe,LIN,sumratio,4:437443,4,437443,5.710323e-09,SORBI_3004G005300,0.493582
Sum_FA_over_PA_log10safe,LIN,sumratio,4:437447,4,437447,5.710323e-09,SORBI_3004G005300,0.493582
Sum_FA_over_PA_log10safe,LIN,sumratio,4:437427,4,437427,5.710323e-09,SORBI_3004G005300,0.489176
Sum_FA_over_PA_log10safe,LIN,sumratio,4:437440,4,437440,5.710323e-09,SORBI_3004G005300,0.489176
Sum_FA_over_PA_log10safe,LIN,sumratio,4:437443,4,437443,5.710323e-09,SORBI_3004G005300,0.489176
Sum_FA_over_PA_log10safe,LIN,sumratio,4:437447,4,437447,5.710323e-09,SORBI_3004G005300,0.489176
Sum_FA_over_PA_log10safe,LIN,sumratio,4:437427,4,437427,5.710323e-09,SORBI_3004G005300,0.477118
Sum_FA_over_PA_log10safe,LIN,sumratio,4:437440,4,437440,5.710323e-09,SORBI_3004G005300,0.477118
Sum_FA_over_PA_log10safe,LIN,sumratio,4:437443,4,437443,5.710323e-09,SORBI_3004G005300,0.477118
Sum_FA_over_PA_log10safe,LIN,sumratio,4:437447,4,437447,5.710323e-09,SORBI_3004G005300,0.477118
Sum_FA_over_PA_log10safe,LIN,sumratio,4:437427,4,437427,5.710323e-09,SORBI_3004G005200,0.475436
Sum_FA_over_PA_log10safe,LIN,sumratio,4:437440,4,437440,5.710323e-09,SORBI_3004G005200,0.475436
Sum_FA_over_PA_log10safe,LIN,sumratio,4:437443,4,437443,5.710323e-09,SORBI_3004G005200,0.475436
Sum_FA_over_PA_log10safe,LIN,sumratio,4:437447,4,437447,5.710323e-09,SORBI_3004G005200,0.475436
Sum_FA_over_PA_log10safe,LIN,sumratio,4:437427,4,437427,5.710323e-09,SORBI_3004G005300,0.465057
Sum_FA_over_PA_log10safe,LIN,sumratio,4:437440,4,437440,5.710323e-09,SORBI_3004G005300,0.465057
Sum_FA_over_PA_log10safe,LIN,sumratio,4:437443,4,437443,5.710323e-09,SORBI_3004G005300,0.465057
Sum_FA_over_PA_log10safe,LIN,sumratio,4:437447,4,437447,5.710323e-09,SORBI_3004G005300,0.465057
Sum_FA_over_PA_log10safe,LIN,sumratio,4:437427,4,437427,5.710323e-09,SORBI_3004G005300,0.461917
Sum_FA_over_PA_log10safe,LIN,sumratio,4:437440,4,437440,5.710323e-09,SORBI_3004G005300,0.461917
Sum_FA_over_PA_log10safe,LIN,sumratio,4:437443,4,437443,5.710323e-09,SORBI_3004G005300,0.461917
Sum_FA_over_PA_log10safe,LIN,sumratio,4:437447,4,437447,5.710323e-09,SORBI_3004G005300,0.461917
Sum_FA_over_PA_log10safe,LIN,sumratio,4:437427,4,437427,5.710323e-09,SORBI_3004G004300,0.45705
Sum_FA_over_PA_log10safe,LIN,sumratio,4:437440,4,437440,5.710323e-09,SORBI_3004G004300,0.45705
Sum_FA_over_PA_log10safe,LIN,sumratio,4:437443,4,437443,5.710323e-09,SORBI_3004G004300,0.45705
Sum_FA_over_PA_log10safe,LIN,sumratio,4:437447,4,437447,5.710323e-09,SORBI_3004G004300,0.45705
Sum_FA_over_PA_log10safe,LIN,sumratio,4:437427,4,437427,5.710323e-09,SORBI_3004G005300,0.453495
Sum_FA_over_PA_log10safe,LIN,sumratio,4:437440,4,437440,5.710323e-09,SORBI_3004G005300,0.453495
Sum_FA_over_PA_log10safe,LIN,sumratio,4:437443,4,437443,5.710323e-09,SORBI_3004G005300,0.453495
Sum_FA_over_PA_log10safe,LIN,sumratio,4:437447,4,437447,5.710323e-09,SORBI_3004G005300,0.453495
Sum_FA_over_PA_log10safe,LIN,sumratio,4:437427,4,437427,5.710323e-09,SORBI_3004G007100,0.453056
Sum_FA_over_PA_log10safe,LIN,sumratio,4:437440,4,437440,5.710323e-09,SORBI_3004G007100,0.453056
Sum_FA_over_PA_log10safe,LIN,sumratio,4:437443,4,437443,5.710323e-09,SORBI_3004G007100,0.453056
Sum_FA_over_PA_log10safe,LIN,sumratio,4:437447,4,437447,5.710323e-09,SORBI_3004G007100,0.453056
Sum_FA_over_PA_log10safe,LIN,sumratio,4:437427,4,437427,5.710323e-09,SORBI_3004G005300,0.452077
Sum_FA_over_PA_log10safe,LIN,sumratio,4:437440,4,437440,5.710323e-09,SORBI_3004G005300,0.452077
Sum_FA_over_PA_log10safe,LIN,sumratio,4:437443,4,437443,5.710323e-09,SORBI_3004G005300,0.452077
Sum_FA_over_PA_log10safe,LIN,sumratio,4:437447,4,437447,5.710323e-09,SORBI_3004G005300,0.452077
Sum_FA_over_PA_log10safe,LIN,sumratio,4:437427,4,437427,5.710323e-09,SORBI_3004G005300,0.4491
Sum_FA_over_PA_log10safe,LIN,sumratio,4:437440,4,437440,5.710323e-09,SORBI_3004G005300,0.4491
Sum_FA_over_PA_log10safe,LIN,sumratio,4:437443,4,437443,5.710323e-09,SORBI_3004G005300,0.4491
Sum_FA_over_PA_log10safe,LIN,sumratio,4:437447,4,437447,5.710323e-09,SORBI_3004G005300,0.4491
Sum_FA_over_PA_log10safe,LIN,sumratio,4:437427,4,437427,5.710323e-09,SORBI_3004G007133,0.447463
Sum_FA_over_PA_log10safe,LIN,sumratio,4:437440,4,437440,5.710323e-09,SORBI_3004G007133,0.447463
Sum_FA_over_PA_log10safe,LIN,sumratio,4:437443,4,437443,5.710323e-09,SORBI_3004G007133,0.447463
Sum_FA_over_PA_log10safe,LIN,sumratio,4:437447,4,437447,5.710323e-09,SORBI_3004G007133,0.447463
Sum_FA_over_PA_log10safe,LIN,sumratio,4:437427,4,437427,5.710323e-09,SORBI_3004G005300,0.437173
Sum_FA_over_PA_log10safe,LIN,sumratio,4:437440,4,437440,5.710323e-09,SORBI_3004G005300,0.437173
Sum_FA_over_PA_log10safe,LIN,sumratio,4:437443,4,437443,5.710323e-09,SORBI_3004G005300,0.437173
Sum_FA_over_PA_log10safe,LIN,sumratio,4:437447,4,437447,5.710323e-09,SORBI_3004G005300,0.437173
Sum_FA_over_PA_log10safe,LIN,sumratio,4:437427,4,437427,5.710323e-09,SORBI_3004G006600,0.435508
Sum_FA_over_PA_log10safe,LIN,sumratio,4:437427,4,437427,5.710323e-09,SORBI_3004G006700,0.435508
Sum_FA_over_PA_log10safe,LIN,sumratio,4:437440,4,437440,5.710323e-09,SORBI_3004G006600,0.435508
Sum_FA_over_PA_log10safe,LIN,sumratio,4:437440,4,437440,5.710323e-09,SORBI_3004G006700,0.435508
Sum_FA_over_PA_log10safe,LIN,sumratio,4:437443,4,437443,5.710323e-09,SORBI_3004G006600,0.435508
Sum_FA_over_PA_log10safe,LIN,sumratio,4:437443,4,437443,5.710323e-09,SORBI_3004G006700,0.435508
Sum_FA_over_PA_log10safe,LIN,sumratio,4:437447,4,437447,5.710323e-09,SORBI_3004G006600,0.435508
Sum_FA_over_PA_log10safe,LIN,sumratio,4:437447,4,437447,5.710323e-09,SORBI_3004G006700,0.435508
Sum_FA_over_PA_log10safe,LIN,sumratio,4:437427,4,437427,5.710323e-09,SORBI_3004G005300,0.434588
Sum_FA_over_PA_log10safe,LIN,sumratio,4:437440,4,437440,5.710323e-09,SORBI_3004G005300,0.434588
Sum_FA_over_PA_log10safe,LIN,sumratio,4:437443,4,437443,5.710323e-09,SORBI_3004G005300,0.434588
Sum_FA_over_PA_log10safe,LIN,sumratio,4:437447,4,437447,5.710323e-09,SORBI_3004G005300,0.434588
Sum_FA_over_PA_log10safe,LIN,sumratio,4:437427,4,437427,5.710323e-09,SORBI_3004G006900,0.433404
Sum_FA_over_PA_log10safe,LIN,sumratio,4:437427,4,437427,5.710323e-09,SORBI_3004G006966,0.433404
Sum_FA_over_PA_log10safe,LIN,sumratio,4:437440,4,437440,5.710323e-09,SORBI_3004G006900,0.433404
Sum_FA_over_PA_log10safe,LIN,sumratio,4:437440,4,437440,5.710323e-09,SORBI_3004G006966,0.433404
Sum_FA_over_PA_log10safe,LIN,sumratio,4:437443,4,437443,5.710323e-09,SORBI_3004G006900,0.433404
Sum_FA_over_PA_log10safe,LIN,sumratio,4:437443,4,437443,5.710323e-09,SORBI_3004G006966,0.433404
Sum_FA_over_PA_log10safe,LIN,sumratio,4:437447,4,437447,5.710323e-09,SORBI_3004G006900,0.433404
Sum_FA_over_PA_log10safe,LIN,sumratio,4:437447,4,437447,5.710323e-09,SORBI_3004G006966,0.433404
Sum_FA_over_PA_log10safe,LIN,sumratio,4:437427,4,437427,5.710323e-09,SORBI_3004G005300,0.432801
Sum_FA_over_PA_log10safe,LIN,sumratio,4:437440,4,437440,5.710323e-09,SORBI_3004G005300,0.432801
Sum_FA_over_PA_log10safe,LIN,sumratio,4:437443,4,437443,5.710323e-09,SORBI_3004G005300,0.432801
Sum_FA_over_PA_log10safe,LIN,sumratio,4:437447,4,437447,5.710323e-09,SORBI_3004G005300,0.432801
Sum_FA_over_PA_log10safe,LIN,sumratio,4:437427,4,437427,5.710323e-09,SORBI_3004G007100,0.432226
Sum_FA_over_PA_log10safe,LIN,sumratio,4:437440,4,437440,5.710323e-09,SORBI_3004G007100,0.432226
Sum_FA_over_PA_log10safe,LIN,sumratio,4:437443,4,437443,5.710323e-09,SORBI_3004G007100,0.432226
Sum_FA_over_PA_log10safe,LIN,sumratio,4:437447,4,437447,5.710323e-09,SORBI_3004G007100,0.432226
Sum_FA_over_PA_log10safe,LIN,sumratio,4:437427,4,437427,5.710323e-09,SORBI_3004G006900,0.430941
Sum_FA_over_PA_log10safe,LIN,sumratio,4:437440,4,437440,5.710323e-09,SORBI_3004G006900,0.430941
Sum_FA_over_PA_log10safe,LIN,sumratio,4:437443,4,437443,5.710323e-09,SORBI_3004G006900,0.430941
Sum_FA_over_PA_log10safe,LIN,sumratio,4:437447,4,437447,5.710323e-09,SORBI_3004G006900,0.430941
Sum_FA_over_PA_log10safe,LIN,sumratio,4:437427,4,437427,5.710323e-09,SORBI_3004G007133,0.4274
Sum_FA_over_PA_log10safe,LIN,sumratio,4:437440,4,437440,5.710323e-09,SORBI_3004G007133,0.4274
Sum_FA_over_PA_log10safe,LIN,sumratio,4:437443,4,437443,5.710323e-09,SORBI_3004G007133,0.4274
Sum_FA_over_PA_log10safe,LIN,sumratio,4:437447,4,437447,5.710323e-09,SORBI_3004G007133,0.4274
Sum_FA_over_PA_log10safe,LIN,sumratio,4:437427,4,437427,5.710323e-09,SORBI_3004G007200,0.426933
Sum_FA_over_PA_log10safe,LIN,sumratio,4:437440,4,437440,5.710323e-09,SORBI_3004G007200,0.426933
Sum_FA_over_PA_log10safe,LIN,sumratio,4:437443,4,437443,5.710323e-09,SORBI_3004G007200,0.426933
Sum_FA_over_PA_log10safe,LIN,sumratio,4:437447,4,437447,5.710323e-09,SORBI_3004G007200,0.426933
Sum_FA_over_PA_log10safe,LIN,sumratio,4:437427,4,437427,5.710323e-09,SORBI_3004G007200,0.425867
Sum_FA_over_PA_log10safe,LIN,sumratio,4:437440,4,437440,5.710323e-09,SORBI_3004G007200,0.425867
Sum_FA_over_PA_log10safe,LIN,sumratio,4:437443,4,437443,5.710323e-09,SORBI_3004G007200,0.425867
Sum_FA_over_PA_log10safe,LIN,sumratio,4:437447,4,437447,5.710323e-09,SORBI_3004G007200,0.425867
Sum_FA_over_PA_log10safe,LIN,sumratio,4:437427,4,437427,5.710323e-09,SORBI_3004G005200,0.419029
Sum_FA_over_PA_log10safe,LIN,sumratio,4:437440,4,437440,5.710323e-09,SORBI_3004G005200,0.419029
Sum_FA_over_PA_log10safe,LIN,sumratio,4:437443,4,437443,5.710323e-09,SORBI_3004G005200,0.419029
Sum_FA_over_PA_log10safe,LIN,sumratio,4:437447,4,437447,5.710323e-09,SORBI_3004G005200,0.419029
Sum_FA_over_PA_log10safe,LIN,sumratio,4:437427,4,437427,5.710323e-09,SORBI_3004G007200,0.418941
Sum_FA_over_PA_log10safe,LIN,sumratio,4:437440,4,437440,5.710323e-09,SORBI_3004G007200,0.418941
Sum_FA_over_PA_log10safe,LIN,sumratio,4:437443,4,437443,5.710323e-09,SORBI_3004G007200,0.418941
Sum_FA_over_PA_log10safe,LIN,sumratio,4:437447,4,437447,5.710323e-09,SORBI_3004G007200,0.418941
Sum_FA_over_PA_log10safe,LIN,sumratio,4:437427,4,437427,5.710323e-09,SORBI_3004G005300,0.417365
Sum_FA_over_PA_log10safe,LIN,sumratio,4:437440,4,437440,5.710323e-09,SORBI_3004G005300,0.417365
Sum_FA_over_PA_log10safe,LIN,sumratio,4:437443,4,437443,5.710323e-09,SORBI_3004G005300,0.417365
Sum_FA_over_PA_log10safe,LIN,sumratio,4:437447,4,437447,5.710323e-09,SORBI_3004G005300,0.417365
Sum_FA_over_PA_log10safe,LIN,sumratio,4:437427,4,437427,5.710323e-09,SORBI_3004G006800,0.412997
Sum_FA_over_PA_log10safe,LIN,sumratio,4:437440,4,437440,5.710323e-09,SORBI_3004G006800,0.412997
Sum_FA_over_PA_log10safe,LIN,sumratio,4:437443,4,437443,5.710323e-09,SORBI_3004G006800,0.412997
Sum_FA_over_PA_log10safe,LIN,sumratio,4:437447,4,437447,5.710323e-09,SORBI_3004G006800,0.412997
Sum_FA_over_PA_log10safe,LIN,sumratio,4:437427,4,437427,5.710323e-09,SORBI_3004G007300,0.408221
Sum_FA_over_PA_log10safe,LIN,sumratio,4:437440,4,437440,5.710323e-09,SORBI_3004G007300,0.408221
Sum_FA_over_PA_log10safe,LIN,sumratio,4:437443,4,437443,5.710323e-09,SORBI_3004G007300,0.408221
Sum_FA_over_PA_log10safe,LIN,sumratio,4:437447,4,437447,5.710323e-09,SORBI_3004G007300,0.408221
Sum_FA_over_PA_log10safe,LIN,sumratio,4:437427,4,437427,5.710323e-09,SORBI_3004G007032,0.407735
Sum_FA_over_PA_log10safe,LIN,sumratio,4:437440,4,437440,5.710323e-09,SORBI_3004G007032,0.407735
Sum_FA_over_PA_log10safe,LIN,sumratio,4:437443,4,437443,5.710323e-09,SORBI_3004G007032,0.407735
Sum_FA_over_PA_log10safe,LIN,sumratio,4:437447,4,437447,5.710323e-09,SORBI_3004G007032,0.407735
Sum_FA_over_PA_log10safe,LIN,sumratio,4:437427,4,437427,5.710323e-09,SORBI_3004G007200,0.405368
Sum_FA_over_PA_log10safe,LIN,sumratio,4:437440,4,437440,5.710323e-09,SORBI_3004G007200,0.405368
Sum_FA_over_PA_log10safe,LIN,sumratio,4:437443,4,437443,5.710323e-09,SORBI_3004G007200,0.405368
Sum_FA_over_PA_log10safe,LIN,sumratio,4:437447,4,437447,5.710323e-09,SORBI_3004G007200,0.405368
Sum_FA_over_PA_log10safe,LIN,sumratio,4:437427,4,437427,5.710323e-09,SORBI_3004G005300,0.401937
Sum_FA_over_PA_log10safe,LIN,sumratio,4:437440,4,437440,5.710323e-09,SORBI_3004G005300,0.401937
Sum_FA_over_PA_log10safe,LIN,sumratio,4:437443,4,437443,5.710323e-09,SORBI_3004G005300,0.401937
Sum_FA_over_PA_log10safe,LIN,sumratio,4:437447,4,437447,5.710323e-09,SORBI_3004G005300,0.401937
Sum_FA_over_PA_log10safe,LIN,sumratio,4:437427,4,437427,5.710323e-09,SORBI_3004G005300,0.400407
Sum_FA_over_PA_log10safe,LIN,sumratio,4:437440,4,437440,5.710323e-09,SORBI_3004G005300,0.400407
Sum_FA_over_PA_log10safe,LIN,sumratio,4:437443,4,437443,5.710323e-09,SORBI_3004G005300,0.400407
Sum_FA_over_PA_log10safe,LIN,sumratio,4:437447,4,437447,5.710323e-09,SORBI_3004G005300,0.400407
Sum_FA_over_PA_log10safe,LIN,sumratio,4:436651,4,436651,5.8606e-09,SORBI_3004G005300,0.737722
Sum_FA_over_PA_log10safe,LIN,sumratio,4:436653,4,436653,5.8606e-09,SORBI_3004G005300,0.737722
Sum_FA_over_PA_log10safe,LIN,sumratio,4:436687,4,436687,5.8606e-09,SORBI_3004G005300,0.737722
Sum_FA_over_PA_log10safe,LIN,sumratio,4:436689,4,436689,5.8606e-09,SORBI_3004G005300,0.737722
Sum_FA_over_PA_log10safe,LIN,sumratio,4:436693,4,436693,5.8606e-09,SORBI_3004G005300,0.737722
Sum_FA_over_PA_log10safe,LIN,sumratio,4:436922,4,436922,5.8606e-09,SORBI_3004G005300,0.737722
Sum_FA_over_PA_log10safe,LIN,sumratio,4:436943,4,436943,5.8606e-09,SORBI_3004G005300,0.737722
Sum_FA_over_PA_log10safe,LIN,sumratio,4:436952,4,436952,5.8606e-09,SORBI_3004G005300,0.737722
Sum_FA_over_PA_log10safe,LIN,sumratio,4:436966,4,436966,5.8606e-09,SORBI_3004G005300,0.737722
Sum_FA_over_PA_log10safe,LIN,sumratio,4:436972,4,436972,5.8606e-09,SORBI_3004G005300,0.737722
Sum_FA_over_PA_log10safe,LIN,sumratio,4:437059,4,437059,5.8606e-09,SORBI_3004G005300,0.737722
Sum_FA_over_PA_log10safe,LIN,sumratio,4:437078,4,437078,5.8606e-09,SORBI_3004G005300,0.737722
Sum_FA_over_PA_log10safe,LIN,sumratio,4:437366,4,437366,5.8606e-09,SORBI_3004G005300,0.737722
Sum_FA_over_PA_log10safe,LIN,sumratio,4:436651,4,436651,5.8606e-09,SORBI_3004G005200,0.721409
Sum_FA_over_PA_log10safe,LIN,sumratio,4:436653,4,436653,5.8606e-09,SORBI_3004G005200,0.721409
Sum_FA_over_PA_log10safe,LIN,sumratio,4:436687,4,436687,5.8606e-09,SORBI_3004G005200,0.721409
Sum_FA_over_PA_log10safe,LIN,sumratio,4:436689,4,436689,5.8606e-09,SORBI_3004G005200,0.721409
Sum_FA_over_PA_log10safe,LIN,sumratio,4:436693,4,436693,5.8606e-09,SORBI_3004G005200,0.721409
Sum_FA_over_PA_log10safe,LIN,sumratio,4:436922,4,436922,5.8606e-09,SORBI_3004G005200,0.721409
Sum_FA_over_PA_log10safe,LIN,sumratio,4:436943,4,436943,5.8606e-09,SORBI_3004G005200,0.721409
Sum_FA_over_PA_log10safe,LIN,sumratio,4:436952,4,436952,5.8606e-09,SORBI_3004G005200,0.721409
Sum_FA_over_PA_log10safe,LIN,sumratio,4:436966,4,436966,5.8606e-09,SORBI_3004G005200,0.721409
Sum_FA_over_PA_log10safe,LIN,sumratio,4:436972,4,436972,5.8606e-09,SORBI_3004G005200,0.721409
Sum_FA_over_PA_log10safe,LIN,sumratio,4:437059,4,437059,5.8606e-09,SORBI_3004G005200,0.721409
Sum_FA_over_PA_log10safe,LIN,sumratio,4:437078,4,437078,5.8606e-09,SORBI_3004G005200,0.721409
Sum_FA_over_PA_log10safe,LIN,sumratio,4:437366,4,437366,5.8606e-09,SORBI_3004G005200,0.721409
Sum_FA_over_PA_log10safe,LIN,sumratio,4:436651,4,436651,5.8606e-09,SORBI_3004G004800,0.640394
Sum_FA_over_PA_log10safe,LIN,sumratio,4:436653,4,436653,5.8606e-09,SORBI_3004G004800,0.640394
Sum_FA_over_PA_log10safe,LIN,sumratio,4:436687,4,436687,5.8606e-09,SORBI_3004G004800,0.640394
Sum_FA_over_PA_log10safe,LIN,sumratio,4:436689,4,436689,5.8606e-09,SORBI_3004G004800,0.640394
Sum_FA_over_PA_log10safe,LIN,sumratio,4:436693,4,436693,5.8606e-09,SORBI_3004G004800,0.640394
Sum_FA_over_PA_log10safe,LIN,sumratio,4:436922,4,436922,5.8606e-09,SORBI_3004G004800,0.640394
Sum_FA_over_PA_log10safe,LIN,sumratio,4:436943,4,436943,5.8606e-09,SORBI_3004G004800,0.640394
Sum_FA_over_PA_log10safe,LIN,sumratio,4:436952,4,436952,5.8606e-09,SORBI_3004G004800,0.640394
Sum_FA_over_PA_log10safe,LIN,sumratio,4:436966,4,436966,5.8606e-09,SORBI_3004G004800,0.640394
Sum_FA_over_PA_log10safe,LIN,sumratio,4:436972,4,436972,5.8606e-09,SORBI_3004G004800,0.640394
Sum_FA_over_PA_log10safe,LIN,sumratio,4:437059,4,437059,5.8606e-09,SORBI_3004G004800,0.640394
Sum_FA_over_PA_log10safe,LIN,sumratio,4:437078,4,437078,5.8606e-09,SORBI_3004G004800,0.640394
Sum_FA_over_PA_log10safe,LIN,sumratio,4:437366,4,437366,5.8606e-09,SORBI_3004G004800,0.640394
Sum_FA_over_PA_log10safe,LIN,sumratio,4:436651,4,436651,5.8606e-09,SORBI_3004G005300,0.639043
Sum_FA_over_PA_log10safe,LIN,sumratio,4:436653,4,436653,5.8606e-09,SORBI_3004G005300,0.639043
Sum_FA_over_PA_log10safe,LIN,sumratio,4:436687,4,436687,5.8606e-09,SORBI_3004G005300,0.639043
Sum_FA_over_PA_log10safe,LIN,sumratio,4:436689,4,436689,5.8606e-09,SORBI_3004G005300,0.639043
Sum_FA_over_PA_log10safe,LIN,sumratio,4:436693,4,436693,5.8606e-09,SORBI_3004G005300,0.639043
Sum_FA_over_PA_log10safe,LIN,sumratio,4:436922,4,436922,5.8606e-09,SORBI_3004G005300,0.639043
Sum_FA_over_PA_log10safe,LIN,sumratio,4:436943,4,436943,5.8606e-09,SORBI_3004G005300,0.639043
Sum_FA_over_PA_log10safe,LIN,sumratio,4:436952,4,436952,5.8606e-09,SORBI_3004G005300,0.639043
Sum_FA_over_PA_log10safe,LIN,sumratio,4:436966,4,436966,5.8606e-09,SORBI_3004G005300,0.639043
Sum_FA_over_PA_log10safe,LIN,sumratio,4:436972,4,436972,5.8606e-09,SORBI_3004G005300,0.639043
Sum_FA_over_PA_log10safe,LIN,sumratio,4:437059,4,437059,5.8606e-09,SORBI_3004G005300,0.639043
Sum_FA_over_PA_log10safe,LIN,sumratio,4:437078,4,437078,5.8606e-09,SORBI_3004G005300,0.639043
Sum_FA_over_PA_log10safe,LIN,sumratio,4:437366,4,437366,5.8606e-09,SORBI_3004G005300,0.639043
Sum_FA_over_PA_log10safe,LIN,sumratio,4:436651,4,436651,5.8606e-09,SORBI_3004G006400,0.62581
Sum_FA_over_PA_log10safe,LIN,sumratio,4:436653,4,436653,5.8606e-09,SORBI_3004G006400,0.62581
Sum_FA_over_PA_log10safe,LIN,sumratio,4:436687,4,436687,5.8606e-09,SORBI_3004G006400,0.62581
Sum_FA_over_PA_log10safe,LIN,sumratio,4:436689,4,436689,5.8606e-09,SORBI_3004G006400,0.62581
Sum_FA_over_PA_log10safe,LIN,sumratio,4:436693,4,436693,5.8606e-09,SORBI_3004G006400,0.62581
Sum_FA_over_PA_log10safe,LIN,sumratio,4:436922,4,436922,5.8606e-09,SORBI_3004G006400,0.62581
Sum_FA_over_PA_log10safe,LIN,sumratio,4:436943,4,436943,5.8606e-09,SORBI_3004G006400,0.62581
Sum_FA_over_PA_log10safe,LIN,sumratio,4:436952,4,436952,5.8606e-09,SORBI_3004G006400,0.62581
Sum_FA_over_PA_log10safe,LIN,sumratio,4:436966,4,436966,5.8606e-09,SORBI_3004G006400,0.62581
Sum_FA_over_PA_log10safe,LIN,sumratio,4:436972,4,436972,5.8606e-09,SORBI_3004G006400,0.62581
Sum_FA_over_PA_log10safe,LIN,sumratio,4:437059,4,437059,5.8606e-09,SORBI_3004G006400,0.62581
Sum_FA_over_PA_log10safe,LIN,sumratio,4:437078,4,437078,5.8606e-09,SORBI_3004G006400,0.62581
Sum_FA_over_PA_log10safe,LIN,sumratio,4:437366,4,437366,5.8606e-09,SORBI_3004G006400,0.62581
Sum_FA_over_PA_log10safe,LIN,sumratio,4:436651,4,436651,5.8606e-09,SORBI_3004G005300,0.622938
Sum_FA_over_PA_log10safe,LIN,sumratio,4:436653,4,436653,5.8606e-09,SORBI_3004G005300,0.622938
Sum_FA_over_PA_log10safe,LIN,sumratio,4:436687,4,436687,5.8606e-09,SORBI_3004G005300,0.622938
Sum_FA_over_PA_log10safe,LIN,sumratio,4:436689,4,436689,5.8606e-09,SORBI_3004G005300,0.622938
Sum_FA_over_PA_log10safe,LIN,sumratio,4:436693,4,436693,5.8606e-09,SORBI_3004G005300,0.622938
Sum_FA_over_PA_log10safe,LIN,sumratio,4:436922,4,436922,5.8606e-09,SORBI_3004G005300,0.622938
Sum_FA_over_PA_log10safe,LIN,sumratio,4:436943,4,436943,5.8606e-09,SORBI_3004G005300,0.622938
Sum_FA_over_PA_log10safe,LIN,sumratio,4:436952,4,436952,5.8606e-09,SORBI_3004G005300,0.622938
Sum_FA_over_PA_log10safe,LIN,sumratio,4:436966,4,436966,5.8606e-09,SORBI_3004G005300,0.622938
Sum_FA_over_PA_log10safe,LIN,sumratio,4:436972,4,436972,5.8606e-09,SORBI_3004G005300,0.622938
Sum_FA_over_PA_log10safe,LIN,sumratio,4:437059,4,437059,5.8606e-09,SORBI_3004G005300,0.622938
Sum_FA_over_PA_log10safe,LIN,sumratio,4:437078,4,437078,5.8606e-09,SORBI_3004G005300,0.622938
Sum_FA_over_PA_log10safe,LIN,sumratio,4:437366,4,437366,5.8606e-09,SORBI_3004G005300,0.622938
Sum_FA_over_PA_log10safe,LIN,sumratio,4:436651,4,436651,5.8606e-09,SORBI_3004G004800,0.6102
Sum_FA_over_PA_log10safe,LIN,sumratio,4:436651,4,436651,5.8606e-09,SORBI_3004G005300,0.6102
Sum_FA_over_PA_log10safe,LIN,sumratio,4:436653,4,436653,5.8606e-09,SORBI_3004G004800,0.6102
Sum_FA_over_PA_log10safe,LIN,sumratio,4:436653,4,436653,5.8606e-09,SORBI_3004G005300,0.6102
Sum_FA_over_PA_log10safe,LIN,sumratio,4:436687,4,436687,5.8606e-09,SORBI_3004G004800,0.6102
Sum_FA_over_PA_log10safe,LIN,sumratio,4:436687,4,436687,5.8606e-09,SORBI_3004G005300,0.6102
Sum_FA_over_PA_log10safe,LIN,sumratio,4:436689,4,436689,5.8606e-09,SORBI_3004G004800,0.6102
Sum_FA_over_PA_log10safe,LIN,sumratio,4:436689,4,436689,5.8606e-09,SORBI_3004G005300,0.6102
Sum_FA_over_PA_log10safe,LIN,sumratio,4:436693,4,436693,5.8606e-09,SORBI_3004G004800,0.6102
Sum_FA_over_PA_log10safe,LIN,sumratio,4:436693,4,436693,5.8606e-09,SORBI_3004G005300,0.6102
Sum_FA_over_PA_log10safe,LIN,sumratio,4:436922,4,436922,5.8606e-09,SORBI_3004G004800,0.6102
Sum_FA_over_PA_log10safe,LIN,sumratio,4:436922,4,436922,5.8606e-09,SORBI_3004G005300,0.6102
Sum_FA_over_PA_log10safe,LIN,sumratio,4:436943,4,436943,5.8606e-09,SORBI_3004G004800,0.6102
Sum_FA_over_PA_log10safe,LIN,sumratio,4:436943,4,436943,5.8606e-09,SORBI_3004G005300,0.6102
Sum_FA_over_PA_log10safe,LIN,sumratio,4:436952,4,436952,5.8606e-09,SORBI_3004G004800,0.6102
Sum_FA_over_PA_log10safe,LIN,sumratio,4:436952,4,436952,5.8606e-09,SORBI_3004G005300,0.6102
Sum_FA_over_PA_log10safe,LIN,sumratio,4:436966,4,436966,5.8606e-09,SORBI_3004G004800,0.6102
Sum_FA_over_PA_log10safe,LIN,sumratio,4:436966,4,436966,5.8606e-09,SORBI_3004G005300,0.6102
Sum_FA_over_PA_log10safe,LIN,sumratio,4:436972,4,436972,5.8606e-09,SORBI_3004G004800,0.6102
Sum_FA_over_PA_log10safe,LIN,sumratio,4:436972,4,436972,5.8606e-09,SORBI_3004G005300,0.6102
Sum_FA_over_PA_log10safe,LIN,sumratio,4:437059,4,437059,5.8606e-09,SORBI_3004G004800,0.6102
Sum_FA_over_PA_log10safe,LIN,sumratio,4:437059,4,437059,5.8606e-09,SORBI_3004G005300,0.6102
Sum_FA_over_PA_log10safe,LIN,sumratio,4:437078,4,437078,5.8606e-09,SORBI_3004G004800,0.6102
Sum_FA_over_PA_log10safe,LIN,sumratio,4:437078,4,437078,5.8606e-09,SORBI_3004G005300,0.6102
Sum_FA_over_PA_log10safe,LIN,sumratio,4:437366,4,437366,5.8606e-09,SORBI_3004G004800,0.6102
Sum_FA_over_PA_log10safe,LIN,sumratio,4:437366,4,437366,5.8606e-09,SORBI_3004G005300,0.6102
Sum_FA_over_PA_log10safe,LIN,sumratio,4:436651,4,436651,5.8606e-09,SORBI_3004G005300,0.607148
Sum_FA_over_PA_log10safe,LIN,sumratio,4:436653,4,436653,5.8606e-09,SORBI_3004G005300,0.607148
Sum_FA_over_PA_log10safe,LIN,sumratio,4:436687,4,436687,5.8606e-09,SORBI_3004G005300,0.607148
Sum_FA_over_PA_log10safe,LIN,sumratio,4:436689,4,436689,5.8606e-09,SORBI_3004G005300,0.607148
Sum_FA_over_PA_log10safe,LIN,sumratio,4:436693,4,436693,5.8606e-09,SORBI_3004G005300,0.607148
Sum_FA_over_PA_log10safe,LIN,sumratio,4:436922,4,436922,5.8606e-09,SORBI_3004G005300,0.607148
Sum_FA_over_PA_log10safe,LIN,sumratio,4:436943,4,436943,5.8606e-09,SORBI_3004G005300,0.607148
Sum_FA_over_PA_log10safe,LIN,sumratio,4:436952,4,436952,5.8606e-09,SORBI_3004G005300,0.607148
Sum_FA_over_PA_log10safe,LIN,sumratio,4:436966,4,436966,5.8606e-09,SORBI_3004G005300,0.607148
Sum_FA_over_PA_log10safe,LIN,sumratio,4:436972,4,436972,5.8606e-09,SORBI_3004G005300,0.607148
Sum_FA_over_PA_log10safe,LIN,sumratio,4:437059,4,437059,5.8606e-09,SORBI_3004G005300,0.607148
Sum_FA_over_PA_log10safe,LIN,sumratio,4:437078,4,437078,5.8606e-09,SORBI_3004G005300,0.607148
Sum_FA_over_PA_log10safe,LIN,sumratio,4:437366,4,437366,5.8606e-09,SORBI_3004G005300,0.607148
Sum_FA_over_PA_log10safe,LIN,sumratio,4:436651,4,436651,5.8606e-09,SORBI_3004G005300,0.591386
Sum_FA_over_PA_log10safe,LIN,sumratio,4:436653,4,436653,5.8606e-09,SORBI_3004G005300,0.591386
Sum_FA_over_PA_log10safe,LIN,sumratio,4:436687,4,436687,5.8606e-09,SORBI_3004G005300,0.591386
Sum_FA_over_PA_log10safe,LIN,sumratio,4:436689,4,436689,5.8606e-09,SORBI_3004G005300,0.591386
Sum_FA_over_PA_log10safe,LIN,sumratio,4:436693,4,436693,5.8606e-09,SORBI_3004G005300,0.591386
Sum_FA_over_PA_log10safe,LIN,sumratio,4:436922,4,436922,5.8606e-09,SORBI_3004G005300,0.591386
Sum_FA_over_PA_log10safe,LIN,sumratio,4:436943,4,436943,5.8606e-09,SORBI_3004G005300,0.591386
Sum_FA_over_PA_log10safe,LIN,sumratio,4:436952,4,436952,5.8606e-09,SORBI_3004G005300,0.591386
Sum_FA_over_PA_log10safe,LIN,sumratio,4:436966,4,436966,5.8606e-09,SORBI_3004G005300,0.591386
Sum_FA_over_PA_log10safe,LIN,sumratio,4:436972,4,436972,5.8606e-09,SORBI_3004G005300,0.591386
Sum_FA_over_PA_log10safe,LIN,sumratio,4:437059,4,437059,5.8606e-09,SORBI_3004G005300,0.591386
Sum_FA_over_PA_log10safe,LIN,sumratio,4:437078,4,437078,5.8606e-09,SORBI_3004G005300,0.591386
Sum_FA_over_PA_log10safe,LIN,sumratio,4:437366,4,437366,5.8606e-09,SORBI_3004G005300,0.591386
Sum_FA_over_PA_log10safe,LIN,sumratio,4:436651,4,436651,5.8606e-09,SORBI_3004G005300,0.58677
Sum_FA_over_PA_log10safe,LIN,sumratio,4:436653,4,436653,5.8606e-09,SORBI_3004G005300,0.58677
Sum_FA_over_PA_log10safe,LIN,sumratio,4:436687,4,436687,5.8606e-09,SORBI_3004G005300,0.58677
Sum_FA_over_PA_log10safe,LIN,sumratio,4:436689,4,436689,5.8606e-09,SORBI_3004G005300,0.58677
Sum_FA_over_PA_log10safe,LIN,sumratio,4:436693,4,436693,5.8606e-09,SORBI_3004G005300,0.58677
Sum_FA_over_PA_log10safe,LIN,sumratio,4:436922,4,436922,5.8606e-09,SORBI_3004G005300,0.58677
Sum_FA_over_PA_log10safe,LIN,sumratio,4:436943,4,436943,5.8606e-09,SORBI_3004G005300,0.58677
Sum_FA_over_PA_log10safe,LIN,sumratio,4:436952,4,436952,5.8606e-09,SORBI_3004G005300,0.58677
Sum_FA_over_PA_log10safe,LIN,sumratio,4:436966,4,436966,5.8606e-09,SORBI_3004G005300,0.58677
Sum_FA_over_PA_log10safe,LIN,sumratio,4:436972,4,436972,5.8606e-09,SORBI_3004G005300,0.58677
Sum_FA_over_PA_log10safe,LIN,sumratio,4:437059,4,437059,5.8606e-09,SORBI_3004G005300,0.58677
Sum_FA_over_PA_log10safe,LIN,sumratio,4:437078,4,437078,5.8606e-09,SORBI_3004G005300,0.58677
Sum_FA_over_PA_log10safe,LIN,sumratio,4:437366,4,437366,5.8606e-09,SORBI_3004G005300,0.58677
Sum_FA_over_PA_log10safe,LIN,sumratio,4:436651,4,436651,5.8606e-09,SORBI_3004G005700,0.580229
Sum_FA_over_PA_log10safe,LIN,sumratio,4:436653,4,436653,5.8606e-09,SORBI_3004G005700,0.580229
Sum_FA_over_PA_log10safe,LIN,sumratio,4:436687,4,436687,5.8606e-09,SORBI_3004G005700,0.580229
Sum_FA_over_PA_log10safe,LIN,sumratio,4:436689,4,436689,5.8606e-09,SORBI_3004G005700,0.580229
Sum_FA_over_PA_log10safe,LIN,sumratio,4:436693,4,436693,5.8606e-09,SORBI_3004G005700,0.580229
Sum_FA_over_PA_log10safe,LIN,sumratio,4:436922,4,436922,5.8606e-09,SORBI_3004G005700,0.580229
Sum_FA_over_PA_log10safe,LIN,sumratio,4:436943,4,436943,5.8606e-09,SORBI_3004G005700,0.580229
Sum_FA_over_PA_log10safe,LIN,sumratio,4:436952,4,436952,5.8606e-09,SORBI_3004G005700,0.580229
Sum_FA_over_PA_log10safe,LIN,sumratio,4:436966,4,436966,5.8606e-09,SORBI_3004G005700,0.580229
Sum_FA_over_PA_log10safe,LIN,sumratio,4:436972,4,436972,5.8606e-09,SORBI_3004G005700,0.580229
Sum_FA_over_PA_log10safe,LIN,sumratio,4:437059,4,437059,5.8606e-09,SORBI_3004G005700,0.580229
Sum_FA_over_PA_log10safe,LIN,sumratio,4:437078,4,437078,5.8606e-09,SORBI_3004G005700,0.580229
Sum_FA_over_PA_log10safe,LIN,sumratio,4:437366,4,437366,5.8606e-09,SORBI_3004G005700,0.580229
Sum_FA_over_PA_log10safe,LIN,sumratio,4:436651,4,436651,5.8606e-09,SORBI_3004G005700,0.572058
Sum_FA_over_PA_log10safe,LIN,sumratio,4:436653,4,436653,5.8606e-09,SORBI_3004G005700,0.572058
Sum_FA_over_PA_log10safe,LIN,sumratio,4:436687,4,436687,5.8606e-09,SORBI_3004G005700,0.572058
Sum_FA_over_PA_log10safe,LIN,sumratio,4:436689,4,436689,5.8606e-09,SORBI_3004G005700,0.572058
Sum_FA_over_PA_log10safe,LIN,sumratio,4:436693,4,436693,5.8606e-09,SORBI_3004G005700,0.572058
Sum_FA_over_PA_log10safe,LIN,sumratio,4:436922,4,436922,5.8606e-09,SORBI_3004G005700,0.572058
Sum_FA_over_PA_log10safe,LIN,sumratio,4:436943,4,436943,5.8606e-09,SORBI_3004G005700,0.572058
Sum_FA_over_PA_log10safe,LIN,sumratio,4:436952,4,436952,5.8606e-09,SORBI_3004G005700,0.572058
Sum_FA_over_PA_log10safe,LIN,sumratio,4:436966,4,436966,5.8606e-09,SORBI_3004G005700,0.572058
Sum_FA_over_PA_log10safe,LIN,sumratio,4:436972,4,436972,5.8606e-09,SORBI_3004G005700,0.572058
Sum_FA_over_PA_log10safe,LIN,sumratio,4:437059,4,437059,5.8606e-09,SORBI_3004G005700,0.572058
Sum_FA_over_PA_log10safe,LIN,sumratio,4:437078,4,437078,5.8606e-09,SORBI_3004G005700,0.572058
Sum_FA_over_PA_log10safe,LIN,sumratio,4:437366,4,437366,5.8606e-09,SORBI_3004G005700,0.572058
Sum_FA_over_PA_log10safe,LIN,sumratio,4:436651,4,436651,5.8606e-09,SORBI_3004G005300,0.564049
Sum_FA_over_PA_log10safe,LIN,sumratio,4:436653,4,436653,5.8606e-09,SORBI_3004G005300,0.564049
Sum_FA_over_PA_log10safe,LIN,sumratio,4:436687,4,436687,5.8606e-09,SORBI_3004G005300,0.564049
Sum_FA_over_PA_log10safe,LIN,sumratio,4:436689,4,436689,5.8606e-09,SORBI_3004G005300,0.564049
Sum_FA_over_PA_log10safe,LIN,sumratio,4:436693,4,436693,5.8606e-09,SORBI_3004G005300,0.564049
Sum_FA_over_PA_log10safe,LIN,sumratio,4:436922,4,436922,5.8606e-09,SORBI_3004G005300,0.564049
Sum_FA_over_PA_log10safe,LIN,sumratio,4:436943,4,436943,5.8606e-09,SORBI_3004G005300,0.564049
Sum_FA_over_PA_log10safe,LIN,sumratio,4:436952,4,436952,5.8606e-09,SORBI_3004G005300,0.564049
Sum_FA_over_PA_log10safe,LIN,sumratio,4:436966,4,436966,5.8606e-09,SORBI_3004G005300,0.564049
Sum_FA_over_PA_log10safe,LIN,sumratio,4:436972,4,436972,5.8606e-09,SORBI_3004G005300,0.564049
Sum_FA_over_PA_log10safe,LIN,sumratio,4:437059,4,437059,5.8606e-09,SORBI_3004G005300,0.564049
Sum_FA_over_PA_log10safe,LIN,sumratio,4:437078,4,437078,5.8606e-09,SORBI_3004G005300,0.564049
Sum_FA_over_PA_log10safe,LIN,sumratio,4:437366,4,437366,5.8606e-09,SORBI_3004G005300,0.564049
Sum_FA_over_PA_log10safe,LIN,sumratio,4:436651,4,436651,5.8606e-09,SORBI_3004G005300,0.559021
Sum_FA_over_PA_log10safe,LIN,sumratio,4:436653,4,436653,5.8606e-09,SORBI_3004G005300,0.559021
Sum_FA_over_PA_log10safe,LIN,sumratio,4:436687,4,436687,5.8606e-09,SORBI_3004G005300,0.559021
Sum_FA_over_PA_log10safe,LIN,sumratio,4:436689,4,436689,5.8606e-09,SORBI_3004G005300,0.559021
Sum_FA_over_PA_log10safe,LIN,sumratio,4:436693,4,436693,5.8606e-09,SORBI_3004G005300,0.559021
Sum_FA_over_PA_log10safe,LIN,sumratio,4:436922,4,436922,5.8606e-09,SORBI_3004G005300,0.559021
Sum_FA_over_PA_log10safe,LIN,sumratio,4:436943,4,436943,5.8606e-09,SORBI_3004G005300,0.559021
Sum_FA_over_PA_log10safe,LIN,sumratio,4:436952,4,436952,5.8606e-09,SORBI_3004G005300,0.559021
Sum_FA_over_PA_log10safe,LIN,sumratio,4:436966,4,436966,5.8606e-09,SORBI_3004G005300,0.559021
Sum_FA_over_PA_log10safe,LIN,sumratio,4:436972,4,436972,5.8606e-09,SORBI_3004G005300,0.559021
Sum_FA_over_PA_log10safe,LIN,sumratio,4:437059,4,437059,5.8606e-09,SORBI_3004G005300,0.559021
Sum_FA_over_PA_log10safe,LIN,sumratio,4:437078,4,437078,5.8606e-09,SORBI_3004G005300,0.559021
Sum_FA_over_PA_log10safe,LIN,sumratio,4:437366,4,437366,5.8606e-09,SORBI_3004G005300,0.559021
Sum_FA_over_PA_log10safe,LIN,sumratio,4:436651,4,436651,5.8606e-09,SORBI_3004G005300,0.55457
Sum_FA_over_PA_log10safe,LIN,sumratio,4:436653,4,436653,5.8606e-09,SORBI_3004G005300,0.55457
Sum_FA_over_PA_log10safe,LIN,sumratio,4:436687,4,436687,5.8606e-09,SORBI_3004G005300,0.55457
Sum_FA_over_PA_log10safe,LIN,sumratio,4:436689,4,436689,5.8606e-09,SORBI_3004G005300,0.55457
Sum_FA_over_PA_log10safe,LIN,sumratio,4:436693,4,436693,5.8606e-09,SORBI_3004G005300,0.55457
Sum_FA_over_PA_log10safe,LIN,sumratio,4:436922,4,436922,5.8606e-09,SORBI_3004G005300,0.55457
Sum_FA_over_PA_log10safe,LIN,sumratio,4:436943,4,436943,5.8606e-09,SORBI_3004G005300,0.55457
Sum_FA_over_PA_log10safe,LIN,sumratio,4:436952,4,436952,5.8606e-09,SORBI_3004G005300,0.55457
Sum_FA_over_PA_log10safe,LIN,sumratio,4:436966,4,436966,5.8606e-09,SORBI_3004G005300,0.55457
Sum_FA_over_PA_log10safe,LIN,sumratio,4:436972,4,436972,5.8606e-09,SORBI_3004G005300,0.55457
Sum_FA_over_PA_log10safe,LIN,sumratio,4:437059,4,437059,5.8606e-09,SORBI_3004G005300,0.55457
Sum_FA_over_PA_log10safe,LIN,sumratio,4:437078,4,437078,5.8606e-09,SORBI_3004G005300,0.55457
Sum_FA_over_PA_log10safe,LIN,sumratio,4:437366,4,437366,5.8606e-09,SORBI_3004G005300,0.55457
Sum_FA_over_PA_log10safe,LIN,sumratio,4:436651,4,436651,5.8606e-09,SORBI_3004G004800,0.550313
Sum_FA_over_PA_log10safe,LIN,sumratio,4:436653,4,436653,5.8606e-09,SORBI_3004G004800,0.550313
Sum_FA_over_PA_log10safe,LIN,sumratio,4:436687,4,436687,5.8606e-09,SORBI_3004G004800,0.550313
Sum_FA_over_PA_log10safe,LIN,sumratio,4:436689,4,436689,5.8606e-09,SORBI_3004G004800,0.550313
Sum_FA_over_PA_log10safe,LIN,sumratio,4:436693,4,436693,5.8606e-09,SORBI_3004G004800,0.550313
Sum_FA_over_PA_log10safe,LIN,sumratio,4:436922,4,436922,5.8606e-09,SORBI_3004G004800,0.550313
Sum_FA_over_PA_log10safe,LIN,sumratio,4:436943,4,436943,5.8606e-09,SORBI_3004G004800,0.550313
Sum_FA_over_PA_log10safe,LIN,sumratio,4:436952,4,436952,5.8606e-09,SORBI_3004G004800,0.550313
Sum_FA_over_PA_log10safe,LIN,sumratio,4:436966,4,436966,5.8606e-09,SORBI_3004G004800,0.550313
Sum_FA_over_PA_log10safe,LIN,sumratio,4:436972,4,436972,5.8606e-09,SORBI_3004G004800,0.550313
Sum_FA_over_PA_log10safe,LIN,sumratio,4:437059,4,437059,5.8606e-09,SORBI_3004G004800,0.550313
Sum_FA_over_PA_log10safe,LIN,sumratio,4:437078,4,437078,5.8606e-09,SORBI_3004G004800,0.550313
Sum_FA_over_PA_log10safe,LIN,sumratio,4:437366,4,437366,5.8606e-09,SORBI_3004G004800,0.550313
Sum_FA_over_PA_log10safe,LIN,sumratio,4:436651,4,436651,5.8606e-09,SORBI_3004G005300,0.545974
Sum_FA_over_PA_log10safe,LIN,sumratio,4:436653,4,436653,5.8606e-09,SORBI_3004G005300,0.545974
Sum_FA_over_PA_log10safe,LIN,sumratio,4:436687,4,436687,5.8606e-09,SORBI_3004G005300,0.545974
Sum_FA_over_PA_log10safe,LIN,sumratio,4:436689,4,436689,5.8606e-09,SORBI_3004G005300,0.545974
Sum_FA_over_PA_log10safe,LIN,sumratio,4:436693,4,436693,5.8606e-09,SORBI_3004G005300,0.545974
Sum_FA_over_PA_log10safe,LIN,sumratio,4:436922,4,436922,5.8606e-09,SORBI_3004G005300,0.545974
Sum_FA_over_PA_log10safe,LIN,sumratio,4:436943,4,436943,5.8606e-09,SORBI_3004G005300,0.545974
Sum_FA_over_PA_log10safe,LIN,sumratio,4:436952,4,436952,5.8606e-09,SORBI_3004G005300,0.545974
Sum_FA_over_PA_log10safe,LIN,sumratio,4:436966,4,436966,5.8606e-09,SORBI_3004G005300,0.545974
Sum_FA_over_PA_log10safe,LIN,sumratio,4:436972,4,436972,5.8606e-09,SORBI_3004G005300,0.545974
Sum_FA_over_PA_log10safe,LIN,sumratio,4:437059,4,437059,5.8606e-09,SORBI_3004G005300,0.545974
Sum_FA_over_PA_log10safe,LIN,sumratio,4:437078,4,437078,5.8606e-09,SORBI_3004G005300,0.545974
Sum_FA_over_PA_log10safe,LIN,sumratio,4:437366,4,437366,5.8606e-09,SORBI_3004G005300,0.545974
Sum_FA_over_PA_log10safe,LIN,sumratio,4:436651,4,436651,5.8606e-09,SORBI_3004G005300,0.54058
Sum_FA_over_PA_log10safe,LIN,sumratio,4:436653,4,436653,5.8606e-09,SORBI_3004G005300,0.54058
Sum_FA_over_PA_log10safe,LIN,sumratio,4:436687,4,436687,5.8606e-09,SORBI_3004G005300,0.54058
Sum_FA_over_PA_log10safe,LIN,sumratio,4:436689,4,436689,5.8606e-09,SORBI_3004G005300,0.54058
Sum_FA_over_PA_log10safe,LIN,sumratio,4:436693,4,436693,5.8606e-09,SORBI_3004G005300,0.54058
Sum_FA_over_PA_log10safe,LIN,sumratio,4:436922,4,436922,5.8606e-09,SORBI_3004G005300,0.54058
Sum_FA_over_PA_log10safe,LIN,sumratio,4:436943,4,436943,5.8606e-09,SORBI_3004G005300,0.54058
Sum_FA_over_PA_log10safe,LIN,sumratio,4:436952,4,436952,5.8606e-09,SORBI_3004G005300,0.54058
Sum_FA_over_PA_log10safe,LIN,sumratio,4:436966,4,436966,5.8606e-09,SORBI_3004G005300,0.54058
Sum_FA_over_PA_log10safe,LIN,sumratio,4:436972,4,436972,5.8606e-09,SORBI_3004G005300,0.54058
Sum_FA_over_PA_log10safe,LIN,sumratio,4:437059,4,437059,5.8606e-09,SORBI_3004G005300,0.54058
Sum_FA_over_PA_log10safe,LIN,sumratio,4:437078,4,437078,5.8606e-09,SORBI_3004G005300,0.54058
Sum_FA_over_PA_log10safe,LIN,sumratio,4:437366,4,437366,5.8606e-09,SORBI_3004G005300,0.54058
Sum_FA_over_PA_log10safe,LIN,sumratio,4:436651,4,436651,5.8606e-09,SORBI_3004G005300,0.538889
Sum_FA_over_PA_log10safe,LIN,sumratio,4:436653,4,436653,5.8606e-09,SORBI_3004G005300,0.538889
Sum_FA_over_PA_log10safe,LIN,sumratio,4:436687,4,436687,5.8606e-09,SORBI_3004G005300,0.538889
Sum_FA_over_PA_log10safe,LIN,sumratio,4:436689,4,436689,5.8606e-09,SORBI_3004G005300,0.538889
Sum_FA_over_PA_log10safe,LIN,sumratio,4:436693,4,436693,5.8606e-09,SORBI_3004G005300,0.538889
Sum_FA_over_PA_log10safe,LIN,sumratio,4:436922,4,436922,5.8606e-09,SORBI_3004G005300,0.538889
Sum_FA_over_PA_log10safe,LIN,sumratio,4:436943,4,436943,5.8606e-09,SORBI_3004G005300,0.538889
Sum_FA_over_PA_log10safe,LIN,sumratio,4:436952,4,436952,5.8606e-09,SORBI_3004G005300,0.538889
Sum_FA_over_PA_log10safe,LIN,sumratio,4:436966,4,436966,5.8606e-09,SORBI_3004G005300,0.538889
Sum_FA_over_PA_log10safe,LIN,sumratio,4:436972,4,436972,5.8606e-09,SORBI_3004G005300,0.538889
Sum_FA_over_PA_log10safe,LIN,sumratio,4:437059,4,437059,5.8606e-09,SORBI_3004G005300,0.538889
Sum_FA_over_PA_log10safe,LIN,sumratio,4:437078,4,437078,5.8606e-09,SORBI_3004G005300,0.538889
Sum_FA_over_PA_log10safe,LIN,sumratio,4:437366,4,437366,5.8606e-09,SORBI_3004G005300,0.538889
Sum_FA_over_PA_log10safe,LIN,sumratio,4:436651,4,436651,5.8606e-09,SORBI_3004G005300,0.535011
Sum_FA_over_PA_log10safe,LIN,sumratio,4:436653,4,436653,5.8606e-09,SORBI_3004G005300,0.535011
Sum_FA_over_PA_log10safe,LIN,sumratio,4:436687,4,436687,5.8606e-09,SORBI_3004G005300,0.535011
Sum_FA_over_PA_log10safe,LIN,sumratio,4:436689,4,436689,5.8606e-09,SORBI_3004G005300,0.535011
Sum_FA_over_PA_log10safe,LIN,sumratio,4:436693,4,436693,5.8606e-09,SORBI_3004G005300,0.535011
Sum_FA_over_PA_log10safe,LIN,sumratio,4:436922,4,436922,5.8606e-09,SORBI_3004G005300,0.535011
Sum_FA_over_PA_log10safe,LIN,sumratio,4:436943,4,436943,5.8606e-09,SORBI_3004G005300,0.535011
Sum_FA_over_PA_log10safe,LIN,sumratio,4:436952,4,436952,5.8606e-09,SORBI_3004G005300,0.535011
Sum_FA_over_PA_log10safe,LIN,sumratio,4:436966,4,436966,5.8606e-09,SORBI_3004G005300,0.535011
Sum_FA_over_PA_log10safe,LIN,sumratio,4:436972,4,436972,5.8606e-09,SORBI_3004G005300,0.535011
Sum_FA_over_PA_log10safe,LIN,sumratio,4:437059,4,437059,5.8606e-09,SORBI_3004G005300,0.535011
Sum_FA_over_PA_log10safe,LIN,sumratio,4:437078,4,437078,5.8606e-09,SORBI_3004G005300,0.535011
Sum_FA_over_PA_log10safe,LIN,sumratio,4:437366,4,437366,5.8606e-09,SORBI_3004G005300,0.535011
Sum_FA_over_PA_log10safe,LIN,sumratio,4:436651,4,436651,5.8606e-09,SORBI_3004G005000,0.533474
Sum_FA_over_PA_log10safe,LIN,sumratio,4:436653,4,436653,5.8606e-09,SORBI_3004G005000,0.533474
Sum_FA_over_PA_log10safe,LIN,sumratio,4:436687,4,436687,5.8606e-09,SORBI_3004G005000,0.533474
Sum_FA_over_PA_log10safe,LIN,sumratio,4:436689,4,436689,5.8606e-09,SORBI_3004G005000,0.533474
Sum_FA_over_PA_log10safe,LIN,sumratio,4:436693,4,436693,5.8606e-09,SORBI_3004G005000,0.533474
Sum_FA_over_PA_log10safe,LIN,sumratio,4:436922,4,436922,5.8606e-09,SORBI_3004G005000,0.533474
Sum_FA_over_PA_log10safe,LIN,sumratio,4:436943,4,436943,5.8606e-09,SORBI_3004G005000,0.533474
Sum_FA_over_PA_log10safe,LIN,sumratio,4:436952,4,436952,5.8606e-09,SORBI_3004G005000,0.533474
Sum_FA_over_PA_log10safe,LIN,sumratio,4:436966,4,436966,5.8606e-09,SORBI_3004G005000,0.533474
Sum_FA_over_PA_log10safe,LIN,sumratio,4:436972,4,436972,5.8606e-09,SORBI_3004G005000,0.533474
Sum_FA_over_PA_log10safe,LIN,sumratio,4:437059,4,437059,5.8606e-09,SORBI_3004G005000,0.533474
Sum_FA_over_PA_log10safe,LIN,sumratio,4:437078,4,437078,5.8606e-09,SORBI_3004G005000,0.533474
Sum_FA_over_PA_log10safe,LIN,sumratio,4:437366,4,437366,5.8606e-09,SORBI_3004G005000,0.533474
Sum_FA_over_PA_log10safe,LIN,sumratio,4:436651,4,436651,5.8606e-09,SORBI_3004G005300,0.530206
Sum_FA_over_PA_log10safe,LIN,sumratio,4:436653,4,436653,5.8606e-09,SORBI_3004G005300,0.530206
Sum_FA_over_PA_log10safe,LIN,sumratio,4:436687,4,436687,5.8606e-09,SORBI_3004G005300,0.530206
Sum_FA_over_PA_log10safe,LIN,sumratio,4:436689,4,436689,5.8606e-09,SORBI_3004G005300,0.530206
Sum_FA_over_PA_log10safe,LIN,sumratio,4:436693,4,436693,5.8606e-09,SORBI_3004G005300,0.530206
Sum_FA_over_PA_log10safe,LIN,sumratio,4:436922,4,436922,5.8606e-09,SORBI_3004G005300,0.530206
Sum_FA_over_PA_log10safe,LIN,sumratio,4:436943,4,436943,5.8606e-09,SORBI_3004G005300,0.530206
Sum_FA_over_PA_log10safe,LIN,sumratio,4:436952,4,436952,5.8606e-09,SORBI_3004G005300,0.530206
Sum_FA_over_PA_log10safe,LIN,sumratio,4:436966,4,436966,5.8606e-09,SORBI_3004G005300,0.530206
Sum_FA_over_PA_log10safe,LIN,sumratio,4:436972,4,436972,5.8606e-09,SORBI_3004G005300,0.530206
Sum_FA_over_PA_log10safe,LIN,sumratio,4:437059,4,437059,5.8606e-09,SORBI_3004G005300,0.530206
Sum_FA_over_PA_log10safe,LIN,sumratio,4:437078,4,437078,5.8606e-09,SORBI_3004G005300,0.530206
Sum_FA_over_PA_log10safe,LIN,sumratio,4:437366,4,437366,5.8606e-09,SORBI_3004G005300,0.530206
Sum_FA_over_PA_log10safe,LIN,sumratio,4:436651,4,436651,5.8606e-09,SORBI_3004G005300,0.529177
Sum_FA_over_PA_log10safe,LIN,sumratio,4:436653,4,436653,5.8606e-09,SORBI_3004G005300,0.529177
Sum_FA_over_PA_log10safe,LIN,sumratio,4:436687,4,436687,5.8606e-09,SORBI_3004G005300,0.529177
Sum_FA_over_PA_log10safe,LIN,sumratio,4:436689,4,436689,5.8606e-09,SORBI_3004G005300,0.529177
Sum_FA_over_PA_log10safe,LIN,sumratio,4:436693,4,436693,5.8606e-09,SORBI_3004G005300,0.529177
Sum_FA_over_PA_log10safe,LIN,sumratio,4:436922,4,436922,5.8606e-09,SORBI_3004G005300,0.529177
Sum_FA_over_PA_log10safe,LIN,sumratio,4:436943,4,436943,5.8606e-09,SORBI_3004G005300,0.529177
Sum_FA_over_PA_log10safe,LIN,sumratio,4:436952,4,436952,5.8606e-09,SORBI_3004G005300,0.529177
Sum_FA_over_PA_log10safe,LIN,sumratio,4:436966,4,436966,5.8606e-09,SORBI_3004G005300,0.529177
Sum_FA_over_PA_log10safe,LIN,sumratio,4:436972,4,436972,5.8606e-09,SORBI_3004G005300,0.529177
Sum_FA_over_PA_log10safe,LIN,sumratio,4:437059,4,437059,5.8606e-09,SORBI_3004G005300,0.529177
Sum_FA_over_PA_log10safe,LIN,sumratio,4:437078,4,437078,5.8606e-09,SORBI_3004G005300,0.529177
Sum_FA_over_PA_log10safe,LIN,sumratio,4:437366,4,437366,5.8606e-09,SORBI_3004G005300,0.529177
Sum_FA_over_PA_log10safe,LIN,sumratio,4:436651,4,436651,5.8606e-09,SORBI_3004G005300,0.524617
Sum_FA_over_PA_log10safe,LIN,sumratio,4:436653,4,436653,5.8606e-09,SORBI_3004G005300,0.524617
Sum_FA_over_PA_log10safe,LIN,sumratio,4:436687,4,436687,5.8606e-09,SORBI_3004G005300,0.524617
Sum_FA_over_PA_log10safe,LIN,sumratio,4:436689,4,436689,5.8606e-09,SORBI_3004G005300,0.524617
Sum_FA_over_PA_log10safe,LIN,sumratio,4:436693,4,436693,5.8606e-09,SORBI_3004G005300,0.524617
Sum_FA_over_PA_log10safe,LIN,sumratio,4:436922,4,436922,5.8606e-09,SORBI_3004G005300,0.524617
Sum_FA_over_PA_log10safe,LIN,sumratio,4:436943,4,436943,5.8606e-09,SORBI_3004G005300,0.524617
Sum_FA_over_PA_log10safe,LIN,sumratio,4:436952,4,436952,5.8606e-09,SORBI_3004G005300,0.524617
Sum_FA_over_PA_log10safe,LIN,sumratio,4:436966,4,436966,5.8606e-09,SORBI_3004G005300,0.524617
Sum_FA_over_PA_log10safe,LIN,sumratio,4:436972,4,436972,5.8606e-09,SORBI_3004G005300,0.524617
Sum_FA_over_PA_log10safe,LIN,sumratio,4:437059,4,437059,5.8606e-09,SORBI_3004G005300,0.524617
Sum_FA_over_PA_log10safe,LIN,sumratio,4:437078,4,437078,5.8606e-09,SORBI_3004G005300,0.524617
Sum_FA_over_PA_log10safe,LIN,sumratio,4:437366,4,437366,5.8606e-09,SORBI_3004G005300,0.524617
Sum_FA_over_PA_log10safe,LIN,sumratio,4:436651,4,436651,5.8606e-09,SORBI_3004G005300,0.523247
Sum_FA_over_PA_log10safe,LIN,sumratio,4:436653,4,436653,5.8606e-09,SORBI_3004G005300,0.523247
Sum_FA_over_PA_log10safe,LIN,sumratio,4:436687,4,436687,5.8606e-09,SORBI_3004G005300,0.523247
Sum_FA_over_PA_log10safe,LIN,sumratio,4:436689,4,436689,5.8606e-09,SORBI_3004G005300,0.523247
Sum_FA_over_PA_log10safe,LIN,sumratio,4:436693,4,436693,5.8606e-09,SORBI_3004G005300,0.523247
Sum_FA_over_PA_log10safe,LIN,sumratio,4:436922,4,436922,5.8606e-09,SORBI_3004G005300,0.523247
Sum_FA_over_PA_log10safe,LIN,sumratio,4:436943,4,436943,5.8606e-09,SORBI_3004G005300,0.523247
Sum_FA_over_PA_log10safe,LIN,sumratio,4:436952,4,436952,5.8606e-09,SORBI_3004G005300,0.523247
Sum_FA_over_PA_log10safe,LIN,sumratio,4:436966,4,436966,5.8606e-09,SORBI_3004G005300,0.523247
Sum_FA_over_PA_log10safe,LIN,sumratio,4:436972,4,436972,5.8606e-09,SORBI_3004G005300,0.523247
Sum_FA_over_PA_log10safe,LIN,sumratio,4:437059,4,437059,5.8606e-09,SORBI_3004G005300,0.523247
Sum_FA_over_PA_log10safe,LIN,sumratio,4:437078,4,437078,5.8606e-09,SORBI_3004G005300,0.523247
Sum_FA_over_PA_log10safe,LIN,sumratio,4:437366,4,437366,5.8606e-09,SORBI_3004G005300,0.523247
Sum_FA_over_PA_log10safe,LIN,sumratio,4:436651,4,436651,5.8606e-09,SORBI_3004G005300,0.5219
Sum_FA_over_PA_log10safe,LIN,sumratio,4:436653,4,436653,5.8606e-09,SORBI_3004G005300,0.5219
Sum_FA_over_PA_log10safe,LIN,sumratio,4:436687,4,436687,5.8606e-09,SORBI_3004G005300,0.5219
Sum_FA_over_PA_log10safe,LIN,sumratio,4:436689,4,436689,5.8606e-09,SORBI_3004G005300,0.5219
Sum_FA_over_PA_log10safe,LIN,sumratio,4:436693,4,436693,5.8606e-09,SORBI_3004G005300,0.5219
Sum_FA_over_PA_log10safe,LIN,sumratio,4:436922,4,436922,5.8606e-09,SORBI_3004G005300,0.5219
Sum_FA_over_PA_log10safe,LIN,sumratio,4:436943,4,436943,5.8606e-09,SORBI_3004G005300,0.5219
Sum_FA_over_PA_log10safe,LIN,sumratio,4:436952,4,436952,5.8606e-09,SORBI_3004G005300,0.5219
Sum_FA_over_PA_log10safe,LIN,sumratio,4:436966,4,436966,5.8606e-09,SORBI_3004G005300,0.5219
Sum_FA_over_PA_log10safe,LIN,sumratio,4:436972,4,436972,5.8606e-09,SORBI_3004G005300,0.5219
Sum_FA_over_PA_log10safe,LIN,sumratio,4:437059,4,437059,5.8606e-09,SORBI_3004G005300,0.5219
Sum_FA_over_PA_log10safe,LIN,sumratio,4:437078,4,437078,5.8606e-09,SORBI_3004G005300,0.5219
Sum_FA_over_PA_log10safe,LIN,sumratio,4:437366,4,437366,5.8606e-09,SORBI_3004G005300,0.5219
Sum_FA_over_PA_log10safe,LIN,sumratio,4:436651,4,436651,5.8606e-09,SORBI_3004G005300,0.51936
Sum_FA_over_PA_log10safe,LIN,sumratio,4:436653,4,436653,5.8606e-09,SORBI_3004G005300,0.51936
Sum_FA_over_PA_log10safe,LIN,sumratio,4:436687,4,436687,5.8606e-09,SORBI_3004G005300,0.51936
Sum_FA_over_PA_log10safe,LIN,sumratio,4:436689,4,436689,5.8606e-09,SORBI_3004G005300,0.51936
Sum_FA_over_PA_log10safe,LIN,sumratio,4:436693,4,436693,5.8606e-09,SORBI_3004G005300,0.51936
Sum_FA_over_PA_log10safe,LIN,sumratio,4:436922,4,436922,5.8606e-09,SORBI_3004G005300,0.51936
Sum_FA_over_PA_log10safe,LIN,sumratio,4:436943,4,436943,5.8606e-09,SORBI_3004G005300,0.51936
Sum_FA_over_PA_log10safe,LIN,sumratio,4:436952,4,436952,5.8606e-09,SORBI_3004G005300,0.51936
Sum_FA_over_PA_log10safe,LIN,sumratio,4:436966,4,436966,5.8606e-09,SORBI_3004G005300,0.51936
Sum_FA_over_PA_log10safe,LIN,sumratio,4:436972,4,436972,5.8606e-09,SORBI_3004G005300,0.51936
Sum_FA_over_PA_log10safe,LIN,sumratio,4:437059,4,437059,5.8606e-09,SORBI_3004G005300,0.51936
Sum_FA_over_PA_log10safe,LIN,sumratio,4:437078,4,437078,5.8606e-09,SORBI_3004G005300,0.51936
Sum_FA_over_PA_log10safe,LIN,sumratio,4:437366,4,437366,5.8606e-09,SORBI_3004G005300,0.51936
Sum_FA_over_PA_log10safe,LIN,sumratio,4:436651,4,436651,5.8606e-09,SORBI_3004G007500,0.518913
Sum_FA_over_PA_log10safe,LIN,sumratio,4:436653,4,436653,5.8606e-09,SORBI_3004G007500,0.518913
Sum_FA_over_PA_log10safe,LIN,sumratio,4:436687,4,436687,5.8606e-09,SORBI_3004G007500,0.518913
Sum_FA_over_PA_log10safe,LIN,sumratio,4:436689,4,436689,5.8606e-09,SORBI_3004G007500,0.518913
Sum_FA_over_PA_log10safe,LIN,sumratio,4:436693,4,436693,5.8606e-09,SORBI_3004G007500,0.518913
Sum_FA_over_PA_log10safe,LIN,sumratio,4:436922,4,436922,5.8606e-09,SORBI_3004G007500,0.518913
Sum_FA_over_PA_log10safe,LIN,sumratio,4:436943,4,436943,5.8606e-09,SORBI_3004G007500,0.518913
Sum_FA_over_PA_log10safe,LIN,sumratio,4:436952,4,436952,5.8606e-09,SORBI_3004G007500,0.518913
Sum_FA_over_PA_log10safe,LIN,sumratio,4:436966,4,436966,5.8606e-09,SORBI_3004G007500,0.518913
Sum_FA_over_PA_log10safe,LIN,sumratio,4:436972,4,436972,5.8606e-09,SORBI_3004G007500,0.518913
Sum_FA_over_PA_log10safe,LIN,sumratio,4:437059,4,437059,5.8606e-09,SORBI_3004G007500,0.518913
Sum_FA_over_PA_log10safe,LIN,sumratio,4:437078,4,437078,5.8606e-09,SORBI_3004G007500,0.518913
Sum_FA_over_PA_log10safe,LIN,sumratio,4:437366,4,437366,5.8606e-09,SORBI_3004G007500,0.518913
Sum_FA_over_PA_log10safe,LIN,sumratio,4:436651,4,436651,5.8606e-09,SORBI_3004G005000,0.51365
Sum_FA_over_PA_log10safe,LIN,sumratio,4:436653,4,436653,5.8606e-09,SORBI_3004G005000,0.51365
Sum_FA_over_PA_log10safe,LIN,sumratio,4:436687,4,436687,5.8606e-09,SORBI_3004G005000,0.51365
Sum_FA_over_PA_log10safe,LIN,sumratio,4:436689,4,436689,5.8606e-09,SORBI_3004G005000,0.51365
Sum_FA_over_PA_log10safe,LIN,sumratio,4:436693,4,436693,5.8606e-09,SORBI_3004G005000,0.51365
Sum_FA_over_PA_log10safe,LIN,sumratio,4:436922,4,436922,5.8606e-09,SORBI_3004G005000,0.51365
Sum_FA_over_PA_log10safe,LIN,sumratio,4:436943,4,436943,5.8606e-09,SORBI_3004G005000,0.51365
Sum_FA_over_PA_log10safe,LIN,sumratio,4:436952,4,436952,5.8606e-09,SORBI_3004G005000,0.51365
Sum_FA_over_PA_log10safe,LIN,sumratio,4:436966,4,436966,5.8606e-09,SORBI_3004G005000,0.51365
Sum_FA_over_PA_log10safe,LIN,sumratio,4:436972,4,436972,5.8606e-09,SORBI_3004G005000,0.51365
Sum_FA_over_PA_log10safe,LIN,sumratio,4:437059,4,437059,5.8606e-09,SORBI_3004G005000,0.51365
Sum_FA_over_PA_log10safe,LIN,sumratio,4:437078,4,437078,5.8606e-09,SORBI_3004G005000,0.51365
Sum_FA_over_PA_log10safe,LIN,sumratio,4:437366,4,437366,5.8606e-09,SORBI_3004G005000,0.51365
Sum_FA_over_PA_log10safe,LIN,sumratio,4:436651,4,436651,5.8606e-09,SORBI_3004G005300,0.512144
Sum_FA_over_PA_log10safe,LIN,sumratio,4:436653,4,436653,5.8606e-09,SORBI_3004G005300,0.512144
Sum_FA_over_PA_log10safe,LIN,sumratio,4:436687,4,436687,5.8606e-09,SORBI_3004G005300,0.512144
Sum_FA_over_PA_log10safe,LIN,sumratio,4:436689,4,436689,5.8606e-09,SORBI_3004G005300,0.512144
Sum_FA_over_PA_log10safe,LIN,sumratio,4:436693,4,436693,5.8606e-09,SORBI_3004G005300,0.512144
Sum_FA_over_PA_log10safe,LIN,sumratio,4:436922,4,436922,5.8606e-09,SORBI_3004G005300,0.512144
Sum_FA_over_PA_log10safe,LIN,sumratio,4:436943,4,436943,5.8606e-09,SORBI_3004G005300,0.512144
Sum_FA_over_PA_log10safe,LIN,sumratio,4:436952,4,436952,5.8606e-09,SORBI_3004G005300,0.512144
Sum_FA_over_PA_log10safe,LIN,sumratio,4:436966,4,436966,5.8606e-09,SORBI_3004G005300,0.512144
Sum_FA_over_PA_log10safe,LIN,sumratio,4:436972,4,436972,5.8606e-09,SORBI_3004G005300,0.512144
Sum_FA_over_PA_log10safe,LIN,sumratio,4:437059,4,437059,5.8606e-09,SORBI_3004G005300,0.512144
Sum_FA_over_PA_log10safe,LIN,sumratio,4:437078,4,437078,5.8606e-09,SORBI_3004G005300,0.512144
Sum_FA_over_PA_log10safe,LIN,sumratio,4:437366,4,437366,5.8606e-09,SORBI_3004G005300,0.512144
Sum_FA_over_PA_log10safe,LIN,sumratio,4:436651,4,436651,5.8606e-09,SORBI_3004G005300,0.512075
Sum_FA_over_PA_log10safe,LIN,sumratio,4:436653,4,436653,5.8606e-09,SORBI_3004G005300,0.512075
Sum_FA_over_PA_log10safe,LIN,sumratio,4:436687,4,436687,5.8606e-09,SORBI_3004G005300,0.512075
Sum_FA_over_PA_log10safe,LIN,sumratio,4:436689,4,436689,5.8606e-09,SORBI_3004G005300,0.512075
Sum_FA_over_PA_log10safe,LIN,sumratio,4:436693,4,436693,5.8606e-09,SORBI_3004G005300,0.512075
Sum_FA_over_PA_log10safe,LIN,sumratio,4:436922,4,436922,5.8606e-09,SORBI_3004G005300,0.512075
Sum_FA_over_PA_log10safe,LIN,sumratio,4:436943,4,436943,5.8606e-09,SORBI_3004G005300,0.512075
Sum_FA_over_PA_log10safe,LIN,sumratio,4:436952,4,436952,5.8606e-09,SORBI_3004G005300,0.512075
Sum_FA_over_PA_log10safe,LIN,sumratio,4:436966,4,436966,5.8606e-09,SORBI_3004G005300,0.512075
Sum_FA_over_PA_log10safe,LIN,sumratio,4:436972,4,436972,5.8606e-09,SORBI_3004G005300,0.512075
Sum_FA_over_PA_log10safe,LIN,sumratio,4:437059,4,437059,5.8606e-09,SORBI_3004G005300,0.512075
Sum_FA_over_PA_log10safe,LIN,sumratio,4:437078,4,437078,5.8606e-09,SORBI_3004G005300,0.512075
Sum_FA_over_PA_log10safe,LIN,sumratio,4:437366,4,437366,5.8606e-09,SORBI_3004G005300,0.512075
Sum_FA_over_PA_log10safe,LIN,sumratio,4:436651,4,436651,5.8606e-09,SORBI_3004G005300,0.507514
Sum_FA_over_PA_log10safe,LIN,sumratio,4:436653,4,436653,5.8606e-09,SORBI_3004G005300,0.507514
Sum_FA_over_PA_log10safe,LIN,sumratio,4:436687,4,436687,5.8606e-09,SORBI_3004G005300,0.507514
Sum_FA_over_PA_log10safe,LIN,sumratio,4:436689,4,436689,5.8606e-09,SORBI_3004G005300,0.507514
Sum_FA_over_PA_log10safe,LIN,sumratio,4:436693,4,436693,5.8606e-09,SORBI_3004G005300,0.507514
Sum_FA_over_PA_log10safe,LIN,sumratio,4:436922,4,436922,5.8606e-09,SORBI_3004G005300,0.507514
Sum_FA_over_PA_log10safe,LIN,sumratio,4:436943,4,436943,5.8606e-09,SORBI_3004G005300,0.507514
Sum_FA_over_PA_log10safe,LIN,sumratio,4:436952,4,436952,5.8606e-09,SORBI_3004G005300,0.507514
Sum_FA_over_PA_log10safe,LIN,sumratio,4:436966,4,436966,5.8606e-09,SORBI_3004G005300,0.507514
Sum_FA_over_PA_log10safe,LIN,sumratio,4:436972,4,436972,5.8606e-09,SORBI_3004G005300,0.507514
Sum_FA_over_PA_log10safe,LIN,sumratio,4:437059,4,437059,5.8606e-09,SORBI_3004G005300,0.507514
Sum_FA_over_PA_log10safe,LIN,sumratio,4:437078,4,437078,5.8606e-09,SORBI_3004G005300,0.507514
Sum_FA_over_PA_log10safe,LIN,sumratio,4:437366,4,437366,5.8606e-09,SORBI_3004G005300,0.507514
Sum_FA_over_PA_log10safe,LIN,sumratio,4:436651,4,436651,5.8606e-09,SORBI_3004G005300,0.495016
Sum_FA_over_PA_log10safe,LIN,sumratio,4:436653,4,436653,5.8606e-09,SORBI_3004G005300,0.495016
Sum_FA_over_PA_log10safe,LIN,sumratio,4:436687,4,436687,5.8606e-09,SORBI_3004G005300,0.495016
Sum_FA_over_PA_log10safe,LIN,sumratio,4:436689,4,436689,5.8606e-09,SORBI_3004G005300,0.495016
Sum_FA_over_PA_log10safe,LIN,sumratio,4:436693,4,436693,5.8606e-09,SORBI_3004G005300,0.495016
Sum_FA_over_PA_log10safe,LIN,sumratio,4:436922,4,436922,5.8606e-09,SORBI_3004G005300,0.495016
Sum_FA_over_PA_log10safe,LIN,sumratio,4:436943,4,436943,5.8606e-09,SORBI_3004G005300,0.495016
Sum_FA_over_PA_log10safe,LIN,sumratio,4:436952,4,436952,5.8606e-09,SORBI_3004G005300,0.495016
Sum_FA_over_PA_log10safe,LIN,sumratio,4:436966,4,436966,5.8606e-09,SORBI_3004G005300,0.495016
Sum_FA_over_PA_log10safe,LIN,sumratio,4:436972,4,436972,5.8606e-09,SORBI_3004G005300,0.495016
Sum_FA_over_PA_log10safe,LIN,sumratio,4:437059,4,437059,5.8606e-09,SORBI_3004G005300,0.495016
Sum_FA_over_PA_log10safe,LIN,sumratio,4:437078,4,437078,5.8606e-09,SORBI_3004G005300,0.495016
Sum_FA_over_PA_log10safe,LIN,sumratio,4:437366,4,437366,5.8606e-09,SORBI_3004G005300,0.495016
Sum_FA_over_PA_log10safe,LIN,sumratio,4:436651,4,436651,5.8606e-09,SORBI_3004G005300,0.483876
Sum_FA_over_PA_log10safe,LIN,sumratio,4:436653,4,436653,5.8606e-09,SORBI_3004G005300,0.483876
Sum_FA_over_PA_log10safe,LIN,sumratio,4:436687,4,436687,5.8606e-09,SORBI_3004G005300,0.483876
Sum_FA_over_PA_log10safe,LIN,sumratio,4:436689,4,436689,5.8606e-09,SORBI_3004G005300,0.483876
Sum_FA_over_PA_log10safe,LIN,sumratio,4:436693,4,436693,5.8606e-09,SORBI_3004G005300,0.483876
Sum_FA_over_PA_log10safe,LIN,sumratio,4:436922,4,436922,5.8606e-09,SORBI_3004G005300,0.483876
Sum_FA_over_PA_log10safe,LIN,sumratio,4:436943,4,436943,5.8606e-09,SORBI_3004G005300,0.483876
Sum_FA_over_PA_log10safe,LIN,sumratio,4:436952,4,436952,5.8606e-09,SORBI_3004G005300,0.483876
Sum_FA_over_PA_log10safe,LIN,sumratio,4:436966,4,436966,5.8606e-09,SORBI_3004G005300,0.483876
Sum_FA_over_PA_log10safe,LIN,sumratio,4:436972,4,436972,5.8606e-09,SORBI_3004G005300,0.483876
Sum_FA_over_PA_log10safe,LIN,sumratio,4:437059,4,437059,5.8606e-09,SORBI_3004G005300,0.483876
Sum_FA_over_PA_log10safe,LIN,sumratio,4:437078,4,437078,5.8606e-09,SORBI_3004G005300,0.483876
Sum_FA_over_PA_log10safe,LIN,sumratio,4:437366,4,437366,5.8606e-09,SORBI_3004G005300,0.483876
Sum_FA_over_PA_log10safe,LIN,sumratio,4:436651,4,436651,5.8606e-09,SORBI_3004G007100,0.480656
Sum_FA_over_PA_log10safe,LIN,sumratio,4:436653,4,436653,5.8606e-09,SORBI_3004G007100,0.480656
Sum_FA_over_PA_log10safe,LIN,sumratio,4:436687,4,436687,5.8606e-09,SORBI_3004G007100,0.480656
Sum_FA_over_PA_log10safe,LIN,sumratio,4:436689,4,436689,5.8606e-09,SORBI_3004G007100,0.480656
Sum_FA_over_PA_log10safe,LIN,sumratio,4:436693,4,436693,5.8606e-09,SORBI_3004G007100,0.480656
Sum_FA_over_PA_log10safe,LIN,sumratio,4:436922,4,436922,5.8606e-09,SORBI_3004G007100,0.480656
Sum_FA_over_PA_log10safe,LIN,sumratio,4:436943,4,436943,5.8606e-09,SORBI_3004G007100,0.480656
Sum_FA_over_PA_log10safe,LIN,sumratio,4:436952,4,436952,5.8606e-09,SORBI_3004G007100,0.480656
Sum_FA_over_PA_log10safe,LIN,sumratio,4:436966,4,436966,5.8606e-09,SORBI_3004G007100,0.480656
Sum_FA_over_PA_log10safe,LIN,sumratio,4:436972,4,436972,5.8606e-09,SORBI_3004G007100,0.480656
Sum_FA_over_PA_log10safe,LIN,sumratio,4:437059,4,437059,5.8606e-09,SORBI_3004G007100,0.480656
Sum_FA_over_PA_log10safe,LIN,sumratio,4:437078,4,437078,5.8606e-09,SORBI_3004G007100,0.480656
Sum_FA_over_PA_log10safe,LIN,sumratio,4:437366,4,437366,5.8606e-09,SORBI_3004G007100,0.480656
Sum_FA_over_PA_log10safe,LIN,sumratio,4:436651,4,436651,5.8606e-09,SORBI_3004G005200,0.478947
Sum_FA_over_PA_log10safe,LIN,sumratio,4:436653,4,436653,5.8606e-09,SORBI_3004G005200,0.478947
Sum_FA_over_PA_log10safe,LIN,sumratio,4:436687,4,436687,5.8606e-09,SORBI_3004G005200,0.478947
Sum_FA_over_PA_log10safe,LIN,sumratio,4:436689,4,436689,5.8606e-09,SORBI_3004G005200,0.478947
Sum_FA_over_PA_log10safe,LIN,sumratio,4:436693,4,436693,5.8606e-09,SORBI_3004G005200,0.478947
Sum_FA_over_PA_log10safe,LIN,sumratio,4:436922,4,436922,5.8606e-09,SORBI_3004G005200,0.478947
Sum_FA_over_PA_log10safe,LIN,sumratio,4:436943,4,436943,5.8606e-09,SORBI_3004G005200,0.478947
Sum_FA_over_PA_log10safe,LIN,sumratio,4:436952,4,436952,5.8606e-09,SORBI_3004G005200,0.478947
Sum_FA_over_PA_log10safe,LIN,sumratio,4:436966,4,436966,5.8606e-09,SORBI_3004G005200,0.478947
Sum_FA_over_PA_log10safe,LIN,sumratio,4:436972,4,436972,5.8606e-09,SORBI_3004G005200,0.478947
Sum_FA_over_PA_log10safe,LIN,sumratio,4:437059,4,437059,5.8606e-09,SORBI_3004G005200,0.478947
Sum_FA_over_PA_log10safe,LIN,sumratio,4:437078,4,437078,5.8606e-09,SORBI_3004G005200,0.478947
Sum_FA_over_PA_log10safe,LIN,sumratio,4:437366,4,437366,5.8606e-09,SORBI_3004G005200,0.478947
Sum_FA_over_PA_log10safe,LIN,sumratio,4:436651,4,436651,5.8606e-09,SORBI_3004G005300,0.477066
Sum_FA_over_PA_log10safe,LIN,sumratio,4:436653,4,436653,5.8606e-09,SORBI_3004G005300,0.477066
Sum_FA_over_PA_log10safe,LIN,sumratio,4:436687,4,436687,5.8606e-09,SORBI_3004G005300,0.477066
Sum_FA_over_PA_log10safe,LIN,sumratio,4:436689,4,436689,5.8606e-09,SORBI_3004G005300,0.477066
Sum_FA_over_PA_log10safe,LIN,sumratio,4:436693,4,436693,5.8606e-09,SORBI_3004G005300,0.477066
Sum_FA_over_PA_log10safe,LIN,sumratio,4:436922,4,436922,5.8606e-09,SORBI_3004G005300,0.477066
Sum_FA_over_PA_log10safe,LIN,sumratio,4:436943,4,436943,5.8606e-09,SORBI_3004G005300,0.477066
Sum_FA_over_PA_log10safe,LIN,sumratio,4:436952,4,436952,5.8606e-09,SORBI_3004G005300,0.477066
Sum_FA_over_PA_log10safe,LIN,sumratio,4:436966,4,436966,5.8606e-09,SORBI_3004G005300,0.477066
Sum_FA_over_PA_log10safe,LIN,sumratio,4:436972,4,436972,5.8606e-09,SORBI_3004G005300,0.477066
Sum_FA_over_PA_log10safe,LIN,sumratio,4:437059,4,437059,5.8606e-09,SORBI_3004G005300,0.477066
Sum_FA_over_PA_log10safe,LIN,sumratio,4:437078,4,437078,5.8606e-09,SORBI_3004G005300,0.477066
Sum_FA_over_PA_log10safe,LIN,sumratio,4:437366,4,437366,5.8606e-09,SORBI_3004G005300,0.477066
Sum_FA_over_PA_log10safe,LIN,sumratio,4:436651,4,436651,5.8606e-09,SORBI_3004G005300,0.475054
Sum_FA_over_PA_log10safe,LIN,sumratio,4:436653,4,436653,5.8606e-09,SORBI_3004G005300,0.475054
Sum_FA_over_PA_log10safe,LIN,sumratio,4:436687,4,436687,5.8606e-09,SORBI_3004G005300,0.475054
Sum_FA_over_PA_log10safe,LIN,sumratio,4:436689,4,436689,5.8606e-09,SORBI_3004G005300,0.475054
Sum_FA_over_PA_log10safe,LIN,sumratio,4:436693,4,436693,5.8606e-09,SORBI_3004G005300,0.475054
Sum_FA_over_PA_log10safe,LIN,sumratio,4:436922,4,436922,5.8606e-09,SORBI_3004G005300,0.475054
Sum_FA_over_PA_log10safe,LIN,sumratio,4:436943,4,436943,5.8606e-09,SORBI_3004G005300,0.475054
Sum_FA_over_PA_log10safe,LIN,sumratio,4:436952,4,436952,5.8606e-09,SORBI_3004G005300,0.475054
Sum_FA_over_PA_log10safe,LIN,sumratio,4:436966,4,436966,5.8606e-09,SORBI_3004G005300,0.475054
Sum_FA_over_PA_log10safe,LIN,sumratio,4:436972,4,436972,5.8606e-09,SORBI_3004G005300,0.475054
Sum_FA_over_PA_log10safe,LIN,sumratio,4:437059,4,437059,5.8606e-09,SORBI_3004G005300,0.475054
Sum_FA_over_PA_log10safe,LIN,sumratio,4:437078,4,437078,5.8606e-09,SORBI_3004G005300,0.475054
Sum_FA_over_PA_log10safe,LIN,sumratio,4:437366,4,437366,5.8606e-09,SORBI_3004G005300,0.475054
Sum_FA_over_PA_log10safe,LIN,sumratio,4:436651,4,436651,5.8606e-09,SORBI_3004G007133,0.474762
Sum_FA_over_PA_log10safe,LIN,sumratio,4:436653,4,436653,5.8606e-09,SORBI_3004G007133,0.474762
Sum_FA_over_PA_log10safe,LIN,sumratio,4:436687,4,436687,5.8606e-09,SORBI_3004G007133,0.474762
Sum_FA_over_PA_log10safe,LIN,sumratio,4:436689,4,436689,5.8606e-09,SORBI_3004G007133,0.474762
Sum_FA_over_PA_log10safe,LIN,sumratio,4:436693,4,436693,5.8606e-09,SORBI_3004G007133,0.474762
Sum_FA_over_PA_log10safe,LIN,sumratio,4:436922,4,436922,5.8606e-09,SORBI_3004G007133,0.474762
Sum_FA_over_PA_log10safe,LIN,sumratio,4:436943,4,436943,5.8606e-09,SORBI_3004G007133,0.474762
Sum_FA_over_PA_log10safe,LIN,sumratio,4:436952,4,436952,5.8606e-09,SORBI_3004G007133,0.474762
Sum_FA_over_PA_log10safe,LIN,sumratio,4:436966,4,436966,5.8606e-09,SORBI_3004G007133,0.474762
Sum_FA_over_PA_log10safe,LIN,sumratio,4:436972,4,436972,5.8606e-09,SORBI_3004G007133,0.474762
Sum_FA_over_PA_log10safe,LIN,sumratio,4:437059,4,437059,5.8606e-09,SORBI_3004G007133,0.474762
Sum_FA_over_PA_log10safe,LIN,sumratio,4:437078,4,437078,5.8606e-09,SORBI_3004G007133,0.474762
Sum_FA_over_PA_log10safe,LIN,sumratio,4:437366,4,437366,5.8606e-09,SORBI_3004G007133,0.474762
Sum_FA_over_PA_log10safe,LIN,sumratio,4:436651,4,436651,5.8606e-09,SORBI_3004G005300,0.47319
Sum_FA_over_PA_log10safe,LIN,sumratio,4:436653,4,436653,5.8606e-09,SORBI_3004G005300,0.47319
Sum_FA_over_PA_log10safe,LIN,sumratio,4:436687,4,436687,5.8606e-09,SORBI_3004G005300,0.47319
Sum_FA_over_PA_log10safe,LIN,sumratio,4:436689,4,436689,5.8606e-09,SORBI_3004G005300,0.47319
Sum_FA_over_PA_log10safe,LIN,sumratio,4:436693,4,436693,5.8606e-09,SORBI_3004G005300,0.47319
Sum_FA_over_PA_log10safe,LIN,sumratio,4:436922,4,436922,5.8606e-09,SORBI_3004G005300,0.47319
Sum_FA_over_PA_log10safe,LIN,sumratio,4:436943,4,436943,5.8606e-09,SORBI_3004G005300,0.47319
Sum_FA_over_PA_log10safe,LIN,sumratio,4:436952,4,436952,5.8606e-09,SORBI_3004G005300,0.47319
Sum_FA_over_PA_log10safe,LIN,sumratio,4:436966,4,436966,5.8606e-09,SORBI_3004G005300,0.47319
Sum_FA_over_PA_log10safe,LIN,sumratio,4:436972,4,436972,5.8606e-09,SORBI_3004G005300,0.47319
Sum_FA_over_PA_log10safe,LIN,sumratio,4:437059,4,437059,5.8606e-09,SORBI_3004G005300,0.47319
Sum_FA_over_PA_log10safe,LIN,sumratio,4:437078,4,437078,5.8606e-09,SORBI_3004G005300,0.47319
Sum_FA_over_PA_log10safe,LIN,sumratio,4:437366,4,437366,5.8606e-09,SORBI_3004G005300,0.47319
Sum_FA_over_PA_log10safe,LIN,sumratio,4:436651,4,436651,5.8606e-09,SORBI_3004G005300,0.470469
Sum_FA_over_PA_log10safe,LIN,sumratio,4:436653,4,436653,5.8606e-09,SORBI_3004G005300,0.470469
Sum_FA_over_PA_log10safe,LIN,sumratio,4:436687,4,436687,5.8606e-09,SORBI_3004G005300,0.470469
Sum_FA_over_PA_log10safe,LIN,sumratio,4:436689,4,436689,5.8606e-09,SORBI_3004G005300,0.470469
Sum_FA_over_PA_log10safe,LIN,sumratio,4:436693,4,436693,5.8606e-09,SORBI_3004G005300,0.470469
Sum_FA_over_PA_log10safe,LIN,sumratio,4:436922,4,436922,5.8606e-09,SORBI_3004G005300,0.470469
Sum_FA_over_PA_log10safe,LIN,sumratio,4:436943,4,436943,5.8606e-09,SORBI_3004G005300,0.470469
Sum_FA_over_PA_log10safe,LIN,sumratio,4:436952,4,436952,5.8606e-09,SORBI_3004G005300,0.470469
Sum_FA_over_PA_log10safe,LIN,sumratio,4:436966,4,436966,5.8606e-09,SORBI_3004G005300,0.470469
Sum_FA_over_PA_log10safe,LIN,sumratio,4:436972,4,436972,5.8606e-09,SORBI_3004G005300,0.470469
Sum_FA_over_PA_log10safe,LIN,sumratio,4:437059,4,437059,5.8606e-09,SORBI_3004G005300,0.470469
Sum_FA_over_PA_log10safe,LIN,sumratio,4:437078,4,437078,5.8606e-09,SORBI_3004G005300,0.470469
Sum_FA_over_PA_log10safe,LIN,sumratio,4:437366,4,437366,5.8606e-09,SORBI_3004G005300,0.470469
Sum_FA_over_PA_log10safe,LIN,sumratio,4:436651,4,436651,5.8606e-09,SORBI_3004G006600,0.463304
Sum_FA_over_PA_log10safe,LIN,sumratio,4:436651,4,436651,5.8606e-09,SORBI_3004G006700,0.463304
Sum_FA_over_PA_log10safe,LIN,sumratio,4:436653,4,436653,5.8606e-09,SORBI_3004G006600,0.463304
Sum_FA_over_PA_log10safe,LIN,sumratio,4:436653,4,436653,5.8606e-09,SORBI_3004G006700,0.463304
Sum_FA_over_PA_log10safe,LIN,sumratio,4:436687,4,436687,5.8606e-09,SORBI_3004G006600,0.463304
Sum_FA_over_PA_log10safe,LIN,sumratio,4:436687,4,436687,5.8606e-09,SORBI_3004G006700,0.463304
Sum_FA_over_PA_log10safe,LIN,sumratio,4:436689,4,436689,5.8606e-09,SORBI_3004G006600,0.463304
Sum_FA_over_PA_log10safe,LIN,sumratio,4:436689,4,436689,5.8606e-09,SORBI_3004G006700,0.463304
Sum_FA_over_PA_log10safe,LIN,sumratio,4:436693,4,436693,5.8606e-09,SORBI_3004G006600,0.463304
Sum_FA_over_PA_log10safe,LIN,sumratio,4:436693,4,436693,5.8606e-09,SORBI_3004G006700,0.463304
Sum_FA_over_PA_log10safe,LIN,sumratio,4:436922,4,436922,5.8606e-09,SORBI_3004G006600,0.463304
Sum_FA_over_PA_log10safe,LIN,sumratio,4:436922,4,436922,5.8606e-09,SORBI_3004G006700,0.463304
Sum_FA_over_PA_log10safe,LIN,sumratio,4:436943,4,436943,5.8606e-09,SORBI_3004G006600,0.463304
Sum_FA_over_PA_log10safe,LIN,sumratio,4:436943,4,436943,5.8606e-09,SORBI_3004G006700,0.463304
Sum_FA_over_PA_log10safe,LIN,sumratio,4:436952,4,436952,5.8606e-09,SORBI_3004G006600,0.463304
Sum_FA_over_PA_log10safe,LIN,sumratio,4:436952,4,436952,5.8606e-09,SORBI_3004G006700,0.463304
Sum_FA_over_PA_log10safe,LIN,sumratio,4:436966,4,436966,5.8606e-09,SORBI_3004G006600,0.463304
Sum_FA_over_PA_log10safe,LIN,sumratio,4:436966,4,436966,5.8606e-09,SORBI_3004G006700,0.463304
Sum_FA_over_PA_log10safe,LIN,sumratio,4:436972,4,436972,5.8606e-09,SORBI_3004G006600,0.463304
Sum_FA_over_PA_log10safe,LIN,sumratio,4:436972,4,436972,5.8606e-09,SORBI_3004G006700,0.463304
Sum_FA_over_PA_log10safe,LIN,sumratio,4:437059,4,437059,5.8606e-09,SORBI_3004G006600,0.463304
Sum_FA_over_PA_log10safe,LIN,sumratio,4:437059,4,437059,5.8606e-09,SORBI_3004G006700,0.463304
Sum_FA_over_PA_log10safe,LIN,sumratio,4:437078,4,437078,5.8606e-09,SORBI_3004G006600,0.463304
Sum_FA_over_PA_log10safe,LIN,sumratio,4:437078,4,437078,5.8606e-09,SORBI_3004G006700,0.463304
Sum_FA_over_PA_log10safe,LIN,sumratio,4:437366,4,437366,5.8606e-09,SORBI_3004G006600,0.463304
Sum_FA_over_PA_log10safe,LIN,sumratio,4:437366,4,437366,5.8606e-09,SORBI_3004G006700,0.463304
Sum_FA_over_PA_log10safe,LIN,sumratio,4:436651,4,436651,5.8606e-09,SORBI_3004G006900,0.463245
Sum_FA_over_PA_log10safe,LIN,sumratio,4:436651,4,436651,5.8606e-09,SORBI_3004G006966,0.463245
Sum_FA_over_PA_log10safe,LIN,sumratio,4:436653,4,436653,5.8606e-09,SORBI_3004G006900,0.463245
Sum_FA_over_PA_log10safe,LIN,sumratio,4:436653,4,436653,5.8606e-09,SORBI_3004G006966,0.463245
Sum_FA_over_PA_log10safe,LIN,sumratio,4:436687,4,436687,5.8606e-09,SORBI_3004G006900,0.463245
Sum_FA_over_PA_log10safe,LIN,sumratio,4:436687,4,436687,5.8606e-09,SORBI_3004G006966,0.463245
Sum_FA_over_PA_log10safe,LIN,sumratio,4:436689,4,436689,5.8606e-09,SORBI_3004G006900,0.463245
Sum_FA_over_PA_log10safe,LIN,sumratio,4:436689,4,436689,5.8606e-09,SORBI_3004G006966,0.463245
Sum_FA_over_PA_log10safe,LIN,sumratio,4:436693,4,436693,5.8606e-09,SORBI_3004G006900,0.463245
Sum_FA_over_PA_log10safe,LIN,sumratio,4:436693,4,436693,5.8606e-09,SORBI_3004G006966,0.463245
Sum_FA_over_PA_log10safe,LIN,sumratio,4:436922,4,436922,5.8606e-09,SORBI_3004G006900,0.463245
Sum_FA_over_PA_log10safe,LIN,sumratio,4:436922,4,436922,5.8606e-09,SORBI_3004G006966,0.463245
Sum_FA_over_PA_log10safe,LIN,sumratio,4:436943,4,436943,5.8606e-09,SORBI_3004G006900,0.463245
Sum_FA_over_PA_log10safe,LIN,sumratio,4:436943,4,436943,5.8606e-09,SORBI_3004G006966,0.463245
Sum_FA_over_PA_log10safe,LIN,sumratio,4:436952,4,436952,5.8606e-09,SORBI_3004G006900,0.463245
Sum_FA_over_PA_log10safe,LIN,sumratio,4:436952,4,436952,5.8606e-09,SORBI_3004G006966,0.463245
Sum_FA_over_PA_log10safe,LIN,sumratio,4:436966,4,436966,5.8606e-09,SORBI_3004G006900,0.463245
Sum_FA_over_PA_log10safe,LIN,sumratio,4:436966,4,436966,5.8606e-09,SORBI_3004G006966,0.463245
Sum_FA_over_PA_log10safe,LIN,sumratio,4:436972,4,436972,5.8606e-09,SORBI_3004G006900,0.463245
Sum_FA_over_PA_log10safe,LIN,sumratio,4:436972,4,436972,5.8606e-09,SORBI_3004G006966,0.463245
Sum_FA_over_PA_log10safe,LIN,sumratio,4:437059,4,437059,5.8606e-09,SORBI_3004G006900,0.463245
Sum_FA_over_PA_log10safe,LIN,sumratio,4:437059,4,437059,5.8606e-09,SORBI_3004G006966,0.463245
Sum_FA_over_PA_log10safe,LIN,sumratio,4:437078,4,437078,5.8606e-09,SORBI_3004G006900,0.463245
Sum_FA_over_PA_log10safe,LIN,sumratio,4:437078,4,437078,5.8606e-09,SORBI_3004G006966,0.463245
Sum_FA_over_PA_log10safe,LIN,sumratio,4:437366,4,437366,5.8606e-09,SORBI_3004G006900,0.463245
Sum_FA_over_PA_log10safe,LIN,sumratio,4:437366,4,437366,5.8606e-09,SORBI_3004G006966,0.463245
Sum_FA_over_PA_log10safe,LIN,sumratio,4:436651,4,436651,5.8606e-09,SORBI_3004G005300,0.459628
Sum_FA_over_PA_log10safe,LIN,sumratio,4:436653,4,436653,5.8606e-09,SORBI_3004G005300,0.459628
Sum_FA_over_PA_log10safe,LIN,sumratio,4:436687,4,436687,5.8606e-09,SORBI_3004G005300,0.459628
Sum_FA_over_PA_log10safe,LIN,sumratio,4:436689,4,436689,5.8606e-09,SORBI_3004G005300,0.459628
Sum_FA_over_PA_log10safe,LIN,sumratio,4:436693,4,436693,5.8606e-09,SORBI_3004G005300,0.459628
Sum_FA_over_PA_log10safe,LIN,sumratio,4:436922,4,436922,5.8606e-09,SORBI_3004G005300,0.459628
Sum_FA_over_PA_log10safe,LIN,sumratio,4:436943,4,436943,5.8606e-09,SORBI_3004G005300,0.459628
Sum_FA_over_PA_log10safe,LIN,sumratio,4:436952,4,436952,5.8606e-09,SORBI_3004G005300,0.459628
Sum_FA_over_PA_log10safe,LIN,sumratio,4:436966,4,436966,5.8606e-09,SORBI_3004G005300,0.459628
Sum_FA_over_PA_log10safe,LIN,sumratio,4:436972,4,436972,5.8606e-09,SORBI_3004G005300,0.459628
Sum_FA_over_PA_log10safe,LIN,sumratio,4:437059,4,437059,5.8606e-09,SORBI_3004G005300,0.459628
Sum_FA_over_PA_log10safe,LIN,sumratio,4:437078,4,437078,5.8606e-09,SORBI_3004G005300,0.459628
Sum_FA_over_PA_log10safe,LIN,sumratio,4:437366,4,437366,5.8606e-09,SORBI_3004G005300,0.459628
Sum_FA_over_PA_log10safe,LIN,sumratio,4:436651,4,436651,5.8606e-09,SORBI_3004G007100,0.458652
Sum_FA_over_PA_log10safe,LIN,sumratio,4:436653,4,436653,5.8606e-09,SORBI_3004G007100,0.458652
Sum_FA_over_PA_log10safe,LIN,sumratio,4:436687,4,436687,5.8606e-09,SORBI_3004G007100,0.458652
Sum_FA_over_PA_log10safe,LIN,sumratio,4:436689,4,436689,5.8606e-09,SORBI_3004G007100,0.458652
Sum_FA_over_PA_log10safe,LIN,sumratio,4:436693,4,436693,5.8606e-09,SORBI_3004G007100,0.458652
Sum_FA_over_PA_log10safe,LIN,sumratio,4:436922,4,436922,5.8606e-09,SORBI_3004G007100,0.458652
Sum_FA_over_PA_log10safe,LIN,sumratio,4:436943,4,436943,5.8606e-09,SORBI_3004G007100,0.458652
Sum_FA_over_PA_log10safe,LIN,sumratio,4:436952,4,436952,5.8606e-09,SORBI_3004G007100,0.458652
Sum_FA_over_PA_log10safe,LIN,sumratio,4:436966,4,436966,5.8606e-09,SORBI_3004G007100,0.458652
Sum_FA_over_PA_log10safe,LIN,sumratio,4:436972,4,436972,5.8606e-09,SORBI_3004G007100,0.458652
Sum_FA_over_PA_log10safe,LIN,sumratio,4:437059,4,437059,5.8606e-09,SORBI_3004G007100,0.458652
Sum_FA_over_PA_log10safe,LIN,sumratio,4:437078,4,437078,5.8606e-09,SORBI_3004G007100,0.458652
Sum_FA_over_PA_log10safe,LIN,sumratio,4:437366,4,437366,5.8606e-09,SORBI_3004G007100,0.458652
Sum_FA_over_PA_log10safe,LIN,sumratio,4:436651,4,436651,5.8606e-09,SORBI_3004G005300,0.455053
Sum_FA_over_PA_log10safe,LIN,sumratio,4:436653,4,436653,5.8606e-09,SORBI_3004G005300,0.455053
Sum_FA_over_PA_log10safe,LIN,sumratio,4:436687,4,436687,5.8606e-09,SORBI_3004G005300,0.455053
Sum_FA_over_PA_log10safe,LIN,sumratio,4:436689,4,436689,5.8606e-09,SORBI_3004G005300,0.455053
Sum_FA_over_PA_log10safe,LIN,sumratio,4:436693,4,436693,5.8606e-09,SORBI_3004G005300,0.455053
Sum_FA_over_PA_log10safe,LIN,sumratio,4:436922,4,436922,5.8606e-09,SORBI_3004G005300,0.455053
Sum_FA_over_PA_log10safe,LIN,sumratio,4:436943,4,436943,5.8606e-09,SORBI_3004G005300,0.455053
Sum_FA_over_PA_log10safe,LIN,sumratio,4:436952,4,436952,5.8606e-09,SORBI_3004G005300,0.455053
Sum_FA_over_PA_log10safe,LIN,sumratio,4:436966,4,436966,5.8606e-09,SORBI_3004G005300,0.455053
Sum_FA_over_PA_log10safe,LIN,sumratio,4:436972,4,436972,5.8606e-09,SORBI_3004G005300,0.455053
Sum_FA_over_PA_log10safe,LIN,sumratio,4:437059,4,437059,5.8606e-09,SORBI_3004G005300,0.455053
Sum_FA_over_PA_log10safe,LIN,sumratio,4:437078,4,437078,5.8606e-09,SORBI_3004G005300,0.455053
Sum_FA_over_PA_log10safe,LIN,sumratio,4:437366,4,437366,5.8606e-09,SORBI_3004G005300,0.455053
Sum_FA_over_PA_log10safe,LIN,sumratio,4:436651,4,436651,5.8606e-09,SORBI_3004G007200,0.454893
Sum_FA_over_PA_log10safe,LIN,sumratio,4:436653,4,436653,5.8606e-09,SORBI_3004G007200,0.454893
Sum_FA_over_PA_log10safe,LIN,sumratio,4:436687,4,436687,5.8606e-09,SORBI_3004G007200,0.454893
Sum_FA_over_PA_log10safe,LIN,sumratio,4:436689,4,436689,5.8606e-09,SORBI_3004G007200,0.454893
Sum_FA_over_PA_log10safe,LIN,sumratio,4:436693,4,436693,5.8606e-09,SORBI_3004G007200,0.454893
Sum_FA_over_PA_log10safe,LIN,sumratio,4:436922,4,436922,5.8606e-09,SORBI_3004G007200,0.454893
Sum_FA_over_PA_log10safe,LIN,sumratio,4:436943,4,436943,5.8606e-09,SORBI_3004G007200,0.454893
Sum_FA_over_PA_log10safe,LIN,sumratio,4:436952,4,436952,5.8606e-09,SORBI_3004G007200,0.454893
Sum_FA_over_PA_log10safe,LIN,sumratio,4:436966,4,436966,5.8606e-09,SORBI_3004G007200,0.454893
Sum_FA_over_PA_log10safe,LIN,sumratio,4:436972,4,436972,5.8606e-09,SORBI_3004G007200,0.454893
Sum_FA_over_PA_log10safe,LIN,sumratio,4:437059,4,437059,5.8606e-09,SORBI_3004G007200,0.454893
Sum_FA_over_PA_log10safe,LIN,sumratio,4:437078,4,437078,5.8606e-09,SORBI_3004G007200,0.454893
Sum_FA_over_PA_log10safe,LIN,sumratio,4:437366,4,437366,5.8606e-09,SORBI_3004G007200,0.454893
Sum_FA_over_PA_log10safe,LIN,sumratio,4:436651,4,436651,5.8606e-09,SORBI_3004G007133,0.453543
Sum_FA_over_PA_log10safe,LIN,sumratio,4:436653,4,436653,5.8606e-09,SORBI_3004G007133,0.453543
Sum_FA_over_PA_log10safe,LIN,sumratio,4:436687,4,436687,5.8606e-09,SORBI_3004G007133,0.453543
Sum_FA_over_PA_log10safe,LIN,sumratio,4:436689,4,436689,5.8606e-09,SORBI_3004G007133,0.453543
Sum_FA_over_PA_log10safe,LIN,sumratio,4:436693,4,436693,5.8606e-09,SORBI_3004G007133,0.453543
Sum_FA_over_PA_log10safe,LIN,sumratio,4:436922,4,436922,5.8606e-09,SORBI_3004G007133,0.453543
Sum_FA_over_PA_log10safe,LIN,sumratio,4:436943,4,436943,5.8606e-09,SORBI_3004G007133,0.453543
Sum_FA_over_PA_log10safe,LIN,sumratio,4:436952,4,436952,5.8606e-09,SORBI_3004G007133,0.453543
Sum_FA_over_PA_log10safe,LIN,sumratio,4:436966,4,436966,5.8606e-09,SORBI_3004G007133,0.453543
Sum_FA_over_PA_log10safe,LIN,sumratio,4:436972,4,436972,5.8606e-09,SORBI_3004G007133,0.453543
Sum_FA_over_PA_log10safe,LIN,sumratio,4:437059,4,437059,5.8606e-09,SORBI_3004G007133,0.453543
Sum_FA_over_PA_log10safe,LIN,sumratio,4:437078,4,437078,5.8606e-09,SORBI_3004G007133,0.453543
Sum_FA_over_PA_log10safe,LIN,sumratio,4:437366,4,437366,5.8606e-09,SORBI_3004G007133,0.453543
Sum_FA_over_PA_log10safe,LIN,sumratio,4:436651,4,436651,5.8606e-09,SORBI_3004G007200,0.446722
Sum_FA_over_PA_log10safe,LIN,sumratio,4:436653,4,436653,5.8606e-09,SORBI_3004G007200,0.446722
Sum_FA_over_PA_log10safe,LIN,sumratio,4:436687,4,436687,5.8606e-09,SORBI_3004G007200,0.446722
Sum_FA_over_PA_log10safe,LIN,sumratio,4:436689,4,436689,5.8606e-09,SORBI_3004G007200,0.446722
Sum_FA_over_PA_log10safe,LIN,sumratio,4:436693,4,436693,5.8606e-09,SORBI_3004G007200,0.446722
Sum_FA_over_PA_log10safe,LIN,sumratio,4:436922,4,436922,5.8606e-09,SORBI_3004G007200,0.446722
Sum_FA_over_PA_log10safe,LIN,sumratio,4:436943,4,436943,5.8606e-09,SORBI_3004G007200,0.446722
Sum_FA_over_PA_log10safe,LIN,sumratio,4:436952,4,436952,5.8606e-09,SORBI_3004G007200,0.446722
Sum_FA_over_PA_log10safe,LIN,sumratio,4:436966,4,436966,5.8606e-09,SORBI_3004G007200,0.446722
Sum_FA_over_PA_log10safe,LIN,sumratio,4:436972,4,436972,5.8606e-09,SORBI_3004G007200,0.446722
Sum_FA_over_PA_log10safe,LIN,sumratio,4:437059,4,437059,5.8606e-09,SORBI_3004G007200,0.446722
Sum_FA_over_PA_log10safe,LIN,sumratio,4:437078,4,437078,5.8606e-09,SORBI_3004G007200,0.446722
Sum_FA_over_PA_log10safe,LIN,sumratio,4:437366,4,437366,5.8606e-09,SORBI_3004G007200,0.446722
Sum_FA_over_PA_log10safe,LIN,sumratio,4:436651,4,436651,5.8606e-09,SORBI_3004G005300,0.446187
Sum_FA_over_PA_log10safe,LIN,sumratio,4:436653,4,436653,5.8606e-09,SORBI_3004G005300,0.446187
Sum_FA_over_PA_log10safe,LIN,sumratio,4:436687,4,436687,5.8606e-09,SORBI_3004G005300,0.446187
Sum_FA_over_PA_log10safe,LIN,sumratio,4:436689,4,436689,5.8606e-09,SORBI_3004G005300,0.446187
Sum_FA_over_PA_log10safe,LIN,sumratio,4:436693,4,436693,5.8606e-09,SORBI_3004G005300,0.446187
Sum_FA_over_PA_log10safe,LIN,sumratio,4:436922,4,436922,5.8606e-09,SORBI_3004G005300,0.446187
Sum_FA_over_PA_log10safe,LIN,sumratio,4:436943,4,436943,5.8606e-09,SORBI_3004G005300,0.446187
Sum_FA_over_PA_log10safe,LIN,sumratio,4:436952,4,436952,5.8606e-09,SORBI_3004G005300,0.446187
Sum_FA_over_PA_log10safe,LIN,sumratio,4:436966,4,436966,5.8606e-09,SORBI_3004G005300,0.446187
Sum_FA_over_PA_log10safe,LIN,sumratio,4:436972,4,436972,5.8606e-09,SORBI_3004G005300,0.446187
Sum_FA_over_PA_log10safe,LIN,sumratio,4:437059,4,437059,5.8606e-09,SORBI_3004G005300,0.446187
Sum_FA_over_PA_log10safe,LIN,sumratio,4:437078,4,437078,5.8606e-09,SORBI_3004G005300,0.446187
Sum_FA_over_PA_log10safe,LIN,sumratio,4:437366,4,437366,5.8606e-09,SORBI_3004G005300,0.446187
Sum_FA_over_PA_log10safe,LIN,sumratio,4:436651,4,436651,5.8606e-09,SORBI_3004G005300,0.442296
Sum_FA_over_PA_log10safe,LIN,sumratio,4:436653,4,436653,5.8606e-09,SORBI_3004G005300,0.442296
Sum_FA_over_PA_log10safe,LIN,sumratio,4:436687,4,436687,5.8606e-09,SORBI_3004G005300,0.442296
Sum_FA_over_PA_log10safe,LIN,sumratio,4:436689,4,436689,5.8606e-09,SORBI_3004G005300,0.442296
Sum_FA_over_PA_log10safe,LIN,sumratio,4:436693,4,436693,5.8606e-09,SORBI_3004G005300,0.442296
Sum_FA_over_PA_log10safe,LIN,sumratio,4:436922,4,436922,5.8606e-09,SORBI_3004G005300,0.442296
Sum_FA_over_PA_log10safe,LIN,sumratio,4:436943,4,436943,5.8606e-09,SORBI_3004G005300,0.442296
Sum_FA_over_PA_log10safe,LIN,sumratio,4:436952,4,436952,5.8606e-09,SORBI_3004G005300,0.442296
Sum_FA_over_PA_log10safe,LIN,sumratio,4:436966,4,436966,5.8606e-09,SORBI_3004G005300,0.442296
Sum_FA_over_PA_log10safe,LIN,sumratio,4:436972,4,436972,5.8606e-09,SORBI_3004G005300,0.442296
Sum_FA_over_PA_log10safe,LIN,sumratio,4:437059,4,437059,5.8606e-09,SORBI_3004G005300,0.442296
Sum_FA_over_PA_log10safe,LIN,sumratio,4:437078,4,437078,5.8606e-09,SORBI_3004G005300,0.442296
Sum_FA_over_PA_log10safe,LIN,sumratio,4:437366,4,437366,5.8606e-09,SORBI_3004G005300,0.442296
Sum_FA_over_PA_log10safe,LIN,sumratio,4:436651,4,436651,5.8606e-09,SORBI_3004G007200,0.440581
Sum_FA_over_PA_log10safe,LIN,sumratio,4:436653,4,436653,5.8606e-09,SORBI_3004G007200,0.440581
Sum_FA_over_PA_log10safe,LIN,sumratio,4:436687,4,436687,5.8606e-09,SORBI_3004G007200,0.440581
Sum_FA_over_PA_log10safe,LIN,sumratio,4:436689,4,436689,5.8606e-09,SORBI_3004G007200,0.440581
Sum_FA_over_PA_log10safe,LIN,sumratio,4:436693,4,436693,5.8606e-09,SORBI_3004G007200,0.440581
Sum_FA_over_PA_log10safe,LIN,sumratio,4:436922,4,436922,5.8606e-09,SORBI_3004G007200,0.440581
Sum_FA_over_PA_log10safe,LIN,sumratio,4:436943,4,436943,5.8606e-09,SORBI_3004G007200,0.440581
Sum_FA_over_PA_log10safe,LIN,sumratio,4:436952,4,436952,5.8606e-09,SORBI_3004G007200,0.440581
Sum_FA_over_PA_log10safe,LIN,sumratio,4:436966,4,436966,5.8606e-09,SORBI_3004G007200,0.440581
Sum_FA_over_PA_log10safe,LIN,sumratio,4:436972,4,436972,5.8606e-09,SORBI_3004G007200,0.440581
Sum_FA_over_PA_log10safe,LIN,sumratio,4:437059,4,437059,5.8606e-09,SORBI_3004G007200,0.440581
Sum_FA_over_PA_log10safe,LIN,sumratio,4:437078,4,437078,5.8606e-09,SORBI_3004G007200,0.440581
Sum_FA_over_PA_log10safe,LIN,sumratio,4:437366,4,437366,5.8606e-09,SORBI_3004G007200,0.440581
Sum_FA_over_PA_log10safe,LIN,sumratio,4:436651,4,436651,5.8606e-09,SORBI_3004G007300,0.434967
Sum_FA_over_PA_log10safe,LIN,sumratio,4:436653,4,436653,5.8606e-09,SORBI_3004G007300,0.434967
Sum_FA_over_PA_log10safe,LIN,sumratio,4:436687,4,436687,5.8606e-09,SORBI_3004G007300,0.434967
Sum_FA_over_PA_log10safe,LIN,sumratio,4:436689,4,436689,5.8606e-09,SORBI_3004G007300,0.434967
Sum_FA_over_PA_log10safe,LIN,sumratio,4:436693,4,436693,5.8606e-09,SORBI_3004G007300,0.434967
Sum_FA_over_PA_log10safe,LIN,sumratio,4:436922,4,436922,5.8606e-09,SORBI_3004G007300,0.434967
Sum_FA_over_PA_log10safe,LIN,sumratio,4:436943,4,436943,5.8606e-09,SORBI_3004G007300,0.434967
Sum_FA_over_PA_log10safe,LIN,sumratio,4:436952,4,436952,5.8606e-09,SORBI_3004G007300,0.434967
Sum_FA_over_PA_log10safe,LIN,sumratio,4:436966,4,436966,5.8606e-09,SORBI_3004G007300,0.434967
Sum_FA_over_PA_log10safe,LIN,sumratio,4:436972,4,436972,5.8606e-09,SORBI_3004G007300,0.434967
Sum_FA_over_PA_log10safe,LIN,sumratio,4:437059,4,437059,5.8606e-09,SORBI_3004G007300,0.434967
Sum_FA_over_PA_log10safe,LIN,sumratio,4:437078,4,437078,5.8606e-09,SORBI_3004G007300,0.434967
Sum_FA_over_PA_log10safe,LIN,sumratio,4:437366,4,437366,5.8606e-09,SORBI_3004G007300,0.434967
Sum_FA_over_PA_log10safe,LIN,sumratio,4:436651,4,436651,5.8606e-09,SORBI_3004G007032,0.434488
Sum_FA_over_PA_log10safe,LIN,sumratio,4:436653,4,436653,5.8606e-09,SORBI_3004G007032,0.434488
Sum_FA_over_PA_log10safe,LIN,sumratio,4:436687,4,436687,5.8606e-09,SORBI_3004G007032,0.434488
Sum_FA_over_PA_log10safe,LIN,sumratio,4:436689,4,436689,5.8606e-09,SORBI_3004G007032,0.434488
Sum_FA_over_PA_log10safe,LIN,sumratio,4:436693,4,436693,5.8606e-09,SORBI_3004G007032,0.434488
Sum_FA_over_PA_log10safe,LIN,sumratio,4:436922,4,436922,5.8606e-09,SORBI_3004G007032,0.434488
Sum_FA_over_PA_log10safe,LIN,sumratio,4:436943,4,436943,5.8606e-09,SORBI_3004G007032,0.434488
Sum_FA_over_PA_log10safe,LIN,sumratio,4:436952,4,436952,5.8606e-09,SORBI_3004G007032,0.434488
Sum_FA_over_PA_log10safe,LIN,sumratio,4:436966,4,436966,5.8606e-09,SORBI_3004G007032,0.434488
Sum_FA_over_PA_log10safe,LIN,sumratio,4:436972,4,436972,5.8606e-09,SORBI_3004G007032,0.434488
Sum_FA_over_PA_log10safe,LIN,sumratio,4:437059,4,437059,5.8606e-09,SORBI_3004G007032,0.434488
Sum_FA_over_PA_log10safe,LIN,sumratio,4:437078,4,437078,5.8606e-09,SORBI_3004G007032,0.434488
Sum_FA_over_PA_log10safe,LIN,sumratio,4:437366,4,437366,5.8606e-09,SORBI_3004G007032,0.434488
Sum_FA_over_PA_log10safe,LIN,sumratio,4:436651,4,436651,5.8606e-09,SORBI_3004G007200,0.432235
Sum_FA_over_PA_log10safe,LIN,sumratio,4:436653,4,436653,5.8606e-09,SORBI_3004G007200,0.432235
Sum_FA_over_PA_log10safe,LIN,sumratio,4:436687,4,436687,5.8606e-09,SORBI_3004G007200,0.432235
Sum_FA_over_PA_log10safe,LIN,sumratio,4:436689,4,436689,5.8606e-09,SORBI_3004G007200,0.432235
Sum_FA_over_PA_log10safe,LIN,sumratio,4:436693,4,436693,5.8606e-09,SORBI_3004G007200,0.432235
Sum_FA_over_PA_log10safe,LIN,sumratio,4:436922,4,436922,5.8606e-09,SORBI_3004G007200,0.432235
Sum_FA_over_PA_log10safe,LIN,sumratio,4:436943,4,436943,5.8606e-09,SORBI_3004G007200,0.432235
Sum_FA_over_PA_log10safe,LIN,sumratio,4:436952,4,436952,5.8606e-09,SORBI_3004G007200,0.432235
Sum_FA_over_PA_log10safe,LIN,sumratio,4:436966,4,436966,5.8606e-09,SORBI_3004G007200,0.432235
Sum_FA_over_PA_log10safe,LIN,sumratio,4:436972,4,436972,5.8606e-09,SORBI_3004G007200,0.432235
Sum_FA_over_PA_log10safe,LIN,sumratio,4:437059,4,437059,5.8606e-09,SORBI_3004G007200,0.432235
Sum_FA_over_PA_log10safe,LIN,sumratio,4:437078,4,437078,5.8606e-09,SORBI_3004G007200,0.432235
Sum_FA_over_PA_log10safe,LIN,sumratio,4:437366,4,437366,5.8606e-09,SORBI_3004G007200,0.432235
Sum_FA_over_PA_log10safe,LIN,sumratio,4:436651,4,436651,5.8606e-09,SORBI_3004G005200,0.431666
Sum_FA_over_PA_log10safe,LIN,sumratio,4:436653,4,436653,5.8606e-09,SORBI_3004G005200,0.431666
Sum_FA_over_PA_log10safe,LIN,sumratio,4:436687,4,436687,5.8606e-09,SORBI_3004G005200,0.431666
Sum_FA_over_PA_log10safe,LIN,sumratio,4:436689,4,436689,5.8606e-09,SORBI_3004G005200,0.431666
Sum_FA_over_PA_log10safe,LIN,sumratio,4:436693,4,436693,5.8606e-09,SORBI_3004G005200,0.431666
Sum_FA_over_PA_log10safe,LIN,sumratio,4:436922,4,436922,5.8606e-09,SORBI_3004G005200,0.431666
Sum_FA_over_PA_log10safe,LIN,sumratio,4:436943,4,436943,5.8606e-09,SORBI_3004G005200,0.431666
Sum_FA_over_PA_log10safe,LIN,sumratio,4:436952,4,436952,5.8606e-09,SORBI_3004G005200,0.431666
Sum_FA_over_PA_log10safe,LIN,sumratio,4:436966,4,436966,5.8606e-09,SORBI_3004G005200,0.431666
Sum_FA_over_PA_log10safe,LIN,sumratio,4:436972,4,436972,5.8606e-09,SORBI_3004G005200,0.431666
Sum_FA_over_PA_log10safe,LIN,sumratio,4:437059,4,437059,5.8606e-09,SORBI_3004G005200,0.431666
Sum_FA_over_PA_log10safe,LIN,sumratio,4:437078,4,437078,5.8606e-09,SORBI_3004G005200,0.431666
Sum_FA_over_PA_log10safe,LIN,sumratio,4:437366,4,437366,5.8606e-09,SORBI_3004G005200,0.431666
Sum_FA_over_PA_log10safe,LIN,sumratio,4:436651,4,436651,5.8606e-09,SORBI_3004G006900,0.430941
Sum_FA_over_PA_log10safe,LIN,sumratio,4:436653,4,436653,5.8606e-09,SORBI_3004G006900,0.430941
Sum_FA_over_PA_log10safe,LIN,sumratio,4:436687,4,436687,5.8606e-09,SORBI_3004G006900,0.430941
Sum_FA_over_PA_log10safe,LIN,sumratio,4:436689,4,436689,5.8606e-09,SORBI_3004G006900,0.430941
Sum_FA_over_PA_log10safe,LIN,sumratio,4:436693,4,436693,5.8606e-09,SORBI_3004G006900,0.430941
Sum_FA_over_PA_log10safe,LIN,sumratio,4:436922,4,436922,5.8606e-09,SORBI_3004G006900,0.430941
Sum_FA_over_PA_log10safe,LIN,sumratio,4:436943,4,436943,5.8606e-09,SORBI_3004G006900,0.430941
Sum_FA_over_PA_log10safe,LIN,sumratio,4:436952,4,436952,5.8606e-09,SORBI_3004G006900,0.430941
Sum_FA_over_PA_log10safe,LIN,sumratio,4:436966,4,436966,5.8606e-09,SORBI_3004G006900,0.430941
Sum_FA_over_PA_log10safe,LIN,sumratio,4:436972,4,436972,5.8606e-09,SORBI_3004G006900,0.430941
Sum_FA_over_PA_log10safe,LIN,sumratio,4:437059,4,437059,5.8606e-09,SORBI_3004G006900,0.430941
Sum_FA_over_PA_log10safe,LIN,sumratio,4:437078,4,437078,5.8606e-09,SORBI_3004G006900,0.430941
Sum_FA_over_PA_log10safe,LIN,sumratio,4:437366,4,437366,5.8606e-09,SORBI_3004G006900,0.430941
Sum_FA_over_PA_log10safe,LIN,sumratio,4:436651,4,436651,5.8606e-09,SORBI_3004G006800,0.429464
Sum_FA_over_PA_log10safe,LIN,sumratio,4:436653,4,436653,5.8606e-09,SORBI_3004G006800,0.429464
Sum_FA_over_PA_log10safe,LIN,sumratio,4:436687,4,436687,5.8606e-09,SORBI_3004G006800,0.429464
Sum_FA_over_PA_log10safe,LIN,sumratio,4:436689,4,436689,5.8606e-09,SORBI_3004G006800,0.429464
Sum_FA_over_PA_log10safe,LIN,sumratio,4:436693,4,436693,5.8606e-09,SORBI_3004G006800,0.429464
Sum_FA_over_PA_log10safe,LIN,sumratio,4:436922,4,436922,5.8606e-09,SORBI_3004G006800,0.429464
Sum_FA_over_PA_log10safe,LIN,sumratio,4:436943,4,436943,5.8606e-09,SORBI_3004G006800,0.429464
Sum_FA_over_PA_log10safe,LIN,sumratio,4:436952,4,436952,5.8606e-09,SORBI_3004G006800,0.429464
Sum_FA_over_PA_log10safe,LIN,sumratio,4:436966,4,436966,5.8606e-09,SORBI_3004G006800,0.429464
Sum_FA_over_PA_log10safe,LIN,sumratio,4:436972,4,436972,5.8606e-09,SORBI_3004G006800,0.429464
Sum_FA_over_PA_log10safe,LIN,sumratio,4:437059,4,437059,5.8606e-09,SORBI_3004G006800,0.429464
Sum_FA_over_PA_log10safe,LIN,sumratio,4:437078,4,437078,5.8606e-09,SORBI_3004G006800,0.429464
Sum_FA_over_PA_log10safe,LIN,sumratio,4:437366,4,437366,5.8606e-09,SORBI_3004G006800,0.429464
Sum_FA_over_PA_log10safe,LIN,sumratio,4:436651,4,436651,5.8606e-09,SORBI_3004G004300,0.422984
Sum_FA_over_PA_log10safe,LIN,sumratio,4:436653,4,436653,5.8606e-09,SORBI_3004G004300,0.422984
Sum_FA_over_PA_log10safe,LIN,sumratio,4:436687,4,436687,5.8606e-09,SORBI_3004G004300,0.422984
Sum_FA_over_PA_log10safe,LIN,sumratio,4:436689,4,436689,5.8606e-09,SORBI_3004G004300,0.422984
Sum_FA_over_PA_log10safe,LIN,sumratio,4:436693,4,436693,5.8606e-09,SORBI_3004G004300,0.422984
Sum_FA_over_PA_log10safe,LIN,sumratio,4:436922,4,436922,5.8606e-09,SORBI_3004G004300,0.422984
Sum_FA_over_PA_log10safe,LIN,sumratio,4:436943,4,436943,5.8606e-09,SORBI_3004G004300,0.422984
Sum_FA_over_PA_log10safe,LIN,sumratio,4:436952,4,436952,5.8606e-09,SORBI_3004G004300,0.422984
Sum_FA_over_PA_log10safe,LIN,sumratio,4:436966,4,436966,5.8606e-09,SORBI_3004G004300,0.422984
Sum_FA_over_PA_log10safe,LIN,sumratio,4:436972,4,436972,5.8606e-09,SORBI_3004G004300,0.422984
Sum_FA_over_PA_log10safe,LIN,sumratio,4:437059,4,437059,5.8606e-09,SORBI_3004G004300,0.422984
Sum_FA_over_PA_log10safe,LIN,sumratio,4:437078,4,437078,5.8606e-09,SORBI_3004G004300,0.422984
Sum_FA_over_PA_log10safe,LIN,sumratio,4:437366,4,437366,5.8606e-09,SORBI_3004G004300,0.422984
Sum_FA_over_PA_log10safe,LIN,sumratio,4:436651,4,436651,5.8606e-09,SORBI_3004G005300,0.422691
Sum_FA_over_PA_log10safe,LIN,sumratio,4:436653,4,436653,5.8606e-09,SORBI_3004G005300,0.422691
Sum_FA_over_PA_log10safe,LIN,sumratio,4:436687,4,436687,5.8606e-09,SORBI_3004G005300,0.422691
Sum_FA_over_PA_log10safe,LIN,sumratio,4:436689,4,436689,5.8606e-09,SORBI_3004G005300,0.422691
Sum_FA_over_PA_log10safe,LIN,sumratio,4:436693,4,436693,5.8606e-09,SORBI_3004G005300,0.422691
Sum_FA_over_PA_log10safe,LIN,sumratio,4:436922,4,436922,5.8606e-09,SORBI_3004G005300,0.422691
Sum_FA_over_PA_log10safe,LIN,sumratio,4:436943,4,436943,5.8606e-09,SORBI_3004G005300,0.422691
Sum_FA_over_PA_log10safe,LIN,sumratio,4:436952,4,436952,5.8606e-09,SORBI_3004G005300,0.422691
Sum_FA_over_PA_log10safe,LIN,sumratio,4:436966,4,436966,5.8606e-09,SORBI_3004G005300,0.422691
Sum_FA_over_PA_log10safe,LIN,sumratio,4:436972,4,436972,5.8606e-09,SORBI_3004G005300,0.422691
Sum_FA_over_PA_log10safe,LIN,sumratio,4:437059,4,437059,5.8606e-09,SORBI_3004G005300,0.422691
Sum_FA_over_PA_log10safe,LIN,sumratio,4:437078,4,437078,5.8606e-09,SORBI_3004G005300,0.422691
Sum_FA_over_PA_log10safe,LIN,sumratio,4:437366,4,437366,5.8606e-09,SORBI_3004G005300,0.422691
Sum_FA_over_PA_log10safe,LIN,sumratio,4:436651,4,436651,5.8606e-09,SORBI_3004G007400,0.419066
Sum_FA_over_PA_log10safe,LIN,sumratio,4:436653,4,436653,5.8606e-09,SORBI_3004G007400,0.419066
Sum_FA_over_PA_log10safe,LIN,sumratio,4:436687,4,436687,5.8606e-09,SORBI_3004G007400,0.419066
Sum_FA_over_PA_log10safe,LIN,sumratio,4:436689,4,436689,5.8606e-09,SORBI_3004G007400,0.419066
Sum_FA_over_PA_log10safe,LIN,sumratio,4:436693,4,436693,5.8606e-09,SORBI_3004G007400,0.419066
Sum_FA_over_PA_log10safe,LIN,sumratio,4:436922,4,436922,5.8606e-09,SORBI_3004G007400,0.419066
Sum_FA_over_PA_log10safe,LIN,sumratio,4:436943,4,436943,5.8606e-09,SORBI_3004G007400,0.419066
Sum_FA_over_PA_log10safe,LIN,sumratio,4:436952,4,436952,5.8606e-09,SORBI_3004G007400,0.419066
Sum_FA_over_PA_log10safe,LIN,sumratio,4:436966,4,436966,5.8606e-09,SORBI_3004G007400,0.419066
Sum_FA_over_PA_log10safe,LIN,sumratio,4:436972,4,436972,5.8606e-09,SORBI_3004G007400,0.419066
Sum_FA_over_PA_log10safe,LIN,sumratio,4:437059,4,437059,5.8606e-09,SORBI_3004G007400,0.419066
Sum_FA_over_PA_log10safe,LIN,sumratio,4:437078,4,437078,5.8606e-09,SORBI_3004G007400,0.419066
Sum_FA_over_PA_log10safe,LIN,sumratio,4:437366,4,437366,5.8606e-09,SORBI_3004G007400,0.419066
Sum_FA_over_PA_log10safe,LIN,sumratio,4:436651,4,436651,5.8606e-09,SORBI_3004G006800,0.414443
Sum_FA_over_PA_log10safe,LIN,sumratio,4:436653,4,436653,5.8606e-09,SORBI_3004G006800,0.414443
Sum_FA_over_PA_log10safe,LIN,sumratio,4:436687,4,436687,5.8606e-09,SORBI_3004G006800,0.414443
Sum_FA_over_PA_log10safe,LIN,sumratio,4:436689,4,436689,5.8606e-09,SORBI_3004G006800,0.414443
Sum_FA_over_PA_log10safe,LIN,sumratio,4:436693,4,436693,5.8606e-09,SORBI_3004G006800,0.414443
Sum_FA_over_PA_log10safe,LIN,sumratio,4:436922,4,436922,5.8606e-09,SORBI_3004G006800,0.414443
Sum_FA_over_PA_log10safe,LIN,sumratio,4:436943,4,436943,5.8606e-09,SORBI_3004G006800,0.414443
Sum_FA_over_PA_log10safe,LIN,sumratio,4:436952,4,436952,5.8606e-09,SORBI_3004G006800,0.414443
Sum_FA_over_PA_log10safe,LIN,sumratio,4:436966,4,436966,5.8606e-09,SORBI_3004G006800,0.414443
Sum_FA_over_PA_log10safe,LIN,sumratio,4:436972,4,436972,5.8606e-09,SORBI_3004G006800,0.414443
Sum_FA_over_PA_log10safe,LIN,sumratio,4:437059,4,437059,5.8606e-09,SORBI_3004G006800,0.414443
Sum_FA_over_PA_log10safe,LIN,sumratio,4:437078,4,437078,5.8606e-09,SORBI_3004G006800,0.414443
Sum_FA_over_PA_log10safe,LIN,sumratio,4:437366,4,437366,5.8606e-09,SORBI_3004G006800,0.414443
Sum_FA_over_PA_log10safe,LIN,sumratio,4:436651,4,436651,5.8606e-09,SORBI_3004G007200,0.414347
Sum_FA_over_PA_log10safe,LIN,sumratio,4:436653,4,436653,5.8606e-09,SORBI_3004G007200,0.414347
Sum_FA_over_PA_log10safe,LIN,sumratio,4:436687,4,436687,5.8606e-09,SORBI_3004G007200,0.414347
Sum_FA_over_PA_log10safe,LIN,sumratio,4:436689,4,436689,5.8606e-09,SORBI_3004G007200,0.414347
Sum_FA_over_PA_log10safe,LIN,sumratio,4:436693,4,436693,5.8606e-09,SORBI_3004G007200,0.414347
Sum_FA_over_PA_log10safe,LIN,sumratio,4:436922,4,436922,5.8606e-09,SORBI_3004G007200,0.414347
Sum_FA_over_PA_log10safe,LIN,sumratio,4:436943,4,436943,5.8606e-09,SORBI_3004G007200,0.414347
Sum_FA_over_PA_log10safe,LIN,sumratio,4:436952,4,436952,5.8606e-09,SORBI_3004G007200,0.414347
Sum_FA_over_PA_log10safe,LIN,sumratio,4:436966,4,436966,5.8606e-09,SORBI_3004G007200,0.414347
Sum_FA_over_PA_log10safe,LIN,sumratio,4:436972,4,436972,5.8606e-09,SORBI_3004G007200,0.414347
Sum_FA_over_PA_log10safe,LIN,sumratio,4:437059,4,437059,5.8606e-09,SORBI_3004G007200,0.414347
Sum_FA_over_PA_log10safe,LIN,sumratio,4:437078,4,437078,5.8606e-09,SORBI_3004G007200,0.414347
Sum_FA_over_PA_log10safe,LIN,sumratio,4:437366,4,437366,5.8606e-09,SORBI_3004G007200,0.414347
Sum_FA_over_PA_log10safe,LIN,sumratio,4:436651,4,436651,5.8606e-09,SORBI_3004G005300,0.413724
Sum_FA_over_PA_log10safe,LIN,sumratio,4:436653,4,436653,5.8606e-09,SORBI_3004G005300,0.413724
Sum_FA_over_PA_log10safe,LIN,sumratio,4:436687,4,436687,5.8606e-09,SORBI_3004G005300,0.413724
Sum_FA_over_PA_log10safe,LIN,sumratio,4:436689,4,436689,5.8606e-09,SORBI_3004G005300,0.413724
Sum_FA_over_PA_log10safe,LIN,sumratio,4:436693,4,436693,5.8606e-09,SORBI_3004G005300,0.413724
Sum_FA_over_PA_log10safe,LIN,sumratio,4:436922,4,436922,5.8606e-09,SORBI_3004G005300,0.413724
Sum_FA_over_PA_log10safe,LIN,sumratio,4:436943,4,436943,5.8606e-09,SORBI_3004G005300,0.413724
Sum_FA_over_PA_log10safe,LIN,sumratio,4:436952,4,436952,5.8606e-09,SORBI_3004G005300,0.413724
Sum_FA_over_PA_log10safe,LIN,sumratio,4:436966,4,436966,5.8606e-09,SORBI_3004G005300,0.413724
Sum_FA_over_PA_log10safe,LIN,sumratio,4:436972,4,436972,5.8606e-09,SORBI_3004G005300,0.413724
Sum_FA_over_PA_log10safe,LIN,sumratio,4:437059,4,437059,5.8606e-09,SORBI_3004G005300,0.413724
Sum_FA_over_PA_log10safe,LIN,sumratio,4:437078,4,437078,5.8606e-09,SORBI_3004G005300,0.413724
Sum_FA_over_PA_log10safe,LIN,sumratio,4:437366,4,437366,5.8606e-09,SORBI_3004G005300,0.413724
Sum_FA_over_PA_log10safe,LIN,sumratio,4:436651,4,436651,5.8606e-09,SORBI_3004G005300,0.408371
Sum_FA_over_PA_log10safe,LIN,sumratio,4:436653,4,436653,5.8606e-09,SORBI_3004G005300,0.408371
Sum_FA_over_PA_log10safe,LIN,sumratio,4:436687,4,436687,5.8606e-09,SORBI_3004G005300,0.408371
Sum_FA_over_PA_log10safe,LIN,sumratio,4:436689,4,436689,5.8606e-09,SORBI_3004G005300,0.408371
Sum_FA_over_PA_log10safe,LIN,sumratio,4:436693,4,436693,5.8606e-09,SORBI_3004G005300,0.408371
Sum_FA_over_PA_log10safe,LIN,sumratio,4:436922,4,436922,5.8606e-09,SORBI_3004G005300,0.408371
Sum_FA_over_PA_log10safe,LIN,sumratio,4:436943,4,436943,5.8606e-09,SORBI_3004G005300,0.408371
Sum_FA_over_PA_log10safe,LIN,sumratio,4:436952,4,436952,5.8606e-09,SORBI_3004G005300,0.408371
Sum_FA_over_PA_log10safe,LIN,sumratio,4:436966,4,436966,5.8606e-09,SORBI_3004G005300,0.408371
Sum_FA_over_PA_log10safe,LIN,sumratio,4:436972,4,436972,5.8606e-09,SORBI_3004G005300,0.408371
Sum_FA_over_PA_log10safe,LIN,sumratio,4:437059,4,437059,5.8606e-09,SORBI_3004G005300,0.408371
Sum_FA_over_PA_log10safe,LIN,sumratio,4:437078,4,437078,5.8606e-09,SORBI_3004G005300,0.408371
Sum_FA_over_PA_log10safe,LIN,sumratio,4:437366,4,437366,5.8606e-09,SORBI_3004G005300,0.408371
