trait,condition,layer,SNP,chr,ps,p_wald,gene,r2
TG(16:0_18:2_18:3),LIN,individual,5:67478688,5,67478688,4.63907e-20,SORBI_3005G190800,1
TG(16:0_18:2_18:3),LIN,individual,5:67478688,5,67478688,4.63907e-20,SORBI_3005G190800,1
TG(16:0_18:2_18:3),LIN,individual,5:67478688,5,67478688,4.63907e-20,SORBI_3005G190800,0.594155
TG(16:0_18:2_18:3),LIN,individual,5:67478688,5,67478688,4.63907e-20,SORBI_3005G190800,0.591456
TG(16:0_18:2_18:3),LIN,individual,5:67478688,5,67478688,4.63907e-20,SORBI_3005G190800,0.47782
TG(16:0_18:2_18:3),LIN,individual,5:67478688,5,67478688,4.63907e-20,SORBI_3005G190800,0.449497
TG(16:0_18:2_18:3),LIN,individual,5:67478688,5,67478688,4.63907e-20,SORBI_3005G190800,0.433768
TG(16:0_18:2_18:3),LIN,individual,5:67478688,5,67478688,4.63907e-20,SORBI_3005G190800,0.43008
TG(16:0_18:2_18:3),LIN,individual,5:67478688,5,67478688,4.63907e-20,SORBI_3005G190800,0.429266
TG(16:0_18:2_18:3),LIN,individual,5:67472911,5,67472911,2.805234e-19,SORBI_3005G190800,1
TG(16:0_18:2_18:3),LIN,individual,5:67472911,5,67472911,2.805234e-19,SORBI_3005G190800,1
TG(16:0_18:2_18:3),LIN,individual,5:67472911,5,67472911,2.805234e-19,SORBI_3005G190800,0.807975
TG(16:0_18:2_18:3),LIN,individual,5:67472911,5,67472911,2.805234e-19,SORBI_3005G190800,0.802456
TG(16:0_18:2_18:3),LIN,individual,5:67472911,5,67472911,2.805234e-19,SORBI_3005G190800,0.796578
TG(16:0_18:2_18:3),LIN,individual,5:67472911,5,67472911,2.805234e-19,SORBI_3005G190800,0.796528
TG(16:0_18:2_18:3),LIN,individual,5:67472911,5,67472911,2.805234e-19,SORBI_3005G190800,0.728278
TG(16:0_18:2_18:3),LIN,individual,5:67472911,5,67472911,2.805234e-19,SORBI_3005G190800,0.71596
TG(16:0_18:2_18:3),LIN,individual,5:67472911,5,67472911,2.805234e-19,SORBI_3005G190800,0.708678
TG(16:0_18:2_18:3),LIN,individual,5:67472911,5,67472911,2.805234e-19,SORBI_3005G190800,0.689753
TG(16:0_18:2_18:3),LIN,individual,5:67472911,5,67472911,2.805234e-19,SORBI_3005G190800,0.673841
TG(16:0_18:2_18:3),LIN,individual,5:67472911,5,67472911,2.805234e-19,SORBI_3005G190800,0.670796
TG(16:0_18:2_18:3),LIN,individual,5:67472911,5,67472911,2.805234e-19,SORBI_3005G190800,0.669127
TG(16:0_18:2_18:3),LIN,individual,5:67472911,5,67472911,2.805234e-19,SORBI_3005G190800,0.666997
TG(16:0_18:2_18:3),LIN,individual,5:67472911,5,67472911,2.805234e-19,SORBI_3005G190800,0.660186
TG(16:0_18:2_18:3),LIN,individual,5:67472911,5,67472911,2.805234e-19,SORBI_3005G190800,0.648569
TG(16:0_18:2_18:3),LIN,individual,5:67472911,5,67472911,2.805234e-19,SORBI_3005G190900,0.586504
TG(16:0_18:2_18:3),LIN,individual,5:67472911,5,67472911,2.805234e-19,SORBI_3005G190900,0.579718
TG(16:0_18:2_18:3),LIN,individual,5:67472911,5,67472911,2.805234e-19,SORBI_3005G190900,0.575005
TG(16:0_18:2_18:3),LIN,individual,5:67472911,5,67472911,2.805234e-19,SORBI_3005G190800,0.558166
TG(16:0_18:2_18:3),LIN,individual,5:67472911,5,67472911,2.805234e-19,SORBI_3005G190300,0.554474
TG(16:0_18:2_18:3),LIN,individual,5:67472911,5,67472911,2.805234e-19,SORBI_3005G190800,0.548792
TG(16:0_18:2_18:3),LIN,individual,5:67472911,5,67472911,2.805234e-19,SORBI_3005G191101,0.540054
TG(16:0_18:2_18:3),LIN,individual,5:67472911,5,67472911,2.805234e-19,SORBI_3005G190800,0.538882
TG(16:0_18:2_18:3),LIN,individual,5:67472911,5,67472911,2.805234e-19,SORBI_3005G191000,0.424034
TG(16:0_18:2_18:3),LIN,individual,5:67472911,5,67472911,2.805234e-19,SORBI_3005G190800,0.411403
TG(16:0_18:2_18:3),LIN,individual,5:67472911,5,67472911,2.805234e-19,SORBI_3005G190800,0.404039
TG(16:0_18:2_18:3),LIN,individual,5:67477263,5,67477263,4.722658e-17,SORBI_3005G190800,1
TG(16:0_18:2_18:3),LIN,individual,5:67477263,5,67477263,4.722658e-17,SORBI_3005G190800,1
TG(16:0_18:2_18:3),LIN,individual,5:67477263,5,67477263,4.722658e-17,SORBI_3005G190800,0.962191
TG(16:0_18:2_18:3),LIN,individual,5:67477263,5,67477263,4.722658e-17,SORBI_3005G190800,0.825881
TG(16:0_18:2_18:3),LIN,individual,5:67477263,5,67477263,4.722658e-17,SORBI_3005G190800,0.820758
TG(16:0_18:2_18:3),LIN,individual,5:67477263,5,67477263,4.722658e-17,SORBI_3005G190800,0.820256
TG(16:0_18:2_18:3),LIN,individual,5:67477263,5,67477263,4.722658e-17,SORBI_3005G190800,0.815703
TG(16:0_18:2_18:3),LIN,individual,5:67477263,5,67477263,4.722658e-17,SORBI_3005G190800,0.804885
TG(16:0_18:2_18:3),LIN,individual,5:67477263,5,67477263,4.722658e-17,SORBI_3005G190800,0.790592
TG(16:0_18:2_18:3),LIN,individual,5:67477263,5,67477263,4.722658e-17,SORBI_3005G190800,0.785918
TG(16:0_18:2_18:3),LIN,individual,5:67477263,5,67477263,4.722658e-17,SORBI_3005G190900,0.744344
TG(16:0_18:2_18:3),LIN,individual,5:67477263,5,67477263,4.722658e-17,SORBI_3005G190900,0.739337
TG(16:0_18:2_18:3),LIN,individual,5:67477263,5,67477263,4.722658e-17,SORBI_3005G190900,0.733538
TG(16:0_18:2_18:3),LIN,individual,5:67477263,5,67477263,4.722658e-17,SORBI_3005G190800,0.712469
TG(16:0_18:2_18:3),LIN,individual,5:67477263,5,67477263,4.722658e-17,SORBI_3005G190800,0.697681
TG(16:0_18:2_18:3),LIN,individual,5:67477263,5,67477263,4.722658e-17,SORBI_3005G190800,0.692391
TG(16:0_18:2_18:3),LIN,individual,5:67477263,5,67477263,4.722658e-17,SORBI_3005G190800,0.692266
TG(16:0_18:2_18:3),LIN,individual,5:67477263,5,67477263,4.722658e-17,SORBI_3005G190800,0.634904
TG(16:0_18:2_18:3),LIN,individual,5:67477263,5,67477263,4.722658e-17,SORBI_3005G190800,0.596586
TG(16:0_18:2_18:3),LIN,individual,5:67477263,5,67477263,4.722658e-17,SORBI_3005G190800,0.551771
TG(16:0_18:2_18:3),LIN,individual,5:67477263,5,67477263,4.722658e-17,SORBI_3005G190800,0.548792
TG(16:0_18:2_18:3),LIN,individual,5:67477263,5,67477263,4.722658e-17,SORBI_3005G190800,0.542452
TG(16:0_18:2_18:3),LIN,individual,5:67477263,5,67477263,4.722658e-17,SORBI_3005G190800,0.535508
TG(16:0_18:2_18:3),LIN,individual,5:67477263,5,67477263,4.722658e-17,SORBI_3005G190300,0.4779
TG(16:0_18:2_18:3),LIN,individual,5:67477263,5,67477263,4.722658e-17,SORBI_3005G191101,0.459179
TG(16:0_18:2_18:3),LIN,individual,5:67477263,5,67477263,4.722658e-17,SORBI_3005G190800,0.449497
TG(16:0_18:2_18:3),LIN,individual,5:67477263,5,67477263,4.722658e-17,SORBI_3005G191101,0.40464
TG(16:0_18:2_18:3),LIN,individual,5:67476597,5,67476597,7.773004e-17,SORBI_3005G190800,1
TG(16:0_18:2_18:3),LIN,individual,5:67476597,5,67476597,7.773004e-17,SORBI_3005G190800,1
TG(16:0_18:2_18:3),LIN,individual,5:67476597,5,67476597,7.773004e-17,SORBI_3005G190800,0.634574
TG(16:0_18:2_18:3),LIN,individual,5:67476597,5,67476597,7.773004e-17,SORBI_3005G190800,0.47782
TG(16:0_18:2_18:3),LIN,individual,5:67476597,5,67476597,7.773004e-17,SORBI_3005G190800,0.407518
TG(16:0_18:2_18:3),LIN,individual,5:67476752,5,67476752,3.757912e-16,SORBI_3005G190800,1
TG(16:0_18:2_18:3),LIN,individual,5:67476752,5,67476752,3.757912e-16,SORBI_3005G190800,1
TG(16:0_18:2_18:3),LIN,individual,5:67476752,5,67476752,3.757912e-16,SORBI_3005G190800,0.962191
TG(16:0_18:2_18:3),LIN,individual,5:67476752,5,67476752,3.757912e-16,SORBI_3005G190800,0.805985
TG(16:0_18:2_18:3),LIN,individual,5:67476752,5,67476752,3.757912e-16,SORBI_3005G190800,0.800517
TG(16:0_18:2_18:3),LIN,individual,5:67476752,5,67476752,3.757912e-16,SORBI_3005G190800,0.800454
TG(16:0_18:2_18:3),LIN,individual,5:67476752,5,67476752,3.757912e-16,SORBI_3005G190800,0.795109
TG(16:0_18:2_18:3),LIN,individual,5:67476752,5,67476752,3.757912e-16,SORBI_3005G190800,0.784038
TG(16:0_18:2_18:3),LIN,individual,5:67476752,5,67476752,3.757912e-16,SORBI_3005G190800,0.768031
TG(16:0_18:2_18:3),LIN,individual,5:67476752,5,67476752,3.757912e-16,SORBI_3005G190800,0.762951
TG(16:0_18:2_18:3),LIN,individual,5:67476752,5,67476752,3.757912e-16,SORBI_3005G190900,0.722724
TG(16:0_18:2_18:3),LIN,individual,5:67476752,5,67476752,3.757912e-16,SORBI_3005G190900,0.717355
TG(16:0_18:2_18:3),LIN,individual,5:67476752,5,67476752,3.757912e-16,SORBI_3005G190900,0.711678
TG(16:0_18:2_18:3),LIN,individual,5:67476752,5,67476752,3.757912e-16,SORBI_3005G190800,0.69114
TG(16:0_18:2_18:3),LIN,individual,5:67476752,5,67476752,3.757912e-16,SORBI_3005G190800,0.6763
TG(16:0_18:2_18:3),LIN,individual,5:67476752,5,67476752,3.757912e-16,SORBI_3005G190800,0.671001
TG(16:0_18:2_18:3),LIN,individual,5:67476752,5,67476752,3.757912e-16,SORBI_3005G190800,0.670667
TG(16:0_18:2_18:3),LIN,individual,5:67476752,5,67476752,3.757912e-16,SORBI_3005G190800,0.623618
TG(16:0_18:2_18:3),LIN,individual,5:67476752,5,67476752,3.757912e-16,SORBI_3005G190800,0.577379
TG(16:0_18:2_18:3),LIN,individual,5:67476752,5,67476752,3.757912e-16,SORBI_3005G190800,0.538882
TG(16:0_18:2_18:3),LIN,individual,5:67476752,5,67476752,3.757912e-16,SORBI_3005G190800,0.529184
TG(16:0_18:2_18:3),LIN,individual,5:67476752,5,67476752,3.757912e-16,SORBI_3005G190800,0.529052
TG(16:0_18:2_18:3),LIN,individual,5:67476752,5,67476752,3.757912e-16,SORBI_3005G190800,0.522089
TG(16:0_18:2_18:3),LIN,individual,5:67476752,5,67476752,3.757912e-16,SORBI_3005G190300,0.456401
TG(16:0_18:2_18:3),LIN,individual,5:67476752,5,67476752,3.757912e-16,SORBI_3005G191101,0.441959
TG(16:0_18:2_18:3),LIN,individual,5:67476752,5,67476752,3.757912e-16,SORBI_3005G190800,0.429266
TG(16:0_18:2_18:3),LIN,individual,5:67488741,5,67488741,1.190758e-15,SORBI_3005G191101,1
TG(16:0_18:2_18:3),LIN,individual,5:67488741,5,67488741,1.190758e-15,SORBI_3005G191101,1
TG(16:0_18:2_18:3),LIN,individual,5:67488741,5,67488741,1.190758e-15,SORBI_3005G191101,0.943794
TG(16:0_18:2_18:3),LIN,individual,5:67488741,5,67488741,1.190758e-15,SORBI_3005G191101,0.756804
TG(16:0_18:2_18:3),LIN,individual,5:67488741,5,67488741,1.190758e-15,SORBI_3005G190700,0.734454
TG(16:0_18:2_18:3),LIN,individual,5:67488741,5,67488741,1.190758e-15,SORBI_3005G191101,0.696152
TG(16:0_18:2_18:3),LIN,individual,5:67488741,5,67488741,1.190758e-15,SORBI_3005G190700,0.694552
TG(16:0_18:2_18:3),LIN,individual,5:67488741,5,67488741,1.190758e-15,SORBI_3005G190700,0.618585
TG(16:0_18:2_18:3),LIN,individual,5:67488741,5,67488741,1.190758e-15,SORBI_3005G191101,0.516874
TG(16:0_18:2_18:3),LIN,individual,5:67488741,5,67488741,1.190758e-15,SORBI_3005G191101,0.51669
TG(16:0_18:2_18:3),LIN,individual,5:67488741,5,67488741,1.190758e-15,SORBI_3005G190300,0.435385
TG(16:0_18:2_18:3),LIN,individual,5:67488741,5,67488741,1.190758e-15,SORBI_3005G191101,0.420453
TG(16:0_18:2_18:3),LIN,individual,5:67470270,5,67470270,5.173221e-15,SORBI_3005G190300,0.503718
TG(16:0_18:2_18:3),LIN,individual,5:67470270,5,67470270,5.173221e-15,SORBI_3005G190300,0.491412
TG(16:0_18:2_18:3),LIN,individual,5:67470270,5,67470270,5.173221e-15,SORBI_3005G190800,0.420409
TG(16:0_18:2_18:3),LIN,individual,5:67470270,5,67470270,5.173221e-15,SORBI_3005G190800,0.408695
TG(16:0_18:2_18:3),LIN,individual,5:67479174,5,67479174,9.85011e-15,SORBI_3005G190800,1
TG(16:0_18:2_18:3),LIN,individual,5:67479174,5,67479174,9.85011e-15,SORBI_3005G190800,1
TG(16:0_18:2_18:3),LIN,individual,5:67479174,5,67479174,9.85011e-15,SORBI_3005G190800,0.995575
TG(16:0_18:2_18:3),LIN,individual,5:67479174,5,67479174,9.85011e-15,SORBI_3005G190800,0.626399
TG(16:0_18:2_18:3),LIN,individual,5:67479174,5,67479174,9.85011e-15,SORBI_3005G190800,0.598474
TG(16:0_18:2_18:3),LIN,individual,5:67479174,5,67479174,9.85011e-15,SORBI_3005G190800,0.594155
TG(16:0_18:2_18:3),LIN,individual,5:67479174,5,67479174,9.85011e-15,SORBI_3005G190800,0.590802
TG(16:0_18:2_18:3),LIN,individual,5:67479174,5,67479174,9.85011e-15,SORBI_3005G190800,0.542452
TG(16:0_18:2_18:3),LIN,individual,5:67479174,5,67479174,9.85011e-15,SORBI_3005G190900,0.539628
TG(16:0_18:2_18:3),LIN,individual,5:67479174,5,67479174,9.85011e-15,SORBI_3005G190900,0.538894
TG(16:0_18:2_18:3),LIN,individual,5:67479174,5,67479174,9.85011e-15,SORBI_3005G190900,0.535797
TG(16:0_18:2_18:3),LIN,individual,5:67479174,5,67479174,9.85011e-15,SORBI_3005G190800,0.529184
TG(16:0_18:2_18:3),LIN,individual,5:67479174,5,67479174,9.85011e-15,SORBI_3005G190800,0.514058
TG(16:0_18:2_18:3),LIN,individual,5:67479174,5,67479174,9.85011e-15,SORBI_3005G190800,0.4769
TG(16:0_18:2_18:3),LIN,individual,5:67479174,5,67479174,9.85011e-15,SORBI_3005G190800,0.472758
TG(16:0_18:2_18:3),LIN,individual,5:67479174,5,67479174,9.85011e-15,SORBI_3005G190800,0.472485
TG(16:0_18:2_18:3),LIN,individual,5:67479174,5,67479174,9.85011e-15,SORBI_3005G190800,0.468095
TG(16:0_18:2_18:3),LIN,individual,5:67479174,5,67479174,9.85011e-15,SORBI_3005G190800,0.466817
TG(16:0_18:2_18:3),LIN,individual,5:67479174,5,67479174,9.85011e-15,SORBI_3005G190800,0.411403
TG(16:0_18:2_18:3),LIN,individual,5:67488738,5,67488738,2.545251e-14,SORBI_3005G191101,1
TG(16:0_18:2_18:3),LIN,individual,5:67488738,5,67488738,2.545251e-14,SORBI_3005G191101,1
TG(16:0_18:2_18:3),LIN,individual,5:67488738,5,67488738,2.545251e-14,SORBI_3005G191101,0.943794
TG(16:0_18:2_18:3),LIN,individual,5:67488738,5,67488738,2.545251e-14,SORBI_3005G191101,0.804455
TG(16:0_18:2_18:3),LIN,individual,5:67488738,5,67488738,2.545251e-14,SORBI_3005G190700,0.7218
TG(16:0_18:2_18:3),LIN,individual,5:67488738,5,67488738,2.545251e-14,SORBI_3005G191101,0.709263
TG(16:0_18:2_18:3),LIN,individual,5:67488738,5,67488738,2.545251e-14,SORBI_3005G190700,0.683106
TG(16:0_18:2_18:3),LIN,individual,5:67488738,5,67488738,2.545251e-14,SORBI_3005G190700,0.645056
TG(16:0_18:2_18:3),LIN,individual,5:67488738,5,67488738,2.545251e-14,SORBI_3005G191101,0.554581
TG(16:0_18:2_18:3),LIN,individual,5:67488738,5,67488738,2.545251e-14,SORBI_3005G191101,0.554426
TG(16:0_18:2_18:3),LIN,individual,5:67488738,5,67488738,2.545251e-14,SORBI_3005G190300,0.464291
TG(16:0_18:2_18:3),LIN,individual,5:67488738,5,67488738,2.545251e-14,SORBI_3005G191101,0.445438
TG(16:0_18:2_18:3),LIN,individual,5:67469001,5,67469001,2.918288e-14,SORBI_3005G190300,0.698423
TG(16:0_18:2_18:3),LIN,individual,5:67469001,5,67469001,2.918288e-14,SORBI_3005G191101,0.667077
TG(16:0_18:2_18:3),LIN,individual,5:67469001,5,67469001,2.918288e-14,SORBI_3005G190800,0.623788
TG(16:0_18:2_18:3),LIN,individual,5:67469001,5,67469001,2.918288e-14,SORBI_3005G190800,0.618044
TG(16:0_18:2_18:3),LIN,individual,5:67469001,5,67469001,2.918288e-14,SORBI_3005G190800,0.617618
TG(16:0_18:2_18:3),LIN,individual,5:67469001,5,67469001,2.918288e-14,SORBI_3005G190800,0.616505
TG(16:0_18:2_18:3),LIN,individual,5:67469001,5,67469001,2.918288e-14,SORBI_3005G190800,0.603113
TG(16:0_18:2_18:3),LIN,individual,5:67469001,5,67469001,2.918288e-14,SORBI_3005G190800,0.599953
TG(16:0_18:2_18:3),LIN,individual,5:67469001,5,67469001,2.918288e-14,SORBI_3005G190800,0.599815
TG(16:0_18:2_18:3),LIN,individual,5:67469001,5,67469001,2.918288e-14,SORBI_3005G190800,0.597932
TG(16:0_18:2_18:3),LIN,individual,5:67469001,5,67469001,2.918288e-14,SORBI_3005G190800,0.596987
TG(16:0_18:2_18:3),LIN,individual,5:67469001,5,67469001,2.918288e-14,SORBI_3005G190800,0.596585
TG(16:0_18:2_18:3),LIN,individual,5:67469001,5,67469001,2.918288e-14,SORBI_3005G191101,0.595167
TG(16:0_18:2_18:3),LIN,individual,5:67469001,5,67469001,2.918288e-14,SORBI_3005G190800,0.588013
TG(16:0_18:2_18:3),LIN,individual,5:67469001,5,67469001,2.918288e-14,SORBI_3005G190700,0.575731
TG(16:0_18:2_18:3),LIN,individual,5:67469001,5,67469001,2.918288e-14,SORBI_3005G190800,0.574537
TG(16:0_18:2_18:3),LIN,individual,5:67469001,5,67469001,2.918288e-14,SORBI_3005G191101,0.573946
TG(16:0_18:2_18:3),LIN,individual,5:67469001,5,67469001,2.918288e-14,SORBI_3005G190700,0.573748
TG(16:0_18:2_18:3),LIN,individual,5:67469001,5,67469001,2.918288e-14,SORBI_3005G191101,0.555876
TG(16:0_18:2_18:3),LIN,individual,5:67469001,5,67469001,2.918288e-14,SORBI_3005G191101,0.554802
TG(16:0_18:2_18:3),LIN,individual,5:67469001,5,67469001,2.918288e-14,SORBI_3005G190800,0.552044
TG(16:0_18:2_18:3),LIN,individual,5:67469001,5,67469001,2.918288e-14,SORBI_3005G190700,0.537724
TG(16:0_18:2_18:3),LIN,individual,5:67469001,5,67469001,2.918288e-14,SORBI_3005G190800,0.533846
TG(16:0_18:2_18:3),LIN,individual,5:67469001,5,67469001,2.918288e-14,SORBI_3005G190800,0.527808
TG(16:0_18:2_18:3),LIN,individual,5:67469001,5,67469001,2.918288e-14,SORBI_3005G190900,0.524753
TG(16:0_18:2_18:3),LIN,individual,5:67469001,5,67469001,2.918288e-14,SORBI_3005G191101,0.523805
TG(16:0_18:2_18:3),LIN,individual,5:67469001,5,67469001,2.918288e-14,SORBI_3005G190900,0.52182
TG(16:0_18:2_18:3),LIN,individual,5:67469001,5,67469001,2.918288e-14,SORBI_3005G190700,0.517291
TG(16:0_18:2_18:3),LIN,individual,5:67469001,5,67469001,2.918288e-14,SORBI_3005G190900,0.515347
TG(16:0_18:2_18:3),LIN,individual,5:67469001,5,67469001,2.918288e-14,SORBI_3005G190900,0.510216
TG(16:0_18:2_18:3),LIN,individual,5:67469001,5,67469001,2.918288e-14,SORBI_3005G190800,0.502524
TG(16:0_18:2_18:3),LIN,individual,5:67469001,5,67469001,2.918288e-14,SORBI_3005G190800,0.481365
TG(16:0_18:2_18:3),LIN,individual,5:67469001,5,67469001,2.918288e-14,SORBI_3005G190800,0.459395
TG(16:0_18:2_18:3),LIN,individual,5:67469001,5,67469001,2.918288e-14,SORBI_3005G190100,0.447851
TG(16:0_18:2_18:3),LIN,individual,5:67469001,5,67469001,2.918288e-14,SORBI_3005G190700,0.444798
TG(16:0_18:2_18:3),LIN,individual,5:67467111,5,67467111,6.292592e-14,SORBI_3005G190300,0.630237
TG(16:0_18:2_18:3),LIN,individual,5:67467111,5,67467111,6.292592e-14,SORBI_3005G190300,0.621967
TG(16:0_18:2_18:3),LIN,individual,5:67466872,5,67466872,7.833658e-14,SORBI_3005G190300,0.951567
TG(16:0_18:2_18:3),LIN,individual,5:67466872,5,67466872,7.833658e-14,SORBI_3005G190300,0.926108
TG(16:0_18:2_18:3),LIN,individual,5:67466872,5,67466872,7.833658e-14,SORBI_3005G190600,0.638273
TG(16:0_18:2_18:3),LIN,individual,5:67466872,5,67466872,7.833658e-14,SORBI_3005G190600,0.563447
TG(16:0_18:2_18:3),LIN,individual,5:67466872,5,67466872,7.833658e-14,SORBI_3005G190600,0.551796
TG(16:0_18:2_18:3),LIN,individual,5:67466872,5,67466872,7.833658e-14,SORBI_3005G190600,0.548541
TG(16:0_18:2_18:3),LIN,individual,5:67466872,5,67466872,7.833658e-14,SORBI_3005G190700,0.528311
TG(16:0_18:2_18:3),LIN,individual,5:67466872,5,67466872,7.833658e-14,SORBI_3005G190600,0.523362
TG(16:0_18:2_18:3),LIN,individual,5:67466872,5,67466872,7.833658e-14,SORBI_3005G190600,0.519305
TG(16:0_18:2_18:3),LIN,individual,5:67466872,5,67466872,7.833658e-14,SORBI_3005G190600,0.507997
TG(16:0_18:2_18:3),LIN,individual,5:67466872,5,67466872,7.833658e-14,SORBI_3005G190600,0.505637
TG(16:0_18:2_18:3),LIN,individual,5:67466872,5,67466872,7.833658e-14,SORBI_3005G190700,0.505234
TG(16:0_18:2_18:3),LIN,individual,5:67466872,5,67466872,7.833658e-14,SORBI_3005G190600,0.484277
TG(16:0_18:2_18:3),LIN,individual,5:67466872,5,67466872,7.833658e-14,SORBI_3005G190300,0.482191
TG(16:0_18:2_18:3),LIN,individual,5:67466872,5,67466872,7.833658e-14,SORBI_3005G190600,0.462272
TG(16:0_18:2_18:3),LIN,individual,5:67466872,5,67466872,7.833658e-14,SORBI_3005G191101,0.455686
TG(16:0_18:2_18:3),LIN,individual,5:67466872,5,67466872,7.833658e-14,SORBI_3005G190600,0.453626
TG(16:0_18:2_18:3),LIN,individual,5:67466872,5,67466872,7.833658e-14,SORBI_3005G190600,0.45107
TG(16:0_18:2_18:3),LIN,individual,5:67466872,5,67466872,7.833658e-14,SORBI_3005G190600,0.450116
TG(16:0_18:2_18:3),LIN,individual,5:67466872,5,67466872,7.833658e-14,SORBI_3005G190700,0.4337
TG(16:0_18:2_18:3),LIN,individual,5:67466872,5,67466872,7.833658e-14,SORBI_3005G190600,0.406414
TG(16:0_18:2_18:3),LIN,individual,5:67466872,5,67466872,7.833658e-14,SORBI_3005G190600,0.400009
TG(16:0_18:2_18:3),LIN,individual,5:67481563,5,67481563,9.980751e-14,SORBI_3005G190900,1
TG(16:0_18:2_18:3),LIN,individual,5:67481563,5,67481563,9.980751e-14,SORBI_3005G190900,1
TG(16:0_18:2_18:3),LIN,individual,5:67481563,5,67481563,9.980751e-14,SORBI_3005G190900,0.993279
TG(16:0_18:2_18:3),LIN,individual,5:67481563,5,67481563,9.980751e-14,SORBI_3005G190900,0.986272
TG(16:0_18:2_18:3),LIN,individual,5:67481563,5,67481563,9.980751e-14,SORBI_3005G190900,0.979506
TG(16:0_18:2_18:3),LIN,individual,5:67481563,5,67481563,9.980751e-14,SORBI_3005G190800,0.966597
TG(16:0_18:2_18:3),LIN,individual,5:67481563,5,67481563,9.980751e-14,SORBI_3005G190800,0.895241
TG(16:0_18:2_18:3),LIN,individual,5:67481563,5,67481563,9.980751e-14,SORBI_3005G190800,0.891775
TG(16:0_18:2_18:3),LIN,individual,5:67481563,5,67481563,9.980751e-14,SORBI_3005G190800,0.889689
TG(16:0_18:2_18:3),LIN,individual,5:67481563,5,67481563,9.980751e-14,SORBI_3005G190800,0.887214
TG(16:0_18:2_18:3),LIN,individual,5:67481563,5,67481563,9.980751e-14,SORBI_3005G190800,0.865583
TG(16:0_18:2_18:3),LIN,individual,5:67481563,5,67481563,9.980751e-14,SORBI_3005G190800,0.852372
TG(16:0_18:2_18:3),LIN,individual,5:67481563,5,67481563,9.980751e-14,SORBI_3005G190800,0.844725
TG(16:0_18:2_18:3),LIN,individual,5:67481563,5,67481563,9.980751e-14,SORBI_3005G190800,0.745442
TG(16:0_18:2_18:3),LIN,individual,5:67481563,5,67481563,9.980751e-14,SORBI_3005G190800,0.739337
TG(16:0_18:2_18:3),LIN,individual,5:67481563,5,67481563,9.980751e-14,SORBI_3005G190800,0.734463
TG(16:0_18:2_18:3),LIN,individual,5:67481563,5,67481563,9.980751e-14,SORBI_3005G190800,0.729232
TG(16:0_18:2_18:3),LIN,individual,5:67481563,5,67481563,9.980751e-14,SORBI_3005G190800,0.726292
TG(16:0_18:2_18:3),LIN,individual,5:67481563,5,67481563,9.980751e-14,SORBI_3005G190800,0.717355
TG(16:0_18:2_18:3),LIN,individual,5:67481563,5,67481563,9.980751e-14,SORBI_3005G190800,0.650375
TG(16:0_18:2_18:3),LIN,individual,5:67481563,5,67481563,9.980751e-14,SORBI_3005G190800,0.630355
TG(16:0_18:2_18:3),LIN,individual,5:67481563,5,67481563,9.980751e-14,SORBI_3005G190800,0.579718
TG(16:0_18:2_18:3),LIN,individual,5:67481563,5,67481563,9.980751e-14,SORBI_3005G190800,0.535797
TG(16:0_18:2_18:3),LIN,individual,5:67481563,5,67481563,9.980751e-14,SORBI_3005G190800,0.534851
TG(16:0_18:2_18:3),LIN,individual,5:67481563,5,67481563,9.980751e-14,SORBI_3005G190300,0.493472
TG(16:0_18:2_18:3),LIN,individual,5:67481563,5,67481563,9.980751e-14,SORBI_3005G191101,0.489707
TG(16:0_18:2_18:3),LIN,individual,5:67481563,5,67481563,9.980751e-14,SORBI_3005G191000,0.478011
TG(16:0_18:2_18:3),LIN,individual,5:67481563,5,67481563,9.980751e-14,SORBI_3005G187900,0.442852
TG(16:0_18:2_18:3),LIN,individual,5:67481563,5,67481563,9.980751e-14,SORBI_3005G190100,0.426644
TG(16:0_18:2_18:3),LIN,individual,5:67467105,5,67467105,1.381161e-13,SORBI_3005G190300,0.62603
TG(16:0_18:2_18:3),LIN,individual,5:67467105,5,67467105,1.381161e-13,SORBI_3005G190300,0.617725
TG(16:0_18:2_18:3),LIN,individual,5:67481232,5,67481232,1.43386e-13,SORBI_3005G190900,1
TG(16:0_18:2_18:3),LIN,individual,5:67481232,5,67481232,1.43386e-13,SORBI_3005G190900,1
TG(16:0_18:2_18:3),LIN,individual,5:67481232,5,67481232,1.43386e-13,SORBI_3005G190900,0.993279
TG(16:0_18:2_18:3),LIN,individual,5:67481232,5,67481232,1.43386e-13,SORBI_3005G190900,0.986466
TG(16:0_18:2_18:3),LIN,individual,5:67481232,5,67481232,1.43386e-13,SORBI_3005G190800,0.960047
TG(16:0_18:2_18:3),LIN,individual,5:67481232,5,67481232,1.43386e-13,SORBI_3005G190800,0.9013
TG(16:0_18:2_18:3),LIN,individual,5:67481232,5,67481232,1.43386e-13,SORBI_3005G190800,0.895711
TG(16:0_18:2_18:3),LIN,individual,5:67481232,5,67481232,1.43386e-13,SORBI_3005G190800,0.893522
TG(16:0_18:2_18:3),LIN,individual,5:67481232,5,67481232,1.43386e-13,SORBI_3005G190800,0.885798
TG(16:0_18:2_18:3),LIN,individual,5:67481232,5,67481232,1.43386e-13,SORBI_3005G190800,0.872356
TG(16:0_18:2_18:3),LIN,individual,5:67481232,5,67481232,1.43386e-13,SORBI_3005G190800,0.847416
TG(16:0_18:2_18:3),LIN,individual,5:67481232,5,67481232,1.43386e-13,SORBI_3005G190800,0.83998
TG(16:0_18:2_18:3),LIN,individual,5:67481232,5,67481232,1.43386e-13,SORBI_3005G190800,0.754493
TG(16:0_18:2_18:3),LIN,individual,5:67481232,5,67481232,1.43386e-13,SORBI_3005G190800,0.744344
TG(16:0_18:2_18:3),LIN,individual,5:67481232,5,67481232,1.43386e-13,SORBI_3005G190800,0.742287
TG(16:0_18:2_18:3),LIN,individual,5:67481232,5,67481232,1.43386e-13,SORBI_3005G190800,0.737006
TG(16:0_18:2_18:3),LIN,individual,5:67481232,5,67481232,1.43386e-13,SORBI_3005G190800,0.734357
TG(16:0_18:2_18:3),LIN,individual,5:67481232,5,67481232,1.43386e-13,SORBI_3005G190800,0.722724
TG(16:0_18:2_18:3),LIN,individual,5:67481232,5,67481232,1.43386e-13,SORBI_3005G190800,0.658274
TG(16:0_18:2_18:3),LIN,individual,5:67481232,5,67481232,1.43386e-13,SORBI_3005G190800,0.637407
TG(16:0_18:2_18:3),LIN,individual,5:67481232,5,67481232,1.43386e-13,SORBI_3005G190800,0.586504
TG(16:0_18:2_18:3),LIN,individual,5:67481232,5,67481232,1.43386e-13,SORBI_3005G190800,0.539628
TG(16:0_18:2_18:3),LIN,individual,5:67481232,5,67481232,1.43386e-13,SORBI_3005G190800,0.530713
TG(16:0_18:2_18:3),LIN,individual,5:67481232,5,67481232,1.43386e-13,SORBI_3005G190300,0.482919
TG(16:0_18:2_18:3),LIN,individual,5:67481232,5,67481232,1.43386e-13,SORBI_3005G191101,0.479284
TG(16:0_18:2_18:3),LIN,individual,5:67481232,5,67481232,1.43386e-13,SORBI_3005G191000,0.468124
TG(16:0_18:2_18:3),LIN,individual,5:67481232,5,67481232,1.43386e-13,SORBI_3005G187900,0.454715
TG(16:0_18:2_18:3),LIN,individual,5:67481232,5,67481232,1.43386e-13,SORBI_3005G190100,0.417665
TG(16:0_18:2_18:3),LIN,individual,5:67466878,5,67466878,1.676192e-13,SORBI_3005G190300,0.95545
TG(16:0_18:2_18:3),LIN,individual,5:67466878,5,67466878,1.676192e-13,SORBI_3005G190300,0.930121
TG(16:0_18:2_18:3),LIN,individual,5:67466878,5,67466878,1.676192e-13,SORBI_3005G190600,0.638273
TG(16:0_18:2_18:3),LIN,individual,5:67466878,5,67466878,1.676192e-13,SORBI_3005G190600,0.563447
TG(16:0_18:2_18:3),LIN,individual,5:67466878,5,67466878,1.676192e-13,SORBI_3005G190600,0.551796
TG(16:0_18:2_18:3),LIN,individual,5:67466878,5,67466878,1.676192e-13,SORBI_3005G190600,0.548541
TG(16:0_18:2_18:3),LIN,individual,5:67466878,5,67466878,1.676192e-13,SORBI_3005G190700,0.531061
TG(16:0_18:2_18:3),LIN,individual,5:67466878,5,67466878,1.676192e-13,SORBI_3005G190600,0.523362
TG(16:0_18:2_18:3),LIN,individual,5:67466878,5,67466878,1.676192e-13,SORBI_3005G190600,0.519305
TG(16:0_18:2_18:3),LIN,individual,5:67466878,5,67466878,1.676192e-13,SORBI_3005G190600,0.518964
TG(16:0_18:2_18:3),LIN,individual,5:67466878,5,67466878,1.676192e-13,SORBI_3005G190700,0.514794
TG(16:0_18:2_18:3),LIN,individual,5:67466878,5,67466878,1.676192e-13,SORBI_3005G190600,0.505637
TG(16:0_18:2_18:3),LIN,individual,5:67466878,5,67466878,1.676192e-13,SORBI_3005G190600,0.497016
TG(16:0_18:2_18:3),LIN,individual,5:67466878,5,67466878,1.676192e-13,SORBI_3005G190300,0.4916
TG(16:0_18:2_18:3),LIN,individual,5:67466878,5,67466878,1.676192e-13,SORBI_3005G191101,0.46313
TG(16:0_18:2_18:3),LIN,individual,5:67466878,5,67466878,1.676192e-13,SORBI_3005G190600,0.462272
TG(16:0_18:2_18:3),LIN,individual,5:67466878,5,67466878,1.676192e-13,SORBI_3005G190600,0.453626
TG(16:0_18:2_18:3),LIN,individual,5:67466878,5,67466878,1.676192e-13,SORBI_3005G190600,0.45107
TG(16:0_18:2_18:3),LIN,individual,5:67466878,5,67466878,1.676192e-13,SORBI_3005G190700,0.45059
TG(16:0_18:2_18:3),LIN,individual,5:67466878,5,67466878,1.676192e-13,SORBI_3005G190600,0.4377
TG(16:0_18:2_18:3),LIN,individual,5:67466878,5,67466878,1.676192e-13,SORBI_3005G190700,0.410837
TG(16:0_18:2_18:3),LIN,individual,5:67466878,5,67466878,1.676192e-13,SORBI_3005G190600,0.400009
TG(16:0_18:2_18:3),LIN,individual,5:67480738,5,67480738,2.59286e-13,SORBI_3005G190900,1
TG(16:0_18:2_18:3),LIN,individual,5:67480738,5,67480738,2.59286e-13,SORBI_3005G190900,1
TG(16:0_18:2_18:3),LIN,individual,5:67480738,5,67480738,2.59286e-13,SORBI_3005G190900,0.993279
TG(16:0_18:2_18:3),LIN,individual,5:67480738,5,67480738,2.59286e-13,SORBI_3005G190900,0.986272
TG(16:0_18:2_18:3),LIN,individual,5:67480738,5,67480738,2.59286e-13,SORBI_3005G190900,0.979506
TG(16:0_18:2_18:3),LIN,individual,5:67480738,5,67480738,2.59286e-13,SORBI_3005G190800,0.953272
TG(16:0_18:2_18:3),LIN,individual,5:67480738,5,67480738,2.59286e-13,SORBI_3005G190800,0.895241
TG(16:0_18:2_18:3),LIN,individual,5:67480738,5,67480738,2.59286e-13,SORBI_3005G190800,0.889689
TG(16:0_18:2_18:3),LIN,individual,5:67480738,5,67480738,2.59286e-13,SORBI_3005G190800,0.887214
TG(16:0_18:2_18:3),LIN,individual,5:67480738,5,67480738,2.59286e-13,SORBI_3005G190800,0.879238
TG(16:0_18:2_18:3),LIN,individual,5:67480738,5,67480738,2.59286e-13,SORBI_3005G190800,0.865583
TG(16:0_18:2_18:3),LIN,individual,5:67480738,5,67480738,2.59286e-13,SORBI_3005G190800,0.839521
TG(16:0_18:2_18:3),LIN,individual,5:67480738,5,67480738,2.59286e-13,SORBI_3005G190800,0.831811
TG(16:0_18:2_18:3),LIN,individual,5:67480738,5,67480738,2.59286e-13,SORBI_3005G190800,0.745442
TG(16:0_18:2_18:3),LIN,individual,5:67480738,5,67480738,2.59286e-13,SORBI_3005G190800,0.739337
TG(16:0_18:2_18:3),LIN,individual,5:67480738,5,67480738,2.59286e-13,SORBI_3005G190800,0.734463
TG(16:0_18:2_18:3),LIN,individual,5:67480738,5,67480738,2.59286e-13,SORBI_3005G190800,0.729232
TG(16:0_18:2_18:3),LIN,individual,5:67480738,5,67480738,2.59286e-13,SORBI_3005G190800,0.726292
TG(16:0_18:2_18:3),LIN,individual,5:67480738,5,67480738,2.59286e-13,SORBI_3005G190800,0.717355
TG(16:0_18:2_18:3),LIN,individual,5:67480738,5,67480738,2.59286e-13,SORBI_3005G190800,0.650375
TG(16:0_18:2_18:3),LIN,individual,5:67480738,5,67480738,2.59286e-13,SORBI_3005G190800,0.630355
TG(16:0_18:2_18:3),LIN,individual,5:67480738,5,67480738,2.59286e-13,SORBI_3005G190800,0.579718
TG(16:0_18:2_18:3),LIN,individual,5:67480738,5,67480738,2.59286e-13,SORBI_3005G190800,0.535797
TG(16:0_18:2_18:3),LIN,individual,5:67480738,5,67480738,2.59286e-13,SORBI_3005G190800,0.526747
TG(16:0_18:2_18:3),LIN,individual,5:67480738,5,67480738,2.59286e-13,SORBI_3005G190300,0.473729
TG(16:0_18:2_18:3),LIN,individual,5:67480738,5,67480738,2.59286e-13,SORBI_3005G191101,0.472417
TG(16:0_18:2_18:3),LIN,individual,5:67480738,5,67480738,2.59286e-13,SORBI_3005G191000,0.454755
TG(16:0_18:2_18:3),LIN,individual,5:67480738,5,67480738,2.59286e-13,SORBI_3005G187900,0.442852
TG(16:0_18:2_18:3),LIN,individual,5:67480738,5,67480738,2.59286e-13,SORBI_3005G190100,0.406062
TG(16:0_18:2_18:3),LIN,individual,5:67434464,5,67434464,4.012309e-13,SORBI_3005G190300,0.991789
TG(16:0_18:2_18:3),LIN,individual,5:67434464,5,67434464,4.012309e-13,SORBI_3005G190300,0.966999
TG(16:0_18:2_18:3),LIN,individual,5:67434464,5,67434464,4.012309e-13,SORBI_3005G190600,0.589922
TG(16:0_18:2_18:3),LIN,individual,5:67434464,5,67434464,4.012309e-13,SORBI_3005G190600,0.532012
TG(16:0_18:2_18:3),LIN,individual,5:67434464,5,67434464,4.012309e-13,SORBI_3005G190600,0.511528
TG(16:0_18:2_18:3),LIN,individual,5:67434464,5,67434464,4.012309e-13,SORBI_3005G190600,0.507378
TG(16:0_18:2_18:3),LIN,individual,5:67434464,5,67434464,4.012309e-13,SORBI_3005G190700,0.493066
TG(16:0_18:2_18:3),LIN,individual,5:67434464,5,67434464,4.012309e-13,SORBI_3005G190600,0.491907
TG(16:0_18:2_18:3),LIN,individual,5:67434464,5,67434464,4.012309e-13,SORBI_3005G190600,0.489077
TG(16:0_18:2_18:3),LIN,individual,5:67434464,5,67434464,4.012309e-13,SORBI_3005G190700,0.481647
TG(16:0_18:2_18:3),LIN,individual,5:67434464,5,67434464,4.012309e-13,SORBI_3005G190600,0.479686
TG(16:0_18:2_18:3),LIN,individual,5:67434464,5,67434464,4.012309e-13,SORBI_3005G190600,0.460628
TG(16:0_18:2_18:3),LIN,individual,5:67434464,5,67434464,4.012309e-13,SORBI_3005G190600,0.459706
TG(16:0_18:2_18:3),LIN,individual,5:67434464,5,67434464,4.012309e-13,SORBI_3005G190300,0.457359
TG(16:0_18:2_18:3),LIN,individual,5:67434464,5,67434464,4.012309e-13,SORBI_3005G190700,0.439968
TG(16:0_18:2_18:3),LIN,individual,5:67434464,5,67434464,4.012309e-13,SORBI_3005G190600,0.438295
TG(16:0_18:2_18:3),LIN,individual,5:67434464,5,67434464,4.012309e-13,SORBI_3005G191101,0.430747
TG(16:0_18:2_18:3),LIN,individual,5:67434464,5,67434464,4.012309e-13,SORBI_3005G190600,0.416087
TG(16:0_18:2_18:3),LIN,individual,5:67434464,5,67434464,4.012309e-13,SORBI_3005G190600,0.414734
TG(16:0_18:2_18:3),LIN,individual,5:67434464,5,67434464,4.012309e-13,SORBI_3005G190700,0.40244
TG(16:0_18:2_18:3),LIN,individual,5:67434464,5,67434464,4.012309e-13,SORBI_3005G190600,0.400524
TG(16:0_18:2_18:3),LIN,individual,5:67474605,5,67474605,4.107632e-13,SORBI_3005G190800,1
TG(16:0_18:2_18:3),LIN,individual,5:67474605,5,67474605,4.107632e-13,SORBI_3005G190800,1
TG(16:0_18:2_18:3),LIN,individual,5:67474605,5,67474605,4.107632e-13,SORBI_3005G190800,0.993306
TG(16:0_18:2_18:3),LIN,individual,5:67474605,5,67474605,4.107632e-13,SORBI_3005G190800,0.993305
TG(16:0_18:2_18:3),LIN,individual,5:67474605,5,67474605,4.107632e-13,SORBI_3005G190800,0.902185
TG(16:0_18:2_18:3),LIN,individual,5:67474605,5,67474605,4.107632e-13,SORBI_3005G190800,0.866366
TG(16:0_18:2_18:3),LIN,individual,5:67474605,5,67474605,4.107632e-13,SORBI_3005G190800,0.846564
TG(16:0_18:2_18:3),LIN,individual,5:67474605,5,67474605,4.107632e-13,SORBI_3005G190800,0.841213
TG(16:0_18:2_18:3),LIN,individual,5:67474605,5,67474605,4.107632e-13,SORBI_3005G190800,0.838668
TG(16:0_18:2_18:3),LIN,individual,5:67474605,5,67474605,4.107632e-13,SORBI_3005G190800,0.830817
TG(16:0_18:2_18:3),LIN,individual,5:67474605,5,67474605,4.107632e-13,SORBI_3005G190800,0.817498
TG(16:0_18:2_18:3),LIN,individual,5:67474605,5,67474605,4.107632e-13,SORBI_3005G190800,0.816232
TG(16:0_18:2_18:3),LIN,individual,5:67474605,5,67474605,4.107632e-13,SORBI_3005G190800,0.808718
TG(16:0_18:2_18:3),LIN,individual,5:67474605,5,67474605,4.107632e-13,SORBI_3005G190800,0.802456
TG(16:0_18:2_18:3),LIN,individual,5:67474605,5,67474605,4.107632e-13,SORBI_3005G190800,0.748945
TG(16:0_18:2_18:3),LIN,individual,5:67474605,5,67474605,4.107632e-13,SORBI_3005G190900,0.742287
TG(16:0_18:2_18:3),LIN,individual,5:67474605,5,67474605,4.107632e-13,SORBI_3005G190900,0.734463
TG(16:0_18:2_18:3),LIN,individual,5:67474605,5,67474605,4.107632e-13,SORBI_3005G190900,0.729062
TG(16:0_18:2_18:3),LIN,individual,5:67474605,5,67474605,4.107632e-13,SORBI_3005G190800,0.708828
TG(16:0_18:2_18:3),LIN,individual,5:67474605,5,67474605,4.107632e-13,SORBI_3005G190300,0.704999
TG(16:0_18:2_18:3),LIN,individual,5:67474605,5,67474605,4.107632e-13,SORBI_3005G190800,0.697681
TG(16:0_18:2_18:3),LIN,individual,5:67474605,5,67474605,4.107632e-13,SORBI_3005G191101,0.68105
TG(16:0_18:2_18:3),LIN,individual,5:67474605,5,67474605,4.107632e-13,SORBI_3005G190800,0.6763
TG(16:0_18:2_18:3),LIN,individual,5:67474605,5,67474605,4.107632e-13,SORBI_3005G187900,0.506506
TG(16:0_18:2_18:3),LIN,individual,5:67474605,5,67474605,4.107632e-13,SORBI_3005G191101,0.494623
TG(16:0_18:2_18:3),LIN,individual,5:67474605,5,67474605,4.107632e-13,SORBI_3005G191000,0.464787
TG(16:0_18:2_18:3),LIN,individual,5:67474605,5,67474605,4.107632e-13,SORBI_3005G190100,0.414526
TG(16:0_18:2_18:3),LIN,individual,5:67474605,5,67474605,4.107632e-13,SORBI_3005G190700,0.41123
TG(16:0_18:2_18:3),LIN,individual,5:67472540,5,67472540,4.382087e-13,SORBI_3005G190800,1
TG(16:0_18:2_18:3),LIN,individual,5:67472540,5,67472540,4.382087e-13,SORBI_3005G190800,1
TG(16:0_18:2_18:3),LIN,individual,5:67472540,5,67472540,4.382087e-13,SORBI_3005G190800,0.993305
TG(16:0_18:2_18:3),LIN,individual,5:67472540,5,67472540,4.382087e-13,SORBI_3005G190800,0.986654
TG(16:0_18:2_18:3),LIN,individual,5:67472540,5,67472540,4.382087e-13,SORBI_3005G190800,0.895784
TG(16:0_18:2_18:3),LIN,individual,5:67472540,5,67472540,4.382087e-13,SORBI_3005G190800,0.860197
TG(16:0_18:2_18:3),LIN,individual,5:67472540,5,67472540,4.382087e-13,SORBI_3005G190800,0.84058
TG(16:0_18:2_18:3),LIN,individual,5:67472540,5,67472540,4.382087e-13,SORBI_3005G190800,0.835233
TG(16:0_18:2_18:3),LIN,individual,5:67472540,5,67472540,4.382087e-13,SORBI_3005G190800,0.832735
TG(16:0_18:2_18:3),LIN,individual,5:67472540,5,67472540,4.382087e-13,SORBI_3005G190800,0.824935
TG(16:0_18:2_18:3),LIN,individual,5:67472540,5,67472540,4.382087e-13,SORBI_3005G190800,0.811672
TG(16:0_18:2_18:3),LIN,individual,5:67472540,5,67472540,4.382087e-13,SORBI_3005G190800,0.810433
TG(16:0_18:2_18:3),LIN,individual,5:67472540,5,67472540,4.382087e-13,SORBI_3005G190800,0.802964
TG(16:0_18:2_18:3),LIN,individual,5:67472540,5,67472540,4.382087e-13,SORBI_3005G190800,0.796578
TG(16:0_18:2_18:3),LIN,individual,5:67472540,5,67472540,4.382087e-13,SORBI_3005G190800,0.74347
TG(16:0_18:2_18:3),LIN,individual,5:67472540,5,67472540,4.382087e-13,SORBI_3005G190900,0.737006
TG(16:0_18:2_18:3),LIN,individual,5:67472540,5,67472540,4.382087e-13,SORBI_3005G190900,0.735431
TG(16:0_18:2_18:3),LIN,individual,5:67472540,5,67472540,4.382087e-13,SORBI_3005G190900,0.729232
TG(16:0_18:2_18:3),LIN,individual,5:67472540,5,67472540,4.382087e-13,SORBI_3005G190800,0.703684
TG(16:0_18:2_18:3),LIN,individual,5:67472540,5,67472540,4.382087e-13,SORBI_3005G190300,0.699976
TG(16:0_18:2_18:3),LIN,individual,5:67472540,5,67472540,4.382087e-13,SORBI_3005G190800,0.692266
TG(16:0_18:2_18:3),LIN,individual,5:67472540,5,67472540,4.382087e-13,SORBI_3005G191101,0.676229
TG(16:0_18:2_18:3),LIN,individual,5:67472540,5,67472540,4.382087e-13,SORBI_3005G190800,0.671001
TG(16:0_18:2_18:3),LIN,individual,5:67472540,5,67472540,4.382087e-13,SORBI_3005G187900,0.506506
TG(16:0_18:2_18:3),LIN,individual,5:67472540,5,67472540,4.382087e-13,SORBI_3005G191101,0.490543
TG(16:0_18:2_18:3),LIN,individual,5:67472540,5,67472540,4.382087e-13,SORBI_3005G191000,0.461494
TG(16:0_18:2_18:3),LIN,individual,5:67472540,5,67472540,4.382087e-13,SORBI_3005G190100,0.411427
TG(16:0_18:2_18:3),LIN,individual,5:67472540,5,67472540,4.382087e-13,SORBI_3005G190700,0.407735
TG(16:0_18:2_18:3),LIN,individual,5:67469105,5,67469105,7.215823e-13,SORBI_3005G190300,0.679235
TG(16:0_18:2_18:3),LIN,individual,5:67469105,5,67469105,7.215823e-13,SORBI_3005G191101,0.642675
TG(16:0_18:2_18:3),LIN,individual,5:67469105,5,67469105,7.215823e-13,SORBI_3005G191101,0.629876
TG(16:0_18:2_18:3),LIN,individual,5:67469105,5,67469105,7.215823e-13,SORBI_3005G190700,0.617552
TG(16:0_18:2_18:3),LIN,individual,5:67469105,5,67469105,7.215823e-13,SORBI_3005G190800,0.586371
TG(16:0_18:2_18:3),LIN,individual,5:67469105,5,67469105,7.215823e-13,SORBI_3005G190800,0.58083
TG(16:0_18:2_18:3),LIN,individual,5:67469105,5,67469105,7.215823e-13,SORBI_3005G190800,0.580292
TG(16:0_18:2_18:3),LIN,individual,5:67469105,5,67469105,7.215823e-13,SORBI_3005G190800,0.579769
TG(16:0_18:2_18:3),LIN,individual,5:67469105,5,67469105,7.215823e-13,SORBI_3005G190700,0.572738
TG(16:0_18:2_18:3),LIN,individual,5:67469105,5,67469105,7.215823e-13,SORBI_3005G190800,0.566987
TG(16:0_18:2_18:3),LIN,individual,5:67469105,5,67469105,7.215823e-13,SORBI_3005G190800,0.563556
TG(16:0_18:2_18:3),LIN,individual,5:67469105,5,67469105,7.215823e-13,SORBI_3005G190800,0.562283
TG(16:0_18:2_18:3),LIN,individual,5:67469105,5,67469105,7.215823e-13,SORBI_3005G190800,0.561982
TG(16:0_18:2_18:3),LIN,individual,5:67469105,5,67469105,7.215823e-13,SORBI_3005G190800,0.560587
TG(16:0_18:2_18:3),LIN,individual,5:67469105,5,67469105,7.215823e-13,SORBI_3005G190800,0.559151
TG(16:0_18:2_18:3),LIN,individual,5:67469105,5,67469105,7.215823e-13,SORBI_3005G191101,0.55611
TG(16:0_18:2_18:3),LIN,individual,5:67469105,5,67469105,7.215823e-13,SORBI_3005G190800,0.552061
TG(16:0_18:2_18:3),LIN,individual,5:67469105,5,67469105,7.215823e-13,SORBI_3005G191101,0.539332
TG(16:0_18:2_18:3),LIN,individual,5:67469105,5,67469105,7.215823e-13,SORBI_3005G190800,0.538463
TG(16:0_18:2_18:3),LIN,individual,5:67469105,5,67469105,7.215823e-13,SORBI_3005G191101,0.537547
TG(16:0_18:2_18:3),LIN,individual,5:67469105,5,67469105,7.215823e-13,SORBI_3005G190700,0.536564
TG(16:0_18:2_18:3),LIN,individual,5:67469105,5,67469105,7.215823e-13,SORBI_3005G190800,0.518527
TG(16:0_18:2_18:3),LIN,individual,5:67469105,5,67469105,7.215823e-13,SORBI_3005G190700,0.517131
TG(16:0_18:2_18:3),LIN,individual,5:67469105,5,67469105,7.215823e-13,SORBI_3005G191101,0.507792
TG(16:0_18:2_18:3),LIN,individual,5:67469105,5,67469105,7.215823e-13,SORBI_3005G190800,0.500837
TG(16:0_18:2_18:3),LIN,individual,5:67469105,5,67469105,7.215823e-13,SORBI_3005G190800,0.494786
TG(16:0_18:2_18:3),LIN,individual,5:67469105,5,67469105,7.215823e-13,SORBI_3005G190800,0.494099
TG(16:0_18:2_18:3),LIN,individual,5:67469105,5,67469105,7.215823e-13,SORBI_3005G190900,0.491202
TG(16:0_18:2_18:3),LIN,individual,5:67469105,5,67469105,7.215823e-13,SORBI_3005G190900,0.488531
TG(16:0_18:2_18:3),LIN,individual,5:67469105,5,67469105,7.215823e-13,SORBI_3005G190900,0.482186
TG(16:0_18:2_18:3),LIN,individual,5:67469105,5,67469105,7.215823e-13,SORBI_3005G190900,0.477249
TG(16:0_18:2_18:3),LIN,individual,5:67469105,5,67469105,7.215823e-13,SORBI_3005G190800,0.469995
TG(16:0_18:2_18:3),LIN,individual,5:67469105,5,67469105,7.215823e-13,SORBI_3005G190700,0.441445
TG(16:0_18:2_18:3),LIN,individual,5:67469105,5,67469105,7.215823e-13,SORBI_3005G190800,0.435524
TG(16:0_18:2_18:3),LIN,individual,5:67469105,5,67469105,7.215823e-13,SORBI_3005G190100,0.435297
TG(16:0_18:2_18:3),LIN,individual,5:67469098,5,67469098,7.224988e-13,SORBI_3005G190300,0.679101
TG(16:0_18:2_18:3),LIN,individual,5:67469098,5,67469098,7.224988e-13,SORBI_3005G191101,0.642427
TG(16:0_18:2_18:3),LIN,individual,5:67469098,5,67469098,7.224988e-13,SORBI_3005G191101,0.629716
TG(16:0_18:2_18:3),LIN,individual,5:67469098,5,67469098,7.224988e-13,SORBI_3005G190700,0.617308
TG(16:0_18:2_18:3),LIN,individual,5:67469098,5,67469098,7.224988e-13,SORBI_3005G190800,0.586138
TG(16:0_18:2_18:3),LIN,individual,5:67469098,5,67469098,7.224988e-13,SORBI_3005G190800,0.580586
TG(16:0_18:2_18:3),LIN,individual,5:67469098,5,67469098,7.224988e-13,SORBI_3005G190800,0.580056
TG(16:0_18:2_18:3),LIN,individual,5:67469098,5,67469098,7.224988e-13,SORBI_3005G190800,0.579483
TG(16:0_18:2_18:3),LIN,individual,5:67469098,5,67469098,7.224988e-13,SORBI_3005G190700,0.572496
TG(16:0_18:2_18:3),LIN,individual,5:67469098,5,67469098,7.224988e-13,SORBI_3005G190800,0.56671
TG(16:0_18:2_18:3),LIN,individual,5:67469098,5,67469098,7.224988e-13,SORBI_3005G190800,0.563281
TG(16:0_18:2_18:3),LIN,individual,5:67469098,5,67469098,7.224988e-13,SORBI_3005G190800,0.561992
TG(16:0_18:2_18:3),LIN,individual,5:67469098,5,67469098,7.224988e-13,SORBI_3005G190800,0.561695
TG(16:0_18:2_18:3),LIN,individual,5:67469098,5,67469098,7.224988e-13,SORBI_3005G190800,0.560307
TG(16:0_18:2_18:3),LIN,individual,5:67469098,5,67469098,7.224988e-13,SORBI_3005G190800,0.558857
TG(16:0_18:2_18:3),LIN,individual,5:67469098,5,67469098,7.224988e-13,SORBI_3005G191101,0.555727
TG(16:0_18:2_18:3),LIN,individual,5:67469098,5,67469098,7.224988e-13,SORBI_3005G190800,0.551772
TG(16:0_18:2_18:3),LIN,individual,5:67469098,5,67469098,7.224988e-13,SORBI_3005G191101,0.539008
TG(16:0_18:2_18:3),LIN,individual,5:67469098,5,67469098,7.224988e-13,SORBI_3005G190800,0.538136
TG(16:0_18:2_18:3),LIN,individual,5:67469098,5,67469098,7.224988e-13,SORBI_3005G191101,0.537146
TG(16:0_18:2_18:3),LIN,individual,5:67469098,5,67469098,7.224988e-13,SORBI_3005G190700,0.53627
TG(16:0_18:2_18:3),LIN,individual,5:67469098,5,67469098,7.224988e-13,SORBI_3005G190800,0.518146
TG(16:0_18:2_18:3),LIN,individual,5:67469098,5,67469098,7.224988e-13,SORBI_3005G190700,0.516884
TG(16:0_18:2_18:3),LIN,individual,5:67469098,5,67469098,7.224988e-13,SORBI_3005G191101,0.507417
TG(16:0_18:2_18:3),LIN,individual,5:67469098,5,67469098,7.224988e-13,SORBI_3005G190800,0.500441
TG(16:0_18:2_18:3),LIN,individual,5:67469098,5,67469098,7.224988e-13,SORBI_3005G190800,0.494422
TG(16:0_18:2_18:3),LIN,individual,5:67469098,5,67469098,7.224988e-13,SORBI_3005G190800,0.493459
TG(16:0_18:2_18:3),LIN,individual,5:67469098,5,67469098,7.224988e-13,SORBI_3005G190900,0.490908
TG(16:0_18:2_18:3),LIN,individual,5:67469098,5,67469098,7.224988e-13,SORBI_3005G190900,0.488232
TG(16:0_18:2_18:3),LIN,individual,5:67469098,5,67469098,7.224988e-13,SORBI_3005G190900,0.481886
TG(16:0_18:2_18:3),LIN,individual,5:67469098,5,67469098,7.224988e-13,SORBI_3005G190900,0.476938
TG(16:0_18:2_18:3),LIN,individual,5:67469098,5,67469098,7.224988e-13,SORBI_3005G190800,0.46967
TG(16:0_18:2_18:3),LIN,individual,5:67469098,5,67469098,7.224988e-13,SORBI_3005G190700,0.441054
TG(16:0_18:2_18:3),LIN,individual,5:67469098,5,67469098,7.224988e-13,SORBI_3005G190800,0.435125
TG(16:0_18:2_18:3),LIN,individual,5:67469098,5,67469098,7.224988e-13,SORBI_3005G190100,0.435086
TG(16:0_18:2_18:3),LIN,individual,5:67476060,5,67476060,9.315549e-13,SORBI_3005G190800,1
TG(16:0_18:2_18:3),LIN,individual,5:67476060,5,67476060,9.315549e-13,SORBI_3005G190800,1
TG(16:0_18:2_18:3),LIN,individual,5:67476605,5,67476605,9.315549e-13,SORBI_3005G190800,1
TG(16:0_18:2_18:3),LIN,individual,5:67476605,5,67476605,9.315549e-13,SORBI_3005G190800,1
TG(16:0_18:2_18:3),LIN,individual,5:67477068,5,67477068,9.315549e-13,SORBI_3005G190800,1
TG(16:0_18:2_18:3),LIN,individual,5:67477068,5,67477068,9.315549e-13,SORBI_3005G190800,1
TG(16:0_18:2_18:3),LIN,individual,5:67476060,5,67476060,9.315549e-13,SORBI_3005G190800,0.993801
TG(16:0_18:2_18:3),LIN,individual,5:67476605,5,67476605,9.315549e-13,SORBI_3005G190800,0.993801
TG(16:0_18:2_18:3),LIN,individual,5:67477068,5,67477068,9.315549e-13,SORBI_3005G190800,0.993801
TG(16:0_18:2_18:3),LIN,individual,5:67476060,5,67476060,9.315549e-13,SORBI_3005G190800,0.9938
TG(16:0_18:2_18:3),LIN,individual,5:67476605,5,67476605,9.315549e-13,SORBI_3005G190800,0.9938
TG(16:0_18:2_18:3),LIN,individual,5:67477068,5,67477068,9.315549e-13,SORBI_3005G190800,0.9938
TG(16:0_18:2_18:3),LIN,individual,5:67476060,5,67476060,9.315549e-13,SORBI_3005G190800,0.987683
TG(16:0_18:2_18:3),LIN,individual,5:67476605,5,67476605,9.315549e-13,SORBI_3005G190800,0.987683
TG(16:0_18:2_18:3),LIN,individual,5:67477068,5,67477068,9.315549e-13,SORBI_3005G190800,0.987683
TG(16:0_18:2_18:3),LIN,individual,5:67476060,5,67476060,9.315549e-13,SORBI_3005G190800,0.975207
TG(16:0_18:2_18:3),LIN,individual,5:67476605,5,67476605,9.315549e-13,SORBI_3005G190800,0.975207
TG(16:0_18:2_18:3),LIN,individual,5:67477068,5,67477068,9.315549e-13,SORBI_3005G190800,0.975207
TG(16:0_18:2_18:3),LIN,individual,5:67476060,5,67476060,9.315549e-13,SORBI_3005G190800,0.958248
TG(16:0_18:2_18:3),LIN,individual,5:67476605,5,67476605,9.315549e-13,SORBI_3005G190800,0.958248
TG(16:0_18:2_18:3),LIN,individual,5:67477068,5,67477068,9.315549e-13,SORBI_3005G190800,0.958248
TG(16:0_18:2_18:3),LIN,individual,5:67476060,5,67476060,9.315549e-13,SORBI_3005G190800,0.952658
TG(16:0_18:2_18:3),LIN,individual,5:67476605,5,67476605,9.315549e-13,SORBI_3005G190800,0.952658
TG(16:0_18:2_18:3),LIN,individual,5:67477068,5,67477068,9.315549e-13,SORBI_3005G190800,0.952658
TG(16:0_18:2_18:3),LIN,individual,5:67476060,5,67476060,9.315549e-13,SORBI_3005G190900,0.9013
TG(16:0_18:2_18:3),LIN,individual,5:67476605,5,67476605,9.315549e-13,SORBI_3005G190900,0.9013
TG(16:0_18:2_18:3),LIN,individual,5:67477068,5,67477068,9.315549e-13,SORBI_3005G190900,0.9013
TG(16:0_18:2_18:3),LIN,individual,5:67476060,5,67476060,9.315549e-13,SORBI_3005G190900,0.895241
TG(16:0_18:2_18:3),LIN,individual,5:67476605,5,67476605,9.315549e-13,SORBI_3005G190900,0.895241
TG(16:0_18:2_18:3),LIN,individual,5:67477068,5,67477068,9.315549e-13,SORBI_3005G190900,0.895241
TG(16:0_18:2_18:3),LIN,individual,5:67476060,5,67476060,9.315549e-13,SORBI_3005G190900,0.888825
TG(16:0_18:2_18:3),LIN,individual,5:67476605,5,67476605,9.315549e-13,SORBI_3005G190900,0.888825
TG(16:0_18:2_18:3),LIN,individual,5:67477068,5,67477068,9.315549e-13,SORBI_3005G190900,0.888825
TG(16:0_18:2_18:3),LIN,individual,5:67476060,5,67476060,9.315549e-13,SORBI_3005G190800,0.864482
TG(16:0_18:2_18:3),LIN,individual,5:67476605,5,67476605,9.315549e-13,SORBI_3005G190800,0.864482
TG(16:0_18:2_18:3),LIN,individual,5:67477068,5,67477068,9.315549e-13,SORBI_3005G190800,0.864482
TG(16:0_18:2_18:3),LIN,individual,5:67476060,5,67476060,9.315549e-13,SORBI_3005G190800,0.846564
TG(16:0_18:2_18:3),LIN,individual,5:67476605,5,67476605,9.315549e-13,SORBI_3005G190800,0.846564
TG(16:0_18:2_18:3),LIN,individual,5:67477068,5,67477068,9.315549e-13,SORBI_3005G190800,0.846564
TG(16:0_18:2_18:3),LIN,individual,5:67476060,5,67476060,9.315549e-13,SORBI_3005G190800,0.84058
TG(16:0_18:2_18:3),LIN,individual,5:67476605,5,67476605,9.315549e-13,SORBI_3005G190800,0.84058
TG(16:0_18:2_18:3),LIN,individual,5:67477068,5,67477068,9.315549e-13,SORBI_3005G190800,0.84058
TG(16:0_18:2_18:3),LIN,individual,5:67476060,5,67476060,9.315549e-13,SORBI_3005G190800,0.840171
TG(16:0_18:2_18:3),LIN,individual,5:67476605,5,67476605,9.315549e-13,SORBI_3005G190800,0.840171
TG(16:0_18:2_18:3),LIN,individual,5:67477068,5,67477068,9.315549e-13,SORBI_3005G190800,0.840171
TG(16:0_18:2_18:3),LIN,individual,5:67476060,5,67476060,9.315549e-13,SORBI_3005G190800,0.825881
TG(16:0_18:2_18:3),LIN,individual,5:67476605,5,67476605,9.315549e-13,SORBI_3005G190800,0.825881
TG(16:0_18:2_18:3),LIN,individual,5:67477068,5,67477068,9.315549e-13,SORBI_3005G190800,0.825881
TG(16:0_18:2_18:3),LIN,individual,5:67476060,5,67476060,9.315549e-13,SORBI_3005G190800,0.805985
TG(16:0_18:2_18:3),LIN,individual,5:67476605,5,67476605,9.315549e-13,SORBI_3005G190800,0.805985
TG(16:0_18:2_18:3),LIN,individual,5:67477068,5,67477068,9.315549e-13,SORBI_3005G190800,0.805985
TG(16:0_18:2_18:3),LIN,individual,5:67476060,5,67476060,9.315549e-13,SORBI_3005G190800,0.758634
TG(16:0_18:2_18:3),LIN,individual,5:67476605,5,67476605,9.315549e-13,SORBI_3005G190800,0.758634
TG(16:0_18:2_18:3),LIN,individual,5:67477068,5,67477068,9.315549e-13,SORBI_3005G190800,0.758634
TG(16:0_18:2_18:3),LIN,individual,5:67476060,5,67476060,9.315549e-13,SORBI_3005G190800,0.729678
TG(16:0_18:2_18:3),LIN,individual,5:67476605,5,67476605,9.315549e-13,SORBI_3005G190800,0.729678
TG(16:0_18:2_18:3),LIN,individual,5:67477068,5,67477068,9.315549e-13,SORBI_3005G190800,0.729678
TG(16:0_18:2_18:3),LIN,individual,5:67476060,5,67476060,9.315549e-13,SORBI_3005G190800,0.676288
TG(16:0_18:2_18:3),LIN,individual,5:67476605,5,67476605,9.315549e-13,SORBI_3005G190800,0.676288
TG(16:0_18:2_18:3),LIN,individual,5:67477068,5,67477068,9.315549e-13,SORBI_3005G190800,0.676288
TG(16:0_18:2_18:3),LIN,individual,5:67476060,5,67476060,9.315549e-13,SORBI_3005G190800,0.673841
TG(16:0_18:2_18:3),LIN,individual,5:67476605,5,67476605,9.315549e-13,SORBI_3005G190800,0.673841
TG(16:0_18:2_18:3),LIN,individual,5:67477068,5,67477068,9.315549e-13,SORBI_3005G190800,0.673841
TG(16:0_18:2_18:3),LIN,individual,5:67476060,5,67476060,9.315549e-13,SORBI_3005G190300,0.584863
TG(16:0_18:2_18:3),LIN,individual,5:67476605,5,67476605,9.315549e-13,SORBI_3005G190300,0.584863
TG(16:0_18:2_18:3),LIN,individual,5:67477068,5,67477068,9.315549e-13,SORBI_3005G190300,0.584863
TG(16:0_18:2_18:3),LIN,individual,5:67476060,5,67476060,9.315549e-13,SORBI_3005G191101,0.561589
TG(16:0_18:2_18:3),LIN,individual,5:67476605,5,67476605,9.315549e-13,SORBI_3005G191101,0.561589
TG(16:0_18:2_18:3),LIN,individual,5:67477068,5,67477068,9.315549e-13,SORBI_3005G191101,0.561589
TG(16:0_18:2_18:3),LIN,individual,5:67476060,5,67476060,9.315549e-13,SORBI_3005G190800,0.4769
TG(16:0_18:2_18:3),LIN,individual,5:67476605,5,67476605,9.315549e-13,SORBI_3005G190800,0.4769
TG(16:0_18:2_18:3),LIN,individual,5:67477068,5,67477068,9.315549e-13,SORBI_3005G190800,0.4769
TG(16:0_18:2_18:3),LIN,individual,5:67476060,5,67476060,9.315549e-13,SORBI_3005G190800,0.468895
TG(16:0_18:2_18:3),LIN,individual,5:67476605,5,67476605,9.315549e-13,SORBI_3005G190800,0.468895
TG(16:0_18:2_18:3),LIN,individual,5:67477068,5,67477068,9.315549e-13,SORBI_3005G190800,0.468895
TG(16:0_18:2_18:3),LIN,individual,5:67476060,5,67476060,9.315549e-13,SORBI_3005G191000,0.420489
TG(16:0_18:2_18:3),LIN,individual,5:67476605,5,67476605,9.315549e-13,SORBI_3005G191000,0.420489
TG(16:0_18:2_18:3),LIN,individual,5:67477068,5,67477068,9.315549e-13,SORBI_3005G191000,0.420489
TG(16:0_18:2_18:3),LIN,individual,5:67476060,5,67476060,9.315549e-13,SORBI_3005G187900,0.406803
TG(16:0_18:2_18:3),LIN,individual,5:67476605,5,67476605,9.315549e-13,SORBI_3005G187900,0.406803
TG(16:0_18:2_18:3),LIN,individual,5:67477068,5,67477068,9.315549e-13,SORBI_3005G187900,0.406803
TG(16:0_18:2_18:3),LIN,individual,5:67476060,5,67476060,9.315549e-13,SORBI_3005G191101,0.402583
TG(16:0_18:2_18:3),LIN,individual,5:67476605,5,67476605,9.315549e-13,SORBI_3005G191101,0.402583
TG(16:0_18:2_18:3),LIN,individual,5:67477068,5,67477068,9.315549e-13,SORBI_3005G191101,0.402583
TG(16:0_18:2_18:3),LIN,individual,5:67475967,5,67475967,9.32331e-13,SORBI_3005G190800,1
TG(16:0_18:2_18:3),LIN,individual,5:67475967,5,67475967,9.32331e-13,SORBI_3005G190800,1
TG(16:0_18:2_18:3),LIN,individual,5:67475967,5,67475967,9.32331e-13,SORBI_3005G190800,0.987683
TG(16:0_18:2_18:3),LIN,individual,5:67475967,5,67475967,9.32331e-13,SORBI_3005G190800,0.981559
TG(16:0_18:2_18:3),LIN,individual,5:67475967,5,67475967,9.32331e-13,SORBI_3005G190800,0.981
TG(16:0_18:2_18:3),LIN,individual,5:67475967,5,67475967,9.32331e-13,SORBI_3005G190800,0.968751
TG(16:0_18:2_18:3),LIN,individual,5:67475967,5,67475967,9.32331e-13,SORBI_3005G190800,0.962783
TG(16:0_18:2_18:3),LIN,individual,5:67475967,5,67475967,9.32331e-13,SORBI_3005G190800,0.961508
TG(16:0_18:2_18:3),LIN,individual,5:67475967,5,67475967,9.32331e-13,SORBI_3005G190900,0.891775
TG(16:0_18:2_18:3),LIN,individual,5:67475967,5,67475967,9.32331e-13,SORBI_3005G190900,0.885798
TG(16:0_18:2_18:3),LIN,individual,5:67475967,5,67475967,9.32331e-13,SORBI_3005G190900,0.885395
TG(16:0_18:2_18:3),LIN,individual,5:67475967,5,67475967,9.32331e-13,SORBI_3005G190900,0.879238
TG(16:0_18:2_18:3),LIN,individual,5:67475967,5,67475967,9.32331e-13,SORBI_3005G190800,0.861169
TG(16:0_18:2_18:3),LIN,individual,5:67475967,5,67475967,9.32331e-13,SORBI_3005G190800,0.836056
TG(16:0_18:2_18:3),LIN,individual,5:67475967,5,67475967,9.32331e-13,SORBI_3005G190800,0.830817
TG(16:0_18:2_18:3),LIN,individual,5:67475967,5,67475967,9.32331e-13,SORBI_3005G190800,0.824935
TG(16:0_18:2_18:3),LIN,individual,5:67475967,5,67475967,9.32331e-13,SORBI_3005G190800,0.823942
TG(16:0_18:2_18:3),LIN,individual,5:67475967,5,67475967,9.32331e-13,SORBI_3005G190800,0.815703
TG(16:0_18:2_18:3),LIN,individual,5:67475967,5,67475967,9.32331e-13,SORBI_3005G190800,0.795109
TG(16:0_18:2_18:3),LIN,individual,5:67475967,5,67475967,9.32331e-13,SORBI_3005G190800,0.742737
TG(16:0_18:2_18:3),LIN,individual,5:67475967,5,67475967,9.32331e-13,SORBI_3005G190800,0.715487
TG(16:0_18:2_18:3),LIN,individual,5:67475967,5,67475967,9.32331e-13,SORBI_3005G190800,0.660186
TG(16:0_18:2_18:3),LIN,individual,5:67475967,5,67475967,9.32331e-13,SORBI_3005G190800,0.65731
TG(16:0_18:2_18:3),LIN,individual,5:67475967,5,67475967,9.32331e-13,SORBI_3005G190300,0.597598
TG(16:0_18:2_18:3),LIN,individual,5:67475967,5,67475967,9.32331e-13,SORBI_3005G191101,0.565732
TG(16:0_18:2_18:3),LIN,individual,5:67475967,5,67475967,9.32331e-13,SORBI_3005G190800,0.468095
TG(16:0_18:2_18:3),LIN,individual,5:67475967,5,67475967,9.32331e-13,SORBI_3005G190800,0.4672
TG(16:0_18:2_18:3),LIN,individual,5:67475967,5,67475967,9.32331e-13,SORBI_3005G191000,0.415651
TG(16:0_18:2_18:3),LIN,individual,5:67475967,5,67475967,9.32331e-13,SORBI_3005G191101,0.40595
TG(16:0_18:2_18:3),LIN,individual,5:67475967,5,67475967,9.32331e-13,SORBI_3005G187900,0.403355
TG(16:0_18:2_18:3),LIN,individual,5:67434176,5,67434176,1.028987e-12,SORBI_3005G190300,1
TG(16:0_18:2_18:3),LIN,individual,5:67434176,5,67434176,1.028987e-12,SORBI_3005G190300,1
TG(16:0_18:2_18:3),LIN,individual,5:67434198,5,67434198,1.028987e-12,SORBI_3005G190300,1
TG(16:0_18:2_18:3),LIN,individual,5:67434198,5,67434198,1.028987e-12,SORBI_3005G190300,1
TG(16:0_18:2_18:3),LIN,individual,5:67434176,5,67434176,1.028987e-12,SORBI_3005G190300,0.967142
TG(16:0_18:2_18:3),LIN,individual,5:67434198,5,67434198,1.028987e-12,SORBI_3005G190300,0.967142
TG(16:0_18:2_18:3),LIN,individual,5:67434176,5,67434176,1.028987e-12,SORBI_3005G190600,0.584495
TG(16:0_18:2_18:3),LIN,individual,5:67434198,5,67434198,1.028987e-12,SORBI_3005G190600,0.584495
TG(16:0_18:2_18:3),LIN,individual,5:67434176,5,67434176,1.028987e-12,SORBI_3005G190600,0.526458
TG(16:0_18:2_18:3),LIN,individual,5:67434198,5,67434198,1.028987e-12,SORBI_3005G190600,0.526458
TG(16:0_18:2_18:3),LIN,individual,5:67434176,5,67434176,1.028987e-12,SORBI_3005G190600,0.521847
TG(16:0_18:2_18:3),LIN,individual,5:67434198,5,67434198,1.028987e-12,SORBI_3005G190600,0.521847
TG(16:0_18:2_18:3),LIN,individual,5:67434176,5,67434176,1.028987e-12,SORBI_3005G190600,0.502144
TG(16:0_18:2_18:3),LIN,individual,5:67434198,5,67434198,1.028987e-12,SORBI_3005G190600,0.502144
TG(16:0_18:2_18:3),LIN,individual,5:67434176,5,67434176,1.028987e-12,SORBI_3005G190600,0.486766
TG(16:0_18:2_18:3),LIN,individual,5:67434198,5,67434198,1.028987e-12,SORBI_3005G190600,0.486766
TG(16:0_18:2_18:3),LIN,individual,5:67434176,5,67434176,1.028987e-12,SORBI_3005G190700,0.484671
TG(16:0_18:2_18:3),LIN,individual,5:67434198,5,67434198,1.028987e-12,SORBI_3005G190700,0.484671
TG(16:0_18:2_18:3),LIN,individual,5:67434176,5,67434176,1.028987e-12,SORBI_3005G190600,0.48448
TG(16:0_18:2_18:3),LIN,individual,5:67434198,5,67434198,1.028987e-12,SORBI_3005G190600,0.48448
TG(16:0_18:2_18:3),LIN,individual,5:67434176,5,67434176,1.028987e-12,SORBI_3005G190700,0.480195
TG(16:0_18:2_18:3),LIN,individual,5:67434198,5,67434198,1.028987e-12,SORBI_3005G190700,0.480195
TG(16:0_18:2_18:3),LIN,individual,5:67434176,5,67434176,1.028987e-12,SORBI_3005G190600,0.476037
TG(16:0_18:2_18:3),LIN,individual,5:67434198,5,67434198,1.028987e-12,SORBI_3005G190600,0.476037
TG(16:0_18:2_18:3),LIN,individual,5:67434176,5,67434176,1.028987e-12,SORBI_3005G190600,0.469096
TG(16:0_18:2_18:3),LIN,individual,5:67434198,5,67434198,1.028987e-12,SORBI_3005G190600,0.469096
TG(16:0_18:2_18:3),LIN,individual,5:67434176,5,67434176,1.028987e-12,SORBI_3005G190600,0.465632
TG(16:0_18:2_18:3),LIN,individual,5:67434198,5,67434198,1.028987e-12,SORBI_3005G190600,0.465632
TG(16:0_18:2_18:3),LIN,individual,5:67434176,5,67434176,1.028987e-12,SORBI_3005G190300,0.4498
TG(16:0_18:2_18:3),LIN,individual,5:67434198,5,67434198,1.028987e-12,SORBI_3005G190300,0.4498
TG(16:0_18:2_18:3),LIN,individual,5:67434176,5,67434176,1.028987e-12,SORBI_3005G190600,0.4347
TG(16:0_18:2_18:3),LIN,individual,5:67434198,5,67434198,1.028987e-12,SORBI_3005G190600,0.4347
TG(16:0_18:2_18:3),LIN,individual,5:67434176,5,67434176,1.028987e-12,SORBI_3005G190700,0.432445
TG(16:0_18:2_18:3),LIN,individual,5:67434198,5,67434198,1.028987e-12,SORBI_3005G190700,0.432445
TG(16:0_18:2_18:3),LIN,individual,5:67434176,5,67434176,1.028987e-12,SORBI_3005G191101,0.423627
TG(16:0_18:2_18:3),LIN,individual,5:67434198,5,67434198,1.028987e-12,SORBI_3005G191101,0.423627
TG(16:0_18:2_18:3),LIN,individual,5:67434176,5,67434176,1.028987e-12,SORBI_3005G190600,0.411558
TG(16:0_18:2_18:3),LIN,individual,5:67434198,5,67434198,1.028987e-12,SORBI_3005G190600,0.411558
TG(16:0_18:2_18:3),LIN,individual,5:67434176,5,67434176,1.028987e-12,SORBI_3005G190600,0.409554
TG(16:0_18:2_18:3),LIN,individual,5:67434198,5,67434198,1.028987e-12,SORBI_3005G190600,0.409554
TG(16:0_18:2_18:3),LIN,individual,5:67475524,5,67475524,1.271072e-12,SORBI_3005G190800,1
TG(16:0_18:2_18:3),LIN,individual,5:67475524,5,67475524,1.271072e-12,SORBI_3005G190800,1
TG(16:0_18:2_18:3),LIN,individual,5:67475524,5,67475524,1.271072e-12,SORBI_3005G190800,0.993801
TG(16:0_18:2_18:3),LIN,individual,5:67475524,5,67475524,1.271072e-12,SORBI_3005G190800,0.987639
TG(16:0_18:2_18:3),LIN,individual,5:67475524,5,67475524,1.271072e-12,SORBI_3005G190800,0.981
TG(16:0_18:2_18:3),LIN,individual,5:67475524,5,67475524,1.271072e-12,SORBI_3005G190800,0.968322
TG(16:0_18:2_18:3),LIN,individual,5:67475524,5,67475524,1.271072e-12,SORBI_3005G190800,0.950257
TG(16:0_18:2_18:3),LIN,individual,5:67475524,5,67475524,1.271072e-12,SORBI_3005G190800,0.944395
TG(16:0_18:2_18:3),LIN,individual,5:67475524,5,67475524,1.271072e-12,SORBI_3005G190900,0.893522
TG(16:0_18:2_18:3),LIN,individual,5:67475524,5,67475524,1.271072e-12,SORBI_3005G190900,0.887214
TG(16:0_18:2_18:3),LIN,individual,5:67475524,5,67475524,1.271072e-12,SORBI_3005G190900,0.880851
TG(16:0_18:2_18:3),LIN,individual,5:67475524,5,67475524,1.271072e-12,SORBI_3005G190800,0.856719
TG(16:0_18:2_18:3),LIN,individual,5:67475524,5,67475524,1.271072e-12,SORBI_3005G190800,0.838668
TG(16:0_18:2_18:3),LIN,individual,5:67475524,5,67475524,1.271072e-12,SORBI_3005G190800,0.832735
TG(16:0_18:2_18:3),LIN,individual,5:67475524,5,67475524,1.271072e-12,SORBI_3005G190800,0.832035
TG(16:0_18:2_18:3),LIN,individual,5:67475524,5,67475524,1.271072e-12,SORBI_3005G190800,0.820758
TG(16:0_18:2_18:3),LIN,individual,5:67475524,5,67475524,1.271072e-12,SORBI_3005G190800,0.800517
TG(16:0_18:2_18:3),LIN,individual,5:67475524,5,67475524,1.271072e-12,SORBI_3005G190800,0.750668
TG(16:0_18:2_18:3),LIN,individual,5:67475524,5,67475524,1.271072e-12,SORBI_3005G190800,0.722564
TG(16:0_18:2_18:3),LIN,individual,5:67475524,5,67475524,1.271072e-12,SORBI_3005G190800,0.666997
TG(16:0_18:2_18:3),LIN,individual,5:67475524,5,67475524,1.271072e-12,SORBI_3005G190800,0.666787
TG(16:0_18:2_18:3),LIN,individual,5:67475524,5,67475524,1.271072e-12,SORBI_3005G190300,0.575512
TG(16:0_18:2_18:3),LIN,individual,5:67475524,5,67475524,1.271072e-12,SORBI_3005G191101,0.554654
TG(16:0_18:2_18:3),LIN,individual,5:67475524,5,67475524,1.271072e-12,SORBI_3005G190800,0.472485
TG(16:0_18:2_18:3),LIN,individual,5:67475524,5,67475524,1.271072e-12,SORBI_3005G190800,0.464373
TG(16:0_18:2_18:3),LIN,individual,5:67475524,5,67475524,1.271072e-12,SORBI_3005G191000,0.407556
TG(16:0_18:2_18:3),LIN,individual,5:67476153,5,67476153,1.760331e-12,SORBI_3005G190800,1
TG(16:0_18:2_18:3),LIN,individual,5:67476153,5,67476153,1.760331e-12,SORBI_3005G190800,1
TG(16:0_18:2_18:3),LIN,individual,5:67476153,5,67476153,1.760331e-12,SORBI_3005G190800,0.9938
TG(16:0_18:2_18:3),LIN,individual,5:67476153,5,67476153,1.760331e-12,SORBI_3005G190800,0.987639
TG(16:0_18:2_18:3),LIN,individual,5:67476153,5,67476153,1.760331e-12,SORBI_3005G190800,0.981559
TG(16:0_18:2_18:3),LIN,individual,5:67476153,5,67476153,1.760331e-12,SORBI_3005G190800,0.969125
TG(16:0_18:2_18:3),LIN,individual,5:67476153,5,67476153,1.760331e-12,SORBI_3005G190800,0.952278
TG(16:0_18:2_18:3),LIN,individual,5:67476153,5,67476153,1.760331e-12,SORBI_3005G190800,0.94672
TG(16:0_18:2_18:3),LIN,individual,5:67476153,5,67476153,1.760331e-12,SORBI_3005G190900,0.895711
TG(16:0_18:2_18:3),LIN,individual,5:67476153,5,67476153,1.760331e-12,SORBI_3005G190900,0.889689
TG(16:0_18:2_18:3),LIN,individual,5:67476153,5,67476153,1.760331e-12,SORBI_3005G190900,0.883278
TG(16:0_18:2_18:3),LIN,individual,5:67476153,5,67476153,1.760331e-12,SORBI_3005G190800,0.871038
TG(16:0_18:2_18:3),LIN,individual,5:67476153,5,67476153,1.760331e-12,SORBI_3005G190800,0.841213
TG(16:0_18:2_18:3),LIN,individual,5:67476153,5,67476153,1.760331e-12,SORBI_3005G190800,0.835233
TG(16:0_18:2_18:3),LIN,individual,5:67476153,5,67476153,1.760331e-12,SORBI_3005G190800,0.834859
TG(16:0_18:2_18:3),LIN,individual,5:67476153,5,67476153,1.760331e-12,SORBI_3005G190800,0.820256
TG(16:0_18:2_18:3),LIN,individual,5:67476153,5,67476153,1.760331e-12,SORBI_3005G190800,0.800454
TG(16:0_18:2_18:3),LIN,individual,5:67476153,5,67476153,1.760331e-12,SORBI_3005G190800,0.753513
TG(16:0_18:2_18:3),LIN,individual,5:67476153,5,67476153,1.760331e-12,SORBI_3005G190800,0.724735
TG(16:0_18:2_18:3),LIN,individual,5:67476153,5,67476153,1.760331e-12,SORBI_3005G190800,0.671655
TG(16:0_18:2_18:3),LIN,individual,5:67476153,5,67476153,1.760331e-12,SORBI_3005G190800,0.669127
TG(16:0_18:2_18:3),LIN,individual,5:67476153,5,67476153,1.760331e-12,SORBI_3005G190300,0.580883
TG(16:0_18:2_18:3),LIN,individual,5:67476153,5,67476153,1.760331e-12,SORBI_3005G191101,0.557789
TG(16:0_18:2_18:3),LIN,individual,5:67476153,5,67476153,1.760331e-12,SORBI_3005G190800,0.472758
TG(16:0_18:2_18:3),LIN,individual,5:67476153,5,67476153,1.760331e-12,SORBI_3005G190800,0.464806
TG(16:0_18:2_18:3),LIN,individual,5:67476153,5,67476153,1.760331e-12,SORBI_3005G191000,0.417706
TG(16:0_18:2_18:3),LIN,individual,5:67476153,5,67476153,1.760331e-12,SORBI_3005G187900,0.403939
TG(16:0_18:2_18:3),LIN,individual,5:67434304,5,67434304,2.530796e-12,SORBI_3005G190300,1
TG(16:0_18:2_18:3),LIN,individual,5:67434304,5,67434304,2.530796e-12,SORBI_3005G190300,1
TG(16:0_18:2_18:3),LIN,individual,5:67434328,5,67434328,2.530796e-12,SORBI_3005G190300,1
TG(16:0_18:2_18:3),LIN,individual,5:67434304,5,67434304,2.530796e-12,SORBI_3005G190300,0.967142
TG(16:0_18:2_18:3),LIN,individual,5:67434328,5,67434328,2.530796e-12,SORBI_3005G190300,0.967142
TG(16:0_18:2_18:3),LIN,individual,5:67434304,5,67434304,2.530796e-12,SORBI_3005G190600,0.564784
TG(16:0_18:2_18:3),LIN,individual,5:67434328,5,67434328,2.530796e-12,SORBI_3005G190600,0.564784
TG(16:0_18:2_18:3),LIN,individual,5:67434304,5,67434304,2.530796e-12,SORBI_3005G190600,0.507216
TG(16:0_18:2_18:3),LIN,individual,5:67434328,5,67434328,2.530796e-12,SORBI_3005G190600,0.507216
TG(16:0_18:2_18:3),LIN,individual,5:67434304,5,67434304,2.530796e-12,SORBI_3005G190600,0.484113
TG(16:0_18:2_18:3),LIN,individual,5:67434328,5,67434328,2.530796e-12,SORBI_3005G190600,0.484113
TG(16:0_18:2_18:3),LIN,individual,5:67434304,5,67434304,2.530796e-12,SORBI_3005G190600,0.482258
TG(16:0_18:2_18:3),LIN,individual,5:67434328,5,67434328,2.530796e-12,SORBI_3005G190600,0.482258
TG(16:0_18:2_18:3),LIN,individual,5:67434304,5,67434304,2.530796e-12,SORBI_3005G190700,0.470428
TG(16:0_18:2_18:3),LIN,individual,5:67434328,5,67434328,2.530796e-12,SORBI_3005G190700,0.470428
TG(16:0_18:2_18:3),LIN,individual,5:67434304,5,67434304,2.530796e-12,SORBI_3005G190600,0.469155
TG(16:0_18:2_18:3),LIN,individual,5:67434328,5,67434328,2.530796e-12,SORBI_3005G190600,0.469155
TG(16:0_18:2_18:3),LIN,individual,5:67434304,5,67434304,2.530796e-12,SORBI_3005G190600,0.46711
TG(16:0_18:2_18:3),LIN,individual,5:67434328,5,67434328,2.530796e-12,SORBI_3005G190600,0.46711
TG(16:0_18:2_18:3),LIN,individual,5:67434304,5,67434304,2.530796e-12,SORBI_3005G190600,0.462136
TG(16:0_18:2_18:3),LIN,individual,5:67434328,5,67434328,2.530796e-12,SORBI_3005G190600,0.462136
TG(16:0_18:2_18:3),LIN,individual,5:67434304,5,67434304,2.530796e-12,SORBI_3005G190700,0.460199
TG(16:0_18:2_18:3),LIN,individual,5:67434328,5,67434328,2.530796e-12,SORBI_3005G190700,0.460199
TG(16:0_18:2_18:3),LIN,individual,5:67434304,5,67434304,2.530796e-12,SORBI_3005G190600,0.441218
TG(16:0_18:2_18:3),LIN,individual,5:67434328,5,67434328,2.530796e-12,SORBI_3005G190600,0.441218
TG(16:0_18:2_18:3),LIN,individual,5:67434304,5,67434304,2.530796e-12,SORBI_3005G190600,0.440425
TG(16:0_18:2_18:3),LIN,individual,5:67434328,5,67434328,2.530796e-12,SORBI_3005G190600,0.440425
TG(16:0_18:2_18:3),LIN,individual,5:67434304,5,67434304,2.530796e-12,SORBI_3005G190300,0.431528
TG(16:0_18:2_18:3),LIN,individual,5:67434328,5,67434328,2.530796e-12,SORBI_3005G190300,0.431528
TG(16:0_18:2_18:3),LIN,individual,5:67434304,5,67434304,2.530796e-12,SORBI_3005G190600,0.421213
TG(16:0_18:2_18:3),LIN,individual,5:67434328,5,67434328,2.530796e-12,SORBI_3005G190600,0.421213
TG(16:0_18:2_18:3),LIN,individual,5:67434304,5,67434304,2.530796e-12,SORBI_3005G190700,0.41422
TG(16:0_18:2_18:3),LIN,individual,5:67434328,5,67434328,2.530796e-12,SORBI_3005G190700,0.41422
TG(16:0_18:2_18:3),LIN,individual,5:67434304,5,67434304,2.530796e-12,SORBI_3005G191101,0.402193
TG(16:0_18:2_18:3),LIN,individual,5:67434328,5,67434328,2.530796e-12,SORBI_3005G191101,0.402193
TG(16:0_18:2_18:3),LIN,individual,5:67434420,5,67434420,2.650407e-12,SORBI_3005G190300,0.987727
TG(16:0_18:2_18:3),LIN,individual,5:67434420,5,67434420,2.650407e-12,SORBI_3005G190300,0.971047
TG(16:0_18:2_18:3),LIN,individual,5:67434420,5,67434420,2.650407e-12,SORBI_3005G190600,0.605392
TG(16:0_18:2_18:3),LIN,individual,5:67434420,5,67434420,2.650407e-12,SORBI_3005G190600,0.546898
TG(16:0_18:2_18:3),LIN,individual,5:67434420,5,67434420,2.650407e-12,SORBI_3005G190600,0.521266
TG(16:0_18:2_18:3),LIN,individual,5:67434420,5,67434420,2.650407e-12,SORBI_3005G190600,0.505442
TG(16:0_18:2_18:3),LIN,individual,5:67434420,5,67434420,2.650407e-12,SORBI_3005G190600,0.495523
TG(16:0_18:2_18:3),LIN,individual,5:67434420,5,67434420,2.650407e-12,SORBI_3005G190600,0.490684
TG(16:0_18:2_18:3),LIN,individual,5:67434420,5,67434420,2.650407e-12,SORBI_3005G190600,0.489077
TG(16:0_18:2_18:3),LIN,individual,5:67434420,5,67434420,2.650407e-12,SORBI_3005G190700,0.48086
TG(16:0_18:2_18:3),LIN,individual,5:67434420,5,67434420,2.650407e-12,SORBI_3005G190700,0.48037
TG(16:0_18:2_18:3),LIN,individual,5:67434420,5,67434420,2.650407e-12,SORBI_3005G190600,0.4723
TG(16:0_18:2_18:3),LIN,individual,5:67434420,5,67434420,2.650407e-12,SORBI_3005G190600,0.470522
TG(16:0_18:2_18:3),LIN,individual,5:67434420,5,67434420,2.650407e-12,SORBI_3005G190600,0.438295
TG(16:0_18:2_18:3),LIN,individual,5:67434420,5,67434420,2.650407e-12,SORBI_3005G190300,0.433446
TG(16:0_18:2_18:3),LIN,individual,5:67434420,5,67434420,2.650407e-12,SORBI_3005G190600,0.427358
TG(16:0_18:2_18:3),LIN,individual,5:67434420,5,67434420,2.650407e-12,SORBI_3005G190600,0.427019
TG(16:0_18:2_18:3),LIN,individual,5:67434420,5,67434420,2.650407e-12,SORBI_3005G190700,0.423483
TG(16:0_18:2_18:3),LIN,individual,5:67434420,5,67434420,2.650407e-12,SORBI_3005G190600,0.412321
TG(16:0_18:2_18:3),LIN,individual,5:67434420,5,67434420,2.650407e-12,SORBI_3005G191101,0.410836
TG(16:0_18:2_18:3),LIN,individual,5:67476190,5,67476190,5.283273e-12,SORBI_3005G190800,1
TG(16:0_18:2_18:3),LIN,individual,5:67476190,5,67476190,5.283273e-12,SORBI_3005G190800,1
TG(16:0_18:2_18:3),LIN,individual,5:67476190,5,67476190,5.283273e-12,SORBI_3005G190900,0.655496
TG(16:0_18:2_18:3),LIN,individual,5:67476190,5,67476190,5.283273e-12,SORBI_3005G190800,0.634574
TG(16:0_18:2_18:3),LIN,individual,5:67476190,5,67476190,5.283273e-12,SORBI_3005G190800,0.630135
TG(16:0_18:2_18:3),LIN,individual,5:67476190,5,67476190,5.283273e-12,SORBI_3005G190900,0.602512
TG(16:0_18:2_18:3),LIN,individual,5:67476190,5,67476190,5.283273e-12,SORBI_3005G190800,0.59125
TG(16:0_18:2_18:3),LIN,individual,5:67476190,5,67476190,5.283273e-12,SORBI_3005G190900,0.571462
TG(16:0_18:2_18:3),LIN,individual,5:67476190,5,67476190,5.283273e-12,SORBI_3005G190900,0.570032
TG(16:0_18:2_18:3),LIN,individual,5:67476190,5,67476190,5.283273e-12,SORBI_3005G190800,0.56015
TG(16:0_18:2_18:3),LIN,individual,5:67476190,5,67476190,5.283273e-12,SORBI_3005G190800,0.557462
TG(16:0_18:2_18:3),LIN,individual,5:67476190,5,67476190,5.283273e-12,SORBI_3005G190800,0.553586
TG(16:0_18:2_18:3),LIN,individual,5:67476190,5,67476190,5.283273e-12,SORBI_3005G190200,0.538435
TG(16:0_18:2_18:3),LIN,individual,5:67476190,5,67476190,5.283273e-12,SORBI_3005G190800,0.53545
TG(16:0_18:2_18:3),LIN,individual,5:67476190,5,67476190,5.283273e-12,SORBI_3005G190900,0.506319
TG(16:0_18:2_18:3),LIN,individual,5:67476190,5,67476190,5.283273e-12,SORBI_3005G193220,0.5
TG(16:0_18:2_18:3),LIN,individual,5:67476190,5,67476190,5.283273e-12,SORBI_3005G190900,0.455993
TG(16:0_18:2_18:3),LIN,individual,5:67476190,5,67476190,5.283273e-12,SORBI_3005G191101,0.41398
TG(16:0_18:2_18:3),LIN,individual,5:67476190,5,67476190,5.283273e-12,SORBI_3005G191101,0.401197
TG(16:0_18:2_18:3),LIN,individual,5:67473303,5,67473303,6.423442e-12,SORBI_3005G190800,1
TG(16:0_18:2_18:3),LIN,individual,5:67473303,5,67473303,6.423442e-12,SORBI_3005G190800,1
TG(16:0_18:2_18:3),LIN,individual,5:67473303,5,67473303,6.423442e-12,SORBI_3005G190800,0.993306
TG(16:0_18:2_18:3),LIN,individual,5:67473303,5,67473303,6.423442e-12,SORBI_3005G190800,0.986654
TG(16:0_18:2_18:3),LIN,individual,5:67473303,5,67473303,6.423442e-12,SORBI_3005G190800,0.986328
TG(16:0_18:2_18:3),LIN,individual,5:67473303,5,67473303,6.423442e-12,SORBI_3005G190800,0.895209
TG(16:0_18:2_18:3),LIN,individual,5:67473303,5,67473303,6.423442e-12,SORBI_3005G190800,0.860271
TG(16:0_18:2_18:3),LIN,individual,5:67473303,5,67473303,6.423442e-12,SORBI_3005G190800,0.840171
TG(16:0_18:2_18:3),LIN,individual,5:67473303,5,67473303,6.423442e-12,SORBI_3005G190800,0.834859
TG(16:0_18:2_18:3),LIN,individual,5:67473303,5,67473303,6.423442e-12,SORBI_3005G190800,0.832035
TG(16:0_18:2_18:3),LIN,individual,5:67473303,5,67473303,6.423442e-12,SORBI_3005G190800,0.823942
TG(16:0_18:2_18:3),LIN,individual,5:67473303,5,67473303,6.423442e-12,SORBI_3005G190800,0.810424
TG(16:0_18:2_18:3),LIN,individual,5:67473303,5,67473303,6.423442e-12,SORBI_3005G190800,0.808171
TG(16:0_18:2_18:3),LIN,individual,5:67473303,5,67473303,6.423442e-12,SORBI_3005G190800,0.807975
TG(16:0_18:2_18:3),LIN,individual,5:67473303,5,67473303,6.423442e-12,SORBI_3005G190800,0.800389
TG(16:0_18:2_18:3),LIN,individual,5:67473303,5,67473303,6.423442e-12,SORBI_3005G190800,0.739844
TG(16:0_18:2_18:3),LIN,individual,5:67473303,5,67473303,6.423442e-12,SORBI_3005G190900,0.734357
TG(16:0_18:2_18:3),LIN,individual,5:67473303,5,67473303,6.423442e-12,SORBI_3005G190900,0.726292
TG(16:0_18:2_18:3),LIN,individual,5:67473303,5,67473303,6.423442e-12,SORBI_3005G190900,0.720945
TG(16:0_18:2_18:3),LIN,individual,5:67473303,5,67473303,6.423442e-12,SORBI_3005G190800,0.700925
TG(16:0_18:2_18:3),LIN,individual,5:67473303,5,67473303,6.423442e-12,SORBI_3005G190300,0.695996
TG(16:0_18:2_18:3),LIN,individual,5:67473303,5,67473303,6.423442e-12,SORBI_3005G190800,0.692391
TG(16:0_18:2_18:3),LIN,individual,5:67473303,5,67473303,6.423442e-12,SORBI_3005G191101,0.67476
TG(16:0_18:2_18:3),LIN,individual,5:67473303,5,67473303,6.423442e-12,SORBI_3005G190800,0.670667
TG(16:0_18:2_18:3),LIN,individual,5:67473303,5,67473303,6.423442e-12,SORBI_3005G187900,0.494431
TG(16:0_18:2_18:3),LIN,individual,5:67473303,5,67473303,6.423442e-12,SORBI_3005G191101,0.48999
TG(16:0_18:2_18:3),LIN,individual,5:67473303,5,67473303,6.423442e-12,SORBI_3005G191000,0.451431
TG(16:0_18:2_18:3),LIN,individual,5:67473303,5,67473303,6.423442e-12,SORBI_3005G190700,0.407371
TG(16:0_18:2_18:3),LIN,individual,5:67473303,5,67473303,6.423442e-12,SORBI_3005G190100,0.402934
TG(16:0_18:2_18:3),LIN,individual,5:67477745,5,67477745,6.889004e-12,SORBI_3005G190800,1
TG(16:0_18:2_18:3),LIN,individual,5:67477745,5,67477745,6.889004e-12,SORBI_3005G190800,1
TG(16:0_18:2_18:3),LIN,individual,5:67477745,5,67477745,6.889004e-12,SORBI_3005G190800,0.992991
TG(16:0_18:2_18:3),LIN,individual,5:67477745,5,67477745,6.889004e-12,SORBI_3005G190800,0.968751
TG(16:0_18:2_18:3),LIN,individual,5:67477745,5,67477745,6.889004e-12,SORBI_3005G190800,0.958248
TG(16:0_18:2_18:3),LIN,individual,5:67477745,5,67477745,6.889004e-12,SORBI_3005G190800,0.954686
TG(16:0_18:2_18:3),LIN,individual,5:67477745,5,67477745,6.889004e-12,SORBI_3005G190800,0.952278
TG(16:0_18:2_18:3),LIN,individual,5:67477745,5,67477745,6.889004e-12,SORBI_3005G190800,0.950257
TG(16:0_18:2_18:3),LIN,individual,5:67477745,5,67477745,6.889004e-12,SORBI_3005G190900,0.852372
TG(16:0_18:2_18:3),LIN,individual,5:67477745,5,67477745,6.889004e-12,SORBI_3005G190900,0.847416
TG(16:0_18:2_18:3),LIN,individual,5:67477745,5,67477745,6.889004e-12,SORBI_3005G190900,0.846216
TG(16:0_18:2_18:3),LIN,individual,5:67477745,5,67477745,6.889004e-12,SORBI_3005G190900,0.839521
TG(16:0_18:2_18:3),LIN,individual,5:67477745,5,67477745,6.889004e-12,SORBI_3005G190800,0.8229
TG(16:0_18:2_18:3),LIN,individual,5:67477745,5,67477745,6.889004e-12,SORBI_3005G190800,0.820756
TG(16:0_18:2_18:3),LIN,individual,5:67477745,5,67477745,6.889004e-12,SORBI_3005G190800,0.816232
TG(16:0_18:2_18:3),LIN,individual,5:67477745,5,67477745,6.889004e-12,SORBI_3005G190800,0.810433
TG(16:0_18:2_18:3),LIN,individual,5:67477745,5,67477745,6.889004e-12,SORBI_3005G190800,0.808171
TG(16:0_18:2_18:3),LIN,individual,5:67477745,5,67477745,6.889004e-12,SORBI_3005G190800,0.790592
TG(16:0_18:2_18:3),LIN,individual,5:67477745,5,67477745,6.889004e-12,SORBI_3005G190800,0.768031
TG(16:0_18:2_18:3),LIN,individual,5:67477745,5,67477745,6.889004e-12,SORBI_3005G190800,0.725747
TG(16:0_18:2_18:3),LIN,individual,5:67477745,5,67477745,6.889004e-12,SORBI_3005G190800,0.71596
TG(16:0_18:2_18:3),LIN,individual,5:67477745,5,67477745,6.889004e-12,SORBI_3005G190800,0.712474
TG(16:0_18:2_18:3),LIN,individual,5:67477745,5,67477745,6.889004e-12,SORBI_3005G190800,0.645044
TG(16:0_18:2_18:3),LIN,individual,5:67477745,5,67477745,6.889004e-12,SORBI_3005G190300,0.59315
TG(16:0_18:2_18:3),LIN,individual,5:67477745,5,67477745,6.889004e-12,SORBI_3005G190800,0.591127
TG(16:0_18:2_18:3),LIN,individual,5:67477745,5,67477745,6.889004e-12,SORBI_3005G190800,0.590802
TG(16:0_18:2_18:3),LIN,individual,5:67477745,5,67477745,6.889004e-12,SORBI_3005G191101,0.548642
TG(16:0_18:2_18:3),LIN,individual,5:67477745,5,67477745,6.889004e-12,SORBI_3005G190800,0.43008
TG(16:0_18:2_18:3),LIN,individual,5:67477745,5,67477745,6.889004e-12,SORBI_3005G191101,0.421272
TG(16:0_18:2_18:3),LIN,individual,5:67477745,5,67477745,6.889004e-12,SORBI_3005G191000,0.414199
TG(16:0_18:2_18:3),LIN,individual,5:67468081,5,67468081,1.00009e-11,SORBI_3005G190700,1
TG(16:0_18:2_18:3),LIN,individual,5:67468081,5,67468081,1.00009e-11,SORBI_3005G190700,1
TG(16:0_18:2_18:3),LIN,individual,5:67468081,5,67468081,1.00009e-11,SORBI_3005G190700,0.519498
TG(16:0_18:2_18:3),LIN,individual,5:67466950,5,67466950,1.078793e-11,SORBI_3005G190300,0.955424
TG(16:0_18:2_18:3),LIN,individual,5:67466950,5,67466950,1.078793e-11,SORBI_3005G190300,0.938353
TG(16:0_18:2_18:3),LIN,individual,5:67466950,5,67466950,1.078793e-11,SORBI_3005G190600,0.633689
TG(16:0_18:2_18:3),LIN,individual,5:67466950,5,67466950,1.078793e-11,SORBI_3005G190600,0.558772
TG(16:0_18:2_18:3),LIN,individual,5:67466950,5,67466950,1.078793e-11,SORBI_3005G190600,0.547448
TG(16:0_18:2_18:3),LIN,individual,5:67466950,5,67466950,1.078793e-11,SORBI_3005G190600,0.547427
TG(16:0_18:2_18:3),LIN,individual,5:67466950,5,67466950,1.078793e-11,SORBI_3005G190600,0.538948
TG(16:0_18:2_18:3),LIN,individual,5:67466950,5,67466950,1.078793e-11,SORBI_3005G190600,0.531046
TG(16:0_18:2_18:3),LIN,individual,5:67466950,5,67466950,1.078793e-11,SORBI_3005G190600,0.528176
TG(16:0_18:2_18:3),LIN,individual,5:67466950,5,67466950,1.078793e-11,SORBI_3005G190600,0.498434
TG(16:0_18:2_18:3),LIN,individual,5:67466950,5,67466950,1.078793e-11,SORBI_3005G190600,0.496869
TG(16:0_18:2_18:3),LIN,individual,5:67466950,5,67466950,1.078793e-11,SORBI_3005G190700,0.48912
TG(16:0_18:2_18:3),LIN,individual,5:67466950,5,67466950,1.078793e-11,SORBI_3005G190700,0.473263
TG(16:0_18:2_18:3),LIN,individual,5:67466950,5,67466950,1.078793e-11,SORBI_3005G190600,0.468058
TG(16:0_18:2_18:3),LIN,individual,5:67466950,5,67466950,1.078793e-11,SORBI_3005G190600,0.462002
TG(16:0_18:2_18:3),LIN,individual,5:67466950,5,67466950,1.078793e-11,SORBI_3005G190600,0.451381
TG(16:0_18:2_18:3),LIN,individual,5:67466950,5,67466950,1.078793e-11,SORBI_3005G190600,0.435634
TG(16:0_18:2_18:3),LIN,individual,5:67466950,5,67466950,1.078793e-11,SORBI_3005G190300,0.429913
TG(16:0_18:2_18:3),LIN,individual,5:67466950,5,67466950,1.078793e-11,SORBI_3005G190700,0.416457
TG(16:0_18:2_18:3),LIN,individual,5:67466950,5,67466950,1.078793e-11,SORBI_3005G191101,0.410363
TG(16:0_18:2_18:3),LIN,individual,5:67466950,5,67466950,1.078793e-11,SORBI_3005G190600,0.404706
TG(16:0_18:2_18:3),LIN,individual,5:67477729,5,67477729,2.249701e-11,SORBI_3005G190800,1
TG(16:0_18:2_18:3),LIN,individual,5:67477729,5,67477729,2.249701e-11,SORBI_3005G190800,1
TG(16:0_18:2_18:3),LIN,individual,5:67477729,5,67477729,2.249701e-11,SORBI_3005G190800,0.992991
TG(16:0_18:2_18:3),LIN,individual,5:67477729,5,67477729,2.249701e-11,SORBI_3005G190800,0.962783
TG(16:0_18:2_18:3),LIN,individual,5:67477729,5,67477729,2.249701e-11,SORBI_3005G190800,0.952658
TG(16:0_18:2_18:3),LIN,individual,5:67477729,5,67477729,2.249701e-11,SORBI_3005G190800,0.948474
TG(16:0_18:2_18:3),LIN,individual,5:67477729,5,67477729,2.249701e-11,SORBI_3005G190800,0.94672
TG(16:0_18:2_18:3),LIN,individual,5:67477729,5,67477729,2.249701e-11,SORBI_3005G190800,0.944395
TG(16:0_18:2_18:3),LIN,individual,5:67477729,5,67477729,2.249701e-11,SORBI_3005G190900,0.844725
TG(16:0_18:2_18:3),LIN,individual,5:67477729,5,67477729,2.249701e-11,SORBI_3005G190900,0.83998
TG(16:0_18:2_18:3),LIN,individual,5:67477729,5,67477729,2.249701e-11,SORBI_3005G190900,0.838617
TG(16:0_18:2_18:3),LIN,individual,5:67477729,5,67477729,2.249701e-11,SORBI_3005G190900,0.831811
TG(16:0_18:2_18:3),LIN,individual,5:67477729,5,67477729,2.249701e-11,SORBI_3005G190800,0.815493
TG(16:0_18:2_18:3),LIN,individual,5:67477729,5,67477729,2.249701e-11,SORBI_3005G190800,0.813033
TG(16:0_18:2_18:3),LIN,individual,5:67477729,5,67477729,2.249701e-11,SORBI_3005G190800,0.808718
TG(16:0_18:2_18:3),LIN,individual,5:67477729,5,67477729,2.249701e-11,SORBI_3005G190800,0.802964
TG(16:0_18:2_18:3),LIN,individual,5:67477729,5,67477729,2.249701e-11,SORBI_3005G190800,0.800389
TG(16:0_18:2_18:3),LIN,individual,5:67477729,5,67477729,2.249701e-11,SORBI_3005G190800,0.785918
TG(16:0_18:2_18:3),LIN,individual,5:67477729,5,67477729,2.249701e-11,SORBI_3005G190800,0.762951
TG(16:0_18:2_18:3),LIN,individual,5:67477729,5,67477729,2.249701e-11,SORBI_3005G190800,0.718025
TG(16:0_18:2_18:3),LIN,individual,5:67477729,5,67477729,2.249701e-11,SORBI_3005G190800,0.708678
TG(16:0_18:2_18:3),LIN,individual,5:67477729,5,67477729,2.249701e-11,SORBI_3005G190800,0.705678
TG(16:0_18:2_18:3),LIN,individual,5:67477729,5,67477729,2.249701e-11,SORBI_3005G190800,0.635771
TG(16:0_18:2_18:3),LIN,individual,5:67477729,5,67477729,2.249701e-11,SORBI_3005G190800,0.598857
TG(16:0_18:2_18:3),LIN,individual,5:67477729,5,67477729,2.249701e-11,SORBI_3005G190800,0.598474
TG(16:0_18:2_18:3),LIN,individual,5:67477729,5,67477729,2.249701e-11,SORBI_3005G190300,0.58385
TG(16:0_18:2_18:3),LIN,individual,5:67477729,5,67477729,2.249701e-11,SORBI_3005G191101,0.541835
TG(16:0_18:2_18:3),LIN,individual,5:67477729,5,67477729,2.249701e-11,SORBI_3005G190800,0.433768
TG(16:0_18:2_18:3),LIN,individual,5:67477729,5,67477729,2.249701e-11,SORBI_3005G191000,0.423261
TG(16:0_18:2_18:3),LIN,individual,5:67477729,5,67477729,2.249701e-11,SORBI_3005G191101,0.416272
TG(16:0_18:2_18:3),LIN,individual,5:67478691,5,67478691,4.191915e-11,SORBI_3005G190800,1
TG(16:0_18:2_18:3),LIN,individual,5:67478691,5,67478691,4.191915e-11,SORBI_3005G190800,1
TG(16:0_18:2_18:3),LIN,individual,5:67478691,5,67478691,4.191915e-11,SORBI_3005G190800,0.963669
TG(16:0_18:2_18:3),LIN,individual,5:67478691,5,67478691,4.191915e-11,SORBI_3005G190800,0.92735
TG(16:0_18:2_18:3),LIN,individual,5:67478691,5,67478691,4.191915e-11,SORBI_3005G190800,0.915334
TG(16:0_18:2_18:3),LIN,individual,5:67478691,5,67478691,4.191915e-11,SORBI_3005G190800,0.897911
TG(16:0_18:2_18:3),LIN,individual,5:67478691,5,67478691,4.191915e-11,SORBI_3005G190900,0.858964
TG(16:0_18:2_18:3),LIN,individual,5:67478691,5,67478691,4.191915e-11,SORBI_3005G190900,0.803375
TG(16:0_18:2_18:3),LIN,individual,5:67478691,5,67478691,4.191915e-11,SORBI_3005G190800,0.630135
TG(16:0_18:2_18:3),LIN,individual,5:67478691,5,67478691,4.191915e-11,SORBI_3005G190900,0.590609
TG(16:0_18:2_18:3),LIN,individual,5:67478691,5,67478691,4.191915e-11,SORBI_3005G190900,0.583953
TG(16:0_18:2_18:3),LIN,individual,5:67478691,5,67478691,4.191915e-11,SORBI_3005G191000,0.581885
TG(16:0_18:2_18:3),LIN,individual,5:67478691,5,67478691,4.191915e-11,SORBI_3005G190200,0.529461
TG(16:0_18:2_18:3),LIN,individual,5:67478691,5,67478691,4.191915e-11,SORBI_3005G190500,0.515669
TG(16:0_18:2_18:3),LIN,individual,5:67478691,5,67478691,4.191915e-11,SORBI_3005G191000,0.51504
TG(16:0_18:2_18:3),LIN,individual,5:67478691,5,67478691,4.191915e-11,SORBI_3005G190100,0.499463
TG(16:0_18:2_18:3),LIN,individual,5:67478691,5,67478691,4.191915e-11,SORBI_3005G190100,0.497836
TG(16:0_18:2_18:3),LIN,individual,5:67478691,5,67478691,4.191915e-11,SORBI_3005G190000,0.491528
TG(16:0_18:2_18:3),LIN,individual,5:67478691,5,67478691,4.191915e-11,SORBI_3005G190800,0.485577
TG(16:0_18:2_18:3),LIN,individual,5:67478691,5,67478691,4.191915e-11,SORBI_3005G189900,0.476346
TG(16:0_18:2_18:3),LIN,individual,5:67478691,5,67478691,4.191915e-11,SORBI_3005G190100,0.473521
TG(16:0_18:2_18:3),LIN,individual,5:67478691,5,67478691,4.191915e-11,SORBI_3005G190100,0.470129
TG(16:0_18:2_18:3),LIN,individual,5:67478691,5,67478691,4.191915e-11,SORBI_3005G190100,0.467441
TG(16:0_18:2_18:3),LIN,individual,5:67478691,5,67478691,4.191915e-11,SORBI_3005G190100,0.464439
TG(16:0_18:2_18:3),LIN,individual,5:67478691,5,67478691,4.191915e-11,SORBI_3005G190000,0.464134
TG(16:0_18:2_18:3),LIN,individual,5:67478691,5,67478691,4.191915e-11,SORBI_3005G190600,0.462712
TG(16:0_18:2_18:3),LIN,individual,5:67478691,5,67478691,4.191915e-11,SORBI_3005G189700,0.454353
TG(16:0_18:2_18:3),LIN,individual,5:67478691,5,67478691,4.191915e-11,SORBI_3005G190000,0.450963
TG(16:0_18:2_18:3),LIN,individual,5:67478691,5,67478691,4.191915e-11,SORBI_3005G190000,0.450245
TG(16:0_18:2_18:3),LIN,individual,5:67478691,5,67478691,4.191915e-11,SORBI_3005G190000,0.440071
TG(16:0_18:2_18:3),LIN,individual,5:67478691,5,67478691,4.191915e-11,SORBI_3005G190000,0.439386
TG(16:0_18:2_18:3),LIN,individual,5:67478691,5,67478691,4.191915e-11,SORBI_3005G190000,0.437896
TG(16:0_18:2_18:3),LIN,individual,5:67478691,5,67478691,4.191915e-11,SORBI_3005G190000,0.437586
TG(16:0_18:2_18:3),LIN,individual,5:67478691,5,67478691,4.191915e-11,SORBI_3005G190000,0.436411
TG(16:0_18:2_18:3),LIN,individual,5:67478691,5,67478691,4.191915e-11,SORBI_3005G190100,0.436285
TG(16:0_18:2_18:3),LIN,individual,5:67478691,5,67478691,4.191915e-11,SORBI_3005G190000,0.435893
TG(16:0_18:2_18:3),LIN,individual,5:67478691,5,67478691,4.191915e-11,SORBI_3005G190000,0.434932
TG(16:0_18:2_18:3),LIN,individual,5:67478691,5,67478691,4.191915e-11,SORBI_3005G190000,0.434403
TG(16:0_18:2_18:3),LIN,individual,5:67478691,5,67478691,4.191915e-11,SORBI_3005G190000,0.432919
TG(16:0_18:2_18:3),LIN,individual,5:67478691,5,67478691,4.191915e-11,SORBI_3005G190000,0.43144
TG(16:0_18:2_18:3),LIN,individual,5:67478691,5,67478691,4.191915e-11,SORBI_3005G190000,0.425086
TG(16:0_18:2_18:3),LIN,individual,5:67478691,5,67478691,4.191915e-11,SORBI_3005G190000,0.417722
TG(16:0_18:2_18:3),LIN,individual,5:67478691,5,67478691,4.191915e-11,SORBI_3005G189700,0.410377
TG(16:0_18:2_18:3),LIN,individual,5:67478691,5,67478691,4.191915e-11,SORBI_3005G193220,0.409425
TG(16:0_18:2_18:3),LIN,individual,5:67478691,5,67478691,4.191915e-11,SORBI_3005G190800,0.407518
TG(16:0_18:2_18:3),LIN,individual,5:67478691,5,67478691,4.191915e-11,SORBI_3005G190900,0.402367
TG(16:0_18:2_18:3),LIN,individual,5:67472996,5,67472996,5.88002e-11,SORBI_3005G190800,1
TG(16:0_18:2_18:3),LIN,individual,5:67472996,5,67472996,5.88002e-11,SORBI_3005G190800,1
TG(16:0_18:2_18:3),LIN,individual,5:67472996,5,67472996,5.88002e-11,SORBI_3005G190800,0.902185
TG(16:0_18:2_18:3),LIN,individual,5:67472996,5,67472996,5.88002e-11,SORBI_3005G190800,0.895784
TG(16:0_18:2_18:3),LIN,individual,5:67472996,5,67472996,5.88002e-11,SORBI_3005G190800,0.895209
TG(16:0_18:2_18:3),LIN,individual,5:67472996,5,67472996,5.88002e-11,SORBI_3005G190800,0.788653
TG(16:0_18:2_18:3),LIN,individual,5:67472996,5,67472996,5.88002e-11,SORBI_3005G190800,0.758634
TG(16:0_18:2_18:3),LIN,individual,5:67472996,5,67472996,5.88002e-11,SORBI_3005G190800,0.753513
TG(16:0_18:2_18:3),LIN,individual,5:67472996,5,67472996,5.88002e-11,SORBI_3005G190800,0.750668
TG(16:0_18:2_18:3),LIN,individual,5:67472996,5,67472996,5.88002e-11,SORBI_3005G190800,0.742737
TG(16:0_18:2_18:3),LIN,individual,5:67472996,5,67472996,5.88002e-11,SORBI_3005G190800,0.729585
TG(16:0_18:2_18:3),LIN,individual,5:67472996,5,67472996,5.88002e-11,SORBI_3005G190800,0.728278
TG(16:0_18:2_18:3),LIN,individual,5:67472996,5,67472996,5.88002e-11,SORBI_3005G190800,0.725747
TG(16:0_18:2_18:3),LIN,individual,5:67472996,5,67472996,5.88002e-11,SORBI_3005G190800,0.718025
TG(16:0_18:2_18:3),LIN,individual,5:67472996,5,67472996,5.88002e-11,SORBI_3005G190800,0.65961
TG(16:0_18:2_18:3),LIN,individual,5:67472996,5,67472996,5.88002e-11,SORBI_3005G190900,0.658274
TG(16:0_18:2_18:3),LIN,individual,5:67472996,5,67472996,5.88002e-11,SORBI_3005G190900,0.650375
TG(16:0_18:2_18:3),LIN,individual,5:67472996,5,67472996,5.88002e-11,SORBI_3005G190900,0.645263
TG(16:0_18:2_18:3),LIN,individual,5:67472996,5,67472996,5.88002e-11,SORBI_3005G190300,0.643327
TG(16:0_18:2_18:3),LIN,individual,5:67472996,5,67472996,5.88002e-11,SORBI_3005G190800,0.634904
TG(16:0_18:2_18:3),LIN,individual,5:67472996,5,67472996,5.88002e-11,SORBI_3005G190800,0.626707
TG(16:0_18:2_18:3),LIN,individual,5:67472996,5,67472996,5.88002e-11,SORBI_3005G191101,0.62634
TG(16:0_18:2_18:3),LIN,individual,5:67472996,5,67472996,5.88002e-11,SORBI_3005G190800,0.623618
TG(16:0_18:2_18:3),LIN,individual,5:67472996,5,67472996,5.88002e-11,SORBI_3005G191101,0.458952
TG(16:0_18:2_18:3),LIN,individual,5:67472996,5,67472996,5.88002e-11,SORBI_3005G187900,0.450806
TG(16:0_18:2_18:3),LIN,individual,5:67472996,5,67472996,5.88002e-11,SORBI_3005G191000,0.432033
TG(16:0_18:2_18:3),LIN,individual,5:67481037,5,67481037,6.573667e-11,SORBI_3005G190900,1
TG(16:0_18:2_18:3),LIN,individual,5:67481037,5,67481037,6.573667e-11,SORBI_3005G190900,1
TG(16:0_18:2_18:3),LIN,individual,5:67481037,5,67481037,6.573667e-11,SORBI_3005G190900,0.921743
TG(16:0_18:2_18:3),LIN,individual,5:67481037,5,67481037,6.573667e-11,SORBI_3005G190800,0.803375
TG(16:0_18:2_18:3),LIN,individual,5:67481037,5,67481037,6.573667e-11,SORBI_3005G190800,0.782679
TG(16:0_18:2_18:3),LIN,individual,5:67481037,5,67481037,6.573667e-11,SORBI_3005G190900,0.741842
TG(16:0_18:2_18:3),LIN,individual,5:67481037,5,67481037,6.573667e-11,SORBI_3005G190800,0.73888
TG(16:0_18:2_18:3),LIN,individual,5:67481037,5,67481037,6.573667e-11,SORBI_3005G190800,0.734961
TG(16:0_18:2_18:3),LIN,individual,5:67481037,5,67481037,6.573667e-11,SORBI_3005G190800,0.730485
TG(16:0_18:2_18:3),LIN,individual,5:67481037,5,67481037,6.573667e-11,SORBI_3005G190900,0.726055
TG(16:0_18:2_18:3),LIN,individual,5:67481037,5,67481037,6.573667e-11,SORBI_3005G190800,0.712783
TG(16:0_18:2_18:3),LIN,individual,5:67481037,5,67481037,6.573667e-11,SORBI_3005G190000,0.544462
TG(16:0_18:2_18:3),LIN,individual,5:67481037,5,67481037,6.573667e-11,SORBI_3005G190000,0.524196
TG(16:0_18:2_18:3),LIN,individual,5:67481037,5,67481037,6.573667e-11,SORBI_3005G190000,0.509541
TG(16:0_18:2_18:3),LIN,individual,5:67481037,5,67481037,6.573667e-11,SORBI_3005G190000,0.509262
TG(16:0_18:2_18:3),LIN,individual,5:67481037,5,67481037,6.573667e-11,SORBI_3005G190000,0.493917
TG(16:0_18:2_18:3),LIN,individual,5:67481037,5,67481037,6.573667e-11,SORBI_3005G190000,0.493101
TG(16:0_18:2_18:3),LIN,individual,5:67481037,5,67481037,6.573667e-11,SORBI_3005G190000,0.491405
TG(16:0_18:2_18:3),LIN,individual,5:67481037,5,67481037,6.573667e-11,SORBI_3005G190000,0.489716
TG(16:0_18:2_18:3),LIN,individual,5:67481037,5,67481037,6.573667e-11,SORBI_3005G190000,0.489425
TG(16:0_18:2_18:3),LIN,individual,5:67481037,5,67481037,6.573667e-11,SORBI_3005G190000,0.488033
TG(16:0_18:2_18:3),LIN,individual,5:67481037,5,67481037,6.573667e-11,SORBI_3005G190000,0.487729
TG(16:0_18:2_18:3),LIN,individual,5:67481037,5,67481037,6.573667e-11,SORBI_3005G191000,0.487694
TG(16:0_18:2_18:3),LIN,individual,5:67481037,5,67481037,6.573667e-11,SORBI_3005G190000,0.487121
TG(16:0_18:2_18:3),LIN,individual,5:67481037,5,67481037,6.573667e-11,SORBI_3005G190000,0.48604
TG(16:0_18:2_18:3),LIN,individual,5:67481037,5,67481037,6.573667e-11,SORBI_3005G190000,0.484357
TG(16:0_18:2_18:3),LIN,individual,5:67481037,5,67481037,6.573667e-11,SORBI_3005G190000,0.481902
TG(16:0_18:2_18:3),LIN,individual,5:67481037,5,67481037,6.573667e-11,SORBI_3005G190000,0.47352
TG(16:0_18:2_18:3),LIN,individual,5:67481037,5,67481037,6.573667e-11,SORBI_3005G190800,0.455993
TG(16:0_18:2_18:3),LIN,individual,5:67481037,5,67481037,6.573667e-11,SORBI_3005G190100,0.447933
TG(16:0_18:2_18:3),LIN,individual,5:67481037,5,67481037,6.573667e-11,SORBI_3005G190100,0.446104
TG(16:0_18:2_18:3),LIN,individual,5:67481037,5,67481037,6.573667e-11,SORBI_3005G190900,0.44499
TG(16:0_18:2_18:3),LIN,individual,5:67481037,5,67481037,6.573667e-11,SORBI_3005G190900,0.439017
TG(16:0_18:2_18:3),LIN,individual,5:67481037,5,67481037,6.573667e-11,SORBI_3005G191000,0.438671
TG(16:0_18:2_18:3),LIN,individual,5:67481037,5,67481037,6.573667e-11,SORBI_3005G193220,0.436364
TG(16:0_18:2_18:3),LIN,individual,5:67481037,5,67481037,6.573667e-11,SORBI_3005G189900,0.429365
TG(16:0_18:2_18:3),LIN,individual,5:67481037,5,67481037,6.573667e-11,SORBI_3005G190500,0.428952
TG(16:0_18:2_18:3),LIN,individual,5:67481037,5,67481037,6.573667e-11,SORBI_3005G190100,0.426939
TG(16:0_18:2_18:3),LIN,individual,5:67481037,5,67481037,6.573667e-11,SORBI_3005G190100,0.422739
TG(16:0_18:2_18:3),LIN,individual,5:67481037,5,67481037,6.573667e-11,SORBI_3005G190100,0.419301
TG(16:0_18:2_18:3),LIN,individual,5:67481037,5,67481037,6.573667e-11,SORBI_3005G190100,0.415911
TG(16:0_18:2_18:3),LIN,individual,5:67481037,5,67481037,6.573667e-11,SORBI_3005G190100,0.412531
TG(16:0_18:2_18:3),LIN,individual,5:67481037,5,67481037,6.573667e-11,SORBI_3005G189700,0.403817
TG(16:0_18:2_18:3),LIN,individual,5:67470925,5,67470925,6.917291e-11,SORBI_3005G190800,0.901635
TG(16:0_18:2_18:3),LIN,individual,5:67470925,5,67470925,6.917291e-11,SORBI_3005G190800,0.895596
TG(16:0_18:2_18:3),LIN,individual,5:67470925,5,67470925,6.917291e-11,SORBI_3005G190800,0.895325
TG(16:0_18:2_18:3),LIN,individual,5:67470925,5,67470925,6.917291e-11,SORBI_3005G190300,0.816814
TG(16:0_18:2_18:3),LIN,individual,5:67470925,5,67470925,6.917291e-11,SORBI_3005G190800,0.810787
TG(16:0_18:2_18:3),LIN,individual,5:67470925,5,67470925,6.917291e-11,SORBI_3005G190800,0.778449
TG(16:0_18:2_18:3),LIN,individual,5:67470925,5,67470925,6.917291e-11,SORBI_3005G191101,0.769358
TG(16:0_18:2_18:3),LIN,individual,5:67470925,5,67470925,6.917291e-11,SORBI_3005G190800,0.760973
TG(16:0_18:2_18:3),LIN,individual,5:67470925,5,67470925,6.917291e-11,SORBI_3005G190800,0.755918
TG(16:0_18:2_18:3),LIN,individual,5:67470925,5,67470925,6.917291e-11,SORBI_3005G190800,0.753843
TG(16:0_18:2_18:3),LIN,individual,5:67470925,5,67470925,6.917291e-11,SORBI_3005G190800,0.746754
TG(16:0_18:2_18:3),LIN,individual,5:67470925,5,67470925,6.917291e-11,SORBI_3005G190800,0.734501
TG(16:0_18:2_18:3),LIN,individual,5:67470925,5,67470925,6.917291e-11,SORBI_3005G190800,0.733316
TG(16:0_18:2_18:3),LIN,individual,5:67470925,5,67470925,6.917291e-11,SORBI_3005G190800,0.726497
TG(16:0_18:2_18:3),LIN,individual,5:67470925,5,67470925,6.917291e-11,SORBI_3005G190800,0.719817
TG(16:0_18:2_18:3),LIN,individual,5:67470925,5,67470925,6.917291e-11,SORBI_3005G190800,0.671655
TG(16:0_18:2_18:3),LIN,individual,5:67470925,5,67470925,6.917291e-11,SORBI_3005G190900,0.666988
TG(16:0_18:2_18:3),LIN,individual,5:67470925,5,67470925,6.917291e-11,SORBI_3005G190900,0.659922
TG(16:0_18:2_18:3),LIN,individual,5:67470925,5,67470925,6.917291e-11,SORBI_3005G190900,0.654829
TG(16:0_18:2_18:3),LIN,individual,5:67470925,5,67470925,6.917291e-11,SORBI_3005G190800,0.636186
TG(16:0_18:2_18:3),LIN,individual,5:67470925,5,67470925,6.917291e-11,SORBI_3005G190800,0.623604
TG(16:0_18:2_18:3),LIN,individual,5:67470925,5,67470925,6.917291e-11,SORBI_3005G190800,0.604135
TG(16:0_18:2_18:3),LIN,individual,5:67470925,5,67470925,6.917291e-11,SORBI_3005G187900,0.586743
TG(16:0_18:2_18:3),LIN,individual,5:67470925,5,67470925,6.917291e-11,SORBI_3005G191101,0.559321
TG(16:0_18:2_18:3),LIN,individual,5:67470925,5,67470925,6.917291e-11,SORBI_3005G190700,0.547692
TG(16:0_18:2_18:3),LIN,individual,5:67470925,5,67470925,6.917291e-11,SORBI_3005G190100,0.533841
TG(16:0_18:2_18:3),LIN,individual,5:67470925,5,67470925,6.917291e-11,SORBI_3005G190700,0.532842
TG(16:0_18:2_18:3),LIN,individual,5:67470925,5,67470925,6.917291e-11,SORBI_3005G190700,0.503081
TG(16:0_18:2_18:3),LIN,individual,5:67470925,5,67470925,6.917291e-11,SORBI_3005G190700,0.471153
TG(16:0_18:2_18:3),LIN,individual,5:67470925,5,67470925,6.917291e-11,SORBI_3005G190700,0.449783
TG(16:0_18:2_18:3),LIN,individual,5:67470925,5,67470925,6.917291e-11,SORBI_3005G191000,0.417706
TG(16:0_18:2_18:3),LIN,individual,5:67419800,5,67419800,8.06028e-11,SORBI_3005G190300,0.718382
TG(16:0_18:2_18:3),LIN,individual,5:67419800,5,67419800,8.06028e-11,SORBI_3005G191101,0.698792
TG(16:0_18:2_18:3),LIN,individual,5:67419800,5,67419800,8.06028e-11,SORBI_3005G190100,0.645363
TG(16:0_18:2_18:3),LIN,individual,5:67419800,5,67419800,8.06028e-11,SORBI_3005G190800,0.501516
TG(16:0_18:2_18:3),LIN,individual,5:67419800,5,67419800,8.06028e-11,SORBI_3005G190800,0.501396
TG(16:0_18:2_18:3),LIN,individual,5:67419800,5,67419800,8.06028e-11,SORBI_3005G190800,0.497535
TG(16:0_18:2_18:3),LIN,individual,5:67419800,5,67419800,8.06028e-11,SORBI_3005G190800,0.492309
TG(16:0_18:2_18:3),LIN,individual,5:67419800,5,67419800,8.06028e-11,SORBI_3005G190700,0.481563
TG(16:0_18:2_18:3),LIN,individual,5:67419800,5,67419800,8.06028e-11,SORBI_3005G190700,0.478873
TG(16:0_18:2_18:3),LIN,individual,5:67419800,5,67419800,8.06028e-11,SORBI_3005G191000,0.472143
TG(16:0_18:2_18:3),LIN,individual,5:67419800,5,67419800,8.06028e-11,SORBI_3005G190900,0.466901
TG(16:0_18:2_18:3),LIN,individual,5:67419800,5,67419800,8.06028e-11,SORBI_3005G190900,0.456879
TG(16:0_18:2_18:3),LIN,individual,5:67419800,5,67419800,8.06028e-11,SORBI_3005G190700,0.455014
TG(16:0_18:2_18:3),LIN,individual,5:67419800,5,67419800,8.06028e-11,SORBI_3005G190800,0.449877
TG(16:0_18:2_18:3),LIN,individual,5:67419800,5,67419800,8.06028e-11,SORBI_3005G190800,0.44967
TG(16:0_18:2_18:3),LIN,individual,5:67419800,5,67419800,8.06028e-11,SORBI_3005G190900,0.44784
TG(16:0_18:2_18:3),LIN,individual,5:67419800,5,67419800,8.06028e-11,SORBI_3005G190900,0.444203
TG(16:0_18:2_18:3),LIN,individual,5:67419800,5,67419800,8.06028e-11,SORBI_3005G190800,0.441941
TG(16:0_18:2_18:3),LIN,individual,5:67419800,5,67419800,8.06028e-11,SORBI_3005G190800,0.419293
TG(16:0_18:2_18:3),LIN,individual,5:67419800,5,67419800,8.06028e-11,SORBI_3005G190700,0.416901
TG(16:0_18:2_18:3),LIN,individual,5:67419800,5,67419800,8.06028e-11,SORBI_3005G190700,0.415547
TG(16:0_18:2_18:3),LIN,individual,5:67419800,5,67419800,8.06028e-11,SORBI_3005G187900,0.415358
TG(16:0_18:2_18:3),LIN,individual,5:67419800,5,67419800,8.06028e-11,SORBI_3005G190800,0.408763
TG(16:0_18:2_18:3),LIN,individual,5:67419800,5,67419800,8.06028e-11,SORBI_3005G190800,0.407704
TG(16:0_18:2_18:3),LIN,individual,5:67419800,5,67419800,8.06028e-11,SORBI_3005G190800,0.406987
TG(16:0_18:2_18:3),LIN,individual,5:67419800,5,67419800,8.06028e-11,SORBI_3005G190700,0.406171
TG(16:0_18:2_18:3),LIN,individual,5:67419800,5,67419800,8.06028e-11,SORBI_3005G190800,0.404664
TG(16:0_18:2_18:3),LIN,individual,5:67481090,5,67481090,1.628123e-10,SORBI_3005G190900,1
TG(16:0_18:2_18:3),LIN,individual,5:67481090,5,67481090,1.628123e-10,SORBI_3005G190900,1
TG(16:0_18:2_18:3),LIN,individual,5:67481090,5,67481090,1.628123e-10,SORBI_3005G190900,0.921743
TG(16:0_18:2_18:3),LIN,individual,5:67481090,5,67481090,1.628123e-10,SORBI_3005G190800,0.858964
TG(16:0_18:2_18:3),LIN,individual,5:67481090,5,67481090,1.628123e-10,SORBI_3005G190800,0.833641
TG(16:0_18:2_18:3),LIN,individual,5:67481090,5,67481090,1.628123e-10,SORBI_3005G190800,0.793699
TG(16:0_18:2_18:3),LIN,individual,5:67481090,5,67481090,1.628123e-10,SORBI_3005G190800,0.788758
TG(16:0_18:2_18:3),LIN,individual,5:67481090,5,67481090,1.628123e-10,SORBI_3005G190800,0.784086
TG(16:0_18:2_18:3),LIN,individual,5:67481090,5,67481090,1.628123e-10,SORBI_3005G190800,0.767116
TG(16:0_18:2_18:3),LIN,individual,5:67481090,5,67481090,1.628123e-10,SORBI_3005G190900,0.702583
TG(16:0_18:2_18:3),LIN,individual,5:67481090,5,67481090,1.628123e-10,SORBI_3005G190900,0.677607
TG(16:0_18:2_18:3),LIN,individual,5:67481090,5,67481090,1.628123e-10,SORBI_3005G191000,0.53432
TG(16:0_18:2_18:3),LIN,individual,5:67481090,5,67481090,1.628123e-10,SORBI_3005G190800,0.506319
TG(16:0_18:2_18:3),LIN,individual,5:67481090,5,67481090,1.628123e-10,SORBI_3005G190100,0.499859
TG(16:0_18:2_18:3),LIN,individual,5:67481090,5,67481090,1.628123e-10,SORBI_3005G190100,0.498112
TG(16:0_18:2_18:3),LIN,individual,5:67481090,5,67481090,1.628123e-10,SORBI_3005G190200,0.492827
TG(16:0_18:2_18:3),LIN,individual,5:67481090,5,67481090,1.628123e-10,SORBI_3005G190000,0.492563
TG(16:0_18:2_18:3),LIN,individual,5:67481090,5,67481090,1.628123e-10,SORBI_3005G191000,0.487411
TG(16:0_18:2_18:3),LIN,individual,5:67481090,5,67481090,1.628123e-10,SORBI_3005G190500,0.478269
TG(16:0_18:2_18:3),LIN,individual,5:67481090,5,67481090,1.628123e-10,SORBI_3005G190100,0.474175
TG(16:0_18:2_18:3),LIN,individual,5:67481090,5,67481090,1.628123e-10,SORBI_3005G190100,0.473057
TG(16:0_18:2_18:3),LIN,individual,5:67481090,5,67481090,1.628123e-10,SORBI_3005G190000,0.472611
TG(16:0_18:2_18:3),LIN,individual,5:67481090,5,67481090,1.628123e-10,SORBI_3005G190100,0.466535
TG(16:0_18:2_18:3),LIN,individual,5:67481090,5,67481090,1.628123e-10,SORBI_3005G190100,0.463311
TG(16:0_18:2_18:3),LIN,individual,5:67481090,5,67481090,1.628123e-10,SORBI_3005G189900,0.459414
TG(16:0_18:2_18:3),LIN,individual,5:67481090,5,67481090,1.628123e-10,SORBI_3005G190000,0.458982
TG(16:0_18:2_18:3),LIN,individual,5:67481090,5,67481090,1.628123e-10,SORBI_3005G190000,0.45839
TG(16:0_18:2_18:3),LIN,individual,5:67481090,5,67481090,1.628123e-10,SORBI_3005G190100,0.451439
TG(16:0_18:2_18:3),LIN,individual,5:67481090,5,67481090,1.628123e-10,SORBI_3005G190900,0.44915
TG(16:0_18:2_18:3),LIN,individual,5:67481090,5,67481090,1.628123e-10,SORBI_3005G190000,0.448664
TG(16:0_18:2_18:3),LIN,individual,5:67481090,5,67481090,1.628123e-10,SORBI_3005G190000,0.447064
TG(16:0_18:2_18:3),LIN,individual,5:67481090,5,67481090,1.628123e-10,SORBI_3005G190000,0.446003
TG(16:0_18:2_18:3),LIN,individual,5:67481090,5,67481090,1.628123e-10,SORBI_3005G190000,0.445471
TG(16:0_18:2_18:3),LIN,individual,5:67481090,5,67481090,1.628123e-10,SORBI_3005G190000,0.445131
TG(16:0_18:2_18:3),LIN,individual,5:67481090,5,67481090,1.628123e-10,SORBI_3005G190800,0.442914
TG(16:0_18:2_18:3),LIN,individual,5:67481090,5,67481090,1.628123e-10,SORBI_3005G189700,0.442438
TG(16:0_18:2_18:3),LIN,individual,5:67481090,5,67481090,1.628123e-10,SORBI_3005G190000,0.441939
TG(16:0_18:2_18:3),LIN,individual,5:67481090,5,67481090,1.628123e-10,SORBI_3005G190000,0.441613
TG(16:0_18:2_18:3),LIN,individual,5:67481090,5,67481090,1.628123e-10,SORBI_3005G190000,0.440352
TG(16:0_18:2_18:3),LIN,individual,5:67481090,5,67481090,1.628123e-10,SORBI_3005G190000,0.440014
TG(16:0_18:2_18:3),LIN,individual,5:67481090,5,67481090,1.628123e-10,SORBI_3005G190000,0.439597
TG(16:0_18:2_18:3),LIN,individual,5:67481090,5,67481090,1.628123e-10,SORBI_3005G190000,0.438421
TG(16:0_18:2_18:3),LIN,individual,5:67481090,5,67481090,1.628123e-10,SORBI_3005G190000,0.437667
TG(16:0_18:2_18:3),LIN,individual,5:67481090,5,67481090,1.628123e-10,SORBI_3005G190000,0.436834
TG(16:0_18:2_18:3),LIN,individual,5:67481090,5,67481090,1.628123e-10,SORBI_3005G190600,0.432045
TG(16:0_18:2_18:3),LIN,individual,5:67481090,5,67481090,1.628123e-10,SORBI_3005G190000,0.42976
TG(16:0_18:2_18:3),LIN,individual,5:67481090,5,67481090,1.628123e-10,SORBI_3005G193220,0.428292
TG(16:0_18:2_18:3),LIN,individual,5:67481090,5,67481090,1.628123e-10,SORBI_3005G190100,0.428266
TG(16:0_18:2_18:3),LIN,individual,5:67481090,5,67481090,1.628123e-10,SORBI_3005G190900,0.405052
TG(16:0_18:2_18:3),LIN,individual,5:67474094,5,67474094,1.823959e-10,SORBI_3005G190800,1
TG(16:0_18:2_18:3),LIN,individual,5:67474094,5,67474094,1.823959e-10,SORBI_3005G190800,1
TG(16:0_18:2_18:3),LIN,individual,5:67474094,5,67474094,1.823959e-10,SORBI_3005G190800,0.866366
TG(16:0_18:2_18:3),LIN,individual,5:67474094,5,67474094,1.823959e-10,SORBI_3005G190800,0.860271
TG(16:0_18:2_18:3),LIN,individual,5:67474094,5,67474094,1.823959e-10,SORBI_3005G190800,0.860197
TG(16:0_18:2_18:3),LIN,individual,5:67474094,5,67474094,1.823959e-10,SORBI_3005G190800,0.788653
TG(16:0_18:2_18:3),LIN,individual,5:67474094,5,67474094,1.823959e-10,SORBI_3005G190800,0.729678
TG(16:0_18:2_18:3),LIN,individual,5:67474094,5,67474094,1.823959e-10,SORBI_3005G190800,0.724735
TG(16:0_18:2_18:3),LIN,individual,5:67474094,5,67474094,1.823959e-10,SORBI_3005G190800,0.722564
TG(16:0_18:2_18:3),LIN,individual,5:67474094,5,67474094,1.823959e-10,SORBI_3005G190800,0.715487
TG(16:0_18:2_18:3),LIN,individual,5:67474094,5,67474094,1.823959e-10,SORBI_3005G190800,0.714057
TG(16:0_18:2_18:3),LIN,individual,5:67474094,5,67474094,1.823959e-10,SORBI_3005G190800,0.712474
TG(16:0_18:2_18:3),LIN,individual,5:67474094,5,67474094,1.823959e-10,SORBI_3005G190800,0.705678
TG(16:0_18:2_18:3),LIN,individual,5:67474094,5,67474094,1.823959e-10,SORBI_3005G190800,0.689753
TG(16:0_18:2_18:3),LIN,individual,5:67474094,5,67474094,1.823959e-10,SORBI_3005G190800,0.640411
TG(16:0_18:2_18:3),LIN,individual,5:67474094,5,67474094,1.823959e-10,SORBI_3005G190900,0.637407
TG(16:0_18:2_18:3),LIN,individual,5:67474094,5,67474094,1.823959e-10,SORBI_3005G190900,0.630355
TG(16:0_18:2_18:3),LIN,individual,5:67474094,5,67474094,1.823959e-10,SORBI_3005G190900,0.625392
TG(16:0_18:2_18:3),LIN,individual,5:67474094,5,67474094,1.823959e-10,SORBI_3005G190300,0.625078
TG(16:0_18:2_18:3),LIN,individual,5:67474094,5,67474094,1.823959e-10,SORBI_3005G190800,0.607397
TG(16:0_18:2_18:3),LIN,individual,5:67474094,5,67474094,1.823959e-10,SORBI_3005G191101,0.604121
TG(16:0_18:2_18:3),LIN,individual,5:67474094,5,67474094,1.823959e-10,SORBI_3005G190800,0.596586
TG(16:0_18:2_18:3),LIN,individual,5:67474094,5,67474094,1.823959e-10,SORBI_3005G190800,0.577379
TG(16:0_18:2_18:3),LIN,individual,5:67474094,5,67474094,1.823959e-10,SORBI_3005G191101,0.433496
TG(16:0_18:2_18:3),LIN,individual,5:67474094,5,67474094,1.823959e-10,SORBI_3005G187900,0.427806
TG(16:0_18:2_18:3),LIN,individual,5:67474094,5,67474094,1.823959e-10,SORBI_3005G191000,0.41224
TG(16:0_18:2_18:3),LIN,individual,5:67468669,5,67468669,2.466599e-10,SORBI_3005G190700,1
TG(16:0_18:2_18:3),LIN,individual,5:67468669,5,67468669,2.466599e-10,SORBI_3005G190700,1
TG(16:0_18:2_18:3),LIN,individual,5:67468669,5,67468669,2.466599e-10,SORBI_3005G190700,0.665188
TG(16:0_18:2_18:3),LIN,individual,5:67468669,5,67468669,2.466599e-10,SORBI_3005G190300,0.535878
TG(16:0_18:2_18:3),LIN,individual,5:67468669,5,67468669,2.466599e-10,SORBI_3005G191101,0.535254
TG(16:0_18:2_18:3),LIN,individual,5:67468669,5,67468669,2.466599e-10,SORBI_3005G190700,0.521333
TG(16:0_18:2_18:3),LIN,individual,5:67468669,5,67468669,2.466599e-10,SORBI_3005G190300,0.484671
TG(16:0_18:2_18:3),LIN,individual,5:67468669,5,67468669,2.466599e-10,SORBI_3005G190300,0.470428
TG(16:0_18:2_18:3),LIN,individual,5:67468669,5,67468669,2.466599e-10,SORBI_3005G190100,0.436135
TG(16:0_18:2_18:3),LIN,individual,5:67468669,5,67468669,2.466599e-10,SORBI_3005G190600,0.434766
TG(16:0_18:2_18:3),LIN,individual,5:67468669,5,67468669,2.466599e-10,SORBI_3005G191101,0.423904
TG(16:0_18:2_18:3),LIN,individual,5:67468669,5,67468669,2.466599e-10,SORBI_3005G190700,0.40436
TG(16:0_18:2_18:3),LIN,individual,5:67468669,5,67468669,2.466599e-10,SORBI_3005G190800,0.402879
TG(16:0_18:2_18:3),LIN,individual,5:67487562,5,67487562,3.535117e-10,SORBI_3005G191000,0.669338
TG(16:0_18:2_18:3),LIN,individual,5:67487562,5,67487562,3.535117e-10,SORBI_3005G191000,0.459742
TG(16:0_18:2_18:3),LIN,individual,5:67487562,5,67487562,3.535117e-10,SORBI_3005G191000,0.459316
TG(16:0_18:2_18:3),LIN,individual,5:67487562,5,67487562,3.535117e-10,SORBI_3005G191101,0.408549
TG(16:0_18:2_18:3),LIN,individual,5:67467310,5,67467310,3.538815e-10,SORBI_3005G190300,0.799118
TG(16:0_18:2_18:3),LIN,individual,5:67467314,5,67467314,3.538815e-10,SORBI_3005G190300,0.799118
TG(16:0_18:2_18:3),LIN,individual,5:67467310,5,67467310,3.538815e-10,SORBI_3005G190300,0.783873
TG(16:0_18:2_18:3),LIN,individual,5:67467314,5,67467314,3.538815e-10,SORBI_3005G190300,0.783873
TG(16:0_18:2_18:3),LIN,individual,5:67467310,5,67467310,3.538815e-10,SORBI_3005G190600,0.631642
TG(16:0_18:2_18:3),LIN,individual,5:67467314,5,67467314,3.538815e-10,SORBI_3005G190600,0.631642
TG(16:0_18:2_18:3),LIN,individual,5:67467310,5,67467310,3.538815e-10,SORBI_3005G190600,0.551326
TG(16:0_18:2_18:3),LIN,individual,5:67467314,5,67467314,3.538815e-10,SORBI_3005G190600,0.551326
TG(16:0_18:2_18:3),LIN,individual,5:67467310,5,67467310,3.538815e-10,SORBI_3005G190600,0.546036
TG(16:0_18:2_18:3),LIN,individual,5:67467314,5,67467314,3.538815e-10,SORBI_3005G190600,0.546036
TG(16:0_18:2_18:3),LIN,individual,5:67467310,5,67467310,3.538815e-10,SORBI_3005G190600,0.517192
TG(16:0_18:2_18:3),LIN,individual,5:67467314,5,67467314,3.538815e-10,SORBI_3005G190600,0.517192
TG(16:0_18:2_18:3),LIN,individual,5:67467310,5,67467310,3.538815e-10,SORBI_3005G190600,0.511319
TG(16:0_18:2_18:3),LIN,individual,5:67467314,5,67467314,3.538815e-10,SORBI_3005G190600,0.511319
TG(16:0_18:2_18:3),LIN,individual,5:67467310,5,67467310,3.538815e-10,SORBI_3005G190600,0.477315
TG(16:0_18:2_18:3),LIN,individual,5:67467314,5,67467314,3.538815e-10,SORBI_3005G190600,0.477315
TG(16:0_18:2_18:3),LIN,individual,5:67467310,5,67467310,3.538815e-10,SORBI_3005G190700,0.475331
TG(16:0_18:2_18:3),LIN,individual,5:67467314,5,67467314,3.538815e-10,SORBI_3005G190700,0.475331
TG(16:0_18:2_18:3),LIN,individual,5:67467310,5,67467310,3.538815e-10,SORBI_3005G190700,0.468206
TG(16:0_18:2_18:3),LIN,individual,5:67467314,5,67467314,3.538815e-10,SORBI_3005G190700,0.468206
TG(16:0_18:2_18:3),LIN,individual,5:67467310,5,67467310,3.538815e-10,SORBI_3005G190700,0.464846
TG(16:0_18:2_18:3),LIN,individual,5:67467314,5,67467314,3.538815e-10,SORBI_3005G190700,0.464846
TG(16:0_18:2_18:3),LIN,individual,5:67467310,5,67467310,3.538815e-10,SORBI_3005G190700,0.45566
TG(16:0_18:2_18:3),LIN,individual,5:67467314,5,67467314,3.538815e-10,SORBI_3005G190700,0.45566
TG(16:0_18:2_18:3),LIN,individual,5:67467310,5,67467310,3.538815e-10,SORBI_3005G190600,0.443858
TG(16:0_18:2_18:3),LIN,individual,5:67467314,5,67467314,3.538815e-10,SORBI_3005G190600,0.443858
TG(16:0_18:2_18:3),LIN,individual,5:67467310,5,67467310,3.538815e-10,SORBI_3005G190600,0.441294
TG(16:0_18:2_18:3),LIN,individual,5:67467314,5,67467314,3.538815e-10,SORBI_3005G190600,0.441294
TG(16:0_18:2_18:3),LIN,individual,5:67467310,5,67467310,3.538815e-10,SORBI_3005G190600,0.43936
TG(16:0_18:2_18:3),LIN,individual,5:67467314,5,67467314,3.538815e-10,SORBI_3005G190600,0.43936
TG(16:0_18:2_18:3),LIN,individual,5:67467310,5,67467310,3.538815e-10,SORBI_3005G190600,0.43525
TG(16:0_18:2_18:3),LIN,individual,5:67467314,5,67467314,3.538815e-10,SORBI_3005G190600,0.43525
TG(16:0_18:2_18:3),LIN,individual,5:67467310,5,67467310,3.538815e-10,SORBI_3005G190600,0.428768
TG(16:0_18:2_18:3),LIN,individual,5:67467314,5,67467314,3.538815e-10,SORBI_3005G190600,0.428768
TG(16:0_18:2_18:3),LIN,individual,5:67467310,5,67467310,3.538815e-10,SORBI_3005G190700,0.428502
TG(16:0_18:2_18:3),LIN,individual,5:67467314,5,67467314,3.538815e-10,SORBI_3005G190700,0.428502
TG(16:0_18:2_18:3),LIN,individual,5:67467310,5,67467310,3.538815e-10,SORBI_3005G190700,0.423797
TG(16:0_18:2_18:3),LIN,individual,5:67467314,5,67467314,3.538815e-10,SORBI_3005G190700,0.423797
TG(16:0_18:2_18:3),LIN,individual,5:67467310,5,67467310,3.538815e-10,SORBI_3005G190700,0.407815
TG(16:0_18:2_18:3),LIN,individual,5:67467314,5,67467314,3.538815e-10,SORBI_3005G190700,0.407815
TG(16:0_18:2_18:3),LIN,individual,5:67467310,5,67467310,3.538815e-10,SORBI_3005G190600,0.406875
TG(16:0_18:2_18:3),LIN,individual,5:67467314,5,67467314,3.538815e-10,SORBI_3005G190600,0.406875
TG(16:0_18:2_18:3),LIN,individual,5:67432635,5,67432635,4.10051e-10,SORBI_3005G190300,0.882337
TG(16:0_18:2_18:3),LIN,individual,5:67432635,5,67432635,4.10051e-10,SORBI_3005G191101,0.831011
TG(16:0_18:2_18:3),LIN,individual,5:67432635,5,67432635,4.10051e-10,SORBI_3005G190800,0.653004
TG(16:0_18:2_18:3),LIN,individual,5:67432635,5,67432635,4.10051e-10,SORBI_3005G190800,0.639889
TG(16:0_18:2_18:3),LIN,individual,5:67432635,5,67432635,4.10051e-10,SORBI_3005G190800,0.635122
TG(16:0_18:2_18:3),LIN,individual,5:67432635,5,67432635,4.10051e-10,SORBI_3005G190800,0.631982
TG(16:0_18:2_18:3),LIN,individual,5:67432635,5,67432635,4.10051e-10,SORBI_3005G191101,0.607897
TG(16:0_18:2_18:3),LIN,individual,5:67432635,5,67432635,4.10051e-10,SORBI_3005G190700,0.594875
TG(16:0_18:2_18:3),LIN,individual,5:67432635,5,67432635,4.10051e-10,SORBI_3005G190800,0.582596
TG(16:0_18:2_18:3),LIN,individual,5:67432635,5,67432635,4.10051e-10,SORBI_3005G190700,0.578214
TG(16:0_18:2_18:3),LIN,individual,5:67432635,5,67432635,4.10051e-10,SORBI_3005G190800,0.577458
TG(16:0_18:2_18:3),LIN,individual,5:67432635,5,67432635,4.10051e-10,SORBI_3005G190100,0.57708
TG(16:0_18:2_18:3),LIN,individual,5:67432635,5,67432635,4.10051e-10,SORBI_3005G190800,0.568554
TG(16:0_18:2_18:3),LIN,individual,5:67432635,5,67432635,4.10051e-10,SORBI_3005G190800,0.56547
TG(16:0_18:2_18:3),LIN,individual,5:67432635,5,67432635,4.10051e-10,SORBI_3005G190700,0.546723
TG(16:0_18:2_18:3),LIN,individual,5:67432635,5,67432635,4.10051e-10,SORBI_3005G190800,0.532061
TG(16:0_18:2_18:3),LIN,individual,5:67432635,5,67432635,4.10051e-10,SORBI_3005G190800,0.529693
TG(16:0_18:2_18:3),LIN,individual,5:67432635,5,67432635,4.10051e-10,SORBI_3005G190800,0.525904
TG(16:0_18:2_18:3),LIN,individual,5:67432635,5,67432635,4.10051e-10,SORBI_3005G190800,0.521437
TG(16:0_18:2_18:3),LIN,individual,5:67432635,5,67432635,4.10051e-10,SORBI_3005G190800,0.5199
TG(16:0_18:2_18:3),LIN,individual,5:67432635,5,67432635,4.10051e-10,SORBI_3005G190300,0.511525
TG(16:0_18:2_18:3),LIN,individual,5:67432635,5,67432635,4.10051e-10,SORBI_3005G190700,0.51132
TG(16:0_18:2_18:3),LIN,individual,5:67432635,5,67432635,4.10051e-10,SORBI_3005G190700,0.490019
TG(16:0_18:2_18:3),LIN,individual,5:67432635,5,67432635,4.10051e-10,SORBI_3005G190300,0.486108
TG(16:0_18:2_18:3),LIN,individual,5:67432635,5,67432635,4.10051e-10,SORBI_3005G190800,0.485445
TG(16:0_18:2_18:3),LIN,individual,5:67432635,5,67432635,4.10051e-10,SORBI_3005G190600,0.476491
TG(16:0_18:2_18:3),LIN,individual,5:67432635,5,67432635,4.10051e-10,SORBI_3005G191000,0.45806
TG(16:0_18:2_18:3),LIN,individual,5:67432635,5,67432635,4.10051e-10,SORBI_3005G190900,0.448751
TG(16:0_18:2_18:3),LIN,individual,5:67432635,5,67432635,4.10051e-10,SORBI_3005G190900,0.438983
TG(16:0_18:2_18:3),LIN,individual,5:67432635,5,67432635,4.10051e-10,SORBI_3005G190800,0.431788
TG(16:0_18:2_18:3),LIN,individual,5:67432635,5,67432635,4.10051e-10,SORBI_3005G190900,0.430861
TG(16:0_18:2_18:3),LIN,individual,5:67432635,5,67432635,4.10051e-10,SORBI_3005G190800,0.430183
TG(16:0_18:2_18:3),LIN,individual,5:67432635,5,67432635,4.10051e-10,SORBI_3005G191101,0.428872
TG(16:0_18:2_18:3),LIN,individual,5:67432635,5,67432635,4.10051e-10,SORBI_3005G190900,0.427228
TG(16:0_18:2_18:3),LIN,individual,5:67432635,5,67432635,4.10051e-10,SORBI_3005G190700,0.426227
TG(16:0_18:2_18:3),LIN,individual,5:67432635,5,67432635,4.10051e-10,SORBI_3005G190700,0.412147
TG(16:0_18:2_18:3),LIN,individual,5:67432635,5,67432635,4.10051e-10,SORBI_3005G190800,0.410942
TG(16:0_18:2_18:3),LIN,individual,5:67432635,5,67432635,4.10051e-10,SORBI_3005G191101,0.401795
TG(16:0_18:2_18:3),LIN,individual,5:67433612,5,67433612,4.875448e-10,SORBI_3005G190300,0.985586
TG(16:0_18:2_18:3),LIN,individual,5:67433612,5,67433612,4.875448e-10,SORBI_3005G191101,0.928258
TG(16:0_18:2_18:3),LIN,individual,5:67433612,5,67433612,4.875448e-10,SORBI_3005G190800,0.718275
TG(16:0_18:2_18:3),LIN,individual,5:67433612,5,67433612,4.875448e-10,SORBI_3005G190800,0.713195
TG(16:0_18:2_18:3),LIN,individual,5:67433612,5,67433612,4.875448e-10,SORBI_3005G190800,0.709459
TG(16:0_18:2_18:3),LIN,individual,5:67433612,5,67433612,4.875448e-10,SORBI_3005G191101,0.684672
TG(16:0_18:2_18:3),LIN,individual,5:67433612,5,67433612,4.875448e-10,SORBI_3005G190700,0.669444
TG(16:0_18:2_18:3),LIN,individual,5:67433612,5,67433612,4.875448e-10,SORBI_3005G190800,0.656461
TG(16:0_18:2_18:3),LIN,individual,5:67433612,5,67433612,4.875448e-10,SORBI_3005G190700,0.649916
TG(16:0_18:2_18:3),LIN,individual,5:67433612,5,67433612,4.875448e-10,SORBI_3005G190100,0.645363
TG(16:0_18:2_18:3),LIN,individual,5:67433612,5,67433612,4.875448e-10,SORBI_3005G190800,0.637196
TG(16:0_18:2_18:3),LIN,individual,5:67433612,5,67433612,4.875448e-10,SORBI_3005G190700,0.615724
TG(16:0_18:2_18:3),LIN,individual,5:67433612,5,67433612,4.875448e-10,SORBI_3005G190800,0.599492
TG(16:0_18:2_18:3),LIN,individual,5:67433612,5,67433612,4.875448e-10,SORBI_3005G190800,0.596979
TG(16:0_18:2_18:3),LIN,individual,5:67433612,5,67433612,4.875448e-10,SORBI_3005G190800,0.595546
TG(16:0_18:2_18:3),LIN,individual,5:67433612,5,67433612,4.875448e-10,SORBI_3005G190800,0.592952
TG(16:0_18:2_18:3),LIN,individual,5:67433612,5,67433612,4.875448e-10,SORBI_3005G190800,0.587765
TG(16:0_18:2_18:3),LIN,individual,5:67433612,5,67433612,4.875448e-10,SORBI_3005G190800,0.586396
TG(16:0_18:2_18:3),LIN,individual,5:67433612,5,67433612,4.875448e-10,SORBI_3005G190800,0.586125
TG(16:0_18:2_18:3),LIN,individual,5:67433612,5,67433612,4.875448e-10,SORBI_3005G190700,0.574826
TG(16:0_18:2_18:3),LIN,individual,5:67433612,5,67433612,4.875448e-10,SORBI_3005G190800,0.566025
TG(16:0_18:2_18:3),LIN,individual,5:67433612,5,67433612,4.875448e-10,SORBI_3005G190700,0.553695
TG(16:0_18:2_18:3),LIN,individual,5:67433612,5,67433612,4.875448e-10,SORBI_3005G190600,0.514684
TG(16:0_18:2_18:3),LIN,individual,5:67433612,5,67433612,4.875448e-10,SORBI_3005G190900,0.506214
TG(16:0_18:2_18:3),LIN,individual,5:67433612,5,67433612,4.875448e-10,SORBI_3005G190900,0.495428
TG(16:0_18:2_18:3),LIN,individual,5:67433612,5,67433612,4.875448e-10,SORBI_3005G190700,0.49068
TG(16:0_18:2_18:3),LIN,individual,5:67433612,5,67433612,4.875448e-10,SORBI_3005G190800,0.488313
TG(16:0_18:2_18:3),LIN,individual,5:67433612,5,67433612,4.875448e-10,SORBI_3005G190800,0.487768
TG(16:0_18:2_18:3),LIN,individual,5:67433612,5,67433612,4.875448e-10,SORBI_3005G190900,0.486359
TG(16:0_18:2_18:3),LIN,individual,5:67433612,5,67433612,4.875448e-10,SORBI_3005G190800,0.485445
TG(16:0_18:2_18:3),LIN,individual,5:67433612,5,67433612,4.875448e-10,SORBI_3005G190900,0.48249
TG(16:0_18:2_18:3),LIN,individual,5:67433612,5,67433612,4.875448e-10,SORBI_3005G191101,0.471403
TG(16:0_18:2_18:3),LIN,individual,5:67433612,5,67433612,4.875448e-10,SORBI_3005G190800,0.466943
TG(16:0_18:2_18:3),LIN,individual,5:67433612,5,67433612,4.875448e-10,SORBI_3005G191000,0.45806
TG(16:0_18:2_18:3),LIN,individual,5:67433612,5,67433612,4.875448e-10,SORBI_3005G190300,0.45796
TG(16:0_18:2_18:3),LIN,individual,5:67433612,5,67433612,4.875448e-10,SORBI_3005G190600,0.447344
TG(16:0_18:2_18:3),LIN,individual,5:67433612,5,67433612,4.875448e-10,SORBI_3005G191101,0.442545
TG(16:0_18:2_18:3),LIN,individual,5:67433612,5,67433612,4.875448e-10,SORBI_3005G190700,0.441945
TG(16:0_18:2_18:3),LIN,individual,5:67433612,5,67433612,4.875448e-10,SORBI_3005G190600,0.441658
TG(16:0_18:2_18:3),LIN,individual,5:67433612,5,67433612,4.875448e-10,SORBI_3005G190300,0.432481
TG(16:0_18:2_18:3),LIN,individual,5:67433612,5,67433612,4.875448e-10,SORBI_3005G191101,0.43096
TG(16:0_18:2_18:3),LIN,individual,5:67433612,5,67433612,4.875448e-10,SORBI_3005G191101,0.417361
TG(16:0_18:2_18:3),LIN,individual,5:67433612,5,67433612,4.875448e-10,SORBI_3005G187900,0.415358
TG(16:0_18:2_18:3),LIN,individual,5:67467120,5,67467120,6.109382e-10,SORBI_3005G190300,0.836244
TG(16:0_18:2_18:3),LIN,individual,5:67467120,5,67467120,6.109382e-10,SORBI_3005G190300,0.820217
TG(16:0_18:2_18:3),LIN,individual,5:67467120,5,67467120,6.109382e-10,SORBI_3005G190600,0.567367
TG(16:0_18:2_18:3),LIN,individual,5:67467120,5,67467120,6.109382e-10,SORBI_3005G190600,0.505885
TG(16:0_18:2_18:3),LIN,individual,5:67467120,5,67467120,6.109382e-10,SORBI_3005G190600,0.48988
TG(16:0_18:2_18:3),LIN,individual,5:67467120,5,67467120,6.109382e-10,SORBI_3005G190600,0.462145
TG(16:0_18:2_18:3),LIN,individual,5:67467120,5,67467120,6.109382e-10,SORBI_3005G190600,0.445818
TG(16:0_18:2_18:3),LIN,individual,5:67467120,5,67467120,6.109382e-10,SORBI_3005G190600,0.431706
TG(16:0_18:2_18:3),LIN,individual,5:67467120,5,67467120,6.109382e-10,SORBI_3005G190600,0.42103
TG(16:0_18:2_18:3),LIN,individual,5:67467120,5,67467120,6.109382e-10,SORBI_3005G190700,0.412844
TG(16:0_18:2_18:3),LIN,individual,5:67467120,5,67467120,6.109382e-10,SORBI_3005G190700,0.410838
TG(16:0_18:2_18:3),LIN,individual,5:67467120,5,67467120,6.109382e-10,SORBI_3005G190600,0.40751
TG(16:0_18:2_18:3),LIN,individual,5:67434109,5,67434109,6.195268e-10,SORBI_3005G190300,1
TG(16:0_18:2_18:3),LIN,individual,5:67434109,5,67434109,6.195268e-10,SORBI_3005G190300,1
TG(16:0_18:2_18:3),LIN,individual,5:67434109,5,67434109,6.195268e-10,SORBI_3005G191101,0.917074
TG(16:0_18:2_18:3),LIN,individual,5:67434109,5,67434109,6.195268e-10,SORBI_3005G190800,0.707866
TG(16:0_18:2_18:3),LIN,individual,5:67434109,5,67434109,6.195268e-10,SORBI_3005G190800,0.704999
TG(16:0_18:2_18:3),LIN,individual,5:67434109,5,67434109,6.195268e-10,SORBI_3005G190800,0.699976
TG(16:0_18:2_18:3),LIN,individual,5:67434109,5,67434109,6.195268e-10,SORBI_3005G190800,0.695996
TG(16:0_18:2_18:3),LIN,individual,5:67434109,5,67434109,6.195268e-10,SORBI_3005G190700,0.679238
TG(16:0_18:2_18:3),LIN,individual,5:67434109,5,67434109,6.195268e-10,SORBI_3005G191101,0.675775
TG(16:0_18:2_18:3),LIN,individual,5:67434109,5,67434109,6.195268e-10,SORBI_3005G190800,0.643327
TG(16:0_18:2_18:3),LIN,individual,5:67434109,5,67434109,6.195268e-10,SORBI_3005G190100,0.641569
TG(16:0_18:2_18:3),LIN,individual,5:67434109,5,67434109,6.195268e-10,SORBI_3005G190700,0.641189
TG(16:0_18:2_18:3),LIN,individual,5:67434109,5,67434109,6.195268e-10,SORBI_3005G190800,0.625078
TG(16:0_18:2_18:3),LIN,individual,5:67434109,5,67434109,6.195268e-10,SORBI_3005G190700,0.607315
TG(16:0_18:2_18:3),LIN,individual,5:67434109,5,67434109,6.195268e-10,SORBI_3005G190800,0.597598
TG(16:0_18:2_18:3),LIN,individual,5:67434109,5,67434109,6.195268e-10,SORBI_3005G190800,0.59315
TG(16:0_18:2_18:3),LIN,individual,5:67434109,5,67434109,6.195268e-10,SORBI_3005G190800,0.584863
TG(16:0_18:2_18:3),LIN,individual,5:67434109,5,67434109,6.195268e-10,SORBI_3005G190800,0.584087
TG(16:0_18:2_18:3),LIN,individual,5:67434109,5,67434109,6.195268e-10,SORBI_3005G190800,0.58385
TG(16:0_18:2_18:3),LIN,individual,5:67434109,5,67434109,6.195268e-10,SORBI_3005G190800,0.580883
TG(16:0_18:2_18:3),LIN,individual,5:67434109,5,67434109,6.195268e-10,SORBI_3005G190800,0.575512
TG(16:0_18:2_18:3),LIN,individual,5:67434109,5,67434109,6.195268e-10,SORBI_3005G190700,0.566056
TG(16:0_18:2_18:3),LIN,individual,5:67434109,5,67434109,6.195268e-10,SORBI_3005G190800,0.554474
TG(16:0_18:2_18:3),LIN,individual,5:67434109,5,67434109,6.195268e-10,SORBI_3005G190700,0.535878
TG(16:0_18:2_18:3),LIN,individual,5:67434109,5,67434109,6.195268e-10,SORBI_3005G190900,0.493472
TG(16:0_18:2_18:3),LIN,individual,5:67434109,5,67434109,6.195268e-10,SORBI_3005G190600,0.489718
TG(16:0_18:2_18:3),LIN,individual,5:67434109,5,67434109,6.195268e-10,SORBI_3005G190900,0.482919
TG(16:0_18:2_18:3),LIN,individual,5:67434109,5,67434109,6.195268e-10,SORBI_3005G190900,0.479684
TG(16:0_18:2_18:3),LIN,individual,5:67434109,5,67434109,6.195268e-10,SORBI_3005G190700,0.478207
TG(16:0_18:2_18:3),LIN,individual,5:67434109,5,67434109,6.195268e-10,SORBI_3005G190800,0.4779
TG(16:0_18:2_18:3),LIN,individual,5:67434109,5,67434109,6.195268e-10,SORBI_3005G190800,0.475378
TG(16:0_18:2_18:3),LIN,individual,5:67434109,5,67434109,6.195268e-10,SORBI_3005G190900,0.473729
TG(16:0_18:2_18:3),LIN,individual,5:67434109,5,67434109,6.195268e-10,SORBI_3005G190800,0.471868
TG(16:0_18:2_18:3),LIN,individual,5:67434109,5,67434109,6.195268e-10,SORBI_3005G191101,0.464291
TG(16:0_18:2_18:3),LIN,individual,5:67434109,5,67434109,6.195268e-10,SORBI_3005G190800,0.456401
TG(16:0_18:2_18:3),LIN,individual,5:67434109,5,67434109,6.195268e-10,SORBI_3005G190700,0.45115
TG(16:0_18:2_18:3),LIN,individual,5:67434109,5,67434109,6.195268e-10,SORBI_3005G190300,0.4498
TG(16:0_18:2_18:3),LIN,individual,5:67434109,5,67434109,6.195268e-10,SORBI_3005G191000,0.441152
TG(16:0_18:2_18:3),LIN,individual,5:67434109,5,67434109,6.195268e-10,SORBI_3005G191101,0.435385
TG(16:0_18:2_18:3),LIN,individual,5:67434109,5,67434109,6.195268e-10,SORBI_3005G190300,0.431528
TG(16:0_18:2_18:3),LIN,individual,5:67434109,5,67434109,6.195268e-10,SORBI_3005G190600,0.431164
TG(16:0_18:2_18:3),LIN,individual,5:67434109,5,67434109,6.195268e-10,SORBI_3005G191101,0.425058
TG(16:0_18:2_18:3),LIN,individual,5:67434109,5,67434109,6.195268e-10,SORBI_3005G190600,0.423174
TG(16:0_18:2_18:3),LIN,individual,5:67434109,5,67434109,6.195268e-10,SORBI_3005G187900,0.421514
TG(16:0_18:2_18:3),LIN,individual,5:67487790,5,67487790,7.364822e-10,SORBI_3005G190700,0.426804
TG(16:0_18:2_18:3),LIN,individual,5:67481784,5,67481784,7.506515e-10,SORBI_3005G190900,1
TG(16:0_18:2_18:3),LIN,individual,5:67481784,5,67481784,7.506515e-10,SORBI_3005G190900,1
TG(16:0_18:2_18:3),LIN,individual,5:67481784,5,67481784,7.506515e-10,SORBI_3005G190900,0.867302
TG(16:0_18:2_18:3),LIN,individual,5:67481784,5,67481784,7.506515e-10,SORBI_3005G190900,0.844083
TG(16:0_18:2_18:3),LIN,individual,5:67481784,5,67481784,7.506515e-10,SORBI_3005G190900,0.836278
TG(16:0_18:2_18:3),LIN,individual,5:67481784,5,67481784,7.506515e-10,SORBI_3005G190800,0.602512
TG(16:0_18:2_18:3),LIN,individual,5:67481784,5,67481784,7.506515e-10,SORBI_3005G193220,0.586806
TG(16:0_18:2_18:3),LIN,individual,5:67481784,5,67481784,7.506515e-10,SORBI_3005G190900,0.542864
TG(16:0_18:2_18:3),LIN,individual,5:67481784,5,67481784,7.506515e-10,SORBI_3005G190900,0.527199
TG(16:0_18:2_18:3),LIN,individual,5:67481784,5,67481784,7.506515e-10,SORBI_3005G190900,0.44915
TG(16:0_18:2_18:3),LIN,individual,5:67481784,5,67481784,7.506515e-10,SORBI_3005G190800,0.402842
TG(16:0_18:2_18:3),LIN,individual,5:67467756,5,67467756,8.285783e-10,SORBI_3005G190700,1
TG(16:0_18:2_18:3),LIN,individual,5:67467756,5,67467756,8.285783e-10,SORBI_3005G190700,1
TG(16:0_18:2_18:3),LIN,individual,5:67467756,5,67467756,8.285783e-10,SORBI_3005G190700,0.94995
TG(16:0_18:2_18:3),LIN,individual,5:67467756,5,67467756,8.285783e-10,SORBI_3005G190700,0.737409
TG(16:0_18:2_18:3),LIN,individual,5:67467756,5,67467756,8.285783e-10,SORBI_3005G191101,0.734454
TG(16:0_18:2_18:3),LIN,individual,5:67467756,5,67467756,8.285783e-10,SORBI_3005G191101,0.683106
TG(16:0_18:2_18:3),LIN,individual,5:67467756,5,67467756,8.285783e-10,SORBI_3005G190300,0.607315
TG(16:0_18:2_18:3),LIN,individual,5:67467756,5,67467756,8.285783e-10,SORBI_3005G191101,0.579025
TG(16:0_18:2_18:3),LIN,individual,5:67467756,5,67467756,8.285783e-10,SORBI_3005G191101,0.573648
TG(16:0_18:2_18:3),LIN,individual,5:67467756,5,67467756,8.285783e-10,SORBI_3005G191101,0.570003
TG(16:0_18:2_18:3),LIN,individual,5:67467756,5,67467756,8.285783e-10,SORBI_3005G190700,0.488656
TG(16:0_18:2_18:3),LIN,individual,5:67467756,5,67467756,8.285783e-10,SORBI_3005G191101,0.438697
TG(16:0_18:2_18:3),LIN,individual,5:67467756,5,67467756,8.285783e-10,SORBI_3005G190100,0.434537
TG(16:0_18:2_18:3),LIN,individual,5:67467756,5,67467756,8.285783e-10,SORBI_3005G190300,0.432445
TG(16:0_18:2_18:3),LIN,individual,5:67467756,5,67467756,8.285783e-10,SORBI_3005G190300,0.41422
TG(16:0_18:2_18:3),LIN,individual,5:67467756,5,67467756,8.285783e-10,SORBI_3005G190700,0.40436
TG(16:0_18:2_18:3),LIN,individual,5:67467140,5,67467140,1.015022e-09,SORBI_3005G190300,0.849464
TG(16:0_18:2_18:3),LIN,individual,5:67467140,5,67467140,1.015022e-09,SORBI_3005G190300,0.831822
TG(16:0_18:2_18:3),LIN,individual,5:67467140,5,67467140,1.015022e-09,SORBI_3005G190600,0.542657
TG(16:0_18:2_18:3),LIN,individual,5:67467140,5,67467140,1.015022e-09,SORBI_3005G190600,0.484752
TG(16:0_18:2_18:3),LIN,individual,5:67467140,5,67467140,1.015022e-09,SORBI_3005G190600,0.467516
TG(16:0_18:2_18:3),LIN,individual,5:67467140,5,67467140,1.015022e-09,SORBI_3005G190600,0.453961
TG(16:0_18:2_18:3),LIN,individual,5:67467140,5,67467140,1.015022e-09,SORBI_3005G190600,0.437113
TG(16:0_18:2_18:3),LIN,individual,5:67467140,5,67467140,1.015022e-09,SORBI_3005G190600,0.434377
TG(16:0_18:2_18:3),LIN,individual,5:67467140,5,67467140,1.015022e-09,SORBI_3005G190600,0.429918
TG(16:0_18:2_18:3),LIN,individual,5:67467140,5,67467140,1.015022e-09,SORBI_3005G190600,0.4215
TG(16:0_18:2_18:3),LIN,individual,5:67467140,5,67467140,1.015022e-09,SORBI_3005G190600,0.41604
TG(16:0_18:2_18:3),LIN,individual,5:67467140,5,67467140,1.015022e-09,SORBI_3005G190700,0.400857
TG(16:0_18:2_18:3),LIN,individual,5:67472670,5,67472670,1.061374e-09,SORBI_3005G190800,1
TG(16:0_18:2_18:3),LIN,individual,5:67472670,5,67472670,1.061374e-09,SORBI_3005G190800,1
TG(16:0_18:2_18:3),LIN,individual,5:67472670,5,67472670,1.061374e-09,SORBI_3005G190800,0.984129
TG(16:0_18:2_18:3),LIN,individual,5:67472670,5,67472670,1.061374e-09,SORBI_3005G190800,0.981455
TG(16:0_18:2_18:3),LIN,individual,5:67472670,5,67472670,1.061374e-09,SORBI_3005G190800,0.935734
TG(16:0_18:2_18:3),LIN,individual,5:67472670,5,67472670,1.061374e-09,SORBI_3005G190800,0.92735
TG(16:0_18:2_18:3),LIN,individual,5:67472670,5,67472670,1.061374e-09,SORBI_3005G190800,0.896183
TG(16:0_18:2_18:3),LIN,individual,5:67472670,5,67472670,1.061374e-09,SORBI_3005G190900,0.793699
TG(16:0_18:2_18:3),LIN,individual,5:67472670,5,67472670,1.061374e-09,SORBI_3005G190900,0.73888
TG(16:0_18:2_18:3),LIN,individual,5:67472670,5,67472670,1.061374e-09,SORBI_3005G190800,0.56015
TG(16:0_18:2_18:3),LIN,individual,5:67472670,5,67472670,1.061374e-09,SORBI_3005G191000,0.552853
TG(16:0_18:2_18:3),LIN,individual,5:67472670,5,67472670,1.061374e-09,SORBI_3005G190500,0.549273
TG(16:0_18:2_18:3),LIN,individual,5:67472670,5,67472670,1.061374e-09,SORBI_3005G190200,0.541812
TG(16:0_18:2_18:3),LIN,individual,5:67472670,5,67472670,1.061374e-09,SORBI_3005G190800,0.530778
TG(16:0_18:2_18:3),LIN,individual,5:67472670,5,67472670,1.061374e-09,SORBI_3005G190900,0.528321
TG(16:0_18:2_18:3),LIN,individual,5:67472670,5,67472670,1.061374e-09,SORBI_3005G190100,0.526347
TG(16:0_18:2_18:3),LIN,individual,5:67472670,5,67472670,1.061374e-09,SORBI_3005G190900,0.523995
TG(16:0_18:2_18:3),LIN,individual,5:67472670,5,67472670,1.061374e-09,SORBI_3005G190600,0.520555
TG(16:0_18:2_18:3),LIN,individual,5:67472670,5,67472670,1.061374e-09,SORBI_3005G189900,0.507197
TG(16:0_18:2_18:3),LIN,individual,5:67472670,5,67472670,1.061374e-09,SORBI_3005G190000,0.50521
TG(16:0_18:2_18:3),LIN,individual,5:67472670,5,67472670,1.061374e-09,SORBI_3005G190100,0.498357
TG(16:0_18:2_18:3),LIN,individual,5:67472670,5,67472670,1.061374e-09,SORBI_3005G190100,0.498048
TG(16:0_18:2_18:3),LIN,individual,5:67472670,5,67472670,1.061374e-09,SORBI_3005G191000,0.494861
TG(16:0_18:2_18:3),LIN,individual,5:67472670,5,67472670,1.061374e-09,SORBI_3005G190100,0.491461
TG(16:0_18:2_18:3),LIN,individual,5:67472670,5,67472670,1.061374e-09,SORBI_3005G190100,0.488209
TG(16:0_18:2_18:3),LIN,individual,5:67472670,5,67472670,1.061374e-09,SORBI_3005G189700,0.478063
TG(16:0_18:2_18:3),LIN,individual,5:67472670,5,67472670,1.061374e-09,SORBI_3005G190000,0.47731
TG(16:0_18:2_18:3),LIN,individual,5:67472670,5,67472670,1.061374e-09,SORBI_3005G190100,0.468541
TG(16:0_18:2_18:3),LIN,individual,5:67472670,5,67472670,1.061374e-09,SORBI_3005G190000,0.463507
TG(16:0_18:2_18:3),LIN,individual,5:67472670,5,67472670,1.061374e-09,SORBI_3005G190000,0.462906
TG(16:0_18:2_18:3),LIN,individual,5:67472670,5,67472670,1.061374e-09,SORBI_3005G193220,0.455584
TG(16:0_18:2_18:3),LIN,individual,5:67472670,5,67472670,1.061374e-09,SORBI_3005G190000,0.450898
TG(16:0_18:2_18:3),LIN,individual,5:67472670,5,67472670,1.061374e-09,SORBI_3005G190000,0.44654
TG(16:0_18:2_18:3),LIN,individual,5:67472670,5,67472670,1.061374e-09,SORBI_3005G190000,0.444957
TG(16:0_18:2_18:3),LIN,individual,5:67472670,5,67472670,1.061374e-09,SORBI_3005G190000,0.444554
TG(16:0_18:2_18:3),LIN,individual,5:67472670,5,67472670,1.061374e-09,SORBI_3005G190000,0.443381
TG(16:0_18:2_18:3),LIN,individual,5:67472670,5,67472670,1.061374e-09,SORBI_3005G190000,0.44181
TG(16:0_18:2_18:3),LIN,individual,5:67472670,5,67472670,1.061374e-09,SORBI_3005G189700,0.439709
TG(16:0_18:2_18:3),LIN,individual,5:67472670,5,67472670,1.061374e-09,SORBI_3005G190000,0.435453
TG(16:0_18:2_18:3),LIN,individual,5:67472670,5,67472670,1.061374e-09,SORBI_3005G190000,0.42763
TG(16:0_18:2_18:3),LIN,individual,5:67472670,5,67472670,1.061374e-09,SORBI_3005G190100,0.421252
TG(16:0_18:2_18:3),LIN,individual,4:62674428,4,62674428,1.081863e-09,SORBI_3004G284500,1
TG(16:0_18:2_18:3),LIN,individual,4:62674428,4,62674428,1.081863e-09,SORBI_3004G284500,1
TG(16:0_18:2_18:3),LIN,individual,5:67467759,5,67467759,1.266118e-09,SORBI_3005G190700,1
TG(16:0_18:2_18:3),LIN,individual,5:67467759,5,67467759,1.266118e-09,SORBI_3005G190700,1
TG(16:0_18:2_18:3),LIN,individual,5:67467759,5,67467759,1.266118e-09,SORBI_3005G190700,0.94995
TG(16:0_18:2_18:3),LIN,individual,5:67467759,5,67467759,1.266118e-09,SORBI_3005G190700,0.779664
TG(16:0_18:2_18:3),LIN,individual,5:67467759,5,67467759,1.266118e-09,SORBI_3005G191101,0.7218
TG(16:0_18:2_18:3),LIN,individual,5:67467759,5,67467759,1.266118e-09,SORBI_3005G191101,0.694552
TG(16:0_18:2_18:3),LIN,individual,5:67467759,5,67467759,1.266118e-09,SORBI_3005G190300,0.641189
TG(16:0_18:2_18:3),LIN,individual,5:67467759,5,67467759,1.266118e-09,SORBI_3005G191101,0.611246
TG(16:0_18:2_18:3),LIN,individual,5:67467759,5,67467759,1.266118e-09,SORBI_3005G191101,0.604523
TG(16:0_18:2_18:3),LIN,individual,5:67467759,5,67467759,1.266118e-09,SORBI_3005G191101,0.59682
TG(16:0_18:2_18:3),LIN,individual,5:67467759,5,67467759,1.266118e-09,SORBI_3005G190700,0.517718
TG(16:0_18:2_18:3),LIN,individual,5:67467759,5,67467759,1.266118e-09,SORBI_3005G191101,0.465685
TG(16:0_18:2_18:3),LIN,individual,5:67467759,5,67467759,1.266118e-09,SORBI_3005G190100,0.458802
TG(16:0_18:2_18:3),LIN,individual,5:67467759,5,67467759,1.266118e-09,SORBI_3005G191101,0.406042
TG(16:0_18:2_18:3),LIN,individual,5:67467759,5,67467759,1.266118e-09,SORBI_3005G191101,0.405863
TG(16:0_18:2_18:3),LIN,individual,5:67467339,5,67467339,1.318143e-09,SORBI_3005G190300,0.702095
TG(16:0_18:2_18:3),LIN,individual,5:67467350,5,67467350,1.318143e-09,SORBI_3005G190300,0.702095
TG(16:0_18:2_18:3),LIN,individual,5:67467339,5,67467339,1.318143e-09,SORBI_3005G190300,0.685916
TG(16:0_18:2_18:3),LIN,individual,5:67467350,5,67467350,1.318143e-09,SORBI_3005G190300,0.685916
TG(16:0_18:2_18:3),LIN,individual,5:67467339,5,67467339,1.318143e-09,SORBI_3005G190700,0.527548
TG(16:0_18:2_18:3),LIN,individual,5:67467350,5,67467350,1.318143e-09,SORBI_3005G190700,0.527548
TG(16:0_18:2_18:3),LIN,individual,5:67467339,5,67467339,1.318143e-09,SORBI_3005G190600,0.516146
TG(16:0_18:2_18:3),LIN,individual,5:67467350,5,67467350,1.318143e-09,SORBI_3005G190600,0.516146
TG(16:0_18:2_18:3),LIN,individual,5:67467339,5,67467339,1.318143e-09,SORBI_3005G190700,0.487083
TG(16:0_18:2_18:3),LIN,individual,5:67467350,5,67467350,1.318143e-09,SORBI_3005G190700,0.487083
TG(16:0_18:2_18:3),LIN,individual,5:67467339,5,67467339,1.318143e-09,SORBI_3005G190600,0.484964
TG(16:0_18:2_18:3),LIN,individual,5:67467350,5,67467350,1.318143e-09,SORBI_3005G190600,0.484964
TG(16:0_18:2_18:3),LIN,individual,5:67467339,5,67467339,1.318143e-09,SORBI_3005G190700,0.479808
TG(16:0_18:2_18:3),LIN,individual,5:67467350,5,67467350,1.318143e-09,SORBI_3005G190700,0.479808
TG(16:0_18:2_18:3),LIN,individual,5:67467339,5,67467339,1.318143e-09,SORBI_3005G190600,0.472909
TG(16:0_18:2_18:3),LIN,individual,5:67467350,5,67467350,1.318143e-09,SORBI_3005G190600,0.472909
TG(16:0_18:2_18:3),LIN,individual,5:67467339,5,67467339,1.318143e-09,SORBI_3005G190600,0.47084
TG(16:0_18:2_18:3),LIN,individual,5:67467350,5,67467350,1.318143e-09,SORBI_3005G190600,0.47084
TG(16:0_18:2_18:3),LIN,individual,5:67467339,5,67467339,1.318143e-09,SORBI_3005G190600,0.450791
TG(16:0_18:2_18:3),LIN,individual,5:67467350,5,67467350,1.318143e-09,SORBI_3005G190600,0.450791
TG(16:0_18:2_18:3),LIN,individual,5:67467339,5,67467339,1.318143e-09,SORBI_3005G190600,0.446507
TG(16:0_18:2_18:3),LIN,individual,5:67467350,5,67467350,1.318143e-09,SORBI_3005G190600,0.446507
TG(16:0_18:2_18:3),LIN,individual,5:67467339,5,67467339,1.318143e-09,SORBI_3005G190700,0.445539
TG(16:0_18:2_18:3),LIN,individual,5:67467350,5,67467350,1.318143e-09,SORBI_3005G190700,0.445539
TG(16:0_18:2_18:3),LIN,individual,5:67467339,5,67467339,1.318143e-09,SORBI_3005G190300,0.41582
TG(16:0_18:2_18:3),LIN,individual,5:67467350,5,67467350,1.318143e-09,SORBI_3005G190300,0.41582
TG(16:0_18:2_18:3),LIN,individual,5:67467339,5,67467339,1.318143e-09,SORBI_3005G190600,0.415675
TG(16:0_18:2_18:3),LIN,individual,5:67467350,5,67467350,1.318143e-09,SORBI_3005G190600,0.415675
TG(16:0_18:2_18:3),LIN,individual,5:67467339,5,67467339,1.318143e-09,SORBI_3005G190700,0.406256
TG(16:0_18:2_18:3),LIN,individual,5:67467350,5,67467350,1.318143e-09,SORBI_3005G190700,0.406256
TG(16:0_18:2_18:3),LIN,individual,5:67467072,5,67467072,1.835454e-09,SORBI_3005G190300,0.823586
TG(16:0_18:2_18:3),LIN,individual,5:67467072,5,67467072,1.835454e-09,SORBI_3005G190300,0.819761
TG(16:0_18:2_18:3),LIN,individual,5:67467072,5,67467072,1.835454e-09,SORBI_3005G190600,0.575217
TG(16:0_18:2_18:3),LIN,individual,5:67467072,5,67467072,1.835454e-09,SORBI_3005G190600,0.511553
TG(16:0_18:2_18:3),LIN,individual,5:67467072,5,67467072,1.835454e-09,SORBI_3005G190600,0.496478
TG(16:0_18:2_18:3),LIN,individual,5:67467072,5,67467072,1.835454e-09,SORBI_3005G190600,0.470585
TG(16:0_18:2_18:3),LIN,individual,5:67467072,5,67467072,1.835454e-09,SORBI_3005G190700,0.453499
TG(16:0_18:2_18:3),LIN,individual,5:67467072,5,67467072,1.835454e-09,SORBI_3005G190600,0.446008
TG(16:0_18:2_18:3),LIN,individual,5:67467072,5,67467072,1.835454e-09,SORBI_3005G190600,0.436181
TG(16:0_18:2_18:3),LIN,individual,5:67467072,5,67467072,1.835454e-09,SORBI_3005G190700,0.424014
TG(16:0_18:2_18:3),LIN,individual,5:67467072,5,67467072,1.835454e-09,SORBI_3005G190600,0.404166
TG(16:0_18:2_18:3),LIN,individual,5:67467057,5,67467057,1.910555e-09,SORBI_3005G190300,0.83745
TG(16:0_18:2_18:3),LIN,individual,5:67467057,5,67467057,1.910555e-09,SORBI_3005G190300,0.833782
TG(16:0_18:2_18:3),LIN,individual,5:67467057,5,67467057,1.910555e-09,SORBI_3005G190600,0.575217
TG(16:0_18:2_18:3),LIN,individual,5:67467057,5,67467057,1.910555e-09,SORBI_3005G190600,0.511553
TG(16:0_18:2_18:3),LIN,individual,5:67467057,5,67467057,1.910555e-09,SORBI_3005G190600,0.496478
TG(16:0_18:2_18:3),LIN,individual,5:67467057,5,67467057,1.910555e-09,SORBI_3005G190600,0.470585
TG(16:0_18:2_18:3),LIN,individual,5:67467057,5,67467057,1.910555e-09,SORBI_3005G190600,0.446873
TG(16:0_18:2_18:3),LIN,individual,5:67467057,5,67467057,1.910555e-09,SORBI_3005G190600,0.441083
TG(16:0_18:2_18:3),LIN,individual,5:67467057,5,67467057,1.910555e-09,SORBI_3005G190700,0.436392
TG(16:0_18:2_18:3),LIN,individual,5:67467057,5,67467057,1.910555e-09,SORBI_3005G190700,0.409397
TG(16:0_18:2_18:3),LIN,individual,5:67467057,5,67467057,1.910555e-09,SORBI_3005G190600,0.404166
TG(16:0_18:2_18:3),LIN,individual,5:67471424,5,67471424,2.033394e-09,SORBI_3005G190800,0.840447
TG(16:0_18:2_18:3),LIN,individual,5:67471424,5,67471424,2.033394e-09,SORBI_3005G190800,0.83938
TG(16:0_18:2_18:3),LIN,individual,5:67471424,5,67471424,2.033394e-09,SORBI_3005G190800,0.786309
TG(16:0_18:2_18:3),LIN,individual,5:67471424,5,67471424,2.033394e-09,SORBI_3005G190800,0.779694
TG(16:0_18:2_18:3),LIN,individual,5:67471424,5,67471424,2.033394e-09,SORBI_3005G190800,0.75194
TG(16:0_18:2_18:3),LIN,individual,5:67471424,5,67471424,2.033394e-09,SORBI_3005G190900,0.748814
TG(16:0_18:2_18:3),LIN,individual,5:67471424,5,67471424,2.033394e-09,SORBI_3005G190900,0.69843
TG(16:0_18:2_18:3),LIN,individual,5:67471424,5,67471424,2.033394e-09,SORBI_3005G189900,0.570513
TG(16:0_18:2_18:3),LIN,individual,5:67471424,5,67471424,2.033394e-09,SORBI_3005G190100,0.563314
TG(16:0_18:2_18:3),LIN,individual,5:67471424,5,67471424,2.033394e-09,SORBI_3005G189700,0.560706
TG(16:0_18:2_18:3),LIN,individual,5:67471424,5,67471424,2.033394e-09,SORBI_3005G190500,0.540692
TG(16:0_18:2_18:3),LIN,individual,5:67471424,5,67471424,2.033394e-09,SORBI_3005G190600,0.532048
TG(16:0_18:2_18:3),LIN,individual,5:67471424,5,67471424,2.033394e-09,SORBI_3005G190800,0.521667
TG(16:0_18:2_18:3),LIN,individual,5:67471424,5,67471424,2.033394e-09,SORBI_3005G190900,0.518538
TG(16:0_18:2_18:3),LIN,individual,5:67471424,5,67471424,2.033394e-09,SORBI_3005G190900,0.512551
TG(16:0_18:2_18:3),LIN,individual,5:67471424,5,67471424,2.033394e-09,SORBI_3005G190000,0.51227
TG(16:0_18:2_18:3),LIN,individual,5:67471424,5,67471424,2.033394e-09,SORBI_3005G191000,0.506092
TG(16:0_18:2_18:3),LIN,individual,5:67471424,5,67471424,2.033394e-09,SORBI_3005G190100,0.505824
TG(16:0_18:2_18:3),LIN,individual,5:67471424,5,67471424,2.033394e-09,SORBI_3005G190100,0.504243
TG(16:0_18:2_18:3),LIN,individual,5:67471424,5,67471424,2.033394e-09,SORBI_3005G190200,0.503678
TG(16:0_18:2_18:3),LIN,individual,5:67471424,5,67471424,2.033394e-09,SORBI_3005G189700,0.498408
TG(16:0_18:2_18:3),LIN,individual,5:67471424,5,67471424,2.033394e-09,SORBI_3005G190000,0.484202
TG(16:0_18:2_18:3),LIN,individual,5:67471424,5,67471424,2.033394e-09,SORBI_3005G191000,0.481271
TG(16:0_18:2_18:3),LIN,individual,5:67471424,5,67471424,2.033394e-09,SORBI_3005G190100,0.479938
TG(16:0_18:2_18:3),LIN,individual,5:67471424,5,67471424,2.033394e-09,SORBI_3005G190100,0.478402
TG(16:0_18:2_18:3),LIN,individual,5:67471424,5,67471424,2.033394e-09,SORBI_3005G190100,0.47403
TG(16:0_18:2_18:3),LIN,individual,5:67471424,5,67471424,2.033394e-09,SORBI_3005G190000,0.470859
TG(16:0_18:2_18:3),LIN,individual,5:67471424,5,67471424,2.033394e-09,SORBI_3005G190000,0.470151
TG(16:0_18:2_18:3),LIN,individual,5:67471424,5,67471424,2.033394e-09,SORBI_3005G193220,0.465014
TG(16:0_18:2_18:3),LIN,individual,5:67471424,5,67471424,2.033394e-09,SORBI_3005G190000,0.460641
TG(16:0_18:2_18:3),LIN,individual,5:67471424,5,67471424,2.033394e-09,SORBI_3005G190800,0.460308
TG(16:0_18:2_18:3),LIN,individual,5:67471424,5,67471424,2.033394e-09,SORBI_3005G190000,0.456572
TG(16:0_18:2_18:3),LIN,individual,5:67471424,5,67471424,2.033394e-09,SORBI_3005G190000,0.455124
TG(16:0_18:2_18:3),LIN,individual,5:67471424,5,67471424,2.033394e-09,SORBI_3005G190000,0.454837
TG(16:0_18:2_18:3),LIN,individual,5:67471424,5,67471424,2.033394e-09,SORBI_3005G190000,0.453682
TG(16:0_18:2_18:3),LIN,individual,5:67471424,5,67471424,2.033394e-09,SORBI_3005G190000,0.452247
TG(16:0_18:2_18:3),LIN,individual,5:67471424,5,67471424,2.033394e-09,SORBI_3005G190000,0.445687
TG(16:0_18:2_18:3),LIN,individual,5:67471424,5,67471424,2.033394e-09,SORBI_3005G190100,0.439798
TG(16:0_18:2_18:3),LIN,individual,5:67471424,5,67471424,2.033394e-09,SORBI_3005G190000,0.438536
TG(16:0_18:2_18:3),LIN,individual,5:67471424,5,67471424,2.033394e-09,SORBI_3005G191200,0.417481
TG(16:0_18:2_18:3),LIN,individual,5:67471424,5,67471424,2.033394e-09,SORBI_3005G191200,0.410498
TG(16:0_18:2_18:3),LIN,individual,5:67473312,5,67473312,2.125908e-09,SORBI_3005G190800,1
TG(16:0_18:2_18:3),LIN,individual,5:67473312,5,67473312,2.125908e-09,SORBI_3005G190800,1
TG(16:0_18:2_18:3),LIN,individual,5:67473312,5,67473312,2.125908e-09,SORBI_3005G190800,0.989486
TG(16:0_18:2_18:3),LIN,individual,5:67473312,5,67473312,2.125908e-09,SORBI_3005G190800,0.984129
TG(16:0_18:2_18:3),LIN,individual,5:67473312,5,67473312,2.125908e-09,SORBI_3005G190800,0.923934
TG(16:0_18:2_18:3),LIN,individual,5:67473312,5,67473312,2.125908e-09,SORBI_3005G190800,0.915334
TG(16:0_18:2_18:3),LIN,individual,5:67473312,5,67473312,2.125908e-09,SORBI_3005G190800,0.889714
TG(16:0_18:2_18:3),LIN,individual,5:67473312,5,67473312,2.125908e-09,SORBI_3005G190900,0.784086
TG(16:0_18:2_18:3),LIN,individual,5:67473312,5,67473312,2.125908e-09,SORBI_3005G190900,0.730485
TG(16:0_18:2_18:3),LIN,individual,5:67473312,5,67473312,2.125908e-09,SORBI_3005G190800,0.553586
TG(16:0_18:2_18:3),LIN,individual,5:67473312,5,67473312,2.125908e-09,SORBI_3005G190500,0.540531
TG(16:0_18:2_18:3),LIN,individual,5:67473312,5,67473312,2.125908e-09,SORBI_3005G190200,0.535661
TG(16:0_18:2_18:3),LIN,individual,5:67473312,5,67473312,2.125908e-09,SORBI_3005G190800,0.525285
TG(16:0_18:2_18:3),LIN,individual,5:67473312,5,67473312,2.125908e-09,SORBI_3005G191000,0.525267
TG(16:0_18:2_18:3),LIN,individual,5:67473312,5,67473312,2.125908e-09,SORBI_3005G190900,0.524293
TG(16:0_18:2_18:3),LIN,individual,5:67473312,5,67473312,2.125908e-09,SORBI_3005G190600,0.521588
TG(16:0_18:2_18:3),LIN,individual,5:67473312,5,67473312,2.125908e-09,SORBI_3005G190100,0.521087
TG(16:0_18:2_18:3),LIN,individual,5:67473312,5,67473312,2.125908e-09,SORBI_3005G190100,0.519386
TG(16:0_18:2_18:3),LIN,individual,5:67473312,5,67473312,2.125908e-09,SORBI_3005G190900,0.518159
TG(16:0_18:2_18:3),LIN,individual,5:67473312,5,67473312,2.125908e-09,SORBI_3005G189900,0.507011
TG(16:0_18:2_18:3),LIN,individual,5:67473312,5,67473312,2.125908e-09,SORBI_3005G190000,0.501782
TG(16:0_18:2_18:3),LIN,individual,5:67473312,5,67473312,2.125908e-09,SORBI_3005G190100,0.491142
TG(16:0_18:2_18:3),LIN,individual,5:67473312,5,67473312,2.125908e-09,SORBI_3005G190100,0.49004
TG(16:0_18:2_18:3),LIN,individual,5:67473312,5,67473312,2.125908e-09,SORBI_3005G190100,0.487365
TG(16:0_18:2_18:3),LIN,individual,5:67473312,5,67473312,2.125908e-09,SORBI_3005G190100,0.484229
TG(16:0_18:2_18:3),LIN,individual,5:67473312,5,67473312,2.125908e-09,SORBI_3005G189700,0.47876
TG(16:0_18:2_18:3),LIN,individual,5:67473312,5,67473312,2.125908e-09,SORBI_3005G190000,0.474284
TG(16:0_18:2_18:3),LIN,individual,5:67473312,5,67473312,2.125908e-09,SORBI_3005G191000,0.468657
TG(16:0_18:2_18:3),LIN,individual,5:67473312,5,67473312,2.125908e-09,SORBI_3005G190000,0.463696
TG(16:0_18:2_18:3),LIN,individual,5:67473312,5,67473312,2.125908e-09,SORBI_3005G190000,0.460758
TG(16:0_18:2_18:3),LIN,individual,5:67473312,5,67473312,2.125908e-09,SORBI_3005G190100,0.45973
TG(16:0_18:2_18:3),LIN,individual,5:67473312,5,67473312,2.125908e-09,SORBI_3005G193220,0.456484
TG(16:0_18:2_18:3),LIN,individual,5:67473312,5,67473312,2.125908e-09,SORBI_3005G190000,0.448592
TG(16:0_18:2_18:3),LIN,individual,5:67473312,5,67473312,2.125908e-09,SORBI_3005G190000,0.444289
TG(16:0_18:2_18:3),LIN,individual,5:67473312,5,67473312,2.125908e-09,SORBI_3005G190000,0.442733
TG(16:0_18:2_18:3),LIN,individual,5:67473312,5,67473312,2.125908e-09,SORBI_3005G190000,0.442356
TG(16:0_18:2_18:3),LIN,individual,5:67473312,5,67473312,2.125908e-09,SORBI_3005G190000,0.441183
TG(16:0_18:2_18:3),LIN,individual,5:67473312,5,67473312,2.125908e-09,SORBI_3005G189700,0.439714
TG(16:0_18:2_18:3),LIN,individual,5:67473312,5,67473312,2.125908e-09,SORBI_3005G190000,0.439638
TG(16:0_18:2_18:3),LIN,individual,5:67473312,5,67473312,2.125908e-09,SORBI_3005G190000,0.436865
TG(16:0_18:2_18:3),LIN,individual,5:67473312,5,67473312,2.125908e-09,SORBI_3005G190000,0.429173
TG(16:0_18:2_18:3),LIN,individual,5:67473312,5,67473312,2.125908e-09,SORBI_3005G190100,0.414286
TG(16:0_18:2_18:3),LIN,individual,10:37515838,10,37515838,2.445403e-09,SORBI_3010G142700,0.866155
TG(16:0_18:2_18:3),LIN,individual,10:37515838,10,37515838,2.445403e-09,SORBI_3010G142700,0.792623
TG(16:0_18:2_18:3),LIN,individual,5:67479159,5,67479159,2.55816e-09,SORBI_3005G190800,1
TG(16:0_18:2_18:3),LIN,individual,5:67479159,5,67479159,2.55816e-09,SORBI_3005G190800,1
TG(16:0_18:2_18:3),LIN,individual,5:67479159,5,67479159,2.55816e-09,SORBI_3005G190800,0.963669
TG(16:0_18:2_18:3),LIN,individual,5:67479159,5,67479159,2.55816e-09,SORBI_3005G190800,0.896183
TG(16:0_18:2_18:3),LIN,individual,5:67479159,5,67479159,2.55816e-09,SORBI_3005G190800,0.889714
TG(16:0_18:2_18:3),LIN,individual,5:67479159,5,67479159,2.55816e-09,SORBI_3005G190800,0.876706
TG(16:0_18:2_18:3),LIN,individual,5:67479159,5,67479159,2.55816e-09,SORBI_3005G190900,0.833641
TG(16:0_18:2_18:3),LIN,individual,5:67479159,5,67479159,2.55816e-09,SORBI_3005G190900,0.782679
TG(16:0_18:2_18:3),LIN,individual,5:67479159,5,67479159,2.55816e-09,SORBI_3005G190800,0.59125
TG(16:0_18:2_18:3),LIN,individual,5:67479159,5,67479159,2.55816e-09,SORBI_3005G191000,0.587319
TG(16:0_18:2_18:3),LIN,individual,5:67479159,5,67479159,2.55816e-09,SORBI_3005G190900,0.568912
TG(16:0_18:2_18:3),LIN,individual,5:67479159,5,67479159,2.55816e-09,SORBI_3005G190900,0.566326
TG(16:0_18:2_18:3),LIN,individual,5:67479159,5,67479159,2.55816e-09,SORBI_3005G190200,0.522881
TG(16:0_18:2_18:3),LIN,individual,5:67479159,5,67479159,2.55816e-09,SORBI_3005G191000,0.522847
TG(16:0_18:2_18:3),LIN,individual,5:67479159,5,67479159,2.55816e-09,SORBI_3005G190100,0.511716
TG(16:0_18:2_18:3),LIN,individual,5:67479159,5,67479159,2.55816e-09,SORBI_3005G190100,0.51002
TG(16:0_18:2_18:3),LIN,individual,5:67479159,5,67479159,2.55816e-09,SORBI_3005G190500,0.508789
TG(16:0_18:2_18:3),LIN,individual,5:67479159,5,67479159,2.55816e-09,SORBI_3005G190000,0.507492
TG(16:0_18:2_18:3),LIN,individual,5:67479159,5,67479159,2.55816e-09,SORBI_3005G190100,0.481125
TG(16:0_18:2_18:3),LIN,individual,5:67479159,5,67479159,2.55816e-09,SORBI_3005G190000,0.479775
TG(16:0_18:2_18:3),LIN,individual,5:67479159,5,67479159,2.55816e-09,SORBI_3005G190100,0.478971
TG(16:0_18:2_18:3),LIN,individual,5:67479159,5,67479159,2.55816e-09,SORBI_3005G190100,0.478439
TG(16:0_18:2_18:3),LIN,individual,5:67479159,5,67479159,2.55816e-09,SORBI_3005G190100,0.476274
TG(16:0_18:2_18:3),LIN,individual,5:67479159,5,67479159,2.55816e-09,SORBI_3005G190100,0.47531
TG(16:0_18:2_18:3),LIN,individual,5:67479159,5,67479159,2.55816e-09,SORBI_3005G190000,0.466172
TG(16:0_18:2_18:3),LIN,individual,5:67479159,5,67479159,2.55816e-09,SORBI_3005G190000,0.46554
TG(16:0_18:2_18:3),LIN,individual,5:67479159,5,67479159,2.55816e-09,SORBI_3005G190600,0.461941
TG(16:0_18:2_18:3),LIN,individual,5:67479159,5,67479159,2.55816e-09,SORBI_3005G190800,0.457426
TG(16:0_18:2_18:3),LIN,individual,5:67479159,5,67479159,2.55816e-09,SORBI_3005G189900,0.456909
TG(16:0_18:2_18:3),LIN,individual,5:67479159,5,67479159,2.55816e-09,SORBI_3005G190000,0.454097
TG(16:0_18:2_18:3),LIN,individual,5:67479159,5,67479159,2.55816e-09,SORBI_3005G190000,0.45336
TG(16:0_18:2_18:3),LIN,individual,5:67479159,5,67479159,2.55816e-09,SORBI_3005G190000,0.451807
TG(16:0_18:2_18:3),LIN,individual,5:67479159,5,67479159,2.55816e-09,SORBI_3005G189700,0.450643
TG(16:0_18:2_18:3),LIN,individual,5:67479159,5,67479159,2.55816e-09,SORBI_3005G190100,0.450391
TG(16:0_18:2_18:3),LIN,individual,5:67479159,5,67479159,2.55816e-09,SORBI_3005G190000,0.450261
TG(16:0_18:2_18:3),LIN,individual,5:67479159,5,67479159,2.55816e-09,SORBI_3005G190000,0.449802
TG(16:0_18:2_18:3),LIN,individual,5:67479159,5,67479159,2.55816e-09,SORBI_3005G190000,0.448249
TG(16:0_18:2_18:3),LIN,individual,5:67479159,5,67479159,2.55816e-09,SORBI_3005G190000,0.447875
TG(16:0_18:2_18:3),LIN,individual,5:67479159,5,67479159,2.55816e-09,SORBI_3005G190000,0.446702
TG(16:0_18:2_18:3),LIN,individual,5:67479159,5,67479159,2.55816e-09,SORBI_3005G190000,0.445162
TG(16:0_18:2_18:3),LIN,individual,5:67479159,5,67479159,2.55816e-09,SORBI_3005G190000,0.442356
TG(16:0_18:2_18:3),LIN,individual,5:67479159,5,67479159,2.55816e-09,SORBI_3005G190000,0.434682
TG(16:0_18:2_18:3),LIN,individual,5:67479159,5,67479159,2.55816e-09,SORBI_3005G193220,0.409425
TG(16:0_18:2_18:3),LIN,individual,5:67479159,5,67479159,2.55816e-09,SORBI_3005G190100,0.405471
TG(16:0_18:2_18:3),LIN,individual,5:67479159,5,67479159,2.55816e-09,SORBI_3005G191200,0.403358
TG(16:0_18:2_18:3),LIN,individual,5:67488691,5,67488691,2.643446e-09,SORBI_3005G191101,1
TG(16:0_18:2_18:3),LIN,individual,5:67488691,5,67488691,2.643446e-09,SORBI_3005G191101,1
TG(16:0_18:2_18:3),LIN,individual,5:67488691,5,67488691,2.643446e-09,SORBI_3005G191101,0.910391
TG(16:0_18:2_18:3),LIN,individual,5:67488691,5,67488691,2.643446e-09,SORBI_3005G190700,0.693432
TG(16:0_18:2_18:3),LIN,individual,5:67488691,5,67488691,2.643446e-09,SORBI_3005G190700,0.662432
TG(16:0_18:2_18:3),LIN,individual,5:67488691,5,67488691,2.643446e-09,SORBI_3005G191101,0.611608
TG(16:0_18:2_18:3),LIN,individual,5:67488691,5,67488691,2.643446e-09,SORBI_3005G191101,0.598695
TG(16:0_18:2_18:3),LIN,individual,5:67488691,5,67488691,2.643446e-09,SORBI_3005G190800,0.41398
TG(16:0_18:2_18:3),LIN,individual,5:67488691,5,67488691,2.643446e-09,SORBI_3005G190700,0.408379
TG(16:0_18:2_18:3),LIN,individual,5:67488691,5,67488691,2.643446e-09,SORBI_3005G191101,0.403924
TG(16:0_18:2_18:3),LIN,individual,5:67488691,5,67488691,2.643446e-09,SORBI_3005G190700,0.402682
TG(16:0_18:2_18:3),LIN,individual,5:67488691,5,67488691,2.643446e-09,SORBI_3005G191101,0.402478
TG(16:0_18:2_18:3),LIN,individual,5:67481269,5,67481269,2.904481e-09,SORBI_3005G190900,1
TG(16:0_18:2_18:3),LIN,individual,5:67481269,5,67481269,2.904481e-09,SORBI_3005G190900,1
TG(16:0_18:2_18:3),LIN,individual,5:67481274,5,67481274,2.904481e-09,SORBI_3005G190900,1
TG(16:0_18:2_18:3),LIN,individual,5:67481274,5,67481274,2.904481e-09,SORBI_3005G190900,1
TG(16:0_18:2_18:3),LIN,individual,5:67481269,5,67481269,2.904481e-09,SORBI_3005G190900,0.991571
TG(16:0_18:2_18:3),LIN,individual,5:67481274,5,67481274,2.904481e-09,SORBI_3005G190900,0.991571
TG(16:0_18:2_18:3),LIN,individual,5:67481269,5,67481269,2.904481e-09,SORBI_3005G190900,0.869279
TG(16:0_18:2_18:3),LIN,individual,5:67481274,5,67481274,2.904481e-09,SORBI_3005G190900,0.869279
TG(16:0_18:2_18:3),LIN,individual,5:67481269,5,67481269,2.904481e-09,SORBI_3005G190900,0.836278
TG(16:0_18:2_18:3),LIN,individual,5:67481274,5,67481274,2.904481e-09,SORBI_3005G190900,0.836278
TG(16:0_18:2_18:3),LIN,individual,5:67481269,5,67481269,2.904481e-09,SORBI_3005G190900,0.605582
TG(16:0_18:2_18:3),LIN,individual,5:67481274,5,67481274,2.904481e-09,SORBI_3005G190900,0.605582
TG(16:0_18:2_18:3),LIN,individual,5:67481269,5,67481269,2.904481e-09,SORBI_3005G190900,0.574388
TG(16:0_18:2_18:3),LIN,individual,5:67481274,5,67481274,2.904481e-09,SORBI_3005G190900,0.574388
TG(16:0_18:2_18:3),LIN,individual,5:67481269,5,67481269,2.904481e-09,SORBI_3005G190800,0.571462
TG(16:0_18:2_18:3),LIN,individual,5:67481274,5,67481274,2.904481e-09,SORBI_3005G190800,0.571462
TG(16:0_18:2_18:3),LIN,individual,5:67481269,5,67481269,2.904481e-09,SORBI_3005G193220,0.527191
TG(16:0_18:2_18:3),LIN,individual,5:67481274,5,67481274,2.904481e-09,SORBI_3005G193220,0.527191
TG(16:0_18:2_18:3),LIN,individual,5:67481269,5,67481269,2.904481e-09,SORBI_3005G190900,0.452353
TG(16:0_18:2_18:3),LIN,individual,5:67481274,5,67481274,2.904481e-09,SORBI_3005G190900,0.452353
TG(16:0_18:2_18:3),LIN,individual,5:67481269,5,67481269,2.904481e-09,SORBI_3005G190800,0.448057
TG(16:0_18:2_18:3),LIN,individual,5:67481274,5,67481274,2.904481e-09,SORBI_3005G190800,0.448057
TG(16:0_18:2_18:3),LIN,individual,5:67481269,5,67481269,2.904481e-09,SORBI_3005G190900,0.439017
TG(16:0_18:2_18:3),LIN,individual,5:67481274,5,67481274,2.904481e-09,SORBI_3005G190900,0.439017
TG(16:0_18:2_18:3),LIN,individual,5:67481269,5,67481269,2.904481e-09,SORBI_3005G190200,0.425067
TG(16:0_18:2_18:3),LIN,individual,5:67481274,5,67481274,2.904481e-09,SORBI_3005G190200,0.425067
TG(16:0_18:2_18:3),LIN,individual,5:67467348,5,67467348,3.135027e-09,SORBI_3005G190300,0.693486
TG(16:0_18:2_18:3),LIN,individual,5:67467348,5,67467348,3.135027e-09,SORBI_3005G190300,0.677429
TG(16:0_18:2_18:3),LIN,individual,5:67467348,5,67467348,3.135027e-09,SORBI_3005G190600,0.524968
TG(16:0_18:2_18:3),LIN,individual,5:67467348,5,67467348,3.135027e-09,SORBI_3005G190700,0.520298
TG(16:0_18:2_18:3),LIN,individual,5:67467348,5,67467348,3.135027e-09,SORBI_3005G190700,0.481453
TG(16:0_18:2_18:3),LIN,individual,5:67467348,5,67467348,3.135027e-09,SORBI_3005G190700,0.474343
TG(16:0_18:2_18:3),LIN,individual,5:67467348,5,67467348,3.135027e-09,SORBI_3005G190600,0.472204
TG(16:0_18:2_18:3),LIN,individual,5:67467348,5,67467348,3.135027e-09,SORBI_3005G190600,0.460715
TG(16:0_18:2_18:3),LIN,individual,5:67467348,5,67467348,3.135027e-09,SORBI_3005G190600,0.459928
TG(16:0_18:2_18:3),LIN,individual,5:67467348,5,67467348,3.135027e-09,SORBI_3005G190600,0.458155
TG(16:0_18:2_18:3),LIN,individual,5:67467348,5,67467348,3.135027e-09,SORBI_3005G190600,0.453777
TG(16:0_18:2_18:3),LIN,individual,5:67467348,5,67467348,3.135027e-09,SORBI_3005G190700,0.440069
TG(16:0_18:2_18:3),LIN,individual,5:67467348,5,67467348,3.135027e-09,SORBI_3005G190600,0.423106
TG(16:0_18:2_18:3),LIN,individual,5:67467348,5,67467348,3.135027e-09,SORBI_3005G190300,0.410903
TG(16:0_18:2_18:3),LIN,individual,5:67467348,5,67467348,3.135027e-09,SORBI_3005G190700,0.401446
TG(16:0_18:2_18:3),LIN,individual,5:67481089,5,67481089,3.282351e-09,SORBI_3005G190900,1
TG(16:0_18:2_18:3),LIN,individual,5:67481089,5,67481089,3.282351e-09,SORBI_3005G190900,1
TG(16:0_18:2_18:3),LIN,individual,5:67481089,5,67481089,3.282351e-09,SORBI_3005G190900,0.954062
TG(16:0_18:2_18:3),LIN,individual,5:67481089,5,67481089,3.282351e-09,SORBI_3005G190900,0.741842
TG(16:0_18:2_18:3),LIN,individual,5:67481089,5,67481089,3.282351e-09,SORBI_3005G190900,0.702583
TG(16:0_18:2_18:3),LIN,individual,5:67481089,5,67481089,3.282351e-09,SORBI_3005G190000,0.62945
TG(16:0_18:2_18:3),LIN,individual,5:67481089,5,67481089,3.282351e-09,SORBI_3005G190000,0.626567
TG(16:0_18:2_18:3),LIN,individual,5:67481089,5,67481089,3.282351e-09,SORBI_3005G190000,0.625751
TG(16:0_18:2_18:3),LIN,individual,5:67481089,5,67481089,3.282351e-09,SORBI_3005G190000,0.625291
TG(16:0_18:2_18:3),LIN,individual,5:67481089,5,67481089,3.282351e-09,SORBI_3005G190000,0.623019
TG(16:0_18:2_18:3),LIN,individual,5:67481089,5,67481089,3.282351e-09,SORBI_3005G190000,0.622657
TG(16:0_18:2_18:3),LIN,individual,5:67481089,5,67481089,3.282351e-09,SORBI_3005G190000,0.621342
TG(16:0_18:2_18:3),LIN,individual,5:67481089,5,67481089,3.282351e-09,SORBI_3005G190000,0.621146
TG(16:0_18:2_18:3),LIN,individual,5:67481089,5,67481089,3.282351e-09,SORBI_3005G190000,0.620755
TG(16:0_18:2_18:3),LIN,individual,5:67481089,5,67481089,3.282351e-09,SORBI_3005G190000,0.618499
TG(16:0_18:2_18:3),LIN,individual,5:67481089,5,67481089,3.282351e-09,SORBI_3005G190000,0.617015
TG(16:0_18:2_18:3),LIN,individual,5:67481089,5,67481089,3.282351e-09,SORBI_3005G190000,0.616611
TG(16:0_18:2_18:3),LIN,individual,5:67481089,5,67481089,3.282351e-09,SORBI_3005G190000,0.614744
TG(16:0_18:2_18:3),LIN,individual,5:67481089,5,67481089,3.282351e-09,SORBI_3005G190000,0.610103
TG(16:0_18:2_18:3),LIN,individual,5:67481089,5,67481089,3.282351e-09,SORBI_3005G190000,0.602922
TG(16:0_18:2_18:3),LIN,individual,5:67481089,5,67481089,3.282351e-09,SORBI_3005G190000,0.594328
TG(16:0_18:2_18:3),LIN,individual,5:67481089,5,67481089,3.282351e-09,SORBI_3005G190800,0.590609
TG(16:0_18:2_18:3),LIN,individual,5:67481089,5,67481089,3.282351e-09,SORBI_3005G190000,0.589977
TG(16:0_18:2_18:3),LIN,individual,5:67481089,5,67481089,3.282351e-09,SORBI_3005G190000,0.589402
TG(16:0_18:2_18:3),LIN,individual,5:67481089,5,67481089,3.282351e-09,SORBI_3005G190900,0.581076
TG(16:0_18:2_18:3),LIN,individual,5:67481089,5,67481089,3.282351e-09,SORBI_3005G190900,0.574388
TG(16:0_18:2_18:3),LIN,individual,5:67481089,5,67481089,3.282351e-09,SORBI_3005G190800,0.568912
TG(16:0_18:2_18:3),LIN,individual,5:67481089,5,67481089,3.282351e-09,SORBI_3005G190900,0.542864
TG(16:0_18:2_18:3),LIN,individual,5:67481089,5,67481089,3.282351e-09,SORBI_3005G190800,0.535722
TG(16:0_18:2_18:3),LIN,individual,5:67481089,5,67481089,3.282351e-09,SORBI_3005G190800,0.528321
TG(16:0_18:2_18:3),LIN,individual,5:67481089,5,67481089,3.282351e-09,SORBI_3005G190800,0.524293
TG(16:0_18:2_18:3),LIN,individual,5:67481089,5,67481089,3.282351e-09,SORBI_3005G190800,0.504178
TG(16:0_18:2_18:3),LIN,individual,5:67481089,5,67481089,3.282351e-09,SORBI_3005G190100,0.495925
TG(16:0_18:2_18:3),LIN,individual,5:67481089,5,67481089,3.282351e-09,SORBI_3005G190100,0.494257
TG(16:0_18:2_18:3),LIN,individual,5:67481089,5,67481089,3.282351e-09,SORBI_3005G190100,0.494211
TG(16:0_18:2_18:3),LIN,individual,5:67481089,5,67481089,3.282351e-09,SORBI_3005G190100,0.493472
TG(16:0_18:2_18:3),LIN,individual,5:67481089,5,67481089,3.282351e-09,SORBI_3005G190100,0.491934
TG(16:0_18:2_18:3),LIN,individual,5:67481089,5,67481089,3.282351e-09,SORBI_3005G190100,0.489789
TG(16:0_18:2_18:3),LIN,individual,5:67481089,5,67481089,3.282351e-09,SORBI_3005G190900,0.481378
TG(16:0_18:2_18:3),LIN,individual,5:67481089,5,67481089,3.282351e-09,SORBI_3005G190200,0.451539
TG(16:0_18:2_18:3),LIN,individual,5:67481089,5,67481089,3.282351e-09,SORBI_3005G190500,0.45032
TG(16:0_18:2_18:3),LIN,individual,5:67481089,5,67481089,3.282351e-09,SORBI_3005G190100,0.447162
TG(16:0_18:2_18:3),LIN,individual,5:67481089,5,67481089,3.282351e-09,SORBI_3005G193220,0.428292
TG(16:0_18:2_18:3),LIN,individual,5:67481089,5,67481089,3.282351e-09,SORBI_3005G189700,0.426631
TG(16:0_18:2_18:3),LIN,individual,5:67481089,5,67481089,3.282351e-09,SORBI_3005G189900,0.401026
TG(16:0_18:2_18:3),LIN,individual,5:67481255,5,67481255,3.565448e-09,SORBI_3005G190900,1
TG(16:0_18:2_18:3),LIN,individual,5:67481255,5,67481255,3.565448e-09,SORBI_3005G190900,1
TG(16:0_18:2_18:3),LIN,individual,5:67481255,5,67481255,3.565448e-09,SORBI_3005G190900,0.991571
TG(16:0_18:2_18:3),LIN,individual,5:67481255,5,67481255,3.565448e-09,SORBI_3005G190900,0.866789
TG(16:0_18:2_18:3),LIN,individual,5:67481255,5,67481255,3.565448e-09,SORBI_3005G190900,0.844083
TG(16:0_18:2_18:3),LIN,individual,5:67481255,5,67481255,3.565448e-09,SORBI_3005G190900,0.61226
TG(16:0_18:2_18:3),LIN,individual,5:67481255,5,67481255,3.565448e-09,SORBI_3005G190900,0.581076
TG(16:0_18:2_18:3),LIN,individual,5:67481255,5,67481255,3.565448e-09,SORBI_3005G190800,0.570032
TG(16:0_18:2_18:3),LIN,individual,5:67481255,5,67481255,3.565448e-09,SORBI_3005G193220,0.497159
TG(16:0_18:2_18:3),LIN,individual,5:67481255,5,67481255,3.565448e-09,SORBI_3005G190900,0.446039
TG(16:0_18:2_18:3),LIN,individual,5:67481255,5,67481255,3.565448e-09,SORBI_3005G190900,0.44499
TG(16:0_18:2_18:3),LIN,individual,5:67481255,5,67481255,3.565448e-09,SORBI_3005G190200,0.442681
TG(16:0_18:2_18:3),LIN,individual,5:67481255,5,67481255,3.565448e-09,SORBI_3005G190800,0.441606
TG(16:0_18:2_18:3),LIN,individual,5:67481255,5,67481255,3.565448e-09,SORBI_3005G190900,0.405052
TG(16:0_18:2_18:3),LIN,individual,5:67488668,5,67488668,3.596051e-09,SORBI_3005G191101,1
TG(16:0_18:2_18:3),LIN,individual,5:67488668,5,67488668,3.596051e-09,SORBI_3005G191101,1
TG(16:0_18:2_18:3),LIN,individual,5:67488668,5,67488668,3.596051e-09,SORBI_3005G191101,0.910391
TG(16:0_18:2_18:3),LIN,individual,5:67488668,5,67488668,3.596051e-09,SORBI_3005G190700,0.661544
TG(16:0_18:2_18:3),LIN,individual,5:67488668,5,67488668,3.596051e-09,SORBI_3005G190700,0.631875
TG(16:0_18:2_18:3),LIN,individual,5:67488668,5,67488668,3.596051e-09,SORBI_3005G191101,0.607163
TG(16:0_18:2_18:3),LIN,individual,5:67488668,5,67488668,3.596051e-09,SORBI_3005G191101,0.549816
TG(16:0_18:2_18:3),LIN,individual,5:67488668,5,67488668,3.596051e-09,SORBI_3005G191000,0.410915
TG(16:0_18:2_18:3),LIN,individual,5:67488668,5,67488668,3.596051e-09,SORBI_3005G190800,0.401197
TG(16:0_18:2_18:3),LIN,individual,5:66984166,5,66984166,5.125786e-09,SORBI_3005G185100,0.973265
TG(16:0_18:2_18:3),LIN,individual,5:66984166,5,66984166,5.125786e-09,SORBI_3005G184900,0.95039
TG(16:0_18:2_18:3),LIN,individual,5:66984166,5,66984166,5.125786e-09,SORBI_3005G185400,0.650223
TG(16:0_18:2_18:3),LIN,individual,5:66984166,5,66984166,5.125786e-09,SORBI_3005G185500,0.64264
TG(16:0_18:2_18:3),LIN,individual,5:66984166,5,66984166,5.125786e-09,SORBI_3005G185400,0.640152
TG(16:0_18:2_18:3),LIN,individual,5:66984166,5,66984166,5.125786e-09,SORBI_3005G185500,0.620835
TG(16:0_18:2_18:3),LIN,individual,5:66984166,5,66984166,5.125786e-09,SORBI_3005G184200,0.603297
TG(16:0_18:2_18:3),LIN,individual,5:66984166,5,66984166,5.125786e-09,SORBI_3005G184200,0.595077
TG(16:0_18:2_18:3),LIN,individual,5:66984166,5,66984166,5.125786e-09,SORBI_3005G185500,0.558666
TG(16:0_18:2_18:3),LIN,individual,5:66984166,5,66984166,5.125786e-09,SORBI_3005G183900,0.499593
TG(16:0_18:2_18:3),LIN,individual,5:66984166,5,66984166,5.125786e-09,SORBI_3005G183900,0.484797
TG(16:0_18:2_18:3),LIN,individual,5:66984166,5,66984166,5.125786e-09,SORBI_3005G183900,0.4738
TG(16:0_18:2_18:3),LIN,individual,5:66984166,5,66984166,5.125786e-09,SORBI_3005G183600,0.447484
TG(16:0_18:2_18:3),LIN,individual,5:66984166,5,66984166,5.125786e-09,SORBI_3005G183600,0.447356
TG(16:0_18:2_18:3),LIN,individual,5:66984166,5,66984166,5.125786e-09,SORBI_3005G183600,0.436151
TG(16:0_18:2_18:3),LIN,individual,5:66984166,5,66984166,5.125786e-09,SORBI_3005G183700,0.435931
TG(16:0_18:2_18:3),LIN,individual,5:66984166,5,66984166,5.125786e-09,SORBI_3005G183700,0.427752
TG(16:0_18:2_18:3),LIN,individual,5:66984166,5,66984166,5.125786e-09,SORBI_3005G184500,0.402864
TG(16:0_18:2_18:3),LIN,individual,5:66907162,5,66907162,5.845758e-09,SORBI_3005G184000,0.81225
TG(16:0_18:2_18:3),LIN,individual,5:66907171,5,66907171,5.845758e-09,SORBI_3005G184000,0.81225
TG(16:0_18:2_18:3),LIN,individual,5:66907162,5,66907162,5.845758e-09,SORBI_3005G185200,0.626859
TG(16:0_18:2_18:3),LIN,individual,5:66907171,5,66907171,5.845758e-09,SORBI_3005G185200,0.626859
TG(16:0_18:2_18:3),LIN,individual,5:66907162,5,66907162,5.845758e-09,SORBI_3005G183450,0.62639
TG(16:0_18:2_18:3),LIN,individual,5:66907171,5,66907171,5.845758e-09,SORBI_3005G183450,0.62639
TG(16:0_18:2_18:3),LIN,individual,5:66907162,5,66907162,5.845758e-09,SORBI_3005G183450,0.613541
TG(16:0_18:2_18:3),LIN,individual,5:66907171,5,66907171,5.845758e-09,SORBI_3005G183450,0.613541
TG(16:0_18:2_18:3),LIN,individual,5:66907162,5,66907162,5.845758e-09,SORBI_3005G185150,0.60603
TG(16:0_18:2_18:3),LIN,individual,5:66907171,5,66907171,5.845758e-09,SORBI_3005G185150,0.60603
TG(16:0_18:2_18:3),LIN,individual,5:66907162,5,66907162,5.845758e-09,SORBI_3005G183450,0.566357
TG(16:0_18:2_18:3),LIN,individual,5:66907171,5,66907171,5.845758e-09,SORBI_3005G183450,0.566357
TG(16:0_18:2_18:3),LIN,individual,5:66907162,5,66907162,5.845758e-09,SORBI_3005G183450,0.566116
TG(16:0_18:2_18:3),LIN,individual,5:66907171,5,66907171,5.845758e-09,SORBI_3005G183450,0.566116
TG(16:0_18:2_18:3),LIN,individual,5:66907162,5,66907162,5.845758e-09,SORBI_3005G183450,0.559047
TG(16:0_18:2_18:3),LIN,individual,5:66907171,5,66907171,5.845758e-09,SORBI_3005G183450,0.559047
TG(16:0_18:2_18:3),LIN,individual,5:66907162,5,66907162,5.845758e-09,SORBI_3005G183450,0.541784
TG(16:0_18:2_18:3),LIN,individual,5:66907171,5,66907171,5.845758e-09,SORBI_3005G183450,0.541784
TG(16:0_18:2_18:3),LIN,individual,5:66907162,5,66907162,5.845758e-09,SORBI_3005G183450,0.541609
TG(16:0_18:2_18:3),LIN,individual,5:66907171,5,66907171,5.845758e-09,SORBI_3005G183450,0.541609
TG(16:0_18:2_18:3),LIN,individual,5:66907162,5,66907162,5.845758e-09,SORBI_3005G183450,0.49227
TG(16:0_18:2_18:3),LIN,individual,5:66907171,5,66907171,5.845758e-09,SORBI_3005G183450,0.49227
TG(16:0_18:2_18:3),LIN,individual,5:66907162,5,66907162,5.845758e-09,SORBI_3005G183450,0.49036
TG(16:0_18:2_18:3),LIN,individual,5:66907171,5,66907171,5.845758e-09,SORBI_3005G183450,0.49036
TG(16:0_18:2_18:3),LIN,individual,5:66907162,5,66907162,5.845758e-09,SORBI_3005G183450,0.49014
TG(16:0_18:2_18:3),LIN,individual,5:66907171,5,66907171,5.845758e-09,SORBI_3005G183450,0.49014
TG(16:0_18:2_18:3),LIN,individual,5:66907162,5,66907162,5.845758e-09,SORBI_3005G183450,0.481356
TG(16:0_18:2_18:3),LIN,individual,5:66907171,5,66907171,5.845758e-09,SORBI_3005G183450,0.481356
TG(16:0_18:2_18:3),LIN,individual,5:66907162,5,66907162,5.845758e-09,SORBI_3005G183450,0.476049
TG(16:0_18:2_18:3),LIN,individual,5:66907171,5,66907171,5.845758e-09,SORBI_3005G183450,0.476049
TG(16:0_18:2_18:3),LIN,individual,5:66907162,5,66907162,5.845758e-09,SORBI_3005G183450,0.461717
TG(16:0_18:2_18:3),LIN,individual,5:66907171,5,66907171,5.845758e-09,SORBI_3005G183450,0.461717
TG(16:0_18:2_18:3),LIN,individual,5:66907162,5,66907162,5.845758e-09,SORBI_3005G184000,0.44329
TG(16:0_18:2_18:3),LIN,individual,5:66907171,5,66907171,5.845758e-09,SORBI_3005G184000,0.44329
TG(16:0_18:2_18:3),LIN,individual,5:66907162,5,66907162,5.845758e-09,SORBI_3005G185150,0.433619
TG(16:0_18:2_18:3),LIN,individual,5:66907171,5,66907171,5.845758e-09,SORBI_3005G185150,0.433619
TG(16:0_18:2_18:3),LIN,individual,5:66907162,5,66907162,5.845758e-09,SORBI_3005G184200,0.431592
TG(16:0_18:2_18:3),LIN,individual,5:66907171,5,66907171,5.845758e-09,SORBI_3005G184200,0.431592
TG(16:0_18:2_18:3),LIN,individual,5:66907162,5,66907162,5.845758e-09,SORBI_3005G184200,0.430504
TG(16:0_18:2_18:3),LIN,individual,5:66907171,5,66907171,5.845758e-09,SORBI_3005G184200,0.430504
TG(16:0_18:2_18:3),LIN,individual,5:66907162,5,66907162,5.845758e-09,SORBI_3005G183450,0.427224
TG(16:0_18:2_18:3),LIN,individual,5:66907171,5,66907171,5.845758e-09,SORBI_3005G183450,0.427224
TG(16:0_18:2_18:3),LIN,individual,5:66983925,5,66983925,7.038478e-09,SORBI_3005G185100,0.965197
TG(16:0_18:2_18:3),LIN,individual,5:66983925,5,66983925,7.038478e-09,SORBI_3005G184900,0.959898
TG(16:0_18:2_18:3),LIN,individual,5:66983925,5,66983925,7.038478e-09,SORBI_3005G185400,0.66543
TG(16:0_18:2_18:3),LIN,individual,5:66983925,5,66983925,7.038478e-09,SORBI_3005G185500,0.657964
TG(16:0_18:2_18:3),LIN,individual,5:66983925,5,66983925,7.038478e-09,SORBI_3005G185400,0.655608
TG(16:0_18:2_18:3),LIN,individual,5:66983925,5,66983925,7.038478e-09,SORBI_3005G185500,0.627883
TG(16:0_18:2_18:3),LIN,individual,5:66983925,5,66983925,7.038478e-09,SORBI_3005G184200,0.60863
TG(16:0_18:2_18:3),LIN,individual,5:66983925,5,66983925,7.038478e-09,SORBI_3005G184200,0.605611
TG(16:0_18:2_18:3),LIN,individual,5:66983925,5,66983925,7.038478e-09,SORBI_3005G185500,0.56828
TG(16:0_18:2_18:3),LIN,individual,5:66983925,5,66983925,7.038478e-09,SORBI_3005G183900,0.512499
TG(16:0_18:2_18:3),LIN,individual,5:66983925,5,66983925,7.038478e-09,SORBI_3005G183900,0.497589
TG(16:0_18:2_18:3),LIN,individual,5:66983925,5,66983925,7.038478e-09,SORBI_3005G183900,0.48675
TG(16:0_18:2_18:3),LIN,individual,5:66983925,5,66983925,7.038478e-09,SORBI_3005G183600,0.461036
TG(16:0_18:2_18:3),LIN,individual,5:66983925,5,66983925,7.038478e-09,SORBI_3005G183600,0.46091
TG(16:0_18:2_18:3),LIN,individual,5:66983925,5,66983925,7.038478e-09,SORBI_3005G183600,0.449861
TG(16:0_18:2_18:3),LIN,individual,5:66983925,5,66983925,7.038478e-09,SORBI_3005G183700,0.44859
TG(16:0_18:2_18:3),LIN,individual,5:66983925,5,66983925,7.038478e-09,SORBI_3005G183700,0.440333
TG(16:0_18:2_18:3),LIN,individual,5:66983925,5,66983925,7.038478e-09,SORBI_3005G184500,0.432801
