trait,condition,layer,SNP,chr,ps,p_wald,gene,r2
TG(16:0_18:1_18:2),CTL,individual,9:21077105,9,21077105,1.483339e-17,SORBI_3009G092100,1
TG(16:0_18:1_18:2),CTL,individual,9:21077112,9,21077112,1.483339e-17,SORBI_3009G092100,1
TG(16:0_18:1_18:2),CTL,individual,5:61715312,5,61715312,1.816391e-15,SORBI_3005G149000,0.746094
TG(16:0_18:1_18:2),CTL,individual,5:61715312,5,61715312,1.816391e-15,SORBI_3005G149000,0.661668
TG(16:0_18:1_18:2),CTL,individual,5:61715312,5,61715312,1.816391e-15,SORBI_3005G149000,0.634367
TG(16:0_18:1_18:2),CTL,individual,5:61715312,5,61715312,1.816391e-15,SORBI_3005G148500,0.511363
TG(16:0_18:1_18:2),CTL,individual,9:21077124,9,21077124,1.438019e-13,SORBI_3009G092100,1
TG(16:0_18:1_18:2),CTL,individual,5:24255190,5,24255190,5.387746e-13,SORBI_3005G110120,0.830873
TG(16:0_18:1_18:2),CTL,individual,5:24255190,5,24255190,5.387746e-13,SORBI_3005G110160,0.830873
TG(16:0_18:1_18:2),CTL,individual,5:24255190,5,24255190,5.387746e-13,SORBI_3005G110160,0.823992
TG(16:0_18:1_18:2),CTL,individual,5:24255190,5,24255190,5.387746e-13,SORBI_3005G110120,0.817378
TG(16:0_18:1_18:2),CTL,individual,5:24255190,5,24255190,5.387746e-13,SORBI_3005G110160,0.817165
TG(16:0_18:1_18:2),CTL,individual,5:24255190,5,24255190,5.387746e-13,SORBI_3005G110160,0.810848
TG(16:0_18:1_18:2),CTL,individual,5:24255190,5,24255190,5.387746e-13,SORBI_3005G110160,0.807504
TG(16:0_18:1_18:2),CTL,individual,5:24255190,5,24255190,5.387746e-13,SORBI_3005G110160,0.807138
TG(16:0_18:1_18:2),CTL,individual,5:24255190,5,24255190,5.387746e-13,SORBI_3005G110160,0.790144
TG(16:0_18:1_18:2),CTL,individual,5:24255190,5,24255190,5.387746e-13,SORBI_3005G110120,0.789411
TG(16:0_18:1_18:2),CTL,individual,5:24255190,5,24255190,5.387746e-13,SORBI_3005G110120,0.784328
TG(16:0_18:1_18:2),CTL,individual,5:24255190,5,24255190,5.387746e-13,SORBI_3005G110120,0.7571
TG(16:0_18:1_18:2),CTL,individual,5:24255190,5,24255190,5.387746e-13,SORBI_3005G110120,0.692387
TG(16:0_18:1_18:2),CTL,individual,5:24255190,5,24255190,5.387746e-13,SORBI_3005G110160,0.535032
TG(16:0_18:1_18:2),CTL,individual,5:24255190,5,24255190,5.387746e-13,SORBI_3005G110160,0.426585
TG(16:0_18:1_18:2),CTL,individual,5:24255190,5,24255190,5.387746e-13,SORBI_3005G110160,0.423361
TG(16:0_18:1_18:2),CTL,individual,5:24255190,5,24255190,5.387746e-13,SORBI_3005G110160,0.417657
TG(16:0_18:1_18:2),CTL,individual,5:24255190,5,24255190,5.387746e-13,SORBI_3005G110160,0.415275
TG(16:0_18:1_18:2),CTL,individual,5:24255190,5,24255190,5.387746e-13,SORBI_3005G110120,0.410769
TG(16:0_18:1_18:2),CTL,individual,5:24255190,5,24255190,5.387746e-13,SORBI_3005G110160,0.404424
TG(16:0_18:1_18:2),CTL,individual,5:24255190,5,24255190,5.387746e-13,SORBI_3005G110160,0.403315
TG(16:0_18:1_18:2),CTL,individual,8:6659388,8,6659388,7.506041e-13,SORBI_3008G062700,0.813014
TG(16:0_18:1_18:2),CTL,individual,8:6659388,8,6659388,7.506041e-13,SORBI_3008G062400,0.770552
TG(16:0_18:1_18:2),CTL,individual,8:6659388,8,6659388,7.506041e-13,SORBI_3008G062500,0.703922
TG(16:0_18:1_18:2),CTL,individual,8:6659388,8,6659388,7.506041e-13,SORBI_3008G062300,0.600923
TG(16:0_18:1_18:2),CTL,individual,8:6659388,8,6659388,7.506041e-13,SORBI_3008G062000,0.593476
TG(16:0_18:1_18:2),CTL,individual,8:6659388,8,6659388,7.506041e-13,SORBI_3008G062000,0.584446
TG(16:0_18:1_18:2),CTL,individual,8:6659388,8,6659388,7.506041e-13,SORBI_3008G061801,0.563767
TG(16:0_18:1_18:2),CTL,individual,8:6659388,8,6659388,7.506041e-13,SORBI_3008G061701,0.560741
TG(16:0_18:1_18:2),CTL,individual,8:6659388,8,6659388,7.506041e-13,SORBI_3008G062800,0.560294
TG(16:0_18:1_18:2),CTL,individual,8:6659388,8,6659388,7.506041e-13,SORBI_3008G061701,0.549464
TG(16:0_18:1_18:2),CTL,individual,8:6659388,8,6659388,7.506041e-13,SORBI_3008G062200,0.548135
TG(16:0_18:1_18:2),CTL,individual,8:6659388,8,6659388,7.506041e-13,SORBI_3008G062200,0.546046
TG(16:0_18:1_18:2),CTL,individual,8:6659388,8,6659388,7.506041e-13,SORBI_3008G061701,0.54245
TG(16:0_18:1_18:2),CTL,individual,8:6659388,8,6659388,7.506041e-13,SORBI_3008G062200,0.506115
TG(16:0_18:1_18:2),CTL,individual,8:6659388,8,6659388,7.506041e-13,SORBI_3008G062400,0.501506
TG(16:0_18:1_18:2),CTL,individual,8:6659388,8,6659388,7.506041e-13,SORBI_3008G062400,0.498636
TG(16:0_18:1_18:2),CTL,individual,8:6659388,8,6659388,7.506041e-13,SORBI_3008G062500,0.470938
TG(16:0_18:1_18:2),CTL,individual,8:6659388,8,6659388,7.506041e-13,SORBI_3008G062500,0.462918
TG(16:0_18:1_18:2),CTL,individual,8:6659388,8,6659388,7.506041e-13,SORBI_3008G061801,0.458267
TG(16:0_18:1_18:2),CTL,individual,8:6659388,8,6659388,7.506041e-13,SORBI_3008G061900,0.458267
TG(16:0_18:1_18:2),CTL,individual,8:6659388,8,6659388,7.506041e-13,SORBI_3008G062000,0.442923
TG(16:0_18:1_18:2),CTL,individual,8:6659388,8,6659388,7.506041e-13,SORBI_3008G062000,0.435236
TG(16:0_18:1_18:2),CTL,individual,8:6659388,8,6659388,7.506041e-13,SORBI_3008G061201,0.428719
TG(16:0_18:1_18:2),CTL,individual,8:6659388,8,6659388,7.506041e-13,SORBI_3008G061201,0.423526
TG(16:0_18:1_18:2),CTL,individual,8:6659388,8,6659388,7.506041e-13,SORBI_3008G062500,0.420862
TG(16:0_18:1_18:2),CTL,individual,8:6659388,8,6659388,7.506041e-13,SORBI_3008G062500,0.420553
TG(16:0_18:1_18:2),CTL,individual,8:6659388,8,6659388,7.506041e-13,SORBI_3008G061201,0.420004
TG(16:0_18:1_18:2),CTL,individual,8:6659388,8,6659388,7.506041e-13,SORBI_3008G061201,0.419817
TG(16:0_18:1_18:2),CTL,individual,8:6659388,8,6659388,7.506041e-13,SORBI_3008G061300,0.417645
TG(16:0_18:1_18:2),CTL,individual,8:6659388,8,6659388,7.506041e-13,SORBI_3008G062500,0.414766
TG(16:0_18:1_18:2),CTL,individual,8:6659388,8,6659388,7.506041e-13,SORBI_3008G061201,0.414096
TG(16:0_18:1_18:2),CTL,individual,8:6659388,8,6659388,7.506041e-13,SORBI_3008G061300,0.4049
TG(16:0_18:1_18:2),CTL,individual,8:6659388,8,6659388,7.506041e-13,SORBI_3008G061201,0.401116
TG(16:0_18:1_18:2),CTL,individual,7:42553822,7,42553822,3.836282e-12,SORBI_3007G112200,0.605851
TG(16:0_18:1_18:2),CTL,individual,7:42553822,7,42553822,3.836282e-12,SORBI_3007G111901,0.603213
TG(16:0_18:1_18:2),CTL,individual,7:42553822,7,42553822,3.836282e-12,SORBI_3007G111800,0.600748
TG(16:0_18:1_18:2),CTL,individual,7:42553822,7,42553822,3.836282e-12,SORBI_3007G112100,0.600748
TG(16:0_18:1_18:2),CTL,individual,7:42553822,7,42553822,3.836282e-12,SORBI_3007G112200,0.600748
TG(16:0_18:1_18:2),CTL,individual,7:42553822,7,42553822,3.836282e-12,SORBI_3007G112000,0.595718
TG(16:0_18:1_18:2),CTL,individual,7:42553822,7,42553822,3.836282e-12,SORBI_3007G111800,0.594133
TG(16:0_18:1_18:2),CTL,individual,7:42553822,7,42553822,3.836282e-12,SORBI_3007G111901,0.594133
TG(16:0_18:1_18:2),CTL,individual,7:42553822,7,42553822,3.836282e-12,SORBI_3007G112200,0.594133
TG(16:0_18:1_18:2),CTL,individual,7:42553822,7,42553822,3.836282e-12,SORBI_3007G111800,0.589048
TG(16:0_18:1_18:2),CTL,individual,7:42553822,7,42553822,3.836282e-12,SORBI_3007G112200,0.589048
TG(16:0_18:1_18:2),CTL,individual,7:42553822,7,42553822,3.836282e-12,SORBI_3007G111901,0.582421
TG(16:0_18:1_18:2),CTL,individual,7:42553822,7,42553822,3.836282e-12,SORBI_3007G112200,0.582421
TG(16:0_18:1_18:2),CTL,individual,7:42553822,7,42553822,3.836282e-12,SORBI_3007G111901,0.575839
TG(16:0_18:1_18:2),CTL,individual,7:42553822,7,42553822,3.836282e-12,SORBI_3007G111901,0.574564
TG(16:0_18:1_18:2),CTL,individual,7:42553822,7,42553822,3.836282e-12,SORBI_3007G111901,0.568141
TG(16:0_18:1_18:2),CTL,individual,7:42553822,7,42553822,3.836282e-12,SORBI_3007G112200,0.567111
TG(16:0_18:1_18:2),CTL,individual,7:42553822,7,42553822,3.836282e-12,SORBI_3007G111800,0.517088
TG(16:0_18:1_18:2),CTL,individual,7:42553822,7,42553822,3.836282e-12,SORBI_3007G111901,0.506486
TG(16:0_18:1_18:2),CTL,individual,7:42553822,7,42553822,3.836282e-12,SORBI_3007G112200,0.504413
TG(16:0_18:1_18:2),CTL,individual,7:42553822,7,42553822,3.836282e-12,SORBI_3007G112000,0.500286
TG(16:0_18:1_18:2),CTL,individual,7:42553822,7,42553822,3.836282e-12,SORBI_3007G112200,0.500286
TG(16:0_18:1_18:2),CTL,individual,7:42553822,7,42553822,3.836282e-12,SORBI_3007G111901,0.498632
TG(16:0_18:1_18:2),CTL,individual,7:42553822,7,42553822,3.836282e-12,SORBI_3007G112200,0.498632
TG(16:0_18:1_18:2),CTL,individual,7:42553822,7,42553822,3.836282e-12,SORBI_3007G111901,0.496557
TG(16:0_18:1_18:2),CTL,individual,7:42553822,7,42553822,3.836282e-12,SORBI_3007G112200,0.492456
TG(16:0_18:1_18:2),CTL,individual,7:42553822,7,42553822,3.836282e-12,SORBI_3007G112200,0.484648
TG(16:0_18:1_18:2),CTL,individual,7:42553822,7,42553822,3.836282e-12,SORBI_3007G111901,0.459134
TG(16:0_18:1_18:2),CTL,individual,7:42553822,7,42553822,3.836282e-12,SORBI_3007G112100,0.428094
TG(16:0_18:1_18:2),CTL,individual,5:69466657,5,69466657,8.302636e-12,SORBI_3005G208275,0.46287
TG(16:0_18:1_18:2),CTL,individual,5:69466660,5,69466660,8.302636e-12,SORBI_3005G208275,0.46287
TG(16:0_18:1_18:2),CTL,individual,10:32594255,10,32594255,1.407139e-11,SORBI_3010G140800,0.85142
TG(16:0_18:1_18:2),CTL,individual,10:32594255,10,32594255,1.407139e-11,SORBI_3010G140800,0.844552
TG(16:0_18:1_18:2),CTL,individual,10:32594255,10,32594255,1.407139e-11,SORBI_3010G140800,0.789685
TG(16:0_18:1_18:2),CTL,individual,10:32594255,10,32594255,1.407139e-11,SORBI_3010G140800,0.785184
TG(16:0_18:1_18:2),CTL,individual,10:32594255,10,32594255,1.407139e-11,SORBI_3010G140800,0.753693
TG(16:0_18:1_18:2),CTL,individual,8:55831934,8,55831934,2.633481e-11,SORBI_3008G131900,0.937677
TG(16:0_18:1_18:2),CTL,individual,8:55831934,8,55831934,2.633481e-11,SORBI_3008G131900,0.926516
TG(16:0_18:1_18:2),CTL,individual,8:55831934,8,55831934,2.633481e-11,SORBI_3008G132000,0.878997
TG(16:0_18:1_18:2),CTL,individual,8:55831934,8,55831934,2.633481e-11,SORBI_3008G131800,0.877199
TG(16:0_18:1_18:2),CTL,individual,8:55831934,8,55831934,2.633481e-11,SORBI_3008G131601,0.847077
TG(16:0_18:1_18:2),CTL,individual,8:55831934,8,55831934,2.633481e-11,SORBI_3008G131601,0.821618
TG(16:0_18:1_18:2),CTL,individual,8:55831934,8,55831934,2.633481e-11,SORBI_3008G131651,0.821618
TG(16:0_18:1_18:2),CTL,individual,8:55831934,8,55831934,2.633481e-11,SORBI_3008G131700,0.821108
TG(16:0_18:1_18:2),CTL,individual,8:55831934,8,55831934,2.633481e-11,SORBI_3008G131500,0.804644
TG(16:0_18:1_18:2),CTL,individual,8:55831934,8,55831934,2.633481e-11,SORBI_3008G131550,0.804348
TG(16:0_18:1_18:2),CTL,individual,8:55831934,8,55831934,2.633481e-11,SORBI_3008G131601,0.793679
TG(16:0_18:1_18:2),CTL,individual,8:55831934,8,55831934,2.633481e-11,SORBI_3008G131550,0.793476
TG(16:0_18:1_18:2),CTL,individual,8:55831934,8,55831934,2.633481e-11,SORBI_3008G131601,0.783025
TG(16:0_18:1_18:2),CTL,individual,8:55831934,8,55831934,2.633481e-11,SORBI_3008G131900,0.775945
TG(16:0_18:1_18:2),CTL,individual,8:55831934,8,55831934,2.633481e-11,SORBI_3008G131900,0.76022
TG(16:0_18:1_18:2),CTL,individual,8:55831934,8,55831934,2.633481e-11,SORBI_3008G131500,0.756487
TG(16:0_18:1_18:2),CTL,individual,8:55831934,8,55831934,2.633481e-11,SORBI_3008G131601,0.754089
TG(16:0_18:1_18:2),CTL,individual,8:55831934,8,55831934,2.633481e-11,SORBI_3008G131500,0.753272
TG(16:0_18:1_18:2),CTL,individual,8:55831934,8,55831934,2.633481e-11,SORBI_3008G131500,0.748691
TG(16:0_18:1_18:2),CTL,individual,8:55831934,8,55831934,2.633481e-11,SORBI_3008G131601,0.744267
TG(16:0_18:1_18:2),CTL,individual,8:55831934,8,55831934,2.633481e-11,SORBI_3008G131500,0.739359
TG(16:0_18:1_18:2),CTL,individual,8:55831934,8,55831934,2.633481e-11,SORBI_3008G131500,0.733928
TG(16:0_18:1_18:2),CTL,individual,8:55831934,8,55831934,2.633481e-11,SORBI_3008G131601,0.733272
TG(16:0_18:1_18:2),CTL,individual,8:55831934,8,55831934,2.633481e-11,SORBI_3008G131500,0.728575
TG(16:0_18:1_18:2),CTL,individual,8:55831934,8,55831934,2.633481e-11,SORBI_3008G132250,0.717423
TG(16:0_18:1_18:2),CTL,individual,8:55831934,8,55831934,2.633481e-11,SORBI_3008G132250,0.714439
TG(16:0_18:1_18:2),CTL,individual,8:55831934,8,55831934,2.633481e-11,SORBI_3008G131500,0.713027
TG(16:0_18:1_18:2),CTL,individual,8:55831934,8,55831934,2.633481e-11,SORBI_3008G132800,0.71237
TG(16:0_18:1_18:2),CTL,individual,8:55831934,8,55831934,2.633481e-11,SORBI_3008G131500,0.704272
TG(16:0_18:1_18:2),CTL,individual,8:55831934,8,55831934,2.633481e-11,SORBI_3008G131651,0.692232
TG(16:0_18:1_18:2),CTL,individual,8:55831934,8,55831934,2.633481e-11,SORBI_3008G132700,0.691366
TG(16:0_18:1_18:2),CTL,individual,8:55831934,8,55831934,2.633481e-11,SORBI_3008G132700,0.687978
TG(16:0_18:1_18:2),CTL,individual,8:55831934,8,55831934,2.633481e-11,SORBI_3008G131500,0.687433
TG(16:0_18:1_18:2),CTL,individual,8:55831934,8,55831934,2.633481e-11,SORBI_3008G131700,0.686545
TG(16:0_18:1_18:2),CTL,individual,8:55831934,8,55831934,2.633481e-11,SORBI_3008G132600,0.684139
TG(16:0_18:1_18:2),CTL,individual,8:55831934,8,55831934,2.633481e-11,SORBI_3008G132000,0.680841
TG(16:0_18:1_18:2),CTL,individual,8:55831934,8,55831934,2.633481e-11,SORBI_3008G131601,0.679939
TG(16:0_18:1_18:2),CTL,individual,8:55831934,8,55831934,2.633481e-11,SORBI_3008G132500,0.677656
TG(16:0_18:1_18:2),CTL,individual,8:55831934,8,55831934,2.633481e-11,SORBI_3008G132900,0.675856
TG(16:0_18:1_18:2),CTL,individual,8:55831934,8,55831934,2.633481e-11,SORBI_3008G132400,0.671209
TG(16:0_18:1_18:2),CTL,individual,8:55831934,8,55831934,2.633481e-11,SORBI_3008G132900,0.670676
TG(16:0_18:1_18:2),CTL,individual,8:55831934,8,55831934,2.633481e-11,SORBI_3008G132300,0.650477
TG(16:0_18:1_18:2),CTL,individual,8:55831934,8,55831934,2.633481e-11,SORBI_3008G132300,0.649357
TG(16:0_18:1_18:2),CTL,individual,8:55831934,8,55831934,2.633481e-11,SORBI_3008G131500,0.648216
TG(16:0_18:1_18:2),CTL,individual,8:55831934,8,55831934,2.633481e-11,SORBI_3008G132200,0.647052
TG(16:0_18:1_18:2),CTL,individual,8:55831934,8,55831934,2.633481e-11,SORBI_3008G131601,0.647051
TG(16:0_18:1_18:2),CTL,individual,8:55831934,8,55831934,2.633481e-11,SORBI_3008G131651,0.647051
TG(16:0_18:1_18:2),CTL,individual,8:55831934,8,55831934,2.633481e-11,SORBI_3008G132550,0.643748
TG(16:0_18:1_18:2),CTL,individual,8:55831934,8,55831934,2.633481e-11,SORBI_3008G132200,0.637008
TG(16:0_18:1_18:2),CTL,individual,8:55831934,8,55831934,2.633481e-11,SORBI_3008G131601,0.633086
TG(16:0_18:1_18:2),CTL,individual,8:55831934,8,55831934,2.633481e-11,SORBI_3008G131500,0.625913
TG(16:0_18:1_18:2),CTL,individual,8:55831934,8,55831934,2.633481e-11,SORBI_3008G132200,0.623986
TG(16:0_18:1_18:2),CTL,individual,8:55831934,8,55831934,2.633481e-11,SORBI_3008G132200,0.616693
TG(16:0_18:1_18:2),CTL,individual,8:55831934,8,55831934,2.633481e-11,SORBI_3008G131550,0.611768
TG(16:0_18:1_18:2),CTL,individual,8:55831934,8,55831934,2.633481e-11,SORBI_3008G131500,0.604489
TG(16:0_18:1_18:2),CTL,individual,8:55831934,8,55831934,2.633481e-11,SORBI_3008G131601,0.57659
TG(16:0_18:1_18:2),CTL,individual,8:55831934,8,55831934,2.633481e-11,SORBI_3008G131200,0.575504
TG(16:0_18:1_18:2),CTL,individual,8:55831934,8,55831934,2.633481e-11,SORBI_3008G132000,0.565864
TG(16:0_18:1_18:2),CTL,individual,8:55831934,8,55831934,2.633481e-11,SORBI_3008G131500,0.56149
TG(16:0_18:1_18:2),CTL,individual,8:55831934,8,55831934,2.633481e-11,SORBI_3008G133100,0.554278
TG(16:0_18:1_18:2),CTL,individual,8:55831934,8,55831934,2.633481e-11,SORBI_3008G133100,0.552762
TG(16:0_18:1_18:2),CTL,individual,8:55831934,8,55831934,2.633481e-11,SORBI_3008G131200,0.549895
TG(16:0_18:1_18:2),CTL,individual,8:55831934,8,55831934,2.633481e-11,SORBI_3008G132550,0.545936
TG(16:0_18:1_18:2),CTL,individual,8:55831934,8,55831934,2.633481e-11,SORBI_3008G131200,0.543652
TG(16:0_18:1_18:2),CTL,individual,8:55831934,8,55831934,2.633481e-11,SORBI_3008G132500,0.542621
TG(16:0_18:1_18:2),CTL,individual,8:55831934,8,55831934,2.633481e-11,SORBI_3008G132550,0.542621
TG(16:0_18:1_18:2),CTL,individual,8:55831934,8,55831934,2.633481e-11,SORBI_3008G132550,0.54184
TG(16:0_18:1_18:2),CTL,individual,8:55831934,8,55831934,2.633481e-11,SORBI_3008G131601,0.537227
TG(16:0_18:1_18:2),CTL,individual,8:55831934,8,55831934,2.633481e-11,SORBI_3008G132500,0.535404
TG(16:0_18:1_18:2),CTL,individual,8:55831934,8,55831934,2.633481e-11,SORBI_3008G132550,0.535404
TG(16:0_18:1_18:2),CTL,individual,8:55831934,8,55831934,2.633481e-11,SORBI_3008G132500,0.5339
TG(16:0_18:1_18:2),CTL,individual,8:55831934,8,55831934,2.633481e-11,SORBI_3008G132550,0.5339
TG(16:0_18:1_18:2),CTL,individual,8:55831934,8,55831934,2.633481e-11,SORBI_3008G132550,0.531336
TG(16:0_18:1_18:2),CTL,individual,8:55831934,8,55831934,2.633481e-11,SORBI_3008G132500,0.530901
TG(16:0_18:1_18:2),CTL,individual,8:55831934,8,55831934,2.633481e-11,SORBI_3008G132550,0.530901
TG(16:0_18:1_18:2),CTL,individual,8:55831934,8,55831934,2.633481e-11,SORBI_3008G132500,0.52837
TG(16:0_18:1_18:2),CTL,individual,8:55831934,8,55831934,2.633481e-11,SORBI_3008G131200,0.52669
TG(16:0_18:1_18:2),CTL,individual,8:55831934,8,55831934,2.633481e-11,SORBI_3008G132500,0.526675
TG(16:0_18:1_18:2),CTL,individual,8:55831934,8,55831934,2.633481e-11,SORBI_3008G132550,0.526675
TG(16:0_18:1_18:2),CTL,individual,8:55831934,8,55831934,2.633481e-11,SORBI_3008G132500,0.525414
TG(16:0_18:1_18:2),CTL,individual,8:55831934,8,55831934,2.633481e-11,SORBI_3008G132550,0.525414
TG(16:0_18:1_18:2),CTL,individual,8:55831934,8,55831934,2.633481e-11,SORBI_3008G132500,0.523664
TG(16:0_18:1_18:2),CTL,individual,8:55831934,8,55831934,2.633481e-11,SORBI_3008G132550,0.523664
TG(16:0_18:1_18:2),CTL,individual,8:55831934,8,55831934,2.633481e-11,SORBI_3008G132550,0.522519
TG(16:0_18:1_18:2),CTL,individual,8:55831934,8,55831934,2.633481e-11,SORBI_3008G132500,0.522487
TG(16:0_18:1_18:2),CTL,individual,8:55831934,8,55831934,2.633481e-11,SORBI_3008G132550,0.522487
TG(16:0_18:1_18:2),CTL,individual,8:55831934,8,55831934,2.633481e-11,SORBI_3008G132550,0.52115
TG(16:0_18:1_18:2),CTL,individual,8:55831934,8,55831934,2.633481e-11,SORBI_3008G132550,0.521017
TG(16:0_18:1_18:2),CTL,individual,8:55831934,8,55831934,2.633481e-11,SORBI_3008G132550,0.519464
TG(16:0_18:1_18:2),CTL,individual,8:55831934,8,55831934,2.633481e-11,SORBI_3008G131300,0.519377
TG(16:0_18:1_18:2),CTL,individual,8:55831934,8,55831934,2.633481e-11,SORBI_3008G132500,0.518183
TG(16:0_18:1_18:2),CTL,individual,8:55831934,8,55831934,2.633481e-11,SORBI_3008G132550,0.518183
TG(16:0_18:1_18:2),CTL,individual,8:55831934,8,55831934,2.633481e-11,SORBI_3008G132550,0.517006
TG(16:0_18:1_18:2),CTL,individual,8:55831934,8,55831934,2.633481e-11,SORBI_3008G132550,0.516441
TG(16:0_18:1_18:2),CTL,individual,8:55831934,8,55831934,2.633481e-11,SORBI_3008G132550,0.515299
TG(16:0_18:1_18:2),CTL,individual,8:55831934,8,55831934,2.633481e-11,SORBI_3008G132200,0.514761
TG(16:0_18:1_18:2),CTL,individual,8:55831934,8,55831934,2.633481e-11,SORBI_3008G132550,0.513945
TG(16:0_18:1_18:2),CTL,individual,8:55831934,8,55831934,2.633481e-11,SORBI_3008G132200,0.512414
TG(16:0_18:1_18:2),CTL,individual,8:55831934,8,55831934,2.633481e-11,SORBI_3008G132550,0.510967
TG(16:0_18:1_18:2),CTL,individual,8:55831934,8,55831934,2.633481e-11,SORBI_3008G131601,0.509277
TG(16:0_18:1_18:2),CTL,individual,8:55831934,8,55831934,2.633481e-11,SORBI_3008G132200,0.505573
TG(16:0_18:1_18:2),CTL,individual,8:55831934,8,55831934,2.633481e-11,SORBI_3008G132550,0.504244
TG(16:0_18:1_18:2),CTL,individual,8:55831934,8,55831934,2.633481e-11,SORBI_3008G132550,0.503555
TG(16:0_18:1_18:2),CTL,individual,8:55831934,8,55831934,2.633481e-11,SORBI_3008G132550,0.503099
TG(16:0_18:1_18:2),CTL,individual,8:55831934,8,55831934,2.633481e-11,SORBI_3008G132550,0.502176
TG(16:0_18:1_18:2),CTL,individual,8:55831934,8,55831934,2.633481e-11,SORBI_3008G132550,0.502029
TG(16:0_18:1_18:2),CTL,individual,8:55831934,8,55831934,2.633481e-11,SORBI_3008G132500,0.499824
TG(16:0_18:1_18:2),CTL,individual,8:55831934,8,55831934,2.633481e-11,SORBI_3008G132550,0.497875
TG(16:0_18:1_18:2),CTL,individual,8:55831934,8,55831934,2.633481e-11,SORBI_3008G132550,0.497474
TG(16:0_18:1_18:2),CTL,individual,8:55831934,8,55831934,2.633481e-11,SORBI_3008G132550,0.496976
TG(16:0_18:1_18:2),CTL,individual,8:55831934,8,55831934,2.633481e-11,SORBI_3008G132700,0.496305
TG(16:0_18:1_18:2),CTL,individual,8:55831934,8,55831934,2.633481e-11,SORBI_3008G132550,0.49624
TG(16:0_18:1_18:2),CTL,individual,8:55831934,8,55831934,2.633481e-11,SORBI_3008G132550,0.494216
TG(16:0_18:1_18:2),CTL,individual,8:55831934,8,55831934,2.633481e-11,SORBI_3008G132550,0.490785
TG(16:0_18:1_18:2),CTL,individual,8:55831934,8,55831934,2.633481e-11,SORBI_3008G132550,0.490666
TG(16:0_18:1_18:2),CTL,individual,8:55831934,8,55831934,2.633481e-11,SORBI_3008G133100,0.490446
TG(16:0_18:1_18:2),CTL,individual,8:55831934,8,55831934,2.633481e-11,SORBI_3008G132550,0.489752
TG(16:0_18:1_18:2),CTL,individual,8:55831934,8,55831934,2.633481e-11,SORBI_3008G132550,0.488306
TG(16:0_18:1_18:2),CTL,individual,8:55831934,8,55831934,2.633481e-11,SORBI_3008G132550,0.484637
TG(16:0_18:1_18:2),CTL,individual,8:55831934,8,55831934,2.633481e-11,SORBI_3008G132550,0.483475
TG(16:0_18:1_18:2),CTL,individual,8:55831934,8,55831934,2.633481e-11,SORBI_3008G132550,0.481052
TG(16:0_18:1_18:2),CTL,individual,8:55831934,8,55831934,2.633481e-11,SORBI_3008G132600,0.464004
TG(16:0_18:1_18:2),CTL,individual,8:55831934,8,55831934,2.633481e-11,SORBI_3008G131200,0.458088
TG(16:0_18:1_18:2),CTL,individual,8:55831934,8,55831934,2.633481e-11,SORBI_3008G131200,0.450351
TG(16:0_18:1_18:2),CTL,individual,8:55831934,8,55831934,2.633481e-11,SORBI_3008G133100,0.449243
TG(16:0_18:1_18:2),CTL,individual,8:55831934,8,55831934,2.633481e-11,SORBI_3008G133200,0.449243
TG(16:0_18:1_18:2),CTL,individual,8:55831934,8,55831934,2.633481e-11,SORBI_3008G131200,0.445229
TG(16:0_18:1_18:2),CTL,individual,8:55831934,8,55831934,2.633481e-11,SORBI_3008G133100,0.443318
TG(16:0_18:1_18:2),CTL,individual,8:55831934,8,55831934,2.633481e-11,SORBI_3008G131400,0.440433
TG(16:0_18:1_18:2),CTL,individual,8:55831934,8,55831934,2.633481e-11,SORBI_3008G131200,0.434719
TG(16:0_18:1_18:2),CTL,individual,8:55831934,8,55831934,2.633481e-11,SORBI_3008G133100,0.434696
TG(16:0_18:1_18:2),CTL,individual,8:55831934,8,55831934,2.633481e-11,SORBI_3008G133000,0.431486
TG(16:0_18:1_18:2),CTL,individual,8:55831934,8,55831934,2.633481e-11,SORBI_3008G133100,0.412215
TG(16:0_18:1_18:2),CTL,individual,8:55831934,8,55831934,2.633481e-11,SORBI_3008G132700,0.405807
TG(16:0_18:1_18:2),CTL,individual,6:31274933,6,31274933,3.773876e-11,SORBI_3006G044532,0.934958
TG(16:0_18:1_18:2),CTL,individual,6:31274933,6,31274933,3.773876e-11,SORBI_3006G044466,0.9243
TG(16:0_18:1_18:2),CTL,individual,6:31274933,6,31274933,3.773876e-11,SORBI_3006G044466,0.920895
TG(16:0_18:1_18:2),CTL,individual,6:31274933,6,31274933,3.773876e-11,SORBI_3006G044600,0.920895
TG(16:0_18:1_18:2),CTL,individual,6:31274933,6,31274933,3.773876e-11,SORBI_3006G044466,0.917569
TG(16:0_18:1_18:2),CTL,individual,6:31274933,6,31274933,3.773876e-11,SORBI_3006G044466,0.910293
TG(16:0_18:1_18:2),CTL,individual,6:31274933,6,31274933,3.773876e-11,SORBI_3006G044466,0.903673
TG(16:0_18:1_18:2),CTL,individual,6:31274933,6,31274933,3.773876e-11,SORBI_3006G044466,0.903639
TG(16:0_18:1_18:2),CTL,individual,6:31274933,6,31274933,3.773876e-11,SORBI_3006G044466,0.901696
TG(16:0_18:1_18:2),CTL,individual,6:31274933,6,31274933,3.773876e-11,SORBI_3006G044466,0.900033
TG(16:0_18:1_18:2),CTL,individual,6:31274933,6,31274933,3.773876e-11,SORBI_3006G044600,0.900033
TG(16:0_18:1_18:2),CTL,individual,6:31274933,6,31274933,3.773876e-11,SORBI_3006G044466,0.899997
TG(16:0_18:1_18:2),CTL,individual,6:31274933,6,31274933,3.773876e-11,SORBI_3006G044600,0.898625
TG(16:0_18:1_18:2),CTL,individual,6:31274933,6,31274933,3.773876e-11,SORBI_3006G044466,0.898589
TG(16:0_18:1_18:2),CTL,individual,6:31274933,6,31274933,3.773876e-11,SORBI_3006G044600,0.896464
TG(16:0_18:1_18:2),CTL,individual,6:31274933,6,31274933,3.773876e-11,SORBI_3006G044466,0.896427
TG(16:0_18:1_18:2),CTL,individual,6:31274933,6,31274933,3.773876e-11,SORBI_3006G044466,0.894923
TG(16:0_18:1_18:2),CTL,individual,6:31274933,6,31274933,3.773876e-11,SORBI_3006G044466,0.892968
TG(16:0_18:1_18:2),CTL,individual,6:31274933,6,31274933,3.773876e-11,SORBI_3006G044466,0.891251
TG(16:0_18:1_18:2),CTL,individual,6:31274933,6,31274933,3.773876e-11,SORBI_3006G044466,0.888654
TG(16:0_18:1_18:2),CTL,individual,6:31274933,6,31274933,3.773876e-11,SORBI_3006G044466,0.881213
TG(16:0_18:1_18:2),CTL,individual,6:31274933,6,31274933,3.773876e-11,SORBI_3006G044600,0.872456
TG(16:0_18:1_18:2),CTL,individual,6:31274933,6,31274933,3.773876e-11,SORBI_3006G044532,0.8595
TG(16:0_18:1_18:2),CTL,individual,6:31274933,6,31274933,3.773876e-11,SORBI_3006G044532,0.82925
TG(16:0_18:1_18:2),CTL,individual,6:31274933,6,31274933,3.773876e-11,SORBI_3006G044532,0.824326
TG(16:0_18:1_18:2),CTL,individual,6:31274933,6,31274933,3.773876e-11,SORBI_3006G044466,0.811234
TG(16:0_18:1_18:2),CTL,individual,6:31274933,6,31274933,3.773876e-11,SORBI_3006G044466,0.809781
TG(16:0_18:1_18:2),CTL,individual,6:31274933,6,31274933,3.773876e-11,SORBI_3006G044532,0.806951
TG(16:0_18:1_18:2),CTL,individual,6:31274933,6,31274933,3.773876e-11,SORBI_3006G044532,0.764477
TG(16:0_18:1_18:2),CTL,individual,6:31274933,6,31274933,3.773876e-11,SORBI_3006G044466,0.474911
TG(16:0_18:1_18:2),CTL,individual,1:60651888,1,60651888,4.040922e-11,SORBI_3001G318000,0.480909
TG(16:0_18:1_18:2),CTL,individual,1:60651888,1,60651888,4.040922e-11,SORBI_3001G318100,0.465329
TG(16:0_18:1_18:2),CTL,individual,1:60651888,1,60651888,4.040922e-11,SORBI_3001G318100,0.457663
TG(16:0_18:1_18:2),CTL,individual,1:60651888,1,60651888,4.040922e-11,SORBI_3001G320500,0.420946
TG(16:0_18:1_18:2),CTL,individual,6:35125029,6,35125029,6.365306e-11,SORBI_3006G048775,0.926925
TG(16:0_18:1_18:2),CTL,individual,6:35125029,6,35125029,6.365306e-11,SORBI_3006G048775,0.909395
TG(16:0_18:1_18:2),CTL,individual,6:35125029,6,35125029,6.365306e-11,SORBI_3006G048775,0.892404
TG(16:0_18:1_18:2),CTL,individual,6:35125029,6,35125029,6.365306e-11,SORBI_3006G048775,0.884874
TG(16:0_18:1_18:2),CTL,individual,6:35125029,6,35125029,6.365306e-11,SORBI_3006G048775,0.858428
TG(16:0_18:1_18:2),CTL,individual,6:36373483,6,36373483,6.907724e-11,SORBI_3006G049666,0.853319
TG(16:0_18:1_18:2),CTL,individual,1:21345304,1,21345304,7.079967e-11,SORBI_3001G223300,0.716856
TG(16:0_18:1_18:2),CTL,individual,1:21345304,1,21345304,7.079967e-11,SORBI_3001G223200,0.69502
TG(16:0_18:1_18:2),CTL,individual,1:21345304,1,21345304,7.079967e-11,SORBI_3001G223200,0.685592
TG(16:0_18:1_18:2),CTL,individual,1:21345304,1,21345304,7.079967e-11,SORBI_3001G223300,0.666868
TG(16:0_18:1_18:2),CTL,individual,1:21345304,1,21345304,7.079967e-11,SORBI_3001G223200,0.627238
TG(16:0_18:1_18:2),CTL,individual,1:21345304,1,21345304,7.079967e-11,SORBI_3001G223200,0.625177
TG(16:0_18:1_18:2),CTL,individual,1:21345304,1,21345304,7.079967e-11,SORBI_3001G223100,0.594922
TG(16:0_18:1_18:2),CTL,individual,1:21345304,1,21345304,7.079967e-11,SORBI_3001G224000,0.591944
TG(16:0_18:1_18:2),CTL,individual,1:21345304,1,21345304,7.079967e-11,SORBI_3001G223300,0.583872
TG(16:0_18:1_18:2),CTL,individual,1:21345304,1,21345304,7.079967e-11,SORBI_3001G223100,0.567351
TG(16:0_18:1_18:2),CTL,individual,1:21345304,1,21345304,7.079967e-11,SORBI_3001G223100,0.56714
TG(16:0_18:1_18:2),CTL,individual,1:21345304,1,21345304,7.079967e-11,SORBI_3001G223550,0.542895
TG(16:0_18:1_18:2),CTL,individual,1:21345304,1,21345304,7.079967e-11,SORBI_3001G223550,0.507542
TG(16:0_18:1_18:2),CTL,individual,1:21345304,1,21345304,7.079967e-11,SORBI_3001G223550,0.507474
TG(16:0_18:1_18:2),CTL,individual,1:21345304,1,21345304,7.079967e-11,SORBI_3001G223550,0.507406
TG(16:0_18:1_18:2),CTL,individual,1:21345304,1,21345304,7.079967e-11,SORBI_3001G222900,0.504244
TG(16:0_18:1_18:2),CTL,individual,1:21345304,1,21345304,7.079967e-11,SORBI_3001G222900,0.491606
TG(16:0_18:1_18:2),CTL,individual,1:21345304,1,21345304,7.079967e-11,SORBI_3001G222900,0.489796
TG(16:0_18:1_18:2),CTL,individual,1:21345304,1,21345304,7.079967e-11,SORBI_3001G222900,0.481572
TG(16:0_18:1_18:2),CTL,individual,1:21345304,1,21345304,7.079967e-11,SORBI_3001G222900,0.474654
TG(16:0_18:1_18:2),CTL,individual,1:21345304,1,21345304,7.079967e-11,SORBI_3001G222800,0.469118
TG(16:0_18:1_18:2),CTL,individual,1:21345304,1,21345304,7.079967e-11,SORBI_3001G223100,0.466352
TG(16:0_18:1_18:2),CTL,individual,1:21345304,1,21345304,7.079967e-11,SORBI_3001G223100,0.463196
TG(16:0_18:1_18:2),CTL,individual,1:21345304,1,21345304,7.079967e-11,SORBI_3001G223300,0.448859
TG(16:0_18:1_18:2),CTL,individual,1:21345304,1,21345304,7.079967e-11,SORBI_3001G222700,0.446642
TG(16:0_18:1_18:2),CTL,individual,1:21345304,1,21345304,7.079967e-11,SORBI_3001G223100,0.446497
TG(16:0_18:1_18:2),CTL,individual,1:21345304,1,21345304,7.079967e-11,SORBI_3001G222000,0.445258
TG(16:0_18:1_18:2),CTL,individual,1:21345304,1,21345304,7.079967e-11,SORBI_3001G222900,0.442069
TG(16:0_18:1_18:2),CTL,individual,1:21345304,1,21345304,7.079967e-11,SORBI_3001G222700,0.438023
TG(16:0_18:1_18:2),CTL,individual,1:21345304,1,21345304,7.079967e-11,SORBI_3001G222000,0.432797
TG(16:0_18:1_18:2),CTL,individual,1:21345304,1,21345304,7.079967e-11,SORBI_3001G222800,0.432026
TG(16:0_18:1_18:2),CTL,individual,1:21345304,1,21345304,7.079967e-11,SORBI_3001G222800,0.428585
TG(16:0_18:1_18:2),CTL,individual,1:21345304,1,21345304,7.079967e-11,SORBI_3001G222000,0.42526
TG(16:0_18:1_18:2),CTL,individual,1:21345304,1,21345304,7.079967e-11,SORBI_3001G222200,0.42526
TG(16:0_18:1_18:2),CTL,individual,1:21345304,1,21345304,7.079967e-11,SORBI_3001G222400,0.42526
TG(16:0_18:1_18:2),CTL,individual,1:21345304,1,21345304,7.079967e-11,SORBI_3001G222600,0.42526
TG(16:0_18:1_18:2),CTL,individual,1:21345304,1,21345304,7.079967e-11,SORBI_3001G222800,0.423037
TG(16:0_18:1_18:2),CTL,individual,1:21345304,1,21345304,7.079967e-11,SORBI_3001G222800,0.419067
TG(16:0_18:1_18:2),CTL,individual,1:21345304,1,21345304,7.079967e-11,SORBI_3001G223100,0.419067
TG(16:0_18:1_18:2),CTL,individual,1:21345304,1,21345304,7.079967e-11,SORBI_3001G222300,0.41795
TG(16:0_18:1_18:2),CTL,individual,1:21345304,1,21345304,7.079967e-11,SORBI_3001G222800,0.416824
TG(16:0_18:1_18:2),CTL,individual,1:21345304,1,21345304,7.079967e-11,SORBI_3001G223100,0.416425
TG(16:0_18:1_18:2),CTL,individual,1:21345304,1,21345304,7.079967e-11,SORBI_3001G222500,0.414872
TG(16:0_18:1_18:2),CTL,individual,1:21345304,1,21345304,7.079967e-11,SORBI_3001G222800,0.414636
TG(16:0_18:1_18:2),CTL,individual,1:21345304,1,21345304,7.079967e-11,SORBI_3001G225700,0.41013
TG(16:0_18:1_18:2),CTL,individual,1:21345304,1,21345304,7.079967e-11,SORBI_3001G222000,0.408367
TG(16:0_18:1_18:2),CTL,individual,1:21345304,1,21345304,7.079967e-11,SORBI_3001G222800,0.405226
TG(16:0_18:1_18:2),CTL,individual,1:21345304,1,21345304,7.079967e-11,SORBI_3001G222000,0.405196
TG(16:0_18:1_18:2),CTL,individual,1:21345304,1,21345304,7.079967e-11,SORBI_3001G222800,0.403654
TG(16:0_18:1_18:2),CTL,individual,1:21345304,1,21345304,7.079967e-11,SORBI_3001G222000,0.401534
TG(16:0_18:1_18:2),CTL,individual,6:36770981,6,36770981,7.735055e-11,SORBI_3006G050050,0.932892
TG(16:0_18:1_18:2),CTL,individual,6:36770981,6,36770981,7.735055e-11,SORBI_3006G050050,0.929987
TG(16:0_18:1_18:2),CTL,individual,6:36770981,6,36770981,7.735055e-11,SORBI_3006G049900,0.924783
TG(16:0_18:1_18:2),CTL,individual,6:36770981,6,36770981,7.735055e-11,SORBI_3006G049700,0.920518
TG(16:0_18:1_18:2),CTL,individual,6:36770981,6,36770981,7.735055e-11,SORBI_3006G049700,0.903774
TG(16:0_18:1_18:2),CTL,individual,6:36770981,6,36770981,7.735055e-11,SORBI_3006G050050,0.822524
TG(16:0_18:1_18:2),CTL,individual,6:36770981,6,36770981,7.735055e-11,SORBI_3006G050000,0.475508
TG(16:0_18:1_18:2),CTL,individual,6:36770981,6,36770981,7.735055e-11,SORBI_3006G050050,0.417418
TG(16:0_18:1_18:2),CTL,individual,9:44632601,9,44632601,8.609695e-11,SORBI_3009G111000,0.704933
TG(16:0_18:1_18:2),CTL,individual,9:44632601,9,44632601,8.609695e-11,SORBI_3009G111000,0.666961
TG(16:0_18:1_18:2),CTL,individual,9:44632601,9,44632601,8.609695e-11,SORBI_3009G111000,0.664454
TG(16:0_18:1_18:2),CTL,individual,9:44632601,9,44632601,8.609695e-11,SORBI_3009G111000,0.661714
TG(16:0_18:1_18:2),CTL,individual,9:44632601,9,44632601,8.609695e-11,SORBI_3009G111400,0.471733
TG(16:0_18:1_18:2),CTL,individual,9:44632601,9,44632601,8.609695e-11,SORBI_3009G111200,0.468714
TG(16:0_18:1_18:2),CTL,individual,9:44632601,9,44632601,8.609695e-11,SORBI_3009G111400,0.41714
TG(16:0_18:1_18:2),CTL,individual,9:44632601,9,44632601,8.609695e-11,SORBI_3009G111400,0.410391
TG(16:0_18:1_18:2),CTL,individual,9:44632601,9,44632601,8.609695e-11,SORBI_3009G111400,0.409067
TG(16:0_18:1_18:2),CTL,individual,9:44632601,9,44632601,8.609695e-11,SORBI_3009G110000,0.407699
TG(16:0_18:1_18:2),CTL,individual,9:44632601,9,44632601,8.609695e-11,SORBI_3009G111400,0.40576
TG(16:0_18:1_18:2),CTL,individual,6:36376888,6,36376888,9.637773e-11,SORBI_3006G049666,0.932151
TG(16:0_18:1_18:2),CTL,individual,8:49914919,8,49914919,1.05588e-10,SORBI_3008G105600,0.810788
TG(16:0_18:1_18:2),CTL,individual,8:49914919,8,49914919,1.05588e-10,SORBI_3008G105600,0.79093
TG(16:0_18:1_18:2),CTL,individual,8:49914919,8,49914919,1.05588e-10,SORBI_3008G105600,0.784422
TG(16:0_18:1_18:2),CTL,individual,8:49914919,8,49914919,1.05588e-10,SORBI_3008G105800,0.781862
TG(16:0_18:1_18:2),CTL,individual,8:49914919,8,49914919,1.05588e-10,SORBI_3008G105600,0.764196
TG(16:0_18:1_18:2),CTL,individual,8:49914919,8,49914919,1.05588e-10,SORBI_3008G105850,0.75762
TG(16:0_18:1_18:2),CTL,individual,8:49914919,8,49914919,1.05588e-10,SORBI_3008G105900,0.75762
TG(16:0_18:1_18:2),CTL,individual,8:49914919,8,49914919,1.05588e-10,SORBI_3008G105900,0.752829
TG(16:0_18:1_18:2),CTL,individual,8:49914919,8,49914919,1.05588e-10,SORBI_3008G105800,0.721551
TG(16:0_18:1_18:2),CTL,individual,8:49914919,8,49914919,1.05588e-10,SORBI_3008G105850,0.705692
TG(16:0_18:1_18:2),CTL,individual,8:49914919,8,49914919,1.05588e-10,SORBI_3008G105900,0.705692
TG(16:0_18:1_18:2),CTL,individual,8:49914919,8,49914919,1.05588e-10,SORBI_3008G105500,0.623886
TG(16:0_18:1_18:2),CTL,individual,8:49914919,8,49914919,1.05588e-10,SORBI_3008G105900,0.595739
TG(16:0_18:1_18:2),CTL,individual,8:49914919,8,49914919,1.05588e-10,SORBI_3008G105900,0.5956
TG(16:0_18:1_18:2),CTL,individual,8:49914919,8,49914919,1.05588e-10,SORBI_3008G106200,0.574067
TG(16:0_18:1_18:2),CTL,individual,8:49914919,8,49914919,1.05588e-10,SORBI_3008G106200,0.571627
TG(16:0_18:1_18:2),CTL,individual,8:49914919,8,49914919,1.05588e-10,SORBI_3008G106200,0.537627
TG(16:0_18:1_18:2),CTL,individual,8:49914919,8,49914919,1.05588e-10,SORBI_3008G106200,0.535504
TG(16:0_18:1_18:2),CTL,individual,8:49914919,8,49914919,1.05588e-10,SORBI_3008G105900,0.530974
TG(16:0_18:1_18:2),CTL,individual,8:49914919,8,49914919,1.05588e-10,SORBI_3008G106200,0.527612
TG(16:0_18:1_18:2),CTL,individual,8:49914919,8,49914919,1.05588e-10,SORBI_3008G106301,0.52555
TG(16:0_18:1_18:2),CTL,individual,8:49914919,8,49914919,1.05588e-10,SORBI_3008G105900,0.521782
TG(16:0_18:1_18:2),CTL,individual,8:49914919,8,49914919,1.05588e-10,SORBI_3008G105900,0.514461
TG(16:0_18:1_18:2),CTL,individual,8:49914919,8,49914919,1.05588e-10,SORBI_3008G106500,0.509941
TG(16:0_18:1_18:2),CTL,individual,8:49914919,8,49914919,1.05588e-10,SORBI_3008G106550,0.509941
TG(16:0_18:1_18:2),CTL,individual,8:49914919,8,49914919,1.05588e-10,SORBI_3008G106550,0.506981
TG(16:0_18:1_18:2),CTL,individual,8:49914919,8,49914919,1.05588e-10,SORBI_3008G106550,0.501825
TG(16:0_18:1_18:2),CTL,individual,8:49914919,8,49914919,1.05588e-10,SORBI_3008G106500,0.484497
TG(16:0_18:1_18:2),CTL,individual,8:49914919,8,49914919,1.05588e-10,SORBI_3008G106500,0.478648
TG(16:0_18:1_18:2),CTL,individual,8:49914919,8,49914919,1.05588e-10,SORBI_3008G105900,0.473379
TG(16:0_18:1_18:2),CTL,individual,8:49914919,8,49914919,1.05588e-10,SORBI_3008G106200,0.454936
TG(16:0_18:1_18:2),CTL,individual,8:49914919,8,49914919,1.05588e-10,SORBI_3008G105900,0.451852
TG(16:0_18:1_18:2),CTL,individual,8:49914919,8,49914919,1.05588e-10,SORBI_3008G105900,0.45181
TG(16:0_18:1_18:2),CTL,individual,8:49914919,8,49914919,1.05588e-10,SORBI_3008G105500,0.448134
TG(16:0_18:1_18:2),CTL,individual,8:49914919,8,49914919,1.05588e-10,SORBI_3008G105900,0.445505
TG(16:0_18:1_18:2),CTL,individual,8:49914919,8,49914919,1.05588e-10,SORBI_3008G105900,0.445328
TG(16:0_18:1_18:2),CTL,individual,8:49914919,8,49914919,1.05588e-10,SORBI_3008G105900,0.440631
TG(16:0_18:1_18:2),CTL,individual,8:49914919,8,49914919,1.05588e-10,SORBI_3008G105900,0.437419
TG(16:0_18:1_18:2),CTL,individual,8:49914919,8,49914919,1.05588e-10,SORBI_3008G105900,0.437217
TG(16:0_18:1_18:2),CTL,individual,8:49914919,8,49914919,1.05588e-10,SORBI_3008G105900,0.434304
TG(16:0_18:1_18:2),CTL,individual,8:49914919,8,49914919,1.05588e-10,SORBI_3008G105900,0.432845
TG(16:0_18:1_18:2),CTL,individual,8:49914919,8,49914919,1.05588e-10,SORBI_3008G105900,0.43034
TG(16:0_18:1_18:2),CTL,individual,8:49914919,8,49914919,1.05588e-10,SORBI_3008G105900,0.427951
TG(16:0_18:1_18:2),CTL,individual,8:49914919,8,49914919,1.05588e-10,SORBI_3008G105900,0.422524
TG(16:0_18:1_18:2),CTL,individual,8:49914919,8,49914919,1.05588e-10,SORBI_3008G105500,0.418863
TG(16:0_18:1_18:2),CTL,individual,8:49914919,8,49914919,1.05588e-10,SORBI_3008G105900,0.408775
TG(16:0_18:1_18:2),CTL,individual,8:49914919,8,49914919,1.05588e-10,SORBI_3008G105900,0.408314
TG(16:0_18:1_18:2),CTL,individual,8:49914919,8,49914919,1.05588e-10,SORBI_3008G105900,0.407715
TG(16:0_18:1_18:2),CTL,individual,8:49914919,8,49914919,1.05588e-10,SORBI_3008G105900,0.405406
TG(16:0_18:1_18:2),CTL,individual,6:36116767,6,36116767,1.250774e-10,SORBI_3006G049600,0.979802
TG(16:0_18:1_18:2),CTL,individual,6:36116767,6,36116767,1.250774e-10,SORBI_3006G049600,0.976956
TG(16:0_18:1_18:2),CTL,individual,6:36116767,6,36116767,1.250774e-10,SORBI_3006G049600,0.976729
TG(16:0_18:1_18:2),CTL,individual,6:36116767,6,36116767,1.250774e-10,SORBI_3006G049600,0.976535
TG(16:0_18:1_18:2),CTL,individual,6:36116767,6,36116767,1.250774e-10,SORBI_3006G049600,0.974127
TG(16:0_18:1_18:2),CTL,individual,6:36116767,6,36116767,1.250774e-10,SORBI_3006G049600,0.97399
TG(16:0_18:1_18:2),CTL,individual,6:36116767,6,36116767,1.250774e-10,SORBI_3006G049600,0.973867
TG(16:0_18:1_18:2),CTL,individual,6:36116767,6,36116767,1.250774e-10,SORBI_3006G049600,0.973671
TG(16:0_18:1_18:2),CTL,individual,6:36116767,6,36116767,1.250774e-10,SORBI_3006G049600,0.971022
TG(16:0_18:1_18:2),CTL,individual,6:36116767,6,36116767,1.250774e-10,SORBI_3006G049600,0.970539
TG(16:0_18:1_18:2),CTL,individual,6:36116767,6,36116767,1.250774e-10,SORBI_3006G049600,0.970454
TG(16:0_18:1_18:2),CTL,individual,6:36116767,6,36116767,1.250774e-10,SORBI_3006G049600,0.967932
TG(16:0_18:1_18:2),CTL,individual,6:36116767,6,36116767,1.250774e-10,SORBI_3006G049600,0.966457
TG(16:0_18:1_18:2),CTL,individual,6:36116767,6,36116767,1.250774e-10,SORBI_3006G049600,0.966166
TG(16:0_18:1_18:2),CTL,individual,6:36116767,6,36116767,1.250774e-10,SORBI_3006G049600,0.964694
TG(16:0_18:1_18:2),CTL,individual,6:36116767,6,36116767,1.250774e-10,SORBI_3006G049600,0.9645
TG(16:0_18:1_18:2),CTL,individual,6:36116767,6,36116767,1.250774e-10,SORBI_3006G049600,0.963173
TG(16:0_18:1_18:2),CTL,individual,6:36116767,6,36116767,1.250774e-10,SORBI_3006G049600,0.962952
TG(16:0_18:1_18:2),CTL,individual,6:36116767,6,36116767,1.250774e-10,SORBI_3006G049600,0.962703
TG(16:0_18:1_18:2),CTL,individual,6:36116767,6,36116767,1.250774e-10,SORBI_3006G049600,0.9618
TG(16:0_18:1_18:2),CTL,individual,6:36116767,6,36116767,1.250774e-10,SORBI_3006G049600,0.961605
TG(16:0_18:1_18:2),CTL,individual,6:36116767,6,36116767,1.250774e-10,SORBI_3006G049633,0.961605
TG(16:0_18:1_18:2),CTL,individual,6:36116767,6,36116767,1.250774e-10,SORBI_3006G049600,0.960392
TG(16:0_18:1_18:2),CTL,individual,6:36116767,6,36116767,1.250774e-10,SORBI_3006G049600,0.960097
TG(16:0_18:1_18:2),CTL,individual,6:36116767,6,36116767,1.250774e-10,SORBI_3006G049600,0.959469
TG(16:0_18:1_18:2),CTL,individual,6:36116767,6,36116767,1.250774e-10,SORBI_3006G049600,0.95874
TG(16:0_18:1_18:2),CTL,individual,6:36116767,6,36116767,1.250774e-10,SORBI_3006G049600,0.955952
TG(16:0_18:1_18:2),CTL,individual,6:36116767,6,36116767,1.250774e-10,SORBI_3006G049600,0.946522
TG(16:0_18:1_18:2),CTL,individual,6:36116767,6,36116767,1.250774e-10,SORBI_3006G049600,0.946405
TG(16:0_18:1_18:2),CTL,individual,6:36116767,6,36116767,1.250774e-10,SORBI_3006G049600,0.942087
TG(16:0_18:1_18:2),CTL,individual,6:36116767,6,36116767,1.250774e-10,SORBI_3006G049600,0.92478
TG(16:0_18:1_18:2),CTL,individual,6:36116767,6,36116767,1.250774e-10,SORBI_3006G049666,0.923045
TG(16:0_18:1_18:2),CTL,individual,6:36116767,6,36116767,1.250774e-10,SORBI_3006G049600,0.921411
TG(16:0_18:1_18:2),CTL,individual,6:36116767,6,36116767,1.250774e-10,SORBI_3006G049666,0.853628
TG(16:0_18:1_18:2),CTL,individual,6:36116767,6,36116767,1.250774e-10,SORBI_3006G049600,0.800838
TG(16:0_18:1_18:2),CTL,individual,6:36116767,6,36116767,1.250774e-10,SORBI_3006G049600,0.47556
TG(16:0_18:1_18:2),CTL,individual,6:36116767,6,36116767,1.250774e-10,SORBI_3006G049600,0.470026
TG(16:0_18:1_18:2),CTL,individual,6:36116767,6,36116767,1.250774e-10,SORBI_3006G049600,0.418517
TG(16:0_18:1_18:2),CTL,individual,6:36116767,6,36116767,1.250774e-10,SORBI_3006G049600,0.418147
TG(16:0_18:1_18:2),CTL,individual,6:36116767,6,36116767,1.250774e-10,SORBI_3006G049600,0.416998
TG(16:0_18:1_18:2),CTL,individual,6:36116767,6,36116767,1.250774e-10,SORBI_3006G049600,0.416379
TG(16:0_18:1_18:2),CTL,individual,6:36116767,6,36116767,1.250774e-10,SORBI_3006G049600,0.415225
TG(16:0_18:1_18:2),CTL,individual,6:36116767,6,36116767,1.250774e-10,SORBI_3006G049600,0.41455
TG(16:0_18:1_18:2),CTL,individual,6:36116767,6,36116767,1.250774e-10,SORBI_3006G049600,0.41278
TG(16:0_18:1_18:2),CTL,individual,6:36116767,6,36116767,1.250774e-10,SORBI_3006G049600,0.4101
TG(16:0_18:1_18:2),CTL,individual,6:36116767,6,36116767,1.250774e-10,SORBI_3006G049600,0.404693
TG(16:0_18:1_18:2),CTL,individual,6:36116767,6,36116767,1.250774e-10,SORBI_3006G049600,0.401928
TG(16:0_18:1_18:2),CTL,individual,6:36116767,6,36116767,1.250774e-10,SORBI_3006G049600,0.400498
TG(16:0_18:1_18:2),CTL,individual,6:36116767,6,36116767,1.250774e-10,SORBI_3006G049600,0.400072
TG(16:0_18:1_18:2),CTL,individual,1:18822314,1,18822314,1.282767e-10,SORBI_3001G206100,1
TG(16:0_18:1_18:2),CTL,individual,1:18822314,1,18822314,1.282767e-10,SORBI_3001G206100,1
TG(16:0_18:1_18:2),CTL,individual,1:18822314,1,18822314,1.282767e-10,SORBI_3001G206100,0.881316
TG(16:0_18:1_18:2),CTL,individual,1:18822314,1,18822314,1.282767e-10,SORBI_3001G206100,0.856156
TG(16:0_18:1_18:2),CTL,individual,1:18822314,1,18822314,1.282767e-10,SORBI_3001G206100,0.835416
TG(16:0_18:1_18:2),CTL,individual,1:18822314,1,18822314,1.282767e-10,SORBI_3001G206100,0.766663
TG(16:0_18:1_18:2),CTL,individual,1:18822314,1,18822314,1.282767e-10,SORBI_3001G206100,0.726701
TG(16:0_18:1_18:2),CTL,individual,1:18822314,1,18822314,1.282767e-10,SORBI_3001G206100,0.722992
TG(16:0_18:1_18:2),CTL,individual,1:18822314,1,18822314,1.282767e-10,SORBI_3001G206100,0.712787
TG(16:0_18:1_18:2),CTL,individual,1:18822314,1,18822314,1.282767e-10,SORBI_3001G206100,0.709113
TG(16:0_18:1_18:2),CTL,individual,1:18822314,1,18822314,1.282767e-10,SORBI_3001G206100,0.706089
TG(16:0_18:1_18:2),CTL,individual,1:18822314,1,18822314,1.282767e-10,SORBI_3001G206100,0.702504
TG(16:0_18:1_18:2),CTL,individual,1:18822314,1,18822314,1.282767e-10,SORBI_3001G206100,0.701249
TG(16:0_18:1_18:2),CTL,individual,1:18822314,1,18822314,1.282767e-10,SORBI_3001G206100,0.685065
TG(16:0_18:1_18:2),CTL,individual,1:18822314,1,18822314,1.282767e-10,SORBI_3001G206100,0.684987
TG(16:0_18:1_18:2),CTL,individual,1:18822314,1,18822314,1.282767e-10,SORBI_3001G206100,0.679361
TG(16:0_18:1_18:2),CTL,individual,1:18822314,1,18822314,1.282767e-10,SORBI_3001G206100,0.676092
TG(16:0_18:1_18:2),CTL,individual,1:18822314,1,18822314,1.282767e-10,SORBI_3001G206100,0.648692
TG(16:0_18:1_18:2),CTL,individual,1:18822314,1,18822314,1.282767e-10,SORBI_3001G206100,0.637487
TG(16:0_18:1_18:2),CTL,individual,1:18822314,1,18822314,1.282767e-10,SORBI_3001G206100,0.630327
TG(16:0_18:1_18:2),CTL,individual,1:18822314,1,18822314,1.282767e-10,SORBI_3001G206100,0.620266
TG(16:0_18:1_18:2),CTL,individual,1:18822314,1,18822314,1.282767e-10,SORBI_3001G206100,0.599902
TG(16:0_18:1_18:2),CTL,individual,1:18822314,1,18822314,1.282767e-10,SORBI_3001G206100,0.594518
TG(16:0_18:1_18:2),CTL,individual,1:18822314,1,18822314,1.282767e-10,SORBI_3001G206100,0.584028
TG(16:0_18:1_18:2),CTL,individual,1:18822314,1,18822314,1.282767e-10,SORBI_3001G206100,0.569242
TG(16:0_18:1_18:2),CTL,individual,1:18822314,1,18822314,1.282767e-10,SORBI_3001G206100,0.534932
TG(16:0_18:1_18:2),CTL,individual,1:18822314,1,18822314,1.282767e-10,SORBI_3001G206100,0.455683
TG(16:0_18:1_18:2),CTL,individual,1:18822314,1,18822314,1.282767e-10,SORBI_3001G206100,0.453172
TG(16:0_18:1_18:2),CTL,individual,1:18822314,1,18822314,1.282767e-10,SORBI_3001G206100,0.446623
TG(16:0_18:1_18:2),CTL,individual,1:18822314,1,18822314,1.282767e-10,SORBI_3001G206100,0.436057
TG(16:0_18:1_18:2),CTL,individual,1:18822314,1,18822314,1.282767e-10,SORBI_3001G206100,0.425723
TG(16:0_18:1_18:2),CTL,individual,1:18822314,1,18822314,1.282767e-10,SORBI_3001G206100,0.421327
TG(16:0_18:1_18:2),CTL,individual,1:18822314,1,18822314,1.282767e-10,SORBI_3001G206100,0.419481
TG(16:0_18:1_18:2),CTL,individual,5:62181069,5,62181069,1.5643e-10,SORBI_3005G152200,0.415862
TG(16:0_18:1_18:2),CTL,individual,5:62181351,5,62181351,1.695874e-10,SORBI_3005G152250,0.474779
TG(16:0_18:1_18:2),CTL,individual,5:62181351,5,62181351,1.695874e-10,SORBI_3005G152200,0.402034
TG(16:0_18:1_18:2),CTL,individual,6:25299762,6,25299762,2.431346e-10,SORBI_3006G040500,0.418403
TG(16:0_18:1_18:2),CTL,individual,6:25299762,6,25299762,2.431346e-10,SORBI_3006G040500,0.416121
TG(16:0_18:1_18:2),CTL,individual,6:25299762,6,25299762,2.431346e-10,SORBI_3006G040500,0.404217
TG(16:0_18:1_18:2),CTL,individual,6:25299762,6,25299762,2.431346e-10,SORBI_3006G040500,0.402824
TG(16:0_18:1_18:2),CTL,individual,6:25299762,6,25299762,2.431346e-10,SORBI_3006G040500,0.402499
TG(16:0_18:1_18:2),CTL,individual,6:25299762,6,25299762,2.431346e-10,SORBI_3006G040500,0.401968
TG(16:0_18:1_18:2),CTL,individual,2:37881173,2,37881173,2.542559e-10,SORBI_3002G148100,0.949842
TG(16:0_18:1_18:2),CTL,individual,2:37881173,2,37881173,2.542559e-10,SORBI_3002G148100,0.949616
TG(16:0_18:1_18:2),CTL,individual,2:37881173,2,37881173,2.542559e-10,SORBI_3002G148100,0.939486
TG(16:0_18:1_18:2),CTL,individual,2:37881173,2,37881173,2.542559e-10,SORBI_3002G148232,0.939475
TG(16:0_18:1_18:2),CTL,individual,2:37881173,2,37881173,2.542559e-10,SORBI_3002G148100,0.929591
TG(16:0_18:1_18:2),CTL,individual,2:37881173,2,37881173,2.542559e-10,SORBI_3002G148166,0.929591
TG(16:0_18:1_18:2),CTL,individual,2:37881173,2,37881173,2.542559e-10,SORBI_3002G148100,0.92116
TG(16:0_18:1_18:2),CTL,individual,2:37881173,2,37881173,2.542559e-10,SORBI_3002G148100,0.90023
TG(16:0_18:1_18:2),CTL,individual,2:37881173,2,37881173,2.542559e-10,SORBI_3002G148100,0.677787
TG(16:0_18:1_18:2),CTL,individual,2:37881173,2,37881173,2.542559e-10,SORBI_3002G148100,0.664431
TG(16:0_18:1_18:2),CTL,individual,2:37881173,2,37881173,2.542559e-10,SORBI_3002G148100,0.657338
TG(16:0_18:1_18:2),CTL,individual,2:37881173,2,37881173,2.542559e-10,SORBI_3002G148100,0.643931
TG(16:0_18:1_18:2),CTL,individual,2:37881173,2,37881173,2.542559e-10,SORBI_3002G148100,0.619607
TG(16:0_18:1_18:2),CTL,individual,2:37881173,2,37881173,2.542559e-10,SORBI_3002G148100,0.619509
TG(16:0_18:1_18:2),CTL,individual,2:37881173,2,37881173,2.542559e-10,SORBI_3002G148100,0.615138
TG(16:0_18:1_18:2),CTL,individual,2:37881173,2,37881173,2.542559e-10,SORBI_3002G148100,0.606169
TG(16:0_18:1_18:2),CTL,individual,2:37881173,2,37881173,2.542559e-10,SORBI_3002G148100,0.597312
TG(16:0_18:1_18:2),CTL,individual,2:37881173,2,37881173,2.542559e-10,SORBI_3002G148100,0.583935
TG(16:0_18:1_18:2),CTL,individual,2:37881173,2,37881173,2.542559e-10,SORBI_3002G148100,0.570582
TG(16:0_18:1_18:2),CTL,individual,2:37881173,2,37881173,2.542559e-10,SORBI_3002G148100,0.539351
TG(16:0_18:1_18:2),CTL,individual,2:37881173,2,37881173,2.542559e-10,SORBI_3002G148100,0.530053
TG(16:0_18:1_18:2),CTL,individual,2:37881173,2,37881173,2.542559e-10,SORBI_3002G148100,0.518417
TG(16:0_18:1_18:2),CTL,individual,2:37881173,2,37881173,2.542559e-10,SORBI_3002G148100,0.516878
TG(16:0_18:1_18:2),CTL,individual,2:37881173,2,37881173,2.542559e-10,SORBI_3002G148100,0.513483
TG(16:0_18:1_18:2),CTL,individual,2:37881173,2,37881173,2.542559e-10,SORBI_3002G148100,0.51013
TG(16:0_18:1_18:2),CTL,individual,2:37881173,2,37881173,2.542559e-10,SORBI_3002G148100,0.487261
TG(16:0_18:1_18:2),CTL,individual,2:37881173,2,37881173,2.542559e-10,SORBI_3002G148100,0.413805
TG(16:0_18:1_18:2),CTL,individual,6:31157237,6,31157237,2.589542e-10,SORBI_3006G044466,0.888685
TG(16:0_18:1_18:2),CTL,individual,6:31157237,6,31157237,2.589542e-10,SORBI_3006G044466,0.888646
TG(16:0_18:1_18:2),CTL,individual,6:31157237,6,31157237,2.589542e-10,SORBI_3006G044466,0.886921
TG(16:0_18:1_18:2),CTL,individual,6:31157237,6,31157237,2.589542e-10,SORBI_3006G044600,0.886921
TG(16:0_18:1_18:2),CTL,individual,6:31157237,6,31157237,2.589542e-10,SORBI_3006G044466,0.886882
TG(16:0_18:1_18:2),CTL,individual,6:31157237,6,31157237,2.589542e-10,SORBI_3006G044600,0.885247
TG(16:0_18:1_18:2),CTL,individual,6:31157237,6,31157237,2.589542e-10,SORBI_3006G044466,0.885207
TG(16:0_18:1_18:2),CTL,individual,6:31157237,6,31157237,2.589542e-10,SORBI_3006G044600,0.883731
TG(16:0_18:1_18:2),CTL,individual,6:31157237,6,31157237,2.589542e-10,SORBI_3006G044466,0.88369
TG(16:0_18:1_18:2),CTL,individual,6:31157237,6,31157237,2.589542e-10,SORBI_3006G044466,0.881898
TG(16:0_18:1_18:2),CTL,individual,6:31157237,6,31157237,2.589542e-10,SORBI_3006G044532,0.880851
TG(16:0_18:1_18:2),CTL,individual,6:31157237,6,31157237,2.589542e-10,SORBI_3006G044466,0.880112
TG(16:0_18:1_18:2),CTL,individual,6:31157237,6,31157237,2.589542e-10,SORBI_3006G044466,0.875215
TG(16:0_18:1_18:2),CTL,individual,6:31157237,6,31157237,2.589542e-10,SORBI_3006G044400,0.874487
TG(16:0_18:1_18:2),CTL,individual,6:31157237,6,31157237,2.589542e-10,SORBI_3006G044466,0.873939
TG(16:0_18:1_18:2),CTL,individual,6:31157237,6,31157237,2.589542e-10,SORBI_3006G044400,0.873509
TG(16:0_18:1_18:2),CTL,individual,6:31157237,6,31157237,2.589542e-10,SORBI_3006G044466,0.873509
TG(16:0_18:1_18:2),CTL,individual,6:31157237,6,31157237,2.589542e-10,SORBI_3006G044600,0.873509
TG(16:0_18:1_18:2),CTL,individual,6:31157237,6,31157237,2.589542e-10,SORBI_3006G044400,0.872809
TG(16:0_18:1_18:2),CTL,individual,6:31157237,6,31157237,2.589542e-10,SORBI_3006G044400,0.871895
TG(16:0_18:1_18:2),CTL,individual,6:31157237,6,31157237,2.589542e-10,SORBI_3006G044466,0.871895
TG(16:0_18:1_18:2),CTL,individual,6:31157237,6,31157237,2.589542e-10,SORBI_3006G044532,0.871466
TG(16:0_18:1_18:2),CTL,individual,6:31157237,6,31157237,2.589542e-10,SORBI_3006G044466,0.870206
TG(16:0_18:1_18:2),CTL,individual,6:31157237,6,31157237,2.589542e-10,SORBI_3006G044400,0.869746
TG(16:0_18:1_18:2),CTL,individual,6:31157237,6,31157237,2.589542e-10,SORBI_3006G044466,0.866744
TG(16:0_18:1_18:2),CTL,individual,6:31157237,6,31157237,2.589542e-10,SORBI_3006G044400,0.863657
TG(16:0_18:1_18:2),CTL,individual,6:31157237,6,31157237,2.589542e-10,SORBI_3006G044600,0.863408
TG(16:0_18:1_18:2),CTL,individual,6:31157237,6,31157237,2.589542e-10,SORBI_3006G044466,0.863361
TG(16:0_18:1_18:2),CTL,individual,6:31157237,6,31157237,2.589542e-10,SORBI_3006G044466,0.856781
TG(16:0_18:1_18:2),CTL,individual,6:31157237,6,31157237,2.589542e-10,SORBI_3006G044400,0.855062
TG(16:0_18:1_18:2),CTL,individual,6:31157237,6,31157237,2.589542e-10,SORBI_3006G044400,0.841371
TG(16:0_18:1_18:2),CTL,individual,6:31157237,6,31157237,2.589542e-10,SORBI_3006G044466,0.836462
TG(16:0_18:1_18:2),CTL,individual,6:31157237,6,31157237,2.589542e-10,SORBI_3006G044532,0.833616
TG(16:0_18:1_18:2),CTL,individual,6:31157237,6,31157237,2.589542e-10,SORBI_3006G044400,0.824024
TG(16:0_18:1_18:2),CTL,individual,6:31157237,6,31157237,2.589542e-10,SORBI_3006G044400,0.813919
TG(16:0_18:1_18:2),CTL,individual,6:31157237,6,31157237,2.589542e-10,SORBI_3006G044466,0.812782
TG(16:0_18:1_18:2),CTL,individual,6:31157237,6,31157237,2.589542e-10,SORBI_3006G044400,0.804303
TG(16:0_18:1_18:2),CTL,individual,6:31157237,6,31157237,2.589542e-10,SORBI_3006G044532,0.786648
TG(16:0_18:1_18:2),CTL,individual,6:31157237,6,31157237,2.589542e-10,SORBI_3006G044532,0.781437
TG(16:0_18:1_18:2),CTL,individual,6:31157237,6,31157237,2.589542e-10,SORBI_3006G044400,0.774152
TG(16:0_18:1_18:2),CTL,individual,6:31157237,6,31157237,2.589542e-10,SORBI_3006G044532,0.767467
TG(16:0_18:1_18:2),CTL,individual,6:31157237,6,31157237,2.589542e-10,SORBI_3006G044400,0.762518
TG(16:0_18:1_18:2),CTL,individual,6:31157237,6,31157237,2.589542e-10,SORBI_3006G044400,0.7523
TG(16:0_18:1_18:2),CTL,individual,5:62181083,5,62181083,3.116319e-10,SORBI_3005G152200,0.408983
TG(16:0_18:1_18:2),CTL,individual,5:62181126,5,62181126,3.172822e-10,SORBI_3005G152250,0.427322
TG(16:0_18:1_18:2),CTL,individual,5:62181126,5,62181126,3.172822e-10,SORBI_3005G152200,0.408983
TG(16:0_18:1_18:2),CTL,individual,7:7908077,7,7908077,3.889795e-10,SORBI_3007G071400,1
TG(16:0_18:1_18:2),CTL,individual,7:7908077,7,7908077,3.889795e-10,SORBI_3007G071400,1
TG(16:0_18:1_18:2),CTL,individual,7:7908077,7,7908077,3.889795e-10,SORBI_3007G071400,0.986447
TG(16:0_18:1_18:2),CTL,individual,7:7908077,7,7908077,3.889795e-10,SORBI_3007G071400,0.974059
TG(16:0_18:1_18:2),CTL,individual,7:7908077,7,7908077,3.889795e-10,SORBI_3007G070700,0.734435
TG(16:0_18:1_18:2),CTL,individual,7:7908077,7,7908077,3.889795e-10,SORBI_3007G070900,0.734435
TG(16:0_18:1_18:2),CTL,individual,7:7908077,7,7908077,3.889795e-10,SORBI_3007G071000,0.734435
TG(16:0_18:1_18:2),CTL,individual,7:7908077,7,7908077,3.889795e-10,SORBI_3007G071000,0.626008
TG(16:0_18:1_18:2),CTL,individual,7:7908077,7,7908077,3.889795e-10,SORBI_3007G071000,0.597243
TG(16:0_18:1_18:2),CTL,individual,7:7908077,7,7908077,3.889795e-10,SORBI_3007G071500,0.589342
TG(16:0_18:1_18:2),CTL,individual,7:7908077,7,7908077,3.889795e-10,SORBI_3007G071000,0.580786
TG(16:0_18:1_18:2),CTL,individual,7:7908077,7,7908077,3.889795e-10,SORBI_3007G071600,0.580786
TG(16:0_18:1_18:2),CTL,individual,7:7908077,7,7908077,3.889795e-10,SORBI_3007G071000,0.579212
TG(16:0_18:1_18:2),CTL,individual,7:7908077,7,7908077,3.889795e-10,SORBI_3007G071000,0.57863
TG(16:0_18:1_18:2),CTL,individual,7:7908077,7,7908077,3.889795e-10,SORBI_3007G071000,0.578342
TG(16:0_18:1_18:2),CTL,individual,7:7908077,7,7908077,3.889795e-10,SORBI_3007G071200,0.57812
TG(16:0_18:1_18:2),CTL,individual,7:7908077,7,7908077,3.889795e-10,SORBI_3007G071000,0.573202
TG(16:0_18:1_18:2),CTL,individual,7:7908077,7,7908077,3.889795e-10,SORBI_3007G071000,0.561924
TG(16:0_18:1_18:2),CTL,individual,7:7908077,7,7908077,3.889795e-10,SORBI_3007G071700,0.559405
TG(16:0_18:1_18:2),CTL,individual,7:7908077,7,7908077,3.889795e-10,SORBI_3007G071000,0.554694
TG(16:0_18:1_18:2),CTL,individual,7:7908077,7,7908077,3.889795e-10,SORBI_3007G071000,0.548177
TG(16:0_18:1_18:2),CTL,individual,7:7908077,7,7908077,3.889795e-10,SORBI_3007G071600,0.532146
TG(16:0_18:1_18:2),CTL,individual,7:7908077,7,7908077,3.889795e-10,SORBI_3007G071600,0.531584
TG(16:0_18:1_18:2),CTL,individual,7:7908077,7,7908077,3.889795e-10,SORBI_3007G071300,0.531256
TG(16:0_18:1_18:2),CTL,individual,7:7908077,7,7908077,3.889795e-10,SORBI_3007G071800,0.520347
TG(16:0_18:1_18:2),CTL,individual,7:7908077,7,7908077,3.889795e-10,SORBI_3007G071000,0.520201
TG(16:0_18:1_18:2),CTL,individual,7:7908077,7,7908077,3.889795e-10,SORBI_3007G071300,0.49717
TG(16:0_18:1_18:2),CTL,individual,7:7908077,7,7908077,3.889795e-10,SORBI_3007G070900,0.47655
TG(16:0_18:1_18:2),CTL,individual,7:7908077,7,7908077,3.889795e-10,SORBI_3007G070900,0.47069
TG(16:0_18:1_18:2),CTL,individual,7:7908077,7,7908077,3.889795e-10,SORBI_3007G071800,0.464496
TG(16:0_18:1_18:2),CTL,individual,7:7908077,7,7908077,3.889795e-10,SORBI_3007G071300,0.461603
TG(16:0_18:1_18:2),CTL,individual,7:7908077,7,7908077,3.889795e-10,SORBI_3007G070900,0.457661
TG(16:0_18:1_18:2),CTL,individual,7:7908077,7,7908077,3.889795e-10,SORBI_3007G070900,0.453292
TG(16:0_18:1_18:2),CTL,individual,7:7908077,7,7908077,3.889795e-10,SORBI_3007G070900,0.453093
TG(16:0_18:1_18:2),CTL,individual,7:7908077,7,7908077,3.889795e-10,SORBI_3007G071300,0.444782
TG(16:0_18:1_18:2),CTL,individual,7:7908077,7,7908077,3.889795e-10,SORBI_3007G070900,0.440207
TG(16:0_18:1_18:2),CTL,individual,7:7908077,7,7908077,3.889795e-10,SORBI_3007G071100,0.424397
TG(16:0_18:1_18:2),CTL,individual,7:7908077,7,7908077,3.889795e-10,SORBI_3007G071100,0.420693
TG(16:0_18:1_18:2),CTL,individual,7:7908077,7,7908077,3.889795e-10,SORBI_3007G071100,0.417136
TG(16:0_18:1_18:2),CTL,individual,7:7908077,7,7908077,3.889795e-10,SORBI_3007G071100,0.414693
TG(16:0_18:1_18:2),CTL,individual,7:7908077,7,7908077,3.889795e-10,SORBI_3007G071100,0.413641
TG(16:0_18:1_18:2),CTL,individual,7:7908077,7,7908077,3.889795e-10,SORBI_3007G071100,0.410557
TG(16:0_18:1_18:2),CTL,individual,7:7908077,7,7908077,3.889795e-10,SORBI_3007G071100,0.407825
TG(16:0_18:1_18:2),CTL,individual,7:7908077,7,7908077,3.889795e-10,SORBI_3007G071100,0.404294
TG(16:0_18:1_18:2),CTL,individual,7:7908077,7,7908077,3.889795e-10,SORBI_3007G071100,0.403805
TG(16:0_18:1_18:2),CTL,individual,7:7908077,7,7908077,3.889795e-10,SORBI_3007G071100,0.400762
TG(16:0_18:1_18:2),CTL,individual,7:7908077,7,7908077,3.889795e-10,SORBI_3007G071100,0.400301
TG(16:0_18:1_18:2),CTL,individual,9:21077114,9,21077114,3.931515e-10,SORBI_3009G092100,1
TG(16:0_18:1_18:2),CTL,individual,1:28567320,1,28567320,5.31203e-10,SORBI_3001G254200,0.877643
TG(16:0_18:1_18:2),CTL,individual,1:28567320,1,28567320,5.31203e-10,SORBI_3001G254300,0.877643
TG(16:0_18:1_18:2),CTL,individual,1:28567320,1,28567320,5.31203e-10,SORBI_3001G254200,0.875448
TG(16:0_18:1_18:2),CTL,individual,1:28567320,1,28567320,5.31203e-10,SORBI_3001G254200,0.873298
TG(16:0_18:1_18:2),CTL,individual,1:28567320,1,28567320,5.31203e-10,SORBI_3001G254600,0.873298
TG(16:0_18:1_18:2),CTL,individual,1:28567320,1,28567320,5.31203e-10,SORBI_3001G254200,0.871052
TG(16:0_18:1_18:2),CTL,individual,1:28567320,1,28567320,5.31203e-10,SORBI_3001G254400,0.871052
TG(16:0_18:1_18:2),CTL,individual,1:28567320,1,28567320,5.31203e-10,SORBI_3001G254600,0.862288
TG(16:0_18:1_18:2),CTL,individual,1:28567320,1,28567320,5.31203e-10,SORBI_3001G254400,0.838522
TG(16:0_18:1_18:2),CTL,individual,1:28567320,1,28567320,5.31203e-10,SORBI_3001G254700,0.834192
TG(16:0_18:1_18:2),CTL,individual,1:28567320,1,28567320,5.31203e-10,SORBI_3001G254200,0.829915
TG(16:0_18:1_18:2),CTL,individual,1:28567320,1,28567320,5.31203e-10,SORBI_3001G254200,0.82782
TG(16:0_18:1_18:2),CTL,individual,1:28567320,1,28567320,5.31203e-10,SORBI_3001G254200,0.814545
TG(16:0_18:1_18:2),CTL,individual,1:28567320,1,28567320,5.31203e-10,SORBI_3001G254700,0.812587
TG(16:0_18:1_18:2),CTL,individual,7:25940728,7,25940728,5.488802e-10,SORBI_3007G101500,0.84658
TG(16:0_18:1_18:2),CTL,individual,7:25940728,7,25940728,5.488802e-10,SORBI_3007G101600,0.618505
TG(16:0_18:1_18:2),CTL,individual,6:31285694,6,31285694,6.523066e-10,SORBI_3006G044466,0.963755
TG(16:0_18:1_18:2),CTL,individual,6:31285694,6,31285694,6.523066e-10,SORBI_3006G044466,0.958723
TG(16:0_18:1_18:2),CTL,individual,6:31285694,6,31285694,6.523066e-10,SORBI_3006G044600,0.958723
TG(16:0_18:1_18:2),CTL,individual,6:31285694,6,31285694,6.523066e-10,SORBI_3006G044600,0.95843
TG(16:0_18:1_18:2),CTL,individual,6:31285694,6,31285694,6.523066e-10,SORBI_3006G044600,0.953754
TG(16:0_18:1_18:2),CTL,individual,6:31285694,6,31285694,6.523066e-10,SORBI_3006G044600,0.948305
TG(16:0_18:1_18:2),CTL,individual,6:31285694,6,31285694,6.523066e-10,SORBI_3006G044600,0.937945
TG(16:0_18:1_18:2),CTL,individual,6:31285694,6,31285694,6.523066e-10,SORBI_3006G044532,0.919967
TG(16:0_18:1_18:2),CTL,individual,6:31285694,6,31285694,6.523066e-10,SORBI_3006G044532,0.917081
TG(16:0_18:1_18:2),CTL,individual,6:31285694,6,31285694,6.523066e-10,SORBI_3006G044532,0.891478
TG(16:0_18:1_18:2),CTL,individual,6:31285694,6,31285694,6.523066e-10,SORBI_3006G044532,0.848495
TG(16:0_18:1_18:2),CTL,individual,6:31285694,6,31285694,6.523066e-10,SORBI_3006G044532,0.839082
TG(16:0_18:1_18:2),CTL,individual,6:31285694,6,31285694,6.523066e-10,SORBI_3006G044532,0.811328
TG(16:0_18:1_18:2),CTL,individual,6:31285694,6,31285694,6.523066e-10,SORBI_3006G044800,0.457746
TG(16:0_18:1_18:2),CTL,individual,5:62181283,5,62181283,6.643431e-10,SORBI_3005G152250,0.40393
TG(16:0_18:1_18:2),CTL,individual,6:35968759,6,35968759,7.418403e-10,SORBI_3006G049600,0.869189
TG(16:0_18:1_18:2),CTL,individual,6:35968759,6,35968759,7.418403e-10,SORBI_3006G049600,0.868881
TG(16:0_18:1_18:2),CTL,individual,6:35968759,6,35968759,7.418403e-10,SORBI_3006G049600,0.867926
TG(16:0_18:1_18:2),CTL,individual,6:35968759,6,35968759,7.418403e-10,SORBI_3006G049600,0.867824
TG(16:0_18:1_18:2),CTL,individual,6:35968759,6,35968759,7.418403e-10,SORBI_3006G049600,0.867721
TG(16:0_18:1_18:2),CTL,individual,6:35968759,6,35968759,7.418403e-10,SORBI_3006G049633,0.867721
TG(16:0_18:1_18:2),CTL,individual,6:35968759,6,35968759,7.418403e-10,SORBI_3006G049600,0.866659
TG(16:0_18:1_18:2),CTL,individual,6:35968759,6,35968759,7.418403e-10,SORBI_3006G049633,0.866659
TG(16:0_18:1_18:2),CTL,individual,6:35968759,6,35968759,7.418403e-10,SORBI_3006G049600,0.8657
TG(16:0_18:1_18:2),CTL,individual,6:35968759,6,35968759,7.418403e-10,SORBI_3006G049600,0.864849
TG(16:0_18:1_18:2),CTL,individual,6:35968759,6,35968759,7.418403e-10,SORBI_3006G049600,0.864095
TG(16:0_18:1_18:2),CTL,individual,6:35968759,6,35968759,7.418403e-10,SORBI_3006G049600,0.863913
TG(16:0_18:1_18:2),CTL,individual,6:35968759,6,35968759,7.418403e-10,SORBI_3006G049600,0.86268
TG(16:0_18:1_18:2),CTL,individual,6:35968759,6,35968759,7.418403e-10,SORBI_3006G049600,0.861464
TG(16:0_18:1_18:2),CTL,individual,6:35968759,6,35968759,7.418403e-10,SORBI_3006G049600,0.854191
TG(16:0_18:1_18:2),CTL,individual,6:35968759,6,35968759,7.418403e-10,SORBI_3006G049600,0.850473
TG(16:0_18:1_18:2),CTL,individual,6:35968759,6,35968759,7.418403e-10,SORBI_3006G049600,0.849845
TG(16:0_18:1_18:2),CTL,individual,6:35968759,6,35968759,7.418403e-10,SORBI_3006G049600,0.849787
TG(16:0_18:1_18:2),CTL,individual,6:35968759,6,35968759,7.418403e-10,SORBI_3006G049600,0.84967
TG(16:0_18:1_18:2),CTL,individual,6:35968759,6,35968759,7.418403e-10,SORBI_3006G049600,0.849425
TG(16:0_18:1_18:2),CTL,individual,6:35968759,6,35968759,7.418403e-10,SORBI_3006G049600,0.849405
TG(16:0_18:1_18:2),CTL,individual,6:35968759,6,35968759,7.418403e-10,SORBI_3006G049600,0.849218
TG(16:0_18:1_18:2),CTL,individual,6:35968759,6,35968759,7.418403e-10,SORBI_3006G049600,0.848152
TG(16:0_18:1_18:2),CTL,individual,6:35968759,6,35968759,7.418403e-10,SORBI_3006G049600,0.848092
TG(16:0_18:1_18:2),CTL,individual,6:35968759,6,35968759,7.418403e-10,SORBI_3006G049600,0.848003
TG(16:0_18:1_18:2),CTL,individual,6:35968759,6,35968759,7.418403e-10,SORBI_3006G049600,0.847232
TG(16:0_18:1_18:2),CTL,individual,6:35968759,6,35968759,7.418403e-10,SORBI_3006G049600,0.846875
TG(16:0_18:1_18:2),CTL,individual,6:35968759,6,35968759,7.418403e-10,SORBI_3006G049600,0.844974
TG(16:0_18:1_18:2),CTL,individual,6:35968759,6,35968759,7.418403e-10,SORBI_3006G049600,0.844645
TG(16:0_18:1_18:2),CTL,individual,6:35968759,6,35968759,7.418403e-10,SORBI_3006G049600,0.84027
TG(16:0_18:1_18:2),CTL,individual,6:35968759,6,35968759,7.418403e-10,SORBI_3006G049600,0.832241
TG(16:0_18:1_18:2),CTL,individual,6:35968759,6,35968759,7.418403e-10,SORBI_3006G049600,0.830962
TG(16:0_18:1_18:2),CTL,individual,6:35968759,6,35968759,7.418403e-10,SORBI_3006G049600,0.830895
TG(16:0_18:1_18:2),CTL,individual,6:35968759,6,35968759,7.418403e-10,SORBI_3006G049600,0.83081
TG(16:0_18:1_18:2),CTL,individual,6:35968759,6,35968759,7.418403e-10,SORBI_3006G049600,0.829467
TG(16:0_18:1_18:2),CTL,individual,6:35968759,6,35968759,7.418403e-10,SORBI_3006G049600,0.824765
TG(16:0_18:1_18:2),CTL,individual,6:35968759,6,35968759,7.418403e-10,SORBI_3006G049600,0.819971
TG(16:0_18:1_18:2),CTL,individual,6:35968759,6,35968759,7.418403e-10,SORBI_3006G049600,0.81647
TG(16:0_18:1_18:2),CTL,individual,6:35968759,6,35968759,7.418403e-10,SORBI_3006G049600,0.810323
TG(16:0_18:1_18:2),CTL,individual,6:35968759,6,35968759,7.418403e-10,SORBI_3006G049600,0.734693
TG(16:0_18:1_18:2),CTL,individual,6:35968759,6,35968759,7.418403e-10,SORBI_3006G049600,0.662372
TG(16:0_18:1_18:2),CTL,individual,6:35968759,6,35968759,7.418403e-10,SORBI_3006G049600,0.649843
TG(16:0_18:1_18:2),CTL,individual,6:35968759,6,35968759,7.418403e-10,SORBI_3006G049600,0.531916
TG(16:0_18:1_18:2),CTL,individual,6:35968759,6,35968759,7.418403e-10,SORBI_3006G049600,0.525431
TG(16:0_18:1_18:2),CTL,individual,6:19328998,6,19328998,8.172502e-10,SORBI_3006G039800,0.975349
TG(16:0_18:1_18:2),CTL,individual,6:19328998,6,19328998,8.172502e-10,SORBI_3006G039800,0.972689
TG(16:0_18:1_18:2),CTL,individual,6:19328998,6,19328998,8.172502e-10,SORBI_3006G039900,0.972689
TG(16:0_18:1_18:2),CTL,individual,6:19328998,6,19328998,8.172502e-10,SORBI_3006G039800,0.970047
TG(16:0_18:1_18:2),CTL,individual,6:19328998,6,19328998,8.172502e-10,SORBI_3006G039800,0.969757
TG(16:0_18:1_18:2),CTL,individual,6:19328998,6,19328998,8.172502e-10,SORBI_3006G039800,0.968827
TG(16:0_18:1_18:2),CTL,individual,6:19328998,6,19328998,8.172502e-10,SORBI_3006G039800,0.967423
TG(16:0_18:1_18:2),CTL,individual,6:19328998,6,19328998,8.172502e-10,SORBI_3006G040000,0.967423
TG(16:0_18:1_18:2),CTL,individual,6:19328998,6,19328998,8.172502e-10,SORBI_3006G039800,0.967098
TG(16:0_18:1_18:2),CTL,individual,6:19328998,6,19328998,8.172502e-10,SORBI_3006G039800,0.966841
TG(16:0_18:1_18:2),CTL,individual,6:19328998,6,19328998,8.172502e-10,SORBI_3006G039900,0.966841
TG(16:0_18:1_18:2),CTL,individual,6:19328998,6,19328998,8.172502e-10,SORBI_3006G039800,0.964456
TG(16:0_18:1_18:2),CTL,individual,6:19328998,6,19328998,8.172502e-10,SORBI_3006G039800,0.963848
TG(16:0_18:1_18:2),CTL,individual,6:19328998,6,19328998,8.172502e-10,SORBI_3006G040000,0.963848
TG(16:0_18:1_18:2),CTL,individual,6:19328998,6,19328998,8.172502e-10,SORBI_3006G039800,0.961141
TG(16:0_18:1_18:2),CTL,individual,6:19328998,6,19328998,8.172502e-10,SORBI_3006G039800,0.959655
TG(16:0_18:1_18:2),CTL,individual,6:19328998,6,19328998,8.172502e-10,SORBI_3006G039800,0.958451
TG(16:0_18:1_18:2),CTL,individual,6:19328998,6,19328998,8.172502e-10,SORBI_3006G039900,0.958451
TG(16:0_18:1_18:2),CTL,individual,6:19328998,6,19328998,8.172502e-10,SORBI_3006G039800,0.955385
TG(16:0_18:1_18:2),CTL,individual,6:19328998,6,19328998,8.172502e-10,SORBI_3006G039800,0.950186
TG(16:0_18:1_18:2),CTL,individual,6:19328998,6,19328998,8.172502e-10,SORBI_3006G039800,0.947075
TG(16:0_18:1_18:2),CTL,individual,6:19328998,6,19328998,8.172502e-10,SORBI_3006G039800,0.945258
TG(16:0_18:1_18:2),CTL,individual,6:19328998,6,19328998,8.172502e-10,SORBI_3006G039800,0.945134
TG(16:0_18:1_18:2),CTL,individual,6:19328998,6,19328998,8.172502e-10,SORBI_3006G039800,0.944881
TG(16:0_18:1_18:2),CTL,individual,6:19328998,6,19328998,8.172502e-10,SORBI_3006G039800,0.937553
TG(16:0_18:1_18:2),CTL,individual,6:19328998,6,19328998,8.172502e-10,SORBI_3006G039800,0.930421
TG(16:0_18:1_18:2),CTL,individual,6:19328998,6,19328998,8.172502e-10,SORBI_3006G040000,0.930421
TG(16:0_18:1_18:2),CTL,individual,6:19328998,6,19328998,8.172502e-10,SORBI_3006G039800,0.927683
TG(16:0_18:1_18:2),CTL,individual,6:19328998,6,19328998,8.172502e-10,SORBI_3006G039800,0.927584
TG(16:0_18:1_18:2),CTL,individual,6:19328998,6,19328998,8.172502e-10,SORBI_3006G039900,0.927584
TG(16:0_18:1_18:2),CTL,individual,6:19328998,6,19328998,8.172502e-10,SORBI_3006G039800,0.927028
TG(16:0_18:1_18:2),CTL,individual,6:19328998,6,19328998,8.172502e-10,SORBI_3006G039800,0.92483
TG(16:0_18:1_18:2),CTL,individual,6:19328998,6,19328998,8.172502e-10,SORBI_3006G039800,0.924762
TG(16:0_18:1_18:2),CTL,individual,6:19328998,6,19328998,8.172502e-10,SORBI_3006G040000,0.924762
TG(16:0_18:1_18:2),CTL,individual,6:19328998,6,19328998,8.172502e-10,SORBI_3006G040101,0.923377
TG(16:0_18:1_18:2),CTL,individual,6:19328998,6,19328998,8.172502e-10,SORBI_3006G039800,0.921955
TG(16:0_18:1_18:2),CTL,individual,6:19328998,6,19328998,8.172502e-10,SORBI_3006G039800,0.919474
TG(16:0_18:1_18:2),CTL,individual,6:19328998,6,19328998,8.172502e-10,SORBI_3006G039800,0.91917
TG(16:0_18:1_18:2),CTL,individual,6:19328998,6,19328998,8.172502e-10,SORBI_3006G039800,0.919164
TG(16:0_18:1_18:2),CTL,individual,6:19328998,6,19328998,8.172502e-10,SORBI_3006G040101,0.914486
TG(16:0_18:1_18:2),CTL,individual,6:19328998,6,19328998,8.172502e-10,SORBI_3006G039800,0.913628
TG(16:0_18:1_18:2),CTL,individual,6:19328998,6,19328998,8.172502e-10,SORBI_3006G039800,0.913572
TG(16:0_18:1_18:2),CTL,individual,6:19328998,6,19328998,8.172502e-10,SORBI_3006G039800,0.911157
TG(16:0_18:1_18:2),CTL,individual,6:19328998,6,19328998,8.172502e-10,SORBI_3006G039800,0.908205
TG(16:0_18:1_18:2),CTL,individual,6:19328998,6,19328998,8.172502e-10,SORBI_3006G040101,0.903352
TG(16:0_18:1_18:2),CTL,individual,6:19328998,6,19328998,8.172502e-10,SORBI_3006G039800,0.902563
TG(16:0_18:1_18:2),CTL,individual,6:19328998,6,19328998,8.172502e-10,SORBI_3006G040101,0.901808
TG(16:0_18:1_18:2),CTL,individual,6:19328998,6,19328998,8.172502e-10,SORBI_3006G039800,0.894227
TG(16:0_18:1_18:2),CTL,individual,6:19328998,6,19328998,8.172502e-10,SORBI_3006G039800,0.893023
TG(16:0_18:1_18:2),CTL,individual,6:19328998,6,19328998,8.172502e-10,SORBI_3006G039800,0.885917
TG(16:0_18:1_18:2),CTL,individual,6:19328998,6,19328998,8.172502e-10,SORBI_3006G039800,0.885062
TG(16:0_18:1_18:2),CTL,individual,6:19328998,6,19328998,8.172502e-10,SORBI_3006G039800,0.878298
TG(16:0_18:1_18:2),CTL,individual,6:19328998,6,19328998,8.172502e-10,SORBI_3006G039800,0.874727
TG(16:0_18:1_18:2),CTL,individual,6:19328998,6,19328998,8.172502e-10,SORBI_3006G039800,0.861294
TG(16:0_18:1_18:2),CTL,individual,6:19328998,6,19328998,8.172502e-10,SORBI_3006G039800,0.858805
TG(16:0_18:1_18:2),CTL,individual,6:19328998,6,19328998,8.172502e-10,SORBI_3006G039800,0.852374
TG(16:0_18:1_18:2),CTL,individual,6:19328998,6,19328998,8.172502e-10,SORBI_3006G039800,0.829169
TG(16:0_18:1_18:2),CTL,individual,6:19328998,6,19328998,8.172502e-10,SORBI_3006G040101,0.817305
TG(16:0_18:1_18:2),CTL,individual,6:19328998,6,19328998,8.172502e-10,SORBI_3006G040101,0.807597
TG(16:0_18:1_18:2),CTL,individual,6:19328998,6,19328998,8.172502e-10,SORBI_3006G040101,0.8035
TG(16:0_18:1_18:2),CTL,individual,6:19328998,6,19328998,8.172502e-10,SORBI_3006G040101,0.786301
TG(16:0_18:1_18:2),CTL,individual,6:19328998,6,19328998,8.172502e-10,SORBI_3006G039800,0.758269
TG(16:0_18:1_18:2),CTL,individual,6:19328998,6,19328998,8.172502e-10,SORBI_3006G039800,0.738332
TG(16:0_18:1_18:2),CTL,individual,6:19328998,6,19328998,8.172502e-10,SORBI_3006G039800,0.730552
TG(16:0_18:1_18:2),CTL,individual,6:19328998,6,19328998,8.172502e-10,SORBI_3006G039800,0.724327
TG(16:0_18:1_18:2),CTL,individual,6:19328998,6,19328998,8.172502e-10,SORBI_3006G039800,0.7194
TG(16:0_18:1_18:2),CTL,individual,6:19328998,6,19328998,8.172502e-10,SORBI_3006G039900,0.7194
TG(16:0_18:1_18:2),CTL,individual,6:19328998,6,19328998,8.172502e-10,SORBI_3006G039800,0.710071
TG(16:0_18:1_18:2),CTL,individual,6:19328998,6,19328998,8.172502e-10,SORBI_3006G039900,0.710071
TG(16:0_18:1_18:2),CTL,individual,6:19328998,6,19328998,8.172502e-10,SORBI_3006G040000,0.710071
TG(16:0_18:1_18:2),CTL,individual,6:19328998,6,19328998,8.172502e-10,SORBI_3006G039800,0.708199
TG(16:0_18:1_18:2),CTL,individual,6:19328998,6,19328998,8.172502e-10,SORBI_3006G039800,0.707814
TG(16:0_18:1_18:2),CTL,individual,6:19328998,6,19328998,8.172502e-10,SORBI_3006G040000,0.707814
TG(16:0_18:1_18:2),CTL,individual,6:19328998,6,19328998,8.172502e-10,SORBI_3006G039800,0.705573
TG(16:0_18:1_18:2),CTL,individual,6:19328998,6,19328998,8.172502e-10,SORBI_3006G039800,0.704511
TG(16:0_18:1_18:2),CTL,individual,6:19328998,6,19328998,8.172502e-10,SORBI_3006G039800,0.703063
TG(16:0_18:1_18:2),CTL,individual,6:19328998,6,19328998,8.172502e-10,SORBI_3006G039800,0.69895
TG(16:0_18:1_18:2),CTL,individual,6:19328998,6,19328998,8.172502e-10,SORBI_3006G039800,0.694621
TG(16:0_18:1_18:2),CTL,individual,6:19328998,6,19328998,8.172502e-10,SORBI_3006G040101,0.678044
TG(16:0_18:1_18:2),CTL,individual,6:19328998,6,19328998,8.172502e-10,SORBI_3006G039800,0.67709
TG(16:0_18:1_18:2),CTL,individual,6:19328998,6,19328998,8.172502e-10,SORBI_3006G040101,0.670479
TG(16:0_18:1_18:2),CTL,individual,6:19328998,6,19328998,8.172502e-10,SORBI_3006G039800,0.655376
TG(16:0_18:1_18:2),CTL,individual,6:19328998,6,19328998,8.172502e-10,SORBI_3006G039800,0.489283
TG(16:0_18:1_18:2),CTL,individual,1:18822378,1,18822378,8.314638e-10,SORBI_3001G206100,1
TG(16:0_18:1_18:2),CTL,individual,1:18822378,1,18822378,8.314638e-10,SORBI_3001G206100,1
TG(16:0_18:1_18:2),CTL,individual,1:18822378,1,18822378,8.314638e-10,SORBI_3001G206100,0.976016
TG(16:0_18:1_18:2),CTL,individual,1:18822378,1,18822378,8.314638e-10,SORBI_3001G206100,0.856156
TG(16:0_18:1_18:2),CTL,individual,1:18822378,1,18822378,8.314638e-10,SORBI_3001G206100,0.837735
TG(16:0_18:1_18:2),CTL,individual,1:18822378,1,18822378,8.314638e-10,SORBI_3001G206100,0.775468
TG(16:0_18:1_18:2),CTL,individual,1:18822378,1,18822378,8.314638e-10,SORBI_3001G206100,0.768514
TG(16:0_18:1_18:2),CTL,individual,1:18822378,1,18822378,8.314638e-10,SORBI_3001G206100,0.749563
TG(16:0_18:1_18:2),CTL,individual,1:18822378,1,18822378,8.314638e-10,SORBI_3001G206100,0.744513
TG(16:0_18:1_18:2),CTL,individual,1:18822378,1,18822378,8.314638e-10,SORBI_3001G206100,0.743511
TG(16:0_18:1_18:2),CTL,individual,1:18822378,1,18822378,8.314638e-10,SORBI_3001G206100,0.740725
TG(16:0_18:1_18:2),CTL,individual,1:18822378,1,18822378,8.314638e-10,SORBI_3001G206100,0.72568
TG(16:0_18:1_18:2),CTL,individual,1:18822378,1,18822378,8.314638e-10,SORBI_3001G206100,0.725609
TG(16:0_18:1_18:2),CTL,individual,1:18822378,1,18822378,8.314638e-10,SORBI_3001G206100,0.716049
TG(16:0_18:1_18:2),CTL,individual,1:18822378,1,18822378,8.314638e-10,SORBI_3001G206100,0.714031
TG(16:0_18:1_18:2),CTL,individual,1:18822378,1,18822378,8.314638e-10,SORBI_3001G206100,0.705673
TG(16:0_18:1_18:2),CTL,individual,1:18822378,1,18822378,8.314638e-10,SORBI_3001G206100,0.692785
TG(16:0_18:1_18:2),CTL,individual,1:18822378,1,18822378,8.314638e-10,SORBI_3001G206100,0.678381
TG(16:0_18:1_18:2),CTL,individual,1:18822378,1,18822378,8.314638e-10,SORBI_3001G206100,0.674517
TG(16:0_18:1_18:2),CTL,individual,1:18822378,1,18822378,8.314638e-10,SORBI_3001G206100,0.669263
TG(16:0_18:1_18:2),CTL,individual,1:18822378,1,18822378,8.314638e-10,SORBI_3001G206100,0.663279
TG(16:0_18:1_18:2),CTL,individual,1:18822378,1,18822378,8.314638e-10,SORBI_3001G206100,0.645867
TG(16:0_18:1_18:2),CTL,individual,1:18822378,1,18822378,8.314638e-10,SORBI_3001G206100,0.628191
TG(16:0_18:1_18:2),CTL,individual,1:18822378,1,18822378,8.314638e-10,SORBI_3001G206100,0.60106
TG(16:0_18:1_18:2),CTL,individual,1:18822378,1,18822378,8.314638e-10,SORBI_3001G206100,0.539978
TG(16:0_18:1_18:2),CTL,individual,1:18822378,1,18822378,8.314638e-10,SORBI_3001G206100,0.52559
TG(16:0_18:1_18:2),CTL,individual,1:18822378,1,18822378,8.314638e-10,SORBI_3001G206100,0.484254
TG(16:0_18:1_18:2),CTL,individual,1:18822378,1,18822378,8.314638e-10,SORBI_3001G206100,0.479676
TG(16:0_18:1_18:2),CTL,individual,1:18822378,1,18822378,8.314638e-10,SORBI_3001G206100,0.475115
TG(16:0_18:1_18:2),CTL,individual,1:18822378,1,18822378,8.314638e-10,SORBI_3001G206100,0.462527
TG(16:0_18:1_18:2),CTL,individual,1:18822378,1,18822378,8.314638e-10,SORBI_3001G206100,0.446457
TG(16:0_18:1_18:2),CTL,individual,1:18822378,1,18822378,8.314638e-10,SORBI_3001G206100,0.438998
TG(16:0_18:1_18:2),CTL,individual,1:18822378,1,18822378,8.314638e-10,SORBI_3001G206100,0.407847
TG(16:0_18:1_18:2),CTL,individual,9:26950638,9,26950638,8.877419e-10,SORBI_3009G095560,0.961213
TG(16:0_18:1_18:2),CTL,individual,9:26950638,9,26950638,8.877419e-10,SORBI_3009G095480,0.751741
TG(16:0_18:1_18:2),CTL,individual,9:26950638,9,26950638,8.877419e-10,SORBI_3009G095480,0.458182
TG(16:0_18:1_18:2),CTL,individual,9:26950638,9,26950638,8.877419e-10,SORBI_3009G095480,0.403786
TG(16:0_18:1_18:2),CTL,individual,5:11830284,5,11830284,9.037446e-10,SORBI_3005G086650,0.645278
TG(16:0_18:1_18:2),CTL,individual,4:25682608,4,25682608,9.136996e-10,SORBI_3004G134801,0.959269
TG(16:0_18:1_18:2),CTL,individual,4:25682608,4,25682608,9.136996e-10,SORBI_3004G134900,0.959219
TG(16:0_18:1_18:2),CTL,individual,4:25682608,4,25682608,9.136996e-10,SORBI_3004G134900,0.949161
TG(16:0_18:1_18:2),CTL,individual,4:25682608,4,25682608,9.136996e-10,SORBI_3004G134900,0.939337
TG(16:0_18:1_18:2),CTL,individual,4:25682608,4,25682608,9.136996e-10,SORBI_3004G134801,0.938849
TG(16:0_18:1_18:2),CTL,individual,4:25682608,4,25682608,9.136996e-10,SORBI_3004G134900,0.938817
TG(16:0_18:1_18:2),CTL,individual,4:25682608,4,25682608,9.136996e-10,SORBI_3004G134801,0.929851
TG(16:0_18:1_18:2),CTL,individual,4:25682608,4,25682608,9.136996e-10,SORBI_3004G134801,0.918757
TG(16:0_18:1_18:2),CTL,individual,4:25682608,4,25682608,9.136996e-10,SORBI_3004G134900,0.918688
TG(16:0_18:1_18:2),CTL,individual,4:25682608,4,25682608,9.136996e-10,SORBI_3004G134900,0.918674
TG(16:0_18:1_18:2),CTL,individual,4:25682608,4,25682608,9.136996e-10,SORBI_3004G134900,0.91866
TG(16:0_18:1_18:2),CTL,individual,4:25682608,4,25682608,9.136996e-10,SORBI_3004G134900,0.918646
TG(16:0_18:1_18:2),CTL,individual,4:25682608,4,25682608,9.136996e-10,SORBI_3004G134801,0.908769
TG(16:0_18:1_18:2),CTL,individual,4:25682608,4,25682608,9.136996e-10,SORBI_3004G134900,0.908708
TG(16:0_18:1_18:2),CTL,individual,4:25682608,4,25682608,9.136996e-10,SORBI_3004G134900,0.908692
TG(16:0_18:1_18:2),CTL,individual,4:25682608,4,25682608,9.136996e-10,SORBI_3004G134801,0.908551
TG(16:0_18:1_18:2),CTL,individual,4:25682608,4,25682608,9.136996e-10,SORBI_3004G134900,0.908488
TG(16:0_18:1_18:2),CTL,individual,4:25682608,4,25682608,9.136996e-10,SORBI_3004G134900,0.908472
TG(16:0_18:1_18:2),CTL,individual,4:25682608,4,25682608,9.136996e-10,SORBI_3004G134900,0.908456
TG(16:0_18:1_18:2),CTL,individual,4:25682608,4,25682608,9.136996e-10,SORBI_3004G134900,0.908423
TG(16:0_18:1_18:2),CTL,individual,4:25682608,4,25682608,9.136996e-10,SORBI_3004G134801,0.899022
TG(16:0_18:1_18:2),CTL,individual,4:25682608,4,25682608,9.136996e-10,SORBI_3004G134801,0.898564
TG(16:0_18:1_18:2),CTL,individual,4:25682608,4,25682608,9.136996e-10,SORBI_3004G134801,0.898337
TG(16:0_18:1_18:2),CTL,individual,4:25682608,4,25682608,9.136996e-10,SORBI_3004G134801,0.880345
TG(16:0_18:1_18:2),CTL,individual,4:25682608,4,25682608,9.136996e-10,SORBI_3004G134801,0.877918
TG(16:0_18:1_18:2),CTL,individual,4:25682608,4,25682608,9.136996e-10,SORBI_3004G134801,0.87147
TG(16:0_18:1_18:2),CTL,individual,4:25682608,4,25682608,9.136996e-10,SORBI_3004G134801,0.837776
TG(16:0_18:1_18:2),CTL,individual,4:25682608,4,25682608,9.136996e-10,SORBI_3004G134900,0.837515
TG(16:0_18:1_18:2),CTL,individual,4:25682608,4,25682608,9.136996e-10,SORBI_3004G134900,0.756104
TG(16:0_18:1_18:2),CTL,individual,4:25682608,4,25682608,9.136996e-10,SORBI_3004G134900,0.666261
TG(16:0_18:1_18:2),CTL,individual,4:25682608,4,25682608,9.136996e-10,SORBI_3004G134900,0.652683
TG(16:0_18:1_18:2),CTL,individual,4:25682608,4,25682608,9.136996e-10,SORBI_3004G134900,0.647708
TG(16:0_18:1_18:2),CTL,individual,4:25682608,4,25682608,9.136996e-10,SORBI_3004G134900,0.628962
TG(16:0_18:1_18:2),CTL,individual,4:25682608,4,25682608,9.136996e-10,SORBI_3004G134900,0.613719
TG(16:0_18:1_18:2),CTL,individual,4:25682608,4,25682608,9.136996e-10,SORBI_3004G134801,0.566987
TG(16:0_18:1_18:2),CTL,individual,4:25682608,4,25682608,9.136996e-10,SORBI_3004G134801,0.549598
TG(16:0_18:1_18:2),CTL,individual,4:25682608,4,25682608,9.136996e-10,SORBI_3004G134900,0.410681
TG(16:0_18:1_18:2),CTL,individual,10:53259182,10,53259182,9.345833e-10,SORBI_3010G191100,0.429972
TG(16:0_18:1_18:2),CTL,individual,2:3988143,2,3988143,1.034041e-09,SORBI_3002G041400,1
TG(16:0_18:1_18:2),CTL,individual,2:3988143,2,3988143,1.034041e-09,SORBI_3002G041400,1
TG(16:0_18:1_18:2),CTL,individual,2:3988145,2,3988145,1.034041e-09,SORBI_3002G041400,1
TG(16:0_18:1_18:2),CTL,individual,2:3988145,2,3988145,1.034041e-09,SORBI_3002G041400,1
TG(16:0_18:1_18:2),CTL,individual,2:3988146,2,3988146,1.034041e-09,SORBI_3002G041400,1
TG(16:0_18:1_18:2),CTL,individual,2:3988146,2,3988146,1.034041e-09,SORBI_3002G041400,1
TG(16:0_18:1_18:2),CTL,individual,2:3988143,2,3988143,1.034041e-09,SORBI_3002G041400,0.883233
TG(16:0_18:1_18:2),CTL,individual,2:3988145,2,3988145,1.034041e-09,SORBI_3002G041400,0.883233
TG(16:0_18:1_18:2),CTL,individual,2:3988146,2,3988146,1.034041e-09,SORBI_3002G041400,0.883233
TG(16:0_18:1_18:2),CTL,individual,2:3988143,2,3988143,1.034041e-09,SORBI_3002G041533,0.863715
TG(16:0_18:1_18:2),CTL,individual,2:3988145,2,3988145,1.034041e-09,SORBI_3002G041533,0.863715
TG(16:0_18:1_18:2),CTL,individual,2:3988146,2,3988146,1.034041e-09,SORBI_3002G041533,0.863715
TG(16:0_18:1_18:2),CTL,individual,2:3988143,2,3988143,1.034041e-09,SORBI_3002G041533,0.856553
TG(16:0_18:1_18:2),CTL,individual,2:3988145,2,3988145,1.034041e-09,SORBI_3002G041533,0.856553
TG(16:0_18:1_18:2),CTL,individual,2:3988146,2,3988146,1.034041e-09,SORBI_3002G041533,0.856553
TG(16:0_18:1_18:2),CTL,individual,2:3988143,2,3988143,1.034041e-09,SORBI_3002G041366,0.848746
TG(16:0_18:1_18:2),CTL,individual,2:3988145,2,3988145,1.034041e-09,SORBI_3002G041366,0.848746
TG(16:0_18:1_18:2),CTL,individual,2:3988146,2,3988146,1.034041e-09,SORBI_3002G041366,0.848746
TG(16:0_18:1_18:2),CTL,individual,2:3988143,2,3988143,1.034041e-09,SORBI_3002G041366,0.847675
TG(16:0_18:1_18:2),CTL,individual,2:3988143,2,3988143,1.034041e-09,SORBI_3002G041400,0.847675
TG(16:0_18:1_18:2),CTL,individual,2:3988145,2,3988145,1.034041e-09,SORBI_3002G041366,0.847675
TG(16:0_18:1_18:2),CTL,individual,2:3988145,2,3988145,1.034041e-09,SORBI_3002G041400,0.847675
TG(16:0_18:1_18:2),CTL,individual,2:3988146,2,3988146,1.034041e-09,SORBI_3002G041366,0.847675
TG(16:0_18:1_18:2),CTL,individual,2:3988146,2,3988146,1.034041e-09,SORBI_3002G041400,0.847675
TG(16:0_18:1_18:2),CTL,individual,2:3988143,2,3988143,1.034041e-09,SORBI_3002G041666,0.80514
TG(16:0_18:1_18:2),CTL,individual,2:3988145,2,3988145,1.034041e-09,SORBI_3002G041666,0.80514
TG(16:0_18:1_18:2),CTL,individual,2:3988146,2,3988146,1.034041e-09,SORBI_3002G041666,0.80514
TG(16:0_18:1_18:2),CTL,individual,2:3988143,2,3988143,1.034041e-09,SORBI_3002G041200,0.781881
TG(16:0_18:1_18:2),CTL,individual,2:3988145,2,3988145,1.034041e-09,SORBI_3002G041200,0.781881
TG(16:0_18:1_18:2),CTL,individual,2:3988146,2,3988146,1.034041e-09,SORBI_3002G041200,0.781881
TG(16:0_18:1_18:2),CTL,individual,2:3988143,2,3988143,1.034041e-09,SORBI_3002G041800,0.756649
TG(16:0_18:1_18:2),CTL,individual,2:3988145,2,3988145,1.034041e-09,SORBI_3002G041800,0.756649
TG(16:0_18:1_18:2),CTL,individual,2:3988146,2,3988146,1.034041e-09,SORBI_3002G041800,0.756649
TG(16:0_18:1_18:2),CTL,individual,2:3988143,2,3988143,1.034041e-09,SORBI_3002G041800,0.756248
TG(16:0_18:1_18:2),CTL,individual,2:3988143,2,3988143,1.034041e-09,SORBI_3002G041900,0.756248
TG(16:0_18:1_18:2),CTL,individual,2:3988145,2,3988145,1.034041e-09,SORBI_3002G041800,0.756248
TG(16:0_18:1_18:2),CTL,individual,2:3988145,2,3988145,1.034041e-09,SORBI_3002G041900,0.756248
TG(16:0_18:1_18:2),CTL,individual,2:3988146,2,3988146,1.034041e-09,SORBI_3002G041800,0.756248
TG(16:0_18:1_18:2),CTL,individual,2:3988146,2,3988146,1.034041e-09,SORBI_3002G041900,0.756248
TG(16:0_18:1_18:2),CTL,individual,2:3988143,2,3988143,1.034041e-09,SORBI_3002G041200,0.754504
TG(16:0_18:1_18:2),CTL,individual,2:3988145,2,3988145,1.034041e-09,SORBI_3002G041200,0.754504
TG(16:0_18:1_18:2),CTL,individual,2:3988146,2,3988146,1.034041e-09,SORBI_3002G041200,0.754504
TG(16:0_18:1_18:2),CTL,individual,2:3988143,2,3988143,1.034041e-09,SORBI_3002G041900,0.748866
TG(16:0_18:1_18:2),CTL,individual,2:3988145,2,3988145,1.034041e-09,SORBI_3002G041900,0.748866
TG(16:0_18:1_18:2),CTL,individual,2:3988146,2,3988146,1.034041e-09,SORBI_3002G041900,0.748866
TG(16:0_18:1_18:2),CTL,individual,2:3988143,2,3988143,1.034041e-09,SORBI_3002G041366,0.743799
TG(16:0_18:1_18:2),CTL,individual,2:3988145,2,3988145,1.034041e-09,SORBI_3002G041366,0.743799
TG(16:0_18:1_18:2),CTL,individual,2:3988146,2,3988146,1.034041e-09,SORBI_3002G041366,0.743799
TG(16:0_18:1_18:2),CTL,individual,2:3988143,2,3988143,1.034041e-09,SORBI_3002G041200,0.73147
TG(16:0_18:1_18:2),CTL,individual,2:3988145,2,3988145,1.034041e-09,SORBI_3002G041200,0.73147
TG(16:0_18:1_18:2),CTL,individual,2:3988146,2,3988146,1.034041e-09,SORBI_3002G041200,0.73147
TG(16:0_18:1_18:2),CTL,individual,2:3988143,2,3988143,1.034041e-09,SORBI_3002G041200,0.721262
TG(16:0_18:1_18:2),CTL,individual,2:3988145,2,3988145,1.034041e-09,SORBI_3002G041200,0.721262
TG(16:0_18:1_18:2),CTL,individual,2:3988146,2,3988146,1.034041e-09,SORBI_3002G041200,0.721262
TG(16:0_18:1_18:2),CTL,individual,2:3988143,2,3988143,1.034041e-09,SORBI_3002G041150,0.716999
TG(16:0_18:1_18:2),CTL,individual,2:3988145,2,3988145,1.034041e-09,SORBI_3002G041150,0.716999
TG(16:0_18:1_18:2),CTL,individual,2:3988146,2,3988146,1.034041e-09,SORBI_3002G041150,0.716999
TG(16:0_18:1_18:2),CTL,individual,2:3988143,2,3988143,1.034041e-09,SORBI_3002G041150,0.715403
TG(16:0_18:1_18:2),CTL,individual,2:3988145,2,3988145,1.034041e-09,SORBI_3002G041150,0.715403
TG(16:0_18:1_18:2),CTL,individual,2:3988146,2,3988146,1.034041e-09,SORBI_3002G041150,0.715403
TG(16:0_18:1_18:2),CTL,individual,2:3988143,2,3988143,1.034041e-09,SORBI_3002G041100,0.709664
TG(16:0_18:1_18:2),CTL,individual,2:3988145,2,3988145,1.034041e-09,SORBI_3002G041100,0.709664
TG(16:0_18:1_18:2),CTL,individual,2:3988146,2,3988146,1.034041e-09,SORBI_3002G041100,0.709664
TG(16:0_18:1_18:2),CTL,individual,2:3988143,2,3988143,1.034041e-09,SORBI_3002G041150,0.709612
TG(16:0_18:1_18:2),CTL,individual,2:3988145,2,3988145,1.034041e-09,SORBI_3002G041150,0.709612
TG(16:0_18:1_18:2),CTL,individual,2:3988146,2,3988146,1.034041e-09,SORBI_3002G041150,0.709612
TG(16:0_18:1_18:2),CTL,individual,2:3988143,2,3988143,1.034041e-09,SORBI_3002G041100,0.706346
TG(16:0_18:1_18:2),CTL,individual,2:3988145,2,3988145,1.034041e-09,SORBI_3002G041100,0.706346
TG(16:0_18:1_18:2),CTL,individual,2:3988146,2,3988146,1.034041e-09,SORBI_3002G041100,0.706346
TG(16:0_18:1_18:2),CTL,individual,2:3988143,2,3988143,1.034041e-09,SORBI_3002G041666,0.698123
TG(16:0_18:1_18:2),CTL,individual,2:3988145,2,3988145,1.034041e-09,SORBI_3002G041666,0.698123
TG(16:0_18:1_18:2),CTL,individual,2:3988146,2,3988146,1.034041e-09,SORBI_3002G041666,0.698123
TG(16:0_18:1_18:2),CTL,individual,2:3988143,2,3988143,1.034041e-09,SORBI_3002G041150,0.659975
TG(16:0_18:1_18:2),CTL,individual,2:3988145,2,3988145,1.034041e-09,SORBI_3002G041150,0.659975
TG(16:0_18:1_18:2),CTL,individual,2:3988146,2,3988146,1.034041e-09,SORBI_3002G041150,0.659975
TG(16:0_18:1_18:2),CTL,individual,2:3988143,2,3988143,1.034041e-09,SORBI_3002G041150,0.622905
TG(16:0_18:1_18:2),CTL,individual,2:3988145,2,3988145,1.034041e-09,SORBI_3002G041150,0.622905
TG(16:0_18:1_18:2),CTL,individual,2:3988146,2,3988146,1.034041e-09,SORBI_3002G041150,0.622905
TG(16:0_18:1_18:2),CTL,individual,2:3988143,2,3988143,1.034041e-09,SORBI_3002G043100,0.622041
TG(16:0_18:1_18:2),CTL,individual,2:3988145,2,3988145,1.034041e-09,SORBI_3002G043100,0.622041
TG(16:0_18:1_18:2),CTL,individual,2:3988146,2,3988146,1.034041e-09,SORBI_3002G043100,0.622041
TG(16:0_18:1_18:2),CTL,individual,2:3988143,2,3988143,1.034041e-09,SORBI_3002G042500,0.621638
TG(16:0_18:1_18:2),CTL,individual,2:3988143,2,3988143,1.034041e-09,SORBI_3002G042600,0.621638
TG(16:0_18:1_18:2),CTL,individual,2:3988145,2,3988145,1.034041e-09,SORBI_3002G042500,0.621638
TG(16:0_18:1_18:2),CTL,individual,2:3988145,2,3988145,1.034041e-09,SORBI_3002G042600,0.621638
TG(16:0_18:1_18:2),CTL,individual,2:3988146,2,3988146,1.034041e-09,SORBI_3002G042500,0.621638
TG(16:0_18:1_18:2),CTL,individual,2:3988146,2,3988146,1.034041e-09,SORBI_3002G042600,0.621638
TG(16:0_18:1_18:2),CTL,individual,2:3988143,2,3988143,1.034041e-09,SORBI_3002G042500,0.619378
TG(16:0_18:1_18:2),CTL,individual,2:3988143,2,3988143,1.034041e-09,SORBI_3002G042600,0.619378
TG(16:0_18:1_18:2),CTL,individual,2:3988145,2,3988145,1.034041e-09,SORBI_3002G042500,0.619378
TG(16:0_18:1_18:2),CTL,individual,2:3988145,2,3988145,1.034041e-09,SORBI_3002G042600,0.619378
TG(16:0_18:1_18:2),CTL,individual,2:3988146,2,3988146,1.034041e-09,SORBI_3002G042500,0.619378
TG(16:0_18:1_18:2),CTL,individual,2:3988146,2,3988146,1.034041e-09,SORBI_3002G042600,0.619378
TG(16:0_18:1_18:2),CTL,individual,2:3988143,2,3988143,1.034041e-09,SORBI_3002G042600,0.614716
TG(16:0_18:1_18:2),CTL,individual,2:3988143,2,3988143,1.034041e-09,SORBI_3002G042800,0.614716
TG(16:0_18:1_18:2),CTL,individual,2:3988143,2,3988143,1.034041e-09,SORBI_3002G043000,0.614716
TG(16:0_18:1_18:2),CTL,individual,2:3988145,2,3988145,1.034041e-09,SORBI_3002G042600,0.614716
TG(16:0_18:1_18:2),CTL,individual,2:3988145,2,3988145,1.034041e-09,SORBI_3002G042800,0.614716
TG(16:0_18:1_18:2),CTL,individual,2:3988145,2,3988145,1.034041e-09,SORBI_3002G043000,0.614716
TG(16:0_18:1_18:2),CTL,individual,2:3988146,2,3988146,1.034041e-09,SORBI_3002G042600,0.614716
TG(16:0_18:1_18:2),CTL,individual,2:3988146,2,3988146,1.034041e-09,SORBI_3002G042800,0.614716
TG(16:0_18:1_18:2),CTL,individual,2:3988146,2,3988146,1.034041e-09,SORBI_3002G043000,0.614716
TG(16:0_18:1_18:2),CTL,individual,2:3988143,2,3988143,1.034041e-09,SORBI_3002G041666,0.604525
TG(16:0_18:1_18:2),CTL,individual,2:3988145,2,3988145,1.034041e-09,SORBI_3002G041666,0.604525
TG(16:0_18:1_18:2),CTL,individual,2:3988146,2,3988146,1.034041e-09,SORBI_3002G041666,0.604525
TG(16:0_18:1_18:2),CTL,individual,2:3988143,2,3988143,1.034041e-09,SORBI_3002G042500,0.596979
TG(16:0_18:1_18:2),CTL,individual,2:3988143,2,3988143,1.034041e-09,SORBI_3002G042600,0.596979
TG(16:0_18:1_18:2),CTL,individual,2:3988143,2,3988143,1.034041e-09,SORBI_3002G042800,0.596979
TG(16:0_18:1_18:2),CTL,individual,2:3988145,2,3988145,1.034041e-09,SORBI_3002G042500,0.596979
TG(16:0_18:1_18:2),CTL,individual,2:3988145,2,3988145,1.034041e-09,SORBI_3002G042600,0.596979
TG(16:0_18:1_18:2),CTL,individual,2:3988145,2,3988145,1.034041e-09,SORBI_3002G042800,0.596979
TG(16:0_18:1_18:2),CTL,individual,2:3988146,2,3988146,1.034041e-09,SORBI_3002G042500,0.596979
TG(16:0_18:1_18:2),CTL,individual,2:3988146,2,3988146,1.034041e-09,SORBI_3002G042600,0.596979
TG(16:0_18:1_18:2),CTL,individual,2:3988146,2,3988146,1.034041e-09,SORBI_3002G042800,0.596979
TG(16:0_18:1_18:2),CTL,individual,2:3988143,2,3988143,1.034041e-09,SORBI_3002G042500,0.595707
TG(16:0_18:1_18:2),CTL,individual,2:3988143,2,3988143,1.034041e-09,SORBI_3002G042600,0.595707
TG(16:0_18:1_18:2),CTL,individual,2:3988143,2,3988143,1.034041e-09,SORBI_3002G043100,0.595707
TG(16:0_18:1_18:2),CTL,individual,2:3988143,2,3988143,1.034041e-09,SORBI_3002G043500,0.595707
TG(16:0_18:1_18:2),CTL,individual,2:3988145,2,3988145,1.034041e-09,SORBI_3002G042500,0.595707
TG(16:0_18:1_18:2),CTL,individual,2:3988145,2,3988145,1.034041e-09,SORBI_3002G042600,0.595707
TG(16:0_18:1_18:2),CTL,individual,2:3988145,2,3988145,1.034041e-09,SORBI_3002G043100,0.595707
TG(16:0_18:1_18:2),CTL,individual,2:3988145,2,3988145,1.034041e-09,SORBI_3002G043500,0.595707
TG(16:0_18:1_18:2),CTL,individual,2:3988146,2,3988146,1.034041e-09,SORBI_3002G042500,0.595707
TG(16:0_18:1_18:2),CTL,individual,2:3988146,2,3988146,1.034041e-09,SORBI_3002G042600,0.595707
TG(16:0_18:1_18:2),CTL,individual,2:3988146,2,3988146,1.034041e-09,SORBI_3002G043100,0.595707
TG(16:0_18:1_18:2),CTL,individual,2:3988146,2,3988146,1.034041e-09,SORBI_3002G043500,0.595707
TG(16:0_18:1_18:2),CTL,individual,2:3988143,2,3988143,1.034041e-09,SORBI_3002G042300,0.595639
TG(16:0_18:1_18:2),CTL,individual,2:3988143,2,3988143,1.034041e-09,SORBI_3002G043201,0.595639
TG(16:0_18:1_18:2),CTL,individual,2:3988145,2,3988145,1.034041e-09,SORBI_3002G042300,0.595639
TG(16:0_18:1_18:2),CTL,individual,2:3988145,2,3988145,1.034041e-09,SORBI_3002G043201,0.595639
TG(16:0_18:1_18:2),CTL,individual,2:3988146,2,3988146,1.034041e-09,SORBI_3002G042300,0.595639
TG(16:0_18:1_18:2),CTL,individual,2:3988146,2,3988146,1.034041e-09,SORBI_3002G043201,0.595639
TG(16:0_18:1_18:2),CTL,individual,2:3988143,2,3988143,1.034041e-09,SORBI_3002G043201,0.595503
TG(16:0_18:1_18:2),CTL,individual,2:3988145,2,3988145,1.034041e-09,SORBI_3002G043201,0.595503
TG(16:0_18:1_18:2),CTL,individual,2:3988146,2,3988146,1.034041e-09,SORBI_3002G043201,0.595503
TG(16:0_18:1_18:2),CTL,individual,2:3988143,2,3988143,1.034041e-09,SORBI_3002G042500,0.592803
TG(16:0_18:1_18:2),CTL,individual,2:3988143,2,3988143,1.034041e-09,SORBI_3002G042600,0.592803
TG(16:0_18:1_18:2),CTL,individual,2:3988143,2,3988143,1.034041e-09,SORBI_3002G043100,0.592803
TG(16:0_18:1_18:2),CTL,individual,2:3988145,2,3988145,1.034041e-09,SORBI_3002G042500,0.592803
TG(16:0_18:1_18:2),CTL,individual,2:3988145,2,3988145,1.034041e-09,SORBI_3002G042600,0.592803
TG(16:0_18:1_18:2),CTL,individual,2:3988145,2,3988145,1.034041e-09,SORBI_3002G043100,0.592803
TG(16:0_18:1_18:2),CTL,individual,2:3988146,2,3988146,1.034041e-09,SORBI_3002G042500,0.592803
TG(16:0_18:1_18:2),CTL,individual,2:3988146,2,3988146,1.034041e-09,SORBI_3002G042600,0.592803
TG(16:0_18:1_18:2),CTL,individual,2:3988146,2,3988146,1.034041e-09,SORBI_3002G043100,0.592803
TG(16:0_18:1_18:2),CTL,individual,2:3988143,2,3988143,1.034041e-09,SORBI_3002G042600,0.590094
TG(16:0_18:1_18:2),CTL,individual,2:3988145,2,3988145,1.034041e-09,SORBI_3002G042600,0.590094
TG(16:0_18:1_18:2),CTL,individual,2:3988146,2,3988146,1.034041e-09,SORBI_3002G042600,0.590094
TG(16:0_18:1_18:2),CTL,individual,2:3988143,2,3988143,1.034041e-09,SORBI_3002G043201,0.589821
TG(16:0_18:1_18:2),CTL,individual,2:3988145,2,3988145,1.034041e-09,SORBI_3002G043201,0.589821
TG(16:0_18:1_18:2),CTL,individual,2:3988146,2,3988146,1.034041e-09,SORBI_3002G043201,0.589821
TG(16:0_18:1_18:2),CTL,individual,2:3988143,2,3988143,1.034041e-09,SORBI_3002G042400,0.586224
TG(16:0_18:1_18:2),CTL,individual,2:3988143,2,3988143,1.034041e-09,SORBI_3002G043100,0.586224
TG(16:0_18:1_18:2),CTL,individual,2:3988145,2,3988145,1.034041e-09,SORBI_3002G042400,0.586224
TG(16:0_18:1_18:2),CTL,individual,2:3988145,2,3988145,1.034041e-09,SORBI_3002G043100,0.586224
TG(16:0_18:1_18:2),CTL,individual,2:3988146,2,3988146,1.034041e-09,SORBI_3002G042400,0.586224
TG(16:0_18:1_18:2),CTL,individual,2:3988146,2,3988146,1.034041e-09,SORBI_3002G043100,0.586224
TG(16:0_18:1_18:2),CTL,individual,2:3988143,2,3988143,1.034041e-09,SORBI_3002G041200,0.575493
TG(16:0_18:1_18:2),CTL,individual,2:3988145,2,3988145,1.034041e-09,SORBI_3002G041200,0.575493
TG(16:0_18:1_18:2),CTL,individual,2:3988146,2,3988146,1.034041e-09,SORBI_3002G041200,0.575493
TG(16:0_18:1_18:2),CTL,individual,2:3988143,2,3988143,1.034041e-09,SORBI_3002G043100,0.572924
TG(16:0_18:1_18:2),CTL,individual,2:3988145,2,3988145,1.034041e-09,SORBI_3002G043100,0.572924
TG(16:0_18:1_18:2),CTL,individual,2:3988146,2,3988146,1.034041e-09,SORBI_3002G043100,0.572924
TG(16:0_18:1_18:2),CTL,individual,2:3988143,2,3988143,1.034041e-09,SORBI_3002G042600,0.571288
TG(16:0_18:1_18:2),CTL,individual,2:3988143,2,3988143,1.034041e-09,SORBI_3002G043300,0.571288
TG(16:0_18:1_18:2),CTL,individual,2:3988145,2,3988145,1.034041e-09,SORBI_3002G042600,0.571288
TG(16:0_18:1_18:2),CTL,individual,2:3988145,2,3988145,1.034041e-09,SORBI_3002G043300,0.571288
TG(16:0_18:1_18:2),CTL,individual,2:3988146,2,3988146,1.034041e-09,SORBI_3002G042600,0.571288
TG(16:0_18:1_18:2),CTL,individual,2:3988146,2,3988146,1.034041e-09,SORBI_3002G043300,0.571288
TG(16:0_18:1_18:2),CTL,individual,2:3988143,2,3988143,1.034041e-09,SORBI_3002G042500,0.564908
TG(16:0_18:1_18:2),CTL,individual,2:3988145,2,3988145,1.034041e-09,SORBI_3002G042500,0.564908
TG(16:0_18:1_18:2),CTL,individual,2:3988146,2,3988146,1.034041e-09,SORBI_3002G042500,0.564908
TG(16:0_18:1_18:2),CTL,individual,2:3988143,2,3988143,1.034041e-09,SORBI_3002G044000,0.56455
TG(16:0_18:1_18:2),CTL,individual,2:3988145,2,3988145,1.034041e-09,SORBI_3002G044000,0.56455
TG(16:0_18:1_18:2),CTL,individual,2:3988146,2,3988146,1.034041e-09,SORBI_3002G044000,0.56455
TG(16:0_18:1_18:2),CTL,individual,2:3988143,2,3988143,1.034041e-09,SORBI_3002G041200,0.56432
TG(16:0_18:1_18:2),CTL,individual,2:3988145,2,3988145,1.034041e-09,SORBI_3002G041200,0.56432
TG(16:0_18:1_18:2),CTL,individual,2:3988146,2,3988146,1.034041e-09,SORBI_3002G041200,0.56432
TG(16:0_18:1_18:2),CTL,individual,2:3988143,2,3988143,1.034041e-09,SORBI_3002G041150,0.553943
TG(16:0_18:1_18:2),CTL,individual,2:3988145,2,3988145,1.034041e-09,SORBI_3002G041150,0.553943
TG(16:0_18:1_18:2),CTL,individual,2:3988146,2,3988146,1.034041e-09,SORBI_3002G041150,0.553943
TG(16:0_18:1_18:2),CTL,individual,2:3988143,2,3988143,1.034041e-09,SORBI_3002G042300,0.552527
TG(16:0_18:1_18:2),CTL,individual,2:3988145,2,3988145,1.034041e-09,SORBI_3002G042300,0.552527
TG(16:0_18:1_18:2),CTL,individual,2:3988146,2,3988146,1.034041e-09,SORBI_3002G042300,0.552527
TG(16:0_18:1_18:2),CTL,individual,2:3988143,2,3988143,1.034041e-09,SORBI_3002G044200,0.550788
TG(16:0_18:1_18:2),CTL,individual,2:3988145,2,3988145,1.034041e-09,SORBI_3002G044200,0.550788
TG(16:0_18:1_18:2),CTL,individual,2:3988146,2,3988146,1.034041e-09,SORBI_3002G044200,0.550788
TG(16:0_18:1_18:2),CTL,individual,2:3988143,2,3988143,1.034041e-09,SORBI_3002G044200,0.549984
TG(16:0_18:1_18:2),CTL,individual,2:3988145,2,3988145,1.034041e-09,SORBI_3002G044200,0.549984
TG(16:0_18:1_18:2),CTL,individual,2:3988146,2,3988146,1.034041e-09,SORBI_3002G044200,0.549984
TG(16:0_18:1_18:2),CTL,individual,2:3988143,2,3988143,1.034041e-09,SORBI_3002G044100,0.545358
TG(16:0_18:1_18:2),CTL,individual,2:3988145,2,3988145,1.034041e-09,SORBI_3002G044100,0.545358
TG(16:0_18:1_18:2),CTL,individual,2:3988146,2,3988146,1.034041e-09,SORBI_3002G044100,0.545358
TG(16:0_18:1_18:2),CTL,individual,2:3988143,2,3988143,1.034041e-09,SORBI_3002G044200,0.543853
TG(16:0_18:1_18:2),CTL,individual,2:3988145,2,3988145,1.034041e-09,SORBI_3002G044200,0.543853
TG(16:0_18:1_18:2),CTL,individual,2:3988146,2,3988146,1.034041e-09,SORBI_3002G044200,0.543853
TG(16:0_18:1_18:2),CTL,individual,2:3988143,2,3988143,1.034041e-09,SORBI_3002G043700,0.528378
TG(16:0_18:1_18:2),CTL,individual,2:3988145,2,3988145,1.034041e-09,SORBI_3002G043700,0.528378
TG(16:0_18:1_18:2),CTL,individual,2:3988146,2,3988146,1.034041e-09,SORBI_3002G043700,0.528378
TG(16:0_18:1_18:2),CTL,individual,2:3988143,2,3988143,1.034041e-09,SORBI_3002G044200,0.528021
TG(16:0_18:1_18:2),CTL,individual,2:3988145,2,3988145,1.034041e-09,SORBI_3002G044200,0.528021
TG(16:0_18:1_18:2),CTL,individual,2:3988146,2,3988146,1.034041e-09,SORBI_3002G044200,0.528021
TG(16:0_18:1_18:2),CTL,individual,2:3988143,2,3988143,1.034041e-09,SORBI_3002G044200,0.519236
TG(16:0_18:1_18:2),CTL,individual,2:3988145,2,3988145,1.034041e-09,SORBI_3002G044200,0.519236
TG(16:0_18:1_18:2),CTL,individual,2:3988146,2,3988146,1.034041e-09,SORBI_3002G044200,0.519236
TG(16:0_18:1_18:2),CTL,individual,2:3988143,2,3988143,1.034041e-09,SORBI_3002G044200,0.51502
TG(16:0_18:1_18:2),CTL,individual,2:3988145,2,3988145,1.034041e-09,SORBI_3002G044200,0.51502
TG(16:0_18:1_18:2),CTL,individual,2:3988146,2,3988146,1.034041e-09,SORBI_3002G044200,0.51502
TG(16:0_18:1_18:2),CTL,individual,2:3988143,2,3988143,1.034041e-09,SORBI_3002G044200,0.513483
TG(16:0_18:1_18:2),CTL,individual,2:3988145,2,3988145,1.034041e-09,SORBI_3002G044200,0.513483
TG(16:0_18:1_18:2),CTL,individual,2:3988146,2,3988146,1.034041e-09,SORBI_3002G044200,0.513483
TG(16:0_18:1_18:2),CTL,individual,2:3988143,2,3988143,1.034041e-09,SORBI_3002G044200,0.513393
TG(16:0_18:1_18:2),CTL,individual,2:3988145,2,3988145,1.034041e-09,SORBI_3002G044200,0.513393
TG(16:0_18:1_18:2),CTL,individual,2:3988146,2,3988146,1.034041e-09,SORBI_3002G044200,0.513393
TG(16:0_18:1_18:2),CTL,individual,2:3988143,2,3988143,1.034041e-09,SORBI_3002G043100,0.510278
TG(16:0_18:1_18:2),CTL,individual,2:3988145,2,3988145,1.034041e-09,SORBI_3002G043100,0.510278
TG(16:0_18:1_18:2),CTL,individual,2:3988146,2,3988146,1.034041e-09,SORBI_3002G043100,0.510278
TG(16:0_18:1_18:2),CTL,individual,2:3988143,2,3988143,1.034041e-09,SORBI_3002G043700,0.509147
TG(16:0_18:1_18:2),CTL,individual,2:3988145,2,3988145,1.034041e-09,SORBI_3002G043700,0.509147
TG(16:0_18:1_18:2),CTL,individual,2:3988146,2,3988146,1.034041e-09,SORBI_3002G043700,0.509147
TG(16:0_18:1_18:2),CTL,individual,2:3988143,2,3988143,1.034041e-09,SORBI_3002G044200,0.507486
TG(16:0_18:1_18:2),CTL,individual,2:3988145,2,3988145,1.034041e-09,SORBI_3002G044200,0.507486
TG(16:0_18:1_18:2),CTL,individual,2:3988146,2,3988146,1.034041e-09,SORBI_3002G044200,0.507486
TG(16:0_18:1_18:2),CTL,individual,2:3988143,2,3988143,1.034041e-09,SORBI_3002G044800,0.507287
TG(16:0_18:1_18:2),CTL,individual,2:3988145,2,3988145,1.034041e-09,SORBI_3002G044800,0.507287
TG(16:0_18:1_18:2),CTL,individual,2:3988146,2,3988146,1.034041e-09,SORBI_3002G044800,0.507287
TG(16:0_18:1_18:2),CTL,individual,2:3988143,2,3988143,1.034041e-09,SORBI_3002G044200,0.507014
TG(16:0_18:1_18:2),CTL,individual,2:3988145,2,3988145,1.034041e-09,SORBI_3002G044200,0.507014
TG(16:0_18:1_18:2),CTL,individual,2:3988146,2,3988146,1.034041e-09,SORBI_3002G044200,0.507014
TG(16:0_18:1_18:2),CTL,individual,2:3988143,2,3988143,1.034041e-09,SORBI_3002G044700,0.505553
TG(16:0_18:1_18:2),CTL,individual,2:3988145,2,3988145,1.034041e-09,SORBI_3002G044700,0.505553
TG(16:0_18:1_18:2),CTL,individual,2:3988146,2,3988146,1.034041e-09,SORBI_3002G044700,0.505553
TG(16:0_18:1_18:2),CTL,individual,2:3988143,2,3988143,1.034041e-09,SORBI_3002G044200,0.497257
TG(16:0_18:1_18:2),CTL,individual,2:3988145,2,3988145,1.034041e-09,SORBI_3002G044200,0.497257
TG(16:0_18:1_18:2),CTL,individual,2:3988146,2,3988146,1.034041e-09,SORBI_3002G044200,0.497257
TG(16:0_18:1_18:2),CTL,individual,2:3988143,2,3988143,1.034041e-09,SORBI_3002G044200,0.497074
TG(16:0_18:1_18:2),CTL,individual,2:3988145,2,3988145,1.034041e-09,SORBI_3002G044200,0.497074
TG(16:0_18:1_18:2),CTL,individual,2:3988146,2,3988146,1.034041e-09,SORBI_3002G044200,0.497074
TG(16:0_18:1_18:2),CTL,individual,2:3988143,2,3988143,1.034041e-09,SORBI_3002G044200,0.496701
TG(16:0_18:1_18:2),CTL,individual,2:3988145,2,3988145,1.034041e-09,SORBI_3002G044200,0.496701
TG(16:0_18:1_18:2),CTL,individual,2:3988146,2,3988146,1.034041e-09,SORBI_3002G044200,0.496701
TG(16:0_18:1_18:2),CTL,individual,2:3988143,2,3988143,1.034041e-09,SORBI_3002G044200,0.491932
TG(16:0_18:1_18:2),CTL,individual,2:3988145,2,3988145,1.034041e-09,SORBI_3002G044200,0.491932
TG(16:0_18:1_18:2),CTL,individual,2:3988146,2,3988146,1.034041e-09,SORBI_3002G044200,0.491932
TG(16:0_18:1_18:2),CTL,individual,2:3988143,2,3988143,1.034041e-09,SORBI_3002G044700,0.488869
TG(16:0_18:1_18:2),CTL,individual,2:3988145,2,3988145,1.034041e-09,SORBI_3002G044700,0.488869
TG(16:0_18:1_18:2),CTL,individual,2:3988146,2,3988146,1.034041e-09,SORBI_3002G044700,0.488869
TG(16:0_18:1_18:2),CTL,individual,2:3988143,2,3988143,1.034041e-09,SORBI_3002G044800,0.484328
TG(16:0_18:1_18:2),CTL,individual,2:3988145,2,3988145,1.034041e-09,SORBI_3002G044800,0.484328
TG(16:0_18:1_18:2),CTL,individual,2:3988146,2,3988146,1.034041e-09,SORBI_3002G044800,0.484328
TG(16:0_18:1_18:2),CTL,individual,2:3988143,2,3988143,1.034041e-09,SORBI_3002G039500,0.471329
TG(16:0_18:1_18:2),CTL,individual,2:3988143,2,3988143,1.034041e-09,SORBI_3002G039600,0.471329
TG(16:0_18:1_18:2),CTL,individual,2:3988145,2,3988145,1.034041e-09,SORBI_3002G039500,0.471329
TG(16:0_18:1_18:2),CTL,individual,2:3988145,2,3988145,1.034041e-09,SORBI_3002G039600,0.471329
TG(16:0_18:1_18:2),CTL,individual,2:3988146,2,3988146,1.034041e-09,SORBI_3002G039500,0.471329
TG(16:0_18:1_18:2),CTL,individual,2:3988146,2,3988146,1.034041e-09,SORBI_3002G039600,0.471329
TG(16:0_18:1_18:2),CTL,individual,2:3988143,2,3988143,1.034041e-09,SORBI_3002G039800,0.471257
TG(16:0_18:1_18:2),CTL,individual,2:3988145,2,3988145,1.034041e-09,SORBI_3002G039800,0.471257
TG(16:0_18:1_18:2),CTL,individual,2:3988146,2,3988146,1.034041e-09,SORBI_3002G039800,0.471257
TG(16:0_18:1_18:2),CTL,individual,2:3988143,2,3988143,1.034041e-09,SORBI_3002G039700,0.471185
TG(16:0_18:1_18:2),CTL,individual,2:3988143,2,3988143,1.034041e-09,SORBI_3002G039800,0.471185
TG(16:0_18:1_18:2),CTL,individual,2:3988145,2,3988145,1.034041e-09,SORBI_3002G039700,0.471185
TG(16:0_18:1_18:2),CTL,individual,2:3988145,2,3988145,1.034041e-09,SORBI_3002G039800,0.471185
TG(16:0_18:1_18:2),CTL,individual,2:3988146,2,3988146,1.034041e-09,SORBI_3002G039700,0.471185
TG(16:0_18:1_18:2),CTL,individual,2:3988146,2,3988146,1.034041e-09,SORBI_3002G039800,0.471185
TG(16:0_18:1_18:2),CTL,individual,2:3988143,2,3988143,1.034041e-09,SORBI_3002G039800,0.468563
TG(16:0_18:1_18:2),CTL,individual,2:3988145,2,3988145,1.034041e-09,SORBI_3002G039800,0.468563
TG(16:0_18:1_18:2),CTL,individual,2:3988146,2,3988146,1.034041e-09,SORBI_3002G039800,0.468563
TG(16:0_18:1_18:2),CTL,individual,2:3988143,2,3988143,1.034041e-09,SORBI_3002G044200,0.461722
TG(16:0_18:1_18:2),CTL,individual,2:3988145,2,3988145,1.034041e-09,SORBI_3002G044200,0.461722
TG(16:0_18:1_18:2),CTL,individual,2:3988146,2,3988146,1.034041e-09,SORBI_3002G044200,0.461722
TG(16:0_18:1_18:2),CTL,individual,2:3988143,2,3988143,1.034041e-09,SORBI_3002G044200,0.461564
TG(16:0_18:1_18:2),CTL,individual,2:3988145,2,3988145,1.034041e-09,SORBI_3002G044200,0.461564
TG(16:0_18:1_18:2),CTL,individual,2:3988146,2,3988146,1.034041e-09,SORBI_3002G044200,0.461564
TG(16:0_18:1_18:2),CTL,individual,2:3988143,2,3988143,1.034041e-09,SORBI_3002G039600,0.447364
TG(16:0_18:1_18:2),CTL,individual,2:3988145,2,3988145,1.034041e-09,SORBI_3002G039600,0.447364
TG(16:0_18:1_18:2),CTL,individual,2:3988146,2,3988146,1.034041e-09,SORBI_3002G039600,0.447364
TG(16:0_18:1_18:2),CTL,individual,2:3988143,2,3988143,1.034041e-09,SORBI_3002G039800,0.446995
TG(16:0_18:1_18:2),CTL,individual,2:3988145,2,3988145,1.034041e-09,SORBI_3002G039800,0.446995
TG(16:0_18:1_18:2),CTL,individual,2:3988146,2,3988146,1.034041e-09,SORBI_3002G039800,0.446995
TG(16:0_18:1_18:2),CTL,individual,2:3988143,2,3988143,1.034041e-09,SORBI_3002G039800,0.446836
TG(16:0_18:1_18:2),CTL,individual,2:3988145,2,3988145,1.034041e-09,SORBI_3002G039800,0.446836
TG(16:0_18:1_18:2),CTL,individual,2:3988146,2,3988146,1.034041e-09,SORBI_3002G039800,0.446836
TG(16:0_18:1_18:2),CTL,individual,2:3988143,2,3988143,1.034041e-09,SORBI_3002G039800,0.44087
TG(16:0_18:1_18:2),CTL,individual,2:3988145,2,3988145,1.034041e-09,SORBI_3002G039800,0.44087
TG(16:0_18:1_18:2),CTL,individual,2:3988146,2,3988146,1.034041e-09,SORBI_3002G039800,0.44087
TG(16:0_18:1_18:2),CTL,individual,2:3988143,2,3988143,1.034041e-09,SORBI_3002G039800,0.437865
TG(16:0_18:1_18:2),CTL,individual,2:3988145,2,3988145,1.034041e-09,SORBI_3002G039800,0.437865
TG(16:0_18:1_18:2),CTL,individual,2:3988146,2,3988146,1.034041e-09,SORBI_3002G039800,0.437865
TG(16:0_18:1_18:2),CTL,individual,2:3988143,2,3988143,1.034041e-09,SORBI_3002G043800,0.433292
TG(16:0_18:1_18:2),CTL,individual,2:3988145,2,3988145,1.034041e-09,SORBI_3002G043800,0.433292
TG(16:0_18:1_18:2),CTL,individual,2:3988146,2,3988146,1.034041e-09,SORBI_3002G043800,0.433292
TG(16:0_18:1_18:2),CTL,individual,2:3988143,2,3988143,1.034041e-09,SORBI_3002G043800,0.430003
TG(16:0_18:1_18:2),CTL,individual,2:3988145,2,3988145,1.034041e-09,SORBI_3002G043800,0.430003
TG(16:0_18:1_18:2),CTL,individual,2:3988146,2,3988146,1.034041e-09,SORBI_3002G043800,0.430003
TG(16:0_18:1_18:2),CTL,individual,2:3988143,2,3988143,1.034041e-09,SORBI_3002G044200,0.428393
TG(16:0_18:1_18:2),CTL,individual,2:3988145,2,3988145,1.034041e-09,SORBI_3002G044200,0.428393
TG(16:0_18:1_18:2),CTL,individual,2:3988146,2,3988146,1.034041e-09,SORBI_3002G044200,0.428393
TG(16:0_18:1_18:2),CTL,individual,2:3988143,2,3988143,1.034041e-09,SORBI_3002G041900,0.428068
TG(16:0_18:1_18:2),CTL,individual,2:3988145,2,3988145,1.034041e-09,SORBI_3002G041900,0.428068
TG(16:0_18:1_18:2),CTL,individual,2:3988146,2,3988146,1.034041e-09,SORBI_3002G041900,0.428068
TG(16:0_18:1_18:2),CTL,individual,2:3988143,2,3988143,1.034041e-09,SORBI_3002G039900,0.423499
TG(16:0_18:1_18:2),CTL,individual,2:3988145,2,3988145,1.034041e-09,SORBI_3002G039900,0.423499
TG(16:0_18:1_18:2),CTL,individual,2:3988146,2,3988146,1.034041e-09,SORBI_3002G039900,0.423499
TG(16:0_18:1_18:2),CTL,individual,2:3988143,2,3988143,1.034041e-09,SORBI_3002G044200,0.423361
TG(16:0_18:1_18:2),CTL,individual,2:3988145,2,3988145,1.034041e-09,SORBI_3002G044200,0.423361
TG(16:0_18:1_18:2),CTL,individual,2:3988146,2,3988146,1.034041e-09,SORBI_3002G044200,0.423361
TG(16:0_18:1_18:2),CTL,individual,2:3988143,2,3988143,1.034041e-09,SORBI_3002G041150,0.420611
TG(16:0_18:1_18:2),CTL,individual,2:3988145,2,3988145,1.034041e-09,SORBI_3002G041150,0.420611
TG(16:0_18:1_18:2),CTL,individual,2:3988146,2,3988146,1.034041e-09,SORBI_3002G041150,0.420611
TG(16:0_18:1_18:2),CTL,individual,6:55953686,6,55953686,1.091191e-09,SORBI_3006G209850,1
TG(16:0_18:1_18:2),CTL,individual,6:55953686,6,55953686,1.091191e-09,SORBI_3006G209850,1
TG(16:0_18:1_18:2),CTL,individual,6:55953686,6,55953686,1.091191e-09,SORBI_3006G209500,0.948108
TG(16:0_18:1_18:2),CTL,individual,6:55953686,6,55953686,1.091191e-09,SORBI_3006G209850,0.948108
TG(16:0_18:1_18:2),CTL,individual,6:55953686,6,55953686,1.091191e-09,SORBI_3006G209850,0.945985
TG(16:0_18:1_18:2),CTL,individual,6:55953686,6,55953686,1.091191e-09,SORBI_3006G209500,0.943775
TG(16:0_18:1_18:2),CTL,individual,6:55953686,6,55953686,1.091191e-09,SORBI_3006G209850,0.943775
TG(16:0_18:1_18:2),CTL,individual,6:55953686,6,55953686,1.091191e-09,SORBI_3006G210000,0.943775
TG(16:0_18:1_18:2),CTL,individual,6:55953686,6,55953686,1.091191e-09,SORBI_3006G209500,0.939521
TG(16:0_18:1_18:2),CTL,individual,6:55953686,6,55953686,1.091191e-09,SORBI_3006G209600,0.933807
TG(16:0_18:1_18:2),CTL,individual,6:55953686,6,55953686,1.091191e-09,SORBI_3006G209850,0.933807
TG(16:0_18:1_18:2),CTL,individual,6:55953686,6,55953686,1.091191e-09,SORBI_3006G209850,0.928159
TG(16:0_18:1_18:2),CTL,individual,6:55953686,6,55953686,1.091191e-09,SORBI_3006G209600,0.92165
TG(16:0_18:1_18:2),CTL,individual,6:55953686,6,55953686,1.091191e-09,SORBI_3006G209700,0.92165
TG(16:0_18:1_18:2),CTL,individual,6:55953686,6,55953686,1.091191e-09,SORBI_3006G209850,0.915858
TG(16:0_18:1_18:2),CTL,individual,6:55953686,6,55953686,1.091191e-09,SORBI_3006G209400,0.889034
TG(16:0_18:1_18:2),CTL,individual,6:55953686,6,55953686,1.091191e-09,SORBI_3006G210200,0.886654
TG(16:0_18:1_18:2),CTL,individual,6:55953686,6,55953686,1.091191e-09,SORBI_3006G209400,0.88334
TG(16:0_18:1_18:2),CTL,individual,6:55953686,6,55953686,1.091191e-09,SORBI_3006G210000,0.882147
TG(16:0_18:1_18:2),CTL,individual,6:55953686,6,55953686,1.091191e-09,SORBI_3006G209850,0.877825
TG(16:0_18:1_18:2),CTL,individual,6:55953686,6,55953686,1.091191e-09,SORBI_3006G209850,0.874835
TG(16:0_18:1_18:2),CTL,individual,6:55953686,6,55953686,1.091191e-09,SORBI_3006G209850,0.866012
TG(16:0_18:1_18:2),CTL,individual,6:55953686,6,55953686,1.091191e-09,SORBI_3006G209850,0.853738
TG(16:0_18:1_18:2),CTL,individual,6:55953686,6,55953686,1.091191e-09,SORBI_3006G209300,0.851161
TG(16:0_18:1_18:2),CTL,individual,6:55953686,6,55953686,1.091191e-09,SORBI_3006G209850,0.848607
TG(16:0_18:1_18:2),CTL,individual,6:55953686,6,55953686,1.091191e-09,SORBI_3006G209850,0.844238
TG(16:0_18:1_18:2),CTL,individual,6:55953686,6,55953686,1.091191e-09,SORBI_3006G209850,0.833957
TG(16:0_18:1_18:2),CTL,individual,6:55953686,6,55953686,1.091191e-09,SORBI_3006G209850,0.828543
TG(16:0_18:1_18:2),CTL,individual,6:55953686,6,55953686,1.091191e-09,SORBI_3006G209850,0.821651
TG(16:0_18:1_18:2),CTL,individual,6:55953686,6,55953686,1.091191e-09,SORBI_3006G209850,0.803529
TG(16:0_18:1_18:2),CTL,individual,6:55953686,6,55953686,1.091191e-09,SORBI_3006G209850,0.794664
TG(16:0_18:1_18:2),CTL,individual,6:55953686,6,55953686,1.091191e-09,SORBI_3006G209200,0.777127
TG(16:0_18:1_18:2),CTL,individual,6:55953686,6,55953686,1.091191e-09,SORBI_3006G209850,0.769502
TG(16:0_18:1_18:2),CTL,individual,6:55953686,6,55953686,1.091191e-09,SORBI_3006G209300,0.715999
TG(16:0_18:1_18:2),CTL,individual,6:55953686,6,55953686,1.091191e-09,SORBI_3006G209300,0.698676
TG(16:0_18:1_18:2),CTL,individual,6:55953686,6,55953686,1.091191e-09,SORBI_3006G209300,0.681097
TG(16:0_18:1_18:2),CTL,individual,6:55953686,6,55953686,1.091191e-09,SORBI_3006G209200,0.553199
TG(16:0_18:1_18:2),CTL,individual,6:55953686,6,55953686,1.091191e-09,SORBI_3006G210400,0.53013
TG(16:0_18:1_18:2),CTL,individual,6:55953686,6,55953686,1.091191e-09,SORBI_3006G210400,0.497176
TG(16:0_18:1_18:2),CTL,individual,6:55953686,6,55953686,1.091191e-09,SORBI_3006G210500,0.49306
TG(16:0_18:1_18:2),CTL,individual,6:55953686,6,55953686,1.091191e-09,SORBI_3006G210600,0.49306
TG(16:0_18:1_18:2),CTL,individual,6:55953686,6,55953686,1.091191e-09,SORBI_3006G210700,0.489037
TG(16:0_18:1_18:2),CTL,individual,6:55953686,6,55953686,1.091191e-09,SORBI_3006G210600,0.487479
TG(16:0_18:1_18:2),CTL,individual,6:55953686,6,55953686,1.091191e-09,SORBI_3006G210500,0.477696
TG(16:0_18:1_18:2),CTL,individual,6:55953686,6,55953686,1.091191e-09,SORBI_3006G209200,0.47167
TG(16:0_18:1_18:2),CTL,individual,6:55953686,6,55953686,1.091191e-09,SORBI_3006G209200,0.462851
TG(16:0_18:1_18:2),CTL,individual,6:55953686,6,55953686,1.091191e-09,SORBI_3006G209200,0.45636
TG(16:0_18:1_18:2),CTL,individual,6:55953686,6,55953686,1.091191e-09,SORBI_3006G210233,0.454173
TG(16:0_18:1_18:2),CTL,individual,6:55953686,6,55953686,1.091191e-09,SORBI_3006G209200,0.453995
TG(16:0_18:1_18:2),CTL,individual,6:55953686,6,55953686,1.091191e-09,SORBI_3006G209200,0.452609
TG(16:0_18:1_18:2),CTL,individual,6:55953686,6,55953686,1.091191e-09,SORBI_3006G209200,0.450601
TG(16:0_18:1_18:2),CTL,individual,6:55953686,6,55953686,1.091191e-09,SORBI_3006G209200,0.449757
TG(16:0_18:1_18:2),CTL,individual,6:55953686,6,55953686,1.091191e-09,SORBI_3006G209200,0.44946
TG(16:0_18:1_18:2),CTL,individual,6:55953686,6,55953686,1.091191e-09,SORBI_3006G209200,0.447805
TG(16:0_18:1_18:2),CTL,individual,6:55953686,6,55953686,1.091191e-09,SORBI_3006G209200,0.445867
TG(16:0_18:1_18:2),CTL,individual,6:55953686,6,55953686,1.091191e-09,SORBI_3006G209200,0.442999
TG(16:0_18:1_18:2),CTL,individual,6:55953686,6,55953686,1.091191e-09,SORBI_3006G209200,0.442332
TG(16:0_18:1_18:2),CTL,individual,6:55953686,6,55953686,1.091191e-09,SORBI_3006G209200,0.439003
TG(16:0_18:1_18:2),CTL,individual,6:55953686,6,55953686,1.091191e-09,SORBI_3006G209200,0.435911
TG(16:0_18:1_18:2),CTL,individual,6:55953686,6,55953686,1.091191e-09,SORBI_3006G209200,0.435592
TG(16:0_18:1_18:2),CTL,individual,6:55953686,6,55953686,1.091191e-09,SORBI_3006G211500,0.435301
TG(16:0_18:1_18:2),CTL,individual,6:55953686,6,55953686,1.091191e-09,SORBI_3006G209200,0.434944
TG(16:0_18:1_18:2),CTL,individual,6:55953686,6,55953686,1.091191e-09,SORBI_3006G208800,0.431847
TG(16:0_18:1_18:2),CTL,individual,6:55953686,6,55953686,1.091191e-09,SORBI_3006G211500,0.431833
TG(16:0_18:1_18:2),CTL,individual,6:55953686,6,55953686,1.091191e-09,SORBI_3006G208800,0.428255
TG(16:0_18:1_18:2),CTL,individual,6:55953686,6,55953686,1.091191e-09,SORBI_3006G210600,0.427606
TG(16:0_18:1_18:2),CTL,individual,6:55953686,6,55953686,1.091191e-09,SORBI_3006G209200,0.425705
TG(16:0_18:1_18:2),CTL,individual,5:68763126,5,68763126,1.294845e-09,SORBI_3005G202500,0.837142
TG(16:0_18:1_18:2),CTL,individual,5:68763131,5,68763131,1.294845e-09,SORBI_3005G202500,0.837142
TG(16:0_18:1_18:2),CTL,individual,5:68763126,5,68763126,1.294845e-09,SORBI_3005G202500,0.793083
TG(16:0_18:1_18:2),CTL,individual,5:68763131,5,68763131,1.294845e-09,SORBI_3005G202500,0.793083
TG(16:0_18:1_18:2),CTL,individual,5:68763126,5,68763126,1.294845e-09,SORBI_3005G202500,0.704057
TG(16:0_18:1_18:2),CTL,individual,5:68763131,5,68763131,1.294845e-09,SORBI_3005G202500,0.704057
TG(16:0_18:1_18:2),CTL,individual,6:7329349,6,7329349,1.433667e-09,SORBI_3006G032800,0.960055
TG(16:0_18:1_18:2),CTL,individual,6:7329349,6,7329349,1.433667e-09,SORBI_3006G032700,0.954697
TG(16:0_18:1_18:2),CTL,individual,6:7329349,6,7329349,1.433667e-09,SORBI_3006G032800,0.954697
TG(16:0_18:1_18:2),CTL,individual,6:7329349,6,7329349,1.433667e-09,SORBI_3006G032600,0.929097
TG(16:0_18:1_18:2),CTL,individual,6:7329349,6,7329349,1.433667e-09,SORBI_3006G032800,0.726412
TG(16:0_18:1_18:2),CTL,individual,6:7329349,6,7329349,1.433667e-09,SORBI_3006G032600,0.726354
TG(16:0_18:1_18:2),CTL,individual,6:7329349,6,7329349,1.433667e-09,SORBI_3006G032800,0.71993
TG(16:0_18:1_18:2),CTL,individual,6:7329349,6,7329349,1.433667e-09,SORBI_3006G032800,0.715849
TG(16:0_18:1_18:2),CTL,individual,6:7329349,6,7329349,1.433667e-09,SORBI_3006G032400,0.708156
TG(16:0_18:1_18:2),CTL,individual,6:7329349,6,7329349,1.433667e-09,SORBI_3006G032400,0.702448
TG(16:0_18:1_18:2),CTL,individual,6:7329349,6,7329349,1.433667e-09,SORBI_3006G032500,0.702371
TG(16:0_18:1_18:2),CTL,individual,6:7329349,6,7329349,1.433667e-09,SORBI_3006G032400,0.702066
TG(16:0_18:1_18:2),CTL,individual,6:7329349,6,7329349,1.433667e-09,SORBI_3006G032400,0.699619
TG(16:0_18:1_18:2),CTL,individual,6:7329349,6,7329349,1.433667e-09,SORBI_3006G032400,0.690584
TG(16:0_18:1_18:2),CTL,individual,6:7329349,6,7329349,1.433667e-09,SORBI_3006G032400,0.672329
TG(16:0_18:1_18:2),CTL,individual,6:7329349,6,7329349,1.433667e-09,SORBI_3006G033001,0.657228
TG(16:0_18:1_18:2),CTL,individual,6:7329349,6,7329349,1.433667e-09,SORBI_3006G033001,0.6384
TG(16:0_18:1_18:2),CTL,individual,6:7329349,6,7329349,1.433667e-09,SORBI_3006G033001,0.63748
TG(16:0_18:1_18:2),CTL,individual,6:7329349,6,7329349,1.433667e-09,SORBI_3006G032900,0.630993
TG(16:0_18:1_18:2),CTL,individual,6:7329349,6,7329349,1.433667e-09,SORBI_3006G032400,0.626357
TG(16:0_18:1_18:2),CTL,individual,6:7329349,6,7329349,1.433667e-09,SORBI_3006G032900,0.625715
TG(16:0_18:1_18:2),CTL,individual,6:7329349,6,7329349,1.433667e-09,SORBI_3006G033001,0.625715
TG(16:0_18:1_18:2),CTL,individual,6:7329349,6,7329349,1.433667e-09,SORBI_3006G032400,0.62173
TG(16:0_18:1_18:2),CTL,individual,6:7329349,6,7329349,1.433667e-09,SORBI_3006G033001,0.618119
TG(16:0_18:1_18:2),CTL,individual,6:7329349,6,7329349,1.433667e-09,SORBI_3006G033001,0.579907
TG(16:0_18:1_18:2),CTL,individual,6:7329349,6,7329349,1.433667e-09,SORBI_3006G032900,0.496698
TG(16:0_18:1_18:2),CTL,individual,6:7329349,6,7329349,1.433667e-09,SORBI_3006G032900,0.47875
TG(16:0_18:1_18:2),CTL,individual,6:7329349,6,7329349,1.433667e-09,SORBI_3006G032900,0.455699
TG(16:0_18:1_18:2),CTL,individual,6:7329349,6,7329349,1.433667e-09,SORBI_3006G032900,0.455
TG(16:0_18:1_18:2),CTL,individual,6:7329349,6,7329349,1.433667e-09,SORBI_3006G032900,0.449162
TG(16:0_18:1_18:2),CTL,individual,6:7329349,6,7329349,1.433667e-09,SORBI_3006G032900,0.448183
TG(16:0_18:1_18:2),CTL,individual,6:7329349,6,7329349,1.433667e-09,SORBI_3006G032900,0.447474
TG(16:0_18:1_18:2),CTL,individual,6:7329349,6,7329349,1.433667e-09,SORBI_3006G032800,0.447013
TG(16:0_18:1_18:2),CTL,individual,6:7329349,6,7329349,1.433667e-09,SORBI_3006G032900,0.447013
TG(16:0_18:1_18:2),CTL,individual,6:7329349,6,7329349,1.433667e-09,SORBI_3006G032800,0.444129
TG(16:0_18:1_18:2),CTL,individual,6:7329349,6,7329349,1.433667e-09,SORBI_3006G032900,0.444129
TG(16:0_18:1_18:2),CTL,individual,6:7329349,6,7329349,1.433667e-09,SORBI_3006G032800,0.440681
TG(16:0_18:1_18:2),CTL,individual,6:7329349,6,7329349,1.433667e-09,SORBI_3006G032800,0.439963
TG(16:0_18:1_18:2),CTL,individual,6:7329349,6,7329349,1.433667e-09,SORBI_3006G032800,0.439495
TG(16:0_18:1_18:2),CTL,individual,6:7329349,6,7329349,1.433667e-09,SORBI_3006G032900,0.439495
TG(16:0_18:1_18:2),CTL,individual,6:7329349,6,7329349,1.433667e-09,SORBI_3006G032800,0.439259
TG(16:0_18:1_18:2),CTL,individual,6:7329349,6,7329349,1.433667e-09,SORBI_3006G032900,0.439259
TG(16:0_18:1_18:2),CTL,individual,6:7329349,6,7329349,1.433667e-09,SORBI_3006G032900,0.436987
TG(16:0_18:1_18:2),CTL,individual,6:7329349,6,7329349,1.433667e-09,SORBI_3006G032900,0.436605
TG(16:0_18:1_18:2),CTL,individual,6:7329349,6,7329349,1.433667e-09,SORBI_3006G032900,0.436448
TG(16:0_18:1_18:2),CTL,individual,6:7329349,6,7329349,1.433667e-09,SORBI_3006G032900,0.433193
TG(16:0_18:1_18:2),CTL,individual,6:7329349,6,7329349,1.433667e-09,SORBI_3006G032800,0.432465
TG(16:0_18:1_18:2),CTL,individual,6:7329349,6,7329349,1.433667e-09,SORBI_3006G032900,0.432465
TG(16:0_18:1_18:2),CTL,individual,6:7329349,6,7329349,1.433667e-09,SORBI_3006G032900,0.431992
TG(16:0_18:1_18:2),CTL,individual,6:7329349,6,7329349,1.433667e-09,SORBI_3006G032800,0.431752
TG(16:0_18:1_18:2),CTL,individual,6:7329349,6,7329349,1.433667e-09,SORBI_3006G032900,0.431752
TG(16:0_18:1_18:2),CTL,individual,6:7329349,6,7329349,1.433667e-09,SORBI_3006G032900,0.430915
TG(16:0_18:1_18:2),CTL,individual,6:7329349,6,7329349,1.433667e-09,SORBI_3006G032900,0.429483
TG(16:0_18:1_18:2),CTL,individual,6:7329349,6,7329349,1.433667e-09,SORBI_3006G032900,0.429096
TG(16:0_18:1_18:2),CTL,individual,6:7329349,6,7329349,1.433667e-09,SORBI_3006G032800,0.428937
TG(16:0_18:1_18:2),CTL,individual,6:7329349,6,7329349,1.433667e-09,SORBI_3006G032900,0.428937
TG(16:0_18:1_18:2),CTL,individual,6:7329349,6,7329349,1.433667e-09,SORBI_3006G032800,0.426276
TG(16:0_18:1_18:2),CTL,individual,6:7329349,6,7329349,1.433667e-09,SORBI_3006G032900,0.426231
TG(16:0_18:1_18:2),CTL,individual,6:7329349,6,7329349,1.433667e-09,SORBI_3006G032800,0.426151
TG(16:0_18:1_18:2),CTL,individual,6:7329349,6,7329349,1.433667e-09,SORBI_3006G032900,0.424503
TG(16:0_18:1_18:2),CTL,individual,6:7329349,6,7329349,1.433667e-09,SORBI_3006G032900,0.424259
TG(16:0_18:1_18:2),CTL,individual,6:7329349,6,7329349,1.433667e-09,SORBI_3006G032900,0.423395
TG(16:0_18:1_18:2),CTL,individual,6:7329349,6,7329349,1.433667e-09,SORBI_3006G032900,0.42144
TG(16:0_18:1_18:2),CTL,individual,6:7329349,6,7329349,1.433667e-09,SORBI_3006G032900,0.418732
TG(16:0_18:1_18:2),CTL,individual,6:7329349,6,7329349,1.433667e-09,SORBI_3006G032800,0.41865
TG(16:0_18:1_18:2),CTL,individual,6:7329349,6,7329349,1.433667e-09,SORBI_3006G032900,0.417513
TG(16:0_18:1_18:2),CTL,individual,6:7329349,6,7329349,1.433667e-09,SORBI_3006G032900,0.413958
TG(16:0_18:1_18:2),CTL,individual,8:44436283,8,44436283,1.519131e-09,SORBI_3008G094400,0.905942
TG(16:0_18:1_18:2),CTL,individual,8:44436283,8,44436283,1.519131e-09,SORBI_3008G094400,0.892248
TG(16:0_18:1_18:2),CTL,individual,8:44436283,8,44436283,1.519131e-09,SORBI_3008G094150,0.829629
TG(16:0_18:1_18:2),CTL,individual,8:44436283,8,44436283,1.519131e-09,SORBI_3008G094150,0.811617
TG(16:0_18:1_18:2),CTL,individual,8:44436283,8,44436283,1.519131e-09,SORBI_3008G094150,0.798183
TG(16:0_18:1_18:2),CTL,individual,8:44436283,8,44436283,1.519131e-09,SORBI_3008G094150,0.795809
TG(16:0_18:1_18:2),CTL,individual,8:44436283,8,44436283,1.519131e-09,SORBI_3008G094150,0.764771
TG(16:0_18:1_18:2),CTL,individual,8:44436283,8,44436283,1.519131e-09,SORBI_3008G094150,0.739987
TG(16:0_18:1_18:2),CTL,individual,8:44436283,8,44436283,1.519131e-09,SORBI_3008G094150,0.658427
TG(16:0_18:1_18:2),CTL,individual,8:44436283,8,44436283,1.519131e-09,SORBI_3008G094150,0.641201
TG(16:0_18:1_18:2),CTL,individual,8:44436283,8,44436283,1.519131e-09,SORBI_3008G094400,0.403843
TG(16:0_18:1_18:2),CTL,individual,6:36306314,6,36306314,1.540591e-09,SORBI_3006G049666,0.753192
TG(16:0_18:1_18:2),CTL,individual,5:22613874,5,22613874,1.565716e-09,SORBI_3005G109300,1
TG(16:0_18:1_18:2),CTL,individual,5:22613874,5,22613874,1.565716e-09,SORBI_3005G109300,0.472222
TG(16:0_18:1_18:2),CTL,individual,5:22613874,5,22613874,1.565716e-09,SORBI_3005G109300,0.466667
TG(16:0_18:1_18:2),CTL,individual,2:72508884,2,72508884,1.598044e-09,SORBI_3002G364301,1
TG(16:0_18:1_18:2),CTL,individual,2:72508884,2,72508884,1.598044e-09,SORBI_3002G364301,1
TG(16:0_18:1_18:2),CTL,individual,1:31163633,1,31163633,1.702043e-09,SORBI_3001G259400,0.701566
TG(16:0_18:1_18:2),CTL,individual,1:31163633,1,31163633,1.702043e-09,SORBI_3001G259000,0.657025
TG(16:0_18:1_18:2),CTL,individual,1:31163633,1,31163633,1.702043e-09,SORBI_3001G259000,0.639342
TG(16:0_18:1_18:2),CTL,individual,1:31163633,1,31163633,1.702043e-09,SORBI_3001G259100,0.628446
TG(16:0_18:1_18:2),CTL,individual,1:31163633,1,31163633,1.702043e-09,SORBI_3001G259000,0.607148
TG(16:0_18:1_18:2),CTL,individual,1:31163633,1,31163633,1.702043e-09,SORBI_3001G259000,0.601718
TG(16:0_18:1_18:2),CTL,individual,1:31163633,1,31163633,1.702043e-09,SORBI_3001G259400,0.576148
TG(16:0_18:1_18:2),CTL,individual,1:31163633,1,31163633,1.702043e-09,SORBI_3001G259000,0.53335
TG(16:0_18:1_18:2),CTL,individual,1:31163633,1,31163633,1.702043e-09,SORBI_3001G259000,0.521342
TG(16:0_18:1_18:2),CTL,individual,1:31163633,1,31163633,1.702043e-09,SORBI_3001G259000,0.517766
TG(16:0_18:1_18:2),CTL,individual,1:31163633,1,31163633,1.702043e-09,SORBI_3001G259000,0.509817
TG(16:0_18:1_18:2),CTL,individual,1:31163633,1,31163633,1.702043e-09,SORBI_3001G259000,0.50604
TG(16:0_18:1_18:2),CTL,individual,1:31163633,1,31163633,1.702043e-09,SORBI_3001G259000,0.505849
TG(16:0_18:1_18:2),CTL,individual,1:31163633,1,31163633,1.702043e-09,SORBI_3001G259000,0.501937
TG(16:0_18:1_18:2),CTL,individual,1:31163633,1,31163633,1.702043e-09,SORBI_3001G259000,0.498747
TG(16:0_18:1_18:2),CTL,individual,1:31163633,1,31163633,1.702043e-09,SORBI_3001G259000,0.498239
TG(16:0_18:1_18:2),CTL,individual,1:31163633,1,31163633,1.702043e-09,SORBI_3001G259000,0.494421
TG(16:0_18:1_18:2),CTL,individual,1:31163633,1,31163633,1.702043e-09,SORBI_3001G259000,0.491522
TG(16:0_18:1_18:2),CTL,individual,1:31163633,1,31163633,1.702043e-09,SORBI_3001G259000,0.490403
TG(16:0_18:1_18:2),CTL,individual,1:31163633,1,31163633,1.702043e-09,SORBI_3001G259000,0.486953
TG(16:0_18:1_18:2),CTL,individual,1:31163633,1,31163633,1.702043e-09,SORBI_3001G259000,0.486507
TG(16:0_18:1_18:2),CTL,individual,1:31163633,1,31163633,1.702043e-09,SORBI_3001G259000,0.484964
TG(16:0_18:1_18:2),CTL,individual,1:31163633,1,31163633,1.702043e-09,SORBI_3001G259000,0.483453
TG(16:0_18:1_18:2),CTL,individual,1:31163633,1,31163633,1.702043e-09,SORBI_3001G259000,0.475007
TG(16:0_18:1_18:2),CTL,individual,1:31163633,1,31163633,1.702043e-09,SORBI_3001G259000,0.46968
TG(16:0_18:1_18:2),CTL,individual,1:31163633,1,31163633,1.702043e-09,SORBI_3001G259000,0.468214
TG(16:0_18:1_18:2),CTL,individual,1:31163633,1,31163633,1.702043e-09,SORBI_3001G259600,0.467687
TG(16:0_18:1_18:2),CTL,individual,1:31163633,1,31163633,1.702043e-09,SORBI_3001G259000,0.463783
TG(16:0_18:1_18:2),CTL,individual,1:31163633,1,31163633,1.702043e-09,SORBI_3001G259000,0.453031
TG(16:0_18:1_18:2),CTL,individual,1:31163633,1,31163633,1.702043e-09,SORBI_3001G259000,0.448544
TG(16:0_18:1_18:2),CTL,individual,1:31163633,1,31163633,1.702043e-09,SORBI_3001G259000,0.448267
TG(16:0_18:1_18:2),CTL,individual,1:31163633,1,31163633,1.702043e-09,SORBI_3001G259000,0.435011
TG(16:0_18:1_18:2),CTL,individual,1:31163633,1,31163633,1.702043e-09,SORBI_3001G259400,0.422721
TG(16:0_18:1_18:2),CTL,individual,7:42553502,7,42553502,1.726463e-09,SORBI_3007G112200,0.54403
TG(16:0_18:1_18:2),CTL,individual,7:42553502,7,42553502,1.726463e-09,SORBI_3007G112200,0.536156
TG(16:0_18:1_18:2),CTL,individual,7:42553502,7,42553502,1.726463e-09,SORBI_3007G111800,0.531733
TG(16:0_18:1_18:2),CTL,individual,7:42553502,7,42553502,1.726463e-09,SORBI_3007G112100,0.531733
TG(16:0_18:1_18:2),CTL,individual,7:42553502,7,42553502,1.726463e-09,SORBI_3007G112200,0.531733
TG(16:0_18:1_18:2),CTL,individual,7:42553502,7,42553502,1.726463e-09,SORBI_3007G112000,0.527372
TG(16:0_18:1_18:2),CTL,individual,7:42553502,7,42553502,1.726463e-09,SORBI_3007G111901,0.525887
TG(16:0_18:1_18:2),CTL,individual,7:42553502,7,42553502,1.726463e-09,SORBI_3007G111800,0.525539
TG(16:0_18:1_18:2),CTL,individual,7:42553502,7,42553502,1.726463e-09,SORBI_3007G111901,0.525539
TG(16:0_18:1_18:2),CTL,individual,7:42553502,7,42553502,1.726463e-09,SORBI_3007G112200,0.525539
TG(16:0_18:1_18:2),CTL,individual,7:42553502,7,42553502,1.726463e-09,SORBI_3007G111800,0.521135
TG(16:0_18:1_18:2),CTL,individual,7:42553502,7,42553502,1.726463e-09,SORBI_3007G112200,0.521135
TG(16:0_18:1_18:2),CTL,individual,7:42553502,7,42553502,1.726463e-09,SORBI_3007G111901,0.51493
TG(16:0_18:1_18:2),CTL,individual,7:42553502,7,42553502,1.726463e-09,SORBI_3007G112200,0.51493
TG(16:0_18:1_18:2),CTL,individual,7:42553502,7,42553502,1.726463e-09,SORBI_3007G111901,0.514001
TG(16:0_18:1_18:2),CTL,individual,7:42553502,7,42553502,1.726463e-09,SORBI_3007G112200,0.504121
TG(16:0_18:1_18:2),CTL,individual,7:42553502,7,42553502,1.726463e-09,SORBI_3007G111901,0.502622
TG(16:0_18:1_18:2),CTL,individual,7:42553502,7,42553502,1.726463e-09,SORBI_3007G111800,0.457
TG(16:0_18:1_18:2),CTL,individual,7:42553502,7,42553502,1.726463e-09,SORBI_3007G111901,0.455185
TG(16:0_18:1_18:2),CTL,individual,7:42553502,7,42553502,1.726463e-09,SORBI_3007G111901,0.447825
TG(16:0_18:1_18:2),CTL,individual,7:42553502,7,42553502,1.726463e-09,SORBI_3007G112200,0.447825
TG(16:0_18:1_18:2),CTL,individual,7:42553502,7,42553502,1.726463e-09,SORBI_3007G112200,0.44603
TG(16:0_18:1_18:2),CTL,individual,7:42553502,7,42553502,1.726463e-09,SORBI_3007G112000,0.442456
TG(16:0_18:1_18:2),CTL,individual,7:42553502,7,42553502,1.726463e-09,SORBI_3007G112200,0.442456
TG(16:0_18:1_18:2),CTL,individual,7:42553502,7,42553502,1.726463e-09,SORBI_3007G111901,0.440702
TG(16:0_18:1_18:2),CTL,individual,7:42553502,7,42553502,1.726463e-09,SORBI_3007G112200,0.440702
TG(16:0_18:1_18:2),CTL,individual,7:42553502,7,42553502,1.726463e-09,SORBI_3007G111901,0.438906
TG(16:0_18:1_18:2),CTL,individual,7:42553502,7,42553502,1.726463e-09,SORBI_3007G112200,0.435358
TG(16:0_18:1_18:2),CTL,individual,1:18822364,1,18822364,1.934051e-09,SORBI_3001G206100,1
TG(16:0_18:1_18:2),CTL,individual,1:18822364,1,18822364,1.934051e-09,SORBI_3001G206100,1
TG(16:0_18:1_18:2),CTL,individual,1:18822364,1,18822364,1.934051e-09,SORBI_3001G206100,0.976016
TG(16:0_18:1_18:2),CTL,individual,1:18822364,1,18822364,1.934051e-09,SORBI_3001G206100,0.952477
TG(16:0_18:1_18:2),CTL,individual,1:18822364,1,18822364,1.934051e-09,SORBI_3001G206100,0.881316
TG(16:0_18:1_18:2),CTL,individual,1:18822364,1,18822364,1.934051e-09,SORBI_3001G206100,0.855716
TG(16:0_18:1_18:2),CTL,individual,1:18822364,1,18822364,1.934051e-09,SORBI_3001G206100,0.793653
TG(16:0_18:1_18:2),CTL,individual,1:18822364,1,18822364,1.934051e-09,SORBI_3001G206100,0.792164
TG(16:0_18:1_18:2),CTL,individual,1:18822364,1,18822364,1.934051e-09,SORBI_3001G206100,0.772633
TG(16:0_18:1_18:2),CTL,individual,1:18822364,1,18822364,1.934051e-09,SORBI_3001G206100,0.76851
TG(16:0_18:1_18:2),CTL,individual,1:18822364,1,18822364,1.934051e-09,SORBI_3001G206100,0.767638
TG(16:0_18:1_18:2),CTL,individual,1:18822364,1,18822364,1.934051e-09,SORBI_3001G206100,0.756588
TG(16:0_18:1_18:2),CTL,individual,1:18822364,1,18822364,1.934051e-09,SORBI_3001G206100,0.749076
TG(16:0_18:1_18:2),CTL,individual,1:18822364,1,18822364,1.934051e-09,SORBI_3001G206100,0.74901
TG(16:0_18:1_18:2),CTL,individual,1:18822364,1,18822364,1.934051e-09,SORBI_3001G206100,0.736013
TG(16:0_18:1_18:2),CTL,individual,1:18822364,1,18822364,1.934051e-09,SORBI_3001G206100,0.731356
TG(16:0_18:1_18:2),CTL,individual,1:18822364,1,18822364,1.934051e-09,SORBI_3001G206100,0.720832
TG(16:0_18:1_18:2),CTL,individual,1:18822364,1,18822364,1.934051e-09,SORBI_3001G206100,0.718479
TG(16:0_18:1_18:2),CTL,individual,1:18822364,1,18822364,1.934051e-09,SORBI_3001G206100,0.702406
TG(16:0_18:1_18:2),CTL,individual,1:18822364,1,18822364,1.934051e-09,SORBI_3001G206100,0.682808
TG(16:0_18:1_18:2),CTL,individual,1:18822364,1,18822364,1.934051e-09,SORBI_3001G206100,0.661045
TG(16:0_18:1_18:2),CTL,individual,1:18822364,1,18822364,1.934051e-09,SORBI_3001G206100,0.657225
TG(16:0_18:1_18:2),CTL,individual,1:18822364,1,18822364,1.934051e-09,SORBI_3001G206100,0.652381
TG(16:0_18:1_18:2),CTL,individual,1:18822364,1,18822364,1.934051e-09,SORBI_3001G206100,0.648477
TG(16:0_18:1_18:2),CTL,individual,1:18822364,1,18822364,1.934051e-09,SORBI_3001G206100,0.620475
TG(16:0_18:1_18:2),CTL,individual,1:18822364,1,18822364,1.934051e-09,SORBI_3001G206100,0.563203
TG(16:0_18:1_18:2),CTL,individual,1:18822364,1,18822364,1.934051e-09,SORBI_3001G206100,0.511345
TG(16:0_18:1_18:2),CTL,individual,1:18822364,1,18822364,1.934051e-09,SORBI_3001G206100,0.495224
TG(16:0_18:1_18:2),CTL,individual,1:18822364,1,18822364,1.934051e-09,SORBI_3001G206100,0.470176
TG(16:0_18:1_18:2),CTL,individual,1:18822364,1,18822364,1.934051e-09,SORBI_3001G206100,0.460471
TG(16:0_18:1_18:2),CTL,individual,1:18822364,1,18822364,1.934051e-09,SORBI_3001G206100,0.451899
TG(16:0_18:1_18:2),CTL,individual,1:18822364,1,18822364,1.934051e-09,SORBI_3001G206100,0.450762
TG(16:0_18:1_18:2),CTL,individual,1:18822364,1,18822364,1.934051e-09,SORBI_3001G206100,0.431331
TG(16:0_18:1_18:2),CTL,individual,1:18822364,1,18822364,1.934051e-09,SORBI_3001G206100,0.421103
TG(16:0_18:1_18:2),CTL,individual,8:14329910,8,14329910,2.000542e-09,SORBI_3008G081150,0.873447
TG(16:0_18:1_18:2),CTL,individual,8:14329910,8,14329910,2.000542e-09,SORBI_3008G081150,0.862135
TG(16:0_18:1_18:2),CTL,individual,8:14329910,8,14329910,2.000542e-09,SORBI_3008G081000,0.855842
TG(16:0_18:1_18:2),CTL,individual,8:14329910,8,14329910,2.000542e-09,SORBI_3008G081100,0.855842
TG(16:0_18:1_18:2),CTL,individual,8:14329910,8,14329910,2.000542e-09,SORBI_3008G081200,0.855842
TG(16:0_18:1_18:2),CTL,individual,8:14329910,8,14329910,2.000542e-09,SORBI_3008G081000,0.849592
TG(16:0_18:1_18:2),CTL,individual,8:14329910,8,14329910,2.000542e-09,SORBI_3008G081200,0.849592
TG(16:0_18:1_18:2),CTL,individual,8:14329910,8,14329910,2.000542e-09,SORBI_3008G081150,0.843385
TG(16:0_18:1_18:2),CTL,individual,8:14329910,8,14329910,2.000542e-09,SORBI_3008G081000,0.838521
TG(16:0_18:1_18:2),CTL,individual,8:14329910,8,14329910,2.000542e-09,SORBI_3008G081400,0.833812
TG(16:0_18:1_18:2),CTL,individual,8:14329910,8,14329910,2.000542e-09,SORBI_3008G081150,0.833711
TG(16:0_18:1_18:2),CTL,individual,8:14329910,8,14329910,2.000542e-09,SORBI_3008G081150,0.832309
TG(16:0_18:1_18:2),CTL,individual,8:14329910,8,14329910,2.000542e-09,SORBI_3008G080900,0.768521
TG(16:0_18:1_18:2),CTL,individual,1:18822387,1,18822387,2.094117e-09,SORBI_3001G206100,1
TG(16:0_18:1_18:2),CTL,individual,1:18822387,1,18822387,2.094117e-09,SORBI_3001G206100,1
TG(16:0_18:1_18:2),CTL,individual,1:18822387,1,18822387,2.094117e-09,SORBI_3001G206100,0.976016
TG(16:0_18:1_18:2),CTL,individual,1:18822387,1,18822387,2.094117e-09,SORBI_3001G206100,0.952477
TG(16:0_18:1_18:2),CTL,individual,1:18822387,1,18822387,2.094117e-09,SORBI_3001G206100,0.835416
TG(16:0_18:1_18:2),CTL,individual,1:18822387,1,18822387,2.094117e-09,SORBI_3001G206100,0.81689
TG(16:0_18:1_18:2),CTL,individual,1:18822387,1,18822387,2.094117e-09,SORBI_3001G206100,0.755847
TG(16:0_18:1_18:2),CTL,individual,1:18822387,1,18822387,2.094117e-09,SORBI_3001G206100,0.749076
TG(16:0_18:1_18:2),CTL,individual,1:18822387,1,18822387,2.094117e-09,SORBI_3001G206100,0.730487
TG(16:0_18:1_18:2),CTL,individual,1:18822387,1,18822387,2.094117e-09,SORBI_3001G206100,0.725667
TG(16:0_18:1_18:2),CTL,individual,1:18822387,1,18822387,2.094117e-09,SORBI_3001G206100,0.724742
TG(16:0_18:1_18:2),CTL,individual,1:18822387,1,18822387,2.094117e-09,SORBI_3001G206100,0.72223
TG(16:0_18:1_18:2),CTL,individual,1:18822387,1,18822387,2.094117e-09,SORBI_3001G206100,0.707194
TG(16:0_18:1_18:2),CTL,individual,1:18822387,1,18822387,2.094117e-09,SORBI_3001G206100,0.707117
TG(16:0_18:1_18:2),CTL,individual,1:18822387,1,18822387,2.094117e-09,SORBI_3001G206100,0.697981
TG(16:0_18:1_18:2),CTL,individual,1:18822387,1,18822387,2.094117e-09,SORBI_3001G206100,0.695633
TG(16:0_18:1_18:2),CTL,individual,1:18822387,1,18822387,2.094117e-09,SORBI_3001G206100,0.688094
TG(16:0_18:1_18:2),CTL,individual,1:18822387,1,18822387,2.094117e-09,SORBI_3001G206100,0.675323
TG(16:0_18:1_18:2),CTL,individual,1:18822387,1,18822387,2.094117e-09,SORBI_3001G206100,0.661065
TG(16:0_18:1_18:2),CTL,individual,1:18822387,1,18822387,2.094117e-09,SORBI_3001G206100,0.661045
TG(16:0_18:1_18:2),CTL,individual,1:18822387,1,18822387,2.094117e-09,SORBI_3001G206100,0.657225
TG(16:0_18:1_18:2),CTL,individual,1:18822387,1,18822387,2.094117e-09,SORBI_3001G206100,0.652381
TG(16:0_18:1_18:2),CTL,individual,1:18822387,1,18822387,2.094117e-09,SORBI_3001G206100,0.648477
TG(16:0_18:1_18:2),CTL,individual,1:18822387,1,18822387,2.094117e-09,SORBI_3001G206100,0.646673
TG(16:0_18:1_18:2),CTL,individual,1:18822387,1,18822387,2.094117e-09,SORBI_3001G206100,0.620475
TG(16:0_18:1_18:2),CTL,individual,1:18822387,1,18822387,2.094117e-09,SORBI_3001G206100,0.526183
TG(16:0_18:1_18:2),CTL,individual,1:18822387,1,18822387,2.094117e-09,SORBI_3001G206100,0.511345
TG(16:0_18:1_18:2),CTL,individual,1:18822387,1,18822387,2.094117e-09,SORBI_3001G206100,0.475115
TG(16:0_18:1_18:2),CTL,individual,1:18822387,1,18822387,2.094117e-09,SORBI_3001G206100,0.470176
TG(16:0_18:1_18:2),CTL,individual,1:18822387,1,18822387,2.094117e-09,SORBI_3001G206100,0.465895
TG(16:0_18:1_18:2),CTL,individual,1:18822387,1,18822387,2.094117e-09,SORBI_3001G206100,0.450762
TG(16:0_18:1_18:2),CTL,individual,1:18822387,1,18822387,2.094117e-09,SORBI_3001G206100,0.446457
TG(16:0_18:1_18:2),CTL,individual,1:18822387,1,18822387,2.094117e-09,SORBI_3001G206100,0.425707
TG(16:0_18:1_18:2),CTL,individual,7:44032615,7,44032615,2.196292e-09,SORBI_3007G112900,0.620446
TG(16:0_18:1_18:2),CTL,individual,7:44032615,7,44032615,2.196292e-09,SORBI_3007G113200,0.619789
TG(16:0_18:1_18:2),CTL,individual,7:44032615,7,44032615,2.196292e-09,SORBI_3007G112900,0.615761
TG(16:0_18:1_18:2),CTL,individual,7:44032615,7,44032615,2.196292e-09,SORBI_3007G113101,0.587042
TG(16:0_18:1_18:2),CTL,individual,7:44032615,7,44032615,2.196292e-09,SORBI_3007G113101,0.568744
TG(16:0_18:1_18:2),CTL,individual,6:14987911,6,14987911,2.199362e-09,SORBI_3006G038050,0.679598
TG(16:0_18:1_18:2),CTL,individual,6:14987911,6,14987911,2.199362e-09,SORBI_3006G038000,0.666116
TG(16:0_18:1_18:2),CTL,individual,6:14987911,6,14987911,2.199362e-09,SORBI_3006G038000,0.665998
TG(16:0_18:1_18:2),CTL,individual,6:14987911,6,14987911,2.199362e-09,SORBI_3006G038000,0.665757
TG(16:0_18:1_18:2),CTL,individual,6:14987911,6,14987911,2.199362e-09,SORBI_3006G038000,0.662248
TG(16:0_18:1_18:2),CTL,individual,6:14987911,6,14987911,2.199362e-09,SORBI_3006G038000,0.657639
TG(16:0_18:1_18:2),CTL,individual,6:14987911,6,14987911,2.199362e-09,SORBI_3006G038000,0.657575
TG(16:0_18:1_18:2),CTL,individual,6:14987911,6,14987911,2.199362e-09,SORBI_3006G038000,0.655342
TG(16:0_18:1_18:2),CTL,individual,6:14987911,6,14987911,2.199362e-09,SORBI_3006G038000,0.653102
TG(16:0_18:1_18:2),CTL,individual,6:14987911,6,14987911,2.199362e-09,SORBI_3006G038000,0.653047
TG(16:0_18:1_18:2),CTL,individual,6:14987911,6,14987911,2.199362e-09,SORBI_3006G038000,0.652991
TG(16:0_18:1_18:2),CTL,individual,6:14987911,6,14987911,2.199362e-09,SORBI_3006G038000,0.651148
TG(16:0_18:1_18:2),CTL,individual,6:14987911,6,14987911,2.199362e-09,SORBI_3006G038000,0.649502
TG(16:0_18:1_18:2),CTL,individual,6:14987911,6,14987911,2.199362e-09,SORBI_3006G038000,0.647038
TG(16:0_18:1_18:2),CTL,individual,6:14987911,6,14987911,2.199362e-09,SORBI_3006G038000,0.646735
TG(16:0_18:1_18:2),CTL,individual,6:14987911,6,14987911,2.199362e-09,SORBI_3006G038000,0.646674
TG(16:0_18:1_18:2),CTL,individual,6:14987911,6,14987911,2.199362e-09,SORBI_3006G038000,0.645104
TG(16:0_18:1_18:2),CTL,individual,6:14987911,6,14987911,2.199362e-09,SORBI_3006G038000,0.6451
TG(16:0_18:1_18:2),CTL,individual,6:14987911,6,14987911,2.199362e-09,SORBI_3006G038000,0.64292
TG(16:0_18:1_18:2),CTL,individual,6:14987911,6,14987911,2.199362e-09,SORBI_3006G038000,0.641031
TG(16:0_18:1_18:2),CTL,individual,6:14987911,6,14987911,2.199362e-09,SORBI_3006G038000,0.634521
TG(16:0_18:1_18:2),CTL,individual,6:14987911,6,14987911,2.199362e-09,SORBI_3006G038000,0.63275
TG(16:0_18:1_18:2),CTL,individual,6:14987911,6,14987911,2.199362e-09,SORBI_3006G038000,0.631313
TG(16:0_18:1_18:2),CTL,individual,6:14987911,6,14987911,2.199362e-09,SORBI_3006G038000,0.629606
TG(16:0_18:1_18:2),CTL,individual,6:14987911,6,14987911,2.199362e-09,SORBI_3006G038000,0.626375
TG(16:0_18:1_18:2),CTL,individual,6:14987911,6,14987911,2.199362e-09,SORBI_3006G038000,0.624364
TG(16:0_18:1_18:2),CTL,individual,6:14987911,6,14987911,2.199362e-09,SORBI_3006G038000,0.621313
TG(16:0_18:1_18:2),CTL,individual,6:14987911,6,14987911,2.199362e-09,SORBI_3006G038000,0.618412
TG(16:0_18:1_18:2),CTL,individual,6:14987911,6,14987911,2.199362e-09,SORBI_3006G038000,0.606002
TG(16:0_18:1_18:2),CTL,individual,6:14987911,6,14987911,2.199362e-09,SORBI_3006G038000,0.60194
TG(16:0_18:1_18:2),CTL,individual,6:14987911,6,14987911,2.199362e-09,SORBI_3006G038000,0.483085
TG(16:0_18:1_18:2),CTL,individual,6:27485275,6,27485275,2.315168e-09,SORBI_3006G041700,0.418525
TG(16:0_18:1_18:2),CTL,individual,6:27485275,6,27485275,2.315168e-09,SORBI_3006G041700,0.41444
TG(16:0_18:1_18:2),CTL,individual,5:43919021,5,43919021,2.487811e-09,SORBI_3005G114800,0.967674
TG(16:0_18:1_18:2),CTL,individual,5:43919021,5,43919021,2.487811e-09,SORBI_3005G114800,0.964174
TG(16:0_18:1_18:2),CTL,individual,5:43919021,5,43919021,2.487811e-09,SORBI_3005G114600,0.960702
TG(16:0_18:1_18:2),CTL,individual,5:43919021,5,43919021,2.487811e-09,SORBI_3005G114800,0.960702
TG(16:0_18:1_18:2),CTL,individual,5:43919021,5,43919021,2.487811e-09,SORBI_3005G114800,0.956938
TG(16:0_18:1_18:2),CTL,individual,5:43919021,5,43919021,2.487811e-09,SORBI_3005G114800,0.953844
TG(16:0_18:1_18:2),CTL,individual,5:43919021,5,43919021,2.487811e-09,SORBI_3005G114800,0.953466
TG(16:0_18:1_18:2),CTL,individual,5:43919021,5,43919021,2.487811e-09,SORBI_3005G114800,0.937227
TG(16:0_18:1_18:2),CTL,individual,5:43919021,5,43919021,2.487811e-09,SORBI_3005G114800,0.922267
TG(16:0_18:1_18:2),CTL,individual,5:43919021,5,43919021,2.487811e-09,SORBI_3005G114800,0.920936
TG(16:0_18:1_18:2),CTL,individual,5:43919021,5,43919021,2.487811e-09,SORBI_3005G114800,0.917486
TG(16:0_18:1_18:2),CTL,individual,5:43919021,5,43919021,2.487811e-09,SORBI_3005G114800,0.910707
TG(16:0_18:1_18:2),CTL,individual,5:43919021,5,43919021,2.487811e-09,SORBI_3005G114800,0.89429
TG(16:0_18:1_18:2),CTL,individual,5:43919021,5,43919021,2.487811e-09,SORBI_3005G114800,0.860691
TG(16:0_18:1_18:2),CTL,individual,5:43919021,5,43919021,2.487811e-09,SORBI_3005G114800,0.646971
TG(16:0_18:1_18:2),CTL,individual,5:43919021,5,43919021,2.487811e-09,SORBI_3005G114800,0.644381
TG(16:0_18:1_18:2),CTL,individual,5:43919021,5,43919021,2.487811e-09,SORBI_3005G114800,0.635068
TG(16:0_18:1_18:2),CTL,individual,5:43919021,5,43919021,2.487811e-09,SORBI_3005G114800,0.630428
TG(16:0_18:1_18:2),CTL,individual,5:43919021,5,43919021,2.487811e-09,SORBI_3005G114800,0.628311
TG(16:0_18:1_18:2),CTL,individual,5:43919021,5,43919021,2.487811e-09,SORBI_3005G114600,0.550567
TG(16:0_18:1_18:2),CTL,individual,5:43919021,5,43919021,2.487811e-09,SORBI_3005G114800,0.509238
TG(16:0_18:1_18:2),CTL,individual,5:43919021,5,43919021,2.487811e-09,SORBI_3005G114800,0.508991
TG(16:0_18:1_18:2),CTL,individual,5:43919021,5,43919021,2.487811e-09,SORBI_3005G114800,0.504514
TG(16:0_18:1_18:2),CTL,individual,5:43919021,5,43919021,2.487811e-09,SORBI_3005G114800,0.480234
TG(16:0_18:1_18:2),CTL,individual,5:43919021,5,43919021,2.487811e-09,SORBI_3005G114800,0.44007
TG(16:0_18:1_18:2),CTL,individual,6:36298283,6,36298283,2.731439e-09,SORBI_3006G049666,0.48265
TG(16:0_18:1_18:2),CTL,individual,7:42553687,7,42553687,2.959208e-09,SORBI_3007G112200,0.624589
TG(16:0_18:1_18:2),CTL,individual,7:42553687,7,42553687,2.959208e-09,SORBI_3007G112200,0.621252
TG(16:0_18:1_18:2),CTL,individual,7:42553687,7,42553687,2.959208e-09,SORBI_3007G111800,0.616059
TG(16:0_18:1_18:2),CTL,individual,7:42553687,7,42553687,2.959208e-09,SORBI_3007G112100,0.616059
TG(16:0_18:1_18:2),CTL,individual,7:42553687,7,42553687,2.959208e-09,SORBI_3007G112200,0.616059
TG(16:0_18:1_18:2),CTL,individual,7:42553687,7,42553687,2.959208e-09,SORBI_3007G111800,0.611643
TG(16:0_18:1_18:2),CTL,individual,7:42553687,7,42553687,2.959208e-09,SORBI_3007G111901,0.611643
TG(16:0_18:1_18:2),CTL,individual,7:42553687,7,42553687,2.959208e-09,SORBI_3007G112200,0.611643
TG(16:0_18:1_18:2),CTL,individual,7:42553687,7,42553687,2.959208e-09,SORBI_3007G112000,0.610938
TG(16:0_18:1_18:2),CTL,individual,7:42553687,7,42553687,2.959208e-09,SORBI_3007G111800,0.606454
TG(16:0_18:1_18:2),CTL,individual,7:42553687,7,42553687,2.959208e-09,SORBI_3007G112200,0.606454
TG(16:0_18:1_18:2),CTL,individual,7:42553687,7,42553687,2.959208e-09,SORBI_3007G111901,0.602035
TG(16:0_18:1_18:2),CTL,individual,7:42553687,7,42553687,2.959208e-09,SORBI_3007G112200,0.602035
TG(16:0_18:1_18:2),CTL,individual,7:42553687,7,42553687,2.959208e-09,SORBI_3007G111901,0.598811
TG(16:0_18:1_18:2),CTL,individual,7:42553687,7,42553687,2.959208e-09,SORBI_3007G111901,0.5934
TG(16:0_18:1_18:2),CTL,individual,7:42553687,7,42553687,2.959208e-09,SORBI_3007G111901,0.590641
TG(16:0_18:1_18:2),CTL,individual,7:42553687,7,42553687,2.959208e-09,SORBI_3007G111800,0.562629
TG(16:0_18:1_18:2),CTL,individual,7:42553687,7,42553687,2.959208e-09,SORBI_3007G111901,0.560406
TG(16:0_18:1_18:2),CTL,individual,7:42553687,7,42553687,2.959208e-09,SORBI_3007G111901,0.551344
TG(16:0_18:1_18:2),CTL,individual,7:42553687,7,42553687,2.959208e-09,SORBI_3007G112200,0.549139
TG(16:0_18:1_18:2),CTL,individual,7:42553687,7,42553687,2.959208e-09,SORBI_3007G111901,0.544926
TG(16:0_18:1_18:2),CTL,individual,7:42553687,7,42553687,2.959208e-09,SORBI_3007G112200,0.544926
TG(16:0_18:1_18:2),CTL,individual,7:42553687,7,42553687,2.959208e-09,SORBI_3007G112000,0.544738
TG(16:0_18:1_18:2),CTL,individual,7:42553687,7,42553687,2.959208e-09,SORBI_3007G112200,0.544738
TG(16:0_18:1_18:2),CTL,individual,7:42553687,7,42553687,2.959208e-09,SORBI_3007G111901,0.542713
TG(16:0_18:1_18:2),CTL,individual,7:42553687,7,42553687,2.959208e-09,SORBI_3007G112200,0.538326
TG(16:0_18:1_18:2),CTL,individual,7:42553687,7,42553687,2.959208e-09,SORBI_3007G112200,0.531926
TG(16:0_18:1_18:2),CTL,individual,7:42553687,7,42553687,2.959208e-09,SORBI_3007G112200,0.525462
TG(16:0_18:1_18:2),CTL,individual,7:42553687,7,42553687,2.959208e-09,SORBI_3007G112100,0.440594
TG(16:0_18:1_18:2),CTL,individual,1:28628559,1,28628559,3.012181e-09,SORBI_3001G254200,0.734944
TG(16:0_18:1_18:2),CTL,individual,7:7903507,7,7903507,3.192739e-09,SORBI_3007G071400,1
TG(16:0_18:1_18:2),CTL,individual,7:7903507,7,7903507,3.192739e-09,SORBI_3007G071400,1
TG(16:0_18:1_18:2),CTL,individual,7:7904098,7,7904098,3.192739e-09,SORBI_3007G071400,1
TG(16:0_18:1_18:2),CTL,individual,7:7904098,7,7904098,3.192739e-09,SORBI_3007G071400,1
TG(16:0_18:1_18:2),CTL,individual,7:7903507,7,7903507,3.192739e-09,SORBI_3007G071400,0.987082
TG(16:0_18:1_18:2),CTL,individual,7:7904098,7,7904098,3.192739e-09,SORBI_3007G071400,0.987082
TG(16:0_18:1_18:2),CTL,individual,7:7903507,7,7903507,3.192739e-09,SORBI_3007G071400,0.974059
TG(16:0_18:1_18:2),CTL,individual,7:7904098,7,7904098,3.192739e-09,SORBI_3007G071400,0.974059
TG(16:0_18:1_18:2),CTL,individual,7:7903507,7,7903507,3.192739e-09,SORBI_3007G070700,0.763719
TG(16:0_18:1_18:2),CTL,individual,7:7903507,7,7903507,3.192739e-09,SORBI_3007G070900,0.763719
TG(16:0_18:1_18:2),CTL,individual,7:7903507,7,7903507,3.192739e-09,SORBI_3007G071000,0.763719
TG(16:0_18:1_18:2),CTL,individual,7:7904098,7,7904098,3.192739e-09,SORBI_3007G070700,0.763719
TG(16:0_18:1_18:2),CTL,individual,7:7904098,7,7904098,3.192739e-09,SORBI_3007G070900,0.763719
TG(16:0_18:1_18:2),CTL,individual,7:7904098,7,7904098,3.192739e-09,SORBI_3007G071000,0.763719
TG(16:0_18:1_18:2),CTL,individual,7:7903507,7,7903507,3.192739e-09,SORBI_3007G071000,0.632176
TG(16:0_18:1_18:2),CTL,individual,7:7904098,7,7904098,3.192739e-09,SORBI_3007G071000,0.632176
TG(16:0_18:1_18:2),CTL,individual,7:7903507,7,7903507,3.192739e-09,SORBI_3007G071000,0.619297
TG(16:0_18:1_18:2),CTL,individual,7:7904098,7,7904098,3.192739e-09,SORBI_3007G071000,0.619297
TG(16:0_18:1_18:2),CTL,individual,7:7903507,7,7903507,3.192739e-09,SORBI_3007G071000,0.602217
TG(16:0_18:1_18:2),CTL,individual,7:7904098,7,7904098,3.192739e-09,SORBI_3007G071000,0.602217
TG(16:0_18:1_18:2),CTL,individual,7:7903507,7,7903507,3.192739e-09,SORBI_3007G071000,0.595977
TG(16:0_18:1_18:2),CTL,individual,7:7904098,7,7904098,3.192739e-09,SORBI_3007G071000,0.595977
TG(16:0_18:1_18:2),CTL,individual,7:7903507,7,7903507,3.192739e-09,SORBI_3007G071500,0.595187
TG(16:0_18:1_18:2),CTL,individual,7:7904098,7,7904098,3.192739e-09,SORBI_3007G071500,0.595187
TG(16:0_18:1_18:2),CTL,individual,7:7903507,7,7903507,3.192739e-09,SORBI_3007G071000,0.581734
TG(16:0_18:1_18:2),CTL,individual,7:7904098,7,7904098,3.192739e-09,SORBI_3007G071000,0.581734
TG(16:0_18:1_18:2),CTL,individual,7:7903507,7,7903507,3.192739e-09,SORBI_3007G071200,0.580411
TG(16:0_18:1_18:2),CTL,individual,7:7904098,7,7904098,3.192739e-09,SORBI_3007G071200,0.580411
TG(16:0_18:1_18:2),CTL,individual,7:7903507,7,7903507,3.192739e-09,SORBI_3007G071000,0.567424
TG(16:0_18:1_18:2),CTL,individual,7:7903507,7,7903507,3.192739e-09,SORBI_3007G071600,0.567424
TG(16:0_18:1_18:2),CTL,individual,7:7904098,7,7904098,3.192739e-09,SORBI_3007G071000,0.567424
TG(16:0_18:1_18:2),CTL,individual,7:7904098,7,7904098,3.192739e-09,SORBI_3007G071600,0.567424
TG(16:0_18:1_18:2),CTL,individual,7:7903507,7,7903507,3.192739e-09,SORBI_3007G071000,0.564609
TG(16:0_18:1_18:2),CTL,individual,7:7904098,7,7904098,3.192739e-09,SORBI_3007G071000,0.564609
TG(16:0_18:1_18:2),CTL,individual,7:7903507,7,7903507,3.192739e-09,SORBI_3007G071000,0.558986
TG(16:0_18:1_18:2),CTL,individual,7:7904098,7,7904098,3.192739e-09,SORBI_3007G071000,0.558986
TG(16:0_18:1_18:2),CTL,individual,7:7903507,7,7903507,3.192739e-09,SORBI_3007G071300,0.54869
TG(16:0_18:1_18:2),CTL,individual,7:7904098,7,7904098,3.192739e-09,SORBI_3007G071300,0.54869
TG(16:0_18:1_18:2),CTL,individual,7:7903507,7,7903507,3.192739e-09,SORBI_3007G071700,0.54775
TG(16:0_18:1_18:2),CTL,individual,7:7904098,7,7904098,3.192739e-09,SORBI_3007G071700,0.54775
TG(16:0_18:1_18:2),CTL,individual,7:7903507,7,7903507,3.192739e-09,SORBI_3007G071600,0.537874
TG(16:0_18:1_18:2),CTL,individual,7:7904098,7,7904098,3.192739e-09,SORBI_3007G071600,0.537874
TG(16:0_18:1_18:2),CTL,individual,7:7903507,7,7903507,3.192739e-09,SORBI_3007G071000,0.537274
TG(16:0_18:1_18:2),CTL,individual,7:7904098,7,7904098,3.192739e-09,SORBI_3007G071000,0.537274
TG(16:0_18:1_18:2),CTL,individual,7:7903507,7,7903507,3.192739e-09,SORBI_3007G071000,0.528074
TG(16:0_18:1_18:2),CTL,individual,7:7904098,7,7904098,3.192739e-09,SORBI_3007G071000,0.528074
TG(16:0_18:1_18:2),CTL,individual,7:7903507,7,7903507,3.192739e-09,SORBI_3007G071600,0.52093
TG(16:0_18:1_18:2),CTL,individual,7:7904098,7,7904098,3.192739e-09,SORBI_3007G071600,0.52093
TG(16:0_18:1_18:2),CTL,individual,7:7903507,7,7903507,3.192739e-09,SORBI_3007G071800,0.509684
TG(16:0_18:1_18:2),CTL,individual,7:7904098,7,7904098,3.192739e-09,SORBI_3007G071800,0.509684
TG(16:0_18:1_18:2),CTL,individual,7:7903507,7,7903507,3.192739e-09,SORBI_3007G070900,0.496862
TG(16:0_18:1_18:2),CTL,individual,7:7904098,7,7904098,3.192739e-09,SORBI_3007G070900,0.496862
TG(16:0_18:1_18:2),CTL,individual,7:7903507,7,7903507,3.192739e-09,SORBI_3007G071300,0.496679
TG(16:0_18:1_18:2),CTL,individual,7:7904098,7,7904098,3.192739e-09,SORBI_3007G071300,0.496679
TG(16:0_18:1_18:2),CTL,individual,7:7903507,7,7903507,3.192739e-09,SORBI_3007G070900,0.474012
TG(16:0_18:1_18:2),CTL,individual,7:7904098,7,7904098,3.192739e-09,SORBI_3007G070900,0.474012
TG(16:0_18:1_18:2),CTL,individual,7:7903507,7,7903507,3.192739e-09,SORBI_3007G070900,0.471216
TG(16:0_18:1_18:2),CTL,individual,7:7904098,7,7904098,3.192739e-09,SORBI_3007G070900,0.471216
TG(16:0_18:1_18:2),CTL,individual,7:7903507,7,7903507,3.192739e-09,SORBI_3007G071800,0.469811
TG(16:0_18:1_18:2),CTL,individual,7:7904098,7,7904098,3.192739e-09,SORBI_3007G071800,0.469811
TG(16:0_18:1_18:2),CTL,individual,7:7903507,7,7903507,3.192739e-09,SORBI_3007G070900,0.46086
TG(16:0_18:1_18:2),CTL,individual,7:7904098,7,7904098,3.192739e-09,SORBI_3007G070900,0.46086
TG(16:0_18:1_18:2),CTL,individual,7:7903507,7,7903507,3.192739e-09,SORBI_3007G070900,0.457166
TG(16:0_18:1_18:2),CTL,individual,7:7904098,7,7904098,3.192739e-09,SORBI_3007G070900,0.457166
TG(16:0_18:1_18:2),CTL,individual,7:7903507,7,7903507,3.192739e-09,SORBI_3007G071300,0.449979
TG(16:0_18:1_18:2),CTL,individual,7:7904098,7,7904098,3.192739e-09,SORBI_3007G071300,0.449979
TG(16:0_18:1_18:2),CTL,individual,7:7903507,7,7903507,3.192739e-09,SORBI_3007G071300,0.447798
TG(16:0_18:1_18:2),CTL,individual,7:7904098,7,7904098,3.192739e-09,SORBI_3007G071300,0.447798
TG(16:0_18:1_18:2),CTL,individual,7:7903507,7,7903507,3.192739e-09,SORBI_3007G070900,0.444134
TG(16:0_18:1_18:2),CTL,individual,7:7904098,7,7904098,3.192739e-09,SORBI_3007G070900,0.444134
TG(16:0_18:1_18:2),CTL,individual,7:7903507,7,7903507,3.192739e-09,SORBI_3007G071100,0.42875
TG(16:0_18:1_18:2),CTL,individual,7:7904098,7,7904098,3.192739e-09,SORBI_3007G071100,0.42875
TG(16:0_18:1_18:2),CTL,individual,7:7903507,7,7903507,3.192739e-09,SORBI_3007G071100,0.422994
TG(16:0_18:1_18:2),CTL,individual,7:7904098,7,7904098,3.192739e-09,SORBI_3007G071100,0.422994
TG(16:0_18:1_18:2),CTL,individual,7:7903507,7,7903507,3.192739e-09,SORBI_3007G071100,0.419029
TG(16:0_18:1_18:2),CTL,individual,7:7904098,7,7904098,3.192739e-09,SORBI_3007G071100,0.419029
TG(16:0_18:1_18:2),CTL,individual,7:7903507,7,7903507,3.192739e-09,SORBI_3007G071100,0.418547
TG(16:0_18:1_18:2),CTL,individual,7:7904098,7,7904098,3.192739e-09,SORBI_3007G071100,0.418547
TG(16:0_18:1_18:2),CTL,individual,7:7903507,7,7903507,3.192739e-09,SORBI_3007G071100,0.417447
TG(16:0_18:1_18:2),CTL,individual,7:7904098,7,7904098,3.192739e-09,SORBI_3007G071100,0.417447
TG(16:0_18:1_18:2),CTL,individual,7:7903507,7,7903507,3.192739e-09,SORBI_3007G071100,0.416573
TG(16:0_18:1_18:2),CTL,individual,7:7904098,7,7904098,3.192739e-09,SORBI_3007G071100,0.416573
TG(16:0_18:1_18:2),CTL,individual,7:7903507,7,7903507,3.192739e-09,SORBI_3007G071100,0.413196
TG(16:0_18:1_18:2),CTL,individual,7:7904098,7,7904098,3.192739e-09,SORBI_3007G071100,0.413196
TG(16:0_18:1_18:2),CTL,individual,7:7903507,7,7903507,3.192739e-09,SORBI_3007G071100,0.412954
TG(16:0_18:1_18:2),CTL,individual,7:7904098,7,7904098,3.192739e-09,SORBI_3007G071100,0.412954
TG(16:0_18:1_18:2),CTL,individual,7:7903507,7,7903507,3.192739e-09,SORBI_3007G071100,0.408773
TG(16:0_18:1_18:2),CTL,individual,7:7904098,7,7904098,3.192739e-09,SORBI_3007G071100,0.408773
TG(16:0_18:1_18:2),CTL,individual,7:7903507,7,7903507,3.192739e-09,SORBI_3007G071100,0.40695
TG(16:0_18:1_18:2),CTL,individual,7:7904098,7,7904098,3.192739e-09,SORBI_3007G071100,0.40695
TG(16:0_18:1_18:2),CTL,individual,7:7903507,7,7903507,3.192739e-09,SORBI_3007G071100,0.403367
TG(16:0_18:1_18:2),CTL,individual,7:7904098,7,7904098,3.192739e-09,SORBI_3007G071100,0.403367
TG(16:0_18:1_18:2),CTL,individual,7:7903507,7,7903507,3.192739e-09,SORBI_3007G071100,0.402914
TG(16:0_18:1_18:2),CTL,individual,7:7904098,7,7904098,3.192739e-09,SORBI_3007G071100,0.402914
TG(16:0_18:1_18:2),CTL,individual,7:7903507,7,7903507,3.192739e-09,SORBI_3007G071100,0.402846
TG(16:0_18:1_18:2),CTL,individual,7:7904098,7,7904098,3.192739e-09,SORBI_3007G071100,0.402846
TG(16:0_18:1_18:2),CTL,individual,6:35967968,6,35967968,3.197515e-09,SORBI_3006G049600,0.870509
TG(16:0_18:1_18:2),CTL,individual,6:35967968,6,35967968,3.197515e-09,SORBI_3006G049600,0.867175
TG(16:0_18:1_18:2),CTL,individual,6:35967968,6,35967968,3.197515e-09,SORBI_3006G049600,0.86711
TG(16:0_18:1_18:2),CTL,individual,6:35967968,6,35967968,3.197515e-09,SORBI_3006G049600,0.867018
TG(16:0_18:1_18:2),CTL,individual,6:35967968,6,35967968,3.197515e-09,SORBI_3006G049600,0.866159
TG(16:0_18:1_18:2),CTL,individual,6:35967968,6,35967968,3.197515e-09,SORBI_3006G049600,0.865966
TG(16:0_18:1_18:2),CTL,individual,6:35967968,6,35967968,3.197515e-09,SORBI_3006G049600,0.865913
TG(16:0_18:1_18:2),CTL,individual,6:35967968,6,35967968,3.197515e-09,SORBI_3006G049600,0.862234
TG(16:0_18:1_18:2),CTL,individual,6:35967968,6,35967968,3.197515e-09,SORBI_3006G049600,0.857425
TG(16:0_18:1_18:2),CTL,individual,6:35967968,6,35967968,3.197515e-09,SORBI_3006G049600,0.855499
TG(16:0_18:1_18:2),CTL,individual,6:35967968,6,35967968,3.197515e-09,SORBI_3006G049600,0.855421
TG(16:0_18:1_18:2),CTL,individual,6:35967968,6,35967968,3.197515e-09,SORBI_3006G049600,0.854615
TG(16:0_18:1_18:2),CTL,individual,6:35967968,6,35967968,3.197515e-09,SORBI_3006G049633,0.854615
TG(16:0_18:1_18:2),CTL,individual,6:35967968,6,35967968,3.197515e-09,SORBI_3006G049600,0.854436
TG(16:0_18:1_18:2),CTL,individual,6:35967968,6,35967968,3.197515e-09,SORBI_3006G049600,0.854322
TG(16:0_18:1_18:2),CTL,individual,6:35967968,6,35967968,3.197515e-09,SORBI_3006G049600,0.853832
TG(16:0_18:1_18:2),CTL,individual,6:35967968,6,35967968,3.197515e-09,SORBI_3006G049633,0.853832
TG(16:0_18:1_18:2),CTL,individual,6:35967968,6,35967968,3.197515e-09,SORBI_3006G049600,0.853154
TG(16:0_18:1_18:2),CTL,individual,6:35967968,6,35967968,3.197515e-09,SORBI_3006G049600,0.851436
TG(16:0_18:1_18:2),CTL,individual,6:35967968,6,35967968,3.197515e-09,SORBI_3006G049600,0.850564
TG(16:0_18:1_18:2),CTL,individual,6:35967968,6,35967968,3.197515e-09,SORBI_3006G049600,0.850341
TG(16:0_18:1_18:2),CTL,individual,6:35967968,6,35967968,3.197515e-09,SORBI_3006G049600,0.849608
TG(16:0_18:1_18:2),CTL,individual,6:35967968,6,35967968,3.197515e-09,SORBI_3006G049600,0.849343
TG(16:0_18:1_18:2),CTL,individual,6:35967968,6,35967968,3.197515e-09,SORBI_3006G049600,0.84875
TG(16:0_18:1_18:2),CTL,individual,6:35967968,6,35967968,3.197515e-09,SORBI_3006G049600,0.848262
TG(16:0_18:1_18:2),CTL,individual,6:35967968,6,35967968,3.197515e-09,SORBI_3006G049600,0.84794
TG(16:0_18:1_18:2),CTL,individual,6:35967968,6,35967968,3.197515e-09,SORBI_3006G049600,0.841708
TG(16:0_18:1_18:2),CTL,individual,6:35967968,6,35967968,3.197515e-09,SORBI_3006G049600,0.838682
TG(16:0_18:1_18:2),CTL,individual,6:35967968,6,35967968,3.197515e-09,SORBI_3006G049600,0.838106
TG(16:0_18:1_18:2),CTL,individual,6:35967968,6,35967968,3.197515e-09,SORBI_3006G049600,0.837319
TG(16:0_18:1_18:2),CTL,individual,6:35967968,6,35967968,3.197515e-09,SORBI_3006G049600,0.836734
TG(16:0_18:1_18:2),CTL,individual,6:35967968,6,35967968,3.197515e-09,SORBI_3006G049600,0.836637
TG(16:0_18:1_18:2),CTL,individual,6:35967968,6,35967968,3.197515e-09,SORBI_3006G049600,0.836229
TG(16:0_18:1_18:2),CTL,individual,6:35967968,6,35967968,3.197515e-09,SORBI_3006G049600,0.835323
TG(16:0_18:1_18:2),CTL,individual,6:35967968,6,35967968,3.197515e-09,SORBI_3006G049600,0.83144
TG(16:0_18:1_18:2),CTL,individual,6:35967968,6,35967968,3.197515e-09,SORBI_3006G049600,0.827978
TG(16:0_18:1_18:2),CTL,individual,6:35967968,6,35967968,3.197515e-09,SORBI_3006G049600,0.823747
TG(16:0_18:1_18:2),CTL,individual,6:35967968,6,35967968,3.197515e-09,SORBI_3006G049600,0.746191
TG(16:0_18:1_18:2),CTL,individual,6:35967968,6,35967968,3.197515e-09,SORBI_3006G049600,0.676378
TG(16:0_18:1_18:2),CTL,individual,6:35967968,6,35967968,3.197515e-09,SORBI_3006G049600,0.664002
TG(16:0_18:1_18:2),CTL,individual,6:35967968,6,35967968,3.197515e-09,SORBI_3006G049600,0.542777
TG(16:0_18:1_18:2),CTL,individual,6:35967968,6,35967968,3.197515e-09,SORBI_3006G049600,0.536166
TG(16:0_18:1_18:2),CTL,individual,2:43769684,2,43769684,3.442456e-09,SORBI_3002G150766,0.949842
TG(16:0_18:1_18:2),CTL,individual,2:43769684,2,43769684,3.442456e-09,SORBI_3002G150766,0.949806
TG(16:0_18:1_18:2),CTL,individual,2:43769684,2,43769684,3.442456e-09,SORBI_3002G150766,0.949797
TG(16:0_18:1_18:2),CTL,individual,2:43769684,2,43769684,3.442456e-09,SORBI_3002G150766,0.94014
TG(16:0_18:1_18:2),CTL,individual,2:43769684,2,43769684,3.442456e-09,SORBI_3002G150766,0.939875
TG(16:0_18:1_18:2),CTL,individual,2:43769684,2,43769684,3.442456e-09,SORBI_3002G150766,0.939486
TG(16:0_18:1_18:2),CTL,individual,2:43769684,2,43769684,3.442456e-09,SORBI_3002G150766,0.939465
TG(16:0_18:1_18:2),CTL,individual,2:43769684,2,43769684,3.442456e-09,SORBI_3002G150766,0.930382
TG(16:0_18:1_18:2),CTL,individual,2:43769684,2,43769684,3.442456e-09,SORBI_3002G150766,0.929591
TG(16:0_18:1_18:2),CTL,individual,2:43769684,2,43769684,3.442456e-09,SORBI_3002G150766,0.929329
TG(16:0_18:1_18:2),CTL,individual,2:43769684,2,43769684,3.442456e-09,SORBI_3002G150766,0.919897
TG(16:0_18:1_18:2),CTL,individual,2:43769684,2,43769684,3.442456e-09,SORBI_3002G150766,0.919388
TG(16:0_18:1_18:2),CTL,individual,2:43769684,2,43769684,3.442456e-09,SORBI_3002G150766,0.919228
TG(16:0_18:1_18:2),CTL,individual,2:43769684,2,43769684,3.442456e-09,SORBI_3002G150766,0.91917
TG(16:0_18:1_18:2),CTL,individual,2:43769684,2,43769684,3.442456e-09,SORBI_3002G150766,0.909681
TG(16:0_18:1_18:2),CTL,individual,2:43769684,2,43769684,3.442456e-09,SORBI_3002G150766,0.903273
TG(16:0_18:1_18:2),CTL,individual,2:43769684,2,43769684,3.442456e-09,SORBI_3002G150766,0.900161
TG(16:0_18:1_18:2),CTL,individual,2:43769684,2,43769684,3.442456e-09,SORBI_3002G150766,0.899127
TG(16:0_18:1_18:2),CTL,individual,2:43769684,2,43769684,3.442456e-09,SORBI_3002G150766,0.891059
TG(16:0_18:1_18:2),CTL,individual,2:43769684,2,43769684,3.442456e-09,SORBI_3002G150766,0.889144
TG(16:0_18:1_18:2),CTL,individual,2:43769684,2,43769684,3.442456e-09,SORBI_3002G150766,0.861942
TG(16:0_18:1_18:2),CTL,individual,2:43769684,2,43769684,3.442456e-09,SORBI_3002G150766,0.857291
TG(16:0_18:1_18:2),CTL,individual,2:43769684,2,43769684,3.442456e-09,SORBI_3002G150766,0.848917
TG(16:0_18:1_18:2),CTL,individual,2:43769684,2,43769684,3.442456e-09,SORBI_3002G150766,0.662063
TG(16:0_18:1_18:2),CTL,individual,2:43769684,2,43769684,3.442456e-09,SORBI_3002G150766,0.649415
TG(16:0_18:1_18:2),CTL,individual,2:43769684,2,43769684,3.442456e-09,SORBI_3002G150766,0.648993
TG(16:0_18:1_18:2),CTL,individual,2:43769684,2,43769684,3.442456e-09,SORBI_3002G150766,0.642749
TG(16:0_18:1_18:2),CTL,individual,2:43769684,2,43769684,3.442456e-09,SORBI_3002G150766,0.642629
TG(16:0_18:1_18:2),CTL,individual,2:43769684,2,43769684,3.442456e-09,SORBI_3002G150766,0.642416
TG(16:0_18:1_18:2),CTL,individual,2:43769684,2,43769684,3.442456e-09,SORBI_3002G150766,0.637973
TG(16:0_18:1_18:2),CTL,individual,2:43769684,2,43769684,3.442456e-09,SORBI_3002G150766,0.629333
TG(16:0_18:1_18:2),CTL,individual,2:43769684,2,43769684,3.442456e-09,SORBI_3002G150766,0.615585
TG(16:0_18:1_18:2),CTL,individual,2:43769684,2,43769684,3.442456e-09,SORBI_3002G150766,0.60477
TG(16:0_18:1_18:2),CTL,individual,2:43769684,2,43769684,3.442456e-09,SORBI_3002G150766,0.602573
TG(16:0_18:1_18:2),CTL,individual,2:43769684,2,43769684,3.442456e-09,SORBI_3002G150766,0.589375
TG(16:0_18:1_18:2),CTL,individual,2:43769684,2,43769684,3.442456e-09,SORBI_3002G150766,0.589298
TG(16:0_18:1_18:2),CTL,individual,2:43769684,2,43769684,3.442456e-09,SORBI_3002G150766,0.585272
TG(16:0_18:1_18:2),CTL,individual,2:43769684,2,43769684,3.442456e-09,SORBI_3002G150766,0.573379
TG(16:0_18:1_18:2),CTL,individual,2:43769684,2,43769684,3.442456e-09,SORBI_3002G150766,0.564994
TG(16:0_18:1_18:2),CTL,individual,2:43769684,2,43769684,3.442456e-09,SORBI_3002G150766,0.562517
TG(16:0_18:1_18:2),CTL,individual,2:43769684,2,43769684,3.442456e-09,SORBI_3002G150766,0.559952
TG(16:0_18:1_18:2),CTL,individual,2:43769684,2,43769684,3.442456e-09,SORBI_3002G150766,0.528297
TG(16:0_18:1_18:2),CTL,individual,2:43769684,2,43769684,3.442456e-09,SORBI_3002G150766,0.516784
TG(16:0_18:1_18:2),CTL,individual,2:43769684,2,43769684,3.442456e-09,SORBI_3002G150766,0.513483
TG(16:0_18:1_18:2),CTL,individual,2:43769684,2,43769684,3.442456e-09,SORBI_3002G150766,0.500352
TG(16:0_18:1_18:2),CTL,individual,2:43769684,2,43769684,3.442456e-09,SORBI_3002G150766,0.491923
TG(16:0_18:1_18:2),CTL,individual,2:43769684,2,43769684,3.442456e-09,SORBI_3002G150766,0.490626
TG(16:0_18:1_18:2),CTL,individual,2:43769684,2,43769684,3.442456e-09,SORBI_3002G150766,0.488914
TG(16:0_18:1_18:2),CTL,individual,2:43769684,2,43769684,3.442456e-09,SORBI_3002G150766,0.480262
TG(16:0_18:1_18:2),CTL,individual,2:43769684,2,43769684,3.442456e-09,SORBI_3002G150766,0.47421
TG(16:0_18:1_18:2),CTL,individual,2:43769684,2,43769684,3.442456e-09,SORBI_3002G150766,0.467422
TG(16:0_18:1_18:2),CTL,individual,2:43769684,2,43769684,3.442456e-09,SORBI_3002G150766,0.465262
TG(16:0_18:1_18:2),CTL,individual,2:43769684,2,43769684,3.442456e-09,SORBI_3002G150766,0.463193
TG(16:0_18:1_18:2),CTL,individual,2:43769684,2,43769684,3.442456e-09,SORBI_3002G150766,0.453273
TG(16:0_18:1_18:2),CTL,individual,2:43769684,2,43769684,3.442456e-09,SORBI_3002G150766,0.440604
TG(16:0_18:1_18:2),CTL,individual,2:43769684,2,43769684,3.442456e-09,SORBI_3002G150766,0.429209
TG(16:0_18:1_18:2),CTL,individual,6:29676171,6,29676171,3.484894e-09,SORBI_3006G042425,0.898324
TG(16:0_18:1_18:2),CTL,individual,6:29676171,6,29676171,3.484894e-09,SORBI_3006G042425,0.890885
TG(16:0_18:1_18:2),CTL,individual,6:29676171,6,29676171,3.484894e-09,SORBI_3006G042500,0.890885
TG(16:0_18:1_18:2),CTL,individual,6:29676171,6,29676171,3.484894e-09,SORBI_3006G042800,0.890885
TG(16:0_18:1_18:2),CTL,individual,6:29676171,6,29676171,3.484894e-09,SORBI_3006G042900,0.890885
TG(16:0_18:1_18:2),CTL,individual,6:29676171,6,29676171,3.484894e-09,SORBI_3006G042425,0.883352
TG(16:0_18:1_18:2),CTL,individual,6:29676171,6,29676171,3.484894e-09,SORBI_3006G042425,0.875612
TG(16:0_18:1_18:2),CTL,individual,6:29676171,6,29676171,3.484894e-09,SORBI_3006G042500,0.875612
TG(16:0_18:1_18:2),CTL,individual,6:29676171,6,29676171,3.484894e-09,SORBI_3006G042425,0.860472
TG(16:0_18:1_18:2),CTL,individual,6:29676171,6,29676171,3.484894e-09,SORBI_3006G042425,0.840799
TG(16:0_18:1_18:2),CTL,individual,6:29676171,6,29676171,3.484894e-09,SORBI_3006G042425,0.833053
TG(16:0_18:1_18:2),CTL,individual,6:29676171,6,29676171,3.484894e-09,SORBI_3006G042425,0.825517
TG(16:0_18:1_18:2),CTL,individual,6:29676171,6,29676171,3.484894e-09,SORBI_3006G042425,0.785831
TG(16:0_18:1_18:2),CTL,individual,6:29676171,6,29676171,3.484894e-09,SORBI_3006G043300,0.785801
TG(16:0_18:1_18:2),CTL,individual,6:29676171,6,29676171,3.484894e-09,SORBI_3006G043400,0.785801
TG(16:0_18:1_18:2),CTL,individual,6:29676171,6,29676171,3.484894e-09,SORBI_3006G042425,0.770852
TG(16:0_18:1_18:2),CTL,individual,6:29676171,6,29676171,3.484894e-09,SORBI_3006G042800,0.461641
TG(16:0_18:1_18:2),CTL,individual,6:31276791,6,31276791,3.763087e-09,SORBI_3006G044466,0.831307
TG(16:0_18:1_18:2),CTL,individual,6:31276791,6,31276791,3.763087e-09,SORBI_3006G044466,0.831251
TG(16:0_18:1_18:2),CTL,individual,6:31276791,6,31276791,3.763087e-09,SORBI_3006G044466,0.82731
TG(16:0_18:1_18:2),CTL,individual,6:31276791,6,31276791,3.763087e-09,SORBI_3006G044600,0.82731
TG(16:0_18:1_18:2),CTL,individual,6:31276791,6,31276791,3.763087e-09,SORBI_3006G044466,0.827253
TG(16:0_18:1_18:2),CTL,individual,6:31276791,6,31276791,3.763087e-09,SORBI_3006G044600,0.826662
TG(16:0_18:1_18:2),CTL,individual,6:31276791,6,31276791,3.763087e-09,SORBI_3006G044466,0.826605
TG(16:0_18:1_18:2),CTL,individual,6:31276791,6,31276791,3.763087e-09,SORBI_3006G044466,0.822611
TG(16:0_18:1_18:2),CTL,individual,6:31276791,6,31276791,3.763087e-09,SORBI_3006G044466,0.819493
TG(16:0_18:1_18:2),CTL,individual,6:31276791,6,31276791,3.763087e-09,SORBI_3006G044600,0.818616
TG(16:0_18:1_18:2),CTL,individual,6:31276791,6,31276791,3.763087e-09,SORBI_3006G044466,0.818556
TG(16:0_18:1_18:2),CTL,individual,6:31276791,6,31276791,3.763087e-09,SORBI_3006G044466,0.817464
TG(16:0_18:1_18:2),CTL,individual,6:31276791,6,31276791,3.763087e-09,SORBI_3006G044466,0.814039
TG(16:0_18:1_18:2),CTL,individual,6:31276791,6,31276791,3.763087e-09,SORBI_3006G044466,0.810073
TG(16:0_18:1_18:2),CTL,individual,6:31276791,6,31276791,3.763087e-09,SORBI_3006G044600,0.805342
TG(16:0_18:1_18:2),CTL,individual,6:31276791,6,31276791,3.763087e-09,SORBI_3006G044466,0.805278
TG(16:0_18:1_18:2),CTL,individual,6:31276791,6,31276791,3.763087e-09,SORBI_3006G044466,0.800599
TG(16:0_18:1_18:2),CTL,individual,6:31276791,6,31276791,3.763087e-09,SORBI_3006G044532,0.792486
TG(16:0_18:1_18:2),CTL,individual,6:31276791,6,31276791,3.763087e-09,SORBI_3006G044600,0.792166
TG(16:0_18:1_18:2),CTL,individual,6:31276791,6,31276791,3.763087e-09,SORBI_3006G044532,0.791278
TG(16:0_18:1_18:2),CTL,individual,6:31276791,6,31276791,3.763087e-09,SORBI_3006G044466,0.788173
TG(16:0_18:1_18:2),CTL,individual,6:31276791,6,31276791,3.763087e-09,SORBI_3006G044532,0.766793
TG(16:0_18:1_18:2),CTL,individual,6:31276791,6,31276791,3.763087e-09,SORBI_3006G044466,0.753717
TG(16:0_18:1_18:2),CTL,individual,6:31276791,6,31276791,3.763087e-09,SORBI_3006G044532,0.749166
TG(16:0_18:1_18:2),CTL,individual,6:31276791,6,31276791,3.763087e-09,SORBI_3006G044466,0.711336
TG(16:0_18:1_18:2),CTL,individual,6:31276791,6,31276791,3.763087e-09,SORBI_3006G044532,0.669786
TG(16:0_18:1_18:2),CTL,individual,6:31276791,6,31276791,3.763087e-09,SORBI_3006G044532,0.669404
TG(16:0_18:1_18:2),CTL,individual,6:31276791,6,31276791,3.763087e-09,SORBI_3006G044800,0.412416
TG(16:0_18:1_18:2),CTL,individual,6:31276791,6,31276791,3.763087e-09,SORBI_3006G044466,0.405513
TG(16:0_18:1_18:2),CTL,individual,6:13662453,6,13662453,4.025203e-09,SORBI_3006G037050,0.700365
TG(16:0_18:1_18:2),CTL,individual,6:13662453,6,13662453,4.025203e-09,SORBI_3006G037050,0.682978
TG(16:0_18:1_18:2),CTL,individual,6:13662453,6,13662453,4.025203e-09,SORBI_3006G037050,0.680362
TG(16:0_18:1_18:2),CTL,individual,6:13662453,6,13662453,4.025203e-09,SORBI_3006G037050,0.676047
TG(16:0_18:1_18:2),CTL,individual,6:13662453,6,13662453,4.025203e-09,SORBI_3006G037050,0.653155
TG(16:0_18:1_18:2),CTL,individual,6:13662453,6,13662453,4.025203e-09,SORBI_3006G037000,0.618799
TG(16:0_18:1_18:2),CTL,individual,6:13662453,6,13662453,4.025203e-09,SORBI_3006G037000,0.618136
TG(16:0_18:1_18:2),CTL,individual,6:13662453,6,13662453,4.025203e-09,SORBI_3006G037050,0.468694
TG(16:0_18:1_18:2),CTL,individual,6:13662453,6,13662453,4.025203e-09,SORBI_3006G037100,0.434498
TG(16:0_18:1_18:2),CTL,individual,6:13662453,6,13662453,4.025203e-09,SORBI_3006G037050,0.426666
TG(16:0_18:1_18:2),CTL,individual,6:35707938,6,35707938,4.208622e-09,SORBI_3006G049600,0.948716
TG(16:0_18:1_18:2),CTL,individual,6:35707938,6,35707938,4.208622e-09,SORBI_3006G049600,0.945046
TG(16:0_18:1_18:2),CTL,individual,6:35707938,6,35707938,4.208622e-09,SORBI_3006G049600,0.942088
TG(16:0_18:1_18:2),CTL,individual,6:35707938,6,35707938,4.208622e-09,SORBI_3006G049600,0.941779
TG(16:0_18:1_18:2),CTL,individual,6:35707938,6,35707938,4.208622e-09,SORBI_3006G049600,0.938633
TG(16:0_18:1_18:2),CTL,individual,6:35707938,6,35707938,4.208622e-09,SORBI_3006G049600,0.938594
TG(16:0_18:1_18:2),CTL,individual,6:35707938,6,35707938,4.208622e-09,SORBI_3006G049600,0.938534
TG(16:0_18:1_18:2),CTL,individual,6:35707938,6,35707938,4.208622e-09,SORBI_3006G049600,0.929353
TG(16:0_18:1_18:2),CTL,individual,6:35707938,6,35707938,4.208622e-09,SORBI_3006G049600,0.929082
TG(16:0_18:1_18:2),CTL,individual,6:35707938,6,35707938,4.208622e-09,SORBI_3006G049600,0.92601
TG(16:0_18:1_18:2),CTL,individual,6:35707938,6,35707938,4.208622e-09,SORBI_3006G049600,0.916018
TG(16:0_18:1_18:2),CTL,individual,6:35707938,6,35707938,4.208622e-09,SORBI_3006G049600,0.699832
TG(16:0_18:1_18:2),CTL,individual,6:35707938,6,35707938,4.208622e-09,SORBI_3006G049600,0.697114
TG(16:0_18:1_18:2),CTL,individual,6:35707938,6,35707938,4.208622e-09,SORBI_3006G049600,0.695279
TG(16:0_18:1_18:2),CTL,individual,6:35707938,6,35707938,4.208622e-09,SORBI_3006G049000,0.695048
TG(16:0_18:1_18:2),CTL,individual,6:35707938,6,35707938,4.208622e-09,SORBI_3006G049100,0.695048
TG(16:0_18:1_18:2),CTL,individual,6:35707938,6,35707938,4.208622e-09,SORBI_3006G049600,0.695048
TG(16:0_18:1_18:2),CTL,individual,6:35707938,6,35707938,4.208622e-09,SORBI_3006G049600,0.693022
TG(16:0_18:1_18:2),CTL,individual,6:35707938,6,35707938,4.208622e-09,SORBI_3006G049100,0.691013
TG(16:0_18:1_18:2),CTL,individual,6:35707938,6,35707938,4.208622e-09,SORBI_3006G049200,0.691013
TG(16:0_18:1_18:2),CTL,individual,6:35707938,6,35707938,4.208622e-09,SORBI_3006G049600,0.691013
TG(16:0_18:1_18:2),CTL,individual,6:35707938,6,35707938,4.208622e-09,SORBI_3006G049600,0.691008
TG(16:0_18:1_18:2),CTL,individual,6:35707938,6,35707938,4.208622e-09,SORBI_3006G049100,0.689364
TG(16:0_18:1_18:2),CTL,individual,6:35707938,6,35707938,4.208622e-09,SORBI_3006G049100,0.688978
TG(16:0_18:1_18:2),CTL,individual,6:35707938,6,35707938,4.208622e-09,SORBI_3006G049200,0.688978
TG(16:0_18:1_18:2),CTL,individual,6:35707938,6,35707938,4.208622e-09,SORBI_3006G049600,0.688978
TG(16:0_18:1_18:2),CTL,individual,6:35707938,6,35707938,4.208622e-09,SORBI_3006G049600,0.687308
TG(16:0_18:1_18:2),CTL,individual,6:35707938,6,35707938,4.208622e-09,SORBI_3006G049100,0.687116
TG(16:0_18:1_18:2),CTL,individual,6:35707938,6,35707938,4.208622e-09,SORBI_3006G049600,0.687012
TG(16:0_18:1_18:2),CTL,individual,6:35707938,6,35707938,4.208622e-09,SORBI_3006G049100,0.686988
TG(16:0_18:1_18:2),CTL,individual,6:35707938,6,35707938,4.208622e-09,SORBI_3006G049200,0.686988
TG(16:0_18:1_18:2),CTL,individual,6:35707938,6,35707938,4.208622e-09,SORBI_3006G049600,0.686988
TG(16:0_18:1_18:2),CTL,individual,6:35707938,6,35707938,4.208622e-09,SORBI_3006G049300,0.686954
TG(16:0_18:1_18:2),CTL,individual,6:35707938,6,35707938,4.208622e-09,SORBI_3006G049600,0.686954
TG(16:0_18:1_18:2),CTL,individual,6:35707938,6,35707938,4.208622e-09,SORBI_3006G049100,0.686685
TG(16:0_18:1_18:2),CTL,individual,6:35707938,6,35707938,4.208622e-09,SORBI_3006G049600,0.684949
TG(16:0_18:1_18:2),CTL,individual,6:35707938,6,35707938,4.208622e-09,SORBI_3006G049600,0.684667
TG(16:0_18:1_18:2),CTL,individual,6:35707938,6,35707938,4.208622e-09,SORBI_3006G049100,0.683256
TG(16:0_18:1_18:2),CTL,individual,6:35707938,6,35707938,4.208622e-09,SORBI_3006G049200,0.682973
TG(16:0_18:1_18:2),CTL,individual,6:35707938,6,35707938,4.208622e-09,SORBI_3006G049600,0.68291
TG(16:0_18:1_18:2),CTL,individual,6:35707938,6,35707938,4.208622e-09,SORBI_3006G049600,0.681101
TG(16:0_18:1_18:2),CTL,individual,6:35707938,6,35707938,4.208622e-09,SORBI_3006G049633,0.681101
TG(16:0_18:1_18:2),CTL,individual,6:35707938,6,35707938,4.208622e-09,SORBI_3006G049450,0.679057
TG(16:0_18:1_18:2),CTL,individual,6:35707938,6,35707938,4.208622e-09,SORBI_3006G049300,0.678968
TG(16:0_18:1_18:2),CTL,individual,6:35707938,6,35707938,4.208622e-09,SORBI_3006G049600,0.677223
TG(16:0_18:1_18:2),CTL,individual,6:35707938,6,35707938,4.208622e-09,SORBI_3006G049600,0.676905
TG(16:0_18:1_18:2),CTL,individual,6:35707938,6,35707938,4.208622e-09,SORBI_3006G049100,0.676549
TG(16:0_18:1_18:2),CTL,individual,6:35707938,6,35707938,4.208622e-09,SORBI_3006G049600,0.674785
TG(16:0_18:1_18:2),CTL,individual,6:35707938,6,35707938,4.208622e-09,SORBI_3006G049100,0.624092
TG(16:0_18:1_18:2),CTL,individual,6:35707938,6,35707938,4.208622e-09,SORBI_3006G049600,0.603771
TG(16:0_18:1_18:2),CTL,individual,6:35707938,6,35707938,4.208622e-09,SORBI_3006G048925,0.597951
TG(16:0_18:1_18:2),CTL,individual,6:35707938,6,35707938,4.208622e-09,SORBI_3006G049600,0.502084
TG(16:0_18:1_18:2),CTL,individual,6:35707938,6,35707938,4.208622e-09,SORBI_3006G048925,0.494598
TG(16:0_18:1_18:2),CTL,individual,6:35707938,6,35707938,4.208622e-09,SORBI_3006G048925,0.470009
TG(16:0_18:1_18:2),CTL,individual,6:35707938,6,35707938,4.208622e-09,SORBI_3006G048925,0.449285
TG(16:0_18:1_18:2),CTL,individual,6:35707938,6,35707938,4.208622e-09,SORBI_3006G049600,0.423885
TG(16:0_18:1_18:2),CTL,individual,6:35707938,6,35707938,4.208622e-09,SORBI_3006G049450,0.422765
TG(16:0_18:1_18:2),CTL,individual,6:35707938,6,35707938,4.208622e-09,SORBI_3006G049600,0.416909
TG(16:0_18:1_18:2),CTL,individual,6:35707938,6,35707938,4.208622e-09,SORBI_3006G049600,0.414698
TG(16:0_18:1_18:2),CTL,individual,6:35707938,6,35707938,4.208622e-09,SORBI_3006G049633,0.414698
TG(16:0_18:1_18:2),CTL,individual,6:35707938,6,35707938,4.208622e-09,SORBI_3006G049600,0.412941
TG(16:0_18:1_18:2),CTL,individual,6:35707938,6,35707938,4.208622e-09,SORBI_3006G049600,0.412516
TG(16:0_18:1_18:2),CTL,individual,6:35707938,6,35707938,4.208622e-09,SORBI_3006G049633,0.412516
TG(16:0_18:1_18:2),CTL,individual,6:35707938,6,35707938,4.208622e-09,SORBI_3006G049600,0.411319
TG(16:0_18:1_18:2),CTL,individual,6:35707938,6,35707938,4.208622e-09,SORBI_3006G049200,0.410696
TG(16:0_18:1_18:2),CTL,individual,6:35707938,6,35707938,4.208622e-09,SORBI_3006G049600,0.410696
TG(16:0_18:1_18:2),CTL,individual,6:35707938,6,35707938,4.208622e-09,SORBI_3006G049600,0.410364
TG(16:0_18:1_18:2),CTL,individual,6:35707938,6,35707938,4.208622e-09,SORBI_3006G049600,0.409986
TG(16:0_18:1_18:2),CTL,individual,6:35707938,6,35707938,4.208622e-09,SORBI_3006G049200,0.408478
TG(16:0_18:1_18:2),CTL,individual,6:35707938,6,35707938,4.208622e-09,SORBI_3006G049600,0.408243
TG(16:0_18:1_18:2),CTL,individual,6:35707938,6,35707938,4.208622e-09,SORBI_3006G049100,0.407761
TG(16:0_18:1_18:2),CTL,individual,6:35707938,6,35707938,4.208622e-09,SORBI_3006G049200,0.407761
TG(16:0_18:1_18:2),CTL,individual,6:35707938,6,35707938,4.208622e-09,SORBI_3006G049300,0.407761
TG(16:0_18:1_18:2),CTL,individual,6:35707938,6,35707938,4.208622e-09,SORBI_3006G049600,0.407761
TG(16:0_18:1_18:2),CTL,individual,6:35707938,6,35707938,4.208622e-09,SORBI_3006G049633,0.407761
TG(16:0_18:1_18:2),CTL,individual,6:35707938,6,35707938,4.208622e-09,SORBI_3006G049600,0.406041
TG(16:0_18:1_18:2),CTL,individual,6:35707938,6,35707938,4.208622e-09,SORBI_3006G049633,0.406041
TG(16:0_18:1_18:2),CTL,individual,6:35707938,6,35707938,4.208622e-09,SORBI_3006G049600,0.405605
TG(16:0_18:1_18:2),CTL,individual,6:35707938,6,35707938,4.208622e-09,SORBI_3006G049100,0.405565
TG(16:0_18:1_18:2),CTL,individual,6:35707938,6,35707938,4.208622e-09,SORBI_3006G049200,0.405565
TG(16:0_18:1_18:2),CTL,individual,6:35707938,6,35707938,4.208622e-09,SORBI_3006G049300,0.405565
TG(16:0_18:1_18:2),CTL,individual,6:35707938,6,35707938,4.208622e-09,SORBI_3006G049600,0.405565
TG(16:0_18:1_18:2),CTL,individual,6:35707938,6,35707938,4.208622e-09,SORBI_3006G049600,0.40512
TG(16:0_18:1_18:2),CTL,individual,6:35707938,6,35707938,4.208622e-09,SORBI_3006G049600,0.404936
TG(16:0_18:1_18:2),CTL,individual,6:35707938,6,35707938,4.208622e-09,SORBI_3006G049600,0.404623
TG(16:0_18:1_18:2),CTL,individual,6:35707938,6,35707938,4.208622e-09,SORBI_3006G049600,0.404456
TG(16:0_18:1_18:2),CTL,individual,6:35707938,6,35707938,4.208622e-09,SORBI_3006G049600,0.404373
TG(16:0_18:1_18:2),CTL,individual,6:35707938,6,35707938,4.208622e-09,SORBI_3006G049300,0.403783
TG(16:0_18:1_18:2),CTL,individual,6:35707938,6,35707938,4.208622e-09,SORBI_3006G049600,0.403783
TG(16:0_18:1_18:2),CTL,individual,6:35707938,6,35707938,4.208622e-09,SORBI_3006G049600,0.403635
TG(16:0_18:1_18:2),CTL,individual,6:35707938,6,35707938,4.208622e-09,SORBI_3006G049100,0.403617
TG(16:0_18:1_18:2),CTL,individual,6:35707938,6,35707938,4.208622e-09,SORBI_3006G049600,0.403595
TG(16:0_18:1_18:2),CTL,individual,6:35707938,6,35707938,4.208622e-09,SORBI_3006G049100,0.403398
TG(16:0_18:1_18:2),CTL,individual,6:35707938,6,35707938,4.208622e-09,SORBI_3006G049600,0.403398
TG(16:0_18:1_18:2),CTL,individual,6:35707938,6,35707938,4.208622e-09,SORBI_3006G049600,0.40214
TG(16:0_18:1_18:2),CTL,individual,6:35707938,6,35707938,4.208622e-09,SORBI_3006G049600,0.401552
TG(16:0_18:1_18:2),CTL,individual,6:35707938,6,35707938,4.208622e-09,SORBI_3006G049600,0.401317
TG(16:0_18:1_18:2),CTL,individual,6:35707938,6,35707938,4.208622e-09,SORBI_3006G049600,0.40096
TG(16:0_18:1_18:2),CTL,individual,6:35707938,6,35707938,4.208622e-09,SORBI_3006G049100,0.400876
TG(16:0_18:1_18:2),CTL,individual,6:35707938,6,35707938,4.208622e-09,SORBI_3006G049600,0.400813
TG(16:0_18:1_18:2),CTL,individual,6:35707938,6,35707938,4.208622e-09,SORBI_3006G049600,0.400715
TG(16:0_18:1_18:2),CTL,individual,6:44889115,6,44889115,4.589465e-09,SORBI_3006G080300,1
TG(16:0_18:1_18:2),CTL,individual,6:44889115,6,44889115,4.589465e-09,SORBI_3006G080300,1
TG(16:0_18:1_18:2),CTL,individual,6:44889115,6,44889115,4.589465e-09,SORBI_3006G080300,0.813288
TG(16:0_18:1_18:2),CTL,individual,6:44889115,6,44889115,4.589465e-09,SORBI_3006G080300,0.787944
TG(16:0_18:1_18:2),CTL,individual,6:44889115,6,44889115,4.589465e-09,SORBI_3006G080300,0.78299
TG(16:0_18:1_18:2),CTL,individual,6:44889115,6,44889115,4.589465e-09,SORBI_3006G080300,0.776383
TG(16:0_18:1_18:2),CTL,individual,6:44889115,6,44889115,4.589465e-09,SORBI_3006G080300,0.767898
TG(16:0_18:1_18:2),CTL,individual,6:44889115,6,44889115,4.589465e-09,SORBI_3006G080300,0.759354
TG(16:0_18:1_18:2),CTL,individual,6:44889115,6,44889115,4.589465e-09,SORBI_3006G080300,0.757697
TG(16:0_18:1_18:2),CTL,individual,6:44889115,6,44889115,4.589465e-09,SORBI_3006G080300,0.755121
TG(16:0_18:1_18:2),CTL,individual,6:44889115,6,44889115,4.589465e-09,SORBI_3006G080300,0.750977
TG(16:0_18:1_18:2),CTL,individual,6:44889115,6,44889115,4.589465e-09,SORBI_3006G080300,0.749906
TG(16:0_18:1_18:2),CTL,individual,6:44889115,6,44889115,4.589465e-09,SORBI_3006G080300,0.746797
TG(16:0_18:1_18:2),CTL,individual,6:44889115,6,44889115,4.589465e-09,SORBI_3006G080300,0.7441
TG(16:0_18:1_18:2),CTL,individual,6:44889115,6,44889115,4.589465e-09,SORBI_3006G080300,0.737459
TG(16:0_18:1_18:2),CTL,individual,6:44889115,6,44889115,4.589465e-09,SORBI_3006G080300,0.736914
TG(16:0_18:1_18:2),CTL,individual,6:44889115,6,44889115,4.589465e-09,SORBI_3006G080300,0.736777
TG(16:0_18:1_18:2),CTL,individual,6:44889115,6,44889115,4.589465e-09,SORBI_3006G080300,0.736638
TG(16:0_18:1_18:2),CTL,individual,6:44889115,6,44889115,4.589465e-09,SORBI_3006G080300,0.732418
TG(16:0_18:1_18:2),CTL,individual,6:44889115,6,44889115,4.589465e-09,SORBI_3006G080300,0.723719
TG(16:0_18:1_18:2),CTL,individual,6:44889115,6,44889115,4.589465e-09,SORBI_3006G080300,0.719462
TG(16:0_18:1_18:2),CTL,individual,6:44889115,6,44889115,4.589465e-09,SORBI_3006G080300,0.713804
TG(16:0_18:1_18:2),CTL,individual,6:44889115,6,44889115,4.589465e-09,SORBI_3006G080300,0.710235
TG(16:0_18:1_18:2),CTL,individual,6:44889115,6,44889115,4.589465e-09,SORBI_3006G080300,0.702945
TG(16:0_18:1_18:2),CTL,individual,6:44889115,6,44889115,4.589465e-09,SORBI_3006G080300,0.702469
TG(16:0_18:1_18:2),CTL,individual,6:44889115,6,44889115,4.589465e-09,SORBI_3006G080300,0.701893
TG(16:0_18:1_18:2),CTL,individual,6:44889115,6,44889115,4.589465e-09,SORBI_3006G080300,0.699587
TG(16:0_18:1_18:2),CTL,individual,6:44889115,6,44889115,4.589465e-09,SORBI_3006G080300,0.689674
TG(16:0_18:1_18:2),CTL,individual,6:44889115,6,44889115,4.589465e-09,SORBI_3006G080300,0.687134
TG(16:0_18:1_18:2),CTL,individual,6:44889115,6,44889115,4.589465e-09,SORBI_3006G080300,0.671134
TG(16:0_18:1_18:2),CTL,individual,6:44889115,6,44889115,4.589465e-09,SORBI_3006G080300,0.659587
TG(16:0_18:1_18:2),CTL,individual,6:44889115,6,44889115,4.589465e-09,SORBI_3006G080300,0.647893
TG(16:0_18:1_18:2),CTL,individual,6:44889115,6,44889115,4.589465e-09,SORBI_3006G080300,0.640289
TG(16:0_18:1_18:2),CTL,individual,6:44889115,6,44889115,4.589465e-09,SORBI_3006G080300,0.63967
TG(16:0_18:1_18:2),CTL,individual,6:44889115,6,44889115,4.589465e-09,SORBI_3006G080300,0.635935
TG(16:0_18:1_18:2),CTL,individual,6:44889115,6,44889115,4.589465e-09,SORBI_3006G080300,0.629791
TG(16:0_18:1_18:2),CTL,individual,6:44889115,6,44889115,4.589465e-09,SORBI_3006G080300,0.589563
TG(16:0_18:1_18:2),CTL,individual,6:44889115,6,44889115,4.589465e-09,SORBI_3006G080300,0.58002
TG(16:0_18:1_18:2),CTL,individual,6:44889115,6,44889115,4.589465e-09,SORBI_3006G080300,0.567309
TG(16:0_18:1_18:2),CTL,individual,6:44889115,6,44889115,4.589465e-09,SORBI_3006G080300,0.564678
TG(16:0_18:1_18:2),CTL,individual,6:44889115,6,44889115,4.589465e-09,SORBI_3006G080300,0.559237
TG(16:0_18:1_18:2),CTL,individual,6:44889115,6,44889115,4.589465e-09,SORBI_3006G080300,0.554593
TG(16:0_18:1_18:2),CTL,individual,6:44889115,6,44889115,4.589465e-09,SORBI_3006G080300,0.49215
TG(16:0_18:1_18:2),CTL,individual,6:44889115,6,44889115,4.589465e-09,SORBI_3006G080300,0.469853
TG(16:0_18:1_18:2),CTL,individual,6:44889115,6,44889115,4.589465e-09,SORBI_3006G080300,0.463593
TG(16:0_18:1_18:2),CTL,individual,6:44889115,6,44889115,4.589465e-09,SORBI_3006G080300,0.459301
TG(16:0_18:1_18:2),CTL,individual,6:44889115,6,44889115,4.589465e-09,SORBI_3006G080300,0.450824
TG(16:0_18:1_18:2),CTL,individual,6:44889115,6,44889115,4.589465e-09,SORBI_3006G080300,0.441872
TG(16:0_18:1_18:2),CTL,individual,6:44889115,6,44889115,4.589465e-09,SORBI_3006G080300,0.427138
TG(16:0_18:1_18:2),CTL,individual,6:44889115,6,44889115,4.589465e-09,SORBI_3006G080300,0.42699
TG(16:0_18:1_18:2),CTL,individual,7:47318738,7,47318738,4.614464e-09,SORBI_3007G114000,0.732875
TG(16:0_18:1_18:2),CTL,individual,7:47318738,7,47318738,4.614464e-09,SORBI_3007G114000,0.684871
TG(16:0_18:1_18:2),CTL,individual,5:45059303,5,45059303,4.804129e-09,SORBI_3005G115000,0.969351
TG(16:0_18:1_18:2),CTL,individual,5:45059303,5,45059303,4.804129e-09,SORBI_3005G115000,0.965228
TG(16:0_18:1_18:2),CTL,individual,5:45059303,5,45059303,4.804129e-09,SORBI_3005G115000,0.965203
TG(16:0_18:1_18:2),CTL,individual,5:45059303,5,45059303,4.804129e-09,SORBI_3005G115000,0.961634
TG(16:0_18:1_18:2),CTL,individual,5:45059303,5,45059303,4.804129e-09,SORBI_3005G115000,0.961606
TG(16:0_18:1_18:2),CTL,individual,5:45059303,5,45059303,4.804129e-09,SORBI_3005G115000,0.961373
TG(16:0_18:1_18:2),CTL,individual,5:45059303,5,45059303,4.804129e-09,SORBI_3005G115000,0.961344
TG(16:0_18:1_18:2),CTL,individual,5:45059303,5,45059303,4.804129e-09,SORBI_3005G115000,0.961007
TG(16:0_18:1_18:2),CTL,individual,5:45059303,5,45059303,4.804129e-09,SORBI_3005G115000,0.957853
TG(16:0_18:1_18:2),CTL,individual,5:45059303,5,45059303,4.804129e-09,SORBI_3005G115000,0.95769
TG(16:0_18:1_18:2),CTL,individual,5:45059303,5,45059303,4.804129e-09,SORBI_3005G115000,0.957568
TG(16:0_18:1_18:2),CTL,individual,5:45059303,5,45059303,4.804129e-09,SORBI_3005G115000,0.957153
TG(16:0_18:1_18:2),CTL,individual,5:45059303,5,45059303,4.804129e-09,SORBI_3005G115000,0.953568
TG(16:0_18:1_18:2),CTL,individual,5:45059303,5,45059303,4.804129e-09,SORBI_3005G115000,0.953419
TG(16:0_18:1_18:2),CTL,individual,5:45059303,5,45059303,4.804129e-09,SORBI_3005G115000,0.946683
TG(16:0_18:1_18:2),CTL,individual,5:45059303,5,45059303,4.804129e-09,SORBI_3005G115000,0.945488
TG(16:0_18:1_18:2),CTL,individual,5:45059303,5,45059303,4.804129e-09,SORBI_3005G115000,0.927376
TG(16:0_18:1_18:2),CTL,individual,5:45059303,5,45059303,4.804129e-09,SORBI_3005G115000,0.925814
TG(16:0_18:1_18:2),CTL,individual,5:45059303,5,45059303,4.804129e-09,SORBI_3005G115000,0.91431
TG(16:0_18:1_18:2),CTL,individual,5:45059303,5,45059303,4.804129e-09,SORBI_3005G115000,0.907573
TG(16:0_18:1_18:2),CTL,individual,5:45059303,5,45059303,4.804129e-09,SORBI_3005G115000,0.906151
TG(16:0_18:1_18:2),CTL,individual,5:45059303,5,45059303,4.804129e-09,SORBI_3005G115000,0.87478
TG(16:0_18:1_18:2),CTL,individual,5:45059303,5,45059303,4.804129e-09,SORBI_3005G115000,0.86784
TG(16:0_18:1_18:2),CTL,individual,5:45059303,5,45059303,4.804129e-09,SORBI_3005G115000,0.85642
TG(16:0_18:1_18:2),CTL,individual,5:45059303,5,45059303,4.804129e-09,SORBI_3005G115000,0.85476
TG(16:0_18:1_18:2),CTL,individual,5:45059303,5,45059303,4.804129e-09,SORBI_3005G115000,0.828056
TG(16:0_18:1_18:2),CTL,individual,5:45059303,5,45059303,4.804129e-09,SORBI_3005G115000,0.814464
TG(16:0_18:1_18:2),CTL,individual,5:45059303,5,45059303,4.804129e-09,SORBI_3005G115000,0.77478
TG(16:0_18:1_18:2),CTL,individual,5:45059303,5,45059303,4.804129e-09,SORBI_3005G115000,0.731727
TG(16:0_18:1_18:2),CTL,individual,5:45059303,5,45059303,4.804129e-09,SORBI_3005G115000,0.728416
TG(16:0_18:1_18:2),CTL,individual,5:45059303,5,45059303,4.804129e-09,SORBI_3005G115000,0.728218
TG(16:0_18:1_18:2),CTL,individual,5:45059303,5,45059303,4.804129e-09,SORBI_3005G115000,0.721835
TG(16:0_18:1_18:2),CTL,individual,5:45059303,5,45059303,4.804129e-09,SORBI_3005G115000,0.720498
TG(16:0_18:1_18:2),CTL,individual,5:45059303,5,45059303,4.804129e-09,SORBI_3005G115000,0.717997
TG(16:0_18:1_18:2),CTL,individual,5:45059303,5,45059303,4.804129e-09,SORBI_3005G115000,0.715678
TG(16:0_18:1_18:2),CTL,individual,5:45059303,5,45059303,4.804129e-09,SORBI_3005G115000,0.713419
TG(16:0_18:1_18:2),CTL,individual,5:45059303,5,45059303,4.804129e-09,SORBI_3005G115000,0.677653
TG(16:0_18:1_18:2),CTL,individual,5:45059303,5,45059303,4.804129e-09,SORBI_3005G115000,0.676247
TG(16:0_18:1_18:2),CTL,individual,5:45059303,5,45059303,4.804129e-09,SORBI_3005G115000,0.621543
TG(16:0_18:1_18:2),CTL,individual,5:45059303,5,45059303,4.804129e-09,SORBI_3005G115000,0.61268
TG(16:0_18:1_18:2),CTL,individual,5:45059303,5,45059303,4.804129e-09,SORBI_3005G115000,0.610908
TG(16:0_18:1_18:2),CTL,individual,5:45059303,5,45059303,4.804129e-09,SORBI_3005G115000,0.607003
TG(16:0_18:1_18:2),CTL,individual,5:45059303,5,45059303,4.804129e-09,SORBI_3005G115000,0.58961
TG(16:0_18:1_18:2),CTL,individual,5:45059303,5,45059303,4.804129e-09,SORBI_3005G115000,0.586915
TG(16:0_18:1_18:2),CTL,individual,5:45059303,5,45059303,4.804129e-09,SORBI_3005G115000,0.576749
TG(16:0_18:1_18:2),CTL,individual,5:45059303,5,45059303,4.804129e-09,SORBI_3005G115000,0.571418
TG(16:0_18:1_18:2),CTL,individual,5:45059303,5,45059303,4.804129e-09,SORBI_3005G115000,0.568618
TG(16:0_18:1_18:2),CTL,individual,5:45059303,5,45059303,4.804129e-09,SORBI_3005G115000,0.568302
TG(16:0_18:1_18:2),CTL,individual,5:45059303,5,45059303,4.804129e-09,SORBI_3005G115000,0.567664
TG(16:0_18:1_18:2),CTL,individual,5:45059303,5,45059303,4.804129e-09,SORBI_3005G115000,0.564283
TG(16:0_18:1_18:2),CTL,individual,5:45059303,5,45059303,4.804129e-09,SORBI_3005G115000,0.564169
TG(16:0_18:1_18:2),CTL,individual,5:45059303,5,45059303,4.804129e-09,SORBI_3005G115000,0.55761
TG(16:0_18:1_18:2),CTL,individual,5:45059303,5,45059303,4.804129e-09,SORBI_3005G115000,0.542218
TG(16:0_18:1_18:2),CTL,individual,5:45059303,5,45059303,4.804129e-09,SORBI_3005G115000,0.541863
TG(16:0_18:1_18:2),CTL,individual,5:45059303,5,45059303,4.804129e-09,SORBI_3005G115000,0.539429
TG(16:0_18:1_18:2),CTL,individual,5:45059303,5,45059303,4.804129e-09,SORBI_3005G115000,0.502421
TG(16:0_18:1_18:2),CTL,individual,5:45059303,5,45059303,4.804129e-09,SORBI_3005G115000,0.502183
TG(16:0_18:1_18:2),CTL,individual,5:45059303,5,45059303,4.804129e-09,SORBI_3005G115000,0.453621
TG(16:0_18:1_18:2),CTL,individual,5:45059303,5,45059303,4.804129e-09,SORBI_3005G115000,0.426152
TG(16:0_18:1_18:2),CTL,individual,7:42424197,7,42424197,5.002207e-09,SORBI_3007G111800,0.62904
TG(16:0_18:1_18:2),CTL,individual,7:42424197,7,42424197,5.002207e-09,SORBI_3007G111800,0.627467
TG(16:0_18:1_18:2),CTL,individual,7:42424197,7,42424197,5.002207e-09,SORBI_3007G111901,0.626476
TG(16:0_18:1_18:2),CTL,individual,7:42424197,7,42424197,5.002207e-09,SORBI_3007G111800,0.622965
TG(16:0_18:1_18:2),CTL,individual,7:42424197,7,42424197,5.002207e-09,SORBI_3007G111901,0.622965
TG(16:0_18:1_18:2),CTL,individual,7:42424197,7,42424197,5.002207e-09,SORBI_3007G112000,0.622186
TG(16:0_18:1_18:2),CTL,individual,7:42424197,7,42424197,5.002207e-09,SORBI_3007G111800,0.617615
TG(16:0_18:1_18:2),CTL,individual,7:42424197,7,42424197,5.002207e-09,SORBI_3007G111901,0.616016
TG(16:0_18:1_18:2),CTL,individual,7:42424197,7,42424197,5.002207e-09,SORBI_3007G111901,0.613108
TG(16:0_18:1_18:2),CTL,individual,7:42424197,7,42424197,5.002207e-09,SORBI_3007G111901,0.609882
TG(16:0_18:1_18:2),CTL,individual,7:42424197,7,42424197,5.002207e-09,SORBI_3007G111901,0.609469
TG(16:0_18:1_18:2),CTL,individual,7:42424197,7,42424197,5.002207e-09,SORBI_3007G112000,0.608399
TG(16:0_18:1_18:2),CTL,individual,7:42424197,7,42424197,5.002207e-09,SORBI_3007G111901,0.604304
TG(16:0_18:1_18:2),CTL,individual,7:42424197,7,42424197,5.002207e-09,SORBI_3007G111901,0.601553
TG(16:0_18:1_18:2),CTL,individual,7:42424197,7,42424197,5.002207e-09,SORBI_3007G111901,0.592795
TG(16:0_18:1_18:2),CTL,individual,5:27834577,5,27834577,5.2887e-09,SORBI_3005G110463,0.409045
TG(16:0_18:1_18:2),CTL,individual,5:27834583,5,27834583,5.2887e-09,SORBI_3005G110463,0.409045
TG(16:0_18:1_18:2),CTL,individual,5:27834577,5,27834577,5.2887e-09,SORBI_3005G110463,0.409008
TG(16:0_18:1_18:2),CTL,individual,5:27834583,5,27834583,5.2887e-09,SORBI_3005G110463,0.409008
TG(16:0_18:1_18:2),CTL,individual,6:14768931,6,14768931,5.364634e-09,SORBI_3006G037700,0.436422
TG(16:0_18:1_18:2),CTL,individual,6:14768931,6,14768931,5.364634e-09,SORBI_3006G037700,0.433129
TG(16:0_18:1_18:2),CTL,individual,6:14768931,6,14768931,5.364634e-09,SORBI_3006G037700,0.413623
TG(16:0_18:1_18:2),CTL,individual,6:14768931,6,14768931,5.364634e-09,SORBI_3006G037800,0.413623
TG(16:0_18:1_18:2),CTL,individual,6:14768931,6,14768931,5.364634e-09,SORBI_3006G037700,0.412554
TG(16:0_18:1_18:2),CTL,individual,6:14768931,6,14768931,5.364634e-09,SORBI_3006G037700,0.411931
TG(16:0_18:1_18:2),CTL,individual,6:14768931,6,14768931,5.364634e-09,SORBI_3006G037700,0.409769
TG(16:0_18:1_18:2),CTL,individual,6:14768931,6,14768931,5.364634e-09,SORBI_3006G037900,0.408948
TG(16:0_18:1_18:2),CTL,individual,6:14768931,6,14768931,5.364634e-09,SORBI_3006G037900,0.408854
TG(16:0_18:1_18:2),CTL,individual,6:14768931,6,14768931,5.364634e-09,SORBI_3006G037700,0.406056
TG(16:0_18:1_18:2),CTL,individual,6:14768931,6,14768931,5.364634e-09,SORBI_3006G037700,0.403573
TG(16:0_18:1_18:2),CTL,individual,6:14768931,6,14768931,5.364634e-09,SORBI_3006G037900,0.401025
TG(16:0_18:1_18:2),CTL,individual,7:929400,7,929400,5.543031e-09,SORBI_3007G008500,1
TG(16:0_18:1_18:2),CTL,individual,1:21345297,1,21345297,5.723566e-09,SORBI_3001G223300,0.786917
TG(16:0_18:1_18:2),CTL,individual,1:21345297,1,21345297,5.723566e-09,SORBI_3001G223200,0.764545
TG(16:0_18:1_18:2),CTL,individual,1:21345297,1,21345297,5.723566e-09,SORBI_3001G223200,0.754168
TG(16:0_18:1_18:2),CTL,individual,1:21345297,1,21345297,5.723566e-09,SORBI_3001G223300,0.733632
TG(16:0_18:1_18:2),CTL,individual,1:21345297,1,21345297,5.723566e-09,SORBI_3001G223200,0.691149
TG(16:0_18:1_18:2),CTL,individual,1:21345297,1,21345297,5.723566e-09,SORBI_3001G223200,0.687878
TG(16:0_18:1_18:2),CTL,individual,1:21345297,1,21345297,5.723566e-09,SORBI_3001G223100,0.655808
TG(16:0_18:1_18:2),CTL,individual,1:21345297,1,21345297,5.723566e-09,SORBI_3001G224000,0.6506
TG(16:0_18:1_18:2),CTL,individual,1:21345297,1,21345297,5.723566e-09,SORBI_3001G223300,0.642546
TG(16:0_18:1_18:2),CTL,individual,1:21345297,1,21345297,5.723566e-09,SORBI_3001G223100,0.625598
TG(16:0_18:1_18:2),CTL,individual,1:21345297,1,21345297,5.723566e-09,SORBI_3001G223100,0.625422
TG(16:0_18:1_18:2),CTL,individual,1:21345297,1,21345297,5.723566e-09,SORBI_3001G223550,0.558974
TG(16:0_18:1_18:2),CTL,individual,1:21345297,1,21345297,5.723566e-09,SORBI_3001G223550,0.558914
TG(16:0_18:1_18:2),CTL,individual,1:21345297,1,21345297,5.723566e-09,SORBI_3001G223550,0.558853
TG(16:0_18:1_18:2),CTL,individual,1:21345297,1,21345297,5.723566e-09,SORBI_3001G222900,0.557168
TG(16:0_18:1_18:2),CTL,individual,1:21345297,1,21345297,5.723566e-09,SORBI_3001G222900,0.543366
TG(16:0_18:1_18:2),CTL,individual,1:21345297,1,21345297,5.723566e-09,SORBI_3001G223550,0.542895
TG(16:0_18:1_18:2),CTL,individual,1:21345297,1,21345297,5.723566e-09,SORBI_3001G222900,0.541309
TG(16:0_18:1_18:2),CTL,individual,1:21345297,1,21345297,5.723566e-09,SORBI_3001G222900,0.53222
TG(16:0_18:1_18:2),CTL,individual,1:21345297,1,21345297,5.723566e-09,SORBI_3001G222900,0.524654
TG(16:0_18:1_18:2),CTL,individual,1:21345297,1,21345297,5.723566e-09,SORBI_3001G223100,0.516756
TG(16:0_18:1_18:2),CTL,individual,1:21345297,1,21345297,5.723566e-09,SORBI_3001G223100,0.513108
TG(16:0_18:1_18:2),CTL,individual,1:21345297,1,21345297,5.723566e-09,SORBI_3001G223100,0.495047
TG(16:0_18:1_18:2),CTL,individual,1:21345297,1,21345297,5.723566e-09,SORBI_3001G222000,0.490869
TG(16:0_18:1_18:2),CTL,individual,1:21345297,1,21345297,5.723566e-09,SORBI_3001G222900,0.489656
TG(16:0_18:1_18:2),CTL,individual,1:21345297,1,21345297,5.723566e-09,SORBI_3001G222800,0.478679
TG(16:0_18:1_18:2),CTL,individual,1:21345297,1,21345297,5.723566e-09,SORBI_3001G222800,0.475013
TG(16:0_18:1_18:2),CTL,individual,1:21345297,1,21345297,5.723566e-09,SORBI_3001G223300,0.47378
TG(16:0_18:1_18:2),CTL,individual,1:21345297,1,21345297,5.723566e-09,SORBI_3001G222800,0.469002
TG(16:0_18:1_18:2),CTL,individual,1:21345297,1,21345297,5.723566e-09,SORBI_3001G222800,0.464608
TG(16:0_18:1_18:2),CTL,individual,1:21345297,1,21345297,5.723566e-09,SORBI_3001G223100,0.464608
TG(16:0_18:1_18:2),CTL,individual,1:21345297,1,21345297,5.723566e-09,SORBI_3001G223100,0.462258
TG(16:0_18:1_18:2),CTL,individual,1:21345297,1,21345297,5.723566e-09,SORBI_3001G222800,0.462114
TG(16:0_18:1_18:2),CTL,individual,1:21345297,1,21345297,5.723566e-09,SORBI_3001G222800,0.459682
TG(16:0_18:1_18:2),CTL,individual,1:21345297,1,21345297,5.723566e-09,SORBI_3001G222800,0.449392
TG(16:0_18:1_18:2),CTL,individual,1:21345297,1,21345297,5.723566e-09,SORBI_3001G222800,0.44794
TG(16:0_18:1_18:2),CTL,individual,1:21345297,1,21345297,5.723566e-09,SORBI_3001G222900,0.4354
TG(16:0_18:1_18:2),CTL,individual,1:21345297,1,21345297,5.723566e-09,SORBI_3001G222900,0.432505
TG(16:0_18:1_18:2),CTL,individual,1:21345297,1,21345297,5.723566e-09,SORBI_3001G222900,0.426464
TG(16:0_18:1_18:2),CTL,individual,1:21345297,1,21345297,5.723566e-09,SORBI_3001G222900,0.423461
TG(16:0_18:1_18:2),CTL,individual,1:21345297,1,21345297,5.723566e-09,SORBI_3001G222800,0.420422
TG(16:0_18:1_18:2),CTL,individual,1:21345297,1,21345297,5.723566e-09,SORBI_3001G223100,0.41702
TG(16:0_18:1_18:2),CTL,individual,1:21345297,1,21345297,5.723566e-09,SORBI_3001G224300,0.415803
TG(16:0_18:1_18:2),CTL,individual,1:21345297,1,21345297,5.723566e-09,SORBI_3001G224200,0.411789
TG(16:0_18:1_18:2),CTL,individual,1:21345297,1,21345297,5.723566e-09,SORBI_3001G222900,0.411695
TG(16:0_18:1_18:2),CTL,individual,1:21345297,1,21345297,5.723566e-09,SORBI_3001G224200,0.409913
TG(16:0_18:1_18:2),CTL,individual,1:21345297,1,21345297,5.723566e-09,SORBI_3001G222900,0.408781
TG(16:0_18:1_18:2),CTL,individual,1:21345297,1,21345297,5.723566e-09,SORBI_3001G222700,0.40122
TG(16:0_18:1_18:2),CTL,individual,6:35984176,6,35984176,8.146506e-09,SORBI_3006G049600,0.73178
TG(16:0_18:1_18:2),CTL,individual,6:35984176,6,35984176,8.146506e-09,SORBI_3006G049600,0.71905
TG(16:0_18:1_18:2),CTL,individual,6:35984176,6,35984176,8.146506e-09,SORBI_3006G049600,0.708784
TG(16:0_18:1_18:2),CTL,individual,6:35984176,6,35984176,8.146506e-09,SORBI_3006G049600,0.707479
TG(16:0_18:1_18:2),CTL,individual,6:35984176,6,35984176,8.146506e-09,SORBI_3006G049600,0.707259
TG(16:0_18:1_18:2),CTL,individual,6:35984176,6,35984176,8.146506e-09,SORBI_3006G049600,0.706549
TG(16:0_18:1_18:2),CTL,individual,6:35984176,6,35984176,8.146506e-09,SORBI_3006G049600,0.706206
TG(16:0_18:1_18:2),CTL,individual,6:35984176,6,35984176,8.146506e-09,SORBI_3006G049600,0.705927
TG(16:0_18:1_18:2),CTL,individual,6:35984176,6,35984176,8.146506e-09,SORBI_3006G049600,0.705405
TG(16:0_18:1_18:2),CTL,individual,6:35984176,6,35984176,8.146506e-09,SORBI_3006G049600,0.704387
TG(16:0_18:1_18:2),CTL,individual,6:35984176,6,35984176,8.146506e-09,SORBI_3006G049600,0.704312
TG(16:0_18:1_18:2),CTL,individual,6:35984176,6,35984176,8.146506e-09,SORBI_3006G049600,0.704147
TG(16:0_18:1_18:2),CTL,individual,6:35984176,6,35984176,8.146506e-09,SORBI_3006G049600,0.702904
TG(16:0_18:1_18:2),CTL,individual,6:35984176,6,35984176,8.146506e-09,SORBI_3006G049600,0.698076
TG(16:0_18:1_18:2),CTL,individual,6:35984176,6,35984176,8.146506e-09,SORBI_3006G049600,0.693646
TG(16:0_18:1_18:2),CTL,individual,6:35984176,6,35984176,8.146506e-09,SORBI_3006G049600,0.692272
TG(16:0_18:1_18:2),CTL,individual,6:35984176,6,35984176,8.146506e-09,SORBI_3006G049600,0.692119
TG(16:0_18:1_18:2),CTL,individual,6:35984176,6,35984176,8.146506e-09,SORBI_3006G049600,0.690835
TG(16:0_18:1_18:2),CTL,individual,6:35984176,6,35984176,8.146506e-09,SORBI_3006G049633,0.690835
TG(16:0_18:1_18:2),CTL,individual,6:35984176,6,35984176,8.146506e-09,SORBI_3006G049600,0.68945
TG(16:0_18:1_18:2),CTL,individual,6:35984176,6,35984176,8.146506e-09,SORBI_3006G049600,0.689295
TG(16:0_18:1_18:2),CTL,individual,6:35984176,6,35984176,8.146506e-09,SORBI_3006G049600,0.688964
TG(16:0_18:1_18:2),CTL,individual,6:35984176,6,35984176,8.146506e-09,SORBI_3006G049600,0.688792
TG(16:0_18:1_18:2),CTL,individual,6:35984176,6,35984176,8.146506e-09,SORBI_3006G049600,0.688114
TG(16:0_18:1_18:2),CTL,individual,6:35984176,6,35984176,8.146506e-09,SORBI_3006G049633,0.688114
TG(16:0_18:1_18:2),CTL,individual,6:35984176,6,35984176,8.146506e-09,SORBI_3006G049600,0.687335
TG(16:0_18:1_18:2),CTL,individual,6:35984176,6,35984176,8.146506e-09,SORBI_3006G049600,0.68608
TG(16:0_18:1_18:2),CTL,individual,6:35984176,6,35984176,8.146506e-09,SORBI_3006G049600,0.685487
TG(16:0_18:1_18:2),CTL,individual,6:35984176,6,35984176,8.146506e-09,SORBI_3006G049600,0.684356
TG(16:0_18:1_18:2),CTL,individual,6:35984176,6,35984176,8.146506e-09,SORBI_3006G049600,0.683283
TG(16:0_18:1_18:2),CTL,individual,6:35984176,6,35984176,8.146506e-09,SORBI_3006G049600,0.681644
TG(16:0_18:1_18:2),CTL,individual,6:35984176,6,35984176,8.146506e-09,SORBI_3006G049600,0.678949
TG(16:0_18:1_18:2),CTL,individual,6:35984176,6,35984176,8.146506e-09,SORBI_3006G049600,0.677365
TG(16:0_18:1_18:2),CTL,individual,6:35984176,6,35984176,8.146506e-09,SORBI_3006G049600,0.673743
TG(16:0_18:1_18:2),CTL,individual,6:35984176,6,35984176,8.146506e-09,SORBI_3006G049600,0.671039
TG(16:0_18:1_18:2),CTL,individual,6:35984176,6,35984176,8.146506e-09,SORBI_3006G049600,0.669174
TG(16:0_18:1_18:2),CTL,individual,6:35984176,6,35984176,8.146506e-09,SORBI_3006G049600,0.666559
TG(16:0_18:1_18:2),CTL,individual,6:35984176,6,35984176,8.146506e-09,SORBI_3006G049600,0.660662
TG(16:0_18:1_18:2),CTL,individual,6:35984176,6,35984176,8.146506e-09,SORBI_3006G049600,0.615733
TG(16:0_18:1_18:2),CTL,individual,6:35984176,6,35984176,8.146506e-09,SORBI_3006G049600,0.540684
TG(16:0_18:1_18:2),CTL,individual,6:35984176,6,35984176,8.146506e-09,SORBI_3006G049600,0.527528
TG(16:0_18:1_18:2),CTL,individual,6:35984176,6,35984176,8.146506e-09,SORBI_3006G049600,0.421605
TG(16:0_18:1_18:2),CTL,individual,6:35984176,6,35984176,8.146506e-09,SORBI_3006G049600,0.415964
