trait,condition,layer,SNP,chr,ps,p_wald,gene,r2
TG(18:1_18:2_18:2),CTL,individual,9:21077105,9,21077105,1.341238e-13,SORBI_3009G092100,1
TG(18:1_18:2_18:2),CTL,individual,9:21077112,9,21077112,1.341238e-13,SORBI_3009G092100,1
TG(18:1_18:2_18:2),CTL,individual,5:24255190,5,24255190,8.473487e-12,SORBI_3005G110120,0.830873
TG(18:1_18:2_18:2),CTL,individual,5:24255190,5,24255190,8.473487e-12,SORBI_3005G110160,0.830873
TG(18:1_18:2_18:2),CTL,individual,5:24255190,5,24255190,8.473487e-12,SORBI_3005G110160,0.823992
TG(18:1_18:2_18:2),CTL,individual,5:24255190,5,24255190,8.473487e-12,SORBI_3005G110120,0.817378
TG(18:1_18:2_18:2),CTL,individual,5:24255190,5,24255190,8.473487e-12,SORBI_3005G110160,0.817165
TG(18:1_18:2_18:2),CTL,individual,5:24255190,5,24255190,8.473487e-12,SORBI_3005G110160,0.810848
TG(18:1_18:2_18:2),CTL,individual,5:24255190,5,24255190,8.473487e-12,SORBI_3005G110160,0.807504
TG(18:1_18:2_18:2),CTL,individual,5:24255190,5,24255190,8.473487e-12,SORBI_3005G110160,0.807138
TG(18:1_18:2_18:2),CTL,individual,5:24255190,5,24255190,8.473487e-12,SORBI_3005G110160,0.790144
TG(18:1_18:2_18:2),CTL,individual,5:24255190,5,24255190,8.473487e-12,SORBI_3005G110120,0.789411
TG(18:1_18:2_18:2),CTL,individual,5:24255190,5,24255190,8.473487e-12,SORBI_3005G110120,0.784328
TG(18:1_18:2_18:2),CTL,individual,5:24255190,5,24255190,8.473487e-12,SORBI_3005G110120,0.7571
TG(18:1_18:2_18:2),CTL,individual,5:24255190,5,24255190,8.473487e-12,SORBI_3005G110120,0.692387
TG(18:1_18:2_18:2),CTL,individual,5:24255190,5,24255190,8.473487e-12,SORBI_3005G110160,0.535032
TG(18:1_18:2_18:2),CTL,individual,5:24255190,5,24255190,8.473487e-12,SORBI_3005G110160,0.426585
TG(18:1_18:2_18:2),CTL,individual,5:24255190,5,24255190,8.473487e-12,SORBI_3005G110160,0.423361
TG(18:1_18:2_18:2),CTL,individual,5:24255190,5,24255190,8.473487e-12,SORBI_3005G110160,0.417657
TG(18:1_18:2_18:2),CTL,individual,5:24255190,5,24255190,8.473487e-12,SORBI_3005G110160,0.415275
TG(18:1_18:2_18:2),CTL,individual,5:24255190,5,24255190,8.473487e-12,SORBI_3005G110120,0.410769
TG(18:1_18:2_18:2),CTL,individual,5:24255190,5,24255190,8.473487e-12,SORBI_3005G110160,0.404424
TG(18:1_18:2_18:2),CTL,individual,5:24255190,5,24255190,8.473487e-12,SORBI_3005G110160,0.403315
TG(18:1_18:2_18:2),CTL,individual,5:61715312,5,61715312,8.86216e-11,SORBI_3005G149000,0.746094
TG(18:1_18:2_18:2),CTL,individual,5:61715312,5,61715312,8.86216e-11,SORBI_3005G149000,0.661668
TG(18:1_18:2_18:2),CTL,individual,5:61715312,5,61715312,8.86216e-11,SORBI_3005G149000,0.634367
TG(18:1_18:2_18:2),CTL,individual,5:61715312,5,61715312,8.86216e-11,SORBI_3005G148500,0.511363
TG(18:1_18:2_18:2),CTL,individual,9:21077124,9,21077124,2.861443e-10,SORBI_3009G092100,1
TG(18:1_18:2_18:2),CTL,individual,3:53668134,3,53668134,3.521525e-10,SORBI_3003G206700,0.871463
TG(18:1_18:2_18:2),CTL,individual,3:53668134,3,53668134,3.521525e-10,SORBI_3003G206700,0.860317
TG(18:1_18:2_18:2),CTL,individual,3:53668134,3,53668134,3.521525e-10,SORBI_3003G206600,0.858905
TG(18:1_18:2_18:2),CTL,individual,3:53668134,3,53668134,3.521525e-10,SORBI_3003G206700,0.856339
TG(18:1_18:2_18:2),CTL,individual,3:53668134,3,53668134,3.521525e-10,SORBI_3003G206300,0.791749
TG(18:1_18:2_18:2),CTL,individual,3:53668134,3,53668134,3.521525e-10,SORBI_3003G206500,0.781711
TG(18:1_18:2_18:2),CTL,individual,3:53668134,3,53668134,3.521525e-10,SORBI_3003G206800,0.752741
TG(18:1_18:2_18:2),CTL,individual,3:53668134,3,53668134,3.521525e-10,SORBI_3003G205900,0.749279
TG(18:1_18:2_18:2),CTL,individual,3:53668134,3,53668134,3.521525e-10,SORBI_3003G206800,0.747882
TG(18:1_18:2_18:2),CTL,individual,3:53668134,3,53668134,3.521525e-10,SORBI_3003G205801,0.745516
TG(18:1_18:2_18:2),CTL,individual,3:53668134,3,53668134,3.521525e-10,SORBI_3003G205801,0.740929
TG(18:1_18:2_18:2),CTL,individual,3:53668134,3,53668134,3.521525e-10,SORBI_3003G206100,0.740113
TG(18:1_18:2_18:2),CTL,individual,3:53668134,3,53668134,3.521525e-10,SORBI_3003G205801,0.738873
TG(18:1_18:2_18:2),CTL,individual,3:53668134,3,53668134,3.521525e-10,SORBI_3003G205900,0.737715
TG(18:1_18:2_18:2),CTL,individual,3:53668134,3,53668134,3.521525e-10,SORBI_3003G206800,0.73726
TG(18:1_18:2_18:2),CTL,individual,3:53668134,3,53668134,3.521525e-10,SORBI_3003G205900,0.732198
TG(18:1_18:2_18:2),CTL,individual,3:53668134,3,53668134,3.521525e-10,SORBI_3003G206100,0.719759
TG(18:1_18:2_18:2),CTL,individual,3:53668134,3,53668134,3.521525e-10,SORBI_3003G205900,0.7185
TG(18:1_18:2_18:2),CTL,individual,3:53668134,3,53668134,3.521525e-10,SORBI_3003G206000,0.716566
TG(18:1_18:2_18:2),CTL,individual,3:53668134,3,53668134,3.521525e-10,SORBI_3003G205900,0.690202
TG(18:1_18:2_18:2),CTL,individual,3:53668134,3,53668134,3.521525e-10,SORBI_3003G207000,0.678268
TG(18:1_18:2_18:2),CTL,individual,3:53668134,3,53668134,3.521525e-10,SORBI_3003G206300,0.642424
TG(18:1_18:2_18:2),CTL,individual,3:53668134,3,53668134,3.521525e-10,SORBI_3003G206300,0.64184
TG(18:1_18:2_18:2),CTL,individual,3:53668134,3,53668134,3.521525e-10,SORBI_3003G206300,0.640895
TG(18:1_18:2_18:2),CTL,individual,3:53668134,3,53668134,3.521525e-10,SORBI_3003G206300,0.618492
TG(18:1_18:2_18:2),CTL,individual,3:53668134,3,53668134,3.521525e-10,SORBI_3003G205700,0.562683
TG(18:1_18:2_18:2),CTL,individual,3:53668134,3,53668134,3.521525e-10,SORBI_3003G205801,0.562372
TG(18:1_18:2_18:2),CTL,individual,3:53668134,3,53668134,3.521525e-10,SORBI_3003G206600,0.549125
TG(18:1_18:2_18:2),CTL,individual,3:53668134,3,53668134,3.521525e-10,SORBI_3003G206900,0.540966
TG(18:1_18:2_18:2),CTL,individual,3:53668134,3,53668134,3.521525e-10,SORBI_3003G205801,0.540041
TG(18:1_18:2_18:2),CTL,individual,3:53668134,3,53668134,3.521525e-10,SORBI_3003G205700,0.536907
TG(18:1_18:2_18:2),CTL,individual,3:53668134,3,53668134,3.521525e-10,SORBI_3003G206900,0.531933
TG(18:1_18:2_18:2),CTL,individual,3:53668134,3,53668134,3.521525e-10,SORBI_3003G205700,0.525278
TG(18:1_18:2_18:2),CTL,individual,3:53668134,3,53668134,3.521525e-10,SORBI_3003G205501,0.514162
TG(18:1_18:2_18:2),CTL,individual,3:53668134,3,53668134,3.521525e-10,SORBI_3003G205400,0.511717
TG(18:1_18:2_18:2),CTL,individual,3:53668134,3,53668134,3.521525e-10,SORBI_3003G206300,0.50544
TG(18:1_18:2_18:2),CTL,individual,3:53668134,3,53668134,3.521525e-10,SORBI_3003G206200,0.500686
TG(18:1_18:2_18:2),CTL,individual,3:53668134,3,53668134,3.521525e-10,SORBI_3003G205501,0.487358
TG(18:1_18:2_18:2),CTL,individual,3:53668134,3,53668134,3.521525e-10,SORBI_3003G205501,0.481977
TG(18:1_18:2_18:2),CTL,individual,3:53668134,3,53668134,3.521525e-10,SORBI_3003G206300,0.476374
TG(18:1_18:2_18:2),CTL,individual,3:53668134,3,53668134,3.521525e-10,SORBI_3003G205501,0.476007
TG(18:1_18:2_18:2),CTL,individual,3:53668134,3,53668134,3.521525e-10,SORBI_3003G206300,0.470653
TG(18:1_18:2_18:2),CTL,individual,3:53668134,3,53668134,3.521525e-10,SORBI_3003G205900,0.44912
TG(18:1_18:2_18:2),CTL,individual,3:53668134,3,53668134,3.521525e-10,SORBI_3003G205501,0.4467
TG(18:1_18:2_18:2),CTL,individual,3:53668134,3,53668134,3.521525e-10,SORBI_3003G205200,0.431264
TG(18:1_18:2_18:2),CTL,individual,3:53668134,3,53668134,3.521525e-10,SORBI_3003G207800,0.424334
TG(18:1_18:2_18:2),CTL,individual,3:53668134,3,53668134,3.521525e-10,SORBI_3003G206300,0.424279
TG(18:1_18:2_18:2),CTL,individual,3:53668134,3,53668134,3.521525e-10,SORBI_3003G205801,0.421453
TG(18:1_18:2_18:2),CTL,individual,3:53668134,3,53668134,3.521525e-10,SORBI_3003G207800,0.408781
TG(18:1_18:2_18:2),CTL,individual,5:68763126,5,68763126,4.365522e-10,SORBI_3005G202500,0.837142
TG(18:1_18:2_18:2),CTL,individual,5:68763131,5,68763131,4.365522e-10,SORBI_3005G202500,0.837142
TG(18:1_18:2_18:2),CTL,individual,5:68763126,5,68763126,4.365522e-10,SORBI_3005G202500,0.793083
TG(18:1_18:2_18:2),CTL,individual,5:68763131,5,68763131,4.365522e-10,SORBI_3005G202500,0.793083
TG(18:1_18:2_18:2),CTL,individual,5:68763126,5,68763126,4.365522e-10,SORBI_3005G202500,0.704057
TG(18:1_18:2_18:2),CTL,individual,5:68763131,5,68763131,4.365522e-10,SORBI_3005G202500,0.704057
TG(18:1_18:2_18:2),CTL,individual,4:9817424,4,9817424,8.011247e-10,SORBI_3004G104200,0.835871
TG(18:1_18:2_18:2),CTL,individual,4:9817424,4,9817424,8.011247e-10,SORBI_3004G104200,0.799435
TG(18:1_18:2_18:2),CTL,individual,4:9817424,4,9817424,8.011247e-10,SORBI_3004G104100,0.784834
TG(18:1_18:2_18:2),CTL,individual,4:9817424,4,9817424,8.011247e-10,SORBI_3004G104200,0.77868
TG(18:1_18:2_18:2),CTL,individual,4:9817424,4,9817424,8.011247e-10,SORBI_3004G104200,0.778444
TG(18:1_18:2_18:2),CTL,individual,4:9817424,4,9817424,8.011247e-10,SORBI_3004G104200,0.772447
TG(18:1_18:2_18:2),CTL,individual,4:9817424,4,9817424,8.011247e-10,SORBI_3004G104200,0.768916
TG(18:1_18:2_18:2),CTL,individual,4:9817424,4,9817424,8.011247e-10,SORBI_3004G104100,0.760227
TG(18:1_18:2_18:2),CTL,individual,4:9817424,4,9817424,8.011247e-10,SORBI_3004G104200,0.7558
TG(18:1_18:2_18:2),CTL,individual,4:9817424,4,9817424,8.011247e-10,SORBI_3004G104200,0.753713
TG(18:1_18:2_18:2),CTL,individual,4:9817424,4,9817424,8.011247e-10,SORBI_3004G104400,0.748244
TG(18:1_18:2_18:2),CTL,individual,4:9817424,4,9817424,8.011247e-10,SORBI_3004G104100,0.748058
TG(18:1_18:2_18:2),CTL,individual,4:9817424,4,9817424,8.011247e-10,SORBI_3004G104200,0.745554
TG(18:1_18:2_18:2),CTL,individual,4:9817424,4,9817424,8.011247e-10,SORBI_3004G104100,0.744752
TG(18:1_18:2_18:2),CTL,individual,4:9817424,4,9817424,8.011247e-10,SORBI_3004G104250,0.736487
TG(18:1_18:2_18:2),CTL,individual,4:9817424,4,9817424,8.011247e-10,SORBI_3004G104200,0.735316
TG(18:1_18:2_18:2),CTL,individual,4:9817424,4,9817424,8.011247e-10,SORBI_3004G104250,0.735316
TG(18:1_18:2_18:2),CTL,individual,4:9817424,4,9817424,8.011247e-10,SORBI_3004G104250,0.733941
TG(18:1_18:2_18:2),CTL,individual,4:9817424,4,9817424,8.011247e-10,SORBI_3004G104200,0.733085
TG(18:1_18:2_18:2),CTL,individual,4:9817424,4,9817424,8.011247e-10,SORBI_3004G104250,0.733082
TG(18:1_18:2_18:2),CTL,individual,4:9817424,4,9817424,8.011247e-10,SORBI_3004G104200,0.732769
TG(18:1_18:2_18:2),CTL,individual,4:9817424,4,9817424,8.011247e-10,SORBI_3004G104250,0.732195
TG(18:1_18:2_18:2),CTL,individual,4:9817424,4,9817424,8.011247e-10,SORBI_3004G104100,0.731414
TG(18:1_18:2_18:2),CTL,individual,4:9817424,4,9817424,8.011247e-10,SORBI_3004G104200,0.731348
TG(18:1_18:2_18:2),CTL,individual,4:9817424,4,9817424,8.011247e-10,SORBI_3004G104100,0.730319
TG(18:1_18:2_18:2),CTL,individual,4:9817424,4,9817424,8.011247e-10,SORBI_3004G104200,0.730068
TG(18:1_18:2_18:2),CTL,individual,4:9817424,4,9817424,8.011247e-10,SORBI_3004G104200,0.730002
TG(18:1_18:2_18:2),CTL,individual,4:9817424,4,9817424,8.011247e-10,SORBI_3004G104250,0.729911
TG(18:1_18:2_18:2),CTL,individual,4:9817424,4,9817424,8.011247e-10,SORBI_3004G104200,0.728935
TG(18:1_18:2_18:2),CTL,individual,4:9817424,4,9817424,8.011247e-10,SORBI_3004G104250,0.728935
TG(18:1_18:2_18:2),CTL,individual,4:9817424,4,9817424,8.011247e-10,SORBI_3004G104000,0.728566
TG(18:1_18:2_18:2),CTL,individual,4:9817424,4,9817424,8.011247e-10,SORBI_3004G104250,0.726589
TG(18:1_18:2_18:2),CTL,individual,4:9817424,4,9817424,8.011247e-10,SORBI_3004G104100,0.726251
TG(18:1_18:2_18:2),CTL,individual,4:9817424,4,9817424,8.011247e-10,SORBI_3004G104400,0.725325
TG(18:1_18:2_18:2),CTL,individual,4:9817424,4,9817424,8.011247e-10,SORBI_3004G104250,0.722612
TG(18:1_18:2_18:2),CTL,individual,4:9817424,4,9817424,8.011247e-10,SORBI_3004G104200,0.718312
TG(18:1_18:2_18:2),CTL,individual,4:9817424,4,9817424,8.011247e-10,SORBI_3004G104200,0.718217
TG(18:1_18:2_18:2),CTL,individual,4:9817424,4,9817424,8.011247e-10,SORBI_3004G104200,0.718121
TG(18:1_18:2_18:2),CTL,individual,4:9817424,4,9817424,8.011247e-10,SORBI_3004G104250,0.716809
TG(18:1_18:2_18:2),CTL,individual,4:9817424,4,9817424,8.011247e-10,SORBI_3004G104250,0.716543
TG(18:1_18:2_18:2),CTL,individual,4:9817424,4,9817424,8.011247e-10,SORBI_3004G104200,0.716351
TG(18:1_18:2_18:2),CTL,individual,4:9817424,4,9817424,8.011247e-10,SORBI_3004G104200,0.716344
TG(18:1_18:2_18:2),CTL,individual,4:9817424,4,9817424,8.011247e-10,SORBI_3004G104100,0.712014
TG(18:1_18:2_18:2),CTL,individual,4:9817424,4,9817424,8.011247e-10,SORBI_3004G104250,0.711958
TG(18:1_18:2_18:2),CTL,individual,4:9817424,4,9817424,8.011247e-10,SORBI_3004G104250,0.710972
TG(18:1_18:2_18:2),CTL,individual,4:9817424,4,9817424,8.011247e-10,SORBI_3004G104250,0.710773
TG(18:1_18:2_18:2),CTL,individual,4:9817424,4,9817424,8.011247e-10,SORBI_3004G104250,0.706899
TG(18:1_18:2_18:2),CTL,individual,4:9817424,4,9817424,8.011247e-10,SORBI_3004G104250,0.706659
TG(18:1_18:2_18:2),CTL,individual,4:9817424,4,9817424,8.011247e-10,SORBI_3004G104400,0.70254
TG(18:1_18:2_18:2),CTL,individual,4:9817424,4,9817424,8.011247e-10,SORBI_3004G104200,0.698359
TG(18:1_18:2_18:2),CTL,individual,4:9817424,4,9817424,8.011247e-10,SORBI_3004G104200,0.697224
TG(18:1_18:2_18:2),CTL,individual,4:9817424,4,9817424,8.011247e-10,SORBI_3004G104250,0.695631
TG(18:1_18:2_18:2),CTL,individual,4:9817424,4,9817424,8.011247e-10,SORBI_3004G104200,0.695378
TG(18:1_18:2_18:2),CTL,individual,4:9817424,4,9817424,8.011247e-10,SORBI_3004G104200,0.695328
TG(18:1_18:2_18:2),CTL,individual,4:9817424,4,9817424,8.011247e-10,SORBI_3004G104250,0.693528
TG(18:1_18:2_18:2),CTL,individual,4:9817424,4,9817424,8.011247e-10,SORBI_3004G104100,0.693091
TG(18:1_18:2_18:2),CTL,individual,4:9817424,4,9817424,8.011247e-10,SORBI_3004G104200,0.690648
TG(18:1_18:2_18:2),CTL,individual,4:9817424,4,9817424,8.011247e-10,SORBI_3004G104250,0.689198
TG(18:1_18:2_18:2),CTL,individual,4:9817424,4,9817424,8.011247e-10,SORBI_3004G104250,0.687689
TG(18:1_18:2_18:2),CTL,individual,4:9817424,4,9817424,8.011247e-10,SORBI_3004G104100,0.687638
TG(18:1_18:2_18:2),CTL,individual,4:9817424,4,9817424,8.011247e-10,SORBI_3004G104200,0.682601
TG(18:1_18:2_18:2),CTL,individual,4:9817424,4,9817424,8.011247e-10,SORBI_3004G104250,0.68138
TG(18:1_18:2_18:2),CTL,individual,4:9817424,4,9817424,8.011247e-10,SORBI_3004G104200,0.673677
TG(18:1_18:2_18:2),CTL,individual,4:9817424,4,9817424,8.011247e-10,SORBI_3004G104250,0.670247
TG(18:1_18:2_18:2),CTL,individual,4:9817424,4,9817424,8.011247e-10,SORBI_3004G104250,0.667229
TG(18:1_18:2_18:2),CTL,individual,4:9817424,4,9817424,8.011247e-10,SORBI_3004G104200,0.663264
TG(18:1_18:2_18:2),CTL,individual,4:9817424,4,9817424,8.011247e-10,SORBI_3004G104100,0.662543
TG(18:1_18:2_18:2),CTL,individual,4:9817424,4,9817424,8.011247e-10,SORBI_3004G104400,0.658228
TG(18:1_18:2_18:2),CTL,individual,4:9817424,4,9817424,8.011247e-10,SORBI_3004G104100,0.654655
TG(18:1_18:2_18:2),CTL,individual,4:9817424,4,9817424,8.011247e-10,SORBI_3004G104400,0.651411
TG(18:1_18:2_18:2),CTL,individual,4:9817424,4,9817424,8.011247e-10,SORBI_3004G104250,0.647641
TG(18:1_18:2_18:2),CTL,individual,4:9817424,4,9817424,8.011247e-10,SORBI_3004G104250,0.643734
TG(18:1_18:2_18:2),CTL,individual,4:9817424,4,9817424,8.011247e-10,SORBI_3004G104250,0.643714
TG(18:1_18:2_18:2),CTL,individual,4:9817424,4,9817424,8.011247e-10,SORBI_3004G104200,0.642848
TG(18:1_18:2_18:2),CTL,individual,4:9817424,4,9817424,8.011247e-10,SORBI_3004G104250,0.640321
TG(18:1_18:2_18:2),CTL,individual,4:9817424,4,9817424,8.011247e-10,SORBI_3004G104200,0.63843
TG(18:1_18:2_18:2),CTL,individual,4:9817424,4,9817424,8.011247e-10,SORBI_3004G104250,0.63843
TG(18:1_18:2_18:2),CTL,individual,4:9817424,4,9817424,8.011247e-10,SORBI_3004G104200,0.638358
TG(18:1_18:2_18:2),CTL,individual,4:9817424,4,9817424,8.011247e-10,SORBI_3004G104250,0.637465
TG(18:1_18:2_18:2),CTL,individual,4:9817424,4,9817424,8.011247e-10,SORBI_3004G104200,0.636556
TG(18:1_18:2_18:2),CTL,individual,4:9817424,4,9817424,8.011247e-10,SORBI_3004G104250,0.635623
TG(18:1_18:2_18:2),CTL,individual,4:9817424,4,9817424,8.011247e-10,SORBI_3004G104200,0.633822
TG(18:1_18:2_18:2),CTL,individual,4:9817424,4,9817424,8.011247e-10,SORBI_3004G104200,0.633241
TG(18:1_18:2_18:2),CTL,individual,4:9817424,4,9817424,8.011247e-10,SORBI_3004G104250,0.633168
TG(18:1_18:2_18:2),CTL,individual,4:9817424,4,9817424,8.011247e-10,SORBI_3004G104250,0.632052
TG(18:1_18:2_18:2),CTL,individual,4:9817424,4,9817424,8.011247e-10,SORBI_3004G103800,0.629734
TG(18:1_18:2_18:2),CTL,individual,4:9817424,4,9817424,8.011247e-10,SORBI_3004G104200,0.628175
TG(18:1_18:2_18:2),CTL,individual,4:9817424,4,9817424,8.011247e-10,SORBI_3004G104200,0.625918
TG(18:1_18:2_18:2),CTL,individual,4:9817424,4,9817424,8.011247e-10,SORBI_3004G104250,0.618447
TG(18:1_18:2_18:2),CTL,individual,4:9817424,4,9817424,8.011247e-10,SORBI_3004G104250,0.618314
TG(18:1_18:2_18:2),CTL,individual,4:9817424,4,9817424,8.011247e-10,SORBI_3004G104400,0.614307
TG(18:1_18:2_18:2),CTL,individual,4:9817424,4,9817424,8.011247e-10,SORBI_3004G104250,0.611538
TG(18:1_18:2_18:2),CTL,individual,4:9817424,4,9817424,8.011247e-10,SORBI_3004G104100,0.60908
TG(18:1_18:2_18:2),CTL,individual,4:9817424,4,9817424,8.011247e-10,SORBI_3004G104250,0.607308
TG(18:1_18:2_18:2),CTL,individual,4:9817424,4,9817424,8.011247e-10,SORBI_3004G104200,0.606224
TG(18:1_18:2_18:2),CTL,individual,4:9817424,4,9817424,8.011247e-10,SORBI_3004G104250,0.604406
TG(18:1_18:2_18:2),CTL,individual,4:9817424,4,9817424,8.011247e-10,SORBI_3004G104250,0.602054
TG(18:1_18:2_18:2),CTL,individual,4:9817424,4,9817424,8.011247e-10,SORBI_3004G104100,0.598856
TG(18:1_18:2_18:2),CTL,individual,4:9817424,4,9817424,8.011247e-10,SORBI_3004G104300,0.597074
TG(18:1_18:2_18:2),CTL,individual,4:9817424,4,9817424,8.011247e-10,SORBI_3004G104300,0.591202
TG(18:1_18:2_18:2),CTL,individual,4:9817424,4,9817424,8.011247e-10,SORBI_3004G104200,0.590749
TG(18:1_18:2_18:2),CTL,individual,4:9817424,4,9817424,8.011247e-10,SORBI_3004G104250,0.589336
TG(18:1_18:2_18:2),CTL,individual,4:9817424,4,9817424,8.011247e-10,SORBI_3004G104250,0.586084
TG(18:1_18:2_18:2),CTL,individual,4:9817424,4,9817424,8.011247e-10,SORBI_3004G104250,0.584762
TG(18:1_18:2_18:2),CTL,individual,4:9817424,4,9817424,8.011247e-10,SORBI_3004G104250,0.584033
TG(18:1_18:2_18:2),CTL,individual,4:9817424,4,9817424,8.011247e-10,SORBI_3004G104250,0.58167
TG(18:1_18:2_18:2),CTL,individual,4:9817424,4,9817424,8.011247e-10,SORBI_3004G104250,0.577919
TG(18:1_18:2_18:2),CTL,individual,4:9817424,4,9817424,8.011247e-10,SORBI_3004G104250,0.576918
TG(18:1_18:2_18:2),CTL,individual,4:9817424,4,9817424,8.011247e-10,SORBI_3004G103700,0.574722
TG(18:1_18:2_18:2),CTL,individual,4:9817424,4,9817424,8.011247e-10,SORBI_3004G103700,0.572597
TG(18:1_18:2_18:2),CTL,individual,4:9817424,4,9817424,8.011247e-10,SORBI_3004G103700,0.568784
TG(18:1_18:2_18:2),CTL,individual,4:9817424,4,9817424,8.011247e-10,SORBI_3004G104250,0.565638
TG(18:1_18:2_18:2),CTL,individual,4:9817424,4,9817424,8.011247e-10,SORBI_3004G103700,0.564149
TG(18:1_18:2_18:2),CTL,individual,4:9817424,4,9817424,8.011247e-10,SORBI_3004G103700,0.562054
TG(18:1_18:2_18:2),CTL,individual,4:9817424,4,9817424,8.011247e-10,SORBI_3004G104400,0.559483
TG(18:1_18:2_18:2),CTL,individual,4:9817424,4,9817424,8.011247e-10,SORBI_3004G104100,0.553727
TG(18:1_18:2_18:2),CTL,individual,4:9817424,4,9817424,8.011247e-10,SORBI_3004G103700,0.553685
TG(18:1_18:2_18:2),CTL,individual,4:9817424,4,9817424,8.011247e-10,SORBI_3004G104100,0.553685
TG(18:1_18:2_18:2),CTL,individual,4:9817424,4,9817424,8.011247e-10,SORBI_3004G104200,0.551202
TG(18:1_18:2_18:2),CTL,individual,4:9817424,4,9817424,8.011247e-10,SORBI_3004G103700,0.549109
TG(18:1_18:2_18:2),CTL,individual,4:9817424,4,9817424,8.011247e-10,SORBI_3004G104100,0.549109
TG(18:1_18:2_18:2),CTL,individual,4:9817424,4,9817424,8.011247e-10,SORBI_3004G104250,0.544822
TG(18:1_18:2_18:2),CTL,individual,4:9817424,4,9817424,8.011247e-10,SORBI_3004G104600,0.544726
TG(18:1_18:2_18:2),CTL,individual,4:9817424,4,9817424,8.011247e-10,SORBI_3004G104100,0.544361
TG(18:1_18:2_18:2),CTL,individual,4:9817424,4,9817424,8.011247e-10,SORBI_3004G104000,0.542888
TG(18:1_18:2_18:2),CTL,individual,4:9817424,4,9817424,8.011247e-10,SORBI_3004G104000,0.541378
TG(18:1_18:2_18:2),CTL,individual,4:9817424,4,9817424,8.011247e-10,SORBI_3004G103800,0.540208
TG(18:1_18:2_18:2),CTL,individual,4:9817424,4,9817424,8.011247e-10,SORBI_3004G104000,0.534482
TG(18:1_18:2_18:2),CTL,individual,4:9817424,4,9817424,8.011247e-10,SORBI_3004G104000,0.533964
TG(18:1_18:2_18:2),CTL,individual,4:9817424,4,9817424,8.011247e-10,SORBI_3004G104000,0.532979
TG(18:1_18:2_18:2),CTL,individual,4:9817424,4,9817424,8.011247e-10,SORBI_3004G104200,0.532069
TG(18:1_18:2_18:2),CTL,individual,4:9817424,4,9817424,8.011247e-10,SORBI_3004G104000,0.531553
TG(18:1_18:2_18:2),CTL,individual,4:9817424,4,9817424,8.011247e-10,SORBI_3004G104200,0.52978
TG(18:1_18:2_18:2),CTL,individual,4:9817424,4,9817424,8.011247e-10,SORBI_3004G103800,0.523679
TG(18:1_18:2_18:2),CTL,individual,4:9817424,4,9817424,8.011247e-10,SORBI_3004G104000,0.523449
TG(18:1_18:2_18:2),CTL,individual,4:9817424,4,9817424,8.011247e-10,SORBI_3004G103800,0.518625
TG(18:1_18:2_18:2),CTL,individual,4:9817424,4,9817424,8.011247e-10,SORBI_3004G104000,0.518035
TG(18:1_18:2_18:2),CTL,individual,4:9817424,4,9817424,8.011247e-10,SORBI_3004G104300,0.514285
TG(18:1_18:2_18:2),CTL,individual,4:9817424,4,9817424,8.011247e-10,SORBI_3004G104000,0.511052
TG(18:1_18:2_18:2),CTL,individual,4:9817424,4,9817424,8.011247e-10,SORBI_3004G104100,0.506729
TG(18:1_18:2_18:2),CTL,individual,4:9817424,4,9817424,8.011247e-10,SORBI_3004G103800,0.503859
TG(18:1_18:2_18:2),CTL,individual,4:9817424,4,9817424,8.011247e-10,SORBI_3004G103901,0.500708
TG(18:1_18:2_18:2),CTL,individual,4:9817424,4,9817424,8.011247e-10,SORBI_3004G104000,0.500448
TG(18:1_18:2_18:2),CTL,individual,4:9817424,4,9817424,8.011247e-10,SORBI_3004G104250,0.49973
TG(18:1_18:2_18:2),CTL,individual,4:9817424,4,9817424,8.011247e-10,SORBI_3004G104000,0.497221
TG(18:1_18:2_18:2),CTL,individual,4:9817424,4,9817424,8.011247e-10,SORBI_3004G104250,0.493719
TG(18:1_18:2_18:2),CTL,individual,4:9817424,4,9817424,8.011247e-10,SORBI_3004G104000,0.492648
TG(18:1_18:2_18:2),CTL,individual,4:9817424,4,9817424,8.011247e-10,SORBI_3004G103800,0.489275
TG(18:1_18:2_18:2),CTL,individual,4:9817424,4,9817424,8.011247e-10,SORBI_3004G104300,0.484798
TG(18:1_18:2_18:2),CTL,individual,4:9817424,4,9817424,8.011247e-10,SORBI_3004G104000,0.477724
TG(18:1_18:2_18:2),CTL,individual,4:9817424,4,9817424,8.011247e-10,SORBI_3004G104000,0.477282
TG(18:1_18:2_18:2),CTL,individual,4:9817424,4,9817424,8.011247e-10,SORBI_3004G104000,0.474859
TG(18:1_18:2_18:2),CTL,individual,4:9817424,4,9817424,8.011247e-10,SORBI_3004G103800,0.469149
TG(18:1_18:2_18:2),CTL,individual,4:9817424,4,9817424,8.011247e-10,SORBI_3004G104000,0.467291
TG(18:1_18:2_18:2),CTL,individual,4:9817424,4,9817424,8.011247e-10,SORBI_3004G103800,0.465658
TG(18:1_18:2_18:2),CTL,individual,4:9817424,4,9817424,8.011247e-10,SORBI_3004G103901,0.465295
TG(18:1_18:2_18:2),CTL,individual,4:9817424,4,9817424,8.011247e-10,SORBI_3004G103700,0.46422
TG(18:1_18:2_18:2),CTL,individual,4:9817424,4,9817424,8.011247e-10,SORBI_3004G104400,0.463423
TG(18:1_18:2_18:2),CTL,individual,4:9817424,4,9817424,8.011247e-10,SORBI_3004G104000,0.461736
TG(18:1_18:2_18:2),CTL,individual,4:9817424,4,9817424,8.011247e-10,SORBI_3004G104000,0.460038
TG(18:1_18:2_18:2),CTL,individual,4:9817424,4,9817424,8.011247e-10,SORBI_3004G103800,0.45623
TG(18:1_18:2_18:2),CTL,individual,4:9817424,4,9817424,8.011247e-10,SORBI_3004G103901,0.456221
TG(18:1_18:2_18:2),CTL,individual,4:9817424,4,9817424,8.011247e-10,SORBI_3004G104500,0.455871
TG(18:1_18:2_18:2),CTL,individual,4:9817424,4,9817424,8.011247e-10,SORBI_3004G103700,0.451694
TG(18:1_18:2_18:2),CTL,individual,4:9817424,4,9817424,8.011247e-10,SORBI_3004G104000,0.449825
TG(18:1_18:2_18:2),CTL,individual,4:9817424,4,9817424,8.011247e-10,SORBI_3004G104000,0.448993
TG(18:1_18:2_18:2),CTL,individual,4:9817424,4,9817424,8.011247e-10,SORBI_3004G103800,0.445543
TG(18:1_18:2_18:2),CTL,individual,4:9817424,4,9817424,8.011247e-10,SORBI_3004G103700,0.445467
TG(18:1_18:2_18:2),CTL,individual,4:9817424,4,9817424,8.011247e-10,SORBI_3004G104000,0.445235
TG(18:1_18:2_18:2),CTL,individual,4:9817424,4,9817424,8.011247e-10,SORBI_3004G104000,0.444092
TG(18:1_18:2_18:2),CTL,individual,4:9817424,4,9817424,8.011247e-10,SORBI_3004G104400,0.442965
TG(18:1_18:2_18:2),CTL,individual,4:9817424,4,9817424,8.011247e-10,SORBI_3004G103800,0.435362
TG(18:1_18:2_18:2),CTL,individual,4:9817424,4,9817424,8.011247e-10,SORBI_3004G104300,0.43326
TG(18:1_18:2_18:2),CTL,individual,4:9817424,4,9817424,8.011247e-10,SORBI_3004G104000,0.432823
TG(18:1_18:2_18:2),CTL,individual,4:9817424,4,9817424,8.011247e-10,SORBI_3004G104600,0.431694
TG(18:1_18:2_18:2),CTL,individual,4:9817424,4,9817424,8.011247e-10,SORBI_3004G104000,0.425475
TG(18:1_18:2_18:2),CTL,individual,4:9817424,4,9817424,8.011247e-10,SORBI_3004G104100,0.425179
TG(18:1_18:2_18:2),CTL,individual,4:9817424,4,9817424,8.011247e-10,SORBI_3004G103700,0.422991
TG(18:1_18:2_18:2),CTL,individual,4:9817424,4,9817424,8.011247e-10,SORBI_3004G104000,0.422991
TG(18:1_18:2_18:2),CTL,individual,4:9817424,4,9817424,8.011247e-10,SORBI_3004G104400,0.422589
TG(18:1_18:2_18:2),CTL,individual,4:9817424,4,9817424,8.011247e-10,SORBI_3004G104000,0.42245
TG(18:1_18:2_18:2),CTL,individual,4:9817424,4,9817424,8.011247e-10,SORBI_3004G104200,0.421987
TG(18:1_18:2_18:2),CTL,individual,4:9817424,4,9817424,8.011247e-10,SORBI_3004G104100,0.420808
TG(18:1_18:2_18:2),CTL,individual,4:9817424,4,9817424,8.011247e-10,SORBI_3004G104300,0.417641
TG(18:1_18:2_18:2),CTL,individual,4:9817424,4,9817424,8.011247e-10,SORBI_3004G103600,0.417148
TG(18:1_18:2_18:2),CTL,individual,4:9817424,4,9817424,8.011247e-10,SORBI_3004G104200,0.41707
TG(18:1_18:2_18:2),CTL,individual,4:9817424,4,9817424,8.011247e-10,SORBI_3004G104100,0.415568
TG(18:1_18:2_18:2),CTL,individual,4:9817424,4,9817424,8.011247e-10,SORBI_3004G103901,0.413939
TG(18:1_18:2_18:2),CTL,individual,4:9817424,4,9817424,8.011247e-10,SORBI_3004G103901,0.413351
TG(18:1_18:2_18:2),CTL,individual,4:9817424,4,9817424,8.011247e-10,SORBI_3004G104000,0.412457
TG(18:1_18:2_18:2),CTL,individual,4:9817424,4,9817424,8.011247e-10,SORBI_3004G104000,0.408998
TG(18:1_18:2_18:2),CTL,individual,4:9817424,4,9817424,8.011247e-10,SORBI_3004G103800,0.408733
TG(18:1_18:2_18:2),CTL,individual,4:9817424,4,9817424,8.011247e-10,SORBI_3004G104000,0.408612
TG(18:1_18:2_18:2),CTL,individual,4:9817424,4,9817424,8.011247e-10,SORBI_3004G104000,0.40617
TG(18:1_18:2_18:2),CTL,individual,4:9817424,4,9817424,8.011247e-10,SORBI_3004G104000,0.404276
TG(18:1_18:2_18:2),CTL,individual,4:9817424,4,9817424,8.011247e-10,SORBI_3004G104000,0.403032
TG(18:1_18:2_18:2),CTL,individual,6:36306314,6,36306314,8.945485e-10,SORBI_3006G049666,0.753192
TG(18:1_18:2_18:2),CTL,individual,4:9817140,4,9817140,9.641841e-10,SORBI_3004G104400,0.943548
TG(18:1_18:2_18:2),CTL,individual,4:9817140,4,9817140,9.641841e-10,SORBI_3004G104100,0.919045
TG(18:1_18:2_18:2),CTL,individual,4:9817140,4,9817140,9.641841e-10,SORBI_3004G104100,0.915522
TG(18:1_18:2_18:2),CTL,individual,4:9817140,4,9817140,9.641841e-10,SORBI_3004G104100,0.913081
TG(18:1_18:2_18:2),CTL,individual,4:9817140,4,9817140,9.641841e-10,SORBI_3004G104100,0.909197
TG(18:1_18:2_18:2),CTL,individual,4:9817140,4,9817140,9.641841e-10,SORBI_3004G104100,0.901026
TG(18:1_18:2_18:2),CTL,individual,4:9817140,4,9817140,9.641841e-10,SORBI_3004G104200,0.889634
TG(18:1_18:2_18:2),CTL,individual,4:9817140,4,9817140,9.641841e-10,SORBI_3004G104250,0.876437
TG(18:1_18:2_18:2),CTL,individual,4:9817140,4,9817140,9.641841e-10,SORBI_3004G104100,0.865818
TG(18:1_18:2_18:2),CTL,individual,4:9817140,4,9817140,9.641841e-10,SORBI_3004G104250,0.853978
TG(18:1_18:2_18:2),CTL,individual,4:9817140,4,9817140,9.641841e-10,SORBI_3004G104200,0.852346
TG(18:1_18:2_18:2),CTL,individual,4:9817140,4,9817140,9.641841e-10,SORBI_3004G104200,0.852302
TG(18:1_18:2_18:2),CTL,individual,4:9817140,4,9817140,9.641841e-10,SORBI_3004G104400,0.844907
TG(18:1_18:2_18:2),CTL,individual,4:9817140,4,9817140,9.641841e-10,SORBI_3004G104250,0.844375
TG(18:1_18:2_18:2),CTL,individual,4:9817140,4,9817140,9.641841e-10,SORBI_3004G104250,0.840579
TG(18:1_18:2_18:2),CTL,individual,4:9817140,4,9817140,9.641841e-10,SORBI_3004G104200,0.836895
TG(18:1_18:2_18:2),CTL,individual,4:9817140,4,9817140,9.641841e-10,SORBI_3004G104250,0.836895
TG(18:1_18:2_18:2),CTL,individual,4:9817140,4,9817140,9.641841e-10,SORBI_3004G104100,0.834495
TG(18:1_18:2_18:2),CTL,individual,4:9817140,4,9817140,9.641841e-10,SORBI_3004G104200,0.833039
TG(18:1_18:2_18:2),CTL,individual,4:9817140,4,9817140,9.641841e-10,SORBI_3004G104250,0.833039
TG(18:1_18:2_18:2),CTL,individual,4:9817140,4,9817140,9.641841e-10,SORBI_3004G104200,0.832364
TG(18:1_18:2_18:2),CTL,individual,4:9817140,4,9817140,9.641841e-10,SORBI_3004G104200,0.82572
TG(18:1_18:2_18:2),CTL,individual,4:9817140,4,9817140,9.641841e-10,SORBI_3004G104200,0.825652
TG(18:1_18:2_18:2),CTL,individual,4:9817140,4,9817140,9.641841e-10,SORBI_3004G104400,0.825523
TG(18:1_18:2_18:2),CTL,individual,4:9817140,4,9817140,9.641841e-10,SORBI_3004G104100,0.824603
TG(18:1_18:2_18:2),CTL,individual,4:9817140,4,9817140,9.641841e-10,SORBI_3004G103800,0.824419
TG(18:1_18:2_18:2),CTL,individual,4:9817140,4,9817140,9.641841e-10,SORBI_3004G104000,0.822373
TG(18:1_18:2_18:2),CTL,individual,4:9817140,4,9817140,9.641841e-10,SORBI_3004G104200,0.819314
TG(18:1_18:2_18:2),CTL,individual,4:9817140,4,9817140,9.641841e-10,SORBI_3004G104000,0.81807
TG(18:1_18:2_18:2),CTL,individual,4:9817140,4,9817140,9.641841e-10,SORBI_3004G104250,0.816899
TG(18:1_18:2_18:2),CTL,individual,4:9817140,4,9817140,9.641841e-10,SORBI_3004G104200,0.816245
TG(18:1_18:2_18:2),CTL,individual,4:9817140,4,9817140,9.641841e-10,SORBI_3004G104200,0.81123
TG(18:1_18:2_18:2),CTL,individual,4:9817140,4,9817140,9.641841e-10,SORBI_3004G104250,0.810953
TG(18:1_18:2_18:2),CTL,individual,4:9817140,4,9817140,9.641841e-10,SORBI_3004G104250,0.808963
TG(18:1_18:2_18:2),CTL,individual,4:9817140,4,9817140,9.641841e-10,SORBI_3004G104250,0.807609
TG(18:1_18:2_18:2),CTL,individual,4:9817140,4,9817140,9.641841e-10,SORBI_3004G104250,0.806535
TG(18:1_18:2_18:2),CTL,individual,4:9817140,4,9817140,9.641841e-10,SORBI_3004G103800,0.806364
TG(18:1_18:2_18:2),CTL,individual,4:9817140,4,9817140,9.641841e-10,SORBI_3004G104400,0.806253
TG(18:1_18:2_18:2),CTL,individual,4:9817140,4,9817140,9.641841e-10,SORBI_3004G104250,0.80617
TG(18:1_18:2_18:2),CTL,individual,4:9817140,4,9817140,9.641841e-10,SORBI_3004G104200,0.803737
TG(18:1_18:2_18:2),CTL,individual,4:9817140,4,9817140,9.641841e-10,SORBI_3004G104250,0.801499
TG(18:1_18:2_18:2),CTL,individual,4:9817140,4,9817140,9.641841e-10,SORBI_3004G104250,0.797611
TG(18:1_18:2_18:2),CTL,individual,4:9817140,4,9817140,9.641841e-10,SORBI_3004G104200,0.786911
TG(18:1_18:2_18:2),CTL,individual,4:9817140,4,9817140,9.641841e-10,SORBI_3004G104250,0.786617
TG(18:1_18:2_18:2),CTL,individual,4:9817140,4,9817140,9.641841e-10,SORBI_3004G104250,0.785229
TG(18:1_18:2_18:2),CTL,individual,4:9817140,4,9817140,9.641841e-10,SORBI_3004G104250,0.784734
TG(18:1_18:2_18:2),CTL,individual,4:9817140,4,9817140,9.641841e-10,SORBI_3004G104250,0.78188
TG(18:1_18:2_18:2),CTL,individual,4:9817140,4,9817140,9.641841e-10,SORBI_3004G104250,0.781537
TG(18:1_18:2_18:2),CTL,individual,4:9817140,4,9817140,9.641841e-10,SORBI_3004G104250,0.777897
TG(18:1_18:2_18:2),CTL,individual,4:9817140,4,9817140,9.641841e-10,SORBI_3004G104250,0.777619
TG(18:1_18:2_18:2),CTL,individual,4:9817140,4,9817140,9.641841e-10,SORBI_3004G104200,0.741264
TG(18:1_18:2_18:2),CTL,individual,4:9817140,4,9817140,9.641841e-10,SORBI_3004G104250,0.739919
TG(18:1_18:2_18:2),CTL,individual,4:9817140,4,9817140,9.641841e-10,SORBI_3004G103800,0.736654
TG(18:1_18:2_18:2),CTL,individual,4:9817140,4,9817140,9.641841e-10,SORBI_3004G104200,0.734419
TG(18:1_18:2_18:2),CTL,individual,4:9817140,4,9817140,9.641841e-10,SORBI_3004G104250,0.732676
TG(18:1_18:2_18:2),CTL,individual,4:9817140,4,9817140,9.641841e-10,SORBI_3004G104250,0.727175
TG(18:1_18:2_18:2),CTL,individual,4:9817140,4,9817140,9.641841e-10,SORBI_3004G104100,0.722568
TG(18:1_18:2_18:2),CTL,individual,4:9817140,4,9817140,9.641841e-10,SORBI_3004G104400,0.722186
TG(18:1_18:2_18:2),CTL,individual,4:9817140,4,9817140,9.641841e-10,SORBI_3004G104200,0.716685
TG(18:1_18:2_18:2),CTL,individual,4:9817140,4,9817140,9.641841e-10,SORBI_3004G104000,0.715075
TG(18:1_18:2_18:2),CTL,individual,4:9817140,4,9817140,9.641841e-10,SORBI_3004G104000,0.715013
TG(18:1_18:2_18:2),CTL,individual,4:9817140,4,9817140,9.641841e-10,SORBI_3004G104250,0.714514
TG(18:1_18:2_18:2),CTL,individual,4:9817140,4,9817140,9.641841e-10,SORBI_3004G104200,0.709382
TG(18:1_18:2_18:2),CTL,individual,4:9817140,4,9817140,9.641841e-10,SORBI_3004G104250,0.705121
TG(18:1_18:2_18:2),CTL,individual,4:9817140,4,9817140,9.641841e-10,SORBI_3004G104400,0.703028
TG(18:1_18:2_18:2),CTL,individual,4:9817140,4,9817140,9.641841e-10,SORBI_3004G104500,0.702947
TG(18:1_18:2_18:2),CTL,individual,4:9817140,4,9817140,9.641841e-10,SORBI_3004G104000,0.702817
TG(18:1_18:2_18:2),CTL,individual,4:9817140,4,9817140,9.641841e-10,SORBI_3004G104400,0.70248
TG(18:1_18:2_18:2),CTL,individual,4:9817140,4,9817140,9.641841e-10,SORBI_3004G104000,0.701291
TG(18:1_18:2_18:2),CTL,individual,4:9817140,4,9817140,9.641841e-10,SORBI_3004G104100,0.699914
TG(18:1_18:2_18:2),CTL,individual,4:9817140,4,9817140,9.641841e-10,SORBI_3004G104250,0.699124
TG(18:1_18:2_18:2),CTL,individual,4:9817140,4,9817140,9.641841e-10,SORBI_3004G103800,0.698774
TG(18:1_18:2_18:2),CTL,individual,4:9817140,4,9817140,9.641841e-10,SORBI_3004G104400,0.697494
TG(18:1_18:2_18:2),CTL,individual,4:9817140,4,9817140,9.641841e-10,SORBI_3004G103800,0.696844
TG(18:1_18:2_18:2),CTL,individual,4:9817140,4,9817140,9.641841e-10,SORBI_3004G104000,0.692872
TG(18:1_18:2_18:2),CTL,individual,4:9817140,4,9817140,9.641841e-10,SORBI_3004G104400,0.692599
TG(18:1_18:2_18:2),CTL,individual,4:9817140,4,9817140,9.641841e-10,SORBI_3004G104200,0.6902
TG(18:1_18:2_18:2),CTL,individual,4:9817140,4,9817140,9.641841e-10,SORBI_3004G103800,0.68725
TG(18:1_18:2_18:2),CTL,individual,4:9817140,4,9817140,9.641841e-10,SORBI_3004G104100,0.686813
TG(18:1_18:2_18:2),CTL,individual,4:9817140,4,9817140,9.641841e-10,SORBI_3004G104250,0.684822
TG(18:1_18:2_18:2),CTL,individual,4:9817140,4,9817140,9.641841e-10,SORBI_3004G104400,0.681201
TG(18:1_18:2_18:2),CTL,individual,4:9817140,4,9817140,9.641841e-10,SORBI_3004G103800,0.675354
TG(18:1_18:2_18:2),CTL,individual,4:9817140,4,9817140,9.641841e-10,SORBI_3004G104100,0.674968
TG(18:1_18:2_18:2),CTL,individual,4:9817140,4,9817140,9.641841e-10,SORBI_3004G103901,0.67185
TG(18:1_18:2_18:2),CTL,individual,4:9817140,4,9817140,9.641841e-10,SORBI_3004G104200,0.67064
TG(18:1_18:2_18:2),CTL,individual,4:9817140,4,9817140,9.641841e-10,SORBI_3004G104000,0.668888
TG(18:1_18:2_18:2),CTL,individual,4:9817140,4,9817140,9.641841e-10,SORBI_3004G104000,0.668475
TG(18:1_18:2_18:2),CTL,individual,4:9817140,4,9817140,9.641841e-10,SORBI_3004G103800,0.666933
TG(18:1_18:2_18:2),CTL,individual,4:9817140,4,9817140,9.641841e-10,SORBI_3004G104000,0.66621
TG(18:1_18:2_18:2),CTL,individual,4:9817140,4,9817140,9.641841e-10,SORBI_3004G104000,0.662802
TG(18:1_18:2_18:2),CTL,individual,4:9817140,4,9817140,9.641841e-10,SORBI_3004G104200,0.656105
TG(18:1_18:2_18:2),CTL,individual,4:9817140,4,9817140,9.641841e-10,SORBI_3004G104000,0.655208
TG(18:1_18:2_18:2),CTL,individual,4:9817140,4,9817140,9.641841e-10,SORBI_3004G104100,0.652973
TG(18:1_18:2_18:2),CTL,individual,4:9817140,4,9817140,9.641841e-10,SORBI_3004G104200,0.652667
TG(18:1_18:2_18:2),CTL,individual,4:9817140,4,9817140,9.641841e-10,SORBI_3004G104000,0.652494
TG(18:1_18:2_18:2),CTL,individual,4:9817140,4,9817140,9.641841e-10,SORBI_3004G103901,0.651838
TG(18:1_18:2_18:2),CTL,individual,4:9817140,4,9817140,9.641841e-10,SORBI_3004G104000,0.649716
TG(18:1_18:2_18:2),CTL,individual,4:9817140,4,9817140,9.641841e-10,SORBI_3004G104000,0.649576
TG(18:1_18:2_18:2),CTL,individual,4:9817140,4,9817140,9.641841e-10,SORBI_3004G104400,0.64391
TG(18:1_18:2_18:2),CTL,individual,4:9817140,4,9817140,9.641841e-10,SORBI_3004G104400,0.64382
TG(18:1_18:2_18:2),CTL,individual,4:9817140,4,9817140,9.641841e-10,SORBI_3004G104250,0.64311
TG(18:1_18:2_18:2),CTL,individual,4:9817140,4,9817140,9.641841e-10,SORBI_3004G104100,0.642299
TG(18:1_18:2_18:2),CTL,individual,4:9817140,4,9817140,9.641841e-10,SORBI_3004G103901,0.641548
TG(18:1_18:2_18:2),CTL,individual,4:9817140,4,9817140,9.641841e-10,SORBI_3004G104200,0.641524
TG(18:1_18:2_18:2),CTL,individual,4:9817140,4,9817140,9.641841e-10,SORBI_3004G103901,0.641205
TG(18:1_18:2_18:2),CTL,individual,4:9817140,4,9817140,9.641841e-10,SORBI_3004G104000,0.637563
TG(18:1_18:2_18:2),CTL,individual,4:9817140,4,9817140,9.641841e-10,SORBI_3004G104100,0.637246
TG(18:1_18:2_18:2),CTL,individual,4:9817140,4,9817140,9.641841e-10,SORBI_3004G104400,0.636103
TG(18:1_18:2_18:2),CTL,individual,4:9817140,4,9817140,9.641841e-10,SORBI_3004G104200,0.631674
TG(18:1_18:2_18:2),CTL,individual,4:9817140,4,9817140,9.641841e-10,SORBI_3004G104000,0.631632
TG(18:1_18:2_18:2),CTL,individual,4:9817140,4,9817140,9.641841e-10,SORBI_3004G103700,0.627449
TG(18:1_18:2_18:2),CTL,individual,4:9817140,4,9817140,9.641841e-10,SORBI_3004G104100,0.627449
TG(18:1_18:2_18:2),CTL,individual,4:9817140,4,9817140,9.641841e-10,SORBI_3004G104200,0.626617
TG(18:1_18:2_18:2),CTL,individual,4:9817140,4,9817140,9.641841e-10,SORBI_3004G104100,0.625591
TG(18:1_18:2_18:2),CTL,individual,4:9817140,4,9817140,9.641841e-10,SORBI_3004G103901,0.624007
TG(18:1_18:2_18:2),CTL,individual,4:9817140,4,9817140,9.641841e-10,SORBI_3004G104000,0.622824
TG(18:1_18:2_18:2),CTL,individual,4:9817140,4,9817140,9.641841e-10,SORBI_3004G103700,0.622122
TG(18:1_18:2_18:2),CTL,individual,4:9817140,4,9817140,9.641841e-10,SORBI_3004G104100,0.622122
TG(18:1_18:2_18:2),CTL,individual,4:9817140,4,9817140,9.641841e-10,SORBI_3004G104250,0.622045
TG(18:1_18:2_18:2),CTL,individual,4:9817140,4,9817140,9.641841e-10,SORBI_3004G104000,0.621093
TG(18:1_18:2_18:2),CTL,individual,4:9817140,4,9817140,9.641841e-10,SORBI_3004G104400,0.620989
TG(18:1_18:2_18:2),CTL,individual,4:9817140,4,9817140,9.641841e-10,SORBI_3004G103800,0.620939
TG(18:1_18:2_18:2),CTL,individual,4:9817140,4,9817140,9.641841e-10,SORBI_3004G103800,0.618249
TG(18:1_18:2_18:2),CTL,individual,4:9817140,4,9817140,9.641841e-10,SORBI_3004G103700,0.617411
TG(18:1_18:2_18:2),CTL,individual,4:9817140,4,9817140,9.641841e-10,SORBI_3004G103700,0.616872
TG(18:1_18:2_18:2),CTL,individual,4:9817140,4,9817140,9.641841e-10,SORBI_3004G104000,0.616158
TG(18:1_18:2_18:2),CTL,individual,4:9817140,4,9817140,9.641841e-10,SORBI_3004G104000,0.616092
TG(18:1_18:2_18:2),CTL,individual,4:9817140,4,9817140,9.641841e-10,SORBI_3004G104200,0.614906
TG(18:1_18:2_18:2),CTL,individual,4:9817140,4,9817140,9.641841e-10,SORBI_3004G104000,0.611869
TG(18:1_18:2_18:2),CTL,individual,4:9817140,4,9817140,9.641841e-10,SORBI_3004G104000,0.610764
TG(18:1_18:2_18:2),CTL,individual,4:9817140,4,9817140,9.641841e-10,SORBI_3004G103901,0.608629
TG(18:1_18:2_18:2),CTL,individual,4:9817140,4,9817140,9.641841e-10,SORBI_3004G103700,0.606845
TG(18:1_18:2_18:2),CTL,individual,4:9817140,4,9817140,9.641841e-10,SORBI_3004G103700,0.606595
TG(18:1_18:2_18:2),CTL,individual,4:9817140,4,9817140,9.641841e-10,SORBI_3004G103901,0.606061
TG(18:1_18:2_18:2),CTL,individual,4:9817140,4,9817140,9.641841e-10,SORBI_3004G104000,0.605672
TG(18:1_18:2_18:2),CTL,individual,4:9817140,4,9817140,9.641841e-10,SORBI_3004G104000,0.600564
TG(18:1_18:2_18:2),CTL,individual,4:9817140,4,9817140,9.641841e-10,SORBI_3004G104000,0.597149
TG(18:1_18:2_18:2),CTL,individual,4:9817140,4,9817140,9.641841e-10,SORBI_3004G103800,0.595466
TG(18:1_18:2_18:2),CTL,individual,4:9817140,4,9817140,9.641841e-10,SORBI_3004G104000,0.592303
TG(18:1_18:2_18:2),CTL,individual,4:9817140,4,9817140,9.641841e-10,SORBI_3004G104000,0.590902
TG(18:1_18:2_18:2),CTL,individual,4:9817140,4,9817140,9.641841e-10,SORBI_3004G104000,0.589131
TG(18:1_18:2_18:2),CTL,individual,4:9817140,4,9817140,9.641841e-10,SORBI_3004G104000,0.588128
TG(18:1_18:2_18:2),CTL,individual,4:9817140,4,9817140,9.641841e-10,SORBI_3004G104000,0.58369
TG(18:1_18:2_18:2),CTL,individual,4:9817140,4,9817140,9.641841e-10,SORBI_3004G103800,0.58366
TG(18:1_18:2_18:2),CTL,individual,4:9817140,4,9817140,9.641841e-10,SORBI_3004G103800,0.58262
TG(18:1_18:2_18:2),CTL,individual,4:9817140,4,9817140,9.641841e-10,SORBI_3004G104300,0.582368
TG(18:1_18:2_18:2),CTL,individual,4:9817140,4,9817140,9.641841e-10,SORBI_3004G104200,0.581292
TG(18:1_18:2_18:2),CTL,individual,4:9817140,4,9817140,9.641841e-10,SORBI_3004G104200,0.580957
TG(18:1_18:2_18:2),CTL,individual,4:9817140,4,9817140,9.641841e-10,SORBI_3004G104000,0.580717
TG(18:1_18:2_18:2),CTL,individual,4:9817140,4,9817140,9.641841e-10,SORBI_3004G104000,0.578629
TG(18:1_18:2_18:2),CTL,individual,4:9817140,4,9817140,9.641841e-10,SORBI_3004G104300,0.578281
TG(18:1_18:2_18:2),CTL,individual,4:9817140,4,9817140,9.641841e-10,SORBI_3004G104000,0.577762
TG(18:1_18:2_18:2),CTL,individual,4:9817140,4,9817140,9.641841e-10,SORBI_3004G104000,0.57748
TG(18:1_18:2_18:2),CTL,individual,4:9817140,4,9817140,9.641841e-10,SORBI_3004G104000,0.574925
TG(18:1_18:2_18:2),CTL,individual,4:9817140,4,9817140,9.641841e-10,SORBI_3004G104000,0.572848
TG(18:1_18:2_18:2),CTL,individual,4:9817140,4,9817140,9.641841e-10,SORBI_3004G103901,0.570435
TG(18:1_18:2_18:2),CTL,individual,4:9817140,4,9817140,9.641841e-10,SORBI_3004G104000,0.570435
TG(18:1_18:2_18:2),CTL,individual,4:9817140,4,9817140,9.641841e-10,SORBI_3004G104000,0.566685
TG(18:1_18:2_18:2),CTL,individual,4:9817140,4,9817140,9.641841e-10,SORBI_3004G104000,0.564837
TG(18:1_18:2_18:2),CTL,individual,4:9817140,4,9817140,9.641841e-10,SORBI_3004G104000,0.560458
TG(18:1_18:2_18:2),CTL,individual,4:9817140,4,9817140,9.641841e-10,SORBI_3004G104000,0.557338
TG(18:1_18:2_18:2),CTL,individual,4:9817140,4,9817140,9.641841e-10,SORBI_3004G104000,0.554383
TG(18:1_18:2_18:2),CTL,individual,4:9817140,4,9817140,9.641841e-10,SORBI_3004G104000,0.552971
TG(18:1_18:2_18:2),CTL,individual,4:9817140,4,9817140,9.641841e-10,SORBI_3004G104000,0.55195
TG(18:1_18:2_18:2),CTL,individual,4:9817140,4,9817140,9.641841e-10,SORBI_3004G104200,0.550276
TG(18:1_18:2_18:2),CTL,individual,4:9817140,4,9817140,9.641841e-10,SORBI_3004G104200,0.550026
TG(18:1_18:2_18:2),CTL,individual,4:9817140,4,9817140,9.641841e-10,SORBI_3004G104200,0.543175
TG(18:1_18:2_18:2),CTL,individual,4:9817140,4,9817140,9.641841e-10,SORBI_3004G104300,0.53951
TG(18:1_18:2_18:2),CTL,individual,4:9817140,4,9817140,9.641841e-10,SORBI_3004G104100,0.536387
TG(18:1_18:2_18:2),CTL,individual,4:9817140,4,9817140,9.641841e-10,SORBI_3004G104200,0.536018
TG(18:1_18:2_18:2),CTL,individual,4:9817140,4,9817140,9.641841e-10,SORBI_3004G104100,0.535285
TG(18:1_18:2_18:2),CTL,individual,4:9817140,4,9817140,9.641841e-10,SORBI_3004G104000,0.533164
TG(18:1_18:2_18:2),CTL,individual,4:9817140,4,9817140,9.641841e-10,SORBI_3004G104100,0.531574
TG(18:1_18:2_18:2),CTL,individual,4:9817140,4,9817140,9.641841e-10,SORBI_3004G104400,0.529074
TG(18:1_18:2_18:2),CTL,individual,4:9817140,4,9817140,9.641841e-10,SORBI_3004G104250,0.526355
TG(18:1_18:2_18:2),CTL,individual,4:9817140,4,9817140,9.641841e-10,SORBI_3004G104100,0.524938
TG(18:1_18:2_18:2),CTL,individual,4:9817140,4,9817140,9.641841e-10,SORBI_3004G104100,0.524634
TG(18:1_18:2_18:2),CTL,individual,4:9817140,4,9817140,9.641841e-10,SORBI_3004G104200,0.522416
TG(18:1_18:2_18:2),CTL,individual,4:9817140,4,9817140,9.641841e-10,SORBI_3004G104200,0.522019
TG(18:1_18:2_18:2),CTL,individual,4:9817140,4,9817140,9.641841e-10,SORBI_3004G104250,0.522019
TG(18:1_18:2_18:2),CTL,individual,4:9817140,4,9817140,9.641841e-10,SORBI_3004G104200,0.52192
TG(18:1_18:2_18:2),CTL,individual,4:9817140,4,9817140,9.641841e-10,SORBI_3004G104250,0.520747
TG(18:1_18:2_18:2),CTL,individual,4:9817140,4,9817140,9.641841e-10,SORBI_3004G104200,0.517776
TG(18:1_18:2_18:2),CTL,individual,4:9817140,4,9817140,9.641841e-10,SORBI_3004G104250,0.517677
TG(18:1_18:2_18:2),CTL,individual,4:9817140,4,9817140,9.641841e-10,SORBI_3004G104250,0.516317
TG(18:1_18:2_18:2),CTL,individual,4:9817140,4,9817140,9.641841e-10,SORBI_3004G104200,0.513633
TG(18:1_18:2_18:2),CTL,individual,4:9817140,4,9817140,9.641841e-10,SORBI_3004G104000,0.513172
TG(18:1_18:2_18:2),CTL,individual,4:9817140,4,9817140,9.641841e-10,SORBI_3004G103800,0.512359
TG(18:1_18:2_18:2),CTL,individual,4:9817140,4,9817140,9.641841e-10,SORBI_3004G104100,0.512116
TG(18:1_18:2_18:2),CTL,individual,4:9817140,4,9817140,9.641841e-10,SORBI_3004G104250,0.507638
TG(18:1_18:2_18:2),CTL,individual,4:9817140,4,9817140,9.641841e-10,SORBI_3004G104200,0.507236
TG(18:1_18:2_18:2),CTL,individual,4:9817140,4,9817140,9.641841e-10,SORBI_3004G104250,0.506279
TG(18:1_18:2_18:2),CTL,individual,4:9817140,4,9817140,9.641841e-10,SORBI_3004G104250,0.505679
TG(18:1_18:2_18:2),CTL,individual,4:9817140,4,9817140,9.641841e-10,SORBI_3004G104000,0.503046
TG(18:1_18:2_18:2),CTL,individual,4:9817140,4,9817140,9.641841e-10,SORBI_3004G103800,0.501932
TG(18:1_18:2_18:2),CTL,individual,4:9817140,4,9817140,9.641841e-10,SORBI_3004G104200,0.501816
TG(18:1_18:2_18:2),CTL,individual,4:9817140,4,9817140,9.641841e-10,SORBI_3004G104600,0.50075
TG(18:1_18:2_18:2),CTL,individual,4:9817140,4,9817140,9.641841e-10,SORBI_3004G104000,0.500605
TG(18:1_18:2_18:2),CTL,individual,4:9817140,4,9817140,9.641841e-10,SORBI_3004G104200,0.497008
TG(18:1_18:2_18:2),CTL,individual,4:9817140,4,9817140,9.641841e-10,SORBI_3004G104300,0.495739
TG(18:1_18:2_18:2),CTL,individual,4:9817140,4,9817140,9.641841e-10,SORBI_3004G104000,0.493627
TG(18:1_18:2_18:2),CTL,individual,4:9817140,4,9817140,9.641841e-10,SORBI_3004G103700,0.491304
TG(18:1_18:2_18:2),CTL,individual,4:9817140,4,9817140,9.641841e-10,SORBI_3004G104200,0.490951
TG(18:1_18:2_18:2),CTL,individual,4:9817140,4,9817140,9.641841e-10,SORBI_3004G103800,0.490865
TG(18:1_18:2_18:2),CTL,individual,4:9817140,4,9817140,9.641841e-10,SORBI_3004G103700,0.486713
TG(18:1_18:2_18:2),CTL,individual,4:9817140,4,9817140,9.641841e-10,SORBI_3004G104400,0.479965
TG(18:1_18:2_18:2),CTL,individual,4:9817140,4,9817140,9.641841e-10,SORBI_3004G104250,0.478657
TG(18:1_18:2_18:2),CTL,individual,4:9817140,4,9817140,9.641841e-10,SORBI_3004G104250,0.477505
TG(18:1_18:2_18:2),CTL,individual,4:9817140,4,9817140,9.641841e-10,SORBI_3004G104250,0.475608
TG(18:1_18:2_18:2),CTL,individual,4:9817140,4,9817140,9.641841e-10,SORBI_3004G104250,0.471722
TG(18:1_18:2_18:2),CTL,individual,4:9817140,4,9817140,9.641841e-10,SORBI_3004G104250,0.464413
TG(18:1_18:2_18:2),CTL,individual,4:9817140,4,9817140,9.641841e-10,SORBI_3004G104250,0.461867
TG(18:1_18:2_18:2),CTL,individual,4:9817140,4,9817140,9.641841e-10,SORBI_3004G104250,0.460361
TG(18:1_18:2_18:2),CTL,individual,4:9817140,4,9817140,9.641841e-10,SORBI_3004G104000,0.453585
TG(18:1_18:2_18:2),CTL,individual,4:9817140,4,9817140,9.641841e-10,SORBI_3004G104300,0.448672
TG(18:1_18:2_18:2),CTL,individual,4:9817140,4,9817140,9.641841e-10,SORBI_3004G104250,0.448647
TG(18:1_18:2_18:2),CTL,individual,4:9817140,4,9817140,9.641841e-10,SORBI_3004G103700,0.444615
TG(18:1_18:2_18:2),CTL,individual,4:9817140,4,9817140,9.641841e-10,SORBI_3004G104200,0.442386
TG(18:1_18:2_18:2),CTL,individual,4:9817140,4,9817140,9.641841e-10,SORBI_3004G104300,0.434719
TG(18:1_18:2_18:2),CTL,individual,4:9817140,4,9817140,9.641841e-10,SORBI_3004G103700,0.430433
TG(18:1_18:2_18:2),CTL,individual,4:9817140,4,9817140,9.641841e-10,SORBI_3004G104200,0.428619
TG(18:1_18:2_18:2),CTL,individual,4:9817140,4,9817140,9.641841e-10,SORBI_3004G104300,0.428396
TG(18:1_18:2_18:2),CTL,individual,4:9817140,4,9817140,9.641841e-10,SORBI_3004G103700,0.425555
TG(18:1_18:2_18:2),CTL,individual,4:9817140,4,9817140,9.641841e-10,SORBI_3004G104000,0.423742
TG(18:1_18:2_18:2),CTL,individual,4:9817140,4,9817140,9.641841e-10,SORBI_3004G103700,0.420786
TG(18:1_18:2_18:2),CTL,individual,4:9817140,4,9817140,9.641841e-10,SORBI_3004G104250,0.420246
TG(18:1_18:2_18:2),CTL,individual,4:9817140,4,9817140,9.641841e-10,SORBI_3004G103700,0.419369
TG(18:1_18:2_18:2),CTL,individual,4:9817140,4,9817140,9.641841e-10,SORBI_3004G103700,0.417937
TG(18:1_18:2_18:2),CTL,individual,4:9817140,4,9817140,9.641841e-10,SORBI_3004G103700,0.416464
TG(18:1_18:2_18:2),CTL,individual,4:9817140,4,9817140,9.641841e-10,SORBI_3004G103700,0.415118
TG(18:1_18:2_18:2),CTL,individual,4:9817140,4,9817140,9.641841e-10,SORBI_3004G103700,0.414921
TG(18:1_18:2_18:2),CTL,individual,4:9817140,4,9817140,9.641841e-10,SORBI_3004G104000,0.414621
TG(18:1_18:2_18:2),CTL,individual,4:9817140,4,9817140,9.641841e-10,SORBI_3004G103700,0.413831
TG(18:1_18:2_18:2),CTL,individual,4:9817140,4,9817140,9.641841e-10,SORBI_3004G103700,0.413318
TG(18:1_18:2_18:2),CTL,individual,4:9817140,4,9817140,9.641841e-10,SORBI_3004G103700,0.413196
TG(18:1_18:2_18:2),CTL,individual,4:9817140,4,9817140,9.641841e-10,SORBI_3004G103700,0.412329
TG(18:1_18:2_18:2),CTL,individual,4:9817140,4,9817140,9.641841e-10,SORBI_3004G103700,0.411842
TG(18:1_18:2_18:2),CTL,individual,4:9817140,4,9817140,9.641841e-10,SORBI_3004G103700,0.411744
TG(18:1_18:2_18:2),CTL,individual,4:9817140,4,9817140,9.641841e-10,SORBI_3004G103700,0.410836
TG(18:1_18:2_18:2),CTL,individual,4:9817140,4,9817140,9.641841e-10,SORBI_3004G103700,0.410542
TG(18:1_18:2_18:2),CTL,individual,4:9817140,4,9817140,9.641841e-10,SORBI_3004G103700,0.41028
TG(18:1_18:2_18:2),CTL,individual,4:9817140,4,9817140,9.641841e-10,SORBI_3004G104000,0.408718
TG(18:1_18:2_18:2),CTL,individual,4:9817140,4,9817140,9.641841e-10,SORBI_3004G103700,0.407796
TG(18:1_18:2_18:2),CTL,individual,4:9817140,4,9817140,9.641841e-10,SORBI_3004G104000,0.407307
TG(18:1_18:2_18:2),CTL,individual,4:9817140,4,9817140,9.641841e-10,SORBI_3004G104400,0.406144
TG(18:1_18:2_18:2),CTL,individual,4:9817140,4,9817140,9.641841e-10,SORBI_3004G103700,0.406118
TG(18:1_18:2_18:2),CTL,individual,4:9817140,4,9817140,9.641841e-10,SORBI_3004G103700,0.405564
TG(18:1_18:2_18:2),CTL,individual,4:9817140,4,9817140,9.641841e-10,SORBI_3004G103700,0.401592
TG(18:1_18:2_18:2),CTL,individual,4:9817140,4,9817140,9.641841e-10,SORBI_3004G103700,0.400684
TG(18:1_18:2_18:2),CTL,individual,6:25299762,6,25299762,1.088266e-09,SORBI_3006G040500,0.418403
TG(18:1_18:2_18:2),CTL,individual,6:25299762,6,25299762,1.088266e-09,SORBI_3006G040500,0.416121
TG(18:1_18:2_18:2),CTL,individual,6:25299762,6,25299762,1.088266e-09,SORBI_3006G040500,0.404217
TG(18:1_18:2_18:2),CTL,individual,6:25299762,6,25299762,1.088266e-09,SORBI_3006G040500,0.402824
TG(18:1_18:2_18:2),CTL,individual,6:25299762,6,25299762,1.088266e-09,SORBI_3006G040500,0.402499
TG(18:1_18:2_18:2),CTL,individual,6:25299762,6,25299762,1.088266e-09,SORBI_3006G040500,0.401968
TG(18:1_18:2_18:2),CTL,individual,6:35125029,6,35125029,1.110508e-09,SORBI_3006G048775,0.926925
TG(18:1_18:2_18:2),CTL,individual,6:35125029,6,35125029,1.110508e-09,SORBI_3006G048775,0.909395
TG(18:1_18:2_18:2),CTL,individual,6:35125029,6,35125029,1.110508e-09,SORBI_3006G048775,0.892404
TG(18:1_18:2_18:2),CTL,individual,6:35125029,6,35125029,1.110508e-09,SORBI_3006G048775,0.884874
TG(18:1_18:2_18:2),CTL,individual,6:35125029,6,35125029,1.110508e-09,SORBI_3006G048775,0.858428
TG(18:1_18:2_18:2),CTL,individual,4:9817865,4,9817865,1.366388e-09,SORBI_3004G104200,0.835871
TG(18:1_18:2_18:2),CTL,individual,4:9817865,4,9817865,1.366388e-09,SORBI_3004G104200,0.799435
TG(18:1_18:2_18:2),CTL,individual,4:9817865,4,9817865,1.366388e-09,SORBI_3004G104100,0.784834
TG(18:1_18:2_18:2),CTL,individual,4:9817865,4,9817865,1.366388e-09,SORBI_3004G104200,0.77868
TG(18:1_18:2_18:2),CTL,individual,4:9817865,4,9817865,1.366388e-09,SORBI_3004G104200,0.778444
TG(18:1_18:2_18:2),CTL,individual,4:9817865,4,9817865,1.366388e-09,SORBI_3004G104200,0.772447
TG(18:1_18:2_18:2),CTL,individual,4:9817865,4,9817865,1.366388e-09,SORBI_3004G104200,0.768916
TG(18:1_18:2_18:2),CTL,individual,4:9817865,4,9817865,1.366388e-09,SORBI_3004G104100,0.760227
TG(18:1_18:2_18:2),CTL,individual,4:9817865,4,9817865,1.366388e-09,SORBI_3004G104200,0.7558
TG(18:1_18:2_18:2),CTL,individual,4:9817865,4,9817865,1.366388e-09,SORBI_3004G104200,0.753713
TG(18:1_18:2_18:2),CTL,individual,4:9817865,4,9817865,1.366388e-09,SORBI_3004G104400,0.748244
TG(18:1_18:2_18:2),CTL,individual,4:9817865,4,9817865,1.366388e-09,SORBI_3004G104100,0.748058
TG(18:1_18:2_18:2),CTL,individual,4:9817865,4,9817865,1.366388e-09,SORBI_3004G104200,0.745554
TG(18:1_18:2_18:2),CTL,individual,4:9817865,4,9817865,1.366388e-09,SORBI_3004G104250,0.736487
TG(18:1_18:2_18:2),CTL,individual,4:9817865,4,9817865,1.366388e-09,SORBI_3004G104200,0.735316
TG(18:1_18:2_18:2),CTL,individual,4:9817865,4,9817865,1.366388e-09,SORBI_3004G104250,0.735316
TG(18:1_18:2_18:2),CTL,individual,4:9817865,4,9817865,1.366388e-09,SORBI_3004G104250,0.733941
TG(18:1_18:2_18:2),CTL,individual,4:9817865,4,9817865,1.366388e-09,SORBI_3004G104200,0.733085
TG(18:1_18:2_18:2),CTL,individual,4:9817865,4,9817865,1.366388e-09,SORBI_3004G104250,0.733082
TG(18:1_18:2_18:2),CTL,individual,4:9817865,4,9817865,1.366388e-09,SORBI_3004G104200,0.732769
TG(18:1_18:2_18:2),CTL,individual,4:9817865,4,9817865,1.366388e-09,SORBI_3004G104250,0.732195
TG(18:1_18:2_18:2),CTL,individual,4:9817865,4,9817865,1.366388e-09,SORBI_3004G104100,0.731414
TG(18:1_18:2_18:2),CTL,individual,4:9817865,4,9817865,1.366388e-09,SORBI_3004G104200,0.731348
TG(18:1_18:2_18:2),CTL,individual,4:9817865,4,9817865,1.366388e-09,SORBI_3004G104100,0.730319
TG(18:1_18:2_18:2),CTL,individual,4:9817865,4,9817865,1.366388e-09,SORBI_3004G104200,0.730068
TG(18:1_18:2_18:2),CTL,individual,4:9817865,4,9817865,1.366388e-09,SORBI_3004G104200,0.730002
TG(18:1_18:2_18:2),CTL,individual,4:9817865,4,9817865,1.366388e-09,SORBI_3004G104250,0.729911
TG(18:1_18:2_18:2),CTL,individual,4:9817865,4,9817865,1.366388e-09,SORBI_3004G104200,0.728935
TG(18:1_18:2_18:2),CTL,individual,4:9817865,4,9817865,1.366388e-09,SORBI_3004G104250,0.728935
TG(18:1_18:2_18:2),CTL,individual,4:9817865,4,9817865,1.366388e-09,SORBI_3004G104000,0.728566
TG(18:1_18:2_18:2),CTL,individual,4:9817865,4,9817865,1.366388e-09,SORBI_3004G104250,0.726589
TG(18:1_18:2_18:2),CTL,individual,4:9817865,4,9817865,1.366388e-09,SORBI_3004G104100,0.726251
TG(18:1_18:2_18:2),CTL,individual,4:9817865,4,9817865,1.366388e-09,SORBI_3004G104400,0.725325
TG(18:1_18:2_18:2),CTL,individual,4:9817865,4,9817865,1.366388e-09,SORBI_3004G104100,0.723527
TG(18:1_18:2_18:2),CTL,individual,4:9817865,4,9817865,1.366388e-09,SORBI_3004G104250,0.722612
TG(18:1_18:2_18:2),CTL,individual,4:9817865,4,9817865,1.366388e-09,SORBI_3004G104200,0.718312
TG(18:1_18:2_18:2),CTL,individual,4:9817865,4,9817865,1.366388e-09,SORBI_3004G104200,0.718217
TG(18:1_18:2_18:2),CTL,individual,4:9817865,4,9817865,1.366388e-09,SORBI_3004G104200,0.718121
TG(18:1_18:2_18:2),CTL,individual,4:9817865,4,9817865,1.366388e-09,SORBI_3004G104250,0.716809
TG(18:1_18:2_18:2),CTL,individual,4:9817865,4,9817865,1.366388e-09,SORBI_3004G104250,0.716543
TG(18:1_18:2_18:2),CTL,individual,4:9817865,4,9817865,1.366388e-09,SORBI_3004G104200,0.716351
TG(18:1_18:2_18:2),CTL,individual,4:9817865,4,9817865,1.366388e-09,SORBI_3004G104200,0.716344
TG(18:1_18:2_18:2),CTL,individual,4:9817865,4,9817865,1.366388e-09,SORBI_3004G104100,0.712014
TG(18:1_18:2_18:2),CTL,individual,4:9817865,4,9817865,1.366388e-09,SORBI_3004G104250,0.711958
TG(18:1_18:2_18:2),CTL,individual,4:9817865,4,9817865,1.366388e-09,SORBI_3004G104250,0.710972
TG(18:1_18:2_18:2),CTL,individual,4:9817865,4,9817865,1.366388e-09,SORBI_3004G104250,0.710773
TG(18:1_18:2_18:2),CTL,individual,4:9817865,4,9817865,1.366388e-09,SORBI_3004G104250,0.706899
TG(18:1_18:2_18:2),CTL,individual,4:9817865,4,9817865,1.366388e-09,SORBI_3004G104250,0.706659
TG(18:1_18:2_18:2),CTL,individual,4:9817865,4,9817865,1.366388e-09,SORBI_3004G104400,0.70254
TG(18:1_18:2_18:2),CTL,individual,4:9817865,4,9817865,1.366388e-09,SORBI_3004G104200,0.698359
TG(18:1_18:2_18:2),CTL,individual,4:9817865,4,9817865,1.366388e-09,SORBI_3004G104200,0.697224
TG(18:1_18:2_18:2),CTL,individual,4:9817865,4,9817865,1.366388e-09,SORBI_3004G104250,0.695631
TG(18:1_18:2_18:2),CTL,individual,4:9817865,4,9817865,1.366388e-09,SORBI_3004G104200,0.695378
TG(18:1_18:2_18:2),CTL,individual,4:9817865,4,9817865,1.366388e-09,SORBI_3004G104200,0.695328
TG(18:1_18:2_18:2),CTL,individual,4:9817865,4,9817865,1.366388e-09,SORBI_3004G104250,0.693528
TG(18:1_18:2_18:2),CTL,individual,4:9817865,4,9817865,1.366388e-09,SORBI_3004G104100,0.693091
TG(18:1_18:2_18:2),CTL,individual,4:9817865,4,9817865,1.366388e-09,SORBI_3004G104200,0.690648
TG(18:1_18:2_18:2),CTL,individual,4:9817865,4,9817865,1.366388e-09,SORBI_3004G104250,0.689198
TG(18:1_18:2_18:2),CTL,individual,4:9817865,4,9817865,1.366388e-09,SORBI_3004G104250,0.687689
TG(18:1_18:2_18:2),CTL,individual,4:9817865,4,9817865,1.366388e-09,SORBI_3004G104100,0.687638
TG(18:1_18:2_18:2),CTL,individual,4:9817865,4,9817865,1.366388e-09,SORBI_3004G104200,0.682601
TG(18:1_18:2_18:2),CTL,individual,4:9817865,4,9817865,1.366388e-09,SORBI_3004G104250,0.68138
TG(18:1_18:2_18:2),CTL,individual,4:9817865,4,9817865,1.366388e-09,SORBI_3004G104200,0.673677
TG(18:1_18:2_18:2),CTL,individual,4:9817865,4,9817865,1.366388e-09,SORBI_3004G104250,0.670247
TG(18:1_18:2_18:2),CTL,individual,4:9817865,4,9817865,1.366388e-09,SORBI_3004G104250,0.667229
TG(18:1_18:2_18:2),CTL,individual,4:9817865,4,9817865,1.366388e-09,SORBI_3004G104200,0.663264
TG(18:1_18:2_18:2),CTL,individual,4:9817865,4,9817865,1.366388e-09,SORBI_3004G104100,0.662543
TG(18:1_18:2_18:2),CTL,individual,4:9817865,4,9817865,1.366388e-09,SORBI_3004G104400,0.658228
TG(18:1_18:2_18:2),CTL,individual,4:9817865,4,9817865,1.366388e-09,SORBI_3004G104100,0.654655
TG(18:1_18:2_18:2),CTL,individual,4:9817865,4,9817865,1.366388e-09,SORBI_3004G104400,0.651411
TG(18:1_18:2_18:2),CTL,individual,4:9817865,4,9817865,1.366388e-09,SORBI_3004G104250,0.647641
TG(18:1_18:2_18:2),CTL,individual,4:9817865,4,9817865,1.366388e-09,SORBI_3004G104250,0.643734
TG(18:1_18:2_18:2),CTL,individual,4:9817865,4,9817865,1.366388e-09,SORBI_3004G104250,0.643714
TG(18:1_18:2_18:2),CTL,individual,4:9817865,4,9817865,1.366388e-09,SORBI_3004G104200,0.642848
TG(18:1_18:2_18:2),CTL,individual,4:9817865,4,9817865,1.366388e-09,SORBI_3004G104250,0.640321
TG(18:1_18:2_18:2),CTL,individual,4:9817865,4,9817865,1.366388e-09,SORBI_3004G104200,0.63843
TG(18:1_18:2_18:2),CTL,individual,4:9817865,4,9817865,1.366388e-09,SORBI_3004G104250,0.63843
TG(18:1_18:2_18:2),CTL,individual,4:9817865,4,9817865,1.366388e-09,SORBI_3004G104200,0.638358
TG(18:1_18:2_18:2),CTL,individual,4:9817865,4,9817865,1.366388e-09,SORBI_3004G104250,0.637465
TG(18:1_18:2_18:2),CTL,individual,4:9817865,4,9817865,1.366388e-09,SORBI_3004G104200,0.636556
TG(18:1_18:2_18:2),CTL,individual,4:9817865,4,9817865,1.366388e-09,SORBI_3004G104250,0.635623
TG(18:1_18:2_18:2),CTL,individual,4:9817865,4,9817865,1.366388e-09,SORBI_3004G104200,0.633822
TG(18:1_18:2_18:2),CTL,individual,4:9817865,4,9817865,1.366388e-09,SORBI_3004G104200,0.633241
TG(18:1_18:2_18:2),CTL,individual,4:9817865,4,9817865,1.366388e-09,SORBI_3004G104250,0.633168
TG(18:1_18:2_18:2),CTL,individual,4:9817865,4,9817865,1.366388e-09,SORBI_3004G104250,0.632052
TG(18:1_18:2_18:2),CTL,individual,4:9817865,4,9817865,1.366388e-09,SORBI_3004G103800,0.629734
TG(18:1_18:2_18:2),CTL,individual,4:9817865,4,9817865,1.366388e-09,SORBI_3004G104200,0.628175
TG(18:1_18:2_18:2),CTL,individual,4:9817865,4,9817865,1.366388e-09,SORBI_3004G104200,0.625918
TG(18:1_18:2_18:2),CTL,individual,4:9817865,4,9817865,1.366388e-09,SORBI_3004G104250,0.618447
TG(18:1_18:2_18:2),CTL,individual,4:9817865,4,9817865,1.366388e-09,SORBI_3004G104250,0.618314
TG(18:1_18:2_18:2),CTL,individual,4:9817865,4,9817865,1.366388e-09,SORBI_3004G104400,0.614307
TG(18:1_18:2_18:2),CTL,individual,4:9817865,4,9817865,1.366388e-09,SORBI_3004G104250,0.611538
TG(18:1_18:2_18:2),CTL,individual,4:9817865,4,9817865,1.366388e-09,SORBI_3004G104100,0.60908
TG(18:1_18:2_18:2),CTL,individual,4:9817865,4,9817865,1.366388e-09,SORBI_3004G104250,0.607308
TG(18:1_18:2_18:2),CTL,individual,4:9817865,4,9817865,1.366388e-09,SORBI_3004G104200,0.606224
TG(18:1_18:2_18:2),CTL,individual,4:9817865,4,9817865,1.366388e-09,SORBI_3004G104250,0.604406
TG(18:1_18:2_18:2),CTL,individual,4:9817865,4,9817865,1.366388e-09,SORBI_3004G104250,0.602054
TG(18:1_18:2_18:2),CTL,individual,4:9817865,4,9817865,1.366388e-09,SORBI_3004G104100,0.598856
TG(18:1_18:2_18:2),CTL,individual,4:9817865,4,9817865,1.366388e-09,SORBI_3004G104300,0.597074
TG(18:1_18:2_18:2),CTL,individual,4:9817865,4,9817865,1.366388e-09,SORBI_3004G104300,0.591202
TG(18:1_18:2_18:2),CTL,individual,4:9817865,4,9817865,1.366388e-09,SORBI_3004G104200,0.590749
TG(18:1_18:2_18:2),CTL,individual,4:9817865,4,9817865,1.366388e-09,SORBI_3004G104250,0.589336
TG(18:1_18:2_18:2),CTL,individual,4:9817865,4,9817865,1.366388e-09,SORBI_3004G104250,0.586084
TG(18:1_18:2_18:2),CTL,individual,4:9817865,4,9817865,1.366388e-09,SORBI_3004G104250,0.584762
TG(18:1_18:2_18:2),CTL,individual,4:9817865,4,9817865,1.366388e-09,SORBI_3004G104250,0.584033
TG(18:1_18:2_18:2),CTL,individual,4:9817865,4,9817865,1.366388e-09,SORBI_3004G104250,0.58167
TG(18:1_18:2_18:2),CTL,individual,4:9817865,4,9817865,1.366388e-09,SORBI_3004G104250,0.577919
TG(18:1_18:2_18:2),CTL,individual,4:9817865,4,9817865,1.366388e-09,SORBI_3004G104250,0.576918
TG(18:1_18:2_18:2),CTL,individual,4:9817865,4,9817865,1.366388e-09,SORBI_3004G103700,0.574722
TG(18:1_18:2_18:2),CTL,individual,4:9817865,4,9817865,1.366388e-09,SORBI_3004G103700,0.568784
TG(18:1_18:2_18:2),CTL,individual,4:9817865,4,9817865,1.366388e-09,SORBI_3004G104250,0.565638
TG(18:1_18:2_18:2),CTL,individual,4:9817865,4,9817865,1.366388e-09,SORBI_3004G103700,0.564149
TG(18:1_18:2_18:2),CTL,individual,4:9817865,4,9817865,1.366388e-09,SORBI_3004G103700,0.562054
TG(18:1_18:2_18:2),CTL,individual,4:9817865,4,9817865,1.366388e-09,SORBI_3004G104400,0.559483
TG(18:1_18:2_18:2),CTL,individual,4:9817865,4,9817865,1.366388e-09,SORBI_3004G104100,0.553727
TG(18:1_18:2_18:2),CTL,individual,4:9817865,4,9817865,1.366388e-09,SORBI_3004G103700,0.553685
TG(18:1_18:2_18:2),CTL,individual,4:9817865,4,9817865,1.366388e-09,SORBI_3004G104100,0.553685
TG(18:1_18:2_18:2),CTL,individual,4:9817865,4,9817865,1.366388e-09,SORBI_3004G103700,0.552755
TG(18:1_18:2_18:2),CTL,individual,4:9817865,4,9817865,1.366388e-09,SORBI_3004G104200,0.551202
TG(18:1_18:2_18:2),CTL,individual,4:9817865,4,9817865,1.366388e-09,SORBI_3004G103700,0.549109
TG(18:1_18:2_18:2),CTL,individual,4:9817865,4,9817865,1.366388e-09,SORBI_3004G104100,0.549109
TG(18:1_18:2_18:2),CTL,individual,4:9817865,4,9817865,1.366388e-09,SORBI_3004G104250,0.544822
TG(18:1_18:2_18:2),CTL,individual,4:9817865,4,9817865,1.366388e-09,SORBI_3004G104600,0.544726
TG(18:1_18:2_18:2),CTL,individual,4:9817865,4,9817865,1.366388e-09,SORBI_3004G104100,0.544361
TG(18:1_18:2_18:2),CTL,individual,4:9817865,4,9817865,1.366388e-09,SORBI_3004G104000,0.542888
TG(18:1_18:2_18:2),CTL,individual,4:9817865,4,9817865,1.366388e-09,SORBI_3004G104000,0.541378
TG(18:1_18:2_18:2),CTL,individual,4:9817865,4,9817865,1.366388e-09,SORBI_3004G103800,0.540208
TG(18:1_18:2_18:2),CTL,individual,4:9817865,4,9817865,1.366388e-09,SORBI_3004G104000,0.534482
TG(18:1_18:2_18:2),CTL,individual,4:9817865,4,9817865,1.366388e-09,SORBI_3004G104000,0.533964
TG(18:1_18:2_18:2),CTL,individual,4:9817865,4,9817865,1.366388e-09,SORBI_3004G104000,0.532979
TG(18:1_18:2_18:2),CTL,individual,4:9817865,4,9817865,1.366388e-09,SORBI_3004G104200,0.532069
TG(18:1_18:2_18:2),CTL,individual,4:9817865,4,9817865,1.366388e-09,SORBI_3004G104000,0.531553
TG(18:1_18:2_18:2),CTL,individual,4:9817865,4,9817865,1.366388e-09,SORBI_3004G104200,0.52978
TG(18:1_18:2_18:2),CTL,individual,4:9817865,4,9817865,1.366388e-09,SORBI_3004G103800,0.523679
TG(18:1_18:2_18:2),CTL,individual,4:9817865,4,9817865,1.366388e-09,SORBI_3004G104000,0.523449
TG(18:1_18:2_18:2),CTL,individual,4:9817865,4,9817865,1.366388e-09,SORBI_3004G103800,0.518625
TG(18:1_18:2_18:2),CTL,individual,4:9817865,4,9817865,1.366388e-09,SORBI_3004G104000,0.518035
TG(18:1_18:2_18:2),CTL,individual,4:9817865,4,9817865,1.366388e-09,SORBI_3004G104300,0.514285
TG(18:1_18:2_18:2),CTL,individual,4:9817865,4,9817865,1.366388e-09,SORBI_3004G104000,0.511052
TG(18:1_18:2_18:2),CTL,individual,4:9817865,4,9817865,1.366388e-09,SORBI_3004G104100,0.506729
TG(18:1_18:2_18:2),CTL,individual,4:9817865,4,9817865,1.366388e-09,SORBI_3004G103800,0.503859
TG(18:1_18:2_18:2),CTL,individual,4:9817865,4,9817865,1.366388e-09,SORBI_3004G103901,0.500708
TG(18:1_18:2_18:2),CTL,individual,4:9817865,4,9817865,1.366388e-09,SORBI_3004G104000,0.500448
TG(18:1_18:2_18:2),CTL,individual,4:9817865,4,9817865,1.366388e-09,SORBI_3004G104250,0.49973
TG(18:1_18:2_18:2),CTL,individual,4:9817865,4,9817865,1.366388e-09,SORBI_3004G104000,0.497221
TG(18:1_18:2_18:2),CTL,individual,4:9817865,4,9817865,1.366388e-09,SORBI_3004G104250,0.493719
TG(18:1_18:2_18:2),CTL,individual,4:9817865,4,9817865,1.366388e-09,SORBI_3004G104000,0.492648
TG(18:1_18:2_18:2),CTL,individual,4:9817865,4,9817865,1.366388e-09,SORBI_3004G103800,0.489275
TG(18:1_18:2_18:2),CTL,individual,4:9817865,4,9817865,1.366388e-09,SORBI_3004G104300,0.484798
TG(18:1_18:2_18:2),CTL,individual,4:9817865,4,9817865,1.366388e-09,SORBI_3004G104000,0.477724
TG(18:1_18:2_18:2),CTL,individual,4:9817865,4,9817865,1.366388e-09,SORBI_3004G104000,0.477282
TG(18:1_18:2_18:2),CTL,individual,4:9817865,4,9817865,1.366388e-09,SORBI_3004G104000,0.474859
TG(18:1_18:2_18:2),CTL,individual,4:9817865,4,9817865,1.366388e-09,SORBI_3004G103800,0.469149
TG(18:1_18:2_18:2),CTL,individual,4:9817865,4,9817865,1.366388e-09,SORBI_3004G104000,0.467291
TG(18:1_18:2_18:2),CTL,individual,4:9817865,4,9817865,1.366388e-09,SORBI_3004G103800,0.465658
TG(18:1_18:2_18:2),CTL,individual,4:9817865,4,9817865,1.366388e-09,SORBI_3004G103901,0.465295
TG(18:1_18:2_18:2),CTL,individual,4:9817865,4,9817865,1.366388e-09,SORBI_3004G103700,0.46422
TG(18:1_18:2_18:2),CTL,individual,4:9817865,4,9817865,1.366388e-09,SORBI_3004G104400,0.463423
TG(18:1_18:2_18:2),CTL,individual,4:9817865,4,9817865,1.366388e-09,SORBI_3004G104000,0.461736
TG(18:1_18:2_18:2),CTL,individual,4:9817865,4,9817865,1.366388e-09,SORBI_3004G104000,0.460038
TG(18:1_18:2_18:2),CTL,individual,4:9817865,4,9817865,1.366388e-09,SORBI_3004G103800,0.45623
TG(18:1_18:2_18:2),CTL,individual,4:9817865,4,9817865,1.366388e-09,SORBI_3004G103901,0.456221
TG(18:1_18:2_18:2),CTL,individual,4:9817865,4,9817865,1.366388e-09,SORBI_3004G104500,0.455871
TG(18:1_18:2_18:2),CTL,individual,4:9817865,4,9817865,1.366388e-09,SORBI_3004G103700,0.451694
TG(18:1_18:2_18:2),CTL,individual,4:9817865,4,9817865,1.366388e-09,SORBI_3004G104000,0.449825
TG(18:1_18:2_18:2),CTL,individual,4:9817865,4,9817865,1.366388e-09,SORBI_3004G104000,0.448993
TG(18:1_18:2_18:2),CTL,individual,4:9817865,4,9817865,1.366388e-09,SORBI_3004G103800,0.445543
TG(18:1_18:2_18:2),CTL,individual,4:9817865,4,9817865,1.366388e-09,SORBI_3004G103700,0.445467
TG(18:1_18:2_18:2),CTL,individual,4:9817865,4,9817865,1.366388e-09,SORBI_3004G104000,0.445235
TG(18:1_18:2_18:2),CTL,individual,4:9817865,4,9817865,1.366388e-09,SORBI_3004G104000,0.444092
TG(18:1_18:2_18:2),CTL,individual,4:9817865,4,9817865,1.366388e-09,SORBI_3004G104400,0.442965
TG(18:1_18:2_18:2),CTL,individual,4:9817865,4,9817865,1.366388e-09,SORBI_3004G103800,0.435362
TG(18:1_18:2_18:2),CTL,individual,4:9817865,4,9817865,1.366388e-09,SORBI_3004G104300,0.43326
TG(18:1_18:2_18:2),CTL,individual,4:9817865,4,9817865,1.366388e-09,SORBI_3004G104000,0.432823
TG(18:1_18:2_18:2),CTL,individual,4:9817865,4,9817865,1.366388e-09,SORBI_3004G104600,0.431694
TG(18:1_18:2_18:2),CTL,individual,4:9817865,4,9817865,1.366388e-09,SORBI_3004G104000,0.425475
TG(18:1_18:2_18:2),CTL,individual,4:9817865,4,9817865,1.366388e-09,SORBI_3004G104100,0.425179
TG(18:1_18:2_18:2),CTL,individual,4:9817865,4,9817865,1.366388e-09,SORBI_3004G103700,0.422991
TG(18:1_18:2_18:2),CTL,individual,4:9817865,4,9817865,1.366388e-09,SORBI_3004G104000,0.422991
TG(18:1_18:2_18:2),CTL,individual,4:9817865,4,9817865,1.366388e-09,SORBI_3004G104400,0.422589
TG(18:1_18:2_18:2),CTL,individual,4:9817865,4,9817865,1.366388e-09,SORBI_3004G104000,0.42245
TG(18:1_18:2_18:2),CTL,individual,4:9817865,4,9817865,1.366388e-09,SORBI_3004G104200,0.421987
TG(18:1_18:2_18:2),CTL,individual,4:9817865,4,9817865,1.366388e-09,SORBI_3004G104100,0.420808
TG(18:1_18:2_18:2),CTL,individual,4:9817865,4,9817865,1.366388e-09,SORBI_3004G104300,0.417641
TG(18:1_18:2_18:2),CTL,individual,4:9817865,4,9817865,1.366388e-09,SORBI_3004G103600,0.417148
TG(18:1_18:2_18:2),CTL,individual,4:9817865,4,9817865,1.366388e-09,SORBI_3004G104200,0.41707
TG(18:1_18:2_18:2),CTL,individual,4:9817865,4,9817865,1.366388e-09,SORBI_3004G104100,0.415568
TG(18:1_18:2_18:2),CTL,individual,4:9817865,4,9817865,1.366388e-09,SORBI_3004G103901,0.413939
TG(18:1_18:2_18:2),CTL,individual,4:9817865,4,9817865,1.366388e-09,SORBI_3004G103901,0.413351
TG(18:1_18:2_18:2),CTL,individual,4:9817865,4,9817865,1.366388e-09,SORBI_3004G104000,0.412457
TG(18:1_18:2_18:2),CTL,individual,4:9817865,4,9817865,1.366388e-09,SORBI_3004G104000,0.408998
TG(18:1_18:2_18:2),CTL,individual,4:9817865,4,9817865,1.366388e-09,SORBI_3004G103800,0.408733
TG(18:1_18:2_18:2),CTL,individual,4:9817865,4,9817865,1.366388e-09,SORBI_3004G104000,0.408612
TG(18:1_18:2_18:2),CTL,individual,4:9817865,4,9817865,1.366388e-09,SORBI_3004G104000,0.40617
TG(18:1_18:2_18:2),CTL,individual,4:9817865,4,9817865,1.366388e-09,SORBI_3004G104000,0.404276
TG(18:1_18:2_18:2),CTL,individual,4:9817865,4,9817865,1.366388e-09,SORBI_3004G104000,0.403032
TG(18:1_18:2_18:2),CTL,individual,1:21379555,1,21379555,1.624745e-09,SORBI_3001G223300,0.849424
TG(18:1_18:2_18:2),CTL,individual,1:21379555,1,21379555,1.624745e-09,SORBI_3001G223200,0.815067
TG(18:1_18:2_18:2),CTL,individual,1:21379555,1,21379555,1.624745e-09,SORBI_3001G223200,0.786621
TG(18:1_18:2_18:2),CTL,individual,1:21379555,1,21379555,1.624745e-09,SORBI_3001G223300,0.783996
TG(18:1_18:2_18:2),CTL,individual,1:21379555,1,21379555,1.624745e-09,SORBI_3001G223200,0.755469
TG(18:1_18:2_18:2),CTL,individual,1:21379555,1,21379555,1.624745e-09,SORBI_3001G223200,0.738919
TG(18:1_18:2_18:2),CTL,individual,1:21379555,1,21379555,1.624745e-09,SORBI_3001G224000,0.708185
TG(18:1_18:2_18:2),CTL,individual,1:21379555,1,21379555,1.624745e-09,SORBI_3001G223100,0.701246
TG(18:1_18:2_18:2),CTL,individual,1:21379555,1,21379555,1.624745e-09,SORBI_3001G223300,0.694192
TG(18:1_18:2_18:2),CTL,individual,1:21379555,1,21379555,1.624745e-09,SORBI_3001G223100,0.669
TG(18:1_18:2_18:2),CTL,individual,1:21379555,1,21379555,1.624745e-09,SORBI_3001G223100,0.668841
TG(18:1_18:2_18:2),CTL,individual,1:21379555,1,21379555,1.624745e-09,SORBI_3001G223550,0.608933
TG(18:1_18:2_18:2),CTL,individual,1:21379555,1,21379555,1.624745e-09,SORBI_3001G223550,0.608879
TG(18:1_18:2_18:2),CTL,individual,1:21379555,1,21379555,1.624745e-09,SORBI_3001G223550,0.608823
TG(18:1_18:2_18:2),CTL,individual,1:21379555,1,21379555,1.624745e-09,SORBI_3001G222900,0.596185
TG(18:1_18:2_18:2),CTL,individual,1:21379555,1,21379555,1.624745e-09,SORBI_3001G223550,0.593655
TG(18:1_18:2_18:2),CTL,individual,1:21379555,1,21379555,1.624745e-09,SORBI_3001G222900,0.581467
TG(18:1_18:2_18:2),CTL,individual,1:21379555,1,21379555,1.624745e-09,SORBI_3001G222900,0.580734
TG(18:1_18:2_18:2),CTL,individual,1:21379555,1,21379555,1.624745e-09,SORBI_3001G222900,0.556103
TG(18:1_18:2_18:2),CTL,individual,1:21379555,1,21379555,1.624745e-09,SORBI_3001G222900,0.549918
TG(18:1_18:2_18:2),CTL,individual,1:21379555,1,21379555,1.624745e-09,SORBI_3001G222900,0.524318
TG(18:1_18:2_18:2),CTL,individual,1:21379555,1,21379555,1.624745e-09,SORBI_3001G222800,0.51261
TG(18:1_18:2_18:2),CTL,individual,1:21379555,1,21379555,1.624745e-09,SORBI_3001G222800,0.508731
TG(18:1_18:2_18:2),CTL,individual,1:21379555,1,21379555,1.624745e-09,SORBI_3001G223300,0.508621
TG(18:1_18:2_18:2),CTL,individual,1:21379555,1,21379555,1.624745e-09,SORBI_3001G222800,0.497632
TG(18:1_18:2_18:2),CTL,individual,1:21379555,1,21379555,1.624745e-09,SORBI_3001G223100,0.497632
TG(18:1_18:2_18:2),CTL,individual,1:21379555,1,21379555,1.624745e-09,SORBI_3001G223100,0.497424
TG(18:1_18:2_18:2),CTL,individual,1:21379555,1,21379555,1.624745e-09,SORBI_3001G223100,0.493949
TG(18:1_18:2_18:2),CTL,individual,1:21379555,1,21379555,1.624745e-09,SORBI_3001G222800,0.493633
TG(18:1_18:2_18:2),CTL,individual,1:21379555,1,21379555,1.624745e-09,SORBI_3001G222800,0.489825
TG(18:1_18:2_18:2),CTL,individual,1:21379555,1,21379555,1.624745e-09,SORBI_3001G222800,0.482631
TG(18:1_18:2_18:2),CTL,individual,1:21379555,1,21379555,1.624745e-09,SORBI_3001G222800,0.479911
TG(18:1_18:2_18:2),CTL,individual,1:21379555,1,21379555,1.624745e-09,SORBI_3001G223100,0.476458
TG(18:1_18:2_18:2),CTL,individual,1:21379555,1,21379555,1.624745e-09,SORBI_3001G222900,0.466562
TG(18:1_18:2_18:2),CTL,individual,1:21379555,1,21379555,1.624745e-09,SORBI_3001G222900,0.457028
TG(18:1_18:2_18:2),CTL,individual,1:21379555,1,21379555,1.624745e-09,SORBI_3001G222900,0.453852
TG(18:1_18:2_18:2),CTL,individual,1:21379555,1,21379555,1.624745e-09,SORBI_3001G222900,0.451828
TG(18:1_18:2_18:2),CTL,individual,1:21379555,1,21379555,1.624745e-09,SORBI_3001G224200,0.449521
TG(18:1_18:2_18:2),CTL,individual,1:21379555,1,21379555,1.624745e-09,SORBI_3001G223100,0.444768
TG(18:1_18:2_18:2),CTL,individual,1:21379555,1,21379555,1.624745e-09,SORBI_3001G222900,0.442406
TG(18:1_18:2_18:2),CTL,individual,1:21379555,1,21379555,1.624745e-09,SORBI_3001G222800,0.439252
TG(18:1_18:2_18:2),CTL,individual,1:21379555,1,21379555,1.624745e-09,SORBI_3001G224200,0.434545
TG(18:1_18:2_18:2),CTL,individual,1:21379555,1,21379555,1.624745e-09,SORBI_3001G222700,0.430176
TG(18:1_18:2_18:2),CTL,individual,1:21379555,1,21379555,1.624745e-09,SORBI_3001G222900,0.428397
TG(18:1_18:2_18:2),CTL,individual,1:21379555,1,21379555,1.624745e-09,SORBI_3001G222700,0.4219
TG(18:1_18:2_18:2),CTL,individual,1:21379555,1,21379555,1.624745e-09,SORBI_3001G222400,0.411641
TG(18:1_18:2_18:2),CTL,individual,1:21379555,1,21379555,1.624745e-09,SORBI_3001G222600,0.411641
TG(18:1_18:2_18:2),CTL,individual,1:21379555,1,21379555,1.624745e-09,SORBI_3001G222300,0.404591
TG(18:1_18:2_18:2),CTL,individual,1:21379555,1,21379555,1.624745e-09,SORBI_3001G223100,0.401
TG(18:1_18:2_18:2),CTL,individual,1:21379555,1,21379555,1.624745e-09,SORBI_3001G224300,0.40021
TG(18:1_18:2_18:2),CTL,individual,7:42553822,7,42553822,1.815953e-09,SORBI_3007G112200,0.605851
TG(18:1_18:2_18:2),CTL,individual,7:42553822,7,42553822,1.815953e-09,SORBI_3007G111901,0.603213
TG(18:1_18:2_18:2),CTL,individual,7:42553822,7,42553822,1.815953e-09,SORBI_3007G111800,0.600748
TG(18:1_18:2_18:2),CTL,individual,7:42553822,7,42553822,1.815953e-09,SORBI_3007G112100,0.600748
TG(18:1_18:2_18:2),CTL,individual,7:42553822,7,42553822,1.815953e-09,SORBI_3007G112200,0.600748
TG(18:1_18:2_18:2),CTL,individual,7:42553822,7,42553822,1.815953e-09,SORBI_3007G112000,0.595718
TG(18:1_18:2_18:2),CTL,individual,7:42553822,7,42553822,1.815953e-09,SORBI_3007G111800,0.594133
TG(18:1_18:2_18:2),CTL,individual,7:42553822,7,42553822,1.815953e-09,SORBI_3007G111901,0.594133
TG(18:1_18:2_18:2),CTL,individual,7:42553822,7,42553822,1.815953e-09,SORBI_3007G112200,0.594133
TG(18:1_18:2_18:2),CTL,individual,7:42553822,7,42553822,1.815953e-09,SORBI_3007G111800,0.589048
TG(18:1_18:2_18:2),CTL,individual,7:42553822,7,42553822,1.815953e-09,SORBI_3007G112200,0.589048
TG(18:1_18:2_18:2),CTL,individual,7:42553822,7,42553822,1.815953e-09,SORBI_3007G111901,0.582421
TG(18:1_18:2_18:2),CTL,individual,7:42553822,7,42553822,1.815953e-09,SORBI_3007G112200,0.582421
TG(18:1_18:2_18:2),CTL,individual,7:42553822,7,42553822,1.815953e-09,SORBI_3007G111901,0.575839
TG(18:1_18:2_18:2),CTL,individual,7:42553822,7,42553822,1.815953e-09,SORBI_3007G111901,0.574564
TG(18:1_18:2_18:2),CTL,individual,7:42553822,7,42553822,1.815953e-09,SORBI_3007G111901,0.568141
TG(18:1_18:2_18:2),CTL,individual,7:42553822,7,42553822,1.815953e-09,SORBI_3007G112200,0.567111
TG(18:1_18:2_18:2),CTL,individual,7:42553822,7,42553822,1.815953e-09,SORBI_3007G111800,0.517088
TG(18:1_18:2_18:2),CTL,individual,7:42553822,7,42553822,1.815953e-09,SORBI_3007G111901,0.506486
TG(18:1_18:2_18:2),CTL,individual,7:42553822,7,42553822,1.815953e-09,SORBI_3007G112200,0.504413
TG(18:1_18:2_18:2),CTL,individual,7:42553822,7,42553822,1.815953e-09,SORBI_3007G112000,0.500286
TG(18:1_18:2_18:2),CTL,individual,7:42553822,7,42553822,1.815953e-09,SORBI_3007G112200,0.500286
TG(18:1_18:2_18:2),CTL,individual,7:42553822,7,42553822,1.815953e-09,SORBI_3007G111901,0.498632
TG(18:1_18:2_18:2),CTL,individual,7:42553822,7,42553822,1.815953e-09,SORBI_3007G112200,0.498632
TG(18:1_18:2_18:2),CTL,individual,7:42553822,7,42553822,1.815953e-09,SORBI_3007G111901,0.496557
TG(18:1_18:2_18:2),CTL,individual,7:42553822,7,42553822,1.815953e-09,SORBI_3007G112200,0.492456
TG(18:1_18:2_18:2),CTL,individual,7:42553822,7,42553822,1.815953e-09,SORBI_3007G112200,0.484648
TG(18:1_18:2_18:2),CTL,individual,7:42553822,7,42553822,1.815953e-09,SORBI_3007G111901,0.459134
TG(18:1_18:2_18:2),CTL,individual,7:42553822,7,42553822,1.815953e-09,SORBI_3007G112100,0.428094
TG(18:1_18:2_18:2),CTL,individual,6:31274933,6,31274933,2.072399e-09,SORBI_3006G044532,0.934958
TG(18:1_18:2_18:2),CTL,individual,6:31274933,6,31274933,2.072399e-09,SORBI_3006G044466,0.9243
TG(18:1_18:2_18:2),CTL,individual,6:31274933,6,31274933,2.072399e-09,SORBI_3006G044466,0.920895
TG(18:1_18:2_18:2),CTL,individual,6:31274933,6,31274933,2.072399e-09,SORBI_3006G044600,0.920895
TG(18:1_18:2_18:2),CTL,individual,6:31274933,6,31274933,2.072399e-09,SORBI_3006G044466,0.917569
TG(18:1_18:2_18:2),CTL,individual,6:31274933,6,31274933,2.072399e-09,SORBI_3006G044466,0.910293
TG(18:1_18:2_18:2),CTL,individual,6:31274933,6,31274933,2.072399e-09,SORBI_3006G044466,0.903673
TG(18:1_18:2_18:2),CTL,individual,6:31274933,6,31274933,2.072399e-09,SORBI_3006G044466,0.903639
TG(18:1_18:2_18:2),CTL,individual,6:31274933,6,31274933,2.072399e-09,SORBI_3006G044466,0.901696
TG(18:1_18:2_18:2),CTL,individual,6:31274933,6,31274933,2.072399e-09,SORBI_3006G044466,0.900033
TG(18:1_18:2_18:2),CTL,individual,6:31274933,6,31274933,2.072399e-09,SORBI_3006G044600,0.900033
TG(18:1_18:2_18:2),CTL,individual,6:31274933,6,31274933,2.072399e-09,SORBI_3006G044466,0.899997
TG(18:1_18:2_18:2),CTL,individual,6:31274933,6,31274933,2.072399e-09,SORBI_3006G044600,0.898625
TG(18:1_18:2_18:2),CTL,individual,6:31274933,6,31274933,2.072399e-09,SORBI_3006G044466,0.898589
TG(18:1_18:2_18:2),CTL,individual,6:31274933,6,31274933,2.072399e-09,SORBI_3006G044600,0.896464
TG(18:1_18:2_18:2),CTL,individual,6:31274933,6,31274933,2.072399e-09,SORBI_3006G044466,0.896427
TG(18:1_18:2_18:2),CTL,individual,6:31274933,6,31274933,2.072399e-09,SORBI_3006G044466,0.894923
TG(18:1_18:2_18:2),CTL,individual,6:31274933,6,31274933,2.072399e-09,SORBI_3006G044466,0.892968
TG(18:1_18:2_18:2),CTL,individual,6:31274933,6,31274933,2.072399e-09,SORBI_3006G044466,0.891251
TG(18:1_18:2_18:2),CTL,individual,6:31274933,6,31274933,2.072399e-09,SORBI_3006G044466,0.888654
TG(18:1_18:2_18:2),CTL,individual,6:31274933,6,31274933,2.072399e-09,SORBI_3006G044466,0.881213
TG(18:1_18:2_18:2),CTL,individual,6:31274933,6,31274933,2.072399e-09,SORBI_3006G044600,0.872456
TG(18:1_18:2_18:2),CTL,individual,6:31274933,6,31274933,2.072399e-09,SORBI_3006G044532,0.8595
TG(18:1_18:2_18:2),CTL,individual,6:31274933,6,31274933,2.072399e-09,SORBI_3006G044532,0.82925
TG(18:1_18:2_18:2),CTL,individual,6:31274933,6,31274933,2.072399e-09,SORBI_3006G044532,0.824326
TG(18:1_18:2_18:2),CTL,individual,6:31274933,6,31274933,2.072399e-09,SORBI_3006G044466,0.811234
TG(18:1_18:2_18:2),CTL,individual,6:31274933,6,31274933,2.072399e-09,SORBI_3006G044466,0.809781
TG(18:1_18:2_18:2),CTL,individual,6:31274933,6,31274933,2.072399e-09,SORBI_3006G044532,0.806951
TG(18:1_18:2_18:2),CTL,individual,6:31274933,6,31274933,2.072399e-09,SORBI_3006G044532,0.764477
TG(18:1_18:2_18:2),CTL,individual,6:31274933,6,31274933,2.072399e-09,SORBI_3006G044466,0.474911
TG(18:1_18:2_18:2),CTL,individual,6:44889115,6,44889115,2.150842e-09,SORBI_3006G080300,1
TG(18:1_18:2_18:2),CTL,individual,6:44889115,6,44889115,2.150842e-09,SORBI_3006G080300,1
TG(18:1_18:2_18:2),CTL,individual,6:44889115,6,44889115,2.150842e-09,SORBI_3006G080300,0.813288
TG(18:1_18:2_18:2),CTL,individual,6:44889115,6,44889115,2.150842e-09,SORBI_3006G080300,0.787944
TG(18:1_18:2_18:2),CTL,individual,6:44889115,6,44889115,2.150842e-09,SORBI_3006G080300,0.78299
TG(18:1_18:2_18:2),CTL,individual,6:44889115,6,44889115,2.150842e-09,SORBI_3006G080300,0.776383
TG(18:1_18:2_18:2),CTL,individual,6:44889115,6,44889115,2.150842e-09,SORBI_3006G080300,0.767898
TG(18:1_18:2_18:2),CTL,individual,6:44889115,6,44889115,2.150842e-09,SORBI_3006G080300,0.759354
TG(18:1_18:2_18:2),CTL,individual,6:44889115,6,44889115,2.150842e-09,SORBI_3006G080300,0.757697
TG(18:1_18:2_18:2),CTL,individual,6:44889115,6,44889115,2.150842e-09,SORBI_3006G080300,0.755121
TG(18:1_18:2_18:2),CTL,individual,6:44889115,6,44889115,2.150842e-09,SORBI_3006G080300,0.750977
TG(18:1_18:2_18:2),CTL,individual,6:44889115,6,44889115,2.150842e-09,SORBI_3006G080300,0.749906
TG(18:1_18:2_18:2),CTL,individual,6:44889115,6,44889115,2.150842e-09,SORBI_3006G080300,0.746797
TG(18:1_18:2_18:2),CTL,individual,6:44889115,6,44889115,2.150842e-09,SORBI_3006G080300,0.7441
TG(18:1_18:2_18:2),CTL,individual,6:44889115,6,44889115,2.150842e-09,SORBI_3006G080300,0.737459
TG(18:1_18:2_18:2),CTL,individual,6:44889115,6,44889115,2.150842e-09,SORBI_3006G080300,0.736914
TG(18:1_18:2_18:2),CTL,individual,6:44889115,6,44889115,2.150842e-09,SORBI_3006G080300,0.736777
TG(18:1_18:2_18:2),CTL,individual,6:44889115,6,44889115,2.150842e-09,SORBI_3006G080300,0.736638
TG(18:1_18:2_18:2),CTL,individual,6:44889115,6,44889115,2.150842e-09,SORBI_3006G080300,0.732418
TG(18:1_18:2_18:2),CTL,individual,6:44889115,6,44889115,2.150842e-09,SORBI_3006G080300,0.723719
TG(18:1_18:2_18:2),CTL,individual,6:44889115,6,44889115,2.150842e-09,SORBI_3006G080300,0.719462
TG(18:1_18:2_18:2),CTL,individual,6:44889115,6,44889115,2.150842e-09,SORBI_3006G080300,0.713804
TG(18:1_18:2_18:2),CTL,individual,6:44889115,6,44889115,2.150842e-09,SORBI_3006G080300,0.710235
TG(18:1_18:2_18:2),CTL,individual,6:44889115,6,44889115,2.150842e-09,SORBI_3006G080300,0.702945
TG(18:1_18:2_18:2),CTL,individual,6:44889115,6,44889115,2.150842e-09,SORBI_3006G080300,0.702469
TG(18:1_18:2_18:2),CTL,individual,6:44889115,6,44889115,2.150842e-09,SORBI_3006G080300,0.701893
TG(18:1_18:2_18:2),CTL,individual,6:44889115,6,44889115,2.150842e-09,SORBI_3006G080300,0.699587
TG(18:1_18:2_18:2),CTL,individual,6:44889115,6,44889115,2.150842e-09,SORBI_3006G080300,0.689674
TG(18:1_18:2_18:2),CTL,individual,6:44889115,6,44889115,2.150842e-09,SORBI_3006G080300,0.687134
TG(18:1_18:2_18:2),CTL,individual,6:44889115,6,44889115,2.150842e-09,SORBI_3006G080300,0.671134
TG(18:1_18:2_18:2),CTL,individual,6:44889115,6,44889115,2.150842e-09,SORBI_3006G080300,0.659587
TG(18:1_18:2_18:2),CTL,individual,6:44889115,6,44889115,2.150842e-09,SORBI_3006G080300,0.647893
TG(18:1_18:2_18:2),CTL,individual,6:44889115,6,44889115,2.150842e-09,SORBI_3006G080300,0.640289
TG(18:1_18:2_18:2),CTL,individual,6:44889115,6,44889115,2.150842e-09,SORBI_3006G080300,0.63967
TG(18:1_18:2_18:2),CTL,individual,6:44889115,6,44889115,2.150842e-09,SORBI_3006G080300,0.635935
TG(18:1_18:2_18:2),CTL,individual,6:44889115,6,44889115,2.150842e-09,SORBI_3006G080300,0.629791
TG(18:1_18:2_18:2),CTL,individual,6:44889115,6,44889115,2.150842e-09,SORBI_3006G080300,0.589563
TG(18:1_18:2_18:2),CTL,individual,6:44889115,6,44889115,2.150842e-09,SORBI_3006G080300,0.58002
TG(18:1_18:2_18:2),CTL,individual,6:44889115,6,44889115,2.150842e-09,SORBI_3006G080300,0.567309
TG(18:1_18:2_18:2),CTL,individual,6:44889115,6,44889115,2.150842e-09,SORBI_3006G080300,0.564678
TG(18:1_18:2_18:2),CTL,individual,6:44889115,6,44889115,2.150842e-09,SORBI_3006G080300,0.559237
TG(18:1_18:2_18:2),CTL,individual,6:44889115,6,44889115,2.150842e-09,SORBI_3006G080300,0.554593
TG(18:1_18:2_18:2),CTL,individual,6:44889115,6,44889115,2.150842e-09,SORBI_3006G080300,0.49215
TG(18:1_18:2_18:2),CTL,individual,6:44889115,6,44889115,2.150842e-09,SORBI_3006G080300,0.469853
TG(18:1_18:2_18:2),CTL,individual,6:44889115,6,44889115,2.150842e-09,SORBI_3006G080300,0.463593
TG(18:1_18:2_18:2),CTL,individual,6:44889115,6,44889115,2.150842e-09,SORBI_3006G080300,0.459301
TG(18:1_18:2_18:2),CTL,individual,6:44889115,6,44889115,2.150842e-09,SORBI_3006G080300,0.450824
TG(18:1_18:2_18:2),CTL,individual,6:44889115,6,44889115,2.150842e-09,SORBI_3006G080300,0.441872
TG(18:1_18:2_18:2),CTL,individual,6:44889115,6,44889115,2.150842e-09,SORBI_3006G080300,0.427138
TG(18:1_18:2_18:2),CTL,individual,6:44889115,6,44889115,2.150842e-09,SORBI_3006G080300,0.42699
TG(18:1_18:2_18:2),CTL,individual,5:66813142,5,66813142,2.335037e-09,SORBI_3005G183700,0.682563
TG(18:1_18:2_18:2),CTL,individual,5:66813142,5,66813142,2.335037e-09,SORBI_3005G183600,0.529684
TG(18:1_18:2_18:2),CTL,individual,5:66813142,5,66813142,2.335037e-09,SORBI_3005G184050,0.446041
TG(18:1_18:2_18:2),CTL,individual,1:60651888,1,60651888,2.374833e-09,SORBI_3001G318000,0.480909
TG(18:1_18:2_18:2),CTL,individual,1:60651888,1,60651888,2.374833e-09,SORBI_3001G318100,0.465329
TG(18:1_18:2_18:2),CTL,individual,1:60651888,1,60651888,2.374833e-09,SORBI_3001G318100,0.457663
TG(18:1_18:2_18:2),CTL,individual,1:60651888,1,60651888,2.374833e-09,SORBI_3001G320500,0.420946
TG(18:1_18:2_18:2),CTL,individual,5:66647327,5,66647327,2.664621e-09,SORBI_3005G183200,0.613169
TG(18:1_18:2_18:2),CTL,individual,5:66647327,5,66647327,2.664621e-09,SORBI_3005G183200,0.608538
TG(18:1_18:2_18:2),CTL,individual,5:66647327,5,66647327,2.664621e-09,SORBI_3005G183200,0.604625
TG(18:1_18:2_18:2),CTL,individual,5:66647327,5,66647327,2.664621e-09,SORBI_3005G183200,0.604477
TG(18:1_18:2_18:2),CTL,individual,5:66647327,5,66647327,2.664621e-09,SORBI_3005G183200,0.600337
TG(18:1_18:2_18:2),CTL,individual,5:66647327,5,66647327,2.664621e-09,SORBI_3005G183200,0.59659
TG(18:1_18:2_18:2),CTL,individual,5:66647327,5,66647327,2.664621e-09,SORBI_3005G182900,0.585055
TG(18:1_18:2_18:2),CTL,individual,5:66647327,5,66647327,2.664621e-09,SORBI_3005G182900,0.563644
TG(18:1_18:2_18:2),CTL,individual,5:66647327,5,66647327,2.664621e-09,SORBI_3005G183100,0.552813
TG(18:1_18:2_18:2),CTL,individual,5:66647327,5,66647327,2.664621e-09,SORBI_3005G183100,0.548542
TG(18:1_18:2_18:2),CTL,individual,5:66647327,5,66647327,2.664621e-09,SORBI_3005G183200,0.548542
TG(18:1_18:2_18:2),CTL,individual,5:66647327,5,66647327,2.664621e-09,SORBI_3005G183200,0.545681
TG(18:1_18:2_18:2),CTL,individual,5:66647327,5,66647327,2.664621e-09,SORBI_3005G182900,0.517091
TG(18:1_18:2_18:2),CTL,individual,5:66647327,5,66647327,2.664621e-09,SORBI_3005G182900,0.51145
TG(18:1_18:2_18:2),CTL,individual,5:66647327,5,66647327,2.664621e-09,SORBI_3005G182900,0.492461
TG(18:1_18:2_18:2),CTL,individual,5:66647327,5,66647327,2.664621e-09,SORBI_3005G183200,0.480188
TG(18:1_18:2_18:2),CTL,individual,5:66647327,5,66647327,2.664621e-09,SORBI_3005G182701,0.456238
TG(18:1_18:2_18:2),CTL,individual,5:66647327,5,66647327,2.664621e-09,SORBI_3005G182701,0.45607
TG(18:1_18:2_18:2),CTL,individual,5:66647327,5,66647327,2.664621e-09,SORBI_3005G182900,0.455991
TG(18:1_18:2_18:2),CTL,individual,5:66647327,5,66647327,2.664621e-09,SORBI_3005G183700,0.437866
TG(18:1_18:2_18:2),CTL,individual,5:66647327,5,66647327,2.664621e-09,SORBI_3005G183900,0.436626
TG(18:1_18:2_18:2),CTL,individual,5:66647327,5,66647327,2.664621e-09,SORBI_3005G183300,0.43285
TG(18:1_18:2_18:2),CTL,individual,5:66647327,5,66647327,2.664621e-09,SORBI_3005G183700,0.425516
TG(18:1_18:2_18:2),CTL,individual,5:66647327,5,66647327,2.664621e-09,SORBI_3005G183900,0.425516
TG(18:1_18:2_18:2),CTL,individual,5:66647327,5,66647327,2.664621e-09,SORBI_3005G183700,0.424002
TG(18:1_18:2_18:2),CTL,individual,5:66647327,5,66647327,2.664621e-09,SORBI_3005G183900,0.424002
TG(18:1_18:2_18:2),CTL,individual,5:66647327,5,66647327,2.664621e-09,SORBI_3005G183900,0.422607
TG(18:1_18:2_18:2),CTL,individual,5:66647327,5,66647327,2.664621e-09,SORBI_3005G183700,0.421193
TG(18:1_18:2_18:2),CTL,individual,5:66647327,5,66647327,2.664621e-09,SORBI_3005G183900,0.421193
TG(18:1_18:2_18:2),CTL,individual,5:66647327,5,66647327,2.664621e-09,SORBI_3005G183900,0.419586
TG(18:1_18:2_18:2),CTL,individual,5:66647327,5,66647327,2.664621e-09,SORBI_3005G183700,0.408817
TG(18:1_18:2_18:2),CTL,individual,5:66647327,5,66647327,2.664621e-09,SORBI_3005G183900,0.408817
TG(18:1_18:2_18:2),CTL,individual,5:69466657,5,69466657,2.956253e-09,SORBI_3005G208275,0.46287
TG(18:1_18:2_18:2),CTL,individual,5:69466660,5,69466660,2.956253e-09,SORBI_3005G208275,0.46287
TG(18:1_18:2_18:2),CTL,individual,10:59429324,10,59429324,3.493695e-09,SORBI_3010G253250,0.414493
TG(18:1_18:2_18:2),CTL,individual,7:13239822,7,13239822,3.677873e-09,SORBI_3007G090415,0.974311
TG(18:1_18:2_18:2),CTL,individual,7:13239822,7,13239822,3.677873e-09,SORBI_3007G090421,0.974311
TG(18:1_18:2_18:2),CTL,individual,7:13239822,7,13239822,3.677873e-09,SORBI_3007G090424,0.974311
TG(18:1_18:2_18:2),CTL,individual,7:13239822,7,13239822,3.677873e-09,SORBI_3007G090412,0.974304
TG(18:1_18:2_18:2),CTL,individual,7:13239822,7,13239822,3.677873e-09,SORBI_3007G090421,0.962051
TG(18:1_18:2_18:2),CTL,individual,7:13239822,7,13239822,3.677873e-09,SORBI_3007G090418,0.956096
TG(18:1_18:2_18:2),CTL,individual,7:13239822,7,13239822,3.677873e-09,SORBI_3007G090403,0.954956
TG(18:1_18:2_18:2),CTL,individual,7:13239822,7,13239822,3.677873e-09,SORBI_3007G090415,0.954956
TG(18:1_18:2_18:2),CTL,individual,7:13239822,7,13239822,3.677873e-09,SORBI_3007G090421,0.954956
TG(18:1_18:2_18:2),CTL,individual,7:13239822,7,13239822,3.677873e-09,SORBI_3007G090424,0.954956
TG(18:1_18:2_18:2),CTL,individual,7:13239822,7,13239822,3.677873e-09,SORBI_3007G090412,0.954944
TG(18:1_18:2_18:2),CTL,individual,7:13239822,7,13239822,3.677873e-09,SORBI_3007G090418,0.950265
TG(18:1_18:2_18:2),CTL,individual,7:13239822,7,13239822,3.677873e-09,SORBI_3007G090418,0.950238
TG(18:1_18:2_18:2),CTL,individual,7:13239822,7,13239822,3.677873e-09,SORBI_3007G090403,0.948889
TG(18:1_18:2_18:2),CTL,individual,7:13239822,7,13239822,3.677873e-09,SORBI_3007G090418,0.948889
TG(18:1_18:2_18:2),CTL,individual,7:13239822,7,13239822,3.677873e-09,SORBI_3007G090421,0.948889
TG(18:1_18:2_18:2),CTL,individual,7:13239822,7,13239822,3.677873e-09,SORBI_3007G090412,0.948875
TG(18:1_18:2_18:2),CTL,individual,7:13239822,7,13239822,3.677873e-09,SORBI_3007G090415,0.948038
TG(18:1_18:2_18:2),CTL,individual,7:13239822,7,13239822,3.677873e-09,SORBI_3007G090421,0.948038
TG(18:1_18:2_18:2),CTL,individual,7:13239822,7,13239822,3.677873e-09,SORBI_3007G090424,0.947965
TG(18:1_18:2_18:2),CTL,individual,7:13239822,7,13239822,3.677873e-09,SORBI_3007G090421,0.947963
TG(18:1_18:2_18:2),CTL,individual,7:13239822,7,13239822,3.677873e-09,SORBI_3007G090424,0.947963
TG(18:1_18:2_18:2),CTL,individual,7:13239822,7,13239822,3.677873e-09,SORBI_3007G090412,0.947949
TG(18:1_18:2_18:2),CTL,individual,7:13239822,7,13239822,3.677873e-09,SORBI_3007G090415,0.94727
TG(18:1_18:2_18:2),CTL,individual,7:13239822,7,13239822,3.677873e-09,SORBI_3007G090421,0.94727
TG(18:1_18:2_18:2),CTL,individual,7:13239822,7,13239822,3.677873e-09,SORBI_3007G090424,0.94727
TG(18:1_18:2_18:2),CTL,individual,7:13239822,7,13239822,3.677873e-09,SORBI_3007G090418,0.947241
TG(18:1_18:2_18:2),CTL,individual,7:13239822,7,13239822,3.677873e-09,SORBI_3007G090418,0.947226
TG(18:1_18:2_18:2),CTL,individual,7:13239822,7,13239822,3.677873e-09,SORBI_3007G090418,0.944566
TG(18:1_18:2_18:2),CTL,individual,7:13239822,7,13239822,3.677873e-09,SORBI_3007G090403,0.942941
TG(18:1_18:2_18:2),CTL,individual,7:13239822,7,13239822,3.677873e-09,SORBI_3007G090418,0.942941
TG(18:1_18:2_18:2),CTL,individual,7:13239822,7,13239822,3.677873e-09,SORBI_3007G090421,0.942941
TG(18:1_18:2_18:2),CTL,individual,7:13239822,7,13239822,3.677873e-09,SORBI_3007G090403,0.941787
TG(18:1_18:2_18:2),CTL,individual,7:13239822,7,13239822,3.677873e-09,SORBI_3007G090415,0.941787
TG(18:1_18:2_18:2),CTL,individual,7:13239822,7,13239822,3.677873e-09,SORBI_3007G090421,0.941787
TG(18:1_18:2_18:2),CTL,individual,7:13239822,7,13239822,3.677873e-09,SORBI_3007G090424,0.941787
TG(18:1_18:2_18:2),CTL,individual,7:13239822,7,13239822,3.677873e-09,SORBI_3007G090418,0.941755
TG(18:1_18:2_18:2),CTL,individual,7:13239822,7,13239822,3.677873e-09,SORBI_3007G090415,0.941072
TG(18:1_18:2_18:2),CTL,individual,7:13239822,7,13239822,3.677873e-09,SORBI_3007G090421,0.941072
TG(18:1_18:2_18:2),CTL,individual,7:13239822,7,13239822,3.677873e-09,SORBI_3007G090424,0.941072
TG(18:1_18:2_18:2),CTL,individual,7:13239822,7,13239822,3.677873e-09,SORBI_3007G090403,0.93712
TG(18:1_18:2_18:2),CTL,individual,7:13239822,7,13239822,3.677873e-09,SORBI_3007G090421,0.93712
TG(18:1_18:2_18:2),CTL,individual,7:13239822,7,13239822,3.677873e-09,SORBI_3007G090424,0.93712
TG(18:1_18:2_18:2),CTL,individual,7:13239822,7,13239822,3.677873e-09,SORBI_3007G090418,0.937069
TG(18:1_18:2_18:2),CTL,individual,7:13239822,7,13239822,3.677873e-09,SORBI_3007G090403,0.935727
TG(18:1_18:2_18:2),CTL,individual,7:13239822,7,13239822,3.677873e-09,SORBI_3007G090415,0.935727
TG(18:1_18:2_18:2),CTL,individual,7:13239822,7,13239822,3.677873e-09,SORBI_3007G090418,0.935727
TG(18:1_18:2_18:2),CTL,individual,7:13239822,7,13239822,3.677873e-09,SORBI_3007G090421,0.935727
TG(18:1_18:2_18:2),CTL,individual,7:13239822,7,13239822,3.677873e-09,SORBI_3007G090418,0.935674
TG(18:1_18:2_18:2),CTL,individual,7:13239822,7,13239822,3.677873e-09,SORBI_3007G090421,0.93479
TG(18:1_18:2_18:2),CTL,individual,7:13239822,7,13239822,3.677873e-09,SORBI_3007G090424,0.93479
TG(18:1_18:2_18:2),CTL,individual,7:13239822,7,13239822,3.677873e-09,SORBI_3007G090421,0.934278
TG(18:1_18:2_18:2),CTL,individual,7:13239822,7,13239822,3.677873e-09,SORBI_3007G090403,0.931433
TG(18:1_18:2_18:2),CTL,individual,7:13239822,7,13239822,3.677873e-09,SORBI_3007G090424,0.931433
TG(18:1_18:2_18:2),CTL,individual,7:13239822,7,13239822,3.677873e-09,SORBI_3007G090403,0.929787
TG(18:1_18:2_18:2),CTL,individual,7:13239822,7,13239822,3.677873e-09,SORBI_3007G090421,0.929787
TG(18:1_18:2_18:2),CTL,individual,7:13239822,7,13239822,3.677873e-09,SORBI_3007G090418,0.929749
TG(18:1_18:2_18:2),CTL,individual,7:13239822,7,13239822,3.677873e-09,SORBI_3007G090421,0.928619
TG(18:1_18:2_18:2),CTL,individual,7:13239822,7,13239822,3.677873e-09,SORBI_3007G090424,0.927582
TG(18:1_18:2_18:2),CTL,individual,7:13239822,7,13239822,3.677873e-09,SORBI_3007G090421,0.926716
TG(18:1_18:2_18:2),CTL,individual,7:13239822,7,13239822,3.677873e-09,SORBI_3007G090421,0.925887
TG(18:1_18:2_18:2),CTL,individual,7:13239822,7,13239822,3.677873e-09,SORBI_3007G090403,0.923976
TG(18:1_18:2_18:2),CTL,individual,7:13239822,7,13239822,3.677873e-09,SORBI_3007G090415,0.923418
TG(18:1_18:2_18:2),CTL,individual,7:13239822,7,13239822,3.677873e-09,SORBI_3007G090418,0.92319
TG(18:1_18:2_18:2),CTL,individual,7:13239822,7,13239822,3.677873e-09,SORBI_3007G090418,0.922575
TG(18:1_18:2_18:2),CTL,individual,7:13239822,7,13239822,3.677873e-09,SORBI_3007G090418,0.922523
TG(18:1_18:2_18:2),CTL,individual,7:13239822,7,13239822,3.677873e-09,SORBI_3007G090421,0.921913
TG(18:1_18:2_18:2),CTL,individual,7:13239822,7,13239822,3.677873e-09,SORBI_3007G090424,0.921913
TG(18:1_18:2_18:2),CTL,individual,7:13239822,7,13239822,3.677873e-09,SORBI_3007G090418,0.921829
TG(18:1_18:2_18:2),CTL,individual,7:13239822,7,13239822,3.677873e-09,SORBI_3007G090415,0.921547
TG(18:1_18:2_18:2),CTL,individual,7:13239822,7,13239822,3.677873e-09,SORBI_3007G090421,0.921547
TG(18:1_18:2_18:2),CTL,individual,7:13239822,7,13239822,3.677873e-09,SORBI_3007G090424,0.921547
TG(18:1_18:2_18:2),CTL,individual,7:13239822,7,13239822,3.677873e-09,SORBI_3007G090418,0.921504
TG(18:1_18:2_18:2),CTL,individual,7:13239822,7,13239822,3.677873e-09,SORBI_3007G090415,0.920979
TG(18:1_18:2_18:2),CTL,individual,7:13239822,7,13239822,3.677873e-09,SORBI_3007G090403,0.918301
TG(18:1_18:2_18:2),CTL,individual,7:13239822,7,13239822,3.677873e-09,SORBI_3007G090403,0.915255
TG(18:1_18:2_18:2),CTL,individual,7:13239822,7,13239822,3.677873e-09,SORBI_3007G090403,0.91475
TG(18:1_18:2_18:2),CTL,individual,7:13239822,7,13239822,3.677873e-09,SORBI_3007G090403,0.913619
TG(18:1_18:2_18:2),CTL,individual,7:13239822,7,13239822,3.677873e-09,SORBI_3007G090421,0.903659
TG(18:1_18:2_18:2),CTL,individual,7:13239822,7,13239822,3.677873e-09,SORBI_3007G090418,0.900731
TG(18:1_18:2_18:2),CTL,individual,7:13239822,7,13239822,3.677873e-09,SORBI_3007G090415,0.89705
TG(18:1_18:2_18:2),CTL,individual,7:13239822,7,13239822,3.677873e-09,SORBI_3007G090424,0.895273
TG(18:1_18:2_18:2),CTL,individual,7:13239822,7,13239822,3.677873e-09,SORBI_3007G090418,0.895216
TG(18:1_18:2_18:2),CTL,individual,7:13239822,7,13239822,3.677873e-09,SORBI_3007G090415,0.894836
TG(18:1_18:2_18:2),CTL,individual,7:13239822,7,13239822,3.677873e-09,SORBI_3007G090421,0.894836
TG(18:1_18:2_18:2),CTL,individual,7:13239822,7,13239822,3.677873e-09,SORBI_3007G090421,0.894128
TG(18:1_18:2_18:2),CTL,individual,7:13239822,7,13239822,3.677873e-09,SORBI_3007G090421,0.890504
TG(18:1_18:2_18:2),CTL,individual,7:13239822,7,13239822,3.677873e-09,SORBI_3007G090415,0.887613
TG(18:1_18:2_18:2),CTL,individual,7:13239822,7,13239822,3.677873e-09,SORBI_3007G090418,0.882942
TG(18:1_18:2_18:2),CTL,individual,7:13239822,7,13239822,3.677873e-09,SORBI_3007G090415,0.879492
TG(18:1_18:2_18:2),CTL,individual,7:13239822,7,13239822,3.677873e-09,SORBI_3007G090421,0.879247
TG(18:1_18:2_18:2),CTL,individual,7:13239822,7,13239822,3.677873e-09,SORBI_3007G090421,0.878945
TG(18:1_18:2_18:2),CTL,individual,7:13239822,7,13239822,3.677873e-09,SORBI_3007G090418,0.878003
TG(18:1_18:2_18:2),CTL,individual,7:13239822,7,13239822,3.677873e-09,SORBI_3007G090418,0.874713
TG(18:1_18:2_18:2),CTL,individual,7:13239822,7,13239822,3.677873e-09,SORBI_3007G090424,0.873692
TG(18:1_18:2_18:2),CTL,individual,7:13239822,7,13239822,3.677873e-09,SORBI_3007G090403,0.871379
TG(18:1_18:2_18:2),CTL,individual,7:13239822,7,13239822,3.677873e-09,SORBI_3007G090424,0.870821
TG(18:1_18:2_18:2),CTL,individual,7:13239822,7,13239822,3.677873e-09,SORBI_3007G090403,0.870669
TG(18:1_18:2_18:2),CTL,individual,7:13239822,7,13239822,3.677873e-09,SORBI_3007G090424,0.870106
TG(18:1_18:2_18:2),CTL,individual,7:13239822,7,13239822,3.677873e-09,SORBI_3007G090415,0.869148
TG(18:1_18:2_18:2),CTL,individual,7:13239822,7,13239822,3.677873e-09,SORBI_3007G090415,0.86884
TG(18:1_18:2_18:2),CTL,individual,7:13239822,7,13239822,3.677873e-09,SORBI_3007G090421,0.866644
TG(18:1_18:2_18:2),CTL,individual,7:13239822,7,13239822,3.677873e-09,SORBI_3007G090403,0.866524
TG(18:1_18:2_18:2),CTL,individual,7:13239822,7,13239822,3.677873e-09,SORBI_3007G090415,0.864736
TG(18:1_18:2_18:2),CTL,individual,7:13239822,7,13239822,3.677873e-09,SORBI_3007G090424,0.86413
TG(18:1_18:2_18:2),CTL,individual,7:13239822,7,13239822,3.677873e-09,SORBI_3007G090421,0.863295
TG(18:1_18:2_18:2),CTL,individual,7:13239822,7,13239822,3.677873e-09,SORBI_3007G090421,0.856909
TG(18:1_18:2_18:2),CTL,individual,7:13239822,7,13239822,3.677873e-09,SORBI_3007G090415,0.856237
TG(18:1_18:2_18:2),CTL,individual,7:13239822,7,13239822,3.677873e-09,SORBI_3007G090424,0.855452
TG(18:1_18:2_18:2),CTL,individual,7:13239822,7,13239822,3.677873e-09,SORBI_3007G090421,0.848065
TG(18:1_18:2_18:2),CTL,individual,7:13239822,7,13239822,3.677873e-09,SORBI_3007G090421,0.847533
TG(18:1_18:2_18:2),CTL,individual,7:13239822,7,13239822,3.677873e-09,SORBI_3007G090418,0.845451
TG(18:1_18:2_18:2),CTL,individual,7:13239822,7,13239822,3.677873e-09,SORBI_3007G090421,0.8454
TG(18:1_18:2_18:2),CTL,individual,7:13239822,7,13239822,3.677873e-09,SORBI_3007G090403,0.844795
TG(18:1_18:2_18:2),CTL,individual,7:13239822,7,13239822,3.677873e-09,SORBI_3007G090418,0.844187
TG(18:1_18:2_18:2),CTL,individual,7:13239822,7,13239822,3.677873e-09,SORBI_3007G090403,0.842061
TG(18:1_18:2_18:2),CTL,individual,7:13239822,7,13239822,3.677873e-09,SORBI_3007G090421,0.841885
TG(18:1_18:2_18:2),CTL,individual,7:13239822,7,13239822,3.677873e-09,SORBI_3007G090421,0.838375
TG(18:1_18:2_18:2),CTL,individual,7:13239822,7,13239822,3.677873e-09,SORBI_3007G090403,0.833984
TG(18:1_18:2_18:2),CTL,individual,7:13239822,7,13239822,3.677873e-09,SORBI_3007G090421,0.832995
TG(18:1_18:2_18:2),CTL,individual,7:13239822,7,13239822,3.677873e-09,SORBI_3007G090418,0.83098
TG(18:1_18:2_18:2),CTL,individual,7:13239822,7,13239822,3.677873e-09,SORBI_3007G090421,0.830976
TG(18:1_18:2_18:2),CTL,individual,7:13239822,7,13239822,3.677873e-09,SORBI_3007G090421,0.829717
TG(18:1_18:2_18:2),CTL,individual,7:13239822,7,13239822,3.677873e-09,SORBI_3007G090415,0.820644
TG(18:1_18:2_18:2),CTL,individual,7:13239822,7,13239822,3.677873e-09,SORBI_3007G090403,0.820486
TG(18:1_18:2_18:2),CTL,individual,7:13239822,7,13239822,3.677873e-09,SORBI_3007G090415,0.817285
TG(18:1_18:2_18:2),CTL,individual,7:13239822,7,13239822,3.677873e-09,SORBI_3007G090418,0.817247
TG(18:1_18:2_18:2),CTL,individual,7:13239822,7,13239822,3.677873e-09,SORBI_3007G090421,0.811249
TG(18:1_18:2_18:2),CTL,individual,7:13239822,7,13239822,3.677873e-09,SORBI_3007G090421,0.807924
TG(18:1_18:2_18:2),CTL,individual,7:13239822,7,13239822,3.677873e-09,SORBI_3007G090421,0.803124
TG(18:1_18:2_18:2),CTL,individual,7:13239822,7,13239822,3.677873e-09,SORBI_3007G090418,0.802982
TG(18:1_18:2_18:2),CTL,individual,7:13239822,7,13239822,3.677873e-09,SORBI_3007G090418,0.793193
TG(18:1_18:2_18:2),CTL,individual,7:13239822,7,13239822,3.677873e-09,SORBI_3007G090421,0.791418
TG(18:1_18:2_18:2),CTL,individual,7:13239822,7,13239822,3.677873e-09,SORBI_3007G090421,0.787286
TG(18:1_18:2_18:2),CTL,individual,7:13239822,7,13239822,3.677873e-09,SORBI_3007G090421,0.786613
TG(18:1_18:2_18:2),CTL,individual,7:13239822,7,13239822,3.677873e-09,SORBI_3007G090421,0.784859
TG(18:1_18:2_18:2),CTL,individual,7:13239822,7,13239822,3.677873e-09,SORBI_3007G090421,0.778343
TG(18:1_18:2_18:2),CTL,individual,7:13239822,7,13239822,3.677873e-09,SORBI_3007G090421,0.757859
TG(18:1_18:2_18:2),CTL,individual,7:13239822,7,13239822,3.677873e-09,SORBI_3007G090418,0.756526
TG(18:1_18:2_18:2),CTL,individual,7:13239822,7,13239822,3.677873e-09,SORBI_3007G090421,0.755011
TG(18:1_18:2_18:2),CTL,individual,7:13239822,7,13239822,3.677873e-09,SORBI_3007G090415,0.73692
TG(18:1_18:2_18:2),CTL,individual,7:13239822,7,13239822,3.677873e-09,SORBI_3007G090418,0.718626
TG(18:1_18:2_18:2),CTL,individual,7:13239822,7,13239822,3.677873e-09,SORBI_3007G090421,0.710259
TG(18:1_18:2_18:2),CTL,individual,7:13239822,7,13239822,3.677873e-09,SORBI_3007G090415,0.7101
TG(18:1_18:2_18:2),CTL,individual,7:13239822,7,13239822,3.677873e-09,SORBI_3007G090421,0.623472
TG(18:1_18:2_18:2),CTL,individual,7:13239822,7,13239822,3.677873e-09,SORBI_3007G090403,0.565101
TG(18:1_18:2_18:2),CTL,individual,7:13239822,7,13239822,3.677873e-09,SORBI_3007G090421,0.562254
TG(18:1_18:2_18:2),CTL,individual,7:13239822,7,13239822,3.677873e-09,SORBI_3007G090421,0.551791
TG(18:1_18:2_18:2),CTL,individual,7:13239822,7,13239822,3.677873e-09,SORBI_3007G090421,0.547064
TG(18:1_18:2_18:2),CTL,individual,7:13239822,7,13239822,3.677873e-09,SORBI_3007G090421,0.540037
TG(18:1_18:2_18:2),CTL,individual,7:13239822,7,13239822,3.677873e-09,SORBI_3007G090403,0.538358
TG(18:1_18:2_18:2),CTL,individual,7:13239822,7,13239822,3.677873e-09,SORBI_3007G090403,0.536669
TG(18:1_18:2_18:2),CTL,individual,7:13239822,7,13239822,3.677873e-09,SORBI_3007G090421,0.531818
TG(18:1_18:2_18:2),CTL,individual,7:13239822,7,13239822,3.677873e-09,SORBI_3007G090403,0.530948
TG(18:1_18:2_18:2),CTL,individual,7:13239822,7,13239822,3.677873e-09,SORBI_3007G090421,0.522278
TG(18:1_18:2_18:2),CTL,individual,7:13239822,7,13239822,3.677873e-09,SORBI_3007G090421,0.513019
TG(18:1_18:2_18:2),CTL,individual,7:13239822,7,13239822,3.677873e-09,SORBI_3007G090421,0.492705
TG(18:1_18:2_18:2),CTL,individual,7:13239822,7,13239822,3.677873e-09,SORBI_3007G090406,0.481087
TG(18:1_18:2_18:2),CTL,individual,7:13239822,7,13239822,3.677873e-09,SORBI_3007G090421,0.470529
TG(18:1_18:2_18:2),CTL,individual,7:13239822,7,13239822,3.677873e-09,SORBI_3007G090418,0.461269
TG(18:1_18:2_18:2),CTL,individual,7:13239822,7,13239822,3.677873e-09,SORBI_3007G090421,0.460733
TG(18:1_18:2_18:2),CTL,individual,7:13239822,7,13239822,3.677873e-09,SORBI_3007G090421,0.439731
TG(18:1_18:2_18:2),CTL,individual,7:13239822,7,13239822,3.677873e-09,SORBI_3007G090406,0.408238
TG(18:1_18:2_18:2),CTL,individual,4:9817931,4,9817931,3.871808e-09,SORBI_3004G104200,0.930368
TG(18:1_18:2_18:2),CTL,individual,4:9817931,4,9817931,3.871808e-09,SORBI_3004G104200,0.924986
TG(18:1_18:2_18:2),CTL,individual,4:9817931,4,9817931,3.871808e-09,SORBI_3004G104400,0.919013
TG(18:1_18:2_18:2),CTL,individual,4:9817931,4,9817931,3.871808e-09,SORBI_3004G104100,0.918953
TG(18:1_18:2_18:2),CTL,individual,4:9817931,4,9817931,3.871808e-09,SORBI_3004G104200,0.915026
TG(18:1_18:2_18:2),CTL,individual,4:9817931,4,9817931,3.871808e-09,SORBI_3004G104250,0.912376
TG(18:1_18:2_18:2),CTL,individual,4:9817931,4,9817931,3.871808e-09,SORBI_3004G104200,0.911489
TG(18:1_18:2_18:2),CTL,individual,4:9817931,4,9817931,3.871808e-09,SORBI_3004G104200,0.910263
TG(18:1_18:2_18:2),CTL,individual,4:9817931,4,9817931,3.871808e-09,SORBI_3004G104250,0.910263
TG(18:1_18:2_18:2),CTL,individual,4:9817931,4,9817931,3.871808e-09,SORBI_3004G104100,0.908895
TG(18:1_18:2_18:2),CTL,individual,4:9817931,4,9817931,3.871808e-09,SORBI_3004G104200,0.906051
TG(18:1_18:2_18:2),CTL,individual,4:9817931,4,9817931,3.871808e-09,SORBI_3004G104250,0.906051
TG(18:1_18:2_18:2),CTL,individual,4:9817931,4,9817931,3.871808e-09,SORBI_3004G104200,0.903916
TG(18:1_18:2_18:2),CTL,individual,4:9817931,4,9817931,3.871808e-09,SORBI_3004G104200,0.903888
TG(18:1_18:2_18:2),CTL,individual,4:9817931,4,9817931,3.871808e-09,SORBI_3004G104250,0.903859
TG(18:1_18:2_18:2),CTL,individual,4:9817931,4,9817931,3.871808e-09,SORBI_3004G104250,0.900859
TG(18:1_18:2_18:2),CTL,individual,4:9817931,4,9817931,3.871808e-09,SORBI_3004G104200,0.89798
TG(18:1_18:2_18:2),CTL,individual,4:9817931,4,9817931,3.871808e-09,SORBI_3004G104400,0.897895
TG(18:1_18:2_18:2),CTL,individual,4:9817931,4,9817931,3.871808e-09,SORBI_3004G104250,0.896154
TG(18:1_18:2_18:2),CTL,individual,4:9817931,4,9817931,3.871808e-09,SORBI_3004G104100,0.896077
TG(18:1_18:2_18:2),CTL,individual,4:9817931,4,9817931,3.871808e-09,SORBI_3004G104000,0.895008
TG(18:1_18:2_18:2),CTL,individual,4:9817931,4,9817931,3.871808e-09,SORBI_3004G104100,0.88923
TG(18:1_18:2_18:2),CTL,individual,4:9817931,4,9817931,3.871808e-09,SORBI_3004G104200,0.888921
TG(18:1_18:2_18:2),CTL,individual,4:9817931,4,9817931,3.871808e-09,SORBI_3004G104250,0.884267
TG(18:1_18:2_18:2),CTL,individual,4:9817931,4,9817931,3.871808e-09,SORBI_3004G104250,0.882662
TG(18:1_18:2_18:2),CTL,individual,4:9817931,4,9817931,3.871808e-09,SORBI_3004G104250,0.878619
TG(18:1_18:2_18:2),CTL,individual,4:9817931,4,9817931,3.871808e-09,SORBI_3004G104250,0.878547
TG(18:1_18:2_18:2),CTL,individual,4:9817931,4,9817931,3.871808e-09,SORBI_3004G104100,0.87844
TG(18:1_18:2_18:2),CTL,individual,4:9817931,4,9817931,3.871808e-09,SORBI_3004G104250,0.877151
TG(18:1_18:2_18:2),CTL,individual,4:9817931,4,9817931,3.871808e-09,SORBI_3004G104400,0.8769
TG(18:1_18:2_18:2),CTL,individual,4:9817931,4,9817931,3.871808e-09,SORBI_3004G104250,0.876508
TG(18:1_18:2_18:2),CTL,individual,4:9817931,4,9817931,3.871808e-09,SORBI_3004G104200,0.876399
TG(18:1_18:2_18:2),CTL,individual,4:9817931,4,9817931,3.871808e-09,SORBI_3004G104250,0.872232
TG(18:1_18:2_18:2),CTL,individual,4:9817931,4,9817931,3.871808e-09,SORBI_3004G104250,0.868127
TG(18:1_18:2_18:2),CTL,individual,4:9817931,4,9817931,3.871808e-09,SORBI_3004G104250,0.867989
TG(18:1_18:2_18:2),CTL,individual,4:9817931,4,9817931,3.871808e-09,SORBI_3004G104250,0.862021
TG(18:1_18:2_18:2),CTL,individual,4:9817931,4,9817931,3.871808e-09,SORBI_3004G104200,0.8609
TG(18:1_18:2_18:2),CTL,individual,4:9817931,4,9817931,3.871808e-09,SORBI_3004G104200,0.857285
TG(18:1_18:2_18:2),CTL,individual,4:9817931,4,9817931,3.871808e-09,SORBI_3004G104200,0.857192
TG(18:1_18:2_18:2),CTL,individual,4:9817931,4,9817931,3.871808e-09,SORBI_3004G104250,0.855986
TG(18:1_18:2_18:2),CTL,individual,4:9817931,4,9817931,3.871808e-09,SORBI_3004G104250,0.851373
TG(18:1_18:2_18:2),CTL,individual,4:9817931,4,9817931,3.871808e-09,SORBI_3004G104250,0.84739
TG(18:1_18:2_18:2),CTL,individual,4:9817931,4,9817931,3.871808e-09,SORBI_3004G104250,0.846736
TG(18:1_18:2_18:2),CTL,individual,4:9817931,4,9817931,3.871808e-09,SORBI_3004G104250,0.832187
TG(18:1_18:2_18:2),CTL,individual,4:9817931,4,9817931,3.871808e-09,SORBI_3004G104250,0.831763
TG(18:1_18:2_18:2),CTL,individual,4:9817931,4,9817931,3.871808e-09,SORBI_3004G104100,0.827197
TG(18:1_18:2_18:2),CTL,individual,4:9817931,4,9817931,3.871808e-09,SORBI_3004G104200,0.822802
TG(18:1_18:2_18:2),CTL,individual,4:9817931,4,9817931,3.871808e-09,SORBI_3004G104100,0.815367
TG(18:1_18:2_18:2),CTL,individual,4:9817931,4,9817931,3.871808e-09,SORBI_3004G104200,0.809885
TG(18:1_18:2_18:2),CTL,individual,4:9817931,4,9817931,3.871808e-09,SORBI_3004G104400,0.809204
TG(18:1_18:2_18:2),CTL,individual,4:9817931,4,9817931,3.871808e-09,SORBI_3004G104100,0.807775
TG(18:1_18:2_18:2),CTL,individual,4:9817931,4,9817931,3.871808e-09,SORBI_3004G104250,0.803838
TG(18:1_18:2_18:2),CTL,individual,4:9817931,4,9817931,3.871808e-09,SORBI_3004G104200,0.801198
TG(18:1_18:2_18:2),CTL,individual,4:9817931,4,9817931,3.871808e-09,SORBI_3004G104250,0.782828
TG(18:1_18:2_18:2),CTL,individual,4:9817931,4,9817931,3.871808e-09,SORBI_3004G104100,0.782449
TG(18:1_18:2_18:2),CTL,individual,4:9817931,4,9817931,3.871808e-09,SORBI_3004G104200,0.78024
TG(18:1_18:2_18:2),CTL,individual,4:9817931,4,9817931,3.871808e-09,SORBI_3004G104250,0.772024
TG(18:1_18:2_18:2),CTL,individual,4:9817931,4,9817931,3.871808e-09,SORBI_3004G104100,0.770349
TG(18:1_18:2_18:2),CTL,individual,4:9817931,4,9817931,3.871808e-09,SORBI_3004G104250,0.766964
TG(18:1_18:2_18:2),CTL,individual,4:9817931,4,9817931,3.871808e-09,SORBI_3004G104400,0.759966
TG(18:1_18:2_18:2),CTL,individual,4:9817931,4,9817931,3.871808e-09,SORBI_3004G104200,0.755847
TG(18:1_18:2_18:2),CTL,individual,4:9817931,4,9817931,3.871808e-09,SORBI_3004G104400,0.755067
TG(18:1_18:2_18:2),CTL,individual,4:9817931,4,9817931,3.871808e-09,SORBI_3004G104250,0.748663
TG(18:1_18:2_18:2),CTL,individual,4:9817931,4,9817931,3.871808e-09,SORBI_3004G104200,0.742667
TG(18:1_18:2_18:2),CTL,individual,4:9817931,4,9817931,3.871808e-09,SORBI_3004G104200,0.738656
TG(18:1_18:2_18:2),CTL,individual,4:9817931,4,9817931,3.871808e-09,SORBI_3004G104250,0.722121
TG(18:1_18:2_18:2),CTL,individual,4:9817931,4,9817931,3.871808e-09,SORBI_3004G104250,0.721342
TG(18:1_18:2_18:2),CTL,individual,4:9817931,4,9817931,3.871808e-09,SORBI_3004G104100,0.711762
TG(18:1_18:2_18:2),CTL,individual,4:9817931,4,9817931,3.871808e-09,SORBI_3004G104100,0.711635
TG(18:1_18:2_18:2),CTL,individual,4:9817931,4,9817931,3.871808e-09,SORBI_3004G104100,0.706037
TG(18:1_18:2_18:2),CTL,individual,4:9817931,4,9817931,3.871808e-09,SORBI_3004G104200,0.698983
TG(18:1_18:2_18:2),CTL,individual,4:9817931,4,9817931,3.871808e-09,SORBI_3004G104200,0.698338
TG(18:1_18:2_18:2),CTL,individual,4:9817931,4,9817931,3.871808e-09,SORBI_3004G104200,0.695123
TG(18:1_18:2_18:2),CTL,individual,4:9817931,4,9817931,3.871808e-09,SORBI_3004G104200,0.692747
TG(18:1_18:2_18:2),CTL,individual,4:9817931,4,9817931,3.871808e-09,SORBI_3004G103800,0.691626
TG(18:1_18:2_18:2),CTL,individual,4:9817931,4,9817931,3.871808e-09,SORBI_3004G104400,0.677734
TG(18:1_18:2_18:2),CTL,individual,4:9817931,4,9817931,3.871808e-09,SORBI_3004G103800,0.675535
TG(18:1_18:2_18:2),CTL,individual,4:9817931,4,9817931,3.871808e-09,SORBI_3004G104100,0.660932
TG(18:1_18:2_18:2),CTL,individual,4:9817931,4,9817931,3.871808e-09,SORBI_3004G104200,0.652903
TG(18:1_18:2_18:2),CTL,individual,4:9817931,4,9817931,3.871808e-09,SORBI_3004G104100,0.649694
TG(18:1_18:2_18:2),CTL,individual,4:9817931,4,9817931,3.871808e-09,SORBI_3004G104250,0.646636
TG(18:1_18:2_18:2),CTL,individual,4:9817931,4,9817931,3.871808e-09,SORBI_3004G103800,0.626665
TG(18:1_18:2_18:2),CTL,individual,4:9817931,4,9817931,3.871808e-09,SORBI_3004G104200,0.615165
TG(18:1_18:2_18:2),CTL,individual,4:9817931,4,9817931,3.871808e-09,SORBI_3004G104000,0.61458
TG(18:1_18:2_18:2),CTL,individual,4:9817931,4,9817931,3.871808e-09,SORBI_3004G103901,0.614026
TG(18:1_18:2_18:2),CTL,individual,4:9817931,4,9817931,3.871808e-09,SORBI_3004G103901,0.60977
TG(18:1_18:2_18:2),CTL,individual,4:9817931,4,9817931,3.871808e-09,SORBI_3004G104400,0.60942
TG(18:1_18:2_18:2),CTL,individual,4:9817931,4,9817931,3.871808e-09,SORBI_3004G104500,0.606322
TG(18:1_18:2_18:2),CTL,individual,4:9817931,4,9817931,3.871808e-09,SORBI_3004G103800,0.603422
TG(18:1_18:2_18:2),CTL,individual,4:9817931,4,9817931,3.871808e-09,SORBI_3004G104200,0.602805
TG(18:1_18:2_18:2),CTL,individual,4:9817931,4,9817931,3.871808e-09,SORBI_3004G103800,0.60208
TG(18:1_18:2_18:2),CTL,individual,4:9817931,4,9817931,3.871808e-09,SORBI_3004G104200,0.601095
TG(18:1_18:2_18:2),CTL,individual,4:9817931,4,9817931,3.871808e-09,SORBI_3004G104000,0.599402
TG(18:1_18:2_18:2),CTL,individual,4:9817931,4,9817931,3.871808e-09,SORBI_3004G103800,0.598032
TG(18:1_18:2_18:2),CTL,individual,4:9817931,4,9817931,3.871808e-09,SORBI_3004G104300,0.597868
TG(18:1_18:2_18:2),CTL,individual,4:9817931,4,9817931,3.871808e-09,SORBI_3004G104200,0.597762
TG(18:1_18:2_18:2),CTL,individual,4:9817931,4,9817931,3.871808e-09,SORBI_3004G104000,0.597199
TG(18:1_18:2_18:2),CTL,individual,4:9817931,4,9817931,3.871808e-09,SORBI_3004G103800,0.595466
TG(18:1_18:2_18:2),CTL,individual,4:9817931,4,9817931,3.871808e-09,SORBI_3004G103901,0.593853
TG(18:1_18:2_18:2),CTL,individual,4:9817931,4,9817931,3.871808e-09,SORBI_3004G104400,0.589413
TG(18:1_18:2_18:2),CTL,individual,4:9817931,4,9817931,3.871808e-09,SORBI_3004G104000,0.583917
TG(18:1_18:2_18:2),CTL,individual,4:9817931,4,9817931,3.871808e-09,SORBI_3004G104100,0.583229
TG(18:1_18:2_18:2),CTL,individual,4:9817931,4,9817931,3.871808e-09,SORBI_3004G104200,0.581237
TG(18:1_18:2_18:2),CTL,individual,4:9817931,4,9817931,3.871808e-09,SORBI_3004G104000,0.579388
TG(18:1_18:2_18:2),CTL,individual,4:9817931,4,9817931,3.871808e-09,SORBI_3004G104200,0.577862
TG(18:1_18:2_18:2),CTL,individual,4:9817931,4,9817931,3.871808e-09,SORBI_3004G103800,0.577803
TG(18:1_18:2_18:2),CTL,individual,4:9817931,4,9817931,3.871808e-09,SORBI_3004G104250,0.575475
TG(18:1_18:2_18:2),CTL,individual,4:9817931,4,9817931,3.871808e-09,SORBI_3004G104250,0.573499
TG(18:1_18:2_18:2),CTL,individual,4:9817931,4,9817931,3.871808e-09,SORBI_3004G104250,0.573185
TG(18:1_18:2_18:2),CTL,individual,4:9817931,4,9817931,3.871808e-09,SORBI_3004G103800,0.569661
TG(18:1_18:2_18:2),CTL,individual,4:9817931,4,9817931,3.871808e-09,SORBI_3004G104400,0.569435
TG(18:1_18:2_18:2),CTL,individual,4:9817931,4,9817931,3.871808e-09,SORBI_3004G104200,0.568774
TG(18:1_18:2_18:2),CTL,individual,4:9817931,4,9817931,3.871808e-09,SORBI_3004G104250,0.568774
TG(18:1_18:2_18:2),CTL,individual,4:9817931,4,9817931,3.871808e-09,SORBI_3004G104200,0.568686
TG(18:1_18:2_18:2),CTL,individual,4:9817931,4,9817931,3.871808e-09,SORBI_3004G104250,0.567625
TG(18:1_18:2_18:2),CTL,individual,4:9817931,4,9817931,3.871808e-09,SORBI_3004G104200,0.567032
TG(18:1_18:2_18:2),CTL,individual,4:9817931,4,9817931,3.871808e-09,SORBI_3004G104200,0.564151
TG(18:1_18:2_18:2),CTL,individual,4:9817931,4,9817931,3.871808e-09,SORBI_3004G104250,0.564063
TG(18:1_18:2_18:2),CTL,individual,4:9817931,4,9817931,3.871808e-09,SORBI_3004G104250,0.5628
TG(18:1_18:2_18:2),CTL,individual,4:9817931,4,9817931,3.871808e-09,SORBI_3004G104100,0.5621
TG(18:1_18:2_18:2),CTL,individual,4:9817931,4,9817931,3.871808e-09,SORBI_3004G104200,0.559637
TG(18:1_18:2_18:2),CTL,individual,4:9817931,4,9817931,3.871808e-09,SORBI_3004G104000,0.556944
TG(18:1_18:2_18:2),CTL,individual,4:9817931,4,9817931,3.871808e-09,SORBI_3004G104000,0.555088
TG(18:1_18:2_18:2),CTL,individual,4:9817931,4,9817931,3.871808e-09,SORBI_3004G103800,0.553365
TG(18:1_18:2_18:2),CTL,individual,4:9817931,4,9817931,3.871808e-09,SORBI_3004G104200,0.5511
TG(18:1_18:2_18:2),CTL,individual,4:9817931,4,9817931,3.871808e-09,SORBI_3004G104250,0.550971
TG(18:1_18:2_18:2),CTL,individual,4:9817931,4,9817931,3.871808e-09,SORBI_3004G104200,0.550574
TG(18:1_18:2_18:2),CTL,individual,4:9817931,4,9817931,3.871808e-09,SORBI_3004G103800,0.55039
TG(18:1_18:2_18:2),CTL,individual,4:9817931,4,9817931,3.871808e-09,SORBI_3004G104400,0.539152
TG(18:1_18:2_18:2),CTL,individual,4:9817931,4,9817931,3.871808e-09,SORBI_3004G104200,0.53705
TG(18:1_18:2_18:2),CTL,individual,4:9817931,4,9817931,3.871808e-09,SORBI_3004G104250,0.5363
TG(18:1_18:2_18:2),CTL,individual,4:9817931,4,9817931,3.871808e-09,SORBI_3004G104250,0.535192
TG(18:1_18:2_18:2),CTL,individual,4:9817931,4,9817931,3.871808e-09,SORBI_3004G104000,0.534353
TG(18:1_18:2_18:2),CTL,individual,4:9817931,4,9817931,3.871808e-09,SORBI_3004G104000,0.53366
TG(18:1_18:2_18:2),CTL,individual,4:9817931,4,9817931,3.871808e-09,SORBI_3004G104000,0.532194
TG(18:1_18:2_18:2),CTL,individual,4:9817931,4,9817931,3.871808e-09,SORBI_3004G104300,0.530545
TG(18:1_18:2_18:2),CTL,individual,4:9817931,4,9817931,3.871808e-09,SORBI_3004G103901,0.529651
TG(18:1_18:2_18:2),CTL,individual,4:9817931,4,9817931,3.871808e-09,SORBI_3004G104000,0.527484
TG(18:1_18:2_18:2),CTL,individual,4:9817931,4,9817931,3.871808e-09,SORBI_3004G104300,0.525304
TG(18:1_18:2_18:2),CTL,individual,4:9817931,4,9817931,3.871808e-09,SORBI_3004G104250,0.524717
TG(18:1_18:2_18:2),CTL,individual,4:9817931,4,9817931,3.871808e-09,SORBI_3004G104000,0.524292
TG(18:1_18:2_18:2),CTL,individual,4:9817931,4,9817931,3.871808e-09,SORBI_3004G104250,0.520291
TG(18:1_18:2_18:2),CTL,individual,4:9817931,4,9817931,3.871808e-09,SORBI_3004G104250,0.518207
TG(18:1_18:2_18:2),CTL,individual,4:9817931,4,9817931,3.871808e-09,SORBI_3004G104250,0.513973
TG(18:1_18:2_18:2),CTL,individual,4:9817931,4,9817931,3.871808e-09,SORBI_3004G104250,0.513457
TG(18:1_18:2_18:2),CTL,individual,4:9817931,4,9817931,3.871808e-09,SORBI_3004G103700,0.504232
TG(18:1_18:2_18:2),CTL,individual,4:9817931,4,9817931,3.871808e-09,SORBI_3004G104250,0.503545
TG(18:1_18:2_18:2),CTL,individual,4:9817931,4,9817931,3.871808e-09,SORBI_3004G104000,0.502661
TG(18:1_18:2_18:2),CTL,individual,4:9817931,4,9817931,3.871808e-09,SORBI_3004G103700,0.499871
TG(18:1_18:2_18:2),CTL,individual,4:9817931,4,9817931,3.871808e-09,SORBI_3004G103700,0.498227
TG(18:1_18:2_18:2),CTL,individual,4:9817931,4,9817931,3.871808e-09,SORBI_3004G103700,0.491334
TG(18:1_18:2_18:2),CTL,individual,4:9817931,4,9817931,3.871808e-09,SORBI_3004G104000,0.49114
TG(18:1_18:2_18:2),CTL,individual,4:9817931,4,9817931,3.871808e-09,SORBI_3004G104100,0.491004
TG(18:1_18:2_18:2),CTL,individual,4:9817931,4,9817931,3.871808e-09,SORBI_3004G103700,0.490808
TG(18:1_18:2_18:2),CTL,individual,4:9817931,4,9817931,3.871808e-09,SORBI_3004G104100,0.490808
TG(18:1_18:2_18:2),CTL,individual,4:9817931,4,9817931,3.871808e-09,SORBI_3004G104000,0.490473
TG(18:1_18:2_18:2),CTL,individual,4:9817931,4,9817931,3.871808e-09,SORBI_3004G103700,0.489481
TG(18:1_18:2_18:2),CTL,individual,4:9817931,4,9817931,3.871808e-09,SORBI_3004G104000,0.487121
TG(18:1_18:2_18:2),CTL,individual,4:9817931,4,9817931,3.871808e-09,SORBI_3004G103901,0.486849
TG(18:1_18:2_18:2),CTL,individual,4:9817931,4,9817931,3.871808e-09,SORBI_3004G103700,0.486502
TG(18:1_18:2_18:2),CTL,individual,4:9817931,4,9817931,3.871808e-09,SORBI_3004G104100,0.486502
TG(18:1_18:2_18:2),CTL,individual,4:9817931,4,9817931,3.871808e-09,SORBI_3004G104200,0.4856
TG(18:1_18:2_18:2),CTL,individual,4:9817931,4,9817931,3.871808e-09,SORBI_3004G104000,0.485277
TG(18:1_18:2_18:2),CTL,individual,4:9817931,4,9817931,3.871808e-09,SORBI_3004G104100,0.484904
TG(18:1_18:2_18:2),CTL,individual,4:9817931,4,9817931,3.871808e-09,SORBI_3004G104100,0.483539
TG(18:1_18:2_18:2),CTL,individual,4:9817931,4,9817931,3.871808e-09,SORBI_3004G104000,0.482797
TG(18:1_18:2_18:2),CTL,individual,4:9817931,4,9817931,3.871808e-09,SORBI_3004G104250,0.480276
TG(18:1_18:2_18:2),CTL,individual,4:9817931,4,9817931,3.871808e-09,SORBI_3004G103800,0.478782
TG(18:1_18:2_18:2),CTL,individual,4:9817931,4,9817931,3.871808e-09,SORBI_3004G104000,0.478054
TG(18:1_18:2_18:2),CTL,individual,4:9817931,4,9817931,3.871808e-09,SORBI_3004G104000,0.476462
TG(18:1_18:2_18:2),CTL,individual,4:9817931,4,9817931,3.871808e-09,SORBI_3004G104000,0.474387
TG(18:1_18:2_18:2),CTL,individual,4:9817931,4,9817931,3.871808e-09,SORBI_3004G104000,0.473357
TG(18:1_18:2_18:2),CTL,individual,4:9817931,4,9817931,3.871808e-09,SORBI_3004G104000,0.471698
TG(18:1_18:2_18:2),CTL,individual,4:9817931,4,9817931,3.871808e-09,SORBI_3004G104000,0.470208
TG(18:1_18:2_18:2),CTL,individual,4:9817931,4,9817931,3.871808e-09,SORBI_3004G104200,0.469799
TG(18:1_18:2_18:2),CTL,individual,4:9817931,4,9817931,3.871808e-09,SORBI_3004G104000,0.468367
TG(18:1_18:2_18:2),CTL,individual,4:9817931,4,9817931,3.871808e-09,SORBI_3004G104000,0.468287
TG(18:1_18:2_18:2),CTL,individual,4:9817931,4,9817931,3.871808e-09,SORBI_3004G103800,0.46779
TG(18:1_18:2_18:2),CTL,individual,4:9817931,4,9817931,3.871808e-09,SORBI_3004G104000,0.46739
TG(18:1_18:2_18:2),CTL,individual,4:9817931,4,9817931,3.871808e-09,SORBI_3004G104600,0.461172
TG(18:1_18:2_18:2),CTL,individual,4:9817931,4,9817931,3.871808e-09,SORBI_3004G104000,0.460634
TG(18:1_18:2_18:2),CTL,individual,4:9817931,4,9817931,3.871808e-09,SORBI_3004G104000,0.459328
TG(18:1_18:2_18:2),CTL,individual,4:9817931,4,9817931,3.871808e-09,SORBI_3004G104000,0.45247
TG(18:1_18:2_18:2),CTL,individual,4:9817931,4,9817931,3.871808e-09,SORBI_3004G104000,0.45101
TG(18:1_18:2_18:2),CTL,individual,4:9817931,4,9817931,3.871808e-09,SORBI_3004G104000,0.450401
TG(18:1_18:2_18:2),CTL,individual,4:9817931,4,9817931,3.871808e-09,SORBI_3004G104100,0.449686
TG(18:1_18:2_18:2),CTL,individual,4:9817931,4,9817931,3.871808e-09,SORBI_3004G104000,0.445988
TG(18:1_18:2_18:2),CTL,individual,4:9817931,4,9817931,3.871808e-09,SORBI_3004G104000,0.441811
TG(18:1_18:2_18:2),CTL,individual,4:9817931,4,9817931,3.871808e-09,SORBI_3004G104000,0.440338
TG(18:1_18:2_18:2),CTL,individual,4:9817931,4,9817931,3.871808e-09,SORBI_3004G104250,0.437022
TG(18:1_18:2_18:2),CTL,individual,4:9817931,4,9817931,3.871808e-09,SORBI_3004G103901,0.435773
TG(18:1_18:2_18:2),CTL,individual,4:9817931,4,9817931,3.871808e-09,SORBI_3004G104100,0.435773
TG(18:1_18:2_18:2),CTL,individual,4:9817931,4,9817931,3.871808e-09,SORBI_3004G103800,0.433089
TG(18:1_18:2_18:2),CTL,individual,4:9817931,4,9817931,3.871808e-09,SORBI_3004G104300,0.430066
TG(18:1_18:2_18:2),CTL,individual,4:9817931,4,9817931,3.871808e-09,SORBI_3004G104400,0.420314
TG(18:1_18:2_18:2),CTL,individual,4:9817931,4,9817931,3.871808e-09,SORBI_3004G104400,0.420189
TG(18:1_18:2_18:2),CTL,individual,4:9817931,4,9817931,3.871808e-09,SORBI_3004G104000,0.418579
TG(18:1_18:2_18:2),CTL,individual,4:9817931,4,9817931,3.871808e-09,SORBI_3004G104000,0.415356
TG(18:1_18:2_18:2),CTL,individual,4:9817931,4,9817931,3.871808e-09,SORBI_3004G104000,0.413355
TG(18:1_18:2_18:2),CTL,individual,4:9817931,4,9817931,3.871808e-09,SORBI_3004G104400,0.409847
TG(18:1_18:2_18:2),CTL,individual,4:9817931,4,9817931,3.871808e-09,SORBI_3004G104000,0.408993
TG(18:1_18:2_18:2),CTL,individual,4:9817931,4,9817931,3.871808e-09,SORBI_3004G103700,0.407376
TG(18:1_18:2_18:2),CTL,individual,4:9817931,4,9817931,3.871808e-09,SORBI_3004G104000,0.407275
TG(18:1_18:2_18:2),CTL,individual,3:53641315,3,53641315,3.880064e-09,SORBI_3003G204100,0.983419
TG(18:1_18:2_18:2),CTL,individual,3:53641315,3,53641315,3.880064e-09,SORBI_3003G203900,0.950105
TG(18:1_18:2_18:2),CTL,individual,3:53641315,3,53641315,3.880064e-09,SORBI_3003G207000,0.891189
TG(18:1_18:2_18:2),CTL,individual,3:53641315,3,53641315,3.880064e-09,SORBI_3003G205801,0.840964
TG(18:1_18:2_18:2),CTL,individual,3:53641315,3,53641315,3.880064e-09,SORBI_3003G205801,0.81955
TG(18:1_18:2_18:2),CTL,individual,3:53641315,3,53641315,3.880064e-09,SORBI_3003G205801,0.816425
TG(18:1_18:2_18:2),CTL,individual,3:53641315,3,53641315,3.880064e-09,SORBI_3003G205900,0.799861
TG(18:1_18:2_18:2),CTL,individual,3:53641315,3,53641315,3.880064e-09,SORBI_3003G205900,0.788964
TG(18:1_18:2_18:2),CTL,individual,3:53641315,3,53641315,3.880064e-09,SORBI_3003G205900,0.783314
TG(18:1_18:2_18:2),CTL,individual,3:53641315,3,53641315,3.880064e-09,SORBI_3003G206100,0.778105
TG(18:1_18:2_18:2),CTL,individual,3:53641315,3,53641315,3.880064e-09,SORBI_3003G206100,0.773002
TG(18:1_18:2_18:2),CTL,individual,3:53641315,3,53641315,3.880064e-09,SORBI_3003G206600,0.766892
TG(18:1_18:2_18:2),CTL,individual,3:53641315,3,53641315,3.880064e-09,SORBI_3003G206000,0.766835
TG(18:1_18:2_18:2),CTL,individual,3:53641315,3,53641315,3.880064e-09,SORBI_3003G205900,0.755832
TG(18:1_18:2_18:2),CTL,individual,3:53641315,3,53641315,3.880064e-09,SORBI_3003G206700,0.750398
TG(18:1_18:2_18:2),CTL,individual,3:53641315,3,53641315,3.880064e-09,SORBI_3003G206700,0.739509
TG(18:1_18:2_18:2),CTL,individual,3:53641315,3,53641315,3.880064e-09,SORBI_3003G205900,0.725758
TG(18:1_18:2_18:2),CTL,individual,3:53641315,3,53641315,3.880064e-09,SORBI_3003G206300,0.708784
TG(18:1_18:2_18:2),CTL,individual,3:53641315,3,53641315,3.880064e-09,SORBI_3003G205801,0.701802
TG(18:1_18:2_18:2),CTL,individual,3:53641315,3,53641315,3.880064e-09,SORBI_3003G206500,0.699797
TG(18:1_18:2_18:2),CTL,individual,3:53641315,3,53641315,3.880064e-09,SORBI_3003G206800,0.672521
TG(18:1_18:2_18:2),CTL,individual,3:53641315,3,53641315,3.880064e-09,SORBI_3003G206800,0.666893
TG(18:1_18:2_18:2),CTL,individual,3:53641315,3,53641315,3.880064e-09,SORBI_3003G206800,0.659014
TG(18:1_18:2_18:2),CTL,individual,3:53641315,3,53641315,3.880064e-09,SORBI_3003G205700,0.630901
TG(18:1_18:2_18:2),CTL,individual,3:53641315,3,53641315,3.880064e-09,SORBI_3003G205801,0.604861
TG(18:1_18:2_18:2),CTL,individual,3:53641315,3,53641315,3.880064e-09,SORBI_3003G205700,0.599715
TG(18:1_18:2_18:2),CTL,individual,3:53641315,3,53641315,3.880064e-09,SORBI_3003G205700,0.588311
TG(18:1_18:2_18:2),CTL,individual,3:53641315,3,53641315,3.880064e-09,SORBI_3003G206300,0.574403
TG(18:1_18:2_18:2),CTL,individual,3:53641315,3,53641315,3.880064e-09,SORBI_3003G206300,0.56482
TG(18:1_18:2_18:2),CTL,individual,3:53641315,3,53641315,3.880064e-09,SORBI_3003G205400,0.551801
TG(18:1_18:2_18:2),CTL,individual,3:53641315,3,53641315,3.880064e-09,SORBI_3003G206300,0.551724
TG(18:1_18:2_18:2),CTL,individual,3:53641315,3,53641315,3.880064e-09,SORBI_3003G206300,0.542218
TG(18:1_18:2_18:2),CTL,individual,3:53641315,3,53641315,3.880064e-09,SORBI_3003G206200,0.540276
TG(18:1_18:2_18:2),CTL,individual,3:53641315,3,53641315,3.880064e-09,SORBI_3003G205501,0.526439
TG(18:1_18:2_18:2),CTL,individual,3:53641315,3,53641315,3.880064e-09,SORBI_3003G205501,0.515573
TG(18:1_18:2_18:2),CTL,individual,3:53641315,3,53641315,3.880064e-09,SORBI_3003G205501,0.515285
TG(18:1_18:2_18:2),CTL,individual,3:53641315,3,53641315,3.880064e-09,SORBI_3003G205501,0.512297
TG(18:1_18:2_18:2),CTL,individual,3:53641315,3,53641315,3.880064e-09,SORBI_3003G205900,0.505518
TG(18:1_18:2_18:2),CTL,individual,3:53641315,3,53641315,3.880064e-09,SORBI_3003G205801,0.498523
TG(18:1_18:2_18:2),CTL,individual,3:53641315,3,53641315,3.880064e-09,SORBI_3003G206600,0.49114
TG(18:1_18:2_18:2),CTL,individual,3:53641315,3,53641315,3.880064e-09,SORBI_3003G205200,0.487053
TG(18:1_18:2_18:2),CTL,individual,3:53641315,3,53641315,3.880064e-09,SORBI_3003G205501,0.484605
TG(18:1_18:2_18:2),CTL,individual,3:53641315,3,53641315,3.880064e-09,SORBI_3003G206900,0.473954
TG(18:1_18:2_18:2),CTL,individual,3:53641315,3,53641315,3.880064e-09,SORBI_3003G206900,0.463008
TG(18:1_18:2_18:2),CTL,individual,3:53641315,3,53641315,3.880064e-09,SORBI_3003G206300,0.443956
TG(18:1_18:2_18:2),CTL,individual,3:53641315,3,53641315,3.880064e-09,SORBI_3003G203866,0.416771
TG(18:1_18:2_18:2),CTL,individual,3:53641315,3,53641315,3.880064e-09,SORBI_3003G206200,0.410565
TG(18:1_18:2_18:2),CTL,individual,3:53641315,3,53641315,3.880064e-09,SORBI_3003G205200,0.408243
TG(18:1_18:2_18:2),CTL,individual,3:53641315,3,53641315,3.880064e-09,SORBI_3003G206200,0.401536
TG(18:1_18:2_18:2),CTL,individual,1:21345304,1,21345304,4.153252e-09,SORBI_3001G223300,0.716856
TG(18:1_18:2_18:2),CTL,individual,1:21345304,1,21345304,4.153252e-09,SORBI_3001G223200,0.69502
TG(18:1_18:2_18:2),CTL,individual,1:21345304,1,21345304,4.153252e-09,SORBI_3001G223200,0.685592
TG(18:1_18:2_18:2),CTL,individual,1:21345304,1,21345304,4.153252e-09,SORBI_3001G223300,0.666868
TG(18:1_18:2_18:2),CTL,individual,1:21345304,1,21345304,4.153252e-09,SORBI_3001G223200,0.627238
TG(18:1_18:2_18:2),CTL,individual,1:21345304,1,21345304,4.153252e-09,SORBI_3001G223200,0.625177
TG(18:1_18:2_18:2),CTL,individual,1:21345304,1,21345304,4.153252e-09,SORBI_3001G223100,0.594922
TG(18:1_18:2_18:2),CTL,individual,1:21345304,1,21345304,4.153252e-09,SORBI_3001G224000,0.591944
TG(18:1_18:2_18:2),CTL,individual,1:21345304,1,21345304,4.153252e-09,SORBI_3001G223300,0.583872
TG(18:1_18:2_18:2),CTL,individual,1:21345304,1,21345304,4.153252e-09,SORBI_3001G223100,0.567351
TG(18:1_18:2_18:2),CTL,individual,1:21345304,1,21345304,4.153252e-09,SORBI_3001G223100,0.56714
TG(18:1_18:2_18:2),CTL,individual,1:21345304,1,21345304,4.153252e-09,SORBI_3001G223550,0.542895
TG(18:1_18:2_18:2),CTL,individual,1:21345304,1,21345304,4.153252e-09,SORBI_3001G223550,0.507542
TG(18:1_18:2_18:2),CTL,individual,1:21345304,1,21345304,4.153252e-09,SORBI_3001G223550,0.507474
TG(18:1_18:2_18:2),CTL,individual,1:21345304,1,21345304,4.153252e-09,SORBI_3001G223550,0.507406
TG(18:1_18:2_18:2),CTL,individual,1:21345304,1,21345304,4.153252e-09,SORBI_3001G222900,0.504244
TG(18:1_18:2_18:2),CTL,individual,1:21345304,1,21345304,4.153252e-09,SORBI_3001G222900,0.491606
TG(18:1_18:2_18:2),CTL,individual,1:21345304,1,21345304,4.153252e-09,SORBI_3001G222900,0.489796
TG(18:1_18:2_18:2),CTL,individual,1:21345304,1,21345304,4.153252e-09,SORBI_3001G222900,0.481572
TG(18:1_18:2_18:2),CTL,individual,1:21345304,1,21345304,4.153252e-09,SORBI_3001G222900,0.474654
TG(18:1_18:2_18:2),CTL,individual,1:21345304,1,21345304,4.153252e-09,SORBI_3001G222800,0.469118
TG(18:1_18:2_18:2),CTL,individual,1:21345304,1,21345304,4.153252e-09,SORBI_3001G223100,0.466352
TG(18:1_18:2_18:2),CTL,individual,1:21345304,1,21345304,4.153252e-09,SORBI_3001G223100,0.463196
TG(18:1_18:2_18:2),CTL,individual,1:21345304,1,21345304,4.153252e-09,SORBI_3001G223300,0.448859
TG(18:1_18:2_18:2),CTL,individual,1:21345304,1,21345304,4.153252e-09,SORBI_3001G222700,0.446642
TG(18:1_18:2_18:2),CTL,individual,1:21345304,1,21345304,4.153252e-09,SORBI_3001G223100,0.446497
TG(18:1_18:2_18:2),CTL,individual,1:21345304,1,21345304,4.153252e-09,SORBI_3001G222000,0.445258
TG(18:1_18:2_18:2),CTL,individual,1:21345304,1,21345304,4.153252e-09,SORBI_3001G222900,0.442069
TG(18:1_18:2_18:2),CTL,individual,1:21345304,1,21345304,4.153252e-09,SORBI_3001G222700,0.438023
TG(18:1_18:2_18:2),CTL,individual,1:21345304,1,21345304,4.153252e-09,SORBI_3001G222000,0.432797
TG(18:1_18:2_18:2),CTL,individual,1:21345304,1,21345304,4.153252e-09,SORBI_3001G222800,0.432026
TG(18:1_18:2_18:2),CTL,individual,1:21345304,1,21345304,4.153252e-09,SORBI_3001G222800,0.428585
TG(18:1_18:2_18:2),CTL,individual,1:21345304,1,21345304,4.153252e-09,SORBI_3001G222000,0.42526
TG(18:1_18:2_18:2),CTL,individual,1:21345304,1,21345304,4.153252e-09,SORBI_3001G222200,0.42526
TG(18:1_18:2_18:2),CTL,individual,1:21345304,1,21345304,4.153252e-09,SORBI_3001G222400,0.42526
TG(18:1_18:2_18:2),CTL,individual,1:21345304,1,21345304,4.153252e-09,SORBI_3001G222600,0.42526
TG(18:1_18:2_18:2),CTL,individual,1:21345304,1,21345304,4.153252e-09,SORBI_3001G222800,0.423037
TG(18:1_18:2_18:2),CTL,individual,1:21345304,1,21345304,4.153252e-09,SORBI_3001G222800,0.419067
TG(18:1_18:2_18:2),CTL,individual,1:21345304,1,21345304,4.153252e-09,SORBI_3001G223100,0.419067
TG(18:1_18:2_18:2),CTL,individual,1:21345304,1,21345304,4.153252e-09,SORBI_3001G222300,0.41795
TG(18:1_18:2_18:2),CTL,individual,1:21345304,1,21345304,4.153252e-09,SORBI_3001G222800,0.416824
TG(18:1_18:2_18:2),CTL,individual,1:21345304,1,21345304,4.153252e-09,SORBI_3001G223100,0.416425
TG(18:1_18:2_18:2),CTL,individual,1:21345304,1,21345304,4.153252e-09,SORBI_3001G222500,0.414872
TG(18:1_18:2_18:2),CTL,individual,1:21345304,1,21345304,4.153252e-09,SORBI_3001G222800,0.414636
TG(18:1_18:2_18:2),CTL,individual,1:21345304,1,21345304,4.153252e-09,SORBI_3001G225700,0.41013
TG(18:1_18:2_18:2),CTL,individual,1:21345304,1,21345304,4.153252e-09,SORBI_3001G222000,0.408367
TG(18:1_18:2_18:2),CTL,individual,1:21345304,1,21345304,4.153252e-09,SORBI_3001G222800,0.405226
TG(18:1_18:2_18:2),CTL,individual,1:21345304,1,21345304,4.153252e-09,SORBI_3001G222000,0.405196
TG(18:1_18:2_18:2),CTL,individual,1:21345304,1,21345304,4.153252e-09,SORBI_3001G222800,0.403654
TG(18:1_18:2_18:2),CTL,individual,1:21345304,1,21345304,4.153252e-09,SORBI_3001G222000,0.401534
TG(18:1_18:2_18:2),CTL,individual,1:18822314,1,18822314,4.524567e-09,SORBI_3001G206100,1
TG(18:1_18:2_18:2),CTL,individual,1:18822314,1,18822314,4.524567e-09,SORBI_3001G206100,1
TG(18:1_18:2_18:2),CTL,individual,1:18822314,1,18822314,4.524567e-09,SORBI_3001G206100,0.881316
TG(18:1_18:2_18:2),CTL,individual,1:18822314,1,18822314,4.524567e-09,SORBI_3001G206100,0.856156
TG(18:1_18:2_18:2),CTL,individual,1:18822314,1,18822314,4.524567e-09,SORBI_3001G206100,0.835416
TG(18:1_18:2_18:2),CTL,individual,1:18822314,1,18822314,4.524567e-09,SORBI_3001G206100,0.766663
TG(18:1_18:2_18:2),CTL,individual,1:18822314,1,18822314,4.524567e-09,SORBI_3001G206100,0.726701
TG(18:1_18:2_18:2),CTL,individual,1:18822314,1,18822314,4.524567e-09,SORBI_3001G206100,0.722992
TG(18:1_18:2_18:2),CTL,individual,1:18822314,1,18822314,4.524567e-09,SORBI_3001G206100,0.712787
TG(18:1_18:2_18:2),CTL,individual,1:18822314,1,18822314,4.524567e-09,SORBI_3001G206100,0.709113
TG(18:1_18:2_18:2),CTL,individual,1:18822314,1,18822314,4.524567e-09,SORBI_3001G206100,0.706089
TG(18:1_18:2_18:2),CTL,individual,1:18822314,1,18822314,4.524567e-09,SORBI_3001G206100,0.702504
TG(18:1_18:2_18:2),CTL,individual,1:18822314,1,18822314,4.524567e-09,SORBI_3001G206100,0.701249
TG(18:1_18:2_18:2),CTL,individual,1:18822314,1,18822314,4.524567e-09,SORBI_3001G206100,0.685065
TG(18:1_18:2_18:2),CTL,individual,1:18822314,1,18822314,4.524567e-09,SORBI_3001G206100,0.684987
TG(18:1_18:2_18:2),CTL,individual,1:18822314,1,18822314,4.524567e-09,SORBI_3001G206100,0.679361
TG(18:1_18:2_18:2),CTL,individual,1:18822314,1,18822314,4.524567e-09,SORBI_3001G206100,0.676092
TG(18:1_18:2_18:2),CTL,individual,1:18822314,1,18822314,4.524567e-09,SORBI_3001G206100,0.648692
TG(18:1_18:2_18:2),CTL,individual,1:18822314,1,18822314,4.524567e-09,SORBI_3001G206100,0.637487
TG(18:1_18:2_18:2),CTL,individual,1:18822314,1,18822314,4.524567e-09,SORBI_3001G206100,0.630327
TG(18:1_18:2_18:2),CTL,individual,1:18822314,1,18822314,4.524567e-09,SORBI_3001G206100,0.620266
TG(18:1_18:2_18:2),CTL,individual,1:18822314,1,18822314,4.524567e-09,SORBI_3001G206100,0.599902
TG(18:1_18:2_18:2),CTL,individual,1:18822314,1,18822314,4.524567e-09,SORBI_3001G206100,0.594518
TG(18:1_18:2_18:2),CTL,individual,1:18822314,1,18822314,4.524567e-09,SORBI_3001G206100,0.584028
TG(18:1_18:2_18:2),CTL,individual,1:18822314,1,18822314,4.524567e-09,SORBI_3001G206100,0.569242
TG(18:1_18:2_18:2),CTL,individual,1:18822314,1,18822314,4.524567e-09,SORBI_3001G206100,0.534932
TG(18:1_18:2_18:2),CTL,individual,1:18822314,1,18822314,4.524567e-09,SORBI_3001G206100,0.455683
TG(18:1_18:2_18:2),CTL,individual,1:18822314,1,18822314,4.524567e-09,SORBI_3001G206100,0.453172
TG(18:1_18:2_18:2),CTL,individual,1:18822314,1,18822314,4.524567e-09,SORBI_3001G206100,0.446623
TG(18:1_18:2_18:2),CTL,individual,1:18822314,1,18822314,4.524567e-09,SORBI_3001G206100,0.436057
TG(18:1_18:2_18:2),CTL,individual,1:18822314,1,18822314,4.524567e-09,SORBI_3001G206100,0.425723
TG(18:1_18:2_18:2),CTL,individual,1:18822314,1,18822314,4.524567e-09,SORBI_3001G206100,0.421327
TG(18:1_18:2_18:2),CTL,individual,1:18822314,1,18822314,4.524567e-09,SORBI_3001G206100,0.419481
TG(18:1_18:2_18:2),CTL,individual,1:21405153,1,21405153,4.56113e-09,SORBI_3001G223300,0.847943
TG(18:1_18:2_18:2),CTL,individual,1:21405153,1,21405153,4.56113e-09,SORBI_3001G223200,0.810797
TG(18:1_18:2_18:2),CTL,individual,1:21405153,1,21405153,4.56113e-09,SORBI_3001G223300,0.776564
TG(18:1_18:2_18:2),CTL,individual,1:21405153,1,21405153,4.56113e-09,SORBI_3001G223200,0.749777
TG(18:1_18:2_18:2),CTL,individual,1:21405153,1,21405153,4.56113e-09,SORBI_3001G223550,0.738492
TG(18:1_18:2_18:2),CTL,individual,1:21405153,1,21405153,4.56113e-09,SORBI_3001G223550,0.738454
TG(18:1_18:2_18:2),CTL,individual,1:21405153,1,21405153,4.56113e-09,SORBI_3001G223550,0.738415
TG(18:1_18:2_18:2),CTL,individual,1:21405153,1,21405153,4.56113e-09,SORBI_3001G223200,0.724273
TG(18:1_18:2_18:2),CTL,individual,1:21405153,1,21405153,4.56113e-09,SORBI_3001G223550,0.7178
TG(18:1_18:2_18:2),CTL,individual,1:21405153,1,21405153,4.56113e-09,SORBI_3001G223300,0.615709
TG(18:1_18:2_18:2),CTL,individual,1:21405153,1,21405153,4.56113e-09,SORBI_3001G224000,0.569357
TG(18:1_18:2_18:2),CTL,individual,1:21405153,1,21405153,4.56113e-09,SORBI_3001G222900,0.536296
TG(18:1_18:2_18:2),CTL,individual,1:21405153,1,21405153,4.56113e-09,SORBI_3001G222900,0.5227
TG(18:1_18:2_18:2),CTL,individual,1:21405153,1,21405153,4.56113e-09,SORBI_3001G222900,0.513427
TG(18:1_18:2_18:2),CTL,individual,1:21405153,1,21405153,4.56113e-09,SORBI_3001G222900,0.509719
TG(18:1_18:2_18:2),CTL,individual,1:21405153,1,21405153,4.56113e-09,SORBI_3001G223300,0.504743
TG(18:1_18:2_18:2),CTL,individual,1:21405153,1,21405153,4.56113e-09,SORBI_3001G222900,0.502994
TG(18:1_18:2_18:2),CTL,individual,1:21405153,1,21405153,4.56113e-09,SORBI_3001G222800,0.496554
TG(18:1_18:2_18:2),CTL,individual,1:21405153,1,21405153,4.56113e-09,SORBI_3001G222900,0.494548
TG(18:1_18:2_18:2),CTL,individual,1:21405153,1,21405153,4.56113e-09,SORBI_3001G222800,0.493376
TG(18:1_18:2_18:2),CTL,individual,1:21405153,1,21405153,4.56113e-09,SORBI_3001G223100,0.489743
TG(18:1_18:2_18:2),CTL,individual,1:21405153,1,21405153,4.56113e-09,SORBI_3001G222800,0.489261
TG(18:1_18:2_18:2),CTL,individual,1:21405153,1,21405153,4.56113e-09,SORBI_3001G222800,0.47586
TG(18:1_18:2_18:2),CTL,individual,1:21405153,1,21405153,4.56113e-09,SORBI_3001G223100,0.472454
TG(18:1_18:2_18:2),CTL,individual,1:21405153,1,21405153,4.56113e-09,SORBI_3001G222800,0.470243
TG(18:1_18:2_18:2),CTL,individual,1:21405153,1,21405153,4.56113e-09,SORBI_3001G223100,0.463768
TG(18:1_18:2_18:2),CTL,individual,1:21405153,1,21405153,4.56113e-09,SORBI_3001G222900,0.462658
TG(18:1_18:2_18:2),CTL,individual,1:21405153,1,21405153,4.56113e-09,SORBI_3001G222900,0.459127
TG(18:1_18:2_18:2),CTL,individual,1:21405153,1,21405153,4.56113e-09,SORBI_3001G222900,0.458202
TG(18:1_18:2_18:2),CTL,individual,1:21405153,1,21405153,4.56113e-09,SORBI_3001G223200,0.45483
TG(18:1_18:2_18:2),CTL,individual,1:21405153,1,21405153,4.56113e-09,SORBI_3001G222900,0.453222
TG(18:1_18:2_18:2),CTL,individual,1:21405153,1,21405153,4.56113e-09,SORBI_3001G222900,0.450089
TG(18:1_18:2_18:2),CTL,individual,1:21405153,1,21405153,4.56113e-09,SORBI_3001G222800,0.448805
TG(18:1_18:2_18:2),CTL,individual,1:21405153,1,21405153,4.56113e-09,SORBI_3001G222900,0.448681
TG(18:1_18:2_18:2),CTL,individual,1:21405153,1,21405153,4.56113e-09,SORBI_3001G222800,0.445339
TG(18:1_18:2_18:2),CTL,individual,1:21405153,1,21405153,4.56113e-09,SORBI_3001G223100,0.441097
TG(18:1_18:2_18:2),CTL,individual,1:21405153,1,21405153,4.56113e-09,SORBI_3001G225700,0.436512
TG(18:1_18:2_18:2),CTL,individual,1:21405153,1,21405153,4.56113e-09,SORBI_3001G222800,0.435555
TG(18:1_18:2_18:2),CTL,individual,1:21405153,1,21405153,4.56113e-09,SORBI_3001G223100,0.435555
TG(18:1_18:2_18:2),CTL,individual,1:21405153,1,21405153,4.56113e-09,SORBI_3001G222800,0.431157
TG(18:1_18:2_18:2),CTL,individual,1:21405153,1,21405153,4.56113e-09,SORBI_3001G222900,0.429018
TG(18:1_18:2_18:2),CTL,individual,1:21405153,1,21405153,4.56113e-09,SORBI_3001G223100,0.406651
TG(18:1_18:2_18:2),CTL,individual,1:21345053,1,21345053,5.348565e-09,SORBI_3001G223300,0.85946
TG(18:1_18:2_18:2),CTL,individual,1:21345522,1,21345522,5.348565e-09,SORBI_3001G223300,0.85946
TG(18:1_18:2_18:2),CTL,individual,1:21379424,1,21379424,5.348565e-09,SORBI_3001G223300,0.85946
TG(18:1_18:2_18:2),CTL,individual,1:21345053,1,21345053,5.348565e-09,SORBI_3001G223200,0.825119
TG(18:1_18:2_18:2),CTL,individual,1:21345522,1,21345522,5.348565e-09,SORBI_3001G223200,0.825119
TG(18:1_18:2_18:2),CTL,individual,1:21379424,1,21379424,5.348565e-09,SORBI_3001G223200,0.825119
TG(18:1_18:2_18:2),CTL,individual,1:21345053,1,21345053,5.348565e-09,SORBI_3001G223200,0.796348
TG(18:1_18:2_18:2),CTL,individual,1:21345522,1,21345522,5.348565e-09,SORBI_3001G223200,0.796348
TG(18:1_18:2_18:2),CTL,individual,1:21379424,1,21379424,5.348565e-09,SORBI_3001G223200,0.796348
TG(18:1_18:2_18:2),CTL,individual,1:21345053,1,21345053,5.348565e-09,SORBI_3001G223300,0.793676
TG(18:1_18:2_18:2),CTL,individual,1:21345522,1,21345522,5.348565e-09,SORBI_3001G223300,0.793676
TG(18:1_18:2_18:2),CTL,individual,1:21379424,1,21379424,5.348565e-09,SORBI_3001G223300,0.793676
TG(18:1_18:2_18:2),CTL,individual,1:21345053,1,21345053,5.348565e-09,SORBI_3001G223200,0.748064
TG(18:1_18:2_18:2),CTL,individual,1:21345522,1,21345522,5.348565e-09,SORBI_3001G223200,0.748064
TG(18:1_18:2_18:2),CTL,individual,1:21379424,1,21379424,5.348565e-09,SORBI_3001G223200,0.748064
TG(18:1_18:2_18:2),CTL,individual,1:21345053,1,21345053,5.348565e-09,SORBI_3001G223200,0.746559
TG(18:1_18:2_18:2),CTL,individual,1:21345522,1,21345522,5.348565e-09,SORBI_3001G223200,0.746559
TG(18:1_18:2_18:2),CTL,individual,1:21379424,1,21379424,5.348565e-09,SORBI_3001G223200,0.746559
TG(18:1_18:2_18:2),CTL,individual,1:21345053,1,21345053,5.348565e-09,SORBI_3001G224000,0.716752
TG(18:1_18:2_18:2),CTL,individual,1:21345522,1,21345522,5.348565e-09,SORBI_3001G224000,0.716752
TG(18:1_18:2_18:2),CTL,individual,1:21379424,1,21379424,5.348565e-09,SORBI_3001G224000,0.716752
TG(18:1_18:2_18:2),CTL,individual,1:21345053,1,21345053,5.348565e-09,SORBI_3001G223100,0.710242
TG(18:1_18:2_18:2),CTL,individual,1:21345522,1,21345522,5.348565e-09,SORBI_3001G223100,0.710242
TG(18:1_18:2_18:2),CTL,individual,1:21379424,1,21379424,5.348565e-09,SORBI_3001G223100,0.710242
TG(18:1_18:2_18:2),CTL,individual,1:21345053,1,21345053,5.348565e-09,SORBI_3001G223300,0.702807
TG(18:1_18:2_18:2),CTL,individual,1:21345522,1,21345522,5.348565e-09,SORBI_3001G223300,0.702807
TG(18:1_18:2_18:2),CTL,individual,1:21379424,1,21379424,5.348565e-09,SORBI_3001G223300,0.702807
TG(18:1_18:2_18:2),CTL,individual,1:21345053,1,21345053,5.348565e-09,SORBI_3001G223100,0.677629
TG(18:1_18:2_18:2),CTL,individual,1:21345522,1,21345522,5.348565e-09,SORBI_3001G223100,0.677629
TG(18:1_18:2_18:2),CTL,individual,1:21379424,1,21379424,5.348565e-09,SORBI_3001G223100,0.677629
TG(18:1_18:2_18:2),CTL,individual,1:21345053,1,21345053,5.348565e-09,SORBI_3001G223100,0.677478
TG(18:1_18:2_18:2),CTL,individual,1:21345522,1,21345522,5.348565e-09,SORBI_3001G223100,0.677478
TG(18:1_18:2_18:2),CTL,individual,1:21379424,1,21379424,5.348565e-09,SORBI_3001G223100,0.677478
TG(18:1_18:2_18:2),CTL,individual,1:21345053,1,21345053,5.348565e-09,SORBI_3001G223550,0.616592
TG(18:1_18:2_18:2),CTL,individual,1:21345522,1,21345522,5.348565e-09,SORBI_3001G223550,0.616592
TG(18:1_18:2_18:2),CTL,individual,1:21379424,1,21379424,5.348565e-09,SORBI_3001G223550,0.616592
TG(18:1_18:2_18:2),CTL,individual,1:21345053,1,21345053,5.348565e-09,SORBI_3001G223550,0.616539
TG(18:1_18:2_18:2),CTL,individual,1:21345522,1,21345522,5.348565e-09,SORBI_3001G223550,0.616539
TG(18:1_18:2_18:2),CTL,individual,1:21379424,1,21379424,5.348565e-09,SORBI_3001G223550,0.616539
TG(18:1_18:2_18:2),CTL,individual,1:21345053,1,21345053,5.348565e-09,SORBI_3001G223550,0.616486
TG(18:1_18:2_18:2),CTL,individual,1:21345522,1,21345522,5.348565e-09,SORBI_3001G223550,0.616486
TG(18:1_18:2_18:2),CTL,individual,1:21379424,1,21379424,5.348565e-09,SORBI_3001G223550,0.616486
TG(18:1_18:2_18:2),CTL,individual,1:21345053,1,21345053,5.348565e-09,SORBI_3001G222900,0.604169
TG(18:1_18:2_18:2),CTL,individual,1:21345522,1,21345522,5.348565e-09,SORBI_3001G222900,0.604169
TG(18:1_18:2_18:2),CTL,individual,1:21379424,1,21379424,5.348565e-09,SORBI_3001G222900,0.604169
TG(18:1_18:2_18:2),CTL,individual,1:21345053,1,21345053,5.348565e-09,SORBI_3001G223550,0.601161
TG(18:1_18:2_18:2),CTL,individual,1:21345522,1,21345522,5.348565e-09,SORBI_3001G223550,0.601161
TG(18:1_18:2_18:2),CTL,individual,1:21379424,1,21379424,5.348565e-09,SORBI_3001G223550,0.601161
TG(18:1_18:2_18:2),CTL,individual,1:21345053,1,21345053,5.348565e-09,SORBI_3001G222900,0.589296
TG(18:1_18:2_18:2),CTL,individual,1:21345522,1,21345522,5.348565e-09,SORBI_3001G222900,0.589296
TG(18:1_18:2_18:2),CTL,individual,1:21379424,1,21379424,5.348565e-09,SORBI_3001G222900,0.589296
TG(18:1_18:2_18:2),CTL,individual,1:21345053,1,21345053,5.348565e-09,SORBI_3001G222900,0.588534
TG(18:1_18:2_18:2),CTL,individual,1:21345522,1,21345522,5.348565e-09,SORBI_3001G222900,0.588534
TG(18:1_18:2_18:2),CTL,individual,1:21379424,1,21379424,5.348565e-09,SORBI_3001G222900,0.588534
TG(18:1_18:2_18:2),CTL,individual,1:21345053,1,21345053,5.348565e-09,SORBI_3001G222900,0.563605
TG(18:1_18:2_18:2),CTL,individual,1:21345522,1,21345522,5.348565e-09,SORBI_3001G222900,0.563605
TG(18:1_18:2_18:2),CTL,individual,1:21379424,1,21379424,5.348565e-09,SORBI_3001G222900,0.563605
TG(18:1_18:2_18:2),CTL,individual,1:21345053,1,21345053,5.348565e-09,SORBI_3001G222900,0.557353
TG(18:1_18:2_18:2),CTL,individual,1:21345522,1,21345522,5.348565e-09,SORBI_3001G222900,0.557353
TG(18:1_18:2_18:2),CTL,individual,1:21379424,1,21379424,5.348565e-09,SORBI_3001G222900,0.557353
TG(18:1_18:2_18:2),CTL,individual,1:21345053,1,21345053,5.348565e-09,SORBI_3001G222000,0.545777
TG(18:1_18:2_18:2),CTL,individual,1:21345522,1,21345522,5.348565e-09,SORBI_3001G222000,0.545777
TG(18:1_18:2_18:2),CTL,individual,1:21345053,1,21345053,5.348565e-09,SORBI_3001G222900,0.531642
TG(18:1_18:2_18:2),CTL,individual,1:21345522,1,21345522,5.348565e-09,SORBI_3001G222900,0.531642
TG(18:1_18:2_18:2),CTL,individual,1:21379424,1,21379424,5.348565e-09,SORBI_3001G222900,0.531642
TG(18:1_18:2_18:2),CTL,individual,1:21345053,1,21345053,5.348565e-09,SORBI_3001G222800,0.519808
TG(18:1_18:2_18:2),CTL,individual,1:21345522,1,21345522,5.348565e-09,SORBI_3001G222800,0.519808
TG(18:1_18:2_18:2),CTL,individual,1:21379424,1,21379424,5.348565e-09,SORBI_3001G222800,0.519808
TG(18:1_18:2_18:2),CTL,individual,1:21345053,1,21345053,5.348565e-09,SORBI_3001G223300,0.516779
TG(18:1_18:2_18:2),CTL,individual,1:21345522,1,21345522,5.348565e-09,SORBI_3001G223300,0.516779
TG(18:1_18:2_18:2),CTL,individual,1:21379424,1,21379424,5.348565e-09,SORBI_3001G223300,0.516779
TG(18:1_18:2_18:2),CTL,individual,1:21345053,1,21345053,5.348565e-09,SORBI_3001G222800,0.515912
TG(18:1_18:2_18:2),CTL,individual,1:21345522,1,21345522,5.348565e-09,SORBI_3001G222800,0.515912
TG(18:1_18:2_18:2),CTL,individual,1:21379424,1,21379424,5.348565e-09,SORBI_3001G222800,0.515912
TG(18:1_18:2_18:2),CTL,individual,1:21345053,1,21345053,5.348565e-09,SORBI_3001G222800,0.504693
TG(18:1_18:2_18:2),CTL,individual,1:21345053,1,21345053,5.348565e-09,SORBI_3001G223100,0.504693
TG(18:1_18:2_18:2),CTL,individual,1:21345522,1,21345522,5.348565e-09,SORBI_3001G222800,0.504693
TG(18:1_18:2_18:2),CTL,individual,1:21345522,1,21345522,5.348565e-09,SORBI_3001G223100,0.504693
TG(18:1_18:2_18:2),CTL,individual,1:21379424,1,21379424,5.348565e-09,SORBI_3001G222800,0.504693
TG(18:1_18:2_18:2),CTL,individual,1:21379424,1,21379424,5.348565e-09,SORBI_3001G223100,0.504693
TG(18:1_18:2_18:2),CTL,individual,1:21345053,1,21345053,5.348565e-09,SORBI_3001G223100,0.504555
TG(18:1_18:2_18:2),CTL,individual,1:21345522,1,21345522,5.348565e-09,SORBI_3001G223100,0.504555
TG(18:1_18:2_18:2),CTL,individual,1:21379424,1,21379424,5.348565e-09,SORBI_3001G223100,0.504555
TG(18:1_18:2_18:2),CTL,individual,1:21345053,1,21345053,5.348565e-09,SORBI_3001G223100,0.500994
TG(18:1_18:2_18:2),CTL,individual,1:21345522,1,21345522,5.348565e-09,SORBI_3001G223100,0.500994
TG(18:1_18:2_18:2),CTL,individual,1:21379424,1,21379424,5.348565e-09,SORBI_3001G223100,0.500994
TG(18:1_18:2_18:2),CTL,individual,1:21345053,1,21345053,5.348565e-09,SORBI_3001G222800,0.500631
TG(18:1_18:2_18:2),CTL,individual,1:21345522,1,21345522,5.348565e-09,SORBI_3001G222800,0.500631
TG(18:1_18:2_18:2),CTL,individual,1:21379424,1,21379424,5.348565e-09,SORBI_3001G222800,0.500631
TG(18:1_18:2_18:2),CTL,individual,1:21345053,1,21345053,5.348565e-09,SORBI_3001G222800,0.496805
TG(18:1_18:2_18:2),CTL,individual,1:21345522,1,21345522,5.348565e-09,SORBI_3001G222800,0.496805
TG(18:1_18:2_18:2),CTL,individual,1:21379424,1,21379424,5.348565e-09,SORBI_3001G222800,0.496805
TG(18:1_18:2_18:2),CTL,individual,1:21345053,1,21345053,5.348565e-09,SORBI_3001G222800,0.489508
TG(18:1_18:2_18:2),CTL,individual,1:21345522,1,21345522,5.348565e-09,SORBI_3001G222800,0.489508
TG(18:1_18:2_18:2),CTL,individual,1:21379424,1,21379424,5.348565e-09,SORBI_3001G222800,0.489508
TG(18:1_18:2_18:2),CTL,individual,1:21345053,1,21345053,5.348565e-09,SORBI_3001G222800,0.486827
TG(18:1_18:2_18:2),CTL,individual,1:21345522,1,21345522,5.348565e-09,SORBI_3001G222800,0.486827
TG(18:1_18:2_18:2),CTL,individual,1:21379424,1,21379424,5.348565e-09,SORBI_3001G222800,0.486827
TG(18:1_18:2_18:2),CTL,individual,1:21345053,1,21345053,5.348565e-09,SORBI_3001G223100,0.483359
TG(18:1_18:2_18:2),CTL,individual,1:21345522,1,21345522,5.348565e-09,SORBI_3001G223100,0.483359
TG(18:1_18:2_18:2),CTL,individual,1:21379424,1,21379424,5.348565e-09,SORBI_3001G223100,0.483359
TG(18:1_18:2_18:2),CTL,individual,1:21345053,1,21345053,5.348565e-09,SORBI_3001G222900,0.473355
TG(18:1_18:2_18:2),CTL,individual,1:21345522,1,21345522,5.348565e-09,SORBI_3001G222900,0.473355
TG(18:1_18:2_18:2),CTL,individual,1:21379424,1,21379424,5.348565e-09,SORBI_3001G222900,0.473355
TG(18:1_18:2_18:2),CTL,individual,1:21345053,1,21345053,5.348565e-09,SORBI_3001G222900,0.463717
TG(18:1_18:2_18:2),CTL,individual,1:21345522,1,21345522,5.348565e-09,SORBI_3001G222900,0.463717
TG(18:1_18:2_18:2),CTL,individual,1:21379424,1,21379424,5.348565e-09,SORBI_3001G222900,0.463717
TG(18:1_18:2_18:2),CTL,individual,1:21345053,1,21345053,5.348565e-09,SORBI_3001G222900,0.460528
TG(18:1_18:2_18:2),CTL,individual,1:21345522,1,21345522,5.348565e-09,SORBI_3001G222900,0.460528
TG(18:1_18:2_18:2),CTL,individual,1:21379424,1,21379424,5.348565e-09,SORBI_3001G222900,0.460528
TG(18:1_18:2_18:2),CTL,individual,1:21345053,1,21345053,5.348565e-09,SORBI_3001G222900,0.458438
TG(18:1_18:2_18:2),CTL,individual,1:21345522,1,21345522,5.348565e-09,SORBI_3001G222900,0.458438
TG(18:1_18:2_18:2),CTL,individual,1:21379424,1,21379424,5.348565e-09,SORBI_3001G222900,0.458438
TG(18:1_18:2_18:2),CTL,individual,1:21345053,1,21345053,5.348565e-09,SORBI_3001G224200,0.455736
TG(18:1_18:2_18:2),CTL,individual,1:21345522,1,21345522,5.348565e-09,SORBI_3001G224200,0.455736
TG(18:1_18:2_18:2),CTL,individual,1:21379424,1,21379424,5.348565e-09,SORBI_3001G224200,0.455736
TG(18:1_18:2_18:2),CTL,individual,1:21345053,1,21345053,5.348565e-09,SORBI_3001G223100,0.451344
TG(18:1_18:2_18:2),CTL,individual,1:21345522,1,21345522,5.348565e-09,SORBI_3001G223100,0.451344
TG(18:1_18:2_18:2),CTL,individual,1:21379424,1,21379424,5.348565e-09,SORBI_3001G223100,0.451344
TG(18:1_18:2_18:2),CTL,individual,1:21345053,1,21345053,5.348565e-09,SORBI_3001G222900,0.448913
TG(18:1_18:2_18:2),CTL,individual,1:21345522,1,21345522,5.348565e-09,SORBI_3001G222900,0.448913
TG(18:1_18:2_18:2),CTL,individual,1:21379424,1,21379424,5.348565e-09,SORBI_3001G222900,0.448913
TG(18:1_18:2_18:2),CTL,individual,1:21345053,1,21345053,5.348565e-09,SORBI_3001G222800,0.445747
TG(18:1_18:2_18:2),CTL,individual,1:21345522,1,21345522,5.348565e-09,SORBI_3001G222800,0.445747
TG(18:1_18:2_18:2),CTL,individual,1:21379424,1,21379424,5.348565e-09,SORBI_3001G222800,0.445747
TG(18:1_18:2_18:2),CTL,individual,1:21345053,1,21345053,5.348565e-09,SORBI_3001G224200,0.44058
TG(18:1_18:2_18:2),CTL,individual,1:21345522,1,21345522,5.348565e-09,SORBI_3001G224200,0.44058
TG(18:1_18:2_18:2),CTL,individual,1:21379424,1,21379424,5.348565e-09,SORBI_3001G224200,0.44058
TG(18:1_18:2_18:2),CTL,individual,1:21345053,1,21345053,5.348565e-09,SORBI_3001G222700,0.436634
TG(18:1_18:2_18:2),CTL,individual,1:21345522,1,21345522,5.348565e-09,SORBI_3001G222700,0.436634
TG(18:1_18:2_18:2),CTL,individual,1:21379424,1,21379424,5.348565e-09,SORBI_3001G222700,0.436634
TG(18:1_18:2_18:2),CTL,individual,1:21345053,1,21345053,5.348565e-09,SORBI_3001G222900,0.434697
TG(18:1_18:2_18:2),CTL,individual,1:21345522,1,21345522,5.348565e-09,SORBI_3001G222900,0.434697
TG(18:1_18:2_18:2),CTL,individual,1:21379424,1,21379424,5.348565e-09,SORBI_3001G222900,0.434697
TG(18:1_18:2_18:2),CTL,individual,1:21345053,1,21345053,5.348565e-09,SORBI_3001G222700,0.428266
TG(18:1_18:2_18:2),CTL,individual,1:21345522,1,21345522,5.348565e-09,SORBI_3001G222700,0.428266
TG(18:1_18:2_18:2),CTL,individual,1:21379424,1,21379424,5.348565e-09,SORBI_3001G222700,0.428266
TG(18:1_18:2_18:2),CTL,individual,1:21345053,1,21345053,5.348565e-09,SORBI_3001G222000,0.425411
TG(18:1_18:2_18:2),CTL,individual,1:21345522,1,21345522,5.348565e-09,SORBI_3001G222000,0.425411
TG(18:1_18:2_18:2),CTL,individual,1:21345053,1,21345053,5.348565e-09,SORBI_3001G222000,0.418059
TG(18:1_18:2_18:2),CTL,individual,1:21345053,1,21345053,5.348565e-09,SORBI_3001G222200,0.418059
TG(18:1_18:2_18:2),CTL,individual,1:21345053,1,21345053,5.348565e-09,SORBI_3001G222400,0.418059
TG(18:1_18:2_18:2),CTL,individual,1:21345053,1,21345053,5.348565e-09,SORBI_3001G222600,0.418059
TG(18:1_18:2_18:2),CTL,individual,1:21345522,1,21345522,5.348565e-09,SORBI_3001G222000,0.418059
TG(18:1_18:2_18:2),CTL,individual,1:21345522,1,21345522,5.348565e-09,SORBI_3001G222200,0.418059
TG(18:1_18:2_18:2),CTL,individual,1:21345522,1,21345522,5.348565e-09,SORBI_3001G222400,0.418059
TG(18:1_18:2_18:2),CTL,individual,1:21345522,1,21345522,5.348565e-09,SORBI_3001G222600,0.418059
TG(18:1_18:2_18:2),CTL,individual,1:21379424,1,21379424,5.348565e-09,SORBI_3001G222400,0.418059
TG(18:1_18:2_18:2),CTL,individual,1:21379424,1,21379424,5.348565e-09,SORBI_3001G222600,0.418059
TG(18:1_18:2_18:2),CTL,individual,1:21345053,1,21345053,5.348565e-09,SORBI_3001G222300,0.41093
TG(18:1_18:2_18:2),CTL,individual,1:21345522,1,21345522,5.348565e-09,SORBI_3001G222300,0.41093
TG(18:1_18:2_18:2),CTL,individual,1:21379424,1,21379424,5.348565e-09,SORBI_3001G222300,0.41093
TG(18:1_18:2_18:2),CTL,individual,1:21345053,1,21345053,5.348565e-09,SORBI_3001G223100,0.407174
TG(18:1_18:2_18:2),CTL,individual,1:21345522,1,21345522,5.348565e-09,SORBI_3001G223100,0.407174
TG(18:1_18:2_18:2),CTL,individual,1:21379424,1,21379424,5.348565e-09,SORBI_3001G223100,0.407174
TG(18:1_18:2_18:2),CTL,individual,1:21345053,1,21345053,5.348565e-09,SORBI_3001G224300,0.405986
TG(18:1_18:2_18:2),CTL,individual,1:21345522,1,21345522,5.348565e-09,SORBI_3001G224300,0.405986
TG(18:1_18:2_18:2),CTL,individual,1:21379424,1,21379424,5.348565e-09,SORBI_3001G224300,0.405986
TG(18:1_18:2_18:2),CTL,individual,1:21345053,1,21345053,5.348565e-09,SORBI_3001G223000,0.404627
TG(18:1_18:2_18:2),CTL,individual,1:21345522,1,21345522,5.348565e-09,SORBI_3001G223000,0.404627
TG(18:1_18:2_18:2),CTL,individual,1:21379424,1,21379424,5.348565e-09,SORBI_3001G223000,0.404627
TG(18:1_18:2_18:2),CTL,individual,1:21345053,1,21345053,5.348565e-09,SORBI_3001G222000,0.401731
TG(18:1_18:2_18:2),CTL,individual,1:21345053,1,21345053,5.348565e-09,SORBI_3001G222200,0.401731
TG(18:1_18:2_18:2),CTL,individual,1:21345522,1,21345522,5.348565e-09,SORBI_3001G222000,0.401731
TG(18:1_18:2_18:2),CTL,individual,1:21345522,1,21345522,5.348565e-09,SORBI_3001G222200,0.401731
TG(18:1_18:2_18:2),CTL,individual,1:21379424,1,21379424,5.348565e-09,SORBI_3001G222200,0.401731
TG(18:1_18:2_18:2),CTL,individual,8:6659388,8,6659388,5.590667e-09,SORBI_3008G062700,0.813014
TG(18:1_18:2_18:2),CTL,individual,8:6659388,8,6659388,5.590667e-09,SORBI_3008G062400,0.770552
TG(18:1_18:2_18:2),CTL,individual,8:6659388,8,6659388,5.590667e-09,SORBI_3008G062500,0.703922
TG(18:1_18:2_18:2),CTL,individual,8:6659388,8,6659388,5.590667e-09,SORBI_3008G062300,0.600923
TG(18:1_18:2_18:2),CTL,individual,8:6659388,8,6659388,5.590667e-09,SORBI_3008G062000,0.593476
TG(18:1_18:2_18:2),CTL,individual,8:6659388,8,6659388,5.590667e-09,SORBI_3008G062000,0.584446
TG(18:1_18:2_18:2),CTL,individual,8:6659388,8,6659388,5.590667e-09,SORBI_3008G061801,0.563767
TG(18:1_18:2_18:2),CTL,individual,8:6659388,8,6659388,5.590667e-09,SORBI_3008G061701,0.560741
TG(18:1_18:2_18:2),CTL,individual,8:6659388,8,6659388,5.590667e-09,SORBI_3008G062800,0.560294
TG(18:1_18:2_18:2),CTL,individual,8:6659388,8,6659388,5.590667e-09,SORBI_3008G061701,0.549464
TG(18:1_18:2_18:2),CTL,individual,8:6659388,8,6659388,5.590667e-09,SORBI_3008G062200,0.548135
TG(18:1_18:2_18:2),CTL,individual,8:6659388,8,6659388,5.590667e-09,SORBI_3008G062200,0.546046
TG(18:1_18:2_18:2),CTL,individual,8:6659388,8,6659388,5.590667e-09,SORBI_3008G061701,0.54245
TG(18:1_18:2_18:2),CTL,individual,8:6659388,8,6659388,5.590667e-09,SORBI_3008G062200,0.506115
TG(18:1_18:2_18:2),CTL,individual,8:6659388,8,6659388,5.590667e-09,SORBI_3008G062400,0.501506
TG(18:1_18:2_18:2),CTL,individual,8:6659388,8,6659388,5.590667e-09,SORBI_3008G062400,0.498636
TG(18:1_18:2_18:2),CTL,individual,8:6659388,8,6659388,5.590667e-09,SORBI_3008G062500,0.470938
TG(18:1_18:2_18:2),CTL,individual,8:6659388,8,6659388,5.590667e-09,SORBI_3008G062500,0.462918
TG(18:1_18:2_18:2),CTL,individual,8:6659388,8,6659388,5.590667e-09,SORBI_3008G061801,0.458267
TG(18:1_18:2_18:2),CTL,individual,8:6659388,8,6659388,5.590667e-09,SORBI_3008G061900,0.458267
TG(18:1_18:2_18:2),CTL,individual,8:6659388,8,6659388,5.590667e-09,SORBI_3008G062000,0.442923
TG(18:1_18:2_18:2),CTL,individual,8:6659388,8,6659388,5.590667e-09,SORBI_3008G062000,0.435236
TG(18:1_18:2_18:2),CTL,individual,8:6659388,8,6659388,5.590667e-09,SORBI_3008G061201,0.428719
TG(18:1_18:2_18:2),CTL,individual,8:6659388,8,6659388,5.590667e-09,SORBI_3008G061201,0.423526
TG(18:1_18:2_18:2),CTL,individual,8:6659388,8,6659388,5.590667e-09,SORBI_3008G062500,0.420862
TG(18:1_18:2_18:2),CTL,individual,8:6659388,8,6659388,5.590667e-09,SORBI_3008G062500,0.420553
TG(18:1_18:2_18:2),CTL,individual,8:6659388,8,6659388,5.590667e-09,SORBI_3008G061201,0.420004
TG(18:1_18:2_18:2),CTL,individual,8:6659388,8,6659388,5.590667e-09,SORBI_3008G061201,0.419817
TG(18:1_18:2_18:2),CTL,individual,8:6659388,8,6659388,5.590667e-09,SORBI_3008G061300,0.417645
TG(18:1_18:2_18:2),CTL,individual,8:6659388,8,6659388,5.590667e-09,SORBI_3008G062500,0.414766
TG(18:1_18:2_18:2),CTL,individual,8:6659388,8,6659388,5.590667e-09,SORBI_3008G061201,0.414096
TG(18:1_18:2_18:2),CTL,individual,8:6659388,8,6659388,5.590667e-09,SORBI_3008G061300,0.4049
TG(18:1_18:2_18:2),CTL,individual,8:6659388,8,6659388,5.590667e-09,SORBI_3008G061201,0.401116
TG(18:1_18:2_18:2),CTL,individual,2:37881173,2,37881173,5.769151e-09,SORBI_3002G148100,0.949842
TG(18:1_18:2_18:2),CTL,individual,2:37881173,2,37881173,5.769151e-09,SORBI_3002G148100,0.949616
TG(18:1_18:2_18:2),CTL,individual,2:37881173,2,37881173,5.769151e-09,SORBI_3002G148100,0.939486
TG(18:1_18:2_18:2),CTL,individual,2:37881173,2,37881173,5.769151e-09,SORBI_3002G148232,0.939475
TG(18:1_18:2_18:2),CTL,individual,2:37881173,2,37881173,5.769151e-09,SORBI_3002G148100,0.929591
TG(18:1_18:2_18:2),CTL,individual,2:37881173,2,37881173,5.769151e-09,SORBI_3002G148166,0.929591
TG(18:1_18:2_18:2),CTL,individual,2:37881173,2,37881173,5.769151e-09,SORBI_3002G148100,0.92116
TG(18:1_18:2_18:2),CTL,individual,2:37881173,2,37881173,5.769151e-09,SORBI_3002G148100,0.90023
TG(18:1_18:2_18:2),CTL,individual,2:37881173,2,37881173,5.769151e-09,SORBI_3002G148100,0.677787
TG(18:1_18:2_18:2),CTL,individual,2:37881173,2,37881173,5.769151e-09,SORBI_3002G148100,0.664431
TG(18:1_18:2_18:2),CTL,individual,2:37881173,2,37881173,5.769151e-09,SORBI_3002G148100,0.657338
TG(18:1_18:2_18:2),CTL,individual,2:37881173,2,37881173,5.769151e-09,SORBI_3002G148100,0.643931
TG(18:1_18:2_18:2),CTL,individual,2:37881173,2,37881173,5.769151e-09,SORBI_3002G148100,0.619607
TG(18:1_18:2_18:2),CTL,individual,2:37881173,2,37881173,5.769151e-09,SORBI_3002G148100,0.619509
TG(18:1_18:2_18:2),CTL,individual,2:37881173,2,37881173,5.769151e-09,SORBI_3002G148100,0.615138
TG(18:1_18:2_18:2),CTL,individual,2:37881173,2,37881173,5.769151e-09,SORBI_3002G148100,0.606169
TG(18:1_18:2_18:2),CTL,individual,2:37881173,2,37881173,5.769151e-09,SORBI_3002G148100,0.597312
TG(18:1_18:2_18:2),CTL,individual,2:37881173,2,37881173,5.769151e-09,SORBI_3002G148100,0.583935
TG(18:1_18:2_18:2),CTL,individual,2:37881173,2,37881173,5.769151e-09,SORBI_3002G148100,0.570582
TG(18:1_18:2_18:2),CTL,individual,2:37881173,2,37881173,5.769151e-09,SORBI_3002G148100,0.539351
TG(18:1_18:2_18:2),CTL,individual,2:37881173,2,37881173,5.769151e-09,SORBI_3002G148100,0.530053
TG(18:1_18:2_18:2),CTL,individual,2:37881173,2,37881173,5.769151e-09,SORBI_3002G148100,0.518417
TG(18:1_18:2_18:2),CTL,individual,2:37881173,2,37881173,5.769151e-09,SORBI_3002G148100,0.516878
TG(18:1_18:2_18:2),CTL,individual,2:37881173,2,37881173,5.769151e-09,SORBI_3002G148100,0.513483
TG(18:1_18:2_18:2),CTL,individual,2:37881173,2,37881173,5.769151e-09,SORBI_3002G148100,0.51013
TG(18:1_18:2_18:2),CTL,individual,2:37881173,2,37881173,5.769151e-09,SORBI_3002G148100,0.487261
TG(18:1_18:2_18:2),CTL,individual,2:37881173,2,37881173,5.769151e-09,SORBI_3002G148100,0.413805
TG(18:1_18:2_18:2),CTL,individual,1:21378141,1,21378141,5.829155e-09,SORBI_3001G223300,0.859383
TG(18:1_18:2_18:2),CTL,individual,1:21378141,1,21378141,5.829155e-09,SORBI_3001G223200,0.825009
TG(18:1_18:2_18:2),CTL,individual,1:21378141,1,21378141,5.829155e-09,SORBI_3001G223200,0.79622
TG(18:1_18:2_18:2),CTL,individual,1:21378141,1,21378141,5.829155e-09,SORBI_3001G223300,0.793547
TG(18:1_18:2_18:2),CTL,individual,1:21378141,1,21378141,5.829155e-09,SORBI_3001G223200,0.747911
TG(18:1_18:2_18:2),CTL,individual,1:21378141,1,21378141,5.829155e-09,SORBI_3001G223200,0.746399
TG(18:1_18:2_18:2),CTL,individual,1:21378141,1,21378141,5.829155e-09,SORBI_3001G224000,0.7166
TG(18:1_18:2_18:2),CTL,individual,1:21378141,1,21378141,5.829155e-09,SORBI_3001G223100,0.710059
TG(18:1_18:2_18:2),CTL,individual,1:21378141,1,21378141,5.829155e-09,SORBI_3001G223300,0.702632
TG(18:1_18:2_18:2),CTL,individual,1:21378141,1,21378141,5.829155e-09,SORBI_3001G223100,0.677427
TG(18:1_18:2_18:2),CTL,individual,1:21378141,1,21378141,5.829155e-09,SORBI_3001G223100,0.677273
TG(18:1_18:2_18:2),CTL,individual,1:21378141,1,21378141,5.829155e-09,SORBI_3001G223550,0.616378
TG(18:1_18:2_18:2),CTL,individual,1:21378141,1,21378141,5.829155e-09,SORBI_3001G223550,0.616324
TG(18:1_18:2_18:2),CTL,individual,1:21378141,1,21378141,5.829155e-09,SORBI_3001G223550,0.61627
TG(18:1_18:2_18:2),CTL,individual,1:21378141,1,21378141,5.829155e-09,SORBI_3001G222900,0.60392
TG(18:1_18:2_18:2),CTL,individual,1:21378141,1,21378141,5.829155e-09,SORBI_3001G223550,0.600929
TG(18:1_18:2_18:2),CTL,individual,1:21378141,1,21378141,5.829155e-09,SORBI_3001G222900,0.589039
TG(18:1_18:2_18:2),CTL,individual,1:21378141,1,21378141,5.829155e-09,SORBI_3001G222900,0.588277
TG(18:1_18:2_18:2),CTL,individual,1:21378141,1,21378141,5.829155e-09,SORBI_3001G222900,0.563335
TG(18:1_18:2_18:2),CTL,individual,1:21378141,1,21378141,5.829155e-09,SORBI_3001G222900,0.55708
TG(18:1_18:2_18:2),CTL,individual,1:21378141,1,21378141,5.829155e-09,SORBI_3001G222900,0.531348
TG(18:1_18:2_18:2),CTL,individual,1:21378141,1,21378141,5.829155e-09,SORBI_3001G223300,0.520169
TG(18:1_18:2_18:2),CTL,individual,1:21378141,1,21378141,5.829155e-09,SORBI_3001G222800,0.519507
TG(18:1_18:2_18:2),CTL,individual,1:21378141,1,21378141,5.829155e-09,SORBI_3001G223100,0.519367
TG(18:1_18:2_18:2),CTL,individual,1:21378141,1,21378141,5.829155e-09,SORBI_3001G222800,0.515608
TG(18:1_18:2_18:2),CTL,individual,1:21378141,1,21378141,5.829155e-09,SORBI_3001G223100,0.515608
TG(18:1_18:2_18:2),CTL,individual,1:21378141,1,21378141,5.829155e-09,SORBI_3001G222800,0.504382
TG(18:1_18:2_18:2),CTL,individual,1:21378141,1,21378141,5.829155e-09,SORBI_3001G223100,0.504382
TG(18:1_18:2_18:2),CTL,individual,1:21378141,1,21378141,5.829155e-09,SORBI_3001G222800,0.500318
TG(18:1_18:2_18:2),CTL,individual,1:21378141,1,21378141,5.829155e-09,SORBI_3001G223100,0.497031
TG(18:1_18:2_18:2),CTL,individual,1:21378141,1,21378141,5.829155e-09,SORBI_3001G222800,0.49649
TG(18:1_18:2_18:2),CTL,individual,1:21378141,1,21378141,5.829155e-09,SORBI_3001G222800,0.48919
TG(18:1_18:2_18:2),CTL,individual,1:21378141,1,21378141,5.829155e-09,SORBI_3001G222800,0.486504
TG(18:1_18:2_18:2),CTL,individual,1:21378141,1,21378141,5.829155e-09,SORBI_3001G222900,0.473024
TG(18:1_18:2_18:2),CTL,individual,1:21378141,1,21378141,5.829155e-09,SORBI_3001G222900,0.463381
TG(18:1_18:2_18:2),CTL,individual,1:21378141,1,21378141,5.829155e-09,SORBI_3001G223100,0.463381
TG(18:1_18:2_18:2),CTL,individual,1:21378141,1,21378141,5.829155e-09,SORBI_3001G222900,0.460189
TG(18:1_18:2_18:2),CTL,individual,1:21378141,1,21378141,5.829155e-09,SORBI_3001G222900,0.4581
TG(18:1_18:2_18:2),CTL,individual,1:21378141,1,21378141,5.829155e-09,SORBI_3001G224200,0.45542
TG(18:1_18:2_18:2),CTL,individual,1:21378141,1,21378141,5.829155e-09,SORBI_3001G222900,0.448569
TG(18:1_18:2_18:2),CTL,individual,1:21378141,1,21378141,5.829155e-09,SORBI_3001G222800,0.4454
TG(18:1_18:2_18:2),CTL,individual,1:21378141,1,21378141,5.829155e-09,SORBI_3001G224200,0.440259
TG(18:1_18:2_18:2),CTL,individual,1:21378141,1,21378141,5.829155e-09,SORBI_3001G223100,0.439188
TG(18:1_18:2_18:2),CTL,individual,1:21378141,1,21378141,5.829155e-09,SORBI_3001G222700,0.436281
TG(18:1_18:2_18:2),CTL,individual,1:21378141,1,21378141,5.829155e-09,SORBI_3001G222900,0.434347
TG(18:1_18:2_18:2),CTL,individual,1:21378141,1,21378141,5.829155e-09,SORBI_3001G222700,0.427908
TG(18:1_18:2_18:2),CTL,individual,1:21378141,1,21378141,5.829155e-09,SORBI_3001G224300,0.419855
TG(18:1_18:2_18:2),CTL,individual,1:21378141,1,21378141,5.829155e-09,SORBI_3001G222400,0.417692
TG(18:1_18:2_18:2),CTL,individual,1:21378141,1,21378141,5.829155e-09,SORBI_3001G222600,0.417692
TG(18:1_18:2_18:2),CTL,individual,1:21378141,1,21378141,5.829155e-09,SORBI_3001G223000,0.417123
TG(18:1_18:2_18:2),CTL,individual,1:21378141,1,21378141,5.829155e-09,SORBI_3001G222300,0.410558
TG(18:1_18:2_18:2),CTL,individual,1:21378141,1,21378141,5.829155e-09,SORBI_3001G222200,0.401354
TG(18:1_18:2_18:2),CTL,individual,3:53667766,3,53667766,5.963169e-09,SORBI_3003G206600,0.913857
TG(18:1_18:2_18:2),CTL,individual,3:53667766,3,53667766,5.963169e-09,SORBI_3003G206700,0.898374
TG(18:1_18:2_18:2),CTL,individual,3:53667766,3,53667766,5.963169e-09,SORBI_3003G206700,0.889581
TG(18:1_18:2_18:2),CTL,individual,3:53667766,3,53667766,5.963169e-09,SORBI_3003G206300,0.837229
TG(18:1_18:2_18:2),CTL,individual,3:53667766,3,53667766,5.963169e-09,SORBI_3003G206500,0.826614
TG(18:1_18:2_18:2),CTL,individual,3:53667766,3,53667766,5.963169e-09,SORBI_3003G206800,0.801706
TG(18:1_18:2_18:2),CTL,individual,3:53667766,3,53667766,5.963169e-09,SORBI_3003G206800,0.783688
TG(18:1_18:2_18:2),CTL,individual,3:53667766,3,53667766,5.963169e-09,SORBI_3003G205900,0.78357
TG(18:1_18:2_18:2),CTL,individual,3:53667766,3,53667766,5.963169e-09,SORBI_3003G205801,0.779881
TG(18:1_18:2_18:2),CTL,individual,3:53667766,3,53667766,5.963169e-09,SORBI_3003G205900,0.779837
TG(18:1_18:2_18:2),CTL,individual,3:53667766,3,53667766,5.963169e-09,SORBI_3003G206800,0.774702
TG(18:1_18:2_18:2),CTL,individual,3:53667766,3,53667766,5.963169e-09,SORBI_3003G206100,0.77421
TG(18:1_18:2_18:2),CTL,individual,3:53667766,3,53667766,5.963169e-09,SORBI_3003G205801,0.772429
TG(18:1_18:2_18:2),CTL,individual,3:53667766,3,53667766,5.963169e-09,SORBI_3003G205801,0.769006
TG(18:1_18:2_18:2),CTL,individual,3:53667766,3,53667766,5.963169e-09,SORBI_3003G205900,0.764657
TG(18:1_18:2_18:2),CTL,individual,3:53667766,3,53667766,5.963169e-09,SORBI_3003G206100,0.75701
TG(18:1_18:2_18:2),CTL,individual,3:53667766,3,53667766,5.963169e-09,SORBI_3003G206000,0.74836
TG(18:1_18:2_18:2),CTL,individual,3:53667766,3,53667766,5.963169e-09,SORBI_3003G205900,0.738782
TG(18:1_18:2_18:2),CTL,individual,3:53667766,3,53667766,5.963169e-09,SORBI_3003G207000,0.730437
TG(18:1_18:2_18:2),CTL,individual,3:53667766,3,53667766,5.963169e-09,SORBI_3003G205900,0.70747
TG(18:1_18:2_18:2),CTL,individual,3:53667766,3,53667766,5.963169e-09,SORBI_3003G206300,0.681641
TG(18:1_18:2_18:2),CTL,individual,3:53667766,3,53667766,5.963169e-09,SORBI_3003G206300,0.670278
TG(18:1_18:2_18:2),CTL,individual,3:53667766,3,53667766,5.963169e-09,SORBI_3003G206300,0.660972
TG(18:1_18:2_18:2),CTL,individual,3:53667766,3,53667766,5.963169e-09,SORBI_3003G206300,0.660404
TG(18:1_18:2_18:2),CTL,individual,3:53667766,3,53667766,5.963169e-09,SORBI_3003G205801,0.617647
TG(18:1_18:2_18:2),CTL,individual,3:53667766,3,53667766,5.963169e-09,SORBI_3003G205700,0.592336
TG(18:1_18:2_18:2),CTL,individual,3:53667766,3,53667766,5.963169e-09,SORBI_3003G206600,0.585696
TG(18:1_18:2_18:2),CTL,individual,3:53667766,3,53667766,5.963169e-09,SORBI_3003G206900,0.573765
TG(18:1_18:2_18:2),CTL,individual,3:53667766,3,53667766,5.963169e-09,SORBI_3003G205801,0.566509
TG(18:1_18:2_18:2),CTL,individual,3:53667766,3,53667766,5.963169e-09,SORBI_3003G206900,0.563543
TG(18:1_18:2_18:2),CTL,individual,3:53667766,3,53667766,5.963169e-09,SORBI_3003G205700,0.560263
TG(18:1_18:2_18:2),CTL,individual,3:53667766,3,53667766,5.963169e-09,SORBI_3003G205700,0.550094
TG(18:1_18:2_18:2),CTL,individual,3:53667766,3,53667766,5.963169e-09,SORBI_3003G206300,0.538541
TG(18:1_18:2_18:2),CTL,individual,3:53667766,3,53667766,5.963169e-09,SORBI_3003G205400,0.53315
TG(18:1_18:2_18:2),CTL,individual,3:53667766,3,53667766,5.963169e-09,SORBI_3003G206200,0.521695
TG(18:1_18:2_18:2),CTL,individual,3:53667766,3,53667766,5.963169e-09,SORBI_3003G205501,0.507863
TG(18:1_18:2_18:2),CTL,individual,3:53667766,3,53667766,5.963169e-09,SORBI_3003G206300,0.50263
TG(18:1_18:2_18:2),CTL,individual,3:53667766,3,53667766,5.963169e-09,SORBI_3003G205501,0.501042
TG(18:1_18:2_18:2),CTL,individual,3:53667766,3,53667766,5.963169e-09,SORBI_3003G206300,0.498584
TG(18:1_18:2_18:2),CTL,individual,3:53667766,3,53667766,5.963169e-09,SORBI_3003G205501,0.497819
TG(18:1_18:2_18:2),CTL,individual,3:53667766,3,53667766,5.963169e-09,SORBI_3003G205501,0.495824
TG(18:1_18:2_18:2),CTL,individual,3:53667766,3,53667766,5.963169e-09,SORBI_3003G206300,0.474255
TG(18:1_18:2_18:2),CTL,individual,3:53667766,3,53667766,5.963169e-09,SORBI_3003G205900,0.469801
TG(18:1_18:2_18:2),CTL,individual,3:53667766,3,53667766,5.963169e-09,SORBI_3003G205501,0.467291
TG(18:1_18:2_18:2),CTL,individual,3:53667766,3,53667766,5.963169e-09,SORBI_3003G205200,0.461283
TG(18:1_18:2_18:2),CTL,individual,3:53667766,3,53667766,5.963169e-09,SORBI_3003G205801,0.455723
TG(18:1_18:2_18:2),CTL,individual,3:53667766,3,53667766,5.963169e-09,SORBI_3003G207800,0.450764
TG(18:1_18:2_18:2),CTL,individual,3:53667766,3,53667766,5.963169e-09,SORBI_3003G207800,0.428463
TG(18:1_18:2_18:2),CTL,individual,3:53667766,3,53667766,5.963169e-09,SORBI_3003G206300,0.420407
TG(18:1_18:2_18:2),CTL,individual,3:53667766,3,53667766,5.963169e-09,SORBI_3003G206800,0.419779
TG(18:1_18:2_18:2),CTL,individual,3:53667766,3,53667766,5.963169e-09,SORBI_3003G207900,0.412341
TG(18:1_18:2_18:2),CTL,individual,3:53667766,3,53667766,5.963169e-09,SORBI_3003G206700,0.405835
TG(18:1_18:2_18:2),CTL,individual,3:53669333,3,53669333,6.01258e-09,SORBI_3003G207000,0.861286
TG(18:1_18:2_18:2),CTL,individual,3:53669333,3,53669333,6.01258e-09,SORBI_3003G205900,0.827001
TG(18:1_18:2_18:2),CTL,individual,3:53669333,3,53669333,6.01258e-09,SORBI_3003G205900,0.816608
TG(18:1_18:2_18:2),CTL,individual,3:53669333,3,53669333,6.01258e-09,SORBI_3003G205900,0.810763
TG(18:1_18:2_18:2),CTL,individual,3:53669333,3,53669333,6.01258e-09,SORBI_3003G206100,0.80626
TG(18:1_18:2_18:2),CTL,individual,3:53669333,3,53669333,6.01258e-09,SORBI_3003G205801,0.797958
TG(18:1_18:2_18:2),CTL,individual,3:53669333,3,53669333,6.01258e-09,SORBI_3003G206600,0.794641
TG(18:1_18:2_18:2),CTL,individual,3:53669333,3,53669333,6.01258e-09,SORBI_3003G206000,0.793709
TG(18:1_18:2_18:2),CTL,individual,3:53669333,3,53669333,6.01258e-09,SORBI_3003G205801,0.791279
TG(18:1_18:2_18:2),CTL,individual,3:53669333,3,53669333,6.01258e-09,SORBI_3003G205801,0.788242
TG(18:1_18:2_18:2),CTL,individual,3:53669333,3,53669333,6.01258e-09,SORBI_3003G205900,0.783188
TG(18:1_18:2_18:2),CTL,individual,3:53669333,3,53669333,6.01258e-09,SORBI_3003G206700,0.778444
TG(18:1_18:2_18:2),CTL,individual,3:53669333,3,53669333,6.01258e-09,SORBI_3003G206100,0.773743
TG(18:1_18:2_18:2),CTL,individual,3:53669333,3,53669333,6.01258e-09,SORBI_3003G206700,0.768056
TG(18:1_18:2_18:2),CTL,individual,3:53669333,3,53669333,6.01258e-09,SORBI_3003G205900,0.751202
TG(18:1_18:2_18:2),CTL,individual,3:53669333,3,53669333,6.01258e-09,SORBI_3003G206300,0.732844
TG(18:1_18:2_18:2),CTL,individual,3:53669333,3,53669333,6.01258e-09,SORBI_3003G206500,0.723553
TG(18:1_18:2_18:2),CTL,individual,3:53669333,3,53669333,6.01258e-09,SORBI_3003G206800,0.696917
TG(18:1_18:2_18:2),CTL,individual,3:53669333,3,53669333,6.01258e-09,SORBI_3003G206800,0.692268
TG(18:1_18:2_18:2),CTL,individual,3:53669333,3,53669333,6.01258e-09,SORBI_3003G206800,0.682513
TG(18:1_18:2_18:2),CTL,individual,3:53669333,3,53669333,6.01258e-09,SORBI_3003G205801,0.675745
TG(18:1_18:2_18:2),CTL,individual,3:53669333,3,53669333,6.01258e-09,SORBI_3003G205700,0.607953
TG(18:1_18:2_18:2),CTL,individual,3:53669333,3,53669333,6.01258e-09,SORBI_3003G206300,0.594578
TG(18:1_18:2_18:2),CTL,individual,3:53669333,3,53669333,6.01258e-09,SORBI_3003G206300,0.58466
TG(18:1_18:2_18:2),CTL,individual,3:53669333,3,53669333,6.01258e-09,SORBI_3003G205801,0.582638
TG(18:1_18:2_18:2),CTL,individual,3:53669333,3,53669333,6.01258e-09,SORBI_3003G205700,0.577536
TG(18:1_18:2_18:2),CTL,individual,3:53669333,3,53669333,6.01258e-09,SORBI_3003G206300,0.572441
TG(18:1_18:2_18:2),CTL,individual,3:53669333,3,53669333,6.01258e-09,SORBI_3003G205400,0.570551
TG(18:1_18:2_18:2),CTL,individual,3:53669333,3,53669333,6.01258e-09,SORBI_3003G205700,0.566516
TG(18:1_18:2_18:2),CTL,individual,3:53669333,3,53669333,6.01258e-09,SORBI_3003G206300,0.562582
TG(18:1_18:2_18:2),CTL,individual,3:53669333,3,53669333,6.01258e-09,SORBI_3003G206200,0.558636
TG(18:1_18:2_18:2),CTL,individual,3:53669333,3,53669333,6.01258e-09,SORBI_3003G205501,0.544331
TG(18:1_18:2_18:2),CTL,individual,3:53669333,3,53669333,6.01258e-09,SORBI_3003G205501,0.535621
TG(18:1_18:2_18:2),CTL,individual,3:53669333,3,53669333,6.01258e-09,SORBI_3003G205501,0.533402
TG(18:1_18:2_18:2),CTL,individual,3:53669333,3,53669333,6.01258e-09,SORBI_3003G205501,0.530926
TG(18:1_18:2_18:2),CTL,individual,3:53669333,3,53669333,6.01258e-09,SORBI_3003G207900,0.514137
TG(18:1_18:2_18:2),CTL,individual,3:53669333,3,53669333,6.01258e-09,SORBI_3003G206600,0.509005
TG(18:1_18:2_18:2),CTL,individual,3:53669333,3,53669333,6.01258e-09,SORBI_3003G205501,0.501653
TG(18:1_18:2_18:2),CTL,individual,3:53669333,3,53669333,6.01258e-09,SORBI_3003G207900,0.496449
TG(18:1_18:2_18:2),CTL,individual,3:53669333,3,53669333,6.01258e-09,SORBI_3003G207900,0.494348
TG(18:1_18:2_18:2),CTL,individual,3:53669333,3,53669333,6.01258e-09,SORBI_3003G206900,0.493024
TG(18:1_18:2_18:2),CTL,individual,3:53669333,3,53669333,6.01258e-09,SORBI_3003G205900,0.486002
TG(18:1_18:2_18:2),CTL,individual,3:53669333,3,53669333,6.01258e-09,SORBI_3003G206900,0.482284
TG(18:1_18:2_18:2),CTL,individual,3:53669333,3,53669333,6.01258e-09,SORBI_3003G205801,0.479199
TG(18:1_18:2_18:2),CTL,individual,3:53669333,3,53669333,6.01258e-09,SORBI_3003G205200,0.468152
TG(18:1_18:2_18:2),CTL,individual,3:53669333,3,53669333,6.01258e-09,SORBI_3003G207800,0.463735
TG(18:1_18:2_18:2),CTL,individual,3:53669333,3,53669333,6.01258e-09,SORBI_3003G206300,0.460134
TG(18:1_18:2_18:2),CTL,individual,3:53669333,3,53669333,6.01258e-09,SORBI_3003G207800,0.439946
TG(18:1_18:2_18:2),CTL,individual,3:53669333,3,53669333,6.01258e-09,SORBI_3003G206200,0.425037
TG(18:1_18:2_18:2),CTL,individual,3:53669333,3,53669333,6.01258e-09,SORBI_3003G206200,0.415691
TG(18:1_18:2_18:2),CTL,individual,3:53669333,3,53669333,6.01258e-09,SORBI_3003G206200,0.408441
TG(18:1_18:2_18:2),CTL,individual,3:53669333,3,53669333,6.01258e-09,SORBI_3003G206300,0.404486
TG(18:1_18:2_18:2),CTL,individual,3:53669333,3,53669333,6.01258e-09,SORBI_3003G205501,0.40279
TG(18:1_18:2_18:2),CTL,individual,4:9817657,4,9817657,6.025595e-09,SORBI_3004G104400,0.919013
TG(18:1_18:2_18:2),CTL,individual,4:9817657,4,9817657,6.025595e-09,SORBI_3004G104200,0.910263
TG(18:1_18:2_18:2),CTL,individual,4:9817657,4,9817657,6.025595e-09,SORBI_3004G104250,0.910263
TG(18:1_18:2_18:2),CTL,individual,4:9817657,4,9817657,6.025595e-09,SORBI_3004G104100,0.908895
TG(18:1_18:2_18:2),CTL,individual,4:9817657,4,9817657,6.025595e-09,SORBI_3004G104200,0.906883
TG(18:1_18:2_18:2),CTL,individual,4:9817657,4,9817657,6.025595e-09,SORBI_3004G104200,0.906051
TG(18:1_18:2_18:2),CTL,individual,4:9817657,4,9817657,6.025595e-09,SORBI_3004G104250,0.906051
TG(18:1_18:2_18:2),CTL,individual,4:9817657,4,9817657,6.025595e-09,SORBI_3004G104200,0.903916
TG(18:1_18:2_18:2),CTL,individual,4:9817657,4,9817657,6.025595e-09,SORBI_3004G104200,0.903888
TG(18:1_18:2_18:2),CTL,individual,4:9817657,4,9817657,6.025595e-09,SORBI_3004G104200,0.900888
TG(18:1_18:2_18:2),CTL,individual,4:9817657,4,9817657,6.025595e-09,SORBI_3004G104200,0.89798
TG(18:1_18:2_18:2),CTL,individual,4:9817657,4,9817657,6.025595e-09,SORBI_3004G104400,0.897895
TG(18:1_18:2_18:2),CTL,individual,4:9817657,4,9817657,6.025595e-09,SORBI_3004G104100,0.896154
TG(18:1_18:2_18:2),CTL,individual,4:9817657,4,9817657,6.025595e-09,SORBI_3004G104250,0.896154
TG(18:1_18:2_18:2),CTL,individual,4:9817657,4,9817657,6.025595e-09,SORBI_3004G104000,0.895008
TG(18:1_18:2_18:2),CTL,individual,4:9817657,4,9817657,6.025595e-09,SORBI_3004G104200,0.891352
TG(18:1_18:2_18:2),CTL,individual,4:9817657,4,9817657,6.025595e-09,SORBI_3004G104250,0.889004
TG(18:1_18:2_18:2),CTL,individual,4:9817657,4,9817657,6.025595e-09,SORBI_3004G104200,0.888921
TG(18:1_18:2_18:2),CTL,individual,4:9817657,4,9817657,6.025595e-09,SORBI_3004G104200,0.886341
TG(18:1_18:2_18:2),CTL,individual,4:9817657,4,9817657,6.025595e-09,SORBI_3004G104250,0.884267
TG(18:1_18:2_18:2),CTL,individual,4:9817657,4,9817657,6.025595e-09,SORBI_3004G104250,0.882662
TG(18:1_18:2_18:2),CTL,individual,4:9817657,4,9817657,6.025595e-09,SORBI_3004G104250,0.880897
TG(18:1_18:2_18:2),CTL,individual,4:9817657,4,9817657,6.025595e-09,SORBI_3004G104250,0.878619
TG(18:1_18:2_18:2),CTL,individual,4:9817657,4,9817657,6.025595e-09,SORBI_3004G104100,0.87844
TG(18:1_18:2_18:2),CTL,individual,4:9817657,4,9817657,6.025595e-09,SORBI_3004G104250,0.878405
TG(18:1_18:2_18:2),CTL,individual,4:9817657,4,9817657,6.025595e-09,SORBI_3004G104250,0.877151
TG(18:1_18:2_18:2),CTL,individual,4:9817657,4,9817657,6.025595e-09,SORBI_3004G104400,0.8769
TG(18:1_18:2_18:2),CTL,individual,4:9817657,4,9817657,6.025595e-09,SORBI_3004G104200,0.876399
TG(18:1_18:2_18:2),CTL,individual,4:9817657,4,9817657,6.025595e-09,SORBI_3004G104100,0.873479
TG(18:1_18:2_18:2),CTL,individual,4:9817657,4,9817657,6.025595e-09,SORBI_3004G104250,0.872232
TG(18:1_18:2_18:2),CTL,individual,4:9817657,4,9817657,6.025595e-09,SORBI_3004G104250,0.868127
TG(18:1_18:2_18:2),CTL,individual,4:9817657,4,9817657,6.025595e-09,SORBI_3004G104250,0.867989
TG(18:1_18:2_18:2),CTL,individual,4:9817657,4,9817657,6.025595e-09,SORBI_3004G104100,0.867009
TG(18:1_18:2_18:2),CTL,individual,4:9817657,4,9817657,6.025595e-09,SORBI_3004G104200,0.857285
TG(18:1_18:2_18:2),CTL,individual,4:9817657,4,9817657,6.025595e-09,SORBI_3004G104200,0.857192
TG(18:1_18:2_18:2),CTL,individual,4:9817657,4,9817657,6.025595e-09,SORBI_3004G104250,0.856316
TG(18:1_18:2_18:2),CTL,individual,4:9817657,4,9817657,6.025595e-09,SORBI_3004G104250,0.855986
TG(18:1_18:2_18:2),CTL,individual,4:9817657,4,9817657,6.025595e-09,SORBI_3004G104250,0.853878
TG(18:1_18:2_18:2),CTL,individual,4:9817657,4,9817657,6.025595e-09,SORBI_3004G104250,0.851373
TG(18:1_18:2_18:2),CTL,individual,4:9817657,4,9817657,6.025595e-09,SORBI_3004G104250,0.84739
TG(18:1_18:2_18:2),CTL,individual,4:9817657,4,9817657,6.025595e-09,SORBI_3004G104250,0.846736
TG(18:1_18:2_18:2),CTL,individual,4:9817657,4,9817657,6.025595e-09,SORBI_3004G104250,0.839874
TG(18:1_18:2_18:2),CTL,individual,4:9817657,4,9817657,6.025595e-09,SORBI_3004G104200,0.831144
TG(18:1_18:2_18:2),CTL,individual,4:9817657,4,9817657,6.025595e-09,SORBI_3004G104100,0.827197
TG(18:1_18:2_18:2),CTL,individual,4:9817657,4,9817657,6.025595e-09,SORBI_3004G104200,0.809885
TG(18:1_18:2_18:2),CTL,individual,4:9817657,4,9817657,6.025595e-09,SORBI_3004G104250,0.809814
TG(18:1_18:2_18:2),CTL,individual,4:9817657,4,9817657,6.025595e-09,SORBI_3004G104400,0.809204
TG(18:1_18:2_18:2),CTL,individual,4:9817657,4,9817657,6.025595e-09,SORBI_3004G104100,0.807775
TG(18:1_18:2_18:2),CTL,individual,4:9817657,4,9817657,6.025595e-09,SORBI_3004G104250,0.805586
TG(18:1_18:2_18:2),CTL,individual,4:9817657,4,9817657,6.025595e-09,SORBI_3004G104200,0.801198
TG(18:1_18:2_18:2),CTL,individual,4:9817657,4,9817657,6.025595e-09,SORBI_3004G104100,0.794575
TG(18:1_18:2_18:2),CTL,individual,4:9817657,4,9817657,6.025595e-09,SORBI_3004G104200,0.793365
TG(18:1_18:2_18:2),CTL,individual,4:9817657,4,9817657,6.025595e-09,SORBI_3004G104100,0.782449
TG(18:1_18:2_18:2),CTL,individual,4:9817657,4,9817657,6.025595e-09,SORBI_3004G104250,0.780461
TG(18:1_18:2_18:2),CTL,individual,4:9817657,4,9817657,6.025595e-09,SORBI_3004G104200,0.78024
TG(18:1_18:2_18:2),CTL,individual,4:9817657,4,9817657,6.025595e-09,SORBI_3004G104250,0.772024
TG(18:1_18:2_18:2),CTL,individual,4:9817657,4,9817657,6.025595e-09,SORBI_3004G104100,0.770349
TG(18:1_18:2_18:2),CTL,individual,4:9817657,4,9817657,6.025595e-09,SORBI_3004G104250,0.766964
TG(18:1_18:2_18:2),CTL,individual,4:9817657,4,9817657,6.025595e-09,SORBI_3004G104250,0.76265
TG(18:1_18:2_18:2),CTL,individual,4:9817657,4,9817657,6.025595e-09,SORBI_3004G104400,0.759966
TG(18:1_18:2_18:2),CTL,individual,4:9817657,4,9817657,6.025595e-09,SORBI_3004G104200,0.755847
TG(18:1_18:2_18:2),CTL,individual,4:9817657,4,9817657,6.025595e-09,SORBI_3004G104400,0.755067
TG(18:1_18:2_18:2),CTL,individual,4:9817657,4,9817657,6.025595e-09,SORBI_3004G104200,0.742667
TG(18:1_18:2_18:2),CTL,individual,4:9817657,4,9817657,6.025595e-09,SORBI_3004G104200,0.738656
TG(18:1_18:2_18:2),CTL,individual,4:9817657,4,9817657,6.025595e-09,SORBI_3004G104250,0.729116
TG(18:1_18:2_18:2),CTL,individual,4:9817657,4,9817657,6.025595e-09,SORBI_3004G104250,0.722121
TG(18:1_18:2_18:2),CTL,individual,4:9817657,4,9817657,6.025595e-09,SORBI_3004G104100,0.711635
TG(18:1_18:2_18:2),CTL,individual,4:9817657,4,9817657,6.025595e-09,SORBI_3004G104100,0.706037
TG(18:1_18:2_18:2),CTL,individual,4:9817657,4,9817657,6.025595e-09,SORBI_3004G104250,0.702316
TG(18:1_18:2_18:2),CTL,individual,4:9817657,4,9817657,6.025595e-09,SORBI_3004G104200,0.698983
TG(18:1_18:2_18:2),CTL,individual,4:9817657,4,9817657,6.025595e-09,SORBI_3004G104200,0.698338
TG(18:1_18:2_18:2),CTL,individual,4:9817657,4,9817657,6.025595e-09,SORBI_3004G104200,0.695123
TG(18:1_18:2_18:2),CTL,individual,4:9817657,4,9817657,6.025595e-09,SORBI_3004G104200,0.692747
TG(18:1_18:2_18:2),CTL,individual,4:9817657,4,9817657,6.025595e-09,SORBI_3004G103800,0.691626
TG(18:1_18:2_18:2),CTL,individual,4:9817657,4,9817657,6.025595e-09,SORBI_3004G104100,0.679817
TG(18:1_18:2_18:2),CTL,individual,4:9817657,4,9817657,6.025595e-09,SORBI_3004G104400,0.677734
TG(18:1_18:2_18:2),CTL,individual,4:9817657,4,9817657,6.025595e-09,SORBI_3004G103800,0.675535
TG(18:1_18:2_18:2),CTL,individual,4:9817657,4,9817657,6.025595e-09,SORBI_3004G104200,0.652903
TG(18:1_18:2_18:2),CTL,individual,4:9817657,4,9817657,6.025595e-09,SORBI_3004G104100,0.639872
TG(18:1_18:2_18:2),CTL,individual,4:9817657,4,9817657,6.025595e-09,SORBI_3004G104100,0.628915
TG(18:1_18:2_18:2),CTL,individual,4:9817657,4,9817657,6.025595e-09,SORBI_3004G104250,0.627281
TG(18:1_18:2_18:2),CTL,individual,4:9817657,4,9817657,6.025595e-09,SORBI_3004G103800,0.626665
TG(18:1_18:2_18:2),CTL,individual,4:9817657,4,9817657,6.025595e-09,SORBI_3004G104200,0.615165
TG(18:1_18:2_18:2),CTL,individual,4:9817657,4,9817657,6.025595e-09,SORBI_3004G104000,0.61458
TG(18:1_18:2_18:2),CTL,individual,4:9817657,4,9817657,6.025595e-09,SORBI_3004G103901,0.614026
TG(18:1_18:2_18:2),CTL,individual,4:9817657,4,9817657,6.025595e-09,SORBI_3004G103901,0.60977
TG(18:1_18:2_18:2),CTL,individual,4:9817657,4,9817657,6.025595e-09,SORBI_3004G104500,0.606322
TG(18:1_18:2_18:2),CTL,individual,4:9817657,4,9817657,6.025595e-09,SORBI_3004G103800,0.603422
TG(18:1_18:2_18:2),CTL,individual,4:9817657,4,9817657,6.025595e-09,SORBI_3004G104200,0.602805
TG(18:1_18:2_18:2),CTL,individual,4:9817657,4,9817657,6.025595e-09,SORBI_3004G103800,0.60208
TG(18:1_18:2_18:2),CTL,individual,4:9817657,4,9817657,6.025595e-09,SORBI_3004G104200,0.601095
TG(18:1_18:2_18:2),CTL,individual,4:9817657,4,9817657,6.025595e-09,SORBI_3004G103800,0.598032
TG(18:1_18:2_18:2),CTL,individual,4:9817657,4,9817657,6.025595e-09,SORBI_3004G104300,0.597868
TG(18:1_18:2_18:2),CTL,individual,4:9817657,4,9817657,6.025595e-09,SORBI_3004G104200,0.597762
TG(18:1_18:2_18:2),CTL,individual,4:9817657,4,9817657,6.025595e-09,SORBI_3004G103800,0.595466
TG(18:1_18:2_18:2),CTL,individual,4:9817657,4,9817657,6.025595e-09,SORBI_3004G103901,0.593853
TG(18:1_18:2_18:2),CTL,individual,4:9817657,4,9817657,6.025595e-09,SORBI_3004G104400,0.589413
TG(18:1_18:2_18:2),CTL,individual,4:9817657,4,9817657,6.025595e-09,SORBI_3004G104000,0.583917
TG(18:1_18:2_18:2),CTL,individual,4:9817657,4,9817657,6.025595e-09,SORBI_3004G104100,0.583229
TG(18:1_18:2_18:2),CTL,individual,4:9817657,4,9817657,6.025595e-09,SORBI_3004G104200,0.581237
TG(18:1_18:2_18:2),CTL,individual,4:9817657,4,9817657,6.025595e-09,SORBI_3004G104000,0.580741
TG(18:1_18:2_18:2),CTL,individual,4:9817657,4,9817657,6.025595e-09,SORBI_3004G104000,0.578313
TG(18:1_18:2_18:2),CTL,individual,4:9817657,4,9817657,6.025595e-09,SORBI_3004G103800,0.577803
TG(18:1_18:2_18:2),CTL,individual,4:9817657,4,9817657,6.025595e-09,SORBI_3004G104250,0.573499
TG(18:1_18:2_18:2),CTL,individual,4:9817657,4,9817657,6.025595e-09,SORBI_3004G104400,0.573091
TG(18:1_18:2_18:2),CTL,individual,4:9817657,4,9817657,6.025595e-09,SORBI_3004G103800,0.569661
TG(18:1_18:2_18:2),CTL,individual,4:9817657,4,9817657,6.025595e-09,SORBI_3004G104400,0.569435
TG(18:1_18:2_18:2),CTL,individual,4:9817657,4,9817657,6.025595e-09,SORBI_3004G104200,0.568774
TG(18:1_18:2_18:2),CTL,individual,4:9817657,4,9817657,6.025595e-09,SORBI_3004G104250,0.568774
TG(18:1_18:2_18:2),CTL,individual,4:9817657,4,9817657,6.025595e-09,SORBI_3004G104200,0.568686
TG(18:1_18:2_18:2),CTL,individual,4:9817657,4,9817657,6.025595e-09,SORBI_3004G104250,0.567625
TG(18:1_18:2_18:2),CTL,individual,4:9817657,4,9817657,6.025595e-09,SORBI_3004G104200,0.567032
TG(18:1_18:2_18:2),CTL,individual,4:9817657,4,9817657,6.025595e-09,SORBI_3004G104200,0.564151
TG(18:1_18:2_18:2),CTL,individual,4:9817657,4,9817657,6.025595e-09,SORBI_3004G104250,0.564063
TG(18:1_18:2_18:2),CTL,individual,4:9817657,4,9817657,6.025595e-09,SORBI_3004G104250,0.5628
TG(18:1_18:2_18:2),CTL,individual,4:9817657,4,9817657,6.025595e-09,SORBI_3004G104100,0.5621
TG(18:1_18:2_18:2),CTL,individual,4:9817657,4,9817657,6.025595e-09,SORBI_3004G104000,0.560271
TG(18:1_18:2_18:2),CTL,individual,4:9817657,4,9817657,6.025595e-09,SORBI_3004G104200,0.559637
TG(18:1_18:2_18:2),CTL,individual,4:9817657,4,9817657,6.025595e-09,SORBI_3004G104200,0.555347
TG(18:1_18:2_18:2),CTL,individual,4:9817657,4,9817657,6.025595e-09,SORBI_3004G104000,0.555088
TG(18:1_18:2_18:2),CTL,individual,4:9817657,4,9817657,6.025595e-09,SORBI_3004G104250,0.554361
TG(18:1_18:2_18:2),CTL,individual,4:9817657,4,9817657,6.025595e-09,SORBI_3004G103800,0.553365
TG(18:1_18:2_18:2),CTL,individual,4:9817657,4,9817657,6.025595e-09,SORBI_3004G104250,0.552102
TG(18:1_18:2_18:2),CTL,individual,4:9817657,4,9817657,6.025595e-09,SORBI_3004G104200,0.5511
TG(18:1_18:2_18:2),CTL,individual,4:9817657,4,9817657,6.025595e-09,SORBI_3004G104250,0.550971
TG(18:1_18:2_18:2),CTL,individual,4:9817657,4,9817657,6.025595e-09,SORBI_3004G104200,0.550574
TG(18:1_18:2_18:2),CTL,individual,4:9817657,4,9817657,6.025595e-09,SORBI_3004G103800,0.55039
TG(18:1_18:2_18:2),CTL,individual,4:9817657,4,9817657,6.025595e-09,SORBI_3004G104400,0.539152
TG(18:1_18:2_18:2),CTL,individual,4:9817657,4,9817657,6.025595e-09,SORBI_3004G104200,0.53705
TG(18:1_18:2_18:2),CTL,individual,4:9817657,4,9817657,6.025595e-09,SORBI_3004G104000,0.536689
TG(18:1_18:2_18:2),CTL,individual,4:9817657,4,9817657,6.025595e-09,SORBI_3004G104250,0.535192
TG(18:1_18:2_18:2),CTL,individual,4:9817657,4,9817657,6.025595e-09,SORBI_3004G104000,0.534353
TG(18:1_18:2_18:2),CTL,individual,4:9817657,4,9817657,6.025595e-09,SORBI_3004G104300,0.530545
TG(18:1_18:2_18:2),CTL,individual,4:9817657,4,9817657,6.025595e-09,SORBI_3004G104000,0.527484
TG(18:1_18:2_18:2),CTL,individual,4:9817657,4,9817657,6.025595e-09,SORBI_3004G104300,0.525304
TG(18:1_18:2_18:2),CTL,individual,4:9817657,4,9817657,6.025595e-09,SORBI_3004G104000,0.524292
TG(18:1_18:2_18:2),CTL,individual,4:9817657,4,9817657,6.025595e-09,SORBI_3004G104250,0.520291
TG(18:1_18:2_18:2),CTL,individual,4:9817657,4,9817657,6.025595e-09,SORBI_3004G104250,0.518207
TG(18:1_18:2_18:2),CTL,individual,4:9817657,4,9817657,6.025595e-09,SORBI_3004G104250,0.513973
TG(18:1_18:2_18:2),CTL,individual,4:9817657,4,9817657,6.025595e-09,SORBI_3004G104000,0.513715
TG(18:1_18:2_18:2),CTL,individual,4:9817657,4,9817657,6.025595e-09,SORBI_3004G103901,0.512953
TG(18:1_18:2_18:2),CTL,individual,4:9817657,4,9817657,6.025595e-09,SORBI_3004G104000,0.512799
TG(18:1_18:2_18:2),CTL,individual,4:9817657,4,9817657,6.025595e-09,SORBI_3004G104250,0.5064
TG(18:1_18:2_18:2),CTL,individual,4:9817657,4,9817657,6.025595e-09,SORBI_3004G104250,0.503545
TG(18:1_18:2_18:2),CTL,individual,4:9817657,4,9817657,6.025595e-09,SORBI_3004G104250,0.502105
TG(18:1_18:2_18:2),CTL,individual,4:9817657,4,9817657,6.025595e-09,SORBI_3004G104000,0.49114
TG(18:1_18:2_18:2),CTL,individual,4:9817657,4,9817657,6.025595e-09,SORBI_3004G103700,0.490808
TG(18:1_18:2_18:2),CTL,individual,4:9817657,4,9817657,6.025595e-09,SORBI_3004G104100,0.490808
TG(18:1_18:2_18:2),CTL,individual,4:9817657,4,9817657,6.025595e-09,SORBI_3004G104250,0.490047
TG(18:1_18:2_18:2),CTL,individual,4:9817657,4,9817657,6.025595e-09,SORBI_3004G104000,0.487121
TG(18:1_18:2_18:2),CTL,individual,4:9817657,4,9817657,6.025595e-09,SORBI_3004G104000,0.48706
TG(18:1_18:2_18:2),CTL,individual,4:9817657,4,9817657,6.025595e-09,SORBI_3004G103901,0.486849
TG(18:1_18:2_18:2),CTL,individual,4:9817657,4,9817657,6.025595e-09,SORBI_3004G103700,0.486502
TG(18:1_18:2_18:2),CTL,individual,4:9817657,4,9817657,6.025595e-09,SORBI_3004G104100,0.486502
TG(18:1_18:2_18:2),CTL,individual,4:9817657,4,9817657,6.025595e-09,SORBI_3004G104200,0.4856
TG(18:1_18:2_18:2),CTL,individual,4:9817657,4,9817657,6.025595e-09,SORBI_3004G104000,0.485277
TG(18:1_18:2_18:2),CTL,individual,4:9817657,4,9817657,6.025595e-09,SORBI_3004G103700,0.482259
TG(18:1_18:2_18:2),CTL,individual,4:9817657,4,9817657,6.025595e-09,SORBI_3004G103700,0.480431
TG(18:1_18:2_18:2),CTL,individual,4:9817657,4,9817657,6.025595e-09,SORBI_3004G103800,0.478782
TG(18:1_18:2_18:2),CTL,individual,4:9817657,4,9817657,6.025595e-09,SORBI_3004G104000,0.478054
TG(18:1_18:2_18:2),CTL,individual,4:9817657,4,9817657,6.025595e-09,SORBI_3004G103700,0.473952
TG(18:1_18:2_18:2),CTL,individual,4:9817657,4,9817657,6.025595e-09,SORBI_3004G104000,0.473357
TG(18:1_18:2_18:2),CTL,individual,4:9817657,4,9817657,6.025595e-09,SORBI_3004G104000,0.472315
TG(18:1_18:2_18:2),CTL,individual,4:9817657,4,9817657,6.025595e-09,SORBI_3004G103700,0.471925
TG(18:1_18:2_18:2),CTL,individual,4:9817657,4,9817657,6.025595e-09,SORBI_3004G104000,0.471698
TG(18:1_18:2_18:2),CTL,individual,4:9817657,4,9817657,6.025595e-09,SORBI_3004G104000,0.470208
TG(18:1_18:2_18:2),CTL,individual,4:9817657,4,9817657,6.025595e-09,SORBI_3004G104100,0.470037
TG(18:1_18:2_18:2),CTL,individual,4:9817657,4,9817657,6.025595e-09,SORBI_3004G104200,0.469799
TG(18:1_18:2_18:2),CTL,individual,4:9817657,4,9817657,6.025595e-09,SORBI_3004G104000,0.468367
TG(18:1_18:2_18:2),CTL,individual,4:9817657,4,9817657,6.025595e-09,SORBI_3004G104000,0.468287
TG(18:1_18:2_18:2),CTL,individual,4:9817657,4,9817657,6.025595e-09,SORBI_3004G103800,0.46779
TG(18:1_18:2_18:2),CTL,individual,4:9817657,4,9817657,6.025595e-09,SORBI_3004G104000,0.46739
TG(18:1_18:2_18:2),CTL,individual,4:9817657,4,9817657,6.025595e-09,SORBI_3004G104000,0.467332
TG(18:1_18:2_18:2),CTL,individual,4:9817657,4,9817657,6.025595e-09,SORBI_3004G104100,0.464146
TG(18:1_18:2_18:2),CTL,individual,4:9817657,4,9817657,6.025595e-09,SORBI_3004G104250,0.462178
TG(18:1_18:2_18:2),CTL,individual,4:9817657,4,9817657,6.025595e-09,SORBI_3004G104100,0.461177
TG(18:1_18:2_18:2),CTL,individual,4:9817657,4,9817657,6.025595e-09,SORBI_3004G104600,0.461172
TG(18:1_18:2_18:2),CTL,individual,4:9817657,4,9817657,6.025595e-09,SORBI_3004G104000,0.460634
TG(18:1_18:2_18:2),CTL,individual,4:9817657,4,9817657,6.025595e-09,SORBI_3004G104000,0.459328
TG(18:1_18:2_18:2),CTL,individual,4:9817657,4,9817657,6.025595e-09,SORBI_3004G104000,0.457272
TG(18:1_18:2_18:2),CTL,individual,4:9817657,4,9817657,6.025595e-09,SORBI_3004G104000,0.452256
TG(18:1_18:2_18:2),CTL,individual,4:9817657,4,9817657,6.025595e-09,SORBI_3004G104000,0.45101
TG(18:1_18:2_18:2),CTL,individual,4:9817657,4,9817657,6.025595e-09,SORBI_3004G104000,0.450401
TG(18:1_18:2_18:2),CTL,individual,4:9817657,4,9817657,6.025595e-09,SORBI_3004G104100,0.449686
TG(18:1_18:2_18:2),CTL,individual,4:9817657,4,9817657,6.025595e-09,SORBI_3004G104000,0.445988
TG(18:1_18:2_18:2),CTL,individual,4:9817657,4,9817657,6.025595e-09,SORBI_3004G104000,0.441811
TG(18:1_18:2_18:2),CTL,individual,4:9817657,4,9817657,6.025595e-09,SORBI_3004G104000,0.440338
TG(18:1_18:2_18:2),CTL,individual,4:9817657,4,9817657,6.025595e-09,SORBI_3004G104250,0.437022
TG(18:1_18:2_18:2),CTL,individual,4:9817657,4,9817657,6.025595e-09,SORBI_3004G103901,0.435773
TG(18:1_18:2_18:2),CTL,individual,4:9817657,4,9817657,6.025595e-09,SORBI_3004G104100,0.435773
TG(18:1_18:2_18:2),CTL,individual,4:9817657,4,9817657,6.025595e-09,SORBI_3004G104000,0.434256
TG(18:1_18:2_18:2),CTL,individual,4:9817657,4,9817657,6.025595e-09,SORBI_3004G103800,0.433089
TG(18:1_18:2_18:2),CTL,individual,4:9817657,4,9817657,6.025595e-09,SORBI_3004G104400,0.420314
TG(18:1_18:2_18:2),CTL,individual,4:9817657,4,9817657,6.025595e-09,SORBI_3004G104400,0.420189
TG(18:1_18:2_18:2),CTL,individual,4:9817657,4,9817657,6.025595e-09,SORBI_3004G104000,0.418579
TG(18:1_18:2_18:2),CTL,individual,4:9817657,4,9817657,6.025595e-09,SORBI_3004G104000,0.415356
TG(18:1_18:2_18:2),CTL,individual,4:9817657,4,9817657,6.025595e-09,SORBI_3004G104400,0.409847
TG(18:1_18:2_18:2),CTL,individual,4:9817657,4,9817657,6.025595e-09,SORBI_3004G104000,0.408993
TG(18:1_18:2_18:2),CTL,individual,4:9817657,4,9817657,6.025595e-09,SORBI_3004G103700,0.407376
TG(18:1_18:2_18:2),CTL,individual,4:9817657,4,9817657,6.025595e-09,SORBI_3004G104000,0.407275
TG(18:1_18:2_18:2),CTL,individual,4:9817657,4,9817657,6.025595e-09,SORBI_3004G104300,0.404429
TG(18:1_18:2_18:2),CTL,individual,1:21378077,1,21378077,6.570838e-09,SORBI_3001G223300,0.843094
TG(18:1_18:2_18:2),CTL,individual,1:21378077,1,21378077,6.570838e-09,SORBI_3001G223200,0.814525
TG(18:1_18:2_18:2),CTL,individual,1:21378077,1,21378077,6.570838e-09,SORBI_3001G223200,0.784237
TG(18:1_18:2_18:2),CTL,individual,1:21378077,1,21378077,6.570838e-09,SORBI_3001G223300,0.782562
TG(18:1_18:2_18:2),CTL,individual,1:21378077,1,21378077,6.570838e-09,SORBI_3001G223200,0.755626
TG(18:1_18:2_18:2),CTL,individual,1:21378077,1,21378077,6.570838e-09,SORBI_3001G223200,0.73573
TG(18:1_18:2_18:2),CTL,individual,1:21378077,1,21378077,6.570838e-09,SORBI_3001G224000,0.700316
TG(18:1_18:2_18:2),CTL,individual,1:21378077,1,21378077,6.570838e-09,SORBI_3001G223100,0.70024
TG(18:1_18:2_18:2),CTL,individual,1:21378077,1,21378077,6.570838e-09,SORBI_3001G223300,0.689294
TG(18:1_18:2_18:2),CTL,individual,1:21378077,1,21378077,6.570838e-09,SORBI_3001G223100,0.668069
TG(18:1_18:2_18:2),CTL,individual,1:21378077,1,21378077,6.570838e-09,SORBI_3001G223100,0.667914
TG(18:1_18:2_18:2),CTL,individual,1:21378077,1,21378077,6.570838e-09,SORBI_3001G223550,0.602335
TG(18:1_18:2_18:2),CTL,individual,1:21378077,1,21378077,6.570838e-09,SORBI_3001G223550,0.60228
TG(18:1_18:2_18:2),CTL,individual,1:21378077,1,21378077,6.570838e-09,SORBI_3001G223550,0.602225
TG(18:1_18:2_18:2),CTL,individual,1:21378077,1,21378077,6.570838e-09,SORBI_3001G222900,0.595591
TG(18:1_18:2_18:2),CTL,individual,1:21378077,1,21378077,6.570838e-09,SORBI_3001G223550,0.586211
TG(18:1_18:2_18:2),CTL,individual,1:21378077,1,21378077,6.570838e-09,SORBI_3001G222900,0.580919
TG(18:1_18:2_18:2),CTL,individual,1:21378077,1,21378077,6.570838e-09,SORBI_3001G222900,0.579446
TG(18:1_18:2_18:2),CTL,individual,1:21378077,1,21378077,6.570838e-09,SORBI_3001G222900,0.554528
TG(18:1_18:2_18:2),CTL,individual,1:21378077,1,21378077,6.570838e-09,SORBI_3001G222900,0.547253
TG(18:1_18:2_18:2),CTL,individual,1:21378077,1,21378077,6.570838e-09,SORBI_3001G222900,0.524035
TG(18:1_18:2_18:2),CTL,individual,1:21378077,1,21378077,6.570838e-09,SORBI_3001G222800,0.512362
TG(18:1_18:2_18:2),CTL,individual,1:21378077,1,21378077,6.570838e-09,SORBI_3001G223300,0.509329
TG(18:1_18:2_18:2),CTL,individual,1:21378077,1,21378077,6.570838e-09,SORBI_3001G222800,0.508516
TG(18:1_18:2_18:2),CTL,individual,1:21378077,1,21378077,6.570838e-09,SORBI_3001G222800,0.506337
TG(18:1_18:2_18:2),CTL,individual,1:21378077,1,21378077,6.570838e-09,SORBI_3001G222800,0.497449
TG(18:1_18:2_18:2),CTL,individual,1:21378077,1,21378077,6.570838e-09,SORBI_3001G223100,0.497449
TG(18:1_18:2_18:2),CTL,individual,1:21378077,1,21378077,6.570838e-09,SORBI_3001G223100,0.497307
TG(18:1_18:2_18:2),CTL,individual,1:21378077,1,21378077,6.570838e-09,SORBI_3001G222800,0.495098
TG(18:1_18:2_18:2),CTL,individual,1:21378077,1,21378077,6.570838e-09,SORBI_3001G223100,0.493798
TG(18:1_18:2_18:2),CTL,individual,1:21378077,1,21378077,6.570838e-09,SORBI_3001G222800,0.489046
TG(18:1_18:2_18:2),CTL,individual,1:21378077,1,21378077,6.570838e-09,SORBI_3001G222800,0.48186
TG(18:1_18:2_18:2),CTL,individual,1:21378077,1,21378077,6.570838e-09,SORBI_3001G222800,0.47982
TG(18:1_18:2_18:2),CTL,individual,1:21378077,1,21378077,6.570838e-09,SORBI_3001G223100,0.476398
TG(18:1_18:2_18:2),CTL,individual,1:21378077,1,21378077,6.570838e-09,SORBI_3001G222900,0.466529
TG(18:1_18:2_18:2),CTL,individual,1:21378077,1,21378077,6.570838e-09,SORBI_3001G222900,0.457022
TG(18:1_18:2_18:2),CTL,individual,1:21378077,1,21378077,6.570838e-09,SORBI_3001G222900,0.454108
TG(18:1_18:2_18:2),CTL,individual,1:21378077,1,21378077,6.570838e-09,SORBI_3001G222900,0.453874
TG(18:1_18:2_18:2),CTL,individual,1:21378077,1,21378077,6.570838e-09,SORBI_3001G222900,0.451239
TG(18:1_18:2_18:2),CTL,individual,1:21378077,1,21378077,6.570838e-09,SORBI_3001G224200,0.444974
TG(18:1_18:2_18:2),CTL,individual,1:21378077,1,21378077,6.570838e-09,SORBI_3001G223100,0.444814
TG(18:1_18:2_18:2),CTL,individual,1:21378077,1,21378077,6.570838e-09,SORBI_3001G222800,0.438732
TG(18:1_18:2_18:2),CTL,individual,1:21378077,1,21378077,6.570838e-09,SORBI_3001G222700,0.4303
TG(18:1_18:2_18:2),CTL,individual,1:21378077,1,21378077,6.570838e-09,SORBI_3001G224200,0.429404
TG(18:1_18:2_18:2),CTL,individual,1:21378077,1,21378077,6.570838e-09,SORBI_3001G222900,0.426981
TG(18:1_18:2_18:2),CTL,individual,1:21378077,1,21378077,6.570838e-09,SORBI_3001G222700,0.422046
TG(18:1_18:2_18:2),CTL,individual,1:21378077,1,21378077,6.570838e-09,SORBI_3001G222400,0.412967
TG(18:1_18:2_18:2),CTL,individual,1:21378077,1,21378077,6.570838e-09,SORBI_3001G222600,0.412967
TG(18:1_18:2_18:2),CTL,individual,1:21378077,1,21378077,6.570838e-09,SORBI_3001G223100,0.411412
TG(18:1_18:2_18:2),CTL,individual,1:21378077,1,21378077,6.570838e-09,SORBI_3001G222300,0.405918
TG(18:1_18:2_18:2),CTL,individual,1:21378077,1,21378077,6.570838e-09,SORBI_3001G223000,0.401236
TG(18:1_18:2_18:2),CTL,individual,7:7908077,7,7908077,6.72281e-09,SORBI_3007G071400,1
TG(18:1_18:2_18:2),CTL,individual,7:7908077,7,7908077,6.72281e-09,SORBI_3007G071400,1
TG(18:1_18:2_18:2),CTL,individual,7:7908077,7,7908077,6.72281e-09,SORBI_3007G071400,0.986447
TG(18:1_18:2_18:2),CTL,individual,7:7908077,7,7908077,6.72281e-09,SORBI_3007G071400,0.974059
TG(18:1_18:2_18:2),CTL,individual,7:7908077,7,7908077,6.72281e-09,SORBI_3007G070700,0.734435
TG(18:1_18:2_18:2),CTL,individual,7:7908077,7,7908077,6.72281e-09,SORBI_3007G070900,0.734435
TG(18:1_18:2_18:2),CTL,individual,7:7908077,7,7908077,6.72281e-09,SORBI_3007G071000,0.734435
TG(18:1_18:2_18:2),CTL,individual,7:7908077,7,7908077,6.72281e-09,SORBI_3007G071000,0.626008
TG(18:1_18:2_18:2),CTL,individual,7:7908077,7,7908077,6.72281e-09,SORBI_3007G071000,0.597243
TG(18:1_18:2_18:2),CTL,individual,7:7908077,7,7908077,6.72281e-09,SORBI_3007G071500,0.589342
TG(18:1_18:2_18:2),CTL,individual,7:7908077,7,7908077,6.72281e-09,SORBI_3007G071000,0.580786
TG(18:1_18:2_18:2),CTL,individual,7:7908077,7,7908077,6.72281e-09,SORBI_3007G071600,0.580786
TG(18:1_18:2_18:2),CTL,individual,7:7908077,7,7908077,6.72281e-09,SORBI_3007G071000,0.579212
TG(18:1_18:2_18:2),CTL,individual,7:7908077,7,7908077,6.72281e-09,SORBI_3007G071000,0.57863
TG(18:1_18:2_18:2),CTL,individual,7:7908077,7,7908077,6.72281e-09,SORBI_3007G071000,0.578342
TG(18:1_18:2_18:2),CTL,individual,7:7908077,7,7908077,6.72281e-09,SORBI_3007G071200,0.57812
TG(18:1_18:2_18:2),CTL,individual,7:7908077,7,7908077,6.72281e-09,SORBI_3007G071000,0.573202
TG(18:1_18:2_18:2),CTL,individual,7:7908077,7,7908077,6.72281e-09,SORBI_3007G071000,0.561924
TG(18:1_18:2_18:2),CTL,individual,7:7908077,7,7908077,6.72281e-09,SORBI_3007G071700,0.559405
TG(18:1_18:2_18:2),CTL,individual,7:7908077,7,7908077,6.72281e-09,SORBI_3007G071000,0.554694
TG(18:1_18:2_18:2),CTL,individual,7:7908077,7,7908077,6.72281e-09,SORBI_3007G071000,0.548177
TG(18:1_18:2_18:2),CTL,individual,7:7908077,7,7908077,6.72281e-09,SORBI_3007G071600,0.532146
TG(18:1_18:2_18:2),CTL,individual,7:7908077,7,7908077,6.72281e-09,SORBI_3007G071600,0.531584
TG(18:1_18:2_18:2),CTL,individual,7:7908077,7,7908077,6.72281e-09,SORBI_3007G071300,0.531256
TG(18:1_18:2_18:2),CTL,individual,7:7908077,7,7908077,6.72281e-09,SORBI_3007G071800,0.520347
TG(18:1_18:2_18:2),CTL,individual,7:7908077,7,7908077,6.72281e-09,SORBI_3007G071000,0.520201
TG(18:1_18:2_18:2),CTL,individual,7:7908077,7,7908077,6.72281e-09,SORBI_3007G071300,0.49717
TG(18:1_18:2_18:2),CTL,individual,7:7908077,7,7908077,6.72281e-09,SORBI_3007G070900,0.47655
TG(18:1_18:2_18:2),CTL,individual,7:7908077,7,7908077,6.72281e-09,SORBI_3007G070900,0.47069
TG(18:1_18:2_18:2),CTL,individual,7:7908077,7,7908077,6.72281e-09,SORBI_3007G071800,0.464496
TG(18:1_18:2_18:2),CTL,individual,7:7908077,7,7908077,6.72281e-09,SORBI_3007G071300,0.461603
TG(18:1_18:2_18:2),CTL,individual,7:7908077,7,7908077,6.72281e-09,SORBI_3007G070900,0.457661
TG(18:1_18:2_18:2),CTL,individual,7:7908077,7,7908077,6.72281e-09,SORBI_3007G070900,0.453292
TG(18:1_18:2_18:2),CTL,individual,7:7908077,7,7908077,6.72281e-09,SORBI_3007G070900,0.453093
TG(18:1_18:2_18:2),CTL,individual,7:7908077,7,7908077,6.72281e-09,SORBI_3007G071300,0.444782
TG(18:1_18:2_18:2),CTL,individual,7:7908077,7,7908077,6.72281e-09,SORBI_3007G070900,0.440207
TG(18:1_18:2_18:2),CTL,individual,7:7908077,7,7908077,6.72281e-09,SORBI_3007G071100,0.424397
TG(18:1_18:2_18:2),CTL,individual,7:7908077,7,7908077,6.72281e-09,SORBI_3007G071100,0.420693
TG(18:1_18:2_18:2),CTL,individual,7:7908077,7,7908077,6.72281e-09,SORBI_3007G071100,0.417136
TG(18:1_18:2_18:2),CTL,individual,7:7908077,7,7908077,6.72281e-09,SORBI_3007G071100,0.414693
TG(18:1_18:2_18:2),CTL,individual,7:7908077,7,7908077,6.72281e-09,SORBI_3007G071100,0.413641
TG(18:1_18:2_18:2),CTL,individual,7:7908077,7,7908077,6.72281e-09,SORBI_3007G071100,0.410557
TG(18:1_18:2_18:2),CTL,individual,7:7908077,7,7908077,6.72281e-09,SORBI_3007G071100,0.407825
TG(18:1_18:2_18:2),CTL,individual,7:7908077,7,7908077,6.72281e-09,SORBI_3007G071100,0.404294
TG(18:1_18:2_18:2),CTL,individual,7:7908077,7,7908077,6.72281e-09,SORBI_3007G071100,0.403805
TG(18:1_18:2_18:2),CTL,individual,7:7908077,7,7908077,6.72281e-09,SORBI_3007G071100,0.400762
TG(18:1_18:2_18:2),CTL,individual,7:7908077,7,7908077,6.72281e-09,SORBI_3007G071100,0.400301
TG(18:1_18:2_18:2),CTL,individual,7:13160581,7,13160581,6.727418e-09,SORBI_3007G090421,0.695067
TG(18:1_18:2_18:2),CTL,individual,7:13160581,7,13160581,6.727418e-09,SORBI_3007G090418,0.678485
TG(18:1_18:2_18:2),CTL,individual,7:13160581,7,13160581,6.727418e-09,SORBI_3007G090403,0.667744
TG(18:1_18:2_18:2),CTL,individual,7:13160581,7,13160581,6.727418e-09,SORBI_3007G090412,0.665512
TG(18:1_18:2_18:2),CTL,individual,7:13160581,7,13160581,6.727418e-09,SORBI_3007G090403,0.662473
TG(18:1_18:2_18:2),CTL,individual,7:13160581,7,13160581,6.727418e-09,SORBI_3007G090418,0.662372
TG(18:1_18:2_18:2),CTL,individual,7:13160581,7,13160581,6.727418e-09,SORBI_3007G090403,0.660416
TG(18:1_18:2_18:2),CTL,individual,7:13160581,7,13160581,6.727418e-09,SORBI_3007G090403,0.660324
TG(18:1_18:2_18:2),CTL,individual,7:13160581,7,13160581,6.727418e-09,SORBI_3007G090403,0.65955
TG(18:1_18:2_18:2),CTL,individual,7:13160581,7,13160581,6.727418e-09,SORBI_3007G090403,0.657283
TG(18:1_18:2_18:2),CTL,individual,7:13160581,7,13160581,6.727418e-09,SORBI_3007G090403,0.657213
TG(18:1_18:2_18:2),CTL,individual,7:13160581,7,13160581,6.727418e-09,SORBI_3007G090403,0.656751
TG(18:1_18:2_18:2),CTL,individual,7:13160581,7,13160581,6.727418e-09,SORBI_3007G090418,0.656691
TG(18:1_18:2_18:2),CTL,individual,7:13160581,7,13160581,6.727418e-09,SORBI_3007G090403,0.654262
TG(18:1_18:2_18:2),CTL,individual,7:13160581,7,13160581,6.727418e-09,SORBI_3007G090403,0.654213
TG(18:1_18:2_18:2),CTL,individual,7:13160581,7,13160581,6.727418e-09,SORBI_3007G090415,0.653643
TG(18:1_18:2_18:2),CTL,individual,7:13160581,7,13160581,6.727418e-09,SORBI_3007G090403,0.650309
TG(18:1_18:2_18:2),CTL,individual,7:13160581,7,13160581,6.727418e-09,SORBI_3007G090403,0.648981
TG(18:1_18:2_18:2),CTL,individual,7:13160581,7,13160581,6.727418e-09,SORBI_3007G090418,0.64892
TG(18:1_18:2_18:2),CTL,individual,7:13160581,7,13160581,6.727418e-09,SORBI_3007G090403,0.647018
TG(18:1_18:2_18:2),CTL,individual,7:13160581,7,13160581,6.727418e-09,SORBI_3007G090421,0.646957
TG(18:1_18:2_18:2),CTL,individual,7:13160581,7,13160581,6.727418e-09,SORBI_3007G090421,0.645353
TG(18:1_18:2_18:2),CTL,individual,7:13160581,7,13160581,6.727418e-09,SORBI_3007G090403,0.643831
TG(18:1_18:2_18:2),CTL,individual,7:13160581,7,13160581,6.727418e-09,SORBI_3007G090421,0.643077
TG(18:1_18:2_18:2),CTL,individual,7:13160581,7,13160581,6.727418e-09,SORBI_3007G090421,0.642624
TG(18:1_18:2_18:2),CTL,individual,7:13160581,7,13160581,6.727418e-09,SORBI_3007G090421,0.642289
TG(18:1_18:2_18:2),CTL,individual,7:13160581,7,13160581,6.727418e-09,SORBI_3007G090403,0.642038
TG(18:1_18:2_18:2),CTL,individual,7:13160581,7,13160581,6.727418e-09,SORBI_3007G090424,0.640531
TG(18:1_18:2_18:2),CTL,individual,7:13160581,7,13160581,6.727418e-09,SORBI_3007G090403,0.640408
TG(18:1_18:2_18:2),CTL,individual,7:13160581,7,13160581,6.727418e-09,SORBI_3007G090403,0.640053
TG(18:1_18:2_18:2),CTL,individual,7:13160581,7,13160581,6.727418e-09,SORBI_3007G090403,0.63886
TG(18:1_18:2_18:2),CTL,individual,7:13160581,7,13160581,6.727418e-09,SORBI_3007G090403,0.638761
TG(18:1_18:2_18:2),CTL,individual,7:13160581,7,13160581,6.727418e-09,SORBI_3007G090424,0.637053
TG(18:1_18:2_18:2),CTL,individual,7:13160581,7,13160581,6.727418e-09,SORBI_3007G090421,0.635668
TG(18:1_18:2_18:2),CTL,individual,7:13160581,7,13160581,6.727418e-09,SORBI_3007G090415,0.634654
TG(18:1_18:2_18:2),CTL,individual,7:13160581,7,13160581,6.727418e-09,SORBI_3007G090418,0.634463
TG(18:1_18:2_18:2),CTL,individual,7:13160581,7,13160581,6.727418e-09,SORBI_3007G090418,0.634398
TG(18:1_18:2_18:2),CTL,individual,7:13160581,7,13160581,6.727418e-09,SORBI_3007G090403,0.632213
TG(18:1_18:2_18:2),CTL,individual,7:13160581,7,13160581,6.727418e-09,SORBI_3007G090421,0.632149
TG(18:1_18:2_18:2),CTL,individual,7:13160581,7,13160581,6.727418e-09,SORBI_3007G090421,0.631026
TG(18:1_18:2_18:2),CTL,individual,7:13160581,7,13160581,6.727418e-09,SORBI_3007G090418,0.630833
TG(18:1_18:2_18:2),CTL,individual,7:13160581,7,13160581,6.727418e-09,SORBI_3007G090421,0.630418
TG(18:1_18:2_18:2),CTL,individual,7:13160581,7,13160581,6.727418e-09,SORBI_3007G090403,0.628785
TG(18:1_18:2_18:2),CTL,individual,7:13160581,7,13160581,6.727418e-09,SORBI_3007G090421,0.628721
TG(18:1_18:2_18:2),CTL,individual,7:13160581,7,13160581,6.727418e-09,SORBI_3007G090415,0.627364
TG(18:1_18:2_18:2),CTL,individual,7:13160581,7,13160581,6.727418e-09,SORBI_3007G090424,0.627364
TG(18:1_18:2_18:2),CTL,individual,7:13160581,7,13160581,6.727418e-09,SORBI_3007G090418,0.627168
TG(18:1_18:2_18:2),CTL,individual,7:13160581,7,13160581,6.727418e-09,SORBI_3007G090421,0.62539
TG(18:1_18:2_18:2),CTL,individual,7:13160581,7,13160581,6.727418e-09,SORBI_3007G090424,0.62539
TG(18:1_18:2_18:2),CTL,individual,7:13160581,7,13160581,6.727418e-09,SORBI_3007G090418,0.624749
TG(18:1_18:2_18:2),CTL,individual,7:13160581,7,13160581,6.727418e-09,SORBI_3007G090403,0.623919
TG(18:1_18:2_18:2),CTL,individual,7:13160581,7,13160581,6.727418e-09,SORBI_3007G090418,0.623046
TG(18:1_18:2_18:2),CTL,individual,7:13160581,7,13160581,6.727418e-09,SORBI_3007G090421,0.622651
TG(18:1_18:2_18:2),CTL,individual,7:13160581,7,13160581,6.727418e-09,SORBI_3007G090412,0.62174
TG(18:1_18:2_18:2),CTL,individual,7:13160581,7,13160581,6.727418e-09,SORBI_3007G090415,0.62174
TG(18:1_18:2_18:2),CTL,individual,7:13160581,7,13160581,6.727418e-09,SORBI_3007G090421,0.621675
TG(18:1_18:2_18:2),CTL,individual,7:13160581,7,13160581,6.727418e-09,SORBI_3007G090418,0.620491
TG(18:1_18:2_18:2),CTL,individual,7:13160581,7,13160581,6.727418e-09,SORBI_3007G090403,0.619235
TG(18:1_18:2_18:2),CTL,individual,7:13160581,7,13160581,6.727418e-09,SORBI_3007G090418,0.618918
TG(18:1_18:2_18:2),CTL,individual,7:13160581,7,13160581,6.727418e-09,SORBI_3007G090415,0.618062
TG(18:1_18:2_18:2),CTL,individual,7:13160581,7,13160581,6.727418e-09,SORBI_3007G090403,0.618015
TG(18:1_18:2_18:2),CTL,individual,7:13160581,7,13160581,6.727418e-09,SORBI_3007G090424,0.617996
TG(18:1_18:2_18:2),CTL,individual,7:13160581,7,13160581,6.727418e-09,SORBI_3007G090421,0.617949
TG(18:1_18:2_18:2),CTL,individual,7:13160581,7,13160581,6.727418e-09,SORBI_3007G090412,0.617213
TG(18:1_18:2_18:2),CTL,individual,7:13160581,7,13160581,6.727418e-09,SORBI_3007G090421,0.617213
TG(18:1_18:2_18:2),CTL,individual,7:13160581,7,13160581,6.727418e-09,SORBI_3007G090415,0.617146
TG(18:1_18:2_18:2),CTL,individual,7:13160581,7,13160581,6.727418e-09,SORBI_3007G090421,0.617146
TG(18:1_18:2_18:2),CTL,individual,7:13160581,7,13160581,6.727418e-09,SORBI_3007G090415,0.616639
TG(18:1_18:2_18:2),CTL,individual,7:13160581,7,13160581,6.727418e-09,SORBI_3007G090424,0.616639
TG(18:1_18:2_18:2),CTL,individual,7:13160581,7,13160581,6.727418e-09,SORBI_3007G090418,0.616506
TG(18:1_18:2_18:2),CTL,individual,7:13160581,7,13160581,6.727418e-09,SORBI_3007G090424,0.616191
TG(18:1_18:2_18:2),CTL,individual,7:13160581,7,13160581,6.727418e-09,SORBI_3007G090418,0.615573
TG(18:1_18:2_18:2),CTL,individual,7:13160581,7,13160581,6.727418e-09,SORBI_3007G090403,0.614371
TG(18:1_18:2_18:2),CTL,individual,7:13160581,7,13160581,6.727418e-09,SORBI_3007G090418,0.614304
TG(18:1_18:2_18:2),CTL,individual,7:13160581,7,13160581,6.727418e-09,SORBI_3007G090415,0.613416
TG(18:1_18:2_18:2),CTL,individual,7:13160581,7,13160581,6.727418e-09,SORBI_3007G090421,0.613349
TG(18:1_18:2_18:2),CTL,individual,7:13160581,7,13160581,6.727418e-09,SORBI_3007G090403,0.613225
TG(18:1_18:2_18:2),CTL,individual,7:13160581,7,13160581,6.727418e-09,SORBI_3007G090415,0.612751
TG(18:1_18:2_18:2),CTL,individual,7:13160581,7,13160581,6.727418e-09,SORBI_3007G090424,0.612751
TG(18:1_18:2_18:2),CTL,individual,7:13160581,7,13160581,6.727418e-09,SORBI_3007G090421,0.612684
TG(18:1_18:2_18:2),CTL,individual,7:13160581,7,13160581,6.727418e-09,SORBI_3007G090424,0.612684
TG(18:1_18:2_18:2),CTL,individual,7:13160581,7,13160581,6.727418e-09,SORBI_3007G090418,0.610745
TG(18:1_18:2_18:2),CTL,individual,7:13160581,7,13160581,6.727418e-09,SORBI_3007G090418,0.609629
TG(18:1_18:2_18:2),CTL,individual,7:13160581,7,13160581,6.727418e-09,SORBI_3007G090421,0.609629
TG(18:1_18:2_18:2),CTL,individual,7:13160581,7,13160581,6.727418e-09,SORBI_3007G090424,0.608816
TG(18:1_18:2_18:2),CTL,individual,7:13160581,7,13160581,6.727418e-09,SORBI_3007G090421,0.608285
TG(18:1_18:2_18:2),CTL,individual,7:13160581,7,13160581,6.727418e-09,SORBI_3007G090421,0.608093
TG(18:1_18:2_18:2),CTL,individual,7:13160581,7,13160581,6.727418e-09,SORBI_3007G090424,0.608093
TG(18:1_18:2_18:2),CTL,individual,7:13160581,7,13160581,6.727418e-09,SORBI_3007G090421,0.608026
TG(18:1_18:2_18:2),CTL,individual,7:13160581,7,13160581,6.727418e-09,SORBI_3007G090421,0.605124
TG(18:1_18:2_18:2),CTL,individual,7:13160581,7,13160581,6.727418e-09,SORBI_3007G090424,0.603948
TG(18:1_18:2_18:2),CTL,individual,7:13160581,7,13160581,6.727418e-09,SORBI_3007G090418,0.603767
TG(18:1_18:2_18:2),CTL,individual,7:13160581,7,13160581,6.727418e-09,SORBI_3007G090421,0.60251
TG(18:1_18:2_18:2),CTL,individual,7:13160581,7,13160581,6.727418e-09,SORBI_3007G090418,0.602365
TG(18:1_18:2_18:2),CTL,individual,7:13160581,7,13160581,6.727418e-09,SORBI_3007G090424,0.601696
TG(18:1_18:2_18:2),CTL,individual,7:13160581,7,13160581,6.727418e-09,SORBI_3007G090421,0.601351
TG(18:1_18:2_18:2),CTL,individual,7:13160581,7,13160581,6.727418e-09,SORBI_3007G090421,0.600565
TG(18:1_18:2_18:2),CTL,individual,7:13160581,7,13160581,6.727418e-09,SORBI_3007G090424,0.600549
TG(18:1_18:2_18:2),CTL,individual,7:13160581,7,13160581,6.727418e-09,SORBI_3007G090415,0.600011
TG(18:1_18:2_18:2),CTL,individual,7:13160581,7,13160581,6.727418e-09,SORBI_3007G090415,0.599524
TG(18:1_18:2_18:2),CTL,individual,7:13160581,7,13160581,6.727418e-09,SORBI_3007G090424,0.599524
TG(18:1_18:2_18:2),CTL,individual,7:13160581,7,13160581,6.727418e-09,SORBI_3007G090424,0.599455
TG(18:1_18:2_18:2),CTL,individual,7:13160581,7,13160581,6.727418e-09,SORBI_3007G090403,0.596975
TG(18:1_18:2_18:2),CTL,individual,7:13160581,7,13160581,6.727418e-09,SORBI_3007G090421,0.596715
TG(18:1_18:2_18:2),CTL,individual,7:13160581,7,13160581,6.727418e-09,SORBI_3007G090418,0.596503
TG(18:1_18:2_18:2),CTL,individual,7:13160581,7,13160581,6.727418e-09,SORBI_3007G090424,0.596055
TG(18:1_18:2_18:2),CTL,individual,7:13160581,7,13160581,6.727418e-09,SORBI_3007G090421,0.594745
TG(18:1_18:2_18:2),CTL,individual,7:13160581,7,13160581,6.727418e-09,SORBI_3007G090421,0.593101
TG(18:1_18:2_18:2),CTL,individual,7:13160581,7,13160581,6.727418e-09,SORBI_3007G090421,0.592148
TG(18:1_18:2_18:2),CTL,individual,7:13160581,7,13160581,6.727418e-09,SORBI_3007G090403,0.591629
TG(18:1_18:2_18:2),CTL,individual,7:13160581,7,13160581,6.727418e-09,SORBI_3007G090421,0.589255
TG(18:1_18:2_18:2),CTL,individual,7:13160581,7,13160581,6.727418e-09,SORBI_3007G090421,0.58846
TG(18:1_18:2_18:2),CTL,individual,7:13160581,7,13160581,6.727418e-09,SORBI_3007G090421,0.587649
TG(18:1_18:2_18:2),CTL,individual,7:13160581,7,13160581,6.727418e-09,SORBI_3007G090421,0.587342
TG(18:1_18:2_18:2),CTL,individual,7:13160581,7,13160581,6.727418e-09,SORBI_3007G090403,0.585183
TG(18:1_18:2_18:2),CTL,individual,7:13160581,7,13160581,6.727418e-09,SORBI_3007G090418,0.584546
TG(18:1_18:2_18:2),CTL,individual,7:13160581,7,13160581,6.727418e-09,SORBI_3007G090415,0.583423
TG(18:1_18:2_18:2),CTL,individual,7:13160581,7,13160581,6.727418e-09,SORBI_3007G090415,0.583245
TG(18:1_18:2_18:2),CTL,individual,7:13160581,7,13160581,6.727418e-09,SORBI_3007G090424,0.583245
TG(18:1_18:2_18:2),CTL,individual,7:13160581,7,13160581,6.727418e-09,SORBI_3007G090424,0.583173
TG(18:1_18:2_18:2),CTL,individual,7:13160581,7,13160581,6.727418e-09,SORBI_3007G090415,0.582885
TG(18:1_18:2_18:2),CTL,individual,7:13160581,7,13160581,6.727418e-09,SORBI_3007G090424,0.582049
TG(18:1_18:2_18:2),CTL,individual,7:13160581,7,13160581,6.727418e-09,SORBI_3007G090418,0.579161
TG(18:1_18:2_18:2),CTL,individual,7:13160581,7,13160581,6.727418e-09,SORBI_3007G090403,0.577689
TG(18:1_18:2_18:2),CTL,individual,7:13160581,7,13160581,6.727418e-09,SORBI_3007G090415,0.575577
TG(18:1_18:2_18:2),CTL,individual,7:13160581,7,13160581,6.727418e-09,SORBI_3007G090418,0.575354
TG(18:1_18:2_18:2),CTL,individual,7:13160581,7,13160581,6.727418e-09,SORBI_3007G090421,0.575034
TG(18:1_18:2_18:2),CTL,individual,7:13160581,7,13160581,6.727418e-09,SORBI_3007G090424,0.574735
TG(18:1_18:2_18:2),CTL,individual,7:13160581,7,13160581,6.727418e-09,SORBI_3007G090418,0.567588
TG(18:1_18:2_18:2),CTL,individual,7:13160581,7,13160581,6.727418e-09,SORBI_3007G090418,0.565053
TG(18:1_18:2_18:2),CTL,individual,7:13160581,7,13160581,6.727418e-09,SORBI_3007G090424,0.562747
TG(18:1_18:2_18:2),CTL,individual,7:13160581,7,13160581,6.727418e-09,SORBI_3007G090403,0.561632
TG(18:1_18:2_18:2),CTL,individual,7:13160581,7,13160581,6.727418e-09,SORBI_3007G090415,0.555697
TG(18:1_18:2_18:2),CTL,individual,7:13160581,7,13160581,6.727418e-09,SORBI_3007G090418,0.555255
TG(18:1_18:2_18:2),CTL,individual,7:13160581,7,13160581,6.727418e-09,SORBI_3007G090421,0.554578
TG(18:1_18:2_18:2),CTL,individual,7:13160581,7,13160581,6.727418e-09,SORBI_3007G090421,0.554145
TG(18:1_18:2_18:2),CTL,individual,7:13160581,7,13160581,6.727418e-09,SORBI_3007G090421,0.553528
TG(18:1_18:2_18:2),CTL,individual,7:13160581,7,13160581,6.727418e-09,SORBI_3007G090424,0.55288
TG(18:1_18:2_18:2),CTL,individual,7:13160581,7,13160581,6.727418e-09,SORBI_3007G090415,0.547063
TG(18:1_18:2_18:2),CTL,individual,7:13160581,7,13160581,6.727418e-09,SORBI_3007G090415,0.542864
TG(18:1_18:2_18:2),CTL,individual,7:13160581,7,13160581,6.727418e-09,SORBI_3007G090418,0.54098
TG(18:1_18:2_18:2),CTL,individual,7:13160581,7,13160581,6.727418e-09,SORBI_3007G090421,0.536453
TG(18:1_18:2_18:2),CTL,individual,7:13160581,7,13160581,6.727418e-09,SORBI_3007G090424,0.534636
TG(18:1_18:2_18:2),CTL,individual,7:13160581,7,13160581,6.727418e-09,SORBI_3007G090421,0.534431
TG(18:1_18:2_18:2),CTL,individual,7:13160581,7,13160581,6.727418e-09,SORBI_3007G090424,0.534431
TG(18:1_18:2_18:2),CTL,individual,7:13160581,7,13160581,6.727418e-09,SORBI_3007G090421,0.534354
TG(18:1_18:2_18:2),CTL,individual,7:13160581,7,13160581,6.727418e-09,SORBI_3007G090424,0.534354
TG(18:1_18:2_18:2),CTL,individual,7:13160581,7,13160581,6.727418e-09,SORBI_3007G090421,0.534276
TG(18:1_18:2_18:2),CTL,individual,7:13160581,7,13160581,6.727418e-09,SORBI_3007G090421,0.530368
TG(18:1_18:2_18:2),CTL,individual,7:13160581,7,13160581,6.727418e-09,SORBI_3007G090421,0.528259
TG(18:1_18:2_18:2),CTL,individual,7:13160581,7,13160581,6.727418e-09,SORBI_3007G090421,0.527614
TG(18:1_18:2_18:2),CTL,individual,7:13160581,7,13160581,6.727418e-09,SORBI_3007G090421,0.524969
TG(18:1_18:2_18:2),CTL,individual,7:13160581,7,13160581,6.727418e-09,SORBI_3007G090421,0.524918
TG(18:1_18:2_18:2),CTL,individual,7:13160581,7,13160581,6.727418e-09,SORBI_3007G090421,0.523727
TG(18:1_18:2_18:2),CTL,individual,7:13160581,7,13160581,6.727418e-09,SORBI_3007G090418,0.522077
TG(18:1_18:2_18:2),CTL,individual,7:13160581,7,13160581,6.727418e-09,SORBI_3007G090424,0.519862
TG(18:1_18:2_18:2),CTL,individual,7:13160581,7,13160581,6.727418e-09,SORBI_3007G090418,0.517699
TG(18:1_18:2_18:2),CTL,individual,7:13160581,7,13160581,6.727418e-09,SORBI_3007G090403,0.517491
TG(18:1_18:2_18:2),CTL,individual,7:13160581,7,13160581,6.727418e-09,SORBI_3007G090412,0.517257
TG(18:1_18:2_18:2),CTL,individual,7:13160581,7,13160581,6.727418e-09,SORBI_3007G090415,0.517257
TG(18:1_18:2_18:2),CTL,individual,7:13160581,7,13160581,6.727418e-09,SORBI_3007G090421,0.517257
TG(18:1_18:2_18:2),CTL,individual,7:13160581,7,13160581,6.727418e-09,SORBI_3007G090421,0.517177
TG(18:1_18:2_18:2),CTL,individual,7:13160581,7,13160581,6.727418e-09,SORBI_3007G090418,0.516672
TG(18:1_18:2_18:2),CTL,individual,7:13160581,7,13160581,6.727418e-09,SORBI_3007G090421,0.515442
TG(18:1_18:2_18:2),CTL,individual,7:13160581,7,13160581,6.727418e-09,SORBI_3007G090424,0.513034
TG(18:1_18:2_18:2),CTL,individual,7:13160581,7,13160581,6.727418e-09,SORBI_3007G090421,0.512692
TG(18:1_18:2_18:2),CTL,individual,7:13160581,7,13160581,6.727418e-09,SORBI_3007G090421,0.512209
TG(18:1_18:2_18:2),CTL,individual,7:13160581,7,13160581,6.727418e-09,SORBI_3007G090421,0.510675
TG(18:1_18:2_18:2),CTL,individual,7:13160581,7,13160581,6.727418e-09,SORBI_3007G090421,0.510124
TG(18:1_18:2_18:2),CTL,individual,7:13160581,7,13160581,6.727418e-09,SORBI_3007G090421,0.508295
TG(18:1_18:2_18:2),CTL,individual,7:13160581,7,13160581,6.727418e-09,SORBI_3007G090415,0.501038
TG(18:1_18:2_18:2),CTL,individual,7:13160581,7,13160581,6.727418e-09,SORBI_3007G090421,0.501038
TG(18:1_18:2_18:2),CTL,individual,7:13160581,7,13160581,6.727418e-09,SORBI_3007G090421,0.500997
TG(18:1_18:2_18:2),CTL,individual,7:13160581,7,13160581,6.727418e-09,SORBI_3007G090421,0.500954
TG(18:1_18:2_18:2),CTL,individual,7:13160581,7,13160581,6.727418e-09,SORBI_3007G090424,0.500954
TG(18:1_18:2_18:2),CTL,individual,7:13160581,7,13160581,6.727418e-09,SORBI_3007G090421,0.497015
TG(18:1_18:2_18:2),CTL,individual,7:13160581,7,13160581,6.727418e-09,SORBI_3007G090418,0.495135
TG(18:1_18:2_18:2),CTL,individual,7:13160581,7,13160581,6.727418e-09,SORBI_3007G090421,0.492398
TG(18:1_18:2_18:2),CTL,individual,7:13160581,7,13160581,6.727418e-09,SORBI_3007G090418,0.491154
TG(18:1_18:2_18:2),CTL,individual,7:13160581,7,13160581,6.727418e-09,SORBI_3007G090424,0.487012
TG(18:1_18:2_18:2),CTL,individual,7:13160581,7,13160581,6.727418e-09,SORBI_3007G090415,0.486642
TG(18:1_18:2_18:2),CTL,individual,7:13160581,7,13160581,6.727418e-09,SORBI_3007G090421,0.486642
TG(18:1_18:2_18:2),CTL,individual,7:13160581,7,13160581,6.727418e-09,SORBI_3007G090421,0.485609
TG(18:1_18:2_18:2),CTL,individual,7:13160581,7,13160581,6.727418e-09,SORBI_3007G090418,0.484453
TG(18:1_18:2_18:2),CTL,individual,7:13160581,7,13160581,6.727418e-09,SORBI_3007G090421,0.482146
TG(18:1_18:2_18:2),CTL,individual,7:13160581,7,13160581,6.727418e-09,SORBI_3007G090421,0.47543
TG(18:1_18:2_18:2),CTL,individual,7:13160581,7,13160581,6.727418e-09,SORBI_3007G090424,0.472161
TG(18:1_18:2_18:2),CTL,individual,7:13160581,7,13160581,6.727418e-09,SORBI_3007G090421,0.469482
TG(18:1_18:2_18:2),CTL,individual,7:13160581,7,13160581,6.727418e-09,SORBI_3007G090421,0.465154
TG(18:1_18:2_18:2),CTL,individual,7:13160581,7,13160581,6.727418e-09,SORBI_3007G090418,0.460449
TG(18:1_18:2_18:2),CTL,individual,7:13160581,7,13160581,6.727418e-09,SORBI_3007G090421,0.459513
TG(18:1_18:2_18:2),CTL,individual,7:13160581,7,13160581,6.727418e-09,SORBI_3007G090415,0.436836
TG(18:1_18:2_18:2),CTL,individual,7:13160581,7,13160581,6.727418e-09,SORBI_3007G090424,0.43391
TG(18:1_18:2_18:2),CTL,individual,7:13160581,7,13160581,6.727418e-09,SORBI_3007G090421,0.433821
TG(18:1_18:2_18:2),CTL,individual,7:13160581,7,13160581,6.727418e-09,SORBI_3007G090421,0.430736
TG(18:1_18:2_18:2),CTL,individual,7:13160581,7,13160581,6.727418e-09,SORBI_3007G090415,0.423446
TG(18:1_18:2_18:2),CTL,individual,7:13160581,7,13160581,6.727418e-09,SORBI_3007G090421,0.421894
TG(18:1_18:2_18:2),CTL,individual,7:13160581,7,13160581,6.727418e-09,SORBI_3007G090421,0.418304
TG(18:1_18:2_18:2),CTL,individual,7:13160581,7,13160581,6.727418e-09,SORBI_3007G090421,0.417317
TG(18:1_18:2_18:2),CTL,individual,7:13160581,7,13160581,6.727418e-09,SORBI_3007G090421,0.410523
TG(18:1_18:2_18:2),CTL,individual,7:13160581,7,13160581,6.727418e-09,SORBI_3007G090421,0.404484
TG(18:1_18:2_18:2),CTL,individual,6:13662453,6,13662453,6.852292e-09,SORBI_3006G037050,0.700365
TG(18:1_18:2_18:2),CTL,individual,6:13662453,6,13662453,6.852292e-09,SORBI_3006G037050,0.682978
TG(18:1_18:2_18:2),CTL,individual,6:13662453,6,13662453,6.852292e-09,SORBI_3006G037050,0.680362
TG(18:1_18:2_18:2),CTL,individual,6:13662453,6,13662453,6.852292e-09,SORBI_3006G037050,0.676047
TG(18:1_18:2_18:2),CTL,individual,6:13662453,6,13662453,6.852292e-09,SORBI_3006G037050,0.653155
TG(18:1_18:2_18:2),CTL,individual,6:13662453,6,13662453,6.852292e-09,SORBI_3006G037000,0.618799
TG(18:1_18:2_18:2),CTL,individual,6:13662453,6,13662453,6.852292e-09,SORBI_3006G037000,0.618136
TG(18:1_18:2_18:2),CTL,individual,6:13662453,6,13662453,6.852292e-09,SORBI_3006G037050,0.468694
TG(18:1_18:2_18:2),CTL,individual,6:13662453,6,13662453,6.852292e-09,SORBI_3006G037100,0.434498
TG(18:1_18:2_18:2),CTL,individual,6:13662453,6,13662453,6.852292e-09,SORBI_3006G037050,0.426666
TG(18:1_18:2_18:2),CTL,individual,1:21363365,1,21363365,7.08128e-09,SORBI_3001G223300,0.843115
TG(18:1_18:2_18:2),CTL,individual,1:21363365,1,21363365,7.08128e-09,SORBI_3001G223200,0.814553
TG(18:1_18:2_18:2),CTL,individual,1:21363365,1,21363365,7.08128e-09,SORBI_3001G223200,0.784271
TG(18:1_18:2_18:2),CTL,individual,1:21363365,1,21363365,7.08128e-09,SORBI_3001G223300,0.782596
TG(18:1_18:2_18:2),CTL,individual,1:21363365,1,21363365,7.08128e-09,SORBI_3001G223200,0.755664
TG(18:1_18:2_18:2),CTL,individual,1:21363365,1,21363365,7.08128e-09,SORBI_3001G223200,0.73577
TG(18:1_18:2_18:2),CTL,individual,1:21363365,1,21363365,7.08128e-09,SORBI_3001G224000,0.700355
TG(18:1_18:2_18:2),CTL,individual,1:21363365,1,21363365,7.08128e-09,SORBI_3001G223100,0.700286
TG(18:1_18:2_18:2),CTL,individual,1:21363365,1,21363365,7.08128e-09,SORBI_3001G223300,0.689339
TG(18:1_18:2_18:2),CTL,individual,1:21363365,1,21363365,7.08128e-09,SORBI_3001G223100,0.66812
TG(18:1_18:2_18:2),CTL,individual,1:21363365,1,21363365,7.08128e-09,SORBI_3001G223100,0.667966
TG(18:1_18:2_18:2),CTL,individual,1:21363365,1,21363365,7.08128e-09,SORBI_3001G223550,0.60239
TG(18:1_18:2_18:2),CTL,individual,1:21363365,1,21363365,7.08128e-09,SORBI_3001G223550,0.602335
TG(18:1_18:2_18:2),CTL,individual,1:21363365,1,21363365,7.08128e-09,SORBI_3001G223550,0.60228
TG(18:1_18:2_18:2),CTL,individual,1:21363365,1,21363365,7.08128e-09,SORBI_3001G222900,0.595653
TG(18:1_18:2_18:2),CTL,individual,1:21363365,1,21363365,7.08128e-09,SORBI_3001G223550,0.58627
TG(18:1_18:2_18:2),CTL,individual,1:21363365,1,21363365,7.08128e-09,SORBI_3001G222900,0.580984
TG(18:1_18:2_18:2),CTL,individual,1:21363365,1,21363365,7.08128e-09,SORBI_3001G222900,0.579511
TG(18:1_18:2_18:2),CTL,individual,1:21363365,1,21363365,7.08128e-09,SORBI_3001G222900,0.554596
TG(18:1_18:2_18:2),CTL,individual,1:21363365,1,21363365,7.08128e-09,SORBI_3001G222900,0.547322
TG(18:1_18:2_18:2),CTL,individual,1:21363365,1,21363365,7.08128e-09,SORBI_3001G222000,0.531272
TG(18:1_18:2_18:2),CTL,individual,1:21363365,1,21363365,7.08128e-09,SORBI_3001G222900,0.524109
TG(18:1_18:2_18:2),CTL,individual,1:21363365,1,21363365,7.08128e-09,SORBI_3001G222800,0.512437
TG(18:1_18:2_18:2),CTL,individual,1:21363365,1,21363365,7.08128e-09,SORBI_3001G223300,0.509391
TG(18:1_18:2_18:2),CTL,individual,1:21363365,1,21363365,7.08128e-09,SORBI_3001G222800,0.508592
TG(18:1_18:2_18:2),CTL,individual,1:21363365,1,21363365,7.08128e-09,SORBI_3001G222800,0.506413
TG(18:1_18:2_18:2),CTL,individual,1:21363365,1,21363365,7.08128e-09,SORBI_3001G222800,0.497526
TG(18:1_18:2_18:2),CTL,individual,1:21363365,1,21363365,7.08128e-09,SORBI_3001G223100,0.497526
TG(18:1_18:2_18:2),CTL,individual,1:21363365,1,21363365,7.08128e-09,SORBI_3001G223100,0.497385
TG(18:1_18:2_18:2),CTL,individual,1:21363365,1,21363365,7.08128e-09,SORBI_3001G222800,0.495176
TG(18:1_18:2_18:2),CTL,individual,1:21363365,1,21363365,7.08128e-09,SORBI_3001G223100,0.493876
TG(18:1_18:2_18:2),CTL,individual,1:21363365,1,21363365,7.08128e-09,SORBI_3001G222800,0.489125
TG(18:1_18:2_18:2),CTL,individual,1:21363365,1,21363365,7.08128e-09,SORBI_3001G222800,0.48194
TG(18:1_18:2_18:2),CTL,individual,1:21363365,1,21363365,7.08128e-09,SORBI_3001G222800,0.479901
TG(18:1_18:2_18:2),CTL,individual,1:21363365,1,21363365,7.08128e-09,SORBI_3001G223100,0.476479
TG(18:1_18:2_18:2),CTL,individual,1:21363365,1,21363365,7.08128e-09,SORBI_3001G222900,0.466611
TG(18:1_18:2_18:2),CTL,individual,1:21363365,1,21363365,7.08128e-09,SORBI_3001G222900,0.457106
TG(18:1_18:2_18:2),CTL,individual,1:21363365,1,21363365,7.08128e-09,SORBI_3001G222900,0.454192
TG(18:1_18:2_18:2),CTL,individual,1:21363365,1,21363365,7.08128e-09,SORBI_3001G222900,0.453959
TG(18:1_18:2_18:2),CTL,individual,1:21363365,1,21363365,7.08128e-09,SORBI_3001G222900,0.451324
TG(18:1_18:2_18:2),CTL,individual,1:21363365,1,21363365,7.08128e-09,SORBI_3001G224200,0.445053
TG(18:1_18:2_18:2),CTL,individual,1:21363365,1,21363365,7.08128e-09,SORBI_3001G223100,0.4449
TG(18:1_18:2_18:2),CTL,individual,1:21363365,1,21363365,7.08128e-09,SORBI_3001G222800,0.438818
TG(18:1_18:2_18:2),CTL,individual,1:21363365,1,21363365,7.08128e-09,SORBI_3001G222700,0.430389
TG(18:1_18:2_18:2),CTL,individual,1:21363365,1,21363365,7.08128e-09,SORBI_3001G224200,0.429484
TG(18:1_18:2_18:2),CTL,individual,1:21363365,1,21363365,7.08128e-09,SORBI_3001G222900,0.427068
TG(18:1_18:2_18:2),CTL,individual,1:21363365,1,21363365,7.08128e-09,SORBI_3001G222700,0.422135
TG(18:1_18:2_18:2),CTL,individual,1:21363365,1,21363365,7.08128e-09,SORBI_3001G222000,0.420325
TG(18:1_18:2_18:2),CTL,individual,1:21363365,1,21363365,7.08128e-09,SORBI_3001G222000,0.413058
TG(18:1_18:2_18:2),CTL,individual,1:21363365,1,21363365,7.08128e-09,SORBI_3001G222200,0.413058
TG(18:1_18:2_18:2),CTL,individual,1:21363365,1,21363365,7.08128e-09,SORBI_3001G222400,0.413058
TG(18:1_18:2_18:2),CTL,individual,1:21363365,1,21363365,7.08128e-09,SORBI_3001G222600,0.413058
TG(18:1_18:2_18:2),CTL,individual,1:21363365,1,21363365,7.08128e-09,SORBI_3001G222300,0.406011
TG(18:1_18:2_18:2),CTL,individual,1:21363365,1,21363365,7.08128e-09,SORBI_3001G223100,0.401329
TG(18:1_18:2_18:2),CTL,individual,3:53672245,3,53672245,7.346805e-09,SORBI_3003G206300,0.965108
TG(18:1_18:2_18:2),CTL,individual,3:53672248,3,53672248,7.346805e-09,SORBI_3003G206300,0.965108
TG(18:1_18:2_18:2),CTL,individual,3:53672245,3,53672245,7.346805e-09,SORBI_3003G206600,0.836635
TG(18:1_18:2_18:2),CTL,individual,3:53672248,3,53672248,7.346805e-09,SORBI_3003G206600,0.836635
TG(18:1_18:2_18:2),CTL,individual,3:53672245,3,53672245,7.346805e-09,SORBI_3003G206700,0.836027
TG(18:1_18:2_18:2),CTL,individual,3:53672248,3,53672248,7.346805e-09,SORBI_3003G206700,0.836027
TG(18:1_18:2_18:2),CTL,individual,3:53672245,3,53672245,7.346805e-09,SORBI_3003G206700,0.827856
TG(18:1_18:2_18:2),CTL,individual,3:53672248,3,53672248,7.346805e-09,SORBI_3003G206700,0.827856
TG(18:1_18:2_18:2),CTL,individual,3:53672245,3,53672245,7.346805e-09,SORBI_3003G206700,0.818263
TG(18:1_18:2_18:2),CTL,individual,3:53672248,3,53672248,7.346805e-09,SORBI_3003G206700,0.818263
TG(18:1_18:2_18:2),CTL,individual,3:53672245,3,53672245,7.346805e-09,SORBI_3003G206300,0.749569
TG(18:1_18:2_18:2),CTL,individual,3:53672248,3,53672248,7.346805e-09,SORBI_3003G206300,0.749569
TG(18:1_18:2_18:2),CTL,individual,3:53672245,3,53672245,7.346805e-09,SORBI_3003G206300,0.739709
TG(18:1_18:2_18:2),CTL,individual,3:53672248,3,53672248,7.346805e-09,SORBI_3003G206300,0.739709
TG(18:1_18:2_18:2),CTL,individual,3:53672245,3,53672245,7.346805e-09,SORBI_3003G206500,0.725481
TG(18:1_18:2_18:2),CTL,individual,3:53672248,3,53672248,7.346805e-09,SORBI_3003G206500,0.725481
TG(18:1_18:2_18:2),CTL,individual,3:53672245,3,53672245,7.346805e-09,SORBI_3003G206300,0.723524
TG(18:1_18:2_18:2),CTL,individual,3:53672248,3,53672248,7.346805e-09,SORBI_3003G206300,0.723524
TG(18:1_18:2_18:2),CTL,individual,3:53672245,3,53672245,7.346805e-09,SORBI_3003G206300,0.721705
TG(18:1_18:2_18:2),CTL,individual,3:53672248,3,53672248,7.346805e-09,SORBI_3003G206300,0.721705
TG(18:1_18:2_18:2),CTL,individual,3:53672245,3,53672245,7.346805e-09,SORBI_3003G206800,0.695355
TG(18:1_18:2_18:2),CTL,individual,3:53672248,3,53672248,7.346805e-09,SORBI_3003G206800,0.695355
TG(18:1_18:2_18:2),CTL,individual,3:53672245,3,53672245,7.346805e-09,SORBI_3003G206800,0.676372
TG(18:1_18:2_18:2),CTL,individual,3:53672248,3,53672248,7.346805e-09,SORBI_3003G206800,0.676372
TG(18:1_18:2_18:2),CTL,individual,3:53672245,3,53672245,7.346805e-09,SORBI_3003G206800,0.675212
TG(18:1_18:2_18:2),CTL,individual,3:53672248,3,53672248,7.346805e-09,SORBI_3003G206800,0.675212
TG(18:1_18:2_18:2),CTL,individual,3:53672245,3,53672245,7.346805e-09,SORBI_3003G205900,0.646243
TG(18:1_18:2_18:2),CTL,individual,3:53672248,3,53672248,7.346805e-09,SORBI_3003G205900,0.646243
TG(18:1_18:2_18:2),CTL,individual,3:53672245,3,53672245,7.346805e-09,SORBI_3003G205900,0.639677
TG(18:1_18:2_18:2),CTL,individual,3:53672248,3,53672248,7.346805e-09,SORBI_3003G205900,0.639677
TG(18:1_18:2_18:2),CTL,individual,3:53672245,3,53672245,7.346805e-09,SORBI_3003G206100,0.635116
TG(18:1_18:2_18:2),CTL,individual,3:53672248,3,53672248,7.346805e-09,SORBI_3003G206100,0.635116
TG(18:1_18:2_18:2),CTL,individual,3:53672245,3,53672245,7.346805e-09,SORBI_3003G205900,0.628473
TG(18:1_18:2_18:2),CTL,individual,3:53672248,3,53672248,7.346805e-09,SORBI_3003G205900,0.628473
TG(18:1_18:2_18:2),CTL,individual,3:53672245,3,53672245,7.346805e-09,SORBI_3003G206000,0.621581
TG(18:1_18:2_18:2),CTL,individual,3:53672248,3,53672248,7.346805e-09,SORBI_3003G206000,0.621581
TG(18:1_18:2_18:2),CTL,individual,3:53672245,3,53672245,7.346805e-09,SORBI_3003G205801,0.615334
TG(18:1_18:2_18:2),CTL,individual,3:53672248,3,53672248,7.346805e-09,SORBI_3003G205801,0.615334
TG(18:1_18:2_18:2),CTL,individual,3:53672245,3,53672245,7.346805e-09,SORBI_3003G206100,0.610728
TG(18:1_18:2_18:2),CTL,individual,3:53672248,3,53672248,7.346805e-09,SORBI_3003G206100,0.610728
TG(18:1_18:2_18:2),CTL,individual,3:53672245,3,53672245,7.346805e-09,SORBI_3003G205801,0.608183
TG(18:1_18:2_18:2),CTL,individual,3:53672248,3,53672248,7.346805e-09,SORBI_3003G205801,0.608183
TG(18:1_18:2_18:2),CTL,individual,3:53672245,3,53672245,7.346805e-09,SORBI_3003G205900,0.598905
TG(18:1_18:2_18:2),CTL,individual,3:53672248,3,53672248,7.346805e-09,SORBI_3003G205900,0.598905
TG(18:1_18:2_18:2),CTL,individual,3:53672245,3,53672245,7.346805e-09,SORBI_3003G205801,0.590727
TG(18:1_18:2_18:2),CTL,individual,3:53672248,3,53672248,7.346805e-09,SORBI_3003G205801,0.590727
TG(18:1_18:2_18:2),CTL,individual,3:53672245,3,53672245,7.346805e-09,SORBI_3003G206300,0.587703
TG(18:1_18:2_18:2),CTL,individual,3:53672248,3,53672248,7.346805e-09,SORBI_3003G206300,0.587703
TG(18:1_18:2_18:2),CTL,individual,3:53672245,3,53672245,7.346805e-09,SORBI_3003G206300,0.577968
TG(18:1_18:2_18:2),CTL,individual,3:53672248,3,53672248,7.346805e-09,SORBI_3003G206300,0.577968
TG(18:1_18:2_18:2),CTL,individual,3:53672245,3,53672245,7.346805e-09,SORBI_3003G206300,0.577874
TG(18:1_18:2_18:2),CTL,individual,3:53672248,3,53672248,7.346805e-09,SORBI_3003G206300,0.577874
TG(18:1_18:2_18:2),CTL,individual,3:53672245,3,53672245,7.346805e-09,SORBI_3003G206300,0.566884
TG(18:1_18:2_18:2),CTL,individual,3:53672248,3,53672248,7.346805e-09,SORBI_3003G206300,0.566884
TG(18:1_18:2_18:2),CTL,individual,3:53672245,3,53672245,7.346805e-09,SORBI_3003G205900,0.565291
TG(18:1_18:2_18:2),CTL,individual,3:53672248,3,53672248,7.346805e-09,SORBI_3003G205900,0.565291
TG(18:1_18:2_18:2),CTL,individual,3:53672245,3,53672245,7.346805e-09,SORBI_3003G207000,0.557234
TG(18:1_18:2_18:2),CTL,individual,3:53672248,3,53672248,7.346805e-09,SORBI_3003G207000,0.557234
TG(18:1_18:2_18:2),CTL,individual,3:53672245,3,53672245,7.346805e-09,SORBI_3003G206300,0.549256
TG(18:1_18:2_18:2),CTL,individual,3:53672248,3,53672248,7.346805e-09,SORBI_3003G206300,0.549256
TG(18:1_18:2_18:2),CTL,individual,3:53672245,3,53672245,7.346805e-09,SORBI_3003G206600,0.461252
TG(18:1_18:2_18:2),CTL,individual,3:53672248,3,53672248,7.346805e-09,SORBI_3003G206600,0.461252
TG(18:1_18:2_18:2),CTL,individual,3:53672245,3,53672245,7.346805e-09,SORBI_3003G206900,0.456818
TG(18:1_18:2_18:2),CTL,individual,3:53672248,3,53672248,7.346805e-09,SORBI_3003G206900,0.456818
TG(18:1_18:2_18:2),CTL,individual,3:53672245,3,53672245,7.346805e-09,SORBI_3003G206900,0.455742
TG(18:1_18:2_18:2),CTL,individual,3:53672248,3,53672248,7.346805e-09,SORBI_3003G206900,0.455742
TG(18:1_18:2_18:2),CTL,individual,3:53672245,3,53672245,7.346805e-09,SORBI_3003G205801,0.437296
TG(18:1_18:2_18:2),CTL,individual,3:53672248,3,53672248,7.346805e-09,SORBI_3003G205801,0.437296
TG(18:1_18:2_18:2),CTL,individual,3:53672245,3,53672245,7.346805e-09,SORBI_3003G205700,0.4325
TG(18:1_18:2_18:2),CTL,individual,3:53672248,3,53672248,7.346805e-09,SORBI_3003G205700,0.4325
TG(18:1_18:2_18:2),CTL,individual,3:53672245,3,53672245,7.346805e-09,SORBI_3003G205900,0.415541
TG(18:1_18:2_18:2),CTL,individual,3:53672248,3,53672248,7.346805e-09,SORBI_3003G205900,0.415541
TG(18:1_18:2_18:2),CTL,individual,3:53672245,3,53672245,7.346805e-09,SORBI_3003G205801,0.410734
TG(18:1_18:2_18:2),CTL,individual,3:53672248,3,53672248,7.346805e-09,SORBI_3003G205801,0.410734
TG(18:1_18:2_18:2),CTL,individual,6:19328998,6,19328998,7.720565e-09,SORBI_3006G039800,0.975349
TG(18:1_18:2_18:2),CTL,individual,6:19328998,6,19328998,7.720565e-09,SORBI_3006G039800,0.972689
TG(18:1_18:2_18:2),CTL,individual,6:19328998,6,19328998,7.720565e-09,SORBI_3006G039900,0.972689
TG(18:1_18:2_18:2),CTL,individual,6:19328998,6,19328998,7.720565e-09,SORBI_3006G039800,0.970047
TG(18:1_18:2_18:2),CTL,individual,6:19328998,6,19328998,7.720565e-09,SORBI_3006G039800,0.969757
TG(18:1_18:2_18:2),CTL,individual,6:19328998,6,19328998,7.720565e-09,SORBI_3006G039800,0.968827
TG(18:1_18:2_18:2),CTL,individual,6:19328998,6,19328998,7.720565e-09,SORBI_3006G039800,0.967423
TG(18:1_18:2_18:2),CTL,individual,6:19328998,6,19328998,7.720565e-09,SORBI_3006G040000,0.967423
TG(18:1_18:2_18:2),CTL,individual,6:19328998,6,19328998,7.720565e-09,SORBI_3006G039800,0.967098
TG(18:1_18:2_18:2),CTL,individual,6:19328998,6,19328998,7.720565e-09,SORBI_3006G039800,0.966841
TG(18:1_18:2_18:2),CTL,individual,6:19328998,6,19328998,7.720565e-09,SORBI_3006G039900,0.966841
TG(18:1_18:2_18:2),CTL,individual,6:19328998,6,19328998,7.720565e-09,SORBI_3006G039800,0.964456
TG(18:1_18:2_18:2),CTL,individual,6:19328998,6,19328998,7.720565e-09,SORBI_3006G039800,0.963848
TG(18:1_18:2_18:2),CTL,individual,6:19328998,6,19328998,7.720565e-09,SORBI_3006G040000,0.963848
TG(18:1_18:2_18:2),CTL,individual,6:19328998,6,19328998,7.720565e-09,SORBI_3006G039800,0.961141
TG(18:1_18:2_18:2),CTL,individual,6:19328998,6,19328998,7.720565e-09,SORBI_3006G039800,0.959655
TG(18:1_18:2_18:2),CTL,individual,6:19328998,6,19328998,7.720565e-09,SORBI_3006G039800,0.958451
TG(18:1_18:2_18:2),CTL,individual,6:19328998,6,19328998,7.720565e-09,SORBI_3006G039900,0.958451
TG(18:1_18:2_18:2),CTL,individual,6:19328998,6,19328998,7.720565e-09,SORBI_3006G039800,0.955385
TG(18:1_18:2_18:2),CTL,individual,6:19328998,6,19328998,7.720565e-09,SORBI_3006G039800,0.950186
TG(18:1_18:2_18:2),CTL,individual,6:19328998,6,19328998,7.720565e-09,SORBI_3006G039800,0.947075
TG(18:1_18:2_18:2),CTL,individual,6:19328998,6,19328998,7.720565e-09,SORBI_3006G039800,0.945258
TG(18:1_18:2_18:2),CTL,individual,6:19328998,6,19328998,7.720565e-09,SORBI_3006G039800,0.945134
TG(18:1_18:2_18:2),CTL,individual,6:19328998,6,19328998,7.720565e-09,SORBI_3006G039800,0.944881
TG(18:1_18:2_18:2),CTL,individual,6:19328998,6,19328998,7.720565e-09,SORBI_3006G039800,0.937553
TG(18:1_18:2_18:2),CTL,individual,6:19328998,6,19328998,7.720565e-09,SORBI_3006G039800,0.930421
TG(18:1_18:2_18:2),CTL,individual,6:19328998,6,19328998,7.720565e-09,SORBI_3006G040000,0.930421
TG(18:1_18:2_18:2),CTL,individual,6:19328998,6,19328998,7.720565e-09,SORBI_3006G039800,0.927683
TG(18:1_18:2_18:2),CTL,individual,6:19328998,6,19328998,7.720565e-09,SORBI_3006G039800,0.927584
TG(18:1_18:2_18:2),CTL,individual,6:19328998,6,19328998,7.720565e-09,SORBI_3006G039900,0.927584
TG(18:1_18:2_18:2),CTL,individual,6:19328998,6,19328998,7.720565e-09,SORBI_3006G039800,0.927028
TG(18:1_18:2_18:2),CTL,individual,6:19328998,6,19328998,7.720565e-09,SORBI_3006G039800,0.92483
TG(18:1_18:2_18:2),CTL,individual,6:19328998,6,19328998,7.720565e-09,SORBI_3006G039800,0.924762
TG(18:1_18:2_18:2),CTL,individual,6:19328998,6,19328998,7.720565e-09,SORBI_3006G040000,0.924762
TG(18:1_18:2_18:2),CTL,individual,6:19328998,6,19328998,7.720565e-09,SORBI_3006G040101,0.923377
TG(18:1_18:2_18:2),CTL,individual,6:19328998,6,19328998,7.720565e-09,SORBI_3006G039800,0.921955
TG(18:1_18:2_18:2),CTL,individual,6:19328998,6,19328998,7.720565e-09,SORBI_3006G039800,0.919474
TG(18:1_18:2_18:2),CTL,individual,6:19328998,6,19328998,7.720565e-09,SORBI_3006G039800,0.91917
TG(18:1_18:2_18:2),CTL,individual,6:19328998,6,19328998,7.720565e-09,SORBI_3006G039800,0.919164
TG(18:1_18:2_18:2),CTL,individual,6:19328998,6,19328998,7.720565e-09,SORBI_3006G040101,0.914486
TG(18:1_18:2_18:2),CTL,individual,6:19328998,6,19328998,7.720565e-09,SORBI_3006G039800,0.913628
TG(18:1_18:2_18:2),CTL,individual,6:19328998,6,19328998,7.720565e-09,SORBI_3006G039800,0.913572
TG(18:1_18:2_18:2),CTL,individual,6:19328998,6,19328998,7.720565e-09,SORBI_3006G039800,0.911157
TG(18:1_18:2_18:2),CTL,individual,6:19328998,6,19328998,7.720565e-09,SORBI_3006G039800,0.908205
TG(18:1_18:2_18:2),CTL,individual,6:19328998,6,19328998,7.720565e-09,SORBI_3006G040101,0.903352
TG(18:1_18:2_18:2),CTL,individual,6:19328998,6,19328998,7.720565e-09,SORBI_3006G039800,0.902563
TG(18:1_18:2_18:2),CTL,individual,6:19328998,6,19328998,7.720565e-09,SORBI_3006G040101,0.901808
TG(18:1_18:2_18:2),CTL,individual,6:19328998,6,19328998,7.720565e-09,SORBI_3006G039800,0.894227
TG(18:1_18:2_18:2),CTL,individual,6:19328998,6,19328998,7.720565e-09,SORBI_3006G039800,0.893023
TG(18:1_18:2_18:2),CTL,individual,6:19328998,6,19328998,7.720565e-09,SORBI_3006G039800,0.885917
TG(18:1_18:2_18:2),CTL,individual,6:19328998,6,19328998,7.720565e-09,SORBI_3006G039800,0.885062
TG(18:1_18:2_18:2),CTL,individual,6:19328998,6,19328998,7.720565e-09,SORBI_3006G039800,0.878298
TG(18:1_18:2_18:2),CTL,individual,6:19328998,6,19328998,7.720565e-09,SORBI_3006G039800,0.874727
TG(18:1_18:2_18:2),CTL,individual,6:19328998,6,19328998,7.720565e-09,SORBI_3006G039800,0.861294
TG(18:1_18:2_18:2),CTL,individual,6:19328998,6,19328998,7.720565e-09,SORBI_3006G039800,0.858805
TG(18:1_18:2_18:2),CTL,individual,6:19328998,6,19328998,7.720565e-09,SORBI_3006G039800,0.852374
TG(18:1_18:2_18:2),CTL,individual,6:19328998,6,19328998,7.720565e-09,SORBI_3006G039800,0.829169
TG(18:1_18:2_18:2),CTL,individual,6:19328998,6,19328998,7.720565e-09,SORBI_3006G040101,0.817305
TG(18:1_18:2_18:2),CTL,individual,6:19328998,6,19328998,7.720565e-09,SORBI_3006G040101,0.807597
TG(18:1_18:2_18:2),CTL,individual,6:19328998,6,19328998,7.720565e-09,SORBI_3006G040101,0.8035
TG(18:1_18:2_18:2),CTL,individual,6:19328998,6,19328998,7.720565e-09,SORBI_3006G040101,0.786301
TG(18:1_18:2_18:2),CTL,individual,6:19328998,6,19328998,7.720565e-09,SORBI_3006G039800,0.758269
TG(18:1_18:2_18:2),CTL,individual,6:19328998,6,19328998,7.720565e-09,SORBI_3006G039800,0.738332
TG(18:1_18:2_18:2),CTL,individual,6:19328998,6,19328998,7.720565e-09,SORBI_3006G039800,0.730552
TG(18:1_18:2_18:2),CTL,individual,6:19328998,6,19328998,7.720565e-09,SORBI_3006G039800,0.724327
TG(18:1_18:2_18:2),CTL,individual,6:19328998,6,19328998,7.720565e-09,SORBI_3006G039800,0.7194
TG(18:1_18:2_18:2),CTL,individual,6:19328998,6,19328998,7.720565e-09,SORBI_3006G039900,0.7194
TG(18:1_18:2_18:2),CTL,individual,6:19328998,6,19328998,7.720565e-09,SORBI_3006G039800,0.710071
TG(18:1_18:2_18:2),CTL,individual,6:19328998,6,19328998,7.720565e-09,SORBI_3006G039900,0.710071
TG(18:1_18:2_18:2),CTL,individual,6:19328998,6,19328998,7.720565e-09,SORBI_3006G040000,0.710071
TG(18:1_18:2_18:2),CTL,individual,6:19328998,6,19328998,7.720565e-09,SORBI_3006G039800,0.708199
TG(18:1_18:2_18:2),CTL,individual,6:19328998,6,19328998,7.720565e-09,SORBI_3006G039800,0.707814
TG(18:1_18:2_18:2),CTL,individual,6:19328998,6,19328998,7.720565e-09,SORBI_3006G040000,0.707814
TG(18:1_18:2_18:2),CTL,individual,6:19328998,6,19328998,7.720565e-09,SORBI_3006G039800,0.705573
TG(18:1_18:2_18:2),CTL,individual,6:19328998,6,19328998,7.720565e-09,SORBI_3006G039800,0.704511
TG(18:1_18:2_18:2),CTL,individual,6:19328998,6,19328998,7.720565e-09,SORBI_3006G039800,0.703063
TG(18:1_18:2_18:2),CTL,individual,6:19328998,6,19328998,7.720565e-09,SORBI_3006G039800,0.69895
TG(18:1_18:2_18:2),CTL,individual,6:19328998,6,19328998,7.720565e-09,SORBI_3006G039800,0.694621
TG(18:1_18:2_18:2),CTL,individual,6:19328998,6,19328998,7.720565e-09,SORBI_3006G040101,0.678044
TG(18:1_18:2_18:2),CTL,individual,6:19328998,6,19328998,7.720565e-09,SORBI_3006G039800,0.67709
TG(18:1_18:2_18:2),CTL,individual,6:19328998,6,19328998,7.720565e-09,SORBI_3006G040101,0.670479
TG(18:1_18:2_18:2),CTL,individual,6:19328998,6,19328998,7.720565e-09,SORBI_3006G039800,0.655376
TG(18:1_18:2_18:2),CTL,individual,6:19328998,6,19328998,7.720565e-09,SORBI_3006G039800,0.489283
TG(18:1_18:2_18:2),CTL,individual,1:21391989,1,21391989,7.838417e-09,SORBI_3001G223300,0.979464
TG(18:1_18:2_18:2),CTL,individual,1:21391989,1,21391989,7.838417e-09,SORBI_3001G223200,0.948184
TG(18:1_18:2_18:2),CTL,individual,1:21391989,1,21391989,7.838417e-09,SORBI_3001G223200,0.923867
TG(18:1_18:2_18:2),CTL,individual,1:21391989,1,21391989,7.838417e-09,SORBI_3001G223300,0.890961
TG(18:1_18:2_18:2),CTL,individual,1:21391989,1,21391989,7.838417e-09,SORBI_3001G223200,0.851783
TG(18:1_18:2_18:2),CTL,individual,1:21391989,1,21391989,7.838417e-09,SORBI_3001G223550,0.797437
TG(18:1_18:2_18:2),CTL,individual,1:21391989,1,21391989,7.838417e-09,SORBI_3001G223550,0.797406
TG(18:1_18:2_18:2),CTL,individual,1:21391989,1,21391989,7.838417e-09,SORBI_3001G223550,0.797374
TG(18:1_18:2_18:2),CTL,individual,1:21391989,1,21391989,7.838417e-09,SORBI_3001G223550,0.784586
TG(18:1_18:2_18:2),CTL,individual,1:21391989,1,21391989,7.838417e-09,SORBI_3001G223300,0.716856
TG(18:1_18:2_18:2),CTL,individual,1:21391989,1,21391989,7.838417e-09,SORBI_3001G222900,0.682011
TG(18:1_18:2_18:2),CTL,individual,1:21391989,1,21391989,7.838417e-09,SORBI_3001G224000,0.668403
TG(18:1_18:2_18:2),CTL,individual,1:21391989,1,21391989,7.838417e-09,SORBI_3001G222900,0.667331
TG(18:1_18:2_18:2),CTL,individual,1:21391989,1,21391989,7.838417e-09,SORBI_3001G222900,0.665234
TG(18:1_18:2_18:2),CTL,individual,1:21391989,1,21391989,7.838417e-09,SORBI_3001G222900,0.656126
TG(18:1_18:2_18:2),CTL,individual,1:21391989,1,21391989,7.838417e-09,SORBI_3001G222900,0.654108
TG(18:1_18:2_18:2),CTL,individual,1:21391989,1,21391989,7.838417e-09,SORBI_3001G223300,0.642678
TG(18:1_18:2_18:2),CTL,individual,1:21391989,1,21391989,7.838417e-09,SORBI_3001G222900,0.600227
TG(18:1_18:2_18:2),CTL,individual,1:21391989,1,21391989,7.838417e-09,SORBI_3001G223100,0.594922
TG(18:1_18:2_18:2),CTL,individual,1:21391989,1,21391989,7.838417e-09,SORBI_3001G222800,0.586877
TG(18:1_18:2_18:2),CTL,individual,1:21391989,1,21391989,7.838417e-09,SORBI_3001G222800,0.582489
TG(18:1_18:2_18:2),CTL,individual,1:21391989,1,21391989,7.838417e-09,SORBI_3001G222800,0.569832
TG(18:1_18:2_18:2),CTL,individual,1:21391989,1,21391989,7.838417e-09,SORBI_3001G223100,0.569832
TG(18:1_18:2_18:2),CTL,individual,1:21391989,1,21391989,7.838417e-09,SORBI_3001G223100,0.569698
TG(18:1_18:2_18:2),CTL,individual,1:21391989,1,21391989,7.838417e-09,SORBI_3001G222800,0.568764
TG(18:1_18:2_18:2),CTL,individual,1:21391989,1,21391989,7.838417e-09,SORBI_3001G222800,0.567802
TG(18:1_18:2_18:2),CTL,individual,1:21391989,1,21391989,7.838417e-09,SORBI_3001G223100,0.567351
TG(18:1_18:2_18:2),CTL,individual,1:21391989,1,21391989,7.838417e-09,SORBI_3001G223100,0.56714
TG(18:1_18:2_18:2),CTL,individual,1:21391989,1,21391989,7.838417e-09,SORBI_3001G223100,0.565667
TG(18:1_18:2_18:2),CTL,individual,1:21391989,1,21391989,7.838417e-09,SORBI_3001G222800,0.563478
TG(18:1_18:2_18:2),CTL,individual,1:21391989,1,21391989,7.838417e-09,SORBI_3001G223200,0.563461
TG(18:1_18:2_18:2),CTL,individual,1:21391989,1,21391989,7.838417e-09,SORBI_3001G222800,0.555202
TG(18:1_18:2_18:2),CTL,individual,1:21391989,1,21391989,7.838417e-09,SORBI_3001G222800,0.549691
TG(18:1_18:2_18:2),CTL,individual,1:21391989,1,21391989,7.838417e-09,SORBI_3001G223100,0.545786
TG(18:1_18:2_18:2),CTL,individual,1:21391989,1,21391989,7.838417e-09,SORBI_3001G222900,0.5345
TG(18:1_18:2_18:2),CTL,individual,1:21391989,1,21391989,7.838417e-09,SORBI_3001G222900,0.53283
TG(18:1_18:2_18:2),CTL,individual,1:21391989,1,21391989,7.838417e-09,SORBI_3001G222900,0.523627
TG(18:1_18:2_18:2),CTL,individual,1:21391989,1,21391989,7.838417e-09,SORBI_3001G222900,0.520036
TG(18:1_18:2_18:2),CTL,individual,1:21391989,1,21391989,7.838417e-09,SORBI_3001G222800,0.518145
TG(18:1_18:2_18:2),CTL,individual,1:21391989,1,21391989,7.838417e-09,SORBI_3001G223100,0.509674
TG(18:1_18:2_18:2),CTL,individual,1:21391989,1,21391989,7.838417e-09,SORBI_3001G222900,0.509351
TG(18:1_18:2_18:2),CTL,individual,1:21391989,1,21391989,7.838417e-09,SORBI_3001G222900,0.509239
TG(18:1_18:2_18:2),CTL,individual,1:21391989,1,21391989,7.838417e-09,SORBI_3001G222700,0.493092
TG(18:1_18:2_18:2),CTL,individual,1:21391989,1,21391989,7.838417e-09,SORBI_3001G222700,0.483651
TG(18:1_18:2_18:2),CTL,individual,1:21391989,1,21391989,7.838417e-09,SORBI_3001G222400,0.468095
TG(18:1_18:2_18:2),CTL,individual,1:21391989,1,21391989,7.838417e-09,SORBI_3001G222600,0.468095
TG(18:1_18:2_18:2),CTL,individual,1:21391989,1,21391989,7.838417e-09,SORBI_3001G222300,0.460115
TG(18:1_18:2_18:2),CTL,individual,1:21391989,1,21391989,7.838417e-09,SORBI_3001G223100,0.459867
TG(18:1_18:2_18:2),CTL,individual,1:21391989,1,21391989,7.838417e-09,SORBI_3001G222500,0.457193
TG(18:1_18:2_18:2),CTL,individual,1:21391989,1,21391989,7.838417e-09,SORBI_3001G223000,0.456999
TG(18:1_18:2_18:2),CTL,individual,1:21391989,1,21391989,7.838417e-09,SORBI_3001G225700,0.436258
TG(18:1_18:2_18:2),CTL,individual,1:21391989,1,21391989,7.838417e-09,SORBI_3001G222600,0.435119
TG(18:1_18:2_18:2),CTL,individual,1:21391989,1,21391989,7.838417e-09,SORBI_3001G222600,0.433722
TG(18:1_18:2_18:2),CTL,individual,1:21391989,1,21391989,7.838417e-09,SORBI_3001G222600,0.428079
TG(18:1_18:2_18:2),CTL,individual,1:21391989,1,21391989,7.838417e-09,SORBI_3001G222300,0.425771
TG(18:1_18:2_18:2),CTL,individual,1:21391989,1,21391989,7.838417e-09,SORBI_3001G222400,0.425771
TG(18:1_18:2_18:2),CTL,individual,1:21391989,1,21391989,7.838417e-09,SORBI_3001G222600,0.421236
TG(18:1_18:2_18:2),CTL,individual,1:21391989,1,21391989,7.838417e-09,SORBI_3001G222300,0.418988
TG(18:1_18:2_18:2),CTL,individual,1:21391989,1,21391989,7.838417e-09,SORBI_3001G222500,0.418988
TG(18:1_18:2_18:2),CTL,individual,1:21391989,1,21391989,7.838417e-09,SORBI_3001G222550,0.418988
TG(18:1_18:2_18:2),CTL,individual,1:21391989,1,21391989,7.838417e-09,SORBI_3001G223300,0.417457
TG(18:1_18:2_18:2),CTL,individual,1:21391989,1,21391989,7.838417e-09,SORBI_3001G222300,0.417027
TG(18:1_18:2_18:2),CTL,individual,1:21391989,1,21391989,7.838417e-09,SORBI_3001G222600,0.415724
TG(18:1_18:2_18:2),CTL,individual,1:21391989,1,21391989,7.838417e-09,SORBI_3001G222600,0.414765
TG(18:1_18:2_18:2),CTL,individual,1:21391989,1,21391989,7.838417e-09,SORBI_3001G222300,0.413563
TG(18:1_18:2_18:2),CTL,individual,1:21391989,1,21391989,7.838417e-09,SORBI_3001G222300,0.412392
TG(18:1_18:2_18:2),CTL,individual,1:21391989,1,21391989,7.838417e-09,SORBI_3001G222300,0.408079
TG(18:1_18:2_18:2),CTL,individual,1:21391989,1,21391989,7.838417e-09,SORBI_3001G222300,0.405955
TG(18:1_18:2_18:2),CTL,individual,1:21391989,1,21391989,7.838417e-09,SORBI_3001G222300,0.404737
TG(18:1_18:2_18:2),CTL,individual,1:21391989,1,21391989,7.838417e-09,SORBI_3001G222300,0.401769
TG(18:1_18:2_18:2),CTL,individual,8:49914919,8,49914919,8.188749e-09,SORBI_3008G105600,0.810788
TG(18:1_18:2_18:2),CTL,individual,8:49914919,8,49914919,8.188749e-09,SORBI_3008G105600,0.79093
TG(18:1_18:2_18:2),CTL,individual,8:49914919,8,49914919,8.188749e-09,SORBI_3008G105600,0.784422
TG(18:1_18:2_18:2),CTL,individual,8:49914919,8,49914919,8.188749e-09,SORBI_3008G105800,0.781862
TG(18:1_18:2_18:2),CTL,individual,8:49914919,8,49914919,8.188749e-09,SORBI_3008G105600,0.764196
TG(18:1_18:2_18:2),CTL,individual,8:49914919,8,49914919,8.188749e-09,SORBI_3008G105850,0.75762
TG(18:1_18:2_18:2),CTL,individual,8:49914919,8,49914919,8.188749e-09,SORBI_3008G105900,0.75762
TG(18:1_18:2_18:2),CTL,individual,8:49914919,8,49914919,8.188749e-09,SORBI_3008G105900,0.752829
TG(18:1_18:2_18:2),CTL,individual,8:49914919,8,49914919,8.188749e-09,SORBI_3008G105800,0.721551
TG(18:1_18:2_18:2),CTL,individual,8:49914919,8,49914919,8.188749e-09,SORBI_3008G105850,0.705692
TG(18:1_18:2_18:2),CTL,individual,8:49914919,8,49914919,8.188749e-09,SORBI_3008G105900,0.705692
TG(18:1_18:2_18:2),CTL,individual,8:49914919,8,49914919,8.188749e-09,SORBI_3008G105500,0.623886
TG(18:1_18:2_18:2),CTL,individual,8:49914919,8,49914919,8.188749e-09,SORBI_3008G105900,0.595739
TG(18:1_18:2_18:2),CTL,individual,8:49914919,8,49914919,8.188749e-09,SORBI_3008G105900,0.5956
TG(18:1_18:2_18:2),CTL,individual,8:49914919,8,49914919,8.188749e-09,SORBI_3008G106200,0.574067
TG(18:1_18:2_18:2),CTL,individual,8:49914919,8,49914919,8.188749e-09,SORBI_3008G106200,0.571627
TG(18:1_18:2_18:2),CTL,individual,8:49914919,8,49914919,8.188749e-09,SORBI_3008G106200,0.537627
TG(18:1_18:2_18:2),CTL,individual,8:49914919,8,49914919,8.188749e-09,SORBI_3008G106200,0.535504
TG(18:1_18:2_18:2),CTL,individual,8:49914919,8,49914919,8.188749e-09,SORBI_3008G105900,0.530974
TG(18:1_18:2_18:2),CTL,individual,8:49914919,8,49914919,8.188749e-09,SORBI_3008G106200,0.527612
TG(18:1_18:2_18:2),CTL,individual,8:49914919,8,49914919,8.188749e-09,SORBI_3008G106301,0.52555
TG(18:1_18:2_18:2),CTL,individual,8:49914919,8,49914919,8.188749e-09,SORBI_3008G105900,0.521782
TG(18:1_18:2_18:2),CTL,individual,8:49914919,8,49914919,8.188749e-09,SORBI_3008G105900,0.514461
TG(18:1_18:2_18:2),CTL,individual,8:49914919,8,49914919,8.188749e-09,SORBI_3008G106500,0.509941
TG(18:1_18:2_18:2),CTL,individual,8:49914919,8,49914919,8.188749e-09,SORBI_3008G106550,0.509941
TG(18:1_18:2_18:2),CTL,individual,8:49914919,8,49914919,8.188749e-09,SORBI_3008G106550,0.506981
TG(18:1_18:2_18:2),CTL,individual,8:49914919,8,49914919,8.188749e-09,SORBI_3008G106550,0.501825
TG(18:1_18:2_18:2),CTL,individual,8:49914919,8,49914919,8.188749e-09,SORBI_3008G106500,0.484497
TG(18:1_18:2_18:2),CTL,individual,8:49914919,8,49914919,8.188749e-09,SORBI_3008G106500,0.478648
TG(18:1_18:2_18:2),CTL,individual,8:49914919,8,49914919,8.188749e-09,SORBI_3008G105900,0.473379
TG(18:1_18:2_18:2),CTL,individual,8:49914919,8,49914919,8.188749e-09,SORBI_3008G106200,0.454936
TG(18:1_18:2_18:2),CTL,individual,8:49914919,8,49914919,8.188749e-09,SORBI_3008G105900,0.451852
TG(18:1_18:2_18:2),CTL,individual,8:49914919,8,49914919,8.188749e-09,SORBI_3008G105900,0.45181
TG(18:1_18:2_18:2),CTL,individual,8:49914919,8,49914919,8.188749e-09,SORBI_3008G105500,0.448134
TG(18:1_18:2_18:2),CTL,individual,8:49914919,8,49914919,8.188749e-09,SORBI_3008G105900,0.445505
TG(18:1_18:2_18:2),CTL,individual,8:49914919,8,49914919,8.188749e-09,SORBI_3008G105900,0.445328
TG(18:1_18:2_18:2),CTL,individual,8:49914919,8,49914919,8.188749e-09,SORBI_3008G105900,0.440631
TG(18:1_18:2_18:2),CTL,individual,8:49914919,8,49914919,8.188749e-09,SORBI_3008G105900,0.437419
TG(18:1_18:2_18:2),CTL,individual,8:49914919,8,49914919,8.188749e-09,SORBI_3008G105900,0.437217
TG(18:1_18:2_18:2),CTL,individual,8:49914919,8,49914919,8.188749e-09,SORBI_3008G105900,0.434304
TG(18:1_18:2_18:2),CTL,individual,8:49914919,8,49914919,8.188749e-09,SORBI_3008G105900,0.432845
TG(18:1_18:2_18:2),CTL,individual,8:49914919,8,49914919,8.188749e-09,SORBI_3008G105900,0.43034
TG(18:1_18:2_18:2),CTL,individual,8:49914919,8,49914919,8.188749e-09,SORBI_3008G105900,0.427951
TG(18:1_18:2_18:2),CTL,individual,8:49914919,8,49914919,8.188749e-09,SORBI_3008G105900,0.422524
TG(18:1_18:2_18:2),CTL,individual,8:49914919,8,49914919,8.188749e-09,SORBI_3008G105500,0.418863
TG(18:1_18:2_18:2),CTL,individual,8:49914919,8,49914919,8.188749e-09,SORBI_3008G105900,0.408775
TG(18:1_18:2_18:2),CTL,individual,8:49914919,8,49914919,8.188749e-09,SORBI_3008G105900,0.408314
TG(18:1_18:2_18:2),CTL,individual,8:49914919,8,49914919,8.188749e-09,SORBI_3008G105900,0.407715
TG(18:1_18:2_18:2),CTL,individual,8:49914919,8,49914919,8.188749e-09,SORBI_3008G105900,0.405406
