trait,condition,layer,SNP,chr,ps,p_wald,gene,r2
TG(16:0_18:1_20:2),CTL,individual,1:78754424,1,78754424,4.5016e-35,SORBI_3001G522600,1
TG(16:0_18:1_20:2),CTL,individual,1:78754424,1,78754424,4.5016e-35,SORBI_3001G522600,1
TG(16:0_18:1_20:2),CTL,individual,8:32872626,8,32872626,5.422097e-31,SORBI_3008G089700,1
TG(16:0_18:1_20:2),CTL,individual,8:32872626,8,32872626,5.422097e-31,SORBI_3008G089700,1
TG(16:0_18:1_20:2),CTL,individual,9:21077105,9,21077105,2.291212e-16,SORBI_3009G092100,1
TG(16:0_18:1_20:2),CTL,individual,9:21077112,9,21077112,2.291212e-16,SORBI_3009G092100,1
TG(16:0_18:1_20:2),CTL,individual,7:46143003,7,46143003,1.861866e-13,SORBI_3007G113900,0.842403
TG(16:0_18:1_20:2),CTL,individual,7:46143003,7,46143003,1.861866e-13,SORBI_3007G113900,0.829605
TG(16:0_18:1_20:2),CTL,individual,7:46143003,7,46143003,1.861866e-13,SORBI_3007G113900,0.814311
TG(16:0_18:1_20:2),CTL,individual,7:46143003,7,46143003,1.861866e-13,SORBI_3007G113900,0.81333
TG(16:0_18:1_20:2),CTL,individual,7:46143003,7,46143003,1.861866e-13,SORBI_3007G113900,0.479156
TG(16:0_18:1_20:2),CTL,individual,6:35896806,6,35896806,5.639939e-13,SORBI_3006G049600,1
TG(16:0_18:1_20:2),CTL,individual,6:35896806,6,35896806,5.639939e-13,SORBI_3006G049600,1
TG(16:0_18:1_20:2),CTL,individual,6:35896806,6,35896806,5.639939e-13,SORBI_3006G049600,0.441092
TG(16:0_18:1_20:2),CTL,individual,5:61715312,5,61715312,9.706843e-13,SORBI_3005G149000,0.746094
TG(16:0_18:1_20:2),CTL,individual,5:61715312,5,61715312,9.706843e-13,SORBI_3005G149000,0.661668
TG(16:0_18:1_20:2),CTL,individual,5:61715312,5,61715312,9.706843e-13,SORBI_3005G149000,0.634367
TG(16:0_18:1_20:2),CTL,individual,5:61715312,5,61715312,9.706843e-13,SORBI_3005G148500,0.511363
TG(16:0_18:1_20:2),CTL,individual,10:32594255,10,32594255,1.627791e-12,SORBI_3010G140800,0.85142
TG(16:0_18:1_20:2),CTL,individual,10:32594255,10,32594255,1.627791e-12,SORBI_3010G140800,0.844552
TG(16:0_18:1_20:2),CTL,individual,10:32594255,10,32594255,1.627791e-12,SORBI_3010G140800,0.789685
TG(16:0_18:1_20:2),CTL,individual,10:32594255,10,32594255,1.627791e-12,SORBI_3010G140800,0.785184
TG(16:0_18:1_20:2),CTL,individual,10:32594255,10,32594255,1.627791e-12,SORBI_3010G140800,0.753693
TG(16:0_18:1_20:2),CTL,individual,5:24255190,5,24255190,2.094328e-12,SORBI_3005G110120,0.830873
TG(16:0_18:1_20:2),CTL,individual,5:24255190,5,24255190,2.094328e-12,SORBI_3005G110160,0.830873
TG(16:0_18:1_20:2),CTL,individual,5:24255190,5,24255190,2.094328e-12,SORBI_3005G110160,0.823992
TG(16:0_18:1_20:2),CTL,individual,5:24255190,5,24255190,2.094328e-12,SORBI_3005G110120,0.817378
TG(16:0_18:1_20:2),CTL,individual,5:24255190,5,24255190,2.094328e-12,SORBI_3005G110160,0.817165
TG(16:0_18:1_20:2),CTL,individual,5:24255190,5,24255190,2.094328e-12,SORBI_3005G110160,0.810848
TG(16:0_18:1_20:2),CTL,individual,5:24255190,5,24255190,2.094328e-12,SORBI_3005G110160,0.807504
TG(16:0_18:1_20:2),CTL,individual,5:24255190,5,24255190,2.094328e-12,SORBI_3005G110160,0.807138
TG(16:0_18:1_20:2),CTL,individual,5:24255190,5,24255190,2.094328e-12,SORBI_3005G110160,0.790144
TG(16:0_18:1_20:2),CTL,individual,5:24255190,5,24255190,2.094328e-12,SORBI_3005G110120,0.789411
TG(16:0_18:1_20:2),CTL,individual,5:24255190,5,24255190,2.094328e-12,SORBI_3005G110120,0.784328
TG(16:0_18:1_20:2),CTL,individual,5:24255190,5,24255190,2.094328e-12,SORBI_3005G110120,0.7571
TG(16:0_18:1_20:2),CTL,individual,5:24255190,5,24255190,2.094328e-12,SORBI_3005G110120,0.692387
TG(16:0_18:1_20:2),CTL,individual,5:24255190,5,24255190,2.094328e-12,SORBI_3005G110160,0.535032
TG(16:0_18:1_20:2),CTL,individual,5:24255190,5,24255190,2.094328e-12,SORBI_3005G110160,0.426585
TG(16:0_18:1_20:2),CTL,individual,5:24255190,5,24255190,2.094328e-12,SORBI_3005G110160,0.423361
TG(16:0_18:1_20:2),CTL,individual,5:24255190,5,24255190,2.094328e-12,SORBI_3005G110160,0.417657
TG(16:0_18:1_20:2),CTL,individual,5:24255190,5,24255190,2.094328e-12,SORBI_3005G110160,0.415275
TG(16:0_18:1_20:2),CTL,individual,5:24255190,5,24255190,2.094328e-12,SORBI_3005G110120,0.410769
TG(16:0_18:1_20:2),CTL,individual,5:24255190,5,24255190,2.094328e-12,SORBI_3005G110160,0.404424
TG(16:0_18:1_20:2),CTL,individual,5:24255190,5,24255190,2.094328e-12,SORBI_3005G110160,0.403315
TG(16:0_18:1_20:2),CTL,individual,9:44632601,9,44632601,3.69734e-12,SORBI_3009G111000,0.704933
TG(16:0_18:1_20:2),CTL,individual,9:44632601,9,44632601,3.69734e-12,SORBI_3009G111000,0.666961
TG(16:0_18:1_20:2),CTL,individual,9:44632601,9,44632601,3.69734e-12,SORBI_3009G111000,0.664454
TG(16:0_18:1_20:2),CTL,individual,9:44632601,9,44632601,3.69734e-12,SORBI_3009G111000,0.661714
TG(16:0_18:1_20:2),CTL,individual,9:44632601,9,44632601,3.69734e-12,SORBI_3009G111400,0.471733
TG(16:0_18:1_20:2),CTL,individual,9:44632601,9,44632601,3.69734e-12,SORBI_3009G111200,0.468714
TG(16:0_18:1_20:2),CTL,individual,9:44632601,9,44632601,3.69734e-12,SORBI_3009G111400,0.41714
TG(16:0_18:1_20:2),CTL,individual,9:44632601,9,44632601,3.69734e-12,SORBI_3009G111400,0.410391
TG(16:0_18:1_20:2),CTL,individual,9:44632601,9,44632601,3.69734e-12,SORBI_3009G111400,0.409067
TG(16:0_18:1_20:2),CTL,individual,9:44632601,9,44632601,3.69734e-12,SORBI_3009G110000,0.407699
TG(16:0_18:1_20:2),CTL,individual,9:44632601,9,44632601,3.69734e-12,SORBI_3009G111400,0.40576
TG(16:0_18:1_20:2),CTL,individual,1:60651888,1,60651888,5.220828e-12,SORBI_3001G318000,0.480909
TG(16:0_18:1_20:2),CTL,individual,1:60651888,1,60651888,5.220828e-12,SORBI_3001G318100,0.465329
TG(16:0_18:1_20:2),CTL,individual,1:60651888,1,60651888,5.220828e-12,SORBI_3001G318100,0.457663
TG(16:0_18:1_20:2),CTL,individual,1:60651888,1,60651888,5.220828e-12,SORBI_3001G320500,0.420946
TG(16:0_18:1_20:2),CTL,individual,9:21077124,9,21077124,5.758901e-12,SORBI_3009G092100,1
TG(16:0_18:1_20:2),CTL,individual,7:42553822,7,42553822,1.133295e-11,SORBI_3007G112200,0.605851
TG(16:0_18:1_20:2),CTL,individual,7:42553822,7,42553822,1.133295e-11,SORBI_3007G111901,0.603213
TG(16:0_18:1_20:2),CTL,individual,7:42553822,7,42553822,1.133295e-11,SORBI_3007G111800,0.600748
TG(16:0_18:1_20:2),CTL,individual,7:42553822,7,42553822,1.133295e-11,SORBI_3007G112100,0.600748
TG(16:0_18:1_20:2),CTL,individual,7:42553822,7,42553822,1.133295e-11,SORBI_3007G112200,0.600748
TG(16:0_18:1_20:2),CTL,individual,7:42553822,7,42553822,1.133295e-11,SORBI_3007G112000,0.595718
TG(16:0_18:1_20:2),CTL,individual,7:42553822,7,42553822,1.133295e-11,SORBI_3007G111800,0.594133
TG(16:0_18:1_20:2),CTL,individual,7:42553822,7,42553822,1.133295e-11,SORBI_3007G111901,0.594133
TG(16:0_18:1_20:2),CTL,individual,7:42553822,7,42553822,1.133295e-11,SORBI_3007G112200,0.594133
TG(16:0_18:1_20:2),CTL,individual,7:42553822,7,42553822,1.133295e-11,SORBI_3007G111800,0.589048
TG(16:0_18:1_20:2),CTL,individual,7:42553822,7,42553822,1.133295e-11,SORBI_3007G112200,0.589048
TG(16:0_18:1_20:2),CTL,individual,7:42553822,7,42553822,1.133295e-11,SORBI_3007G111901,0.582421
TG(16:0_18:1_20:2),CTL,individual,7:42553822,7,42553822,1.133295e-11,SORBI_3007G112200,0.582421
TG(16:0_18:1_20:2),CTL,individual,7:42553822,7,42553822,1.133295e-11,SORBI_3007G111901,0.575839
TG(16:0_18:1_20:2),CTL,individual,7:42553822,7,42553822,1.133295e-11,SORBI_3007G111901,0.574564
TG(16:0_18:1_20:2),CTL,individual,7:42553822,7,42553822,1.133295e-11,SORBI_3007G111901,0.568141
TG(16:0_18:1_20:2),CTL,individual,7:42553822,7,42553822,1.133295e-11,SORBI_3007G112200,0.567111
TG(16:0_18:1_20:2),CTL,individual,7:42553822,7,42553822,1.133295e-11,SORBI_3007G111800,0.517088
TG(16:0_18:1_20:2),CTL,individual,7:42553822,7,42553822,1.133295e-11,SORBI_3007G111901,0.506486
TG(16:0_18:1_20:2),CTL,individual,7:42553822,7,42553822,1.133295e-11,SORBI_3007G112200,0.504413
TG(16:0_18:1_20:2),CTL,individual,7:42553822,7,42553822,1.133295e-11,SORBI_3007G112000,0.500286
TG(16:0_18:1_20:2),CTL,individual,7:42553822,7,42553822,1.133295e-11,SORBI_3007G112200,0.500286
TG(16:0_18:1_20:2),CTL,individual,7:42553822,7,42553822,1.133295e-11,SORBI_3007G111901,0.498632
TG(16:0_18:1_20:2),CTL,individual,7:42553822,7,42553822,1.133295e-11,SORBI_3007G112200,0.498632
TG(16:0_18:1_20:2),CTL,individual,7:42553822,7,42553822,1.133295e-11,SORBI_3007G111901,0.496557
TG(16:0_18:1_20:2),CTL,individual,7:42553822,7,42553822,1.133295e-11,SORBI_3007G112200,0.492456
TG(16:0_18:1_20:2),CTL,individual,7:42553822,7,42553822,1.133295e-11,SORBI_3007G112200,0.484648
TG(16:0_18:1_20:2),CTL,individual,7:42553822,7,42553822,1.133295e-11,SORBI_3007G111901,0.459134
TG(16:0_18:1_20:2),CTL,individual,7:42553822,7,42553822,1.133295e-11,SORBI_3007G112100,0.428094
TG(16:0_18:1_20:2),CTL,individual,5:69466657,5,69466657,2.438151e-11,SORBI_3005G208275,0.46287
TG(16:0_18:1_20:2),CTL,individual,5:69466660,5,69466660,2.438151e-11,SORBI_3005G208275,0.46287
TG(16:0_18:1_20:2),CTL,individual,8:55831934,8,55831934,7.155464e-11,SORBI_3008G131900,0.937677
TG(16:0_18:1_20:2),CTL,individual,8:55831934,8,55831934,7.155464e-11,SORBI_3008G131900,0.926516
TG(16:0_18:1_20:2),CTL,individual,8:55831934,8,55831934,7.155464e-11,SORBI_3008G132000,0.878997
TG(16:0_18:1_20:2),CTL,individual,8:55831934,8,55831934,7.155464e-11,SORBI_3008G131800,0.877199
TG(16:0_18:1_20:2),CTL,individual,8:55831934,8,55831934,7.155464e-11,SORBI_3008G131601,0.847077
TG(16:0_18:1_20:2),CTL,individual,8:55831934,8,55831934,7.155464e-11,SORBI_3008G131601,0.821618
TG(16:0_18:1_20:2),CTL,individual,8:55831934,8,55831934,7.155464e-11,SORBI_3008G131651,0.821618
TG(16:0_18:1_20:2),CTL,individual,8:55831934,8,55831934,7.155464e-11,SORBI_3008G131700,0.821108
TG(16:0_18:1_20:2),CTL,individual,8:55831934,8,55831934,7.155464e-11,SORBI_3008G131500,0.804644
TG(16:0_18:1_20:2),CTL,individual,8:55831934,8,55831934,7.155464e-11,SORBI_3008G131550,0.804348
TG(16:0_18:1_20:2),CTL,individual,8:55831934,8,55831934,7.155464e-11,SORBI_3008G131601,0.793679
TG(16:0_18:1_20:2),CTL,individual,8:55831934,8,55831934,7.155464e-11,SORBI_3008G131550,0.793476
TG(16:0_18:1_20:2),CTL,individual,8:55831934,8,55831934,7.155464e-11,SORBI_3008G131601,0.783025
TG(16:0_18:1_20:2),CTL,individual,8:55831934,8,55831934,7.155464e-11,SORBI_3008G131900,0.775945
TG(16:0_18:1_20:2),CTL,individual,8:55831934,8,55831934,7.155464e-11,SORBI_3008G131900,0.76022
TG(16:0_18:1_20:2),CTL,individual,8:55831934,8,55831934,7.155464e-11,SORBI_3008G131500,0.756487
TG(16:0_18:1_20:2),CTL,individual,8:55831934,8,55831934,7.155464e-11,SORBI_3008G131601,0.754089
TG(16:0_18:1_20:2),CTL,individual,8:55831934,8,55831934,7.155464e-11,SORBI_3008G131500,0.753272
TG(16:0_18:1_20:2),CTL,individual,8:55831934,8,55831934,7.155464e-11,SORBI_3008G131500,0.748691
TG(16:0_18:1_20:2),CTL,individual,8:55831934,8,55831934,7.155464e-11,SORBI_3008G131601,0.744267
TG(16:0_18:1_20:2),CTL,individual,8:55831934,8,55831934,7.155464e-11,SORBI_3008G131500,0.739359
TG(16:0_18:1_20:2),CTL,individual,8:55831934,8,55831934,7.155464e-11,SORBI_3008G131500,0.733928
TG(16:0_18:1_20:2),CTL,individual,8:55831934,8,55831934,7.155464e-11,SORBI_3008G131601,0.733272
TG(16:0_18:1_20:2),CTL,individual,8:55831934,8,55831934,7.155464e-11,SORBI_3008G131500,0.728575
TG(16:0_18:1_20:2),CTL,individual,8:55831934,8,55831934,7.155464e-11,SORBI_3008G132250,0.717423
TG(16:0_18:1_20:2),CTL,individual,8:55831934,8,55831934,7.155464e-11,SORBI_3008G132250,0.714439
TG(16:0_18:1_20:2),CTL,individual,8:55831934,8,55831934,7.155464e-11,SORBI_3008G131500,0.713027
TG(16:0_18:1_20:2),CTL,individual,8:55831934,8,55831934,7.155464e-11,SORBI_3008G132800,0.71237
TG(16:0_18:1_20:2),CTL,individual,8:55831934,8,55831934,7.155464e-11,SORBI_3008G131500,0.704272
TG(16:0_18:1_20:2),CTL,individual,8:55831934,8,55831934,7.155464e-11,SORBI_3008G131651,0.692232
TG(16:0_18:1_20:2),CTL,individual,8:55831934,8,55831934,7.155464e-11,SORBI_3008G132700,0.691366
TG(16:0_18:1_20:2),CTL,individual,8:55831934,8,55831934,7.155464e-11,SORBI_3008G132700,0.687978
TG(16:0_18:1_20:2),CTL,individual,8:55831934,8,55831934,7.155464e-11,SORBI_3008G131500,0.687433
TG(16:0_18:1_20:2),CTL,individual,8:55831934,8,55831934,7.155464e-11,SORBI_3008G131700,0.686545
TG(16:0_18:1_20:2),CTL,individual,8:55831934,8,55831934,7.155464e-11,SORBI_3008G132600,0.684139
TG(16:0_18:1_20:2),CTL,individual,8:55831934,8,55831934,7.155464e-11,SORBI_3008G132000,0.680841
TG(16:0_18:1_20:2),CTL,individual,8:55831934,8,55831934,7.155464e-11,SORBI_3008G131601,0.679939
TG(16:0_18:1_20:2),CTL,individual,8:55831934,8,55831934,7.155464e-11,SORBI_3008G132500,0.677656
TG(16:0_18:1_20:2),CTL,individual,8:55831934,8,55831934,7.155464e-11,SORBI_3008G132900,0.675856
TG(16:0_18:1_20:2),CTL,individual,8:55831934,8,55831934,7.155464e-11,SORBI_3008G132400,0.671209
TG(16:0_18:1_20:2),CTL,individual,8:55831934,8,55831934,7.155464e-11,SORBI_3008G132900,0.670676
TG(16:0_18:1_20:2),CTL,individual,8:55831934,8,55831934,7.155464e-11,SORBI_3008G132300,0.650477
TG(16:0_18:1_20:2),CTL,individual,8:55831934,8,55831934,7.155464e-11,SORBI_3008G132300,0.649357
TG(16:0_18:1_20:2),CTL,individual,8:55831934,8,55831934,7.155464e-11,SORBI_3008G131500,0.648216
TG(16:0_18:1_20:2),CTL,individual,8:55831934,8,55831934,7.155464e-11,SORBI_3008G132200,0.647052
TG(16:0_18:1_20:2),CTL,individual,8:55831934,8,55831934,7.155464e-11,SORBI_3008G131601,0.647051
TG(16:0_18:1_20:2),CTL,individual,8:55831934,8,55831934,7.155464e-11,SORBI_3008G131651,0.647051
TG(16:0_18:1_20:2),CTL,individual,8:55831934,8,55831934,7.155464e-11,SORBI_3008G132550,0.643748
TG(16:0_18:1_20:2),CTL,individual,8:55831934,8,55831934,7.155464e-11,SORBI_3008G132200,0.637008
TG(16:0_18:1_20:2),CTL,individual,8:55831934,8,55831934,7.155464e-11,SORBI_3008G131601,0.633086
TG(16:0_18:1_20:2),CTL,individual,8:55831934,8,55831934,7.155464e-11,SORBI_3008G131500,0.625913
TG(16:0_18:1_20:2),CTL,individual,8:55831934,8,55831934,7.155464e-11,SORBI_3008G132200,0.623986
TG(16:0_18:1_20:2),CTL,individual,8:55831934,8,55831934,7.155464e-11,SORBI_3008G132200,0.616693
TG(16:0_18:1_20:2),CTL,individual,8:55831934,8,55831934,7.155464e-11,SORBI_3008G131550,0.611768
TG(16:0_18:1_20:2),CTL,individual,8:55831934,8,55831934,7.155464e-11,SORBI_3008G131500,0.604489
TG(16:0_18:1_20:2),CTL,individual,8:55831934,8,55831934,7.155464e-11,SORBI_3008G131601,0.57659
TG(16:0_18:1_20:2),CTL,individual,8:55831934,8,55831934,7.155464e-11,SORBI_3008G131200,0.575504
TG(16:0_18:1_20:2),CTL,individual,8:55831934,8,55831934,7.155464e-11,SORBI_3008G132000,0.565864
TG(16:0_18:1_20:2),CTL,individual,8:55831934,8,55831934,7.155464e-11,SORBI_3008G131500,0.56149
TG(16:0_18:1_20:2),CTL,individual,8:55831934,8,55831934,7.155464e-11,SORBI_3008G133100,0.554278
TG(16:0_18:1_20:2),CTL,individual,8:55831934,8,55831934,7.155464e-11,SORBI_3008G133100,0.552762
TG(16:0_18:1_20:2),CTL,individual,8:55831934,8,55831934,7.155464e-11,SORBI_3008G131200,0.549895
TG(16:0_18:1_20:2),CTL,individual,8:55831934,8,55831934,7.155464e-11,SORBI_3008G132550,0.545936
TG(16:0_18:1_20:2),CTL,individual,8:55831934,8,55831934,7.155464e-11,SORBI_3008G131200,0.543652
TG(16:0_18:1_20:2),CTL,individual,8:55831934,8,55831934,7.155464e-11,SORBI_3008G132500,0.542621
TG(16:0_18:1_20:2),CTL,individual,8:55831934,8,55831934,7.155464e-11,SORBI_3008G132550,0.542621
TG(16:0_18:1_20:2),CTL,individual,8:55831934,8,55831934,7.155464e-11,SORBI_3008G132550,0.54184
TG(16:0_18:1_20:2),CTL,individual,8:55831934,8,55831934,7.155464e-11,SORBI_3008G131601,0.537227
TG(16:0_18:1_20:2),CTL,individual,8:55831934,8,55831934,7.155464e-11,SORBI_3008G132500,0.535404
TG(16:0_18:1_20:2),CTL,individual,8:55831934,8,55831934,7.155464e-11,SORBI_3008G132550,0.535404
TG(16:0_18:1_20:2),CTL,individual,8:55831934,8,55831934,7.155464e-11,SORBI_3008G132500,0.5339
TG(16:0_18:1_20:2),CTL,individual,8:55831934,8,55831934,7.155464e-11,SORBI_3008G132550,0.5339
TG(16:0_18:1_20:2),CTL,individual,8:55831934,8,55831934,7.155464e-11,SORBI_3008G132550,0.531336
TG(16:0_18:1_20:2),CTL,individual,8:55831934,8,55831934,7.155464e-11,SORBI_3008G132500,0.530901
TG(16:0_18:1_20:2),CTL,individual,8:55831934,8,55831934,7.155464e-11,SORBI_3008G132550,0.530901
TG(16:0_18:1_20:2),CTL,individual,8:55831934,8,55831934,7.155464e-11,SORBI_3008G132500,0.52837
TG(16:0_18:1_20:2),CTL,individual,8:55831934,8,55831934,7.155464e-11,SORBI_3008G131200,0.52669
TG(16:0_18:1_20:2),CTL,individual,8:55831934,8,55831934,7.155464e-11,SORBI_3008G132500,0.526675
TG(16:0_18:1_20:2),CTL,individual,8:55831934,8,55831934,7.155464e-11,SORBI_3008G132550,0.526675
TG(16:0_18:1_20:2),CTL,individual,8:55831934,8,55831934,7.155464e-11,SORBI_3008G132500,0.525414
TG(16:0_18:1_20:2),CTL,individual,8:55831934,8,55831934,7.155464e-11,SORBI_3008G132550,0.525414
TG(16:0_18:1_20:2),CTL,individual,8:55831934,8,55831934,7.155464e-11,SORBI_3008G132500,0.523664
TG(16:0_18:1_20:2),CTL,individual,8:55831934,8,55831934,7.155464e-11,SORBI_3008G132550,0.523664
TG(16:0_18:1_20:2),CTL,individual,8:55831934,8,55831934,7.155464e-11,SORBI_3008G132550,0.522519
TG(16:0_18:1_20:2),CTL,individual,8:55831934,8,55831934,7.155464e-11,SORBI_3008G132500,0.522487
TG(16:0_18:1_20:2),CTL,individual,8:55831934,8,55831934,7.155464e-11,SORBI_3008G132550,0.522487
TG(16:0_18:1_20:2),CTL,individual,8:55831934,8,55831934,7.155464e-11,SORBI_3008G132550,0.52115
TG(16:0_18:1_20:2),CTL,individual,8:55831934,8,55831934,7.155464e-11,SORBI_3008G132550,0.521017
TG(16:0_18:1_20:2),CTL,individual,8:55831934,8,55831934,7.155464e-11,SORBI_3008G132550,0.519464
TG(16:0_18:1_20:2),CTL,individual,8:55831934,8,55831934,7.155464e-11,SORBI_3008G131300,0.519377
TG(16:0_18:1_20:2),CTL,individual,8:55831934,8,55831934,7.155464e-11,SORBI_3008G132500,0.518183
TG(16:0_18:1_20:2),CTL,individual,8:55831934,8,55831934,7.155464e-11,SORBI_3008G132550,0.518183
TG(16:0_18:1_20:2),CTL,individual,8:55831934,8,55831934,7.155464e-11,SORBI_3008G132550,0.517006
TG(16:0_18:1_20:2),CTL,individual,8:55831934,8,55831934,7.155464e-11,SORBI_3008G132550,0.516441
TG(16:0_18:1_20:2),CTL,individual,8:55831934,8,55831934,7.155464e-11,SORBI_3008G132550,0.515299
TG(16:0_18:1_20:2),CTL,individual,8:55831934,8,55831934,7.155464e-11,SORBI_3008G132200,0.514761
TG(16:0_18:1_20:2),CTL,individual,8:55831934,8,55831934,7.155464e-11,SORBI_3008G132550,0.513945
TG(16:0_18:1_20:2),CTL,individual,8:55831934,8,55831934,7.155464e-11,SORBI_3008G132200,0.512414
TG(16:0_18:1_20:2),CTL,individual,8:55831934,8,55831934,7.155464e-11,SORBI_3008G132550,0.510967
TG(16:0_18:1_20:2),CTL,individual,8:55831934,8,55831934,7.155464e-11,SORBI_3008G131601,0.509277
TG(16:0_18:1_20:2),CTL,individual,8:55831934,8,55831934,7.155464e-11,SORBI_3008G132200,0.505573
TG(16:0_18:1_20:2),CTL,individual,8:55831934,8,55831934,7.155464e-11,SORBI_3008G132550,0.504244
TG(16:0_18:1_20:2),CTL,individual,8:55831934,8,55831934,7.155464e-11,SORBI_3008G132550,0.503555
TG(16:0_18:1_20:2),CTL,individual,8:55831934,8,55831934,7.155464e-11,SORBI_3008G132550,0.503099
TG(16:0_18:1_20:2),CTL,individual,8:55831934,8,55831934,7.155464e-11,SORBI_3008G132550,0.502176
TG(16:0_18:1_20:2),CTL,individual,8:55831934,8,55831934,7.155464e-11,SORBI_3008G132550,0.502029
TG(16:0_18:1_20:2),CTL,individual,8:55831934,8,55831934,7.155464e-11,SORBI_3008G132500,0.499824
TG(16:0_18:1_20:2),CTL,individual,8:55831934,8,55831934,7.155464e-11,SORBI_3008G132550,0.497875
TG(16:0_18:1_20:2),CTL,individual,8:55831934,8,55831934,7.155464e-11,SORBI_3008G132550,0.497474
TG(16:0_18:1_20:2),CTL,individual,8:55831934,8,55831934,7.155464e-11,SORBI_3008G132550,0.496976
TG(16:0_18:1_20:2),CTL,individual,8:55831934,8,55831934,7.155464e-11,SORBI_3008G132700,0.496305
TG(16:0_18:1_20:2),CTL,individual,8:55831934,8,55831934,7.155464e-11,SORBI_3008G132550,0.49624
TG(16:0_18:1_20:2),CTL,individual,8:55831934,8,55831934,7.155464e-11,SORBI_3008G132550,0.494216
TG(16:0_18:1_20:2),CTL,individual,8:55831934,8,55831934,7.155464e-11,SORBI_3008G132550,0.490785
TG(16:0_18:1_20:2),CTL,individual,8:55831934,8,55831934,7.155464e-11,SORBI_3008G132550,0.490666
TG(16:0_18:1_20:2),CTL,individual,8:55831934,8,55831934,7.155464e-11,SORBI_3008G133100,0.490446
TG(16:0_18:1_20:2),CTL,individual,8:55831934,8,55831934,7.155464e-11,SORBI_3008G132550,0.489752
TG(16:0_18:1_20:2),CTL,individual,8:55831934,8,55831934,7.155464e-11,SORBI_3008G132550,0.488306
TG(16:0_18:1_20:2),CTL,individual,8:55831934,8,55831934,7.155464e-11,SORBI_3008G132550,0.484637
TG(16:0_18:1_20:2),CTL,individual,8:55831934,8,55831934,7.155464e-11,SORBI_3008G132550,0.483475
TG(16:0_18:1_20:2),CTL,individual,8:55831934,8,55831934,7.155464e-11,SORBI_3008G132550,0.481052
TG(16:0_18:1_20:2),CTL,individual,8:55831934,8,55831934,7.155464e-11,SORBI_3008G132600,0.464004
TG(16:0_18:1_20:2),CTL,individual,8:55831934,8,55831934,7.155464e-11,SORBI_3008G131200,0.458088
TG(16:0_18:1_20:2),CTL,individual,8:55831934,8,55831934,7.155464e-11,SORBI_3008G131200,0.450351
TG(16:0_18:1_20:2),CTL,individual,8:55831934,8,55831934,7.155464e-11,SORBI_3008G133100,0.449243
TG(16:0_18:1_20:2),CTL,individual,8:55831934,8,55831934,7.155464e-11,SORBI_3008G133200,0.449243
TG(16:0_18:1_20:2),CTL,individual,8:55831934,8,55831934,7.155464e-11,SORBI_3008G131200,0.445229
TG(16:0_18:1_20:2),CTL,individual,8:55831934,8,55831934,7.155464e-11,SORBI_3008G133100,0.443318
TG(16:0_18:1_20:2),CTL,individual,8:55831934,8,55831934,7.155464e-11,SORBI_3008G131400,0.440433
TG(16:0_18:1_20:2),CTL,individual,8:55831934,8,55831934,7.155464e-11,SORBI_3008G131200,0.434719
TG(16:0_18:1_20:2),CTL,individual,8:55831934,8,55831934,7.155464e-11,SORBI_3008G133100,0.434696
TG(16:0_18:1_20:2),CTL,individual,8:55831934,8,55831934,7.155464e-11,SORBI_3008G133000,0.431486
TG(16:0_18:1_20:2),CTL,individual,8:55831934,8,55831934,7.155464e-11,SORBI_3008G133100,0.412215
TG(16:0_18:1_20:2),CTL,individual,8:55831934,8,55831934,7.155464e-11,SORBI_3008G132700,0.405807
TG(16:0_18:1_20:2),CTL,individual,5:15953083,5,15953083,2.027495e-10,SORBI_3005G098250,0.844771
TG(16:0_18:1_20:2),CTL,individual,5:15953083,5,15953083,2.027495e-10,SORBI_3005G098250,0.794938
TG(16:0_18:1_20:2),CTL,individual,5:15953083,5,15953083,2.027495e-10,SORBI_3005G098250,0.776841
TG(16:0_18:1_20:2),CTL,individual,5:15953083,5,15953083,2.027495e-10,SORBI_3005G098250,0.76463
TG(16:0_18:1_20:2),CTL,individual,5:15953083,5,15953083,2.027495e-10,SORBI_3005G098250,0.763435
TG(16:0_18:1_20:2),CTL,individual,5:15953083,5,15953083,2.027495e-10,SORBI_3005G098250,0.720965
TG(16:0_18:1_20:2),CTL,individual,5:15953083,5,15953083,2.027495e-10,SORBI_3005G098250,0.573247
TG(16:0_18:1_20:2),CTL,individual,5:15953083,5,15953083,2.027495e-10,SORBI_3005G098900,0.512614
TG(16:0_18:1_20:2),CTL,individual,5:15953083,5,15953083,2.027495e-10,SORBI_3005G098100,0.402954
TG(16:0_18:1_20:2),CTL,individual,5:62181351,5,62181351,3.24555e-10,SORBI_3005G152250,0.474779
TG(16:0_18:1_20:2),CTL,individual,5:62181351,5,62181351,3.24555e-10,SORBI_3005G152200,0.402034
TG(16:0_18:1_20:2),CTL,individual,5:62181069,5,62181069,3.721423e-10,SORBI_3005G152200,0.415862
TG(16:0_18:1_20:2),CTL,individual,5:11830284,5,11830284,4.219332e-10,SORBI_3005G086650,0.645278
TG(16:0_18:1_20:2),CTL,individual,6:36770981,6,36770981,4.702876e-10,SORBI_3006G050050,0.932892
TG(16:0_18:1_20:2),CTL,individual,6:36770981,6,36770981,4.702876e-10,SORBI_3006G050050,0.929987
TG(16:0_18:1_20:2),CTL,individual,6:36770981,6,36770981,4.702876e-10,SORBI_3006G049900,0.924783
TG(16:0_18:1_20:2),CTL,individual,6:36770981,6,36770981,4.702876e-10,SORBI_3006G049700,0.920518
TG(16:0_18:1_20:2),CTL,individual,6:36770981,6,36770981,4.702876e-10,SORBI_3006G049700,0.903774
TG(16:0_18:1_20:2),CTL,individual,6:36770981,6,36770981,4.702876e-10,SORBI_3006G050050,0.822524
TG(16:0_18:1_20:2),CTL,individual,6:36770981,6,36770981,4.702876e-10,SORBI_3006G050000,0.475508
TG(16:0_18:1_20:2),CTL,individual,6:36770981,6,36770981,4.702876e-10,SORBI_3006G050050,0.417418
TG(16:0_18:1_20:2),CTL,individual,5:62181083,5,62181083,5.653512e-10,SORBI_3005G152200,0.408983
TG(16:0_18:1_20:2),CTL,individual,5:62181126,5,62181126,5.87198e-10,SORBI_3005G152250,0.427322
TG(16:0_18:1_20:2),CTL,individual,5:62181126,5,62181126,5.87198e-10,SORBI_3005G152200,0.408983
TG(16:0_18:1_20:2),CTL,individual,4:34510866,4,34510866,5.927103e-10,SORBI_3004G136100,0.900561
TG(16:0_18:1_20:2),CTL,individual,4:34510866,4,34510866,5.927103e-10,SORBI_3004G136300,0.89158
TG(16:0_18:1_20:2),CTL,individual,4:34510866,4,34510866,5.927103e-10,SORBI_3004G136300,0.888628
TG(16:0_18:1_20:2),CTL,individual,4:34510866,4,34510866,5.927103e-10,SORBI_3004G136300,0.888536
TG(16:0_18:1_20:2),CTL,individual,4:34510866,4,34510866,5.927103e-10,SORBI_3004G136100,0.888502
TG(16:0_18:1_20:2),CTL,individual,4:34510866,4,34510866,5.927103e-10,SORBI_3004G136200,0.888171
TG(16:0_18:1_20:2),CTL,individual,4:34510866,4,34510866,5.927103e-10,SORBI_3004G136300,0.888171
TG(16:0_18:1_20:2),CTL,individual,4:34510866,4,34510866,5.927103e-10,SORBI_3004G136300,0.887214
TG(16:0_18:1_20:2),CTL,individual,4:34510866,4,34510866,5.927103e-10,SORBI_3004G136300,0.885697
TG(16:0_18:1_20:2),CTL,individual,4:34510866,4,34510866,5.927103e-10,SORBI_3004G136300,0.885197
TG(16:0_18:1_20:2),CTL,individual,4:34510866,4,34510866,5.927103e-10,SORBI_3004G136300,0.882693
TG(16:0_18:1_20:2),CTL,individual,4:34510866,4,34510866,5.927103e-10,SORBI_3004G136300,0.882245
TG(16:0_18:1_20:2),CTL,individual,4:34510866,4,34510866,5.927103e-10,SORBI_3004G136300,0.881724
TG(16:0_18:1_20:2),CTL,individual,4:34510866,4,34510866,5.927103e-10,SORBI_3004G136300,0.88169
TG(16:0_18:1_20:2),CTL,individual,4:34510866,4,34510866,5.927103e-10,SORBI_3004G136300,0.880898
TG(16:0_18:1_20:2),CTL,individual,4:34510866,4,34510866,5.927103e-10,SORBI_3004G136300,0.879902
TG(16:0_18:1_20:2),CTL,individual,4:34510866,4,34510866,5.927103e-10,SORBI_3004G136300,0.879314
TG(16:0_18:1_20:2),CTL,individual,4:34510866,4,34510866,5.927103e-10,SORBI_3004G136300,0.879274
TG(16:0_18:1_20:2),CTL,individual,4:34510866,4,34510866,5.927103e-10,SORBI_3004G136300,0.879215
TG(16:0_18:1_20:2),CTL,individual,4:34510866,4,34510866,5.927103e-10,SORBI_3004G136300,0.878871
TG(16:0_18:1_20:2),CTL,individual,4:34510866,4,34510866,5.927103e-10,SORBI_3004G136300,0.878751
TG(16:0_18:1_20:2),CTL,individual,4:34510866,4,34510866,5.927103e-10,SORBI_3004G136300,0.878714
TG(16:0_18:1_20:2),CTL,individual,4:34510866,4,34510866,5.927103e-10,SORBI_3004G136300,0.87665
TG(16:0_18:1_20:2),CTL,individual,4:34510866,4,34510866,5.927103e-10,SORBI_3004G136200,0.876405
TG(16:0_18:1_20:2),CTL,individual,4:34510866,4,34510866,5.927103e-10,SORBI_3004G136300,0.876405
TG(16:0_18:1_20:2),CTL,individual,4:34510866,4,34510866,5.927103e-10,SORBI_3004G136300,0.8757
TG(16:0_18:1_20:2),CTL,individual,4:34510866,4,34510866,5.927103e-10,SORBI_3004G136300,0.875299
TG(16:0_18:1_20:2),CTL,individual,4:34510866,4,34510866,5.927103e-10,SORBI_3004G136200,0.873518
TG(16:0_18:1_20:2),CTL,individual,4:34510866,4,34510866,5.927103e-10,SORBI_3004G136300,0.8732
TG(16:0_18:1_20:2),CTL,individual,4:34510866,4,34510866,5.927103e-10,SORBI_3004G136300,0.872381
TG(16:0_18:1_20:2),CTL,individual,4:34510866,4,34510866,5.927103e-10,SORBI_3004G136300,0.865033
TG(16:0_18:1_20:2),CTL,individual,4:34510866,4,34510866,5.927103e-10,SORBI_3004G136300,0.863656
TG(16:0_18:1_20:2),CTL,individual,4:34510866,4,34510866,5.927103e-10,SORBI_3004G136300,0.858606
TG(16:0_18:1_20:2),CTL,individual,4:34510866,4,34510866,5.927103e-10,SORBI_3004G136300,0.857787
TG(16:0_18:1_20:2),CTL,individual,4:34510866,4,34510866,5.927103e-10,SORBI_3004G136300,0.854948
TG(16:0_18:1_20:2),CTL,individual,4:34510866,4,34510866,5.927103e-10,SORBI_3004G136300,0.850849
TG(16:0_18:1_20:2),CTL,individual,4:34510866,4,34510866,5.927103e-10,SORBI_3004G136300,0.849706
TG(16:0_18:1_20:2),CTL,individual,4:34510866,4,34510866,5.927103e-10,SORBI_3004G136300,0.849496
TG(16:0_18:1_20:2),CTL,individual,4:34510866,4,34510866,5.927103e-10,SORBI_3004G136300,0.844902
TG(16:0_18:1_20:2),CTL,individual,4:34510866,4,34510866,5.927103e-10,SORBI_3004G136300,0.841488
TG(16:0_18:1_20:2),CTL,individual,4:34510866,4,34510866,5.927103e-10,SORBI_3004G136300,0.833192
TG(16:0_18:1_20:2),CTL,individual,4:34510866,4,34510866,5.927103e-10,SORBI_3004G136300,0.832149
TG(16:0_18:1_20:2),CTL,individual,4:34510866,4,34510866,5.927103e-10,SORBI_3004G136200,0.831986
TG(16:0_18:1_20:2),CTL,individual,4:34510866,4,34510866,5.927103e-10,SORBI_3004G136300,0.831674
TG(16:0_18:1_20:2),CTL,individual,4:34510866,4,34510866,5.927103e-10,SORBI_3004G136300,0.8275
TG(16:0_18:1_20:2),CTL,individual,4:34510866,4,34510866,5.927103e-10,SORBI_3004G136300,0.826843
TG(16:0_18:1_20:2),CTL,individual,4:34510866,4,34510866,5.927103e-10,SORBI_3004G136300,0.82669
TG(16:0_18:1_20:2),CTL,individual,4:34510866,4,34510866,5.927103e-10,SORBI_3004G136300,0.826516
TG(16:0_18:1_20:2),CTL,individual,4:34510866,4,34510866,5.927103e-10,SORBI_3004G136300,0.825085
TG(16:0_18:1_20:2),CTL,individual,4:34510866,4,34510866,5.927103e-10,SORBI_3004G136300,0.820008
TG(16:0_18:1_20:2),CTL,individual,4:34510866,4,34510866,5.927103e-10,SORBI_3004G136300,0.816109
TG(16:0_18:1_20:2),CTL,individual,4:34510866,4,34510866,5.927103e-10,SORBI_3004G136200,0.809762
TG(16:0_18:1_20:2),CTL,individual,4:34510866,4,34510866,5.927103e-10,SORBI_3004G136300,0.809351
TG(16:0_18:1_20:2),CTL,individual,4:34510866,4,34510866,5.927103e-10,SORBI_3004G136300,0.809247
TG(16:0_18:1_20:2),CTL,individual,4:34510866,4,34510866,5.927103e-10,SORBI_3004G136300,0.805712
TG(16:0_18:1_20:2),CTL,individual,4:34510866,4,34510866,5.927103e-10,SORBI_3004G136300,0.797298
TG(16:0_18:1_20:2),CTL,individual,4:34510866,4,34510866,5.927103e-10,SORBI_3004G136200,0.79708
TG(16:0_18:1_20:2),CTL,individual,4:34510866,4,34510866,5.927103e-10,SORBI_3004G136300,0.796367
TG(16:0_18:1_20:2),CTL,individual,4:34510866,4,34510866,5.927103e-10,SORBI_3004G136300,0.7914
TG(16:0_18:1_20:2),CTL,individual,4:34510866,4,34510866,5.927103e-10,SORBI_3004G136300,0.789678
TG(16:0_18:1_20:2),CTL,individual,4:34510866,4,34510866,5.927103e-10,SORBI_3004G136200,0.789449
TG(16:0_18:1_20:2),CTL,individual,4:34510866,4,34510866,5.927103e-10,SORBI_3004G136300,0.789449
TG(16:0_18:1_20:2),CTL,individual,4:34510866,4,34510866,5.927103e-10,SORBI_3004G136300,0.788603
TG(16:0_18:1_20:2),CTL,individual,4:34510866,4,34510866,5.927103e-10,SORBI_3004G136300,0.784717
TG(16:0_18:1_20:2),CTL,individual,4:34510866,4,34510866,5.927103e-10,SORBI_3004G136300,0.783074
TG(16:0_18:1_20:2),CTL,individual,4:34510866,4,34510866,5.927103e-10,SORBI_3004G136300,0.775032
TG(16:0_18:1_20:2),CTL,individual,4:34510866,4,34510866,5.927103e-10,SORBI_3004G136300,0.769194
TG(16:0_18:1_20:2),CTL,individual,4:34510866,4,34510866,5.927103e-10,SORBI_3004G136300,0.76508
TG(16:0_18:1_20:2),CTL,individual,4:34510866,4,34510866,5.927103e-10,SORBI_3004G136300,0.761561
TG(16:0_18:1_20:2),CTL,individual,4:34510866,4,34510866,5.927103e-10,SORBI_3004G136300,0.746627
TG(16:0_18:1_20:2),CTL,individual,4:34510866,4,34510866,5.927103e-10,SORBI_3004G136300,0.711529
TG(16:0_18:1_20:2),CTL,individual,4:34510866,4,34510866,5.927103e-10,SORBI_3004G136300,0.70453
TG(16:0_18:1_20:2),CTL,individual,4:34510866,4,34510866,5.927103e-10,SORBI_3004G136200,0.664926
TG(16:0_18:1_20:2),CTL,individual,4:34510866,4,34510866,5.927103e-10,SORBI_3004G136300,0.548917
TG(16:0_18:1_20:2),CTL,individual,4:34510866,4,34510866,5.927103e-10,SORBI_3004G136300,0.525695
TG(16:0_18:1_20:2),CTL,individual,4:34510866,4,34510866,5.927103e-10,SORBI_3004G136300,0.443232
TG(16:0_18:1_20:2),CTL,individual,4:34510866,4,34510866,5.927103e-10,SORBI_3004G136300,0.442552
TG(16:0_18:1_20:2),CTL,individual,7:47318738,7,47318738,6.143092e-10,SORBI_3007G114000,0.732875
TG(16:0_18:1_20:2),CTL,individual,7:47318738,7,47318738,6.143092e-10,SORBI_3007G114000,0.684871
TG(16:0_18:1_20:2),CTL,individual,1:50641490,1,50641490,6.203238e-10,SORBI_3001G266200,0.800802
TG(16:0_18:1_20:2),CTL,individual,1:50641490,1,50641490,6.203238e-10,SORBI_3001G266100,0.632102
TG(16:0_18:1_20:2),CTL,individual,1:50641490,1,50641490,6.203238e-10,SORBI_3001G266200,0.621922
TG(16:0_18:1_20:2),CTL,individual,1:50641490,1,50641490,6.203238e-10,SORBI_3001G267000,0.621893
TG(16:0_18:1_20:2),CTL,individual,1:50641490,1,50641490,6.203238e-10,SORBI_3001G266500,0.534031
TG(16:0_18:1_20:2),CTL,individual,1:50641490,1,50641490,6.203238e-10,SORBI_3001G266700,0.52924
TG(16:0_18:1_20:2),CTL,individual,1:50641490,1,50641490,6.203238e-10,SORBI_3001G267000,0.523843
TG(16:0_18:1_20:2),CTL,individual,1:50641490,1,50641490,6.203238e-10,SORBI_3001G267000,0.503517
TG(16:0_18:1_20:2),CTL,individual,1:50641490,1,50641490,6.203238e-10,SORBI_3001G267000,0.502847
TG(16:0_18:1_20:2),CTL,individual,1:50641490,1,50641490,6.203238e-10,SORBI_3001G267000,0.502618
TG(16:0_18:1_20:2),CTL,individual,1:50641490,1,50641490,6.203238e-10,SORBI_3001G266400,0.473042
TG(16:0_18:1_20:2),CTL,individual,1:50641490,1,50641490,6.203238e-10,SORBI_3001G267000,0.45773
TG(16:0_18:1_20:2),CTL,individual,1:50641490,1,50641490,6.203238e-10,SORBI_3001G267000,0.45748
TG(16:0_18:1_20:2),CTL,individual,1:50641490,1,50641490,6.203238e-10,SORBI_3001G267000,0.457228
TG(16:0_18:1_20:2),CTL,individual,1:50641490,1,50641490,6.203238e-10,SORBI_3001G267000,0.456713
TG(16:0_18:1_20:2),CTL,individual,1:50641490,1,50641490,6.203238e-10,SORBI_3001G267000,0.438579
TG(16:0_18:1_20:2),CTL,individual,1:50641490,1,50641490,6.203238e-10,SORBI_3001G267000,0.438322
TG(16:0_18:1_20:2),CTL,individual,1:50641490,1,50641490,6.203238e-10,SORBI_3001G267000,0.437796
TG(16:0_18:1_20:2),CTL,individual,1:50641490,1,50641490,6.203238e-10,SORBI_3001G266700,0.428326
TG(16:0_18:1_20:2),CTL,individual,1:50641490,1,50641490,6.203238e-10,SORBI_3001G267000,0.422977
TG(16:0_18:1_20:2),CTL,individual,1:50641490,1,50641490,6.203238e-10,SORBI_3001G267000,0.4185
TG(16:0_18:1_20:2),CTL,individual,1:50641490,1,50641490,6.203238e-10,SORBI_3001G267000,0.417949
TG(16:0_18:1_20:2),CTL,individual,1:50641490,1,50641490,6.203238e-10,SORBI_3001G267000,0.417383
TG(16:0_18:1_20:2),CTL,individual,7:44032615,7,44032615,7.48109e-10,SORBI_3007G112900,0.620446
TG(16:0_18:1_20:2),CTL,individual,7:44032615,7,44032615,7.48109e-10,SORBI_3007G113200,0.619789
TG(16:0_18:1_20:2),CTL,individual,7:44032615,7,44032615,7.48109e-10,SORBI_3007G112900,0.615761
TG(16:0_18:1_20:2),CTL,individual,7:44032615,7,44032615,7.48109e-10,SORBI_3007G113101,0.587042
TG(16:0_18:1_20:2),CTL,individual,7:44032615,7,44032615,7.48109e-10,SORBI_3007G113101,0.568744
TG(16:0_18:1_20:2),CTL,individual,8:49914919,8,49914919,7.628618e-10,SORBI_3008G105600,0.810788
TG(16:0_18:1_20:2),CTL,individual,8:49914919,8,49914919,7.628618e-10,SORBI_3008G105600,0.79093
TG(16:0_18:1_20:2),CTL,individual,8:49914919,8,49914919,7.628618e-10,SORBI_3008G105600,0.784422
TG(16:0_18:1_20:2),CTL,individual,8:49914919,8,49914919,7.628618e-10,SORBI_3008G105800,0.781862
TG(16:0_18:1_20:2),CTL,individual,8:49914919,8,49914919,7.628618e-10,SORBI_3008G105600,0.764196
TG(16:0_18:1_20:2),CTL,individual,8:49914919,8,49914919,7.628618e-10,SORBI_3008G105850,0.75762
TG(16:0_18:1_20:2),CTL,individual,8:49914919,8,49914919,7.628618e-10,SORBI_3008G105900,0.75762
TG(16:0_18:1_20:2),CTL,individual,8:49914919,8,49914919,7.628618e-10,SORBI_3008G105900,0.752829
TG(16:0_18:1_20:2),CTL,individual,8:49914919,8,49914919,7.628618e-10,SORBI_3008G105800,0.721551
TG(16:0_18:1_20:2),CTL,individual,8:49914919,8,49914919,7.628618e-10,SORBI_3008G105850,0.705692
TG(16:0_18:1_20:2),CTL,individual,8:49914919,8,49914919,7.628618e-10,SORBI_3008G105900,0.705692
TG(16:0_18:1_20:2),CTL,individual,8:49914919,8,49914919,7.628618e-10,SORBI_3008G105500,0.623886
TG(16:0_18:1_20:2),CTL,individual,8:49914919,8,49914919,7.628618e-10,SORBI_3008G105900,0.595739
TG(16:0_18:1_20:2),CTL,individual,8:49914919,8,49914919,7.628618e-10,SORBI_3008G105900,0.5956
TG(16:0_18:1_20:2),CTL,individual,8:49914919,8,49914919,7.628618e-10,SORBI_3008G106200,0.574067
TG(16:0_18:1_20:2),CTL,individual,8:49914919,8,49914919,7.628618e-10,SORBI_3008G106200,0.571627
TG(16:0_18:1_20:2),CTL,individual,8:49914919,8,49914919,7.628618e-10,SORBI_3008G106200,0.537627
TG(16:0_18:1_20:2),CTL,individual,8:49914919,8,49914919,7.628618e-10,SORBI_3008G106200,0.535504
TG(16:0_18:1_20:2),CTL,individual,8:49914919,8,49914919,7.628618e-10,SORBI_3008G105900,0.530974
TG(16:0_18:1_20:2),CTL,individual,8:49914919,8,49914919,7.628618e-10,SORBI_3008G106200,0.527612
TG(16:0_18:1_20:2),CTL,individual,8:49914919,8,49914919,7.628618e-10,SORBI_3008G106301,0.52555
TG(16:0_18:1_20:2),CTL,individual,8:49914919,8,49914919,7.628618e-10,SORBI_3008G105900,0.521782
TG(16:0_18:1_20:2),CTL,individual,8:49914919,8,49914919,7.628618e-10,SORBI_3008G105900,0.514461
TG(16:0_18:1_20:2),CTL,individual,8:49914919,8,49914919,7.628618e-10,SORBI_3008G106500,0.509941
TG(16:0_18:1_20:2),CTL,individual,8:49914919,8,49914919,7.628618e-10,SORBI_3008G106550,0.509941
TG(16:0_18:1_20:2),CTL,individual,8:49914919,8,49914919,7.628618e-10,SORBI_3008G106550,0.506981
TG(16:0_18:1_20:2),CTL,individual,8:49914919,8,49914919,7.628618e-10,SORBI_3008G106550,0.501825
TG(16:0_18:1_20:2),CTL,individual,8:49914919,8,49914919,7.628618e-10,SORBI_3008G106500,0.484497
TG(16:0_18:1_20:2),CTL,individual,8:49914919,8,49914919,7.628618e-10,SORBI_3008G106500,0.478648
TG(16:0_18:1_20:2),CTL,individual,8:49914919,8,49914919,7.628618e-10,SORBI_3008G105900,0.473379
TG(16:0_18:1_20:2),CTL,individual,8:49914919,8,49914919,7.628618e-10,SORBI_3008G106200,0.454936
TG(16:0_18:1_20:2),CTL,individual,8:49914919,8,49914919,7.628618e-10,SORBI_3008G105900,0.451852
TG(16:0_18:1_20:2),CTL,individual,8:49914919,8,49914919,7.628618e-10,SORBI_3008G105900,0.45181
TG(16:0_18:1_20:2),CTL,individual,8:49914919,8,49914919,7.628618e-10,SORBI_3008G105500,0.448134
TG(16:0_18:1_20:2),CTL,individual,8:49914919,8,49914919,7.628618e-10,SORBI_3008G105900,0.445505
TG(16:0_18:1_20:2),CTL,individual,8:49914919,8,49914919,7.628618e-10,SORBI_3008G105900,0.445328
TG(16:0_18:1_20:2),CTL,individual,8:49914919,8,49914919,7.628618e-10,SORBI_3008G105900,0.440631
TG(16:0_18:1_20:2),CTL,individual,8:49914919,8,49914919,7.628618e-10,SORBI_3008G105900,0.437419
TG(16:0_18:1_20:2),CTL,individual,8:49914919,8,49914919,7.628618e-10,SORBI_3008G105900,0.437217
TG(16:0_18:1_20:2),CTL,individual,8:49914919,8,49914919,7.628618e-10,SORBI_3008G105900,0.434304
TG(16:0_18:1_20:2),CTL,individual,8:49914919,8,49914919,7.628618e-10,SORBI_3008G105900,0.432845
TG(16:0_18:1_20:2),CTL,individual,8:49914919,8,49914919,7.628618e-10,SORBI_3008G105900,0.43034
TG(16:0_18:1_20:2),CTL,individual,8:49914919,8,49914919,7.628618e-10,SORBI_3008G105900,0.427951
TG(16:0_18:1_20:2),CTL,individual,8:49914919,8,49914919,7.628618e-10,SORBI_3008G105900,0.422524
TG(16:0_18:1_20:2),CTL,individual,8:49914919,8,49914919,7.628618e-10,SORBI_3008G105500,0.418863
TG(16:0_18:1_20:2),CTL,individual,8:49914919,8,49914919,7.628618e-10,SORBI_3008G105900,0.408775
TG(16:0_18:1_20:2),CTL,individual,8:49914919,8,49914919,7.628618e-10,SORBI_3008G105900,0.408314
TG(16:0_18:1_20:2),CTL,individual,8:49914919,8,49914919,7.628618e-10,SORBI_3008G105900,0.407715
TG(16:0_18:1_20:2),CTL,individual,8:49914919,8,49914919,7.628618e-10,SORBI_3008G105900,0.405406
TG(16:0_18:1_20:2),CTL,individual,6:36376888,6,36376888,7.859092e-10,SORBI_3006G049666,0.932151
TG(16:0_18:1_20:2),CTL,individual,5:15953105,5,15953105,8.807549e-10,SORBI_3005G098250,0.796662
TG(16:0_18:1_20:2),CTL,individual,5:15953105,5,15953105,8.807549e-10,SORBI_3005G098250,0.778974
TG(16:0_18:1_20:2),CTL,individual,5:15953105,5,15953105,8.807549e-10,SORBI_3005G098250,0.732232
TG(16:0_18:1_20:2),CTL,individual,5:15953105,5,15953105,8.807549e-10,SORBI_3005G098250,0.692147
TG(16:0_18:1_20:2),CTL,individual,5:15953105,5,15953105,8.807549e-10,SORBI_3005G098250,0.690032
TG(16:0_18:1_20:2),CTL,individual,5:15953105,5,15953105,8.807549e-10,SORBI_3005G098250,0.684414
TG(16:0_18:1_20:2),CTL,individual,5:15953105,5,15953105,8.807549e-10,SORBI_3005G098250,0.517346
TG(16:0_18:1_20:2),CTL,individual,5:15953105,5,15953105,8.807549e-10,SORBI_3005G098900,0.478823
TG(16:0_18:1_20:2),CTL,individual,4:52766179,4,52766179,1.026088e-09,SORBI_3004G175400,1
TG(16:0_18:1_20:2),CTL,individual,4:52766179,4,52766179,1.026088e-09,SORBI_3004G175400,1
TG(16:0_18:1_20:2),CTL,individual,4:52766179,4,52766179,1.026088e-09,SORBI_3004G175300,0.919091
TG(16:0_18:1_20:2),CTL,individual,4:52766179,4,52766179,1.026088e-09,SORBI_3004G175500,0.919091
TG(16:0_18:1_20:2),CTL,individual,4:52766179,4,52766179,1.026088e-09,SORBI_3004G175300,0.889832
TG(16:0_18:1_20:2),CTL,individual,4:52766179,4,52766179,1.026088e-09,SORBI_3004G175500,0.889832
TG(16:0_18:1_20:2),CTL,individual,4:52766179,4,52766179,1.026088e-09,SORBI_3004G175800,0.552185
TG(16:0_18:1_20:2),CTL,individual,4:52766179,4,52766179,1.026088e-09,SORBI_3004G175600,0.496548
TG(16:0_18:1_20:2),CTL,individual,4:52766179,4,52766179,1.026088e-09,SORBI_3004G175700,0.481587
TG(16:0_18:1_20:2),CTL,individual,4:52766179,4,52766179,1.026088e-09,SORBI_3004G175600,0.477381
TG(16:0_18:1_20:2),CTL,individual,4:52766179,4,52766179,1.026088e-09,SORBI_3004G176200,0.473113
TG(16:0_18:1_20:2),CTL,individual,4:52766179,4,52766179,1.026088e-09,SORBI_3004G176200,0.469352
TG(16:0_18:1_20:2),CTL,individual,4:52766179,4,52766179,1.026088e-09,SORBI_3004G175800,0.454713
TG(16:0_18:1_20:2),CTL,individual,4:52766179,4,52766179,1.026088e-09,SORBI_3004G175400,0.436639
TG(16:0_18:1_20:2),CTL,individual,4:52766179,4,52766179,1.026088e-09,SORBI_3004G176000,0.427998
TG(16:0_18:1_20:2),CTL,individual,4:52766179,4,52766179,1.026088e-09,SORBI_3004G175800,0.423889
TG(16:0_18:1_20:2),CTL,individual,4:52766179,4,52766179,1.026088e-09,SORBI_3004G176000,0.417271
TG(16:0_18:1_20:2),CTL,individual,4:52766179,4,52766179,1.026088e-09,SORBI_3004G174900,0.409651
TG(16:0_18:1_20:2),CTL,individual,4:52766179,4,52766179,1.026088e-09,SORBI_3004G176000,0.402348
TG(16:0_18:1_20:2),CTL,individual,4:52766179,4,52766179,1.026088e-09,SORBI_3004G176200,0.402348
TG(16:0_18:1_20:2),CTL,individual,6:25299762,6,25299762,1.102783e-09,SORBI_3006G040500,0.418403
TG(16:0_18:1_20:2),CTL,individual,6:25299762,6,25299762,1.102783e-09,SORBI_3006G040500,0.416121
TG(16:0_18:1_20:2),CTL,individual,6:25299762,6,25299762,1.102783e-09,SORBI_3006G040500,0.404217
TG(16:0_18:1_20:2),CTL,individual,6:25299762,6,25299762,1.102783e-09,SORBI_3006G040500,0.402824
TG(16:0_18:1_20:2),CTL,individual,6:25299762,6,25299762,1.102783e-09,SORBI_3006G040500,0.402499
TG(16:0_18:1_20:2),CTL,individual,6:25299762,6,25299762,1.102783e-09,SORBI_3006G040500,0.401968
TG(16:0_18:1_20:2),CTL,individual,5:62181283,5,62181283,1.124776e-09,SORBI_3005G152250,0.40393
TG(16:0_18:1_20:2),CTL,individual,2:72508884,2,72508884,1.189612e-09,SORBI_3002G364301,1
TG(16:0_18:1_20:2),CTL,individual,2:72508884,2,72508884,1.189612e-09,SORBI_3002G364301,1
TG(16:0_18:1_20:2),CTL,individual,7:42553502,7,42553502,1.252119e-09,SORBI_3007G112200,0.54403
TG(16:0_18:1_20:2),CTL,individual,7:42553502,7,42553502,1.252119e-09,SORBI_3007G112200,0.536156
TG(16:0_18:1_20:2),CTL,individual,7:42553502,7,42553502,1.252119e-09,SORBI_3007G111800,0.531733
TG(16:0_18:1_20:2),CTL,individual,7:42553502,7,42553502,1.252119e-09,SORBI_3007G112100,0.531733
TG(16:0_18:1_20:2),CTL,individual,7:42553502,7,42553502,1.252119e-09,SORBI_3007G112200,0.531733
TG(16:0_18:1_20:2),CTL,individual,7:42553502,7,42553502,1.252119e-09,SORBI_3007G112000,0.527372
TG(16:0_18:1_20:2),CTL,individual,7:42553502,7,42553502,1.252119e-09,SORBI_3007G111901,0.525887
TG(16:0_18:1_20:2),CTL,individual,7:42553502,7,42553502,1.252119e-09,SORBI_3007G111800,0.525539
TG(16:0_18:1_20:2),CTL,individual,7:42553502,7,42553502,1.252119e-09,SORBI_3007G111901,0.525539
TG(16:0_18:1_20:2),CTL,individual,7:42553502,7,42553502,1.252119e-09,SORBI_3007G112200,0.525539
TG(16:0_18:1_20:2),CTL,individual,7:42553502,7,42553502,1.252119e-09,SORBI_3007G111800,0.521135
TG(16:0_18:1_20:2),CTL,individual,7:42553502,7,42553502,1.252119e-09,SORBI_3007G112200,0.521135
TG(16:0_18:1_20:2),CTL,individual,7:42553502,7,42553502,1.252119e-09,SORBI_3007G111901,0.51493
TG(16:0_18:1_20:2),CTL,individual,7:42553502,7,42553502,1.252119e-09,SORBI_3007G112200,0.51493
TG(16:0_18:1_20:2),CTL,individual,7:42553502,7,42553502,1.252119e-09,SORBI_3007G111901,0.514001
TG(16:0_18:1_20:2),CTL,individual,7:42553502,7,42553502,1.252119e-09,SORBI_3007G112200,0.504121
TG(16:0_18:1_20:2),CTL,individual,7:42553502,7,42553502,1.252119e-09,SORBI_3007G111901,0.502622
TG(16:0_18:1_20:2),CTL,individual,7:42553502,7,42553502,1.252119e-09,SORBI_3007G111800,0.457
TG(16:0_18:1_20:2),CTL,individual,7:42553502,7,42553502,1.252119e-09,SORBI_3007G111901,0.455185
TG(16:0_18:1_20:2),CTL,individual,7:42553502,7,42553502,1.252119e-09,SORBI_3007G111901,0.447825
TG(16:0_18:1_20:2),CTL,individual,7:42553502,7,42553502,1.252119e-09,SORBI_3007G112200,0.447825
TG(16:0_18:1_20:2),CTL,individual,7:42553502,7,42553502,1.252119e-09,SORBI_3007G112200,0.44603
TG(16:0_18:1_20:2),CTL,individual,7:42553502,7,42553502,1.252119e-09,SORBI_3007G112000,0.442456
TG(16:0_18:1_20:2),CTL,individual,7:42553502,7,42553502,1.252119e-09,SORBI_3007G112200,0.442456
TG(16:0_18:1_20:2),CTL,individual,7:42553502,7,42553502,1.252119e-09,SORBI_3007G111901,0.440702
TG(16:0_18:1_20:2),CTL,individual,7:42553502,7,42553502,1.252119e-09,SORBI_3007G112200,0.440702
TG(16:0_18:1_20:2),CTL,individual,7:42553502,7,42553502,1.252119e-09,SORBI_3007G111901,0.438906
TG(16:0_18:1_20:2),CTL,individual,7:42553502,7,42553502,1.252119e-09,SORBI_3007G112200,0.435358
TG(16:0_18:1_20:2),CTL,individual,7:42424197,7,42424197,1.37058e-09,SORBI_3007G111800,0.62904
TG(16:0_18:1_20:2),CTL,individual,7:42424197,7,42424197,1.37058e-09,SORBI_3007G111800,0.627467
TG(16:0_18:1_20:2),CTL,individual,7:42424197,7,42424197,1.37058e-09,SORBI_3007G111901,0.626476
TG(16:0_18:1_20:2),CTL,individual,7:42424197,7,42424197,1.37058e-09,SORBI_3007G111800,0.622965
TG(16:0_18:1_20:2),CTL,individual,7:42424197,7,42424197,1.37058e-09,SORBI_3007G111901,0.622965
TG(16:0_18:1_20:2),CTL,individual,7:42424197,7,42424197,1.37058e-09,SORBI_3007G112000,0.622186
TG(16:0_18:1_20:2),CTL,individual,7:42424197,7,42424197,1.37058e-09,SORBI_3007G111800,0.617615
TG(16:0_18:1_20:2),CTL,individual,7:42424197,7,42424197,1.37058e-09,SORBI_3007G111901,0.616016
TG(16:0_18:1_20:2),CTL,individual,7:42424197,7,42424197,1.37058e-09,SORBI_3007G111901,0.613108
TG(16:0_18:1_20:2),CTL,individual,7:42424197,7,42424197,1.37058e-09,SORBI_3007G111901,0.609882
TG(16:0_18:1_20:2),CTL,individual,7:42424197,7,42424197,1.37058e-09,SORBI_3007G111901,0.609469
TG(16:0_18:1_20:2),CTL,individual,7:42424197,7,42424197,1.37058e-09,SORBI_3007G112000,0.608399
TG(16:0_18:1_20:2),CTL,individual,7:42424197,7,42424197,1.37058e-09,SORBI_3007G111901,0.604304
TG(16:0_18:1_20:2),CTL,individual,7:42424197,7,42424197,1.37058e-09,SORBI_3007G111901,0.601553
TG(16:0_18:1_20:2),CTL,individual,7:42424197,7,42424197,1.37058e-09,SORBI_3007G111901,0.592795
TG(16:0_18:1_20:2),CTL,individual,1:18822314,1,18822314,1.387607e-09,SORBI_3001G206100,1
TG(16:0_18:1_20:2),CTL,individual,1:18822314,1,18822314,1.387607e-09,SORBI_3001G206100,1
TG(16:0_18:1_20:2),CTL,individual,1:18822314,1,18822314,1.387607e-09,SORBI_3001G206100,0.881316
TG(16:0_18:1_20:2),CTL,individual,1:18822314,1,18822314,1.387607e-09,SORBI_3001G206100,0.856156
TG(16:0_18:1_20:2),CTL,individual,1:18822314,1,18822314,1.387607e-09,SORBI_3001G206100,0.835416
TG(16:0_18:1_20:2),CTL,individual,1:18822314,1,18822314,1.387607e-09,SORBI_3001G206100,0.766663
TG(16:0_18:1_20:2),CTL,individual,1:18822314,1,18822314,1.387607e-09,SORBI_3001G206100,0.726701
TG(16:0_18:1_20:2),CTL,individual,1:18822314,1,18822314,1.387607e-09,SORBI_3001G206100,0.722992
TG(16:0_18:1_20:2),CTL,individual,1:18822314,1,18822314,1.387607e-09,SORBI_3001G206100,0.712787
TG(16:0_18:1_20:2),CTL,individual,1:18822314,1,18822314,1.387607e-09,SORBI_3001G206100,0.709113
TG(16:0_18:1_20:2),CTL,individual,1:18822314,1,18822314,1.387607e-09,SORBI_3001G206100,0.706089
TG(16:0_18:1_20:2),CTL,individual,1:18822314,1,18822314,1.387607e-09,SORBI_3001G206100,0.702504
TG(16:0_18:1_20:2),CTL,individual,1:18822314,1,18822314,1.387607e-09,SORBI_3001G206100,0.701249
TG(16:0_18:1_20:2),CTL,individual,1:18822314,1,18822314,1.387607e-09,SORBI_3001G206100,0.685065
TG(16:0_18:1_20:2),CTL,individual,1:18822314,1,18822314,1.387607e-09,SORBI_3001G206100,0.684987
TG(16:0_18:1_20:2),CTL,individual,1:18822314,1,18822314,1.387607e-09,SORBI_3001G206100,0.679361
TG(16:0_18:1_20:2),CTL,individual,1:18822314,1,18822314,1.387607e-09,SORBI_3001G206100,0.676092
TG(16:0_18:1_20:2),CTL,individual,1:18822314,1,18822314,1.387607e-09,SORBI_3001G206100,0.648692
TG(16:0_18:1_20:2),CTL,individual,1:18822314,1,18822314,1.387607e-09,SORBI_3001G206100,0.637487
TG(16:0_18:1_20:2),CTL,individual,1:18822314,1,18822314,1.387607e-09,SORBI_3001G206100,0.630327
TG(16:0_18:1_20:2),CTL,individual,1:18822314,1,18822314,1.387607e-09,SORBI_3001G206100,0.620266
TG(16:0_18:1_20:2),CTL,individual,1:18822314,1,18822314,1.387607e-09,SORBI_3001G206100,0.599902
TG(16:0_18:1_20:2),CTL,individual,1:18822314,1,18822314,1.387607e-09,SORBI_3001G206100,0.594518
TG(16:0_18:1_20:2),CTL,individual,1:18822314,1,18822314,1.387607e-09,SORBI_3001G206100,0.584028
TG(16:0_18:1_20:2),CTL,individual,1:18822314,1,18822314,1.387607e-09,SORBI_3001G206100,0.569242
TG(16:0_18:1_20:2),CTL,individual,1:18822314,1,18822314,1.387607e-09,SORBI_3001G206100,0.534932
TG(16:0_18:1_20:2),CTL,individual,1:18822314,1,18822314,1.387607e-09,SORBI_3001G206100,0.455683
TG(16:0_18:1_20:2),CTL,individual,1:18822314,1,18822314,1.387607e-09,SORBI_3001G206100,0.453172
TG(16:0_18:1_20:2),CTL,individual,1:18822314,1,18822314,1.387607e-09,SORBI_3001G206100,0.446623
TG(16:0_18:1_20:2),CTL,individual,1:18822314,1,18822314,1.387607e-09,SORBI_3001G206100,0.436057
TG(16:0_18:1_20:2),CTL,individual,1:18822314,1,18822314,1.387607e-09,SORBI_3001G206100,0.425723
TG(16:0_18:1_20:2),CTL,individual,1:18822314,1,18822314,1.387607e-09,SORBI_3001G206100,0.421327
TG(16:0_18:1_20:2),CTL,individual,1:18822314,1,18822314,1.387607e-09,SORBI_3001G206100,0.419481
TG(16:0_18:1_20:2),CTL,individual,10:54078828,10,54078828,1.428977e-09,SORBI_3010G197566,0.811038
TG(16:0_18:1_20:2),CTL,individual,10:54078828,10,54078828,1.428977e-09,SORBI_3010G197300,0.810098
TG(16:0_18:1_20:2),CTL,individual,10:54078828,10,54078828,1.428977e-09,SORBI_3010G197566,0.806457
TG(16:0_18:1_20:2),CTL,individual,10:54078828,10,54078828,1.428977e-09,SORBI_3010G197300,0.784161
TG(16:0_18:1_20:2),CTL,individual,10:54078828,10,54078828,1.428977e-09,SORBI_3010G197300,0.771499
TG(16:0_18:1_20:2),CTL,individual,10:54078828,10,54078828,1.428977e-09,SORBI_3010G197300,0.721092
TG(16:0_18:1_20:2),CTL,individual,10:54078828,10,54078828,1.428977e-09,SORBI_3010G197300,0.72035
TG(16:0_18:1_20:2),CTL,individual,10:54078828,10,54078828,1.428977e-09,SORBI_3010G197300,0.718147
TG(16:0_18:1_20:2),CTL,individual,10:54078828,10,54078828,1.428977e-09,SORBI_3010G197300,0.713484
TG(16:0_18:1_20:2),CTL,individual,10:54078828,10,54078828,1.428977e-09,SORBI_3010G197300,0.666259
TG(16:0_18:1_20:2),CTL,individual,10:54078828,10,54078828,1.428977e-09,SORBI_3010G197300,0.608673
TG(16:0_18:1_20:2),CTL,individual,10:54078828,10,54078828,1.428977e-09,SORBI_3010G197566,0.59818
TG(16:0_18:1_20:2),CTL,individual,10:54078828,10,54078828,1.428977e-09,SORBI_3010G197300,0.568144
TG(16:0_18:1_20:2),CTL,individual,10:54078828,10,54078828,1.428977e-09,SORBI_3010G197300,0.567932
TG(16:0_18:1_20:2),CTL,individual,10:54078828,10,54078828,1.428977e-09,SORBI_3010G197300,0.567717
TG(16:0_18:1_20:2),CTL,individual,10:54078828,10,54078828,1.428977e-09,SORBI_3010G197300,0.5675
TG(16:0_18:1_20:2),CTL,individual,10:54078828,10,54078828,1.428977e-09,SORBI_3010G197300,0.545502
TG(16:0_18:1_20:2),CTL,individual,10:54078828,10,54078828,1.428977e-09,SORBI_3010G197300,0.534049
TG(16:0_18:1_20:2),CTL,individual,10:54078828,10,54078828,1.428977e-09,SORBI_3010G197300,0.531434
TG(16:0_18:1_20:2),CTL,individual,10:54078828,10,54078828,1.428977e-09,SORBI_3010G198000,0.441575
TG(16:0_18:1_20:2),CTL,individual,10:54078828,10,54078828,1.428977e-09,SORBI_3010G198000,0.419457
TG(16:0_18:1_20:2),CTL,individual,10:54078828,10,54078828,1.428977e-09,SORBI_3010G198000,0.418977
TG(16:0_18:1_20:2),CTL,individual,7:13059920,7,13059920,1.664194e-09,SORBI_3007G090400,0.548409
TG(16:0_18:1_20:2),CTL,individual,5:68763126,5,68763126,1.737513e-09,SORBI_3005G202500,0.837142
TG(16:0_18:1_20:2),CTL,individual,5:68763131,5,68763131,1.737513e-09,SORBI_3005G202500,0.837142
TG(16:0_18:1_20:2),CTL,individual,5:68763126,5,68763126,1.737513e-09,SORBI_3005G202500,0.793083
TG(16:0_18:1_20:2),CTL,individual,5:68763131,5,68763131,1.737513e-09,SORBI_3005G202500,0.793083
TG(16:0_18:1_20:2),CTL,individual,5:68763126,5,68763126,1.737513e-09,SORBI_3005G202500,0.704057
TG(16:0_18:1_20:2),CTL,individual,5:68763131,5,68763131,1.737513e-09,SORBI_3005G202500,0.704057
TG(16:0_18:1_20:2),CTL,individual,5:15953192,5,15953192,1.831653e-09,SORBI_3005G098250,0.783338
TG(16:0_18:1_20:2),CTL,individual,5:15953192,5,15953192,1.831653e-09,SORBI_3005G098250,0.765498
TG(16:0_18:1_20:2),CTL,individual,5:15953192,5,15953192,1.831653e-09,SORBI_3005G098250,0.719339
TG(16:0_18:1_20:2),CTL,individual,5:15953192,5,15953192,1.831653e-09,SORBI_3005G098250,0.680332
TG(16:0_18:1_20:2),CTL,individual,5:15953192,5,15953192,1.831653e-09,SORBI_3005G098250,0.677937
TG(16:0_18:1_20:2),CTL,individual,5:15953192,5,15953192,1.831653e-09,SORBI_3005G098250,0.672294
TG(16:0_18:1_20:2),CTL,individual,5:15953192,5,15953192,1.831653e-09,SORBI_3005G098250,0.506662
TG(16:0_18:1_20:2),CTL,individual,5:15953192,5,15953192,1.831653e-09,SORBI_3005G098900,0.470239
TG(16:0_18:1_20:2),CTL,individual,6:31285694,6,31285694,1.876325e-09,SORBI_3006G044466,0.963755
TG(16:0_18:1_20:2),CTL,individual,6:31285694,6,31285694,1.876325e-09,SORBI_3006G044466,0.958723
TG(16:0_18:1_20:2),CTL,individual,6:31285694,6,31285694,1.876325e-09,SORBI_3006G044600,0.958723
TG(16:0_18:1_20:2),CTL,individual,6:31285694,6,31285694,1.876325e-09,SORBI_3006G044600,0.95843
TG(16:0_18:1_20:2),CTL,individual,6:31285694,6,31285694,1.876325e-09,SORBI_3006G044600,0.953754
TG(16:0_18:1_20:2),CTL,individual,6:31285694,6,31285694,1.876325e-09,SORBI_3006G044600,0.948305
TG(16:0_18:1_20:2),CTL,individual,6:31285694,6,31285694,1.876325e-09,SORBI_3006G044600,0.937945
TG(16:0_18:1_20:2),CTL,individual,6:31285694,6,31285694,1.876325e-09,SORBI_3006G044532,0.919967
TG(16:0_18:1_20:2),CTL,individual,6:31285694,6,31285694,1.876325e-09,SORBI_3006G044532,0.917081
TG(16:0_18:1_20:2),CTL,individual,6:31285694,6,31285694,1.876325e-09,SORBI_3006G044532,0.891478
TG(16:0_18:1_20:2),CTL,individual,6:31285694,6,31285694,1.876325e-09,SORBI_3006G044532,0.848495
TG(16:0_18:1_20:2),CTL,individual,6:31285694,6,31285694,1.876325e-09,SORBI_3006G044532,0.839082
TG(16:0_18:1_20:2),CTL,individual,6:31285694,6,31285694,1.876325e-09,SORBI_3006G044532,0.811328
TG(16:0_18:1_20:2),CTL,individual,6:31285694,6,31285694,1.876325e-09,SORBI_3006G044800,0.457746
TG(16:0_18:1_20:2),CTL,individual,7:14179480,7,14179480,2.018629e-09,SORBI_3007G090600,0.70415
TG(16:0_18:1_20:2),CTL,individual,7:14179480,7,14179480,2.018629e-09,SORBI_3007G090537,0.661433
TG(16:0_18:1_20:2),CTL,individual,7:14179480,7,14179480,2.018629e-09,SORBI_3007G090537,0.655497
TG(16:0_18:1_20:2),CTL,individual,7:14179480,7,14179480,2.018629e-09,SORBI_3007G090701,0.638528
TG(16:0_18:1_20:2),CTL,individual,7:14179480,7,14179480,2.018629e-09,SORBI_3007G090701,0.630227
TG(16:0_18:1_20:2),CTL,individual,7:14179480,7,14179480,2.018629e-09,SORBI_3007G090701,0.625813
TG(16:0_18:1_20:2),CTL,individual,7:14179480,7,14179480,2.018629e-09,SORBI_3007G090600,0.611368
TG(16:0_18:1_20:2),CTL,individual,7:14179480,7,14179480,2.018629e-09,SORBI_3007G090600,0.584614
TG(16:0_18:1_20:2),CTL,individual,7:14179480,7,14179480,2.018629e-09,SORBI_3007G090701,0.56489
TG(16:0_18:1_20:2),CTL,individual,7:14179480,7,14179480,2.018629e-09,SORBI_3007G090600,0.553591
TG(16:0_18:1_20:2),CTL,individual,7:14179480,7,14179480,2.018629e-09,SORBI_3007G090701,0.542786
TG(16:0_18:1_20:2),CTL,individual,7:14179480,7,14179480,2.018629e-09,SORBI_3007G090600,0.536845
TG(16:0_18:1_20:2),CTL,individual,7:14179480,7,14179480,2.018629e-09,SORBI_3007G090701,0.516506
TG(16:0_18:1_20:2),CTL,individual,2:3988143,2,3988143,2.495122e-09,SORBI_3002G041400,1
TG(16:0_18:1_20:2),CTL,individual,2:3988143,2,3988143,2.495122e-09,SORBI_3002G041400,1
TG(16:0_18:1_20:2),CTL,individual,2:3988145,2,3988145,2.495122e-09,SORBI_3002G041400,1
TG(16:0_18:1_20:2),CTL,individual,2:3988145,2,3988145,2.495122e-09,SORBI_3002G041400,1
TG(16:0_18:1_20:2),CTL,individual,2:3988146,2,3988146,2.495122e-09,SORBI_3002G041400,1
TG(16:0_18:1_20:2),CTL,individual,2:3988146,2,3988146,2.495122e-09,SORBI_3002G041400,1
TG(16:0_18:1_20:2),CTL,individual,2:3988143,2,3988143,2.495122e-09,SORBI_3002G041400,0.883233
TG(16:0_18:1_20:2),CTL,individual,2:3988145,2,3988145,2.495122e-09,SORBI_3002G041400,0.883233
TG(16:0_18:1_20:2),CTL,individual,2:3988146,2,3988146,2.495122e-09,SORBI_3002G041400,0.883233
TG(16:0_18:1_20:2),CTL,individual,2:3988143,2,3988143,2.495122e-09,SORBI_3002G041533,0.863715
TG(16:0_18:1_20:2),CTL,individual,2:3988145,2,3988145,2.495122e-09,SORBI_3002G041533,0.863715
TG(16:0_18:1_20:2),CTL,individual,2:3988146,2,3988146,2.495122e-09,SORBI_3002G041533,0.863715
TG(16:0_18:1_20:2),CTL,individual,2:3988143,2,3988143,2.495122e-09,SORBI_3002G041533,0.856553
TG(16:0_18:1_20:2),CTL,individual,2:3988145,2,3988145,2.495122e-09,SORBI_3002G041533,0.856553
TG(16:0_18:1_20:2),CTL,individual,2:3988146,2,3988146,2.495122e-09,SORBI_3002G041533,0.856553
TG(16:0_18:1_20:2),CTL,individual,2:3988143,2,3988143,2.495122e-09,SORBI_3002G041366,0.848746
TG(16:0_18:1_20:2),CTL,individual,2:3988145,2,3988145,2.495122e-09,SORBI_3002G041366,0.848746
TG(16:0_18:1_20:2),CTL,individual,2:3988146,2,3988146,2.495122e-09,SORBI_3002G041366,0.848746
TG(16:0_18:1_20:2),CTL,individual,2:3988143,2,3988143,2.495122e-09,SORBI_3002G041366,0.847675
TG(16:0_18:1_20:2),CTL,individual,2:3988143,2,3988143,2.495122e-09,SORBI_3002G041400,0.847675
TG(16:0_18:1_20:2),CTL,individual,2:3988145,2,3988145,2.495122e-09,SORBI_3002G041366,0.847675
TG(16:0_18:1_20:2),CTL,individual,2:3988145,2,3988145,2.495122e-09,SORBI_3002G041400,0.847675
TG(16:0_18:1_20:2),CTL,individual,2:3988146,2,3988146,2.495122e-09,SORBI_3002G041366,0.847675
TG(16:0_18:1_20:2),CTL,individual,2:3988146,2,3988146,2.495122e-09,SORBI_3002G041400,0.847675
TG(16:0_18:1_20:2),CTL,individual,2:3988143,2,3988143,2.495122e-09,SORBI_3002G041666,0.80514
TG(16:0_18:1_20:2),CTL,individual,2:3988145,2,3988145,2.495122e-09,SORBI_3002G041666,0.80514
TG(16:0_18:1_20:2),CTL,individual,2:3988146,2,3988146,2.495122e-09,SORBI_3002G041666,0.80514
TG(16:0_18:1_20:2),CTL,individual,2:3988143,2,3988143,2.495122e-09,SORBI_3002G041200,0.781881
TG(16:0_18:1_20:2),CTL,individual,2:3988145,2,3988145,2.495122e-09,SORBI_3002G041200,0.781881
TG(16:0_18:1_20:2),CTL,individual,2:3988146,2,3988146,2.495122e-09,SORBI_3002G041200,0.781881
TG(16:0_18:1_20:2),CTL,individual,2:3988143,2,3988143,2.495122e-09,SORBI_3002G041800,0.756649
TG(16:0_18:1_20:2),CTL,individual,2:3988145,2,3988145,2.495122e-09,SORBI_3002G041800,0.756649
TG(16:0_18:1_20:2),CTL,individual,2:3988146,2,3988146,2.495122e-09,SORBI_3002G041800,0.756649
TG(16:0_18:1_20:2),CTL,individual,2:3988143,2,3988143,2.495122e-09,SORBI_3002G041800,0.756248
TG(16:0_18:1_20:2),CTL,individual,2:3988143,2,3988143,2.495122e-09,SORBI_3002G041900,0.756248
TG(16:0_18:1_20:2),CTL,individual,2:3988145,2,3988145,2.495122e-09,SORBI_3002G041800,0.756248
TG(16:0_18:1_20:2),CTL,individual,2:3988145,2,3988145,2.495122e-09,SORBI_3002G041900,0.756248
TG(16:0_18:1_20:2),CTL,individual,2:3988146,2,3988146,2.495122e-09,SORBI_3002G041800,0.756248
TG(16:0_18:1_20:2),CTL,individual,2:3988146,2,3988146,2.495122e-09,SORBI_3002G041900,0.756248
TG(16:0_18:1_20:2),CTL,individual,2:3988143,2,3988143,2.495122e-09,SORBI_3002G041200,0.754504
TG(16:0_18:1_20:2),CTL,individual,2:3988145,2,3988145,2.495122e-09,SORBI_3002G041200,0.754504
TG(16:0_18:1_20:2),CTL,individual,2:3988146,2,3988146,2.495122e-09,SORBI_3002G041200,0.754504
TG(16:0_18:1_20:2),CTL,individual,2:3988143,2,3988143,2.495122e-09,SORBI_3002G041900,0.748866
TG(16:0_18:1_20:2),CTL,individual,2:3988145,2,3988145,2.495122e-09,SORBI_3002G041900,0.748866
TG(16:0_18:1_20:2),CTL,individual,2:3988146,2,3988146,2.495122e-09,SORBI_3002G041900,0.748866
TG(16:0_18:1_20:2),CTL,individual,2:3988143,2,3988143,2.495122e-09,SORBI_3002G041366,0.743799
TG(16:0_18:1_20:2),CTL,individual,2:3988145,2,3988145,2.495122e-09,SORBI_3002G041366,0.743799
TG(16:0_18:1_20:2),CTL,individual,2:3988146,2,3988146,2.495122e-09,SORBI_3002G041366,0.743799
TG(16:0_18:1_20:2),CTL,individual,2:3988143,2,3988143,2.495122e-09,SORBI_3002G041200,0.73147
TG(16:0_18:1_20:2),CTL,individual,2:3988145,2,3988145,2.495122e-09,SORBI_3002G041200,0.73147
TG(16:0_18:1_20:2),CTL,individual,2:3988146,2,3988146,2.495122e-09,SORBI_3002G041200,0.73147
TG(16:0_18:1_20:2),CTL,individual,2:3988143,2,3988143,2.495122e-09,SORBI_3002G041200,0.721262
TG(16:0_18:1_20:2),CTL,individual,2:3988145,2,3988145,2.495122e-09,SORBI_3002G041200,0.721262
TG(16:0_18:1_20:2),CTL,individual,2:3988146,2,3988146,2.495122e-09,SORBI_3002G041200,0.721262
TG(16:0_18:1_20:2),CTL,individual,2:3988143,2,3988143,2.495122e-09,SORBI_3002G041150,0.716999
TG(16:0_18:1_20:2),CTL,individual,2:3988145,2,3988145,2.495122e-09,SORBI_3002G041150,0.716999
TG(16:0_18:1_20:2),CTL,individual,2:3988146,2,3988146,2.495122e-09,SORBI_3002G041150,0.716999
TG(16:0_18:1_20:2),CTL,individual,2:3988143,2,3988143,2.495122e-09,SORBI_3002G041150,0.715403
TG(16:0_18:1_20:2),CTL,individual,2:3988145,2,3988145,2.495122e-09,SORBI_3002G041150,0.715403
TG(16:0_18:1_20:2),CTL,individual,2:3988146,2,3988146,2.495122e-09,SORBI_3002G041150,0.715403
TG(16:0_18:1_20:2),CTL,individual,2:3988143,2,3988143,2.495122e-09,SORBI_3002G041100,0.709664
TG(16:0_18:1_20:2),CTL,individual,2:3988145,2,3988145,2.495122e-09,SORBI_3002G041100,0.709664
TG(16:0_18:1_20:2),CTL,individual,2:3988146,2,3988146,2.495122e-09,SORBI_3002G041100,0.709664
TG(16:0_18:1_20:2),CTL,individual,2:3988143,2,3988143,2.495122e-09,SORBI_3002G041150,0.709612
TG(16:0_18:1_20:2),CTL,individual,2:3988145,2,3988145,2.495122e-09,SORBI_3002G041150,0.709612
TG(16:0_18:1_20:2),CTL,individual,2:3988146,2,3988146,2.495122e-09,SORBI_3002G041150,0.709612
TG(16:0_18:1_20:2),CTL,individual,2:3988143,2,3988143,2.495122e-09,SORBI_3002G041100,0.706346
TG(16:0_18:1_20:2),CTL,individual,2:3988145,2,3988145,2.495122e-09,SORBI_3002G041100,0.706346
TG(16:0_18:1_20:2),CTL,individual,2:3988146,2,3988146,2.495122e-09,SORBI_3002G041100,0.706346
TG(16:0_18:1_20:2),CTL,individual,2:3988143,2,3988143,2.495122e-09,SORBI_3002G041666,0.698123
TG(16:0_18:1_20:2),CTL,individual,2:3988145,2,3988145,2.495122e-09,SORBI_3002G041666,0.698123
TG(16:0_18:1_20:2),CTL,individual,2:3988146,2,3988146,2.495122e-09,SORBI_3002G041666,0.698123
TG(16:0_18:1_20:2),CTL,individual,2:3988143,2,3988143,2.495122e-09,SORBI_3002G041150,0.659975
TG(16:0_18:1_20:2),CTL,individual,2:3988145,2,3988145,2.495122e-09,SORBI_3002G041150,0.659975
TG(16:0_18:1_20:2),CTL,individual,2:3988146,2,3988146,2.495122e-09,SORBI_3002G041150,0.659975
TG(16:0_18:1_20:2),CTL,individual,2:3988143,2,3988143,2.495122e-09,SORBI_3002G041150,0.622905
TG(16:0_18:1_20:2),CTL,individual,2:3988145,2,3988145,2.495122e-09,SORBI_3002G041150,0.622905
TG(16:0_18:1_20:2),CTL,individual,2:3988146,2,3988146,2.495122e-09,SORBI_3002G041150,0.622905
TG(16:0_18:1_20:2),CTL,individual,2:3988143,2,3988143,2.495122e-09,SORBI_3002G043100,0.622041
TG(16:0_18:1_20:2),CTL,individual,2:3988145,2,3988145,2.495122e-09,SORBI_3002G043100,0.622041
TG(16:0_18:1_20:2),CTL,individual,2:3988146,2,3988146,2.495122e-09,SORBI_3002G043100,0.622041
TG(16:0_18:1_20:2),CTL,individual,2:3988143,2,3988143,2.495122e-09,SORBI_3002G042500,0.621638
TG(16:0_18:1_20:2),CTL,individual,2:3988143,2,3988143,2.495122e-09,SORBI_3002G042600,0.621638
TG(16:0_18:1_20:2),CTL,individual,2:3988145,2,3988145,2.495122e-09,SORBI_3002G042500,0.621638
TG(16:0_18:1_20:2),CTL,individual,2:3988145,2,3988145,2.495122e-09,SORBI_3002G042600,0.621638
TG(16:0_18:1_20:2),CTL,individual,2:3988146,2,3988146,2.495122e-09,SORBI_3002G042500,0.621638
TG(16:0_18:1_20:2),CTL,individual,2:3988146,2,3988146,2.495122e-09,SORBI_3002G042600,0.621638
TG(16:0_18:1_20:2),CTL,individual,2:3988143,2,3988143,2.495122e-09,SORBI_3002G042500,0.619378
TG(16:0_18:1_20:2),CTL,individual,2:3988143,2,3988143,2.495122e-09,SORBI_3002G042600,0.619378
TG(16:0_18:1_20:2),CTL,individual,2:3988145,2,3988145,2.495122e-09,SORBI_3002G042500,0.619378
TG(16:0_18:1_20:2),CTL,individual,2:3988145,2,3988145,2.495122e-09,SORBI_3002G042600,0.619378
TG(16:0_18:1_20:2),CTL,individual,2:3988146,2,3988146,2.495122e-09,SORBI_3002G042500,0.619378
TG(16:0_18:1_20:2),CTL,individual,2:3988146,2,3988146,2.495122e-09,SORBI_3002G042600,0.619378
TG(16:0_18:1_20:2),CTL,individual,2:3988143,2,3988143,2.495122e-09,SORBI_3002G042600,0.614716
TG(16:0_18:1_20:2),CTL,individual,2:3988143,2,3988143,2.495122e-09,SORBI_3002G042800,0.614716
TG(16:0_18:1_20:2),CTL,individual,2:3988143,2,3988143,2.495122e-09,SORBI_3002G043000,0.614716
TG(16:0_18:1_20:2),CTL,individual,2:3988145,2,3988145,2.495122e-09,SORBI_3002G042600,0.614716
TG(16:0_18:1_20:2),CTL,individual,2:3988145,2,3988145,2.495122e-09,SORBI_3002G042800,0.614716
TG(16:0_18:1_20:2),CTL,individual,2:3988145,2,3988145,2.495122e-09,SORBI_3002G043000,0.614716
TG(16:0_18:1_20:2),CTL,individual,2:3988146,2,3988146,2.495122e-09,SORBI_3002G042600,0.614716
TG(16:0_18:1_20:2),CTL,individual,2:3988146,2,3988146,2.495122e-09,SORBI_3002G042800,0.614716
TG(16:0_18:1_20:2),CTL,individual,2:3988146,2,3988146,2.495122e-09,SORBI_3002G043000,0.614716
TG(16:0_18:1_20:2),CTL,individual,2:3988143,2,3988143,2.495122e-09,SORBI_3002G041666,0.604525
TG(16:0_18:1_20:2),CTL,individual,2:3988145,2,3988145,2.495122e-09,SORBI_3002G041666,0.604525
TG(16:0_18:1_20:2),CTL,individual,2:3988146,2,3988146,2.495122e-09,SORBI_3002G041666,0.604525
TG(16:0_18:1_20:2),CTL,individual,2:3988143,2,3988143,2.495122e-09,SORBI_3002G042500,0.596979
TG(16:0_18:1_20:2),CTL,individual,2:3988143,2,3988143,2.495122e-09,SORBI_3002G042600,0.596979
TG(16:0_18:1_20:2),CTL,individual,2:3988143,2,3988143,2.495122e-09,SORBI_3002G042800,0.596979
TG(16:0_18:1_20:2),CTL,individual,2:3988145,2,3988145,2.495122e-09,SORBI_3002G042500,0.596979
TG(16:0_18:1_20:2),CTL,individual,2:3988145,2,3988145,2.495122e-09,SORBI_3002G042600,0.596979
TG(16:0_18:1_20:2),CTL,individual,2:3988145,2,3988145,2.495122e-09,SORBI_3002G042800,0.596979
TG(16:0_18:1_20:2),CTL,individual,2:3988146,2,3988146,2.495122e-09,SORBI_3002G042500,0.596979
TG(16:0_18:1_20:2),CTL,individual,2:3988146,2,3988146,2.495122e-09,SORBI_3002G042600,0.596979
TG(16:0_18:1_20:2),CTL,individual,2:3988146,2,3988146,2.495122e-09,SORBI_3002G042800,0.596979
TG(16:0_18:1_20:2),CTL,individual,2:3988143,2,3988143,2.495122e-09,SORBI_3002G042500,0.595707
TG(16:0_18:1_20:2),CTL,individual,2:3988143,2,3988143,2.495122e-09,SORBI_3002G042600,0.595707
TG(16:0_18:1_20:2),CTL,individual,2:3988143,2,3988143,2.495122e-09,SORBI_3002G043100,0.595707
TG(16:0_18:1_20:2),CTL,individual,2:3988143,2,3988143,2.495122e-09,SORBI_3002G043500,0.595707
TG(16:0_18:1_20:2),CTL,individual,2:3988145,2,3988145,2.495122e-09,SORBI_3002G042500,0.595707
TG(16:0_18:1_20:2),CTL,individual,2:3988145,2,3988145,2.495122e-09,SORBI_3002G042600,0.595707
TG(16:0_18:1_20:2),CTL,individual,2:3988145,2,3988145,2.495122e-09,SORBI_3002G043100,0.595707
TG(16:0_18:1_20:2),CTL,individual,2:3988145,2,3988145,2.495122e-09,SORBI_3002G043500,0.595707
TG(16:0_18:1_20:2),CTL,individual,2:3988146,2,3988146,2.495122e-09,SORBI_3002G042500,0.595707
TG(16:0_18:1_20:2),CTL,individual,2:3988146,2,3988146,2.495122e-09,SORBI_3002G042600,0.595707
TG(16:0_18:1_20:2),CTL,individual,2:3988146,2,3988146,2.495122e-09,SORBI_3002G043100,0.595707
TG(16:0_18:1_20:2),CTL,individual,2:3988146,2,3988146,2.495122e-09,SORBI_3002G043500,0.595707
TG(16:0_18:1_20:2),CTL,individual,2:3988143,2,3988143,2.495122e-09,SORBI_3002G042300,0.595639
TG(16:0_18:1_20:2),CTL,individual,2:3988143,2,3988143,2.495122e-09,SORBI_3002G043201,0.595639
TG(16:0_18:1_20:2),CTL,individual,2:3988145,2,3988145,2.495122e-09,SORBI_3002G042300,0.595639
TG(16:0_18:1_20:2),CTL,individual,2:3988145,2,3988145,2.495122e-09,SORBI_3002G043201,0.595639
TG(16:0_18:1_20:2),CTL,individual,2:3988146,2,3988146,2.495122e-09,SORBI_3002G042300,0.595639
TG(16:0_18:1_20:2),CTL,individual,2:3988146,2,3988146,2.495122e-09,SORBI_3002G043201,0.595639
TG(16:0_18:1_20:2),CTL,individual,2:3988143,2,3988143,2.495122e-09,SORBI_3002G043201,0.595503
TG(16:0_18:1_20:2),CTL,individual,2:3988145,2,3988145,2.495122e-09,SORBI_3002G043201,0.595503
TG(16:0_18:1_20:2),CTL,individual,2:3988146,2,3988146,2.495122e-09,SORBI_3002G043201,0.595503
TG(16:0_18:1_20:2),CTL,individual,2:3988143,2,3988143,2.495122e-09,SORBI_3002G042500,0.592803
TG(16:0_18:1_20:2),CTL,individual,2:3988143,2,3988143,2.495122e-09,SORBI_3002G042600,0.592803
TG(16:0_18:1_20:2),CTL,individual,2:3988143,2,3988143,2.495122e-09,SORBI_3002G043100,0.592803
TG(16:0_18:1_20:2),CTL,individual,2:3988145,2,3988145,2.495122e-09,SORBI_3002G042500,0.592803
TG(16:0_18:1_20:2),CTL,individual,2:3988145,2,3988145,2.495122e-09,SORBI_3002G042600,0.592803
TG(16:0_18:1_20:2),CTL,individual,2:3988145,2,3988145,2.495122e-09,SORBI_3002G043100,0.592803
TG(16:0_18:1_20:2),CTL,individual,2:3988146,2,3988146,2.495122e-09,SORBI_3002G042500,0.592803
TG(16:0_18:1_20:2),CTL,individual,2:3988146,2,3988146,2.495122e-09,SORBI_3002G042600,0.592803
TG(16:0_18:1_20:2),CTL,individual,2:3988146,2,3988146,2.495122e-09,SORBI_3002G043100,0.592803
TG(16:0_18:1_20:2),CTL,individual,2:3988143,2,3988143,2.495122e-09,SORBI_3002G042600,0.590094
TG(16:0_18:1_20:2),CTL,individual,2:3988145,2,3988145,2.495122e-09,SORBI_3002G042600,0.590094
TG(16:0_18:1_20:2),CTL,individual,2:3988146,2,3988146,2.495122e-09,SORBI_3002G042600,0.590094
TG(16:0_18:1_20:2),CTL,individual,2:3988143,2,3988143,2.495122e-09,SORBI_3002G043201,0.589821
TG(16:0_18:1_20:2),CTL,individual,2:3988145,2,3988145,2.495122e-09,SORBI_3002G043201,0.589821
TG(16:0_18:1_20:2),CTL,individual,2:3988146,2,3988146,2.495122e-09,SORBI_3002G043201,0.589821
TG(16:0_18:1_20:2),CTL,individual,2:3988143,2,3988143,2.495122e-09,SORBI_3002G042400,0.586224
TG(16:0_18:1_20:2),CTL,individual,2:3988143,2,3988143,2.495122e-09,SORBI_3002G043100,0.586224
TG(16:0_18:1_20:2),CTL,individual,2:3988145,2,3988145,2.495122e-09,SORBI_3002G042400,0.586224
TG(16:0_18:1_20:2),CTL,individual,2:3988145,2,3988145,2.495122e-09,SORBI_3002G043100,0.586224
TG(16:0_18:1_20:2),CTL,individual,2:3988146,2,3988146,2.495122e-09,SORBI_3002G042400,0.586224
TG(16:0_18:1_20:2),CTL,individual,2:3988146,2,3988146,2.495122e-09,SORBI_3002G043100,0.586224
TG(16:0_18:1_20:2),CTL,individual,2:3988143,2,3988143,2.495122e-09,SORBI_3002G041200,0.575493
TG(16:0_18:1_20:2),CTL,individual,2:3988145,2,3988145,2.495122e-09,SORBI_3002G041200,0.575493
TG(16:0_18:1_20:2),CTL,individual,2:3988146,2,3988146,2.495122e-09,SORBI_3002G041200,0.575493
TG(16:0_18:1_20:2),CTL,individual,2:3988143,2,3988143,2.495122e-09,SORBI_3002G043100,0.572924
TG(16:0_18:1_20:2),CTL,individual,2:3988145,2,3988145,2.495122e-09,SORBI_3002G043100,0.572924
TG(16:0_18:1_20:2),CTL,individual,2:3988146,2,3988146,2.495122e-09,SORBI_3002G043100,0.572924
TG(16:0_18:1_20:2),CTL,individual,2:3988143,2,3988143,2.495122e-09,SORBI_3002G042600,0.571288
TG(16:0_18:1_20:2),CTL,individual,2:3988143,2,3988143,2.495122e-09,SORBI_3002G043300,0.571288
TG(16:0_18:1_20:2),CTL,individual,2:3988145,2,3988145,2.495122e-09,SORBI_3002G042600,0.571288
TG(16:0_18:1_20:2),CTL,individual,2:3988145,2,3988145,2.495122e-09,SORBI_3002G043300,0.571288
TG(16:0_18:1_20:2),CTL,individual,2:3988146,2,3988146,2.495122e-09,SORBI_3002G042600,0.571288
TG(16:0_18:1_20:2),CTL,individual,2:3988146,2,3988146,2.495122e-09,SORBI_3002G043300,0.571288
TG(16:0_18:1_20:2),CTL,individual,2:3988143,2,3988143,2.495122e-09,SORBI_3002G042500,0.564908
TG(16:0_18:1_20:2),CTL,individual,2:3988145,2,3988145,2.495122e-09,SORBI_3002G042500,0.564908
TG(16:0_18:1_20:2),CTL,individual,2:3988146,2,3988146,2.495122e-09,SORBI_3002G042500,0.564908
TG(16:0_18:1_20:2),CTL,individual,2:3988143,2,3988143,2.495122e-09,SORBI_3002G044000,0.56455
TG(16:0_18:1_20:2),CTL,individual,2:3988145,2,3988145,2.495122e-09,SORBI_3002G044000,0.56455
TG(16:0_18:1_20:2),CTL,individual,2:3988146,2,3988146,2.495122e-09,SORBI_3002G044000,0.56455
TG(16:0_18:1_20:2),CTL,individual,2:3988143,2,3988143,2.495122e-09,SORBI_3002G041200,0.56432
TG(16:0_18:1_20:2),CTL,individual,2:3988145,2,3988145,2.495122e-09,SORBI_3002G041200,0.56432
TG(16:0_18:1_20:2),CTL,individual,2:3988146,2,3988146,2.495122e-09,SORBI_3002G041200,0.56432
TG(16:0_18:1_20:2),CTL,individual,2:3988143,2,3988143,2.495122e-09,SORBI_3002G041150,0.553943
TG(16:0_18:1_20:2),CTL,individual,2:3988145,2,3988145,2.495122e-09,SORBI_3002G041150,0.553943
TG(16:0_18:1_20:2),CTL,individual,2:3988146,2,3988146,2.495122e-09,SORBI_3002G041150,0.553943
TG(16:0_18:1_20:2),CTL,individual,2:3988143,2,3988143,2.495122e-09,SORBI_3002G042300,0.552527
TG(16:0_18:1_20:2),CTL,individual,2:3988145,2,3988145,2.495122e-09,SORBI_3002G042300,0.552527
TG(16:0_18:1_20:2),CTL,individual,2:3988146,2,3988146,2.495122e-09,SORBI_3002G042300,0.552527
TG(16:0_18:1_20:2),CTL,individual,2:3988143,2,3988143,2.495122e-09,SORBI_3002G044200,0.550788
TG(16:0_18:1_20:2),CTL,individual,2:3988145,2,3988145,2.495122e-09,SORBI_3002G044200,0.550788
TG(16:0_18:1_20:2),CTL,individual,2:3988146,2,3988146,2.495122e-09,SORBI_3002G044200,0.550788
TG(16:0_18:1_20:2),CTL,individual,2:3988143,2,3988143,2.495122e-09,SORBI_3002G044200,0.549984
TG(16:0_18:1_20:2),CTL,individual,2:3988145,2,3988145,2.495122e-09,SORBI_3002G044200,0.549984
TG(16:0_18:1_20:2),CTL,individual,2:3988146,2,3988146,2.495122e-09,SORBI_3002G044200,0.549984
TG(16:0_18:1_20:2),CTL,individual,2:3988143,2,3988143,2.495122e-09,SORBI_3002G044100,0.545358
TG(16:0_18:1_20:2),CTL,individual,2:3988145,2,3988145,2.495122e-09,SORBI_3002G044100,0.545358
TG(16:0_18:1_20:2),CTL,individual,2:3988146,2,3988146,2.495122e-09,SORBI_3002G044100,0.545358
TG(16:0_18:1_20:2),CTL,individual,2:3988143,2,3988143,2.495122e-09,SORBI_3002G044200,0.543853
TG(16:0_18:1_20:2),CTL,individual,2:3988145,2,3988145,2.495122e-09,SORBI_3002G044200,0.543853
TG(16:0_18:1_20:2),CTL,individual,2:3988146,2,3988146,2.495122e-09,SORBI_3002G044200,0.543853
TG(16:0_18:1_20:2),CTL,individual,2:3988143,2,3988143,2.495122e-09,SORBI_3002G043700,0.528378
TG(16:0_18:1_20:2),CTL,individual,2:3988145,2,3988145,2.495122e-09,SORBI_3002G043700,0.528378
TG(16:0_18:1_20:2),CTL,individual,2:3988146,2,3988146,2.495122e-09,SORBI_3002G043700,0.528378
TG(16:0_18:1_20:2),CTL,individual,2:3988143,2,3988143,2.495122e-09,SORBI_3002G044200,0.528021
TG(16:0_18:1_20:2),CTL,individual,2:3988145,2,3988145,2.495122e-09,SORBI_3002G044200,0.528021
TG(16:0_18:1_20:2),CTL,individual,2:3988146,2,3988146,2.495122e-09,SORBI_3002G044200,0.528021
TG(16:0_18:1_20:2),CTL,individual,2:3988143,2,3988143,2.495122e-09,SORBI_3002G044200,0.519236
TG(16:0_18:1_20:2),CTL,individual,2:3988145,2,3988145,2.495122e-09,SORBI_3002G044200,0.519236
TG(16:0_18:1_20:2),CTL,individual,2:3988146,2,3988146,2.495122e-09,SORBI_3002G044200,0.519236
TG(16:0_18:1_20:2),CTL,individual,2:3988143,2,3988143,2.495122e-09,SORBI_3002G044200,0.51502
TG(16:0_18:1_20:2),CTL,individual,2:3988145,2,3988145,2.495122e-09,SORBI_3002G044200,0.51502
TG(16:0_18:1_20:2),CTL,individual,2:3988146,2,3988146,2.495122e-09,SORBI_3002G044200,0.51502
TG(16:0_18:1_20:2),CTL,individual,2:3988143,2,3988143,2.495122e-09,SORBI_3002G044200,0.513483
TG(16:0_18:1_20:2),CTL,individual,2:3988145,2,3988145,2.495122e-09,SORBI_3002G044200,0.513483
TG(16:0_18:1_20:2),CTL,individual,2:3988146,2,3988146,2.495122e-09,SORBI_3002G044200,0.513483
TG(16:0_18:1_20:2),CTL,individual,2:3988143,2,3988143,2.495122e-09,SORBI_3002G044200,0.513393
TG(16:0_18:1_20:2),CTL,individual,2:3988145,2,3988145,2.495122e-09,SORBI_3002G044200,0.513393
TG(16:0_18:1_20:2),CTL,individual,2:3988146,2,3988146,2.495122e-09,SORBI_3002G044200,0.513393
TG(16:0_18:1_20:2),CTL,individual,2:3988143,2,3988143,2.495122e-09,SORBI_3002G043100,0.510278
TG(16:0_18:1_20:2),CTL,individual,2:3988145,2,3988145,2.495122e-09,SORBI_3002G043100,0.510278
TG(16:0_18:1_20:2),CTL,individual,2:3988146,2,3988146,2.495122e-09,SORBI_3002G043100,0.510278
TG(16:0_18:1_20:2),CTL,individual,2:3988143,2,3988143,2.495122e-09,SORBI_3002G043700,0.509147
TG(16:0_18:1_20:2),CTL,individual,2:3988145,2,3988145,2.495122e-09,SORBI_3002G043700,0.509147
TG(16:0_18:1_20:2),CTL,individual,2:3988146,2,3988146,2.495122e-09,SORBI_3002G043700,0.509147
TG(16:0_18:1_20:2),CTL,individual,2:3988143,2,3988143,2.495122e-09,SORBI_3002G044200,0.507486
TG(16:0_18:1_20:2),CTL,individual,2:3988145,2,3988145,2.495122e-09,SORBI_3002G044200,0.507486
TG(16:0_18:1_20:2),CTL,individual,2:3988146,2,3988146,2.495122e-09,SORBI_3002G044200,0.507486
TG(16:0_18:1_20:2),CTL,individual,2:3988143,2,3988143,2.495122e-09,SORBI_3002G044800,0.507287
TG(16:0_18:1_20:2),CTL,individual,2:3988145,2,3988145,2.495122e-09,SORBI_3002G044800,0.507287
TG(16:0_18:1_20:2),CTL,individual,2:3988146,2,3988146,2.495122e-09,SORBI_3002G044800,0.507287
TG(16:0_18:1_20:2),CTL,individual,2:3988143,2,3988143,2.495122e-09,SORBI_3002G044200,0.507014
TG(16:0_18:1_20:2),CTL,individual,2:3988145,2,3988145,2.495122e-09,SORBI_3002G044200,0.507014
TG(16:0_18:1_20:2),CTL,individual,2:3988146,2,3988146,2.495122e-09,SORBI_3002G044200,0.507014
TG(16:0_18:1_20:2),CTL,individual,2:3988143,2,3988143,2.495122e-09,SORBI_3002G044700,0.505553
TG(16:0_18:1_20:2),CTL,individual,2:3988145,2,3988145,2.495122e-09,SORBI_3002G044700,0.505553
TG(16:0_18:1_20:2),CTL,individual,2:3988146,2,3988146,2.495122e-09,SORBI_3002G044700,0.505553
TG(16:0_18:1_20:2),CTL,individual,2:3988143,2,3988143,2.495122e-09,SORBI_3002G044200,0.497257
TG(16:0_18:1_20:2),CTL,individual,2:3988145,2,3988145,2.495122e-09,SORBI_3002G044200,0.497257
TG(16:0_18:1_20:2),CTL,individual,2:3988146,2,3988146,2.495122e-09,SORBI_3002G044200,0.497257
TG(16:0_18:1_20:2),CTL,individual,2:3988143,2,3988143,2.495122e-09,SORBI_3002G044200,0.497074
TG(16:0_18:1_20:2),CTL,individual,2:3988145,2,3988145,2.495122e-09,SORBI_3002G044200,0.497074
TG(16:0_18:1_20:2),CTL,individual,2:3988146,2,3988146,2.495122e-09,SORBI_3002G044200,0.497074
TG(16:0_18:1_20:2),CTL,individual,2:3988143,2,3988143,2.495122e-09,SORBI_3002G044200,0.496701
TG(16:0_18:1_20:2),CTL,individual,2:3988145,2,3988145,2.495122e-09,SORBI_3002G044200,0.496701
TG(16:0_18:1_20:2),CTL,individual,2:3988146,2,3988146,2.495122e-09,SORBI_3002G044200,0.496701
TG(16:0_18:1_20:2),CTL,individual,2:3988143,2,3988143,2.495122e-09,SORBI_3002G044200,0.491932
TG(16:0_18:1_20:2),CTL,individual,2:3988145,2,3988145,2.495122e-09,SORBI_3002G044200,0.491932
TG(16:0_18:1_20:2),CTL,individual,2:3988146,2,3988146,2.495122e-09,SORBI_3002G044200,0.491932
TG(16:0_18:1_20:2),CTL,individual,2:3988143,2,3988143,2.495122e-09,SORBI_3002G044700,0.488869
TG(16:0_18:1_20:2),CTL,individual,2:3988145,2,3988145,2.495122e-09,SORBI_3002G044700,0.488869
TG(16:0_18:1_20:2),CTL,individual,2:3988146,2,3988146,2.495122e-09,SORBI_3002G044700,0.488869
TG(16:0_18:1_20:2),CTL,individual,2:3988143,2,3988143,2.495122e-09,SORBI_3002G044800,0.484328
TG(16:0_18:1_20:2),CTL,individual,2:3988145,2,3988145,2.495122e-09,SORBI_3002G044800,0.484328
TG(16:0_18:1_20:2),CTL,individual,2:3988146,2,3988146,2.495122e-09,SORBI_3002G044800,0.484328
TG(16:0_18:1_20:2),CTL,individual,2:3988143,2,3988143,2.495122e-09,SORBI_3002G039500,0.471329
TG(16:0_18:1_20:2),CTL,individual,2:3988143,2,3988143,2.495122e-09,SORBI_3002G039600,0.471329
TG(16:0_18:1_20:2),CTL,individual,2:3988145,2,3988145,2.495122e-09,SORBI_3002G039500,0.471329
TG(16:0_18:1_20:2),CTL,individual,2:3988145,2,3988145,2.495122e-09,SORBI_3002G039600,0.471329
TG(16:0_18:1_20:2),CTL,individual,2:3988146,2,3988146,2.495122e-09,SORBI_3002G039500,0.471329
TG(16:0_18:1_20:2),CTL,individual,2:3988146,2,3988146,2.495122e-09,SORBI_3002G039600,0.471329
TG(16:0_18:1_20:2),CTL,individual,2:3988143,2,3988143,2.495122e-09,SORBI_3002G039800,0.471257
TG(16:0_18:1_20:2),CTL,individual,2:3988145,2,3988145,2.495122e-09,SORBI_3002G039800,0.471257
TG(16:0_18:1_20:2),CTL,individual,2:3988146,2,3988146,2.495122e-09,SORBI_3002G039800,0.471257
TG(16:0_18:1_20:2),CTL,individual,2:3988143,2,3988143,2.495122e-09,SORBI_3002G039700,0.471185
TG(16:0_18:1_20:2),CTL,individual,2:3988143,2,3988143,2.495122e-09,SORBI_3002G039800,0.471185
TG(16:0_18:1_20:2),CTL,individual,2:3988145,2,3988145,2.495122e-09,SORBI_3002G039700,0.471185
TG(16:0_18:1_20:2),CTL,individual,2:3988145,2,3988145,2.495122e-09,SORBI_3002G039800,0.471185
TG(16:0_18:1_20:2),CTL,individual,2:3988146,2,3988146,2.495122e-09,SORBI_3002G039700,0.471185
TG(16:0_18:1_20:2),CTL,individual,2:3988146,2,3988146,2.495122e-09,SORBI_3002G039800,0.471185
TG(16:0_18:1_20:2),CTL,individual,2:3988143,2,3988143,2.495122e-09,SORBI_3002G039800,0.468563
TG(16:0_18:1_20:2),CTL,individual,2:3988145,2,3988145,2.495122e-09,SORBI_3002G039800,0.468563
TG(16:0_18:1_20:2),CTL,individual,2:3988146,2,3988146,2.495122e-09,SORBI_3002G039800,0.468563
TG(16:0_18:1_20:2),CTL,individual,2:3988143,2,3988143,2.495122e-09,SORBI_3002G044200,0.461722
TG(16:0_18:1_20:2),CTL,individual,2:3988145,2,3988145,2.495122e-09,SORBI_3002G044200,0.461722
TG(16:0_18:1_20:2),CTL,individual,2:3988146,2,3988146,2.495122e-09,SORBI_3002G044200,0.461722
TG(16:0_18:1_20:2),CTL,individual,2:3988143,2,3988143,2.495122e-09,SORBI_3002G044200,0.461564
TG(16:0_18:1_20:2),CTL,individual,2:3988145,2,3988145,2.495122e-09,SORBI_3002G044200,0.461564
TG(16:0_18:1_20:2),CTL,individual,2:3988146,2,3988146,2.495122e-09,SORBI_3002G044200,0.461564
TG(16:0_18:1_20:2),CTL,individual,2:3988143,2,3988143,2.495122e-09,SORBI_3002G039600,0.447364
TG(16:0_18:1_20:2),CTL,individual,2:3988145,2,3988145,2.495122e-09,SORBI_3002G039600,0.447364
TG(16:0_18:1_20:2),CTL,individual,2:3988146,2,3988146,2.495122e-09,SORBI_3002G039600,0.447364
TG(16:0_18:1_20:2),CTL,individual,2:3988143,2,3988143,2.495122e-09,SORBI_3002G039800,0.446995
TG(16:0_18:1_20:2),CTL,individual,2:3988145,2,3988145,2.495122e-09,SORBI_3002G039800,0.446995
TG(16:0_18:1_20:2),CTL,individual,2:3988146,2,3988146,2.495122e-09,SORBI_3002G039800,0.446995
TG(16:0_18:1_20:2),CTL,individual,2:3988143,2,3988143,2.495122e-09,SORBI_3002G039800,0.446836
TG(16:0_18:1_20:2),CTL,individual,2:3988145,2,3988145,2.495122e-09,SORBI_3002G039800,0.446836
TG(16:0_18:1_20:2),CTL,individual,2:3988146,2,3988146,2.495122e-09,SORBI_3002G039800,0.446836
TG(16:0_18:1_20:2),CTL,individual,2:3988143,2,3988143,2.495122e-09,SORBI_3002G039800,0.44087
TG(16:0_18:1_20:2),CTL,individual,2:3988145,2,3988145,2.495122e-09,SORBI_3002G039800,0.44087
TG(16:0_18:1_20:2),CTL,individual,2:3988146,2,3988146,2.495122e-09,SORBI_3002G039800,0.44087
TG(16:0_18:1_20:2),CTL,individual,2:3988143,2,3988143,2.495122e-09,SORBI_3002G039800,0.437865
TG(16:0_18:1_20:2),CTL,individual,2:3988145,2,3988145,2.495122e-09,SORBI_3002G039800,0.437865
TG(16:0_18:1_20:2),CTL,individual,2:3988146,2,3988146,2.495122e-09,SORBI_3002G039800,0.437865
TG(16:0_18:1_20:2),CTL,individual,2:3988143,2,3988143,2.495122e-09,SORBI_3002G043800,0.433292
TG(16:0_18:1_20:2),CTL,individual,2:3988145,2,3988145,2.495122e-09,SORBI_3002G043800,0.433292
TG(16:0_18:1_20:2),CTL,individual,2:3988146,2,3988146,2.495122e-09,SORBI_3002G043800,0.433292
TG(16:0_18:1_20:2),CTL,individual,2:3988143,2,3988143,2.495122e-09,SORBI_3002G043800,0.430003
TG(16:0_18:1_20:2),CTL,individual,2:3988145,2,3988145,2.495122e-09,SORBI_3002G043800,0.430003
TG(16:0_18:1_20:2),CTL,individual,2:3988146,2,3988146,2.495122e-09,SORBI_3002G043800,0.430003
TG(16:0_18:1_20:2),CTL,individual,2:3988143,2,3988143,2.495122e-09,SORBI_3002G044200,0.428393
TG(16:0_18:1_20:2),CTL,individual,2:3988145,2,3988145,2.495122e-09,SORBI_3002G044200,0.428393
TG(16:0_18:1_20:2),CTL,individual,2:3988146,2,3988146,2.495122e-09,SORBI_3002G044200,0.428393
TG(16:0_18:1_20:2),CTL,individual,2:3988143,2,3988143,2.495122e-09,SORBI_3002G041900,0.428068
TG(16:0_18:1_20:2),CTL,individual,2:3988145,2,3988145,2.495122e-09,SORBI_3002G041900,0.428068
TG(16:0_18:1_20:2),CTL,individual,2:3988146,2,3988146,2.495122e-09,SORBI_3002G041900,0.428068
TG(16:0_18:1_20:2),CTL,individual,2:3988143,2,3988143,2.495122e-09,SORBI_3002G039900,0.423499
TG(16:0_18:1_20:2),CTL,individual,2:3988145,2,3988145,2.495122e-09,SORBI_3002G039900,0.423499
TG(16:0_18:1_20:2),CTL,individual,2:3988146,2,3988146,2.495122e-09,SORBI_3002G039900,0.423499
TG(16:0_18:1_20:2),CTL,individual,2:3988143,2,3988143,2.495122e-09,SORBI_3002G044200,0.423361
TG(16:0_18:1_20:2),CTL,individual,2:3988145,2,3988145,2.495122e-09,SORBI_3002G044200,0.423361
TG(16:0_18:1_20:2),CTL,individual,2:3988146,2,3988146,2.495122e-09,SORBI_3002G044200,0.423361
TG(16:0_18:1_20:2),CTL,individual,2:3988143,2,3988143,2.495122e-09,SORBI_3002G041150,0.420611
TG(16:0_18:1_20:2),CTL,individual,2:3988145,2,3988145,2.495122e-09,SORBI_3002G041150,0.420611
TG(16:0_18:1_20:2),CTL,individual,2:3988146,2,3988146,2.495122e-09,SORBI_3002G041150,0.420611
TG(16:0_18:1_20:2),CTL,individual,1:18822378,1,18822378,2.841887e-09,SORBI_3001G206100,1
TG(16:0_18:1_20:2),CTL,individual,1:18822378,1,18822378,2.841887e-09,SORBI_3001G206100,1
TG(16:0_18:1_20:2),CTL,individual,1:18822378,1,18822378,2.841887e-09,SORBI_3001G206100,0.976016
TG(16:0_18:1_20:2),CTL,individual,1:18822378,1,18822378,2.841887e-09,SORBI_3001G206100,0.856156
TG(16:0_18:1_20:2),CTL,individual,1:18822378,1,18822378,2.841887e-09,SORBI_3001G206100,0.837735
TG(16:0_18:1_20:2),CTL,individual,1:18822378,1,18822378,2.841887e-09,SORBI_3001G206100,0.775468
TG(16:0_18:1_20:2),CTL,individual,1:18822378,1,18822378,2.841887e-09,SORBI_3001G206100,0.768514
TG(16:0_18:1_20:2),CTL,individual,1:18822378,1,18822378,2.841887e-09,SORBI_3001G206100,0.749563
TG(16:0_18:1_20:2),CTL,individual,1:18822378,1,18822378,2.841887e-09,SORBI_3001G206100,0.744513
TG(16:0_18:1_20:2),CTL,individual,1:18822378,1,18822378,2.841887e-09,SORBI_3001G206100,0.743511
TG(16:0_18:1_20:2),CTL,individual,1:18822378,1,18822378,2.841887e-09,SORBI_3001G206100,0.740725
TG(16:0_18:1_20:2),CTL,individual,1:18822378,1,18822378,2.841887e-09,SORBI_3001G206100,0.72568
TG(16:0_18:1_20:2),CTL,individual,1:18822378,1,18822378,2.841887e-09,SORBI_3001G206100,0.725609
TG(16:0_18:1_20:2),CTL,individual,1:18822378,1,18822378,2.841887e-09,SORBI_3001G206100,0.716049
TG(16:0_18:1_20:2),CTL,individual,1:18822378,1,18822378,2.841887e-09,SORBI_3001G206100,0.714031
TG(16:0_18:1_20:2),CTL,individual,1:18822378,1,18822378,2.841887e-09,SORBI_3001G206100,0.705673
TG(16:0_18:1_20:2),CTL,individual,1:18822378,1,18822378,2.841887e-09,SORBI_3001G206100,0.692785
TG(16:0_18:1_20:2),CTL,individual,1:18822378,1,18822378,2.841887e-09,SORBI_3001G206100,0.678381
TG(16:0_18:1_20:2),CTL,individual,1:18822378,1,18822378,2.841887e-09,SORBI_3001G206100,0.674517
TG(16:0_18:1_20:2),CTL,individual,1:18822378,1,18822378,2.841887e-09,SORBI_3001G206100,0.669263
TG(16:0_18:1_20:2),CTL,individual,1:18822378,1,18822378,2.841887e-09,SORBI_3001G206100,0.663279
TG(16:0_18:1_20:2),CTL,individual,1:18822378,1,18822378,2.841887e-09,SORBI_3001G206100,0.645867
TG(16:0_18:1_20:2),CTL,individual,1:18822378,1,18822378,2.841887e-09,SORBI_3001G206100,0.628191
TG(16:0_18:1_20:2),CTL,individual,1:18822378,1,18822378,2.841887e-09,SORBI_3001G206100,0.60106
TG(16:0_18:1_20:2),CTL,individual,1:18822378,1,18822378,2.841887e-09,SORBI_3001G206100,0.539978
TG(16:0_18:1_20:2),CTL,individual,1:18822378,1,18822378,2.841887e-09,SORBI_3001G206100,0.52559
TG(16:0_18:1_20:2),CTL,individual,1:18822378,1,18822378,2.841887e-09,SORBI_3001G206100,0.484254
TG(16:0_18:1_20:2),CTL,individual,1:18822378,1,18822378,2.841887e-09,SORBI_3001G206100,0.479676
TG(16:0_18:1_20:2),CTL,individual,1:18822378,1,18822378,2.841887e-09,SORBI_3001G206100,0.475115
TG(16:0_18:1_20:2),CTL,individual,1:18822378,1,18822378,2.841887e-09,SORBI_3001G206100,0.462527
TG(16:0_18:1_20:2),CTL,individual,1:18822378,1,18822378,2.841887e-09,SORBI_3001G206100,0.446457
TG(16:0_18:1_20:2),CTL,individual,1:18822378,1,18822378,2.841887e-09,SORBI_3001G206100,0.438998
TG(16:0_18:1_20:2),CTL,individual,1:18822378,1,18822378,2.841887e-09,SORBI_3001G206100,0.407847
TG(16:0_18:1_20:2),CTL,individual,1:28628559,1,28628559,3.176068e-09,SORBI_3001G254200,0.734944
TG(16:0_18:1_20:2),CTL,individual,7:42424134,7,42424134,3.29042e-09,SORBI_3007G111800,0.655806
TG(16:0_18:1_20:2),CTL,individual,7:42424138,7,42424138,3.29042e-09,SORBI_3007G111800,0.655806
TG(16:0_18:1_20:2),CTL,individual,7:42424134,7,42424134,3.29042e-09,SORBI_3007G111901,0.653195
TG(16:0_18:1_20:2),CTL,individual,7:42424138,7,42424138,3.29042e-09,SORBI_3007G111901,0.653195
TG(16:0_18:1_20:2),CTL,individual,7:42424134,7,42424134,3.29042e-09,SORBI_3007G111901,0.642521
TG(16:0_18:1_20:2),CTL,individual,7:42424138,7,42424138,3.29042e-09,SORBI_3007G111901,0.642521
TG(16:0_18:1_20:2),CTL,individual,7:42424134,7,42424134,3.29042e-09,SORBI_3007G111901,0.636723
TG(16:0_18:1_20:2),CTL,individual,7:42424138,7,42424138,3.29042e-09,SORBI_3007G111901,0.636723
TG(16:0_18:1_20:2),CTL,individual,7:42424134,7,42424134,3.29042e-09,SORBI_3007G112000,0.634745
TG(16:0_18:1_20:2),CTL,individual,7:42424138,7,42424138,3.29042e-09,SORBI_3007G112000,0.634745
TG(16:0_18:1_20:2),CTL,individual,7:42424134,7,42424134,3.29042e-09,SORBI_3007G111901,0.620564
TG(16:0_18:1_20:2),CTL,individual,7:42424138,7,42424138,3.29042e-09,SORBI_3007G111901,0.620564
TG(16:0_18:1_20:2),CTL,individual,7:42424134,7,42424134,3.29042e-09,SORBI_3007G111800,0.548876
TG(16:0_18:1_20:2),CTL,individual,7:42424138,7,42424138,3.29042e-09,SORBI_3007G111800,0.548876
TG(16:0_18:1_20:2),CTL,individual,7:42424134,7,42424134,3.29042e-09,SORBI_3007G111800,0.544937
TG(16:0_18:1_20:2),CTL,individual,7:42424134,7,42424134,3.29042e-09,SORBI_3007G111901,0.544937
TG(16:0_18:1_20:2),CTL,individual,7:42424138,7,42424138,3.29042e-09,SORBI_3007G111800,0.544937
TG(16:0_18:1_20:2),CTL,individual,7:42424138,7,42424138,3.29042e-09,SORBI_3007G111901,0.544937
TG(16:0_18:1_20:2),CTL,individual,7:42424134,7,42424134,3.29042e-09,SORBI_3007G112000,0.544021
TG(16:0_18:1_20:2),CTL,individual,7:42424138,7,42424138,3.29042e-09,SORBI_3007G112000,0.544021
TG(16:0_18:1_20:2),CTL,individual,7:42424134,7,42424134,3.29042e-09,SORBI_3007G111800,0.54002
TG(16:0_18:1_20:2),CTL,individual,7:42424138,7,42424138,3.29042e-09,SORBI_3007G111800,0.54002
TG(16:0_18:1_20:2),CTL,individual,7:42424134,7,42424134,3.29042e-09,SORBI_3007G111901,0.536075
TG(16:0_18:1_20:2),CTL,individual,7:42424138,7,42424138,3.29042e-09,SORBI_3007G111901,0.536075
TG(16:0_18:1_20:2),CTL,individual,7:42424134,7,42424134,3.29042e-09,SORBI_3007G111901,0.533489
TG(16:0_18:1_20:2),CTL,individual,7:42424138,7,42424138,3.29042e-09,SORBI_3007G111901,0.533489
TG(16:0_18:1_20:2),CTL,individual,7:42424134,7,42424134,3.29042e-09,SORBI_3007G111901,0.528369
TG(16:0_18:1_20:2),CTL,individual,7:42424138,7,42424138,3.29042e-09,SORBI_3007G111901,0.528369
TG(16:0_18:1_20:2),CTL,individual,7:42424134,7,42424134,3.29042e-09,SORBI_3007G111901,0.5262
TG(16:0_18:1_20:2),CTL,individual,7:42424138,7,42424138,3.29042e-09,SORBI_3007G111901,0.5262
TG(16:0_18:1_20:2),CTL,individual,2:8255537,2,8255537,3.317635e-09,SORBI_3002G079500,1
TG(16:0_18:1_20:2),CTL,individual,2:8255537,2,8255537,3.317635e-09,SORBI_3002G079500,1
TG(16:0_18:1_20:2),CTL,individual,7:29153680,7,29153680,3.721093e-09,SORBI_3007G103350,0.536651
TG(16:0_18:1_20:2),CTL,individual,7:32262677,7,32262677,3.750703e-09,SORBI_3007G103600,0.932901
TG(16:0_18:1_20:2),CTL,individual,7:32262677,7,32262677,3.750703e-09,SORBI_3007G103600,0.896795
TG(16:0_18:1_20:2),CTL,individual,7:32262677,7,32262677,3.750703e-09,SORBI_3007G103600,0.640805
TG(16:0_18:1_20:2),CTL,individual,1:18822364,1,18822364,4.901314e-09,SORBI_3001G206100,1
TG(16:0_18:1_20:2),CTL,individual,1:18822364,1,18822364,4.901314e-09,SORBI_3001G206100,1
TG(16:0_18:1_20:2),CTL,individual,1:18822364,1,18822364,4.901314e-09,SORBI_3001G206100,0.976016
TG(16:0_18:1_20:2),CTL,individual,1:18822364,1,18822364,4.901314e-09,SORBI_3001G206100,0.952477
TG(16:0_18:1_20:2),CTL,individual,1:18822364,1,18822364,4.901314e-09,SORBI_3001G206100,0.881316
TG(16:0_18:1_20:2),CTL,individual,1:18822364,1,18822364,4.901314e-09,SORBI_3001G206100,0.855716
TG(16:0_18:1_20:2),CTL,individual,1:18822364,1,18822364,4.901314e-09,SORBI_3001G206100,0.793653
TG(16:0_18:1_20:2),CTL,individual,1:18822364,1,18822364,4.901314e-09,SORBI_3001G206100,0.792164
TG(16:0_18:1_20:2),CTL,individual,1:18822364,1,18822364,4.901314e-09,SORBI_3001G206100,0.772633
TG(16:0_18:1_20:2),CTL,individual,1:18822364,1,18822364,4.901314e-09,SORBI_3001G206100,0.76851
TG(16:0_18:1_20:2),CTL,individual,1:18822364,1,18822364,4.901314e-09,SORBI_3001G206100,0.767638
TG(16:0_18:1_20:2),CTL,individual,1:18822364,1,18822364,4.901314e-09,SORBI_3001G206100,0.756588
TG(16:0_18:1_20:2),CTL,individual,1:18822364,1,18822364,4.901314e-09,SORBI_3001G206100,0.749076
TG(16:0_18:1_20:2),CTL,individual,1:18822364,1,18822364,4.901314e-09,SORBI_3001G206100,0.74901
TG(16:0_18:1_20:2),CTL,individual,1:18822364,1,18822364,4.901314e-09,SORBI_3001G206100,0.736013
TG(16:0_18:1_20:2),CTL,individual,1:18822364,1,18822364,4.901314e-09,SORBI_3001G206100,0.731356
TG(16:0_18:1_20:2),CTL,individual,1:18822364,1,18822364,4.901314e-09,SORBI_3001G206100,0.720832
TG(16:0_18:1_20:2),CTL,individual,1:18822364,1,18822364,4.901314e-09,SORBI_3001G206100,0.718479
TG(16:0_18:1_20:2),CTL,individual,1:18822364,1,18822364,4.901314e-09,SORBI_3001G206100,0.702406
TG(16:0_18:1_20:2),CTL,individual,1:18822364,1,18822364,4.901314e-09,SORBI_3001G206100,0.682808
TG(16:0_18:1_20:2),CTL,individual,1:18822364,1,18822364,4.901314e-09,SORBI_3001G206100,0.661045
TG(16:0_18:1_20:2),CTL,individual,1:18822364,1,18822364,4.901314e-09,SORBI_3001G206100,0.657225
TG(16:0_18:1_20:2),CTL,individual,1:18822364,1,18822364,4.901314e-09,SORBI_3001G206100,0.652381
TG(16:0_18:1_20:2),CTL,individual,1:18822364,1,18822364,4.901314e-09,SORBI_3001G206100,0.648477
TG(16:0_18:1_20:2),CTL,individual,1:18822364,1,18822364,4.901314e-09,SORBI_3001G206100,0.620475
TG(16:0_18:1_20:2),CTL,individual,1:18822364,1,18822364,4.901314e-09,SORBI_3001G206100,0.563203
TG(16:0_18:1_20:2),CTL,individual,1:18822364,1,18822364,4.901314e-09,SORBI_3001G206100,0.511345
TG(16:0_18:1_20:2),CTL,individual,1:18822364,1,18822364,4.901314e-09,SORBI_3001G206100,0.495224
TG(16:0_18:1_20:2),CTL,individual,1:18822364,1,18822364,4.901314e-09,SORBI_3001G206100,0.470176
TG(16:0_18:1_20:2),CTL,individual,1:18822364,1,18822364,4.901314e-09,SORBI_3001G206100,0.460471
TG(16:0_18:1_20:2),CTL,individual,1:18822364,1,18822364,4.901314e-09,SORBI_3001G206100,0.451899
TG(16:0_18:1_20:2),CTL,individual,1:18822364,1,18822364,4.901314e-09,SORBI_3001G206100,0.450762
TG(16:0_18:1_20:2),CTL,individual,1:18822364,1,18822364,4.901314e-09,SORBI_3001G206100,0.431331
TG(16:0_18:1_20:2),CTL,individual,1:18822364,1,18822364,4.901314e-09,SORBI_3001G206100,0.421103
TG(16:0_18:1_20:2),CTL,individual,5:13053271,5,13053271,4.903505e-09,SORBI_3005G090500,0.943728
TG(16:0_18:1_20:2),CTL,individual,5:13053271,5,13053271,4.903505e-09,SORBI_3005G090200,0.93978
TG(16:0_18:1_20:2),CTL,individual,5:13053271,5,13053271,4.903505e-09,SORBI_3005G090500,0.93978
TG(16:0_18:1_20:2),CTL,individual,5:13053271,5,13053271,4.903505e-09,SORBI_3005G090401,0.939556
TG(16:0_18:1_20:2),CTL,individual,5:13053271,5,13053271,4.903505e-09,SORBI_3005G090200,0.885281
TG(16:0_18:1_20:2),CTL,individual,5:13053271,5,13053271,4.903505e-09,SORBI_3005G090500,0.885146
TG(16:0_18:1_20:2),CTL,individual,5:13053271,5,13053271,4.903505e-09,SORBI_3005G090401,0.850541
TG(16:0_18:1_20:2),CTL,individual,5:13053271,5,13053271,4.903505e-09,SORBI_3005G089900,0.569147
TG(16:0_18:1_20:2),CTL,individual,5:13053271,5,13053271,4.903505e-09,SORBI_3005G089900,0.482788
TG(16:0_18:1_20:2),CTL,individual,5:13053271,5,13053271,4.903505e-09,SORBI_3005G090500,0.45234
TG(16:0_18:1_20:2),CTL,individual,5:13053271,5,13053271,4.903505e-09,SORBI_3005G089800,0.404857
TG(16:0_18:1_20:2),CTL,individual,5:22613874,5,22613874,5.046855e-09,SORBI_3005G109300,1
TG(16:0_18:1_20:2),CTL,individual,5:22613874,5,22613874,5.046855e-09,SORBI_3005G109300,0.472222
TG(16:0_18:1_20:2),CTL,individual,5:22613874,5,22613874,5.046855e-09,SORBI_3005G109300,0.466667
TG(16:0_18:1_20:2),CTL,individual,6:32567791,6,32567791,5.439234e-09,SORBI_3006G047200,0.930248
TG(16:0_18:1_20:2),CTL,individual,6:32567791,6,32567791,5.439234e-09,SORBI_3006G047300,0.910795
TG(16:0_18:1_20:2),CTL,individual,6:32567791,6,32567791,5.439234e-09,SORBI_3006G047200,0.880471
TG(16:0_18:1_20:2),CTL,individual,6:32567791,6,32567791,5.439234e-09,SORBI_3006G047100,0.638122
TG(16:0_18:1_20:2),CTL,individual,6:32567791,6,32567791,5.439234e-09,SORBI_3006G046700,0.493319
TG(16:0_18:1_20:2),CTL,individual,6:32567791,6,32567791,5.439234e-09,SORBI_3006G046700,0.491003
TG(16:0_18:1_20:2),CTL,individual,6:32567791,6,32567791,5.439234e-09,SORBI_3006G047300,0.45829
TG(16:0_18:1_20:2),CTL,individual,6:32567791,6,32567791,5.439234e-09,SORBI_3006G047300,0.453533
TG(16:0_18:1_20:2),CTL,individual,6:32567791,6,32567791,5.439234e-09,SORBI_3006G047400,0.451957
TG(16:0_18:1_20:2),CTL,individual,6:32567791,6,32567791,5.439234e-09,SORBI_3006G047300,0.451808
TG(16:0_18:1_20:2),CTL,individual,6:32567791,6,32567791,5.439234e-09,SORBI_3006G047300,0.448853
TG(16:0_18:1_20:2),CTL,individual,6:32567791,6,32567791,5.439234e-09,SORBI_3006G047400,0.448835
TG(16:0_18:1_20:2),CTL,individual,6:32567791,6,32567791,5.439234e-09,SORBI_3006G047400,0.447297
TG(16:0_18:1_20:2),CTL,individual,6:32567791,6,32567791,5.439234e-09,SORBI_3006G047300,0.447073
TG(16:0_18:1_20:2),CTL,individual,6:32567791,6,32567791,5.439234e-09,SORBI_3006G046900,0.445494
TG(16:0_18:1_20:2),CTL,individual,6:32567791,6,32567791,5.439234e-09,SORBI_3006G047300,0.444247
TG(16:0_18:1_20:2),CTL,individual,6:32567791,6,32567791,5.439234e-09,SORBI_3006G047400,0.444247
TG(16:0_18:1_20:2),CTL,individual,6:32567791,6,32567791,5.439234e-09,SORBI_3006G047300,0.442712
TG(16:0_18:1_20:2),CTL,individual,6:32567791,6,32567791,5.439234e-09,SORBI_3006G047400,0.442712
TG(16:0_18:1_20:2),CTL,individual,6:32567791,6,32567791,5.439234e-09,SORBI_3006G047300,0.442414
TG(16:0_18:1_20:2),CTL,individual,6:32567791,6,32567791,5.439234e-09,SORBI_3006G047400,0.442414
TG(16:0_18:1_20:2),CTL,individual,6:32567791,6,32567791,5.439234e-09,SORBI_3006G046900,0.44205
TG(16:0_18:1_20:2),CTL,individual,6:32567791,6,32567791,5.439234e-09,SORBI_3006G047400,0.440856
TG(16:0_18:1_20:2),CTL,individual,6:32567791,6,32567791,5.439234e-09,SORBI_3006G047400,0.439811
TG(16:0_18:1_20:2),CTL,individual,6:32567791,6,32567791,5.439234e-09,SORBI_3006G047300,0.439713
TG(16:0_18:1_20:2),CTL,individual,6:32567791,6,32567791,5.439234e-09,SORBI_3006G047400,0.439713
TG(16:0_18:1_20:2),CTL,individual,6:32567791,6,32567791,5.439234e-09,SORBI_3006G047300,0.439376
TG(16:0_18:1_20:2),CTL,individual,6:32567791,6,32567791,5.439234e-09,SORBI_3006G047300,0.438199
TG(16:0_18:1_20:2),CTL,individual,6:32567791,6,32567791,5.439234e-09,SORBI_3006G047400,0.438199
TG(16:0_18:1_20:2),CTL,individual,6:32567791,6,32567791,5.439234e-09,SORBI_3006G047300,0.437829
TG(16:0_18:1_20:2),CTL,individual,6:32567791,6,32567791,5.439234e-09,SORBI_3006G047400,0.437829
TG(16:0_18:1_20:2),CTL,individual,6:32567791,6,32567791,5.439234e-09,SORBI_3006G047300,0.43741
TG(16:0_18:1_20:2),CTL,individual,6:32567791,6,32567791,5.439234e-09,SORBI_3006G047300,0.437234
TG(16:0_18:1_20:2),CTL,individual,6:32567791,6,32567791,5.439234e-09,SORBI_3006G047400,0.436293
TG(16:0_18:1_20:2),CTL,individual,6:32567791,6,32567791,5.439234e-09,SORBI_3006G047300,0.435995
TG(16:0_18:1_20:2),CTL,individual,6:32567791,6,32567791,5.439234e-09,SORBI_3006G047400,0.434213
TG(16:0_18:1_20:2),CTL,individual,6:32567791,6,32567791,5.439234e-09,SORBI_3006G047300,0.433317
TG(16:0_18:1_20:2),CTL,individual,6:32567791,6,32567791,5.439234e-09,SORBI_3006G047400,0.43325
TG(16:0_18:1_20:2),CTL,individual,6:32567791,6,32567791,5.439234e-09,SORBI_3006G047300,0.43298
TG(16:0_18:1_20:2),CTL,individual,6:32567791,6,32567791,5.439234e-09,SORBI_3006G047300,0.432271
TG(16:0_18:1_20:2),CTL,individual,6:32567791,6,32567791,5.439234e-09,SORBI_3006G047300,0.431801
TG(16:0_18:1_20:2),CTL,individual,6:32567791,6,32567791,5.439234e-09,SORBI_3006G047300,0.431432
TG(16:0_18:1_20:2),CTL,individual,6:32567791,6,32567791,5.439234e-09,SORBI_3006G047400,0.431432
TG(16:0_18:1_20:2),CTL,individual,6:32567791,6,32567791,5.439234e-09,SORBI_3006G047400,0.429597
TG(16:0_18:1_20:2),CTL,individual,6:32567791,6,32567791,5.439234e-09,SORBI_3006G046900,0.429283
TG(16:0_18:1_20:2),CTL,individual,6:32567791,6,32567791,5.439234e-09,SORBI_3006G047300,0.42847
TG(16:0_18:1_20:2),CTL,individual,6:32567791,6,32567791,5.439234e-09,SORBI_3006G047400,0.428037
TG(16:0_18:1_20:2),CTL,individual,6:32567791,6,32567791,5.439234e-09,SORBI_3006G047400,0.426942
TG(16:0_18:1_20:2),CTL,individual,6:32567791,6,32567791,5.439234e-09,SORBI_3006G047400,0.426849
TG(16:0_18:1_20:2),CTL,individual,6:32567791,6,32567791,5.439234e-09,SORBI_3006G047200,0.426428
TG(16:0_18:1_20:2),CTL,individual,6:32567791,6,32567791,5.439234e-09,SORBI_3006G047400,0.425425
TG(16:0_18:1_20:2),CTL,individual,6:32567791,6,32567791,5.439234e-09,SORBI_3006G047300,0.425056
TG(16:0_18:1_20:2),CTL,individual,6:32567791,6,32567791,5.439234e-09,SORBI_3006G047400,0.424947
TG(16:0_18:1_20:2),CTL,individual,6:32567791,6,32567791,5.439234e-09,SORBI_3006G047400,0.42322
TG(16:0_18:1_20:2),CTL,individual,6:32567791,6,32567791,5.439234e-09,SORBI_3006G047300,0.420933
TG(16:0_18:1_20:2),CTL,individual,6:32567791,6,32567791,5.439234e-09,SORBI_3006G047300,0.420589
TG(16:0_18:1_20:2),CTL,individual,6:32567791,6,32567791,5.439234e-09,SORBI_3006G047400,0.420589
TG(16:0_18:1_20:2),CTL,individual,6:32567791,6,32567791,5.439234e-09,SORBI_3006G047400,0.420252
TG(16:0_18:1_20:2),CTL,individual,6:32567791,6,32567791,5.439234e-09,SORBI_3006G047300,0.418701
TG(16:0_18:1_20:2),CTL,individual,6:32567791,6,32567791,5.439234e-09,SORBI_3006G047400,0.418701
TG(16:0_18:1_20:2),CTL,individual,6:32567791,6,32567791,5.439234e-09,SORBI_3006G047400,0.406055
TG(16:0_18:1_20:2),CTL,individual,6:32567791,6,32567791,5.439234e-09,SORBI_3006G047400,0.401656
TG(16:0_18:1_20:2),CTL,individual,1:18822387,1,18822387,5.456587e-09,SORBI_3001G206100,1
TG(16:0_18:1_20:2),CTL,individual,1:18822387,1,18822387,5.456587e-09,SORBI_3001G206100,1
TG(16:0_18:1_20:2),CTL,individual,1:18822387,1,18822387,5.456587e-09,SORBI_3001G206100,0.976016
TG(16:0_18:1_20:2),CTL,individual,1:18822387,1,18822387,5.456587e-09,SORBI_3001G206100,0.952477
TG(16:0_18:1_20:2),CTL,individual,1:18822387,1,18822387,5.456587e-09,SORBI_3001G206100,0.835416
TG(16:0_18:1_20:2),CTL,individual,1:18822387,1,18822387,5.456587e-09,SORBI_3001G206100,0.81689
TG(16:0_18:1_20:2),CTL,individual,1:18822387,1,18822387,5.456587e-09,SORBI_3001G206100,0.755847
TG(16:0_18:1_20:2),CTL,individual,1:18822387,1,18822387,5.456587e-09,SORBI_3001G206100,0.749076
TG(16:0_18:1_20:2),CTL,individual,1:18822387,1,18822387,5.456587e-09,SORBI_3001G206100,0.730487
TG(16:0_18:1_20:2),CTL,individual,1:18822387,1,18822387,5.456587e-09,SORBI_3001G206100,0.725667
TG(16:0_18:1_20:2),CTL,individual,1:18822387,1,18822387,5.456587e-09,SORBI_3001G206100,0.724742
TG(16:0_18:1_20:2),CTL,individual,1:18822387,1,18822387,5.456587e-09,SORBI_3001G206100,0.72223
TG(16:0_18:1_20:2),CTL,individual,1:18822387,1,18822387,5.456587e-09,SORBI_3001G206100,0.707194
TG(16:0_18:1_20:2),CTL,individual,1:18822387,1,18822387,5.456587e-09,SORBI_3001G206100,0.707117
TG(16:0_18:1_20:2),CTL,individual,1:18822387,1,18822387,5.456587e-09,SORBI_3001G206100,0.697981
TG(16:0_18:1_20:2),CTL,individual,1:18822387,1,18822387,5.456587e-09,SORBI_3001G206100,0.695633
TG(16:0_18:1_20:2),CTL,individual,1:18822387,1,18822387,5.456587e-09,SORBI_3001G206100,0.688094
TG(16:0_18:1_20:2),CTL,individual,1:18822387,1,18822387,5.456587e-09,SORBI_3001G206100,0.675323
TG(16:0_18:1_20:2),CTL,individual,1:18822387,1,18822387,5.456587e-09,SORBI_3001G206100,0.661065
TG(16:0_18:1_20:2),CTL,individual,1:18822387,1,18822387,5.456587e-09,SORBI_3001G206100,0.661045
TG(16:0_18:1_20:2),CTL,individual,1:18822387,1,18822387,5.456587e-09,SORBI_3001G206100,0.657225
TG(16:0_18:1_20:2),CTL,individual,1:18822387,1,18822387,5.456587e-09,SORBI_3001G206100,0.652381
TG(16:0_18:1_20:2),CTL,individual,1:18822387,1,18822387,5.456587e-09,SORBI_3001G206100,0.648477
TG(16:0_18:1_20:2),CTL,individual,1:18822387,1,18822387,5.456587e-09,SORBI_3001G206100,0.646673
TG(16:0_18:1_20:2),CTL,individual,1:18822387,1,18822387,5.456587e-09,SORBI_3001G206100,0.620475
TG(16:0_18:1_20:2),CTL,individual,1:18822387,1,18822387,5.456587e-09,SORBI_3001G206100,0.526183
TG(16:0_18:1_20:2),CTL,individual,1:18822387,1,18822387,5.456587e-09,SORBI_3001G206100,0.511345
TG(16:0_18:1_20:2),CTL,individual,1:18822387,1,18822387,5.456587e-09,SORBI_3001G206100,0.475115
TG(16:0_18:1_20:2),CTL,individual,1:18822387,1,18822387,5.456587e-09,SORBI_3001G206100,0.470176
TG(16:0_18:1_20:2),CTL,individual,1:18822387,1,18822387,5.456587e-09,SORBI_3001G206100,0.465895
TG(16:0_18:1_20:2),CTL,individual,1:18822387,1,18822387,5.456587e-09,SORBI_3001G206100,0.450762
TG(16:0_18:1_20:2),CTL,individual,1:18822387,1,18822387,5.456587e-09,SORBI_3001G206100,0.446457
TG(16:0_18:1_20:2),CTL,individual,1:18822387,1,18822387,5.456587e-09,SORBI_3001G206100,0.425707
TG(16:0_18:1_20:2),CTL,individual,2:37881173,2,37881173,6.010537e-09,SORBI_3002G148100,0.949842
TG(16:0_18:1_20:2),CTL,individual,2:37881173,2,37881173,6.010537e-09,SORBI_3002G148100,0.949616
TG(16:0_18:1_20:2),CTL,individual,2:37881173,2,37881173,6.010537e-09,SORBI_3002G148100,0.939486
TG(16:0_18:1_20:2),CTL,individual,2:37881173,2,37881173,6.010537e-09,SORBI_3002G148232,0.939475
TG(16:0_18:1_20:2),CTL,individual,2:37881173,2,37881173,6.010537e-09,SORBI_3002G148100,0.929591
TG(16:0_18:1_20:2),CTL,individual,2:37881173,2,37881173,6.010537e-09,SORBI_3002G148166,0.929591
TG(16:0_18:1_20:2),CTL,individual,2:37881173,2,37881173,6.010537e-09,SORBI_3002G148100,0.92116
TG(16:0_18:1_20:2),CTL,individual,2:37881173,2,37881173,6.010537e-09,SORBI_3002G148100,0.90023
TG(16:0_18:1_20:2),CTL,individual,2:37881173,2,37881173,6.010537e-09,SORBI_3002G148100,0.677787
TG(16:0_18:1_20:2),CTL,individual,2:37881173,2,37881173,6.010537e-09,SORBI_3002G148100,0.664431
TG(16:0_18:1_20:2),CTL,individual,2:37881173,2,37881173,6.010537e-09,SORBI_3002G148100,0.657338
TG(16:0_18:1_20:2),CTL,individual,2:37881173,2,37881173,6.010537e-09,SORBI_3002G148100,0.643931
TG(16:0_18:1_20:2),CTL,individual,2:37881173,2,37881173,6.010537e-09,SORBI_3002G148100,0.619607
TG(16:0_18:1_20:2),CTL,individual,2:37881173,2,37881173,6.010537e-09,SORBI_3002G148100,0.619509
TG(16:0_18:1_20:2),CTL,individual,2:37881173,2,37881173,6.010537e-09,SORBI_3002G148100,0.615138
TG(16:0_18:1_20:2),CTL,individual,2:37881173,2,37881173,6.010537e-09,SORBI_3002G148100,0.606169
TG(16:0_18:1_20:2),CTL,individual,2:37881173,2,37881173,6.010537e-09,SORBI_3002G148100,0.597312
TG(16:0_18:1_20:2),CTL,individual,2:37881173,2,37881173,6.010537e-09,SORBI_3002G148100,0.583935
TG(16:0_18:1_20:2),CTL,individual,2:37881173,2,37881173,6.010537e-09,SORBI_3002G148100,0.570582
TG(16:0_18:1_20:2),CTL,individual,2:37881173,2,37881173,6.010537e-09,SORBI_3002G148100,0.539351
TG(16:0_18:1_20:2),CTL,individual,2:37881173,2,37881173,6.010537e-09,SORBI_3002G148100,0.530053
TG(16:0_18:1_20:2),CTL,individual,2:37881173,2,37881173,6.010537e-09,SORBI_3002G148100,0.518417
TG(16:0_18:1_20:2),CTL,individual,2:37881173,2,37881173,6.010537e-09,SORBI_3002G148100,0.516878
TG(16:0_18:1_20:2),CTL,individual,2:37881173,2,37881173,6.010537e-09,SORBI_3002G148100,0.513483
TG(16:0_18:1_20:2),CTL,individual,2:37881173,2,37881173,6.010537e-09,SORBI_3002G148100,0.51013
TG(16:0_18:1_20:2),CTL,individual,2:37881173,2,37881173,6.010537e-09,SORBI_3002G148100,0.487261
TG(16:0_18:1_20:2),CTL,individual,2:37881173,2,37881173,6.010537e-09,SORBI_3002G148100,0.413805
TG(16:0_18:1_20:2),CTL,individual,1:64712304,1,64712304,6.380201e-09,SORBI_3001G357300,0.8627
TG(16:0_18:1_20:2),CTL,individual,1:64712304,1,64712304,6.380201e-09,SORBI_3001G357400,0.8627
TG(16:0_18:1_20:2),CTL,individual,1:64712304,1,64712304,6.380201e-09,SORBI_3001G357300,0.795691
TG(16:0_18:1_20:2),CTL,individual,1:64712304,1,64712304,6.380201e-09,SORBI_3001G357200,0.778832
TG(16:0_18:1_20:2),CTL,individual,1:64712304,1,64712304,6.380201e-09,SORBI_3001G357500,0.778297
TG(16:0_18:1_20:2),CTL,individual,1:64712304,1,64712304,6.380201e-09,SORBI_3001G357200,0.628084
TG(16:0_18:1_20:2),CTL,individual,1:64712304,1,64712304,6.380201e-09,SORBI_3001G356500,0.593126
TG(16:0_18:1_20:2),CTL,individual,1:64712304,1,64712304,6.380201e-09,SORBI_3001G356300,0.578221
TG(16:0_18:1_20:2),CTL,individual,1:64712304,1,64712304,6.380201e-09,SORBI_3001G356500,0.549885
TG(16:0_18:1_20:2),CTL,individual,1:64712304,1,64712304,6.380201e-09,SORBI_3001G357800,0.54983
TG(16:0_18:1_20:2),CTL,individual,1:64712304,1,64712304,6.380201e-09,SORBI_3001G354800,0.535414
TG(16:0_18:1_20:2),CTL,individual,1:64712304,1,64712304,6.380201e-09,SORBI_3001G355000,0.535414
TG(16:0_18:1_20:2),CTL,individual,1:64712304,1,64712304,6.380201e-09,SORBI_3001G357800,0.535414
TG(16:0_18:1_20:2),CTL,individual,1:64712304,1,64712304,6.380201e-09,SORBI_3001G357800,0.535303
TG(16:0_18:1_20:2),CTL,individual,1:64712304,1,64712304,6.380201e-09,SORBI_3001G357650,0.507668
TG(16:0_18:1_20:2),CTL,individual,1:64712304,1,64712304,6.380201e-09,SORBI_3001G356600,0.482423
TG(16:0_18:1_20:2),CTL,individual,1:64712304,1,64712304,6.380201e-09,SORBI_3001G354800,0.478259
TG(16:0_18:1_20:2),CTL,individual,1:64712304,1,64712304,6.380201e-09,SORBI_3001G357500,0.47798
TG(16:0_18:1_20:2),CTL,individual,1:64712304,1,64712304,6.380201e-09,SORBI_3001G357500,0.470755
TG(16:0_18:1_20:2),CTL,individual,1:64712304,1,64712304,6.380201e-09,SORBI_3001G354800,0.467072
TG(16:0_18:1_20:2),CTL,individual,1:64712304,1,64712304,6.380201e-09,SORBI_3001G357800,0.467072
TG(16:0_18:1_20:2),CTL,individual,1:64712304,1,64712304,6.380201e-09,SORBI_3001G357800,0.452643
TG(16:0_18:1_20:2),CTL,individual,1:64712304,1,64712304,6.380201e-09,SORBI_3001G357800,0.423063
TG(16:0_18:1_20:2),CTL,individual,1:64712304,1,64712304,6.380201e-09,SORBI_3001G354800,0.402643
TG(16:0_18:1_20:2),CTL,individual,1:64712304,1,64712304,6.380201e-09,SORBI_3001G357900,0.402643
TG(16:0_18:1_20:2),CTL,individual,7:29153684,7,29153684,6.541043e-09,SORBI_3007G103350,0.536651
TG(16:0_18:1_20:2),CTL,individual,7:18273885,7,18273885,7.019844e-09,SORBI_3007G096900,0.746217
TG(16:0_18:1_20:2),CTL,individual,7:18273885,7,18273885,7.019844e-09,SORBI_3007G097000,0.698338
TG(16:0_18:1_20:2),CTL,individual,7:18273885,7,18273885,7.019844e-09,SORBI_3007G096900,0.695524
TG(16:0_18:1_20:2),CTL,individual,7:18273885,7,18273885,7.019844e-09,SORBI_3007G097000,0.695524
TG(16:0_18:1_20:2),CTL,individual,7:18273885,7,18273885,7.019844e-09,SORBI_3007G096900,0.682594
TG(16:0_18:1_20:2),CTL,individual,7:18273885,7,18273885,7.019844e-09,SORBI_3007G096900,0.67986
TG(16:0_18:1_20:2),CTL,individual,7:42553687,7,42553687,7.129263e-09,SORBI_3007G112200,0.624589
TG(16:0_18:1_20:2),CTL,individual,7:42553687,7,42553687,7.129263e-09,SORBI_3007G112200,0.621252
TG(16:0_18:1_20:2),CTL,individual,7:42553687,7,42553687,7.129263e-09,SORBI_3007G111800,0.616059
TG(16:0_18:1_20:2),CTL,individual,7:42553687,7,42553687,7.129263e-09,SORBI_3007G112100,0.616059
TG(16:0_18:1_20:2),CTL,individual,7:42553687,7,42553687,7.129263e-09,SORBI_3007G112200,0.616059
TG(16:0_18:1_20:2),CTL,individual,7:42553687,7,42553687,7.129263e-09,SORBI_3007G111800,0.611643
TG(16:0_18:1_20:2),CTL,individual,7:42553687,7,42553687,7.129263e-09,SORBI_3007G111901,0.611643
TG(16:0_18:1_20:2),CTL,individual,7:42553687,7,42553687,7.129263e-09,SORBI_3007G112200,0.611643
TG(16:0_18:1_20:2),CTL,individual,7:42553687,7,42553687,7.129263e-09,SORBI_3007G112000,0.610938
TG(16:0_18:1_20:2),CTL,individual,7:42553687,7,42553687,7.129263e-09,SORBI_3007G111800,0.606454
TG(16:0_18:1_20:2),CTL,individual,7:42553687,7,42553687,7.129263e-09,SORBI_3007G112200,0.606454
TG(16:0_18:1_20:2),CTL,individual,7:42553687,7,42553687,7.129263e-09,SORBI_3007G111901,0.602035
TG(16:0_18:1_20:2),CTL,individual,7:42553687,7,42553687,7.129263e-09,SORBI_3007G112200,0.602035
TG(16:0_18:1_20:2),CTL,individual,7:42553687,7,42553687,7.129263e-09,SORBI_3007G111901,0.598811
TG(16:0_18:1_20:2),CTL,individual,7:42553687,7,42553687,7.129263e-09,SORBI_3007G111901,0.5934
TG(16:0_18:1_20:2),CTL,individual,7:42553687,7,42553687,7.129263e-09,SORBI_3007G111901,0.590641
TG(16:0_18:1_20:2),CTL,individual,7:42553687,7,42553687,7.129263e-09,SORBI_3007G111800,0.562629
TG(16:0_18:1_20:2),CTL,individual,7:42553687,7,42553687,7.129263e-09,SORBI_3007G111901,0.560406
TG(16:0_18:1_20:2),CTL,individual,7:42553687,7,42553687,7.129263e-09,SORBI_3007G111901,0.551344
TG(16:0_18:1_20:2),CTL,individual,7:42553687,7,42553687,7.129263e-09,SORBI_3007G112200,0.549139
TG(16:0_18:1_20:2),CTL,individual,7:42553687,7,42553687,7.129263e-09,SORBI_3007G111901,0.544926
TG(16:0_18:1_20:2),CTL,individual,7:42553687,7,42553687,7.129263e-09,SORBI_3007G112200,0.544926
TG(16:0_18:1_20:2),CTL,individual,7:42553687,7,42553687,7.129263e-09,SORBI_3007G112000,0.544738
TG(16:0_18:1_20:2),CTL,individual,7:42553687,7,42553687,7.129263e-09,SORBI_3007G112200,0.544738
TG(16:0_18:1_20:2),CTL,individual,7:42553687,7,42553687,7.129263e-09,SORBI_3007G111901,0.542713
TG(16:0_18:1_20:2),CTL,individual,7:42553687,7,42553687,7.129263e-09,SORBI_3007G112200,0.538326
TG(16:0_18:1_20:2),CTL,individual,7:42553687,7,42553687,7.129263e-09,SORBI_3007G112200,0.531926
TG(16:0_18:1_20:2),CTL,individual,7:42553687,7,42553687,7.129263e-09,SORBI_3007G112200,0.525462
TG(16:0_18:1_20:2),CTL,individual,7:42553687,7,42553687,7.129263e-09,SORBI_3007G112100,0.440594
TG(16:0_18:1_20:2),CTL,individual,7:13239822,7,13239822,7.334544e-09,SORBI_3007G090415,0.974311
TG(16:0_18:1_20:2),CTL,individual,7:13239822,7,13239822,7.334544e-09,SORBI_3007G090421,0.974311
TG(16:0_18:1_20:2),CTL,individual,7:13239822,7,13239822,7.334544e-09,SORBI_3007G090424,0.974311
TG(16:0_18:1_20:2),CTL,individual,7:13239822,7,13239822,7.334544e-09,SORBI_3007G090412,0.974304
TG(16:0_18:1_20:2),CTL,individual,7:13239822,7,13239822,7.334544e-09,SORBI_3007G090421,0.962051
TG(16:0_18:1_20:2),CTL,individual,7:13239822,7,13239822,7.334544e-09,SORBI_3007G090418,0.956096
TG(16:0_18:1_20:2),CTL,individual,7:13239822,7,13239822,7.334544e-09,SORBI_3007G090403,0.954956
TG(16:0_18:1_20:2),CTL,individual,7:13239822,7,13239822,7.334544e-09,SORBI_3007G090415,0.954956
TG(16:0_18:1_20:2),CTL,individual,7:13239822,7,13239822,7.334544e-09,SORBI_3007G090421,0.954956
TG(16:0_18:1_20:2),CTL,individual,7:13239822,7,13239822,7.334544e-09,SORBI_3007G090424,0.954956
TG(16:0_18:1_20:2),CTL,individual,7:13239822,7,13239822,7.334544e-09,SORBI_3007G090412,0.954944
TG(16:0_18:1_20:2),CTL,individual,7:13239822,7,13239822,7.334544e-09,SORBI_3007G090418,0.950265
TG(16:0_18:1_20:2),CTL,individual,7:13239822,7,13239822,7.334544e-09,SORBI_3007G090418,0.950238
TG(16:0_18:1_20:2),CTL,individual,7:13239822,7,13239822,7.334544e-09,SORBI_3007G090403,0.948889
TG(16:0_18:1_20:2),CTL,individual,7:13239822,7,13239822,7.334544e-09,SORBI_3007G090418,0.948889
TG(16:0_18:1_20:2),CTL,individual,7:13239822,7,13239822,7.334544e-09,SORBI_3007G090421,0.948889
TG(16:0_18:1_20:2),CTL,individual,7:13239822,7,13239822,7.334544e-09,SORBI_3007G090412,0.948875
TG(16:0_18:1_20:2),CTL,individual,7:13239822,7,13239822,7.334544e-09,SORBI_3007G090415,0.948038
TG(16:0_18:1_20:2),CTL,individual,7:13239822,7,13239822,7.334544e-09,SORBI_3007G090421,0.948038
TG(16:0_18:1_20:2),CTL,individual,7:13239822,7,13239822,7.334544e-09,SORBI_3007G090424,0.947965
TG(16:0_18:1_20:2),CTL,individual,7:13239822,7,13239822,7.334544e-09,SORBI_3007G090421,0.947963
TG(16:0_18:1_20:2),CTL,individual,7:13239822,7,13239822,7.334544e-09,SORBI_3007G090424,0.947963
TG(16:0_18:1_20:2),CTL,individual,7:13239822,7,13239822,7.334544e-09,SORBI_3007G090412,0.947949
TG(16:0_18:1_20:2),CTL,individual,7:13239822,7,13239822,7.334544e-09,SORBI_3007G090415,0.94727
TG(16:0_18:1_20:2),CTL,individual,7:13239822,7,13239822,7.334544e-09,SORBI_3007G090421,0.94727
TG(16:0_18:1_20:2),CTL,individual,7:13239822,7,13239822,7.334544e-09,SORBI_3007G090424,0.94727
TG(16:0_18:1_20:2),CTL,individual,7:13239822,7,13239822,7.334544e-09,SORBI_3007G090418,0.947241
TG(16:0_18:1_20:2),CTL,individual,7:13239822,7,13239822,7.334544e-09,SORBI_3007G090418,0.947226
TG(16:0_18:1_20:2),CTL,individual,7:13239822,7,13239822,7.334544e-09,SORBI_3007G090418,0.944566
TG(16:0_18:1_20:2),CTL,individual,7:13239822,7,13239822,7.334544e-09,SORBI_3007G090403,0.942941
TG(16:0_18:1_20:2),CTL,individual,7:13239822,7,13239822,7.334544e-09,SORBI_3007G090418,0.942941
TG(16:0_18:1_20:2),CTL,individual,7:13239822,7,13239822,7.334544e-09,SORBI_3007G090421,0.942941
TG(16:0_18:1_20:2),CTL,individual,7:13239822,7,13239822,7.334544e-09,SORBI_3007G090403,0.941787
TG(16:0_18:1_20:2),CTL,individual,7:13239822,7,13239822,7.334544e-09,SORBI_3007G090415,0.941787
TG(16:0_18:1_20:2),CTL,individual,7:13239822,7,13239822,7.334544e-09,SORBI_3007G090421,0.941787
TG(16:0_18:1_20:2),CTL,individual,7:13239822,7,13239822,7.334544e-09,SORBI_3007G090424,0.941787
TG(16:0_18:1_20:2),CTL,individual,7:13239822,7,13239822,7.334544e-09,SORBI_3007G090418,0.941755
TG(16:0_18:1_20:2),CTL,individual,7:13239822,7,13239822,7.334544e-09,SORBI_3007G090415,0.941072
TG(16:0_18:1_20:2),CTL,individual,7:13239822,7,13239822,7.334544e-09,SORBI_3007G090421,0.941072
TG(16:0_18:1_20:2),CTL,individual,7:13239822,7,13239822,7.334544e-09,SORBI_3007G090424,0.941072
TG(16:0_18:1_20:2),CTL,individual,7:13239822,7,13239822,7.334544e-09,SORBI_3007G090403,0.93712
TG(16:0_18:1_20:2),CTL,individual,7:13239822,7,13239822,7.334544e-09,SORBI_3007G090421,0.93712
TG(16:0_18:1_20:2),CTL,individual,7:13239822,7,13239822,7.334544e-09,SORBI_3007G090424,0.93712
TG(16:0_18:1_20:2),CTL,individual,7:13239822,7,13239822,7.334544e-09,SORBI_3007G090418,0.937069
TG(16:0_18:1_20:2),CTL,individual,7:13239822,7,13239822,7.334544e-09,SORBI_3007G090403,0.935727
TG(16:0_18:1_20:2),CTL,individual,7:13239822,7,13239822,7.334544e-09,SORBI_3007G090415,0.935727
TG(16:0_18:1_20:2),CTL,individual,7:13239822,7,13239822,7.334544e-09,SORBI_3007G090418,0.935727
TG(16:0_18:1_20:2),CTL,individual,7:13239822,7,13239822,7.334544e-09,SORBI_3007G090421,0.935727
TG(16:0_18:1_20:2),CTL,individual,7:13239822,7,13239822,7.334544e-09,SORBI_3007G090418,0.935674
TG(16:0_18:1_20:2),CTL,individual,7:13239822,7,13239822,7.334544e-09,SORBI_3007G090421,0.93479
TG(16:0_18:1_20:2),CTL,individual,7:13239822,7,13239822,7.334544e-09,SORBI_3007G090424,0.93479
TG(16:0_18:1_20:2),CTL,individual,7:13239822,7,13239822,7.334544e-09,SORBI_3007G090421,0.934278
TG(16:0_18:1_20:2),CTL,individual,7:13239822,7,13239822,7.334544e-09,SORBI_3007G090403,0.931433
TG(16:0_18:1_20:2),CTL,individual,7:13239822,7,13239822,7.334544e-09,SORBI_3007G090424,0.931433
TG(16:0_18:1_20:2),CTL,individual,7:13239822,7,13239822,7.334544e-09,SORBI_3007G090403,0.929787
TG(16:0_18:1_20:2),CTL,individual,7:13239822,7,13239822,7.334544e-09,SORBI_3007G090421,0.929787
TG(16:0_18:1_20:2),CTL,individual,7:13239822,7,13239822,7.334544e-09,SORBI_3007G090418,0.929749
TG(16:0_18:1_20:2),CTL,individual,7:13239822,7,13239822,7.334544e-09,SORBI_3007G090421,0.928619
TG(16:0_18:1_20:2),CTL,individual,7:13239822,7,13239822,7.334544e-09,SORBI_3007G090424,0.927582
TG(16:0_18:1_20:2),CTL,individual,7:13239822,7,13239822,7.334544e-09,SORBI_3007G090421,0.926716
TG(16:0_18:1_20:2),CTL,individual,7:13239822,7,13239822,7.334544e-09,SORBI_3007G090421,0.925887
TG(16:0_18:1_20:2),CTL,individual,7:13239822,7,13239822,7.334544e-09,SORBI_3007G090403,0.923976
TG(16:0_18:1_20:2),CTL,individual,7:13239822,7,13239822,7.334544e-09,SORBI_3007G090415,0.923418
TG(16:0_18:1_20:2),CTL,individual,7:13239822,7,13239822,7.334544e-09,SORBI_3007G090418,0.92319
TG(16:0_18:1_20:2),CTL,individual,7:13239822,7,13239822,7.334544e-09,SORBI_3007G090418,0.922575
TG(16:0_18:1_20:2),CTL,individual,7:13239822,7,13239822,7.334544e-09,SORBI_3007G090418,0.922523
TG(16:0_18:1_20:2),CTL,individual,7:13239822,7,13239822,7.334544e-09,SORBI_3007G090421,0.921913
TG(16:0_18:1_20:2),CTL,individual,7:13239822,7,13239822,7.334544e-09,SORBI_3007G090424,0.921913
TG(16:0_18:1_20:2),CTL,individual,7:13239822,7,13239822,7.334544e-09,SORBI_3007G090418,0.921829
TG(16:0_18:1_20:2),CTL,individual,7:13239822,7,13239822,7.334544e-09,SORBI_3007G090415,0.921547
TG(16:0_18:1_20:2),CTL,individual,7:13239822,7,13239822,7.334544e-09,SORBI_3007G090421,0.921547
TG(16:0_18:1_20:2),CTL,individual,7:13239822,7,13239822,7.334544e-09,SORBI_3007G090424,0.921547
TG(16:0_18:1_20:2),CTL,individual,7:13239822,7,13239822,7.334544e-09,SORBI_3007G090418,0.921504
TG(16:0_18:1_20:2),CTL,individual,7:13239822,7,13239822,7.334544e-09,SORBI_3007G090415,0.920979
TG(16:0_18:1_20:2),CTL,individual,7:13239822,7,13239822,7.334544e-09,SORBI_3007G090403,0.918301
TG(16:0_18:1_20:2),CTL,individual,7:13239822,7,13239822,7.334544e-09,SORBI_3007G090403,0.915255
TG(16:0_18:1_20:2),CTL,individual,7:13239822,7,13239822,7.334544e-09,SORBI_3007G090403,0.91475
TG(16:0_18:1_20:2),CTL,individual,7:13239822,7,13239822,7.334544e-09,SORBI_3007G090403,0.913619
TG(16:0_18:1_20:2),CTL,individual,7:13239822,7,13239822,7.334544e-09,SORBI_3007G090421,0.903659
TG(16:0_18:1_20:2),CTL,individual,7:13239822,7,13239822,7.334544e-09,SORBI_3007G090418,0.900731
TG(16:0_18:1_20:2),CTL,individual,7:13239822,7,13239822,7.334544e-09,SORBI_3007G090415,0.89705
TG(16:0_18:1_20:2),CTL,individual,7:13239822,7,13239822,7.334544e-09,SORBI_3007G090424,0.895273
TG(16:0_18:1_20:2),CTL,individual,7:13239822,7,13239822,7.334544e-09,SORBI_3007G090418,0.895216
TG(16:0_18:1_20:2),CTL,individual,7:13239822,7,13239822,7.334544e-09,SORBI_3007G090415,0.894836
TG(16:0_18:1_20:2),CTL,individual,7:13239822,7,13239822,7.334544e-09,SORBI_3007G090421,0.894836
TG(16:0_18:1_20:2),CTL,individual,7:13239822,7,13239822,7.334544e-09,SORBI_3007G090421,0.894128
TG(16:0_18:1_20:2),CTL,individual,7:13239822,7,13239822,7.334544e-09,SORBI_3007G090421,0.890504
TG(16:0_18:1_20:2),CTL,individual,7:13239822,7,13239822,7.334544e-09,SORBI_3007G090415,0.887613
TG(16:0_18:1_20:2),CTL,individual,7:13239822,7,13239822,7.334544e-09,SORBI_3007G090418,0.882942
TG(16:0_18:1_20:2),CTL,individual,7:13239822,7,13239822,7.334544e-09,SORBI_3007G090415,0.879492
TG(16:0_18:1_20:2),CTL,individual,7:13239822,7,13239822,7.334544e-09,SORBI_3007G090421,0.879247
TG(16:0_18:1_20:2),CTL,individual,7:13239822,7,13239822,7.334544e-09,SORBI_3007G090421,0.878945
TG(16:0_18:1_20:2),CTL,individual,7:13239822,7,13239822,7.334544e-09,SORBI_3007G090418,0.878003
TG(16:0_18:1_20:2),CTL,individual,7:13239822,7,13239822,7.334544e-09,SORBI_3007G090418,0.874713
TG(16:0_18:1_20:2),CTL,individual,7:13239822,7,13239822,7.334544e-09,SORBI_3007G090424,0.873692
TG(16:0_18:1_20:2),CTL,individual,7:13239822,7,13239822,7.334544e-09,SORBI_3007G090403,0.871379
TG(16:0_18:1_20:2),CTL,individual,7:13239822,7,13239822,7.334544e-09,SORBI_3007G090424,0.870821
TG(16:0_18:1_20:2),CTL,individual,7:13239822,7,13239822,7.334544e-09,SORBI_3007G090403,0.870669
TG(16:0_18:1_20:2),CTL,individual,7:13239822,7,13239822,7.334544e-09,SORBI_3007G090424,0.870106
TG(16:0_18:1_20:2),CTL,individual,7:13239822,7,13239822,7.334544e-09,SORBI_3007G090415,0.869148
TG(16:0_18:1_20:2),CTL,individual,7:13239822,7,13239822,7.334544e-09,SORBI_3007G090415,0.86884
TG(16:0_18:1_20:2),CTL,individual,7:13239822,7,13239822,7.334544e-09,SORBI_3007G090421,0.866644
TG(16:0_18:1_20:2),CTL,individual,7:13239822,7,13239822,7.334544e-09,SORBI_3007G090403,0.866524
TG(16:0_18:1_20:2),CTL,individual,7:13239822,7,13239822,7.334544e-09,SORBI_3007G090415,0.864736
TG(16:0_18:1_20:2),CTL,individual,7:13239822,7,13239822,7.334544e-09,SORBI_3007G090424,0.86413
TG(16:0_18:1_20:2),CTL,individual,7:13239822,7,13239822,7.334544e-09,SORBI_3007G090421,0.863295
TG(16:0_18:1_20:2),CTL,individual,7:13239822,7,13239822,7.334544e-09,SORBI_3007G090421,0.856909
TG(16:0_18:1_20:2),CTL,individual,7:13239822,7,13239822,7.334544e-09,SORBI_3007G090415,0.856237
TG(16:0_18:1_20:2),CTL,individual,7:13239822,7,13239822,7.334544e-09,SORBI_3007G090424,0.855452
TG(16:0_18:1_20:2),CTL,individual,7:13239822,7,13239822,7.334544e-09,SORBI_3007G090421,0.848065
TG(16:0_18:1_20:2),CTL,individual,7:13239822,7,13239822,7.334544e-09,SORBI_3007G090421,0.847533
TG(16:0_18:1_20:2),CTL,individual,7:13239822,7,13239822,7.334544e-09,SORBI_3007G090418,0.845451
TG(16:0_18:1_20:2),CTL,individual,7:13239822,7,13239822,7.334544e-09,SORBI_3007G090421,0.8454
TG(16:0_18:1_20:2),CTL,individual,7:13239822,7,13239822,7.334544e-09,SORBI_3007G090403,0.844795
TG(16:0_18:1_20:2),CTL,individual,7:13239822,7,13239822,7.334544e-09,SORBI_3007G090418,0.844187
TG(16:0_18:1_20:2),CTL,individual,7:13239822,7,13239822,7.334544e-09,SORBI_3007G090403,0.842061
TG(16:0_18:1_20:2),CTL,individual,7:13239822,7,13239822,7.334544e-09,SORBI_3007G090421,0.841885
TG(16:0_18:1_20:2),CTL,individual,7:13239822,7,13239822,7.334544e-09,SORBI_3007G090421,0.838375
TG(16:0_18:1_20:2),CTL,individual,7:13239822,7,13239822,7.334544e-09,SORBI_3007G090403,0.833984
TG(16:0_18:1_20:2),CTL,individual,7:13239822,7,13239822,7.334544e-09,SORBI_3007G090421,0.832995
TG(16:0_18:1_20:2),CTL,individual,7:13239822,7,13239822,7.334544e-09,SORBI_3007G090418,0.83098
TG(16:0_18:1_20:2),CTL,individual,7:13239822,7,13239822,7.334544e-09,SORBI_3007G090421,0.830976
TG(16:0_18:1_20:2),CTL,individual,7:13239822,7,13239822,7.334544e-09,SORBI_3007G090421,0.829717
TG(16:0_18:1_20:2),CTL,individual,7:13239822,7,13239822,7.334544e-09,SORBI_3007G090415,0.820644
TG(16:0_18:1_20:2),CTL,individual,7:13239822,7,13239822,7.334544e-09,SORBI_3007G090403,0.820486
TG(16:0_18:1_20:2),CTL,individual,7:13239822,7,13239822,7.334544e-09,SORBI_3007G090415,0.817285
TG(16:0_18:1_20:2),CTL,individual,7:13239822,7,13239822,7.334544e-09,SORBI_3007G090418,0.817247
TG(16:0_18:1_20:2),CTL,individual,7:13239822,7,13239822,7.334544e-09,SORBI_3007G090421,0.811249
TG(16:0_18:1_20:2),CTL,individual,7:13239822,7,13239822,7.334544e-09,SORBI_3007G090421,0.807924
TG(16:0_18:1_20:2),CTL,individual,7:13239822,7,13239822,7.334544e-09,SORBI_3007G090421,0.803124
TG(16:0_18:1_20:2),CTL,individual,7:13239822,7,13239822,7.334544e-09,SORBI_3007G090418,0.802982
TG(16:0_18:1_20:2),CTL,individual,7:13239822,7,13239822,7.334544e-09,SORBI_3007G090418,0.793193
TG(16:0_18:1_20:2),CTL,individual,7:13239822,7,13239822,7.334544e-09,SORBI_3007G090421,0.791418
TG(16:0_18:1_20:2),CTL,individual,7:13239822,7,13239822,7.334544e-09,SORBI_3007G090421,0.787286
TG(16:0_18:1_20:2),CTL,individual,7:13239822,7,13239822,7.334544e-09,SORBI_3007G090421,0.786613
TG(16:0_18:1_20:2),CTL,individual,7:13239822,7,13239822,7.334544e-09,SORBI_3007G090421,0.784859
TG(16:0_18:1_20:2),CTL,individual,7:13239822,7,13239822,7.334544e-09,SORBI_3007G090421,0.778343
TG(16:0_18:1_20:2),CTL,individual,7:13239822,7,13239822,7.334544e-09,SORBI_3007G090421,0.757859
TG(16:0_18:1_20:2),CTL,individual,7:13239822,7,13239822,7.334544e-09,SORBI_3007G090418,0.756526
TG(16:0_18:1_20:2),CTL,individual,7:13239822,7,13239822,7.334544e-09,SORBI_3007G090421,0.755011
TG(16:0_18:1_20:2),CTL,individual,7:13239822,7,13239822,7.334544e-09,SORBI_3007G090415,0.73692
TG(16:0_18:1_20:2),CTL,individual,7:13239822,7,13239822,7.334544e-09,SORBI_3007G090418,0.718626
TG(16:0_18:1_20:2),CTL,individual,7:13239822,7,13239822,7.334544e-09,SORBI_3007G090421,0.710259
TG(16:0_18:1_20:2),CTL,individual,7:13239822,7,13239822,7.334544e-09,SORBI_3007G090415,0.7101
TG(16:0_18:1_20:2),CTL,individual,7:13239822,7,13239822,7.334544e-09,SORBI_3007G090421,0.623472
TG(16:0_18:1_20:2),CTL,individual,7:13239822,7,13239822,7.334544e-09,SORBI_3007G090403,0.565101
TG(16:0_18:1_20:2),CTL,individual,7:13239822,7,13239822,7.334544e-09,SORBI_3007G090421,0.562254
TG(16:0_18:1_20:2),CTL,individual,7:13239822,7,13239822,7.334544e-09,SORBI_3007G090421,0.551791
TG(16:0_18:1_20:2),CTL,individual,7:13239822,7,13239822,7.334544e-09,SORBI_3007G090421,0.547064
TG(16:0_18:1_20:2),CTL,individual,7:13239822,7,13239822,7.334544e-09,SORBI_3007G090421,0.540037
TG(16:0_18:1_20:2),CTL,individual,7:13239822,7,13239822,7.334544e-09,SORBI_3007G090403,0.538358
TG(16:0_18:1_20:2),CTL,individual,7:13239822,7,13239822,7.334544e-09,SORBI_3007G090403,0.536669
TG(16:0_18:1_20:2),CTL,individual,7:13239822,7,13239822,7.334544e-09,SORBI_3007G090421,0.531818
TG(16:0_18:1_20:2),CTL,individual,7:13239822,7,13239822,7.334544e-09,SORBI_3007G090403,0.530948
TG(16:0_18:1_20:2),CTL,individual,7:13239822,7,13239822,7.334544e-09,SORBI_3007G090421,0.522278
TG(16:0_18:1_20:2),CTL,individual,7:13239822,7,13239822,7.334544e-09,SORBI_3007G090421,0.513019
TG(16:0_18:1_20:2),CTL,individual,7:13239822,7,13239822,7.334544e-09,SORBI_3007G090421,0.492705
TG(16:0_18:1_20:2),CTL,individual,7:13239822,7,13239822,7.334544e-09,SORBI_3007G090406,0.481087
TG(16:0_18:1_20:2),CTL,individual,7:13239822,7,13239822,7.334544e-09,SORBI_3007G090421,0.470529
TG(16:0_18:1_20:2),CTL,individual,7:13239822,7,13239822,7.334544e-09,SORBI_3007G090418,0.461269
TG(16:0_18:1_20:2),CTL,individual,7:13239822,7,13239822,7.334544e-09,SORBI_3007G090421,0.460733
TG(16:0_18:1_20:2),CTL,individual,7:13239822,7,13239822,7.334544e-09,SORBI_3007G090421,0.439731
TG(16:0_18:1_20:2),CTL,individual,7:13239822,7,13239822,7.334544e-09,SORBI_3007G090406,0.408238
TG(16:0_18:1_20:2),CTL,individual,7:42424128,7,42424128,7.72257e-09,SORBI_3007G111800,0.670108
TG(16:0_18:1_20:2),CTL,individual,7:42424128,7,42424128,7.72257e-09,SORBI_3007G111901,0.656535
TG(16:0_18:1_20:2),CTL,individual,7:42424128,7,42424128,7.72257e-09,SORBI_3007G111901,0.650845
TG(16:0_18:1_20:2),CTL,individual,7:42424128,7,42424128,7.72257e-09,SORBI_3007G112000,0.648589
TG(16:0_18:1_20:2),CTL,individual,7:42424128,7,42424128,7.72257e-09,SORBI_3007G111901,0.639833
TG(16:0_18:1_20:2),CTL,individual,7:42424128,7,42424128,7.72257e-09,SORBI_3007G111901,0.634562
TG(16:0_18:1_20:2),CTL,individual,7:42424128,7,42424128,7.72257e-09,SORBI_3007G111800,0.538883
TG(16:0_18:1_20:2),CTL,individual,7:42424128,7,42424128,7.72257e-09,SORBI_3007G111800,0.535015
TG(16:0_18:1_20:2),CTL,individual,7:42424128,7,42424128,7.72257e-09,SORBI_3007G111901,0.535015
TG(16:0_18:1_20:2),CTL,individual,7:42424128,7,42424128,7.72257e-09,SORBI_3007G112000,0.534068
TG(16:0_18:1_20:2),CTL,individual,7:42424128,7,42424128,7.72257e-09,SORBI_3007G111800,0.530139
TG(16:0_18:1_20:2),CTL,individual,7:42424128,7,42424128,7.72257e-09,SORBI_3007G111901,0.526265
TG(16:0_18:1_20:2),CTL,individual,7:42424128,7,42424128,7.72257e-09,SORBI_3007G111901,0.523774
TG(16:0_18:1_20:2),CTL,individual,7:42424128,7,42424128,7.72257e-09,SORBI_3007G111901,0.518697
TG(16:0_18:1_20:2),CTL,individual,7:42424128,7,42424128,7.72257e-09,SORBI_3007G111901,0.516616
