trait,condition,layer,SNP,chr,ps,p_wald,gene,r2
trans-EKODE-(E)-Ib,CTL,individual,10:32599978,10,32599978,1.654834e-10,SORBI_3010G140800,0.752445
trans-EKODE-(E)-Ib,CTL,individual,10:32599978,10,32599978,1.654834e-10,SORBI_3010G140800,0.726512
trans-EKODE-(E)-Ib,CTL,individual,10:32599978,10,32599978,1.654834e-10,SORBI_3010G140800,0.575228
trans-EKODE-(E)-Ib,CTL,individual,10:28084588,10,28084588,2.065968e-10,SORBI_3010G140600,0.780314
trans-EKODE-(E)-Ib,CTL,individual,10:28084588,10,28084588,2.065968e-10,SORBI_3010G140600,0.761674
trans-EKODE-(E)-Ib,CTL,individual,10:28084588,10,28084588,2.065968e-10,SORBI_3010G140600,0.628133
trans-EKODE-(E)-Ib,CTL,individual,10:28084588,10,28084588,2.065968e-10,SORBI_3010G140600,0.53908
trans-EKODE-(E)-Ib,CTL,individual,10:42395280,10,42395280,3.607135e-10,SORBI_3010G147500,0.683345
trans-EKODE-(E)-Ib,CTL,individual,10:42395280,10,42395280,3.607135e-10,SORBI_3010G147350,0.681951
trans-EKODE-(E)-Ib,CTL,individual,10:42395280,10,42395280,3.607135e-10,SORBI_3010G147300,0.57874
trans-EKODE-(E)-Ib,CTL,individual,10:42395280,10,42395280,3.607135e-10,SORBI_3010G147250,0.537542
trans-EKODE-(E)-Ib,CTL,individual,10:42395280,10,42395280,3.607135e-10,SORBI_3010G147300,0.525446
trans-EKODE-(E)-Ib,CTL,individual,10:42395280,10,42395280,3.607135e-10,SORBI_3010G147350,0.517226
trans-EKODE-(E)-Ib,CTL,individual,10:42395280,10,42395280,3.607135e-10,SORBI_3010G147350,0.514732
trans-EKODE-(E)-Ib,CTL,individual,10:42395280,10,42395280,3.607135e-10,SORBI_3010G147300,0.514314
trans-EKODE-(E)-Ib,CTL,individual,10:42395280,10,42395280,3.607135e-10,SORBI_3010G147250,0.49617
trans-EKODE-(E)-Ib,CTL,individual,10:42395280,10,42395280,3.607135e-10,SORBI_3010G147300,0.496159
trans-EKODE-(E)-Ib,CTL,individual,10:42395280,10,42395280,3.607135e-10,SORBI_3010G147250,0.492749
trans-EKODE-(E)-Ib,CTL,individual,10:42395280,10,42395280,3.607135e-10,SORBI_3010G147300,0.479693
trans-EKODE-(E)-Ib,CTL,individual,10:42395280,10,42395280,3.607135e-10,SORBI_3010G147250,0.464716
trans-EKODE-(E)-Ib,CTL,individual,10:42395280,10,42395280,3.607135e-10,SORBI_3010G147300,0.463208
trans-EKODE-(E)-Ib,CTL,individual,10:42395280,10,42395280,3.607135e-10,SORBI_3010G147833,0.461538
trans-EKODE-(E)-Ib,CTL,individual,10:42395280,10,42395280,3.607135e-10,SORBI_3010G147966,0.461538
trans-EKODE-(E)-Ib,CTL,individual,10:42395280,10,42395280,3.607135e-10,SORBI_3010G147350,0.447613
trans-EKODE-(E)-Ib,CTL,individual,10:42395280,10,42395280,3.607135e-10,SORBI_3010G147300,0.438678
trans-EKODE-(E)-Ib,CTL,individual,10:42395280,10,42395280,3.607135e-10,SORBI_3010G147300,0.414967
trans-EKODE-(E)-Ib,CTL,individual,1:73371781,1,73371781,4.715869e-10,SORBI_3001G457600,1
trans-EKODE-(E)-Ib,CTL,individual,1:73371781,1,73371781,4.715869e-10,SORBI_3001G457600,1
trans-EKODE-(E)-Ib,CTL,individual,1:69963671,1,69963671,4.966665e-10,SORBI_3001G418800,1
trans-EKODE-(E)-Ib,CTL,individual,1:69963671,1,69963671,4.966665e-10,SORBI_3001G418800,1
trans-EKODE-(E)-Ib,CTL,individual,1:69963671,1,69963671,4.966665e-10,SORBI_3001G418800,0.990309
trans-EKODE-(E)-Ib,CTL,individual,1:69963671,1,69963671,4.966665e-10,SORBI_3001G418800,0.990288
trans-EKODE-(E)-Ib,CTL,individual,1:69963671,1,69963671,4.966665e-10,SORBI_3001G418800,0.990266
trans-EKODE-(E)-Ib,CTL,individual,1:69963671,1,69963671,4.966665e-10,SORBI_3001G418800,0.980708
trans-EKODE-(E)-Ib,CTL,individual,1:69963671,1,69963671,4.966665e-10,SORBI_3001G418800,0.979988
trans-EKODE-(E)-Ib,CTL,individual,1:69963671,1,69963671,4.966665e-10,SORBI_3001G419300,0.970758
trans-EKODE-(E)-Ib,CTL,individual,1:69963671,1,69963671,4.966665e-10,SORBI_3001G419200,0.969799
trans-EKODE-(E)-Ib,CTL,individual,1:69963671,1,69963671,4.966665e-10,SORBI_3001G418800,0.961223
trans-EKODE-(E)-Ib,CTL,individual,1:69963671,1,69963671,4.966665e-10,SORBI_3001G418800,0.952893
trans-EKODE-(E)-Ib,CTL,individual,1:69963671,1,69963671,4.966665e-10,SORBI_3001G418800,0.941934
trans-EKODE-(E)-Ib,CTL,individual,1:69963671,1,69963671,4.966665e-10,SORBI_3001G419300,0.941757
trans-EKODE-(E)-Ib,CTL,individual,1:69963671,1,69963671,4.966665e-10,SORBI_3001G418800,0.931125
trans-EKODE-(E)-Ib,CTL,individual,1:69963671,1,69963671,4.966665e-10,SORBI_3001G419200,0.823186
trans-EKODE-(E)-Ib,CTL,individual,1:69963671,1,69963671,4.966665e-10,SORBI_3001G419200,0.819086
trans-EKODE-(E)-Ib,CTL,individual,1:69963671,1,69963671,4.966665e-10,SORBI_3001G419200,0.81905
trans-EKODE-(E)-Ib,CTL,individual,1:69963671,1,69963671,4.966665e-10,SORBI_3001G419200,0.818978
trans-EKODE-(E)-Ib,CTL,individual,1:69963671,1,69963671,4.966665e-10,SORBI_3001G419200,0.812302
trans-EKODE-(E)-Ib,CTL,individual,1:69963671,1,69963671,4.966665e-10,SORBI_3001G419200,0.810609
trans-EKODE-(E)-Ib,CTL,individual,1:69963671,1,69963671,4.966665e-10,SORBI_3001G419200,0.806234
trans-EKODE-(E)-Ib,CTL,individual,1:69963671,1,69963671,4.966665e-10,SORBI_3001G419200,0.806194
trans-EKODE-(E)-Ib,CTL,individual,1:69963671,1,69963671,4.966665e-10,SORBI_3001G419300,0.80084
trans-EKODE-(E)-Ib,CTL,individual,1:69963671,1,69963671,4.966665e-10,SORBI_3001G419200,0.79941
trans-EKODE-(E)-Ib,CTL,individual,1:69963671,1,69963671,4.966665e-10,SORBI_3001G419200,0.792473
trans-EKODE-(E)-Ib,CTL,individual,1:69963671,1,69963671,4.966665e-10,SORBI_3001G419200,0.785952
trans-EKODE-(E)-Ib,CTL,individual,1:69963671,1,69963671,4.966665e-10,SORBI_3001G419200,0.766571
trans-EKODE-(E)-Ib,CTL,individual,1:69963671,1,69963671,4.966665e-10,SORBI_3001G419300,0.736258
trans-EKODE-(E)-Ib,CTL,individual,1:69963671,1,69963671,4.966665e-10,SORBI_3001G419200,0.607772
trans-EKODE-(E)-Ib,CTL,individual,1:69963671,1,69963671,4.966665e-10,SORBI_3001G419200,0.59544
trans-EKODE-(E)-Ib,CTL,individual,1:69963671,1,69963671,4.966665e-10,SORBI_3001G419200,0.595357
trans-EKODE-(E)-Ib,CTL,individual,1:69963671,1,69963671,4.966665e-10,SORBI_3001G419000,0.468275
trans-EKODE-(E)-Ib,CTL,individual,1:69963671,1,69963671,4.966665e-10,SORBI_3001G419000,0.464248
trans-EKODE-(E)-Ib,CTL,individual,1:69963671,1,69963671,4.966665e-10,SORBI_3001G419000,0.464176
trans-EKODE-(E)-Ib,CTL,individual,1:69963671,1,69963671,4.966665e-10,SORBI_3001G419600,0.462165
trans-EKODE-(E)-Ib,CTL,individual,1:69963671,1,69963671,4.966665e-10,SORBI_3001G419100,0.447441
trans-EKODE-(E)-Ib,CTL,individual,1:69963671,1,69963671,4.966665e-10,SORBI_3001G419000,0.442284
trans-EKODE-(E)-Ib,CTL,individual,1:69963671,1,69963671,4.966665e-10,SORBI_3001G418800,0.42955
trans-EKODE-(E)-Ib,CTL,individual,1:69963671,1,69963671,4.966665e-10,SORBI_3001G418800,0.42617
trans-EKODE-(E)-Ib,CTL,individual,1:69963671,1,69963671,4.966665e-10,SORBI_3001G418800,0.424546
trans-EKODE-(E)-Ib,CTL,individual,1:69963671,1,69963671,4.966665e-10,SORBI_3001G419300,0.415093
trans-EKODE-(E)-Ib,CTL,individual,1:69963671,1,69963671,4.966665e-10,SORBI_3001G419200,0.413253
trans-EKODE-(E)-Ib,CTL,individual,1:69963671,1,69963671,4.966665e-10,SORBI_3001G419000,0.412995
trans-EKODE-(E)-Ib,CTL,individual,1:69963671,1,69963671,4.966665e-10,SORBI_3001G419200,0.412394
trans-EKODE-(E)-Ib,CTL,individual,1:69963671,1,69963671,4.966665e-10,SORBI_3001G418800,0.412033
trans-EKODE-(E)-Ib,CTL,individual,1:69963671,1,69963671,4.966665e-10,SORBI_3001G420300,0.411648
trans-EKODE-(E)-Ib,CTL,individual,1:69963671,1,69963671,4.966665e-10,SORBI_3001G419000,0.409938
trans-EKODE-(E)-Ib,CTL,individual,1:69963671,1,69963671,4.966665e-10,SORBI_3001G419200,0.409411
trans-EKODE-(E)-Ib,CTL,individual,1:69963671,1,69963671,4.966665e-10,SORBI_3001G419000,0.409279
trans-EKODE-(E)-Ib,CTL,individual,1:69963671,1,69963671,4.966665e-10,SORBI_3001G419200,0.409096
trans-EKODE-(E)-Ib,CTL,individual,1:69963671,1,69963671,4.966665e-10,SORBI_3001G418650,0.407077
trans-EKODE-(E)-Ib,CTL,individual,1:69963671,1,69963671,4.966665e-10,SORBI_3001G419000,0.403365
trans-EKODE-(E)-Ib,CTL,individual,1:69961345,1,69961345,5.845108e-10,SORBI_3001G418800,1
trans-EKODE-(E)-Ib,CTL,individual,1:69961345,1,69961345,5.845108e-10,SORBI_3001G418800,1
trans-EKODE-(E)-Ib,CTL,individual,1:69962883,1,69962883,5.845108e-10,SORBI_3001G418800,1
trans-EKODE-(E)-Ib,CTL,individual,1:69962883,1,69962883,5.845108e-10,SORBI_3001G418800,1
trans-EKODE-(E)-Ib,CTL,individual,1:69961345,1,69961345,5.845108e-10,SORBI_3001G418800,0.990309
trans-EKODE-(E)-Ib,CTL,individual,1:69962883,1,69962883,5.845108e-10,SORBI_3001G418800,0.990309
trans-EKODE-(E)-Ib,CTL,individual,1:69961345,1,69961345,5.845108e-10,SORBI_3001G418800,0.990288
trans-EKODE-(E)-Ib,CTL,individual,1:69962883,1,69962883,5.845108e-10,SORBI_3001G418800,0.990288
trans-EKODE-(E)-Ib,CTL,individual,1:69961345,1,69961345,5.845108e-10,SORBI_3001G418800,0.990266
trans-EKODE-(E)-Ib,CTL,individual,1:69962883,1,69962883,5.845108e-10,SORBI_3001G418800,0.990266
trans-EKODE-(E)-Ib,CTL,individual,1:69961345,1,69961345,5.845108e-10,SORBI_3001G418800,0.980708
trans-EKODE-(E)-Ib,CTL,individual,1:69962883,1,69962883,5.845108e-10,SORBI_3001G418800,0.980708
trans-EKODE-(E)-Ib,CTL,individual,1:69961345,1,69961345,5.845108e-10,SORBI_3001G418800,0.979988
trans-EKODE-(E)-Ib,CTL,individual,1:69962883,1,69962883,5.845108e-10,SORBI_3001G418800,0.979988
trans-EKODE-(E)-Ib,CTL,individual,1:69961345,1,69961345,5.845108e-10,SORBI_3001G418800,0.979969
trans-EKODE-(E)-Ib,CTL,individual,1:69962883,1,69962883,5.845108e-10,SORBI_3001G418800,0.979969
trans-EKODE-(E)-Ib,CTL,individual,1:69961345,1,69961345,5.845108e-10,SORBI_3001G419300,0.970758
trans-EKODE-(E)-Ib,CTL,individual,1:69962883,1,69962883,5.845108e-10,SORBI_3001G419300,0.970758
trans-EKODE-(E)-Ib,CTL,individual,1:69961345,1,69961345,5.845108e-10,SORBI_3001G419200,0.969799
trans-EKODE-(E)-Ib,CTL,individual,1:69962883,1,69962883,5.845108e-10,SORBI_3001G419200,0.969799
trans-EKODE-(E)-Ib,CTL,individual,1:69961345,1,69961345,5.845108e-10,SORBI_3001G418800,0.961223
trans-EKODE-(E)-Ib,CTL,individual,1:69962883,1,69962883,5.845108e-10,SORBI_3001G418800,0.961223
trans-EKODE-(E)-Ib,CTL,individual,1:69961345,1,69961345,5.845108e-10,SORBI_3001G418800,0.952893
trans-EKODE-(E)-Ib,CTL,individual,1:69962883,1,69962883,5.845108e-10,SORBI_3001G418800,0.952893
trans-EKODE-(E)-Ib,CTL,individual,1:69961345,1,69961345,5.845108e-10,SORBI_3001G418800,0.941934
trans-EKODE-(E)-Ib,CTL,individual,1:69962883,1,69962883,5.845108e-10,SORBI_3001G418800,0.941934
trans-EKODE-(E)-Ib,CTL,individual,1:69961345,1,69961345,5.845108e-10,SORBI_3001G419300,0.941757
trans-EKODE-(E)-Ib,CTL,individual,1:69962883,1,69962883,5.845108e-10,SORBI_3001G419300,0.941757
trans-EKODE-(E)-Ib,CTL,individual,1:69961345,1,69961345,5.845108e-10,SORBI_3001G418800,0.931125
trans-EKODE-(E)-Ib,CTL,individual,1:69962883,1,69962883,5.845108e-10,SORBI_3001G418800,0.931125
trans-EKODE-(E)-Ib,CTL,individual,1:69961345,1,69961345,5.845108e-10,SORBI_3001G419200,0.819086
trans-EKODE-(E)-Ib,CTL,individual,1:69962883,1,69962883,5.845108e-10,SORBI_3001G419200,0.819086
trans-EKODE-(E)-Ib,CTL,individual,1:69961345,1,69961345,5.845108e-10,SORBI_3001G419200,0.81905
trans-EKODE-(E)-Ib,CTL,individual,1:69962883,1,69962883,5.845108e-10,SORBI_3001G419200,0.81905
trans-EKODE-(E)-Ib,CTL,individual,1:69961345,1,69961345,5.845108e-10,SORBI_3001G419200,0.818978
trans-EKODE-(E)-Ib,CTL,individual,1:69962883,1,69962883,5.845108e-10,SORBI_3001G419200,0.818978
trans-EKODE-(E)-Ib,CTL,individual,1:69961345,1,69961345,5.845108e-10,SORBI_3001G419300,0.817789
trans-EKODE-(E)-Ib,CTL,individual,1:69962883,1,69962883,5.845108e-10,SORBI_3001G419300,0.817789
trans-EKODE-(E)-Ib,CTL,individual,1:69961345,1,69961345,5.845108e-10,SORBI_3001G419200,0.812302
trans-EKODE-(E)-Ib,CTL,individual,1:69962883,1,69962883,5.845108e-10,SORBI_3001G419200,0.812302
trans-EKODE-(E)-Ib,CTL,individual,1:69961345,1,69961345,5.845108e-10,SORBI_3001G419200,0.806428
trans-EKODE-(E)-Ib,CTL,individual,1:69962883,1,69962883,5.845108e-10,SORBI_3001G419200,0.806428
trans-EKODE-(E)-Ib,CTL,individual,1:69961345,1,69961345,5.845108e-10,SORBI_3001G419200,0.806234
trans-EKODE-(E)-Ib,CTL,individual,1:69962883,1,69962883,5.845108e-10,SORBI_3001G419200,0.806234
trans-EKODE-(E)-Ib,CTL,individual,1:69961345,1,69961345,5.845108e-10,SORBI_3001G419200,0.806194
trans-EKODE-(E)-Ib,CTL,individual,1:69962883,1,69962883,5.845108e-10,SORBI_3001G419200,0.806194
trans-EKODE-(E)-Ib,CTL,individual,1:69961345,1,69961345,5.845108e-10,SORBI_3001G419200,0.79941
trans-EKODE-(E)-Ib,CTL,individual,1:69962883,1,69962883,5.845108e-10,SORBI_3001G419200,0.79941
trans-EKODE-(E)-Ib,CTL,individual,1:69961345,1,69961345,5.845108e-10,SORBI_3001G419200,0.793785
trans-EKODE-(E)-Ib,CTL,individual,1:69962883,1,69962883,5.845108e-10,SORBI_3001G419200,0.793785
trans-EKODE-(E)-Ib,CTL,individual,1:69961345,1,69961345,5.845108e-10,SORBI_3001G419200,0.792473
trans-EKODE-(E)-Ib,CTL,individual,1:69962883,1,69962883,5.845108e-10,SORBI_3001G419200,0.792473
trans-EKODE-(E)-Ib,CTL,individual,1:69961345,1,69961345,5.845108e-10,SORBI_3001G419200,0.785952
trans-EKODE-(E)-Ib,CTL,individual,1:69962883,1,69962883,5.845108e-10,SORBI_3001G419200,0.785952
trans-EKODE-(E)-Ib,CTL,individual,1:69961345,1,69961345,5.845108e-10,SORBI_3001G419200,0.766571
trans-EKODE-(E)-Ib,CTL,individual,1:69962883,1,69962883,5.845108e-10,SORBI_3001G419200,0.766571
trans-EKODE-(E)-Ib,CTL,individual,1:69961345,1,69961345,5.845108e-10,SORBI_3001G419300,0.751733
trans-EKODE-(E)-Ib,CTL,individual,1:69962883,1,69962883,5.845108e-10,SORBI_3001G419300,0.751733
trans-EKODE-(E)-Ib,CTL,individual,1:69961345,1,69961345,5.845108e-10,SORBI_3001G419200,0.607772
trans-EKODE-(E)-Ib,CTL,individual,1:69962883,1,69962883,5.845108e-10,SORBI_3001G419200,0.607772
trans-EKODE-(E)-Ib,CTL,individual,1:69961345,1,69961345,5.845108e-10,SORBI_3001G419200,0.59544
trans-EKODE-(E)-Ib,CTL,individual,1:69962883,1,69962883,5.845108e-10,SORBI_3001G419200,0.59544
trans-EKODE-(E)-Ib,CTL,individual,1:69961345,1,69961345,5.845108e-10,SORBI_3001G419200,0.595357
trans-EKODE-(E)-Ib,CTL,individual,1:69962883,1,69962883,5.845108e-10,SORBI_3001G419200,0.595357
trans-EKODE-(E)-Ib,CTL,individual,1:69961345,1,69961345,5.845108e-10,SORBI_3001G419000,0.49663
trans-EKODE-(E)-Ib,CTL,individual,1:69962883,1,69962883,5.845108e-10,SORBI_3001G419000,0.49663
trans-EKODE-(E)-Ib,CTL,individual,1:69961345,1,69961345,5.845108e-10,SORBI_3001G419000,0.496561
trans-EKODE-(E)-Ib,CTL,individual,1:69962883,1,69962883,5.845108e-10,SORBI_3001G419000,0.496561
trans-EKODE-(E)-Ib,CTL,individual,1:69961345,1,69961345,5.845108e-10,SORBI_3001G419000,0.484721
trans-EKODE-(E)-Ib,CTL,individual,1:69962883,1,69962883,5.845108e-10,SORBI_3001G419000,0.484721
trans-EKODE-(E)-Ib,CTL,individual,1:69961345,1,69961345,5.845108e-10,SORBI_3001G419100,0.478735
trans-EKODE-(E)-Ib,CTL,individual,1:69962883,1,69962883,5.845108e-10,SORBI_3001G419100,0.478735
trans-EKODE-(E)-Ib,CTL,individual,1:69961345,1,69961345,5.845108e-10,SORBI_3001G419600,0.447341
trans-EKODE-(E)-Ib,CTL,individual,1:69962883,1,69962883,5.845108e-10,SORBI_3001G419600,0.447341
trans-EKODE-(E)-Ib,CTL,individual,1:69961345,1,69961345,5.845108e-10,SORBI_3001G419300,0.444343
trans-EKODE-(E)-Ib,CTL,individual,1:69962883,1,69962883,5.845108e-10,SORBI_3001G419300,0.444343
trans-EKODE-(E)-Ib,CTL,individual,1:69961345,1,69961345,5.845108e-10,SORBI_3001G419000,0.442284
trans-EKODE-(E)-Ib,CTL,individual,1:69962883,1,69962883,5.845108e-10,SORBI_3001G419000,0.442284
trans-EKODE-(E)-Ib,CTL,individual,1:69961345,1,69961345,5.845108e-10,SORBI_3001G419200,0.438309
trans-EKODE-(E)-Ib,CTL,individual,1:69962883,1,69962883,5.845108e-10,SORBI_3001G419200,0.438309
trans-EKODE-(E)-Ib,CTL,individual,1:69961345,1,69961345,5.845108e-10,SORBI_3001G419000,0.429924
trans-EKODE-(E)-Ib,CTL,individual,1:69962883,1,69962883,5.845108e-10,SORBI_3001G419000,0.429924
trans-EKODE-(E)-Ib,CTL,individual,1:69961345,1,69961345,5.845108e-10,SORBI_3001G418800,0.42955
trans-EKODE-(E)-Ib,CTL,individual,1:69962883,1,69962883,5.845108e-10,SORBI_3001G418800,0.42955
trans-EKODE-(E)-Ib,CTL,individual,1:69961345,1,69961345,5.845108e-10,SORBI_3001G418800,0.42663
trans-EKODE-(E)-Ib,CTL,individual,1:69962883,1,69962883,5.845108e-10,SORBI_3001G418800,0.42663
trans-EKODE-(E)-Ib,CTL,individual,1:69961345,1,69961345,5.845108e-10,SORBI_3001G418800,0.42617
trans-EKODE-(E)-Ib,CTL,individual,1:69962883,1,69962883,5.845108e-10,SORBI_3001G418800,0.42617
trans-EKODE-(E)-Ib,CTL,individual,1:69961345,1,69961345,5.845108e-10,SORBI_3001G418650,0.425603
trans-EKODE-(E)-Ib,CTL,individual,1:69962883,1,69962883,5.845108e-10,SORBI_3001G418650,0.425603
trans-EKODE-(E)-Ib,CTL,individual,1:69961345,1,69961345,5.845108e-10,SORBI_3001G419300,0.421968
trans-EKODE-(E)-Ib,CTL,individual,1:69962883,1,69962883,5.845108e-10,SORBI_3001G419300,0.421968
trans-EKODE-(E)-Ib,CTL,individual,1:69961345,1,69961345,5.845108e-10,SORBI_3001G419300,0.421804
trans-EKODE-(E)-Ib,CTL,individual,1:69962883,1,69962883,5.845108e-10,SORBI_3001G419300,0.421804
trans-EKODE-(E)-Ib,CTL,individual,1:69961345,1,69961345,5.845108e-10,SORBI_3001G419300,0.421637
trans-EKODE-(E)-Ib,CTL,individual,1:69962883,1,69962883,5.845108e-10,SORBI_3001G419300,0.421637
trans-EKODE-(E)-Ib,CTL,individual,1:69961345,1,69961345,5.845108e-10,SORBI_3001G418800,0.415244
trans-EKODE-(E)-Ib,CTL,individual,1:69962883,1,69962883,5.845108e-10,SORBI_3001G418800,0.415244
trans-EKODE-(E)-Ib,CTL,individual,1:69961345,1,69961345,5.845108e-10,SORBI_3001G419200,0.413253
trans-EKODE-(E)-Ib,CTL,individual,1:69962883,1,69962883,5.845108e-10,SORBI_3001G419200,0.413253
trans-EKODE-(E)-Ib,CTL,individual,1:69961345,1,69961345,5.845108e-10,SORBI_3001G419000,0.412995
trans-EKODE-(E)-Ib,CTL,individual,1:69962883,1,69962883,5.845108e-10,SORBI_3001G419000,0.412995
trans-EKODE-(E)-Ib,CTL,individual,1:69961345,1,69961345,5.845108e-10,SORBI_3001G419000,0.409938
trans-EKODE-(E)-Ib,CTL,individual,1:69962883,1,69962883,5.845108e-10,SORBI_3001G419000,0.409938
trans-EKODE-(E)-Ib,CTL,individual,1:69961345,1,69961345,5.845108e-10,SORBI_3001G419000,0.409279
trans-EKODE-(E)-Ib,CTL,individual,1:69962883,1,69962883,5.845108e-10,SORBI_3001G419000,0.409279
trans-EKODE-(E)-Ib,CTL,individual,1:69961345,1,69961345,5.845108e-10,SORBI_3001G419200,0.403261
trans-EKODE-(E)-Ib,CTL,individual,1:69962883,1,69962883,5.845108e-10,SORBI_3001G419200,0.403261
trans-EKODE-(E)-Ib,CTL,individual,5:70732771,5,70732771,6.126551e-10,SORBI_3005G220680,0.899251
trans-EKODE-(E)-Ib,CTL,individual,5:70732771,5,70732771,6.126551e-10,SORBI_3005G220680,0.892583
trans-EKODE-(E)-Ib,CTL,individual,5:70732771,5,70732771,6.126551e-10,SORBI_3005G220300,0.890521
trans-EKODE-(E)-Ib,CTL,individual,5:70732771,5,70732771,6.126551e-10,SORBI_3005G220300,0.890488
trans-EKODE-(E)-Ib,CTL,individual,5:70732771,5,70732771,6.126551e-10,SORBI_3005G220680,0.890138
trans-EKODE-(E)-Ib,CTL,individual,5:70732771,5,70732771,6.126551e-10,SORBI_3005G220680,0.889909
trans-EKODE-(E)-Ib,CTL,individual,5:70732771,5,70732771,6.126551e-10,SORBI_3005G220680,0.887633
trans-EKODE-(E)-Ib,CTL,individual,5:70732771,5,70732771,6.126551e-10,SORBI_3005G220300,0.887591
trans-EKODE-(E)-Ib,CTL,individual,5:70732771,5,70732771,6.126551e-10,SORBI_3005G220500,0.887591
trans-EKODE-(E)-Ib,CTL,individual,5:70732771,5,70732771,6.126551e-10,SORBI_3005G220560,0.887591
trans-EKODE-(E)-Ib,CTL,individual,5:70732771,5,70732771,6.126551e-10,SORBI_3005G220300,0.887556
trans-EKODE-(E)-Ib,CTL,individual,5:70732771,5,70732771,6.126551e-10,SORBI_3005G220680,0.886854
trans-EKODE-(E)-Ib,CTL,individual,5:70732771,5,70732771,6.126551e-10,SORBI_3005G220680,0.886369
trans-EKODE-(E)-Ib,CTL,individual,5:70732771,5,70732771,6.126551e-10,SORBI_3005G220560,0.885928
trans-EKODE-(E)-Ib,CTL,individual,5:70732771,5,70732771,6.126551e-10,SORBI_3005G220300,0.885371
trans-EKODE-(E)-Ib,CTL,individual,5:70732771,5,70732771,6.126551e-10,SORBI_3005G220300,0.885336
trans-EKODE-(E)-Ib,CTL,individual,5:70732771,5,70732771,6.126551e-10,SORBI_3005G220680,0.884017
trans-EKODE-(E)-Ib,CTL,individual,5:70732771,5,70732771,6.126551e-10,SORBI_3005G220500,0.880827
trans-EKODE-(E)-Ib,CTL,individual,5:70732771,5,70732771,6.126551e-10,SORBI_3005G220300,0.87697
trans-EKODE-(E)-Ib,CTL,individual,5:70732771,5,70732771,6.126551e-10,SORBI_3005G220680,0.875612
trans-EKODE-(E)-Ib,CTL,individual,5:70732771,5,70732771,6.126551e-10,SORBI_3005G220680,0.87249
trans-EKODE-(E)-Ib,CTL,individual,5:70732771,5,70732771,6.126551e-10,SORBI_3005G220680,0.869732
trans-EKODE-(E)-Ib,CTL,individual,5:70732771,5,70732771,6.126551e-10,SORBI_3005G220680,0.869698
trans-EKODE-(E)-Ib,CTL,individual,5:70732771,5,70732771,6.126551e-10,SORBI_3005G220500,0.869683
trans-EKODE-(E)-Ib,CTL,individual,5:70732771,5,70732771,6.126551e-10,SORBI_3005G220500,0.867384
trans-EKODE-(E)-Ib,CTL,individual,5:70732771,5,70732771,6.126551e-10,SORBI_3005G220680,0.867384
trans-EKODE-(E)-Ib,CTL,individual,5:70732771,5,70732771,6.126551e-10,SORBI_3005G220680,0.867363
trans-EKODE-(E)-Ib,CTL,individual,5:70732771,5,70732771,6.126551e-10,SORBI_3005G220400,0.865415
trans-EKODE-(E)-Ib,CTL,individual,5:70732771,5,70732771,6.126551e-10,SORBI_3005G220680,0.865408
trans-EKODE-(E)-Ib,CTL,individual,5:70732771,5,70732771,6.126551e-10,SORBI_3005G220680,0.863806
trans-EKODE-(E)-Ib,CTL,individual,5:70732771,5,70732771,6.126551e-10,SORBI_3005G220500,0.861905
trans-EKODE-(E)-Ib,CTL,individual,5:70732771,5,70732771,6.126551e-10,SORBI_3005G220680,0.860313
trans-EKODE-(E)-Ib,CTL,individual,5:70732771,5,70732771,6.126551e-10,SORBI_3005G220680,0.859245
trans-EKODE-(E)-Ib,CTL,individual,5:70732771,5,70732771,6.126551e-10,SORBI_3005G220680,0.856144
trans-EKODE-(E)-Ib,CTL,individual,5:70732771,5,70732771,6.126551e-10,SORBI_3005G220500,0.855287
trans-EKODE-(E)-Ib,CTL,individual,5:70732771,5,70732771,6.126551e-10,SORBI_3005G220680,0.852448
trans-EKODE-(E)-Ib,CTL,individual,5:70732771,5,70732771,6.126551e-10,SORBI_3005G220560,0.847178
trans-EKODE-(E)-Ib,CTL,individual,5:70732771,5,70732771,6.126551e-10,SORBI_3005G220680,0.847178
trans-EKODE-(E)-Ib,CTL,individual,5:70732771,5,70732771,6.126551e-10,SORBI_3005G220300,0.846656
trans-EKODE-(E)-Ib,CTL,individual,5:70732771,5,70732771,6.126551e-10,SORBI_3005G220300,0.846609
trans-EKODE-(E)-Ib,CTL,individual,5:70732771,5,70732771,6.126551e-10,SORBI_3005G220300,0.846514
trans-EKODE-(E)-Ib,CTL,individual,5:70732771,5,70732771,6.126551e-10,SORBI_3005G220680,0.844343
trans-EKODE-(E)-Ib,CTL,individual,5:70732771,5,70732771,6.126551e-10,SORBI_3005G220680,0.838192
trans-EKODE-(E)-Ib,CTL,individual,5:70732771,5,70732771,6.126551e-10,SORBI_3005G220300,0.832538
trans-EKODE-(E)-Ib,CTL,individual,5:70732771,5,70732771,6.126551e-10,SORBI_3005G220680,0.832456
trans-EKODE-(E)-Ib,CTL,individual,5:70732771,5,70732771,6.126551e-10,SORBI_3005G220800,0.831968
trans-EKODE-(E)-Ib,CTL,individual,5:70732771,5,70732771,6.126551e-10,SORBI_3005G220680,0.829515
trans-EKODE-(E)-Ib,CTL,individual,5:70732771,5,70732771,6.126551e-10,SORBI_3005G220740,0.827201
trans-EKODE-(E)-Ib,CTL,individual,5:70732771,5,70732771,6.126551e-10,SORBI_3005G220740,0.827169
trans-EKODE-(E)-Ib,CTL,individual,5:70732771,5,70732771,6.126551e-10,SORBI_3005G220740,0.826561
trans-EKODE-(E)-Ib,CTL,individual,5:70732771,5,70732771,6.126551e-10,SORBI_3005G220680,0.824833
trans-EKODE-(E)-Ib,CTL,individual,5:70732771,5,70732771,6.126551e-10,SORBI_3005G220680,0.820661
trans-EKODE-(E)-Ib,CTL,individual,5:70732771,5,70732771,6.126551e-10,SORBI_3005G220740,0.819923
trans-EKODE-(E)-Ib,CTL,individual,5:70732771,5,70732771,6.126551e-10,SORBI_3005G220680,0.819463
trans-EKODE-(E)-Ib,CTL,individual,5:70732771,5,70732771,6.126551e-10,SORBI_3005G220740,0.819463
trans-EKODE-(E)-Ib,CTL,individual,5:70732771,5,70732771,6.126551e-10,SORBI_3005G220740,0.81943
trans-EKODE-(E)-Ib,CTL,individual,5:70732771,5,70732771,6.126551e-10,SORBI_3005G220680,0.818226
trans-EKODE-(E)-Ib,CTL,individual,5:70732771,5,70732771,6.126551e-10,SORBI_3005G220300,0.817104
trans-EKODE-(E)-Ib,CTL,individual,5:70732771,5,70732771,6.126551e-10,SORBI_3005G220500,0.814162
trans-EKODE-(E)-Ib,CTL,individual,5:70732771,5,70732771,6.126551e-10,SORBI_3005G220680,0.812673
trans-EKODE-(E)-Ib,CTL,individual,5:70732771,5,70732771,6.126551e-10,SORBI_3005G220680,0.812486
trans-EKODE-(E)-Ib,CTL,individual,5:70732771,5,70732771,6.126551e-10,SORBI_3005G220680,0.810588
trans-EKODE-(E)-Ib,CTL,individual,5:70732771,5,70732771,6.126551e-10,SORBI_3005G220800,0.810462
trans-EKODE-(E)-Ib,CTL,individual,5:70732771,5,70732771,6.126551e-10,SORBI_3005G220800,0.810428
trans-EKODE-(E)-Ib,CTL,individual,5:70732771,5,70732771,6.126551e-10,SORBI_3005G220400,0.808866
trans-EKODE-(E)-Ib,CTL,individual,5:70732771,5,70732771,6.126551e-10,SORBI_3005G220300,0.808475
trans-EKODE-(E)-Ib,CTL,individual,5:70732771,5,70732771,6.126551e-10,SORBI_3005G220300,0.808415
trans-EKODE-(E)-Ib,CTL,individual,5:70732771,5,70732771,6.126551e-10,SORBI_3005G220740,0.805625
trans-EKODE-(E)-Ib,CTL,individual,5:70732771,5,70732771,6.126551e-10,SORBI_3005G220680,0.799023
trans-EKODE-(E)-Ib,CTL,individual,5:70732771,5,70732771,6.126551e-10,SORBI_3005G220740,0.798879
trans-EKODE-(E)-Ib,CTL,individual,5:70732771,5,70732771,6.126551e-10,SORBI_3005G220500,0.792858
trans-EKODE-(E)-Ib,CTL,individual,5:70732771,5,70732771,6.126551e-10,SORBI_3005G220400,0.792244
trans-EKODE-(E)-Ib,CTL,individual,5:70732771,5,70732771,6.126551e-10,SORBI_3005G220800,0.789862
trans-EKODE-(E)-Ib,CTL,individual,5:70732771,5,70732771,6.126551e-10,SORBI_3005G220300,0.788115
trans-EKODE-(E)-Ib,CTL,individual,5:70732771,5,70732771,6.126551e-10,SORBI_3005G220680,0.785144
trans-EKODE-(E)-Ib,CTL,individual,5:70732771,5,70732771,6.126551e-10,SORBI_3005G220300,0.780872
trans-EKODE-(E)-Ib,CTL,individual,5:70732771,5,70732771,6.126551e-10,SORBI_3005G220500,0.779013
trans-EKODE-(E)-Ib,CTL,individual,5:70732771,5,70732771,6.126551e-10,SORBI_3005G220740,0.778381
trans-EKODE-(E)-Ib,CTL,individual,5:70732771,5,70732771,6.126551e-10,SORBI_3005G220300,0.77253
trans-EKODE-(E)-Ib,CTL,individual,5:70732771,5,70732771,6.126551e-10,SORBI_3005G220300,0.770802
trans-EKODE-(E)-Ib,CTL,individual,5:70732771,5,70732771,6.126551e-10,SORBI_3005G220300,0.770735
trans-EKODE-(E)-Ib,CTL,individual,5:70732771,5,70732771,6.126551e-10,SORBI_3005G220300,0.770666
trans-EKODE-(E)-Ib,CTL,individual,5:70732771,5,70732771,6.126551e-10,SORBI_3005G220300,0.770598
trans-EKODE-(E)-Ib,CTL,individual,5:70732771,5,70732771,6.126551e-10,SORBI_3005G220300,0.770389
trans-EKODE-(E)-Ib,CTL,individual,5:70732771,5,70732771,6.126551e-10,SORBI_3005G220500,0.765242
trans-EKODE-(E)-Ib,CTL,individual,5:70732771,5,70732771,6.126551e-10,SORBI_3005G220680,0.765163
trans-EKODE-(E)-Ib,CTL,individual,5:70732771,5,70732771,6.126551e-10,SORBI_3005G220300,0.760792
trans-EKODE-(E)-Ib,CTL,individual,5:70732771,5,70732771,6.126551e-10,SORBI_3005G220400,0.758759
trans-EKODE-(E)-Ib,CTL,individual,5:70732771,5,70732771,6.126551e-10,SORBI_3005G220300,0.750748
trans-EKODE-(E)-Ib,CTL,individual,5:70732771,5,70732771,6.126551e-10,SORBI_3005G220300,0.750394
trans-EKODE-(E)-Ib,CTL,individual,5:70732771,5,70732771,6.126551e-10,SORBI_3005G220300,0.750027
trans-EKODE-(E)-Ib,CTL,individual,5:70732771,5,70732771,6.126551e-10,SORBI_3005G220300,0.749952
trans-EKODE-(E)-Ib,CTL,individual,5:70732771,5,70732771,6.126551e-10,SORBI_3005G220300,0.740887
trans-EKODE-(E)-Ib,CTL,individual,5:70732771,5,70732771,6.126551e-10,SORBI_3005G220300,0.740559
trans-EKODE-(E)-Ib,CTL,individual,5:70732771,5,70732771,6.126551e-10,SORBI_3005G220300,0.740407
trans-EKODE-(E)-Ib,CTL,individual,5:70732771,5,70732771,6.126551e-10,SORBI_3005G220300,0.74033
trans-EKODE-(E)-Ib,CTL,individual,5:70732771,5,70732771,6.126551e-10,SORBI_3005G220740,0.739919
trans-EKODE-(E)-Ib,CTL,individual,5:70732771,5,70732771,6.126551e-10,SORBI_3005G220300,0.732743
trans-EKODE-(E)-Ib,CTL,individual,5:70732771,5,70732771,6.126551e-10,SORBI_3005G220740,0.718447
trans-EKODE-(E)-Ib,CTL,individual,5:70732771,5,70732771,6.126551e-10,SORBI_3005G220680,0.710854
trans-EKODE-(E)-Ib,CTL,individual,5:70732771,5,70732771,6.126551e-10,SORBI_3005G220300,0.705136
trans-EKODE-(E)-Ib,CTL,individual,5:70732771,5,70732771,6.126551e-10,SORBI_3005G220740,0.694726
trans-EKODE-(E)-Ib,CTL,individual,5:70732771,5,70732771,6.126551e-10,SORBI_3005G220300,0.693179
trans-EKODE-(E)-Ib,CTL,individual,5:70732771,5,70732771,6.126551e-10,SORBI_3005G220300,0.691207
trans-EKODE-(E)-Ib,CTL,individual,5:70732771,5,70732771,6.126551e-10,SORBI_3005G220300,0.685031
trans-EKODE-(E)-Ib,CTL,individual,5:70732771,5,70732771,6.126551e-10,SORBI_3005G220300,0.679664
trans-EKODE-(E)-Ib,CTL,individual,5:70732771,5,70732771,6.126551e-10,SORBI_3005G220300,0.678969
trans-EKODE-(E)-Ib,CTL,individual,5:70732771,5,70732771,6.126551e-10,SORBI_3005G220300,0.678877
trans-EKODE-(E)-Ib,CTL,individual,5:70732771,5,70732771,6.126551e-10,SORBI_3005G220300,0.675838
trans-EKODE-(E)-Ib,CTL,individual,5:70732771,5,70732771,6.126551e-10,SORBI_3005G220300,0.675536
trans-EKODE-(E)-Ib,CTL,individual,5:70732771,5,70732771,6.126551e-10,SORBI_3005G220300,0.673087
trans-EKODE-(E)-Ib,CTL,individual,5:70732771,5,70732771,6.126551e-10,SORBI_3005G220740,0.651205
trans-EKODE-(E)-Ib,CTL,individual,5:70732771,5,70732771,6.126551e-10,SORBI_3005G220680,0.622992
trans-EKODE-(E)-Ib,CTL,individual,5:70732771,5,70732771,6.126551e-10,SORBI_3005G220680,0.615468
trans-EKODE-(E)-Ib,CTL,individual,5:70732771,5,70732771,6.126551e-10,SORBI_3005G220800,0.610458
trans-EKODE-(E)-Ib,CTL,individual,5:70732771,5,70732771,6.126551e-10,SORBI_3005G220680,0.604256
trans-EKODE-(E)-Ib,CTL,individual,5:70732771,5,70732771,6.126551e-10,SORBI_3005G219900,0.598508
trans-EKODE-(E)-Ib,CTL,individual,5:70732771,5,70732771,6.126551e-10,SORBI_3005G220300,0.574947
trans-EKODE-(E)-Ib,CTL,individual,5:70732771,5,70732771,6.126551e-10,SORBI_3005G220300,0.564691
trans-EKODE-(E)-Ib,CTL,individual,5:70732771,5,70732771,6.126551e-10,SORBI_3005G220300,0.564425
trans-EKODE-(E)-Ib,CTL,individual,5:70732771,5,70732771,6.126551e-10,SORBI_3005G220300,0.56123
trans-EKODE-(E)-Ib,CTL,individual,5:70732771,5,70732771,6.126551e-10,SORBI_3005G220300,0.559901
trans-EKODE-(E)-Ib,CTL,individual,5:70732771,5,70732771,6.126551e-10,SORBI_3005G220300,0.557011
trans-EKODE-(E)-Ib,CTL,individual,5:70732771,5,70732771,6.126551e-10,SORBI_3005G220300,0.556673
trans-EKODE-(E)-Ib,CTL,individual,5:70732771,5,70732771,6.126551e-10,SORBI_3005G220300,0.553924
trans-EKODE-(E)-Ib,CTL,individual,5:70732771,5,70732771,6.126551e-10,SORBI_3005G220300,0.552911
trans-EKODE-(E)-Ib,CTL,individual,5:70732771,5,70732771,6.126551e-10,SORBI_3005G220300,0.550414
trans-EKODE-(E)-Ib,CTL,individual,5:70732771,5,70732771,6.126551e-10,SORBI_3005G220300,0.546527
trans-EKODE-(E)-Ib,CTL,individual,5:70732771,5,70732771,6.126551e-10,SORBI_3005G220300,0.536113
trans-EKODE-(E)-Ib,CTL,individual,5:70732771,5,70732771,6.126551e-10,SORBI_3005G220300,0.534909
trans-EKODE-(E)-Ib,CTL,individual,5:70732771,5,70732771,6.126551e-10,SORBI_3005G220300,0.527656
trans-EKODE-(E)-Ib,CTL,individual,5:70732771,5,70732771,6.126551e-10,SORBI_3005G220300,0.519287
trans-EKODE-(E)-Ib,CTL,individual,5:70732771,5,70732771,6.126551e-10,SORBI_3005G220300,0.519144
trans-EKODE-(E)-Ib,CTL,individual,5:70732771,5,70732771,6.126551e-10,SORBI_3005G220300,0.518707
trans-EKODE-(E)-Ib,CTL,individual,5:70732771,5,70732771,6.126551e-10,SORBI_3005G220300,0.515073
trans-EKODE-(E)-Ib,CTL,individual,5:70732771,5,70732771,6.126551e-10,SORBI_3005G220500,0.51459
trans-EKODE-(E)-Ib,CTL,individual,5:70732771,5,70732771,6.126551e-10,SORBI_3005G220300,0.511222
trans-EKODE-(E)-Ib,CTL,individual,5:70732771,5,70732771,6.126551e-10,SORBI_3005G220200,0.50941
trans-EKODE-(E)-Ib,CTL,individual,5:70732771,5,70732771,6.126551e-10,SORBI_3005G220300,0.506356
trans-EKODE-(E)-Ib,CTL,individual,5:70732771,5,70732771,6.126551e-10,SORBI_3005G220680,0.505158
trans-EKODE-(E)-Ib,CTL,individual,5:70732771,5,70732771,6.126551e-10,SORBI_3005G220680,0.50184
trans-EKODE-(E)-Ib,CTL,individual,5:70732771,5,70732771,6.126551e-10,SORBI_3005G220101,0.498969
trans-EKODE-(E)-Ib,CTL,individual,5:70732771,5,70732771,6.126551e-10,SORBI_3005G219900,0.493186
trans-EKODE-(E)-Ib,CTL,individual,5:70732771,5,70732771,6.126551e-10,SORBI_3005G220101,0.482211
trans-EKODE-(E)-Ib,CTL,individual,5:70732771,5,70732771,6.126551e-10,SORBI_3005G220680,0.476354
trans-EKODE-(E)-Ib,CTL,individual,5:70732771,5,70732771,6.126551e-10,SORBI_3005G220101,0.474591
trans-EKODE-(E)-Ib,CTL,individual,5:70732771,5,70732771,6.126551e-10,SORBI_3005G220101,0.445847
trans-EKODE-(E)-Ib,CTL,individual,5:70732771,5,70732771,6.126551e-10,SORBI_3005G220101,0.433841
trans-EKODE-(E)-Ib,CTL,individual,5:70732771,5,70732771,6.126551e-10,SORBI_3005G220200,0.431567
trans-EKODE-(E)-Ib,CTL,individual,5:70732771,5,70732771,6.126551e-10,SORBI_3005G220200,0.424234
trans-EKODE-(E)-Ib,CTL,individual,5:70732771,5,70732771,6.126551e-10,SORBI_3005G220740,0.414482
trans-EKODE-(E)-Ib,CTL,individual,5:70732771,5,70732771,6.126551e-10,SORBI_3005G220740,0.412888
trans-EKODE-(E)-Ib,CTL,individual,5:70732771,5,70732771,6.126551e-10,SORBI_3005G220200,0.407827
trans-EKODE-(E)-Ib,CTL,individual,5:70732771,5,70732771,6.126551e-10,SORBI_3005G220740,0.406679
trans-EKODE-(E)-Ib,CTL,individual,5:70732771,5,70732771,6.126551e-10,SORBI_3005G220740,0.404647
trans-EKODE-(E)-Ib,CTL,individual,10:35170453,10,35170453,7.30872e-10,SORBI_3010G141500,0.883512
trans-EKODE-(E)-Ib,CTL,individual,10:35170453,10,35170453,7.30872e-10,SORBI_3010G141500,0.880745
trans-EKODE-(E)-Ib,CTL,individual,10:35170453,10,35170453,7.30872e-10,SORBI_3010G141500,0.879573
trans-EKODE-(E)-Ib,CTL,individual,10:35170453,10,35170453,7.30872e-10,SORBI_3010G141500,0.878494
trans-EKODE-(E)-Ib,CTL,individual,10:35170453,10,35170453,7.30872e-10,SORBI_3010G141500,0.873598
trans-EKODE-(E)-Ib,CTL,individual,10:35170453,10,35170453,7.30872e-10,SORBI_3010G141500,0.872881
trans-EKODE-(E)-Ib,CTL,individual,10:35170453,10,35170453,7.30872e-10,SORBI_3010G141500,0.870581
trans-EKODE-(E)-Ib,CTL,individual,10:35170453,10,35170453,7.30872e-10,SORBI_3010G141500,0.869424
trans-EKODE-(E)-Ib,CTL,individual,10:35170453,10,35170453,7.30872e-10,SORBI_3010G141500,0.869096
trans-EKODE-(E)-Ib,CTL,individual,10:35170453,10,35170453,7.30872e-10,SORBI_3010G141500,0.867715
trans-EKODE-(E)-Ib,CTL,individual,10:35170453,10,35170453,7.30872e-10,SORBI_3010G141500,0.857677
trans-EKODE-(E)-Ib,CTL,individual,10:35170453,10,35170453,7.30872e-10,SORBI_3010G141500,0.857377
trans-EKODE-(E)-Ib,CTL,individual,10:35170453,10,35170453,7.30872e-10,SORBI_3010G141500,0.856455
trans-EKODE-(E)-Ib,CTL,individual,10:35170453,10,35170453,7.30872e-10,SORBI_3010G141500,0.85556
trans-EKODE-(E)-Ib,CTL,individual,10:35170453,10,35170453,7.30872e-10,SORBI_3010G141500,0.85479
trans-EKODE-(E)-Ib,CTL,individual,10:35170453,10,35170453,7.30872e-10,SORBI_3010G141500,0.854742
trans-EKODE-(E)-Ib,CTL,individual,10:35170453,10,35170453,7.30872e-10,SORBI_3010G141500,0.854693
trans-EKODE-(E)-Ib,CTL,individual,10:35170453,10,35170453,7.30872e-10,SORBI_3010G141500,0.854137
trans-EKODE-(E)-Ib,CTL,individual,10:35170453,10,35170453,7.30872e-10,SORBI_3010G141500,0.851438
trans-EKODE-(E)-Ib,CTL,individual,10:35170453,10,35170453,7.30872e-10,SORBI_3010G141500,0.850673
trans-EKODE-(E)-Ib,CTL,individual,10:35170453,10,35170453,7.30872e-10,SORBI_3010G141500,0.849931
trans-EKODE-(E)-Ib,CTL,individual,10:35170453,10,35170453,7.30872e-10,SORBI_3010G141500,0.848634
trans-EKODE-(E)-Ib,CTL,individual,10:35170453,10,35170453,7.30872e-10,SORBI_3010G141500,0.845739
trans-EKODE-(E)-Ib,CTL,individual,10:35170453,10,35170453,7.30872e-10,SORBI_3010G141500,0.841723
trans-EKODE-(E)-Ib,CTL,individual,10:35170453,10,35170453,7.30872e-10,SORBI_3010G141500,0.837834
trans-EKODE-(E)-Ib,CTL,individual,10:35170453,10,35170453,7.30872e-10,SORBI_3010G141500,0.835716
trans-EKODE-(E)-Ib,CTL,individual,10:35170453,10,35170453,7.30872e-10,SORBI_3010G141500,0.830362
trans-EKODE-(E)-Ib,CTL,individual,10:35170453,10,35170453,7.30872e-10,SORBI_3010G141500,0.828681
trans-EKODE-(E)-Ib,CTL,individual,10:35170453,10,35170453,7.30872e-10,SORBI_3010G141500,0.825407
trans-EKODE-(E)-Ib,CTL,individual,10:35170453,10,35170453,7.30872e-10,SORBI_3010G141500,0.82192
trans-EKODE-(E)-Ib,CTL,individual,10:35170453,10,35170453,7.30872e-10,SORBI_3010G141500,0.817723
trans-EKODE-(E)-Ib,CTL,individual,10:35170453,10,35170453,7.30872e-10,SORBI_3010G141500,0.813541
trans-EKODE-(E)-Ib,CTL,individual,10:35170453,10,35170453,7.30872e-10,SORBI_3010G141500,0.81344
trans-EKODE-(E)-Ib,CTL,individual,10:35170453,10,35170453,7.30872e-10,SORBI_3010G141500,0.807514
trans-EKODE-(E)-Ib,CTL,individual,10:35170453,10,35170453,7.30872e-10,SORBI_3010G141500,0.806847
trans-EKODE-(E)-Ib,CTL,individual,10:35170453,10,35170453,7.30872e-10,SORBI_3010G141500,0.797738
trans-EKODE-(E)-Ib,CTL,individual,10:35170453,10,35170453,7.30872e-10,SORBI_3010G141500,0.79567
trans-EKODE-(E)-Ib,CTL,individual,10:35170453,10,35170453,7.30872e-10,SORBI_3010G141500,0.778783
trans-EKODE-(E)-Ib,CTL,individual,10:35170453,10,35170453,7.30872e-10,SORBI_3010G141500,0.7675
trans-EKODE-(E)-Ib,CTL,individual,10:35170453,10,35170453,7.30872e-10,SORBI_3010G141500,0.763288
trans-EKODE-(E)-Ib,CTL,individual,10:35170453,10,35170453,7.30872e-10,SORBI_3010G141500,0.76321
trans-EKODE-(E)-Ib,CTL,individual,10:35170453,10,35170453,7.30872e-10,SORBI_3010G141500,0.762106
trans-EKODE-(E)-Ib,CTL,individual,10:35170453,10,35170453,7.30872e-10,SORBI_3010G141500,0.762041
trans-EKODE-(E)-Ib,CTL,individual,10:35170453,10,35170453,7.30872e-10,SORBI_3010G141800,0.761727
trans-EKODE-(E)-Ib,CTL,individual,10:35170453,10,35170453,7.30872e-10,SORBI_3010G141500,0.760805
trans-EKODE-(E)-Ib,CTL,individual,10:35170453,10,35170453,7.30872e-10,SORBI_3010G141700,0.75073
trans-EKODE-(E)-Ib,CTL,individual,10:35170453,10,35170453,7.30872e-10,SORBI_3010G141500,0.750289
trans-EKODE-(E)-Ib,CTL,individual,10:35170453,10,35170453,7.30872e-10,SORBI_3010G141800,0.750289
trans-EKODE-(E)-Ib,CTL,individual,10:35170453,10,35170453,7.30872e-10,SORBI_3010G141700,0.749601
trans-EKODE-(E)-Ib,CTL,individual,10:35170453,10,35170453,7.30872e-10,SORBI_3010G141500,0.749119
trans-EKODE-(E)-Ib,CTL,individual,10:35170453,10,35170453,7.30872e-10,SORBI_3010G141500,0.748648
trans-EKODE-(E)-Ib,CTL,individual,10:35170453,10,35170453,7.30872e-10,SORBI_3010G141500,0.748278
trans-EKODE-(E)-Ib,CTL,individual,10:35170453,10,35170453,7.30872e-10,SORBI_3010G141500,0.748022
trans-EKODE-(E)-Ib,CTL,individual,10:35170453,10,35170453,7.30872e-10,SORBI_3010G141500,0.747127
trans-EKODE-(E)-Ib,CTL,individual,10:35170453,10,35170453,7.30872e-10,SORBI_3010G141500,0.746383
trans-EKODE-(E)-Ib,CTL,individual,10:35170453,10,35170453,7.30872e-10,SORBI_3010G141500,0.745979
trans-EKODE-(E)-Ib,CTL,individual,10:35170453,10,35170453,7.30872e-10,SORBI_3010G141500,0.745716
trans-EKODE-(E)-Ib,CTL,individual,10:35170453,10,35170453,7.30872e-10,SORBI_3010G141500,0.745106
trans-EKODE-(E)-Ib,CTL,individual,10:35170453,10,35170453,7.30872e-10,SORBI_3010G141500,0.744733
trans-EKODE-(E)-Ib,CTL,individual,10:35170453,10,35170453,7.30872e-10,SORBI_3010G141500,0.743311
trans-EKODE-(E)-Ib,CTL,individual,10:35170453,10,35170453,7.30872e-10,SORBI_3010G141500,0.743307
trans-EKODE-(E)-Ib,CTL,individual,10:35170453,10,35170453,7.30872e-10,SORBI_3010G141600,0.743307
trans-EKODE-(E)-Ib,CTL,individual,10:35170453,10,35170453,7.30872e-10,SORBI_3010G141700,0.742827
trans-EKODE-(E)-Ib,CTL,individual,10:35170453,10,35170453,7.30872e-10,SORBI_3010G141600,0.742039
trans-EKODE-(E)-Ib,CTL,individual,10:35170453,10,35170453,7.30872e-10,SORBI_3010G141800,0.742039
trans-EKODE-(E)-Ib,CTL,individual,10:35170453,10,35170453,7.30872e-10,SORBI_3010G141500,0.740923
trans-EKODE-(E)-Ib,CTL,individual,10:35170453,10,35170453,7.30872e-10,SORBI_3010G141600,0.740923
trans-EKODE-(E)-Ib,CTL,individual,10:35170453,10,35170453,7.30872e-10,SORBI_3010G141500,0.740846
trans-EKODE-(E)-Ib,CTL,individual,10:35170453,10,35170453,7.30872e-10,SORBI_3010G141500,0.740644
trans-EKODE-(E)-Ib,CTL,individual,10:35170453,10,35170453,7.30872e-10,SORBI_3010G141500,0.739275
trans-EKODE-(E)-Ib,CTL,individual,10:35170453,10,35170453,7.30872e-10,SORBI_3010G141500,0.737239
trans-EKODE-(E)-Ib,CTL,individual,10:35170453,10,35170453,7.30872e-10,SORBI_3010G141500,0.735764
trans-EKODE-(E)-Ib,CTL,individual,10:35170453,10,35170453,7.30872e-10,SORBI_3010G141600,0.735764
trans-EKODE-(E)-Ib,CTL,individual,10:35170453,10,35170453,7.30872e-10,SORBI_3010G141600,0.733314
trans-EKODE-(E)-Ib,CTL,individual,10:35170453,10,35170453,7.30872e-10,SORBI_3010G141500,0.733217
trans-EKODE-(E)-Ib,CTL,individual,10:35170453,10,35170453,7.30872e-10,SORBI_3010G141700,0.73213
trans-EKODE-(E)-Ib,CTL,individual,10:35170453,10,35170453,7.30872e-10,SORBI_3010G141500,0.732022
trans-EKODE-(E)-Ib,CTL,individual,10:35170453,10,35170453,7.30872e-10,SORBI_3010G141500,0.731714
trans-EKODE-(E)-Ib,CTL,individual,10:35170453,10,35170453,7.30872e-10,SORBI_3010G141966,0.730754
trans-EKODE-(E)-Ib,CTL,individual,10:35170453,10,35170453,7.30872e-10,SORBI_3010G141500,0.730675
trans-EKODE-(E)-Ib,CTL,individual,10:35170453,10,35170453,7.30872e-10,SORBI_3010G141500,0.730122
trans-EKODE-(E)-Ib,CTL,individual,10:35170453,10,35170453,7.30872e-10,SORBI_3010G141600,0.729383
trans-EKODE-(E)-Ib,CTL,individual,10:35170453,10,35170453,7.30872e-10,SORBI_3010G141600,0.728165
trans-EKODE-(E)-Ib,CTL,individual,10:35170453,10,35170453,7.30872e-10,SORBI_3010G141500,0.724843
trans-EKODE-(E)-Ib,CTL,individual,10:35170453,10,35170453,7.30872e-10,SORBI_3010G141500,0.724106
trans-EKODE-(E)-Ib,CTL,individual,10:35170453,10,35170453,7.30872e-10,SORBI_3010G141500,0.721358
trans-EKODE-(E)-Ib,CTL,individual,10:35170453,10,35170453,7.30872e-10,SORBI_3010G141700,0.717951
trans-EKODE-(E)-Ib,CTL,individual,10:35170453,10,35170453,7.30872e-10,SORBI_3010G141600,0.717059
trans-EKODE-(E)-Ib,CTL,individual,10:35170453,10,35170453,7.30872e-10,SORBI_3010G141600,0.716469
trans-EKODE-(E)-Ib,CTL,individual,10:35170453,10,35170453,7.30872e-10,SORBI_3010G141700,0.716469
trans-EKODE-(E)-Ib,CTL,individual,10:35170453,10,35170453,7.30872e-10,SORBI_3010G141500,0.715793
trans-EKODE-(E)-Ib,CTL,individual,10:35170453,10,35170453,7.30872e-10,SORBI_3010G141600,0.715507
trans-EKODE-(E)-Ib,CTL,individual,10:35170453,10,35170453,7.30872e-10,SORBI_3010G141500,0.714594
trans-EKODE-(E)-Ib,CTL,individual,10:35170453,10,35170453,7.30872e-10,SORBI_3010G141500,0.712859
trans-EKODE-(E)-Ib,CTL,individual,10:35170453,10,35170453,7.30872e-10,SORBI_3010G141700,0.711705
trans-EKODE-(E)-Ib,CTL,individual,10:35170453,10,35170453,7.30872e-10,SORBI_3010G141500,0.70719
trans-EKODE-(E)-Ib,CTL,individual,10:35170453,10,35170453,7.30872e-10,SORBI_3010G141500,0.705083
trans-EKODE-(E)-Ib,CTL,individual,10:35170453,10,35170453,7.30872e-10,SORBI_3010G141500,0.704998
trans-EKODE-(E)-Ib,CTL,individual,10:35170453,10,35170453,7.30872e-10,SORBI_3010G141500,0.69843
trans-EKODE-(E)-Ib,CTL,individual,10:35170453,10,35170453,7.30872e-10,SORBI_3010G141500,0.696259
trans-EKODE-(E)-Ib,CTL,individual,10:35170453,10,35170453,7.30872e-10,SORBI_3010G141500,0.687697
trans-EKODE-(E)-Ib,CTL,individual,10:35170453,10,35170453,7.30872e-10,SORBI_3010G141500,0.682705
trans-EKODE-(E)-Ib,CTL,individual,10:35170453,10,35170453,7.30872e-10,SORBI_3010G141500,0.678015
trans-EKODE-(E)-Ib,CTL,individual,10:35170453,10,35170453,7.30872e-10,SORBI_3010G141500,0.67771
trans-EKODE-(E)-Ib,CTL,individual,10:35170453,10,35170453,7.30872e-10,SORBI_3010G141500,0.659179
trans-EKODE-(E)-Ib,CTL,individual,10:35170453,10,35170453,7.30872e-10,SORBI_3010G141500,0.649774
trans-EKODE-(E)-Ib,CTL,individual,10:35170453,10,35170453,7.30872e-10,SORBI_3010G141500,0.62805
trans-EKODE-(E)-Ib,CTL,individual,10:35170453,10,35170453,7.30872e-10,SORBI_3010G141600,0.603989
trans-EKODE-(E)-Ib,CTL,individual,10:35170453,10,35170453,7.30872e-10,SORBI_3010G141500,0.593982
trans-EKODE-(E)-Ib,CTL,individual,10:35170453,10,35170453,7.30872e-10,SORBI_3010G141800,0.593212
trans-EKODE-(E)-Ib,CTL,individual,10:35170453,10,35170453,7.30872e-10,SORBI_3010G141600,0.552136
trans-EKODE-(E)-Ib,CTL,individual,10:35170453,10,35170453,7.30872e-10,SORBI_3010G141600,0.542176
trans-EKODE-(E)-Ib,CTL,individual,10:35170453,10,35170453,7.30872e-10,SORBI_3010G141500,0.515818
trans-EKODE-(E)-Ib,CTL,individual,10:35170453,10,35170453,7.30872e-10,SORBI_3010G141500,0.492789
trans-EKODE-(E)-Ib,CTL,individual,10:35170453,10,35170453,7.30872e-10,SORBI_3010G141600,0.475167
trans-EKODE-(E)-Ib,CTL,individual,10:35170453,10,35170453,7.30872e-10,SORBI_3010G141500,0.46297
trans-EKODE-(E)-Ib,CTL,individual,10:35170453,10,35170453,7.30872e-10,SORBI_3010G141500,0.462204
trans-EKODE-(E)-Ib,CTL,individual,10:35170453,10,35170453,7.30872e-10,SORBI_3010G141600,0.462204
trans-EKODE-(E)-Ib,CTL,individual,10:35170453,10,35170453,7.30872e-10,SORBI_3010G141800,0.462204
trans-EKODE-(E)-Ib,CTL,individual,10:35170453,10,35170453,7.30872e-10,SORBI_3010G141500,0.46162
trans-EKODE-(E)-Ib,CTL,individual,10:35170453,10,35170453,7.30872e-10,SORBI_3010G141500,0.433425
trans-EKODE-(E)-Ib,CTL,individual,10:35170453,10,35170453,7.30872e-10,SORBI_3010G141500,0.411578
trans-EKODE-(E)-Ib,CTL,individual,10:24504321,10,24504321,1.00822e-09,SORBI_3010G139600,0.822951
trans-EKODE-(E)-Ib,CTL,individual,10:24504321,10,24504321,1.00822e-09,SORBI_3010G139600,0.822279
trans-EKODE-(E)-Ib,CTL,individual,10:24504321,10,24504321,1.00822e-09,SORBI_3010G139600,0.822161
trans-EKODE-(E)-Ib,CTL,individual,10:24504321,10,24504321,1.00822e-09,SORBI_3010G139600,0.82177
trans-EKODE-(E)-Ib,CTL,individual,10:24504321,10,24504321,1.00822e-09,SORBI_3010G139600,0.821437
trans-EKODE-(E)-Ib,CTL,individual,10:24504321,10,24504321,1.00822e-09,SORBI_3010G139600,0.805825
trans-EKODE-(E)-Ib,CTL,individual,10:24504321,10,24504321,1.00822e-09,SORBI_3010G139600,0.803338
trans-EKODE-(E)-Ib,CTL,individual,10:24504321,10,24504321,1.00822e-09,SORBI_3010G139600,0.802494
trans-EKODE-(E)-Ib,CTL,individual,10:24504321,10,24504321,1.00822e-09,SORBI_3010G139600,0.798233
trans-EKODE-(E)-Ib,CTL,individual,10:24504321,10,24504321,1.00822e-09,SORBI_3010G139600,0.697417
trans-EKODE-(E)-Ib,CTL,individual,10:24504321,10,24504321,1.00822e-09,SORBI_3010G139600,0.597446
trans-EKODE-(E)-Ib,CTL,individual,10:24504321,10,24504321,1.00822e-09,SORBI_3010G139600,0.5603
trans-EKODE-(E)-Ib,CTL,individual,10:24504321,10,24504321,1.00822e-09,SORBI_3010G139600,0.551953
trans-EKODE-(E)-Ib,CTL,individual,10:24504321,10,24504321,1.00822e-09,SORBI_3010G139600,0.531982
trans-EKODE-(E)-Ib,CTL,individual,1:69960249,1,69960249,1.066093e-09,SORBI_3001G418800,1
trans-EKODE-(E)-Ib,CTL,individual,1:69960249,1,69960249,1.066093e-09,SORBI_3001G418800,1
trans-EKODE-(E)-Ib,CTL,individual,1:69960630,1,69960630,1.066093e-09,SORBI_3001G418800,1
trans-EKODE-(E)-Ib,CTL,individual,1:69960630,1,69960630,1.066093e-09,SORBI_3001G418800,1
trans-EKODE-(E)-Ib,CTL,individual,1:69960653,1,69960653,1.066093e-09,SORBI_3001G418800,1
trans-EKODE-(E)-Ib,CTL,individual,1:69960653,1,69960653,1.066093e-09,SORBI_3001G418800,1
trans-EKODE-(E)-Ib,CTL,individual,1:69962421,1,69962421,1.066093e-09,SORBI_3001G418800,1
trans-EKODE-(E)-Ib,CTL,individual,1:69962421,1,69962421,1.066093e-09,SORBI_3001G418800,1
trans-EKODE-(E)-Ib,CTL,individual,1:69962924,1,69962924,1.066093e-09,SORBI_3001G418800,1
trans-EKODE-(E)-Ib,CTL,individual,1:69962924,1,69962924,1.066093e-09,SORBI_3001G418800,1
trans-EKODE-(E)-Ib,CTL,individual,1:69963247,1,69963247,1.066093e-09,SORBI_3001G418800,1
trans-EKODE-(E)-Ib,CTL,individual,1:69963247,1,69963247,1.066093e-09,SORBI_3001G418800,1
trans-EKODE-(E)-Ib,CTL,individual,1:69963274,1,69963274,1.066093e-09,SORBI_3001G418800,1
trans-EKODE-(E)-Ib,CTL,individual,1:69963274,1,69963274,1.066093e-09,SORBI_3001G418800,1
trans-EKODE-(E)-Ib,CTL,individual,1:69963333,1,69963333,1.066093e-09,SORBI_3001G418800,1
trans-EKODE-(E)-Ib,CTL,individual,1:69963333,1,69963333,1.066093e-09,SORBI_3001G418800,1
trans-EKODE-(E)-Ib,CTL,individual,1:69963672,1,69963672,1.066093e-09,SORBI_3001G418800,1
trans-EKODE-(E)-Ib,CTL,individual,1:69963672,1,69963672,1.066093e-09,SORBI_3001G418800,1
trans-EKODE-(E)-Ib,CTL,individual,1:69963829,1,69963829,1.066093e-09,SORBI_3001G418800,1
trans-EKODE-(E)-Ib,CTL,individual,1:69963840,1,69963840,1.066093e-09,SORBI_3001G418800,1
trans-EKODE-(E)-Ib,CTL,individual,1:69963901,1,69963901,1.066093e-09,SORBI_3001G418800,1
trans-EKODE-(E)-Ib,CTL,individual,1:69960249,1,69960249,1.066093e-09,SORBI_3001G418800,0.990309
trans-EKODE-(E)-Ib,CTL,individual,1:69960630,1,69960630,1.066093e-09,SORBI_3001G418800,0.990309
trans-EKODE-(E)-Ib,CTL,individual,1:69960653,1,69960653,1.066093e-09,SORBI_3001G418800,0.990309
trans-EKODE-(E)-Ib,CTL,individual,1:69962421,1,69962421,1.066093e-09,SORBI_3001G418800,0.990309
trans-EKODE-(E)-Ib,CTL,individual,1:69962924,1,69962924,1.066093e-09,SORBI_3001G418800,0.990309
trans-EKODE-(E)-Ib,CTL,individual,1:69963247,1,69963247,1.066093e-09,SORBI_3001G418800,0.990309
trans-EKODE-(E)-Ib,CTL,individual,1:69963274,1,69963274,1.066093e-09,SORBI_3001G418800,0.990309
trans-EKODE-(E)-Ib,CTL,individual,1:69963333,1,69963333,1.066093e-09,SORBI_3001G418800,0.990309
trans-EKODE-(E)-Ib,CTL,individual,1:69963672,1,69963672,1.066093e-09,SORBI_3001G418800,0.990309
trans-EKODE-(E)-Ib,CTL,individual,1:69963829,1,69963829,1.066093e-09,SORBI_3001G418800,0.990309
trans-EKODE-(E)-Ib,CTL,individual,1:69963840,1,69963840,1.066093e-09,SORBI_3001G418800,0.990309
trans-EKODE-(E)-Ib,CTL,individual,1:69963901,1,69963901,1.066093e-09,SORBI_3001G418800,0.990309
trans-EKODE-(E)-Ib,CTL,individual,1:69960249,1,69960249,1.066093e-09,SORBI_3001G418800,0.990306
trans-EKODE-(E)-Ib,CTL,individual,1:69960630,1,69960630,1.066093e-09,SORBI_3001G418800,0.990306
trans-EKODE-(E)-Ib,CTL,individual,1:69960653,1,69960653,1.066093e-09,SORBI_3001G418800,0.990306
trans-EKODE-(E)-Ib,CTL,individual,1:69962421,1,69962421,1.066093e-09,SORBI_3001G418800,0.990306
trans-EKODE-(E)-Ib,CTL,individual,1:69962924,1,69962924,1.066093e-09,SORBI_3001G418800,0.990306
trans-EKODE-(E)-Ib,CTL,individual,1:69963247,1,69963247,1.066093e-09,SORBI_3001G418800,0.990306
trans-EKODE-(E)-Ib,CTL,individual,1:69963274,1,69963274,1.066093e-09,SORBI_3001G418800,0.990306
trans-EKODE-(E)-Ib,CTL,individual,1:69963333,1,69963333,1.066093e-09,SORBI_3001G418800,0.990306
trans-EKODE-(E)-Ib,CTL,individual,1:69963672,1,69963672,1.066093e-09,SORBI_3001G418800,0.990306
trans-EKODE-(E)-Ib,CTL,individual,1:69963829,1,69963829,1.066093e-09,SORBI_3001G418800,0.990306
trans-EKODE-(E)-Ib,CTL,individual,1:69963840,1,69963840,1.066093e-09,SORBI_3001G418800,0.990306
trans-EKODE-(E)-Ib,CTL,individual,1:69963901,1,69963901,1.066093e-09,SORBI_3001G418800,0.990306
trans-EKODE-(E)-Ib,CTL,individual,1:69960249,1,69960249,1.066093e-09,SORBI_3001G418800,0.9903
trans-EKODE-(E)-Ib,CTL,individual,1:69960630,1,69960630,1.066093e-09,SORBI_3001G418800,0.9903
trans-EKODE-(E)-Ib,CTL,individual,1:69960653,1,69960653,1.066093e-09,SORBI_3001G418800,0.9903
trans-EKODE-(E)-Ib,CTL,individual,1:69962421,1,69962421,1.066093e-09,SORBI_3001G418800,0.9903
trans-EKODE-(E)-Ib,CTL,individual,1:69962924,1,69962924,1.066093e-09,SORBI_3001G418800,0.9903
trans-EKODE-(E)-Ib,CTL,individual,1:69963247,1,69963247,1.066093e-09,SORBI_3001G418800,0.9903
trans-EKODE-(E)-Ib,CTL,individual,1:69963274,1,69963274,1.066093e-09,SORBI_3001G418800,0.9903
trans-EKODE-(E)-Ib,CTL,individual,1:69963333,1,69963333,1.066093e-09,SORBI_3001G418800,0.9903
trans-EKODE-(E)-Ib,CTL,individual,1:69963672,1,69963672,1.066093e-09,SORBI_3001G418800,0.9903
trans-EKODE-(E)-Ib,CTL,individual,1:69963829,1,69963829,1.066093e-09,SORBI_3001G418800,0.9903
trans-EKODE-(E)-Ib,CTL,individual,1:69963840,1,69963840,1.066093e-09,SORBI_3001G418800,0.9903
trans-EKODE-(E)-Ib,CTL,individual,1:69963901,1,69963901,1.066093e-09,SORBI_3001G418800,0.9903
trans-EKODE-(E)-Ib,CTL,individual,1:69960249,1,69960249,1.066093e-09,SORBI_3001G419200,0.980787
trans-EKODE-(E)-Ib,CTL,individual,1:69960630,1,69960630,1.066093e-09,SORBI_3001G419200,0.980787
trans-EKODE-(E)-Ib,CTL,individual,1:69960653,1,69960653,1.066093e-09,SORBI_3001G419200,0.980787
trans-EKODE-(E)-Ib,CTL,individual,1:69962421,1,69962421,1.066093e-09,SORBI_3001G419200,0.980787
trans-EKODE-(E)-Ib,CTL,individual,1:69962924,1,69962924,1.066093e-09,SORBI_3001G419200,0.980787
trans-EKODE-(E)-Ib,CTL,individual,1:69963247,1,69963247,1.066093e-09,SORBI_3001G419200,0.980787
trans-EKODE-(E)-Ib,CTL,individual,1:69963274,1,69963274,1.066093e-09,SORBI_3001G419200,0.980787
trans-EKODE-(E)-Ib,CTL,individual,1:69963333,1,69963333,1.066093e-09,SORBI_3001G419200,0.980787
trans-EKODE-(E)-Ib,CTL,individual,1:69963672,1,69963672,1.066093e-09,SORBI_3001G419200,0.980787
trans-EKODE-(E)-Ib,CTL,individual,1:69963829,1,69963829,1.066093e-09,SORBI_3001G419200,0.980787
trans-EKODE-(E)-Ib,CTL,individual,1:69963840,1,69963840,1.066093e-09,SORBI_3001G419200,0.980787
trans-EKODE-(E)-Ib,CTL,individual,1:69963901,1,69963901,1.066093e-09,SORBI_3001G419200,0.980787
trans-EKODE-(E)-Ib,CTL,individual,1:69960249,1,69960249,1.066093e-09,SORBI_3001G419300,0.962473
trans-EKODE-(E)-Ib,CTL,individual,1:69960630,1,69960630,1.066093e-09,SORBI_3001G419300,0.962473
trans-EKODE-(E)-Ib,CTL,individual,1:69960653,1,69960653,1.066093e-09,SORBI_3001G419300,0.962473
trans-EKODE-(E)-Ib,CTL,individual,1:69962421,1,69962421,1.066093e-09,SORBI_3001G419300,0.962473
trans-EKODE-(E)-Ib,CTL,individual,1:69962924,1,69962924,1.066093e-09,SORBI_3001G419300,0.962473
trans-EKODE-(E)-Ib,CTL,individual,1:69963247,1,69963247,1.066093e-09,SORBI_3001G419300,0.962473
trans-EKODE-(E)-Ib,CTL,individual,1:69963274,1,69963274,1.066093e-09,SORBI_3001G419300,0.962473
trans-EKODE-(E)-Ib,CTL,individual,1:69963333,1,69963333,1.066093e-09,SORBI_3001G419300,0.962473
trans-EKODE-(E)-Ib,CTL,individual,1:69963672,1,69963672,1.066093e-09,SORBI_3001G419300,0.962473
trans-EKODE-(E)-Ib,CTL,individual,1:69963829,1,69963829,1.066093e-09,SORBI_3001G419300,0.962473
trans-EKODE-(E)-Ib,CTL,individual,1:69963840,1,69963840,1.066093e-09,SORBI_3001G419300,0.962473
trans-EKODE-(E)-Ib,CTL,individual,1:69963901,1,69963901,1.066093e-09,SORBI_3001G419300,0.962473
trans-EKODE-(E)-Ib,CTL,individual,1:69960249,1,69960249,1.066093e-09,SORBI_3001G418800,0.96222
trans-EKODE-(E)-Ib,CTL,individual,1:69960630,1,69960630,1.066093e-09,SORBI_3001G418800,0.96222
trans-EKODE-(E)-Ib,CTL,individual,1:69960653,1,69960653,1.066093e-09,SORBI_3001G418800,0.96222
trans-EKODE-(E)-Ib,CTL,individual,1:69962421,1,69962421,1.066093e-09,SORBI_3001G418800,0.96222
trans-EKODE-(E)-Ib,CTL,individual,1:69962924,1,69962924,1.066093e-09,SORBI_3001G418800,0.96222
trans-EKODE-(E)-Ib,CTL,individual,1:69963247,1,69963247,1.066093e-09,SORBI_3001G418800,0.96222
trans-EKODE-(E)-Ib,CTL,individual,1:69963274,1,69963274,1.066093e-09,SORBI_3001G418800,0.96222
trans-EKODE-(E)-Ib,CTL,individual,1:69963333,1,69963333,1.066093e-09,SORBI_3001G418800,0.96222
trans-EKODE-(E)-Ib,CTL,individual,1:69963672,1,69963672,1.066093e-09,SORBI_3001G418800,0.96222
trans-EKODE-(E)-Ib,CTL,individual,1:69963829,1,69963829,1.066093e-09,SORBI_3001G418800,0.96222
trans-EKODE-(E)-Ib,CTL,individual,1:69963840,1,69963840,1.066093e-09,SORBI_3001G418800,0.96222
trans-EKODE-(E)-Ib,CTL,individual,1:69963901,1,69963901,1.066093e-09,SORBI_3001G418800,0.96222
trans-EKODE-(E)-Ib,CTL,individual,1:69960249,1,69960249,1.066093e-09,SORBI_3001G418800,0.951859
trans-EKODE-(E)-Ib,CTL,individual,1:69960630,1,69960630,1.066093e-09,SORBI_3001G418800,0.951859
trans-EKODE-(E)-Ib,CTL,individual,1:69960653,1,69960653,1.066093e-09,SORBI_3001G418800,0.951859
trans-EKODE-(E)-Ib,CTL,individual,1:69962421,1,69962421,1.066093e-09,SORBI_3001G418800,0.951859
trans-EKODE-(E)-Ib,CTL,individual,1:69962924,1,69962924,1.066093e-09,SORBI_3001G418800,0.951859
trans-EKODE-(E)-Ib,CTL,individual,1:69963247,1,69963247,1.066093e-09,SORBI_3001G418800,0.951859
trans-EKODE-(E)-Ib,CTL,individual,1:69963274,1,69963274,1.066093e-09,SORBI_3001G418800,0.951859
trans-EKODE-(E)-Ib,CTL,individual,1:69963333,1,69963333,1.066093e-09,SORBI_3001G418800,0.951859
trans-EKODE-(E)-Ib,CTL,individual,1:69963672,1,69963672,1.066093e-09,SORBI_3001G418800,0.951859
trans-EKODE-(E)-Ib,CTL,individual,1:69963829,1,69963829,1.066093e-09,SORBI_3001G418800,0.951859
trans-EKODE-(E)-Ib,CTL,individual,1:69963840,1,69963840,1.066093e-09,SORBI_3001G418800,0.951859
trans-EKODE-(E)-Ib,CTL,individual,1:69963901,1,69963901,1.066093e-09,SORBI_3001G418800,0.951859
trans-EKODE-(E)-Ib,CTL,individual,1:69960249,1,69960249,1.066093e-09,SORBI_3001G419300,0.951721
trans-EKODE-(E)-Ib,CTL,individual,1:69960630,1,69960630,1.066093e-09,SORBI_3001G419300,0.951721
trans-EKODE-(E)-Ib,CTL,individual,1:69960653,1,69960653,1.066093e-09,SORBI_3001G419300,0.951721
trans-EKODE-(E)-Ib,CTL,individual,1:69962421,1,69962421,1.066093e-09,SORBI_3001G419300,0.951721
trans-EKODE-(E)-Ib,CTL,individual,1:69962924,1,69962924,1.066093e-09,SORBI_3001G419300,0.951721
trans-EKODE-(E)-Ib,CTL,individual,1:69963247,1,69963247,1.066093e-09,SORBI_3001G419300,0.951721
trans-EKODE-(E)-Ib,CTL,individual,1:69963274,1,69963274,1.066093e-09,SORBI_3001G419300,0.951721
trans-EKODE-(E)-Ib,CTL,individual,1:69963333,1,69963333,1.066093e-09,SORBI_3001G419300,0.951721
trans-EKODE-(E)-Ib,CTL,individual,1:69963672,1,69963672,1.066093e-09,SORBI_3001G419300,0.951721
trans-EKODE-(E)-Ib,CTL,individual,1:69963829,1,69963829,1.066093e-09,SORBI_3001G419300,0.951721
trans-EKODE-(E)-Ib,CTL,individual,1:69963840,1,69963840,1.066093e-09,SORBI_3001G419300,0.951721
trans-EKODE-(E)-Ib,CTL,individual,1:69963901,1,69963901,1.066093e-09,SORBI_3001G419300,0.951721
trans-EKODE-(E)-Ib,CTL,individual,1:69960249,1,69960249,1.066093e-09,SORBI_3001G418800,0.94166
trans-EKODE-(E)-Ib,CTL,individual,1:69960630,1,69960630,1.066093e-09,SORBI_3001G418800,0.94166
trans-EKODE-(E)-Ib,CTL,individual,1:69960653,1,69960653,1.066093e-09,SORBI_3001G418800,0.94166
trans-EKODE-(E)-Ib,CTL,individual,1:69962421,1,69962421,1.066093e-09,SORBI_3001G418800,0.94166
trans-EKODE-(E)-Ib,CTL,individual,1:69962924,1,69962924,1.066093e-09,SORBI_3001G418800,0.94166
trans-EKODE-(E)-Ib,CTL,individual,1:69963247,1,69963247,1.066093e-09,SORBI_3001G418800,0.94166
trans-EKODE-(E)-Ib,CTL,individual,1:69963274,1,69963274,1.066093e-09,SORBI_3001G418800,0.94166
trans-EKODE-(E)-Ib,CTL,individual,1:69963333,1,69963333,1.066093e-09,SORBI_3001G418800,0.94166
trans-EKODE-(E)-Ib,CTL,individual,1:69963672,1,69963672,1.066093e-09,SORBI_3001G418800,0.94166
trans-EKODE-(E)-Ib,CTL,individual,1:69963829,1,69963829,1.066093e-09,SORBI_3001G418800,0.94166
trans-EKODE-(E)-Ib,CTL,individual,1:69963840,1,69963840,1.066093e-09,SORBI_3001G418800,0.94166
trans-EKODE-(E)-Ib,CTL,individual,1:69963901,1,69963901,1.066093e-09,SORBI_3001G418800,0.94166
trans-EKODE-(E)-Ib,CTL,individual,1:69960249,1,69960249,1.066093e-09,SORBI_3001G419200,0.827124
trans-EKODE-(E)-Ib,CTL,individual,1:69960630,1,69960630,1.066093e-09,SORBI_3001G419200,0.827124
trans-EKODE-(E)-Ib,CTL,individual,1:69960653,1,69960653,1.066093e-09,SORBI_3001G419200,0.827124
trans-EKODE-(E)-Ib,CTL,individual,1:69962421,1,69962421,1.066093e-09,SORBI_3001G419200,0.827124
trans-EKODE-(E)-Ib,CTL,individual,1:69962924,1,69962924,1.066093e-09,SORBI_3001G419200,0.827124
trans-EKODE-(E)-Ib,CTL,individual,1:69963247,1,69963247,1.066093e-09,SORBI_3001G419200,0.827124
trans-EKODE-(E)-Ib,CTL,individual,1:69963274,1,69963274,1.066093e-09,SORBI_3001G419200,0.827124
trans-EKODE-(E)-Ib,CTL,individual,1:69963333,1,69963333,1.066093e-09,SORBI_3001G419200,0.827124
trans-EKODE-(E)-Ib,CTL,individual,1:69963672,1,69963672,1.066093e-09,SORBI_3001G419200,0.827124
trans-EKODE-(E)-Ib,CTL,individual,1:69963829,1,69963829,1.066093e-09,SORBI_3001G419200,0.827124
trans-EKODE-(E)-Ib,CTL,individual,1:69963840,1,69963840,1.066093e-09,SORBI_3001G419200,0.827124
trans-EKODE-(E)-Ib,CTL,individual,1:69963901,1,69963901,1.066093e-09,SORBI_3001G419200,0.827124
trans-EKODE-(E)-Ib,CTL,individual,1:69960249,1,69960249,1.066093e-09,SORBI_3001G419200,0.827089
trans-EKODE-(E)-Ib,CTL,individual,1:69960630,1,69960630,1.066093e-09,SORBI_3001G419200,0.827089
trans-EKODE-(E)-Ib,CTL,individual,1:69960653,1,69960653,1.066093e-09,SORBI_3001G419200,0.827089
trans-EKODE-(E)-Ib,CTL,individual,1:69962421,1,69962421,1.066093e-09,SORBI_3001G419200,0.827089
trans-EKODE-(E)-Ib,CTL,individual,1:69962924,1,69962924,1.066093e-09,SORBI_3001G419200,0.827089
trans-EKODE-(E)-Ib,CTL,individual,1:69963247,1,69963247,1.066093e-09,SORBI_3001G419200,0.827089
trans-EKODE-(E)-Ib,CTL,individual,1:69963274,1,69963274,1.066093e-09,SORBI_3001G419200,0.827089
trans-EKODE-(E)-Ib,CTL,individual,1:69963333,1,69963333,1.066093e-09,SORBI_3001G419200,0.827089
trans-EKODE-(E)-Ib,CTL,individual,1:69963672,1,69963672,1.066093e-09,SORBI_3001G419200,0.827089
trans-EKODE-(E)-Ib,CTL,individual,1:69963829,1,69963829,1.066093e-09,SORBI_3001G419200,0.827089
trans-EKODE-(E)-Ib,CTL,individual,1:69963840,1,69963840,1.066093e-09,SORBI_3001G419200,0.827089
trans-EKODE-(E)-Ib,CTL,individual,1:69963901,1,69963901,1.066093e-09,SORBI_3001G419200,0.827089
trans-EKODE-(E)-Ib,CTL,individual,1:69960249,1,69960249,1.066093e-09,SORBI_3001G419200,0.827019
trans-EKODE-(E)-Ib,CTL,individual,1:69960630,1,69960630,1.066093e-09,SORBI_3001G419200,0.827019
trans-EKODE-(E)-Ib,CTL,individual,1:69960653,1,69960653,1.066093e-09,SORBI_3001G419200,0.827019
trans-EKODE-(E)-Ib,CTL,individual,1:69962421,1,69962421,1.066093e-09,SORBI_3001G419200,0.827019
trans-EKODE-(E)-Ib,CTL,individual,1:69962924,1,69962924,1.066093e-09,SORBI_3001G419200,0.827019
trans-EKODE-(E)-Ib,CTL,individual,1:69963247,1,69963247,1.066093e-09,SORBI_3001G419200,0.827019
trans-EKODE-(E)-Ib,CTL,individual,1:69963274,1,69963274,1.066093e-09,SORBI_3001G419200,0.827019
trans-EKODE-(E)-Ib,CTL,individual,1:69963333,1,69963333,1.066093e-09,SORBI_3001G419200,0.827019
trans-EKODE-(E)-Ib,CTL,individual,1:69963672,1,69963672,1.066093e-09,SORBI_3001G419200,0.827019
trans-EKODE-(E)-Ib,CTL,individual,1:69963829,1,69963829,1.066093e-09,SORBI_3001G419200,0.827019
trans-EKODE-(E)-Ib,CTL,individual,1:69963840,1,69963840,1.066093e-09,SORBI_3001G419200,0.827019
trans-EKODE-(E)-Ib,CTL,individual,1:69963901,1,69963901,1.066093e-09,SORBI_3001G419200,0.827019
trans-EKODE-(E)-Ib,CTL,individual,1:69960249,1,69960249,1.066093e-09,SORBI_3001G419200,0.820274
trans-EKODE-(E)-Ib,CTL,individual,1:69960630,1,69960630,1.066093e-09,SORBI_3001G419200,0.820274
trans-EKODE-(E)-Ib,CTL,individual,1:69960653,1,69960653,1.066093e-09,SORBI_3001G419200,0.820274
trans-EKODE-(E)-Ib,CTL,individual,1:69962421,1,69962421,1.066093e-09,SORBI_3001G419200,0.820274
trans-EKODE-(E)-Ib,CTL,individual,1:69962924,1,69962924,1.066093e-09,SORBI_3001G419200,0.820274
trans-EKODE-(E)-Ib,CTL,individual,1:69963247,1,69963247,1.066093e-09,SORBI_3001G419200,0.820274
trans-EKODE-(E)-Ib,CTL,individual,1:69963274,1,69963274,1.066093e-09,SORBI_3001G419200,0.820274
trans-EKODE-(E)-Ib,CTL,individual,1:69963333,1,69963333,1.066093e-09,SORBI_3001G419200,0.820274
trans-EKODE-(E)-Ib,CTL,individual,1:69963672,1,69963672,1.066093e-09,SORBI_3001G419200,0.820274
trans-EKODE-(E)-Ib,CTL,individual,1:69963829,1,69963829,1.066093e-09,SORBI_3001G419200,0.820274
trans-EKODE-(E)-Ib,CTL,individual,1:69963840,1,69963840,1.066093e-09,SORBI_3001G419200,0.820274
trans-EKODE-(E)-Ib,CTL,individual,1:69963901,1,69963901,1.066093e-09,SORBI_3001G419200,0.820274
trans-EKODE-(E)-Ib,CTL,individual,1:69960249,1,69960249,1.066093e-09,SORBI_3001G419200,0.814954
trans-EKODE-(E)-Ib,CTL,individual,1:69960630,1,69960630,1.066093e-09,SORBI_3001G419200,0.814954
trans-EKODE-(E)-Ib,CTL,individual,1:69960653,1,69960653,1.066093e-09,SORBI_3001G419200,0.814954
trans-EKODE-(E)-Ib,CTL,individual,1:69962421,1,69962421,1.066093e-09,SORBI_3001G419200,0.814954
trans-EKODE-(E)-Ib,CTL,individual,1:69962924,1,69962924,1.066093e-09,SORBI_3001G419200,0.814954
trans-EKODE-(E)-Ib,CTL,individual,1:69963247,1,69963247,1.066093e-09,SORBI_3001G419200,0.814954
trans-EKODE-(E)-Ib,CTL,individual,1:69963274,1,69963274,1.066093e-09,SORBI_3001G419200,0.814954
trans-EKODE-(E)-Ib,CTL,individual,1:69963333,1,69963333,1.066093e-09,SORBI_3001G419200,0.814954
trans-EKODE-(E)-Ib,CTL,individual,1:69963672,1,69963672,1.066093e-09,SORBI_3001G419200,0.814954
trans-EKODE-(E)-Ib,CTL,individual,1:69963829,1,69963829,1.066093e-09,SORBI_3001G419200,0.814954
trans-EKODE-(E)-Ib,CTL,individual,1:69963840,1,69963840,1.066093e-09,SORBI_3001G419200,0.814954
trans-EKODE-(E)-Ib,CTL,individual,1:69963901,1,69963901,1.066093e-09,SORBI_3001G419200,0.814954
trans-EKODE-(E)-Ib,CTL,individual,1:69960249,1,69960249,1.066093e-09,SORBI_3001G419200,0.814766
trans-EKODE-(E)-Ib,CTL,individual,1:69960630,1,69960630,1.066093e-09,SORBI_3001G419200,0.814766
trans-EKODE-(E)-Ib,CTL,individual,1:69960653,1,69960653,1.066093e-09,SORBI_3001G419200,0.814766
trans-EKODE-(E)-Ib,CTL,individual,1:69962421,1,69962421,1.066093e-09,SORBI_3001G419200,0.814766
trans-EKODE-(E)-Ib,CTL,individual,1:69962924,1,69962924,1.066093e-09,SORBI_3001G419200,0.814766
trans-EKODE-(E)-Ib,CTL,individual,1:69963247,1,69963247,1.066093e-09,SORBI_3001G419200,0.814766
trans-EKODE-(E)-Ib,CTL,individual,1:69963274,1,69963274,1.066093e-09,SORBI_3001G419200,0.814766
trans-EKODE-(E)-Ib,CTL,individual,1:69963333,1,69963333,1.066093e-09,SORBI_3001G419200,0.814766
trans-EKODE-(E)-Ib,CTL,individual,1:69963672,1,69963672,1.066093e-09,SORBI_3001G419200,0.814766
trans-EKODE-(E)-Ib,CTL,individual,1:69963829,1,69963829,1.066093e-09,SORBI_3001G419200,0.814766
trans-EKODE-(E)-Ib,CTL,individual,1:69963840,1,69963840,1.066093e-09,SORBI_3001G419200,0.814766
trans-EKODE-(E)-Ib,CTL,individual,1:69963901,1,69963901,1.066093e-09,SORBI_3001G419200,0.814766
trans-EKODE-(E)-Ib,CTL,individual,1:69960249,1,69960249,1.066093e-09,SORBI_3001G419200,0.814728
trans-EKODE-(E)-Ib,CTL,individual,1:69960630,1,69960630,1.066093e-09,SORBI_3001G419200,0.814728
trans-EKODE-(E)-Ib,CTL,individual,1:69960653,1,69960653,1.066093e-09,SORBI_3001G419200,0.814728
trans-EKODE-(E)-Ib,CTL,individual,1:69962421,1,69962421,1.066093e-09,SORBI_3001G419200,0.814728
trans-EKODE-(E)-Ib,CTL,individual,1:69962924,1,69962924,1.066093e-09,SORBI_3001G419200,0.814728
trans-EKODE-(E)-Ib,CTL,individual,1:69963247,1,69963247,1.066093e-09,SORBI_3001G419200,0.814728
trans-EKODE-(E)-Ib,CTL,individual,1:69963274,1,69963274,1.066093e-09,SORBI_3001G419200,0.814728
trans-EKODE-(E)-Ib,CTL,individual,1:69963333,1,69963333,1.066093e-09,SORBI_3001G419200,0.814728
trans-EKODE-(E)-Ib,CTL,individual,1:69963672,1,69963672,1.066093e-09,SORBI_3001G419200,0.814728
trans-EKODE-(E)-Ib,CTL,individual,1:69963829,1,69963829,1.066093e-09,SORBI_3001G419200,0.814728
trans-EKODE-(E)-Ib,CTL,individual,1:69963840,1,69963840,1.066093e-09,SORBI_3001G419200,0.814728
trans-EKODE-(E)-Ib,CTL,individual,1:69963901,1,69963901,1.066093e-09,SORBI_3001G419200,0.814728
trans-EKODE-(E)-Ib,CTL,individual,1:69960249,1,69960249,1.066093e-09,SORBI_3001G419300,0.809938
trans-EKODE-(E)-Ib,CTL,individual,1:69960630,1,69960630,1.066093e-09,SORBI_3001G419300,0.809938
trans-EKODE-(E)-Ib,CTL,individual,1:69960653,1,69960653,1.066093e-09,SORBI_3001G419300,0.809938
trans-EKODE-(E)-Ib,CTL,individual,1:69962421,1,69962421,1.066093e-09,SORBI_3001G419300,0.809938
trans-EKODE-(E)-Ib,CTL,individual,1:69962924,1,69962924,1.066093e-09,SORBI_3001G419300,0.809938
trans-EKODE-(E)-Ib,CTL,individual,1:69963247,1,69963247,1.066093e-09,SORBI_3001G419300,0.809938
trans-EKODE-(E)-Ib,CTL,individual,1:69963274,1,69963274,1.066093e-09,SORBI_3001G419300,0.809938
trans-EKODE-(E)-Ib,CTL,individual,1:69963333,1,69963333,1.066093e-09,SORBI_3001G419300,0.809938
trans-EKODE-(E)-Ib,CTL,individual,1:69963672,1,69963672,1.066093e-09,SORBI_3001G419300,0.809938
trans-EKODE-(E)-Ib,CTL,individual,1:69963829,1,69963829,1.066093e-09,SORBI_3001G419300,0.809938
trans-EKODE-(E)-Ib,CTL,individual,1:69963840,1,69963840,1.066093e-09,SORBI_3001G419300,0.809938
trans-EKODE-(E)-Ib,CTL,individual,1:69963901,1,69963901,1.066093e-09,SORBI_3001G419300,0.809938
trans-EKODE-(E)-Ib,CTL,individual,1:69960249,1,69960249,1.066093e-09,SORBI_3001G419200,0.80787
trans-EKODE-(E)-Ib,CTL,individual,1:69960630,1,69960630,1.066093e-09,SORBI_3001G419200,0.80787
trans-EKODE-(E)-Ib,CTL,individual,1:69960653,1,69960653,1.066093e-09,SORBI_3001G419200,0.80787
trans-EKODE-(E)-Ib,CTL,individual,1:69962421,1,69962421,1.066093e-09,SORBI_3001G419200,0.80787
trans-EKODE-(E)-Ib,CTL,individual,1:69962924,1,69962924,1.066093e-09,SORBI_3001G419200,0.80787
trans-EKODE-(E)-Ib,CTL,individual,1:69963247,1,69963247,1.066093e-09,SORBI_3001G419200,0.80787
trans-EKODE-(E)-Ib,CTL,individual,1:69963274,1,69963274,1.066093e-09,SORBI_3001G419200,0.80787
trans-EKODE-(E)-Ib,CTL,individual,1:69963333,1,69963333,1.066093e-09,SORBI_3001G419200,0.80787
trans-EKODE-(E)-Ib,CTL,individual,1:69963672,1,69963672,1.066093e-09,SORBI_3001G419200,0.80787
trans-EKODE-(E)-Ib,CTL,individual,1:69963829,1,69963829,1.066093e-09,SORBI_3001G419200,0.80787
trans-EKODE-(E)-Ib,CTL,individual,1:69963840,1,69963840,1.066093e-09,SORBI_3001G419200,0.80787
trans-EKODE-(E)-Ib,CTL,individual,1:69963901,1,69963901,1.066093e-09,SORBI_3001G419200,0.80787
trans-EKODE-(E)-Ib,CTL,individual,1:69960249,1,69960249,1.066093e-09,SORBI_3001G419200,0.802805
trans-EKODE-(E)-Ib,CTL,individual,1:69960630,1,69960630,1.066093e-09,SORBI_3001G419200,0.802805
trans-EKODE-(E)-Ib,CTL,individual,1:69960653,1,69960653,1.066093e-09,SORBI_3001G419200,0.802805
trans-EKODE-(E)-Ib,CTL,individual,1:69962421,1,69962421,1.066093e-09,SORBI_3001G419200,0.802805
trans-EKODE-(E)-Ib,CTL,individual,1:69962924,1,69962924,1.066093e-09,SORBI_3001G419200,0.802805
trans-EKODE-(E)-Ib,CTL,individual,1:69963247,1,69963247,1.066093e-09,SORBI_3001G419200,0.802805
trans-EKODE-(E)-Ib,CTL,individual,1:69963274,1,69963274,1.066093e-09,SORBI_3001G419200,0.802805
trans-EKODE-(E)-Ib,CTL,individual,1:69963333,1,69963333,1.066093e-09,SORBI_3001G419200,0.802805
trans-EKODE-(E)-Ib,CTL,individual,1:69963672,1,69963672,1.066093e-09,SORBI_3001G419200,0.802805
trans-EKODE-(E)-Ib,CTL,individual,1:69963829,1,69963829,1.066093e-09,SORBI_3001G419200,0.802805
trans-EKODE-(E)-Ib,CTL,individual,1:69963840,1,69963840,1.066093e-09,SORBI_3001G419200,0.802805
trans-EKODE-(E)-Ib,CTL,individual,1:69963901,1,69963901,1.066093e-09,SORBI_3001G419200,0.802805
trans-EKODE-(E)-Ib,CTL,individual,1:69960249,1,69960249,1.066093e-09,SORBI_3001G419200,0.800252
trans-EKODE-(E)-Ib,CTL,individual,1:69960630,1,69960630,1.066093e-09,SORBI_3001G419200,0.800252
trans-EKODE-(E)-Ib,CTL,individual,1:69960653,1,69960653,1.066093e-09,SORBI_3001G419200,0.800252
trans-EKODE-(E)-Ib,CTL,individual,1:69962421,1,69962421,1.066093e-09,SORBI_3001G419200,0.800252
trans-EKODE-(E)-Ib,CTL,individual,1:69962924,1,69962924,1.066093e-09,SORBI_3001G419200,0.800252
trans-EKODE-(E)-Ib,CTL,individual,1:69963247,1,69963247,1.066093e-09,SORBI_3001G419200,0.800252
trans-EKODE-(E)-Ib,CTL,individual,1:69963274,1,69963274,1.066093e-09,SORBI_3001G419200,0.800252
trans-EKODE-(E)-Ib,CTL,individual,1:69963333,1,69963333,1.066093e-09,SORBI_3001G419200,0.800252
trans-EKODE-(E)-Ib,CTL,individual,1:69963672,1,69963672,1.066093e-09,SORBI_3001G419200,0.800252
trans-EKODE-(E)-Ib,CTL,individual,1:69963829,1,69963829,1.066093e-09,SORBI_3001G419200,0.800252
trans-EKODE-(E)-Ib,CTL,individual,1:69963840,1,69963840,1.066093e-09,SORBI_3001G419200,0.800252
trans-EKODE-(E)-Ib,CTL,individual,1:69963901,1,69963901,1.066093e-09,SORBI_3001G419200,0.800252
trans-EKODE-(E)-Ib,CTL,individual,1:69960249,1,69960249,1.066093e-09,SORBI_3001G419200,0.793673
trans-EKODE-(E)-Ib,CTL,individual,1:69960630,1,69960630,1.066093e-09,SORBI_3001G419200,0.793673
trans-EKODE-(E)-Ib,CTL,individual,1:69960653,1,69960653,1.066093e-09,SORBI_3001G419200,0.793673
trans-EKODE-(E)-Ib,CTL,individual,1:69962421,1,69962421,1.066093e-09,SORBI_3001G419200,0.793673
trans-EKODE-(E)-Ib,CTL,individual,1:69962924,1,69962924,1.066093e-09,SORBI_3001G419200,0.793673
trans-EKODE-(E)-Ib,CTL,individual,1:69963247,1,69963247,1.066093e-09,SORBI_3001G419200,0.793673
trans-EKODE-(E)-Ib,CTL,individual,1:69963274,1,69963274,1.066093e-09,SORBI_3001G419200,0.793673
trans-EKODE-(E)-Ib,CTL,individual,1:69963333,1,69963333,1.066093e-09,SORBI_3001G419200,0.793673
trans-EKODE-(E)-Ib,CTL,individual,1:69963672,1,69963672,1.066093e-09,SORBI_3001G419200,0.793673
trans-EKODE-(E)-Ib,CTL,individual,1:69963829,1,69963829,1.066093e-09,SORBI_3001G419200,0.793673
trans-EKODE-(E)-Ib,CTL,individual,1:69963840,1,69963840,1.066093e-09,SORBI_3001G419200,0.793673
trans-EKODE-(E)-Ib,CTL,individual,1:69963901,1,69963901,1.066093e-09,SORBI_3001G419200,0.793673
trans-EKODE-(E)-Ib,CTL,individual,1:69960249,1,69960249,1.066093e-09,SORBI_3001G419200,0.775295
trans-EKODE-(E)-Ib,CTL,individual,1:69960630,1,69960630,1.066093e-09,SORBI_3001G419200,0.775295
trans-EKODE-(E)-Ib,CTL,individual,1:69960653,1,69960653,1.066093e-09,SORBI_3001G419200,0.775295
trans-EKODE-(E)-Ib,CTL,individual,1:69962421,1,69962421,1.066093e-09,SORBI_3001G419200,0.775295
trans-EKODE-(E)-Ib,CTL,individual,1:69962924,1,69962924,1.066093e-09,SORBI_3001G419200,0.775295
trans-EKODE-(E)-Ib,CTL,individual,1:69963247,1,69963247,1.066093e-09,SORBI_3001G419200,0.775295
trans-EKODE-(E)-Ib,CTL,individual,1:69963274,1,69963274,1.066093e-09,SORBI_3001G419200,0.775295
trans-EKODE-(E)-Ib,CTL,individual,1:69963333,1,69963333,1.066093e-09,SORBI_3001G419200,0.775295
trans-EKODE-(E)-Ib,CTL,individual,1:69963672,1,69963672,1.066093e-09,SORBI_3001G419200,0.775295
trans-EKODE-(E)-Ib,CTL,individual,1:69963829,1,69963829,1.066093e-09,SORBI_3001G419200,0.775295
trans-EKODE-(E)-Ib,CTL,individual,1:69963840,1,69963840,1.066093e-09,SORBI_3001G419200,0.775295
trans-EKODE-(E)-Ib,CTL,individual,1:69963901,1,69963901,1.066093e-09,SORBI_3001G419200,0.775295
trans-EKODE-(E)-Ib,CTL,individual,1:69960249,1,69960249,1.066093e-09,SORBI_3001G419300,0.744059
trans-EKODE-(E)-Ib,CTL,individual,1:69960630,1,69960630,1.066093e-09,SORBI_3001G419300,0.744059
trans-EKODE-(E)-Ib,CTL,individual,1:69960653,1,69960653,1.066093e-09,SORBI_3001G419300,0.744059
trans-EKODE-(E)-Ib,CTL,individual,1:69962421,1,69962421,1.066093e-09,SORBI_3001G419300,0.744059
trans-EKODE-(E)-Ib,CTL,individual,1:69962924,1,69962924,1.066093e-09,SORBI_3001G419300,0.744059
trans-EKODE-(E)-Ib,CTL,individual,1:69963247,1,69963247,1.066093e-09,SORBI_3001G419300,0.744059
trans-EKODE-(E)-Ib,CTL,individual,1:69963274,1,69963274,1.066093e-09,SORBI_3001G419300,0.744059
trans-EKODE-(E)-Ib,CTL,individual,1:69963333,1,69963333,1.066093e-09,SORBI_3001G419300,0.744059
trans-EKODE-(E)-Ib,CTL,individual,1:69963672,1,69963672,1.066093e-09,SORBI_3001G419300,0.744059
trans-EKODE-(E)-Ib,CTL,individual,1:69963829,1,69963829,1.066093e-09,SORBI_3001G419300,0.744059
trans-EKODE-(E)-Ib,CTL,individual,1:69963840,1,69963840,1.066093e-09,SORBI_3001G419300,0.744059
trans-EKODE-(E)-Ib,CTL,individual,1:69963901,1,69963901,1.066093e-09,SORBI_3001G419300,0.744059
trans-EKODE-(E)-Ib,CTL,individual,1:69960249,1,69960249,1.066093e-09,SORBI_3001G419200,0.61423
trans-EKODE-(E)-Ib,CTL,individual,1:69960630,1,69960630,1.066093e-09,SORBI_3001G419200,0.61423
trans-EKODE-(E)-Ib,CTL,individual,1:69960653,1,69960653,1.066093e-09,SORBI_3001G419200,0.61423
trans-EKODE-(E)-Ib,CTL,individual,1:69962421,1,69962421,1.066093e-09,SORBI_3001G419200,0.61423
trans-EKODE-(E)-Ib,CTL,individual,1:69962924,1,69962924,1.066093e-09,SORBI_3001G419200,0.61423
trans-EKODE-(E)-Ib,CTL,individual,1:69963247,1,69963247,1.066093e-09,SORBI_3001G419200,0.61423
trans-EKODE-(E)-Ib,CTL,individual,1:69963274,1,69963274,1.066093e-09,SORBI_3001G419200,0.61423
trans-EKODE-(E)-Ib,CTL,individual,1:69963333,1,69963333,1.066093e-09,SORBI_3001G419200,0.61423
trans-EKODE-(E)-Ib,CTL,individual,1:69963672,1,69963672,1.066093e-09,SORBI_3001G419200,0.61423
trans-EKODE-(E)-Ib,CTL,individual,1:69963829,1,69963829,1.066093e-09,SORBI_3001G419200,0.61423
trans-EKODE-(E)-Ib,CTL,individual,1:69963840,1,69963840,1.066093e-09,SORBI_3001G419200,0.61423
trans-EKODE-(E)-Ib,CTL,individual,1:69963901,1,69963901,1.066093e-09,SORBI_3001G419200,0.61423
trans-EKODE-(E)-Ib,CTL,individual,1:69960249,1,69960249,1.066093e-09,SORBI_3001G419200,0.60177
trans-EKODE-(E)-Ib,CTL,individual,1:69960630,1,69960630,1.066093e-09,SORBI_3001G419200,0.60177
trans-EKODE-(E)-Ib,CTL,individual,1:69960653,1,69960653,1.066093e-09,SORBI_3001G419200,0.60177
trans-EKODE-(E)-Ib,CTL,individual,1:69962421,1,69962421,1.066093e-09,SORBI_3001G419200,0.60177
trans-EKODE-(E)-Ib,CTL,individual,1:69962924,1,69962924,1.066093e-09,SORBI_3001G419200,0.60177
trans-EKODE-(E)-Ib,CTL,individual,1:69963247,1,69963247,1.066093e-09,SORBI_3001G419200,0.60177
trans-EKODE-(E)-Ib,CTL,individual,1:69963274,1,69963274,1.066093e-09,SORBI_3001G419200,0.60177
trans-EKODE-(E)-Ib,CTL,individual,1:69963333,1,69963333,1.066093e-09,SORBI_3001G419200,0.60177
trans-EKODE-(E)-Ib,CTL,individual,1:69963672,1,69963672,1.066093e-09,SORBI_3001G419200,0.60177
trans-EKODE-(E)-Ib,CTL,individual,1:69963829,1,69963829,1.066093e-09,SORBI_3001G419200,0.60177
trans-EKODE-(E)-Ib,CTL,individual,1:69963840,1,69963840,1.066093e-09,SORBI_3001G419200,0.60177
trans-EKODE-(E)-Ib,CTL,individual,1:69963901,1,69963901,1.066093e-09,SORBI_3001G419200,0.60177
trans-EKODE-(E)-Ib,CTL,individual,1:69960249,1,69960249,1.066093e-09,SORBI_3001G419200,0.601688
trans-EKODE-(E)-Ib,CTL,individual,1:69960630,1,69960630,1.066093e-09,SORBI_3001G419200,0.601688
trans-EKODE-(E)-Ib,CTL,individual,1:69960653,1,69960653,1.066093e-09,SORBI_3001G419200,0.601688
trans-EKODE-(E)-Ib,CTL,individual,1:69962421,1,69962421,1.066093e-09,SORBI_3001G419200,0.601688
trans-EKODE-(E)-Ib,CTL,individual,1:69962924,1,69962924,1.066093e-09,SORBI_3001G419200,0.601688
trans-EKODE-(E)-Ib,CTL,individual,1:69963247,1,69963247,1.066093e-09,SORBI_3001G419200,0.601688
trans-EKODE-(E)-Ib,CTL,individual,1:69963274,1,69963274,1.066093e-09,SORBI_3001G419200,0.601688
trans-EKODE-(E)-Ib,CTL,individual,1:69963333,1,69963333,1.066093e-09,SORBI_3001G419200,0.601688
trans-EKODE-(E)-Ib,CTL,individual,1:69963672,1,69963672,1.066093e-09,SORBI_3001G419200,0.601688
trans-EKODE-(E)-Ib,CTL,individual,1:69963829,1,69963829,1.066093e-09,SORBI_3001G419200,0.601688
trans-EKODE-(E)-Ib,CTL,individual,1:69963840,1,69963840,1.066093e-09,SORBI_3001G419200,0.601688
trans-EKODE-(E)-Ib,CTL,individual,1:69963901,1,69963901,1.066093e-09,SORBI_3001G419200,0.601688
trans-EKODE-(E)-Ib,CTL,individual,1:69960249,1,69960249,1.066093e-09,SORBI_3001G419000,0.481754
trans-EKODE-(E)-Ib,CTL,individual,1:69960630,1,69960630,1.066093e-09,SORBI_3001G419000,0.481754
trans-EKODE-(E)-Ib,CTL,individual,1:69960653,1,69960653,1.066093e-09,SORBI_3001G419000,0.481754
trans-EKODE-(E)-Ib,CTL,individual,1:69962421,1,69962421,1.066093e-09,SORBI_3001G419000,0.481754
trans-EKODE-(E)-Ib,CTL,individual,1:69962924,1,69962924,1.066093e-09,SORBI_3001G419000,0.481754
trans-EKODE-(E)-Ib,CTL,individual,1:69963247,1,69963247,1.066093e-09,SORBI_3001G419000,0.481754
trans-EKODE-(E)-Ib,CTL,individual,1:69963274,1,69963274,1.066093e-09,SORBI_3001G419000,0.481754
trans-EKODE-(E)-Ib,CTL,individual,1:69963333,1,69963333,1.066093e-09,SORBI_3001G419000,0.481754
trans-EKODE-(E)-Ib,CTL,individual,1:69963672,1,69963672,1.066093e-09,SORBI_3001G419000,0.481754
trans-EKODE-(E)-Ib,CTL,individual,1:69963829,1,69963829,1.066093e-09,SORBI_3001G419000,0.481754
trans-EKODE-(E)-Ib,CTL,individual,1:69963840,1,69963840,1.066093e-09,SORBI_3001G419000,0.481754
trans-EKODE-(E)-Ib,CTL,individual,1:69963901,1,69963901,1.066093e-09,SORBI_3001G419000,0.481754
trans-EKODE-(E)-Ib,CTL,individual,1:69960249,1,69960249,1.066093e-09,SORBI_3001G419000,0.481684
trans-EKODE-(E)-Ib,CTL,individual,1:69960630,1,69960630,1.066093e-09,SORBI_3001G419000,0.481684
trans-EKODE-(E)-Ib,CTL,individual,1:69960653,1,69960653,1.066093e-09,SORBI_3001G419000,0.481684
trans-EKODE-(E)-Ib,CTL,individual,1:69962421,1,69962421,1.066093e-09,SORBI_3001G419000,0.481684
trans-EKODE-(E)-Ib,CTL,individual,1:69962924,1,69962924,1.066093e-09,SORBI_3001G419000,0.481684
trans-EKODE-(E)-Ib,CTL,individual,1:69963247,1,69963247,1.066093e-09,SORBI_3001G419000,0.481684
trans-EKODE-(E)-Ib,CTL,individual,1:69963274,1,69963274,1.066093e-09,SORBI_3001G419000,0.481684
trans-EKODE-(E)-Ib,CTL,individual,1:69963333,1,69963333,1.066093e-09,SORBI_3001G419000,0.481684
trans-EKODE-(E)-Ib,CTL,individual,1:69963672,1,69963672,1.066093e-09,SORBI_3001G419000,0.481684
trans-EKODE-(E)-Ib,CTL,individual,1:69963829,1,69963829,1.066093e-09,SORBI_3001G419000,0.481684
trans-EKODE-(E)-Ib,CTL,individual,1:69963840,1,69963840,1.066093e-09,SORBI_3001G419000,0.481684
trans-EKODE-(E)-Ib,CTL,individual,1:69963901,1,69963901,1.066093e-09,SORBI_3001G419000,0.481684
trans-EKODE-(E)-Ib,CTL,individual,1:69960249,1,69960249,1.066093e-09,SORBI_3001G419000,0.470185
trans-EKODE-(E)-Ib,CTL,individual,1:69960630,1,69960630,1.066093e-09,SORBI_3001G419000,0.470185
trans-EKODE-(E)-Ib,CTL,individual,1:69960653,1,69960653,1.066093e-09,SORBI_3001G419000,0.470185
trans-EKODE-(E)-Ib,CTL,individual,1:69962421,1,69962421,1.066093e-09,SORBI_3001G419000,0.470185
trans-EKODE-(E)-Ib,CTL,individual,1:69962924,1,69962924,1.066093e-09,SORBI_3001G419000,0.470185
trans-EKODE-(E)-Ib,CTL,individual,1:69963247,1,69963247,1.066093e-09,SORBI_3001G419000,0.470185
trans-EKODE-(E)-Ib,CTL,individual,1:69963274,1,69963274,1.066093e-09,SORBI_3001G419000,0.470185
trans-EKODE-(E)-Ib,CTL,individual,1:69963333,1,69963333,1.066093e-09,SORBI_3001G419000,0.470185
trans-EKODE-(E)-Ib,CTL,individual,1:69963672,1,69963672,1.066093e-09,SORBI_3001G419000,0.470185
trans-EKODE-(E)-Ib,CTL,individual,1:69963829,1,69963829,1.066093e-09,SORBI_3001G419000,0.470185
trans-EKODE-(E)-Ib,CTL,individual,1:69963840,1,69963840,1.066093e-09,SORBI_3001G419000,0.470185
trans-EKODE-(E)-Ib,CTL,individual,1:69963901,1,69963901,1.066093e-09,SORBI_3001G419000,0.470185
trans-EKODE-(E)-Ib,CTL,individual,1:69960249,1,69960249,1.066093e-09,SORBI_3001G419100,0.463191
trans-EKODE-(E)-Ib,CTL,individual,1:69960630,1,69960630,1.066093e-09,SORBI_3001G419100,0.463191
trans-EKODE-(E)-Ib,CTL,individual,1:69960653,1,69960653,1.066093e-09,SORBI_3001G419100,0.463191
trans-EKODE-(E)-Ib,CTL,individual,1:69962421,1,69962421,1.066093e-09,SORBI_3001G419100,0.463191
trans-EKODE-(E)-Ib,CTL,individual,1:69962924,1,69962924,1.066093e-09,SORBI_3001G419100,0.463191
trans-EKODE-(E)-Ib,CTL,individual,1:69963247,1,69963247,1.066093e-09,SORBI_3001G419100,0.463191
trans-EKODE-(E)-Ib,CTL,individual,1:69963274,1,69963274,1.066093e-09,SORBI_3001G419100,0.463191
trans-EKODE-(E)-Ib,CTL,individual,1:69963333,1,69963333,1.066093e-09,SORBI_3001G419100,0.463191
trans-EKODE-(E)-Ib,CTL,individual,1:69963672,1,69963672,1.066093e-09,SORBI_3001G419100,0.463191
trans-EKODE-(E)-Ib,CTL,individual,1:69963829,1,69963829,1.066093e-09,SORBI_3001G419100,0.463191
trans-EKODE-(E)-Ib,CTL,individual,1:69963840,1,69963840,1.066093e-09,SORBI_3001G419100,0.463191
trans-EKODE-(E)-Ib,CTL,individual,1:69963901,1,69963901,1.066093e-09,SORBI_3001G419100,0.463191
trans-EKODE-(E)-Ib,CTL,individual,1:69960249,1,69960249,1.066093e-09,SORBI_3001G419600,0.44796
trans-EKODE-(E)-Ib,CTL,individual,1:69960630,1,69960630,1.066093e-09,SORBI_3001G419600,0.44796
trans-EKODE-(E)-Ib,CTL,individual,1:69960653,1,69960653,1.066093e-09,SORBI_3001G419600,0.44796
trans-EKODE-(E)-Ib,CTL,individual,1:69962421,1,69962421,1.066093e-09,SORBI_3001G419600,0.44796
trans-EKODE-(E)-Ib,CTL,individual,1:69962924,1,69962924,1.066093e-09,SORBI_3001G419600,0.44796
trans-EKODE-(E)-Ib,CTL,individual,1:69963247,1,69963247,1.066093e-09,SORBI_3001G419600,0.44796
trans-EKODE-(E)-Ib,CTL,individual,1:69963274,1,69963274,1.066093e-09,SORBI_3001G419600,0.44796
trans-EKODE-(E)-Ib,CTL,individual,1:69963333,1,69963333,1.066093e-09,SORBI_3001G419600,0.44796
trans-EKODE-(E)-Ib,CTL,individual,1:69963672,1,69963672,1.066093e-09,SORBI_3001G419600,0.44796
trans-EKODE-(E)-Ib,CTL,individual,1:69963829,1,69963829,1.066093e-09,SORBI_3001G419600,0.44796
trans-EKODE-(E)-Ib,CTL,individual,1:69963840,1,69963840,1.066093e-09,SORBI_3001G419600,0.44796
trans-EKODE-(E)-Ib,CTL,individual,1:69963901,1,69963901,1.066093e-09,SORBI_3001G419600,0.44796
trans-EKODE-(E)-Ib,CTL,individual,1:69960249,1,69960249,1.066093e-09,SORBI_3001G419000,0.446998
trans-EKODE-(E)-Ib,CTL,individual,1:69960630,1,69960630,1.066093e-09,SORBI_3001G419000,0.446998
trans-EKODE-(E)-Ib,CTL,individual,1:69960653,1,69960653,1.066093e-09,SORBI_3001G419000,0.446998
trans-EKODE-(E)-Ib,CTL,individual,1:69962421,1,69962421,1.066093e-09,SORBI_3001G419000,0.446998
trans-EKODE-(E)-Ib,CTL,individual,1:69962924,1,69962924,1.066093e-09,SORBI_3001G419000,0.446998
trans-EKODE-(E)-Ib,CTL,individual,1:69963247,1,69963247,1.066093e-09,SORBI_3001G419000,0.446998
trans-EKODE-(E)-Ib,CTL,individual,1:69963274,1,69963274,1.066093e-09,SORBI_3001G419000,0.446998
trans-EKODE-(E)-Ib,CTL,individual,1:69963333,1,69963333,1.066093e-09,SORBI_3001G419000,0.446998
trans-EKODE-(E)-Ib,CTL,individual,1:69963672,1,69963672,1.066093e-09,SORBI_3001G419000,0.446998
trans-EKODE-(E)-Ib,CTL,individual,1:69963829,1,69963829,1.066093e-09,SORBI_3001G419000,0.446998
trans-EKODE-(E)-Ib,CTL,individual,1:69963840,1,69963840,1.066093e-09,SORBI_3001G419000,0.446998
trans-EKODE-(E)-Ib,CTL,individual,1:69963901,1,69963901,1.066093e-09,SORBI_3001G419000,0.446998
trans-EKODE-(E)-Ib,CTL,individual,1:69960249,1,69960249,1.066093e-09,SORBI_3001G418800,0.433782
trans-EKODE-(E)-Ib,CTL,individual,1:69960630,1,69960630,1.066093e-09,SORBI_3001G418800,0.433782
trans-EKODE-(E)-Ib,CTL,individual,1:69960653,1,69960653,1.066093e-09,SORBI_3001G418800,0.433782
trans-EKODE-(E)-Ib,CTL,individual,1:69962421,1,69962421,1.066093e-09,SORBI_3001G418800,0.433782
trans-EKODE-(E)-Ib,CTL,individual,1:69962924,1,69962924,1.066093e-09,SORBI_3001G418800,0.433782
trans-EKODE-(E)-Ib,CTL,individual,1:69963247,1,69963247,1.066093e-09,SORBI_3001G418800,0.433782
trans-EKODE-(E)-Ib,CTL,individual,1:69963274,1,69963274,1.066093e-09,SORBI_3001G418800,0.433782
trans-EKODE-(E)-Ib,CTL,individual,1:69963333,1,69963333,1.066093e-09,SORBI_3001G418800,0.433782
trans-EKODE-(E)-Ib,CTL,individual,1:69963672,1,69963672,1.066093e-09,SORBI_3001G418800,0.433782
trans-EKODE-(E)-Ib,CTL,individual,1:69963829,1,69963829,1.066093e-09,SORBI_3001G418800,0.433782
trans-EKODE-(E)-Ib,CTL,individual,1:69963840,1,69963840,1.066093e-09,SORBI_3001G418800,0.433782
trans-EKODE-(E)-Ib,CTL,individual,1:69963901,1,69963901,1.066093e-09,SORBI_3001G418800,0.433782
trans-EKODE-(E)-Ib,CTL,individual,1:69960249,1,69960249,1.066093e-09,SORBI_3001G419300,0.430867
trans-EKODE-(E)-Ib,CTL,individual,1:69960630,1,69960630,1.066093e-09,SORBI_3001G419300,0.430867
trans-EKODE-(E)-Ib,CTL,individual,1:69960653,1,69960653,1.066093e-09,SORBI_3001G419300,0.430867
trans-EKODE-(E)-Ib,CTL,individual,1:69962421,1,69962421,1.066093e-09,SORBI_3001G419300,0.430867
trans-EKODE-(E)-Ib,CTL,individual,1:69962924,1,69962924,1.066093e-09,SORBI_3001G419300,0.430867
trans-EKODE-(E)-Ib,CTL,individual,1:69963247,1,69963247,1.066093e-09,SORBI_3001G419300,0.430867
trans-EKODE-(E)-Ib,CTL,individual,1:69963274,1,69963274,1.066093e-09,SORBI_3001G419300,0.430867
trans-EKODE-(E)-Ib,CTL,individual,1:69963333,1,69963333,1.066093e-09,SORBI_3001G419300,0.430867
trans-EKODE-(E)-Ib,CTL,individual,1:69963672,1,69963672,1.066093e-09,SORBI_3001G419300,0.430867
trans-EKODE-(E)-Ib,CTL,individual,1:69963829,1,69963829,1.066093e-09,SORBI_3001G419300,0.430867
trans-EKODE-(E)-Ib,CTL,individual,1:69963840,1,69963840,1.066093e-09,SORBI_3001G419300,0.430867
trans-EKODE-(E)-Ib,CTL,individual,1:69963901,1,69963901,1.066093e-09,SORBI_3001G419300,0.430867
trans-EKODE-(E)-Ib,CTL,individual,1:69960249,1,69960249,1.066093e-09,SORBI_3001G418800,0.430715
trans-EKODE-(E)-Ib,CTL,individual,1:69960630,1,69960630,1.066093e-09,SORBI_3001G418800,0.430715
trans-EKODE-(E)-Ib,CTL,individual,1:69960653,1,69960653,1.066093e-09,SORBI_3001G418800,0.430715
trans-EKODE-(E)-Ib,CTL,individual,1:69962421,1,69962421,1.066093e-09,SORBI_3001G418800,0.430715
trans-EKODE-(E)-Ib,CTL,individual,1:69962924,1,69962924,1.066093e-09,SORBI_3001G418800,0.430715
trans-EKODE-(E)-Ib,CTL,individual,1:69963247,1,69963247,1.066093e-09,SORBI_3001G418800,0.430715
trans-EKODE-(E)-Ib,CTL,individual,1:69963274,1,69963274,1.066093e-09,SORBI_3001G418800,0.430715
trans-EKODE-(E)-Ib,CTL,individual,1:69963333,1,69963333,1.066093e-09,SORBI_3001G418800,0.430715
trans-EKODE-(E)-Ib,CTL,individual,1:69963672,1,69963672,1.066093e-09,SORBI_3001G418800,0.430715
trans-EKODE-(E)-Ib,CTL,individual,1:69963829,1,69963829,1.066093e-09,SORBI_3001G418800,0.430715
trans-EKODE-(E)-Ib,CTL,individual,1:69963840,1,69963840,1.066093e-09,SORBI_3001G418800,0.430715
trans-EKODE-(E)-Ib,CTL,individual,1:69963901,1,69963901,1.066093e-09,SORBI_3001G418800,0.430715
trans-EKODE-(E)-Ib,CTL,individual,1:69960249,1,69960249,1.066093e-09,SORBI_3001G419200,0.424987
trans-EKODE-(E)-Ib,CTL,individual,1:69960630,1,69960630,1.066093e-09,SORBI_3001G419200,0.424987
trans-EKODE-(E)-Ib,CTL,individual,1:69960653,1,69960653,1.066093e-09,SORBI_3001G419200,0.424987
trans-EKODE-(E)-Ib,CTL,individual,1:69962421,1,69962421,1.066093e-09,SORBI_3001G419200,0.424987
trans-EKODE-(E)-Ib,CTL,individual,1:69962924,1,69962924,1.066093e-09,SORBI_3001G419200,0.424987
trans-EKODE-(E)-Ib,CTL,individual,1:69963247,1,69963247,1.066093e-09,SORBI_3001G419200,0.424987
trans-EKODE-(E)-Ib,CTL,individual,1:69963274,1,69963274,1.066093e-09,SORBI_3001G419200,0.424987
trans-EKODE-(E)-Ib,CTL,individual,1:69963333,1,69963333,1.066093e-09,SORBI_3001G419200,0.424987
trans-EKODE-(E)-Ib,CTL,individual,1:69963672,1,69963672,1.066093e-09,SORBI_3001G419200,0.424987
trans-EKODE-(E)-Ib,CTL,individual,1:69963829,1,69963829,1.066093e-09,SORBI_3001G419200,0.424987
trans-EKODE-(E)-Ib,CTL,individual,1:69963840,1,69963840,1.066093e-09,SORBI_3001G419200,0.424987
trans-EKODE-(E)-Ib,CTL,individual,1:69963901,1,69963901,1.066093e-09,SORBI_3001G419200,0.424987
trans-EKODE-(E)-Ib,CTL,individual,1:69960249,1,69960249,1.066093e-09,SORBI_3001G418800,0.419676
trans-EKODE-(E)-Ib,CTL,individual,1:69960630,1,69960630,1.066093e-09,SORBI_3001G418800,0.419676
trans-EKODE-(E)-Ib,CTL,individual,1:69960653,1,69960653,1.066093e-09,SORBI_3001G418800,0.419676
trans-EKODE-(E)-Ib,CTL,individual,1:69962421,1,69962421,1.066093e-09,SORBI_3001G418800,0.419676
trans-EKODE-(E)-Ib,CTL,individual,1:69962924,1,69962924,1.066093e-09,SORBI_3001G418800,0.419676
trans-EKODE-(E)-Ib,CTL,individual,1:69963247,1,69963247,1.066093e-09,SORBI_3001G418800,0.419676
trans-EKODE-(E)-Ib,CTL,individual,1:69963274,1,69963274,1.066093e-09,SORBI_3001G418800,0.419676
trans-EKODE-(E)-Ib,CTL,individual,1:69963333,1,69963333,1.066093e-09,SORBI_3001G418800,0.419676
trans-EKODE-(E)-Ib,CTL,individual,1:69963672,1,69963672,1.066093e-09,SORBI_3001G418800,0.419676
trans-EKODE-(E)-Ib,CTL,individual,1:69963829,1,69963829,1.066093e-09,SORBI_3001G418800,0.419676
trans-EKODE-(E)-Ib,CTL,individual,1:69963840,1,69963840,1.066093e-09,SORBI_3001G418800,0.419676
trans-EKODE-(E)-Ib,CTL,individual,1:69963901,1,69963901,1.066093e-09,SORBI_3001G418800,0.419676
trans-EKODE-(E)-Ib,CTL,individual,1:69960249,1,69960249,1.066093e-09,SORBI_3001G419000,0.418514
trans-EKODE-(E)-Ib,CTL,individual,1:69960630,1,69960630,1.066093e-09,SORBI_3001G419000,0.418514
trans-EKODE-(E)-Ib,CTL,individual,1:69960653,1,69960653,1.066093e-09,SORBI_3001G419000,0.418514
trans-EKODE-(E)-Ib,CTL,individual,1:69962421,1,69962421,1.066093e-09,SORBI_3001G419000,0.418514
trans-EKODE-(E)-Ib,CTL,individual,1:69962924,1,69962924,1.066093e-09,SORBI_3001G419000,0.418514
trans-EKODE-(E)-Ib,CTL,individual,1:69963247,1,69963247,1.066093e-09,SORBI_3001G419000,0.418514
trans-EKODE-(E)-Ib,CTL,individual,1:69963274,1,69963274,1.066093e-09,SORBI_3001G419000,0.418514
trans-EKODE-(E)-Ib,CTL,individual,1:69963333,1,69963333,1.066093e-09,SORBI_3001G419000,0.418514
trans-EKODE-(E)-Ib,CTL,individual,1:69963672,1,69963672,1.066093e-09,SORBI_3001G419000,0.418514
trans-EKODE-(E)-Ib,CTL,individual,1:69963829,1,69963829,1.066093e-09,SORBI_3001G419000,0.418514
trans-EKODE-(E)-Ib,CTL,individual,1:69963840,1,69963840,1.066093e-09,SORBI_3001G419000,0.418514
trans-EKODE-(E)-Ib,CTL,individual,1:69963901,1,69963901,1.066093e-09,SORBI_3001G419000,0.418514
trans-EKODE-(E)-Ib,CTL,individual,1:69960249,1,69960249,1.066093e-09,SORBI_3001G419200,0.417339
trans-EKODE-(E)-Ib,CTL,individual,1:69960630,1,69960630,1.066093e-09,SORBI_3001G419200,0.417339
trans-EKODE-(E)-Ib,CTL,individual,1:69960653,1,69960653,1.066093e-09,SORBI_3001G419200,0.417339
trans-EKODE-(E)-Ib,CTL,individual,1:69962421,1,69962421,1.066093e-09,SORBI_3001G419200,0.417339
trans-EKODE-(E)-Ib,CTL,individual,1:69962924,1,69962924,1.066093e-09,SORBI_3001G419200,0.417339
trans-EKODE-(E)-Ib,CTL,individual,1:69963247,1,69963247,1.066093e-09,SORBI_3001G419200,0.417339
trans-EKODE-(E)-Ib,CTL,individual,1:69963274,1,69963274,1.066093e-09,SORBI_3001G419200,0.417339
trans-EKODE-(E)-Ib,CTL,individual,1:69963333,1,69963333,1.066093e-09,SORBI_3001G419200,0.417339
trans-EKODE-(E)-Ib,CTL,individual,1:69963672,1,69963672,1.066093e-09,SORBI_3001G419200,0.417339
trans-EKODE-(E)-Ib,CTL,individual,1:69963829,1,69963829,1.066093e-09,SORBI_3001G419200,0.417339
trans-EKODE-(E)-Ib,CTL,individual,1:69963840,1,69963840,1.066093e-09,SORBI_3001G419200,0.417339
trans-EKODE-(E)-Ib,CTL,individual,1:69963901,1,69963901,1.066093e-09,SORBI_3001G419200,0.417339
trans-EKODE-(E)-Ib,CTL,individual,1:69960249,1,69960249,1.066093e-09,SORBI_3001G419000,0.416506
trans-EKODE-(E)-Ib,CTL,individual,1:69960630,1,69960630,1.066093e-09,SORBI_3001G419000,0.416506
trans-EKODE-(E)-Ib,CTL,individual,1:69960653,1,69960653,1.066093e-09,SORBI_3001G419000,0.416506
trans-EKODE-(E)-Ib,CTL,individual,1:69962421,1,69962421,1.066093e-09,SORBI_3001G419000,0.416506
trans-EKODE-(E)-Ib,CTL,individual,1:69962924,1,69962924,1.066093e-09,SORBI_3001G419000,0.416506
trans-EKODE-(E)-Ib,CTL,individual,1:69963247,1,69963247,1.066093e-09,SORBI_3001G419000,0.416506
trans-EKODE-(E)-Ib,CTL,individual,1:69963274,1,69963274,1.066093e-09,SORBI_3001G419000,0.416506
trans-EKODE-(E)-Ib,CTL,individual,1:69963333,1,69963333,1.066093e-09,SORBI_3001G419000,0.416506
trans-EKODE-(E)-Ib,CTL,individual,1:69963672,1,69963672,1.066093e-09,SORBI_3001G419000,0.416506
trans-EKODE-(E)-Ib,CTL,individual,1:69963829,1,69963829,1.066093e-09,SORBI_3001G419000,0.416506
trans-EKODE-(E)-Ib,CTL,individual,1:69963840,1,69963840,1.066093e-09,SORBI_3001G419000,0.416506
trans-EKODE-(E)-Ib,CTL,individual,1:69963901,1,69963901,1.066093e-09,SORBI_3001G419000,0.416506
trans-EKODE-(E)-Ib,CTL,individual,1:69960249,1,69960249,1.066093e-09,SORBI_3001G419000,0.41623
trans-EKODE-(E)-Ib,CTL,individual,1:69960630,1,69960630,1.066093e-09,SORBI_3001G419000,0.41623
trans-EKODE-(E)-Ib,CTL,individual,1:69960653,1,69960653,1.066093e-09,SORBI_3001G419000,0.41623
trans-EKODE-(E)-Ib,CTL,individual,1:69962421,1,69962421,1.066093e-09,SORBI_3001G419000,0.41623
trans-EKODE-(E)-Ib,CTL,individual,1:69962924,1,69962924,1.066093e-09,SORBI_3001G419000,0.41623
trans-EKODE-(E)-Ib,CTL,individual,1:69963247,1,69963247,1.066093e-09,SORBI_3001G419000,0.41623
trans-EKODE-(E)-Ib,CTL,individual,1:69963274,1,69963274,1.066093e-09,SORBI_3001G419000,0.41623
trans-EKODE-(E)-Ib,CTL,individual,1:69963333,1,69963333,1.066093e-09,SORBI_3001G419000,0.41623
trans-EKODE-(E)-Ib,CTL,individual,1:69963672,1,69963672,1.066093e-09,SORBI_3001G419000,0.41623
trans-EKODE-(E)-Ib,CTL,individual,1:69963829,1,69963829,1.066093e-09,SORBI_3001G419000,0.41623
trans-EKODE-(E)-Ib,CTL,individual,1:69963840,1,69963840,1.066093e-09,SORBI_3001G419000,0.41623
trans-EKODE-(E)-Ib,CTL,individual,1:69963901,1,69963901,1.066093e-09,SORBI_3001G419000,0.41623
trans-EKODE-(E)-Ib,CTL,individual,1:69960249,1,69960249,1.066093e-09,SORBI_3001G418800,0.413685
trans-EKODE-(E)-Ib,CTL,individual,1:69960630,1,69960630,1.066093e-09,SORBI_3001G418800,0.413685
trans-EKODE-(E)-Ib,CTL,individual,1:69960653,1,69960653,1.066093e-09,SORBI_3001G418800,0.413685
trans-EKODE-(E)-Ib,CTL,individual,1:69962421,1,69962421,1.066093e-09,SORBI_3001G418800,0.413685
trans-EKODE-(E)-Ib,CTL,individual,1:69962924,1,69962924,1.066093e-09,SORBI_3001G418800,0.413685
trans-EKODE-(E)-Ib,CTL,individual,1:69963247,1,69963247,1.066093e-09,SORBI_3001G418800,0.413685
trans-EKODE-(E)-Ib,CTL,individual,1:69963274,1,69963274,1.066093e-09,SORBI_3001G418800,0.413685
trans-EKODE-(E)-Ib,CTL,individual,1:69963333,1,69963333,1.066093e-09,SORBI_3001G418800,0.413685
trans-EKODE-(E)-Ib,CTL,individual,1:69963672,1,69963672,1.066093e-09,SORBI_3001G418800,0.413685
trans-EKODE-(E)-Ib,CTL,individual,1:69963829,1,69963829,1.066093e-09,SORBI_3001G418800,0.413685
trans-EKODE-(E)-Ib,CTL,individual,1:69963840,1,69963840,1.066093e-09,SORBI_3001G418800,0.413685
trans-EKODE-(E)-Ib,CTL,individual,1:69963901,1,69963901,1.066093e-09,SORBI_3001G418800,0.413685
trans-EKODE-(E)-Ib,CTL,individual,1:69960249,1,69960249,1.066093e-09,SORBI_3001G419000,0.413325
trans-EKODE-(E)-Ib,CTL,individual,1:69960630,1,69960630,1.066093e-09,SORBI_3001G419000,0.413325
trans-EKODE-(E)-Ib,CTL,individual,1:69960653,1,69960653,1.066093e-09,SORBI_3001G419000,0.413325
trans-EKODE-(E)-Ib,CTL,individual,1:69962421,1,69962421,1.066093e-09,SORBI_3001G419000,0.413325
trans-EKODE-(E)-Ib,CTL,individual,1:69962924,1,69962924,1.066093e-09,SORBI_3001G419000,0.413325
trans-EKODE-(E)-Ib,CTL,individual,1:69963247,1,69963247,1.066093e-09,SORBI_3001G419000,0.413325
trans-EKODE-(E)-Ib,CTL,individual,1:69963274,1,69963274,1.066093e-09,SORBI_3001G419000,0.413325
trans-EKODE-(E)-Ib,CTL,individual,1:69963333,1,69963333,1.066093e-09,SORBI_3001G419000,0.413325
trans-EKODE-(E)-Ib,CTL,individual,1:69963672,1,69963672,1.066093e-09,SORBI_3001G419000,0.413325
trans-EKODE-(E)-Ib,CTL,individual,1:69963829,1,69963829,1.066093e-09,SORBI_3001G419000,0.413325
trans-EKODE-(E)-Ib,CTL,individual,1:69963840,1,69963840,1.066093e-09,SORBI_3001G419000,0.413325
trans-EKODE-(E)-Ib,CTL,individual,1:69963901,1,69963901,1.066093e-09,SORBI_3001G419000,0.413325
trans-EKODE-(E)-Ib,CTL,individual,1:69960249,1,69960249,1.066093e-09,SORBI_3001G419300,0.409104
trans-EKODE-(E)-Ib,CTL,individual,1:69960630,1,69960630,1.066093e-09,SORBI_3001G419300,0.409104
trans-EKODE-(E)-Ib,CTL,individual,1:69960653,1,69960653,1.066093e-09,SORBI_3001G419300,0.409104
trans-EKODE-(E)-Ib,CTL,individual,1:69962421,1,69962421,1.066093e-09,SORBI_3001G419300,0.409104
trans-EKODE-(E)-Ib,CTL,individual,1:69962924,1,69962924,1.066093e-09,SORBI_3001G419300,0.409104
trans-EKODE-(E)-Ib,CTL,individual,1:69963247,1,69963247,1.066093e-09,SORBI_3001G419300,0.409104
trans-EKODE-(E)-Ib,CTL,individual,1:69963274,1,69963274,1.066093e-09,SORBI_3001G419300,0.409104
trans-EKODE-(E)-Ib,CTL,individual,1:69963333,1,69963333,1.066093e-09,SORBI_3001G419300,0.409104
trans-EKODE-(E)-Ib,CTL,individual,1:69963672,1,69963672,1.066093e-09,SORBI_3001G419300,0.409104
trans-EKODE-(E)-Ib,CTL,individual,1:69963829,1,69963829,1.066093e-09,SORBI_3001G419300,0.409104
trans-EKODE-(E)-Ib,CTL,individual,1:69963840,1,69963840,1.066093e-09,SORBI_3001G419300,0.409104
trans-EKODE-(E)-Ib,CTL,individual,1:69963901,1,69963901,1.066093e-09,SORBI_3001G419300,0.409104
trans-EKODE-(E)-Ib,CTL,individual,1:69960249,1,69960249,1.066093e-09,SORBI_3001G419300,0.408937
trans-EKODE-(E)-Ib,CTL,individual,1:69960630,1,69960630,1.066093e-09,SORBI_3001G419300,0.408937
trans-EKODE-(E)-Ib,CTL,individual,1:69960653,1,69960653,1.066093e-09,SORBI_3001G419300,0.408937
trans-EKODE-(E)-Ib,CTL,individual,1:69962421,1,69962421,1.066093e-09,SORBI_3001G419300,0.408937
trans-EKODE-(E)-Ib,CTL,individual,1:69962924,1,69962924,1.066093e-09,SORBI_3001G419300,0.408937
trans-EKODE-(E)-Ib,CTL,individual,1:69963247,1,69963247,1.066093e-09,SORBI_3001G419300,0.408937
trans-EKODE-(E)-Ib,CTL,individual,1:69963274,1,69963274,1.066093e-09,SORBI_3001G419300,0.408937
trans-EKODE-(E)-Ib,CTL,individual,1:69963333,1,69963333,1.066093e-09,SORBI_3001G419300,0.408937
trans-EKODE-(E)-Ib,CTL,individual,1:69963672,1,69963672,1.066093e-09,SORBI_3001G419300,0.408937
trans-EKODE-(E)-Ib,CTL,individual,1:69963829,1,69963829,1.066093e-09,SORBI_3001G419300,0.408937
trans-EKODE-(E)-Ib,CTL,individual,1:69963840,1,69963840,1.066093e-09,SORBI_3001G419300,0.408937
trans-EKODE-(E)-Ib,CTL,individual,1:69963901,1,69963901,1.066093e-09,SORBI_3001G419300,0.408937
trans-EKODE-(E)-Ib,CTL,individual,1:69960249,1,69960249,1.066093e-09,SORBI_3001G419300,0.408767
trans-EKODE-(E)-Ib,CTL,individual,1:69960630,1,69960630,1.066093e-09,SORBI_3001G419300,0.408767
trans-EKODE-(E)-Ib,CTL,individual,1:69960653,1,69960653,1.066093e-09,SORBI_3001G419300,0.408767
trans-EKODE-(E)-Ib,CTL,individual,1:69962421,1,69962421,1.066093e-09,SORBI_3001G419300,0.408767
trans-EKODE-(E)-Ib,CTL,individual,1:69962924,1,69962924,1.066093e-09,SORBI_3001G419300,0.408767
trans-EKODE-(E)-Ib,CTL,individual,1:69963247,1,69963247,1.066093e-09,SORBI_3001G419300,0.408767
trans-EKODE-(E)-Ib,CTL,individual,1:69963274,1,69963274,1.066093e-09,SORBI_3001G419300,0.408767
trans-EKODE-(E)-Ib,CTL,individual,1:69963333,1,69963333,1.066093e-09,SORBI_3001G419300,0.408767
trans-EKODE-(E)-Ib,CTL,individual,1:69963672,1,69963672,1.066093e-09,SORBI_3001G419300,0.408767
trans-EKODE-(E)-Ib,CTL,individual,1:69963829,1,69963829,1.066093e-09,SORBI_3001G419300,0.408767
trans-EKODE-(E)-Ib,CTL,individual,1:69963840,1,69963840,1.066093e-09,SORBI_3001G419300,0.408767
trans-EKODE-(E)-Ib,CTL,individual,1:69963901,1,69963901,1.066093e-09,SORBI_3001G419300,0.408767
trans-EKODE-(E)-Ib,CTL,individual,1:69960249,1,69960249,1.066093e-09,SORBI_3001G419200,0.407581
trans-EKODE-(E)-Ib,CTL,individual,1:69960630,1,69960630,1.066093e-09,SORBI_3001G419200,0.407581
trans-EKODE-(E)-Ib,CTL,individual,1:69960653,1,69960653,1.066093e-09,SORBI_3001G419200,0.407581
trans-EKODE-(E)-Ib,CTL,individual,1:69962421,1,69962421,1.066093e-09,SORBI_3001G419200,0.407581
trans-EKODE-(E)-Ib,CTL,individual,1:69962924,1,69962924,1.066093e-09,SORBI_3001G419200,0.407581
trans-EKODE-(E)-Ib,CTL,individual,1:69963247,1,69963247,1.066093e-09,SORBI_3001G419200,0.407581
trans-EKODE-(E)-Ib,CTL,individual,1:69963274,1,69963274,1.066093e-09,SORBI_3001G419200,0.407581
trans-EKODE-(E)-Ib,CTL,individual,1:69963333,1,69963333,1.066093e-09,SORBI_3001G419200,0.407581
trans-EKODE-(E)-Ib,CTL,individual,1:69963672,1,69963672,1.066093e-09,SORBI_3001G419200,0.407581
trans-EKODE-(E)-Ib,CTL,individual,1:69963829,1,69963829,1.066093e-09,SORBI_3001G419200,0.407581
trans-EKODE-(E)-Ib,CTL,individual,1:69963840,1,69963840,1.066093e-09,SORBI_3001G419200,0.407581
trans-EKODE-(E)-Ib,CTL,individual,1:69963901,1,69963901,1.066093e-09,SORBI_3001G419200,0.407581
trans-EKODE-(E)-Ib,CTL,individual,1:69960249,1,69960249,1.066093e-09,SORBI_3001G418650,0.407077
trans-EKODE-(E)-Ib,CTL,individual,1:69960630,1,69960630,1.066093e-09,SORBI_3001G418650,0.407077
trans-EKODE-(E)-Ib,CTL,individual,1:69960653,1,69960653,1.066093e-09,SORBI_3001G418650,0.407077
trans-EKODE-(E)-Ib,CTL,individual,1:69962421,1,69962421,1.066093e-09,SORBI_3001G418650,0.407077
trans-EKODE-(E)-Ib,CTL,individual,1:69962924,1,69962924,1.066093e-09,SORBI_3001G418650,0.407077
trans-EKODE-(E)-Ib,CTL,individual,1:69963247,1,69963247,1.066093e-09,SORBI_3001G418650,0.407077
trans-EKODE-(E)-Ib,CTL,individual,1:69963274,1,69963274,1.066093e-09,SORBI_3001G418650,0.407077
trans-EKODE-(E)-Ib,CTL,individual,1:69963333,1,69963333,1.066093e-09,SORBI_3001G418650,0.407077
trans-EKODE-(E)-Ib,CTL,individual,1:69963672,1,69963672,1.066093e-09,SORBI_3001G418650,0.407077
trans-EKODE-(E)-Ib,CTL,individual,1:69963829,1,69963829,1.066093e-09,SORBI_3001G418650,0.407077
trans-EKODE-(E)-Ib,CTL,individual,1:69963840,1,69963840,1.066093e-09,SORBI_3001G418650,0.407077
trans-EKODE-(E)-Ib,CTL,individual,1:69963901,1,69963901,1.066093e-09,SORBI_3001G418650,0.407077
trans-EKODE-(E)-Ib,CTL,individual,1:69960249,1,69960249,1.066093e-09,SORBI_3001G419200,0.404512
trans-EKODE-(E)-Ib,CTL,individual,1:69960630,1,69960630,1.066093e-09,SORBI_3001G419200,0.404512
trans-EKODE-(E)-Ib,CTL,individual,1:69960653,1,69960653,1.066093e-09,SORBI_3001G419200,0.404512
trans-EKODE-(E)-Ib,CTL,individual,1:69962421,1,69962421,1.066093e-09,SORBI_3001G419200,0.404512
trans-EKODE-(E)-Ib,CTL,individual,1:69962924,1,69962924,1.066093e-09,SORBI_3001G419200,0.404512
trans-EKODE-(E)-Ib,CTL,individual,1:69963247,1,69963247,1.066093e-09,SORBI_3001G419200,0.404512
trans-EKODE-(E)-Ib,CTL,individual,1:69963274,1,69963274,1.066093e-09,SORBI_3001G419200,0.404512
trans-EKODE-(E)-Ib,CTL,individual,1:69963333,1,69963333,1.066093e-09,SORBI_3001G419200,0.404512
trans-EKODE-(E)-Ib,CTL,individual,1:69963672,1,69963672,1.066093e-09,SORBI_3001G419200,0.404512
trans-EKODE-(E)-Ib,CTL,individual,1:69963829,1,69963829,1.066093e-09,SORBI_3001G419200,0.404512
trans-EKODE-(E)-Ib,CTL,individual,1:69963840,1,69963840,1.066093e-09,SORBI_3001G419200,0.404512
trans-EKODE-(E)-Ib,CTL,individual,1:69963901,1,69963901,1.066093e-09,SORBI_3001G419200,0.404512
trans-EKODE-(E)-Ib,CTL,individual,1:69960249,1,69960249,1.066093e-09,SORBI_3001G419000,0.403193
trans-EKODE-(E)-Ib,CTL,individual,1:69960630,1,69960630,1.066093e-09,SORBI_3001G419000,0.403193
trans-EKODE-(E)-Ib,CTL,individual,1:69960653,1,69960653,1.066093e-09,SORBI_3001G419000,0.403193
trans-EKODE-(E)-Ib,CTL,individual,1:69962421,1,69962421,1.066093e-09,SORBI_3001G419000,0.403193
trans-EKODE-(E)-Ib,CTL,individual,1:69962924,1,69962924,1.066093e-09,SORBI_3001G419000,0.403193
trans-EKODE-(E)-Ib,CTL,individual,1:69963247,1,69963247,1.066093e-09,SORBI_3001G419000,0.403193
trans-EKODE-(E)-Ib,CTL,individual,1:69963274,1,69963274,1.066093e-09,SORBI_3001G419000,0.403193
trans-EKODE-(E)-Ib,CTL,individual,1:69963333,1,69963333,1.066093e-09,SORBI_3001G419000,0.403193
trans-EKODE-(E)-Ib,CTL,individual,1:69963672,1,69963672,1.066093e-09,SORBI_3001G419000,0.403193
trans-EKODE-(E)-Ib,CTL,individual,1:69963829,1,69963829,1.066093e-09,SORBI_3001G419000,0.403193
trans-EKODE-(E)-Ib,CTL,individual,1:69963840,1,69963840,1.066093e-09,SORBI_3001G419000,0.403193
trans-EKODE-(E)-Ib,CTL,individual,1:69963901,1,69963901,1.066093e-09,SORBI_3001G419000,0.403193
trans-EKODE-(E)-Ib,CTL,individual,1:69960249,1,69960249,1.066093e-09,SORBI_3001G419000,0.40307
trans-EKODE-(E)-Ib,CTL,individual,1:69960630,1,69960630,1.066093e-09,SORBI_3001G419000,0.40307
trans-EKODE-(E)-Ib,CTL,individual,1:69960653,1,69960653,1.066093e-09,SORBI_3001G419000,0.40307
trans-EKODE-(E)-Ib,CTL,individual,1:69962421,1,69962421,1.066093e-09,SORBI_3001G419000,0.40307
trans-EKODE-(E)-Ib,CTL,individual,1:69962924,1,69962924,1.066093e-09,SORBI_3001G419000,0.40307
trans-EKODE-(E)-Ib,CTL,individual,1:69963247,1,69963247,1.066093e-09,SORBI_3001G419000,0.40307
trans-EKODE-(E)-Ib,CTL,individual,1:69963274,1,69963274,1.066093e-09,SORBI_3001G419000,0.40307
trans-EKODE-(E)-Ib,CTL,individual,1:69963333,1,69963333,1.066093e-09,SORBI_3001G419000,0.40307
trans-EKODE-(E)-Ib,CTL,individual,1:69963672,1,69963672,1.066093e-09,SORBI_3001G419000,0.40307
trans-EKODE-(E)-Ib,CTL,individual,1:69963829,1,69963829,1.066093e-09,SORBI_3001G419000,0.40307
trans-EKODE-(E)-Ib,CTL,individual,1:69963840,1,69963840,1.066093e-09,SORBI_3001G419000,0.40307
trans-EKODE-(E)-Ib,CTL,individual,1:69963901,1,69963901,1.066093e-09,SORBI_3001G419000,0.40307
trans-EKODE-(E)-Ib,CTL,individual,1:69960249,1,69960249,1.066093e-09,SORBI_3001G419000,0.40263
trans-EKODE-(E)-Ib,CTL,individual,1:69960630,1,69960630,1.066093e-09,SORBI_3001G419000,0.40263
trans-EKODE-(E)-Ib,CTL,individual,1:69960653,1,69960653,1.066093e-09,SORBI_3001G419000,0.40263
trans-EKODE-(E)-Ib,CTL,individual,1:69962421,1,69962421,1.066093e-09,SORBI_3001G419000,0.40263
trans-EKODE-(E)-Ib,CTL,individual,1:69962924,1,69962924,1.066093e-09,SORBI_3001G419000,0.40263
trans-EKODE-(E)-Ib,CTL,individual,1:69963247,1,69963247,1.066093e-09,SORBI_3001G419000,0.40263
trans-EKODE-(E)-Ib,CTL,individual,1:69963274,1,69963274,1.066093e-09,SORBI_3001G419000,0.40263
trans-EKODE-(E)-Ib,CTL,individual,1:69963333,1,69963333,1.066093e-09,SORBI_3001G419000,0.40263
trans-EKODE-(E)-Ib,CTL,individual,1:69963672,1,69963672,1.066093e-09,SORBI_3001G419000,0.40263
trans-EKODE-(E)-Ib,CTL,individual,1:69963829,1,69963829,1.066093e-09,SORBI_3001G419000,0.40263
trans-EKODE-(E)-Ib,CTL,individual,1:69963840,1,69963840,1.066093e-09,SORBI_3001G419000,0.40263
trans-EKODE-(E)-Ib,CTL,individual,1:69963901,1,69963901,1.066093e-09,SORBI_3001G419000,0.40263
trans-EKODE-(E)-Ib,CTL,individual,10:32414015,10,32414015,1.193987e-09,SORBI_3010G140750,0.741768
trans-EKODE-(E)-Ib,CTL,individual,10:32414016,10,32414016,1.193987e-09,SORBI_3010G140750,0.741768
trans-EKODE-(E)-Ib,CTL,individual,10:32414015,10,32414015,1.193987e-09,SORBI_3010G140750,0.664796
trans-EKODE-(E)-Ib,CTL,individual,10:32414016,10,32414016,1.193987e-09,SORBI_3010G140750,0.664796
trans-EKODE-(E)-Ib,CTL,individual,10:32414015,10,32414015,1.193987e-09,SORBI_3010G140750,0.648985
trans-EKODE-(E)-Ib,CTL,individual,10:32414016,10,32414016,1.193987e-09,SORBI_3010G140750,0.648985
trans-EKODE-(E)-Ib,CTL,individual,10:35057002,10,35057002,1.420544e-09,SORBI_3010G141500,0.907929
trans-EKODE-(E)-Ib,CTL,individual,10:35057002,10,35057002,1.420544e-09,SORBI_3010G141500,0.903665
trans-EKODE-(E)-Ib,CTL,individual,10:35057002,10,35057002,1.420544e-09,SORBI_3010G141500,0.900836
trans-EKODE-(E)-Ib,CTL,individual,10:35057002,10,35057002,1.420544e-09,SORBI_3010G141500,0.9008
trans-EKODE-(E)-Ib,CTL,individual,10:35057002,10,35057002,1.420544e-09,SORBI_3010G141500,0.900765
trans-EKODE-(E)-Ib,CTL,individual,10:35057002,10,35057002,1.420544e-09,SORBI_3010G141500,0.898086
trans-EKODE-(E)-Ib,CTL,individual,10:35057002,10,35057002,1.420544e-09,SORBI_3010G141500,0.895711
trans-EKODE-(E)-Ib,CTL,individual,10:35057002,10,35057002,1.420544e-09,SORBI_3010G141500,0.895418
trans-EKODE-(E)-Ib,CTL,individual,10:35057002,10,35057002,1.420544e-09,SORBI_3010G141500,0.892931
trans-EKODE-(E)-Ib,CTL,individual,10:35057002,10,35057002,1.420544e-09,SORBI_3010G141500,0.890308
trans-EKODE-(E)-Ib,CTL,individual,10:35057002,10,35057002,1.420544e-09,SORBI_3010G141500,0.890306
trans-EKODE-(E)-Ib,CTL,individual,10:35057002,10,35057002,1.420544e-09,SORBI_3010G141500,0.890155
trans-EKODE-(E)-Ib,CTL,individual,10:35057002,10,35057002,1.420544e-09,SORBI_3010G141500,0.887936
trans-EKODE-(E)-Ib,CTL,individual,10:35057002,10,35057002,1.420544e-09,SORBI_3010G141433,0.887906
trans-EKODE-(E)-Ib,CTL,individual,10:35057002,10,35057002,1.420544e-09,SORBI_3010G141500,0.887754
trans-EKODE-(E)-Ib,CTL,individual,10:35057002,10,35057002,1.420544e-09,SORBI_3010G141500,0.887677
trans-EKODE-(E)-Ib,CTL,individual,10:35057002,10,35057002,1.420544e-09,SORBI_3010G141500,0.885093
trans-EKODE-(E)-Ib,CTL,individual,10:35057002,10,35057002,1.420544e-09,SORBI_3010G141500,0.88268
trans-EKODE-(E)-Ib,CTL,individual,10:35057002,10,35057002,1.420544e-09,SORBI_3010G141500,0.880718
trans-EKODE-(E)-Ib,CTL,individual,10:35057002,10,35057002,1.420544e-09,SORBI_3010G141433,0.880363
trans-EKODE-(E)-Ib,CTL,individual,10:35057002,10,35057002,1.420544e-09,SORBI_3010G141500,0.879978
trans-EKODE-(E)-Ib,CTL,individual,10:35057002,10,35057002,1.420544e-09,SORBI_3010G141500,0.879893
trans-EKODE-(E)-Ib,CTL,individual,10:35057002,10,35057002,1.420544e-09,SORBI_3010G141500,0.878679
trans-EKODE-(E)-Ib,CTL,individual,10:35057002,10,35057002,1.420544e-09,SORBI_3010G141433,0.877838
trans-EKODE-(E)-Ib,CTL,individual,10:35057002,10,35057002,1.420544e-09,SORBI_3010G141500,0.877208
trans-EKODE-(E)-Ib,CTL,individual,10:35057002,10,35057002,1.420544e-09,SORBI_3010G141433,0.871828
trans-EKODE-(E)-Ib,CTL,individual,10:35057002,10,35057002,1.420544e-09,SORBI_3010G141500,0.867908
trans-EKODE-(E)-Ib,CTL,individual,10:35057002,10,35057002,1.420544e-09,SORBI_3010G141433,0.866908
trans-EKODE-(E)-Ib,CTL,individual,10:35057002,10,35057002,1.420544e-09,SORBI_3010G141500,0.866632
trans-EKODE-(E)-Ib,CTL,individual,10:35057002,10,35057002,1.420544e-09,SORBI_3010G141500,0.864279
trans-EKODE-(E)-Ib,CTL,individual,10:35057002,10,35057002,1.420544e-09,SORBI_3010G141500,0.862848
trans-EKODE-(E)-Ib,CTL,individual,10:35057002,10,35057002,1.420544e-09,SORBI_3010G141433,0.861441
trans-EKODE-(E)-Ib,CTL,individual,10:35057002,10,35057002,1.420544e-09,SORBI_3010G141500,0.859426
trans-EKODE-(E)-Ib,CTL,individual,10:35057002,10,35057002,1.420544e-09,SORBI_3010G141500,0.85827
trans-EKODE-(E)-Ib,CTL,individual,10:35057002,10,35057002,1.420544e-09,SORBI_3010G141500,0.853843
trans-EKODE-(E)-Ib,CTL,individual,10:35057002,10,35057002,1.420544e-09,SORBI_3010G141500,0.853634
trans-EKODE-(E)-Ib,CTL,individual,10:35057002,10,35057002,1.420544e-09,SORBI_3010G141500,0.846072
trans-EKODE-(E)-Ib,CTL,individual,10:35057002,10,35057002,1.420544e-09,SORBI_3010G141500,0.845573
trans-EKODE-(E)-Ib,CTL,individual,10:35057002,10,35057002,1.420544e-09,SORBI_3010G141500,0.843746
trans-EKODE-(E)-Ib,CTL,individual,10:35057002,10,35057002,1.420544e-09,SORBI_3010G141500,0.843486
trans-EKODE-(E)-Ib,CTL,individual,10:35057002,10,35057002,1.420544e-09,SORBI_3010G141433,0.842852
trans-EKODE-(E)-Ib,CTL,individual,10:35057002,10,35057002,1.420544e-09,SORBI_3010G141500,0.840802
trans-EKODE-(E)-Ib,CTL,individual,10:35057002,10,35057002,1.420544e-09,SORBI_3010G141433,0.839128
trans-EKODE-(E)-Ib,CTL,individual,10:35057002,10,35057002,1.420544e-09,SORBI_3010G141433,0.83859
trans-EKODE-(E)-Ib,CTL,individual,10:35057002,10,35057002,1.420544e-09,SORBI_3010G141433,0.838366
trans-EKODE-(E)-Ib,CTL,individual,10:35057002,10,35057002,1.420544e-09,SORBI_3010G141500,0.838308
trans-EKODE-(E)-Ib,CTL,individual,10:35057002,10,35057002,1.420544e-09,SORBI_3010G141433,0.833635
trans-EKODE-(E)-Ib,CTL,individual,10:35057002,10,35057002,1.420544e-09,SORBI_3010G141433,0.831561
trans-EKODE-(E)-Ib,CTL,individual,10:35057002,10,35057002,1.420544e-09,SORBI_3010G141500,0.828125
trans-EKODE-(E)-Ib,CTL,individual,10:35057002,10,35057002,1.420544e-09,SORBI_3010G141500,0.824327
trans-EKODE-(E)-Ib,CTL,individual,10:35057002,10,35057002,1.420544e-09,SORBI_3010G141500,0.824264
trans-EKODE-(E)-Ib,CTL,individual,10:35057002,10,35057002,1.420544e-09,SORBI_3010G141500,0.820177
trans-EKODE-(E)-Ib,CTL,individual,10:35057002,10,35057002,1.420544e-09,SORBI_3010G141433,0.81795
trans-EKODE-(E)-Ib,CTL,individual,10:35057002,10,35057002,1.420544e-09,SORBI_3010G141500,0.8179
trans-EKODE-(E)-Ib,CTL,individual,10:35057002,10,35057002,1.420544e-09,SORBI_3010G141500,0.816928
trans-EKODE-(E)-Ib,CTL,individual,10:35057002,10,35057002,1.420544e-09,SORBI_3010G141433,0.815309
trans-EKODE-(E)-Ib,CTL,individual,10:35057002,10,35057002,1.420544e-09,SORBI_3010G141500,0.812363
trans-EKODE-(E)-Ib,CTL,individual,10:35057002,10,35057002,1.420544e-09,SORBI_3010G141500,0.81143
trans-EKODE-(E)-Ib,CTL,individual,10:35057002,10,35057002,1.420544e-09,SORBI_3010G141500,0.807522
trans-EKODE-(E)-Ib,CTL,individual,10:35057002,10,35057002,1.420544e-09,SORBI_3010G141500,0.806943
trans-EKODE-(E)-Ib,CTL,individual,10:35057002,10,35057002,1.420544e-09,SORBI_3010G141500,0.80407
trans-EKODE-(E)-Ib,CTL,individual,10:35057002,10,35057002,1.420544e-09,SORBI_3010G141500,0.803246
trans-EKODE-(E)-Ib,CTL,individual,10:35057002,10,35057002,1.420544e-09,SORBI_3010G141500,0.80036
trans-EKODE-(E)-Ib,CTL,individual,10:35057002,10,35057002,1.420544e-09,SORBI_3010G141500,0.799422
trans-EKODE-(E)-Ib,CTL,individual,10:35057002,10,35057002,1.420544e-09,SORBI_3010G141500,0.799338
trans-EKODE-(E)-Ib,CTL,individual,10:35057002,10,35057002,1.420544e-09,SORBI_3010G141500,0.794954
trans-EKODE-(E)-Ib,CTL,individual,10:35057002,10,35057002,1.420544e-09,SORBI_3010G141500,0.793092
trans-EKODE-(E)-Ib,CTL,individual,10:35057002,10,35057002,1.420544e-09,SORBI_3010G141500,0.792334
trans-EKODE-(E)-Ib,CTL,individual,10:35057002,10,35057002,1.420544e-09,SORBI_3010G141500,0.789538
trans-EKODE-(E)-Ib,CTL,individual,10:35057002,10,35057002,1.420544e-09,SORBI_3010G141500,0.787611
trans-EKODE-(E)-Ib,CTL,individual,10:35057002,10,35057002,1.420544e-09,SORBI_3010G141500,0.787272
trans-EKODE-(E)-Ib,CTL,individual,10:35057002,10,35057002,1.420544e-09,SORBI_3010G141500,0.783403
trans-EKODE-(E)-Ib,CTL,individual,10:35057002,10,35057002,1.420544e-09,SORBI_3010G141433,0.781201
trans-EKODE-(E)-Ib,CTL,individual,10:35057002,10,35057002,1.420544e-09,SORBI_3010G141500,0.781063
trans-EKODE-(E)-Ib,CTL,individual,10:35057002,10,35057002,1.420544e-09,SORBI_3010G141433,0.780689
trans-EKODE-(E)-Ib,CTL,individual,10:35057002,10,35057002,1.420544e-09,SORBI_3010G141500,0.780103
trans-EKODE-(E)-Ib,CTL,individual,10:35057002,10,35057002,1.420544e-09,SORBI_3010G141500,0.776906
trans-EKODE-(E)-Ib,CTL,individual,10:35057002,10,35057002,1.420544e-09,SORBI_3010G141500,0.776422
trans-EKODE-(E)-Ib,CTL,individual,10:35057002,10,35057002,1.420544e-09,SORBI_3010G141433,0.7737
trans-EKODE-(E)-Ib,CTL,individual,10:35057002,10,35057002,1.420544e-09,SORBI_3010G141500,0.769024
trans-EKODE-(E)-Ib,CTL,individual,10:35057002,10,35057002,1.420544e-09,SORBI_3010G141500,0.768507
trans-EKODE-(E)-Ib,CTL,individual,10:35057002,10,35057002,1.420544e-09,SORBI_3010G141500,0.767338
trans-EKODE-(E)-Ib,CTL,individual,10:35057002,10,35057002,1.420544e-09,SORBI_3010G141433,0.767036
trans-EKODE-(E)-Ib,CTL,individual,10:35057002,10,35057002,1.420544e-09,SORBI_3010G141500,0.755485
trans-EKODE-(E)-Ib,CTL,individual,10:35057002,10,35057002,1.420544e-09,SORBI_3010G141500,0.754652
trans-EKODE-(E)-Ib,CTL,individual,10:35057002,10,35057002,1.420544e-09,SORBI_3010G141500,0.754577
trans-EKODE-(E)-Ib,CTL,individual,10:35057002,10,35057002,1.420544e-09,SORBI_3010G141500,0.750096
trans-EKODE-(E)-Ib,CTL,individual,10:35057002,10,35057002,1.420544e-09,SORBI_3010G141433,0.74997
trans-EKODE-(E)-Ib,CTL,individual,10:35057002,10,35057002,1.420544e-09,SORBI_3010G141500,0.745024
trans-EKODE-(E)-Ib,CTL,individual,10:35057002,10,35057002,1.420544e-09,SORBI_3010G141500,0.744828
trans-EKODE-(E)-Ib,CTL,individual,10:35057002,10,35057002,1.420544e-09,SORBI_3010G141500,0.744801
trans-EKODE-(E)-Ib,CTL,individual,10:35057002,10,35057002,1.420544e-09,SORBI_3010G141500,0.744653
trans-EKODE-(E)-Ib,CTL,individual,10:35057002,10,35057002,1.420544e-09,SORBI_3010G141500,0.742632
trans-EKODE-(E)-Ib,CTL,individual,10:35057002,10,35057002,1.420544e-09,SORBI_3010G141500,0.74026
trans-EKODE-(E)-Ib,CTL,individual,10:35057002,10,35057002,1.420544e-09,SORBI_3010G141500,0.737246
trans-EKODE-(E)-Ib,CTL,individual,10:35057002,10,35057002,1.420544e-09,SORBI_3010G141500,0.737096
trans-EKODE-(E)-Ib,CTL,individual,10:35057002,10,35057002,1.420544e-09,SORBI_3010G141500,0.732452
trans-EKODE-(E)-Ib,CTL,individual,10:35057002,10,35057002,1.420544e-09,SORBI_3010G141500,0.731763
trans-EKODE-(E)-Ib,CTL,individual,10:35057002,10,35057002,1.420544e-09,SORBI_3010G141433,0.728626
trans-EKODE-(E)-Ib,CTL,individual,10:35057002,10,35057002,1.420544e-09,SORBI_3010G141500,0.724709
trans-EKODE-(E)-Ib,CTL,individual,10:35057002,10,35057002,1.420544e-09,SORBI_3010G141500,0.721873
trans-EKODE-(E)-Ib,CTL,individual,10:35057002,10,35057002,1.420544e-09,SORBI_3010G141500,0.721273
trans-EKODE-(E)-Ib,CTL,individual,10:35057002,10,35057002,1.420544e-09,SORBI_3010G141500,0.705838
trans-EKODE-(E)-Ib,CTL,individual,10:35057002,10,35057002,1.420544e-09,SORBI_3010G141500,0.705446
trans-EKODE-(E)-Ib,CTL,individual,10:35057002,10,35057002,1.420544e-09,SORBI_3010G141433,0.701397
trans-EKODE-(E)-Ib,CTL,individual,10:35057002,10,35057002,1.420544e-09,SORBI_3010G141500,0.689481
trans-EKODE-(E)-Ib,CTL,individual,10:35057002,10,35057002,1.420544e-09,SORBI_3010G141500,0.681745
trans-EKODE-(E)-Ib,CTL,individual,10:35057002,10,35057002,1.420544e-09,SORBI_3010G141500,0.670746
trans-EKODE-(E)-Ib,CTL,individual,10:35057002,10,35057002,1.420544e-09,SORBI_3010G141500,0.669631
trans-EKODE-(E)-Ib,CTL,individual,10:35057002,10,35057002,1.420544e-09,SORBI_3010G141500,0.657417
trans-EKODE-(E)-Ib,CTL,individual,10:35057002,10,35057002,1.420544e-09,SORBI_3010G141433,0.622862
trans-EKODE-(E)-Ib,CTL,individual,10:35057002,10,35057002,1.420544e-09,SORBI_3010G141433,0.582908
trans-EKODE-(E)-Ib,CTL,individual,10:35057002,10,35057002,1.420544e-09,SORBI_3010G141500,0.548798
trans-EKODE-(E)-Ib,CTL,individual,10:35057002,10,35057002,1.420544e-09,SORBI_3010G141500,0.541769
trans-EKODE-(E)-Ib,CTL,individual,10:35057002,10,35057002,1.420544e-09,SORBI_3010G141500,0.530845
trans-EKODE-(E)-Ib,CTL,individual,10:35057002,10,35057002,1.420544e-09,SORBI_3010G141500,0.528624
trans-EKODE-(E)-Ib,CTL,individual,10:35057002,10,35057002,1.420544e-09,SORBI_3010G141500,0.519452
trans-EKODE-(E)-Ib,CTL,individual,10:35057002,10,35057002,1.420544e-09,SORBI_3010G141500,0.471307
trans-EKODE-(E)-Ib,CTL,individual,10:35057002,10,35057002,1.420544e-09,SORBI_3010G141500,0.43029
trans-EKODE-(E)-Ib,CTL,individual,10:35057002,10,35057002,1.420544e-09,SORBI_3010G141500,0.416211
trans-EKODE-(E)-Ib,CTL,individual,10:35057002,10,35057002,1.420544e-09,SORBI_3010G141500,0.407832
trans-EKODE-(E)-Ib,CTL,individual,5:70774794,5,70774794,1.472382e-09,SORBI_3005G220300,0.965376
trans-EKODE-(E)-Ib,CTL,individual,5:70774794,5,70774794,1.472382e-09,SORBI_3005G220300,0.965366
trans-EKODE-(E)-Ib,CTL,individual,5:70774794,5,70774794,1.472382e-09,SORBI_3005G220300,0.965357
trans-EKODE-(E)-Ib,CTL,individual,5:70774794,5,70774794,1.472382e-09,SORBI_3005G220300,0.965337
trans-EKODE-(E)-Ib,CTL,individual,5:70774794,5,70774794,1.472382e-09,SORBI_3005G220300,0.965328
trans-EKODE-(E)-Ib,CTL,individual,5:70774794,5,70774794,1.472382e-09,SORBI_3005G220300,0.965318
trans-EKODE-(E)-Ib,CTL,individual,5:70774794,5,70774794,1.472382e-09,SORBI_3005G220300,0.965308
trans-EKODE-(E)-Ib,CTL,individual,5:70774794,5,70774794,1.472382e-09,SORBI_3005G220300,0.955971
trans-EKODE-(E)-Ib,CTL,individual,5:70774794,5,70774794,1.472382e-09,SORBI_3005G220300,0.952865
trans-EKODE-(E)-Ib,CTL,individual,5:70774794,5,70774794,1.472382e-09,SORBI_3005G220300,0.943816
trans-EKODE-(E)-Ib,CTL,individual,5:70774794,5,70774794,1.472382e-09,SORBI_3005G220740,0.922537
trans-EKODE-(E)-Ib,CTL,individual,5:70774794,5,70774794,1.472382e-09,SORBI_3005G220300,0.922474
trans-EKODE-(E)-Ib,CTL,individual,5:70774794,5,70774794,1.472382e-09,SORBI_3005G220300,0.922452
trans-EKODE-(E)-Ib,CTL,individual,5:70774794,5,70774794,1.472382e-09,SORBI_3005G220740,0.921539
trans-EKODE-(E)-Ib,CTL,individual,5:70774794,5,70774794,1.472382e-09,SORBI_3005G220300,0.921042
trans-EKODE-(E)-Ib,CTL,individual,5:70774794,5,70774794,1.472382e-09,SORBI_3005G220300,0.92102
trans-EKODE-(E)-Ib,CTL,individual,5:70774794,5,70774794,1.472382e-09,SORBI_3005G220300,0.915508
trans-EKODE-(E)-Ib,CTL,individual,5:70774794,5,70774794,1.472382e-09,SORBI_3005G220300,0.912205
trans-EKODE-(E)-Ib,CTL,individual,5:70774794,5,70774794,1.472382e-09,SORBI_3005G220300,0.909261
trans-EKODE-(E)-Ib,CTL,individual,5:70774794,5,70774794,1.472382e-09,SORBI_3005G220300,0.909036
trans-EKODE-(E)-Ib,CTL,individual,5:70774794,5,70774794,1.472382e-09,SORBI_3005G220300,0.902596
trans-EKODE-(E)-Ib,CTL,individual,5:70774794,5,70774794,1.472382e-09,SORBI_3005G220300,0.902569
trans-EKODE-(E)-Ib,CTL,individual,5:70774794,5,70774794,1.472382e-09,SORBI_3005G220680,0.8994
trans-EKODE-(E)-Ib,CTL,individual,5:70774794,5,70774794,1.472382e-09,SORBI_3005G220680,0.88709
trans-EKODE-(E)-Ib,CTL,individual,5:70774794,5,70774794,1.472382e-09,SORBI_3005G220560,0.885069
trans-EKODE-(E)-Ib,CTL,individual,5:70774794,5,70774794,1.472382e-09,SORBI_3005G220740,0.880926
trans-EKODE-(E)-Ib,CTL,individual,5:70774794,5,70774794,1.472382e-09,SORBI_3005G220680,0.880164
trans-EKODE-(E)-Ib,CTL,individual,5:70774794,5,70774794,1.472382e-09,SORBI_3005G220300,0.879929
trans-EKODE-(E)-Ib,CTL,individual,5:70774794,5,70774794,1.472382e-09,SORBI_3005G220680,0.87799
trans-EKODE-(E)-Ib,CTL,individual,5:70774794,5,70774794,1.472382e-09,SORBI_3005G220400,0.873901
trans-EKODE-(E)-Ib,CTL,individual,5:70774794,5,70774794,1.472382e-09,SORBI_3005G220680,0.871381
trans-EKODE-(E)-Ib,CTL,individual,5:70774794,5,70774794,1.472382e-09,SORBI_3005G220740,0.871381
trans-EKODE-(E)-Ib,CTL,individual,5:70774794,5,70774794,1.472382e-09,SORBI_3005G220680,0.869248
trans-EKODE-(E)-Ib,CTL,individual,5:70774794,5,70774794,1.472382e-09,SORBI_3005G220300,0.868796
trans-EKODE-(E)-Ib,CTL,individual,5:70774794,5,70774794,1.472382e-09,SORBI_3005G220300,0.868757
trans-EKODE-(E)-Ib,CTL,individual,5:70774794,5,70774794,1.472382e-09,SORBI_3005G220680,0.86688
trans-EKODE-(E)-Ib,CTL,individual,5:70774794,5,70774794,1.472382e-09,SORBI_3005G220680,0.865833
trans-EKODE-(E)-Ib,CTL,individual,5:70774794,5,70774794,1.472382e-09,SORBI_3005G220740,0.86277
trans-EKODE-(E)-Ib,CTL,individual,5:70774794,5,70774794,1.472382e-09,SORBI_3005G220560,0.859733
trans-EKODE-(E)-Ib,CTL,individual,5:70774794,5,70774794,1.472382e-09,SORBI_3005G220680,0.857959
trans-EKODE-(E)-Ib,CTL,individual,5:70774794,5,70774794,1.472382e-09,SORBI_3005G220560,0.857387
trans-EKODE-(E)-Ib,CTL,individual,5:70774794,5,70774794,1.472382e-09,SORBI_3005G220680,0.853715
trans-EKODE-(E)-Ib,CTL,individual,5:70774794,5,70774794,1.472382e-09,SORBI_3005G220680,0.851946
trans-EKODE-(E)-Ib,CTL,individual,5:70774794,5,70774794,1.472382e-09,SORBI_3005G220800,0.851921
trans-EKODE-(E)-Ib,CTL,individual,5:70774794,5,70774794,1.472382e-09,SORBI_3005G220300,0.851003
trans-EKODE-(E)-Ib,CTL,individual,5:70774794,5,70774794,1.472382e-09,SORBI_3005G220740,0.849296
trans-EKODE-(E)-Ib,CTL,individual,5:70774794,5,70774794,1.472382e-09,SORBI_3005G220740,0.849216
trans-EKODE-(E)-Ib,CTL,individual,5:70774794,5,70774794,1.472382e-09,SORBI_3005G220680,0.846234
trans-EKODE-(E)-Ib,CTL,individual,5:70774794,5,70774794,1.472382e-09,SORBI_3005G220680,0.845068
trans-EKODE-(E)-Ib,CTL,individual,5:70774794,5,70774794,1.472382e-09,SORBI_3005G220680,0.844834
trans-EKODE-(E)-Ib,CTL,individual,5:70774794,5,70774794,1.472382e-09,SORBI_3005G220500,0.844781
trans-EKODE-(E)-Ib,CTL,individual,5:70774794,5,70774794,1.472382e-09,SORBI_3005G220300,0.843152
trans-EKODE-(E)-Ib,CTL,individual,5:70774794,5,70774794,1.472382e-09,SORBI_3005G220680,0.842679
trans-EKODE-(E)-Ib,CTL,individual,5:70774794,5,70774794,1.472382e-09,SORBI_3005G220300,0.84196
trans-EKODE-(E)-Ib,CTL,individual,5:70774794,5,70774794,1.472382e-09,SORBI_3005G220300,0.841916
trans-EKODE-(E)-Ib,CTL,individual,5:70774794,5,70774794,1.472382e-09,SORBI_3005G220740,0.840682
trans-EKODE-(E)-Ib,CTL,individual,5:70774794,5,70774794,1.472382e-09,SORBI_3005G220680,0.840676
trans-EKODE-(E)-Ib,CTL,individual,5:70774794,5,70774794,1.472382e-09,SORBI_3005G220680,0.839088
trans-EKODE-(E)-Ib,CTL,individual,5:70774794,5,70774794,1.472382e-09,SORBI_3005G220800,0.839088
trans-EKODE-(E)-Ib,CTL,individual,5:70774794,5,70774794,1.472382e-09,SORBI_3005G220800,0.83906
trans-EKODE-(E)-Ib,CTL,individual,5:70774794,5,70774794,1.472382e-09,SORBI_3005G220400,0.838339
trans-EKODE-(E)-Ib,CTL,individual,5:70774794,5,70774794,1.472382e-09,SORBI_3005G220740,0.835905
trans-EKODE-(E)-Ib,CTL,individual,5:70774794,5,70774794,1.472382e-09,SORBI_3005G220740,0.835877
trans-EKODE-(E)-Ib,CTL,individual,5:70774794,5,70774794,1.472382e-09,SORBI_3005G220680,0.834818
trans-EKODE-(E)-Ib,CTL,individual,5:70774794,5,70774794,1.472382e-09,SORBI_3005G220680,0.833105
trans-EKODE-(E)-Ib,CTL,individual,5:70774794,5,70774794,1.472382e-09,SORBI_3005G220300,0.832652
trans-EKODE-(E)-Ib,CTL,individual,5:70774794,5,70774794,1.472382e-09,SORBI_3005G220500,0.8317
trans-EKODE-(E)-Ib,CTL,individual,5:70774794,5,70774794,1.472382e-09,SORBI_3005G220680,0.8317
trans-EKODE-(E)-Ib,CTL,individual,5:70774794,5,70774794,1.472382e-09,SORBI_3005G220500,0.831643
trans-EKODE-(E)-Ib,CTL,individual,5:70774794,5,70774794,1.472382e-09,SORBI_3005G220300,0.828462
trans-EKODE-(E)-Ib,CTL,individual,5:70774794,5,70774794,1.472382e-09,SORBI_3005G220300,0.828413
trans-EKODE-(E)-Ib,CTL,individual,5:70774794,5,70774794,1.472382e-09,SORBI_3005G220680,0.827774
trans-EKODE-(E)-Ib,CTL,individual,5:70774794,5,70774794,1.472382e-09,SORBI_3005G220680,0.827159
trans-EKODE-(E)-Ib,CTL,individual,5:70774794,5,70774794,1.472382e-09,SORBI_3005G220740,0.827159
trans-EKODE-(E)-Ib,CTL,individual,5:70774794,5,70774794,1.472382e-09,SORBI_3005G220400,0.825624
trans-EKODE-(E)-Ib,CTL,individual,5:70774794,5,70774794,1.472382e-09,SORBI_3005G220740,0.82396
trans-EKODE-(E)-Ib,CTL,individual,5:70774794,5,70774794,1.472382e-09,SORBI_3005G220680,0.822624
trans-EKODE-(E)-Ib,CTL,individual,5:70774794,5,70774794,1.472382e-09,SORBI_3005G220300,0.820579
trans-EKODE-(E)-Ib,CTL,individual,5:70774794,5,70774794,1.472382e-09,SORBI_3005G220680,0.818693
trans-EKODE-(E)-Ib,CTL,individual,5:70774794,5,70774794,1.472382e-09,SORBI_3005G220300,0.815538
trans-EKODE-(E)-Ib,CTL,individual,5:70774794,5,70774794,1.472382e-09,SORBI_3005G220300,0.815488
trans-EKODE-(E)-Ib,CTL,individual,5:70774794,5,70774794,1.472382e-09,SORBI_3005G220680,0.815019
trans-EKODE-(E)-Ib,CTL,individual,5:70774794,5,70774794,1.472382e-09,SORBI_3005G220680,0.813738
trans-EKODE-(E)-Ib,CTL,individual,5:70774794,5,70774794,1.472382e-09,SORBI_3005G220400,0.811614
trans-EKODE-(E)-Ib,CTL,individual,5:70774794,5,70774794,1.472382e-09,SORBI_3005G220680,0.81065
trans-EKODE-(E)-Ib,CTL,individual,5:70774794,5,70774794,1.472382e-09,SORBI_3005G220680,0.80946
trans-EKODE-(E)-Ib,CTL,individual,5:70774794,5,70774794,1.472382e-09,SORBI_3005G220680,0.798891
trans-EKODE-(E)-Ib,CTL,individual,5:70774794,5,70774794,1.472382e-09,SORBI_3005G220680,0.796423
trans-EKODE-(E)-Ib,CTL,individual,5:70774794,5,70774794,1.472382e-09,SORBI_3005G220300,0.796118
trans-EKODE-(E)-Ib,CTL,individual,5:70774794,5,70774794,1.472382e-09,SORBI_3005G220300,0.793126
trans-EKODE-(E)-Ib,CTL,individual,5:70774794,5,70774794,1.472382e-09,SORBI_3005G220680,0.793099
trans-EKODE-(E)-Ib,CTL,individual,5:70774794,5,70774794,1.472382e-09,SORBI_3005G220200,0.793052
trans-EKODE-(E)-Ib,CTL,individual,5:70774794,5,70774794,1.472382e-09,SORBI_3005G220500,0.791585
trans-EKODE-(E)-Ib,CTL,individual,5:70774794,5,70774794,1.472382e-09,SORBI_3005G220680,0.787037
trans-EKODE-(E)-Ib,CTL,individual,5:70774794,5,70774794,1.472382e-09,SORBI_3005G220300,0.784376
trans-EKODE-(E)-Ib,CTL,individual,5:70774794,5,70774794,1.472382e-09,SORBI_3005G220300,0.784314
trans-EKODE-(E)-Ib,CTL,individual,5:70774794,5,70774794,1.472382e-09,SORBI_3005G220300,0.784191
trans-EKODE-(E)-Ib,CTL,individual,5:70774794,5,70774794,1.472382e-09,SORBI_3005G220680,0.783522
trans-EKODE-(E)-Ib,CTL,individual,5:70774794,5,70774794,1.472382e-09,SORBI_3005G220800,0.774293
trans-EKODE-(E)-Ib,CTL,individual,5:70774794,5,70774794,1.472382e-09,SORBI_3005G220300,0.774162
trans-EKODE-(E)-Ib,CTL,individual,5:70774794,5,70774794,1.472382e-09,SORBI_3005G220300,0.774034
trans-EKODE-(E)-Ib,CTL,individual,5:70774794,5,70774794,1.472382e-09,SORBI_3005G220300,0.767157
trans-EKODE-(E)-Ib,CTL,individual,5:70774794,5,70774794,1.472382e-09,SORBI_3005G220800,0.766043
trans-EKODE-(E)-Ib,CTL,individual,5:70774794,5,70774794,1.472382e-09,SORBI_3005G220740,0.764597
trans-EKODE-(E)-Ib,CTL,individual,5:70774794,5,70774794,1.472382e-09,SORBI_3005G220300,0.759809
trans-EKODE-(E)-Ib,CTL,individual,5:70774794,5,70774794,1.472382e-09,SORBI_3005G220500,0.74271
trans-EKODE-(E)-Ib,CTL,individual,5:70774794,5,70774794,1.472382e-09,SORBI_3005G220500,0.739408
trans-EKODE-(E)-Ib,CTL,individual,5:70774794,5,70774794,1.472382e-09,SORBI_3005G220500,0.736615
trans-EKODE-(E)-Ib,CTL,individual,5:70774794,5,70774794,1.472382e-09,SORBI_3005G220300,0.732999
trans-EKODE-(E)-Ib,CTL,individual,5:70774794,5,70774794,1.472382e-09,SORBI_3005G220500,0.731799
trans-EKODE-(E)-Ib,CTL,individual,5:70774794,5,70774794,1.472382e-09,SORBI_3005G220300,0.727016
trans-EKODE-(E)-Ib,CTL,individual,5:70774794,5,70774794,1.472382e-09,SORBI_3005G220300,0.692545
trans-EKODE-(E)-Ib,CTL,individual,5:70774794,5,70774794,1.472382e-09,SORBI_3005G220500,0.675943
trans-EKODE-(E)-Ib,CTL,individual,5:70774794,5,70774794,1.472382e-09,SORBI_3005G220300,0.668262
trans-EKODE-(E)-Ib,CTL,individual,5:70774794,5,70774794,1.472382e-09,SORBI_3005G220101,0.666415
trans-EKODE-(E)-Ib,CTL,individual,5:70774794,5,70774794,1.472382e-09,SORBI_3005G220680,0.662921
trans-EKODE-(E)-Ib,CTL,individual,5:70774794,5,70774794,1.472382e-09,SORBI_3005G220300,0.651775
trans-EKODE-(E)-Ib,CTL,individual,5:70774794,5,70774794,1.472382e-09,SORBI_3005G220300,0.651484
trans-EKODE-(E)-Ib,CTL,individual,5:70774794,5,70774794,1.472382e-09,SORBI_3005G220680,0.65004
trans-EKODE-(E)-Ib,CTL,individual,5:70774794,5,70774794,1.472382e-09,SORBI_3005G220101,0.646335
trans-EKODE-(E)-Ib,CTL,individual,5:70774794,5,70774794,1.472382e-09,SORBI_3005G220680,0.645926
trans-EKODE-(E)-Ib,CTL,individual,5:70774794,5,70774794,1.472382e-09,SORBI_3005G220300,0.635642
trans-EKODE-(E)-Ib,CTL,individual,5:70774794,5,70774794,1.472382e-09,SORBI_3005G220800,0.607328
trans-EKODE-(E)-Ib,CTL,individual,5:70774794,5,70774794,1.472382e-09,SORBI_3005G220101,0.606481
trans-EKODE-(E)-Ib,CTL,individual,5:70774794,5,70774794,1.472382e-09,SORBI_3005G220101,0.601751
trans-EKODE-(E)-Ib,CTL,individual,5:70774794,5,70774794,1.472382e-09,SORBI_3005G220101,0.589027
trans-EKODE-(E)-Ib,CTL,individual,5:70774794,5,70774794,1.472382e-09,SORBI_3005G220300,0.579953
trans-EKODE-(E)-Ib,CTL,individual,5:70774794,5,70774794,1.472382e-09,SORBI_3005G220800,0.574889
trans-EKODE-(E)-Ib,CTL,individual,5:70774794,5,70774794,1.472382e-09,SORBI_3005G220300,0.567212
trans-EKODE-(E)-Ib,CTL,individual,5:70774794,5,70774794,1.472382e-09,SORBI_3005G220300,0.563353
trans-EKODE-(E)-Ib,CTL,individual,5:70774794,5,70774794,1.472382e-09,SORBI_3005G220300,0.563231
trans-EKODE-(E)-Ib,CTL,individual,5:70774794,5,70774794,1.472382e-09,SORBI_3005G220300,0.55455
trans-EKODE-(E)-Ib,CTL,individual,5:70774794,5,70774794,1.472382e-09,SORBI_3005G220300,0.547175
trans-EKODE-(E)-Ib,CTL,individual,5:70774794,5,70774794,1.472382e-09,SORBI_3005G220300,0.545116
trans-EKODE-(E)-Ib,CTL,individual,5:70774794,5,70774794,1.472382e-09,SORBI_3005G220300,0.538221
trans-EKODE-(E)-Ib,CTL,individual,5:70774794,5,70774794,1.472382e-09,SORBI_3005G220300,0.536697
trans-EKODE-(E)-Ib,CTL,individual,5:70774794,5,70774794,1.472382e-09,SORBI_3005G220300,0.530427
trans-EKODE-(E)-Ib,CTL,individual,5:70774794,5,70774794,1.472382e-09,SORBI_3005G220300,0.520214
trans-EKODE-(E)-Ib,CTL,individual,5:70774794,5,70774794,1.472382e-09,SORBI_3005G219900,0.517766
trans-EKODE-(E)-Ib,CTL,individual,5:70774794,5,70774794,1.472382e-09,SORBI_3005G220300,0.517068
trans-EKODE-(E)-Ib,CTL,individual,5:70774794,5,70774794,1.472382e-09,SORBI_3005G220300,0.516137
trans-EKODE-(E)-Ib,CTL,individual,5:70774794,5,70774794,1.472382e-09,SORBI_3005G220300,0.516001
trans-EKODE-(E)-Ib,CTL,individual,5:70774794,5,70774794,1.472382e-09,SORBI_3005G220300,0.511611
trans-EKODE-(E)-Ib,CTL,individual,5:70774794,5,70774794,1.472382e-09,SORBI_3005G220680,0.510663
trans-EKODE-(E)-Ib,CTL,individual,5:70774794,5,70774794,1.472382e-09,SORBI_3005G220740,0.504647
trans-EKODE-(E)-Ib,CTL,individual,5:70774794,5,70774794,1.472382e-09,SORBI_3005G220800,0.504647
trans-EKODE-(E)-Ib,CTL,individual,5:70774794,5,70774794,1.472382e-09,SORBI_3005G220300,0.498937
trans-EKODE-(E)-Ib,CTL,individual,5:70774794,5,70774794,1.472382e-09,SORBI_3005G220300,0.498304
trans-EKODE-(E)-Ib,CTL,individual,5:70774794,5,70774794,1.472382e-09,SORBI_3005G220680,0.483964
trans-EKODE-(E)-Ib,CTL,individual,5:70774794,5,70774794,1.472382e-09,SORBI_3005G220680,0.447935
trans-EKODE-(E)-Ib,CTL,individual,5:70774794,5,70774794,1.472382e-09,SORBI_3005G219900,0.440716
trans-EKODE-(E)-Ib,CTL,individual,5:70774794,5,70774794,1.472382e-09,SORBI_3005G220740,0.437908
trans-EKODE-(E)-Ib,CTL,individual,5:70774794,5,70774794,1.472382e-09,SORBI_3005G220740,0.433026
trans-EKODE-(E)-Ib,CTL,individual,5:70774794,5,70774794,1.472382e-09,SORBI_3005G220740,0.42147
trans-EKODE-(E)-Ib,CTL,individual,5:70774794,5,70774794,1.472382e-09,SORBI_3005G220500,0.420228
trans-EKODE-(E)-Ib,CTL,individual,5:70774794,5,70774794,1.472382e-09,SORBI_3005G220740,0.419169
trans-EKODE-(E)-Ib,CTL,individual,5:70774794,5,70774794,1.472382e-09,SORBI_3005G220740,0.416942
trans-EKODE-(E)-Ib,CTL,individual,5:70774794,5,70774794,1.472382e-09,SORBI_3005G220740,0.410999
trans-EKODE-(E)-Ib,CTL,individual,5:70774794,5,70774794,1.472382e-09,SORBI_3005G220740,0.410288
trans-EKODE-(E)-Ib,CTL,individual,5:70774794,5,70774794,1.472382e-09,SORBI_3005G220800,0.406302
trans-EKODE-(E)-Ib,CTL,individual,5:70774794,5,70774794,1.472382e-09,SORBI_3005G220740,0.406035
trans-EKODE-(E)-Ib,CTL,individual,5:70774794,5,70774794,1.472382e-09,SORBI_3005G220740,0.40142
trans-EKODE-(E)-Ib,CTL,individual,5:70942283,5,70942283,1.511405e-09,SORBI_3005G222700,1
trans-EKODE-(E)-Ib,CTL,individual,5:70942283,5,70942283,1.511405e-09,SORBI_3005G222700,1
trans-EKODE-(E)-Ib,CTL,individual,5:70942283,5,70942283,1.511405e-09,SORBI_3005G222700,0.930558
trans-EKODE-(E)-Ib,CTL,individual,5:70942283,5,70942283,1.511405e-09,SORBI_3005G222700,0.727439
trans-EKODE-(E)-Ib,CTL,individual,5:70942283,5,70942283,1.511405e-09,SORBI_3005G222700,0.701998
trans-EKODE-(E)-Ib,CTL,individual,5:70942283,5,70942283,1.511405e-09,SORBI_3005G222700,0.701952
trans-EKODE-(E)-Ib,CTL,individual,5:70942283,5,70942283,1.511405e-09,SORBI_3005G222700,0.695764
trans-EKODE-(E)-Ib,CTL,individual,5:70942283,5,70942283,1.511405e-09,SORBI_3005G222700,0.685143
trans-EKODE-(E)-Ib,CTL,individual,5:70942283,5,70942283,1.511405e-09,SORBI_3005G222700,0.685095
trans-EKODE-(E)-Ib,CTL,individual,5:70942283,5,70942283,1.511405e-09,SORBI_3005G222800,0.650795
trans-EKODE-(E)-Ib,CTL,individual,5:70942283,5,70942283,1.511405e-09,SORBI_3005G222800,0.61784
trans-EKODE-(E)-Ib,CTL,individual,5:70942283,5,70942283,1.511405e-09,SORBI_3005G222800,0.613511
trans-EKODE-(E)-Ib,CTL,individual,5:70942283,5,70942283,1.511405e-09,SORBI_3005G222800,0.613452
trans-EKODE-(E)-Ib,CTL,individual,5:70942283,5,70942283,1.511405e-09,SORBI_3005G222700,0.612324
trans-EKODE-(E)-Ib,CTL,individual,5:70942283,5,70942283,1.511405e-09,SORBI_3005G222800,0.605333
trans-EKODE-(E)-Ib,CTL,individual,5:70942283,5,70942283,1.511405e-09,SORBI_3005G222700,0.592525
trans-EKODE-(E)-Ib,CTL,individual,5:70942283,5,70942283,1.511405e-09,SORBI_3005G222800,0.585974
trans-EKODE-(E)-Ib,CTL,individual,5:70942283,5,70942283,1.511405e-09,SORBI_3005G222700,0.577546
trans-EKODE-(E)-Ib,CTL,individual,5:70942283,5,70942283,1.511405e-09,SORBI_3005G222700,0.570163
trans-EKODE-(E)-Ib,CTL,individual,5:70942283,5,70942283,1.511405e-09,SORBI_3005G222700,0.562534
trans-EKODE-(E)-Ib,CTL,individual,5:70942283,5,70942283,1.511405e-09,SORBI_3005G222700,0.550856
trans-EKODE-(E)-Ib,CTL,individual,5:70942283,5,70942283,1.511405e-09,SORBI_3005G222700,0.550777
trans-EKODE-(E)-Ib,CTL,individual,5:70942283,5,70942283,1.511405e-09,SORBI_3005G222700,0.545908
trans-EKODE-(E)-Ib,CTL,individual,5:70942283,5,70942283,1.511405e-09,SORBI_3005G222700,0.536075
trans-EKODE-(E)-Ib,CTL,individual,5:70942283,5,70942283,1.511405e-09,SORBI_3005G222700,0.527955
trans-EKODE-(E)-Ib,CTL,individual,5:70942283,5,70942283,1.511405e-09,SORBI_3005G222700,0.509726
trans-EKODE-(E)-Ib,CTL,individual,5:70942283,5,70942283,1.511405e-09,SORBI_3005G222900,0.506879
trans-EKODE-(E)-Ib,CTL,individual,5:70942283,5,70942283,1.511405e-09,SORBI_3005G222700,0.44944
trans-EKODE-(E)-Ib,CTL,individual,5:70942283,5,70942283,1.511405e-09,SORBI_3005G222650,0.4149
trans-EKODE-(E)-Ib,CTL,individual,5:70942283,5,70942283,1.511405e-09,SORBI_3005G222900,0.400684
trans-EKODE-(E)-Ib,CTL,individual,1:69960506,1,69960506,1.667149e-09,SORBI_3001G418800,1
trans-EKODE-(E)-Ib,CTL,individual,1:69960506,1,69960506,1.667149e-09,SORBI_3001G418800,1
trans-EKODE-(E)-Ib,CTL,individual,1:69960506,1,69960506,1.667149e-09,SORBI_3001G418800,0.990621
trans-EKODE-(E)-Ib,CTL,individual,1:69960506,1,69960506,1.667149e-09,SORBI_3001G418800,0.990306
trans-EKODE-(E)-Ib,CTL,individual,1:69960506,1,69960506,1.667149e-09,SORBI_3001G418800,0.990285
trans-EKODE-(E)-Ib,CTL,individual,1:69960506,1,69960506,1.667149e-09,SORBI_3001G418800,0.990263
trans-EKODE-(E)-Ib,CTL,individual,1:69960506,1,69960506,1.667149e-09,SORBI_3001G418800,0.980708
trans-EKODE-(E)-Ib,CTL,individual,1:69960506,1,69960506,1.667149e-09,SORBI_3001G418800,0.980689
trans-EKODE-(E)-Ib,CTL,individual,1:69960506,1,69960506,1.667149e-09,SORBI_3001G418800,0.980654
trans-EKODE-(E)-Ib,CTL,individual,1:69960506,1,69960506,1.667149e-09,SORBI_3001G419200,0.971258
trans-EKODE-(E)-Ib,CTL,individual,1:69960506,1,69960506,1.667149e-09,SORBI_3001G418800,0.970865
trans-EKODE-(E)-Ib,CTL,individual,1:69960506,1,69960506,1.667149e-09,SORBI_3001G419300,0.953122
trans-EKODE-(E)-Ib,CTL,individual,1:69960506,1,69960506,1.667149e-09,SORBI_3001G419300,0.951721
trans-EKODE-(E)-Ib,CTL,individual,1:69960506,1,69960506,1.667149e-09,SORBI_3001G419200,0.844533
trans-EKODE-(E)-Ib,CTL,individual,1:69960506,1,69960506,1.667149e-09,SORBI_3001G419200,0.823924
trans-EKODE-(E)-Ib,CTL,individual,1:69960506,1,69960506,1.667149e-09,SORBI_3001G419200,0.818599
trans-EKODE-(E)-Ib,CTL,individual,1:69960506,1,69960506,1.667149e-09,SORBI_3001G419200,0.818561
trans-EKODE-(E)-Ib,CTL,individual,1:69960506,1,69960506,1.667149e-09,SORBI_3001G419200,0.818486
trans-EKODE-(E)-Ib,CTL,individual,1:69960506,1,69960506,1.667149e-09,SORBI_3001G419200,0.817167
trans-EKODE-(E)-Ib,CTL,individual,1:69960506,1,69960506,1.667149e-09,SORBI_3001G419200,0.806544
trans-EKODE-(E)-Ib,CTL,individual,1:69960506,1,69960506,1.667149e-09,SORBI_3001G419200,0.806343
trans-EKODE-(E)-Ib,CTL,individual,1:69960506,1,69960506,1.667149e-09,SORBI_3001G419200,0.806302
trans-EKODE-(E)-Ib,CTL,individual,1:69960506,1,69960506,1.667149e-09,SORBI_3001G419300,0.801613
trans-EKODE-(E)-Ib,CTL,individual,1:69960506,1,69960506,1.667149e-09,SORBI_3001G419200,0.799476
trans-EKODE-(E)-Ib,CTL,individual,1:69960506,1,69960506,1.667149e-09,SORBI_3001G419200,0.799433
trans-EKODE-(E)-Ib,CTL,individual,1:69960506,1,69960506,1.667149e-09,SORBI_3001G419200,0.794508
trans-EKODE-(E)-Ib,CTL,individual,1:69960506,1,69960506,1.667149e-09,SORBI_3001G419300,0.766649
trans-EKODE-(E)-Ib,CTL,individual,1:69960506,1,69960506,1.667149e-09,SORBI_3001G419200,0.632898
trans-EKODE-(E)-Ib,CTL,individual,1:69960506,1,69960506,1.667149e-09,SORBI_3001G419200,0.620065
trans-EKODE-(E)-Ib,CTL,individual,1:69960506,1,69960506,1.667149e-09,SORBI_3001G419200,0.619984
trans-EKODE-(E)-Ib,CTL,individual,1:69960506,1,69960506,1.667149e-09,SORBI_3001G419000,0.509039
trans-EKODE-(E)-Ib,CTL,individual,1:69960506,1,69960506,1.667149e-09,SORBI_3001G419000,0.508971
trans-EKODE-(E)-Ib,CTL,individual,1:69960506,1,69960506,1.667149e-09,SORBI_3001G419000,0.465328
trans-EKODE-(E)-Ib,CTL,individual,1:69960506,1,69960506,1.667149e-09,SORBI_3001G419000,0.460575
trans-EKODE-(E)-Ib,CTL,individual,1:69960506,1,69960506,1.667149e-09,SORBI_3001G419100,0.457901
trans-EKODE-(E)-Ib,CTL,individual,1:69960506,1,69960506,1.667149e-09,SORBI_3001G418800,0.446613
trans-EKODE-(E)-Ib,CTL,individual,1:69960506,1,69960506,1.667149e-09,SORBI_3001G418800,0.4438
trans-EKODE-(E)-Ib,CTL,individual,1:69960506,1,69960506,1.667149e-09,SORBI_3001G419600,0.442963
trans-EKODE-(E)-Ib,CTL,individual,1:69960506,1,69960506,1.667149e-09,SORBI_3001G419300,0.432429
trans-EKODE-(E)-Ib,CTL,individual,1:69960506,1,69960506,1.667149e-09,SORBI_3001G418800,0.432428
trans-EKODE-(E)-Ib,CTL,individual,1:69960506,1,69960506,1.667149e-09,SORBI_3001G419000,0.43236
trans-EKODE-(E)-Ib,CTL,individual,1:69960506,1,69960506,1.667149e-09,SORBI_3001G419300,0.432264
trans-EKODE-(E)-Ib,CTL,individual,1:69960506,1,69960506,1.667149e-09,SORBI_3001G419300,0.432097
trans-EKODE-(E)-Ib,CTL,individual,1:69960506,1,69960506,1.667149e-09,SORBI_3001G419200,0.42972
trans-EKODE-(E)-Ib,CTL,individual,1:69960506,1,69960506,1.667149e-09,SORBI_3001G419300,0.426264
trans-EKODE-(E)-Ib,CTL,individual,1:69960506,1,69960506,1.667149e-09,SORBI_3001G419000,0.420648
trans-EKODE-(E)-Ib,CTL,individual,1:69960506,1,69960506,1.667149e-09,SORBI_3001G419200,0.420413
trans-EKODE-(E)-Ib,CTL,individual,1:69960506,1,69960506,1.667149e-09,SORBI_3001G419200,0.420005
trans-EKODE-(E)-Ib,CTL,individual,1:69960506,1,69960506,1.667149e-09,SORBI_3001G419000,0.416571
trans-EKODE-(E)-Ib,CTL,individual,1:69960506,1,69960506,1.667149e-09,SORBI_3001G419000,0.416506
trans-EKODE-(E)-Ib,CTL,individual,1:69960506,1,69960506,1.667149e-09,SORBI_3001G419000,0.415156
trans-EKODE-(E)-Ib,CTL,individual,1:69960506,1,69960506,1.667149e-09,SORBI_3001G419000,0.415032
trans-EKODE-(E)-Ib,CTL,individual,1:69960506,1,69960506,1.667149e-09,SORBI_3001G418800,0.409239
trans-EKODE-(E)-Ib,CTL,individual,1:69960506,1,69960506,1.667149e-09,SORBI_3001G418650,0.407077
trans-EKODE-(E)-Ib,CTL,individual,1:69960506,1,69960506,1.667149e-09,SORBI_3001G419000,0.406294
trans-EKODE-(E)-Ib,CTL,individual,1:69962162,1,69962162,1.901553e-09,SORBI_3001G418800,1
trans-EKODE-(E)-Ib,CTL,individual,1:69962162,1,69962162,1.901553e-09,SORBI_3001G418800,1
trans-EKODE-(E)-Ib,CTL,individual,1:69962162,1,69962162,1.901553e-09,SORBI_3001G418800,0.990621
trans-EKODE-(E)-Ib,CTL,individual,1:69962162,1,69962162,1.901553e-09,SORBI_3001G418800,0.980654
trans-EKODE-(E)-Ib,CTL,individual,1:69962162,1,69962162,1.901553e-09,SORBI_3001G418800,0.970865
trans-EKODE-(E)-Ib,CTL,individual,1:69962162,1,69962162,1.901553e-09,SORBI_3001G418800,0.961223
trans-EKODE-(E)-Ib,CTL,individual,1:69962162,1,69962162,1.901553e-09,SORBI_3001G418800,0.961186
trans-EKODE-(E)-Ib,CTL,individual,1:69962162,1,69962162,1.901553e-09,SORBI_3001G418800,0.951859
trans-EKODE-(E)-Ib,CTL,individual,1:69962162,1,69962162,1.901553e-09,SORBI_3001G418800,0.951754
trans-EKODE-(E)-Ib,CTL,individual,1:69962162,1,69962162,1.901553e-09,SORBI_3001G418800,0.951643
trans-EKODE-(E)-Ib,CTL,individual,1:69962162,1,69962162,1.901553e-09,SORBI_3001G418800,0.941934
trans-EKODE-(E)-Ib,CTL,individual,1:69962162,1,69962162,1.901553e-09,SORBI_3001G419300,0.941757
trans-EKODE-(E)-Ib,CTL,individual,1:69962162,1,69962162,1.901553e-09,SORBI_3001G419300,0.93304
trans-EKODE-(E)-Ib,CTL,individual,1:69962162,1,69962162,1.901553e-09,SORBI_3001G419200,0.932062
trans-EKODE-(E)-Ib,CTL,individual,1:69962162,1,69962162,1.901553e-09,SORBI_3001G419200,0.844533
trans-EKODE-(E)-Ib,CTL,individual,1:69962162,1,69962162,1.901553e-09,SORBI_3001G419200,0.823924
trans-EKODE-(E)-Ib,CTL,individual,1:69962162,1,69962162,1.901553e-09,SORBI_3001G419200,0.817167
trans-EKODE-(E)-Ib,CTL,individual,1:69962162,1,69962162,1.901553e-09,SORBI_3001G419200,0.799433
trans-EKODE-(E)-Ib,CTL,individual,1:69962162,1,69962162,1.901553e-09,SORBI_3001G419200,0.790235
trans-EKODE-(E)-Ib,CTL,individual,1:69962162,1,69962162,1.901553e-09,SORBI_3001G419200,0.786265
trans-EKODE-(E)-Ib,CTL,individual,1:69962162,1,69962162,1.901553e-09,SORBI_3001G419200,0.786221
trans-EKODE-(E)-Ib,CTL,individual,1:69962162,1,69962162,1.901553e-09,SORBI_3001G419200,0.786132
trans-EKODE-(E)-Ib,CTL,individual,1:69962162,1,69962162,1.901553e-09,SORBI_3001G419200,0.778131
trans-EKODE-(E)-Ib,CTL,individual,1:69962162,1,69962162,1.901553e-09,SORBI_3001G419200,0.773858
trans-EKODE-(E)-Ib,CTL,individual,1:69962162,1,69962162,1.901553e-09,SORBI_3001G419200,0.773811
trans-EKODE-(E)-Ib,CTL,individual,1:69962162,1,69962162,1.901553e-09,SORBI_3001G419300,0.768787
trans-EKODE-(E)-Ib,CTL,individual,1:69962162,1,69962162,1.901553e-09,SORBI_3001G419200,0.767228
trans-EKODE-(E)-Ib,CTL,individual,1:69962162,1,69962162,1.901553e-09,SORBI_3001G419300,0.766649
trans-EKODE-(E)-Ib,CTL,individual,1:69962162,1,69962162,1.901553e-09,SORBI_3001G419200,0.632898
trans-EKODE-(E)-Ib,CTL,individual,1:69962162,1,69962162,1.901553e-09,SORBI_3001G419200,0.620065
trans-EKODE-(E)-Ib,CTL,individual,1:69962162,1,69962162,1.901553e-09,SORBI_3001G419200,0.619984
trans-EKODE-(E)-Ib,CTL,individual,1:69962162,1,69962162,1.901553e-09,SORBI_3001G419000,0.509039
trans-EKODE-(E)-Ib,CTL,individual,1:69962162,1,69962162,1.901553e-09,SORBI_3001G419000,0.508971
trans-EKODE-(E)-Ib,CTL,individual,1:69962162,1,69962162,1.901553e-09,SORBI_3001G419000,0.460575
trans-EKODE-(E)-Ib,CTL,individual,1:69962162,1,69962162,1.901553e-09,SORBI_3001G419000,0.449486
trans-EKODE-(E)-Ib,CTL,individual,1:69962162,1,69962162,1.901553e-09,SORBI_3001G418800,0.446613
trans-EKODE-(E)-Ib,CTL,individual,1:69962162,1,69962162,1.901553e-09,SORBI_3001G418800,0.4438
trans-EKODE-(E)-Ib,CTL,individual,1:69962162,1,69962162,1.901553e-09,SORBI_3001G419600,0.442963
trans-EKODE-(E)-Ib,CTL,individual,1:69962162,1,69962162,1.901553e-09,SORBI_3001G418800,0.441759
trans-EKODE-(E)-Ib,CTL,individual,1:69962162,1,69962162,1.901553e-09,SORBI_3001G419300,0.432429
trans-EKODE-(E)-Ib,CTL,individual,1:69962162,1,69962162,1.901553e-09,SORBI_3001G419000,0.43236
trans-EKODE-(E)-Ib,CTL,individual,1:69962162,1,69962162,1.901553e-09,SORBI_3001G419300,0.432264
trans-EKODE-(E)-Ib,CTL,individual,1:69962162,1,69962162,1.901553e-09,SORBI_3001G419300,0.432097
trans-EKODE-(E)-Ib,CTL,individual,1:69962162,1,69962162,1.901553e-09,SORBI_3001G419200,0.42972
trans-EKODE-(E)-Ib,CTL,individual,1:69962162,1,69962162,1.901553e-09,SORBI_3001G419200,0.429167
trans-EKODE-(E)-Ib,CTL,individual,1:69962162,1,69962162,1.901553e-09,SORBI_3001G419100,0.427857
trans-EKODE-(E)-Ib,CTL,individual,1:69962162,1,69962162,1.901553e-09,SORBI_3001G419000,0.415156
trans-EKODE-(E)-Ib,CTL,individual,1:69962162,1,69962162,1.901553e-09,SORBI_3001G419000,0.415032
trans-EKODE-(E)-Ib,CTL,individual,1:69962162,1,69962162,1.901553e-09,SORBI_3001G419000,0.410605
trans-EKODE-(E)-Ib,CTL,individual,1:69962162,1,69962162,1.901553e-09,SORBI_3001G419000,0.407654
trans-EKODE-(E)-Ib,CTL,individual,1:69962162,1,69962162,1.901553e-09,SORBI_3001G418650,0.407077
trans-EKODE-(E)-Ib,CTL,individual,1:69962162,1,69962162,1.901553e-09,SORBI_3001G419000,0.403365
trans-EKODE-(E)-Ib,CTL,individual,10:23796258,10,23796258,2.089284e-09,SORBI_3010G139000,0.877258
trans-EKODE-(E)-Ib,CTL,individual,10:23796258,10,23796258,2.089284e-09,SORBI_3010G139100,0.877258
trans-EKODE-(E)-Ib,CTL,individual,10:23796258,10,23796258,2.089284e-09,SORBI_3010G139000,0.876623
trans-EKODE-(E)-Ib,CTL,individual,10:23796258,10,23796258,2.089284e-09,SORBI_3010G139100,0.876623
trans-EKODE-(E)-Ib,CTL,individual,10:23796258,10,23796258,2.089284e-09,SORBI_3010G139000,0.876543
trans-EKODE-(E)-Ib,CTL,individual,10:23796258,10,23796258,2.089284e-09,SORBI_3010G139000,0.871001
trans-EKODE-(E)-Ib,CTL,individual,10:23796258,10,23796258,2.089284e-09,SORBI_3010G139100,0.859881
trans-EKODE-(E)-Ib,CTL,individual,10:23796258,10,23796258,2.089284e-09,SORBI_3010G139000,0.859634
trans-EKODE-(E)-Ib,CTL,individual,10:23796258,10,23796258,2.089284e-09,SORBI_3010G139000,0.859546
trans-EKODE-(E)-Ib,CTL,individual,10:23796258,10,23796258,2.089284e-09,SORBI_3010G139100,0.854305
trans-EKODE-(E)-Ib,CTL,individual,10:23796258,10,23796258,2.089284e-09,SORBI_3010G139200,0.759882
trans-EKODE-(E)-Ib,CTL,individual,10:23796258,10,23796258,2.089284e-09,SORBI_3010G139000,0.539288
trans-EKODE-(E)-Ib,CTL,individual,10:23796258,10,23796258,2.089284e-09,SORBI_3010G139000,0.53876
trans-EKODE-(E)-Ib,CTL,individual,10:23796258,10,23796258,2.089284e-09,SORBI_3010G139301,0.534002
trans-EKODE-(E)-Ib,CTL,individual,5:70774837,5,70774837,2.191557e-09,SORBI_3005G220740,0.965999
trans-EKODE-(E)-Ib,CTL,individual,5:70774837,5,70774837,2.191557e-09,SORBI_3005G220740,0.964894
trans-EKODE-(E)-Ib,CTL,individual,5:70774837,5,70774837,2.191557e-09,SORBI_3005G220300,0.954318
trans-EKODE-(E)-Ib,CTL,individual,5:70774837,5,70774837,2.191557e-09,SORBI_3005G220300,0.954254
trans-EKODE-(E)-Ib,CTL,individual,5:70774837,5,70774837,2.191557e-09,SORBI_3005G220300,0.954241
trans-EKODE-(E)-Ib,CTL,individual,5:70774837,5,70774837,2.191557e-09,SORBI_3005G220300,0.922495
trans-EKODE-(E)-Ib,CTL,individual,5:70774837,5,70774837,2.191557e-09,SORBI_3005G220300,0.922474
trans-EKODE-(E)-Ib,CTL,individual,5:70774837,5,70774837,2.191557e-09,SORBI_3005G220300,0.922431
trans-EKODE-(E)-Ib,CTL,individual,5:70774837,5,70774837,2.191557e-09,SORBI_3005G220300,0.922409
trans-EKODE-(E)-Ib,CTL,individual,5:70774837,5,70774837,2.191557e-09,SORBI_3005G220300,0.922365
trans-EKODE-(E)-Ib,CTL,individual,5:70774837,5,70774837,2.191557e-09,SORBI_3005G220300,0.912254
trans-EKODE-(E)-Ib,CTL,individual,5:70774837,5,70774837,2.191557e-09,SORBI_3005G220300,0.909261
trans-EKODE-(E)-Ib,CTL,individual,5:70774837,5,70774837,2.191557e-09,SORBI_3005G220300,0.909187
trans-EKODE-(E)-Ib,CTL,individual,5:70774837,5,70774837,2.191557e-09,SORBI_3005G220680,0.899091
trans-EKODE-(E)-Ib,CTL,individual,5:70774837,5,70774837,2.191557e-09,SORBI_3005G220300,0.898854
trans-EKODE-(E)-Ib,CTL,individual,5:70774837,5,70774837,2.191557e-09,SORBI_3005G220800,0.892453
trans-EKODE-(E)-Ib,CTL,individual,5:70774837,5,70774837,2.191557e-09,SORBI_3005G220680,0.888234
trans-EKODE-(E)-Ib,CTL,individual,5:70774837,5,70774837,2.191557e-09,SORBI_3005G220300,0.88301
trans-EKODE-(E)-Ib,CTL,individual,5:70774837,5,70774837,2.191557e-09,SORBI_3005G220300,0.882978
trans-EKODE-(E)-Ib,CTL,individual,5:70774837,5,70774837,2.191557e-09,SORBI_3005G220300,0.882946
trans-EKODE-(E)-Ib,CTL,individual,5:70774837,5,70774837,2.191557e-09,SORBI_3005G220800,0.879015
trans-EKODE-(E)-Ib,CTL,individual,5:70774837,5,70774837,2.191557e-09,SORBI_3005G220800,0.878994
trans-EKODE-(E)-Ib,CTL,individual,5:70774837,5,70774837,2.191557e-09,SORBI_3005G220680,0.878312
trans-EKODE-(E)-Ib,CTL,individual,5:70774837,5,70774837,2.191557e-09,SORBI_3005G220300,0.873701
trans-EKODE-(E)-Ib,CTL,individual,5:70774837,5,70774837,2.191557e-09,SORBI_3005G220300,0.873458
trans-EKODE-(E)-Ib,CTL,individual,5:70774837,5,70774837,2.191557e-09,SORBI_3005G220400,0.869417
trans-EKODE-(E)-Ib,CTL,individual,5:70774837,5,70774837,2.191557e-09,SORBI_3005G220300,0.868846
trans-EKODE-(E)-Ib,CTL,individual,5:70774837,5,70774837,2.191557e-09,SORBI_3005G220680,0.864155
trans-EKODE-(E)-Ib,CTL,individual,5:70774837,5,70774837,2.191557e-09,SORBI_3005G220560,0.86195
trans-EKODE-(E)-Ib,CTL,individual,5:70774837,5,70774837,2.191557e-09,SORBI_3005G220680,0.86195
trans-EKODE-(E)-Ib,CTL,individual,5:70774837,5,70774837,2.191557e-09,SORBI_3005G220500,0.861903
trans-EKODE-(E)-Ib,CTL,individual,5:70774837,5,70774837,2.191557e-09,SORBI_3005G220300,0.859606
trans-EKODE-(E)-Ib,CTL,individual,5:70774837,5,70774837,2.191557e-09,SORBI_3005G220300,0.859568
trans-EKODE-(E)-Ib,CTL,individual,5:70774837,5,70774837,2.191557e-09,SORBI_3005G220680,0.855282
trans-EKODE-(E)-Ib,CTL,individual,5:70774837,5,70774837,2.191557e-09,SORBI_3005G220740,0.855113
trans-EKODE-(E)-Ib,CTL,individual,5:70774837,5,70774837,2.191557e-09,SORBI_3005G220560,0.849213
trans-EKODE-(E)-Ib,CTL,individual,5:70774837,5,70774837,2.191557e-09,SORBI_3005G220680,0.849213
trans-EKODE-(E)-Ib,CTL,individual,5:70774837,5,70774837,2.191557e-09,SORBI_3005G220500,0.849162
trans-EKODE-(E)-Ib,CTL,individual,5:70774837,5,70774837,2.191557e-09,SORBI_3005G220740,0.846832
trans-EKODE-(E)-Ib,CTL,individual,5:70774837,5,70774837,2.191557e-09,SORBI_3005G220300,0.846486
trans-EKODE-(E)-Ib,CTL,individual,5:70774837,5,70774837,2.191557e-09,SORBI_3005G220300,0.846443
trans-EKODE-(E)-Ib,CTL,individual,5:70774837,5,70774837,2.191557e-09,SORBI_3005G220680,0.846415
trans-EKODE-(E)-Ib,CTL,individual,5:70774837,5,70774837,2.191557e-09,SORBI_3005G220680,0.844268
trans-EKODE-(E)-Ib,CTL,individual,5:70774837,5,70774837,2.191557e-09,SORBI_3005G220680,0.841255
trans-EKODE-(E)-Ib,CTL,individual,5:70774837,5,70774837,2.191557e-09,SORBI_3005G220680,0.840651
trans-EKODE-(E)-Ib,CTL,individual,5:70774837,5,70774837,2.191557e-09,SORBI_3005G220740,0.840651
trans-EKODE-(E)-Ib,CTL,individual,5:70774837,5,70774837,2.191557e-09,SORBI_3005G220740,0.840625
trans-EKODE-(E)-Ib,CTL,individual,5:70774837,5,70774837,2.191557e-09,SORBI_3005G220740,0.83871
trans-EKODE-(E)-Ib,CTL,individual,5:70774837,5,70774837,2.191557e-09,SORBI_3005G220680,0.838413
trans-EKODE-(E)-Ib,CTL,individual,5:70774837,5,70774837,2.191557e-09,SORBI_3005G220680,0.837726
trans-EKODE-(E)-Ib,CTL,individual,5:70774837,5,70774837,2.191557e-09,SORBI_3005G220300,0.837585
trans-EKODE-(E)-Ib,CTL,individual,5:70774837,5,70774837,2.191557e-09,SORBI_3005G220680,0.836696
trans-EKODE-(E)-Ib,CTL,individual,5:70774837,5,70774837,2.191557e-09,SORBI_3005G220400,0.835488
trans-EKODE-(E)-Ib,CTL,individual,5:70774837,5,70774837,2.191557e-09,SORBI_3005G220500,0.834962
trans-EKODE-(E)-Ib,CTL,individual,5:70774837,5,70774837,2.191557e-09,SORBI_3005G220680,0.834962
trans-EKODE-(E)-Ib,CTL,individual,5:70774837,5,70774837,2.191557e-09,SORBI_3005G220680,0.834535
trans-EKODE-(E)-Ib,CTL,individual,5:70774837,5,70774837,2.191557e-09,SORBI_3005G220680,0.832259
trans-EKODE-(E)-Ib,CTL,individual,5:70774837,5,70774837,2.191557e-09,SORBI_3005G220740,0.832259
trans-EKODE-(E)-Ib,CTL,individual,5:70774837,5,70774837,2.191557e-09,SORBI_3005G220300,0.831848
trans-EKODE-(E)-Ib,CTL,individual,5:70774837,5,70774837,2.191557e-09,SORBI_3005G220300,0.831801
trans-EKODE-(E)-Ib,CTL,individual,5:70774837,5,70774837,2.191557e-09,SORBI_3005G220680,0.830956
trans-EKODE-(E)-Ib,CTL,individual,5:70774837,5,70774837,2.191557e-09,SORBI_3005G220740,0.830742
trans-EKODE-(E)-Ib,CTL,individual,5:70774837,5,70774837,2.191557e-09,SORBI_3005G220300,0.829031
trans-EKODE-(E)-Ib,CTL,individual,5:70774837,5,70774837,2.191557e-09,SORBI_3005G220300,0.828983
trans-EKODE-(E)-Ib,CTL,individual,5:70774837,5,70774837,2.191557e-09,SORBI_3005G220680,0.826277
trans-EKODE-(E)-Ib,CTL,individual,5:70774837,5,70774837,2.191557e-09,SORBI_3005G220680,0.825857
trans-EKODE-(E)-Ib,CTL,individual,5:70774837,5,70774837,2.191557e-09,SORBI_3005G220740,0.824031
trans-EKODE-(E)-Ib,CTL,individual,5:70774837,5,70774837,2.191557e-09,SORBI_3005G220680,0.820811
trans-EKODE-(E)-Ib,CTL,individual,5:70774837,5,70774837,2.191557e-09,SORBI_3005G220680,0.817767
trans-EKODE-(E)-Ib,CTL,individual,5:70774837,5,70774837,2.191557e-09,SORBI_3005G220300,0.817742
trans-EKODE-(E)-Ib,CTL,individual,5:70774837,5,70774837,2.191557e-09,SORBI_3005G220300,0.817694
trans-EKODE-(E)-Ib,CTL,individual,5:70774837,5,70774837,2.191557e-09,SORBI_3005G220740,0.816374
trans-EKODE-(E)-Ib,CTL,individual,5:70774837,5,70774837,2.191557e-09,SORBI_3005G220680,0.815711
trans-EKODE-(E)-Ib,CTL,individual,5:70774837,5,70774837,2.191557e-09,SORBI_3005G220560,0.814701
trans-EKODE-(E)-Ib,CTL,individual,5:70774837,5,70774837,2.191557e-09,SORBI_3005G220680,0.811994
trans-EKODE-(E)-Ib,CTL,individual,5:70774837,5,70774837,2.191557e-09,SORBI_3005G220800,0.811145
trans-EKODE-(E)-Ib,CTL,individual,5:70774837,5,70774837,2.191557e-09,SORBI_3005G220300,0.808658
trans-EKODE-(E)-Ib,CTL,individual,5:70774837,5,70774837,2.191557e-09,SORBI_3005G220300,0.804622
trans-EKODE-(E)-Ib,CTL,individual,5:70774837,5,70774837,2.191557e-09,SORBI_3005G220300,0.797826
trans-EKODE-(E)-Ib,CTL,individual,5:70774837,5,70774837,2.191557e-09,SORBI_3005G220680,0.79781
trans-EKODE-(E)-Ib,CTL,individual,5:70774837,5,70774837,2.191557e-09,SORBI_3005G220200,0.793094
trans-EKODE-(E)-Ib,CTL,individual,5:70774837,5,70774837,2.191557e-09,SORBI_3005G220680,0.792834
trans-EKODE-(E)-Ib,CTL,individual,5:70774837,5,70774837,2.191557e-09,SORBI_3005G220300,0.78945
trans-EKODE-(E)-Ib,CTL,individual,5:70774837,5,70774837,2.191557e-09,SORBI_3005G220300,0.789392
trans-EKODE-(E)-Ib,CTL,individual,5:70774837,5,70774837,2.191557e-09,SORBI_3005G220300,0.789275
trans-EKODE-(E)-Ib,CTL,individual,5:70774837,5,70774837,2.191557e-09,SORBI_3005G220680,0.786728
trans-EKODE-(E)-Ib,CTL,individual,5:70774837,5,70774837,2.191557e-09,SORBI_3005G220680,0.783731
trans-EKODE-(E)-Ib,CTL,individual,5:70774837,5,70774837,2.191557e-09,SORBI_3005G220300,0.781404
trans-EKODE-(E)-Ib,CTL,individual,5:70774837,5,70774837,2.191557e-09,SORBI_3005G220400,0.778244
trans-EKODE-(E)-Ib,CTL,individual,5:70774837,5,70774837,2.191557e-09,SORBI_3005G220680,0.77807
trans-EKODE-(E)-Ib,CTL,individual,5:70774837,5,70774837,2.191557e-09,SORBI_3005G220300,0.767157
trans-EKODE-(E)-Ib,CTL,individual,5:70774837,5,70774837,2.191557e-09,SORBI_3005G220300,0.767027
trans-EKODE-(E)-Ib,CTL,individual,5:70774837,5,70774837,2.191557e-09,SORBI_3005G220500,0.763966
trans-EKODE-(E)-Ib,CTL,individual,5:70774837,5,70774837,2.191557e-09,SORBI_3005G220300,0.760284
trans-EKODE-(E)-Ib,CTL,individual,5:70774837,5,70774837,2.191557e-09,SORBI_3005G220800,0.759092
trans-EKODE-(E)-Ib,CTL,individual,5:70774837,5,70774837,2.191557e-09,SORBI_3005G220300,0.758082
trans-EKODE-(E)-Ib,CTL,individual,5:70774837,5,70774837,2.191557e-09,SORBI_3005G220500,0.743837
trans-EKODE-(E)-Ib,CTL,individual,5:70774837,5,70774837,2.191557e-09,SORBI_3005G220500,0.740292
trans-EKODE-(E)-Ib,CTL,individual,5:70774837,5,70774837,2.191557e-09,SORBI_3005G220500,0.733937
trans-EKODE-(E)-Ib,CTL,individual,5:70774837,5,70774837,2.191557e-09,SORBI_3005G220300,0.732999
trans-EKODE-(E)-Ib,CTL,individual,5:70774837,5,70774837,2.191557e-09,SORBI_3005G220500,0.72136
trans-EKODE-(E)-Ib,CTL,individual,5:70774837,5,70774837,2.191557e-09,SORBI_3005G220300,0.707858
trans-EKODE-(E)-Ib,CTL,individual,5:70774837,5,70774837,2.191557e-09,SORBI_3005G220300,0.702303
trans-EKODE-(E)-Ib,CTL,individual,5:70774837,5,70774837,2.191557e-09,SORBI_3005G220300,0.68655
trans-EKODE-(E)-Ib,CTL,individual,5:70774837,5,70774837,2.191557e-09,SORBI_3005G220500,0.652622
trans-EKODE-(E)-Ib,CTL,individual,5:70774837,5,70774837,2.191557e-09,SORBI_3005G220300,0.646001
trans-EKODE-(E)-Ib,CTL,individual,5:70774837,5,70774837,2.191557e-09,SORBI_3005G220101,0.637727
trans-EKODE-(E)-Ib,CTL,individual,5:70774837,5,70774837,2.191557e-09,SORBI_3005G220680,0.631802
trans-EKODE-(E)-Ib,CTL,individual,5:70774837,5,70774837,2.191557e-09,SORBI_3005G220300,0.630516
trans-EKODE-(E)-Ib,CTL,individual,5:70774837,5,70774837,2.191557e-09,SORBI_3005G220300,0.630209
trans-EKODE-(E)-Ib,CTL,individual,5:70774837,5,70774837,2.191557e-09,SORBI_3005G220101,0.61727
trans-EKODE-(E)-Ib,CTL,individual,5:70774837,5,70774837,2.191557e-09,SORBI_3005G220680,0.616771
trans-EKODE-(E)-Ib,CTL,individual,5:70774837,5,70774837,2.191557e-09,SORBI_3005G220300,0.61437
trans-EKODE-(E)-Ib,CTL,individual,5:70774837,5,70774837,2.191557e-09,SORBI_3005G220680,0.612748
trans-EKODE-(E)-Ib,CTL,individual,5:70774837,5,70774837,2.191557e-09,SORBI_3005G220101,0.612498
trans-EKODE-(E)-Ib,CTL,individual,5:70774837,5,70774837,2.191557e-09,SORBI_3005G220300,0.607651
trans-EKODE-(E)-Ib,CTL,individual,5:70774837,5,70774837,2.191557e-09,SORBI_3005G220800,0.602013
trans-EKODE-(E)-Ib,CTL,individual,5:70774837,5,70774837,2.191557e-09,SORBI_3005G220800,0.591416
trans-EKODE-(E)-Ib,CTL,individual,5:70774837,5,70774837,2.191557e-09,SORBI_3005G220101,0.576725
trans-EKODE-(E)-Ib,CTL,individual,5:70774837,5,70774837,2.191557e-09,SORBI_3005G220101,0.557975
trans-EKODE-(E)-Ib,CTL,individual,5:70774837,5,70774837,2.191557e-09,SORBI_3005G220300,0.555202
trans-EKODE-(E)-Ib,CTL,individual,5:70774837,5,70774837,2.191557e-09,SORBI_3005G220300,0.554629
trans-EKODE-(E)-Ib,CTL,individual,5:70774837,5,70774837,2.191557e-09,SORBI_3005G220300,0.551205
trans-EKODE-(E)-Ib,CTL,individual,5:70774837,5,70774837,2.191557e-09,SORBI_3005G220300,0.551079
trans-EKODE-(E)-Ib,CTL,individual,5:70774837,5,70774837,2.191557e-09,SORBI_3005G220300,0.547553
trans-EKODE-(E)-Ib,CTL,individual,5:70774837,5,70774837,2.191557e-09,SORBI_3005G220300,0.547428
trans-EKODE-(E)-Ib,CTL,individual,5:70774837,5,70774837,2.191557e-09,SORBI_3005G220300,0.532136
trans-EKODE-(E)-Ib,CTL,individual,5:70774837,5,70774837,2.191557e-09,SORBI_3005G220300,0.529844
trans-EKODE-(E)-Ib,CTL,individual,5:70774837,5,70774837,2.191557e-09,SORBI_3005G220740,0.52887
trans-EKODE-(E)-Ib,CTL,individual,5:70774837,5,70774837,2.191557e-09,SORBI_3005G220800,0.528815
trans-EKODE-(E)-Ib,CTL,individual,5:70774837,5,70774837,2.191557e-09,SORBI_3005G219900,0.517766
trans-EKODE-(E)-Ib,CTL,individual,5:70774837,5,70774837,2.191557e-09,SORBI_3005G220300,0.510351
trans-EKODE-(E)-Ib,CTL,individual,5:70774837,5,70774837,2.191557e-09,SORBI_3005G220300,0.504505
trans-EKODE-(E)-Ib,CTL,individual,5:70774837,5,70774837,2.191557e-09,SORBI_3005G220300,0.502871
trans-EKODE-(E)-Ib,CTL,individual,5:70774837,5,70774837,2.191557e-09,SORBI_3005G220300,0.491392
trans-EKODE-(E)-Ib,CTL,individual,5:70774837,5,70774837,2.191557e-09,SORBI_3005G220300,0.491255
trans-EKODE-(E)-Ib,CTL,individual,5:70774837,5,70774837,2.191557e-09,SORBI_3005G220680,0.487991
trans-EKODE-(E)-Ib,CTL,individual,5:70774837,5,70774837,2.191557e-09,SORBI_3005G220300,0.487034
trans-EKODE-(E)-Ib,CTL,individual,5:70774837,5,70774837,2.191557e-09,SORBI_3005G220680,0.486487
trans-EKODE-(E)-Ib,CTL,individual,5:70774837,5,70774837,2.191557e-09,SORBI_3005G220300,0.484407
trans-EKODE-(E)-Ib,CTL,individual,5:70774837,5,70774837,2.191557e-09,SORBI_3005G220680,0.441184
trans-EKODE-(E)-Ib,CTL,individual,5:70774837,5,70774837,2.191557e-09,SORBI_3005G219900,0.440798
trans-EKODE-(E)-Ib,CTL,individual,5:70774837,5,70774837,2.191557e-09,SORBI_3005G220500,0.429909
trans-EKODE-(E)-Ib,CTL,individual,5:70774837,5,70774837,2.191557e-09,SORBI_3005G220740,0.4284
trans-EKODE-(E)-Ib,CTL,individual,5:70774837,5,70774837,2.191557e-09,SORBI_3005G220800,0.427292
trans-EKODE-(E)-Ib,CTL,individual,5:70774837,5,70774837,2.191557e-09,SORBI_3005G220740,0.423544
trans-EKODE-(E)-Ib,CTL,individual,5:70774837,5,70774837,2.191557e-09,SORBI_3005G220101,0.416786
trans-EKODE-(E)-Ib,CTL,individual,5:70774837,5,70774837,2.191557e-09,SORBI_3005G220101,0.408228
trans-EKODE-(E)-Ib,CTL,individual,5:70774837,5,70774837,2.191557e-09,SORBI_3005G220740,0.407671
trans-EKODE-(E)-Ib,CTL,individual,5:70774837,5,70774837,2.191557e-09,SORBI_3005G220740,0.405469
trans-EKODE-(E)-Ib,CTL,individual,5:70774837,5,70774837,2.191557e-09,SORBI_3005G220740,0.403304
trans-EKODE-(E)-Ib,CTL,individual,5:70774837,5,70774837,2.191557e-09,SORBI_3005G220740,0.401103
trans-EKODE-(E)-Ib,CTL,individual,1:69961340,1,69961340,2.217808e-09,SORBI_3001G418800,1
trans-EKODE-(E)-Ib,CTL,individual,1:69961340,1,69961340,2.217808e-09,SORBI_3001G418800,1
trans-EKODE-(E)-Ib,CTL,individual,1:69961340,1,69961340,2.217808e-09,SORBI_3001G418800,0.990621
trans-EKODE-(E)-Ib,CTL,individual,1:69961340,1,69961340,2.217808e-09,SORBI_3001G418800,0.980654
trans-EKODE-(E)-Ib,CTL,individual,1:69961340,1,69961340,2.217808e-09,SORBI_3001G418800,0.970865
trans-EKODE-(E)-Ib,CTL,individual,1:69961340,1,69961340,2.217808e-09,SORBI_3001G418800,0.961223
trans-EKODE-(E)-Ib,CTL,individual,1:69961340,1,69961340,2.217808e-09,SORBI_3001G418800,0.951859
trans-EKODE-(E)-Ib,CTL,individual,1:69961340,1,69961340,2.217808e-09,SORBI_3001G418800,0.951754
trans-EKODE-(E)-Ib,CTL,individual,1:69961340,1,69961340,2.217808e-09,SORBI_3001G418800,0.951643
trans-EKODE-(E)-Ib,CTL,individual,1:69961340,1,69961340,2.217808e-09,SORBI_3001G418800,0.941934
trans-EKODE-(E)-Ib,CTL,individual,1:69961340,1,69961340,2.217808e-09,SORBI_3001G418800,0.941878
trans-EKODE-(E)-Ib,CTL,individual,1:69961340,1,69961340,2.217808e-09,SORBI_3001G419300,0.941757
trans-EKODE-(E)-Ib,CTL,individual,1:69961340,1,69961340,2.217808e-09,SORBI_3001G419300,0.93304
trans-EKODE-(E)-Ib,CTL,individual,1:69961340,1,69961340,2.217808e-09,SORBI_3001G419200,0.932062
trans-EKODE-(E)-Ib,CTL,individual,1:69961340,1,69961340,2.217808e-09,SORBI_3001G419200,0.844533
trans-EKODE-(E)-Ib,CTL,individual,1:69961340,1,69961340,2.217808e-09,SORBI_3001G419200,0.823924
trans-EKODE-(E)-Ib,CTL,individual,1:69961340,1,69961340,2.217808e-09,SORBI_3001G419200,0.817167
trans-EKODE-(E)-Ib,CTL,individual,1:69961340,1,69961340,2.217808e-09,SORBI_3001G419200,0.799433
trans-EKODE-(E)-Ib,CTL,individual,1:69961340,1,69961340,2.217808e-09,SORBI_3001G419200,0.786265
trans-EKODE-(E)-Ib,CTL,individual,1:69961340,1,69961340,2.217808e-09,SORBI_3001G419200,0.786221
trans-EKODE-(E)-Ib,CTL,individual,1:69961340,1,69961340,2.217808e-09,SORBI_3001G419200,0.786132
trans-EKODE-(E)-Ib,CTL,individual,1:69961340,1,69961340,2.217808e-09,SORBI_3001G419300,0.785115
trans-EKODE-(E)-Ib,CTL,individual,1:69961340,1,69961340,2.217808e-09,SORBI_3001G419300,0.782172
trans-EKODE-(E)-Ib,CTL,individual,1:69961340,1,69961340,2.217808e-09,SORBI_3001G419200,0.774092
trans-EKODE-(E)-Ib,CTL,individual,1:69961340,1,69961340,2.217808e-09,SORBI_3001G419200,0.773858
trans-EKODE-(E)-Ib,CTL,individual,1:69961340,1,69961340,2.217808e-09,SORBI_3001G419200,0.773811
trans-EKODE-(E)-Ib,CTL,individual,1:69961340,1,69961340,2.217808e-09,SORBI_3001G419200,0.767228
trans-EKODE-(E)-Ib,CTL,individual,1:69961340,1,69961340,2.217808e-09,SORBI_3001G419200,0.761924
trans-EKODE-(E)-Ib,CTL,individual,1:69961340,1,69961340,2.217808e-09,SORBI_3001G419200,0.632898
trans-EKODE-(E)-Ib,CTL,individual,1:69961340,1,69961340,2.217808e-09,SORBI_3001G419200,0.620065
trans-EKODE-(E)-Ib,CTL,individual,1:69961340,1,69961340,2.217808e-09,SORBI_3001G419200,0.619984
trans-EKODE-(E)-Ib,CTL,individual,1:69961340,1,69961340,2.217808e-09,SORBI_3001G419000,0.542342
trans-EKODE-(E)-Ib,CTL,individual,1:69961340,1,69961340,2.217808e-09,SORBI_3001G419000,0.542278
trans-EKODE-(E)-Ib,CTL,individual,1:69961340,1,69961340,2.217808e-09,SORBI_3001G419000,0.465328
trans-EKODE-(E)-Ib,CTL,individual,1:69961340,1,69961340,2.217808e-09,SORBI_3001G419300,0.461118
trans-EKODE-(E)-Ib,CTL,individual,1:69961340,1,69961340,2.217808e-09,SORBI_3001G419300,0.460958
trans-EKODE-(E)-Ib,CTL,individual,1:69961340,1,69961340,2.217808e-09,SORBI_3001G419300,0.460796
trans-EKODE-(E)-Ib,CTL,individual,1:69961340,1,69961340,2.217808e-09,SORBI_3001G419000,0.460575
trans-EKODE-(E)-Ib,CTL,individual,1:69961340,1,69961340,2.217808e-09,SORBI_3001G419100,0.457901
trans-EKODE-(E)-Ib,CTL,individual,1:69961340,1,69961340,2.217808e-09,SORBI_3001G418800,0.446613
trans-EKODE-(E)-Ib,CTL,individual,1:69961340,1,69961340,2.217808e-09,SORBI_3001G418800,0.4438
trans-EKODE-(E)-Ib,CTL,individual,1:69961340,1,69961340,2.217808e-09,SORBI_3001G418800,0.432428
trans-EKODE-(E)-Ib,CTL,individual,1:69961340,1,69961340,2.217808e-09,SORBI_3001G419000,0.43236
trans-EKODE-(E)-Ib,CTL,individual,1:69961340,1,69961340,2.217808e-09,SORBI_3001G419000,0.429924
trans-EKODE-(E)-Ib,CTL,individual,1:69961340,1,69961340,2.217808e-09,SORBI_3001G419200,0.42972
trans-EKODE-(E)-Ib,CTL,individual,1:69961340,1,69961340,2.217808e-09,SORBI_3001G419600,0.428696
trans-EKODE-(E)-Ib,CTL,individual,1:69961340,1,69961340,2.217808e-09,SORBI_3001G419300,0.426264
trans-EKODE-(E)-Ib,CTL,individual,1:69961340,1,69961340,2.217808e-09,SORBI_3001G418650,0.425603
trans-EKODE-(E)-Ib,CTL,individual,1:69961340,1,69961340,2.217808e-09,SORBI_3001G419200,0.420413
trans-EKODE-(E)-Ib,CTL,individual,1:69961340,1,69961340,2.217808e-09,SORBI_3001G419200,0.420005
trans-EKODE-(E)-Ib,CTL,individual,1:69961340,1,69961340,2.217808e-09,SORBI_3001G419000,0.417611
trans-EKODE-(E)-Ib,CTL,individual,1:69961340,1,69961340,2.217808e-09,SORBI_3001G419000,0.415156
trans-EKODE-(E)-Ib,CTL,individual,1:69961340,1,69961340,2.217808e-09,SORBI_3001G419000,0.415032
trans-EKODE-(E)-Ib,CTL,individual,1:69961340,1,69961340,2.217808e-09,SORBI_3001G419000,0.410605
trans-EKODE-(E)-Ib,CTL,individual,1:69961340,1,69961340,2.217808e-09,SORBI_3001G418800,0.409239
trans-EKODE-(E)-Ib,CTL,individual,1:69961340,1,69961340,2.217808e-09,SORBI_3001G419000,0.407654
trans-EKODE-(E)-Ib,CTL,individual,10:35853660,10,35853660,2.327924e-09,SORBI_3010G142132,0.776795
trans-EKODE-(E)-Ib,CTL,individual,10:35853660,10,35853660,2.327924e-09,SORBI_3010G142132,0.772648
trans-EKODE-(E)-Ib,CTL,individual,10:35853660,10,35853660,2.327924e-09,SORBI_3010G142132,0.754149
trans-EKODE-(E)-Ib,CTL,individual,8:62336576,8,62336576,2.352292e-09,SORBI_3008G189200,1
trans-EKODE-(E)-Ib,CTL,individual,8:62336576,8,62336576,2.352292e-09,SORBI_3008G189200,1
trans-EKODE-(E)-Ib,CTL,individual,10:36924540,10,36924540,2.526579e-09,SORBI_3010G142650,0.874005
trans-EKODE-(E)-Ib,CTL,individual,10:36924540,10,36924540,2.526579e-09,SORBI_3010G142650,0.873849
trans-EKODE-(E)-Ib,CTL,individual,10:36924540,10,36924540,2.526579e-09,SORBI_3010G142650,0.855796
trans-EKODE-(E)-Ib,CTL,individual,10:36924540,10,36924540,2.526579e-09,SORBI_3010G142650,0.851853
trans-EKODE-(E)-Ib,CTL,individual,10:36924540,10,36924540,2.526579e-09,SORBI_3010G142650,0.835061
trans-EKODE-(E)-Ib,CTL,individual,10:36924540,10,36924540,2.526579e-09,SORBI_3010G142650,0.801999
trans-EKODE-(E)-Ib,CTL,individual,10:36924540,10,36924540,2.526579e-09,SORBI_3010G142650,0.784896
trans-EKODE-(E)-Ib,CTL,individual,10:36924540,10,36924540,2.526579e-09,SORBI_3010G142650,0.754956
trans-EKODE-(E)-Ib,CTL,individual,10:36924540,10,36924540,2.526579e-09,SORBI_3010G142650,0.752803
trans-EKODE-(E)-Ib,CTL,individual,10:36924540,10,36924540,2.526579e-09,SORBI_3010G142650,0.731814
trans-EKODE-(E)-Ib,CTL,individual,10:36924540,10,36924540,2.526579e-09,SORBI_3010G142650,0.730511
trans-EKODE-(E)-Ib,CTL,individual,10:36924540,10,36924540,2.526579e-09,SORBI_3010G142650,0.713581
trans-EKODE-(E)-Ib,CTL,individual,10:36924540,10,36924540,2.526579e-09,SORBI_3010G142650,0.704441
trans-EKODE-(E)-Ib,CTL,individual,10:36924540,10,36924540,2.526579e-09,SORBI_3010G142650,0.69778
trans-EKODE-(E)-Ib,CTL,individual,10:36924540,10,36924540,2.526579e-09,SORBI_3010G142650,0.585608
trans-EKODE-(E)-Ib,CTL,individual,10:32283239,10,32283239,2.608788e-09,SORBI_3010G140750,0.908631
trans-EKODE-(E)-Ib,CTL,individual,10:32283239,10,32283239,2.608788e-09,SORBI_3010G140750,0.899378
trans-EKODE-(E)-Ib,CTL,individual,10:32283239,10,32283239,2.608788e-09,SORBI_3010G140750,0.866926
trans-EKODE-(E)-Ib,CTL,individual,10:26910547,10,26910547,2.668115e-09,SORBI_3010G140500,0.918822
trans-EKODE-(E)-Ib,CTL,individual,10:26910547,10,26910547,2.668115e-09,SORBI_3010G140500,0.886684
trans-EKODE-(E)-Ib,CTL,individual,1:69955808,1,69955808,2.712889e-09,SORBI_3001G418800,0.960951
trans-EKODE-(E)-Ib,CTL,individual,1:69955853,1,69955853,2.712889e-09,SORBI_3001G418800,0.960951
trans-EKODE-(E)-Ib,CTL,individual,1:69955889,1,69955889,2.712889e-09,SORBI_3001G418800,0.960951
trans-EKODE-(E)-Ib,CTL,individual,1:69955808,1,69955808,2.712889e-09,SORBI_3001G418800,0.960869
trans-EKODE-(E)-Ib,CTL,individual,1:69955853,1,69955853,2.712889e-09,SORBI_3001G418800,0.960869
trans-EKODE-(E)-Ib,CTL,individual,1:69955889,1,69955889,2.712889e-09,SORBI_3001G418800,0.960869
trans-EKODE-(E)-Ib,CTL,individual,1:69955808,1,69955808,2.712889e-09,SORBI_3001G418800,0.960782
trans-EKODE-(E)-Ib,CTL,individual,1:69955853,1,69955853,2.712889e-09,SORBI_3001G418800,0.960782
trans-EKODE-(E)-Ib,CTL,individual,1:69955889,1,69955889,2.712889e-09,SORBI_3001G418800,0.960782
trans-EKODE-(E)-Ib,CTL,individual,1:69955808,1,69955808,2.712889e-09,SORBI_3001G418800,0.951633
trans-EKODE-(E)-Ib,CTL,individual,1:69955853,1,69955853,2.712889e-09,SORBI_3001G418800,0.951633
trans-EKODE-(E)-Ib,CTL,individual,1:69955889,1,69955889,2.712889e-09,SORBI_3001G418800,0.951633
trans-EKODE-(E)-Ib,CTL,individual,1:69955808,1,69955808,2.712889e-09,SORBI_3001G418800,0.950207
trans-EKODE-(E)-Ib,CTL,individual,1:69955853,1,69955853,2.712889e-09,SORBI_3001G418800,0.950207
trans-EKODE-(E)-Ib,CTL,individual,1:69955889,1,69955889,2.712889e-09,SORBI_3001G418800,0.950207
trans-EKODE-(E)-Ib,CTL,individual,1:69955808,1,69955808,2.712889e-09,SORBI_3001G418800,0.95016
trans-EKODE-(E)-Ib,CTL,individual,1:69955853,1,69955853,2.712889e-09,SORBI_3001G418800,0.95016
trans-EKODE-(E)-Ib,CTL,individual,1:69955889,1,69955889,2.712889e-09,SORBI_3001G418800,0.95016
trans-EKODE-(E)-Ib,CTL,individual,1:69955808,1,69955808,2.712889e-09,SORBI_3001G419200,0.939521
trans-EKODE-(E)-Ib,CTL,individual,1:69955853,1,69955853,2.712889e-09,SORBI_3001G419200,0.939521
trans-EKODE-(E)-Ib,CTL,individual,1:69955889,1,69955889,2.712889e-09,SORBI_3001G419200,0.939521
trans-EKODE-(E)-Ib,CTL,individual,1:69955808,1,69955808,2.712889e-09,SORBI_3001G418800,0.924642
trans-EKODE-(E)-Ib,CTL,individual,1:69955853,1,69955853,2.712889e-09,SORBI_3001G418800,0.924642
trans-EKODE-(E)-Ib,CTL,individual,1:69955889,1,69955889,2.712889e-09,SORBI_3001G418800,0.924642
trans-EKODE-(E)-Ib,CTL,individual,1:69955808,1,69955808,2.712889e-09,SORBI_3001G419300,0.918928
trans-EKODE-(E)-Ib,CTL,individual,1:69955853,1,69955853,2.712889e-09,SORBI_3001G419300,0.918928
trans-EKODE-(E)-Ib,CTL,individual,1:69955889,1,69955889,2.712889e-09,SORBI_3001G419300,0.918928
trans-EKODE-(E)-Ib,CTL,individual,1:69955808,1,69955808,2.712889e-09,SORBI_3001G418800,0.913306
trans-EKODE-(E)-Ib,CTL,individual,1:69955853,1,69955853,2.712889e-09,SORBI_3001G418800,0.913306
trans-EKODE-(E)-Ib,CTL,individual,1:69955889,1,69955889,2.712889e-09,SORBI_3001G418800,0.913306
trans-EKODE-(E)-Ib,CTL,individual,1:69955808,1,69955808,2.712889e-09,SORBI_3001G419300,0.913023
trans-EKODE-(E)-Ib,CTL,individual,1:69955853,1,69955853,2.712889e-09,SORBI_3001G419300,0.913023
trans-EKODE-(E)-Ib,CTL,individual,1:69955889,1,69955889,2.712889e-09,SORBI_3001G419300,0.913023
trans-EKODE-(E)-Ib,CTL,individual,1:69955808,1,69955808,2.712889e-09,SORBI_3001G418800,0.902104
trans-EKODE-(E)-Ib,CTL,individual,1:69955853,1,69955853,2.712889e-09,SORBI_3001G418800,0.902104
trans-EKODE-(E)-Ib,CTL,individual,1:69955889,1,69955889,2.712889e-09,SORBI_3001G418800,0.902104
trans-EKODE-(E)-Ib,CTL,individual,1:69955808,1,69955808,2.712889e-09,SORBI_3001G419200,0.794758
trans-EKODE-(E)-Ib,CTL,individual,1:69955853,1,69955853,2.712889e-09,SORBI_3001G419200,0.794758
trans-EKODE-(E)-Ib,CTL,individual,1:69955889,1,69955889,2.712889e-09,SORBI_3001G419200,0.794758
trans-EKODE-(E)-Ib,CTL,individual,1:69955808,1,69955808,2.712889e-09,SORBI_3001G419200,0.794719
trans-EKODE-(E)-Ib,CTL,individual,1:69955853,1,69955853,2.712889e-09,SORBI_3001G419200,0.794719
trans-EKODE-(E)-Ib,CTL,individual,1:69955889,1,69955889,2.712889e-09,SORBI_3001G419200,0.794719
trans-EKODE-(E)-Ib,CTL,individual,1:69955808,1,69955808,2.712889e-09,SORBI_3001G419200,0.794639
trans-EKODE-(E)-Ib,CTL,individual,1:69955853,1,69955853,2.712889e-09,SORBI_3001G419200,0.794639
trans-EKODE-(E)-Ib,CTL,individual,1:69955889,1,69955889,2.712889e-09,SORBI_3001G419200,0.794639
trans-EKODE-(E)-Ib,CTL,individual,1:69955808,1,69955808,2.712889e-09,SORBI_3001G419200,0.788175
trans-EKODE-(E)-Ib,CTL,individual,1:69955853,1,69955853,2.712889e-09,SORBI_3001G419200,0.788175
trans-EKODE-(E)-Ib,CTL,individual,1:69955889,1,69955889,2.712889e-09,SORBI_3001G419200,0.788175
trans-EKODE-(E)-Ib,CTL,individual,1:69955808,1,69955808,2.712889e-09,SORBI_3001G419200,0.781865
trans-EKODE-(E)-Ib,CTL,individual,1:69955853,1,69955853,2.712889e-09,SORBI_3001G419200,0.781865
trans-EKODE-(E)-Ib,CTL,individual,1:69955889,1,69955889,2.712889e-09,SORBI_3001G419200,0.781865
trans-EKODE-(E)-Ib,CTL,individual,1:69955808,1,69955808,2.712889e-09,SORBI_3001G419200,0.781653
trans-EKODE-(E)-Ib,CTL,individual,1:69955853,1,69955853,2.712889e-09,SORBI_3001G419200,0.781653
trans-EKODE-(E)-Ib,CTL,individual,1:69955889,1,69955889,2.712889e-09,SORBI_3001G419200,0.781653
trans-EKODE-(E)-Ib,CTL,individual,1:69955808,1,69955808,2.712889e-09,SORBI_3001G419200,0.781609
trans-EKODE-(E)-Ib,CTL,individual,1:69955853,1,69955853,2.712889e-09,SORBI_3001G419200,0.781609
trans-EKODE-(E)-Ib,CTL,individual,1:69955889,1,69955889,2.712889e-09,SORBI_3001G419200,0.781609
trans-EKODE-(E)-Ib,CTL,individual,1:69955808,1,69955808,2.712889e-09,SORBI_3001G419300,0.775815
trans-EKODE-(E)-Ib,CTL,individual,1:69955853,1,69955853,2.712889e-09,SORBI_3001G419300,0.775815
trans-EKODE-(E)-Ib,CTL,individual,1:69955889,1,69955889,2.712889e-09,SORBI_3001G419300,0.775815
trans-EKODE-(E)-Ib,CTL,individual,1:69955808,1,69955808,2.712889e-09,SORBI_3001G419200,0.77504
trans-EKODE-(E)-Ib,CTL,individual,1:69955853,1,69955853,2.712889e-09,SORBI_3001G419200,0.77504
trans-EKODE-(E)-Ib,CTL,individual,1:69955889,1,69955889,2.712889e-09,SORBI_3001G419200,0.77504
trans-EKODE-(E)-Ib,CTL,individual,1:69955808,1,69955808,2.712889e-09,SORBI_3001G419200,0.768978
trans-EKODE-(E)-Ib,CTL,individual,1:69955853,1,69955853,2.712889e-09,SORBI_3001G419200,0.768978
trans-EKODE-(E)-Ib,CTL,individual,1:69955889,1,69955889,2.712889e-09,SORBI_3001G419200,0.768978
trans-EKODE-(E)-Ib,CTL,individual,1:69955808,1,69955808,2.712889e-09,SORBI_3001G419200,0.768929
trans-EKODE-(E)-Ib,CTL,individual,1:69955853,1,69955853,2.712889e-09,SORBI_3001G419200,0.768929
trans-EKODE-(E)-Ib,CTL,individual,1:69955889,1,69955889,2.712889e-09,SORBI_3001G419200,0.768929
trans-EKODE-(E)-Ib,CTL,individual,1:69955808,1,69955808,2.712889e-09,SORBI_3001G419200,0.762587
trans-EKODE-(E)-Ib,CTL,individual,1:69955853,1,69955853,2.712889e-09,SORBI_3001G419200,0.762587
trans-EKODE-(E)-Ib,CTL,individual,1:69955889,1,69955889,2.712889e-09,SORBI_3001G419200,0.762587
trans-EKODE-(E)-Ib,CTL,individual,1:69955808,1,69955808,2.712889e-09,SORBI_3001G419200,0.74259
trans-EKODE-(E)-Ib,CTL,individual,1:69955853,1,69955853,2.712889e-09,SORBI_3001G419200,0.74259
trans-EKODE-(E)-Ib,CTL,individual,1:69955889,1,69955889,2.712889e-09,SORBI_3001G419200,0.74259
trans-EKODE-(E)-Ib,CTL,individual,1:69955808,1,69955808,2.712889e-09,SORBI_3001G419300,0.713803
trans-EKODE-(E)-Ib,CTL,individual,1:69955853,1,69955853,2.712889e-09,SORBI_3001G419300,0.713803
trans-EKODE-(E)-Ib,CTL,individual,1:69955889,1,69955889,2.712889e-09,SORBI_3001G419300,0.713803
trans-EKODE-(E)-Ib,CTL,individual,1:69955808,1,69955808,2.712889e-09,SORBI_3001G419200,0.589215
trans-EKODE-(E)-Ib,CTL,individual,1:69955853,1,69955853,2.712889e-09,SORBI_3001G419200,0.589215
trans-EKODE-(E)-Ib,CTL,individual,1:69955889,1,69955889,2.712889e-09,SORBI_3001G419200,0.589215
trans-EKODE-(E)-Ib,CTL,individual,1:69955808,1,69955808,2.712889e-09,SORBI_3001G419200,0.577255
trans-EKODE-(E)-Ib,CTL,individual,1:69955853,1,69955853,2.712889e-09,SORBI_3001G419200,0.577255
trans-EKODE-(E)-Ib,CTL,individual,1:69955889,1,69955889,2.712889e-09,SORBI_3001G419200,0.577255
trans-EKODE-(E)-Ib,CTL,individual,1:69955808,1,69955808,2.712889e-09,SORBI_3001G419200,0.577171
trans-EKODE-(E)-Ib,CTL,individual,1:69955853,1,69955853,2.712889e-09,SORBI_3001G419200,0.577171
trans-EKODE-(E)-Ib,CTL,individual,1:69955889,1,69955889,2.712889e-09,SORBI_3001G419200,0.577171
trans-EKODE-(E)-Ib,CTL,individual,1:69955808,1,69955808,2.712889e-09,SORBI_3001G419600,0.437844
trans-EKODE-(E)-Ib,CTL,individual,1:69955853,1,69955853,2.712889e-09,SORBI_3001G419600,0.437844
trans-EKODE-(E)-Ib,CTL,individual,1:69955889,1,69955889,2.712889e-09,SORBI_3001G419600,0.437844
trans-EKODE-(E)-Ib,CTL,individual,1:69955808,1,69955808,2.712889e-09,SORBI_3001G419000,0.437717
trans-EKODE-(E)-Ib,CTL,individual,1:69955853,1,69955853,2.712889e-09,SORBI_3001G419000,0.437717
trans-EKODE-(E)-Ib,CTL,individual,1:69955889,1,69955889,2.712889e-09,SORBI_3001G419000,0.437717
trans-EKODE-(E)-Ib,CTL,individual,1:69955808,1,69955808,2.712889e-09,SORBI_3001G419000,0.437643
trans-EKODE-(E)-Ib,CTL,individual,1:69955853,1,69955853,2.712889e-09,SORBI_3001G419000,0.437643
trans-EKODE-(E)-Ib,CTL,individual,1:69955889,1,69955889,2.712889e-09,SORBI_3001G419000,0.437643
trans-EKODE-(E)-Ib,CTL,individual,1:69955808,1,69955808,2.712889e-09,SORBI_3001G419000,0.428788
trans-EKODE-(E)-Ib,CTL,individual,1:69955853,1,69955853,2.712889e-09,SORBI_3001G419000,0.428788
trans-EKODE-(E)-Ib,CTL,individual,1:69955889,1,69955889,2.712889e-09,SORBI_3001G419000,0.428788
trans-EKODE-(E)-Ib,CTL,individual,1:69955808,1,69955808,2.712889e-09,SORBI_3001G419000,0.425281
trans-EKODE-(E)-Ib,CTL,individual,1:69955853,1,69955853,2.712889e-09,SORBI_3001G419000,0.425281
trans-EKODE-(E)-Ib,CTL,individual,1:69955889,1,69955889,2.712889e-09,SORBI_3001G419000,0.425281
trans-EKODE-(E)-Ib,CTL,individual,1:69955808,1,69955808,2.712889e-09,SORBI_3001G419100,0.422302
trans-EKODE-(E)-Ib,CTL,individual,1:69955853,1,69955853,2.712889e-09,SORBI_3001G419100,0.422302
trans-EKODE-(E)-Ib,CTL,individual,1:69955889,1,69955889,2.712889e-09,SORBI_3001G419100,0.422302
trans-EKODE-(E)-Ib,CTL,individual,1:69955808,1,69955808,2.712889e-09,SORBI_3001G418800,0.416787
trans-EKODE-(E)-Ib,CTL,individual,1:69955853,1,69955853,2.712889e-09,SORBI_3001G418800,0.416787
trans-EKODE-(E)-Ib,CTL,individual,1:69955889,1,69955889,2.712889e-09,SORBI_3001G418800,0.416787
trans-EKODE-(E)-Ib,CTL,individual,1:69955808,1,69955808,2.712889e-09,SORBI_3001G418800,0.413162
trans-EKODE-(E)-Ib,CTL,individual,1:69955853,1,69955853,2.712889e-09,SORBI_3001G418800,0.413162
trans-EKODE-(E)-Ib,CTL,individual,1:69955889,1,69955889,2.712889e-09,SORBI_3001G418800,0.413162
trans-EKODE-(E)-Ib,CTL,individual,1:69955808,1,69955808,2.712889e-09,SORBI_3001G418650,0.407077
trans-EKODE-(E)-Ib,CTL,individual,1:69955853,1,69955853,2.712889e-09,SORBI_3001G418650,0.407077
trans-EKODE-(E)-Ib,CTL,individual,1:69955889,1,69955889,2.712889e-09,SORBI_3001G418650,0.407077
trans-EKODE-(E)-Ib,CTL,individual,1:69955808,1,69955808,2.712889e-09,SORBI_3001G418800,0.402566
trans-EKODE-(E)-Ib,CTL,individual,1:69955853,1,69955853,2.712889e-09,SORBI_3001G418800,0.402566
trans-EKODE-(E)-Ib,CTL,individual,1:69955889,1,69955889,2.712889e-09,SORBI_3001G418800,0.402566
trans-EKODE-(E)-Ib,CTL,individual,1:69955808,1,69955808,2.712889e-09,SORBI_3001G419200,0.40094
trans-EKODE-(E)-Ib,CTL,individual,1:69955853,1,69955853,2.712889e-09,SORBI_3001G419200,0.40094
trans-EKODE-(E)-Ib,CTL,individual,1:69955889,1,69955889,2.712889e-09,SORBI_3001G419200,0.40094
trans-EKODE-(E)-Ib,CTL,individual,10:34273144,10,34273144,2.899776e-09,SORBI_3010G141400,0.8295
trans-EKODE-(E)-Ib,CTL,individual,10:34273144,10,34273144,2.899776e-09,SORBI_3010G141400,0.678515
trans-EKODE-(E)-Ib,CTL,individual,10:34273144,10,34273144,2.899776e-09,SORBI_3010G141400,0.657331
trans-EKODE-(E)-Ib,CTL,individual,10:34273144,10,34273144,2.899776e-09,SORBI_3010G141400,0.649278
trans-EKODE-(E)-Ib,CTL,individual,10:34273144,10,34273144,2.899776e-09,SORBI_3010G141400,0.579468
trans-EKODE-(E)-Ib,CTL,individual,10:34273144,10,34273144,2.899776e-09,SORBI_3010G141400,0.578331
trans-EKODE-(E)-Ib,CTL,individual,10:34273144,10,34273144,2.899776e-09,SORBI_3010G141400,0.514944
trans-EKODE-(E)-Ib,CTL,individual,10:34273144,10,34273144,2.899776e-09,SORBI_3010G141400,0.504412
trans-EKODE-(E)-Ib,CTL,individual,10:34273144,10,34273144,2.899776e-09,SORBI_3010G141400,0.454525
trans-EKODE-(E)-Ib,CTL,individual,10:34273144,10,34273144,2.899776e-09,SORBI_3010G141400,0.429404
trans-EKODE-(E)-Ib,CTL,individual,1:69960424,1,69960424,3.798454e-09,SORBI_3001G418800,1
trans-EKODE-(E)-Ib,CTL,individual,1:69960424,1,69960424,3.798454e-09,SORBI_3001G418800,1
trans-EKODE-(E)-Ib,CTL,individual,1:69960507,1,69960507,3.798454e-09,SORBI_3001G418800,1
trans-EKODE-(E)-Ib,CTL,individual,1:69960507,1,69960507,3.798454e-09,SORBI_3001G418800,1
trans-EKODE-(E)-Ib,CTL,individual,1:69960931,1,69960931,3.798454e-09,SORBI_3001G418800,1
trans-EKODE-(E)-Ib,CTL,individual,1:69960931,1,69960931,3.798454e-09,SORBI_3001G418800,1
trans-EKODE-(E)-Ib,CTL,individual,1:69962459,1,69962459,3.798454e-09,SORBI_3001G418800,1
trans-EKODE-(E)-Ib,CTL,individual,1:69962459,1,69962459,3.798454e-09,SORBI_3001G418800,1
trans-EKODE-(E)-Ib,CTL,individual,1:69962460,1,69962460,3.798454e-09,SORBI_3001G418800,1
trans-EKODE-(E)-Ib,CTL,individual,1:69962460,1,69962460,3.798454e-09,SORBI_3001G418800,1
trans-EKODE-(E)-Ib,CTL,individual,1:69963817,1,69963817,3.798454e-09,SORBI_3001G418800,1
trans-EKODE-(E)-Ib,CTL,individual,1:69960424,1,69960424,3.798454e-09,SORBI_3001G418800,0.990621
trans-EKODE-(E)-Ib,CTL,individual,1:69960507,1,69960507,3.798454e-09,SORBI_3001G418800,0.990621
trans-EKODE-(E)-Ib,CTL,individual,1:69960931,1,69960931,3.798454e-09,SORBI_3001G418800,0.990621
trans-EKODE-(E)-Ib,CTL,individual,1:69962459,1,69962459,3.798454e-09,SORBI_3001G418800,0.990621
trans-EKODE-(E)-Ib,CTL,individual,1:69962460,1,69962460,3.798454e-09,SORBI_3001G418800,0.990621
trans-EKODE-(E)-Ib,CTL,individual,1:69963817,1,69963817,3.798454e-09,SORBI_3001G418800,0.990621
trans-EKODE-(E)-Ib,CTL,individual,1:69960424,1,69960424,3.798454e-09,SORBI_3001G418800,0.981433
trans-EKODE-(E)-Ib,CTL,individual,1:69960507,1,69960507,3.798454e-09,SORBI_3001G418800,0.981433
trans-EKODE-(E)-Ib,CTL,individual,1:69960931,1,69960931,3.798454e-09,SORBI_3001G418800,0.981433
trans-EKODE-(E)-Ib,CTL,individual,1:69962459,1,69962459,3.798454e-09,SORBI_3001G418800,0.981433
trans-EKODE-(E)-Ib,CTL,individual,1:69962460,1,69962460,3.798454e-09,SORBI_3001G418800,0.981433
trans-EKODE-(E)-Ib,CTL,individual,1:69963817,1,69963817,3.798454e-09,SORBI_3001G418800,0.981433
trans-EKODE-(E)-Ib,CTL,individual,1:69960424,1,69960424,3.798454e-09,SORBI_3001G418800,0.96222
trans-EKODE-(E)-Ib,CTL,individual,1:69960507,1,69960507,3.798454e-09,SORBI_3001G418800,0.96222
trans-EKODE-(E)-Ib,CTL,individual,1:69960931,1,69960931,3.798454e-09,SORBI_3001G418800,0.96222
trans-EKODE-(E)-Ib,CTL,individual,1:69962459,1,69962459,3.798454e-09,SORBI_3001G418800,0.96222
trans-EKODE-(E)-Ib,CTL,individual,1:69962460,1,69962460,3.798454e-09,SORBI_3001G418800,0.96222
trans-EKODE-(E)-Ib,CTL,individual,1:69963817,1,69963817,3.798454e-09,SORBI_3001G418800,0.96222
trans-EKODE-(E)-Ib,CTL,individual,1:69960424,1,69960424,3.798454e-09,SORBI_3001G418800,0.962137
trans-EKODE-(E)-Ib,CTL,individual,1:69960507,1,69960507,3.798454e-09,SORBI_3001G418800,0.962137
trans-EKODE-(E)-Ib,CTL,individual,1:69960931,1,69960931,3.798454e-09,SORBI_3001G418800,0.962137
trans-EKODE-(E)-Ib,CTL,individual,1:69962459,1,69962459,3.798454e-09,SORBI_3001G418800,0.962137
trans-EKODE-(E)-Ib,CTL,individual,1:69962460,1,69962460,3.798454e-09,SORBI_3001G418800,0.962137
trans-EKODE-(E)-Ib,CTL,individual,1:69963817,1,69963817,3.798454e-09,SORBI_3001G418800,0.962137
trans-EKODE-(E)-Ib,CTL,individual,1:69960424,1,69960424,3.798454e-09,SORBI_3001G418800,0.96205
trans-EKODE-(E)-Ib,CTL,individual,1:69960507,1,69960507,3.798454e-09,SORBI_3001G418800,0.96205
trans-EKODE-(E)-Ib,CTL,individual,1:69960931,1,69960931,3.798454e-09,SORBI_3001G418800,0.96205
trans-EKODE-(E)-Ib,CTL,individual,1:69962459,1,69962459,3.798454e-09,SORBI_3001G418800,0.96205
trans-EKODE-(E)-Ib,CTL,individual,1:69962460,1,69962460,3.798454e-09,SORBI_3001G418800,0.96205
trans-EKODE-(E)-Ib,CTL,individual,1:69963817,1,69963817,3.798454e-09,SORBI_3001G418800,0.96205
trans-EKODE-(E)-Ib,CTL,individual,1:69960424,1,69960424,3.798454e-09,SORBI_3001G418800,0.952893
trans-EKODE-(E)-Ib,CTL,individual,1:69960507,1,69960507,3.798454e-09,SORBI_3001G418800,0.952893
trans-EKODE-(E)-Ib,CTL,individual,1:69960931,1,69960931,3.798454e-09,SORBI_3001G418800,0.952893
trans-EKODE-(E)-Ib,CTL,individual,1:69962459,1,69962459,3.798454e-09,SORBI_3001G418800,0.952893
trans-EKODE-(E)-Ib,CTL,individual,1:69962460,1,69962460,3.798454e-09,SORBI_3001G418800,0.952893
trans-EKODE-(E)-Ib,CTL,individual,1:69963817,1,69963817,3.798454e-09,SORBI_3001G418800,0.952893
trans-EKODE-(E)-Ib,CTL,individual,1:69960424,1,69960424,3.798454e-09,SORBI_3001G418800,0.952848
trans-EKODE-(E)-Ib,CTL,individual,1:69960507,1,69960507,3.798454e-09,SORBI_3001G418800,0.952848
trans-EKODE-(E)-Ib,CTL,individual,1:69960931,1,69960931,3.798454e-09,SORBI_3001G418800,0.952848
trans-EKODE-(E)-Ib,CTL,individual,1:69962459,1,69962459,3.798454e-09,SORBI_3001G418800,0.952848
trans-EKODE-(E)-Ib,CTL,individual,1:69962460,1,69962460,3.798454e-09,SORBI_3001G418800,0.952848
trans-EKODE-(E)-Ib,CTL,individual,1:69963817,1,69963817,3.798454e-09,SORBI_3001G418800,0.952848
trans-EKODE-(E)-Ib,CTL,individual,1:69960424,1,69960424,3.798454e-09,SORBI_3001G419300,0.951721
trans-EKODE-(E)-Ib,CTL,individual,1:69960507,1,69960507,3.798454e-09,SORBI_3001G419300,0.951721
trans-EKODE-(E)-Ib,CTL,individual,1:69960931,1,69960931,3.798454e-09,SORBI_3001G419300,0.951721
trans-EKODE-(E)-Ib,CTL,individual,1:69962459,1,69962459,3.798454e-09,SORBI_3001G419300,0.951721
trans-EKODE-(E)-Ib,CTL,individual,1:69962460,1,69962460,3.798454e-09,SORBI_3001G419300,0.951721
trans-EKODE-(E)-Ib,CTL,individual,1:69963817,1,69963817,3.798454e-09,SORBI_3001G419300,0.951721
trans-EKODE-(E)-Ib,CTL,individual,1:69960424,1,69960424,3.798454e-09,SORBI_3001G419200,0.943655
trans-EKODE-(E)-Ib,CTL,individual,1:69960507,1,69960507,3.798454e-09,SORBI_3001G419200,0.943655
trans-EKODE-(E)-Ib,CTL,individual,1:69960931,1,69960931,3.798454e-09,SORBI_3001G419200,0.943655
trans-EKODE-(E)-Ib,CTL,individual,1:69962459,1,69962459,3.798454e-09,SORBI_3001G419200,0.943655
trans-EKODE-(E)-Ib,CTL,individual,1:69962460,1,69962460,3.798454e-09,SORBI_3001G419200,0.943655
trans-EKODE-(E)-Ib,CTL,individual,1:69963817,1,69963817,3.798454e-09,SORBI_3001G419200,0.943655
trans-EKODE-(E)-Ib,CTL,individual,1:69960424,1,69960424,3.798454e-09,SORBI_3001G419300,0.926038
trans-EKODE-(E)-Ib,CTL,individual,1:69960507,1,69960507,3.798454e-09,SORBI_3001G419300,0.926038
trans-EKODE-(E)-Ib,CTL,individual,1:69960931,1,69960931,3.798454e-09,SORBI_3001G419300,0.926038
trans-EKODE-(E)-Ib,CTL,individual,1:69962459,1,69962459,3.798454e-09,SORBI_3001G419300,0.926038
trans-EKODE-(E)-Ib,CTL,individual,1:69962460,1,69962460,3.798454e-09,SORBI_3001G419300,0.926038
trans-EKODE-(E)-Ib,CTL,individual,1:69963817,1,69963817,3.798454e-09,SORBI_3001G419300,0.926038
trans-EKODE-(E)-Ib,CTL,individual,1:69960424,1,69960424,3.798454e-09,SORBI_3001G419200,0.85255
trans-EKODE-(E)-Ib,CTL,individual,1:69960507,1,69960507,3.798454e-09,SORBI_3001G419200,0.85255
trans-EKODE-(E)-Ib,CTL,individual,1:69960931,1,69960931,3.798454e-09,SORBI_3001G419200,0.85255
trans-EKODE-(E)-Ib,CTL,individual,1:69962459,1,69962459,3.798454e-09,SORBI_3001G419200,0.85255
trans-EKODE-(E)-Ib,CTL,individual,1:69962460,1,69962460,3.798454e-09,SORBI_3001G419200,0.85255
trans-EKODE-(E)-Ib,CTL,individual,1:69963817,1,69963817,3.798454e-09,SORBI_3001G419200,0.85255
trans-EKODE-(E)-Ib,CTL,individual,1:69960424,1,69960424,3.798454e-09,SORBI_3001G419200,0.831748
trans-EKODE-(E)-Ib,CTL,individual,1:69960507,1,69960507,3.798454e-09,SORBI_3001G419200,0.831748
trans-EKODE-(E)-Ib,CTL,individual,1:69960931,1,69960931,3.798454e-09,SORBI_3001G419200,0.831748
trans-EKODE-(E)-Ib,CTL,individual,1:69962459,1,69962459,3.798454e-09,SORBI_3001G419200,0.831748
trans-EKODE-(E)-Ib,CTL,individual,1:69962460,1,69962460,3.798454e-09,SORBI_3001G419200,0.831748
trans-EKODE-(E)-Ib,CTL,individual,1:69963817,1,69963817,3.798454e-09,SORBI_3001G419200,0.831748
trans-EKODE-(E)-Ib,CTL,individual,1:69960424,1,69960424,3.798454e-09,SORBI_3001G419200,0.824932
trans-EKODE-(E)-Ib,CTL,individual,1:69960507,1,69960507,3.798454e-09,SORBI_3001G419200,0.824932
trans-EKODE-(E)-Ib,CTL,individual,1:69960931,1,69960931,3.798454e-09,SORBI_3001G419200,0.824932
trans-EKODE-(E)-Ib,CTL,individual,1:69962459,1,69962459,3.798454e-09,SORBI_3001G419200,0.824932
trans-EKODE-(E)-Ib,CTL,individual,1:69962460,1,69962460,3.798454e-09,SORBI_3001G419200,0.824932
trans-EKODE-(E)-Ib,CTL,individual,1:69963817,1,69963817,3.798454e-09,SORBI_3001G419200,0.824932
trans-EKODE-(E)-Ib,CTL,individual,1:69960424,1,69960424,3.798454e-09,SORBI_3001G419200,0.808186
trans-EKODE-(E)-Ib,CTL,individual,1:69960507,1,69960507,3.798454e-09,SORBI_3001G419200,0.808186
trans-EKODE-(E)-Ib,CTL,individual,1:69960931,1,69960931,3.798454e-09,SORBI_3001G419200,0.808186
trans-EKODE-(E)-Ib,CTL,individual,1:69962459,1,69962459,3.798454e-09,SORBI_3001G419200,0.808186
trans-EKODE-(E)-Ib,CTL,individual,1:69962460,1,69962460,3.798454e-09,SORBI_3001G419200,0.808186
trans-EKODE-(E)-Ib,CTL,individual,1:69963817,1,69963817,3.798454e-09,SORBI_3001G419200,0.808186
trans-EKODE-(E)-Ib,CTL,individual,1:69960424,1,69960424,3.798454e-09,SORBI_3001G419200,0.794864
trans-EKODE-(E)-Ib,CTL,individual,1:69960507,1,69960507,3.798454e-09,SORBI_3001G419200,0.794864
trans-EKODE-(E)-Ib,CTL,individual,1:69960931,1,69960931,3.798454e-09,SORBI_3001G419200,0.794864
trans-EKODE-(E)-Ib,CTL,individual,1:69962459,1,69962459,3.798454e-09,SORBI_3001G419200,0.794864
trans-EKODE-(E)-Ib,CTL,individual,1:69962460,1,69962460,3.798454e-09,SORBI_3001G419200,0.794864
trans-EKODE-(E)-Ib,CTL,individual,1:69963817,1,69963817,3.798454e-09,SORBI_3001G419200,0.794864
trans-EKODE-(E)-Ib,CTL,individual,1:69960424,1,69960424,3.798454e-09,SORBI_3001G419200,0.794821
trans-EKODE-(E)-Ib,CTL,individual,1:69960507,1,69960507,3.798454e-09,SORBI_3001G419200,0.794821
trans-EKODE-(E)-Ib,CTL,individual,1:69960931,1,69960931,3.798454e-09,SORBI_3001G419200,0.794821
trans-EKODE-(E)-Ib,CTL,individual,1:69962459,1,69962459,3.798454e-09,SORBI_3001G419200,0.794821
trans-EKODE-(E)-Ib,CTL,individual,1:69962460,1,69962460,3.798454e-09,SORBI_3001G419200,0.794821
trans-EKODE-(E)-Ib,CTL,individual,1:69963817,1,69963817,3.798454e-09,SORBI_3001G419200,0.794821
trans-EKODE-(E)-Ib,CTL,individual,1:69960424,1,69960424,3.798454e-09,SORBI_3001G419200,0.794736
trans-EKODE-(E)-Ib,CTL,individual,1:69960507,1,69960507,3.798454e-09,SORBI_3001G419200,0.794736
trans-EKODE-(E)-Ib,CTL,individual,1:69960931,1,69960931,3.798454e-09,SORBI_3001G419200,0.794736
trans-EKODE-(E)-Ib,CTL,individual,1:69962459,1,69962459,3.798454e-09,SORBI_3001G419200,0.794736
trans-EKODE-(E)-Ib,CTL,individual,1:69962460,1,69962460,3.798454e-09,SORBI_3001G419200,0.794736
trans-EKODE-(E)-Ib,CTL,individual,1:69963817,1,69963817,3.798454e-09,SORBI_3001G419200,0.794736
trans-EKODE-(E)-Ib,CTL,individual,1:69960424,1,69960424,3.798454e-09,SORBI_3001G419200,0.783149
trans-EKODE-(E)-Ib,CTL,individual,1:69960507,1,69960507,3.798454e-09,SORBI_3001G419200,0.783149
trans-EKODE-(E)-Ib,CTL,individual,1:69960931,1,69960931,3.798454e-09,SORBI_3001G419200,0.783149
trans-EKODE-(E)-Ib,CTL,individual,1:69962459,1,69962459,3.798454e-09,SORBI_3001G419200,0.783149
trans-EKODE-(E)-Ib,CTL,individual,1:69962460,1,69962460,3.798454e-09,SORBI_3001G419200,0.783149
trans-EKODE-(E)-Ib,CTL,individual,1:69963817,1,69963817,3.798454e-09,SORBI_3001G419200,0.783149
trans-EKODE-(E)-Ib,CTL,individual,1:69960424,1,69960424,3.798454e-09,SORBI_3001G419200,0.782923
trans-EKODE-(E)-Ib,CTL,individual,1:69960507,1,69960507,3.798454e-09,SORBI_3001G419200,0.782923
trans-EKODE-(E)-Ib,CTL,individual,1:69960931,1,69960931,3.798454e-09,SORBI_3001G419200,0.782923
trans-EKODE-(E)-Ib,CTL,individual,1:69962459,1,69962459,3.798454e-09,SORBI_3001G419200,0.782923
trans-EKODE-(E)-Ib,CTL,individual,1:69962460,1,69962460,3.798454e-09,SORBI_3001G419200,0.782923
trans-EKODE-(E)-Ib,CTL,individual,1:69963817,1,69963817,3.798454e-09,SORBI_3001G419200,0.782923
trans-EKODE-(E)-Ib,CTL,individual,1:69960424,1,69960424,3.798454e-09,SORBI_3001G419200,0.782877
trans-EKODE-(E)-Ib,CTL,individual,1:69960507,1,69960507,3.798454e-09,SORBI_3001G419200,0.782877
trans-EKODE-(E)-Ib,CTL,individual,1:69960931,1,69960931,3.798454e-09,SORBI_3001G419200,0.782877
trans-EKODE-(E)-Ib,CTL,individual,1:69962459,1,69962459,3.798454e-09,SORBI_3001G419200,0.782877
trans-EKODE-(E)-Ib,CTL,individual,1:69962460,1,69962460,3.798454e-09,SORBI_3001G419200,0.782877
trans-EKODE-(E)-Ib,CTL,individual,1:69963817,1,69963817,3.798454e-09,SORBI_3001G419200,0.782877
trans-EKODE-(E)-Ib,CTL,individual,1:69960424,1,69960424,3.798454e-09,SORBI_3001G419300,0.77839
trans-EKODE-(E)-Ib,CTL,individual,1:69960507,1,69960507,3.798454e-09,SORBI_3001G419300,0.77839
trans-EKODE-(E)-Ib,CTL,individual,1:69960931,1,69960931,3.798454e-09,SORBI_3001G419300,0.77839
trans-EKODE-(E)-Ib,CTL,individual,1:69962459,1,69962459,3.798454e-09,SORBI_3001G419300,0.77839
trans-EKODE-(E)-Ib,CTL,individual,1:69962460,1,69962460,3.798454e-09,SORBI_3001G419300,0.77839
trans-EKODE-(E)-Ib,CTL,individual,1:69963817,1,69963817,3.798454e-09,SORBI_3001G419300,0.77839
trans-EKODE-(E)-Ib,CTL,individual,1:69960424,1,69960424,3.798454e-09,SORBI_3001G419200,0.776216
trans-EKODE-(E)-Ib,CTL,individual,1:69960507,1,69960507,3.798454e-09,SORBI_3001G419200,0.776216
trans-EKODE-(E)-Ib,CTL,individual,1:69960931,1,69960931,3.798454e-09,SORBI_3001G419200,0.776216
trans-EKODE-(E)-Ib,CTL,individual,1:69962459,1,69962459,3.798454e-09,SORBI_3001G419200,0.776216
trans-EKODE-(E)-Ib,CTL,individual,1:69962460,1,69962460,3.798454e-09,SORBI_3001G419200,0.776216
trans-EKODE-(E)-Ib,CTL,individual,1:69963817,1,69963817,3.798454e-09,SORBI_3001G419200,0.776216
trans-EKODE-(E)-Ib,CTL,individual,1:69960424,1,69960424,3.798454e-09,SORBI_3001G419300,0.774485
trans-EKODE-(E)-Ib,CTL,individual,1:69960507,1,69960507,3.798454e-09,SORBI_3001G419300,0.774485
trans-EKODE-(E)-Ib,CTL,individual,1:69960931,1,69960931,3.798454e-09,SORBI_3001G419300,0.774485
trans-EKODE-(E)-Ib,CTL,individual,1:69962459,1,69962459,3.798454e-09,SORBI_3001G419300,0.774485
trans-EKODE-(E)-Ib,CTL,individual,1:69962460,1,69962460,3.798454e-09,SORBI_3001G419300,0.774485
trans-EKODE-(E)-Ib,CTL,individual,1:69963817,1,69963817,3.798454e-09,SORBI_3001G419300,0.774485
trans-EKODE-(E)-Ib,CTL,individual,1:69960424,1,69960424,3.798454e-09,SORBI_3001G419200,0.771446
trans-EKODE-(E)-Ib,CTL,individual,1:69960507,1,69960507,3.798454e-09,SORBI_3001G419200,0.771446
trans-EKODE-(E)-Ib,CTL,individual,1:69960931,1,69960931,3.798454e-09,SORBI_3001G419200,0.771446
trans-EKODE-(E)-Ib,CTL,individual,1:69962459,1,69962459,3.798454e-09,SORBI_3001G419200,0.771446
trans-EKODE-(E)-Ib,CTL,individual,1:69962460,1,69962460,3.798454e-09,SORBI_3001G419200,0.771446
trans-EKODE-(E)-Ib,CTL,individual,1:69963817,1,69963817,3.798454e-09,SORBI_3001G419200,0.771446
trans-EKODE-(E)-Ib,CTL,individual,1:69960424,1,69960424,3.798454e-09,SORBI_3001G419200,0.639385
trans-EKODE-(E)-Ib,CTL,individual,1:69960507,1,69960507,3.798454e-09,SORBI_3001G419200,0.639385
trans-EKODE-(E)-Ib,CTL,individual,1:69960931,1,69960931,3.798454e-09,SORBI_3001G419200,0.639385
trans-EKODE-(E)-Ib,CTL,individual,1:69962459,1,69962459,3.798454e-09,SORBI_3001G419200,0.639385
trans-EKODE-(E)-Ib,CTL,individual,1:69962460,1,69962460,3.798454e-09,SORBI_3001G419200,0.639385
trans-EKODE-(E)-Ib,CTL,individual,1:69963817,1,69963817,3.798454e-09,SORBI_3001G419200,0.639385
trans-EKODE-(E)-Ib,CTL,individual,1:69960424,1,69960424,3.798454e-09,SORBI_3001G419200,0.626423
trans-EKODE-(E)-Ib,CTL,individual,1:69960507,1,69960507,3.798454e-09,SORBI_3001G419200,0.626423
trans-EKODE-(E)-Ib,CTL,individual,1:69960931,1,69960931,3.798454e-09,SORBI_3001G419200,0.626423
trans-EKODE-(E)-Ib,CTL,individual,1:69962459,1,69962459,3.798454e-09,SORBI_3001G419200,0.626423
trans-EKODE-(E)-Ib,CTL,individual,1:69962460,1,69962460,3.798454e-09,SORBI_3001G419200,0.626423
trans-EKODE-(E)-Ib,CTL,individual,1:69963817,1,69963817,3.798454e-09,SORBI_3001G419200,0.626423
trans-EKODE-(E)-Ib,CTL,individual,1:69960424,1,69960424,3.798454e-09,SORBI_3001G419200,0.626343
trans-EKODE-(E)-Ib,CTL,individual,1:69960507,1,69960507,3.798454e-09,SORBI_3001G419200,0.626343
trans-EKODE-(E)-Ib,CTL,individual,1:69960931,1,69960931,3.798454e-09,SORBI_3001G419200,0.626343
trans-EKODE-(E)-Ib,CTL,individual,1:69962459,1,69962459,3.798454e-09,SORBI_3001G419200,0.626343
trans-EKODE-(E)-Ib,CTL,individual,1:69962460,1,69962460,3.798454e-09,SORBI_3001G419200,0.626343
trans-EKODE-(E)-Ib,CTL,individual,1:69963817,1,69963817,3.798454e-09,SORBI_3001G419200,0.626343
trans-EKODE-(E)-Ib,CTL,individual,1:69960424,1,69960424,3.798454e-09,SORBI_3001G419000,0.526724
trans-EKODE-(E)-Ib,CTL,individual,1:69960507,1,69960507,3.798454e-09,SORBI_3001G419000,0.526724
trans-EKODE-(E)-Ib,CTL,individual,1:69960931,1,69960931,3.798454e-09,SORBI_3001G419000,0.526724
trans-EKODE-(E)-Ib,CTL,individual,1:69962459,1,69962459,3.798454e-09,SORBI_3001G419000,0.526724
trans-EKODE-(E)-Ib,CTL,individual,1:69962460,1,69962460,3.798454e-09,SORBI_3001G419000,0.526724
trans-EKODE-(E)-Ib,CTL,individual,1:69963817,1,69963817,3.798454e-09,SORBI_3001G419000,0.526724
trans-EKODE-(E)-Ib,CTL,individual,1:69960424,1,69960424,3.798454e-09,SORBI_3001G419000,0.526658
trans-EKODE-(E)-Ib,CTL,individual,1:69960507,1,69960507,3.798454e-09,SORBI_3001G419000,0.526658
trans-EKODE-(E)-Ib,CTL,individual,1:69960931,1,69960931,3.798454e-09,SORBI_3001G419000,0.526658
trans-EKODE-(E)-Ib,CTL,individual,1:69962459,1,69962459,3.798454e-09,SORBI_3001G419000,0.526658
trans-EKODE-(E)-Ib,CTL,individual,1:69962460,1,69962460,3.798454e-09,SORBI_3001G419000,0.526658
trans-EKODE-(E)-Ib,CTL,individual,1:69963817,1,69963817,3.798454e-09,SORBI_3001G419000,0.526658
trans-EKODE-(E)-Ib,CTL,individual,1:69960424,1,69960424,3.798454e-09,SORBI_3001G419000,0.465308
trans-EKODE-(E)-Ib,CTL,individual,1:69960507,1,69960507,3.798454e-09,SORBI_3001G419000,0.465308
trans-EKODE-(E)-Ib,CTL,individual,1:69960931,1,69960931,3.798454e-09,SORBI_3001G419000,0.465308
trans-EKODE-(E)-Ib,CTL,individual,1:69962459,1,69962459,3.798454e-09,SORBI_3001G419000,0.465308
trans-EKODE-(E)-Ib,CTL,individual,1:69962460,1,69962460,3.798454e-09,SORBI_3001G419000,0.465308
trans-EKODE-(E)-Ib,CTL,individual,1:69963817,1,69963817,3.798454e-09,SORBI_3001G419000,0.465308
trans-EKODE-(E)-Ib,CTL,individual,1:69960424,1,69960424,3.798454e-09,SORBI_3001G419000,0.451814
trans-EKODE-(E)-Ib,CTL,individual,1:69960507,1,69960507,3.798454e-09,SORBI_3001G419000,0.451814
trans-EKODE-(E)-Ib,CTL,individual,1:69960931,1,69960931,3.798454e-09,SORBI_3001G419000,0.451814
trans-EKODE-(E)-Ib,CTL,individual,1:69962459,1,69962459,3.798454e-09,SORBI_3001G419000,0.451814
trans-EKODE-(E)-Ib,CTL,individual,1:69962460,1,69962460,3.798454e-09,SORBI_3001G419000,0.451814
trans-EKODE-(E)-Ib,CTL,individual,1:69963817,1,69963817,3.798454e-09,SORBI_3001G419000,0.451814
trans-EKODE-(E)-Ib,CTL,individual,1:69960424,1,69960424,3.798454e-09,SORBI_3001G418800,0.450869
trans-EKODE-(E)-Ib,CTL,individual,1:69960507,1,69960507,3.798454e-09,SORBI_3001G418800,0.450869
trans-EKODE-(E)-Ib,CTL,individual,1:69960931,1,69960931,3.798454e-09,SORBI_3001G418800,0.450869
trans-EKODE-(E)-Ib,CTL,individual,1:69962459,1,69962459,3.798454e-09,SORBI_3001G418800,0.450869
trans-EKODE-(E)-Ib,CTL,individual,1:69962460,1,69962460,3.798454e-09,SORBI_3001G418800,0.450869
trans-EKODE-(E)-Ib,CTL,individual,1:69963817,1,69963817,3.798454e-09,SORBI_3001G418800,0.450869
trans-EKODE-(E)-Ib,CTL,individual,1:69960424,1,69960424,3.798454e-09,SORBI_3001G418800,0.448364
trans-EKODE-(E)-Ib,CTL,individual,1:69960507,1,69960507,3.798454e-09,SORBI_3001G418800,0.448364
trans-EKODE-(E)-Ib,CTL,individual,1:69960931,1,69960931,3.798454e-09,SORBI_3001G418800,0.448364
trans-EKODE-(E)-Ib,CTL,individual,1:69962459,1,69962459,3.798454e-09,SORBI_3001G418800,0.448364
trans-EKODE-(E)-Ib,CTL,individual,1:69962460,1,69962460,3.798454e-09,SORBI_3001G418800,0.448364
trans-EKODE-(E)-Ib,CTL,individual,1:69963817,1,69963817,3.798454e-09,SORBI_3001G418800,0.448364
trans-EKODE-(E)-Ib,CTL,individual,1:69960424,1,69960424,3.798454e-09,SORBI_3001G419300,0.447607
trans-EKODE-(E)-Ib,CTL,individual,1:69960507,1,69960507,3.798454e-09,SORBI_3001G419300,0.447607
trans-EKODE-(E)-Ib,CTL,individual,1:69960931,1,69960931,3.798454e-09,SORBI_3001G419300,0.447607
trans-EKODE-(E)-Ib,CTL,individual,1:69962459,1,69962459,3.798454e-09,SORBI_3001G419300,0.447607
trans-EKODE-(E)-Ib,CTL,individual,1:69962460,1,69962460,3.798454e-09,SORBI_3001G419300,0.447607
trans-EKODE-(E)-Ib,CTL,individual,1:69963817,1,69963817,3.798454e-09,SORBI_3001G419300,0.447607
trans-EKODE-(E)-Ib,CTL,individual,1:69960424,1,69960424,3.798454e-09,SORBI_3001G419300,0.447444
trans-EKODE-(E)-Ib,CTL,individual,1:69960507,1,69960507,3.798454e-09,SORBI_3001G419300,0.447444
trans-EKODE-(E)-Ib,CTL,individual,1:69960931,1,69960931,3.798454e-09,SORBI_3001G419300,0.447444
trans-EKODE-(E)-Ib,CTL,individual,1:69962459,1,69962459,3.798454e-09,SORBI_3001G419300,0.447444
trans-EKODE-(E)-Ib,CTL,individual,1:69962460,1,69962460,3.798454e-09,SORBI_3001G419300,0.447444
trans-EKODE-(E)-Ib,CTL,individual,1:69963817,1,69963817,3.798454e-09,SORBI_3001G419300,0.447444
trans-EKODE-(E)-Ib,CTL,individual,1:69960424,1,69960424,3.798454e-09,SORBI_3001G419300,0.447279
trans-EKODE-(E)-Ib,CTL,individual,1:69960507,1,69960507,3.798454e-09,SORBI_3001G419300,0.447279
trans-EKODE-(E)-Ib,CTL,individual,1:69960931,1,69960931,3.798454e-09,SORBI_3001G419300,0.447279
trans-EKODE-(E)-Ib,CTL,individual,1:69962459,1,69962459,3.798454e-09,SORBI_3001G419300,0.447279
trans-EKODE-(E)-Ib,CTL,individual,1:69962460,1,69962460,3.798454e-09,SORBI_3001G419300,0.447279
trans-EKODE-(E)-Ib,CTL,individual,1:69963817,1,69963817,3.798454e-09,SORBI_3001G419300,0.447279
trans-EKODE-(E)-Ib,CTL,individual,1:69960424,1,69960424,3.798454e-09,SORBI_3001G419100,0.443535
trans-EKODE-(E)-Ib,CTL,individual,1:69960507,1,69960507,3.798454e-09,SORBI_3001G419100,0.443535
trans-EKODE-(E)-Ib,CTL,individual,1:69960931,1,69960931,3.798454e-09,SORBI_3001G419100,0.443535
trans-EKODE-(E)-Ib,CTL,individual,1:69962459,1,69962459,3.798454e-09,SORBI_3001G419100,0.443535
trans-EKODE-(E)-Ib,CTL,individual,1:69962460,1,69962460,3.798454e-09,SORBI_3001G419100,0.443535
trans-EKODE-(E)-Ib,CTL,individual,1:69963817,1,69963817,3.798454e-09,SORBI_3001G419100,0.443535
trans-EKODE-(E)-Ib,CTL,individual,1:69960424,1,69960424,3.798454e-09,SORBI_3001G419000,0.437887
trans-EKODE-(E)-Ib,CTL,individual,1:69960507,1,69960507,3.798454e-09,SORBI_3001G419000,0.437887
trans-EKODE-(E)-Ib,CTL,individual,1:69960931,1,69960931,3.798454e-09,SORBI_3001G419000,0.437887
trans-EKODE-(E)-Ib,CTL,individual,1:69962459,1,69962459,3.798454e-09,SORBI_3001G419000,0.437887
trans-EKODE-(E)-Ib,CTL,individual,1:69962460,1,69962460,3.798454e-09,SORBI_3001G419000,0.437887
trans-EKODE-(E)-Ib,CTL,individual,1:69963817,1,69963817,3.798454e-09,SORBI_3001G419000,0.437887
trans-EKODE-(E)-Ib,CTL,individual,1:69960424,1,69960424,3.798454e-09,SORBI_3001G418800,0.436878
trans-EKODE-(E)-Ib,CTL,individual,1:69960507,1,69960507,3.798454e-09,SORBI_3001G418800,0.436878
trans-EKODE-(E)-Ib,CTL,individual,1:69960931,1,69960931,3.798454e-09,SORBI_3001G418800,0.436878
trans-EKODE-(E)-Ib,CTL,individual,1:69962459,1,69962459,3.798454e-09,SORBI_3001G418800,0.436878
trans-EKODE-(E)-Ib,CTL,individual,1:69962460,1,69962460,3.798454e-09,SORBI_3001G418800,0.436878
trans-EKODE-(E)-Ib,CTL,individual,1:69963817,1,69963817,3.798454e-09,SORBI_3001G418800,0.436878
trans-EKODE-(E)-Ib,CTL,individual,1:69960424,1,69960424,3.798454e-09,SORBI_3001G419200,0.433829
trans-EKODE-(E)-Ib,CTL,individual,1:69960507,1,69960507,3.798454e-09,SORBI_3001G419200,0.433829
trans-EKODE-(E)-Ib,CTL,individual,1:69960931,1,69960931,3.798454e-09,SORBI_3001G419200,0.433829
trans-EKODE-(E)-Ib,CTL,individual,1:69962459,1,69962459,3.798454e-09,SORBI_3001G419200,0.433829
trans-EKODE-(E)-Ib,CTL,individual,1:69962460,1,69962460,3.798454e-09,SORBI_3001G419200,0.433829
trans-EKODE-(E)-Ib,CTL,individual,1:69963817,1,69963817,3.798454e-09,SORBI_3001G419200,0.433829
trans-EKODE-(E)-Ib,CTL,individual,1:69960424,1,69960424,3.798454e-09,SORBI_3001G419600,0.429764
trans-EKODE-(E)-Ib,CTL,individual,1:69960507,1,69960507,3.798454e-09,SORBI_3001G419600,0.429764
trans-EKODE-(E)-Ib,CTL,individual,1:69960931,1,69960931,3.798454e-09,SORBI_3001G419600,0.429764
trans-EKODE-(E)-Ib,CTL,individual,1:69962459,1,69962459,3.798454e-09,SORBI_3001G419600,0.429764
trans-EKODE-(E)-Ib,CTL,individual,1:69962460,1,69962460,3.798454e-09,SORBI_3001G419600,0.429764
trans-EKODE-(E)-Ib,CTL,individual,1:69963817,1,69963817,3.798454e-09,SORBI_3001G419600,0.429764
trans-EKODE-(E)-Ib,CTL,individual,1:69960424,1,69960424,3.798454e-09,SORBI_3001G419200,0.424344
trans-EKODE-(E)-Ib,CTL,individual,1:69960507,1,69960507,3.798454e-09,SORBI_3001G419200,0.424344
trans-EKODE-(E)-Ib,CTL,individual,1:69960931,1,69960931,3.798454e-09,SORBI_3001G419200,0.424344
trans-EKODE-(E)-Ib,CTL,individual,1:69962459,1,69962459,3.798454e-09,SORBI_3001G419200,0.424344
trans-EKODE-(E)-Ib,CTL,individual,1:69962460,1,69962460,3.798454e-09,SORBI_3001G419200,0.424344
trans-EKODE-(E)-Ib,CTL,individual,1:69963817,1,69963817,3.798454e-09,SORBI_3001G419200,0.424344
trans-EKODE-(E)-Ib,CTL,individual,1:69960424,1,69960424,3.798454e-09,SORBI_3001G419000,0.419127
trans-EKODE-(E)-Ib,CTL,individual,1:69960507,1,69960507,3.798454e-09,SORBI_3001G419000,0.419127
trans-EKODE-(E)-Ib,CTL,individual,1:69960931,1,69960931,3.798454e-09,SORBI_3001G419000,0.419127
trans-EKODE-(E)-Ib,CTL,individual,1:69962459,1,69962459,3.798454e-09,SORBI_3001G419000,0.419127
trans-EKODE-(E)-Ib,CTL,individual,1:69962460,1,69962460,3.798454e-09,SORBI_3001G419000,0.419127
trans-EKODE-(E)-Ib,CTL,individual,1:69963817,1,69963817,3.798454e-09,SORBI_3001G419000,0.419127
trans-EKODE-(E)-Ib,CTL,individual,1:69960424,1,69960424,3.798454e-09,SORBI_3001G419000,0.419003
trans-EKODE-(E)-Ib,CTL,individual,1:69960507,1,69960507,3.798454e-09,SORBI_3001G419000,0.419003
trans-EKODE-(E)-Ib,CTL,individual,1:69960931,1,69960931,3.798454e-09,SORBI_3001G419000,0.419003
trans-EKODE-(E)-Ib,CTL,individual,1:69962459,1,69962459,3.798454e-09,SORBI_3001G419000,0.419003
trans-EKODE-(E)-Ib,CTL,individual,1:69962460,1,69962460,3.798454e-09,SORBI_3001G419000,0.419003
trans-EKODE-(E)-Ib,CTL,individual,1:69963817,1,69963817,3.798454e-09,SORBI_3001G419000,0.419003
trans-EKODE-(E)-Ib,CTL,individual,1:69960424,1,69960424,3.798454e-09,SORBI_3001G419000,0.417012
trans-EKODE-(E)-Ib,CTL,individual,1:69960507,1,69960507,3.798454e-09,SORBI_3001G419000,0.417012
trans-EKODE-(E)-Ib,CTL,individual,1:69960931,1,69960931,3.798454e-09,SORBI_3001G419000,0.417012
trans-EKODE-(E)-Ib,CTL,individual,1:69962459,1,69962459,3.798454e-09,SORBI_3001G419000,0.417012
trans-EKODE-(E)-Ib,CTL,individual,1:69962460,1,69962460,3.798454e-09,SORBI_3001G419000,0.417012
trans-EKODE-(E)-Ib,CTL,individual,1:69963817,1,69963817,3.798454e-09,SORBI_3001G419000,0.417012
trans-EKODE-(E)-Ib,CTL,individual,1:69960424,1,69960424,3.798454e-09,SORBI_3001G419000,0.416506
trans-EKODE-(E)-Ib,CTL,individual,1:69960507,1,69960507,3.798454e-09,SORBI_3001G419000,0.416506
trans-EKODE-(E)-Ib,CTL,individual,1:69960931,1,69960931,3.798454e-09,SORBI_3001G419000,0.416506
trans-EKODE-(E)-Ib,CTL,individual,1:69962459,1,69962459,3.798454e-09,SORBI_3001G419000,0.416506
trans-EKODE-(E)-Ib,CTL,individual,1:69962460,1,69962460,3.798454e-09,SORBI_3001G419000,0.416506
trans-EKODE-(E)-Ib,CTL,individual,1:69963817,1,69963817,3.798454e-09,SORBI_3001G419000,0.416506
trans-EKODE-(E)-Ib,CTL,individual,1:69960424,1,69960424,3.798454e-09,SORBI_3001G419300,0.413738
trans-EKODE-(E)-Ib,CTL,individual,1:69960507,1,69960507,3.798454e-09,SORBI_3001G419300,0.413738
trans-EKODE-(E)-Ib,CTL,individual,1:69960931,1,69960931,3.798454e-09,SORBI_3001G419300,0.413738
trans-EKODE-(E)-Ib,CTL,individual,1:69962459,1,69962459,3.798454e-09,SORBI_3001G419300,0.413738
trans-EKODE-(E)-Ib,CTL,individual,1:69962460,1,69962460,3.798454e-09,SORBI_3001G419300,0.413738
trans-EKODE-(E)-Ib,CTL,individual,1:69963817,1,69963817,3.798454e-09,SORBI_3001G419300,0.413738
trans-EKODE-(E)-Ib,CTL,individual,1:69960424,1,69960424,3.798454e-09,SORBI_3001G419000,0.411866
trans-EKODE-(E)-Ib,CTL,individual,1:69960507,1,69960507,3.798454e-09,SORBI_3001G419000,0.411866
trans-EKODE-(E)-Ib,CTL,individual,1:69960931,1,69960931,3.798454e-09,SORBI_3001G419000,0.411866
trans-EKODE-(E)-Ib,CTL,individual,1:69962459,1,69962459,3.798454e-09,SORBI_3001G419000,0.411866
trans-EKODE-(E)-Ib,CTL,individual,1:69962460,1,69962460,3.798454e-09,SORBI_3001G419000,0.411866
trans-EKODE-(E)-Ib,CTL,individual,1:69963817,1,69963817,3.798454e-09,SORBI_3001G419000,0.411866
trans-EKODE-(E)-Ib,CTL,individual,1:69960424,1,69960424,3.798454e-09,SORBI_3001G419200,0.408031
trans-EKODE-(E)-Ib,CTL,individual,1:69960507,1,69960507,3.798454e-09,SORBI_3001G419200,0.408031
trans-EKODE-(E)-Ib,CTL,individual,1:69960931,1,69960931,3.798454e-09,SORBI_3001G419200,0.408031
trans-EKODE-(E)-Ib,CTL,individual,1:69962459,1,69962459,3.798454e-09,SORBI_3001G419200,0.408031
trans-EKODE-(E)-Ib,CTL,individual,1:69962460,1,69962460,3.798454e-09,SORBI_3001G419200,0.408031
trans-EKODE-(E)-Ib,CTL,individual,1:69963817,1,69963817,3.798454e-09,SORBI_3001G419200,0.408031
trans-EKODE-(E)-Ib,CTL,individual,1:69960424,1,69960424,3.798454e-09,SORBI_3001G418650,0.407077
trans-EKODE-(E)-Ib,CTL,individual,1:69960507,1,69960507,3.798454e-09,SORBI_3001G418650,0.407077
trans-EKODE-(E)-Ib,CTL,individual,1:69960931,1,69960931,3.798454e-09,SORBI_3001G418650,0.407077
trans-EKODE-(E)-Ib,CTL,individual,1:69962459,1,69962459,3.798454e-09,SORBI_3001G418650,0.407077
trans-EKODE-(E)-Ib,CTL,individual,1:69962460,1,69962460,3.798454e-09,SORBI_3001G418650,0.407077
trans-EKODE-(E)-Ib,CTL,individual,1:69963817,1,69963817,3.798454e-09,SORBI_3001G418650,0.407077
trans-EKODE-(E)-Ib,CTL,individual,1:69960424,1,69960424,3.798454e-09,SORBI_3001G419000,0.405212
trans-EKODE-(E)-Ib,CTL,individual,1:69960507,1,69960507,3.798454e-09,SORBI_3001G419000,0.405212
trans-EKODE-(E)-Ib,CTL,individual,1:69960931,1,69960931,3.798454e-09,SORBI_3001G419000,0.405212
trans-EKODE-(E)-Ib,CTL,individual,1:69962459,1,69962459,3.798454e-09,SORBI_3001G419000,0.405212
trans-EKODE-(E)-Ib,CTL,individual,1:69962460,1,69962460,3.798454e-09,SORBI_3001G419000,0.405212
trans-EKODE-(E)-Ib,CTL,individual,1:69963817,1,69963817,3.798454e-09,SORBI_3001G419000,0.405212
trans-EKODE-(E)-Ib,CTL,individual,1:69960424,1,69960424,3.798454e-09,SORBI_3001G419000,0.402188
trans-EKODE-(E)-Ib,CTL,individual,1:69960507,1,69960507,3.798454e-09,SORBI_3001G419000,0.402188
trans-EKODE-(E)-Ib,CTL,individual,1:69960931,1,69960931,3.798454e-09,SORBI_3001G419000,0.402188
trans-EKODE-(E)-Ib,CTL,individual,1:69962459,1,69962459,3.798454e-09,SORBI_3001G419000,0.402188
trans-EKODE-(E)-Ib,CTL,individual,1:69962460,1,69962460,3.798454e-09,SORBI_3001G419000,0.402188
trans-EKODE-(E)-Ib,CTL,individual,1:69963817,1,69963817,3.798454e-09,SORBI_3001G419000,0.402188
trans-EKODE-(E)-Ib,CTL,individual,1:70002406,1,70002406,3.890947e-09,SORBI_3001G419300,1
trans-EKODE-(E)-Ib,CTL,individual,1:70002406,1,70002406,3.890947e-09,SORBI_3001G419300,1
trans-EKODE-(E)-Ib,CTL,individual,1:70002406,1,70002406,3.890947e-09,SORBI_3001G418800,0.980701
trans-EKODE-(E)-Ib,CTL,individual,1:70002406,1,70002406,3.890947e-09,SORBI_3001G419200,0.975248
trans-EKODE-(E)-Ib,CTL,individual,1:70002406,1,70002406,3.890947e-09,SORBI_3001G419200,0.975242
trans-EKODE-(E)-Ib,CTL,individual,1:70002406,1,70002406,3.890947e-09,SORBI_3001G419200,0.975236
trans-EKODE-(E)-Ib,CTL,individual,1:70002406,1,70002406,3.890947e-09,SORBI_3001G419200,0.96585
trans-EKODE-(E)-Ib,CTL,individual,1:70002406,1,70002406,3.890947e-09,SORBI_3001G419200,0.965826
trans-EKODE-(E)-Ib,CTL,individual,1:70002406,1,70002406,3.890947e-09,SORBI_3001G419200,0.965817
trans-EKODE-(E)-Ib,CTL,individual,1:70002406,1,70002406,3.890947e-09,SORBI_3001G419200,0.957627
trans-EKODE-(E)-Ib,CTL,individual,1:70002406,1,70002406,3.890947e-09,SORBI_3001G419200,0.956578
trans-EKODE-(E)-Ib,CTL,individual,1:70002406,1,70002406,3.890947e-09,SORBI_3001G419200,0.943602
trans-EKODE-(E)-Ib,CTL,individual,1:70002406,1,70002406,3.890947e-09,SORBI_3001G419200,0.935965
trans-EKODE-(E)-Ib,CTL,individual,1:70002406,1,70002406,3.890947e-09,SORBI_3001G419200,0.93377
trans-EKODE-(E)-Ib,CTL,individual,1:70002406,1,70002406,3.890947e-09,SORBI_3001G419300,0.931948
trans-EKODE-(E)-Ib,CTL,individual,1:70002406,1,70002406,3.890947e-09,SORBI_3001G419200,0.923987
trans-EKODE-(E)-Ib,CTL,individual,1:70002406,1,70002406,3.890947e-09,SORBI_3001G419300,0.897879
trans-EKODE-(E)-Ib,CTL,individual,1:70002406,1,70002406,3.890947e-09,SORBI_3001G418800,0.839187
trans-EKODE-(E)-Ib,CTL,individual,1:70002406,1,70002406,3.890947e-09,SORBI_3001G418800,0.817789
trans-EKODE-(E)-Ib,CTL,individual,1:70002406,1,70002406,3.890947e-09,SORBI_3001G418800,0.809938
trans-EKODE-(E)-Ib,CTL,individual,1:70002406,1,70002406,3.890947e-09,SORBI_3001G419300,0.809469
trans-EKODE-(E)-Ib,CTL,individual,1:70002406,1,70002406,3.890947e-09,SORBI_3001G418800,0.801613
trans-EKODE-(E)-Ib,CTL,individual,1:70002406,1,70002406,3.890947e-09,SORBI_3001G418800,0.80084
trans-EKODE-(E)-Ib,CTL,individual,1:70002406,1,70002406,3.890947e-09,SORBI_3001G418800,0.800639
trans-EKODE-(E)-Ib,CTL,individual,1:70002406,1,70002406,3.890947e-09,SORBI_3001G419200,0.791722
trans-EKODE-(E)-Ib,CTL,individual,1:70002406,1,70002406,3.890947e-09,SORBI_3001G418800,0.785115
trans-EKODE-(E)-Ib,CTL,individual,1:70002406,1,70002406,3.890947e-09,SORBI_3001G418800,0.77839
trans-EKODE-(E)-Ib,CTL,individual,1:70002406,1,70002406,3.890947e-09,SORBI_3001G418800,0.768787
trans-EKODE-(E)-Ib,CTL,individual,1:70002406,1,70002406,3.890947e-09,SORBI_3001G418800,0.759297
trans-EKODE-(E)-Ib,CTL,individual,1:70002406,1,70002406,3.890947e-09,SORBI_3001G419200,0.728261
trans-EKODE-(E)-Ib,CTL,individual,1:70002406,1,70002406,3.890947e-09,SORBI_3001G419200,0.713523
trans-EKODE-(E)-Ib,CTL,individual,1:70002406,1,70002406,3.890947e-09,SORBI_3001G419200,0.713452
trans-EKODE-(E)-Ib,CTL,individual,1:70002406,1,70002406,3.890947e-09,SORBI_3001G419300,0.674574
trans-EKODE-(E)-Ib,CTL,individual,1:70002406,1,70002406,3.890947e-09,SORBI_3001G419200,0.665524
trans-EKODE-(E)-Ib,CTL,individual,1:70002406,1,70002406,3.890947e-09,SORBI_3001G419100,0.645259
trans-EKODE-(E)-Ib,CTL,individual,1:70002406,1,70002406,3.890947e-09,SORBI_3001G419000,0.642074
trans-EKODE-(E)-Ib,CTL,individual,1:70002406,1,70002406,3.890947e-09,SORBI_3001G419300,0.640995
trans-EKODE-(E)-Ib,CTL,individual,1:70002406,1,70002406,3.890947e-09,SORBI_3001G419300,0.640935
trans-EKODE-(E)-Ib,CTL,individual,1:70002406,1,70002406,3.890947e-09,SORBI_3001G419300,0.640875
trans-EKODE-(E)-Ib,CTL,individual,1:70002406,1,70002406,3.890947e-09,SORBI_3001G419000,0.620924
trans-EKODE-(E)-Ib,CTL,individual,1:70002406,1,70002406,3.890947e-09,SORBI_3001G419000,0.619534
trans-EKODE-(E)-Ib,CTL,individual,1:70002406,1,70002406,3.890947e-09,SORBI_3001G419000,0.5958
trans-EKODE-(E)-Ib,CTL,individual,1:70002406,1,70002406,3.890947e-09,SORBI_3001G419000,0.590533
trans-EKODE-(E)-Ib,CTL,individual,1:70002406,1,70002406,3.890947e-09,SORBI_3001G419000,0.588708
trans-EKODE-(E)-Ib,CTL,individual,1:70002406,1,70002406,3.890947e-09,SORBI_3001G419000,0.585083
trans-EKODE-(E)-Ib,CTL,individual,1:70002406,1,70002406,3.890947e-09,SORBI_3001G419000,0.581222
trans-EKODE-(E)-Ib,CTL,individual,1:70002406,1,70002406,3.890947e-09,SORBI_3001G419000,0.57232
trans-EKODE-(E)-Ib,CTL,individual,1:70002406,1,70002406,3.890947e-09,SORBI_3001G419000,0.572211
trans-EKODE-(E)-Ib,CTL,individual,1:70002406,1,70002406,3.890947e-09,SORBI_3001G418800,0.510511
trans-EKODE-(E)-Ib,CTL,individual,1:70002406,1,70002406,3.890947e-09,SORBI_3001G420300,0.505929
trans-EKODE-(E)-Ib,CTL,individual,1:70002406,1,70002406,3.890947e-09,SORBI_3001G418800,0.496607
trans-EKODE-(E)-Ib,CTL,individual,1:70002406,1,70002406,3.890947e-09,SORBI_3001G419200,0.492268
trans-EKODE-(E)-Ib,CTL,individual,1:70002406,1,70002406,3.890947e-09,SORBI_3001G419400,0.485312
trans-EKODE-(E)-Ib,CTL,individual,1:70002406,1,70002406,3.890947e-09,SORBI_3001G419200,0.483457
trans-EKODE-(E)-Ib,CTL,individual,1:70002406,1,70002406,3.890947e-09,SORBI_3001G419400,0.476244
trans-EKODE-(E)-Ib,CTL,individual,1:70002406,1,70002406,3.890947e-09,SORBI_3001G419400,0.467025
trans-EKODE-(E)-Ib,CTL,individual,1:70002406,1,70002406,3.890947e-09,SORBI_3001G419200,0.463775
trans-EKODE-(E)-Ib,CTL,individual,1:70002406,1,70002406,3.890947e-09,SORBI_3001G419400,0.463689
trans-EKODE-(E)-Ib,CTL,individual,1:70002406,1,70002406,3.890947e-09,SORBI_3001G419400,0.455597
trans-EKODE-(E)-Ib,CTL,individual,1:70002406,1,70002406,3.890947e-09,SORBI_3001G419300,0.436795
trans-EKODE-(E)-Ib,CTL,individual,1:70002406,1,70002406,3.890947e-09,SORBI_3001G419400,0.431834
trans-EKODE-(E)-Ib,CTL,individual,1:70002406,1,70002406,3.890947e-09,SORBI_3001G419000,0.425611
trans-EKODE-(E)-Ib,CTL,individual,1:70002406,1,70002406,3.890947e-09,SORBI_3001G419000,0.420302
trans-EKODE-(E)-Ib,CTL,individual,1:70002406,1,70002406,3.890947e-09,SORBI_3001G419000,0.420219
trans-EKODE-(E)-Ib,CTL,individual,1:70002406,1,70002406,3.890947e-09,SORBI_3001G419300,0.419147
trans-EKODE-(E)-Ib,CTL,individual,1:70002406,1,70002406,3.890947e-09,SORBI_3001G418800,0.414736
trans-EKODE-(E)-Ib,CTL,individual,1:70002406,1,70002406,3.890947e-09,SORBI_3001G419300,0.411739
trans-EKODE-(E)-Ib,CTL,individual,1:70002406,1,70002406,3.890947e-09,SORBI_3001G419000,0.410077
trans-EKODE-(E)-Ib,CTL,individual,1:70002406,1,70002406,3.890947e-09,SORBI_3001G419200,0.410067
trans-EKODE-(E)-Ib,CTL,individual,1:70002406,1,70002406,3.890947e-09,SORBI_3001G419300,0.407356
trans-EKODE-(E)-Ib,CTL,individual,1:70002406,1,70002406,3.890947e-09,SORBI_3001G420350,0.40722
trans-EKODE-(E)-Ib,CTL,individual,1:70002406,1,70002406,3.890947e-09,SORBI_3001G419300,0.407046
trans-EKODE-(E)-Ib,CTL,individual,1:70002406,1,70002406,3.890947e-09,SORBI_3001G419300,0.406912
trans-EKODE-(E)-Ib,CTL,individual,1:70002406,1,70002406,3.890947e-09,SORBI_3001G419300,0.401623
trans-EKODE-(E)-Ib,CTL,individual,10:23516297,10,23516297,5.175023e-09,SORBI_3010G138900,0.882583
trans-EKODE-(E)-Ib,CTL,individual,10:23516297,10,23516297,5.175023e-09,SORBI_3010G139000,0.882583
trans-EKODE-(E)-Ib,CTL,individual,10:23516297,10,23516297,5.175023e-09,SORBI_3010G139000,0.878845
trans-EKODE-(E)-Ib,CTL,individual,10:23516297,10,23516297,5.175023e-09,SORBI_3010G138900,0.875206
trans-EKODE-(E)-Ib,CTL,individual,10:23516297,10,23516297,5.175023e-09,SORBI_3010G139000,0.875206
trans-EKODE-(E)-Ib,CTL,individual,10:23516297,10,23516297,5.175023e-09,SORBI_3010G139000,0.871672
trans-EKODE-(E)-Ib,CTL,individual,10:23516297,10,23516297,5.175023e-09,SORBI_3010G139000,0.869366
trans-EKODE-(E)-Ib,CTL,individual,10:23516297,10,23516297,5.175023e-09,SORBI_3010G139000,0.648459
trans-EKODE-(E)-Ib,CTL,individual,10:23516297,10,23516297,5.175023e-09,SORBI_3010G139000,0.645381
trans-EKODE-(E)-Ib,CTL,individual,10:23516297,10,23516297,5.175023e-09,SORBI_3010G139000,0.402579
trans-EKODE-(E)-Ib,CTL,individual,1:70002438,1,70002438,5.466145e-09,SORBI_3001G419300,1
trans-EKODE-(E)-Ib,CTL,individual,1:70002438,1,70002438,5.466145e-09,SORBI_3001G419300,1
trans-EKODE-(E)-Ib,CTL,individual,1:70002438,1,70002438,5.466145e-09,SORBI_3001G418800,0.970758
trans-EKODE-(E)-Ib,CTL,individual,1:70002438,1,70002438,5.466145e-09,SORBI_3001G418800,0.970729
trans-EKODE-(E)-Ib,CTL,individual,1:70002438,1,70002438,5.466145e-09,SORBI_3001G418800,0.962473
trans-EKODE-(E)-Ib,CTL,individual,1:70002438,1,70002438,5.466145e-09,SORBI_3001G418800,0.96239
trans-EKODE-(E)-Ib,CTL,individual,1:70002438,1,70002438,5.466145e-09,SORBI_3001G418800,0.962302
trans-EKODE-(E)-Ib,CTL,individual,1:70002438,1,70002438,5.466145e-09,SORBI_3001G418800,0.953122
trans-EKODE-(E)-Ib,CTL,individual,1:70002438,1,70002438,5.466145e-09,SORBI_3001G418800,0.950144
trans-EKODE-(E)-Ib,CTL,individual,1:70002438,1,70002438,5.466145e-09,SORBI_3001G419200,0.937917
trans-EKODE-(E)-Ib,CTL,individual,1:70002438,1,70002438,5.466145e-09,SORBI_3001G418800,0.93304
trans-EKODE-(E)-Ib,CTL,individual,1:70002438,1,70002438,5.466145e-09,SORBI_3001G419300,0.932968
trans-EKODE-(E)-Ib,CTL,individual,1:70002438,1,70002438,5.466145e-09,SORBI_3001G418800,0.926038
trans-EKODE-(E)-Ib,CTL,individual,1:70002438,1,70002438,5.466145e-09,SORBI_3001G418800,0.920417
trans-EKODE-(E)-Ib,CTL,individual,1:70002438,1,70002438,5.466145e-09,SORBI_3001G418800,0.913171
trans-EKODE-(E)-Ib,CTL,individual,1:70002438,1,70002438,5.466145e-09,SORBI_3001G419300,0.809469
trans-EKODE-(E)-Ib,CTL,individual,1:70002438,1,70002438,5.466145e-09,SORBI_3001G419200,0.802304
trans-EKODE-(E)-Ib,CTL,individual,1:70002438,1,70002438,5.466145e-09,SORBI_3001G419200,0.798958
trans-EKODE-(E)-Ib,CTL,individual,1:70002438,1,70002438,5.466145e-09,SORBI_3001G419200,0.798838
trans-EKODE-(E)-Ib,CTL,individual,1:70002438,1,70002438,5.466145e-09,SORBI_3001G419200,0.798798
trans-EKODE-(E)-Ib,CTL,individual,1:70002438,1,70002438,5.466145e-09,SORBI_3001G419200,0.795933
trans-EKODE-(E)-Ib,CTL,individual,1:70002438,1,70002438,5.466145e-09,SORBI_3001G419200,0.795893
trans-EKODE-(E)-Ib,CTL,individual,1:70002438,1,70002438,5.466145e-09,SORBI_3001G419200,0.795852
trans-EKODE-(E)-Ib,CTL,individual,1:70002438,1,70002438,5.466145e-09,SORBI_3001G419200,0.789333
trans-EKODE-(E)-Ib,CTL,individual,1:70002438,1,70002438,5.466145e-09,SORBI_3001G419200,0.77497
trans-EKODE-(E)-Ib,CTL,individual,1:70002438,1,70002438,5.466145e-09,SORBI_3001G419200,0.770087
trans-EKODE-(E)-Ib,CTL,individual,1:70002438,1,70002438,5.466145e-09,SORBI_3001G419200,0.763778
trans-EKODE-(E)-Ib,CTL,individual,1:70002438,1,70002438,5.466145e-09,SORBI_3001G419200,0.757983
trans-EKODE-(E)-Ib,CTL,individual,1:70002438,1,70002438,5.466145e-09,SORBI_3001G419300,0.729617
trans-EKODE-(E)-Ib,CTL,individual,1:70002438,1,70002438,5.466145e-09,SORBI_3001G419200,0.602442
trans-EKODE-(E)-Ib,CTL,individual,1:70002438,1,70002438,5.466145e-09,SORBI_3001G419200,0.59023
trans-EKODE-(E)-Ib,CTL,individual,1:70002438,1,70002438,5.466145e-09,SORBI_3001G419200,0.590147
trans-EKODE-(E)-Ib,CTL,individual,1:70002438,1,70002438,5.466145e-09,SORBI_3001G419000,0.517538
trans-EKODE-(E)-Ib,CTL,individual,1:70002438,1,70002438,5.466145e-09,SORBI_3001G419000,0.5151
trans-EKODE-(E)-Ib,CTL,individual,1:70002438,1,70002438,5.466145e-09,SORBI_3001G419000,0.510971
trans-EKODE-(E)-Ib,CTL,individual,1:70002438,1,70002438,5.466145e-09,SORBI_3001G419000,0.510693
trans-EKODE-(E)-Ib,CTL,individual,1:70002438,1,70002438,5.466145e-09,SORBI_3001G419000,0.510623
trans-EKODE-(E)-Ib,CTL,individual,1:70002438,1,70002438,5.466145e-09,SORBI_3001G418800,0.50498
trans-EKODE-(E)-Ib,CTL,individual,1:70002438,1,70002438,5.466145e-09,SORBI_3001G419100,0.496738
trans-EKODE-(E)-Ib,CTL,individual,1:70002438,1,70002438,5.466145e-09,SORBI_3001G419000,0.492535
trans-EKODE-(E)-Ib,CTL,individual,1:70002438,1,70002438,5.466145e-09,SORBI_3001G419000,0.486265
trans-EKODE-(E)-Ib,CTL,individual,1:70002438,1,70002438,5.466145e-09,SORBI_3001G419000,0.480016
trans-EKODE-(E)-Ib,CTL,individual,1:70002438,1,70002438,5.466145e-09,SORBI_3001G419000,0.466612
trans-EKODE-(E)-Ib,CTL,individual,1:70002438,1,70002438,5.466145e-09,SORBI_3001G419000,0.4665
trans-EKODE-(E)-Ib,CTL,individual,1:70002438,1,70002438,5.466145e-09,SORBI_3001G419000,0.466284
trans-EKODE-(E)-Ib,CTL,individual,1:70002438,1,70002438,5.466145e-09,SORBI_3001G419300,0.457639
trans-EKODE-(E)-Ib,CTL,individual,1:70002438,1,70002438,5.466145e-09,SORBI_3001G419000,0.455792
trans-EKODE-(E)-Ib,CTL,individual,1:70002438,1,70002438,5.466145e-09,SORBI_3001G418800,0.453596
trans-EKODE-(E)-Ib,CTL,individual,1:70002438,1,70002438,5.466145e-09,SORBI_3001G419200,0.45139
trans-EKODE-(E)-Ib,CTL,individual,1:70002438,1,70002438,5.466145e-09,SORBI_3001G419300,0.434527
trans-EKODE-(E)-Ib,CTL,individual,1:70002438,1,70002438,5.466145e-09,SORBI_3001G419300,0.434446
trans-EKODE-(E)-Ib,CTL,individual,1:70002438,1,70002438,5.466145e-09,SORBI_3001G419300,0.434364
trans-EKODE-(E)-Ib,CTL,individual,1:70002438,1,70002438,5.466145e-09,SORBI_3001G419600,0.430597
trans-EKODE-(E)-Ib,CTL,individual,1:70002438,1,70002438,5.466145e-09,SORBI_3001G418650,0.425403
trans-EKODE-(E)-Ib,CTL,individual,1:70002438,1,70002438,5.466145e-09,SORBI_3001G418650,0.417794
trans-EKODE-(E)-Ib,CTL,individual,1:70002438,1,70002438,5.466145e-09,SORBI_3001G418800,0.416419
trans-EKODE-(E)-Ib,CTL,individual,1:70002438,1,70002438,5.466145e-09,SORBI_3001G418800,0.411011
trans-EKODE-(E)-Ib,CTL,individual,1:70002438,1,70002438,5.466145e-09,SORBI_3001G419200,0.405255
trans-EKODE-(E)-Ib,CTL,individual,1:70002438,1,70002438,5.466145e-09,SORBI_3001G419200,0.401418
trans-EKODE-(E)-Ib,CTL,individual,1:70002438,1,70002438,5.466145e-09,SORBI_3001G419200,0.400059
trans-EKODE-(E)-Ib,CTL,individual,10:33755069,10,33755069,6.227959e-09,SORBI_3010G141001,0.779806
trans-EKODE-(E)-Ib,CTL,individual,10:33755069,10,33755069,6.227959e-09,SORBI_3010G141001,0.779338
trans-EKODE-(E)-Ib,CTL,individual,10:33755069,10,33755069,6.227959e-09,SORBI_3010G141001,0.778908
trans-EKODE-(E)-Ib,CTL,individual,10:33755069,10,33755069,6.227959e-09,SORBI_3010G141001,0.77785
trans-EKODE-(E)-Ib,CTL,individual,10:33755069,10,33755069,6.227959e-09,SORBI_3010G141001,0.77734
trans-EKODE-(E)-Ib,CTL,individual,10:33755069,10,33755069,6.227959e-09,SORBI_3010G141201,0.775875
trans-EKODE-(E)-Ib,CTL,individual,10:33755069,10,33755069,6.227959e-09,SORBI_3010G141001,0.762711
trans-EKODE-(E)-Ib,CTL,individual,10:33755069,10,33755069,6.227959e-09,SORBI_3010G141001,0.762429
trans-EKODE-(E)-Ib,CTL,individual,10:33755069,10,33755069,6.227959e-09,SORBI_3010G141001,0.754818
trans-EKODE-(E)-Ib,CTL,individual,10:33755069,10,33755069,6.227959e-09,SORBI_3010G141201,0.754511
trans-EKODE-(E)-Ib,CTL,individual,10:33755069,10,33755069,6.227959e-09,SORBI_3010G141001,0.751591
trans-EKODE-(E)-Ib,CTL,individual,10:33755069,10,33755069,6.227959e-09,SORBI_3010G141201,0.740297
trans-EKODE-(E)-Ib,CTL,individual,10:33755069,10,33755069,6.227959e-09,SORBI_3010G141201,0.718842
trans-EKODE-(E)-Ib,CTL,individual,10:33755069,10,33755069,6.227959e-09,SORBI_3010G141001,0.656131
trans-EKODE-(E)-Ib,CTL,individual,10:33755069,10,33755069,6.227959e-09,SORBI_3010G141001,0.635137
trans-EKODE-(E)-Ib,CTL,individual,10:33755069,10,33755069,6.227959e-09,SORBI_3010G141001,0.635033
trans-EKODE-(E)-Ib,CTL,individual,10:33755069,10,33755069,6.227959e-09,SORBI_3010G141001,0.613997
trans-EKODE-(E)-Ib,CTL,individual,10:33755069,10,33755069,6.227959e-09,SORBI_3010G141001,0.557011
trans-EKODE-(E)-Ib,CTL,individual,10:33755069,10,33755069,6.227959e-09,SORBI_3010G141001,0.53619
trans-EKODE-(E)-Ib,CTL,individual,10:33755069,10,33755069,6.227959e-09,SORBI_3010G141001,0.530254
trans-EKODE-(E)-Ib,CTL,individual,10:33755069,10,33755069,6.227959e-09,SORBI_3010G141001,0.483389
trans-EKODE-(E)-Ib,CTL,individual,10:33755069,10,33755069,6.227959e-09,SORBI_3010G141001,0.473304
trans-EKODE-(E)-Ib,CTL,individual,10:33755069,10,33755069,6.227959e-09,SORBI_3010G141001,0.455768
trans-EKODE-(E)-Ib,CTL,individual,4:57914557,4,57914557,8.007597e-09,SORBI_3004G228400,0.530354
