trait,condition,layer,SNP,chr,ps,p_wald,gene,r2
"13-Keto-9Z,11E-octadecadienoic acid",LIN,individual,1:68584837,1,68584837,1.319866e-13,SORBI_3001G400500,1
"13-Keto-9Z,11E-octadecadienoic acid",LIN,individual,1:68584837,1,68584837,1.319866e-13,SORBI_3001G400500,1
"13-Keto-9Z,11E-octadecadienoic acid",LIN,individual,3:7120849,3,7120849,3.974573e-12,SORBI_3003G083000,1
"13-Keto-9Z,11E-octadecadienoic acid",LIN,individual,3:7120849,3,7120849,3.974573e-12,SORBI_3003G083000,1
"13-Keto-9Z,11E-octadecadienoic acid",LIN,individual,4:4235654,4,4235654,5.21285e-12,SORBI_3004G052200,0.67279
"13-Keto-9Z,11E-octadecadienoic acid",LIN,individual,4:4249225,4,4249225,3.812909e-11,SORBI_3004G052300,0.78308
"13-Keto-9Z,11E-octadecadienoic acid",LIN,individual,4:4249225,4,4249225,3.812909e-11,SORBI_3004G052200,0.778557
"13-Keto-9Z,11E-octadecadienoic acid",LIN,individual,4:4249225,4,4249225,3.812909e-11,SORBI_3004G049900,0.688943
"13-Keto-9Z,11E-octadecadienoic acid",LIN,individual,10:4405495,10,4405495,2.124242e-10,SORBI_3010G057400,0.953284
"13-Keto-9Z,11E-octadecadienoic acid",LIN,individual,10:4405495,10,4405495,2.124242e-10,SORBI_3010G057400,0.944722
"13-Keto-9Z,11E-octadecadienoic acid",LIN,individual,10:4405495,10,4405495,2.124242e-10,SORBI_3010G056800,0.938414
"13-Keto-9Z,11E-octadecadienoic acid",LIN,individual,10:4405495,10,4405495,2.124242e-10,SORBI_3010G056900,0.938414
"13-Keto-9Z,11E-octadecadienoic acid",LIN,individual,10:4405495,10,4405495,2.124242e-10,SORBI_3010G056300,0.929359
"13-Keto-9Z,11E-octadecadienoic acid",LIN,individual,10:4405495,10,4405495,2.124242e-10,SORBI_3010G057000,0.929359
"13-Keto-9Z,11E-octadecadienoic acid",LIN,individual,10:4405495,10,4405495,2.124242e-10,SORBI_3010G056300,0.925006
"13-Keto-9Z,11E-octadecadienoic acid",LIN,individual,10:4405495,10,4405495,2.124242e-10,SORBI_3010G057000,0.925006
"13-Keto-9Z,11E-octadecadienoic acid",LIN,individual,10:4405495,10,4405495,2.124242e-10,SORBI_3010G056900,0.922827
"13-Keto-9Z,11E-octadecadienoic acid",LIN,individual,10:4405495,10,4405495,2.124242e-10,SORBI_3010G056300,0.920778
"13-Keto-9Z,11E-octadecadienoic acid",LIN,individual,10:4405495,10,4405495,2.124242e-10,SORBI_3010G057000,0.920778
"13-Keto-9Z,11E-octadecadienoic acid",LIN,individual,10:4405495,10,4405495,2.124242e-10,SORBI_3010G056900,0.905375
"13-Keto-9Z,11E-octadecadienoic acid",LIN,individual,10:4405495,10,4405495,2.124242e-10,SORBI_3010G056900,0.894417
"13-Keto-9Z,11E-octadecadienoic acid",LIN,individual,10:4405495,10,4405495,2.124242e-10,SORBI_3010G056900,0.891489
"13-Keto-9Z,11E-octadecadienoic acid",LIN,individual,10:4405495,10,4405495,2.124242e-10,SORBI_3010G056900,0.873473
"13-Keto-9Z,11E-octadecadienoic acid",LIN,individual,10:4405495,10,4405495,2.124242e-10,SORBI_3010G056500,0.867285
"13-Keto-9Z,11E-octadecadienoic acid",LIN,individual,10:4405495,10,4405495,2.124242e-10,SORBI_3010G056600,0.851858
"13-Keto-9Z,11E-octadecadienoic acid",LIN,individual,10:4405495,10,4405495,2.124242e-10,SORBI_3010G056200,0.838309
"13-Keto-9Z,11E-octadecadienoic acid",LIN,individual,10:4405495,10,4405495,2.124242e-10,SORBI_3010G056300,0.838309
"13-Keto-9Z,11E-octadecadienoic acid",LIN,individual,10:4405495,10,4405495,2.124242e-10,SORBI_3010G057200,0.838309
"13-Keto-9Z,11E-octadecadienoic acid",LIN,individual,10:4405495,10,4405495,2.124242e-10,SORBI_3010G056300,0.834022
"13-Keto-9Z,11E-octadecadienoic acid",LIN,individual,10:4405495,10,4405495,2.124242e-10,SORBI_3010G056200,0.833738
"13-Keto-9Z,11E-octadecadienoic acid",LIN,individual,10:4405495,10,4405495,2.124242e-10,SORBI_3010G056300,0.833738
"13-Keto-9Z,11E-octadecadienoic acid",LIN,individual,10:4405495,10,4405495,2.124242e-10,SORBI_3010G057100,0.833738
"13-Keto-9Z,11E-octadecadienoic acid",LIN,individual,10:4405495,10,4405495,2.124242e-10,SORBI_3010G057200,0.833738
"13-Keto-9Z,11E-octadecadienoic acid",LIN,individual,10:4405495,10,4405495,2.124242e-10,SORBI_3010G056200,0.831945
"13-Keto-9Z,11E-octadecadienoic acid",LIN,individual,10:4405495,10,4405495,2.124242e-10,SORBI_3010G056200,0.829283
"13-Keto-9Z,11E-octadecadienoic acid",LIN,individual,10:4405495,10,4405495,2.124242e-10,SORBI_3010G057200,0.829283
"13-Keto-9Z,11E-octadecadienoic acid",LIN,individual,10:4405495,10,4405495,2.124242e-10,SORBI_3010G056600,0.829044
"13-Keto-9Z,11E-octadecadienoic acid",LIN,individual,10:4405495,10,4405495,2.124242e-10,SORBI_3010G056500,0.824958
"13-Keto-9Z,11E-octadecadienoic acid",LIN,individual,10:4405495,10,4405495,2.124242e-10,SORBI_3010G056200,0.824952
"13-Keto-9Z,11E-octadecadienoic acid",LIN,individual,10:4405495,10,4405495,2.124242e-10,SORBI_3010G056300,0.824952
"13-Keto-9Z,11E-octadecadienoic acid",LIN,individual,10:4405495,10,4405495,2.124242e-10,SORBI_3010G057200,0.824952
"13-Keto-9Z,11E-octadecadienoic acid",LIN,individual,10:4405495,10,4405495,2.124242e-10,SORBI_3010G056600,0.824344
"13-Keto-9Z,11E-octadecadienoic acid",LIN,individual,10:4405495,10,4405495,2.124242e-10,SORBI_3010G057000,0.822867
"13-Keto-9Z,11E-octadecadienoic acid",LIN,individual,10:4405495,10,4405495,2.124242e-10,SORBI_3010G056200,0.822709
"13-Keto-9Z,11E-octadecadienoic acid",LIN,individual,10:4405495,10,4405495,2.124242e-10,SORBI_3010G057200,0.822709
"13-Keto-9Z,11E-octadecadienoic acid",LIN,individual,10:4405495,10,4405495,2.124242e-10,SORBI_3010G053700,0.821584
"13-Keto-9Z,11E-octadecadienoic acid",LIN,individual,10:4405495,10,4405495,2.124242e-10,SORBI_3010G057200,0.820753
"13-Keto-9Z,11E-octadecadienoic acid",LIN,individual,10:4405495,10,4405495,2.124242e-10,SORBI_3010G057200,0.818267
"13-Keto-9Z,11E-octadecadienoic acid",LIN,individual,10:4405495,10,4405495,2.124242e-10,SORBI_3010G057200,0.81395
"13-Keto-9Z,11E-octadecadienoic acid",LIN,individual,10:4405495,10,4405495,2.124242e-10,SORBI_3010G055200,0.804579
"13-Keto-9Z,11E-octadecadienoic acid",LIN,individual,10:4405495,10,4405495,2.124242e-10,SORBI_3010G055300,0.804579
"13-Keto-9Z,11E-octadecadienoic acid",LIN,individual,10:4405495,10,4405495,2.124242e-10,SORBI_3010G055400,0.804579
"13-Keto-9Z,11E-octadecadienoic acid",LIN,individual,10:4405495,10,4405495,2.124242e-10,SORBI_3010G055500,0.804579
"13-Keto-9Z,11E-octadecadienoic acid",LIN,individual,10:4405495,10,4405495,2.124242e-10,SORBI_3010G055600,0.804579
"13-Keto-9Z,11E-octadecadienoic acid",LIN,individual,10:4405495,10,4405495,2.124242e-10,SORBI_3010G055700,0.804579
"13-Keto-9Z,11E-octadecadienoic acid",LIN,individual,10:4405495,10,4405495,2.124242e-10,SORBI_3010G055800,0.804579
"13-Keto-9Z,11E-octadecadienoic acid",LIN,individual,10:4405495,10,4405495,2.124242e-10,SORBI_3010G055900,0.804579
"13-Keto-9Z,11E-octadecadienoic acid",LIN,individual,10:4405495,10,4405495,2.124242e-10,SORBI_3010G056000,0.804579
"13-Keto-9Z,11E-octadecadienoic acid",LIN,individual,10:4405495,10,4405495,2.124242e-10,SORBI_3010G056100,0.804579
"13-Keto-9Z,11E-octadecadienoic acid",LIN,individual,10:4405495,10,4405495,2.124242e-10,SORBI_3010G056600,0.804576
"13-Keto-9Z,11E-octadecadienoic acid",LIN,individual,10:4405495,10,4405495,2.124242e-10,SORBI_3010G056800,0.802889
"13-Keto-9Z,11E-octadecadienoic acid",LIN,individual,10:4405495,10,4405495,2.124242e-10,SORBI_3010G056200,0.801197
"13-Keto-9Z,11E-octadecadienoic acid",LIN,individual,10:4405495,10,4405495,2.124242e-10,SORBI_3010G055200,0.799886
"13-Keto-9Z,11E-octadecadienoic acid",LIN,individual,10:4405495,10,4405495,2.124242e-10,SORBI_3010G055300,0.799886
"13-Keto-9Z,11E-octadecadienoic acid",LIN,individual,10:4405495,10,4405495,2.124242e-10,SORBI_3010G055400,0.799886
"13-Keto-9Z,11E-octadecadienoic acid",LIN,individual,10:4405495,10,4405495,2.124242e-10,SORBI_3010G055500,0.799886
"13-Keto-9Z,11E-octadecadienoic acid",LIN,individual,10:4405495,10,4405495,2.124242e-10,SORBI_3010G055600,0.799886
"13-Keto-9Z,11E-octadecadienoic acid",LIN,individual,10:4405495,10,4405495,2.124242e-10,SORBI_3010G055700,0.799886
"13-Keto-9Z,11E-octadecadienoic acid",LIN,individual,10:4405495,10,4405495,2.124242e-10,SORBI_3010G055800,0.799886
"13-Keto-9Z,11E-octadecadienoic acid",LIN,individual,10:4405495,10,4405495,2.124242e-10,SORBI_3010G056000,0.799886
"13-Keto-9Z,11E-octadecadienoic acid",LIN,individual,10:4405495,10,4405495,2.124242e-10,SORBI_3010G056100,0.799886
"13-Keto-9Z,11E-octadecadienoic acid",LIN,individual,10:4405495,10,4405495,2.124242e-10,SORBI_3010G055200,0.798315
"13-Keto-9Z,11E-octadecadienoic acid",LIN,individual,10:4405495,10,4405495,2.124242e-10,SORBI_3010G055400,0.798315
"13-Keto-9Z,11E-octadecadienoic acid",LIN,individual,10:4405495,10,4405495,2.124242e-10,SORBI_3010G055500,0.798315
"13-Keto-9Z,11E-octadecadienoic acid",LIN,individual,10:4405495,10,4405495,2.124242e-10,SORBI_3010G055600,0.798315
"13-Keto-9Z,11E-octadecadienoic acid",LIN,individual,10:4405495,10,4405495,2.124242e-10,SORBI_3010G055700,0.798315
"13-Keto-9Z,11E-octadecadienoic acid",LIN,individual,10:4405495,10,4405495,2.124242e-10,SORBI_3010G055800,0.798315
"13-Keto-9Z,11E-octadecadienoic acid",LIN,individual,10:4405495,10,4405495,2.124242e-10,SORBI_3010G056000,0.798315
"13-Keto-9Z,11E-octadecadienoic acid",LIN,individual,10:4405495,10,4405495,2.124242e-10,SORBI_3010G056100,0.798315
"13-Keto-9Z,11E-octadecadienoic acid",LIN,individual,10:4405495,10,4405495,2.124242e-10,SORBI_3010G055200,0.795305
"13-Keto-9Z,11E-octadecadienoic acid",LIN,individual,10:4405495,10,4405495,2.124242e-10,SORBI_3010G055300,0.795305
"13-Keto-9Z,11E-octadecadienoic acid",LIN,individual,10:4405495,10,4405495,2.124242e-10,SORBI_3010G055400,0.795305
"13-Keto-9Z,11E-octadecadienoic acid",LIN,individual,10:4405495,10,4405495,2.124242e-10,SORBI_3010G055500,0.795305
"13-Keto-9Z,11E-octadecadienoic acid",LIN,individual,10:4405495,10,4405495,2.124242e-10,SORBI_3010G055600,0.795305
"13-Keto-9Z,11E-octadecadienoic acid",LIN,individual,10:4405495,10,4405495,2.124242e-10,SORBI_3010G055700,0.795305
"13-Keto-9Z,11E-octadecadienoic acid",LIN,individual,10:4405495,10,4405495,2.124242e-10,SORBI_3010G056000,0.795305
"13-Keto-9Z,11E-octadecadienoic acid",LIN,individual,10:4405495,10,4405495,2.124242e-10,SORBI_3010G056100,0.795305
"13-Keto-9Z,11E-octadecadienoic acid",LIN,individual,10:4405495,10,4405495,2.124242e-10,SORBI_3010G055300,0.795254
"13-Keto-9Z,11E-octadecadienoic acid",LIN,individual,10:4405495,10,4405495,2.124242e-10,SORBI_3010G055500,0.793523
"13-Keto-9Z,11E-octadecadienoic acid",LIN,individual,10:4405495,10,4405495,2.124242e-10,SORBI_3010G055600,0.793523
"13-Keto-9Z,11E-octadecadienoic acid",LIN,individual,10:4405495,10,4405495,2.124242e-10,SORBI_3010G055800,0.793523
"13-Keto-9Z,11E-octadecadienoic acid",LIN,individual,10:4405495,10,4405495,2.124242e-10,SORBI_3010G056100,0.793523
"13-Keto-9Z,11E-octadecadienoic acid",LIN,individual,10:4405495,10,4405495,2.124242e-10,SORBI_3010G055200,0.793419
"13-Keto-9Z,11E-octadecadienoic acid",LIN,individual,10:4405495,10,4405495,2.124242e-10,SORBI_3010G055300,0.793419
"13-Keto-9Z,11E-octadecadienoic acid",LIN,individual,10:4405495,10,4405495,2.124242e-10,SORBI_3010G055200,0.792762
"13-Keto-9Z,11E-octadecadienoic acid",LIN,individual,10:4405495,10,4405495,2.124242e-10,SORBI_3010G055300,0.792762
"13-Keto-9Z,11E-octadecadienoic acid",LIN,individual,10:4405495,10,4405495,2.124242e-10,SORBI_3010G055200,0.790841
"13-Keto-9Z,11E-octadecadienoic acid",LIN,individual,10:4405495,10,4405495,2.124242e-10,SORBI_3010G055300,0.790841
"13-Keto-9Z,11E-octadecadienoic acid",LIN,individual,10:4405495,10,4405495,2.124242e-10,SORBI_3010G055400,0.790841
"13-Keto-9Z,11E-octadecadienoic acid",LIN,individual,10:4405495,10,4405495,2.124242e-10,SORBI_3010G055500,0.790841
"13-Keto-9Z,11E-octadecadienoic acid",LIN,individual,10:4405495,10,4405495,2.124242e-10,SORBI_3010G055600,0.790841
"13-Keto-9Z,11E-octadecadienoic acid",LIN,individual,10:4405495,10,4405495,2.124242e-10,SORBI_3010G055700,0.790841
"13-Keto-9Z,11E-octadecadienoic acid",LIN,individual,10:4405495,10,4405495,2.124242e-10,SORBI_3010G055800,0.790841
"13-Keto-9Z,11E-octadecadienoic acid",LIN,individual,10:4405495,10,4405495,2.124242e-10,SORBI_3010G056000,0.790841
"13-Keto-9Z,11E-octadecadienoic acid",LIN,individual,10:4405495,10,4405495,2.124242e-10,SORBI_3010G056100,0.790841
"13-Keto-9Z,11E-octadecadienoic acid",LIN,individual,10:4405495,10,4405495,2.124242e-10,SORBI_3010G055200,0.788837
"13-Keto-9Z,11E-octadecadienoic acid",LIN,individual,10:4405495,10,4405495,2.124242e-10,SORBI_3010G055400,0.788837
"13-Keto-9Z,11E-octadecadienoic acid",LIN,individual,10:4405495,10,4405495,2.124242e-10,SORBI_3010G055200,0.788067
"13-Keto-9Z,11E-octadecadienoic acid",LIN,individual,10:4405495,10,4405495,2.124242e-10,SORBI_3010G055300,0.788067
"13-Keto-9Z,11E-octadecadienoic acid",LIN,individual,10:4405495,10,4405495,2.124242e-10,SORBI_3010G055200,0.787253
"13-Keto-9Z,11E-octadecadienoic acid",LIN,individual,10:4405495,10,4405495,2.124242e-10,SORBI_3010G055300,0.787253
"13-Keto-9Z,11E-octadecadienoic acid",LIN,individual,10:4405495,10,4405495,2.124242e-10,SORBI_3010G055700,0.787253
"13-Keto-9Z,11E-octadecadienoic acid",LIN,individual,10:4405495,10,4405495,2.124242e-10,SORBI_3010G055200,0.786501
"13-Keto-9Z,11E-octadecadienoic acid",LIN,individual,10:4405495,10,4405495,2.124242e-10,SORBI_3010G055600,0.786501
"13-Keto-9Z,11E-octadecadienoic acid",LIN,individual,10:4405495,10,4405495,2.124242e-10,SORBI_3010G056000,0.786501
"13-Keto-9Z,11E-octadecadienoic acid",LIN,individual,10:4405495,10,4405495,2.124242e-10,SORBI_3010G056100,0.786501
"13-Keto-9Z,11E-octadecadienoic acid",LIN,individual,10:4405495,10,4405495,2.124242e-10,SORBI_3010G055200,0.786125
"13-Keto-9Z,11E-octadecadienoic acid",LIN,individual,10:4405495,10,4405495,2.124242e-10,SORBI_3010G055300,0.786125
"13-Keto-9Z,11E-octadecadienoic acid",LIN,individual,10:4405495,10,4405495,2.124242e-10,SORBI_3010G056800,0.785889
"13-Keto-9Z,11E-octadecadienoic acid",LIN,individual,10:4405495,10,4405495,2.124242e-10,SORBI_3010G055700,0.784264
"13-Keto-9Z,11E-octadecadienoic acid",LIN,individual,10:4405495,10,4405495,2.124242e-10,SORBI_3010G055200,0.782467
"13-Keto-9Z,11E-octadecadienoic acid",LIN,individual,10:4405495,10,4405495,2.124242e-10,SORBI_3010G055300,0.782467
"13-Keto-9Z,11E-octadecadienoic acid",LIN,individual,10:4405495,10,4405495,2.124242e-10,SORBI_3010G055600,0.782294
"13-Keto-9Z,11E-octadecadienoic acid",LIN,individual,10:4405495,10,4405495,2.124242e-10,SORBI_3010G055200,0.780512
"13-Keto-9Z,11E-octadecadienoic acid",LIN,individual,10:4405495,10,4405495,2.124242e-10,SORBI_3010G055300,0.780512
"13-Keto-9Z,11E-octadecadienoic acid",LIN,individual,10:4405495,10,4405495,2.124242e-10,SORBI_3010G055200,0.779078
"13-Keto-9Z,11E-octadecadienoic acid",LIN,individual,10:4405495,10,4405495,2.124242e-10,SORBI_3010G055300,0.779078
"13-Keto-9Z,11E-octadecadienoic acid",LIN,individual,10:4405495,10,4405495,2.124242e-10,SORBI_3010G056000,0.772106
"13-Keto-9Z,11E-octadecadienoic acid",LIN,individual,10:4405495,10,4405495,2.124242e-10,SORBI_3010G056200,0.770593
"13-Keto-9Z,11E-octadecadienoic acid",LIN,individual,10:4405495,10,4405495,2.124242e-10,SORBI_3010G055600,0.768782
"13-Keto-9Z,11E-octadecadienoic acid",LIN,individual,10:4405495,10,4405495,2.124242e-10,SORBI_3010G057200,0.768325
"13-Keto-9Z,11E-octadecadienoic acid",LIN,individual,10:4405495,10,4405495,2.124242e-10,SORBI_3010G056500,0.767657
"13-Keto-9Z,11E-octadecadienoic acid",LIN,individual,10:4405495,10,4405495,2.124242e-10,SORBI_3010G055200,0.767469
"13-Keto-9Z,11E-octadecadienoic acid",LIN,individual,10:4405495,10,4405495,2.124242e-10,SORBI_3010G055300,0.767469
"13-Keto-9Z,11E-octadecadienoic acid",LIN,individual,10:4405495,10,4405495,2.124242e-10,SORBI_3010G056000,0.767469
"13-Keto-9Z,11E-octadecadienoic acid",LIN,individual,10:4405495,10,4405495,2.124242e-10,SORBI_3010G055500,0.766741
"13-Keto-9Z,11E-octadecadienoic acid",LIN,individual,10:4405495,10,4405495,2.124242e-10,SORBI_3010G056600,0.766349
"13-Keto-9Z,11E-octadecadienoic acid",LIN,individual,10:4405495,10,4405495,2.124242e-10,SORBI_3010G055500,0.76579
"13-Keto-9Z,11E-octadecadienoic acid",LIN,individual,10:4405495,10,4405495,2.124242e-10,SORBI_3010G055500,0.762948
"13-Keto-9Z,11E-octadecadienoic acid",LIN,individual,10:4405495,10,4405495,2.124242e-10,SORBI_3010G055200,0.761165
"13-Keto-9Z,11E-octadecadienoic acid",LIN,individual,10:4405495,10,4405495,2.124242e-10,SORBI_3010G055300,0.761165
"13-Keto-9Z,11E-octadecadienoic acid",LIN,individual,10:4405495,10,4405495,2.124242e-10,SORBI_3010G056000,0.761049
"13-Keto-9Z,11E-octadecadienoic acid",LIN,individual,10:4405495,10,4405495,2.124242e-10,SORBI_3010G056900,0.760463
"13-Keto-9Z,11E-octadecadienoic acid",LIN,individual,10:4405495,10,4405495,2.124242e-10,SORBI_3010G054400,0.757609
"13-Keto-9Z,11E-octadecadienoic acid",LIN,individual,10:4405495,10,4405495,2.124242e-10,SORBI_3010G055700,0.754284
"13-Keto-9Z,11E-octadecadienoic acid",LIN,individual,10:4405495,10,4405495,2.124242e-10,SORBI_3010G055300,0.752246
"13-Keto-9Z,11E-octadecadienoic acid",LIN,individual,10:4405495,10,4405495,2.124242e-10,SORBI_3010G055200,0.750811
"13-Keto-9Z,11E-octadecadienoic acid",LIN,individual,10:4405495,10,4405495,2.124242e-10,SORBI_3010G055300,0.750811
"13-Keto-9Z,11E-octadecadienoic acid",LIN,individual,10:4405495,10,4405495,2.124242e-10,SORBI_3010G055200,0.750158
"13-Keto-9Z,11E-octadecadienoic acid",LIN,individual,10:4405495,10,4405495,2.124242e-10,SORBI_3010G055300,0.750158
"13-Keto-9Z,11E-octadecadienoic acid",LIN,individual,10:4405495,10,4405495,2.124242e-10,SORBI_3010G056800,0.750154
"13-Keto-9Z,11E-octadecadienoic acid",LIN,individual,10:4405495,10,4405495,2.124242e-10,SORBI_3010G054000,0.750111
"13-Keto-9Z,11E-octadecadienoic acid",LIN,individual,10:4405495,10,4405495,2.124242e-10,SORBI_3010G056000,0.748084
"13-Keto-9Z,11E-octadecadienoic acid",LIN,individual,10:4405495,10,4405495,2.124242e-10,SORBI_3010G057200,0.747251
"13-Keto-9Z,11E-octadecadienoic acid",LIN,individual,10:4405495,10,4405495,2.124242e-10,SORBI_3010G055200,0.746822
"13-Keto-9Z,11E-octadecadienoic acid",LIN,individual,10:4405495,10,4405495,2.124242e-10,SORBI_3010G055300,0.746822
"13-Keto-9Z,11E-octadecadienoic acid",LIN,individual,10:4405495,10,4405495,2.124242e-10,SORBI_3010G055300,0.742102
"13-Keto-9Z,11E-octadecadienoic acid",LIN,individual,10:4405495,10,4405495,2.124242e-10,SORBI_3010G057200,0.741477
"13-Keto-9Z,11E-octadecadienoic acid",LIN,individual,10:4405495,10,4405495,2.124242e-10,SORBI_3010G055300,0.741475
"13-Keto-9Z,11E-octadecadienoic acid",LIN,individual,10:4405495,10,4405495,2.124242e-10,SORBI_3010G055200,0.736303
"13-Keto-9Z,11E-octadecadienoic acid",LIN,individual,10:4405495,10,4405495,2.124242e-10,SORBI_3010G055300,0.736303
"13-Keto-9Z,11E-octadecadienoic acid",LIN,individual,10:4405495,10,4405495,2.124242e-10,SORBI_3010G055600,0.736303
"13-Keto-9Z,11E-octadecadienoic acid",LIN,individual,10:4405495,10,4405495,2.124242e-10,SORBI_3010G055200,0.736209
"13-Keto-9Z,11E-octadecadienoic acid",LIN,individual,10:4405495,10,4405495,2.124242e-10,SORBI_3010G055300,0.736209
"13-Keto-9Z,11E-octadecadienoic acid",LIN,individual,10:4405495,10,4405495,2.124242e-10,SORBI_3010G055200,0.735749
"13-Keto-9Z,11E-octadecadienoic acid",LIN,individual,10:4405495,10,4405495,2.124242e-10,SORBI_3010G055300,0.735749
"13-Keto-9Z,11E-octadecadienoic acid",LIN,individual,10:4405495,10,4405495,2.124242e-10,SORBI_3010G055200,0.735609
"13-Keto-9Z,11E-octadecadienoic acid",LIN,individual,10:4405495,10,4405495,2.124242e-10,SORBI_3010G055300,0.735609
"13-Keto-9Z,11E-octadecadienoic acid",LIN,individual,10:4405495,10,4405495,2.124242e-10,SORBI_3010G053700,0.7344
"13-Keto-9Z,11E-octadecadienoic acid",LIN,individual,10:4405495,10,4405495,2.124242e-10,SORBI_3010G055700,0.732943
"13-Keto-9Z,11E-octadecadienoic acid",LIN,individual,10:4405495,10,4405495,2.124242e-10,SORBI_3010G055200,0.730929
"13-Keto-9Z,11E-octadecadienoic acid",LIN,individual,10:4405495,10,4405495,2.124242e-10,SORBI_3010G055300,0.730929
"13-Keto-9Z,11E-octadecadienoic acid",LIN,individual,10:4405495,10,4405495,2.124242e-10,SORBI_3010G057200,0.730422
"13-Keto-9Z,11E-octadecadienoic acid",LIN,individual,10:4405495,10,4405495,2.124242e-10,SORBI_3010G057200,0.730119
"13-Keto-9Z,11E-octadecadienoic acid",LIN,individual,10:4405495,10,4405495,2.124242e-10,SORBI_3010G055200,0.730105
"13-Keto-9Z,11E-octadecadienoic acid",LIN,individual,10:4405495,10,4405495,2.124242e-10,SORBI_3010G055300,0.730105
"13-Keto-9Z,11E-octadecadienoic acid",LIN,individual,10:4405495,10,4405495,2.124242e-10,SORBI_3010G055200,0.725245
"13-Keto-9Z,11E-octadecadienoic acid",LIN,individual,10:4405495,10,4405495,2.124242e-10,SORBI_3010G055300,0.725245
"13-Keto-9Z,11E-octadecadienoic acid",LIN,individual,10:4405495,10,4405495,2.124242e-10,SORBI_3010G055200,0.725144
"13-Keto-9Z,11E-octadecadienoic acid",LIN,individual,10:4405495,10,4405495,2.124242e-10,SORBI_3010G055300,0.725144
"13-Keto-9Z,11E-octadecadienoic acid",LIN,individual,10:4405495,10,4405495,2.124242e-10,SORBI_3010G055200,0.725134
"13-Keto-9Z,11E-octadecadienoic acid",LIN,individual,10:4405495,10,4405495,2.124242e-10,SORBI_3010G055300,0.725134
"13-Keto-9Z,11E-octadecadienoic acid",LIN,individual,10:4405495,10,4405495,2.124242e-10,SORBI_3010G057200,0.724706
"13-Keto-9Z,11E-octadecadienoic acid",LIN,individual,10:4405495,10,4405495,2.124242e-10,SORBI_3010G057200,0.724542
"13-Keto-9Z,11E-octadecadienoic acid",LIN,individual,10:4405495,10,4405495,2.124242e-10,SORBI_3010G057100,0.723842
"13-Keto-9Z,11E-octadecadienoic acid",LIN,individual,10:4405495,10,4405495,2.124242e-10,SORBI_3010G055200,0.719671
"13-Keto-9Z,11E-octadecadienoic acid",LIN,individual,10:4405495,10,4405495,2.124242e-10,SORBI_3010G055300,0.719671
"13-Keto-9Z,11E-octadecadienoic acid",LIN,individual,10:4405495,10,4405495,2.124242e-10,SORBI_3010G054400,0.718963
"13-Keto-9Z,11E-octadecadienoic acid",LIN,individual,10:4405495,10,4405495,2.124242e-10,SORBI_3010G056500,0.717169
"13-Keto-9Z,11E-octadecadienoic acid",LIN,individual,10:4405495,10,4405495,2.124242e-10,SORBI_3010G056800,0.717169
"13-Keto-9Z,11E-octadecadienoic acid",LIN,individual,10:4405495,10,4405495,2.124242e-10,SORBI_3010G056800,0.716261
"13-Keto-9Z,11E-octadecadienoic acid",LIN,individual,10:4405495,10,4405495,2.124242e-10,SORBI_3010G055200,0.715112
"13-Keto-9Z,11E-octadecadienoic acid",LIN,individual,10:4405495,10,4405495,2.124242e-10,SORBI_3010G055300,0.715112
"13-Keto-9Z,11E-octadecadienoic acid",LIN,individual,10:4405495,10,4405495,2.124242e-10,SORBI_3010G056500,0.714873
"13-Keto-9Z,11E-octadecadienoic acid",LIN,individual,10:4405495,10,4405495,2.124242e-10,SORBI_3010G055200,0.714272
"13-Keto-9Z,11E-octadecadienoic acid",LIN,individual,10:4405495,10,4405495,2.124242e-10,SORBI_3010G055300,0.714272
"13-Keto-9Z,11E-octadecadienoic acid",LIN,individual,10:4405495,10,4405495,2.124242e-10,SORBI_3010G057400,0.713226
"13-Keto-9Z,11E-octadecadienoic acid",LIN,individual,10:4405495,10,4405495,2.124242e-10,SORBI_3010G057400,0.706359
"13-Keto-9Z,11E-octadecadienoic acid",LIN,individual,10:4405495,10,4405495,2.124242e-10,SORBI_3010G055200,0.703834
"13-Keto-9Z,11E-octadecadienoic acid",LIN,individual,10:4405495,10,4405495,2.124242e-10,SORBI_3010G055300,0.703834
"13-Keto-9Z,11E-octadecadienoic acid",LIN,individual,10:4405495,10,4405495,2.124242e-10,SORBI_3010G055200,0.703747
"13-Keto-9Z,11E-octadecadienoic acid",LIN,individual,10:4405495,10,4405495,2.124242e-10,SORBI_3010G055300,0.703747
"13-Keto-9Z,11E-octadecadienoic acid",LIN,individual,10:4405495,10,4405495,2.124242e-10,SORBI_3010G058650,0.701638
"13-Keto-9Z,11E-octadecadienoic acid",LIN,individual,10:4405495,10,4405495,2.124242e-10,SORBI_3010G057400,0.699518
"13-Keto-9Z,11E-octadecadienoic acid",LIN,individual,10:4405495,10,4405495,2.124242e-10,SORBI_3010G054400,0.697696
"13-Keto-9Z,11E-octadecadienoic acid",LIN,individual,10:4405495,10,4405495,2.124242e-10,SORBI_3010G055200,0.693516
"13-Keto-9Z,11E-octadecadienoic acid",LIN,individual,10:4405495,10,4405495,2.124242e-10,SORBI_3010G055300,0.693516
"13-Keto-9Z,11E-octadecadienoic acid",LIN,individual,10:4405495,10,4405495,2.124242e-10,SORBI_3010G056500,0.691878
"13-Keto-9Z,11E-octadecadienoic acid",LIN,individual,10:4405495,10,4405495,2.124242e-10,SORBI_3010G055200,0.686766
"13-Keto-9Z,11E-octadecadienoic acid",LIN,individual,10:4405495,10,4405495,2.124242e-10,SORBI_3010G055300,0.686766
"13-Keto-9Z,11E-octadecadienoic acid",LIN,individual,10:4405495,10,4405495,2.124242e-10,SORBI_3010G056900,0.686626
"13-Keto-9Z,11E-octadecadienoic acid",LIN,individual,10:4405495,10,4405495,2.124242e-10,SORBI_3010G056100,0.686063
"13-Keto-9Z,11E-octadecadienoic acid",LIN,individual,10:4405495,10,4405495,2.124242e-10,SORBI_3010G057400,0.682634
"13-Keto-9Z,11E-octadecadienoic acid",LIN,individual,10:4405495,10,4405495,2.124242e-10,SORBI_3010G055700,0.682237
"13-Keto-9Z,11E-octadecadienoic acid",LIN,individual,10:4405495,10,4405495,2.124242e-10,SORBI_3010G058600,0.681141
"13-Keto-9Z,11E-octadecadienoic acid",LIN,individual,10:4405495,10,4405495,2.124242e-10,SORBI_3010G058650,0.681141
"13-Keto-9Z,11E-octadecadienoic acid",LIN,individual,10:4405495,10,4405495,2.124242e-10,SORBI_3010G057400,0.679631
"13-Keto-9Z,11E-octadecadienoic acid",LIN,individual,10:4405495,10,4405495,2.124242e-10,SORBI_3010G054300,0.677556
"13-Keto-9Z,11E-octadecadienoic acid",LIN,individual,10:4405495,10,4405495,2.124242e-10,SORBI_3010G054300,0.677048
"13-Keto-9Z,11E-octadecadienoic acid",LIN,individual,10:4405495,10,4405495,2.124242e-10,SORBI_3010G054400,0.677048
"13-Keto-9Z,11E-octadecadienoic acid",LIN,individual,10:4405495,10,4405495,2.124242e-10,SORBI_3010G054000,0.675518
"13-Keto-9Z,11E-octadecadienoic acid",LIN,individual,10:4405495,10,4405495,2.124242e-10,SORBI_3010G056500,0.672188
"13-Keto-9Z,11E-octadecadienoic acid",LIN,individual,10:4405495,10,4405495,2.124242e-10,SORBI_3010G054000,0.668289
"13-Keto-9Z,11E-octadecadienoic acid",LIN,individual,10:4405495,10,4405495,2.124242e-10,SORBI_3010G054300,0.668289
"13-Keto-9Z,11E-octadecadienoic acid",LIN,individual,10:4405495,10,4405495,2.124242e-10,SORBI_3010G054400,0.668289
"13-Keto-9Z,11E-octadecadienoic acid",LIN,individual,10:4405495,10,4405495,2.124242e-10,SORBI_3010G053700,0.667907
"13-Keto-9Z,11E-octadecadienoic acid",LIN,individual,10:4405495,10,4405495,2.124242e-10,SORBI_3010G055600,0.667286
"13-Keto-9Z,11E-octadecadienoic acid",LIN,individual,10:4405495,10,4405495,2.124242e-10,SORBI_3010G055600,0.666102
"13-Keto-9Z,11E-octadecadienoic acid",LIN,individual,10:4405495,10,4405495,2.124242e-10,SORBI_3010G056500,0.663031
"13-Keto-9Z,11E-octadecadienoic acid",LIN,individual,10:4405495,10,4405495,2.124242e-10,SORBI_3010G056300,0.661623
"13-Keto-9Z,11E-octadecadienoic acid",LIN,individual,10:4405495,10,4405495,2.124242e-10,SORBI_3010G054300,0.657367
"13-Keto-9Z,11E-octadecadienoic acid",LIN,individual,10:4405495,10,4405495,2.124242e-10,SORBI_3010G057250,0.655777
"13-Keto-9Z,11E-octadecadienoic acid",LIN,individual,10:4405495,10,4405495,2.124242e-10,SORBI_3010G054300,0.655667
"13-Keto-9Z,11E-octadecadienoic acid",LIN,individual,10:4405495,10,4405495,2.124242e-10,SORBI_3010G055600,0.651033
"13-Keto-9Z,11E-octadecadienoic acid",LIN,individual,10:4405495,10,4405495,2.124242e-10,SORBI_3010G055600,0.646737
"13-Keto-9Z,11E-octadecadienoic acid",LIN,individual,10:4405495,10,4405495,2.124242e-10,SORBI_3010G055600,0.643412
"13-Keto-9Z,11E-octadecadienoic acid",LIN,individual,10:4405495,10,4405495,2.124242e-10,SORBI_3010G055200,0.640693
"13-Keto-9Z,11E-octadecadienoic acid",LIN,individual,10:4405495,10,4405495,2.124242e-10,SORBI_3010G055300,0.640693
"13-Keto-9Z,11E-octadecadienoic acid",LIN,individual,10:4405495,10,4405495,2.124242e-10,SORBI_3010G055200,0.63973
"13-Keto-9Z,11E-octadecadienoic acid",LIN,individual,10:4405495,10,4405495,2.124242e-10,SORBI_3010G055300,0.63973
"13-Keto-9Z,11E-octadecadienoic acid",LIN,individual,10:4405495,10,4405495,2.124242e-10,SORBI_3010G055600,0.636327
"13-Keto-9Z,11E-octadecadienoic acid",LIN,individual,10:4405495,10,4405495,2.124242e-10,SORBI_3010G058650,0.63502
"13-Keto-9Z,11E-octadecadienoic acid",LIN,individual,10:4405495,10,4405495,2.124242e-10,SORBI_3010G056500,0.631861
"13-Keto-9Z,11E-octadecadienoic acid",LIN,individual,10:4405495,10,4405495,2.124242e-10,SORBI_3010G055600,0.62993
"13-Keto-9Z,11E-octadecadienoic acid",LIN,individual,10:4405495,10,4405495,2.124242e-10,SORBI_3010G054000,0.629836
"13-Keto-9Z,11E-octadecadienoic acid",LIN,individual,10:4405495,10,4405495,2.124242e-10,SORBI_3010G058650,0.628485
"13-Keto-9Z,11E-octadecadienoic acid",LIN,individual,10:4405495,10,4405495,2.124242e-10,SORBI_3010G055600,0.626739
"13-Keto-9Z,11E-octadecadienoic acid",LIN,individual,10:4405495,10,4405495,2.124242e-10,SORBI_3010G055600,0.622604
"13-Keto-9Z,11E-octadecadienoic acid",LIN,individual,10:4405495,10,4405495,2.124242e-10,SORBI_3010G054700,0.619571
"13-Keto-9Z,11E-octadecadienoic acid",LIN,individual,10:4405495,10,4405495,2.124242e-10,SORBI_3010G054900,0.619571
"13-Keto-9Z,11E-octadecadienoic acid",LIN,individual,10:4405495,10,4405495,2.124242e-10,SORBI_3010G057300,0.618902
"13-Keto-9Z,11E-octadecadienoic acid",LIN,individual,10:4405495,10,4405495,2.124242e-10,SORBI_3010G055700,0.618351
"13-Keto-9Z,11E-octadecadienoic acid",LIN,individual,10:4405495,10,4405495,2.124242e-10,SORBI_3010G058600,0.617418
"13-Keto-9Z,11E-octadecadienoic acid",LIN,individual,10:4405495,10,4405495,2.124242e-10,SORBI_3010G058650,0.617418
"13-Keto-9Z,11E-octadecadienoic acid",LIN,individual,10:4405495,10,4405495,2.124242e-10,SORBI_3010G057300,0.617003
"13-Keto-9Z,11E-octadecadienoic acid",LIN,individual,10:4405495,10,4405495,2.124242e-10,SORBI_3010G056500,0.614537
"13-Keto-9Z,11E-octadecadienoic acid",LIN,individual,10:4405495,10,4405495,2.124242e-10,SORBI_3010G054000,0.612568
"13-Keto-9Z,11E-octadecadienoic acid",LIN,individual,10:4405495,10,4405495,2.124242e-10,SORBI_3010G055600,0.612181
"13-Keto-9Z,11E-octadecadienoic acid",LIN,individual,10:4405495,10,4405495,2.124242e-10,SORBI_3010G054400,0.607749
"13-Keto-9Z,11E-octadecadienoic acid",LIN,individual,10:4405495,10,4405495,2.124242e-10,SORBI_3010G056500,0.606629
"13-Keto-9Z,11E-octadecadienoic acid",LIN,individual,10:4405495,10,4405495,2.124242e-10,SORBI_3010G057400,0.60592
"13-Keto-9Z,11E-octadecadienoic acid",LIN,individual,10:4405495,10,4405495,2.124242e-10,SORBI_3010G058600,0.605537
"13-Keto-9Z,11E-octadecadienoic acid",LIN,individual,10:4405495,10,4405495,2.124242e-10,SORBI_3010G058650,0.605537
"13-Keto-9Z,11E-octadecadienoic acid",LIN,individual,10:4405495,10,4405495,2.124242e-10,SORBI_3010G057300,0.602867
"13-Keto-9Z,11E-octadecadienoic acid",LIN,individual,10:4405495,10,4405495,2.124242e-10,SORBI_3010G058600,0.600572
"13-Keto-9Z,11E-octadecadienoic acid",LIN,individual,10:4405495,10,4405495,2.124242e-10,SORBI_3010G058650,0.600572
"13-Keto-9Z,11E-octadecadienoic acid",LIN,individual,8:1970936,8,1970936,3.180182e-10,SORBI_3008G022400,1
"13-Keto-9Z,11E-octadecadienoic acid",LIN,individual,8:1970936,8,1970936,3.180182e-10,SORBI_3008G022400,1
"13-Keto-9Z,11E-octadecadienoic acid",LIN,individual,8:1970936,8,1970936,3.180182e-10,SORBI_3008G022400,0.992677
"13-Keto-9Z,11E-octadecadienoic acid",LIN,individual,8:1970936,8,1970936,3.180182e-10,SORBI_3008G022500,0.790568
"13-Keto-9Z,11E-octadecadienoic acid",LIN,individual,8:1970936,8,1970936,3.180182e-10,SORBI_3008G022500,0.78355
"13-Keto-9Z,11E-octadecadienoic acid",LIN,individual,8:1970936,8,1970936,3.180182e-10,SORBI_3008G022500,0.776667
"13-Keto-9Z,11E-octadecadienoic acid",LIN,individual,8:1970936,8,1970936,3.180182e-10,SORBI_3008G022500,0.77582
"13-Keto-9Z,11E-octadecadienoic acid",LIN,individual,8:1970936,8,1970936,3.180182e-10,SORBI_3008G022500,0.768798
"13-Keto-9Z,11E-octadecadienoic acid",LIN,individual,8:1970936,8,1970936,3.180182e-10,SORBI_3008G022500,0.754558
"13-Keto-9Z,11E-octadecadienoic acid",LIN,individual,8:1970936,8,1970936,3.180182e-10,SORBI_3008G022500,0.747197
"13-Keto-9Z,11E-octadecadienoic acid",LIN,individual,8:1970936,8,1970936,3.180182e-10,SORBI_3008G022300,0.743469
"13-Keto-9Z,11E-octadecadienoic acid",LIN,individual,8:1970936,8,1970936,3.180182e-10,SORBI_3008G022500,0.739953
"13-Keto-9Z,11E-octadecadienoic acid",LIN,individual,8:1970936,8,1970936,3.180182e-10,SORBI_3008G022701,0.678499
"13-Keto-9Z,11E-octadecadienoic acid",LIN,individual,8:1970936,8,1970936,3.180182e-10,SORBI_3008G022701,0.678122
"13-Keto-9Z,11E-octadecadienoic acid",LIN,individual,8:1970936,8,1970936,3.180182e-10,SORBI_3008G022701,0.671638
"13-Keto-9Z,11E-octadecadienoic acid",LIN,individual,8:1970936,8,1970936,3.180182e-10,SORBI_3008G022300,0.617045
"13-Keto-9Z,11E-octadecadienoic acid",LIN,individual,8:1973723,8,1973723,4.100421e-10,SORBI_3008G022400,1
"13-Keto-9Z,11E-octadecadienoic acid",LIN,individual,8:1973723,8,1973723,4.100421e-10,SORBI_3008G022400,1
"13-Keto-9Z,11E-octadecadienoic acid",LIN,individual,8:1973723,8,1973723,4.100421e-10,SORBI_3008G022400,0.992677
"13-Keto-9Z,11E-octadecadienoic acid",LIN,individual,8:1973723,8,1973723,4.100421e-10,SORBI_3008G022400,0.985367
"13-Keto-9Z,11E-octadecadienoic acid",LIN,individual,8:1973723,8,1973723,4.100421e-10,SORBI_3008G022500,0.78479
"13-Keto-9Z,11E-octadecadienoic acid",LIN,individual,8:1973723,8,1973723,4.100421e-10,SORBI_3008G022500,0.777823
"13-Keto-9Z,11E-octadecadienoic acid",LIN,individual,8:1973723,8,1973723,4.100421e-10,SORBI_3008G022500,0.77099
"13-Keto-9Z,11E-octadecadienoic acid",LIN,individual,8:1973723,8,1973723,4.100421e-10,SORBI_3008G022500,0.770111
"13-Keto-9Z,11E-octadecadienoic acid",LIN,individual,8:1973723,8,1973723,4.100421e-10,SORBI_3008G022500,0.76314
"13-Keto-9Z,11E-octadecadienoic acid",LIN,individual,8:1973723,8,1973723,4.100421e-10,SORBI_3008G022300,0.760627
"13-Keto-9Z,11E-octadecadienoic acid",LIN,individual,8:1973723,8,1973723,4.100421e-10,SORBI_3008G022500,0.748966
"13-Keto-9Z,11E-octadecadienoic acid",LIN,individual,8:1973723,8,1973723,4.100421e-10,SORBI_3008G022500,0.741659
"13-Keto-9Z,11E-octadecadienoic acid",LIN,individual,8:1973723,8,1973723,4.100421e-10,SORBI_3008G022500,0.734466
"13-Keto-9Z,11E-octadecadienoic acid",LIN,individual,8:1973723,8,1973723,4.100421e-10,SORBI_3008G022701,0.673538
"13-Keto-9Z,11E-octadecadienoic acid",LIN,individual,8:1973723,8,1973723,4.100421e-10,SORBI_3008G022701,0.673144
"13-Keto-9Z,11E-octadecadienoic acid",LIN,individual,8:1973723,8,1973723,4.100421e-10,SORBI_3008G022701,0.666727
"13-Keto-9Z,11E-octadecadienoic acid",LIN,individual,8:1973723,8,1973723,4.100421e-10,SORBI_3008G022300,0.612353
"13-Keto-9Z,11E-octadecadienoic acid",LIN,individual,4:3294990,4,3294990,4.295183e-10,SORBI_3004G040400,0.607565
"13-Keto-9Z,11E-octadecadienoic acid",LIN,individual,4:3296388,4,3296388,4.295183e-10,SORBI_3004G040400,0.607565
"13-Keto-9Z,11E-octadecadienoic acid",LIN,individual,3:69050103,3,69050103,4.786158e-10,SORBI_3003G375800,0.970181
"13-Keto-9Z,11E-octadecadienoic acid",LIN,individual,3:69050103,3,69050103,4.786158e-10,SORBI_3003G375800,0.957844
"13-Keto-9Z,11E-octadecadienoic acid",LIN,individual,3:69050103,3,69050103,4.786158e-10,SORBI_3003G375900,0.93175
"13-Keto-9Z,11E-octadecadienoic acid",LIN,individual,3:69050103,3,69050103,4.786158e-10,SORBI_3003G375900,0.922589
"13-Keto-9Z,11E-octadecadienoic acid",LIN,individual,3:69050103,3,69050103,4.786158e-10,SORBI_3003G375900,0.918787
"13-Keto-9Z,11E-octadecadienoic acid",LIN,individual,3:69050103,3,69050103,4.786158e-10,SORBI_3003G375900,0.909474
"13-Keto-9Z,11E-octadecadienoic acid",LIN,individual,3:69050103,3,69050103,4.786158e-10,SORBI_3003G375900,0.896486
"13-Keto-9Z,11E-octadecadienoic acid",LIN,individual,3:69050103,3,69050103,4.786158e-10,SORBI_3003G375900,0.86284
"13-Keto-9Z,11E-octadecadienoic acid",LIN,individual,3:69050103,3,69050103,4.786158e-10,SORBI_3003G376000,0.799291
"13-Keto-9Z,11E-octadecadienoic acid",LIN,individual,3:69050103,3,69050103,4.786158e-10,SORBI_3003G375500,0.797276
"13-Keto-9Z,11E-octadecadienoic acid",LIN,individual,3:69050103,3,69050103,4.786158e-10,SORBI_3003G375300,0.788569
"13-Keto-9Z,11E-octadecadienoic acid",LIN,individual,3:69050103,3,69050103,4.786158e-10,SORBI_3003G375400,0.774384
"13-Keto-9Z,11E-octadecadienoic acid",LIN,individual,3:69050103,3,69050103,4.786158e-10,SORBI_3003G375500,0.774384
"13-Keto-9Z,11E-octadecadienoic acid",LIN,individual,3:69050103,3,69050103,4.786158e-10,SORBI_3003G375400,0.760259
"13-Keto-9Z,11E-octadecadienoic acid",LIN,individual,3:69050103,3,69050103,4.786158e-10,SORBI_3003G373900,0.678594
"13-Keto-9Z,11E-octadecadienoic acid",LIN,individual,3:69050103,3,69050103,4.786158e-10,SORBI_3003G376000,0.643803
"13-Keto-9Z,11E-octadecadienoic acid",LIN,individual,3:69050103,3,69050103,4.786158e-10,SORBI_3003G375900,0.637
"13-Keto-9Z,11E-octadecadienoic acid",LIN,individual,3:69050103,3,69050103,4.786158e-10,SORBI_3003G374000,0.636037
"13-Keto-9Z,11E-octadecadienoic acid",LIN,individual,3:69050103,3,69050103,4.786158e-10,SORBI_3003G375700,0.621263
"13-Keto-9Z,11E-octadecadienoic acid",LIN,individual,3:69050103,3,69050103,4.786158e-10,SORBI_3003G375700,0.618882
"13-Keto-9Z,11E-octadecadienoic acid",LIN,individual,3:69050103,3,69050103,4.786158e-10,SORBI_3003G374100,0.617733
"13-Keto-9Z,11E-octadecadienoic acid",LIN,individual,3:69050103,3,69050103,4.786158e-10,SORBI_3003G375700,0.602689
"13-Keto-9Z,11E-octadecadienoic acid",LIN,individual,4:4376856,4,4376856,5.145823e-10,SORBI_3004G053800,0.730699
"13-Keto-9Z,11E-octadecadienoic acid",LIN,individual,4:4376856,4,4376856,5.145823e-10,SORBI_3004G053800,0.71477
"13-Keto-9Z,11E-octadecadienoic acid",LIN,individual,4:4376856,4,4376856,5.145823e-10,SORBI_3004G053800,0.630312
"13-Keto-9Z,11E-octadecadienoic acid",LIN,individual,1:16664627,1,16664627,5.375063e-10,SORBI_3001G189300,0.888456
"13-Keto-9Z,11E-octadecadienoic acid",LIN,individual,1:16664627,1,16664627,5.375063e-10,SORBI_3001G189300,0.882108
"13-Keto-9Z,11E-octadecadienoic acid",LIN,individual,1:16664627,1,16664627,5.375063e-10,SORBI_3001G189300,0.876237
"13-Keto-9Z,11E-octadecadienoic acid",LIN,individual,1:16664627,1,16664627,5.375063e-10,SORBI_3001G189300,0.87081
"13-Keto-9Z,11E-octadecadienoic acid",LIN,individual,1:16664627,1,16664627,5.375063e-10,SORBI_3001G189300,0.868431
"13-Keto-9Z,11E-octadecadienoic acid",LIN,individual,1:16664627,1,16664627,5.375063e-10,SORBI_3001G189300,0.864098
"13-Keto-9Z,11E-octadecadienoic acid",LIN,individual,1:16664627,1,16664627,5.375063e-10,SORBI_3001G187400,0.863981
"13-Keto-9Z,11E-octadecadienoic acid",LIN,individual,1:16664627,1,16664627,5.375063e-10,SORBI_3001G189300,0.863233
"13-Keto-9Z,11E-octadecadienoic acid",LIN,individual,1:16664627,1,16664627,5.375063e-10,SORBI_3001G187400,0.860647
"13-Keto-9Z,11E-octadecadienoic acid",LIN,individual,1:16664627,1,16664627,5.375063e-10,SORBI_3001G187500,0.860484
"13-Keto-9Z,11E-octadecadienoic acid",LIN,individual,1:16664627,1,16664627,5.375063e-10,SORBI_3001G187500,0.86044
"13-Keto-9Z,11E-octadecadienoic acid",LIN,individual,1:16664627,1,16664627,5.375063e-10,SORBI_3001G189300,0.858503
"13-Keto-9Z,11E-octadecadienoic acid",LIN,individual,1:16664627,1,16664627,5.375063e-10,SORBI_3001G187500,0.858144
"13-Keto-9Z,11E-octadecadienoic acid",LIN,individual,1:16664627,1,16664627,5.375063e-10,SORBI_3001G187500,0.858098
"13-Keto-9Z,11E-octadecadienoic acid",LIN,individual,1:16664627,1,16664627,5.375063e-10,SORBI_3001G187400,0.857127
"13-Keto-9Z,11E-octadecadienoic acid",LIN,individual,1:16664627,1,16664627,5.375063e-10,SORBI_3001G189300,0.856187
"13-Keto-9Z,11E-octadecadienoic acid",LIN,individual,1:16664627,1,16664627,5.375063e-10,SORBI_3001G189300,0.855786
"13-Keto-9Z,11E-octadecadienoic acid",LIN,individual,1:16664627,1,16664627,5.375063e-10,SORBI_3001G189300,0.853338
"13-Keto-9Z,11E-octadecadienoic acid",LIN,individual,1:16664627,1,16664627,5.375063e-10,SORBI_3001G189300,0.85083
"13-Keto-9Z,11E-octadecadienoic acid",LIN,individual,1:16664627,1,16664627,5.375063e-10,SORBI_3001G187500,0.848674
"13-Keto-9Z,11E-octadecadienoic acid",LIN,individual,1:16664627,1,16664627,5.375063e-10,SORBI_3001G189300,0.848572
"13-Keto-9Z,11E-octadecadienoic acid",LIN,individual,1:16664627,1,16664627,5.375063e-10,SORBI_3001G187500,0.848385
"13-Keto-9Z,11E-octadecadienoic acid",LIN,individual,1:16664627,1,16664627,5.375063e-10,SORBI_3001G187800,0.846968
"13-Keto-9Z,11E-octadecadienoic acid",LIN,individual,1:16664627,1,16664627,5.375063e-10,SORBI_3001G189300,0.846275
"13-Keto-9Z,11E-octadecadienoic acid",LIN,individual,1:16664627,1,16664627,5.375063e-10,SORBI_3001G189300,0.845889
"13-Keto-9Z,11E-octadecadienoic acid",LIN,individual,1:16664627,1,16664627,5.375063e-10,SORBI_3001G187500,0.845127
"13-Keto-9Z,11E-octadecadienoic acid",LIN,individual,1:16664627,1,16664627,5.375063e-10,SORBI_3001G189300,0.844026
"13-Keto-9Z,11E-octadecadienoic acid",LIN,individual,1:16664627,1,16664627,5.375063e-10,SORBI_3001G187400,0.84366
"13-Keto-9Z,11E-octadecadienoic acid",LIN,individual,1:16664627,1,16664627,5.375063e-10,SORBI_3001G189300,0.843291
"13-Keto-9Z,11E-octadecadienoic acid",LIN,individual,1:16664627,1,16664627,5.375063e-10,SORBI_3001G189300,0.840951
"13-Keto-9Z,11E-octadecadienoic acid",LIN,individual,1:16664627,1,16664627,5.375063e-10,SORBI_3001G187400,0.836332
"13-Keto-9Z,11E-octadecadienoic acid",LIN,individual,1:16664627,1,16664627,5.375063e-10,SORBI_3001G187500,0.836332
"13-Keto-9Z,11E-octadecadienoic acid",LIN,individual,1:16664627,1,16664627,5.375063e-10,SORBI_3001G189300,0.836043
"13-Keto-9Z,11E-octadecadienoic acid",LIN,individual,1:16664627,1,16664627,5.375063e-10,SORBI_3001G187800,0.834218
"13-Keto-9Z,11E-octadecadienoic acid",LIN,individual,1:16664627,1,16664627,5.375063e-10,SORBI_3001G189300,0.834218
"13-Keto-9Z,11E-octadecadienoic acid",LIN,individual,1:16664627,1,16664627,5.375063e-10,SORBI_3001G189300,0.83341
"13-Keto-9Z,11E-octadecadienoic acid",LIN,individual,1:16664627,1,16664627,5.375063e-10,SORBI_3001G189300,0.833122
"13-Keto-9Z,11E-octadecadienoic acid",LIN,individual,1:16664627,1,16664627,5.375063e-10,SORBI_3001G187600,0.832926
"13-Keto-9Z,11E-octadecadienoic acid",LIN,individual,1:16664627,1,16664627,5.375063e-10,SORBI_3001G187500,0.832303
"13-Keto-9Z,11E-octadecadienoic acid",LIN,individual,1:16664627,1,16664627,5.375063e-10,SORBI_3001G187400,0.83088
"13-Keto-9Z,11E-octadecadienoic acid",LIN,individual,1:16664627,1,16664627,5.375063e-10,SORBI_3001G187400,0.830807
"13-Keto-9Z,11E-octadecadienoic acid",LIN,individual,1:16664627,1,16664627,5.375063e-10,SORBI_3001G189300,0.830649
"13-Keto-9Z,11E-octadecadienoic acid",LIN,individual,1:16664627,1,16664627,5.375063e-10,SORBI_3001G187500,0.829302
"13-Keto-9Z,11E-octadecadienoic acid",LIN,individual,1:16664627,1,16664627,5.375063e-10,SORBI_3001G189300,0.828721
"13-Keto-9Z,11E-octadecadienoic acid",LIN,individual,1:16664627,1,16664627,5.375063e-10,SORBI_3001G189300,0.828638
"13-Keto-9Z,11E-octadecadienoic acid",LIN,individual,1:16664627,1,16664627,5.375063e-10,SORBI_3001G189300,0.828244
"13-Keto-9Z,11E-octadecadienoic acid",LIN,individual,1:16664627,1,16664627,5.375063e-10,SORBI_3001G187400,0.82691
"13-Keto-9Z,11E-octadecadienoic acid",LIN,individual,1:16664627,1,16664627,5.375063e-10,SORBI_3001G187500,0.823182
"13-Keto-9Z,11E-octadecadienoic acid",LIN,individual,1:16664627,1,16664627,5.375063e-10,SORBI_3001G189300,0.822857
"13-Keto-9Z,11E-octadecadienoic acid",LIN,individual,1:16664627,1,16664627,5.375063e-10,SORBI_3001G187400,0.822855
"13-Keto-9Z,11E-octadecadienoic acid",LIN,individual,1:16664627,1,16664627,5.375063e-10,SORBI_3001G189300,0.821524
"13-Keto-9Z,11E-octadecadienoic acid",LIN,individual,1:16664627,1,16664627,5.375063e-10,SORBI_3001G187400,0.818193
"13-Keto-9Z,11E-octadecadienoic acid",LIN,individual,1:16664627,1,16664627,5.375063e-10,SORBI_3001G187400,0.817374
"13-Keto-9Z,11E-octadecadienoic acid",LIN,individual,1:16664627,1,16664627,5.375063e-10,SORBI_3001G188900,0.813379
"13-Keto-9Z,11E-octadecadienoic acid",LIN,individual,1:16664627,1,16664627,5.375063e-10,SORBI_3001G187500,0.812417
"13-Keto-9Z,11E-octadecadienoic acid",LIN,individual,1:16664627,1,16664627,5.375063e-10,SORBI_3001G187800,0.811499
"13-Keto-9Z,11E-octadecadienoic acid",LIN,individual,1:16664627,1,16664627,5.375063e-10,SORBI_3001G188900,0.81034
"13-Keto-9Z,11E-octadecadienoic acid",LIN,individual,1:16664627,1,16664627,5.375063e-10,SORBI_3001G187300,0.810109
"13-Keto-9Z,11E-octadecadienoic acid",LIN,individual,1:16664627,1,16664627,5.375063e-10,SORBI_3001G188800,0.80757
"13-Keto-9Z,11E-octadecadienoic acid",LIN,individual,1:16664627,1,16664627,5.375063e-10,SORBI_3001G188900,0.80757
"13-Keto-9Z,11E-octadecadienoic acid",LIN,individual,1:16664627,1,16664627,5.375063e-10,SORBI_3001G188900,0.80749
"13-Keto-9Z,11E-octadecadienoic acid",LIN,individual,1:16664627,1,16664627,5.375063e-10,SORBI_3001G187300,0.804073
"13-Keto-9Z,11E-octadecadienoic acid",LIN,individual,1:16664627,1,16664627,5.375063e-10,SORBI_3001G189300,0.804071
"13-Keto-9Z,11E-octadecadienoic acid",LIN,individual,1:16664627,1,16664627,5.375063e-10,SORBI_3001G188900,0.803759
"13-Keto-9Z,11E-octadecadienoic acid",LIN,individual,1:16664627,1,16664627,5.375063e-10,SORBI_3001G187300,0.801454
"13-Keto-9Z,11E-octadecadienoic acid",LIN,individual,1:16664627,1,16664627,5.375063e-10,SORBI_3001G187500,0.798135
"13-Keto-9Z,11E-octadecadienoic acid",LIN,individual,1:16664627,1,16664627,5.375063e-10,SORBI_3001G188900,0.797225
"13-Keto-9Z,11E-octadecadienoic acid",LIN,individual,1:16664627,1,16664627,5.375063e-10,SORBI_3001G187300,0.7971
"13-Keto-9Z,11E-octadecadienoic acid",LIN,individual,1:16664627,1,16664627,5.375063e-10,SORBI_3001G188900,0.794217
"13-Keto-9Z,11E-octadecadienoic acid",LIN,individual,1:16664627,1,16664627,5.375063e-10,SORBI_3001G189300,0.79353
"13-Keto-9Z,11E-octadecadienoic acid",LIN,individual,1:16664627,1,16664627,5.375063e-10,SORBI_3001G187800,0.791459
"13-Keto-9Z,11E-octadecadienoic acid",LIN,individual,1:16664627,1,16664627,5.375063e-10,SORBI_3001G187400,0.79111
"13-Keto-9Z,11E-octadecadienoic acid",LIN,individual,1:16664627,1,16664627,5.375063e-10,SORBI_3001G187400,0.78974
"13-Keto-9Z,11E-octadecadienoic acid",LIN,individual,1:16664627,1,16664627,5.375063e-10,SORBI_3001G187200,0.789496
"13-Keto-9Z,11E-octadecadienoic acid",LIN,individual,1:16664627,1,16664627,5.375063e-10,SORBI_3001G187500,0.788633
"13-Keto-9Z,11E-octadecadienoic acid",LIN,individual,1:16664627,1,16664627,5.375063e-10,SORBI_3001G187300,0.788217
"13-Keto-9Z,11E-octadecadienoic acid",LIN,individual,1:16664627,1,16664627,5.375063e-10,SORBI_3001G187300,0.787784
"13-Keto-9Z,11E-octadecadienoic acid",LIN,individual,1:16664627,1,16664627,5.375063e-10,SORBI_3001G187500,0.786228
"13-Keto-9Z,11E-octadecadienoic acid",LIN,individual,1:16664627,1,16664627,5.375063e-10,SORBI_3001G187300,0.785783
"13-Keto-9Z,11E-octadecadienoic acid",LIN,individual,1:16664627,1,16664627,5.375063e-10,SORBI_3001G188900,0.78415
"13-Keto-9Z,11E-octadecadienoic acid",LIN,individual,1:16664627,1,16664627,5.375063e-10,SORBI_3001G187200,0.782146
"13-Keto-9Z,11E-octadecadienoic acid",LIN,individual,1:16664627,1,16664627,5.375063e-10,SORBI_3001G187200,0.779855
"13-Keto-9Z,11E-octadecadienoic acid",LIN,individual,1:16664627,1,16664627,5.375063e-10,SORBI_3001G187200,0.777795
"13-Keto-9Z,11E-octadecadienoic acid",LIN,individual,1:16664627,1,16664627,5.375063e-10,SORBI_3001G187500,0.777504
"13-Keto-9Z,11E-octadecadienoic acid",LIN,individual,1:16664627,1,16664627,5.375063e-10,SORBI_3001G187200,0.776167
"13-Keto-9Z,11E-octadecadienoic acid",LIN,individual,1:16664627,1,16664627,5.375063e-10,SORBI_3001G188900,0.775016
"13-Keto-9Z,11E-octadecadienoic acid",LIN,individual,1:16664627,1,16664627,5.375063e-10,SORBI_3001G187300,0.774574
"13-Keto-9Z,11E-octadecadienoic acid",LIN,individual,1:16664627,1,16664627,5.375063e-10,SORBI_3001G188100,0.774016
"13-Keto-9Z,11E-octadecadienoic acid",LIN,individual,1:16664627,1,16664627,5.375063e-10,SORBI_3001G188900,0.772519
"13-Keto-9Z,11E-octadecadienoic acid",LIN,individual,1:16664627,1,16664627,5.375063e-10,SORBI_3001G187200,0.772089
"13-Keto-9Z,11E-octadecadienoic acid",LIN,individual,1:16664627,1,16664627,5.375063e-10,SORBI_3001G187200,0.771497
"13-Keto-9Z,11E-octadecadienoic acid",LIN,individual,1:16664627,1,16664627,5.375063e-10,SORBI_3001G187300,0.770266
"13-Keto-9Z,11E-octadecadienoic acid",LIN,individual,1:16664627,1,16664627,5.375063e-10,SORBI_3001G189300,0.769105
"13-Keto-9Z,11E-octadecadienoic acid",LIN,individual,1:16664627,1,16664627,5.375063e-10,SORBI_3001G187500,0.768672
"13-Keto-9Z,11E-octadecadienoic acid",LIN,individual,1:16664627,1,16664627,5.375063e-10,SORBI_3001G187300,0.76659
"13-Keto-9Z,11E-octadecadienoic acid",LIN,individual,1:16664627,1,16664627,5.375063e-10,SORBI_3001G188900,0.766547
"13-Keto-9Z,11E-octadecadienoic acid",LIN,individual,1:16664627,1,16664627,5.375063e-10,SORBI_3001G187200,0.7665
"13-Keto-9Z,11E-octadecadienoic acid",LIN,individual,1:16664627,1,16664627,5.375063e-10,SORBI_3001G187500,0.766164
"13-Keto-9Z,11E-octadecadienoic acid",LIN,individual,1:16664627,1,16664627,5.375063e-10,SORBI_3001G189400,0.764926
"13-Keto-9Z,11E-octadecadienoic acid",LIN,individual,1:16664627,1,16664627,5.375063e-10,SORBI_3001G187400,0.764615
"13-Keto-9Z,11E-octadecadienoic acid",LIN,individual,1:16664627,1,16664627,5.375063e-10,SORBI_3001G188900,0.762871
"13-Keto-9Z,11E-octadecadienoic acid",LIN,individual,1:16664627,1,16664627,5.375063e-10,SORBI_3001G187200,0.762544
"13-Keto-9Z,11E-octadecadienoic acid",LIN,individual,1:16664627,1,16664627,5.375063e-10,SORBI_3001G187300,0.762544
"13-Keto-9Z,11E-octadecadienoic acid",LIN,individual,1:16664627,1,16664627,5.375063e-10,SORBI_3001G188900,0.761852
"13-Keto-9Z,11E-octadecadienoic acid",LIN,individual,1:16664627,1,16664627,5.375063e-10,SORBI_3001G187300,0.761052
"13-Keto-9Z,11E-octadecadienoic acid",LIN,individual,1:16664627,1,16664627,5.375063e-10,SORBI_3001G187200,0.760863
"13-Keto-9Z,11E-octadecadienoic acid",LIN,individual,1:16664627,1,16664627,5.375063e-10,SORBI_3001G187300,0.760863
"13-Keto-9Z,11E-octadecadienoic acid",LIN,individual,1:16664627,1,16664627,5.375063e-10,SORBI_3001G188900,0.760863
"13-Keto-9Z,11E-octadecadienoic acid",LIN,individual,1:16664627,1,16664627,5.375063e-10,SORBI_3001G187300,0.760767
"13-Keto-9Z,11E-octadecadienoic acid",LIN,individual,1:16664627,1,16664627,5.375063e-10,SORBI_3001G187300,0.760572
"13-Keto-9Z,11E-octadecadienoic acid",LIN,individual,1:16664627,1,16664627,5.375063e-10,SORBI_3001G187300,0.760472
"13-Keto-9Z,11E-octadecadienoic acid",LIN,individual,1:16664627,1,16664627,5.375063e-10,SORBI_3001G187800,0.760394
"13-Keto-9Z,11E-octadecadienoic acid",LIN,individual,1:16664627,1,16664627,5.375063e-10,SORBI_3001G187200,0.75869
"13-Keto-9Z,11E-octadecadienoic acid",LIN,individual,1:16664627,1,16664627,5.375063e-10,SORBI_3001G187200,0.756929
"13-Keto-9Z,11E-octadecadienoic acid",LIN,individual,1:16664627,1,16664627,5.375063e-10,SORBI_3001G187300,0.756929
"13-Keto-9Z,11E-octadecadienoic acid",LIN,individual,1:16664627,1,16664627,5.375063e-10,SORBI_3001G187200,0.755372
"13-Keto-9Z,11E-octadecadienoic acid",LIN,individual,1:16664627,1,16664627,5.375063e-10,SORBI_3001G187300,0.755372
"13-Keto-9Z,11E-octadecadienoic acid",LIN,individual,1:16664627,1,16664627,5.375063e-10,SORBI_3001G187300,0.755023
"13-Keto-9Z,11E-octadecadienoic acid",LIN,individual,1:16664627,1,16664627,5.375063e-10,SORBI_3001G187200,0.754848
"13-Keto-9Z,11E-octadecadienoic acid",LIN,individual,1:16664627,1,16664627,5.375063e-10,SORBI_3001G186850,0.754318
"13-Keto-9Z,11E-octadecadienoic acid",LIN,individual,1:16664627,1,16664627,5.375063e-10,SORBI_3001G187200,0.753272
"13-Keto-9Z,11E-octadecadienoic acid",LIN,individual,1:16664627,1,16664627,5.375063e-10,SORBI_3001G187800,0.752736
"13-Keto-9Z,11E-octadecadienoic acid",LIN,individual,1:16664627,1,16664627,5.375063e-10,SORBI_3001G187200,0.751105
"13-Keto-9Z,11E-octadecadienoic acid",LIN,individual,1:16664627,1,16664627,5.375063e-10,SORBI_3001G187300,0.749959
"13-Keto-9Z,11E-octadecadienoic acid",LIN,individual,1:16664627,1,16664627,5.375063e-10,SORBI_3001G187200,0.749167
"13-Keto-9Z,11E-octadecadienoic acid",LIN,individual,1:16664627,1,16664627,5.375063e-10,SORBI_3001G188900,0.748271
"13-Keto-9Z,11E-octadecadienoic acid",LIN,individual,1:16664627,1,16664627,5.375063e-10,SORBI_3001G186850,0.74777
"13-Keto-9Z,11E-octadecadienoic acid",LIN,individual,1:16664627,1,16664627,5.375063e-10,SORBI_3001G187200,0.747445
"13-Keto-9Z,11E-octadecadienoic acid",LIN,individual,1:16664627,1,16664627,5.375063e-10,SORBI_3001G188900,0.747445
"13-Keto-9Z,11E-octadecadienoic acid",LIN,individual,1:16664627,1,16664627,5.375063e-10,SORBI_3001G187200,0.747394
"13-Keto-9Z,11E-octadecadienoic acid",LIN,individual,1:16664627,1,16664627,5.375063e-10,SORBI_3001G186850,0.747319
"13-Keto-9Z,11E-octadecadienoic acid",LIN,individual,1:16664627,1,16664627,5.375063e-10,SORBI_3001G187800,0.744127
"13-Keto-9Z,11E-octadecadienoic acid",LIN,individual,1:16664627,1,16664627,5.375063e-10,SORBI_3001G187200,0.743516
"13-Keto-9Z,11E-octadecadienoic acid",LIN,individual,1:16664627,1,16664627,5.375063e-10,SORBI_3001G187300,0.743516
"13-Keto-9Z,11E-octadecadienoic acid",LIN,individual,1:16664627,1,16664627,5.375063e-10,SORBI_3001G189000,0.742503
"13-Keto-9Z,11E-octadecadienoic acid",LIN,individual,1:16664627,1,16664627,5.375063e-10,SORBI_3001G187300,0.74192
"13-Keto-9Z,11E-octadecadienoic acid",LIN,individual,1:16664627,1,16664627,5.375063e-10,SORBI_3001G186925,0.740292
"13-Keto-9Z,11E-octadecadienoic acid",LIN,individual,1:16664627,1,16664627,5.375063e-10,SORBI_3001G188900,0.737808
"13-Keto-9Z,11E-octadecadienoic acid",LIN,individual,1:16664627,1,16664627,5.375063e-10,SORBI_3001G187200,0.735821
"13-Keto-9Z,11E-octadecadienoic acid",LIN,individual,1:16664627,1,16664627,5.375063e-10,SORBI_3001G187200,0.734055
"13-Keto-9Z,11E-octadecadienoic acid",LIN,individual,1:16664627,1,16664627,5.375063e-10,SORBI_3001G187000,0.733882
"13-Keto-9Z,11E-octadecadienoic acid",LIN,individual,1:16664627,1,16664627,5.375063e-10,SORBI_3001G187100,0.730132
"13-Keto-9Z,11E-octadecadienoic acid",LIN,individual,1:16664627,1,16664627,5.375063e-10,SORBI_3001G189000,0.726373
"13-Keto-9Z,11E-octadecadienoic acid",LIN,individual,1:16664627,1,16664627,5.375063e-10,SORBI_3001G187300,0.72302
"13-Keto-9Z,11E-octadecadienoic acid",LIN,individual,1:16664627,1,16664627,5.375063e-10,SORBI_3001G187200,0.720693
"13-Keto-9Z,11E-octadecadienoic acid",LIN,individual,1:16664627,1,16664627,5.375063e-10,SORBI_3001G188900,0.716256
"13-Keto-9Z,11E-octadecadienoic acid",LIN,individual,1:16664627,1,16664627,5.375063e-10,SORBI_3001G187000,0.715409
"13-Keto-9Z,11E-octadecadienoic acid",LIN,individual,1:16664627,1,16664627,5.375063e-10,SORBI_3001G187200,0.7151
"13-Keto-9Z,11E-octadecadienoic acid",LIN,individual,1:16664627,1,16664627,5.375063e-10,SORBI_3001G186800,0.714559
"13-Keto-9Z,11E-octadecadienoic acid",LIN,individual,1:16664627,1,16664627,5.375063e-10,SORBI_3001G186850,0.714397
"13-Keto-9Z,11E-octadecadienoic acid",LIN,individual,1:16664627,1,16664627,5.375063e-10,SORBI_3001G186800,0.713869
"13-Keto-9Z,11E-octadecadienoic acid",LIN,individual,1:16664627,1,16664627,5.375063e-10,SORBI_3001G186925,0.71172
"13-Keto-9Z,11E-octadecadienoic acid",LIN,individual,1:16664627,1,16664627,5.375063e-10,SORBI_3001G186925,0.710181
"13-Keto-9Z,11E-octadecadienoic acid",LIN,individual,1:16664627,1,16664627,5.375063e-10,SORBI_3001G188700,0.70957
"13-Keto-9Z,11E-octadecadienoic acid",LIN,individual,1:16664627,1,16664627,5.375063e-10,SORBI_3001G187800,0.707685
"13-Keto-9Z,11E-octadecadienoic acid",LIN,individual,1:16664627,1,16664627,5.375063e-10,SORBI_3001G187000,0.705112
"13-Keto-9Z,11E-octadecadienoic acid",LIN,individual,1:16664627,1,16664627,5.375063e-10,SORBI_3001G186800,0.701893
"13-Keto-9Z,11E-octadecadienoic acid",LIN,individual,1:16664627,1,16664627,5.375063e-10,SORBI_3001G186850,0.701375
"13-Keto-9Z,11E-octadecadienoic acid",LIN,individual,1:16664627,1,16664627,5.375063e-10,SORBI_3001G186800,0.70102
"13-Keto-9Z,11E-octadecadienoic acid",LIN,individual,1:16664627,1,16664627,5.375063e-10,SORBI_3001G187000,0.70102
"13-Keto-9Z,11E-octadecadienoic acid",LIN,individual,1:16664627,1,16664627,5.375063e-10,SORBI_3001G187000,0.700961
"13-Keto-9Z,11E-octadecadienoic acid",LIN,individual,1:16664627,1,16664627,5.375063e-10,SORBI_3001G186800,0.700311
"13-Keto-9Z,11E-octadecadienoic acid",LIN,individual,1:16664627,1,16664627,5.375063e-10,SORBI_3001G187100,0.700311
"13-Keto-9Z,11E-octadecadienoic acid",LIN,individual,1:16664627,1,16664627,5.375063e-10,SORBI_3001G187000,0.699756
"13-Keto-9Z,11E-octadecadienoic acid",LIN,individual,1:16664627,1,16664627,5.375063e-10,SORBI_3001G187800,0.699728
"13-Keto-9Z,11E-octadecadienoic acid",LIN,individual,1:16664627,1,16664627,5.375063e-10,SORBI_3001G186800,0.699346
"13-Keto-9Z,11E-octadecadienoic acid",LIN,individual,1:16664627,1,16664627,5.375063e-10,SORBI_3001G187000,0.699346
"13-Keto-9Z,11E-octadecadienoic acid",LIN,individual,1:16664627,1,16664627,5.375063e-10,SORBI_3001G187100,0.699346
"13-Keto-9Z,11E-octadecadienoic acid",LIN,individual,1:16664627,1,16664627,5.375063e-10,SORBI_3001G187000,0.699286
"13-Keto-9Z,11E-octadecadienoic acid",LIN,individual,1:16664627,1,16664627,5.375063e-10,SORBI_3001G186850,0.697712
"13-Keto-9Z,11E-octadecadienoic acid",LIN,individual,1:16664627,1,16664627,5.375063e-10,SORBI_3001G187000,0.696775
"13-Keto-9Z,11E-octadecadienoic acid",LIN,individual,1:16664627,1,16664627,5.375063e-10,SORBI_3001G186925,0.696643
"13-Keto-9Z,11E-octadecadienoic acid",LIN,individual,1:16664627,1,16664627,5.375063e-10,SORBI_3001G188700,0.696009
"13-Keto-9Z,11E-octadecadienoic acid",LIN,individual,1:16664627,1,16664627,5.375063e-10,SORBI_3001G188700,0.695402
"13-Keto-9Z,11E-octadecadienoic acid",LIN,individual,1:16664627,1,16664627,5.375063e-10,SORBI_3001G188700,0.694943
"13-Keto-9Z,11E-octadecadienoic acid",LIN,individual,1:16664627,1,16664627,5.375063e-10,SORBI_3001G188700,0.694627
"13-Keto-9Z,11E-octadecadienoic acid",LIN,individual,1:16664627,1,16664627,5.375063e-10,SORBI_3001G187000,0.694566
"13-Keto-9Z,11E-octadecadienoic acid",LIN,individual,1:16664627,1,16664627,5.375063e-10,SORBI_3001G186925,0.694116
"13-Keto-9Z,11E-octadecadienoic acid",LIN,individual,1:16664627,1,16664627,5.375063e-10,SORBI_3001G187800,0.693553
"13-Keto-9Z,11E-octadecadienoic acid",LIN,individual,1:16664627,1,16664627,5.375063e-10,SORBI_3001G186925,0.692066
"13-Keto-9Z,11E-octadecadienoic acid",LIN,individual,1:16664627,1,16664627,5.375063e-10,SORBI_3001G186850,0.692017
"13-Keto-9Z,11E-octadecadienoic acid",LIN,individual,1:16664627,1,16664627,5.375063e-10,SORBI_3001G187200,0.691778
"13-Keto-9Z,11E-octadecadienoic acid",LIN,individual,1:16664627,1,16664627,5.375063e-10,SORBI_3001G188700,0.689971
"13-Keto-9Z,11E-octadecadienoic acid",LIN,individual,1:16664627,1,16664627,5.375063e-10,SORBI_3001G186800,0.688402
"13-Keto-9Z,11E-octadecadienoic acid",LIN,individual,1:16664627,1,16664627,5.375063e-10,SORBI_3001G186925,0.688293
"13-Keto-9Z,11E-octadecadienoic acid",LIN,individual,1:16664627,1,16664627,5.375063e-10,SORBI_3001G187100,0.687507
"13-Keto-9Z,11E-octadecadienoic acid",LIN,individual,1:16664627,1,16664627,5.375063e-10,SORBI_3001G187000,0.687444
"13-Keto-9Z,11E-octadecadienoic acid",LIN,individual,1:16664627,1,16664627,5.375063e-10,SORBI_3001G186925,0.687089
"13-Keto-9Z,11E-octadecadienoic acid",LIN,individual,1:16664627,1,16664627,5.375063e-10,SORBI_3001G186800,0.686778
"13-Keto-9Z,11E-octadecadienoic acid",LIN,individual,1:16664627,1,16664627,5.375063e-10,SORBI_3001G186800,0.686206
"13-Keto-9Z,11E-octadecadienoic acid",LIN,individual,1:16664627,1,16664627,5.375063e-10,SORBI_3001G187000,0.686206
"13-Keto-9Z,11E-octadecadienoic acid",LIN,individual,1:16664627,1,16664627,5.375063e-10,SORBI_3001G187000,0.686144
"13-Keto-9Z,11E-octadecadienoic acid",LIN,individual,1:16664627,1,16664627,5.375063e-10,SORBI_3001G187100,0.685783
"13-Keto-9Z,11E-octadecadienoic acid",LIN,individual,1:16664627,1,16664627,5.375063e-10,SORBI_3001G187000,0.68572
"13-Keto-9Z,11E-octadecadienoic acid",LIN,individual,1:16664627,1,16664627,5.375063e-10,SORBI_3001G186850,0.683913
"13-Keto-9Z,11E-octadecadienoic acid",LIN,individual,1:16664627,1,16664627,5.375063e-10,SORBI_3001G186925,0.683584
"13-Keto-9Z,11E-octadecadienoic acid",LIN,individual,1:16664627,1,16664627,5.375063e-10,SORBI_3001G187000,0.68326
"13-Keto-9Z,11E-octadecadienoic acid",LIN,individual,1:16664627,1,16664627,5.375063e-10,SORBI_3001G186925,0.683208
"13-Keto-9Z,11E-octadecadienoic acid",LIN,individual,1:16664627,1,16664627,5.375063e-10,SORBI_3001G186925,0.683066
"13-Keto-9Z,11E-octadecadienoic acid",LIN,individual,1:16664627,1,16664627,5.375063e-10,SORBI_3001G186925,0.682454
"13-Keto-9Z,11E-octadecadienoic acid",LIN,individual,1:16664627,1,16664627,5.375063e-10,SORBI_3001G187000,0.681849
"13-Keto-9Z,11E-octadecadienoic acid",LIN,individual,1:16664627,1,16664627,5.375063e-10,SORBI_3001G187100,0.681849
"13-Keto-9Z,11E-octadecadienoic acid",LIN,individual,1:16664627,1,16664627,5.375063e-10,SORBI_3001G186850,0.681749
"13-Keto-9Z,11E-octadecadienoic acid",LIN,individual,1:16664627,1,16664627,5.375063e-10,SORBI_3001G186850,0.681717
"13-Keto-9Z,11E-octadecadienoic acid",LIN,individual,1:16664627,1,16664627,5.375063e-10,SORBI_3001G187000,0.681376
"13-Keto-9Z,11E-octadecadienoic acid",LIN,individual,1:16664627,1,16664627,5.375063e-10,SORBI_3001G186850,0.681168
"13-Keto-9Z,11E-octadecadienoic acid",LIN,individual,1:16664627,1,16664627,5.375063e-10,SORBI_3001G187300,0.681119
"13-Keto-9Z,11E-octadecadienoic acid",LIN,individual,1:16664627,1,16664627,5.375063e-10,SORBI_3001G186800,0.681048
"13-Keto-9Z,11E-octadecadienoic acid",LIN,individual,1:16664627,1,16664627,5.375063e-10,SORBI_3001G187100,0.681048
"13-Keto-9Z,11E-octadecadienoic acid",LIN,individual,1:16664627,1,16664627,5.375063e-10,SORBI_3001G188700,0.681048
"13-Keto-9Z,11E-octadecadienoic acid",LIN,individual,1:16664627,1,16664627,5.375063e-10,SORBI_3001G186925,0.680861
"13-Keto-9Z,11E-octadecadienoic acid",LIN,individual,1:16664627,1,16664627,5.375063e-10,SORBI_3001G188700,0.680856
"13-Keto-9Z,11E-octadecadienoic acid",LIN,individual,1:16664627,1,16664627,5.375063e-10,SORBI_3001G188700,0.680793
"13-Keto-9Z,11E-octadecadienoic acid",LIN,individual,1:16664627,1,16664627,5.375063e-10,SORBI_3001G188700,0.680792
"13-Keto-9Z,11E-octadecadienoic acid",LIN,individual,1:16664627,1,16664627,5.375063e-10,SORBI_3001G186850,0.679267
"13-Keto-9Z,11E-octadecadienoic acid",LIN,individual,1:16664627,1,16664627,5.375063e-10,SORBI_3001G186850,0.679085
"13-Keto-9Z,11E-octadecadienoic acid",LIN,individual,1:16664627,1,16664627,5.375063e-10,SORBI_3001G186850,0.678298
"13-Keto-9Z,11E-octadecadienoic acid",LIN,individual,1:16664627,1,16664627,5.375063e-10,SORBI_3001G186800,0.676377
"13-Keto-9Z,11E-octadecadienoic acid",LIN,individual,1:16664627,1,16664627,5.375063e-10,SORBI_3001G188700,0.676377
"13-Keto-9Z,11E-octadecadienoic acid",LIN,individual,1:16664627,1,16664627,5.375063e-10,SORBI_3001G188700,0.676273
"13-Keto-9Z,11E-octadecadienoic acid",LIN,individual,1:16664627,1,16664627,5.375063e-10,SORBI_3001G186800,0.676115
"13-Keto-9Z,11E-octadecadienoic acid",LIN,individual,1:16664627,1,16664627,5.375063e-10,SORBI_3001G186925,0.675626
"13-Keto-9Z,11E-octadecadienoic acid",LIN,individual,1:16664627,1,16664627,5.375063e-10,SORBI_3001G186850,0.675484
"13-Keto-9Z,11E-octadecadienoic acid",LIN,individual,1:16664627,1,16664627,5.375063e-10,SORBI_3001G186850,0.673913
"13-Keto-9Z,11E-octadecadienoic acid",LIN,individual,1:16664627,1,16664627,5.375063e-10,SORBI_3001G186850,0.673623
"13-Keto-9Z,11E-octadecadienoic acid",LIN,individual,1:16664627,1,16664627,5.375063e-10,SORBI_3001G187000,0.672682
"13-Keto-9Z,11E-octadecadienoic acid",LIN,individual,1:16664627,1,16664627,5.375063e-10,SORBI_3001G186800,0.672245
"13-Keto-9Z,11E-octadecadienoic acid",LIN,individual,1:16664627,1,16664627,5.375063e-10,SORBI_3001G186850,0.67211
"13-Keto-9Z,11E-octadecadienoic acid",LIN,individual,1:16664627,1,16664627,5.375063e-10,SORBI_3001G187700,0.671752
"13-Keto-9Z,11E-octadecadienoic acid",LIN,individual,1:16664627,1,16664627,5.375063e-10,SORBI_3001G187000,0.669771
"13-Keto-9Z,11E-octadecadienoic acid",LIN,individual,1:16664627,1,16664627,5.375063e-10,SORBI_3001G186850,0.668485
"13-Keto-9Z,11E-octadecadienoic acid",LIN,individual,1:16664627,1,16664627,5.375063e-10,SORBI_3001G187000,0.668321
"13-Keto-9Z,11E-octadecadienoic acid",LIN,individual,1:16664627,1,16664627,5.375063e-10,SORBI_3001G187000,0.668255
"13-Keto-9Z,11E-octadecadienoic acid",LIN,individual,1:16664627,1,16664627,5.375063e-10,SORBI_3001G186850,0.667828
"13-Keto-9Z,11E-octadecadienoic acid",LIN,individual,1:16664627,1,16664627,5.375063e-10,SORBI_3001G188700,0.667494
"13-Keto-9Z,11E-octadecadienoic acid",LIN,individual,1:16664627,1,16664627,5.375063e-10,SORBI_3001G188700,0.667292
"13-Keto-9Z,11E-octadecadienoic acid",LIN,individual,1:16664627,1,16664627,5.375063e-10,SORBI_3001G188700,0.667223
"13-Keto-9Z,11E-octadecadienoic acid",LIN,individual,1:16664627,1,16664627,5.375063e-10,SORBI_3001G186850,0.666652
"13-Keto-9Z,11E-octadecadienoic acid",LIN,individual,1:16664627,1,16664627,5.375063e-10,SORBI_3001G186850,0.666425
"13-Keto-9Z,11E-octadecadienoic acid",LIN,individual,1:16664627,1,16664627,5.375063e-10,SORBI_3001G186850,0.665941
"13-Keto-9Z,11E-octadecadienoic acid",LIN,individual,1:16664627,1,16664627,5.375063e-10,SORBI_3001G186850,0.665643
"13-Keto-9Z,11E-octadecadienoic acid",LIN,individual,1:16664627,1,16664627,5.375063e-10,SORBI_3001G187000,0.663375
"13-Keto-9Z,11E-octadecadienoic acid",LIN,individual,1:16664627,1,16664627,5.375063e-10,SORBI_3001G188700,0.663103
"13-Keto-9Z,11E-octadecadienoic acid",LIN,individual,1:16664627,1,16664627,5.375063e-10,SORBI_3001G188700,0.662713
"13-Keto-9Z,11E-octadecadienoic acid",LIN,individual,1:16664627,1,16664627,5.375063e-10,SORBI_3001G186800,0.662604
"13-Keto-9Z,11E-octadecadienoic acid",LIN,individual,1:16664627,1,16664627,5.375063e-10,SORBI_3001G186925,0.661891
"13-Keto-9Z,11E-octadecadienoic acid",LIN,individual,1:16664627,1,16664627,5.375063e-10,SORBI_3001G186850,0.658973
"13-Keto-9Z,11E-octadecadienoic acid",LIN,individual,1:16664627,1,16664627,5.375063e-10,SORBI_3001G186800,0.657303
"13-Keto-9Z,11E-octadecadienoic acid",LIN,individual,1:16664627,1,16664627,5.375063e-10,SORBI_3001G189300,0.655629
"13-Keto-9Z,11E-octadecadienoic acid",LIN,individual,1:16664627,1,16664627,5.375063e-10,SORBI_3001G186850,0.655418
"13-Keto-9Z,11E-octadecadienoic acid",LIN,individual,1:16664627,1,16664627,5.375063e-10,SORBI_3001G187800,0.654868
"13-Keto-9Z,11E-octadecadienoic acid",LIN,individual,1:16664627,1,16664627,5.375063e-10,SORBI_3001G187000,0.654367
"13-Keto-9Z,11E-octadecadienoic acid",LIN,individual,1:16664627,1,16664627,5.375063e-10,SORBI_3001G188700,0.653964
"13-Keto-9Z,11E-octadecadienoic acid",LIN,individual,1:16664627,1,16664627,5.375063e-10,SORBI_3001G188700,0.653754
"13-Keto-9Z,11E-octadecadienoic acid",LIN,individual,1:16664627,1,16664627,5.375063e-10,SORBI_3001G188700,0.653677
"13-Keto-9Z,11E-octadecadienoic acid",LIN,individual,1:16664627,1,16664627,5.375063e-10,SORBI_3001G189600,0.650601
"13-Keto-9Z,11E-octadecadienoic acid",LIN,individual,1:16664627,1,16664627,5.375063e-10,SORBI_3001G188700,0.649263
"13-Keto-9Z,11E-octadecadienoic acid",LIN,individual,1:16664627,1,16664627,5.375063e-10,SORBI_3001G186800,0.648246
"13-Keto-9Z,11E-octadecadienoic acid",LIN,individual,1:16664627,1,16664627,5.375063e-10,SORBI_3001G186850,0.646329
"13-Keto-9Z,11E-octadecadienoic acid",LIN,individual,1:16664627,1,16664627,5.375063e-10,SORBI_3001G187300,0.646218
"13-Keto-9Z,11E-octadecadienoic acid",LIN,individual,1:16664627,1,16664627,5.375063e-10,SORBI_3001G186850,0.639265
"13-Keto-9Z,11E-octadecadienoic acid",LIN,individual,1:16664627,1,16664627,5.375063e-10,SORBI_3001G188700,0.637074
"13-Keto-9Z,11E-octadecadienoic acid",LIN,individual,1:16664627,1,16664627,5.375063e-10,SORBI_3001G186850,0.636188
"13-Keto-9Z,11E-octadecadienoic acid",LIN,individual,1:16664627,1,16664627,5.375063e-10,SORBI_3001G187800,0.636103
"13-Keto-9Z,11E-octadecadienoic acid",LIN,individual,1:16664627,1,16664627,5.375063e-10,SORBI_3001G186800,0.635744
"13-Keto-9Z,11E-octadecadienoic acid",LIN,individual,1:16664627,1,16664627,5.375063e-10,SORBI_3001G188700,0.635624
"13-Keto-9Z,11E-octadecadienoic acid",LIN,individual,1:16664627,1,16664627,5.375063e-10,SORBI_3001G186850,0.633833
"13-Keto-9Z,11E-octadecadienoic acid",LIN,individual,1:16664627,1,16664627,5.375063e-10,SORBI_3001G186850,0.633442
"13-Keto-9Z,11E-octadecadienoic acid",LIN,individual,1:16664627,1,16664627,5.375063e-10,SORBI_3001G186850,0.633321
"13-Keto-9Z,11E-octadecadienoic acid",LIN,individual,1:16664627,1,16664627,5.375063e-10,SORBI_3001G187300,0.630794
"13-Keto-9Z,11E-octadecadienoic acid",LIN,individual,1:16664627,1,16664627,5.375063e-10,SORBI_3001G187200,0.630082
"13-Keto-9Z,11E-octadecadienoic acid",LIN,individual,1:16664627,1,16664627,5.375063e-10,SORBI_3001G187200,0.628572
"13-Keto-9Z,11E-octadecadienoic acid",LIN,individual,1:16664627,1,16664627,5.375063e-10,SORBI_3001G186850,0.627137
"13-Keto-9Z,11E-octadecadienoic acid",LIN,individual,1:16664627,1,16664627,5.375063e-10,SORBI_3001G188700,0.626752
"13-Keto-9Z,11E-octadecadienoic acid",LIN,individual,1:16664627,1,16664627,5.375063e-10,SORBI_3001G187100,0.626163
"13-Keto-9Z,11E-octadecadienoic acid",LIN,individual,1:16664627,1,16664627,5.375063e-10,SORBI_3001G187000,0.626088
"13-Keto-9Z,11E-octadecadienoic acid",LIN,individual,1:16664627,1,16664627,5.375063e-10,SORBI_3001G187000,0.625297
"13-Keto-9Z,11E-octadecadienoic acid",LIN,individual,1:16664627,1,16664627,5.375063e-10,SORBI_3001G188700,0.622574
"13-Keto-9Z,11E-octadecadienoic acid",LIN,individual,1:16664627,1,16664627,5.375063e-10,SORBI_3001G186800,0.618832
"13-Keto-9Z,11E-octadecadienoic acid",LIN,individual,1:16664627,1,16664627,5.375063e-10,SORBI_3001G186850,0.618832
"13-Keto-9Z,11E-octadecadienoic acid",LIN,individual,1:16664627,1,16664627,5.375063e-10,SORBI_3001G188500,0.616158
"13-Keto-9Z,11E-octadecadienoic acid",LIN,individual,1:16664627,1,16664627,5.375063e-10,SORBI_3001G186850,0.615678
"13-Keto-9Z,11E-octadecadienoic acid",LIN,individual,1:16664627,1,16664627,5.375063e-10,SORBI_3001G187000,0.614649
"13-Keto-9Z,11E-octadecadienoic acid",LIN,individual,1:16664627,1,16664627,5.375063e-10,SORBI_3001G187100,0.614649
"13-Keto-9Z,11E-octadecadienoic acid",LIN,individual,1:16664627,1,16664627,5.375063e-10,SORBI_3001G187200,0.61392
"13-Keto-9Z,11E-octadecadienoic acid",LIN,individual,1:16664627,1,16664627,5.375063e-10,SORBI_3001G187000,0.61361
"13-Keto-9Z,11E-octadecadienoic acid",LIN,individual,1:16664627,1,16664627,5.375063e-10,SORBI_3001G186850,0.612081
"13-Keto-9Z,11E-octadecadienoic acid",LIN,individual,1:16664627,1,16664627,5.375063e-10,SORBI_3001G187300,0.61178
"13-Keto-9Z,11E-octadecadienoic acid",LIN,individual,1:16664627,1,16664627,5.375063e-10,SORBI_3001G187100,0.610897
"13-Keto-9Z,11E-octadecadienoic acid",LIN,individual,1:16664627,1,16664627,5.375063e-10,SORBI_3001G188500,0.609269
"13-Keto-9Z,11E-octadecadienoic acid",LIN,individual,1:16664627,1,16664627,5.375063e-10,SORBI_3001G188700,0.609269
"13-Keto-9Z,11E-octadecadienoic acid",LIN,individual,1:16664627,1,16664627,5.375063e-10,SORBI_3001G188900,0.609269
"13-Keto-9Z,11E-octadecadienoic acid",LIN,individual,1:16664627,1,16664627,5.375063e-10,SORBI_3001G187300,0.608779
"13-Keto-9Z,11E-octadecadienoic acid",LIN,individual,1:16664627,1,16664627,5.375063e-10,SORBI_3001G186850,0.60551
"13-Keto-9Z,11E-octadecadienoic acid",LIN,individual,1:16664627,1,16664627,5.375063e-10,SORBI_3001G188500,0.605185
"13-Keto-9Z,11E-octadecadienoic acid",LIN,individual,1:16664627,1,16664627,5.375063e-10,SORBI_3001G188400,0.603083
"13-Keto-9Z,11E-octadecadienoic acid",LIN,individual,1:16664627,1,16664627,5.375063e-10,SORBI_3001G188500,0.603083
"13-Keto-9Z,11E-octadecadienoic acid",LIN,individual,1:16664627,1,16664627,5.375063e-10,SORBI_3001G188700,0.603083
"13-Keto-9Z,11E-octadecadienoic acid",LIN,individual,1:16664627,1,16664627,5.375063e-10,SORBI_3001G188900,0.603083
"13-Keto-9Z,11E-octadecadienoic acid",LIN,individual,1:16664627,1,16664627,5.375063e-10,SORBI_3001G187200,0.602283
"13-Keto-9Z,11E-octadecadienoic acid",LIN,individual,1:16664627,1,16664627,5.375063e-10,SORBI_3001G187200,0.601563
"13-Keto-9Z,11E-octadecadienoic acid",LIN,individual,7:63582652,7,63582652,8.137203e-10,SORBI_3007G205400,1
"13-Keto-9Z,11E-octadecadienoic acid",LIN,individual,7:63582652,7,63582652,8.137203e-10,SORBI_3007G205400,1
"13-Keto-9Z,11E-octadecadienoic acid",LIN,individual,7:63582652,7,63582652,8.137203e-10,SORBI_3007G207400,0.642101
"13-Keto-9Z,11E-octadecadienoic acid",LIN,individual,4:1377114,4,1377114,1.00547e-09,SORBI_3004G017500,0.849018
"13-Keto-9Z,11E-octadecadienoic acid",LIN,individual,10:5743956,10,5743956,1.013166e-09,SORBI_3010G071600,0.671171
"13-Keto-9Z,11E-octadecadienoic acid",LIN,individual,3:69045226,3,69045226,1.169214e-09,SORBI_3003G375800,1
"13-Keto-9Z,11E-octadecadienoic acid",LIN,individual,3:69045226,3,69045226,1.169214e-09,SORBI_3003G375800,1
"13-Keto-9Z,11E-octadecadienoic acid",LIN,individual,3:69045226,3,69045226,1.169214e-09,SORBI_3003G375800,0.989825
"13-Keto-9Z,11E-octadecadienoic acid",LIN,individual,3:69045226,3,69045226,1.169214e-09,SORBI_3003G375900,0.950616
"13-Keto-9Z,11E-octadecadienoic acid",LIN,individual,3:69045226,3,69045226,1.169214e-09,SORBI_3003G375900,0.94127
"13-Keto-9Z,11E-octadecadienoic acid",LIN,individual,3:69045226,3,69045226,1.169214e-09,SORBI_3003G375900,0.939034
"13-Keto-9Z,11E-octadecadienoic acid",LIN,individual,3:69045226,3,69045226,1.169214e-09,SORBI_3003G375900,0.929518
"13-Keto-9Z,11E-octadecadienoic acid",LIN,individual,3:69045226,3,69045226,1.169214e-09,SORBI_3003G375900,0.91792
"13-Keto-9Z,11E-octadecadienoic acid",LIN,individual,3:69045226,3,69045226,1.169214e-09,SORBI_3003G375900,0.880311
"13-Keto-9Z,11E-octadecadienoic acid",LIN,individual,3:69045226,3,69045226,1.169214e-09,SORBI_3003G376000,0.825083
"13-Keto-9Z,11E-octadecadienoic acid",LIN,individual,3:69045226,3,69045226,1.169214e-09,SORBI_3003G375500,0.817921
"13-Keto-9Z,11E-octadecadienoic acid",LIN,individual,3:69045226,3,69045226,1.169214e-09,SORBI_3003G375400,0.81245
"13-Keto-9Z,11E-octadecadienoic acid",LIN,individual,3:69045226,3,69045226,1.169214e-09,SORBI_3003G375300,0.807443
"13-Keto-9Z,11E-octadecadienoic acid",LIN,individual,3:69045226,3,69045226,1.169214e-09,SORBI_3003G375500,0.794443
"13-Keto-9Z,11E-octadecadienoic acid",LIN,individual,3:69045226,3,69045226,1.169214e-09,SORBI_3003G375400,0.781517
"13-Keto-9Z,11E-octadecadienoic acid",LIN,individual,3:69045226,3,69045226,1.169214e-09,SORBI_3003G373900,0.707423
"13-Keto-9Z,11E-octadecadienoic acid",LIN,individual,3:69045226,3,69045226,1.169214e-09,SORBI_3003G374000,0.666841
"13-Keto-9Z,11E-octadecadienoic acid",LIN,individual,3:69045226,3,69045226,1.169214e-09,SORBI_3003G376000,0.66471
"13-Keto-9Z,11E-octadecadienoic acid",LIN,individual,3:69045226,3,69045226,1.169214e-09,SORBI_3003G375700,0.654882
"13-Keto-9Z,11E-octadecadienoic acid",LIN,individual,3:69045226,3,69045226,1.169214e-09,SORBI_3003G375700,0.653997
"13-Keto-9Z,11E-octadecadienoic acid",LIN,individual,3:69045226,3,69045226,1.169214e-09,SORBI_3003G374100,0.651722
"13-Keto-9Z,11E-octadecadienoic acid",LIN,individual,3:69045226,3,69045226,1.169214e-09,SORBI_3003G375900,0.651072
"13-Keto-9Z,11E-octadecadienoic acid",LIN,individual,3:69045226,3,69045226,1.169214e-09,SORBI_3003G374000,0.640244
"13-Keto-9Z,11E-octadecadienoic acid",LIN,individual,3:69045226,3,69045226,1.169214e-09,SORBI_3003G374100,0.626526
"13-Keto-9Z,11E-octadecadienoic acid",LIN,individual,3:69045226,3,69045226,1.169214e-09,SORBI_3003G374200,0.626526
"13-Keto-9Z,11E-octadecadienoic acid",LIN,individual,3:69045226,3,69045226,1.169214e-09,SORBI_3003G375700,0.617199
"13-Keto-9Z,11E-octadecadienoic acid",LIN,individual,3:69045226,3,69045226,1.169214e-09,SORBI_3003G374200,0.614367
"13-Keto-9Z,11E-octadecadienoic acid",LIN,individual,3:69045226,3,69045226,1.169214e-09,SORBI_3003G374200,0.602334
"13-Keto-9Z,11E-octadecadienoic acid",LIN,individual,4:4236742,4,4236742,1.219427e-09,SORBI_3004G052200,1
"13-Keto-9Z,11E-octadecadienoic acid",LIN,individual,4:4236742,4,4236742,1.219427e-09,SORBI_3004G052200,1
"13-Keto-9Z,11E-octadecadienoic acid",LIN,individual,4:4236742,4,4236742,1.219427e-09,SORBI_3004G049900,0.739511
"13-Keto-9Z,11E-octadecadienoic acid",LIN,individual,4:4236742,4,4236742,1.219427e-09,SORBI_3004G052300,0.668851
"13-Keto-9Z,11E-octadecadienoic acid",LIN,individual,3:69043207,3,69043207,1.241277e-09,SORBI_3003G375800,1
"13-Keto-9Z,11E-octadecadienoic acid",LIN,individual,3:69043207,3,69043207,1.241277e-09,SORBI_3003G375800,1
"13-Keto-9Z,11E-octadecadienoic acid",LIN,individual,3:69043207,3,69043207,1.241277e-09,SORBI_3003G375800,0.989825
"13-Keto-9Z,11E-octadecadienoic acid",LIN,individual,3:69043207,3,69043207,1.241277e-09,SORBI_3003G375900,0.960388
"13-Keto-9Z,11E-octadecadienoic acid",LIN,individual,3:69043207,3,69043207,1.241277e-09,SORBI_3003G375900,0.950946
"13-Keto-9Z,11E-octadecadienoic acid",LIN,individual,3:69043207,3,69043207,1.241277e-09,SORBI_3003G375900,0.94947
"13-Keto-9Z,11E-octadecadienoic acid",LIN,individual,3:69043207,3,69043207,1.241277e-09,SORBI_3003G375900,0.939849
"13-Keto-9Z,11E-octadecadienoic acid",LIN,individual,3:69043207,3,69043207,1.241277e-09,SORBI_3003G375900,0.92892
"13-Keto-9Z,11E-octadecadienoic acid",LIN,individual,3:69043207,3,69043207,1.241277e-09,SORBI_3003G375900,0.88936
"13-Keto-9Z,11E-octadecadienoic acid",LIN,individual,3:69043207,3,69043207,1.241277e-09,SORBI_3003G376000,0.838157
"13-Keto-9Z,11E-octadecadienoic acid",LIN,individual,3:69043207,3,69043207,1.241277e-09,SORBI_3003G375500,0.828477
"13-Keto-9Z,11E-octadecadienoic acid",LIN,individual,3:69043207,3,69043207,1.241277e-09,SORBI_3003G375300,0.81713
"13-Keto-9Z,11E-octadecadienoic acid",LIN,individual,3:69043207,3,69043207,1.241277e-09,SORBI_3003G375400,0.804699
"13-Keto-9Z,11E-octadecadienoic acid",LIN,individual,3:69043207,3,69043207,1.241277e-09,SORBI_3003G375500,0.804699
"13-Keto-9Z,11E-octadecadienoic acid",LIN,individual,3:69043207,3,69043207,1.241277e-09,SORBI_3003G375400,0.79235
"13-Keto-9Z,11E-octadecadienoic acid",LIN,individual,3:69043207,3,69043207,1.241277e-09,SORBI_3003G373900,0.721934
"13-Keto-9Z,11E-octadecadienoic acid",LIN,individual,3:69043207,3,69043207,1.241277e-09,SORBI_3003G374000,0.682314
"13-Keto-9Z,11E-octadecadienoic acid",LIN,individual,3:69043207,3,69043207,1.241277e-09,SORBI_3003G376000,0.675306
"13-Keto-9Z,11E-octadecadienoic acid",LIN,individual,3:69043207,3,69043207,1.241277e-09,SORBI_3003G374100,0.668772
"13-Keto-9Z,11E-octadecadienoic acid",LIN,individual,3:69043207,3,69043207,1.241277e-09,SORBI_3003G375900,0.658325
"13-Keto-9Z,11E-octadecadienoic acid",LIN,individual,3:69043207,3,69043207,1.241277e-09,SORBI_3003G375700,0.649343
"13-Keto-9Z,11E-octadecadienoic acid",LIN,individual,3:69043207,3,69043207,1.241277e-09,SORBI_3003G375700,0.647726
"13-Keto-9Z,11E-octadecadienoic acid",LIN,individual,3:69043207,3,69043207,1.241277e-09,SORBI_3003G374100,0.642936
"13-Keto-9Z,11E-octadecadienoic acid",LIN,individual,3:69043207,3,69043207,1.241277e-09,SORBI_3003G374200,0.642936
"13-Keto-9Z,11E-octadecadienoic acid",LIN,individual,3:69043207,3,69043207,1.241277e-09,SORBI_3003G374000,0.637781
"13-Keto-9Z,11E-octadecadienoic acid",LIN,individual,3:69043207,3,69043207,1.241277e-09,SORBI_3003G374200,0.631454
"13-Keto-9Z,11E-octadecadienoic acid",LIN,individual,3:69043207,3,69043207,1.241277e-09,SORBI_3003G375700,0.624645
"13-Keto-9Z,11E-octadecadienoic acid",LIN,individual,3:69043207,3,69043207,1.241277e-09,SORBI_3003G374200,0.620121
"13-Keto-9Z,11E-octadecadienoic acid",LIN,individual,3:69043207,3,69043207,1.241277e-09,SORBI_3003G374500,0.602913
"13-Keto-9Z,11E-octadecadienoic acid",LIN,individual,3:69049131,3,69049131,1.273108e-09,SORBI_3003G375900,1
"13-Keto-9Z,11E-octadecadienoic acid",LIN,individual,3:69049131,3,69049131,1.273108e-09,SORBI_3003G375900,1
"13-Keto-9Z,11E-octadecadienoic acid",LIN,individual,3:69049131,3,69049131,1.273108e-09,SORBI_3003G375900,0.990172
"13-Keto-9Z,11E-octadecadienoic acid",LIN,individual,3:69049131,3,69049131,1.273108e-09,SORBI_3003G375900,0.980436
"13-Keto-9Z,11E-octadecadienoic acid",LIN,individual,3:69049131,3,69049131,1.273108e-09,SORBI_3003G375900,0.979587
"13-Keto-9Z,11E-octadecadienoic acid",LIN,individual,3:69049131,3,69049131,1.273108e-09,SORBI_3003G375900,0.969766
"13-Keto-9Z,11E-octadecadienoic acid",LIN,individual,3:69049131,3,69049131,1.273108e-09,SORBI_3003G375800,0.94947
"13-Keto-9Z,11E-octadecadienoic acid",LIN,individual,3:69049131,3,69049131,1.273108e-09,SORBI_3003G375800,0.939034
"13-Keto-9Z,11E-octadecadienoic acid",LIN,individual,3:69049131,3,69049131,1.273108e-09,SORBI_3003G375900,0.843846
"13-Keto-9Z,11E-octadecadienoic acid",LIN,individual,3:69049131,3,69049131,1.273108e-09,SORBI_3003G376000,0.829522
"13-Keto-9Z,11E-octadecadienoic acid",LIN,individual,3:69049131,3,69049131,1.273108e-09,SORBI_3003G375500,0.783906
"13-Keto-9Z,11E-octadecadienoic acid",LIN,individual,3:69049131,3,69049131,1.273108e-09,SORBI_3003G375300,0.773787
"13-Keto-9Z,11E-octadecadienoic acid",LIN,individual,3:69049131,3,69049131,1.273108e-09,SORBI_3003G375400,0.761312
"13-Keto-9Z,11E-octadecadienoic acid",LIN,individual,3:69049131,3,69049131,1.273108e-09,SORBI_3003G375500,0.761312
"13-Keto-9Z,11E-octadecadienoic acid",LIN,individual,3:69049131,3,69049131,1.273108e-09,SORBI_3003G375400,0.748907
"13-Keto-9Z,11E-octadecadienoic acid",LIN,individual,3:69049131,3,69049131,1.273108e-09,SORBI_3003G376000,0.732858
"13-Keto-9Z,11E-octadecadienoic acid",LIN,individual,3:69049131,3,69049131,1.273108e-09,SORBI_3003G373900,0.71439
"13-Keto-9Z,11E-octadecadienoic acid",LIN,individual,3:69049131,3,69049131,1.273108e-09,SORBI_3003G375900,0.679296
"13-Keto-9Z,11E-octadecadienoic acid",LIN,individual,3:69049131,3,69049131,1.273108e-09,SORBI_3003G374000,0.675174
"13-Keto-9Z,11E-octadecadienoic acid",LIN,individual,3:69049131,3,69049131,1.273108e-09,SORBI_3003G374100,0.661814
"13-Keto-9Z,11E-octadecadienoic acid",LIN,individual,3:69049131,3,69049131,1.273108e-09,SORBI_3003G374100,0.636198
"13-Keto-9Z,11E-octadecadienoic acid",LIN,individual,3:69049131,3,69049131,1.273108e-09,SORBI_3003G374200,0.636198
"13-Keto-9Z,11E-octadecadienoic acid",LIN,individual,3:69049131,3,69049131,1.273108e-09,SORBI_3003G374000,0.631008
"13-Keto-9Z,11E-octadecadienoic acid",LIN,individual,3:69049131,3,69049131,1.273108e-09,SORBI_3003G375700,0.626564
"13-Keto-9Z,11E-octadecadienoic acid",LIN,individual,3:69049131,3,69049131,1.273108e-09,SORBI_3003G375700,0.625361
"13-Keto-9Z,11E-octadecadienoic acid",LIN,individual,3:69049131,3,69049131,1.273108e-09,SORBI_3003G374200,0.624832
"13-Keto-9Z,11E-octadecadienoic acid",LIN,individual,3:69049131,3,69049131,1.273108e-09,SORBI_3003G374200,0.613612
"13-Keto-9Z,11E-octadecadienoic acid",LIN,individual,3:65033858,3,65033858,1.451887e-09,SORBI_3003G323700,1
"13-Keto-9Z,11E-octadecadienoic acid",LIN,individual,3:65033858,3,65033858,1.451887e-09,SORBI_3003G323700,1
"13-Keto-9Z,11E-octadecadienoic acid",LIN,individual,4:3999007,4,3999007,1.497681e-09,SORBI_3004G049500,0.926357
"13-Keto-9Z,11E-octadecadienoic acid",LIN,individual,4:3999007,4,3999007,1.497681e-09,SORBI_3004G049500,0.877642
"13-Keto-9Z,11E-octadecadienoic acid",LIN,individual,4:3999007,4,3999007,1.497681e-09,SORBI_3004G049600,0.877278
"13-Keto-9Z,11E-octadecadienoic acid",LIN,individual,4:3999007,4,3999007,1.497681e-09,SORBI_3004G049700,0.877278
"13-Keto-9Z,11E-octadecadienoic acid",LIN,individual,4:3999007,4,3999007,1.497681e-09,SORBI_3004G049600,0.867993
"13-Keto-9Z,11E-octadecadienoic acid",LIN,individual,4:3999007,4,3999007,1.497681e-09,SORBI_3004G049800,0.823148
"13-Keto-9Z,11E-octadecadienoic acid",LIN,individual,4:3999007,4,3999007,1.497681e-09,SORBI_3004G049800,0.800815
"13-Keto-9Z,11E-octadecadienoic acid",LIN,individual,4:3999007,4,3999007,1.497681e-09,SORBI_3004G047200,0.672087
"13-Keto-9Z,11E-octadecadienoic acid",LIN,individual,4:3999007,4,3999007,1.497681e-09,SORBI_3004G047700,0.649882
"13-Keto-9Z,11E-octadecadienoic acid",LIN,individual,4:3999007,4,3999007,1.497681e-09,SORBI_3004G047200,0.648825
"13-Keto-9Z,11E-octadecadienoic acid",LIN,individual,4:3999007,4,3999007,1.497681e-09,SORBI_3004G049900,0.642032
"13-Keto-9Z,11E-octadecadienoic acid",LIN,individual,4:3999007,4,3999007,1.497681e-09,SORBI_3004G047200,0.640025
"13-Keto-9Z,11E-octadecadienoic acid",LIN,individual,4:3999007,4,3999007,1.497681e-09,SORBI_3004G047600,0.622952
"13-Keto-9Z,11E-octadecadienoic acid",LIN,individual,4:3999007,4,3999007,1.497681e-09,SORBI_3004G047700,0.622952
"13-Keto-9Z,11E-octadecadienoic acid",LIN,individual,4:3999007,4,3999007,1.497681e-09,SORBI_3004G049700,0.622241
"13-Keto-9Z,11E-octadecadienoic acid",LIN,individual,4:3999007,4,3999007,1.497681e-09,SORBI_3004G047001,0.60244
"13-Keto-9Z,11E-octadecadienoic acid",LIN,individual,3:69049105,3,69049105,1.51935e-09,SORBI_3003G375900,1
"13-Keto-9Z,11E-octadecadienoic acid",LIN,individual,3:69049105,3,69049105,1.51935e-09,SORBI_3003G375900,1
"13-Keto-9Z,11E-octadecadienoic acid",LIN,individual,3:69049116,3,69049116,1.51935e-09,SORBI_3003G375900,1
"13-Keto-9Z,11E-octadecadienoic acid",LIN,individual,3:69049116,3,69049116,1.51935e-09,SORBI_3003G375900,1
"13-Keto-9Z,11E-octadecadienoic acid",LIN,individual,3:69049105,3,69049105,1.51935e-09,SORBI_3003G375900,0.980691
"13-Keto-9Z,11E-octadecadienoic acid",LIN,individual,3:69049116,3,69049116,1.51935e-09,SORBI_3003G375900,0.980691
"13-Keto-9Z,11E-octadecadienoic acid",LIN,individual,3:69049105,3,69049105,1.51935e-09,SORBI_3003G375900,0.979587
"13-Keto-9Z,11E-octadecadienoic acid",LIN,individual,3:69049116,3,69049116,1.51935e-09,SORBI_3003G375900,0.979587
"13-Keto-9Z,11E-octadecadienoic acid",LIN,individual,3:69049105,3,69049105,1.51935e-09,SORBI_3003G375900,0.970314
"13-Keto-9Z,11E-octadecadienoic acid",LIN,individual,3:69049116,3,69049116,1.51935e-09,SORBI_3003G375900,0.970314
"13-Keto-9Z,11E-octadecadienoic acid",LIN,individual,3:69049105,3,69049105,1.51935e-09,SORBI_3003G375900,0.969635
"13-Keto-9Z,11E-octadecadienoic acid",LIN,individual,3:69049116,3,69049116,1.51935e-09,SORBI_3003G375900,0.969635
"13-Keto-9Z,11E-octadecadienoic acid",LIN,individual,3:69049105,3,69049105,1.51935e-09,SORBI_3003G375800,0.92892
"13-Keto-9Z,11E-octadecadienoic acid",LIN,individual,3:69049116,3,69049116,1.51935e-09,SORBI_3003G375800,0.92892
"13-Keto-9Z,11E-octadecadienoic acid",LIN,individual,3:69049105,3,69049105,1.51935e-09,SORBI_3003G375800,0.91792
"13-Keto-9Z,11E-octadecadienoic acid",LIN,individual,3:69049116,3,69049116,1.51935e-09,SORBI_3003G375800,0.91792
"13-Keto-9Z,11E-octadecadienoic acid",LIN,individual,3:69049105,3,69049105,1.51935e-09,SORBI_3003G375900,0.825284
"13-Keto-9Z,11E-octadecadienoic acid",LIN,individual,3:69049116,3,69049116,1.51935e-09,SORBI_3003G375900,0.825284
"13-Keto-9Z,11E-octadecadienoic acid",LIN,individual,3:69049105,3,69049105,1.51935e-09,SORBI_3003G376000,0.807718
"13-Keto-9Z,11E-octadecadienoic acid",LIN,individual,3:69049116,3,69049116,1.51935e-09,SORBI_3003G376000,0.807718
"13-Keto-9Z,11E-octadecadienoic acid",LIN,individual,3:69049105,3,69049105,1.51935e-09,SORBI_3003G375500,0.782275
"13-Keto-9Z,11E-octadecadienoic acid",LIN,individual,3:69049116,3,69049116,1.51935e-09,SORBI_3003G375500,0.782275
"13-Keto-9Z,11E-octadecadienoic acid",LIN,individual,3:69049105,3,69049105,1.51935e-09,SORBI_3003G375300,0.755314
"13-Keto-9Z,11E-octadecadienoic acid",LIN,individual,3:69049116,3,69049116,1.51935e-09,SORBI_3003G375300,0.755314
"13-Keto-9Z,11E-octadecadienoic acid",LIN,individual,3:69049105,3,69049105,1.51935e-09,SORBI_3003G375400,0.742426
"13-Keto-9Z,11E-octadecadienoic acid",LIN,individual,3:69049105,3,69049105,1.51935e-09,SORBI_3003G375500,0.742426
"13-Keto-9Z,11E-octadecadienoic acid",LIN,individual,3:69049116,3,69049116,1.51935e-09,SORBI_3003G375400,0.742426
"13-Keto-9Z,11E-octadecadienoic acid",LIN,individual,3:69049116,3,69049116,1.51935e-09,SORBI_3003G375500,0.742426
"13-Keto-9Z,11E-octadecadienoic acid",LIN,individual,3:69049105,3,69049105,1.51935e-09,SORBI_3003G375400,0.7296
"13-Keto-9Z,11E-octadecadienoic acid",LIN,individual,3:69049116,3,69049116,1.51935e-09,SORBI_3003G375400,0.7296
"13-Keto-9Z,11E-octadecadienoic acid",LIN,individual,3:69049105,3,69049105,1.51935e-09,SORBI_3003G376000,0.714579
"13-Keto-9Z,11E-octadecadienoic acid",LIN,individual,3:69049116,3,69049116,1.51935e-09,SORBI_3003G376000,0.714579
"13-Keto-9Z,11E-octadecadienoic acid",LIN,individual,3:69049105,3,69049105,1.51935e-09,SORBI_3003G373900,0.692312
"13-Keto-9Z,11E-octadecadienoic acid",LIN,individual,3:69049116,3,69049116,1.51935e-09,SORBI_3003G373900,0.692312
"13-Keto-9Z,11E-octadecadienoic acid",LIN,individual,3:69049105,3,69049105,1.51935e-09,SORBI_3003G375900,0.678785
"13-Keto-9Z,11E-octadecadienoic acid",LIN,individual,3:69049116,3,69049116,1.51935e-09,SORBI_3003G375900,0.678785
"13-Keto-9Z,11E-octadecadienoic acid",LIN,individual,3:69049105,3,69049105,1.51935e-09,SORBI_3003G374000,0.652574
"13-Keto-9Z,11E-octadecadienoic acid",LIN,individual,3:69049116,3,69049116,1.51935e-09,SORBI_3003G374000,0.652574
"13-Keto-9Z,11E-octadecadienoic acid",LIN,individual,3:69049105,3,69049105,1.51935e-09,SORBI_3003G374100,0.637852
"13-Keto-9Z,11E-octadecadienoic acid",LIN,individual,3:69049116,3,69049116,1.51935e-09,SORBI_3003G374100,0.637852
"13-Keto-9Z,11E-octadecadienoic acid",LIN,individual,3:69049105,3,69049105,1.51935e-09,SORBI_3003G375700,0.624169
"13-Keto-9Z,11E-octadecadienoic acid",LIN,individual,3:69049116,3,69049116,1.51935e-09,SORBI_3003G375700,0.624169
"13-Keto-9Z,11E-octadecadienoic acid",LIN,individual,3:69049105,3,69049105,1.51935e-09,SORBI_3003G374100,0.613096
"13-Keto-9Z,11E-octadecadienoic acid",LIN,individual,3:69049105,3,69049105,1.51935e-09,SORBI_3003G374200,0.613096
"13-Keto-9Z,11E-octadecadienoic acid",LIN,individual,3:69049116,3,69049116,1.51935e-09,SORBI_3003G374100,0.613096
"13-Keto-9Z,11E-octadecadienoic acid",LIN,individual,3:69049116,3,69049116,1.51935e-09,SORBI_3003G374200,0.613096
"13-Keto-9Z,11E-octadecadienoic acid",LIN,individual,3:69049105,3,69049105,1.51935e-09,SORBI_3003G374000,0.608886
"13-Keto-9Z,11E-octadecadienoic acid",LIN,individual,3:69049116,3,69049116,1.51935e-09,SORBI_3003G374000,0.608886
"13-Keto-9Z,11E-octadecadienoic acid",LIN,individual,3:69049105,3,69049105,1.51935e-09,SORBI_3003G375700,0.608789
"13-Keto-9Z,11E-octadecadienoic acid",LIN,individual,3:69049116,3,69049116,1.51935e-09,SORBI_3003G375700,0.608789
"13-Keto-9Z,11E-octadecadienoic acid",LIN,individual,3:69049105,3,69049105,1.51935e-09,SORBI_3003G374200,0.601185
"13-Keto-9Z,11E-octadecadienoic acid",LIN,individual,3:69049116,3,69049116,1.51935e-09,SORBI_3003G374200,0.601185
"13-Keto-9Z,11E-octadecadienoic acid",LIN,individual,8:1415414,8,1415414,1.605798e-09,SORBI_3008G017200,1
"13-Keto-9Z,11E-octadecadienoic acid",LIN,individual,8:1415414,8,1415414,1.605798e-09,SORBI_3008G017200,1
"13-Keto-9Z,11E-octadecadienoic acid",LIN,individual,8:1415414,8,1415414,1.605798e-09,SORBI_3008G019000,1
"13-Keto-9Z,11E-octadecadienoic acid",LIN,individual,8:1415414,8,1415414,1.605798e-09,SORBI_3008G016850,0.917699
"13-Keto-9Z,11E-octadecadienoic acid",LIN,individual,8:1415414,8,1415414,1.605798e-09,SORBI_3008G016900,0.715045
"13-Keto-9Z,11E-octadecadienoic acid",LIN,individual,8:1415414,8,1415414,1.605798e-09,SORBI_3008G016900,0.683827
"13-Keto-9Z,11E-octadecadienoic acid",LIN,individual,8:1415414,8,1415414,1.605798e-09,SORBI_3008G016900,0.682512
"13-Keto-9Z,11E-octadecadienoic acid",LIN,individual,8:1415414,8,1415414,1.605798e-09,SORBI_3008G016850,0.669375
"13-Keto-9Z,11E-octadecadienoic acid",LIN,individual,8:1415414,8,1415414,1.605798e-09,SORBI_3008G016900,0.661478
"13-Keto-9Z,11E-octadecadienoic acid",LIN,individual,8:1415414,8,1415414,1.605798e-09,SORBI_3008G016850,0.657889
"13-Keto-9Z,11E-octadecadienoic acid",LIN,individual,8:1415414,8,1415414,1.605798e-09,SORBI_3008G016850,0.654052
"13-Keto-9Z,11E-octadecadienoic acid",LIN,individual,8:1415414,8,1415414,1.605798e-09,SORBI_3008G016900,0.639015
"13-Keto-9Z,11E-octadecadienoic acid",LIN,individual,8:1415414,8,1415414,1.605798e-09,SORBI_3008G016900,0.607408
"13-Keto-9Z,11E-octadecadienoic acid",LIN,individual,8:1415414,8,1415414,1.605798e-09,SORBI_3008G016850,0.606375
"13-Keto-9Z,11E-octadecadienoic acid",LIN,individual,8:1867689,8,1867689,1.610375e-09,SORBI_3008G021200,0.703776
"13-Keto-9Z,11E-octadecadienoic acid",LIN,individual,8:1867689,8,1867689,1.610375e-09,SORBI_3008G022701,0.624094
"13-Keto-9Z,11E-octadecadienoic acid",LIN,individual,8:1867689,8,1867689,1.610375e-09,SORBI_3008G022200,0.616649
"13-Keto-9Z,11E-octadecadienoic acid",LIN,individual,8:1867689,8,1867689,1.610375e-09,SORBI_3008G022701,0.61127
"13-Keto-9Z,11E-octadecadienoic acid",LIN,individual,8:1867689,8,1867689,1.610375e-09,SORBI_3008G022701,0.604479
"13-Keto-9Z,11E-octadecadienoic acid",LIN,individual,4:4238262,4,4238262,1.674881e-09,SORBI_3004G052200,0.700857
"13-Keto-9Z,11E-octadecadienoic acid",LIN,individual,4:4238262,4,4238262,1.674881e-09,SORBI_3004G052300,0.62391
"13-Keto-9Z,11E-octadecadienoic acid",LIN,individual,4:4238262,4,4238262,1.674881e-09,SORBI_3004G049900,0.602174
"13-Keto-9Z,11E-octadecadienoic acid",LIN,individual,4:53723645,4,53723645,1.812011e-09,SORBI_3004G183800,0.963785
"13-Keto-9Z,11E-octadecadienoic acid",LIN,individual,4:53723645,4,53723645,1.812011e-09,SORBI_3004G183800,0.961369
"13-Keto-9Z,11E-octadecadienoic acid",LIN,individual,4:53723645,4,53723645,1.812011e-09,SORBI_3004G183600,0.922569
"13-Keto-9Z,11E-octadecadienoic acid",LIN,individual,4:53723645,4,53723645,1.812011e-09,SORBI_3004G183701,0.922569
"13-Keto-9Z,11E-octadecadienoic acid",LIN,individual,4:53723645,4,53723645,1.812011e-09,SORBI_3004G183501,0.922461
"13-Keto-9Z,11E-octadecadienoic acid",LIN,individual,4:53723645,4,53723645,1.812011e-09,SORBI_3004G183400,0.881328
"13-Keto-9Z,11E-octadecadienoic acid",LIN,individual,4:53723645,4,53723645,1.812011e-09,SORBI_3004G183800,0.761364
"13-Keto-9Z,11E-octadecadienoic acid",LIN,individual,4:53723645,4,53723645,1.812011e-09,SORBI_3004G183800,0.744542
"13-Keto-9Z,11E-octadecadienoic acid",LIN,individual,4:53723645,4,53723645,1.812011e-09,SORBI_3004G181900,0.713469
"13-Keto-9Z,11E-octadecadienoic acid",LIN,individual,4:53723645,4,53723645,1.812011e-09,SORBI_3004G181800,0.684704
"13-Keto-9Z,11E-octadecadienoic acid",LIN,individual,4:53723645,4,53723645,1.812011e-09,SORBI_3004G181900,0.676153
"13-Keto-9Z,11E-octadecadienoic acid",LIN,individual,4:53723645,4,53723645,1.812011e-09,SORBI_3004G182100,0.676062
"13-Keto-9Z,11E-octadecadienoic acid",LIN,individual,4:53723645,4,53723645,1.812011e-09,SORBI_3004G182201,0.67415
"13-Keto-9Z,11E-octadecadienoic acid",LIN,individual,4:53723645,4,53723645,1.812011e-09,SORBI_3004G182000,0.67251
"13-Keto-9Z,11E-octadecadienoic acid",LIN,individual,4:53723645,4,53723645,1.812011e-09,SORBI_3004G184200,0.621396
"13-Keto-9Z,11E-octadecadienoic acid",LIN,individual,4:53723645,4,53723645,1.812011e-09,SORBI_3004G183800,0.615583
"13-Keto-9Z,11E-octadecadienoic acid",LIN,individual,4:53723645,4,53723645,1.812011e-09,SORBI_3004G184200,0.603698
"13-Keto-9Z,11E-octadecadienoic acid",LIN,individual,1:4003166,1,4003166,1.823242e-09,SORBI_3001G051300,0.757087
"13-Keto-9Z,11E-octadecadienoic acid",LIN,individual,1:4003166,1,4003166,1.823242e-09,SORBI_3001G052500,0.74374
"13-Keto-9Z,11E-octadecadienoic acid",LIN,individual,1:4003166,1,4003166,1.823242e-09,SORBI_3001G052500,0.728115
"13-Keto-9Z,11E-octadecadienoic acid",LIN,individual,1:4003166,1,4003166,1.823242e-09,SORBI_3001G052500,0.711519
"13-Keto-9Z,11E-octadecadienoic acid",LIN,individual,1:4003166,1,4003166,1.823242e-09,SORBI_3001G052500,0.696982
"13-Keto-9Z,11E-octadecadienoic acid",LIN,individual,1:4003166,1,4003166,1.823242e-09,SORBI_3001G052600,0.693457
"13-Keto-9Z,11E-octadecadienoic acid",LIN,individual,1:4003166,1,4003166,1.823242e-09,SORBI_3001G052700,0.693457
"13-Keto-9Z,11E-octadecadienoic acid",LIN,individual,1:4003166,1,4003166,1.823242e-09,SORBI_3001G052800,0.693457
"13-Keto-9Z,11E-octadecadienoic acid",LIN,individual,1:4003166,1,4003166,1.823242e-09,SORBI_3001G052400,0.692738
"13-Keto-9Z,11E-octadecadienoic acid",LIN,individual,1:4003166,1,4003166,1.823242e-09,SORBI_3001G056200,0.686099
"13-Keto-9Z,11E-octadecadienoic acid",LIN,individual,1:4003166,1,4003166,1.823242e-09,SORBI_3001G052600,0.678694
"13-Keto-9Z,11E-octadecadienoic acid",LIN,individual,1:4003166,1,4003166,1.823242e-09,SORBI_3001G052800,0.677627
"13-Keto-9Z,11E-octadecadienoic acid",LIN,individual,1:4003166,1,4003166,1.823242e-09,SORBI_3001G052400,0.673945
"13-Keto-9Z,11E-octadecadienoic acid",LIN,individual,1:4003166,1,4003166,1.823242e-09,SORBI_3001G052500,0.670662
"13-Keto-9Z,11E-octadecadienoic acid",LIN,individual,1:4003166,1,4003166,1.823242e-09,SORBI_3001G052500,0.670601
"13-Keto-9Z,11E-octadecadienoic acid",LIN,individual,1:4003166,1,4003166,1.823242e-09,SORBI_3001G052500,0.665196
"13-Keto-9Z,11E-octadecadienoic acid",LIN,individual,1:4003166,1,4003166,1.823242e-09,SORBI_3001G052500,0.665105
"13-Keto-9Z,11E-octadecadienoic acid",LIN,individual,1:4003166,1,4003166,1.823242e-09,SORBI_3001G052400,0.658241
"13-Keto-9Z,11E-octadecadienoic acid",LIN,individual,1:4003166,1,4003166,1.823242e-09,SORBI_3001G052600,0.649089
"13-Keto-9Z,11E-octadecadienoic acid",LIN,individual,1:4003166,1,4003166,1.823242e-09,SORBI_3001G052350,0.632935
"13-Keto-9Z,11E-octadecadienoic acid",LIN,individual,1:4003166,1,4003166,1.823242e-09,SORBI_3001G052500,0.60503
"13-Keto-9Z,11E-octadecadienoic acid",LIN,individual,4:3961132,4,3961132,1.928682e-09,SORBI_3004G049200,0.972414
"13-Keto-9Z,11E-octadecadienoic acid",LIN,individual,4:3961132,4,3961132,1.928682e-09,SORBI_3004G049200,0.965047
"13-Keto-9Z,11E-octadecadienoic acid",LIN,individual,4:3961132,4,3961132,1.928682e-09,SORBI_3004G048600,0.918002
"13-Keto-9Z,11E-octadecadienoic acid",LIN,individual,4:3961132,4,3961132,1.928682e-09,SORBI_3004G048400,0.915503
"13-Keto-9Z,11E-octadecadienoic acid",LIN,individual,4:3961132,4,3961132,1.928682e-09,SORBI_3004G048800,0.910381
"13-Keto-9Z,11E-octadecadienoic acid",LIN,individual,4:3961132,4,3961132,1.928682e-09,SORBI_3004G048400,0.902815
"13-Keto-9Z,11E-octadecadienoic acid",LIN,individual,4:3961132,4,3961132,1.928682e-09,SORBI_3004G048600,0.89057
"13-Keto-9Z,11E-octadecadienoic acid",LIN,individual,4:3961132,4,3961132,1.928682e-09,SORBI_3004G048300,0.887682
"13-Keto-9Z,11E-octadecadienoic acid",LIN,individual,4:3961132,4,3961132,1.928682e-09,SORBI_3004G048500,0.84004
"13-Keto-9Z,11E-octadecadienoic acid",LIN,individual,4:3961132,4,3961132,1.928682e-09,SORBI_3004G048000,0.791434
"13-Keto-9Z,11E-octadecadienoic acid",LIN,individual,4:3961132,4,3961132,1.928682e-09,SORBI_3004G048300,0.781427
"13-Keto-9Z,11E-octadecadienoic acid",LIN,individual,4:3961132,4,3961132,1.928682e-09,SORBI_3004G048300,0.780933
"13-Keto-9Z,11E-octadecadienoic acid",LIN,individual,4:3961132,4,3961132,1.928682e-09,SORBI_3004G049200,0.774549
"13-Keto-9Z,11E-octadecadienoic acid",LIN,individual,4:3961132,4,3961132,1.928682e-09,SORBI_3004G048100,0.77093
"13-Keto-9Z,11E-octadecadienoic acid",LIN,individual,4:3961132,4,3961132,1.928682e-09,SORBI_3004G048100,0.76906
"13-Keto-9Z,11E-octadecadienoic acid",LIN,individual,4:3961132,4,3961132,1.928682e-09,SORBI_3004G048100,0.766108
"13-Keto-9Z,11E-octadecadienoic acid",LIN,individual,4:3961132,4,3961132,1.928682e-09,SORBI_3004G048700,0.711927
"13-Keto-9Z,11E-octadecadienoic acid",LIN,individual,4:3961132,4,3961132,1.928682e-09,SORBI_3004G048700,0.693381
"13-Keto-9Z,11E-octadecadienoic acid",LIN,individual,4:3961132,4,3961132,1.928682e-09,SORBI_3004G047700,0.663839
"13-Keto-9Z,11E-octadecadienoic acid",LIN,individual,4:3961132,4,3961132,1.928682e-09,SORBI_3004G047600,0.656788
"13-Keto-9Z,11E-octadecadienoic acid",LIN,individual,4:3961132,4,3961132,1.928682e-09,SORBI_3004G047700,0.656788
"13-Keto-9Z,11E-octadecadienoic acid",LIN,individual,4:3961132,4,3961132,1.928682e-09,SORBI_3004G048201,0.654015
"13-Keto-9Z,11E-octadecadienoic acid",LIN,individual,4:3961132,4,3961132,1.928682e-09,SORBI_3004G048700,0.654015
"13-Keto-9Z,11E-octadecadienoic acid",LIN,individual,4:3961132,4,3961132,1.928682e-09,SORBI_3004G048700,0.652674
"13-Keto-9Z,11E-octadecadienoic acid",LIN,individual,4:3961132,4,3961132,1.928682e-09,SORBI_3004G048700,0.649146
"13-Keto-9Z,11E-octadecadienoic acid",LIN,individual,4:3961132,4,3961132,1.928682e-09,SORBI_3004G048700,0.64726
"13-Keto-9Z,11E-octadecadienoic acid",LIN,individual,4:3961132,4,3961132,1.928682e-09,SORBI_3004G048700,0.647063
"13-Keto-9Z,11E-octadecadienoic acid",LIN,individual,4:3961132,4,3961132,1.928682e-09,SORBI_3004G048700,0.644709
"13-Keto-9Z,11E-octadecadienoic acid",LIN,individual,4:3961132,4,3961132,1.928682e-09,SORBI_3004G048700,0.643341
"13-Keto-9Z,11E-octadecadienoic acid",LIN,individual,4:3961132,4,3961132,1.928682e-09,SORBI_3004G048700,0.64316
"13-Keto-9Z,11E-octadecadienoic acid",LIN,individual,4:3961132,4,3961132,1.928682e-09,SORBI_3004G048700,0.643059
"13-Keto-9Z,11E-octadecadienoic acid",LIN,individual,4:3961132,4,3961132,1.928682e-09,SORBI_3004G048700,0.638331
"13-Keto-9Z,11E-octadecadienoic acid",LIN,individual,4:3961132,4,3961132,1.928682e-09,SORBI_3004G048700,0.637183
"13-Keto-9Z,11E-octadecadienoic acid",LIN,individual,4:3961132,4,3961132,1.928682e-09,SORBI_3004G048700,0.635421
"13-Keto-9Z,11E-octadecadienoic acid",LIN,individual,4:3961132,4,3961132,1.928682e-09,SORBI_3004G048700,0.634026
"13-Keto-9Z,11E-octadecadienoic acid",LIN,individual,4:3961132,4,3961132,1.928682e-09,SORBI_3004G048201,0.63184
"13-Keto-9Z,11E-octadecadienoic acid",LIN,individual,4:3961132,4,3961132,1.928682e-09,SORBI_3004G048700,0.630471
"13-Keto-9Z,11E-octadecadienoic acid",LIN,individual,4:3961132,4,3961132,1.928682e-09,SORBI_3004G047500,0.629877
"13-Keto-9Z,11E-octadecadienoic acid",LIN,individual,4:3961132,4,3961132,1.928682e-09,SORBI_3004G048700,0.62473
"13-Keto-9Z,11E-octadecadienoic acid",LIN,individual,4:3961132,4,3961132,1.928682e-09,SORBI_3004G047200,0.623795
"13-Keto-9Z,11E-octadecadienoic acid",LIN,individual,4:3961132,4,3961132,1.928682e-09,SORBI_3004G048700,0.621159
"13-Keto-9Z,11E-octadecadienoic acid",LIN,individual,4:3961132,4,3961132,1.928682e-09,SORBI_3004G047400,0.619074
"13-Keto-9Z,11E-octadecadienoic acid",LIN,individual,4:3961132,4,3961132,1.928682e-09,SORBI_3004G048700,0.61545
"13-Keto-9Z,11E-octadecadienoic acid",LIN,individual,4:3961132,4,3961132,1.928682e-09,SORBI_3004G048700,0.606189
"13-Keto-9Z,11E-octadecadienoic acid",LIN,individual,4:3961132,4,3961132,1.928682e-09,SORBI_3004G048700,0.605089
"13-Keto-9Z,11E-octadecadienoic acid",LIN,individual,4:3961132,4,3961132,1.928682e-09,SORBI_3004G047200,0.602437
"13-Keto-9Z,11E-octadecadienoic acid",LIN,individual,2:50147099,2,50147099,2.002997e-09,SORBI_3002G162500,0.889542
"13-Keto-9Z,11E-octadecadienoic acid",LIN,individual,2:50147099,2,50147099,2.002997e-09,SORBI_3002G161900,0.88938
"13-Keto-9Z,11E-octadecadienoic acid",LIN,individual,2:50147099,2,50147099,2.002997e-09,SORBI_3002G162000,0.88752
"13-Keto-9Z,11E-octadecadienoic acid",LIN,individual,2:50147099,2,50147099,2.002997e-09,SORBI_3002G161900,0.881162
"13-Keto-9Z,11E-octadecadienoic acid",LIN,individual,2:50147099,2,50147099,2.002997e-09,SORBI_3002G161800,0.880753
"13-Keto-9Z,11E-octadecadienoic acid",LIN,individual,2:50147099,2,50147099,2.002997e-09,SORBI_3002G161800,0.878558
"13-Keto-9Z,11E-octadecadienoic acid",LIN,individual,2:50147099,2,50147099,2.002997e-09,SORBI_3002G161900,0.878558
"13-Keto-9Z,11E-octadecadienoic acid",LIN,individual,2:50147099,2,50147099,2.002997e-09,SORBI_3002G162500,0.874083
"13-Keto-9Z,11E-octadecadienoic acid",LIN,individual,2:50147099,2,50147099,2.002997e-09,SORBI_3002G161900,0.872039
"13-Keto-9Z,11E-octadecadienoic acid",LIN,individual,2:50147099,2,50147099,2.002997e-09,SORBI_3002G162400,0.872039
"13-Keto-9Z,11E-octadecadienoic acid",LIN,individual,2:50147099,2,50147099,2.002997e-09,SORBI_3002G162000,0.872008
"13-Keto-9Z,11E-octadecadienoic acid",LIN,individual,2:50147099,2,50147099,2.002997e-09,SORBI_3002G161900,0.865615
"13-Keto-9Z,11E-octadecadienoic acid",LIN,individual,2:50147099,2,50147099,2.002997e-09,SORBI_3002G162400,0.865615
"13-Keto-9Z,11E-octadecadienoic acid",LIN,individual,2:50147099,2,50147099,2.002997e-09,SORBI_3002G161900,0.861124
"13-Keto-9Z,11E-octadecadienoic acid",LIN,individual,2:50147099,2,50147099,2.002997e-09,SORBI_3002G162450,0.86101
"13-Keto-9Z,11E-octadecadienoic acid",LIN,individual,2:50147099,2,50147099,2.002997e-09,SORBI_3002G161600,0.848129
"13-Keto-9Z,11E-octadecadienoic acid",LIN,individual,2:50147099,2,50147099,2.002997e-09,SORBI_3002G162000,0.82817
"13-Keto-9Z,11E-octadecadienoic acid",LIN,individual,2:50147099,2,50147099,2.002997e-09,SORBI_3002G162000,0.823476
"13-Keto-9Z,11E-octadecadienoic acid",LIN,individual,2:50147099,2,50147099,2.002997e-09,SORBI_3002G161600,0.806937
"13-Keto-9Z,11E-octadecadienoic acid",LIN,individual,2:50147099,2,50147099,2.002997e-09,SORBI_3002G161600,0.80095
"13-Keto-9Z,11E-octadecadienoic acid",LIN,individual,2:50147099,2,50147099,2.002997e-09,SORBI_3002G162450,0.79024
"13-Keto-9Z,11E-octadecadienoic acid",LIN,individual,2:50147099,2,50147099,2.002997e-09,SORBI_3002G161600,0.767733
"13-Keto-9Z,11E-octadecadienoic acid",LIN,individual,2:50147099,2,50147099,2.002997e-09,SORBI_3002G161700,0.747597
"13-Keto-9Z,11E-octadecadienoic acid",LIN,individual,2:50147099,2,50147099,2.002997e-09,SORBI_3002G162400,0.744098
"13-Keto-9Z,11E-octadecadienoic acid",LIN,individual,2:50147099,2,50147099,2.002997e-09,SORBI_3002G161600,0.719016
"13-Keto-9Z,11E-octadecadienoic acid",LIN,individual,2:50147099,2,50147099,2.002997e-09,SORBI_3002G162000,0.698572
"13-Keto-9Z,11E-octadecadienoic acid",LIN,individual,2:50147099,2,50147099,2.002997e-09,SORBI_3002G161600,0.652841
"13-Keto-9Z,11E-octadecadienoic acid",LIN,individual,2:50147099,2,50147099,2.002997e-09,SORBI_3002G161600,0.652087
"13-Keto-9Z,11E-octadecadienoic acid",LIN,individual,2:50147099,2,50147099,2.002997e-09,SORBI_3002G161600,0.651737
"13-Keto-9Z,11E-octadecadienoic acid",LIN,individual,2:50147099,2,50147099,2.002997e-09,SORBI_3002G161600,0.651567
"13-Keto-9Z,11E-octadecadienoic acid",LIN,individual,2:50147099,2,50147099,2.002997e-09,SORBI_3002G161600,0.65156
"13-Keto-9Z,11E-octadecadienoic acid",LIN,individual,2:50147099,2,50147099,2.002997e-09,SORBI_3002G161600,0.649868
"13-Keto-9Z,11E-octadecadienoic acid",LIN,individual,2:50147099,2,50147099,2.002997e-09,SORBI_3002G161600,0.640185
"13-Keto-9Z,11E-octadecadienoic acid",LIN,individual,2:50147099,2,50147099,2.002997e-09,SORBI_3002G161600,0.640062
"13-Keto-9Z,11E-octadecadienoic acid",LIN,individual,2:50147099,2,50147099,2.002997e-09,SORBI_3002G161600,0.63913
"13-Keto-9Z,11E-octadecadienoic acid",LIN,individual,2:50147099,2,50147099,2.002997e-09,SORBI_3002G161600,0.636283
"13-Keto-9Z,11E-octadecadienoic acid",LIN,individual,2:50147099,2,50147099,2.002997e-09,SORBI_3002G161600,0.636214
"13-Keto-9Z,11E-octadecadienoic acid",LIN,individual,2:50147099,2,50147099,2.002997e-09,SORBI_3002G161600,0.63612
"13-Keto-9Z,11E-octadecadienoic acid",LIN,individual,2:50147099,2,50147099,2.002997e-09,SORBI_3002G161600,0.62505
"13-Keto-9Z,11E-octadecadienoic acid",LIN,individual,2:50147099,2,50147099,2.002997e-09,SORBI_3002G161600,0.624861
"13-Keto-9Z,11E-octadecadienoic acid",LIN,individual,2:50147099,2,50147099,2.002997e-09,SORBI_3002G161900,0.624025
"13-Keto-9Z,11E-octadecadienoic acid",LIN,individual,2:50147099,2,50147099,2.002997e-09,SORBI_3002G161900,0.621644
"13-Keto-9Z,11E-octadecadienoic acid",LIN,individual,2:50147099,2,50147099,2.002997e-09,SORBI_3002G161600,0.621307
"13-Keto-9Z,11E-octadecadienoic acid",LIN,individual,2:50147099,2,50147099,2.002997e-09,SORBI_3002G161600,0.621211
"13-Keto-9Z,11E-octadecadienoic acid",LIN,individual,2:50147099,2,50147099,2.002997e-09,SORBI_3002G161600,0.620963
"13-Keto-9Z,11E-octadecadienoic acid",LIN,individual,2:50147099,2,50147099,2.002997e-09,SORBI_3002G161600,0.609616
"13-Keto-9Z,11E-octadecadienoic acid",LIN,individual,2:50147099,2,50147099,2.002997e-09,SORBI_3002G161900,0.608911
"13-Keto-9Z,11E-octadecadienoic acid",LIN,individual,2:50147099,2,50147099,2.002997e-09,SORBI_3002G161600,0.60777
"13-Keto-9Z,11E-octadecadienoic acid",LIN,individual,2:50147099,2,50147099,2.002997e-09,SORBI_3002G161600,0.607572
"13-Keto-9Z,11E-octadecadienoic acid",LIN,individual,2:50147099,2,50147099,2.002997e-09,SORBI_3002G161900,0.606515
"13-Keto-9Z,11E-octadecadienoic acid",LIN,individual,2:50147099,2,50147099,2.002997e-09,SORBI_3002G161900,0.604167
"13-Keto-9Z,11E-octadecadienoic acid",LIN,individual,2:50147099,2,50147099,2.002997e-09,SORBI_3002G161900,0.601869
"13-Keto-9Z,11E-octadecadienoic acid",LIN,individual,3:69049183,3,69049183,2.120944e-09,SORBI_3003G375900,1
"13-Keto-9Z,11E-octadecadienoic acid",LIN,individual,3:69049183,3,69049183,2.120944e-09,SORBI_3003G375900,1
"13-Keto-9Z,11E-octadecadienoic acid",LIN,individual,3:69049183,3,69049183,2.120944e-09,SORBI_3003G375900,0.990168
"13-Keto-9Z,11E-octadecadienoic acid",LIN,individual,3:69049183,3,69049183,2.120944e-09,SORBI_3003G375900,0.980691
"13-Keto-9Z,11E-octadecadienoic acid",LIN,individual,3:69049183,3,69049183,2.120944e-09,SORBI_3003G375900,0.980436
"13-Keto-9Z,11E-octadecadienoic acid",LIN,individual,3:69049183,3,69049183,2.120944e-09,SORBI_3003G375900,0.970452
"13-Keto-9Z,11E-octadecadienoic acid",LIN,individual,3:69049183,3,69049183,2.120944e-09,SORBI_3003G375800,0.950946
"13-Keto-9Z,11E-octadecadienoic acid",LIN,individual,3:69049183,3,69049183,2.120944e-09,SORBI_3003G375800,0.94127
"13-Keto-9Z,11E-octadecadienoic acid",LIN,individual,3:69049183,3,69049183,2.120944e-09,SORBI_3003G375900,0.844886
"13-Keto-9Z,11E-octadecadienoic acid",LIN,individual,3:69049183,3,69049183,2.120944e-09,SORBI_3003G376000,0.796743
"13-Keto-9Z,11E-octadecadienoic acid",LIN,individual,3:69049183,3,69049183,2.120944e-09,SORBI_3003G375500,0.786857
"13-Keto-9Z,11E-octadecadienoic acid",LIN,individual,3:69049183,3,69049183,2.120944e-09,SORBI_3003G375300,0.775963
"13-Keto-9Z,11E-octadecadienoic acid",LIN,individual,3:69049183,3,69049183,2.120944e-09,SORBI_3003G375400,0.764137
"13-Keto-9Z,11E-octadecadienoic acid",LIN,individual,3:69049183,3,69049183,2.120944e-09,SORBI_3003G375500,0.764137
"13-Keto-9Z,11E-octadecadienoic acid",LIN,individual,3:69049183,3,69049183,2.120944e-09,SORBI_3003G375400,0.752388
"13-Keto-9Z,11E-octadecadienoic acid",LIN,individual,3:69049183,3,69049183,2.120944e-09,SORBI_3003G376000,0.703133
"13-Keto-9Z,11E-octadecadienoic acid",LIN,individual,3:69049183,3,69049183,2.120944e-09,SORBI_3003G373900,0.685954
"13-Keto-9Z,11E-octadecadienoic acid",LIN,individual,3:69049183,3,69049183,2.120944e-09,SORBI_3003G375900,0.678992
"13-Keto-9Z,11E-octadecadienoic acid",LIN,individual,3:69049183,3,69049183,2.120944e-09,SORBI_3003G374000,0.648281
"13-Keto-9Z,11E-octadecadienoic acid",LIN,individual,3:69049183,3,69049183,2.120944e-09,SORBI_3003G374100,0.635531
"13-Keto-9Z,11E-octadecadienoic acid",LIN,individual,3:69049183,3,69049183,2.120944e-09,SORBI_3003G375700,0.615093
"13-Keto-9Z,11E-octadecadienoic acid",LIN,individual,3:69049183,3,69049183,2.120944e-09,SORBI_3003G375700,0.613039
"13-Keto-9Z,11E-octadecadienoic acid",LIN,individual,3:69049183,3,69049183,2.120944e-09,SORBI_3003G374100,0.610839
"13-Keto-9Z,11E-octadecadienoic acid",LIN,individual,3:69049183,3,69049183,2.120944e-09,SORBI_3003G374200,0.610839
"13-Keto-9Z,11E-octadecadienoic acid",LIN,individual,3:69049183,3,69049183,2.120944e-09,SORBI_3003G374000,0.605683
"13-Keto-9Z,11E-octadecadienoic acid",LIN,individual,7:63574242,7,63574242,2.336372e-09,SORBI_3007G205400,0.836666
"13-Keto-9Z,11E-octadecadienoic acid",LIN,individual,7:63576152,7,63576152,2.336372e-09,SORBI_3007G205400,0.836666
"13-Keto-9Z,11E-octadecadienoic acid",LIN,individual,7:63577081,7,63577081,2.336372e-09,SORBI_3007G205400,0.836666
"13-Keto-9Z,11E-octadecadienoic acid",LIN,individual,7:63577171,7,63577171,2.336372e-09,SORBI_3007G205400,0.836666
"13-Keto-9Z,11E-octadecadienoic acid",LIN,individual,7:63576647,7,63576647,2.336372e-09,SORBI_3007G205400,0.826423
"13-Keto-9Z,11E-octadecadienoic acid",LIN,individual,7:63574242,7,63574242,2.336372e-09,SORBI_3007G207400,0.65835
"13-Keto-9Z,11E-octadecadienoic acid",LIN,individual,7:63576152,7,63576152,2.336372e-09,SORBI_3007G207400,0.65835
"13-Keto-9Z,11E-octadecadienoic acid",LIN,individual,7:63576647,7,63576647,2.336372e-09,SORBI_3007G207400,0.65835
"13-Keto-9Z,11E-octadecadienoic acid",LIN,individual,7:63577081,7,63577081,2.336372e-09,SORBI_3007G207400,0.65835
"13-Keto-9Z,11E-octadecadienoic acid",LIN,individual,7:63577171,7,63577171,2.336372e-09,SORBI_3007G207400,0.65835
"13-Keto-9Z,11E-octadecadienoic acid",LIN,individual,4:3999139,4,3999139,2.531117e-09,SORBI_3004G049500,0.933834
"13-Keto-9Z,11E-octadecadienoic acid",LIN,individual,4:4003031,4,4003031,2.531117e-09,SORBI_3004G049500,0.933834
"13-Keto-9Z,11E-octadecadienoic acid",LIN,individual,4:3999139,4,3999139,2.531117e-09,SORBI_3004G049500,0.88513
"13-Keto-9Z,11E-octadecadienoic acid",LIN,individual,4:4003031,4,4003031,2.531117e-09,SORBI_3004G049500,0.88513
"13-Keto-9Z,11E-octadecadienoic acid",LIN,individual,4:3999139,4,3999139,2.531117e-09,SORBI_3004G049600,0.883971
"13-Keto-9Z,11E-octadecadienoic acid",LIN,individual,4:3999139,4,3999139,2.531117e-09,SORBI_3004G049700,0.883971
"13-Keto-9Z,11E-octadecadienoic acid",LIN,individual,4:4003031,4,4003031,2.531117e-09,SORBI_3004G049600,0.883971
"13-Keto-9Z,11E-octadecadienoic acid",LIN,individual,4:4003031,4,4003031,2.531117e-09,SORBI_3004G049700,0.883971
"13-Keto-9Z,11E-octadecadienoic acid",LIN,individual,4:3999139,4,3999139,2.531117e-09,SORBI_3004G049600,0.875002
"13-Keto-9Z,11E-octadecadienoic acid",LIN,individual,4:4003031,4,4003031,2.531117e-09,SORBI_3004G049600,0.875002
"13-Keto-9Z,11E-octadecadienoic acid",LIN,individual,4:3999139,4,3999139,2.531117e-09,SORBI_3004G049800,0.830174
"13-Keto-9Z,11E-octadecadienoic acid",LIN,individual,4:4003031,4,4003031,2.531117e-09,SORBI_3004G049800,0.830174
"13-Keto-9Z,11E-octadecadienoic acid",LIN,individual,4:3999139,4,3999139,2.531117e-09,SORBI_3004G049800,0.807653
"13-Keto-9Z,11E-octadecadienoic acid",LIN,individual,4:4003031,4,4003031,2.531117e-09,SORBI_3004G049800,0.807653
"13-Keto-9Z,11E-octadecadienoic acid",LIN,individual,4:3999139,4,3999139,2.531117e-09,SORBI_3004G047200,0.679187
"13-Keto-9Z,11E-octadecadienoic acid",LIN,individual,4:4003031,4,4003031,2.531117e-09,SORBI_3004G047200,0.679187
"13-Keto-9Z,11E-octadecadienoic acid",LIN,individual,4:3999139,4,3999139,2.531117e-09,SORBI_3004G047700,0.656083
"13-Keto-9Z,11E-octadecadienoic acid",LIN,individual,4:4003031,4,4003031,2.531117e-09,SORBI_3004G047700,0.656083
"13-Keto-9Z,11E-octadecadienoic acid",LIN,individual,4:3999139,4,3999139,2.531117e-09,SORBI_3004G047200,0.656036
"13-Keto-9Z,11E-octadecadienoic acid",LIN,individual,4:4003031,4,4003031,2.531117e-09,SORBI_3004G047200,0.656036
"13-Keto-9Z,11E-octadecadienoic acid",LIN,individual,4:3999139,4,3999139,2.531117e-09,SORBI_3004G049900,0.650268
"13-Keto-9Z,11E-octadecadienoic acid",LIN,individual,4:4003031,4,4003031,2.531117e-09,SORBI_3004G049900,0.650268
"13-Keto-9Z,11E-octadecadienoic acid",LIN,individual,4:3999139,4,3999139,2.531117e-09,SORBI_3004G047200,0.647145
"13-Keto-9Z,11E-octadecadienoic acid",LIN,individual,4:4003031,4,4003031,2.531117e-09,SORBI_3004G047200,0.647145
"13-Keto-9Z,11E-octadecadienoic acid",LIN,individual,4:3999139,4,3999139,2.531117e-09,SORBI_3004G047600,0.628902
"13-Keto-9Z,11E-octadecadienoic acid",LIN,individual,4:3999139,4,3999139,2.531117e-09,SORBI_3004G047700,0.628902
"13-Keto-9Z,11E-octadecadienoic acid",LIN,individual,4:4003031,4,4003031,2.531117e-09,SORBI_3004G047600,0.628902
"13-Keto-9Z,11E-octadecadienoic acid",LIN,individual,4:4003031,4,4003031,2.531117e-09,SORBI_3004G047700,0.628902
"13-Keto-9Z,11E-octadecadienoic acid",LIN,individual,4:3999139,4,3999139,2.531117e-09,SORBI_3004G049700,0.626988
"13-Keto-9Z,11E-octadecadienoic acid",LIN,individual,4:4003031,4,4003031,2.531117e-09,SORBI_3004G049700,0.626988
"13-Keto-9Z,11E-octadecadienoic acid",LIN,individual,4:3999139,4,3999139,2.531117e-09,SORBI_3004G047001,0.60883
"13-Keto-9Z,11E-octadecadienoic acid",LIN,individual,4:4003031,4,4003031,2.531117e-09,SORBI_3004G047001,0.60883
"13-Keto-9Z,11E-octadecadienoic acid",LIN,individual,1:61638536,1,61638536,2.591323e-09,SORBI_3001G328850,0.622201
"13-Keto-9Z,11E-octadecadienoic acid",LIN,individual,1:61638536,1,61638536,2.591323e-09,SORBI_3001G329901,0.603492
"13-Keto-9Z,11E-octadecadienoic acid",LIN,individual,4:4000323,4,4000323,2.683813e-09,SORBI_3004G049500,0.933801
"13-Keto-9Z,11E-octadecadienoic acid",LIN,individual,4:4000323,4,4000323,2.683813e-09,SORBI_3004G049500,0.885073
"13-Keto-9Z,11E-octadecadienoic acid",LIN,individual,4:4000323,4,4000323,2.683813e-09,SORBI_3004G049600,0.883914
"13-Keto-9Z,11E-octadecadienoic acid",LIN,individual,4:4000323,4,4000323,2.683813e-09,SORBI_3004G049700,0.883914
"13-Keto-9Z,11E-octadecadienoic acid",LIN,individual,4:4000323,4,4000323,2.683813e-09,SORBI_3004G049600,0.87494
"13-Keto-9Z,11E-octadecadienoic acid",LIN,individual,4:4000323,4,4000323,2.683813e-09,SORBI_3004G049800,0.830089
"13-Keto-9Z,11E-octadecadienoic acid",LIN,individual,4:4000323,4,4000323,2.683813e-09,SORBI_3004G049800,0.807557
"13-Keto-9Z,11E-octadecadienoic acid",LIN,individual,4:4000323,4,4000323,2.683813e-09,SORBI_3004G047200,0.67903
"13-Keto-9Z,11E-octadecadienoic acid",LIN,individual,4:4000323,4,4000323,2.683813e-09,SORBI_3004G047700,0.655913
"13-Keto-9Z,11E-octadecadienoic acid",LIN,individual,4:4000323,4,4000323,2.683813e-09,SORBI_3004G047200,0.655869
"13-Keto-9Z,11E-octadecadienoic acid",LIN,individual,4:4000323,4,4000323,2.683813e-09,SORBI_3004G049900,0.650103
"13-Keto-9Z,11E-octadecadienoic acid",LIN,individual,4:4000323,4,4000323,2.683813e-09,SORBI_3004G047200,0.646973
"13-Keto-9Z,11E-octadecadienoic acid",LIN,individual,4:4000323,4,4000323,2.683813e-09,SORBI_3004G047600,0.628718
"13-Keto-9Z,11E-octadecadienoic acid",LIN,individual,4:4000323,4,4000323,2.683813e-09,SORBI_3004G047700,0.628718
"13-Keto-9Z,11E-octadecadienoic acid",LIN,individual,4:4000323,4,4000323,2.683813e-09,SORBI_3004G049700,0.626803
"13-Keto-9Z,11E-octadecadienoic acid",LIN,individual,4:4000323,4,4000323,2.683813e-09,SORBI_3004G047001,0.608638
"13-Keto-9Z,11E-octadecadienoic acid",LIN,individual,1:62241368,1,62241368,2.797496e-09,SORBI_3001G333500,0.789474
"13-Keto-9Z,11E-octadecadienoic acid",LIN,individual,1:62241368,1,62241368,2.797496e-09,SORBI_3001G333600,0.789474
"13-Keto-9Z,11E-octadecadienoic acid",LIN,individual,1:62241368,1,62241368,2.797496e-09,SORBI_3001G333500,0.768144
"13-Keto-9Z,11E-octadecadienoic acid",LIN,individual,1:62241368,1,62241368,2.797496e-09,SORBI_3001G333700,0.748846
"13-Keto-9Z,11E-octadecadienoic acid",LIN,individual,1:62241368,1,62241368,2.797496e-09,SORBI_3001G333800,0.685656
"13-Keto-9Z,11E-octadecadienoic acid",LIN,individual,1:62241368,1,62241368,2.797496e-09,SORBI_3001G333800,0.66998
"13-Keto-9Z,11E-octadecadienoic acid",LIN,individual,1:62241368,1,62241368,2.797496e-09,SORBI_3001G333900,0.66998
"13-Keto-9Z,11E-octadecadienoic acid",LIN,individual,1:62241368,1,62241368,2.797496e-09,SORBI_3001G333800,0.654103
"13-Keto-9Z,11E-octadecadienoic acid",LIN,individual,1:62241368,1,62241368,2.797496e-09,SORBI_3001G332700,0.618844
"13-Keto-9Z,11E-octadecadienoic acid",LIN,individual,1:62241368,1,62241368,2.797496e-09,SORBI_3001G332933,0.618844
"13-Keto-9Z,11E-octadecadienoic acid",LIN,individual,1:62241368,1,62241368,2.797496e-09,SORBI_3001G333100,0.618844
"13-Keto-9Z,11E-octadecadienoic acid",LIN,individual,1:62241368,1,62241368,2.797496e-09,SORBI_3001G332933,0.61187
"13-Keto-9Z,11E-octadecadienoic acid",LIN,individual,1:62241368,1,62241368,2.797496e-09,SORBI_3001G332966,0.609477
"13-Keto-9Z,11E-octadecadienoic acid",LIN,individual,1:62241368,1,62241368,2.797496e-09,SORBI_3001G333100,0.605557
"13-Keto-9Z,11E-octadecadienoic acid",LIN,individual,1:62241368,1,62241368,2.797496e-09,SORBI_3001G333200,0.605557
"13-Keto-9Z,11E-octadecadienoic acid",LIN,individual,3:69048778,3,69048778,2.809613e-09,SORBI_3003G375900,1
"13-Keto-9Z,11E-octadecadienoic acid",LIN,individual,3:69048778,3,69048778,2.809613e-09,SORBI_3003G375900,1
"13-Keto-9Z,11E-octadecadienoic acid",LIN,individual,3:69049212,3,69049212,2.809613e-09,SORBI_3003G375900,1
"13-Keto-9Z,11E-octadecadienoic acid",LIN,individual,3:69049212,3,69049212,2.809613e-09,SORBI_3003G375900,1
"13-Keto-9Z,11E-octadecadienoic acid",LIN,individual,3:69048778,3,69048778,2.809613e-09,SORBI_3003G375900,0.990172
"13-Keto-9Z,11E-octadecadienoic acid",LIN,individual,3:69049212,3,69049212,2.809613e-09,SORBI_3003G375900,0.990172
"13-Keto-9Z,11E-octadecadienoic acid",LIN,individual,3:69048778,3,69048778,2.809613e-09,SORBI_3003G375900,0.990168
"13-Keto-9Z,11E-octadecadienoic acid",LIN,individual,3:69049212,3,69049212,2.809613e-09,SORBI_3003G375900,0.990168
"13-Keto-9Z,11E-octadecadienoic acid",LIN,individual,3:69048778,3,69048778,2.809613e-09,SORBI_3003G375900,0.980141
"13-Keto-9Z,11E-octadecadienoic acid",LIN,individual,3:69049212,3,69049212,2.809613e-09,SORBI_3003G375900,0.980141
"13-Keto-9Z,11E-octadecadienoic acid",LIN,individual,3:69048778,3,69048778,2.809613e-09,SORBI_3003G375900,0.970314
"13-Keto-9Z,11E-octadecadienoic acid",LIN,individual,3:69049212,3,69049212,2.809613e-09,SORBI_3003G375900,0.970314
"13-Keto-9Z,11E-octadecadienoic acid",LIN,individual,3:69048778,3,69048778,2.809613e-09,SORBI_3003G375800,0.960388
"13-Keto-9Z,11E-octadecadienoic acid",LIN,individual,3:69049212,3,69049212,2.809613e-09,SORBI_3003G375800,0.960388
"13-Keto-9Z,11E-octadecadienoic acid",LIN,individual,3:69048778,3,69048778,2.809613e-09,SORBI_3003G375800,0.950616
"13-Keto-9Z,11E-octadecadienoic acid",LIN,individual,3:69049212,3,69049212,2.809613e-09,SORBI_3003G375800,0.950616
"13-Keto-9Z,11E-octadecadienoic acid",LIN,individual,3:69048778,3,69048778,2.809613e-09,SORBI_3003G375900,0.853561
"13-Keto-9Z,11E-octadecadienoic acid",LIN,individual,3:69049212,3,69049212,2.809613e-09,SORBI_3003G375900,0.853561
"13-Keto-9Z,11E-octadecadienoic acid",LIN,individual,3:69048778,3,69048778,2.809613e-09,SORBI_3003G376000,0.804755
"13-Keto-9Z,11E-octadecadienoic acid",LIN,individual,3:69049212,3,69049212,2.809613e-09,SORBI_3003G376000,0.804755
"13-Keto-9Z,11E-octadecadienoic acid",LIN,individual,3:69048778,3,69048778,2.809613e-09,SORBI_3003G375500,0.795001
"13-Keto-9Z,11E-octadecadienoic acid",LIN,individual,3:69049212,3,69049212,2.809613e-09,SORBI_3003G375500,0.795001
"13-Keto-9Z,11E-octadecadienoic acid",LIN,individual,3:69048778,3,69048778,2.809613e-09,SORBI_3003G375300,0.784034
"13-Keto-9Z,11E-octadecadienoic acid",LIN,individual,3:69049212,3,69049212,2.809613e-09,SORBI_3003G375300,0.784034
"13-Keto-9Z,11E-octadecadienoic acid",LIN,individual,3:69048778,3,69048778,2.809613e-09,SORBI_3003G375400,0.772091
"13-Keto-9Z,11E-octadecadienoic acid",LIN,individual,3:69048778,3,69048778,2.809613e-09,SORBI_3003G375500,0.772091
"13-Keto-9Z,11E-octadecadienoic acid",LIN,individual,3:69049212,3,69049212,2.809613e-09,SORBI_3003G375400,0.772091
"13-Keto-9Z,11E-octadecadienoic acid",LIN,individual,3:69049212,3,69049212,2.809613e-09,SORBI_3003G375500,0.772091
"13-Keto-9Z,11E-octadecadienoic acid",LIN,individual,3:69048778,3,69048778,2.809613e-09,SORBI_3003G375400,0.760228
"13-Keto-9Z,11E-octadecadienoic acid",LIN,individual,3:69049212,3,69049212,2.809613e-09,SORBI_3003G375400,0.760228
"13-Keto-9Z,11E-octadecadienoic acid",LIN,individual,3:69048778,3,69048778,2.809613e-09,SORBI_3003G376000,0.710591
"13-Keto-9Z,11E-octadecadienoic acid",LIN,individual,3:69049212,3,69049212,2.809613e-09,SORBI_3003G376000,0.710591
"13-Keto-9Z,11E-octadecadienoic acid",LIN,individual,3:69048778,3,69048778,2.809613e-09,SORBI_3003G373900,0.692956
"13-Keto-9Z,11E-octadecadienoic acid",LIN,individual,3:69049212,3,69049212,2.809613e-09,SORBI_3003G373900,0.692956
"13-Keto-9Z,11E-octadecadienoic acid",LIN,individual,3:69048778,3,69048778,2.809613e-09,SORBI_3003G375900,0.686579
"13-Keto-9Z,11E-octadecadienoic acid",LIN,individual,3:69049212,3,69049212,2.809613e-09,SORBI_3003G375900,0.686579
"13-Keto-9Z,11E-octadecadienoic acid",LIN,individual,3:69048778,3,69048778,2.809613e-09,SORBI_3003G374000,0.654908
"13-Keto-9Z,11E-octadecadienoic acid",LIN,individual,3:69049212,3,69049212,2.809613e-09,SORBI_3003G374000,0.654908
"13-Keto-9Z,11E-octadecadienoic acid",LIN,individual,3:69048778,3,69048778,2.809613e-09,SORBI_3003G374100,0.641988
"13-Keto-9Z,11E-octadecadienoic acid",LIN,individual,3:69049212,3,69049212,2.809613e-09,SORBI_3003G374100,0.641988
"13-Keto-9Z,11E-octadecadienoic acid",LIN,individual,3:69048778,3,69048778,2.809613e-09,SORBI_3003G375700,0.622001
"13-Keto-9Z,11E-octadecadienoic acid",LIN,individual,3:69049212,3,69049212,2.809613e-09,SORBI_3003G375700,0.622001
"13-Keto-9Z,11E-octadecadienoic acid",LIN,individual,3:69048778,3,69048778,2.809613e-09,SORBI_3003G375700,0.620099
"13-Keto-9Z,11E-octadecadienoic acid",LIN,individual,3:69049212,3,69049212,2.809613e-09,SORBI_3003G375700,0.620099
"13-Keto-9Z,11E-octadecadienoic acid",LIN,individual,3:69048778,3,69048778,2.809613e-09,SORBI_3003G374100,0.617092
"13-Keto-9Z,11E-octadecadienoic acid",LIN,individual,3:69048778,3,69048778,2.809613e-09,SORBI_3003G374200,0.617092
"13-Keto-9Z,11E-octadecadienoic acid",LIN,individual,3:69049212,3,69049212,2.809613e-09,SORBI_3003G374100,0.617092
"13-Keto-9Z,11E-octadecadienoic acid",LIN,individual,3:69049212,3,69049212,2.809613e-09,SORBI_3003G374200,0.617092
"13-Keto-9Z,11E-octadecadienoic acid",LIN,individual,3:69048778,3,69048778,2.809613e-09,SORBI_3003G374000,0.611971
"13-Keto-9Z,11E-octadecadienoic acid",LIN,individual,3:69049212,3,69049212,2.809613e-09,SORBI_3003G374000,0.611971
"13-Keto-9Z,11E-octadecadienoic acid",LIN,individual,3:69048778,3,69048778,2.809613e-09,SORBI_3003G374200,0.606063
"13-Keto-9Z,11E-octadecadienoic acid",LIN,individual,3:69049212,3,69049212,2.809613e-09,SORBI_3003G374200,0.606063
"13-Keto-9Z,11E-octadecadienoic acid",LIN,individual,9:46986997,9,46986997,3.154145e-09,SORBI_3009G119700,0.92337
"13-Keto-9Z,11E-octadecadienoic acid",LIN,individual,9:46986997,9,46986997,3.154145e-09,SORBI_3009G119700,0.911099
"13-Keto-9Z,11E-octadecadienoic acid",LIN,individual,9:46986997,9,46986997,3.154145e-09,SORBI_3009G119800,0.894535
"13-Keto-9Z,11E-octadecadienoic acid",LIN,individual,9:46986997,9,46986997,3.154145e-09,SORBI_3009G119700,0.875763
"13-Keto-9Z,11E-octadecadienoic acid",LIN,individual,9:46986997,9,46986997,3.154145e-09,SORBI_3009G119700,0.8729
"13-Keto-9Z,11E-octadecadienoic acid",LIN,individual,9:46986997,9,46986997,3.154145e-09,SORBI_3009G119800,0.8729
"13-Keto-9Z,11E-octadecadienoic acid",LIN,individual,9:46986997,9,46986997,3.154145e-09,SORBI_3009G119700,0.866377
"13-Keto-9Z,11E-octadecadienoic acid",LIN,individual,9:46986997,9,46986997,3.154145e-09,SORBI_3009G119700,0.861299
"13-Keto-9Z,11E-octadecadienoic acid",LIN,individual,9:46986997,9,46986997,3.154145e-09,SORBI_3009G119800,0.861299
"13-Keto-9Z,11E-octadecadienoic acid",LIN,individual,9:46986997,9,46986997,3.154145e-09,SORBI_3009G119700,0.85499
"13-Keto-9Z,11E-octadecadienoic acid",LIN,individual,9:46986997,9,46986997,3.154145e-09,SORBI_3009G119501,0.835603
"13-Keto-9Z,11E-octadecadienoic acid",LIN,individual,9:46986997,9,46986997,3.154145e-09,SORBI_3009G119700,0.83365
"13-Keto-9Z,11E-octadecadienoic acid",LIN,individual,9:46986997,9,46986997,3.154145e-09,SORBI_3009G119501,0.812166
"13-Keto-9Z,11E-octadecadienoic acid",LIN,individual,9:46986997,9,46986997,3.154145e-09,SORBI_3009G119501,0.780642
"13-Keto-9Z,11E-octadecadienoic acid",LIN,individual,9:46986997,9,46986997,3.154145e-09,SORBI_3009G119400,0.754982
"13-Keto-9Z,11E-octadecadienoic acid",LIN,individual,9:46986997,9,46986997,3.154145e-09,SORBI_3009G119700,0.75
"13-Keto-9Z,11E-octadecadienoic acid",LIN,individual,9:46986997,9,46986997,3.154145e-09,SORBI_3009G119300,0.714075
"13-Keto-9Z,11E-octadecadienoic acid",LIN,individual,9:46986997,9,46986997,3.154145e-09,SORBI_3009G119400,0.677305
"13-Keto-9Z,11E-octadecadienoic acid",LIN,individual,3:69040274,3,69040274,3.163132e-09,SORBI_3003G375900,0.951523
"13-Keto-9Z,11E-octadecadienoic acid",LIN,individual,3:69040274,3,69040274,3.163132e-09,SORBI_3003G375900,0.941867
"13-Keto-9Z,11E-octadecadienoic acid",LIN,individual,3:69040274,3,69040274,3.163132e-09,SORBI_3003G375900,0.931895
"13-Keto-9Z,11E-octadecadienoic acid",LIN,individual,3:69040274,3,69040274,3.163132e-09,SORBI_3003G375900,0.931716
"13-Keto-9Z,11E-octadecadienoic acid",LIN,individual,3:69040274,3,69040274,3.163132e-09,SORBI_3003G375900,0.9223
"13-Keto-9Z,11E-octadecadienoic acid",LIN,individual,3:69040274,3,69040274,3.163132e-09,SORBI_3003G375800,0.903145
"13-Keto-9Z,11E-octadecadienoic acid",LIN,individual,3:69040274,3,69040274,3.163132e-09,SORBI_3003G375800,0.893215
"13-Keto-9Z,11E-octadecadienoic acid",LIN,individual,3:69040274,3,69040274,3.163132e-09,SORBI_3003G375500,0.81381
"13-Keto-9Z,11E-octadecadienoic acid",LIN,individual,3:69040274,3,69040274,3.163132e-09,SORBI_3003G375300,0.80185
"13-Keto-9Z,11E-octadecadienoic acid",LIN,individual,3:69040274,3,69040274,3.163132e-09,SORBI_3003G375900,0.80185
"13-Keto-9Z,11E-octadecadienoic acid",LIN,individual,3:69040274,3,69040274,3.163132e-09,SORBI_3003G375400,0.790317
"13-Keto-9Z,11E-octadecadienoic acid",LIN,individual,3:69040274,3,69040274,3.163132e-09,SORBI_3003G375500,0.790317
"13-Keto-9Z,11E-octadecadienoic acid",LIN,individual,3:69040274,3,69040274,3.163132e-09,SORBI_3003G375400,0.778872
"13-Keto-9Z,11E-octadecadienoic acid",LIN,individual,3:69040274,3,69040274,3.163132e-09,SORBI_3003G376000,0.752318
"13-Keto-9Z,11E-octadecadienoic acid",LIN,individual,3:69040274,3,69040274,3.163132e-09,SORBI_3003G373900,0.714561
"13-Keto-9Z,11E-octadecadienoic acid",LIN,individual,3:69040274,3,69040274,3.163132e-09,SORBI_3003G374000,0.67702
"13-Keto-9Z,11E-octadecadienoic acid",LIN,individual,3:69040274,3,69040274,3.163132e-09,SORBI_3003G374100,0.66553
"13-Keto-9Z,11E-octadecadienoic acid",LIN,individual,3:69040274,3,69040274,3.163132e-09,SORBI_3003G376000,0.664458
"13-Keto-9Z,11E-octadecadienoic acid",LIN,individual,3:69040274,3,69040274,3.163132e-09,SORBI_3003G375900,0.643717
"13-Keto-9Z,11E-octadecadienoic acid",LIN,individual,3:69040274,3,69040274,3.163132e-09,SORBI_3003G374100,0.639694
"13-Keto-9Z,11E-octadecadienoic acid",LIN,individual,3:69040274,3,69040274,3.163132e-09,SORBI_3003G374200,0.639694
"13-Keto-9Z,11E-octadecadienoic acid",LIN,individual,3:69040274,3,69040274,3.163132e-09,SORBI_3003G375700,0.634765
"13-Keto-9Z,11E-octadecadienoic acid",LIN,individual,3:69040274,3,69040274,3.163132e-09,SORBI_3003G374000,0.633429
"13-Keto-9Z,11E-octadecadienoic acid",LIN,individual,3:69040274,3,69040274,3.163132e-09,SORBI_3003G374200,0.629199
"13-Keto-9Z,11E-octadecadienoic acid",LIN,individual,3:69040274,3,69040274,3.163132e-09,SORBI_3003G374200,0.61887
"13-Keto-9Z,11E-octadecadienoic acid",LIN,individual,3:69040274,3,69040274,3.163132e-09,SORBI_3003G375700,0.611142
"13-Keto-9Z,11E-octadecadienoic acid",LIN,individual,3:69040274,3,69040274,3.163132e-09,SORBI_3003G375700,0.608318
"13-Keto-9Z,11E-octadecadienoic acid",LIN,individual,3:69049332,3,69049332,3.246682e-09,SORBI_3003G375900,0.920975
"13-Keto-9Z,11E-octadecadienoic acid",LIN,individual,3:69049332,3,69049332,3.246682e-09,SORBI_3003G375900,0.911765
"13-Keto-9Z,11E-octadecadienoic acid",LIN,individual,3:69049332,3,69049332,3.246682e-09,SORBI_3003G375900,0.909744
"13-Keto-9Z,11E-octadecadienoic acid",LIN,individual,3:69049332,3,69049332,3.246682e-09,SORBI_3003G375900,0.900369
"13-Keto-9Z,11E-octadecadienoic acid",LIN,individual,3:69049332,3,69049332,3.246682e-09,SORBI_3003G375900,0.889122
"13-Keto-9Z,11E-octadecadienoic acid",LIN,individual,3:69049332,3,69049332,3.246682e-09,SORBI_3003G375800,0.880188
"13-Keto-9Z,11E-octadecadienoic acid",LIN,individual,3:69049332,3,69049332,3.246682e-09,SORBI_3003G375800,0.86898
"13-Keto-9Z,11E-octadecadienoic acid",LIN,individual,3:69049332,3,69049332,3.246682e-09,SORBI_3003G375900,0.781413
"13-Keto-9Z,11E-octadecadienoic acid",LIN,individual,3:69049332,3,69049332,3.246682e-09,SORBI_3003G376000,0.724573
"13-Keto-9Z,11E-octadecadienoic acid",LIN,individual,3:69049332,3,69049332,3.246682e-09,SORBI_3003G375500,0.721679
"13-Keto-9Z,11E-octadecadienoic acid",LIN,individual,3:69049332,3,69049332,3.246682e-09,SORBI_3003G375300,0.713623
"13-Keto-9Z,11E-octadecadienoic acid",LIN,individual,3:69049332,3,69049332,3.246682e-09,SORBI_3003G375400,0.700734
"13-Keto-9Z,11E-octadecadienoic acid",LIN,individual,3:69049332,3,69049332,3.246682e-09,SORBI_3003G375500,0.700734
"13-Keto-9Z,11E-octadecadienoic acid",LIN,individual,3:69049332,3,69049332,3.246682e-09,SORBI_3003G375400,0.687897
"13-Keto-9Z,11E-octadecadienoic acid",LIN,individual,3:69049332,3,69049332,3.246682e-09,SORBI_3003G376000,0.642552
"13-Keto-9Z,11E-octadecadienoic acid",LIN,individual,3:69049332,3,69049332,3.246682e-09,SORBI_3003G375900,0.628288
"13-Keto-9Z,11E-octadecadienoic acid",LIN,individual,3:69049332,3,69049332,3.246682e-09,SORBI_3003G373900,0.614593
"13-Keto-9Z,11E-octadecadienoic acid",LIN,individual,1:16740319,1,16740319,3.269452e-09,SORBI_3001G189300,1
"13-Keto-9Z,11E-octadecadienoic acid",LIN,individual,1:16740319,1,16740319,3.269452e-09,SORBI_3001G189300,1
"13-Keto-9Z,11E-octadecadienoic acid",LIN,individual,1:16740319,1,16740319,3.269452e-09,SORBI_3001G189400,0.964061
"13-Keto-9Z,11E-octadecadienoic acid",LIN,individual,1:16740319,1,16740319,3.269452e-09,SORBI_3001G189300,0.95505
"13-Keto-9Z,11E-octadecadienoic acid",LIN,individual,1:16740319,1,16740319,3.269452e-09,SORBI_3001G189300,0.947127
"13-Keto-9Z,11E-octadecadienoic acid",LIN,individual,1:16740319,1,16740319,3.269452e-09,SORBI_3001G189300,0.937625
"13-Keto-9Z,11E-octadecadienoic acid",LIN,individual,1:16740319,1,16740319,3.269452e-09,SORBI_3001G189300,0.932432
"13-Keto-9Z,11E-octadecadienoic acid",LIN,individual,1:16740319,1,16740319,3.269452e-09,SORBI_3001G189300,0.928265
"13-Keto-9Z,11E-octadecadienoic acid",LIN,individual,1:16740319,1,16740319,3.269452e-09,SORBI_3001G189300,0.922457
"13-Keto-9Z,11E-octadecadienoic acid",LIN,individual,1:16740319,1,16740319,3.269452e-09,SORBI_3001G189300,0.916861
"13-Keto-9Z,11E-octadecadienoic acid",LIN,individual,1:16740319,1,16740319,3.269452e-09,SORBI_3001G189300,0.914486
"13-Keto-9Z,11E-octadecadienoic acid",LIN,individual,1:16740319,1,16740319,3.269452e-09,SORBI_3001G189300,0.912595
"13-Keto-9Z,11E-octadecadienoic acid",LIN,individual,1:16740319,1,16740319,3.269452e-09,SORBI_3001G189300,0.907019
"13-Keto-9Z,11E-octadecadienoic acid",LIN,individual,1:16740319,1,16740319,3.269452e-09,SORBI_3001G189300,0.906651
"13-Keto-9Z,11E-octadecadienoic acid",LIN,individual,1:16740319,1,16740319,3.269452e-09,SORBI_3001G189300,0.904498
"13-Keto-9Z,11E-octadecadienoic acid",LIN,individual,1:16740319,1,16740319,3.269452e-09,SORBI_3001G189300,0.902853
"13-Keto-9Z,11E-octadecadienoic acid",LIN,individual,1:16740319,1,16740319,3.269452e-09,SORBI_3001G189300,0.901577
"13-Keto-9Z,11E-octadecadienoic acid",LIN,individual,1:16740319,1,16740319,3.269452e-09,SORBI_3001G189300,0.897044
"13-Keto-9Z,11E-octadecadienoic acid",LIN,individual,1:16740319,1,16740319,3.269452e-09,SORBI_3001G189600,0.896569
"13-Keto-9Z,11E-octadecadienoic acid",LIN,individual,1:16740319,1,16740319,3.269452e-09,SORBI_3001G189300,0.896542
"13-Keto-9Z,11E-octadecadienoic acid",LIN,individual,1:16740319,1,16740319,3.269452e-09,SORBI_3001G189300,0.894624
"13-Keto-9Z,11E-octadecadienoic acid",LIN,individual,1:16740319,1,16740319,3.269452e-09,SORBI_3001G189300,0.884871
"13-Keto-9Z,11E-octadecadienoic acid",LIN,individual,1:16740319,1,16740319,3.269452e-09,SORBI_3001G189300,0.873645
"13-Keto-9Z,11E-octadecadienoic acid",LIN,individual,1:16740319,1,16740319,3.269452e-09,SORBI_3001G189300,0.872817
"13-Keto-9Z,11E-octadecadienoic acid",LIN,individual,1:16740319,1,16740319,3.269452e-09,SORBI_3001G187500,0.796899
"13-Keto-9Z,11E-octadecadienoic acid",LIN,individual,1:16740319,1,16740319,3.269452e-09,SORBI_3001G187600,0.784912
"13-Keto-9Z,11E-octadecadienoic acid",LIN,individual,1:16740319,1,16740319,3.269452e-09,SORBI_3001G187500,0.780204
"13-Keto-9Z,11E-octadecadienoic acid",LIN,individual,1:16740319,1,16740319,3.269452e-09,SORBI_3001G187500,0.779238
"13-Keto-9Z,11E-octadecadienoic acid",LIN,individual,1:16740319,1,16740319,3.269452e-09,SORBI_3001G187500,0.776641
"13-Keto-9Z,11E-octadecadienoic acid",LIN,individual,1:16740319,1,16740319,3.269452e-09,SORBI_3001G187500,0.77369
"13-Keto-9Z,11E-octadecadienoic acid",LIN,individual,1:16740319,1,16740319,3.269452e-09,SORBI_3001G187500,0.767121
"13-Keto-9Z,11E-octadecadienoic acid",LIN,individual,1:16740319,1,16740319,3.269452e-09,SORBI_3001G187500,0.766674
"13-Keto-9Z,11E-octadecadienoic acid",LIN,individual,1:16740319,1,16740319,3.269452e-09,SORBI_3001G187500,0.757502
"13-Keto-9Z,11E-octadecadienoic acid",LIN,individual,1:16740319,1,16740319,3.269452e-09,SORBI_3001G187500,0.750481
"13-Keto-9Z,11E-octadecadienoic acid",LIN,individual,1:16740319,1,16740319,3.269452e-09,SORBI_3001G187500,0.746621
"13-Keto-9Z,11E-octadecadienoic acid",LIN,individual,1:16740319,1,16740319,3.269452e-09,SORBI_3001G187500,0.746544
"13-Keto-9Z,11E-octadecadienoic acid",LIN,individual,1:16740319,1,16740319,3.269452e-09,SORBI_3001G187500,0.746374
"13-Keto-9Z,11E-octadecadienoic acid",LIN,individual,1:16740319,1,16740319,3.269452e-09,SORBI_3001G187500,0.746105
"13-Keto-9Z,11E-octadecadienoic acid",LIN,individual,1:16740319,1,16740319,3.269452e-09,SORBI_3001G187500,0.746022
"13-Keto-9Z,11E-octadecadienoic acid",LIN,individual,1:16740319,1,16740319,3.269452e-09,SORBI_3001G187800,0.739053
"13-Keto-9Z,11E-octadecadienoic acid",LIN,individual,1:16740319,1,16740319,3.269452e-09,SORBI_3001G187500,0.734656
"13-Keto-9Z,11E-octadecadienoic acid",LIN,individual,1:16740319,1,16740319,3.269452e-09,SORBI_3001G187800,0.727892
"13-Keto-9Z,11E-octadecadienoic acid",LIN,individual,1:16740319,1,16740319,3.269452e-09,SORBI_3001G187500,0.726104
"13-Keto-9Z,11E-octadecadienoic acid",LIN,individual,1:16740319,1,16740319,3.269452e-09,SORBI_3001G189300,0.716731
"13-Keto-9Z,11E-octadecadienoic acid",LIN,individual,1:16740319,1,16740319,3.269452e-09,SORBI_3001G188800,0.7041
"13-Keto-9Z,11E-octadecadienoic acid",LIN,individual,1:16740319,1,16740319,3.269452e-09,SORBI_3001G188900,0.7041
"13-Keto-9Z,11E-octadecadienoic acid",LIN,individual,1:16740319,1,16740319,3.269452e-09,SORBI_3001G187500,0.701332
"13-Keto-9Z,11E-octadecadienoic acid",LIN,individual,1:16740319,1,16740319,3.269452e-09,SORBI_3001G188900,0.692558
"13-Keto-9Z,11E-octadecadienoic acid",LIN,individual,1:16740319,1,16740319,3.269452e-09,SORBI_3001G188900,0.692312
"13-Keto-9Z,11E-octadecadienoic acid",LIN,individual,1:16740319,1,16740319,3.269452e-09,SORBI_3001G189000,0.68703
"13-Keto-9Z,11E-octadecadienoic acid",LIN,individual,1:16740319,1,16740319,3.269452e-09,SORBI_3001G188900,0.686495
"13-Keto-9Z,11E-octadecadienoic acid",LIN,individual,1:16740319,1,16740319,3.269452e-09,SORBI_3001G188900,0.681049
"13-Keto-9Z,11E-octadecadienoic acid",LIN,individual,1:16740319,1,16740319,3.269452e-09,SORBI_3001G188900,0.675477
"13-Keto-9Z,11E-octadecadienoic acid",LIN,individual,1:16740319,1,16740319,3.269452e-09,SORBI_3001G188900,0.675162
"13-Keto-9Z,11E-octadecadienoic acid",LIN,individual,1:16740319,1,16740319,3.269452e-09,SORBI_3001G188900,0.669573
"13-Keto-9Z,11E-octadecadienoic acid",LIN,individual,1:16740319,1,16740319,3.269452e-09,SORBI_3001G188900,0.66459
"13-Keto-9Z,11E-octadecadienoic acid",LIN,individual,1:16740319,1,16740319,3.269452e-09,SORBI_3001G188900,0.663955
"13-Keto-9Z,11E-octadecadienoic acid",LIN,individual,1:16740319,1,16740319,3.269452e-09,SORBI_3001G187800,0.663561
"13-Keto-9Z,11E-octadecadienoic acid",LIN,individual,1:16740319,1,16740319,3.269452e-09,SORBI_3001G188900,0.662797
"13-Keto-9Z,11E-octadecadienoic acid",LIN,individual,1:16740319,1,16740319,3.269452e-09,SORBI_3001G188100,0.660851
"13-Keto-9Z,11E-octadecadienoic acid",LIN,individual,1:16740319,1,16740319,3.269452e-09,SORBI_3001G188900,0.659607
"13-Keto-9Z,11E-octadecadienoic acid",LIN,individual,1:16740319,1,16740319,3.269452e-09,SORBI_3001G188900,0.65434
"13-Keto-9Z,11E-octadecadienoic acid",LIN,individual,1:16740319,1,16740319,3.269452e-09,SORBI_3001G188900,0.652019
"13-Keto-9Z,11E-octadecadienoic acid",LIN,individual,1:16740319,1,16740319,3.269452e-09,SORBI_3001G188900,0.651056
"13-Keto-9Z,11E-octadecadienoic acid",LIN,individual,1:16740319,1,16740319,3.269452e-09,SORBI_3001G187800,0.647129
"13-Keto-9Z,11E-octadecadienoic acid",LIN,individual,1:16740319,1,16740319,3.269452e-09,SORBI_3001G187800,0.644748
"13-Keto-9Z,11E-octadecadienoic acid",LIN,individual,1:16740319,1,16740319,3.269452e-09,SORBI_3001G188900,0.642703
"13-Keto-9Z,11E-octadecadienoic acid",LIN,individual,1:16740319,1,16740319,3.269452e-09,SORBI_3001G187800,0.635628
"13-Keto-9Z,11E-octadecadienoic acid",LIN,individual,1:16740319,1,16740319,3.269452e-09,SORBI_3001G189000,0.619513
"13-Keto-9Z,11E-octadecadienoic acid",LIN,individual,1:16740319,1,16740319,3.269452e-09,SORBI_3001G189300,0.617613
"13-Keto-9Z,11E-octadecadienoic acid",LIN,individual,1:16740319,1,16740319,3.269452e-09,SORBI_3001G189300,0.609815
"13-Keto-9Z,11E-octadecadienoic acid",LIN,individual,1:16740319,1,16740319,3.269452e-09,SORBI_3001G189300,0.607763
"13-Keto-9Z,11E-octadecadienoic acid",LIN,individual,1:16740319,1,16740319,3.269452e-09,SORBI_3001G187800,0.60621
"13-Keto-9Z,11E-octadecadienoic acid",LIN,individual,1:16740319,1,16740319,3.269452e-09,SORBI_3001G188700,0.604904
"13-Keto-9Z,11E-octadecadienoic acid",LIN,individual,1:16740319,1,16740319,3.269452e-09,SORBI_3001G188700,0.604159
"13-Keto-9Z,11E-octadecadienoic acid",LIN,individual,4:3920117,4,3920117,3.376172e-09,SORBI_3004G048400,1
"13-Keto-9Z,11E-octadecadienoic acid",LIN,individual,4:3920117,4,3920117,3.376172e-09,SORBI_3004G048400,1
"13-Keto-9Z,11E-octadecadienoic acid",LIN,individual,4:3920117,4,3920117,3.376172e-09,SORBI_3004G048600,0.986362
"13-Keto-9Z,11E-octadecadienoic acid",LIN,individual,4:3920117,4,3920117,3.376172e-09,SORBI_3004G048800,0.978893
"13-Keto-9Z,11E-octadecadienoic acid",LIN,individual,4:3920117,4,3920117,3.376172e-09,SORBI_3004G048400,0.957037
"13-Keto-9Z,11E-octadecadienoic acid",LIN,individual,4:3920117,4,3920117,3.376172e-09,SORBI_3004G048300,0.956941
"13-Keto-9Z,11E-octadecadienoic acid",LIN,individual,4:3920117,4,3920117,3.376172e-09,SORBI_3004G048600,0.955877
"13-Keto-9Z,11E-octadecadienoic acid",LIN,individual,4:3920117,4,3920117,3.376172e-09,SORBI_3004G048500,0.903958
"13-Keto-9Z,11E-octadecadienoic acid",LIN,individual,4:3920117,4,3920117,3.376172e-09,SORBI_3004G049200,0.877615
"13-Keto-9Z,11E-octadecadienoic acid",LIN,individual,4:3920117,4,3920117,3.376172e-09,SORBI_3004G049200,0.86961
"13-Keto-9Z,11E-octadecadienoic acid",LIN,individual,4:3920117,4,3920117,3.376172e-09,SORBI_3004G048000,0.850909
"13-Keto-9Z,11E-octadecadienoic acid",LIN,individual,4:3920117,4,3920117,3.376172e-09,SORBI_3004G048100,0.82987
"13-Keto-9Z,11E-octadecadienoic acid",LIN,individual,4:3920117,4,3920117,3.376172e-09,SORBI_3004G048100,0.828079
"13-Keto-9Z,11E-octadecadienoic acid",LIN,individual,4:3920117,4,3920117,3.376172e-09,SORBI_3004G048100,0.824751
"13-Keto-9Z,11E-octadecadienoic acid",LIN,individual,4:3920117,4,3920117,3.376172e-09,SORBI_3004G048300,0.792638
"13-Keto-9Z,11E-octadecadienoic acid",LIN,individual,4:3920117,4,3920117,3.376172e-09,SORBI_3004G048300,0.792164
"13-Keto-9Z,11E-octadecadienoic acid",LIN,individual,4:3920117,4,3920117,3.376172e-09,SORBI_3004G048700,0.76732
"13-Keto-9Z,11E-octadecadienoic acid",LIN,individual,4:3920117,4,3920117,3.376172e-09,SORBI_3004G048700,0.746448
"13-Keto-9Z,11E-octadecadienoic acid",LIN,individual,4:3920117,4,3920117,3.376172e-09,SORBI_3004G047700,0.728654
"13-Keto-9Z,11E-octadecadienoic acid",LIN,individual,4:3920117,4,3920117,3.376172e-09,SORBI_3004G047600,0.709305
"13-Keto-9Z,11E-octadecadienoic acid",LIN,individual,4:3920117,4,3920117,3.376172e-09,SORBI_3004G047700,0.709305
"13-Keto-9Z,11E-octadecadienoic acid",LIN,individual,4:3920117,4,3920117,3.376172e-09,SORBI_3004G048201,0.704894
"13-Keto-9Z,11E-octadecadienoic acid",LIN,individual,4:3920117,4,3920117,3.376172e-09,SORBI_3004G048700,0.704894
"13-Keto-9Z,11E-octadecadienoic acid",LIN,individual,4:3920117,4,3920117,3.376172e-09,SORBI_3004G048700,0.702935
"13-Keto-9Z,11E-octadecadienoic acid",LIN,individual,4:3920117,4,3920117,3.376172e-09,SORBI_3004G048700,0.700093
"13-Keto-9Z,11E-octadecadienoic acid",LIN,individual,4:3920117,4,3920117,3.376172e-09,SORBI_3004G048700,0.699921
"13-Keto-9Z,11E-octadecadienoic acid",LIN,individual,4:3920117,4,3920117,3.376172e-09,SORBI_3004G048700,0.699198
"13-Keto-9Z,11E-octadecadienoic acid",LIN,individual,4:3920117,4,3920117,3.376172e-09,SORBI_3004G049200,0.696866
"13-Keto-9Z,11E-octadecadienoic acid",LIN,individual,4:3920117,4,3920117,3.376172e-09,SORBI_3004G048700,0.696596
"13-Keto-9Z,11E-octadecadienoic acid",LIN,individual,4:3920117,4,3920117,3.376172e-09,SORBI_3004G048700,0.69577
"13-Keto-9Z,11E-octadecadienoic acid",LIN,individual,4:3920117,4,3920117,3.376172e-09,SORBI_3004G048700,0.695682
"13-Keto-9Z,11E-octadecadienoic acid",LIN,individual,4:3920117,4,3920117,3.376172e-09,SORBI_3004G048700,0.695449
"13-Keto-9Z,11E-octadecadienoic acid",LIN,individual,4:3920117,4,3920117,3.376172e-09,SORBI_3004G048700,0.694979
"13-Keto-9Z,11E-octadecadienoic acid",LIN,individual,4:3920117,4,3920117,3.376172e-09,SORBI_3004G048700,0.694403
"13-Keto-9Z,11E-octadecadienoic acid",LIN,individual,4:3920117,4,3920117,3.376172e-09,SORBI_3004G048700,0.693453
"13-Keto-9Z,11E-octadecadienoic acid",LIN,individual,4:3920117,4,3920117,3.376172e-09,SORBI_3004G048700,0.686023
"13-Keto-9Z,11E-octadecadienoic acid",LIN,individual,4:3920117,4,3920117,3.376172e-09,SORBI_3004G048700,0.684957
"13-Keto-9Z,11E-octadecadienoic acid",LIN,individual,4:3920117,4,3920117,3.376172e-09,SORBI_3004G048700,0.683989
"13-Keto-9Z,11E-octadecadienoic acid",LIN,individual,4:3920117,4,3920117,3.376172e-09,SORBI_3004G048700,0.681124
"13-Keto-9Z,11E-octadecadienoic acid",LIN,individual,4:3920117,4,3920117,3.376172e-09,SORBI_3004G047500,0.680575
"13-Keto-9Z,11E-octadecadienoic acid",LIN,individual,4:3920117,4,3920117,3.376172e-09,SORBI_3004G048201,0.680494
"13-Keto-9Z,11E-octadecadienoic acid",LIN,individual,4:3920117,4,3920117,3.376172e-09,SORBI_3004G048700,0.680217
"13-Keto-9Z,11E-octadecadienoic acid",LIN,individual,4:3920117,4,3920117,3.376172e-09,SORBI_3004G048700,0.674544
"13-Keto-9Z,11E-octadecadienoic acid",LIN,individual,4:3920117,4,3920117,3.376172e-09,SORBI_3004G048700,0.670755
"13-Keto-9Z,11E-octadecadienoic acid",LIN,individual,4:3920117,4,3920117,3.376172e-09,SORBI_3004G048700,0.668001
"13-Keto-9Z,11E-octadecadienoic acid",LIN,individual,4:3920117,4,3920117,3.376172e-09,SORBI_3004G048700,0.666122
"13-Keto-9Z,11E-octadecadienoic acid",LIN,individual,4:3920117,4,3920117,3.376172e-09,SORBI_3004G048700,0.665118
"13-Keto-9Z,11E-octadecadienoic acid",LIN,individual,4:3920117,4,3920117,3.376172e-09,SORBI_3004G047200,0.654786
"13-Keto-9Z,11E-octadecadienoic acid",LIN,individual,4:3920117,4,3920117,3.376172e-09,SORBI_3004G048700,0.654727
"13-Keto-9Z,11E-octadecadienoic acid",LIN,individual,4:3920117,4,3920117,3.376172e-09,SORBI_3004G047400,0.649206
"13-Keto-9Z,11E-octadecadienoic acid",LIN,individual,4:3920117,4,3920117,3.376172e-09,SORBI_3004G047400,0.6483
"13-Keto-9Z,11E-octadecadienoic acid",LIN,individual,4:3920117,4,3920117,3.376172e-09,SORBI_3004G047200,0.645648
"13-Keto-9Z,11E-octadecadienoic acid",LIN,individual,4:3920117,4,3920117,3.376172e-09,SORBI_3004G048700,0.637786
"13-Keto-9Z,11E-octadecadienoic acid",LIN,individual,4:3920117,4,3920117,3.376172e-09,SORBI_3004G045632,0.634863
"13-Keto-9Z,11E-octadecadienoic acid",LIN,individual,4:3920117,4,3920117,3.376172e-09,SORBI_3004G047400,0.634369
"13-Keto-9Z,11E-octadecadienoic acid",LIN,individual,4:3920117,4,3920117,3.376172e-09,SORBI_3004G047400,0.630072
"13-Keto-9Z,11E-octadecadienoic acid",LIN,individual,4:3920117,4,3920117,3.376172e-09,SORBI_3004G047500,0.629084
"13-Keto-9Z,11E-octadecadienoic acid",LIN,individual,4:3920117,4,3920117,3.376172e-09,SORBI_3004G048700,0.628454
"13-Keto-9Z,11E-octadecadienoic acid",LIN,individual,4:3920117,4,3920117,3.376172e-09,SORBI_3004G048700,0.624634
"13-Keto-9Z,11E-octadecadienoic acid",LIN,individual,4:3920117,4,3920117,3.376172e-09,SORBI_3004G047400,0.6201
"13-Keto-9Z,11E-octadecadienoic acid",LIN,individual,4:3920117,4,3920117,3.376172e-09,SORBI_3004G047500,0.619637
"13-Keto-9Z,11E-octadecadienoic acid",LIN,individual,4:3920117,4,3920117,3.376172e-09,SORBI_3004G048700,0.618959
"13-Keto-9Z,11E-octadecadienoic acid",LIN,individual,4:3920117,4,3920117,3.376172e-09,SORBI_3004G044700,0.605528
"13-Keto-9Z,11E-octadecadienoic acid",LIN,individual,9:47882293,9,47882293,3.423678e-09,SORBI_3009G125400,0.969713
"13-Keto-9Z,11E-octadecadienoic acid",LIN,individual,9:47882293,9,47882293,3.423678e-09,SORBI_3009G125400,0.964837
"13-Keto-9Z,11E-octadecadienoic acid",LIN,individual,9:47882293,9,47882293,3.423678e-09,SORBI_3009G125400,0.964105
"13-Keto-9Z,11E-octadecadienoic acid",LIN,individual,9:47882293,9,47882293,3.423678e-09,SORBI_3009G125700,0.832232
"13-Keto-9Z,11E-octadecadienoic acid",LIN,individual,9:47882293,9,47882293,3.423678e-09,SORBI_3009G125600,0.802694
"13-Keto-9Z,11E-octadecadienoic acid",LIN,individual,9:47882293,9,47882293,3.423678e-09,SORBI_3009G125600,0.796729
"13-Keto-9Z,11E-octadecadienoic acid",LIN,individual,9:47882293,9,47882293,3.423678e-09,SORBI_3009G125400,0.767068
"13-Keto-9Z,11E-octadecadienoic acid",LIN,individual,9:47882293,9,47882293,3.423678e-09,SORBI_3009G125400,0.745173
"13-Keto-9Z,11E-octadecadienoic acid",LIN,individual,9:47882293,9,47882293,3.423678e-09,SORBI_3009G125400,0.701595
"13-Keto-9Z,11E-octadecadienoic acid",LIN,individual,9:47882293,9,47882293,3.423678e-09,SORBI_3009G125400,0.693548
"13-Keto-9Z,11E-octadecadienoic acid",LIN,individual,9:47882293,9,47882293,3.423678e-09,SORBI_3009G125600,0.676528
"13-Keto-9Z,11E-octadecadienoic acid",LIN,individual,9:47882293,9,47882293,3.423678e-09,SORBI_3009G125700,0.661349
"13-Keto-9Z,11E-octadecadienoic acid",LIN,individual,9:47882293,9,47882293,3.423678e-09,SORBI_3009G125300,0.655198
"13-Keto-9Z,11E-octadecadienoic acid",LIN,individual,9:47882293,9,47882293,3.423678e-09,SORBI_3009G125300,0.647102
"13-Keto-9Z,11E-octadecadienoic acid",LIN,individual,9:47882293,9,47882293,3.423678e-09,SORBI_3009G125400,0.628222
"13-Keto-9Z,11E-octadecadienoic acid",LIN,individual,9:47882293,9,47882293,3.423678e-09,SORBI_3009G125700,0.600352
"13-Keto-9Z,11E-octadecadienoic acid",LIN,individual,9:47854998,9,47854998,3.586893e-09,SORBI_3009G125400,1
"13-Keto-9Z,11E-octadecadienoic acid",LIN,individual,9:47854998,9,47854998,3.586893e-09,SORBI_3009G125400,1
"13-Keto-9Z,11E-octadecadienoic acid",LIN,individual,9:47854998,9,47854998,3.586893e-09,SORBI_3009G125400,0.982491
"13-Keto-9Z,11E-octadecadienoic acid",LIN,individual,9:47854998,9,47854998,3.586893e-09,SORBI_3009G125400,0.981999
"13-Keto-9Z,11E-octadecadienoic acid",LIN,individual,9:47854998,9,47854998,3.586893e-09,SORBI_3009G125700,0.800603
"13-Keto-9Z,11E-octadecadienoic acid",LIN,individual,9:47854998,9,47854998,3.586893e-09,SORBI_3009G125400,0.781874
"13-Keto-9Z,11E-octadecadienoic acid",LIN,individual,9:47854998,9,47854998,3.586893e-09,SORBI_3009G125600,0.780085
"13-Keto-9Z,11E-octadecadienoic acid",LIN,individual,9:47854998,9,47854998,3.586893e-09,SORBI_3009G125600,0.77447
"13-Keto-9Z,11E-octadecadienoic acid",LIN,individual,9:47854998,9,47854998,3.586893e-09,SORBI_3009G125400,0.760605
"13-Keto-9Z,11E-octadecadienoic acid",LIN,individual,9:47854998,9,47854998,3.586893e-09,SORBI_3009G125400,0.714554
"13-Keto-9Z,11E-octadecadienoic acid",LIN,individual,9:47854998,9,47854998,3.586893e-09,SORBI_3009G125400,0.706554
"13-Keto-9Z,11E-octadecadienoic acid",LIN,individual,9:47854998,9,47854998,3.586893e-09,SORBI_3009G125300,0.667493
"13-Keto-9Z,11E-octadecadienoic acid",LIN,individual,9:47854998,9,47854998,3.586893e-09,SORBI_3009G125300,0.659433
"13-Keto-9Z,11E-octadecadienoic acid",LIN,individual,9:47854998,9,47854998,3.586893e-09,SORBI_3009G125600,0.650087
"13-Keto-9Z,11E-octadecadienoic acid",LIN,individual,9:47854998,9,47854998,3.586893e-09,SORBI_3009G125400,0.639662
"13-Keto-9Z,11E-octadecadienoic acid",LIN,individual,9:47854998,9,47854998,3.586893e-09,SORBI_3009G125700,0.634872
"13-Keto-9Z,11E-octadecadienoic acid",LIN,individual,3:7087699,3,7087699,3.741221e-09,SORBI_3003G082700,0.815583
"13-Keto-9Z,11E-octadecadienoic acid",LIN,individual,3:7087699,3,7087699,3.741221e-09,SORBI_3003G082401,0.814112
"13-Keto-9Z,11E-octadecadienoic acid",LIN,individual,3:7087699,3,7087699,3.741221e-09,SORBI_3003G082600,0.805378
"13-Keto-9Z,11E-octadecadienoic acid",LIN,individual,3:7087699,3,7087699,3.741221e-09,SORBI_3003G082600,0.779137
"13-Keto-9Z,11E-octadecadienoic acid",LIN,individual,3:7087699,3,7087699,3.741221e-09,SORBI_3003G083100,0.629729
"13-Keto-9Z,11E-octadecadienoic acid",LIN,individual,1:65016084,1,65016084,3.762513e-09,SORBI_3001G360500,1
"13-Keto-9Z,11E-octadecadienoic acid",LIN,individual,1:65016084,1,65016084,3.762513e-09,SORBI_3001G360500,1
"13-Keto-9Z,11E-octadecadienoic acid",LIN,individual,1:65016084,1,65016084,3.762513e-09,SORBI_3001G360500,0.960702
"13-Keto-9Z,11E-octadecadienoic acid",LIN,individual,1:65016084,1,65016084,3.762513e-09,SORBI_3001G360500,0.959874
"13-Keto-9Z,11E-octadecadienoic acid",LIN,individual,1:65016084,1,65016084,3.762513e-09,SORBI_3001G360500,0.816855
"13-Keto-9Z,11E-octadecadienoic acid",LIN,individual,1:65016084,1,65016084,3.762513e-09,SORBI_3001G360500,0.798639
"13-Keto-9Z,11E-octadecadienoic acid",LIN,individual,1:16739637,1,16739637,4.14297e-09,SORBI_3001G189300,1
"13-Keto-9Z,11E-octadecadienoic acid",LIN,individual,1:16739637,1,16739637,4.14297e-09,SORBI_3001G189300,1
"13-Keto-9Z,11E-octadecadienoic acid",LIN,individual,1:16739637,1,16739637,4.14297e-09,SORBI_3001G189300,0.979446
"13-Keto-9Z,11E-octadecadienoic acid",LIN,individual,1:16739637,1,16739637,4.14297e-09,SORBI_3001G189300,0.97784
"13-Keto-9Z,11E-octadecadienoic acid",LIN,individual,1:16739637,1,16739637,4.14297e-09,SORBI_3001G189300,0.977792
"13-Keto-9Z,11E-octadecadienoic acid",LIN,individual,1:16739637,1,16739637,4.14297e-09,SORBI_3001G189300,0.977639
"13-Keto-9Z,11E-octadecadienoic acid",LIN,individual,1:16739637,1,16739637,4.14297e-09,SORBI_3001G189300,0.888251
"13-Keto-9Z,11E-octadecadienoic acid",LIN,individual,1:16739637,1,16739637,4.14297e-09,SORBI_3001G189300,0.848028
"13-Keto-9Z,11E-octadecadienoic acid",LIN,individual,1:16739637,1,16739637,4.14297e-09,SORBI_3001G189300,0.829594
"13-Keto-9Z,11E-octadecadienoic acid",LIN,individual,1:16739637,1,16739637,4.14297e-09,SORBI_3001G189300,0.825474
"13-Keto-9Z,11E-octadecadienoic acid",LIN,individual,1:16739637,1,16739637,4.14297e-09,SORBI_3001G189300,0.821732
"13-Keto-9Z,11E-octadecadienoic acid",LIN,individual,1:16739637,1,16739637,4.14297e-09,SORBI_3001G189300,0.807481
"13-Keto-9Z,11E-octadecadienoic acid",LIN,individual,1:16739637,1,16739637,4.14297e-09,SORBI_3001G189300,0.803993
"13-Keto-9Z,11E-octadecadienoic acid",LIN,individual,1:16739637,1,16739637,4.14297e-09,SORBI_3001G189300,0.803989
"13-Keto-9Z,11E-octadecadienoic acid",LIN,individual,1:16739637,1,16739637,4.14297e-09,SORBI_3001G189300,0.800836
"13-Keto-9Z,11E-octadecadienoic acid",LIN,individual,1:16739637,1,16739637,4.14297e-09,SORBI_3001G189300,0.797058
"13-Keto-9Z,11E-octadecadienoic acid",LIN,individual,1:16739637,1,16739637,4.14297e-09,SORBI_3001G189300,0.793282
"13-Keto-9Z,11E-octadecadienoic acid",LIN,individual,1:16739637,1,16739637,4.14297e-09,SORBI_3001G189300,0.790245
"13-Keto-9Z,11E-octadecadienoic acid",LIN,individual,1:16739637,1,16739637,4.14297e-09,SORBI_3001G189300,0.789831
"13-Keto-9Z,11E-octadecadienoic acid",LIN,individual,1:16739637,1,16739637,4.14297e-09,SORBI_3001G189300,0.789686
"13-Keto-9Z,11E-octadecadienoic acid",LIN,individual,1:16739637,1,16739637,4.14297e-09,SORBI_3001G189300,0.787462
"13-Keto-9Z,11E-octadecadienoic acid",LIN,individual,1:16739637,1,16739637,4.14297e-09,SORBI_3001G189300,0.78644
"13-Keto-9Z,11E-octadecadienoic acid",LIN,individual,1:16739637,1,16739637,4.14297e-09,SORBI_3001G189300,0.782688
"13-Keto-9Z,11E-octadecadienoic acid",LIN,individual,1:16739637,1,16739637,4.14297e-09,SORBI_3001G189300,0.779636
"13-Keto-9Z,11E-octadecadienoic acid",LIN,individual,1:16739637,1,16739637,4.14297e-09,SORBI_3001G189300,0.775811
"13-Keto-9Z,11E-octadecadienoic acid",LIN,individual,1:16739637,1,16739637,4.14297e-09,SORBI_3001G189300,0.775431
"13-Keto-9Z,11E-octadecadienoic acid",LIN,individual,1:16739637,1,16739637,4.14297e-09,SORBI_3001G189300,0.772948
"13-Keto-9Z,11E-octadecadienoic acid",LIN,individual,1:16739637,1,16739637,4.14297e-09,SORBI_3001G189300,0.772089
"13-Keto-9Z,11E-octadecadienoic acid",LIN,individual,1:16739637,1,16739637,4.14297e-09,SORBI_3001G189300,0.765222
"13-Keto-9Z,11E-octadecadienoic acid",LIN,individual,1:16739637,1,16739637,4.14297e-09,SORBI_3001G189300,0.757783
"13-Keto-9Z,11E-octadecadienoic acid",LIN,individual,1:16739637,1,16739637,4.14297e-09,SORBI_3001G189300,0.743524
"13-Keto-9Z,11E-octadecadienoic acid",LIN,individual,1:16739637,1,16739637,4.14297e-09,SORBI_3001G189300,0.716731
"13-Keto-9Z,11E-octadecadienoic acid",LIN,individual,1:16739637,1,16739637,4.14297e-09,SORBI_3001G189300,0.694093
"13-Keto-9Z,11E-octadecadienoic acid",LIN,individual,1:16739637,1,16739637,4.14297e-09,SORBI_3001G187500,0.685579
"13-Keto-9Z,11E-octadecadienoic acid",LIN,individual,1:16739637,1,16739637,4.14297e-09,SORBI_3001G189600,0.679738
"13-Keto-9Z,11E-octadecadienoic acid",LIN,individual,1:16739637,1,16739637,4.14297e-09,SORBI_3001G187500,0.675529
"13-Keto-9Z,11E-octadecadienoic acid",LIN,individual,1:16739637,1,16739637,4.14297e-09,SORBI_3001G189400,0.675272
"13-Keto-9Z,11E-octadecadienoic acid",LIN,individual,1:16739637,1,16739637,4.14297e-09,SORBI_3001G187400,0.66789
"13-Keto-9Z,11E-octadecadienoic acid",LIN,individual,1:16739637,1,16739637,4.14297e-09,SORBI_3001G187400,0.665398
"13-Keto-9Z,11E-octadecadienoic acid",LIN,individual,1:16739637,1,16739637,4.14297e-09,SORBI_3001G187600,0.66395
"13-Keto-9Z,11E-octadecadienoic acid",LIN,individual,1:16739637,1,16739637,4.14297e-09,SORBI_3001G187500,0.659445
"13-Keto-9Z,11E-octadecadienoic acid",LIN,individual,1:16739637,1,16739637,4.14297e-09,SORBI_3001G187400,0.65943
"13-Keto-9Z,11E-octadecadienoic acid",LIN,individual,1:16739637,1,16739637,4.14297e-09,SORBI_3001G187500,0.657649
"13-Keto-9Z,11E-octadecadienoic acid",LIN,individual,1:16739637,1,16739637,4.14297e-09,SORBI_3001G187500,0.6492
"13-Keto-9Z,11E-octadecadienoic acid",LIN,individual,1:16739637,1,16739637,4.14297e-09,SORBI_3001G187400,0.648821
"13-Keto-9Z,11E-octadecadienoic acid",LIN,individual,1:16739637,1,16739637,4.14297e-09,SORBI_3001G187500,0.640489
"13-Keto-9Z,11E-octadecadienoic acid",LIN,individual,1:16739637,1,16739637,4.14297e-09,SORBI_3001G187500,0.639898
"13-Keto-9Z,11E-octadecadienoic acid",LIN,individual,1:16739637,1,16739637,4.14297e-09,SORBI_3001G187500,0.637213
"13-Keto-9Z,11E-octadecadienoic acid",LIN,individual,1:16739637,1,16739637,4.14297e-09,SORBI_3001G187400,0.634932
"13-Keto-9Z,11E-octadecadienoic acid",LIN,individual,1:16739637,1,16739637,4.14297e-09,SORBI_3001G187400,0.634797
"13-Keto-9Z,11E-octadecadienoic acid",LIN,individual,1:16739637,1,16739637,4.14297e-09,SORBI_3001G189300,0.634146
"13-Keto-9Z,11E-octadecadienoic acid",LIN,individual,1:16739637,1,16739637,4.14297e-09,SORBI_3001G187500,0.628986
"13-Keto-9Z,11E-octadecadienoic acid",LIN,individual,1:16739637,1,16739637,4.14297e-09,SORBI_3001G189300,0.626347
"13-Keto-9Z,11E-octadecadienoic acid",LIN,individual,1:16739637,1,16739637,4.14297e-09,SORBI_3001G187800,0.624628
"13-Keto-9Z,11E-octadecadienoic acid",LIN,individual,1:16739637,1,16739637,4.14297e-09,SORBI_3001G189300,0.620589
"13-Keto-9Z,11E-octadecadienoic acid",LIN,individual,1:16739637,1,16739637,4.14297e-09,SORBI_3001G187500,0.620518
"13-Keto-9Z,11E-octadecadienoic acid",LIN,individual,1:16739637,1,16739637,4.14297e-09,SORBI_3001G187500,0.620419
"13-Keto-9Z,11E-octadecadienoic acid",LIN,individual,1:16739637,1,16739637,4.14297e-09,SORBI_3001G187500,0.616592
"13-Keto-9Z,11E-octadecadienoic acid",LIN,individual,1:16739637,1,16739637,4.14297e-09,SORBI_3001G187500,0.615423
"13-Keto-9Z,11E-octadecadienoic acid",LIN,individual,1:16739637,1,16739637,4.14297e-09,SORBI_3001G187500,0.612861
"13-Keto-9Z,11E-octadecadienoic acid",LIN,individual,1:16739637,1,16739637,4.14297e-09,SORBI_3001G187500,0.612753
"13-Keto-9Z,11E-octadecadienoic acid",LIN,individual,1:16739637,1,16739637,4.14297e-09,SORBI_3001G187800,0.609961
"13-Keto-9Z,11E-octadecadienoic acid",LIN,individual,1:16739637,1,16739637,4.14297e-09,SORBI_3001G189300,0.607771
"13-Keto-9Z,11E-octadecadienoic acid",LIN,individual,1:16739637,1,16739637,4.14297e-09,SORBI_3001G189200,0.602059
"13-Keto-9Z,11E-octadecadienoic acid",LIN,individual,1:16739637,1,16739637,4.14297e-09,SORBI_3001G189300,0.602059
"13-Keto-9Z,11E-octadecadienoic acid",LIN,individual,4:1382812,4,1382812,4.170803e-09,SORBI_3004G017500,0.813952
"13-Keto-9Z,11E-octadecadienoic acid",LIN,individual,3:69040343,3,69040343,4.179122e-09,SORBI_3003G375900,0.951179
"13-Keto-9Z,11E-octadecadienoic acid",LIN,individual,3:69040343,3,69040343,4.179122e-09,SORBI_3003G375900,0.941725
"13-Keto-9Z,11E-octadecadienoic acid",LIN,individual,3:69040343,3,69040343,4.179122e-09,SORBI_3003G375900,0.94111
"13-Keto-9Z,11E-octadecadienoic acid",LIN,individual,3:69040343,3,69040343,4.179122e-09,SORBI_3003G375900,0.931472
"13-Keto-9Z,11E-octadecadienoic acid",LIN,individual,3:69040343,3,69040343,4.179122e-09,SORBI_3003G375900,0.921397
"13-Keto-9Z,11E-octadecadienoic acid",LIN,individual,3:69040343,3,69040343,4.179122e-09,SORBI_3003G375800,0.912076
"13-Keto-9Z,11E-octadecadienoic acid",LIN,individual,3:69040343,3,69040343,4.179122e-09,SORBI_3003G375800,0.902049
"13-Keto-9Z,11E-octadecadienoic acid",LIN,individual,3:69040343,3,69040343,4.179122e-09,SORBI_3003G375500,0.822099
"13-Keto-9Z,11E-octadecadienoic acid",LIN,individual,3:69040343,3,69040343,4.179122e-09,SORBI_3003G375300,0.810058
"13-Keto-9Z,11E-octadecadienoic acid",LIN,individual,3:69040343,3,69040343,4.179122e-09,SORBI_3003G375900,0.810058
"13-Keto-9Z,11E-octadecadienoic acid",LIN,individual,3:69040343,3,69040343,4.179122e-09,SORBI_3003G375400,0.798413
"13-Keto-9Z,11E-octadecadienoic acid",LIN,individual,3:69040343,3,69040343,4.179122e-09,SORBI_3003G375500,0.798413
"13-Keto-9Z,11E-octadecadienoic acid",LIN,individual,3:69040343,3,69040343,4.179122e-09,SORBI_3003G375400,0.786857
"13-Keto-9Z,11E-octadecadienoic acid",LIN,individual,3:69040343,3,69040343,4.179122e-09,SORBI_3003G376000,0.759862
"13-Keto-9Z,11E-octadecadienoic acid",LIN,individual,3:69040343,3,69040343,4.179122e-09,SORBI_3003G373900,0.721733
"13-Keto-9Z,11E-octadecadienoic acid",LIN,individual,3:69040343,3,69040343,4.179122e-09,SORBI_3003G374000,0.683821
"13-Keto-9Z,11E-octadecadienoic acid",LIN,individual,3:69040343,3,69040343,4.179122e-09,SORBI_3003G374100,0.672174
"13-Keto-9Z,11E-octadecadienoic acid",LIN,individual,3:69040343,3,69040343,4.179122e-09,SORBI_3003G376000,0.671495
"13-Keto-9Z,11E-octadecadienoic acid",LIN,individual,3:69040343,3,69040343,4.179122e-09,SORBI_3003G375900,0.650904
"13-Keto-9Z,11E-octadecadienoic acid",LIN,individual,3:69040343,3,69040343,4.179122e-09,SORBI_3003G374100,0.646127
"13-Keto-9Z,11E-octadecadienoic acid",LIN,individual,3:69040343,3,69040343,4.179122e-09,SORBI_3003G374200,0.646127
"13-Keto-9Z,11E-octadecadienoic acid",LIN,individual,3:69040343,3,69040343,4.179122e-09,SORBI_3003G375700,0.641954
"13-Keto-9Z,11E-octadecadienoic acid",LIN,individual,3:69040343,3,69040343,4.179122e-09,SORBI_3003G374000,0.63989
"13-Keto-9Z,11E-octadecadienoic acid",LIN,individual,3:69040343,3,69040343,4.179122e-09,SORBI_3003G374200,0.635531
"13-Keto-9Z,11E-octadecadienoic acid",LIN,individual,3:69040343,3,69040343,4.179122e-09,SORBI_3003G374200,0.625102
"13-Keto-9Z,11E-octadecadienoic acid",LIN,individual,3:69040343,3,69040343,4.179122e-09,SORBI_3003G375700,0.618026
"13-Keto-9Z,11E-octadecadienoic acid",LIN,individual,3:69040343,3,69040343,4.179122e-09,SORBI_3003G375700,0.615093
"13-Keto-9Z,11E-octadecadienoic acid",LIN,individual,3:69040343,3,69040343,4.179122e-09,SORBI_3003G374500,0.605683
"13-Keto-9Z,11E-octadecadienoic acid",LIN,individual,3:69040343,3,69040343,4.179122e-09,SORBI_3003G374600,0.604207
"13-Keto-9Z,11E-octadecadienoic acid",LIN,individual,9:46917009,9,46917009,4.248997e-09,SORBI_3009G119700,0.914598
"13-Keto-9Z,11E-octadecadienoic acid",LIN,individual,9:46917009,9,46917009,4.248997e-09,SORBI_3009G119700,0.903719
"13-Keto-9Z,11E-octadecadienoic acid",LIN,individual,9:46917009,9,46917009,4.248997e-09,SORBI_3009G119800,0.885389
"13-Keto-9Z,11E-octadecadienoic acid",LIN,individual,9:46917009,9,46917009,4.248997e-09,SORBI_3009G119700,0.869234
"13-Keto-9Z,11E-octadecadienoic acid",LIN,individual,9:46917009,9,46917009,4.248997e-09,SORBI_3009G119501,0.868581
"13-Keto-9Z,11E-octadecadienoic acid",LIN,individual,9:46917009,9,46917009,4.248997e-09,SORBI_3009G119501,0.866541
"13-Keto-9Z,11E-octadecadienoic acid",LIN,individual,9:46917009,9,46917009,4.248997e-09,SORBI_3009G119700,0.863907
"13-Keto-9Z,11E-octadecadienoic acid",LIN,individual,9:46917009,9,46917009,4.248997e-09,SORBI_3009G119800,0.863907
"13-Keto-9Z,11E-octadecadienoic acid",LIN,individual,9:46917009,9,46917009,4.248997e-09,SORBI_3009G119800,0.853227
"13-Keto-9Z,11E-octadecadienoic acid",LIN,individual,9:46917009,9,46917009,4.248997e-09,SORBI_3009G119400,0.845303
"13-Keto-9Z,11E-octadecadienoic acid",LIN,individual,9:46917009,9,46917009,4.248997e-09,SORBI_3009G119700,0.84262
"13-Keto-9Z,11E-octadecadienoic acid",LIN,individual,9:46917009,9,46917009,4.248997e-09,SORBI_3009G119700,0.841245
"13-Keto-9Z,11E-octadecadienoic acid",LIN,individual,9:46917009,9,46917009,4.248997e-09,SORBI_3009G119700,0.835461
"13-Keto-9Z,11E-octadecadienoic acid",LIN,individual,9:46917009,9,46917009,4.248997e-09,SORBI_3009G119700,0.83209
"13-Keto-9Z,11E-octadecadienoic acid",LIN,individual,9:46917009,9,46917009,4.248997e-09,SORBI_3009G119501,0.811492
"13-Keto-9Z,11E-octadecadienoic acid",LIN,individual,9:46917009,9,46917009,4.248997e-09,SORBI_3009G119400,0.746806
"13-Keto-9Z,11E-octadecadienoic acid",LIN,individual,9:46917009,9,46917009,4.248997e-09,SORBI_3009G119700,0.741687
"13-Keto-9Z,11E-octadecadienoic acid",LIN,individual,9:46917009,9,46917009,4.248997e-09,SORBI_3009G119300,0.738324
"13-Keto-9Z,11E-octadecadienoic acid",LIN,individual,1:16736651,1,16736651,4.438085e-09,SORBI_3001G189300,1
"13-Keto-9Z,11E-octadecadienoic acid",LIN,individual,1:16736651,1,16736651,4.438085e-09,SORBI_3001G189300,1
"13-Keto-9Z,11E-octadecadienoic acid",LIN,individual,1:16736651,1,16736651,4.438085e-09,SORBI_3001G189300,0.991236
"13-Keto-9Z,11E-octadecadienoic acid",LIN,individual,1:16736651,1,16736651,4.438085e-09,SORBI_3001G189300,0.983033
"13-Keto-9Z,11E-octadecadienoic acid",LIN,individual,1:16736651,1,16736651,4.438085e-09,SORBI_3001G189300,0.982205
"13-Keto-9Z,11E-octadecadienoic acid",LIN,individual,1:16736651,1,16736651,4.438085e-09,SORBI_3001G189300,0.974009
"13-Keto-9Z,11E-octadecadienoic acid",LIN,individual,1:16736651,1,16736651,4.438085e-09,SORBI_3001G189300,0.972956
"13-Keto-9Z,11E-octadecadienoic acid",LIN,individual,1:16736651,1,16736651,4.438085e-09,SORBI_3001G189300,0.96888
"13-Keto-9Z,11E-octadecadienoic acid",LIN,individual,1:16736651,1,16736651,4.438085e-09,SORBI_3001G189300,0.967184
"13-Keto-9Z,11E-octadecadienoic acid",LIN,individual,1:16736651,1,16736651,4.438085e-09,SORBI_3001G189300,0.966337
"13-Keto-9Z,11E-octadecadienoic acid",LIN,individual,1:16736651,1,16736651,4.438085e-09,SORBI_3001G189300,0.965569
"13-Keto-9Z,11E-octadecadienoic acid",LIN,individual,1:16736651,1,16736651,4.438085e-09,SORBI_3001G189300,0.96449
"13-Keto-9Z,11E-octadecadienoic acid",LIN,individual,1:16736651,1,16736651,4.438085e-09,SORBI_3001G189300,0.962194
"13-Keto-9Z,11E-octadecadienoic acid",LIN,individual,1:16736651,1,16736651,4.438085e-09,SORBI_3001G189300,0.957274
"13-Keto-9Z,11E-octadecadienoic acid",LIN,individual,1:16736651,1,16736651,4.438085e-09,SORBI_3001G189300,0.956575
"13-Keto-9Z,11E-octadecadienoic acid",LIN,individual,1:16736651,1,16736651,4.438085e-09,SORBI_3001G189300,0.955912
"13-Keto-9Z,11E-octadecadienoic acid",LIN,individual,1:16736651,1,16736651,4.438085e-09,SORBI_3001G189300,0.955111
"13-Keto-9Z,11E-octadecadienoic acid",LIN,individual,1:16736651,1,16736651,4.438085e-09,SORBI_3001G189300,0.954546
"13-Keto-9Z,11E-octadecadienoic acid",LIN,individual,1:16736651,1,16736651,4.438085e-09,SORBI_3001G189300,0.948263
"13-Keto-9Z,11E-octadecadienoic acid",LIN,individual,1:16736651,1,16736651,4.438085e-09,SORBI_3001G189300,0.948072
"13-Keto-9Z,11E-octadecadienoic acid",LIN,individual,1:16736651,1,16736651,4.438085e-09,SORBI_3001G189300,0.947711
"13-Keto-9Z,11E-octadecadienoic acid",LIN,individual,1:16736651,1,16736651,4.438085e-09,SORBI_3001G189300,0.947482
"13-Keto-9Z,11E-octadecadienoic acid",LIN,individual,1:16736651,1,16736651,4.438085e-09,SORBI_3001G189300,0.946937
"13-Keto-9Z,11E-octadecadienoic acid",LIN,individual,1:16736651,1,16736651,4.438085e-09,SORBI_3001G189300,0.93849
"13-Keto-9Z,11E-octadecadienoic acid",LIN,individual,1:16736651,1,16736651,4.438085e-09,SORBI_3001G189300,0.937432
"13-Keto-9Z,11E-octadecadienoic acid",LIN,individual,1:16736651,1,16736651,4.438085e-09,SORBI_3001G189300,0.937001
"13-Keto-9Z,11E-octadecadienoic acid",LIN,individual,1:16736651,1,16736651,4.438085e-09,SORBI_3001G189300,0.928068
"13-Keto-9Z,11E-octadecadienoic acid",LIN,individual,1:16736651,1,16736651,4.438085e-09,SORBI_3001G189300,0.894624
"13-Keto-9Z,11E-octadecadienoic acid",LIN,individual,1:16736651,1,16736651,4.438085e-09,SORBI_3001G189300,0.866199
"13-Keto-9Z,11E-octadecadienoic acid",LIN,individual,1:16736651,1,16736651,4.438085e-09,SORBI_3001G189400,0.859067
"13-Keto-9Z,11E-octadecadienoic acid",LIN,individual,1:16736651,1,16736651,4.438085e-09,SORBI_3001G187500,0.821706
"13-Keto-9Z,11E-octadecadienoic acid",LIN,individual,1:16736651,1,16736651,4.438085e-09,SORBI_3001G187500,0.821645
"13-Keto-9Z,11E-octadecadienoic acid",LIN,individual,1:16736651,1,16736651,4.438085e-09,SORBI_3001G187400,0.818331
"13-Keto-9Z,11E-octadecadienoic acid",LIN,individual,1:16736651,1,16736651,4.438085e-09,SORBI_3001G187600,0.81413
"13-Keto-9Z,11E-octadecadienoic acid",LIN,individual,1:16736651,1,16736651,4.438085e-09,SORBI_3001G187400,0.811302
"13-Keto-9Z,11E-octadecadienoic acid",LIN,individual,1:16736651,1,16736651,4.438085e-09,SORBI_3001G187500,0.809795
"13-Keto-9Z,11E-octadecadienoic acid",LIN,individual,1:16736651,1,16736651,4.438085e-09,SORBI_3001G187400,0.806681
"13-Keto-9Z,11E-octadecadienoic acid",LIN,individual,1:16736651,1,16736651,4.438085e-09,SORBI_3001G189300,0.803993
"13-Keto-9Z,11E-octadecadienoic acid",LIN,individual,1:16736651,1,16736651,4.438085e-09,SORBI_3001G187500,0.803008
"13-Keto-9Z,11E-octadecadienoic acid",LIN,individual,1:16736651,1,16736651,4.438085e-09,SORBI_3001G187500,0.796922
"13-Keto-9Z,11E-octadecadienoic acid",LIN,individual,1:16736651,1,16736651,4.438085e-09,SORBI_3001G187500,0.796507
"13-Keto-9Z,11E-octadecadienoic acid",LIN,individual,1:16736651,1,16736651,4.438085e-09,SORBI_3001G187400,0.795792
"13-Keto-9Z,11E-octadecadienoic acid",LIN,individual,1:16736651,1,16736651,4.438085e-09,SORBI_3001G187500,0.795766
"13-Keto-9Z,11E-octadecadienoic acid",LIN,individual,1:16736651,1,16736651,4.438085e-09,SORBI_3001G187500,0.795621
"13-Keto-9Z,11E-octadecadienoic acid",LIN,individual,1:16736651,1,16736651,4.438085e-09,SORBI_3001G187500,0.791755
"13-Keto-9Z,11E-octadecadienoic acid",LIN,individual,1:16736651,1,16736651,4.438085e-09,SORBI_3001G187500,0.791683
"13-Keto-9Z,11E-octadecadienoic acid",LIN,individual,1:16736651,1,16736651,4.438085e-09,SORBI_3001G187500,0.791315
"13-Keto-9Z,11E-octadecadienoic acid",LIN,individual,1:16736651,1,16736651,4.438085e-09,SORBI_3001G187500,0.787199
"13-Keto-9Z,11E-octadecadienoic acid",LIN,individual,1:16736651,1,16736651,4.438085e-09,SORBI_3001G187400,0.78483
"13-Keto-9Z,11E-octadecadienoic acid",LIN,individual,1:16736651,1,16736651,4.438085e-09,SORBI_3001G187400,0.784732
"13-Keto-9Z,11E-octadecadienoic acid",LIN,individual,1:16736651,1,16736651,4.438085e-09,SORBI_3001G189600,0.783644
"13-Keto-9Z,11E-octadecadienoic acid",LIN,individual,1:16736651,1,16736651,4.438085e-09,SORBI_3001G187500,0.7805
"13-Keto-9Z,11E-octadecadienoic acid",LIN,individual,1:16736651,1,16736651,4.438085e-09,SORBI_3001G187400,0.780062
"13-Keto-9Z,11E-octadecadienoic acid",LIN,individual,1:16736651,1,16736651,4.438085e-09,SORBI_3001G187500,0.778627
"13-Keto-9Z,11E-octadecadienoic acid",LIN,individual,1:16736651,1,16736651,4.438085e-09,SORBI_3001G187400,0.773979
"13-Keto-9Z,11E-octadecadienoic acid",LIN,individual,1:16736651,1,16736651,4.438085e-09,SORBI_3001G187400,0.772598
"13-Keto-9Z,11E-octadecadienoic acid",LIN,individual,1:16736651,1,16736651,4.438085e-09,SORBI_3001G187500,0.769689
"13-Keto-9Z,11E-octadecadienoic acid",LIN,individual,1:16736651,1,16736651,4.438085e-09,SORBI_3001G187800,0.768102
"13-Keto-9Z,11E-octadecadienoic acid",LIN,individual,1:16736651,1,16736651,4.438085e-09,SORBI_3001G187400,0.763511
"13-Keto-9Z,11E-octadecadienoic acid",LIN,individual,1:16736651,1,16736651,4.438085e-09,SORBI_3001G187800,0.757046
"13-Keto-9Z,11E-octadecadienoic acid",LIN,individual,1:16736651,1,16736651,4.438085e-09,SORBI_3001G187400,0.755907
"13-Keto-9Z,11E-octadecadienoic acid",LIN,individual,1:16736651,1,16736651,4.438085e-09,SORBI_3001G187400,0.754177
"13-Keto-9Z,11E-octadecadienoic acid",LIN,individual,1:16736651,1,16736651,4.438085e-09,SORBI_3001G188900,0.737045
"13-Keto-9Z,11E-octadecadienoic acid",LIN,individual,1:16736651,1,16736651,4.438085e-09,SORBI_3001G187400,0.73695
"13-Keto-9Z,11E-octadecadienoic acid",LIN,individual,1:16736651,1,16736651,4.438085e-09,SORBI_3001G187500,0.734967
"13-Keto-9Z,11E-octadecadienoic acid",LIN,individual,1:16736651,1,16736651,4.438085e-09,SORBI_3001G188900,0.733958
"13-Keto-9Z,11E-octadecadienoic acid",LIN,individual,1:16736651,1,16736651,4.438085e-09,SORBI_3001G188900,0.732894
"13-Keto-9Z,11E-octadecadienoic acid",LIN,individual,1:16736651,1,16736651,4.438085e-09,SORBI_3001G188800,0.731123
"13-Keto-9Z,11E-octadecadienoic acid",LIN,individual,1:16736651,1,16736651,4.438085e-09,SORBI_3001G188900,0.731123
"13-Keto-9Z,11E-octadecadienoic acid",LIN,individual,1:16736651,1,16736651,4.438085e-09,SORBI_3001G187400,0.729557
"13-Keto-9Z,11E-octadecadienoic acid",LIN,individual,1:16736651,1,16736651,4.438085e-09,SORBI_3001G188900,0.722544
"13-Keto-9Z,11E-octadecadienoic acid",LIN,individual,1:16736651,1,16736651,4.438085e-09,SORBI_3001G188900,0.719399
"13-Keto-9Z,11E-octadecadienoic acid",LIN,individual,1:16736651,1,16736651,4.438085e-09,SORBI_3001G188900,0.714418
"13-Keto-9Z,11E-octadecadienoic acid",LIN,individual,1:16736651,1,16736651,4.438085e-09,SORBI_3001G189000,0.713858
"13-Keto-9Z,11E-octadecadienoic acid",LIN,individual,1:16736651,1,16736651,4.438085e-09,SORBI_3001G187800,0.711178
"13-Keto-9Z,11E-octadecadienoic acid",LIN,individual,1:16736651,1,16736651,4.438085e-09,SORBI_3001G188900,0.702358
"13-Keto-9Z,11E-octadecadienoic acid",LIN,individual,1:16736651,1,16736651,4.438085e-09,SORBI_3001G188100,0.700301
"13-Keto-9Z,11E-octadecadienoic acid",LIN,individual,1:16736651,1,16736651,4.438085e-09,SORBI_3001G188900,0.69977
"13-Keto-9Z,11E-octadecadienoic acid",LIN,individual,1:16736651,1,16736651,4.438085e-09,SORBI_3001G188900,0.696773
"13-Keto-9Z,11E-octadecadienoic acid",LIN,individual,1:16736651,1,16736651,4.438085e-09,SORBI_3001G187800,0.694619
"13-Keto-9Z,11E-octadecadienoic acid",LIN,individual,1:16736651,1,16736651,4.438085e-09,SORBI_3001G188900,0.694169
"13-Keto-9Z,11E-octadecadienoic acid",LIN,individual,1:16736651,1,16736651,4.438085e-09,SORBI_3001G188900,0.690968
"13-Keto-9Z,11E-octadecadienoic acid",LIN,individual,1:16736651,1,16736651,4.438085e-09,SORBI_3001G188900,0.690893
"13-Keto-9Z,11E-octadecadienoic acid",LIN,individual,1:16736651,1,16736651,4.438085e-09,SORBI_3001G188900,0.688097
"13-Keto-9Z,11E-octadecadienoic acid",LIN,individual,1:16736651,1,16736651,4.438085e-09,SORBI_3001G188900,0.679547
"13-Keto-9Z,11E-octadecadienoic acid",LIN,individual,1:16736651,1,16736651,4.438085e-09,SORBI_3001G188900,0.676377
"13-Keto-9Z,11E-octadecadienoic acid",LIN,individual,1:16736651,1,16736651,4.438085e-09,SORBI_3001G188900,0.668712
"13-Keto-9Z,11E-octadecadienoic acid",LIN,individual,1:16736651,1,16736651,4.438085e-09,SORBI_3001G187500,0.661821
"13-Keto-9Z,11E-octadecadienoic acid",LIN,individual,1:16736651,1,16736651,4.438085e-09,SORBI_3001G187800,0.661048
"13-Keto-9Z,11E-octadecadienoic acid",LIN,individual,1:16736651,1,16736651,4.438085e-09,SORBI_3001G189000,0.659541
"13-Keto-9Z,11E-octadecadienoic acid",LIN,individual,1:16736651,1,16736651,4.438085e-09,SORBI_3001G189300,0.658043
"13-Keto-9Z,11E-octadecadienoic acid",LIN,individual,1:16736651,1,16736651,4.438085e-09,SORBI_3001G189300,0.649867
"13-Keto-9Z,11E-octadecadienoic acid",LIN,individual,1:16736651,1,16736651,4.438085e-09,SORBI_3001G187800,0.643655
"13-Keto-9Z,11E-octadecadienoic acid",LIN,individual,1:16736651,1,16736651,4.438085e-09,SORBI_3001G188700,0.640936
"13-Keto-9Z,11E-octadecadienoic acid",LIN,individual,1:16736651,1,16736651,4.438085e-09,SORBI_3001G189300,0.640291
"13-Keto-9Z,11E-octadecadienoic acid",LIN,individual,1:16736651,1,16736651,4.438085e-09,SORBI_3001G188900,0.636621
"13-Keto-9Z,11E-octadecadienoic acid",LIN,individual,1:16736651,1,16736651,4.438085e-09,SORBI_3001G187800,0.634505
"13-Keto-9Z,11E-octadecadienoic acid",LIN,individual,1:16736651,1,16736651,4.438085e-09,SORBI_3001G187500,0.631065
"13-Keto-9Z,11E-octadecadienoic acid",LIN,individual,1:16736651,1,16736651,4.438085e-09,SORBI_3001G188700,0.629066
"13-Keto-9Z,11E-octadecadienoic acid",LIN,individual,1:16736651,1,16736651,4.438085e-09,SORBI_3001G188700,0.627551
"13-Keto-9Z,11E-octadecadienoic acid",LIN,individual,1:16736651,1,16736651,4.438085e-09,SORBI_3001G188700,0.626996
"13-Keto-9Z,11E-octadecadienoic acid",LIN,individual,1:16736651,1,16736651,4.438085e-09,SORBI_3001G187800,0.626145
"13-Keto-9Z,11E-octadecadienoic acid",LIN,individual,1:16736651,1,16736651,4.438085e-09,SORBI_3001G189200,0.622763
"13-Keto-9Z,11E-octadecadienoic acid",LIN,individual,1:16736651,1,16736651,4.438085e-09,SORBI_3001G188700,0.622622
"13-Keto-9Z,11E-octadecadienoic acid",LIN,individual,1:16736651,1,16736651,4.438085e-09,SORBI_3001G187800,0.618869
"13-Keto-9Z,11E-octadecadienoic acid",LIN,individual,1:16736651,1,16736651,4.438085e-09,SORBI_3001G189200,0.615688
"13-Keto-9Z,11E-octadecadienoic acid",LIN,individual,1:16736651,1,16736651,4.438085e-09,SORBI_3001G188700,0.615667
"13-Keto-9Z,11E-octadecadienoic acid",LIN,individual,1:16736651,1,16736651,4.438085e-09,SORBI_3001G187800,0.615126
"13-Keto-9Z,11E-octadecadienoic acid",LIN,individual,1:16736651,1,16736651,4.438085e-09,SORBI_3001G189000,0.615125
"13-Keto-9Z,11E-octadecadienoic acid",LIN,individual,1:16736651,1,16736651,4.438085e-09,SORBI_3001G188700,0.615098
"13-Keto-9Z,11E-octadecadienoic acid",LIN,individual,1:16736651,1,16736651,4.438085e-09,SORBI_3001G188700,0.614658
"13-Keto-9Z,11E-octadecadienoic acid",LIN,individual,1:16736651,1,16736651,4.438085e-09,SORBI_3001G188700,0.61434
"13-Keto-9Z,11E-octadecadienoic acid",LIN,individual,1:16736651,1,16736651,4.438085e-09,SORBI_3001G189200,0.613509
"13-Keto-9Z,11E-octadecadienoic acid",LIN,individual,1:16736651,1,16736651,4.438085e-09,SORBI_3001G189300,0.613509
"13-Keto-9Z,11E-octadecadienoic acid",LIN,individual,1:16736651,1,16736651,4.438085e-09,SORBI_3001G188700,0.610708
"13-Keto-9Z,11E-octadecadienoic acid",LIN,individual,1:16736651,1,16736651,4.438085e-09,SORBI_3001G189200,0.60612
"13-Keto-9Z,11E-octadecadienoic acid",LIN,individual,1:16736651,1,16736651,4.438085e-09,SORBI_3001G187700,0.606101
"13-Keto-9Z,11E-octadecadienoic acid",LIN,individual,1:16736651,1,16736651,4.438085e-09,SORBI_3001G189300,0.60443
"13-Keto-9Z,11E-octadecadienoic acid",LIN,individual,1:16736651,1,16736651,4.438085e-09,SORBI_3001G188700,0.603222
"13-Keto-9Z,11E-octadecadienoic acid",LIN,individual,1:16736651,1,16736651,4.438085e-09,SORBI_3001G188700,0.602771
"13-Keto-9Z,11E-octadecadienoic acid",LIN,individual,1:16736651,1,16736651,4.438085e-09,SORBI_3001G188700,0.602443
"13-Keto-9Z,11E-octadecadienoic acid",LIN,individual,1:16736651,1,16736651,4.438085e-09,SORBI_3001G188700,0.602359
"13-Keto-9Z,11E-octadecadienoic acid",LIN,individual,4:681699,4,681699,4.59143e-09,SORBI_3004G007600,0.975285
"13-Keto-9Z,11E-octadecadienoic acid",LIN,individual,4:681699,4,681699,4.59143e-09,SORBI_3004G007800,0.840225
"13-Keto-9Z,11E-octadecadienoic acid",LIN,individual,4:681699,4,681699,4.59143e-09,SORBI_3004G007600,0.822698
"13-Keto-9Z,11E-octadecadienoic acid",LIN,individual,4:681699,4,681699,4.59143e-09,SORBI_3004G007600,0.816807
"13-Keto-9Z,11E-octadecadienoic acid",LIN,individual,4:681699,4,681699,4.59143e-09,SORBI_3004G007800,0.816435
"13-Keto-9Z,11E-octadecadienoic acid",LIN,individual,4:681699,4,681699,4.59143e-09,SORBI_3004G007600,0.812166
"13-Keto-9Z,11E-octadecadienoic acid",LIN,individual,4:681699,4,681699,4.59143e-09,SORBI_3004G007800,0.806381
"13-Keto-9Z,11E-octadecadienoic acid",LIN,individual,4:681699,4,681699,4.59143e-09,SORBI_3004G007600,0.80168
"13-Keto-9Z,11E-octadecadienoic acid",LIN,individual,4:681699,4,681699,4.59143e-09,SORBI_3004G007800,0.796342
"13-Keto-9Z,11E-octadecadienoic acid",LIN,individual,4:681699,4,681699,4.59143e-09,SORBI_3004G007600,0.788828
"13-Keto-9Z,11E-octadecadienoic acid",LIN,individual,4:681699,4,681699,4.59143e-09,SORBI_3004G007800,0.786369
"13-Keto-9Z,11E-octadecadienoic acid",LIN,individual,4:681699,4,681699,4.59143e-09,SORBI_3004G007032,0.721868
"13-Keto-9Z,11E-octadecadienoic acid",LIN,individual,4:681699,4,681699,4.59143e-09,SORBI_3004G008900,0.693052
"13-Keto-9Z,11E-octadecadienoic acid",LIN,individual,4:681699,4,681699,4.59143e-09,SORBI_3004G008900,0.692996
"13-Keto-9Z,11E-octadecadienoic acid",LIN,individual,4:681699,4,681699,4.59143e-09,SORBI_3004G008500,0.68657
"13-Keto-9Z,11E-octadecadienoic acid",LIN,individual,4:681699,4,681699,4.59143e-09,SORBI_3004G008900,0.685228
"13-Keto-9Z,11E-octadecadienoic acid",LIN,individual,4:681699,4,681699,4.59143e-09,SORBI_3004G008900,0.685171
"13-Keto-9Z,11E-octadecadienoic acid",LIN,individual,4:681699,4,681699,4.59143e-09,SORBI_3004G008900,0.677624
"13-Keto-9Z,11E-octadecadienoic acid",LIN,individual,4:681699,4,681699,4.59143e-09,SORBI_3004G006900,0.675433
"13-Keto-9Z,11E-octadecadienoic acid",LIN,individual,4:681699,4,681699,4.59143e-09,SORBI_3004G006966,0.675433
"13-Keto-9Z,11E-octadecadienoic acid",LIN,individual,4:681699,4,681699,4.59143e-09,SORBI_3004G008400,0.672524
"13-Keto-9Z,11E-octadecadienoic acid",LIN,individual,4:681699,4,681699,4.59143e-09,SORBI_3004G008500,0.672524
"13-Keto-9Z,11E-octadecadienoic acid",LIN,individual,4:681699,4,681699,4.59143e-09,SORBI_3004G008500,0.672463
"13-Keto-9Z,11E-octadecadienoic acid",LIN,individual,4:681699,4,681699,4.59143e-09,SORBI_3004G008500,0.672401
"13-Keto-9Z,11E-octadecadienoic acid",LIN,individual,4:681699,4,681699,4.59143e-09,SORBI_3004G006600,0.670301
"13-Keto-9Z,11E-octadecadienoic acid",LIN,individual,4:681699,4,681699,4.59143e-09,SORBI_3004G006700,0.670301
"13-Keto-9Z,11E-octadecadienoic acid",LIN,individual,4:681699,4,681699,4.59143e-09,SORBI_3004G007200,0.663823
"13-Keto-9Z,11E-octadecadienoic acid",LIN,individual,4:681699,4,681699,4.59143e-09,SORBI_3004G008500,0.65771
"13-Keto-9Z,11E-octadecadienoic acid",LIN,individual,4:681699,4,681699,4.59143e-09,SORBI_3004G007133,0.655722
"13-Keto-9Z,11E-octadecadienoic acid",LIN,individual,4:681699,4,681699,4.59143e-09,SORBI_3004G008500,0.65052
"13-Keto-9Z,11E-octadecadienoic acid",LIN,individual,4:681699,4,681699,4.59143e-09,SORBI_3004G008800,0.644712
"13-Keto-9Z,11E-octadecadienoic acid",LIN,individual,4:681699,4,681699,4.59143e-09,SORBI_3004G009100,0.644712
"13-Keto-9Z,11E-octadecadienoic acid",LIN,individual,4:681699,4,681699,4.59143e-09,SORBI_3004G008900,0.644507
"13-Keto-9Z,11E-octadecadienoic acid",LIN,individual,4:681699,4,681699,4.59143e-09,SORBI_3004G007200,0.638037
"13-Keto-9Z,11E-octadecadienoic acid",LIN,individual,4:681699,4,681699,4.59143e-09,SORBI_3004G008800,0.637755
"13-Keto-9Z,11E-octadecadienoic acid",LIN,individual,4:681699,4,681699,4.59143e-09,SORBI_3004G007300,0.63372
"13-Keto-9Z,11E-octadecadienoic acid",LIN,individual,4:681699,4,681699,4.59143e-09,SORBI_3004G007100,0.633613
"13-Keto-9Z,11E-octadecadienoic acid",LIN,individual,4:681699,4,681699,4.59143e-09,SORBI_3004G007500,0.633104
"13-Keto-9Z,11E-octadecadienoic acid",LIN,individual,4:681699,4,681699,4.59143e-09,SORBI_3004G008900,0.631466
"13-Keto-9Z,11E-octadecadienoic acid",LIN,individual,4:681699,4,681699,4.59143e-09,SORBI_3004G007200,0.631447
"13-Keto-9Z,11E-octadecadienoic acid",LIN,individual,4:681699,4,681699,4.59143e-09,SORBI_3004G008800,0.630931
"13-Keto-9Z,11E-octadecadienoic acid",LIN,individual,4:681699,4,681699,4.59143e-09,SORBI_3004G009000,0.628082
"13-Keto-9Z,11E-octadecadienoic acid",LIN,individual,4:681699,4,681699,4.59143e-09,SORBI_3004G006800,0.626644
"13-Keto-9Z,11E-octadecadienoic acid",LIN,individual,4:681699,4,681699,4.59143e-09,SORBI_3004G008900,0.619531
"13-Keto-9Z,11E-octadecadienoic acid",LIN,individual,4:681699,4,681699,4.59143e-09,SORBI_3004G008900,0.619461
"13-Keto-9Z,11E-octadecadienoic acid",LIN,individual,4:681699,4,681699,4.59143e-09,SORBI_3004G007200,0.609214
"13-Keto-9Z,11E-octadecadienoic acid",LIN,individual,4:681699,4,681699,4.59143e-09,SORBI_3004G007400,0.605928
"13-Keto-9Z,11E-octadecadienoic acid",LIN,individual,4:681699,4,681699,4.59143e-09,SORBI_3004G007100,0.601544
"13-Keto-9Z,11E-octadecadienoic acid",LIN,individual,1:61658932,1,61658932,4.605272e-09,SORBI_3001G329001,1
"13-Keto-9Z,11E-octadecadienoic acid",LIN,individual,1:61658932,1,61658932,4.605272e-09,SORBI_3001G329001,1
"13-Keto-9Z,11E-octadecadienoic acid",LIN,individual,1:61658932,1,61658932,4.605272e-09,SORBI_3001G329300,0.769804
"13-Keto-9Z,11E-octadecadienoic acid",LIN,individual,1:61640531,1,61640531,4.702035e-09,SORBI_3001G328850,0.653575
"13-Keto-9Z,11E-octadecadienoic acid",LIN,individual,1:61640531,1,61640531,4.702035e-09,SORBI_3001G329901,0.651042
"13-Keto-9Z,11E-octadecadienoic acid",LIN,individual,3:69049004,3,69049004,4.718787e-09,SORBI_3003G375900,1
"13-Keto-9Z,11E-octadecadienoic acid",LIN,individual,3:69049004,3,69049004,4.718787e-09,SORBI_3003G375900,1
"13-Keto-9Z,11E-octadecadienoic acid",LIN,individual,3:69049004,3,69049004,4.718787e-09,SORBI_3003G375900,0.980141
"13-Keto-9Z,11E-octadecadienoic acid",LIN,individual,3:69049004,3,69049004,4.718787e-09,SORBI_3003G375900,0.970452
"13-Keto-9Z,11E-octadecadienoic acid",LIN,individual,3:69049004,3,69049004,4.718787e-09,SORBI_3003G375900,0.969766
"13-Keto-9Z,11E-octadecadienoic acid",LIN,individual,3:69049004,3,69049004,4.718787e-09,SORBI_3003G375900,0.969635
"13-Keto-9Z,11E-octadecadienoic acid",LIN,individual,3:69049004,3,69049004,4.718787e-09,SORBI_3003G375800,0.939849
"13-Keto-9Z,11E-octadecadienoic acid",LIN,individual,3:69049004,3,69049004,4.718787e-09,SORBI_3003G375800,0.929518
"13-Keto-9Z,11E-octadecadienoic acid",LIN,individual,3:69049004,3,69049004,4.718787e-09,SORBI_3003G375900,0.835011
"13-Keto-9Z,11E-octadecadienoic acid",LIN,individual,3:69049004,3,69049004,4.718787e-09,SORBI_3003G375500,0.793271
"13-Keto-9Z,11E-octadecadienoic acid",LIN,individual,3:69049004,3,69049004,4.718787e-09,SORBI_3003G376000,0.783106
"13-Keto-9Z,11E-octadecadienoic acid",LIN,individual,3:69049004,3,69049004,4.718787e-09,SORBI_3003G375300,0.765581
"13-Keto-9Z,11E-octadecadienoic acid",LIN,individual,3:69049004,3,69049004,4.718787e-09,SORBI_3003G375400,0.753229
"13-Keto-9Z,11E-octadecadienoic acid",LIN,individual,3:69049004,3,69049004,4.718787e-09,SORBI_3003G375500,0.753229
"13-Keto-9Z,11E-octadecadienoic acid",LIN,individual,3:69049004,3,69049004,4.718787e-09,SORBI_3003G375400,0.740948
"13-Keto-9Z,11E-octadecadienoic acid",LIN,individual,3:69049004,3,69049004,4.718787e-09,SORBI_3003G375900,0.70049
"13-Keto-9Z,11E-octadecadienoic acid",LIN,individual,3:69049004,3,69049004,4.718787e-09,SORBI_3003G376000,0.692422
"13-Keto-9Z,11E-octadecadienoic acid",LIN,individual,3:69049004,3,69049004,4.718787e-09,SORBI_3003G373900,0.67111
"13-Keto-9Z,11E-octadecadienoic acid",LIN,individual,3:69049004,3,69049004,4.718787e-09,SORBI_3003G374000,0.632576
"13-Keto-9Z,11E-octadecadienoic acid",LIN,individual,3:69049004,3,69049004,4.718787e-09,SORBI_3003G375700,0.619425
"13-Keto-9Z,11E-octadecadienoic acid",LIN,individual,3:69049004,3,69049004,4.718787e-09,SORBI_3003G374100,0.618342
"13-Keto-9Z,11E-octadecadienoic acid",LIN,individual,3:69049004,3,69049004,4.718787e-09,SORBI_3003G375700,0.6036
"13-Keto-9Z,11E-octadecadienoic acid",LIN,individual,2:50244382,2,50244382,4.855503e-09,SORBI_3002G162500,0.880648
"13-Keto-9Z,11E-octadecadienoic acid",LIN,individual,2:50244382,2,50244382,4.855503e-09,SORBI_3002G162400,0.879787
"13-Keto-9Z,11E-octadecadienoic acid",LIN,individual,2:50244382,2,50244382,4.855503e-09,SORBI_3002G162500,0.879787
"13-Keto-9Z,11E-octadecadienoic acid",LIN,individual,2:50244382,2,50244382,4.855503e-09,SORBI_3002G161900,0.879613
"13-Keto-9Z,11E-octadecadienoic acid",LIN,individual,2:50244382,2,50244382,4.855503e-09,SORBI_3002G162000,0.879109
"13-Keto-9Z,11E-octadecadienoic acid",LIN,individual,2:50244382,2,50244382,4.855503e-09,SORBI_3002G161900,0.873328
"13-Keto-9Z,11E-octadecadienoic acid",LIN,individual,2:50244382,2,50244382,4.855503e-09,SORBI_3002G162400,0.873328
"13-Keto-9Z,11E-octadecadienoic acid",LIN,individual,2:50244382,2,50244382,4.855503e-09,SORBI_3002G161900,0.872813
"13-Keto-9Z,11E-octadecadienoic acid",LIN,individual,2:50244382,2,50244382,4.855503e-09,SORBI_3002G161800,0.868405
"13-Keto-9Z,11E-octadecadienoic acid",LIN,individual,2:50244382,2,50244382,4.855503e-09,SORBI_3002G161800,0.867595
"13-Keto-9Z,11E-octadecadienoic acid",LIN,individual,2:50244382,2,50244382,4.855503e-09,SORBI_3002G161900,0.867595
"13-Keto-9Z,11E-octadecadienoic acid",LIN,individual,2:50244382,2,50244382,4.855503e-09,SORBI_3002G162450,0.863825
"13-Keto-9Z,11E-octadecadienoic acid",LIN,individual,2:50244382,2,50244382,4.855503e-09,SORBI_3002G161900,0.861154
"13-Keto-9Z,11E-octadecadienoic acid",LIN,individual,2:50244382,2,50244382,4.855503e-09,SORBI_3002G162000,0.861121
"13-Keto-9Z,11E-octadecadienoic acid",LIN,individual,2:50244382,2,50244382,4.855503e-09,SORBI_3002G162000,0.849518
"13-Keto-9Z,11E-octadecadienoic acid",LIN,individual,2:50244382,2,50244382,4.855503e-09,SORBI_3002G162000,0.821225
"13-Keto-9Z,11E-octadecadienoic acid",LIN,individual,2:50244382,2,50244382,4.855503e-09,SORBI_3002G162400,0.761805
"13-Keto-9Z,11E-octadecadienoic acid",LIN,individual,2:50244382,2,50244382,4.855503e-09,SORBI_3002G161700,0.752358
"13-Keto-9Z,11E-octadecadienoic acid",LIN,individual,2:50244382,2,50244382,4.855503e-09,SORBI_3002G162450,0.747072
"13-Keto-9Z,11E-octadecadienoic acid",LIN,individual,2:50244382,2,50244382,4.855503e-09,SORBI_3002G162000,0.653669
"13-Keto-9Z,11E-octadecadienoic acid",LIN,individual,2:50244382,2,50244382,4.855503e-09,SORBI_3002G161900,0.604755
"13-Keto-9Z,11E-octadecadienoic acid",LIN,individual,2:50244382,2,50244382,4.855503e-09,SORBI_3002G161900,0.601304
"13-Keto-9Z,11E-octadecadienoic acid",LIN,individual,4:53712560,4,53712560,5.135594e-09,SORBI_3004G183800,0.97558
"13-Keto-9Z,11E-octadecadienoic acid",LIN,individual,4:53721989,4,53721989,5.135594e-09,SORBI_3004G183800,0.97558
"13-Keto-9Z,11E-octadecadienoic acid",LIN,individual,4:53712560,4,53712560,5.135594e-09,SORBI_3004G183800,0.97439
"13-Keto-9Z,11E-octadecadienoic acid",LIN,individual,4:53721989,4,53721989,5.135594e-09,SORBI_3004G183800,0.97439
"13-Keto-9Z,11E-octadecadienoic acid",LIN,individual,4:53712560,4,53712560,5.135594e-09,SORBI_3004G183600,0.936333
"13-Keto-9Z,11E-octadecadienoic acid",LIN,individual,4:53712560,4,53712560,5.135594e-09,SORBI_3004G183701,0.936333
"13-Keto-9Z,11E-octadecadienoic acid",LIN,individual,4:53721989,4,53721989,5.135594e-09,SORBI_3004G183600,0.936333
"13-Keto-9Z,11E-octadecadienoic acid",LIN,individual,4:53721989,4,53721989,5.135594e-09,SORBI_3004G183701,0.936333
"13-Keto-9Z,11E-octadecadienoic acid",LIN,individual,4:53712560,4,53712560,5.135594e-09,SORBI_3004G183501,0.936244
"13-Keto-9Z,11E-octadecadienoic acid",LIN,individual,4:53721989,4,53721989,5.135594e-09,SORBI_3004G183501,0.936244
"13-Keto-9Z,11E-octadecadienoic acid",LIN,individual,4:53712560,4,53712560,5.135594e-09,SORBI_3004G183400,0.897137
"13-Keto-9Z,11E-octadecadienoic acid",LIN,individual,4:53721989,4,53721989,5.135594e-09,SORBI_3004G183400,0.897137
"13-Keto-9Z,11E-octadecadienoic acid",LIN,individual,4:53712560,4,53712560,5.135594e-09,SORBI_3004G183800,0.77387
"13-Keto-9Z,11E-octadecadienoic acid",LIN,individual,4:53721989,4,53721989,5.135594e-09,SORBI_3004G183800,0.77387
"13-Keto-9Z,11E-octadecadienoic acid",LIN,individual,4:53712560,4,53712560,5.135594e-09,SORBI_3004G183800,0.757926
"13-Keto-9Z,11E-octadecadienoic acid",LIN,individual,4:53721989,4,53721989,5.135594e-09,SORBI_3004G183800,0.757926
"13-Keto-9Z,11E-octadecadienoic acid",LIN,individual,4:53712560,4,53712560,5.135594e-09,SORBI_3004G181900,0.724154
"13-Keto-9Z,11E-octadecadienoic acid",LIN,individual,4:53721989,4,53721989,5.135594e-09,SORBI_3004G181900,0.724154
"13-Keto-9Z,11E-octadecadienoic acid",LIN,individual,4:53712560,4,53712560,5.135594e-09,SORBI_3004G181800,0.694965
"13-Keto-9Z,11E-octadecadienoic acid",LIN,individual,4:53721989,4,53721989,5.135594e-09,SORBI_3004G181800,0.694965
"13-Keto-9Z,11E-octadecadienoic acid",LIN,individual,4:53712560,4,53712560,5.135594e-09,SORBI_3004G181900,0.687801
"13-Keto-9Z,11E-octadecadienoic acid",LIN,individual,4:53721989,4,53721989,5.135594e-09,SORBI_3004G181900,0.687801
"13-Keto-9Z,11E-octadecadienoic acid",LIN,individual,4:53712560,4,53712560,5.135594e-09,SORBI_3004G182100,0.687713
"13-Keto-9Z,11E-octadecadienoic acid",LIN,individual,4:53721989,4,53721989,5.135594e-09,SORBI_3004G182100,0.687713
"13-Keto-9Z,11E-octadecadienoic acid",LIN,individual,4:53712560,4,53712560,5.135594e-09,SORBI_3004G182201,0.685247
"13-Keto-9Z,11E-octadecadienoic acid",LIN,individual,4:53721989,4,53721989,5.135594e-09,SORBI_3004G182201,0.685247
"13-Keto-9Z,11E-octadecadienoic acid",LIN,individual,4:53712560,4,53712560,5.135594e-09,SORBI_3004G182000,0.683078
"13-Keto-9Z,11E-octadecadienoic acid",LIN,individual,4:53721989,4,53721989,5.135594e-09,SORBI_3004G182000,0.683078
"13-Keto-9Z,11E-octadecadienoic acid",LIN,individual,4:53712560,4,53712560,5.135594e-09,SORBI_3004G184200,0.631175
"13-Keto-9Z,11E-octadecadienoic acid",LIN,individual,4:53721989,4,53721989,5.135594e-09,SORBI_3004G184200,0.631175
"13-Keto-9Z,11E-octadecadienoic acid",LIN,individual,4:53712560,4,53712560,5.135594e-09,SORBI_3004G183800,0.624829
"13-Keto-9Z,11E-octadecadienoic acid",LIN,individual,4:53721989,4,53721989,5.135594e-09,SORBI_3004G183800,0.624829
"13-Keto-9Z,11E-octadecadienoic acid",LIN,individual,4:53712560,4,53712560,5.135594e-09,SORBI_3004G184200,0.614124
"13-Keto-9Z,11E-octadecadienoic acid",LIN,individual,4:53721989,4,53721989,5.135594e-09,SORBI_3004G184200,0.614124
"13-Keto-9Z,11E-octadecadienoic acid",LIN,individual,5:2565353,5,2565353,5.411075e-09,SORBI_3005G028700,1
"13-Keto-9Z,11E-octadecadienoic acid",LIN,individual,5:2565353,5,2565353,5.411075e-09,SORBI_3005G028700,1
"13-Keto-9Z,11E-octadecadienoic acid",LIN,individual,5:2565353,5,2565353,5.411075e-09,SORBI_3005G028700,0.978892
"13-Keto-9Z,11E-octadecadienoic acid",LIN,individual,4:3965717,4,3965717,5.512514e-09,SORBI_3004G049200,1
"13-Keto-9Z,11E-octadecadienoic acid",LIN,individual,4:3973736,4,3973736,5.512514e-09,SORBI_3004G049200,1
"13-Keto-9Z,11E-octadecadienoic acid",LIN,individual,4:3973736,4,3973736,5.512514e-09,SORBI_3004G049200,1
"13-Keto-9Z,11E-octadecadienoic acid",LIN,individual,4:3974863,4,3974863,5.512514e-09,SORBI_3004G049200,1
"13-Keto-9Z,11E-octadecadienoic acid",LIN,individual,4:3974863,4,3974863,5.512514e-09,SORBI_3004G049200,1
"13-Keto-9Z,11E-octadecadienoic acid",LIN,individual,4:3965717,4,3965717,5.512514e-09,SORBI_3004G049200,0.993133
"13-Keto-9Z,11E-octadecadienoic acid",LIN,individual,4:3973736,4,3973736,5.512514e-09,SORBI_3004G049200,0.993133
"13-Keto-9Z,11E-octadecadienoic acid",LIN,individual,4:3974863,4,3974863,5.512514e-09,SORBI_3004G049200,0.993133
"13-Keto-9Z,11E-octadecadienoic acid",LIN,individual,4:3965717,4,3965717,5.512514e-09,SORBI_3004G048600,0.918002
"13-Keto-9Z,11E-octadecadienoic acid",LIN,individual,4:3973736,4,3973736,5.512514e-09,SORBI_3004G048600,0.918002
"13-Keto-9Z,11E-octadecadienoic acid",LIN,individual,4:3974863,4,3974863,5.512514e-09,SORBI_3004G048600,0.918002
"13-Keto-9Z,11E-octadecadienoic acid",LIN,individual,4:3965717,4,3965717,5.512514e-09,SORBI_3004G048400,0.89002
"13-Keto-9Z,11E-octadecadienoic acid",LIN,individual,4:3973736,4,3973736,5.512514e-09,SORBI_3004G048400,0.89002
"13-Keto-9Z,11E-octadecadienoic acid",LIN,individual,4:3974863,4,3974863,5.512514e-09,SORBI_3004G048400,0.89002
"13-Keto-9Z,11E-octadecadienoic acid",LIN,individual,4:3965717,4,3965717,5.512514e-09,SORBI_3004G048800,0.884974
"13-Keto-9Z,11E-octadecadienoic acid",LIN,individual,4:3973736,4,3973736,5.512514e-09,SORBI_3004G048800,0.884974
"13-Keto-9Z,11E-octadecadienoic acid",LIN,individual,4:3974863,4,3974863,5.512514e-09,SORBI_3004G048800,0.884974
"13-Keto-9Z,11E-octadecadienoic acid",LIN,individual,4:3965717,4,3965717,5.512514e-09,SORBI_3004G048400,0.877615
"13-Keto-9Z,11E-octadecadienoic acid",LIN,individual,4:3973736,4,3973736,5.512514e-09,SORBI_3004G048400,0.877615
"13-Keto-9Z,11E-octadecadienoic acid",LIN,individual,4:3974863,4,3974863,5.512514e-09,SORBI_3004G048400,0.877615
"13-Keto-9Z,11E-octadecadienoic acid",LIN,individual,4:3965717,4,3965717,5.512514e-09,SORBI_3004G048600,0.865723
"13-Keto-9Z,11E-octadecadienoic acid",LIN,individual,4:3973736,4,3973736,5.512514e-09,SORBI_3004G048600,0.865723
"13-Keto-9Z,11E-octadecadienoic acid",LIN,individual,4:3974863,4,3974863,5.512514e-09,SORBI_3004G048600,0.865723
"13-Keto-9Z,11E-octadecadienoic acid",LIN,individual,4:3965717,4,3965717,5.512514e-09,SORBI_3004G048300,0.862833
"13-Keto-9Z,11E-octadecadienoic acid",LIN,individual,4:3973736,4,3973736,5.512514e-09,SORBI_3004G048300,0.862833
"13-Keto-9Z,11E-octadecadienoic acid",LIN,individual,4:3974863,4,3974863,5.512514e-09,SORBI_3004G048300,0.862833
"13-Keto-9Z,11E-octadecadienoic acid",LIN,individual,4:3965717,4,3965717,5.512514e-09,SORBI_3004G048500,0.815632
"13-Keto-9Z,11E-octadecadienoic acid",LIN,individual,4:3973736,4,3973736,5.512514e-09,SORBI_3004G048500,0.815632
"13-Keto-9Z,11E-octadecadienoic acid",LIN,individual,4:3974863,4,3974863,5.512514e-09,SORBI_3004G048500,0.815632
"13-Keto-9Z,11E-octadecadienoic acid",LIN,individual,4:3965717,4,3965717,5.512514e-09,SORBI_3004G049200,0.79653
"13-Keto-9Z,11E-octadecadienoic acid",LIN,individual,4:3973736,4,3973736,5.512514e-09,SORBI_3004G049200,0.79653
"13-Keto-9Z,11E-octadecadienoic acid",LIN,individual,4:3974863,4,3974863,5.512514e-09,SORBI_3004G049200,0.79653
"13-Keto-9Z,11E-octadecadienoic acid",LIN,individual,4:3965717,4,3965717,5.512514e-09,SORBI_3004G048000,0.768557
"13-Keto-9Z,11E-octadecadienoic acid",LIN,individual,4:3973736,4,3973736,5.512514e-09,SORBI_3004G048000,0.768557
"13-Keto-9Z,11E-octadecadienoic acid",LIN,individual,4:3974863,4,3974863,5.512514e-09,SORBI_3004G048000,0.768557
"13-Keto-9Z,11E-octadecadienoic acid",LIN,individual,4:3965717,4,3965717,5.512514e-09,SORBI_3004G048300,0.758726
"13-Keto-9Z,11E-octadecadienoic acid",LIN,individual,4:3973736,4,3973736,5.512514e-09,SORBI_3004G048300,0.758726
"13-Keto-9Z,11E-octadecadienoic acid",LIN,individual,4:3974863,4,3974863,5.512514e-09,SORBI_3004G048300,0.758726
"13-Keto-9Z,11E-octadecadienoic acid",LIN,individual,4:3965717,4,3965717,5.512514e-09,SORBI_3004G048300,0.75817
"13-Keto-9Z,11E-octadecadienoic acid",LIN,individual,4:3973736,4,3973736,5.512514e-09,SORBI_3004G048300,0.75817
"13-Keto-9Z,11E-octadecadienoic acid",LIN,individual,4:3974863,4,3974863,5.512514e-09,SORBI_3004G048300,0.75817
"13-Keto-9Z,11E-octadecadienoic acid",LIN,individual,4:3965717,4,3965717,5.512514e-09,SORBI_3004G048100,0.748593
"13-Keto-9Z,11E-octadecadienoic acid",LIN,individual,4:3973736,4,3973736,5.512514e-09,SORBI_3004G048100,0.748593
"13-Keto-9Z,11E-octadecadienoic acid",LIN,individual,4:3974863,4,3974863,5.512514e-09,SORBI_3004G048100,0.748593
"13-Keto-9Z,11E-octadecadienoic acid",LIN,individual,4:3965717,4,3965717,5.512514e-09,SORBI_3004G048100,0.746866
"13-Keto-9Z,11E-octadecadienoic acid",LIN,individual,4:3973736,4,3973736,5.512514e-09,SORBI_3004G048100,0.746866
"13-Keto-9Z,11E-octadecadienoic acid",LIN,individual,4:3974863,4,3974863,5.512514e-09,SORBI_3004G048100,0.746866
"13-Keto-9Z,11E-octadecadienoic acid",LIN,individual,4:3965717,4,3965717,5.512514e-09,SORBI_3004G048100,0.743846
"13-Keto-9Z,11E-octadecadienoic acid",LIN,individual,4:3973736,4,3973736,5.512514e-09,SORBI_3004G048100,0.743846
"13-Keto-9Z,11E-octadecadienoic acid",LIN,individual,4:3974863,4,3974863,5.512514e-09,SORBI_3004G048100,0.743846
"13-Keto-9Z,11E-octadecadienoic acid",LIN,individual,4:3965717,4,3965717,5.512514e-09,SORBI_3004G048700,0.690981
"13-Keto-9Z,11E-octadecadienoic acid",LIN,individual,4:3973736,4,3973736,5.512514e-09,SORBI_3004G048700,0.690981
"13-Keto-9Z,11E-octadecadienoic acid",LIN,individual,4:3974863,4,3974863,5.512514e-09,SORBI_3004G048700,0.690981
"13-Keto-9Z,11E-octadecadienoic acid",LIN,individual,4:3965717,4,3965717,5.512514e-09,SORBI_3004G048700,0.672723
"13-Keto-9Z,11E-octadecadienoic acid",LIN,individual,4:3973736,4,3973736,5.512514e-09,SORBI_3004G048700,0.672723
"13-Keto-9Z,11E-octadecadienoic acid",LIN,individual,4:3974863,4,3974863,5.512514e-09,SORBI_3004G048700,0.672723
"13-Keto-9Z,11E-octadecadienoic acid",LIN,individual,4:3965717,4,3965717,5.512514e-09,SORBI_3004G047700,0.644194
"13-Keto-9Z,11E-octadecadienoic acid",LIN,individual,4:3973736,4,3973736,5.512514e-09,SORBI_3004G047700,0.644194
"13-Keto-9Z,11E-octadecadienoic acid",LIN,individual,4:3974863,4,3974863,5.512514e-09,SORBI_3004G047700,0.644194
"13-Keto-9Z,11E-octadecadienoic acid",LIN,individual,4:3965717,4,3965717,5.512514e-09,SORBI_3004G047600,0.637254
"13-Keto-9Z,11E-octadecadienoic acid",LIN,individual,4:3965717,4,3965717,5.512514e-09,SORBI_3004G047700,0.637254
"13-Keto-9Z,11E-octadecadienoic acid",LIN,individual,4:3973736,4,3973736,5.512514e-09,SORBI_3004G047600,0.637254
"13-Keto-9Z,11E-octadecadienoic acid",LIN,individual,4:3973736,4,3973736,5.512514e-09,SORBI_3004G047700,0.637254
"13-Keto-9Z,11E-octadecadienoic acid",LIN,individual,4:3974863,4,3974863,5.512514e-09,SORBI_3004G047600,0.637254
"13-Keto-9Z,11E-octadecadienoic acid",LIN,individual,4:3974863,4,3974863,5.512514e-09,SORBI_3004G047700,0.637254
"13-Keto-9Z,11E-octadecadienoic acid",LIN,individual,4:3965717,4,3965717,5.512514e-09,SORBI_3004G048201,0.634283
"13-Keto-9Z,11E-octadecadienoic acid",LIN,individual,4:3965717,4,3965717,5.512514e-09,SORBI_3004G048700,0.634283
"13-Keto-9Z,11E-octadecadienoic acid",LIN,individual,4:3973736,4,3973736,5.512514e-09,SORBI_3004G048201,0.634283
"13-Keto-9Z,11E-octadecadienoic acid",LIN,individual,4:3973736,4,3973736,5.512514e-09,SORBI_3004G048700,0.634283
"13-Keto-9Z,11E-octadecadienoic acid",LIN,individual,4:3974863,4,3974863,5.512514e-09,SORBI_3004G048201,0.634283
"13-Keto-9Z,11E-octadecadienoic acid",LIN,individual,4:3974863,4,3974863,5.512514e-09,SORBI_3004G048700,0.634283
"13-Keto-9Z,11E-octadecadienoic acid",LIN,individual,4:3965717,4,3965717,5.512514e-09,SORBI_3004G048700,0.632949
"13-Keto-9Z,11E-octadecadienoic acid",LIN,individual,4:3973736,4,3973736,5.512514e-09,SORBI_3004G048700,0.632949
"13-Keto-9Z,11E-octadecadienoic acid",LIN,individual,4:3974863,4,3974863,5.512514e-09,SORBI_3004G048700,0.632949
"13-Keto-9Z,11E-octadecadienoic acid",LIN,individual,4:3965717,4,3965717,5.512514e-09,SORBI_3004G048700,0.629472
"13-Keto-9Z,11E-octadecadienoic acid",LIN,individual,4:3973736,4,3973736,5.512514e-09,SORBI_3004G048700,0.629472
"13-Keto-9Z,11E-octadecadienoic acid",LIN,individual,4:3974863,4,3974863,5.512514e-09,SORBI_3004G048700,0.629472
"13-Keto-9Z,11E-octadecadienoic acid",LIN,individual,4:3965717,4,3965717,5.512514e-09,SORBI_3004G048700,0.627328
"13-Keto-9Z,11E-octadecadienoic acid",LIN,individual,4:3973736,4,3973736,5.512514e-09,SORBI_3004G048700,0.627328
"13-Keto-9Z,11E-octadecadienoic acid",LIN,individual,4:3974863,4,3974863,5.512514e-09,SORBI_3004G048700,0.627328
"13-Keto-9Z,11E-octadecadienoic acid",LIN,individual,4:3965717,4,3965717,5.512514e-09,SORBI_3004G048700,0.627116
"13-Keto-9Z,11E-octadecadienoic acid",LIN,individual,4:3973736,4,3973736,5.512514e-09,SORBI_3004G048700,0.627116
"13-Keto-9Z,11E-octadecadienoic acid",LIN,individual,4:3974863,4,3974863,5.512514e-09,SORBI_3004G048700,0.627116
"13-Keto-9Z,11E-octadecadienoic acid",LIN,individual,4:3965717,4,3965717,5.512514e-09,SORBI_3004G048700,0.625234
"13-Keto-9Z,11E-octadecadienoic acid",LIN,individual,4:3973736,4,3973736,5.512514e-09,SORBI_3004G048700,0.625234
"13-Keto-9Z,11E-octadecadienoic acid",LIN,individual,4:3974863,4,3974863,5.512514e-09,SORBI_3004G048700,0.625234
"13-Keto-9Z,11E-octadecadienoic acid",LIN,individual,4:3965717,4,3965717,5.512514e-09,SORBI_3004G048700,0.623875
"13-Keto-9Z,11E-octadecadienoic acid",LIN,individual,4:3973736,4,3973736,5.512514e-09,SORBI_3004G048700,0.623875
"13-Keto-9Z,11E-octadecadienoic acid",LIN,individual,4:3974863,4,3974863,5.512514e-09,SORBI_3004G048700,0.623875
"13-Keto-9Z,11E-octadecadienoic acid",LIN,individual,4:3965717,4,3965717,5.512514e-09,SORBI_3004G048700,0.623272
"13-Keto-9Z,11E-octadecadienoic acid",LIN,individual,4:3973736,4,3973736,5.512514e-09,SORBI_3004G048700,0.623272
"13-Keto-9Z,11E-octadecadienoic acid",LIN,individual,4:3974863,4,3974863,5.512514e-09,SORBI_3004G048700,0.623272
"13-Keto-9Z,11E-octadecadienoic acid",LIN,individual,4:3965717,4,3965717,5.512514e-09,SORBI_3004G048700,0.623164
"13-Keto-9Z,11E-octadecadienoic acid",LIN,individual,4:3973736,4,3973736,5.512514e-09,SORBI_3004G048700,0.623164
"13-Keto-9Z,11E-octadecadienoic acid",LIN,individual,4:3974863,4,3974863,5.512514e-09,SORBI_3004G048700,0.623164
"13-Keto-9Z,11E-octadecadienoic acid",LIN,individual,4:3965717,4,3965717,5.512514e-09,SORBI_3004G048700,0.619065
"13-Keto-9Z,11E-octadecadienoic acid",LIN,individual,4:3973736,4,3973736,5.512514e-09,SORBI_3004G048700,0.619065
"13-Keto-9Z,11E-octadecadienoic acid",LIN,individual,4:3974863,4,3974863,5.512514e-09,SORBI_3004G048700,0.619065
"13-Keto-9Z,11E-octadecadienoic acid",LIN,individual,4:3965717,4,3965717,5.512514e-09,SORBI_3004G048700,0.616202
"13-Keto-9Z,11E-octadecadienoic acid",LIN,individual,4:3973736,4,3973736,5.512514e-09,SORBI_3004G048700,0.616202
"13-Keto-9Z,11E-octadecadienoic acid",LIN,individual,4:3974863,4,3974863,5.512514e-09,SORBI_3004G048700,0.616202
"13-Keto-9Z,11E-octadecadienoic acid",LIN,individual,4:3965717,4,3965717,5.512514e-09,SORBI_3004G048700,0.615736
"13-Keto-9Z,11E-octadecadienoic acid",LIN,individual,4:3973736,4,3973736,5.512514e-09,SORBI_3004G048700,0.615736
"13-Keto-9Z,11E-octadecadienoic acid",LIN,individual,4:3974863,4,3974863,5.512514e-09,SORBI_3004G048700,0.615736
"13-Keto-9Z,11E-octadecadienoic acid",LIN,individual,4:3965717,4,3965717,5.512514e-09,SORBI_3004G048700,0.614818
"13-Keto-9Z,11E-octadecadienoic acid",LIN,individual,4:3973736,4,3973736,5.512514e-09,SORBI_3004G048700,0.614818
"13-Keto-9Z,11E-octadecadienoic acid",LIN,individual,4:3974863,4,3974863,5.512514e-09,SORBI_3004G048700,0.614818
"13-Keto-9Z,11E-octadecadienoic acid",LIN,individual,4:3965717,4,3965717,5.512514e-09,SORBI_3004G048201,0.612512
"13-Keto-9Z,11E-octadecadienoic acid",LIN,individual,4:3973736,4,3973736,5.512514e-09,SORBI_3004G048201,0.612512
"13-Keto-9Z,11E-octadecadienoic acid",LIN,individual,4:3974863,4,3974863,5.512514e-09,SORBI_3004G048201,0.612512
"13-Keto-9Z,11E-octadecadienoic acid",LIN,individual,4:3965717,4,3965717,5.512514e-09,SORBI_3004G048700,0.611314
"13-Keto-9Z,11E-octadecadienoic acid",LIN,individual,4:3973736,4,3973736,5.512514e-09,SORBI_3004G048700,0.611314
"13-Keto-9Z,11E-octadecadienoic acid",LIN,individual,4:3974863,4,3974863,5.512514e-09,SORBI_3004G048700,0.611314
"13-Keto-9Z,11E-octadecadienoic acid",LIN,individual,4:3965717,4,3965717,5.512514e-09,SORBI_3004G047500,0.610859
"13-Keto-9Z,11E-octadecadienoic acid",LIN,individual,4:3973736,4,3973736,5.512514e-09,SORBI_3004G047500,0.610859
"13-Keto-9Z,11E-octadecadienoic acid",LIN,individual,4:3974863,4,3974863,5.512514e-09,SORBI_3004G047500,0.610859
"13-Keto-9Z,11E-octadecadienoic acid",LIN,individual,4:3965717,4,3965717,5.512514e-09,SORBI_3004G048700,0.605778
"13-Keto-9Z,11E-octadecadienoic acid",LIN,individual,4:3973736,4,3973736,5.512514e-09,SORBI_3004G048700,0.605778
"13-Keto-9Z,11E-octadecadienoic acid",LIN,individual,4:3974863,4,3974863,5.512514e-09,SORBI_3004G048700,0.605778
"13-Keto-9Z,11E-octadecadienoic acid",LIN,individual,4:3965717,4,3965717,5.512514e-09,SORBI_3004G047200,0.605416
"13-Keto-9Z,11E-octadecadienoic acid",LIN,individual,4:3973736,4,3973736,5.512514e-09,SORBI_3004G047200,0.605416
"13-Keto-9Z,11E-octadecadienoic acid",LIN,individual,4:3974863,4,3974863,5.512514e-09,SORBI_3004G047200,0.605416
"13-Keto-9Z,11E-octadecadienoic acid",LIN,individual,4:3965717,4,3965717,5.512514e-09,SORBI_3004G048700,0.60226
"13-Keto-9Z,11E-octadecadienoic acid",LIN,individual,4:3973736,4,3973736,5.512514e-09,SORBI_3004G048700,0.60226
"13-Keto-9Z,11E-octadecadienoic acid",LIN,individual,4:3974863,4,3974863,5.512514e-09,SORBI_3004G048700,0.60226
"13-Keto-9Z,11E-octadecadienoic acid",LIN,individual,4:3965717,4,3965717,5.512514e-09,SORBI_3004G047400,0.600326
"13-Keto-9Z,11E-octadecadienoic acid",LIN,individual,4:3973736,4,3973736,5.512514e-09,SORBI_3004G047400,0.600326
"13-Keto-9Z,11E-octadecadienoic acid",LIN,individual,4:3974863,4,3974863,5.512514e-09,SORBI_3004G047400,0.600326
"13-Keto-9Z,11E-octadecadienoic acid",LIN,individual,1:16429033,1,16429033,5.742419e-09,SORBI_3001G186500,1
"13-Keto-9Z,11E-octadecadienoic acid",LIN,individual,1:16429035,1,16429035,5.742419e-09,SORBI_3001G186500,1
"13-Keto-9Z,11E-octadecadienoic acid",LIN,individual,1:16429033,1,16429033,5.742419e-09,SORBI_3001G186800,0.983003
"13-Keto-9Z,11E-octadecadienoic acid",LIN,individual,1:16429035,1,16429035,5.742419e-09,SORBI_3001G186800,0.983003
"13-Keto-9Z,11E-octadecadienoic acid",LIN,individual,1:16429033,1,16429033,5.742419e-09,SORBI_3001G186500,0.982115
"13-Keto-9Z,11E-octadecadienoic acid",LIN,individual,1:16429035,1,16429035,5.742419e-09,SORBI_3001G186500,0.982115
"13-Keto-9Z,11E-octadecadienoic acid",LIN,individual,1:16429033,1,16429033,5.742419e-09,SORBI_3001G186850,0.980425
"13-Keto-9Z,11E-octadecadienoic acid",LIN,individual,1:16429035,1,16429035,5.742419e-09,SORBI_3001G186850,0.980425
"13-Keto-9Z,11E-octadecadienoic acid",LIN,individual,1:16429033,1,16429033,5.742419e-09,SORBI_3001G186500,0.975349
"13-Keto-9Z,11E-octadecadienoic acid",LIN,individual,1:16429035,1,16429035,5.742419e-09,SORBI_3001G186500,0.975349
"13-Keto-9Z,11E-octadecadienoic acid",LIN,individual,1:16429033,1,16429033,5.742419e-09,SORBI_3001G186700,0.975308
"13-Keto-9Z,11E-octadecadienoic acid",LIN,individual,1:16429033,1,16429033,5.742419e-09,SORBI_3001G186800,0.975308
"13-Keto-9Z,11E-octadecadienoic acid",LIN,individual,1:16429033,1,16429033,5.742419e-09,SORBI_3001G187200,0.975308
"13-Keto-9Z,11E-octadecadienoic acid",LIN,individual,1:16429035,1,16429035,5.742419e-09,SORBI_3001G186700,0.975308
"13-Keto-9Z,11E-octadecadienoic acid",LIN,individual,1:16429035,1,16429035,5.742419e-09,SORBI_3001G186800,0.975308
"13-Keto-9Z,11E-octadecadienoic acid",LIN,individual,1:16429035,1,16429035,5.742419e-09,SORBI_3001G187200,0.975308
"13-Keto-9Z,11E-octadecadienoic acid",LIN,individual,1:16429033,1,16429033,5.742419e-09,SORBI_3001G187000,0.975302
"13-Keto-9Z,11E-octadecadienoic acid",LIN,individual,1:16429035,1,16429035,5.742419e-09,SORBI_3001G187000,0.975302
"13-Keto-9Z,11E-octadecadienoic acid",LIN,individual,1:16429033,1,16429033,5.742419e-09,SORBI_3001G187000,0.975297
"13-Keto-9Z,11E-octadecadienoic acid",LIN,individual,1:16429035,1,16429035,5.742419e-09,SORBI_3001G187000,0.975297
"13-Keto-9Z,11E-octadecadienoic acid",LIN,individual,1:16429033,1,16429033,5.742419e-09,SORBI_3001G186401,0.974666
"13-Keto-9Z,11E-octadecadienoic acid",LIN,individual,1:16429035,1,16429035,5.742419e-09,SORBI_3001G186401,0.974666
"13-Keto-9Z,11E-octadecadienoic acid",LIN,individual,1:16429033,1,16429033,5.742419e-09,SORBI_3001G187200,0.974567
"13-Keto-9Z,11E-octadecadienoic acid",LIN,individual,1:16429035,1,16429035,5.742419e-09,SORBI_3001G187200,0.974567
"13-Keto-9Z,11E-octadecadienoic acid",LIN,individual,1:16429033,1,16429033,5.742419e-09,SORBI_3001G186850,0.974317
"13-Keto-9Z,11E-octadecadienoic acid",LIN,individual,1:16429035,1,16429035,5.742419e-09,SORBI_3001G186850,0.974317
"13-Keto-9Z,11E-octadecadienoic acid",LIN,individual,1:16429033,1,16429033,5.742419e-09,SORBI_3001G187500,0.973963
"13-Keto-9Z,11E-octadecadienoic acid",LIN,individual,1:16429035,1,16429035,5.742419e-09,SORBI_3001G187500,0.973963
"13-Keto-9Z,11E-octadecadienoic acid",LIN,individual,1:16429033,1,16429033,5.742419e-09,SORBI_3001G186401,0.973812
"13-Keto-9Z,11E-octadecadienoic acid",LIN,individual,1:16429035,1,16429035,5.742419e-09,SORBI_3001G186401,0.973812
"13-Keto-9Z,11E-octadecadienoic acid",LIN,individual,1:16429033,1,16429033,5.742419e-09,SORBI_3001G186800,0.973447
"13-Keto-9Z,11E-octadecadienoic acid",LIN,individual,1:16429033,1,16429033,5.742419e-09,SORBI_3001G187000,0.973447
"13-Keto-9Z,11E-octadecadienoic acid",LIN,individual,1:16429033,1,16429033,5.742419e-09,SORBI_3001G187200,0.973447
"13-Keto-9Z,11E-octadecadienoic acid",LIN,individual,1:16429035,1,16429035,5.742419e-09,SORBI_3001G186800,0.973447
"13-Keto-9Z,11E-octadecadienoic acid",LIN,individual,1:16429035,1,16429035,5.742419e-09,SORBI_3001G187000,0.973447
"13-Keto-9Z,11E-octadecadienoic acid",LIN,individual,1:16429035,1,16429035,5.742419e-09,SORBI_3001G187200,0.973447
"13-Keto-9Z,11E-octadecadienoic acid",LIN,individual,1:16429033,1,16429033,5.742419e-09,SORBI_3001G187000,0.973441
"13-Keto-9Z,11E-octadecadienoic acid",LIN,individual,1:16429033,1,16429033,5.742419e-09,SORBI_3001G187200,0.973441
"13-Keto-9Z,11E-octadecadienoic acid",LIN,individual,1:16429035,1,16429035,5.742419e-09,SORBI_3001G187000,0.973441
"13-Keto-9Z,11E-octadecadienoic acid",LIN,individual,1:16429035,1,16429035,5.742419e-09,SORBI_3001G187200,0.973441
"13-Keto-9Z,11E-octadecadienoic acid",LIN,individual,1:16429033,1,16429033,5.742419e-09,SORBI_3001G186500,0.973235
"13-Keto-9Z,11E-octadecadienoic acid",LIN,individual,1:16429035,1,16429035,5.742419e-09,SORBI_3001G186500,0.973235
"13-Keto-9Z,11E-octadecadienoic acid",LIN,individual,1:16429033,1,16429033,5.742419e-09,SORBI_3001G187500,0.973109
"13-Keto-9Z,11E-octadecadienoic acid",LIN,individual,1:16429035,1,16429035,5.742419e-09,SORBI_3001G187500,0.973109
"13-Keto-9Z,11E-octadecadienoic acid",LIN,individual,1:16429033,1,16429033,5.742419e-09,SORBI_3001G187500,0.97305
"13-Keto-9Z,11E-octadecadienoic acid",LIN,individual,1:16429035,1,16429035,5.742419e-09,SORBI_3001G187500,0.97305
"13-Keto-9Z,11E-octadecadienoic acid",LIN,individual,1:16429033,1,16429033,5.742419e-09,SORBI_3001G186500,0.972934
"13-Keto-9Z,11E-octadecadienoic acid",LIN,individual,1:16429035,1,16429035,5.742419e-09,SORBI_3001G186500,0.972934
"13-Keto-9Z,11E-octadecadienoic acid",LIN,individual,1:16429033,1,16429033,5.742419e-09,SORBI_3001G187400,0.972828
"13-Keto-9Z,11E-octadecadienoic acid",LIN,individual,1:16429035,1,16429035,5.742419e-09,SORBI_3001G187400,0.972828
"13-Keto-9Z,11E-octadecadienoic acid",LIN,individual,1:16429033,1,16429033,5.742419e-09,SORBI_3001G187400,0.972822
"13-Keto-9Z,11E-octadecadienoic acid",LIN,individual,1:16429035,1,16429035,5.742419e-09,SORBI_3001G187400,0.972822
"13-Keto-9Z,11E-octadecadienoic acid",LIN,individual,1:16429033,1,16429033,5.742419e-09,SORBI_3001G187400,0.972809
"13-Keto-9Z,11E-octadecadienoic acid",LIN,individual,1:16429035,1,16429035,5.742419e-09,SORBI_3001G187400,0.972809
"13-Keto-9Z,11E-octadecadienoic acid",LIN,individual,1:16429033,1,16429033,5.742419e-09,SORBI_3001G187300,0.9728
"13-Keto-9Z,11E-octadecadienoic acid",LIN,individual,1:16429035,1,16429035,5.742419e-09,SORBI_3001G187300,0.9728
"13-Keto-9Z,11E-octadecadienoic acid",LIN,individual,1:16429033,1,16429033,5.742419e-09,SORBI_3001G187500,0.972263
"13-Keto-9Z,11E-octadecadienoic acid",LIN,individual,1:16429035,1,16429035,5.742419e-09,SORBI_3001G187500,0.972263
"13-Keto-9Z,11E-octadecadienoic acid",LIN,individual,1:16429033,1,16429033,5.742419e-09,SORBI_3001G187500,0.972253
"13-Keto-9Z,11E-octadecadienoic acid",LIN,individual,1:16429035,1,16429035,5.742419e-09,SORBI_3001G187500,0.972253
"13-Keto-9Z,11E-octadecadienoic acid",LIN,individual,1:16429033,1,16429033,5.742419e-09,SORBI_3001G186500,0.97192
"13-Keto-9Z,11E-octadecadienoic acid",LIN,individual,1:16429035,1,16429035,5.742419e-09,SORBI_3001G186500,0.97192
"13-Keto-9Z,11E-octadecadienoic acid",LIN,individual,1:16429033,1,16429033,5.742419e-09,SORBI_3001G186850,0.971154
"13-Keto-9Z,11E-octadecadienoic acid",LIN,individual,1:16429035,1,16429035,5.742419e-09,SORBI_3001G186850,0.971154
"13-Keto-9Z,11E-octadecadienoic acid",LIN,individual,1:16429033,1,16429033,5.742419e-09,SORBI_3001G186600,0.970885
"13-Keto-9Z,11E-octadecadienoic acid",LIN,individual,1:16429035,1,16429035,5.742419e-09,SORBI_3001G186600,0.970885
"13-Keto-9Z,11E-octadecadienoic acid",LIN,individual,1:16429033,1,16429033,5.742419e-09,SORBI_3001G186500,0.970856
"13-Keto-9Z,11E-octadecadienoic acid",LIN,individual,1:16429035,1,16429035,5.742419e-09,SORBI_3001G186500,0.970856
"13-Keto-9Z,11E-octadecadienoic acid",LIN,individual,1:16429033,1,16429033,5.742419e-09,SORBI_3001G186600,0.970721
"13-Keto-9Z,11E-octadecadienoic acid",LIN,individual,1:16429035,1,16429035,5.742419e-09,SORBI_3001G186600,0.970721
"13-Keto-9Z,11E-octadecadienoic acid",LIN,individual,1:16429033,1,16429033,5.742419e-09,SORBI_3001G186500,0.970663
"13-Keto-9Z,11E-octadecadienoic acid",LIN,individual,1:16429035,1,16429035,5.742419e-09,SORBI_3001G186500,0.970663
"13-Keto-9Z,11E-octadecadienoic acid",LIN,individual,1:16429033,1,16429033,5.742419e-09,SORBI_3001G186500,0.970638
"13-Keto-9Z,11E-octadecadienoic acid",LIN,individual,1:16429035,1,16429035,5.742419e-09,SORBI_3001G186500,0.970638
"13-Keto-9Z,11E-octadecadienoic acid",LIN,individual,1:16429033,1,16429033,5.742419e-09,SORBI_3001G186600,0.970471
"13-Keto-9Z,11E-octadecadienoic acid",LIN,individual,1:16429035,1,16429035,5.742419e-09,SORBI_3001G186600,0.970471
"13-Keto-9Z,11E-octadecadienoic acid",LIN,individual,1:16429033,1,16429033,5.742419e-09,SORBI_3001G186850,0.969951
"13-Keto-9Z,11E-octadecadienoic acid",LIN,individual,1:16429035,1,16429035,5.742419e-09,SORBI_3001G186850,0.969951
"13-Keto-9Z,11E-octadecadienoic acid",LIN,individual,1:16429033,1,16429033,5.742419e-09,SORBI_3001G187400,0.968735
"13-Keto-9Z,11E-octadecadienoic acid",LIN,individual,1:16429035,1,16429035,5.742419e-09,SORBI_3001G187400,0.968735
"13-Keto-9Z,11E-octadecadienoic acid",LIN,individual,1:16429033,1,16429033,5.742419e-09,SORBI_3001G186700,0.9681
"13-Keto-9Z,11E-octadecadienoic acid",LIN,individual,1:16429033,1,16429033,5.742419e-09,SORBI_3001G186800,0.9681
"13-Keto-9Z,11E-octadecadienoic acid",LIN,individual,1:16429033,1,16429033,5.742419e-09,SORBI_3001G187000,0.9681
"13-Keto-9Z,11E-octadecadienoic acid",LIN,individual,1:16429033,1,16429033,5.742419e-09,SORBI_3001G187100,0.9681
"13-Keto-9Z,11E-octadecadienoic acid",LIN,individual,1:16429033,1,16429033,5.742419e-09,SORBI_3001G187200,0.9681
"13-Keto-9Z,11E-octadecadienoic acid",LIN,individual,1:16429033,1,16429033,5.742419e-09,SORBI_3001G187300,0.9681
"13-Keto-9Z,11E-octadecadienoic acid",LIN,individual,1:16429035,1,16429035,5.742419e-09,SORBI_3001G186700,0.9681
"13-Keto-9Z,11E-octadecadienoic acid",LIN,individual,1:16429035,1,16429035,5.742419e-09,SORBI_3001G186800,0.9681
"13-Keto-9Z,11E-octadecadienoic acid",LIN,individual,1:16429035,1,16429035,5.742419e-09,SORBI_3001G187000,0.9681
"13-Keto-9Z,11E-octadecadienoic acid",LIN,individual,1:16429035,1,16429035,5.742419e-09,SORBI_3001G187100,0.9681
"13-Keto-9Z,11E-octadecadienoic acid",LIN,individual,1:16429035,1,16429035,5.742419e-09,SORBI_3001G187200,0.9681
"13-Keto-9Z,11E-octadecadienoic acid",LIN,individual,1:16429035,1,16429035,5.742419e-09,SORBI_3001G187300,0.9681
"13-Keto-9Z,11E-octadecadienoic acid",LIN,individual,1:16429033,1,16429033,5.742419e-09,SORBI_3001G187000,0.968093
"13-Keto-9Z,11E-octadecadienoic acid",LIN,individual,1:16429035,1,16429035,5.742419e-09,SORBI_3001G187000,0.968093
"13-Keto-9Z,11E-octadecadienoic acid",LIN,individual,1:16429033,1,16429033,5.742419e-09,SORBI_3001G187300,0.968086
"13-Keto-9Z,11E-octadecadienoic acid",LIN,individual,1:16429035,1,16429035,5.742419e-09,SORBI_3001G187300,0.968086
"13-Keto-9Z,11E-octadecadienoic acid",LIN,individual,1:16429033,1,16429033,5.742419e-09,SORBI_3001G187300,0.968056
"13-Keto-9Z,11E-octadecadienoic acid",LIN,individual,1:16429035,1,16429035,5.742419e-09,SORBI_3001G187300,0.968056
"13-Keto-9Z,11E-octadecadienoic acid",LIN,individual,1:16429033,1,16429033,5.742419e-09,SORBI_3001G186500,0.967353
"13-Keto-9Z,11E-octadecadienoic acid",LIN,individual,1:16429035,1,16429035,5.742419e-09,SORBI_3001G186500,0.967353
"13-Keto-9Z,11E-octadecadienoic acid",LIN,individual,1:16429033,1,16429033,5.742419e-09,SORBI_3001G187200,0.967192
"13-Keto-9Z,11E-octadecadienoic acid",LIN,individual,1:16429035,1,16429035,5.742419e-09,SORBI_3001G187200,0.967192
"13-Keto-9Z,11E-octadecadienoic acid",LIN,individual,1:16429033,1,16429033,5.742419e-09,SORBI_3001G186700,0.967126
"13-Keto-9Z,11E-octadecadienoic acid",LIN,individual,1:16429033,1,16429033,5.742419e-09,SORBI_3001G186800,0.967126
"13-Keto-9Z,11E-octadecadienoic acid",LIN,individual,1:16429033,1,16429033,5.742419e-09,SORBI_3001G187200,0.967126
"13-Keto-9Z,11E-octadecadienoic acid",LIN,individual,1:16429035,1,16429035,5.742419e-09,SORBI_3001G186700,0.967126
"13-Keto-9Z,11E-octadecadienoic acid",LIN,individual,1:16429035,1,16429035,5.742419e-09,SORBI_3001G186800,0.967126
"13-Keto-9Z,11E-octadecadienoic acid",LIN,individual,1:16429035,1,16429035,5.742419e-09,SORBI_3001G187200,0.967126
"13-Keto-9Z,11E-octadecadienoic acid",LIN,individual,1:16429033,1,16429033,5.742419e-09,SORBI_3001G186401,0.967064
"13-Keto-9Z,11E-octadecadienoic acid",LIN,individual,1:16429035,1,16429035,5.742419e-09,SORBI_3001G186401,0.967064
"13-Keto-9Z,11E-octadecadienoic acid",LIN,individual,1:16429033,1,16429033,5.742419e-09,SORBI_3001G186500,0.966454
"13-Keto-9Z,11E-octadecadienoic acid",LIN,individual,1:16429035,1,16429035,5.742419e-09,SORBI_3001G186500,0.966454
"13-Keto-9Z,11E-octadecadienoic acid",LIN,individual,1:16429033,1,16429033,5.742419e-09,SORBI_3001G187600,0.966278
"13-Keto-9Z,11E-octadecadienoic acid",LIN,individual,1:16429035,1,16429035,5.742419e-09,SORBI_3001G187600,0.966278
"13-Keto-9Z,11E-octadecadienoic acid",LIN,individual,1:16429033,1,16429033,5.742419e-09,SORBI_3001G186800,0.965508
"13-Keto-9Z,11E-octadecadienoic acid",LIN,individual,1:16429033,1,16429033,5.742419e-09,SORBI_3001G187000,0.965508
"13-Keto-9Z,11E-octadecadienoic acid",LIN,individual,1:16429033,1,16429033,5.742419e-09,SORBI_3001G187100,0.965508
"13-Keto-9Z,11E-octadecadienoic acid",LIN,individual,1:16429033,1,16429033,5.742419e-09,SORBI_3001G187200,0.965508
"13-Keto-9Z,11E-octadecadienoic acid",LIN,individual,1:16429033,1,16429033,5.742419e-09,SORBI_3001G187300,0.965508
"13-Keto-9Z,11E-octadecadienoic acid",LIN,individual,1:16429035,1,16429035,5.742419e-09,SORBI_3001G186800,0.965508
"13-Keto-9Z,11E-octadecadienoic acid",LIN,individual,1:16429035,1,16429035,5.742419e-09,SORBI_3001G187000,0.965508
"13-Keto-9Z,11E-octadecadienoic acid",LIN,individual,1:16429035,1,16429035,5.742419e-09,SORBI_3001G187100,0.965508
"13-Keto-9Z,11E-octadecadienoic acid",LIN,individual,1:16429035,1,16429035,5.742419e-09,SORBI_3001G187200,0.965508
"13-Keto-9Z,11E-octadecadienoic acid",LIN,individual,1:16429035,1,16429035,5.742419e-09,SORBI_3001G187300,0.965508
"13-Keto-9Z,11E-octadecadienoic acid",LIN,individual,1:16429033,1,16429033,5.742419e-09,SORBI_3001G187000,0.9655
"13-Keto-9Z,11E-octadecadienoic acid",LIN,individual,1:16429035,1,16429035,5.742419e-09,SORBI_3001G187000,0.9655
"13-Keto-9Z,11E-octadecadienoic acid",LIN,individual,1:16429033,1,16429033,5.742419e-09,SORBI_3001G187500,0.965447
"13-Keto-9Z,11E-octadecadienoic acid",LIN,individual,1:16429035,1,16429035,5.742419e-09,SORBI_3001G187500,0.965447
"13-Keto-9Z,11E-octadecadienoic acid",LIN,individual,1:16429033,1,16429033,5.742419e-09,SORBI_3001G187300,0.964839
"13-Keto-9Z,11E-octadecadienoic acid",LIN,individual,1:16429035,1,16429035,5.742419e-09,SORBI_3001G187300,0.964839
"13-Keto-9Z,11E-octadecadienoic acid",LIN,individual,1:16429033,1,16429033,5.742419e-09,SORBI_3001G186850,0.964455
"13-Keto-9Z,11E-octadecadienoic acid",LIN,individual,1:16429035,1,16429035,5.742419e-09,SORBI_3001G186850,0.964455
"13-Keto-9Z,11E-octadecadienoic acid",LIN,individual,1:16429033,1,16429033,5.742419e-09,SORBI_3001G186850,0.964352
"13-Keto-9Z,11E-octadecadienoic acid",LIN,individual,1:16429035,1,16429035,5.742419e-09,SORBI_3001G186850,0.964352
"13-Keto-9Z,11E-octadecadienoic acid",LIN,individual,1:16429033,1,16429033,5.742419e-09,SORBI_3001G186800,0.96403
"13-Keto-9Z,11E-octadecadienoic acid",LIN,individual,1:16429035,1,16429035,5.742419e-09,SORBI_3001G186800,0.96403
"13-Keto-9Z,11E-octadecadienoic acid",LIN,individual,1:16429033,1,16429033,5.742419e-09,SORBI_3001G186925,0.963858
"13-Keto-9Z,11E-octadecadienoic acid",LIN,individual,1:16429035,1,16429035,5.742419e-09,SORBI_3001G186925,0.963858
"13-Keto-9Z,11E-octadecadienoic acid",LIN,individual,1:16429033,1,16429033,5.742419e-09,SORBI_3001G186925,0.963818
"13-Keto-9Z,11E-octadecadienoic acid",LIN,individual,1:16429035,1,16429035,5.742419e-09,SORBI_3001G186925,0.963818
"13-Keto-9Z,11E-octadecadienoic acid",LIN,individual,1:16429033,1,16429033,5.742419e-09,SORBI_3001G187400,0.963662
"13-Keto-9Z,11E-octadecadienoic acid",LIN,individual,1:16429035,1,16429035,5.742419e-09,SORBI_3001G187400,0.963662
"13-Keto-9Z,11E-octadecadienoic acid",LIN,individual,1:16429033,1,16429033,5.742419e-09,SORBI_3001G187500,0.963493
"13-Keto-9Z,11E-octadecadienoic acid",LIN,individual,1:16429035,1,16429035,5.742419e-09,SORBI_3001G187500,0.963493
"13-Keto-9Z,11E-octadecadienoic acid",LIN,individual,1:16429033,1,16429033,5.742419e-09,SORBI_3001G186925,0.963241
"13-Keto-9Z,11E-octadecadienoic acid",LIN,individual,1:16429035,1,16429035,5.742419e-09,SORBI_3001G186925,0.963241
"13-Keto-9Z,11E-octadecadienoic acid",LIN,individual,1:16429033,1,16429033,5.742419e-09,SORBI_3001G186500,0.963216
"13-Keto-9Z,11E-octadecadienoic acid",LIN,individual,1:16429035,1,16429035,5.742419e-09,SORBI_3001G186500,0.963216
"13-Keto-9Z,11E-octadecadienoic acid",LIN,individual,1:16429033,1,16429033,5.742419e-09,SORBI_3001G186500,0.963193
"13-Keto-9Z,11E-octadecadienoic acid",LIN,individual,1:16429035,1,16429035,5.742419e-09,SORBI_3001G186500,0.963193
"13-Keto-9Z,11E-octadecadienoic acid",LIN,individual,1:16429033,1,16429033,5.742419e-09,SORBI_3001G187800,0.963121
"13-Keto-9Z,11E-octadecadienoic acid",LIN,individual,1:16429035,1,16429035,5.742419e-09,SORBI_3001G187800,0.963121
"13-Keto-9Z,11E-octadecadienoic acid",LIN,individual,1:16429033,1,16429033,5.742419e-09,SORBI_3001G187500,0.962918
"13-Keto-9Z,11E-octadecadienoic acid",LIN,individual,1:16429035,1,16429035,5.742419e-09,SORBI_3001G187500,0.962918
"13-Keto-9Z,11E-octadecadienoic acid",LIN,individual,1:16429033,1,16429033,5.742419e-09,SORBI_3001G186925,0.962661
"13-Keto-9Z,11E-octadecadienoic acid",LIN,individual,1:16429035,1,16429035,5.742419e-09,SORBI_3001G186925,0.962661
"13-Keto-9Z,11E-octadecadienoic acid",LIN,individual,1:16429033,1,16429033,5.742419e-09,SORBI_3001G186925,0.962637
"13-Keto-9Z,11E-octadecadienoic acid",LIN,individual,1:16429035,1,16429035,5.742419e-09,SORBI_3001G186925,0.962637
"13-Keto-9Z,11E-octadecadienoic acid",LIN,individual,1:16429033,1,16429033,5.742419e-09,SORBI_3001G186600,0.962401
"13-Keto-9Z,11E-octadecadienoic acid",LIN,individual,1:16429035,1,16429035,5.742419e-09,SORBI_3001G186600,0.962401
"13-Keto-9Z,11E-octadecadienoic acid",LIN,individual,1:16429033,1,16429033,5.742419e-09,SORBI_3001G186600,0.962251
"13-Keto-9Z,11E-octadecadienoic acid",LIN,individual,1:16429035,1,16429035,5.742419e-09,SORBI_3001G186600,0.962251
"13-Keto-9Z,11E-octadecadienoic acid",LIN,individual,1:16429033,1,16429033,5.742419e-09,SORBI_3001G186600,0.962174
"13-Keto-9Z,11E-octadecadienoic acid",LIN,individual,1:16429035,1,16429035,5.742419e-09,SORBI_3001G186600,0.962174
"13-Keto-9Z,11E-octadecadienoic acid",LIN,individual,1:16429033,1,16429033,5.742419e-09,SORBI_3001G186600,0.962096
"13-Keto-9Z,11E-octadecadienoic acid",LIN,individual,1:16429035,1,16429035,5.742419e-09,SORBI_3001G186600,0.962096
"13-Keto-9Z,11E-octadecadienoic acid",LIN,individual,1:16429033,1,16429033,5.742419e-09,SORBI_3001G186600,0.962016
"13-Keto-9Z,11E-octadecadienoic acid",LIN,individual,1:16429035,1,16429035,5.742419e-09,SORBI_3001G186600,0.962016
"13-Keto-9Z,11E-octadecadienoic acid",LIN,individual,1:16429033,1,16429033,5.742419e-09,SORBI_3001G186600,0.961935
"13-Keto-9Z,11E-octadecadienoic acid",LIN,individual,1:16429035,1,16429035,5.742419e-09,SORBI_3001G186600,0.961935
"13-Keto-9Z,11E-octadecadienoic acid",LIN,individual,1:16429033,1,16429033,5.742419e-09,SORBI_3001G186600,0.961852
"13-Keto-9Z,11E-octadecadienoic acid",LIN,individual,1:16429035,1,16429035,5.742419e-09,SORBI_3001G186600,0.961852
"13-Keto-9Z,11E-octadecadienoic acid",LIN,individual,1:16429033,1,16429033,5.742419e-09,SORBI_3001G186600,0.961768
"13-Keto-9Z,11E-octadecadienoic acid",LIN,individual,1:16429035,1,16429035,5.742419e-09,SORBI_3001G186600,0.961768
"13-Keto-9Z,11E-octadecadienoic acid",LIN,individual,1:16429033,1,16429033,5.742419e-09,SORBI_3001G186600,0.961682
"13-Keto-9Z,11E-octadecadienoic acid",LIN,individual,1:16429035,1,16429035,5.742419e-09,SORBI_3001G186600,0.961682
"13-Keto-9Z,11E-octadecadienoic acid",LIN,individual,1:16429033,1,16429033,5.742419e-09,SORBI_3001G186600,0.961594
"13-Keto-9Z,11E-octadecadienoic acid",LIN,individual,1:16429035,1,16429035,5.742419e-09,SORBI_3001G186600,0.961594
"13-Keto-9Z,11E-octadecadienoic acid",LIN,individual,1:16429033,1,16429033,5.742419e-09,SORBI_3001G186600,0.961505
"13-Keto-9Z,11E-octadecadienoic acid",LIN,individual,1:16429035,1,16429035,5.742419e-09,SORBI_3001G186600,0.961505
"13-Keto-9Z,11E-octadecadienoic acid",LIN,individual,1:16429033,1,16429033,5.742419e-09,SORBI_3001G186600,0.961413
"13-Keto-9Z,11E-octadecadienoic acid",LIN,individual,1:16429035,1,16429035,5.742419e-09,SORBI_3001G186600,0.961413
"13-Keto-9Z,11E-octadecadienoic acid",LIN,individual,1:16429033,1,16429033,5.742419e-09,SORBI_3001G186500,0.960959
"13-Keto-9Z,11E-octadecadienoic acid",LIN,individual,1:16429035,1,16429035,5.742419e-09,SORBI_3001G186500,0.960959
"13-Keto-9Z,11E-octadecadienoic acid",LIN,individual,1:16429033,1,16429033,5.742419e-09,SORBI_3001G186800,0.960158
"13-Keto-9Z,11E-octadecadienoic acid",LIN,individual,1:16429033,1,16429033,5.742419e-09,SORBI_3001G187200,0.960158
"13-Keto-9Z,11E-octadecadienoic acid",LIN,individual,1:16429033,1,16429033,5.742419e-09,SORBI_3001G187300,0.960158
"13-Keto-9Z,11E-octadecadienoic acid",LIN,individual,1:16429035,1,16429035,5.742419e-09,SORBI_3001G186800,0.960158
"13-Keto-9Z,11E-octadecadienoic acid",LIN,individual,1:16429035,1,16429035,5.742419e-09,SORBI_3001G187200,0.960158
"13-Keto-9Z,11E-octadecadienoic acid",LIN,individual,1:16429035,1,16429035,5.742419e-09,SORBI_3001G187300,0.960158
"13-Keto-9Z,11E-octadecadienoic acid",LIN,individual,1:16429033,1,16429033,5.742419e-09,SORBI_3001G187000,0.960149
"13-Keto-9Z,11E-octadecadienoic acid",LIN,individual,1:16429035,1,16429035,5.742419e-09,SORBI_3001G187000,0.960149
"13-Keto-9Z,11E-octadecadienoic acid",LIN,individual,1:16429033,1,16429033,5.742419e-09,SORBI_3001G187300,0.960093
"13-Keto-9Z,11E-octadecadienoic acid",LIN,individual,1:16429035,1,16429035,5.742419e-09,SORBI_3001G187300,0.960093
"13-Keto-9Z,11E-octadecadienoic acid",LIN,individual,1:16429033,1,16429033,5.742419e-09,SORBI_3001G187500,0.959362
"13-Keto-9Z,11E-octadecadienoic acid",LIN,individual,1:16429035,1,16429035,5.742419e-09,SORBI_3001G187500,0.959362
"13-Keto-9Z,11E-octadecadienoic acid",LIN,individual,1:16429033,1,16429033,5.742419e-09,SORBI_3001G187500,0.959347
"13-Keto-9Z,11E-octadecadienoic acid",LIN,individual,1:16429035,1,16429035,5.742419e-09,SORBI_3001G187500,0.959347
"13-Keto-9Z,11E-octadecadienoic acid",LIN,individual,1:16429033,1,16429033,5.742419e-09,SORBI_3001G186600,0.95854
"13-Keto-9Z,11E-octadecadienoic acid",LIN,individual,1:16429035,1,16429035,5.742419e-09,SORBI_3001G186600,0.95854
"13-Keto-9Z,11E-octadecadienoic acid",LIN,individual,1:16429033,1,16429033,5.742419e-09,SORBI_3001G186600,0.958312
"13-Keto-9Z,11E-octadecadienoic acid",LIN,individual,1:16429035,1,16429035,5.742419e-09,SORBI_3001G186600,0.958312
"13-Keto-9Z,11E-octadecadienoic acid",LIN,individual,1:16429033,1,16429033,5.742419e-09,SORBI_3001G186700,0.95808
"13-Keto-9Z,11E-octadecadienoic acid",LIN,individual,1:16429033,1,16429033,5.742419e-09,SORBI_3001G186800,0.95808
"13-Keto-9Z,11E-octadecadienoic acid",LIN,individual,1:16429033,1,16429033,5.742419e-09,SORBI_3001G187000,0.95808
"13-Keto-9Z,11E-octadecadienoic acid",LIN,individual,1:16429033,1,16429033,5.742419e-09,SORBI_3001G187100,0.95808
"13-Keto-9Z,11E-octadecadienoic acid",LIN,individual,1:16429033,1,16429033,5.742419e-09,SORBI_3001G187200,0.95808
"13-Keto-9Z,11E-octadecadienoic acid",LIN,individual,1:16429033,1,16429033,5.742419e-09,SORBI_3001G187300,0.95808
"13-Keto-9Z,11E-octadecadienoic acid",LIN,individual,1:16429035,1,16429035,5.742419e-09,SORBI_3001G186700,0.95808
"13-Keto-9Z,11E-octadecadienoic acid",LIN,individual,1:16429035,1,16429035,5.742419e-09,SORBI_3001G186800,0.95808
"13-Keto-9Z,11E-octadecadienoic acid",LIN,individual,1:16429035,1,16429035,5.742419e-09,SORBI_3001G187000,0.95808
"13-Keto-9Z,11E-octadecadienoic acid",LIN,individual,1:16429035,1,16429035,5.742419e-09,SORBI_3001G187100,0.95808
"13-Keto-9Z,11E-octadecadienoic acid",LIN,individual,1:16429035,1,16429035,5.742419e-09,SORBI_3001G187200,0.95808
"13-Keto-9Z,11E-octadecadienoic acid",LIN,individual,1:16429035,1,16429035,5.742419e-09,SORBI_3001G187300,0.95808
"13-Keto-9Z,11E-octadecadienoic acid",LIN,individual,1:16429033,1,16429033,5.742419e-09,SORBI_3001G187200,0.95807
"13-Keto-9Z,11E-octadecadienoic acid",LIN,individual,1:16429035,1,16429035,5.742419e-09,SORBI_3001G187200,0.95807
"13-Keto-9Z,11E-octadecadienoic acid",LIN,individual,1:16429033,1,16429033,5.742419e-09,SORBI_3001G187300,0.95778
"13-Keto-9Z,11E-octadecadienoic acid",LIN,individual,1:16429035,1,16429035,5.742419e-09,SORBI_3001G187300,0.95778
"13-Keto-9Z,11E-octadecadienoic acid",LIN,individual,1:16429033,1,16429033,5.742419e-09,SORBI_3001G186500,0.957758
"13-Keto-9Z,11E-octadecadienoic acid",LIN,individual,1:16429035,1,16429035,5.742419e-09,SORBI_3001G186500,0.957758
"13-Keto-9Z,11E-octadecadienoic acid",LIN,individual,1:16429033,1,16429033,5.742419e-09,SORBI_3001G186600,0.957127
"13-Keto-9Z,11E-octadecadienoic acid",LIN,individual,1:16429035,1,16429035,5.742419e-09,SORBI_3001G186600,0.957127
"13-Keto-9Z,11E-octadecadienoic acid",LIN,individual,1:16429033,1,16429033,5.742419e-09,SORBI_3001G187400,0.956499
"13-Keto-9Z,11E-octadecadienoic acid",LIN,individual,1:16429035,1,16429035,5.742419e-09,SORBI_3001G187400,0.956499
"13-Keto-9Z,11E-octadecadienoic acid",LIN,individual,1:16429033,1,16429033,5.742419e-09,SORBI_3001G187400,0.956347
"13-Keto-9Z,11E-octadecadienoic acid",LIN,individual,1:16429035,1,16429035,5.742419e-09,SORBI_3001G187400,0.956347
"13-Keto-9Z,11E-octadecadienoic acid",LIN,individual,1:16429033,1,16429033,5.742419e-09,SORBI_3001G186800,0.955834
"13-Keto-9Z,11E-octadecadienoic acid",LIN,individual,1:16429033,1,16429033,5.742419e-09,SORBI_3001G186850,0.955834
"13-Keto-9Z,11E-octadecadienoic acid",LIN,individual,1:16429033,1,16429033,5.742419e-09,SORBI_3001G187000,0.955834
"13-Keto-9Z,11E-octadecadienoic acid",LIN,individual,1:16429033,1,16429033,5.742419e-09,SORBI_3001G187100,0.955834
"13-Keto-9Z,11E-octadecadienoic acid",LIN,individual,1:16429033,1,16429033,5.742419e-09,SORBI_3001G187200,0.955834
"13-Keto-9Z,11E-octadecadienoic acid",LIN,individual,1:16429033,1,16429033,5.742419e-09,SORBI_3001G187300,0.955834
"13-Keto-9Z,11E-octadecadienoic acid",LIN,individual,1:16429035,1,16429035,5.742419e-09,SORBI_3001G186800,0.955834
"13-Keto-9Z,11E-octadecadienoic acid",LIN,individual,1:16429035,1,16429035,5.742419e-09,SORBI_3001G186850,0.955834
"13-Keto-9Z,11E-octadecadienoic acid",LIN,individual,1:16429035,1,16429035,5.742419e-09,SORBI_3001G187000,0.955834
"13-Keto-9Z,11E-octadecadienoic acid",LIN,individual,1:16429035,1,16429035,5.742419e-09,SORBI_3001G187100,0.955834
"13-Keto-9Z,11E-octadecadienoic acid",LIN,individual,1:16429035,1,16429035,5.742419e-09,SORBI_3001G187200,0.955834
"13-Keto-9Z,11E-octadecadienoic acid",LIN,individual,1:16429035,1,16429035,5.742419e-09,SORBI_3001G187300,0.955834
"13-Keto-9Z,11E-octadecadienoic acid",LIN,individual,1:16429033,1,16429033,5.742419e-09,SORBI_3001G186850,0.955773
"13-Keto-9Z,11E-octadecadienoic acid",LIN,individual,1:16429035,1,16429035,5.742419e-09,SORBI_3001G186850,0.955773
"13-Keto-9Z,11E-octadecadienoic acid",LIN,individual,1:16429033,1,16429033,5.742419e-09,SORBI_3001G186850,0.955731
"13-Keto-9Z,11E-octadecadienoic acid",LIN,individual,1:16429035,1,16429035,5.742419e-09,SORBI_3001G186850,0.955731
"13-Keto-9Z,11E-octadecadienoic acid",LIN,individual,1:16429033,1,16429033,5.742419e-09,SORBI_3001G187800,0.955459
"13-Keto-9Z,11E-octadecadienoic acid",LIN,individual,1:16429035,1,16429035,5.742419e-09,SORBI_3001G187800,0.955459
"13-Keto-9Z,11E-octadecadienoic acid",LIN,individual,1:16429033,1,16429033,5.742419e-09,SORBI_3001G187000,0.955308
"13-Keto-9Z,11E-octadecadienoic acid",LIN,individual,1:16429035,1,16429035,5.742419e-09,SORBI_3001G187000,0.955308
"13-Keto-9Z,11E-octadecadienoic acid",LIN,individual,1:16429033,1,16429033,5.742419e-09,SORBI_3001G187400,0.954868
"13-Keto-9Z,11E-octadecadienoic acid",LIN,individual,1:16429035,1,16429035,5.742419e-09,SORBI_3001G187400,0.954868
"13-Keto-9Z,11E-octadecadienoic acid",LIN,individual,1:16429033,1,16429033,5.742419e-09,SORBI_3001G186925,0.954814
"13-Keto-9Z,11E-octadecadienoic acid",LIN,individual,1:16429035,1,16429035,5.742419e-09,SORBI_3001G186925,0.954814
"13-Keto-9Z,11E-octadecadienoic acid",LIN,individual,1:16429033,1,16429033,5.742419e-09,SORBI_3001G186925,0.954791
"13-Keto-9Z,11E-octadecadienoic acid",LIN,individual,1:16429035,1,16429035,5.742419e-09,SORBI_3001G186925,0.954791
"13-Keto-9Z,11E-octadecadienoic acid",LIN,individual,1:16429033,1,16429033,5.742419e-09,SORBI_3001G186800,0.954761
"13-Keto-9Z,11E-octadecadienoic acid",LIN,individual,1:16429033,1,16429033,5.742419e-09,SORBI_3001G187200,0.954761
"13-Keto-9Z,11E-octadecadienoic acid",LIN,individual,1:16429035,1,16429035,5.742419e-09,SORBI_3001G186800,0.954761
"13-Keto-9Z,11E-octadecadienoic acid",LIN,individual,1:16429035,1,16429035,5.742419e-09,SORBI_3001G187200,0.954761
"13-Keto-9Z,11E-octadecadienoic acid",LIN,individual,1:16429033,1,16429033,5.742419e-09,SORBI_3001G187400,0.954717
"13-Keto-9Z,11E-octadecadienoic acid",LIN,individual,1:16429035,1,16429035,5.742419e-09,SORBI_3001G187400,0.954717
"13-Keto-9Z,11E-octadecadienoic acid",LIN,individual,1:16429033,1,16429033,5.742419e-09,SORBI_3001G187500,0.954658
"13-Keto-9Z,11E-octadecadienoic acid",LIN,individual,1:16429035,1,16429035,5.742419e-09,SORBI_3001G187500,0.954658
"13-Keto-9Z,11E-octadecadienoic acid",LIN,individual,1:16429033,1,16429033,5.742419e-09,SORBI_3001G187300,0.954468
"13-Keto-9Z,11E-octadecadienoic acid",LIN,individual,1:16429035,1,16429035,5.742419e-09,SORBI_3001G187300,0.954468
"13-Keto-9Z,11E-octadecadienoic acid",LIN,individual,1:16429033,1,16429033,5.742419e-09,SORBI_3001G186850,0.952895
"13-Keto-9Z,11E-octadecadienoic acid",LIN,individual,1:16429035,1,16429035,5.742419e-09,SORBI_3001G186850,0.952895
"13-Keto-9Z,11E-octadecadienoic acid",LIN,individual,1:16429033,1,16429033,5.742419e-09,SORBI_3001G186850,0.952393
"13-Keto-9Z,11E-octadecadienoic acid",LIN,individual,1:16429035,1,16429035,5.742419e-09,SORBI_3001G186850,0.952393
"13-Keto-9Z,11E-octadecadienoic acid",LIN,individual,1:16429033,1,16429033,5.742419e-09,SORBI_3001G186700,0.952345
"13-Keto-9Z,11E-octadecadienoic acid",LIN,individual,1:16429033,1,16429033,5.742419e-09,SORBI_3001G186800,0.952345
"13-Keto-9Z,11E-octadecadienoic acid",LIN,individual,1:16429033,1,16429033,5.742419e-09,SORBI_3001G187300,0.952345
"13-Keto-9Z,11E-octadecadienoic acid",LIN,individual,1:16429035,1,16429035,5.742419e-09,SORBI_3001G186700,0.952345
"13-Keto-9Z,11E-octadecadienoic acid",LIN,individual,1:16429035,1,16429035,5.742419e-09,SORBI_3001G186800,0.952345
"13-Keto-9Z,11E-octadecadienoic acid",LIN,individual,1:16429035,1,16429035,5.742419e-09,SORBI_3001G187300,0.952345
"13-Keto-9Z,11E-octadecadienoic acid",LIN,individual,1:16429033,1,16429033,5.742419e-09,SORBI_3001G186850,0.952266
"13-Keto-9Z,11E-octadecadienoic acid",LIN,individual,1:16429035,1,16429035,5.742419e-09,SORBI_3001G186850,0.952266
"13-Keto-9Z,11E-octadecadienoic acid",LIN,individual,1:16429033,1,16429033,5.742419e-09,SORBI_3001G186600,0.952265
"13-Keto-9Z,11E-octadecadienoic acid",LIN,individual,1:16429035,1,16429035,5.742419e-09,SORBI_3001G186600,0.952265
"13-Keto-9Z,11E-octadecadienoic acid",LIN,individual,1:16429033,1,16429033,5.742419e-09,SORBI_3001G186600,0.952157
"13-Keto-9Z,11E-octadecadienoic acid",LIN,individual,1:16429035,1,16429035,5.742419e-09,SORBI_3001G186600,0.952157
"13-Keto-9Z,11E-octadecadienoic acid",LIN,individual,1:16429033,1,16429033,5.742419e-09,SORBI_3001G186600,0.951937
"13-Keto-9Z,11E-octadecadienoic acid",LIN,individual,1:16429035,1,16429035,5.742419e-09,SORBI_3001G186600,0.951937
"13-Keto-9Z,11E-octadecadienoic acid",LIN,individual,1:16429033,1,16429033,5.742419e-09,SORBI_3001G186600,0.951823
"13-Keto-9Z,11E-octadecadienoic acid",LIN,individual,1:16429035,1,16429035,5.742419e-09,SORBI_3001G186600,0.951823
"13-Keto-9Z,11E-octadecadienoic acid",LIN,individual,1:16429033,1,16429033,5.742419e-09,SORBI_3001G186401,0.951225
"13-Keto-9Z,11E-octadecadienoic acid",LIN,individual,1:16429035,1,16429035,5.742419e-09,SORBI_3001G186401,0.951225
"13-Keto-9Z,11E-octadecadienoic acid",LIN,individual,1:16429033,1,16429033,5.742419e-09,SORBI_3001G187500,0.950541
"13-Keto-9Z,11E-octadecadienoic acid",LIN,individual,1:16429035,1,16429035,5.742419e-09,SORBI_3001G187500,0.950541
"13-Keto-9Z,11E-octadecadienoic acid",LIN,individual,1:16429033,1,16429033,5.742419e-09,SORBI_3001G186600,0.95051
"13-Keto-9Z,11E-octadecadienoic acid",LIN,individual,1:16429035,1,16429035,5.742419e-09,SORBI_3001G186600,0.95051
"13-Keto-9Z,11E-octadecadienoic acid",LIN,individual,1:16429033,1,16429033,5.742419e-09,SORBI_3001G186600,0.950411
"13-Keto-9Z,11E-octadecadienoic acid",LIN,individual,1:16429035,1,16429035,5.742419e-09,SORBI_3001G186600,0.950411
"13-Keto-9Z,11E-octadecadienoic acid",LIN,individual,1:16429033,1,16429033,5.742419e-09,SORBI_3001G186600,0.950311
"13-Keto-9Z,11E-octadecadienoic acid",LIN,individual,1:16429035,1,16429035,5.742419e-09,SORBI_3001G186600,0.950311
"13-Keto-9Z,11E-octadecadienoic acid",LIN,individual,1:16429033,1,16429033,5.742419e-09,SORBI_3001G187800,0.950277
"13-Keto-9Z,11E-octadecadienoic acid",LIN,individual,1:16429035,1,16429035,5.742419e-09,SORBI_3001G187800,0.950277
"13-Keto-9Z,11E-octadecadienoic acid",LIN,individual,1:16429033,1,16429033,5.742419e-09,SORBI_3001G186600,0.950104
"13-Keto-9Z,11E-octadecadienoic acid",LIN,individual,1:16429035,1,16429035,5.742419e-09,SORBI_3001G186600,0.950104
"13-Keto-9Z,11E-octadecadienoic acid",LIN,individual,1:16429033,1,16429033,5.742419e-09,SORBI_3001G186800,0.950018
"13-Keto-9Z,11E-octadecadienoic acid",LIN,individual,1:16429033,1,16429033,5.742419e-09,SORBI_3001G187000,0.950018
"13-Keto-9Z,11E-octadecadienoic acid",LIN,individual,1:16429033,1,16429033,5.742419e-09,SORBI_3001G187100,0.950018
"13-Keto-9Z,11E-octadecadienoic acid",LIN,individual,1:16429033,1,16429033,5.742419e-09,SORBI_3001G187200,0.950018
"13-Keto-9Z,11E-octadecadienoic acid",LIN,individual,1:16429033,1,16429033,5.742419e-09,SORBI_3001G187300,0.950018
"13-Keto-9Z,11E-octadecadienoic acid",LIN,individual,1:16429035,1,16429035,5.742419e-09,SORBI_3001G186800,0.950018
"13-Keto-9Z,11E-octadecadienoic acid",LIN,individual,1:16429035,1,16429035,5.742419e-09,SORBI_3001G187000,0.950018
"13-Keto-9Z,11E-octadecadienoic acid",LIN,individual,1:16429035,1,16429035,5.742419e-09,SORBI_3001G187100,0.950018
"13-Keto-9Z,11E-octadecadienoic acid",LIN,individual,1:16429035,1,16429035,5.742419e-09,SORBI_3001G187200,0.950018
"13-Keto-9Z,11E-octadecadienoic acid",LIN,individual,1:16429035,1,16429035,5.742419e-09,SORBI_3001G187300,0.950018
"13-Keto-9Z,11E-octadecadienoic acid",LIN,individual,1:16429033,1,16429033,5.742419e-09,SORBI_3001G186401,0.94988
"13-Keto-9Z,11E-octadecadienoic acid",LIN,individual,1:16429035,1,16429035,5.742419e-09,SORBI_3001G186401,0.94988
"13-Keto-9Z,11E-octadecadienoic acid",LIN,individual,1:16429033,1,16429033,5.742419e-09,SORBI_3001G186600,0.949778
"13-Keto-9Z,11E-octadecadienoic acid",LIN,individual,1:16429035,1,16429035,5.742419e-09,SORBI_3001G186600,0.949778
"13-Keto-9Z,11E-octadecadienoic acid",LIN,individual,1:16429033,1,16429033,5.742419e-09,SORBI_3001G186500,0.949583
"13-Keto-9Z,11E-octadecadienoic acid",LIN,individual,1:16429035,1,16429035,5.742419e-09,SORBI_3001G186500,0.949583
"13-Keto-9Z,11E-octadecadienoic acid",LIN,individual,1:16429033,1,16429033,5.742419e-09,SORBI_3001G186600,0.94955
"13-Keto-9Z,11E-octadecadienoic acid",LIN,individual,1:16429035,1,16429035,5.742419e-09,SORBI_3001G186600,0.94955
"13-Keto-9Z,11E-octadecadienoic acid",LIN,individual,1:16429033,1,16429033,5.742419e-09,SORBI_3001G186500,0.949397
"13-Keto-9Z,11E-octadecadienoic acid",LIN,individual,1:16429035,1,16429035,5.742419e-09,SORBI_3001G186500,0.949397
"13-Keto-9Z,11E-octadecadienoic acid",LIN,individual,1:16429033,1,16429033,5.742419e-09,SORBI_3001G186850,0.949387
"13-Keto-9Z,11E-octadecadienoic acid",LIN,individual,1:16429035,1,16429035,5.742419e-09,SORBI_3001G186850,0.949387
"13-Keto-9Z,11E-octadecadienoic acid",LIN,individual,1:16429033,1,16429033,5.742419e-09,SORBI_3001G186850,0.949261
"13-Keto-9Z,11E-octadecadienoic acid",LIN,individual,1:16429035,1,16429035,5.742419e-09,SORBI_3001G186850,0.949261
"13-Keto-9Z,11E-octadecadienoic acid",LIN,individual,1:16429033,1,16429033,5.742419e-09,SORBI_3001G187300,0.949028
"13-Keto-9Z,11E-octadecadienoic acid",LIN,individual,1:16429035,1,16429035,5.742419e-09,SORBI_3001G187300,0.949028
"13-Keto-9Z,11E-octadecadienoic acid",LIN,individual,1:16429033,1,16429033,5.742419e-09,SORBI_3001G186401,0.948998
"13-Keto-9Z,11E-octadecadienoic acid",LIN,individual,1:16429035,1,16429035,5.742419e-09,SORBI_3001G186401,0.948998
"13-Keto-9Z,11E-octadecadienoic acid",LIN,individual,1:16429033,1,16429033,5.742419e-09,SORBI_3001G187500,0.948937
"13-Keto-9Z,11E-octadecadienoic acid",LIN,individual,1:16429035,1,16429035,5.742419e-09,SORBI_3001G187500,0.948937
"13-Keto-9Z,11E-octadecadienoic acid",LIN,individual,1:16429033,1,16429033,5.742419e-09,SORBI_3001G186401,0.948839
"13-Keto-9Z,11E-octadecadienoic acid",LIN,individual,1:16429035,1,16429035,5.742419e-09,SORBI_3001G186401,0.948839
"13-Keto-9Z,11E-octadecadienoic acid",LIN,individual,1:16429033,1,16429033,5.742419e-09,SORBI_3001G186401,0.948815
"13-Keto-9Z,11E-octadecadienoic acid",LIN,individual,1:16429035,1,16429035,5.742419e-09,SORBI_3001G186401,0.948815
"13-Keto-9Z,11E-octadecadienoic acid",LIN,individual,1:16429033,1,16429033,5.742419e-09,SORBI_3001G187300,0.948608
"13-Keto-9Z,11E-octadecadienoic acid",LIN,individual,1:16429035,1,16429035,5.742419e-09,SORBI_3001G187300,0.948608
"13-Keto-9Z,11E-octadecadienoic acid",LIN,individual,1:16429033,1,16429033,5.742419e-09,SORBI_3001G186500,0.948478
"13-Keto-9Z,11E-octadecadienoic acid",LIN,individual,1:16429035,1,16429035,5.742419e-09,SORBI_3001G186500,0.948478
"13-Keto-9Z,11E-octadecadienoic acid",LIN,individual,1:16429033,1,16429033,5.742419e-09,SORBI_3001G186800,0.948171
"13-Keto-9Z,11E-octadecadienoic acid",LIN,individual,1:16429033,1,16429033,5.742419e-09,SORBI_3001G187000,0.948171
"13-Keto-9Z,11E-octadecadienoic acid",LIN,individual,1:16429033,1,16429033,5.742419e-09,SORBI_3001G187200,0.948171
"13-Keto-9Z,11E-octadecadienoic acid",LIN,individual,1:16429035,1,16429035,5.742419e-09,SORBI_3001G186800,0.948171
"13-Keto-9Z,11E-octadecadienoic acid",LIN,individual,1:16429035,1,16429035,5.742419e-09,SORBI_3001G187000,0.948171
"13-Keto-9Z,11E-octadecadienoic acid",LIN,individual,1:16429035,1,16429035,5.742419e-09,SORBI_3001G187200,0.948171
"13-Keto-9Z,11E-octadecadienoic acid",LIN,individual,1:16429033,1,16429033,5.742419e-09,SORBI_3001G187000,0.948159
"13-Keto-9Z,11E-octadecadienoic acid",LIN,individual,1:16429035,1,16429035,5.742419e-09,SORBI_3001G187000,0.948159
"13-Keto-9Z,11E-octadecadienoic acid",LIN,individual,1:16429033,1,16429033,5.742419e-09,SORBI_3001G187500,0.947409
"13-Keto-9Z,11E-octadecadienoic acid",LIN,individual,1:16429035,1,16429035,5.742419e-09,SORBI_3001G187500,0.947409
"13-Keto-9Z,11E-octadecadienoic acid",LIN,individual,1:16429033,1,16429033,5.742419e-09,SORBI_3001G187000,0.947389
"13-Keto-9Z,11E-octadecadienoic acid",LIN,individual,1:16429033,1,16429033,5.742419e-09,SORBI_3001G187200,0.947389
"13-Keto-9Z,11E-octadecadienoic acid",LIN,individual,1:16429035,1,16429035,5.742419e-09,SORBI_3001G187000,0.947389
"13-Keto-9Z,11E-octadecadienoic acid",LIN,individual,1:16429035,1,16429035,5.742419e-09,SORBI_3001G187200,0.947389
"13-Keto-9Z,11E-octadecadienoic acid",LIN,individual,1:16429033,1,16429033,5.742419e-09,SORBI_3001G187000,0.947377
"13-Keto-9Z,11E-octadecadienoic acid",LIN,individual,1:16429035,1,16429035,5.742419e-09,SORBI_3001G187000,0.947377
"13-Keto-9Z,11E-octadecadienoic acid",LIN,individual,1:16429033,1,16429033,5.742419e-09,SORBI_3001G186925,0.946404
"13-Keto-9Z,11E-octadecadienoic acid",LIN,individual,1:16429035,1,16429035,5.742419e-09,SORBI_3001G186925,0.946404
"13-Keto-9Z,11E-octadecadienoic acid",LIN,individual,1:16429033,1,16429033,5.742419e-09,SORBI_3001G186850,0.946292
"13-Keto-9Z,11E-octadecadienoic acid",LIN,individual,1:16429033,1,16429033,5.742419e-09,SORBI_3001G187200,0.946292
"13-Keto-9Z,11E-octadecadienoic acid",LIN,individual,1:16429035,1,16429035,5.742419e-09,SORBI_3001G186850,0.946292
"13-Keto-9Z,11E-octadecadienoic acid",LIN,individual,1:16429035,1,16429035,5.742419e-09,SORBI_3001G187200,0.946292
"13-Keto-9Z,11E-octadecadienoic acid",LIN,individual,1:16429033,1,16429033,5.742419e-09,SORBI_3001G186850,0.945959
"13-Keto-9Z,11E-octadecadienoic acid",LIN,individual,1:16429035,1,16429035,5.742419e-09,SORBI_3001G186850,0.945959
"13-Keto-9Z,11E-octadecadienoic acid",LIN,individual,1:16429033,1,16429033,5.742419e-09,SORBI_3001G187000,0.945886
"13-Keto-9Z,11E-octadecadienoic acid",LIN,individual,1:16429035,1,16429035,5.742419e-09,SORBI_3001G187000,0.945886
"13-Keto-9Z,11E-octadecadienoic acid",LIN,individual,1:16429033,1,16429033,5.742419e-09,SORBI_3001G186850,0.945651
"13-Keto-9Z,11E-octadecadienoic acid",LIN,individual,1:16429035,1,16429035,5.742419e-09,SORBI_3001G186850,0.945651
"13-Keto-9Z,11E-octadecadienoic acid",LIN,individual,1:16429033,1,16429033,5.742419e-09,SORBI_3001G186925,0.944774
"13-Keto-9Z,11E-octadecadienoic acid",LIN,individual,1:16429035,1,16429035,5.742419e-09,SORBI_3001G186925,0.944774
"13-Keto-9Z,11E-octadecadienoic acid",LIN,individual,1:16429033,1,16429033,5.742419e-09,SORBI_3001G187400,0.944237
"13-Keto-9Z,11E-octadecadienoic acid",LIN,individual,1:16429035,1,16429035,5.742419e-09,SORBI_3001G187400,0.944237
"13-Keto-9Z,11E-octadecadienoic acid",LIN,individual,1:16429033,1,16429033,5.742419e-09,SORBI_3001G186850,0.944053
"13-Keto-9Z,11E-octadecadienoic acid",LIN,individual,1:16429035,1,16429035,5.742419e-09,SORBI_3001G186850,0.944053
"13-Keto-9Z,11E-octadecadienoic acid",LIN,individual,1:16429033,1,16429033,5.742419e-09,SORBI_3001G186401,0.943127
"13-Keto-9Z,11E-octadecadienoic acid",LIN,individual,1:16429035,1,16429035,5.742419e-09,SORBI_3001G186401,0.943127
"13-Keto-9Z,11E-octadecadienoic acid",LIN,individual,1:16429033,1,16429033,5.742419e-09,SORBI_3001G186800,0.942091
"13-Keto-9Z,11E-octadecadienoic acid",LIN,individual,1:16429035,1,16429035,5.742419e-09,SORBI_3001G186800,0.942091
"13-Keto-9Z,11E-octadecadienoic acid",LIN,individual,1:16429033,1,16429033,5.742419e-09,SORBI_3001G186800,0.942051
"13-Keto-9Z,11E-octadecadienoic acid",LIN,individual,1:16429035,1,16429035,5.742419e-09,SORBI_3001G186800,0.942051
"13-Keto-9Z,11E-octadecadienoic acid",LIN,individual,1:16429033,1,16429033,5.742419e-09,SORBI_3001G186800,0.942038
"13-Keto-9Z,11E-octadecadienoic acid",LIN,individual,1:16429035,1,16429035,5.742419e-09,SORBI_3001G186800,0.942038
"13-Keto-9Z,11E-octadecadienoic acid",LIN,individual,1:16429033,1,16429033,5.742419e-09,SORBI_3001G186850,0.941944
"13-Keto-9Z,11E-octadecadienoic acid",LIN,individual,1:16429035,1,16429035,5.742419e-09,SORBI_3001G186850,0.941944
"13-Keto-9Z,11E-octadecadienoic acid",LIN,individual,1:16429033,1,16429033,5.742419e-09,SORBI_3001G186500,0.941711
"13-Keto-9Z,11E-octadecadienoic acid",LIN,individual,1:16429035,1,16429035,5.742419e-09,SORBI_3001G186500,0.941711
"13-Keto-9Z,11E-octadecadienoic acid",LIN,individual,1:16429033,1,16429033,5.742419e-09,SORBI_3001G186800,0.94101
"13-Keto-9Z,11E-octadecadienoic acid",LIN,individual,1:16429035,1,16429035,5.742419e-09,SORBI_3001G186800,0.94101
"13-Keto-9Z,11E-octadecadienoic acid",LIN,individual,1:16429033,1,16429033,5.742419e-09,SORBI_3001G186600,0.940733
"13-Keto-9Z,11E-octadecadienoic acid",LIN,individual,1:16429035,1,16429035,5.742419e-09,SORBI_3001G186600,0.940733
"13-Keto-9Z,11E-octadecadienoic acid",LIN,individual,1:16429033,1,16429033,5.742419e-09,SORBI_3001G187800,0.940655
"13-Keto-9Z,11E-octadecadienoic acid",LIN,individual,1:16429035,1,16429035,5.742419e-09,SORBI_3001G187800,0.940655
"13-Keto-9Z,11E-octadecadienoic acid",LIN,individual,1:16429033,1,16429033,5.742419e-09,SORBI_3001G186401,0.940407
"13-Keto-9Z,11E-octadecadienoic acid",LIN,individual,1:16429035,1,16429035,5.742419e-09,SORBI_3001G186401,0.940407
"13-Keto-9Z,11E-octadecadienoic acid",LIN,individual,1:16429033,1,16429033,5.742419e-09,SORBI_3001G186401,0.940223
"13-Keto-9Z,11E-octadecadienoic acid",LIN,individual,1:16429035,1,16429035,5.742419e-09,SORBI_3001G186401,0.940223
"13-Keto-9Z,11E-octadecadienoic acid",LIN,individual,1:16429033,1,16429033,5.742419e-09,SORBI_3001G186401,0.94016
"13-Keto-9Z,11E-octadecadienoic acid",LIN,individual,1:16429035,1,16429035,5.742419e-09,SORBI_3001G186401,0.94016
"13-Keto-9Z,11E-octadecadienoic acid",LIN,individual,1:16429033,1,16429033,5.742419e-09,SORBI_3001G187100,0.939986
"13-Keto-9Z,11E-octadecadienoic acid",LIN,individual,1:16429033,1,16429033,5.742419e-09,SORBI_3001G187200,0.939986
"13-Keto-9Z,11E-octadecadienoic acid",LIN,individual,1:16429033,1,16429033,5.742419e-09,SORBI_3001G187300,0.939986
"13-Keto-9Z,11E-octadecadienoic acid",LIN,individual,1:16429035,1,16429035,5.742419e-09,SORBI_3001G187100,0.939986
"13-Keto-9Z,11E-octadecadienoic acid",LIN,individual,1:16429035,1,16429035,5.742419e-09,SORBI_3001G187200,0.939986
"13-Keto-9Z,11E-octadecadienoic acid",LIN,individual,1:16429035,1,16429035,5.742419e-09,SORBI_3001G187300,0.939986
"13-Keto-9Z,11E-octadecadienoic acid",LIN,individual,1:16429033,1,16429033,5.742419e-09,SORBI_3001G186600,0.939961
"13-Keto-9Z,11E-octadecadienoic acid",LIN,individual,1:16429035,1,16429035,5.742419e-09,SORBI_3001G186600,0.939961
"13-Keto-9Z,11E-octadecadienoic acid",LIN,individual,1:16429033,1,16429033,5.742419e-09,SORBI_3001G186600,0.939824
"13-Keto-9Z,11E-octadecadienoic acid",LIN,individual,1:16429035,1,16429035,5.742419e-09,SORBI_3001G186600,0.939824
"13-Keto-9Z,11E-octadecadienoic acid",LIN,individual,1:16429033,1,16429033,5.742419e-09,SORBI_3001G187000,0.939076
"13-Keto-9Z,11E-octadecadienoic acid",LIN,individual,1:16429035,1,16429035,5.742419e-09,SORBI_3001G187000,0.939076
"13-Keto-9Z,11E-octadecadienoic acid",LIN,individual,1:16429033,1,16429033,5.742419e-09,SORBI_3001G186500,0.93891
"13-Keto-9Z,11E-octadecadienoic acid",LIN,individual,1:16429035,1,16429035,5.742419e-09,SORBI_3001G186500,0.93891
"13-Keto-9Z,11E-octadecadienoic acid",LIN,individual,1:16429033,1,16429033,5.742419e-09,SORBI_3001G186800,0.938382
"13-Keto-9Z,11E-octadecadienoic acid",LIN,individual,1:16429035,1,16429035,5.742419e-09,SORBI_3001G186800,0.938382
"13-Keto-9Z,11E-octadecadienoic acid",LIN,individual,1:16429033,1,16429033,5.742419e-09,SORBI_3001G186500,0.936766
"13-Keto-9Z,11E-octadecadienoic acid",LIN,individual,1:16429035,1,16429035,5.742419e-09,SORBI_3001G186500,0.936766
"13-Keto-9Z,11E-octadecadienoic acid",LIN,individual,1:16429033,1,16429033,5.742419e-09,SORBI_3001G186850,0.936626
"13-Keto-9Z,11E-octadecadienoic acid",LIN,individual,1:16429035,1,16429035,5.742419e-09,SORBI_3001G186850,0.936626
"13-Keto-9Z,11E-octadecadienoic acid",LIN,individual,1:16429033,1,16429033,5.742419e-09,SORBI_3001G187000,0.936614
"13-Keto-9Z,11E-octadecadienoic acid",LIN,individual,1:16429035,1,16429035,5.742419e-09,SORBI_3001G187000,0.936614
"13-Keto-9Z,11E-octadecadienoic acid",LIN,individual,1:16429033,1,16429033,5.742419e-09,SORBI_3001G186500,0.936532
"13-Keto-9Z,11E-octadecadienoic acid",LIN,individual,1:16429035,1,16429035,5.742419e-09,SORBI_3001G186500,0.936532
"13-Keto-9Z,11E-octadecadienoic acid",LIN,individual,1:16429033,1,16429033,5.742419e-09,SORBI_3001G186500,0.936397
"13-Keto-9Z,11E-octadecadienoic acid",LIN,individual,1:16429033,1,16429033,5.742419e-09,SORBI_3001G186600,0.936397
"13-Keto-9Z,11E-octadecadienoic acid",LIN,individual,1:16429035,1,16429035,5.742419e-09,SORBI_3001G186500,0.936397
"13-Keto-9Z,11E-octadecadienoic acid",LIN,individual,1:16429035,1,16429035,5.742419e-09,SORBI_3001G186600,0.936397
"13-Keto-9Z,11E-octadecadienoic acid",LIN,individual,1:16429033,1,16429033,5.742419e-09,SORBI_3001G186500,0.936117
"13-Keto-9Z,11E-octadecadienoic acid",LIN,individual,1:16429035,1,16429035,5.742419e-09,SORBI_3001G186500,0.936117
"13-Keto-9Z,11E-octadecadienoic acid",LIN,individual,1:16429033,1,16429033,5.742419e-09,SORBI_3001G186401,0.93569
"13-Keto-9Z,11E-octadecadienoic acid",LIN,individual,1:16429035,1,16429035,5.742419e-09,SORBI_3001G186401,0.93569
"13-Keto-9Z,11E-octadecadienoic acid",LIN,individual,1:16429033,1,16429033,5.742419e-09,SORBI_3001G186850,0.934792
"13-Keto-9Z,11E-octadecadienoic acid",LIN,individual,1:16429035,1,16429035,5.742419e-09,SORBI_3001G186850,0.934792
"13-Keto-9Z,11E-octadecadienoic acid",LIN,individual,1:16429033,1,16429033,5.742419e-09,SORBI_3001G186600,0.932193
"13-Keto-9Z,11E-octadecadienoic acid",LIN,individual,1:16429035,1,16429035,5.742419e-09,SORBI_3001G186600,0.932193
"13-Keto-9Z,11E-octadecadienoic acid",LIN,individual,1:16429033,1,16429033,5.742419e-09,SORBI_3001G186600,0.93189
"13-Keto-9Z,11E-octadecadienoic acid",LIN,individual,1:16429035,1,16429035,5.742419e-09,SORBI_3001G186600,0.93189
"13-Keto-9Z,11E-octadecadienoic acid",LIN,individual,1:16429033,1,16429033,5.742419e-09,SORBI_3001G186600,0.931734
"13-Keto-9Z,11E-octadecadienoic acid",LIN,individual,1:16429035,1,16429035,5.742419e-09,SORBI_3001G186600,0.931734
"13-Keto-9Z,11E-octadecadienoic acid",LIN,individual,1:16429033,1,16429033,5.742419e-09,SORBI_3001G186800,0.931713
"13-Keto-9Z,11E-octadecadienoic acid",LIN,individual,1:16429035,1,16429035,5.742419e-09,SORBI_3001G186800,0.931713
"13-Keto-9Z,11E-octadecadienoic acid",LIN,individual,1:16429033,1,16429033,5.742419e-09,SORBI_3001G186401,0.931061
"13-Keto-9Z,11E-octadecadienoic acid",LIN,individual,1:16429035,1,16429035,5.742419e-09,SORBI_3001G186401,0.931061
"13-Keto-9Z,11E-octadecadienoic acid",LIN,individual,1:16429033,1,16429033,5.742419e-09,SORBI_3001G186850,0.929939
"13-Keto-9Z,11E-octadecadienoic acid",LIN,individual,1:16429035,1,16429035,5.742419e-09,SORBI_3001G186850,0.929939
"13-Keto-9Z,11E-octadecadienoic acid",LIN,individual,1:16429033,1,16429033,5.742419e-09,SORBI_3001G187400,0.929414
"13-Keto-9Z,11E-octadecadienoic acid",LIN,individual,1:16429035,1,16429035,5.742419e-09,SORBI_3001G187400,0.929414
"13-Keto-9Z,11E-octadecadienoic acid",LIN,individual,1:16429033,1,16429033,5.742419e-09,SORBI_3001G186800,0.92927
"13-Keto-9Z,11E-octadecadienoic acid",LIN,individual,1:16429035,1,16429035,5.742419e-09,SORBI_3001G186800,0.92927
"13-Keto-9Z,11E-octadecadienoic acid",LIN,individual,1:16429033,1,16429033,5.742419e-09,SORBI_3001G186600,0.928713
"13-Keto-9Z,11E-octadecadienoic acid",LIN,individual,1:16429035,1,16429035,5.742419e-09,SORBI_3001G186600,0.928713
"13-Keto-9Z,11E-octadecadienoic acid",LIN,individual,1:16429033,1,16429033,5.742419e-09,SORBI_3001G186850,0.92772
"13-Keto-9Z,11E-octadecadienoic acid",LIN,individual,1:16429035,1,16429035,5.742419e-09,SORBI_3001G186850,0.92772
"13-Keto-9Z,11E-octadecadienoic acid",LIN,individual,1:16429033,1,16429033,5.742419e-09,SORBI_3001G186925,0.927452
"13-Keto-9Z,11E-octadecadienoic acid",LIN,individual,1:16429035,1,16429035,5.742419e-09,SORBI_3001G186925,0.927452
"13-Keto-9Z,11E-octadecadienoic acid",LIN,individual,1:16429033,1,16429033,5.742419e-09,SORBI_3001G186850,0.925827
"13-Keto-9Z,11E-octadecadienoic acid",LIN,individual,1:16429035,1,16429035,5.742419e-09,SORBI_3001G186850,0.925827
"13-Keto-9Z,11E-octadecadienoic acid",LIN,individual,1:16429033,1,16429033,5.742419e-09,SORBI_3001G186850,0.92534
"13-Keto-9Z,11E-octadecadienoic acid",LIN,individual,1:16429035,1,16429035,5.742419e-09,SORBI_3001G186850,0.92534
"13-Keto-9Z,11E-octadecadienoic acid",LIN,individual,1:16429033,1,16429033,5.742419e-09,SORBI_3001G186600,0.925153
"13-Keto-9Z,11E-octadecadienoic acid",LIN,individual,1:16429035,1,16429035,5.742419e-09,SORBI_3001G186600,0.925153
"13-Keto-9Z,11E-octadecadienoic acid",LIN,individual,1:16429033,1,16429033,5.742419e-09,SORBI_3001G186600,0.924995
"13-Keto-9Z,11E-octadecadienoic acid",LIN,individual,1:16429035,1,16429035,5.742419e-09,SORBI_3001G186600,0.924995
"13-Keto-9Z,11E-octadecadienoic acid",LIN,individual,1:16429033,1,16429033,5.742419e-09,SORBI_3001G186600,0.924835
"13-Keto-9Z,11E-octadecadienoic acid",LIN,individual,1:16429035,1,16429035,5.742419e-09,SORBI_3001G186600,0.924835
"13-Keto-9Z,11E-octadecadienoic acid",LIN,individual,1:16429033,1,16429033,5.742419e-09,SORBI_3001G186600,0.924671
"13-Keto-9Z,11E-octadecadienoic acid",LIN,individual,1:16429035,1,16429035,5.742419e-09,SORBI_3001G186600,0.924671
"13-Keto-9Z,11E-octadecadienoic acid",LIN,individual,1:16429033,1,16429033,5.742419e-09,SORBI_3001G186600,0.924505
"13-Keto-9Z,11E-octadecadienoic acid",LIN,individual,1:16429035,1,16429035,5.742419e-09,SORBI_3001G186600,0.924505
"13-Keto-9Z,11E-octadecadienoic acid",LIN,individual,1:16429033,1,16429033,5.742419e-09,SORBI_3001G186600,0.924335
"13-Keto-9Z,11E-octadecadienoic acid",LIN,individual,1:16429035,1,16429035,5.742419e-09,SORBI_3001G186600,0.924335
"13-Keto-9Z,11E-octadecadienoic acid",LIN,individual,1:16429033,1,16429033,5.742419e-09,SORBI_3001G186600,0.924162
"13-Keto-9Z,11E-octadecadienoic acid",LIN,individual,1:16429035,1,16429035,5.742419e-09,SORBI_3001G186600,0.924162
"13-Keto-9Z,11E-octadecadienoic acid",LIN,individual,1:16429033,1,16429033,5.742419e-09,SORBI_3001G186600,0.923985
"13-Keto-9Z,11E-octadecadienoic acid",LIN,individual,1:16429035,1,16429035,5.742419e-09,SORBI_3001G186600,0.923985
"13-Keto-9Z,11E-octadecadienoic acid",LIN,individual,1:16429033,1,16429033,5.742419e-09,SORBI_3001G186600,0.92349
"13-Keto-9Z,11E-octadecadienoic acid",LIN,individual,1:16429035,1,16429035,5.742419e-09,SORBI_3001G186600,0.92349
"13-Keto-9Z,11E-octadecadienoic acid",LIN,individual,1:16429033,1,16429033,5.742419e-09,SORBI_3001G186600,0.923329
"13-Keto-9Z,11E-octadecadienoic acid",LIN,individual,1:16429035,1,16429035,5.742419e-09,SORBI_3001G186600,0.923329
"13-Keto-9Z,11E-octadecadienoic acid",LIN,individual,1:16429033,1,16429033,5.742419e-09,SORBI_3001G186600,0.923165
"13-Keto-9Z,11E-octadecadienoic acid",LIN,individual,1:16429035,1,16429035,5.742419e-09,SORBI_3001G186600,0.923165
"13-Keto-9Z,11E-octadecadienoic acid",LIN,individual,1:16429033,1,16429033,5.742419e-09,SORBI_3001G186401,0.923077
"13-Keto-9Z,11E-octadecadienoic acid",LIN,individual,1:16429035,1,16429035,5.742419e-09,SORBI_3001G186401,0.923077
"13-Keto-9Z,11E-octadecadienoic acid",LIN,individual,1:16429033,1,16429033,5.742419e-09,SORBI_3001G186800,0.921894
"13-Keto-9Z,11E-octadecadienoic acid",LIN,individual,1:16429035,1,16429035,5.742419e-09,SORBI_3001G186800,0.921894
"13-Keto-9Z,11E-octadecadienoic acid",LIN,individual,1:16429033,1,16429033,5.742419e-09,SORBI_3001G187500,0.920962
"13-Keto-9Z,11E-octadecadienoic acid",LIN,individual,1:16429035,1,16429035,5.742419e-09,SORBI_3001G187500,0.920962
"13-Keto-9Z,11E-octadecadienoic acid",LIN,individual,1:16429033,1,16429033,5.742419e-09,SORBI_3001G186600,0.920486
"13-Keto-9Z,11E-octadecadienoic acid",LIN,individual,1:16429035,1,16429035,5.742419e-09,SORBI_3001G186600,0.920486
"13-Keto-9Z,11E-octadecadienoic acid",LIN,individual,1:16429033,1,16429033,5.742419e-09,SORBI_3001G187500,0.920398
"13-Keto-9Z,11E-octadecadienoic acid",LIN,individual,1:16429035,1,16429035,5.742419e-09,SORBI_3001G187500,0.920398
"13-Keto-9Z,11E-octadecadienoic acid",LIN,individual,1:16429033,1,16429033,5.742419e-09,SORBI_3001G186600,0.919248
"13-Keto-9Z,11E-octadecadienoic acid",LIN,individual,1:16429035,1,16429035,5.742419e-09,SORBI_3001G186600,0.919248
"13-Keto-9Z,11E-octadecadienoic acid",LIN,individual,1:16429033,1,16429033,5.742419e-09,SORBI_3001G186500,0.918664
"13-Keto-9Z,11E-octadecadienoic acid",LIN,individual,1:16429035,1,16429035,5.742419e-09,SORBI_3001G186500,0.918664
"13-Keto-9Z,11E-octadecadienoic acid",LIN,individual,1:16429033,1,16429033,5.742419e-09,SORBI_3001G186500,0.918462
"13-Keto-9Z,11E-octadecadienoic acid",LIN,individual,1:16429035,1,16429035,5.742419e-09,SORBI_3001G186500,0.918462
"13-Keto-9Z,11E-octadecadienoic acid",LIN,individual,1:16429033,1,16429033,5.742419e-09,SORBI_3001G186600,0.917943
"13-Keto-9Z,11E-octadecadienoic acid",LIN,individual,1:16429035,1,16429035,5.742419e-09,SORBI_3001G186600,0.917943
"13-Keto-9Z,11E-octadecadienoic acid",LIN,individual,1:16429033,1,16429033,5.742419e-09,SORBI_3001G186600,0.916447
"13-Keto-9Z,11E-octadecadienoic acid",LIN,individual,1:16429035,1,16429035,5.742419e-09,SORBI_3001G186600,0.916447
"13-Keto-9Z,11E-octadecadienoic acid",LIN,individual,1:16429033,1,16429033,5.742419e-09,SORBI_3001G186600,0.916099
"13-Keto-9Z,11E-octadecadienoic acid",LIN,individual,1:16429035,1,16429035,5.742419e-09,SORBI_3001G186600,0.916099
"13-Keto-9Z,11E-octadecadienoic acid",LIN,individual,1:16429033,1,16429033,5.742419e-09,SORBI_3001G186600,0.915919
"13-Keto-9Z,11E-octadecadienoic acid",LIN,individual,1:16429035,1,16429035,5.742419e-09,SORBI_3001G186600,0.915919
"13-Keto-9Z,11E-octadecadienoic acid",LIN,individual,1:16429033,1,16429033,5.742419e-09,SORBI_3001G186600,0.915737
"13-Keto-9Z,11E-octadecadienoic acid",LIN,individual,1:16429035,1,16429035,5.742419e-09,SORBI_3001G186600,0.915737
"13-Keto-9Z,11E-octadecadienoic acid",LIN,individual,1:16429033,1,16429033,5.742419e-09,SORBI_3001G186850,0.915598
"13-Keto-9Z,11E-octadecadienoic acid",LIN,individual,1:16429035,1,16429035,5.742419e-09,SORBI_3001G186850,0.915598
"13-Keto-9Z,11E-octadecadienoic acid",LIN,individual,1:16429033,1,16429033,5.742419e-09,SORBI_3001G186925,0.915568
"13-Keto-9Z,11E-octadecadienoic acid",LIN,individual,1:16429035,1,16429035,5.742419e-09,SORBI_3001G186925,0.915568
"13-Keto-9Z,11E-octadecadienoic acid",LIN,individual,1:16429033,1,16429033,5.742419e-09,SORBI_3001G186600,0.915551
"13-Keto-9Z,11E-octadecadienoic acid",LIN,individual,1:16429035,1,16429035,5.742419e-09,SORBI_3001G186600,0.915551
"13-Keto-9Z,11E-octadecadienoic acid",LIN,individual,1:16429033,1,16429033,5.742419e-09,SORBI_3001G186600,0.915361
"13-Keto-9Z,11E-octadecadienoic acid",LIN,individual,1:16429035,1,16429035,5.742419e-09,SORBI_3001G186600,0.915361
"13-Keto-9Z,11E-octadecadienoic acid",LIN,individual,1:16429033,1,16429033,5.742419e-09,SORBI_3001G186600,0.91497
"13-Keto-9Z,11E-octadecadienoic acid",LIN,individual,1:16429035,1,16429035,5.742419e-09,SORBI_3001G186600,0.91497
"13-Keto-9Z,11E-octadecadienoic acid",LIN,individual,1:16429033,1,16429033,5.742419e-09,SORBI_3001G187400,0.912832
"13-Keto-9Z,11E-octadecadienoic acid",LIN,individual,1:16429035,1,16429035,5.742419e-09,SORBI_3001G187400,0.912832
"13-Keto-9Z,11E-octadecadienoic acid",LIN,individual,1:16429033,1,16429033,5.742419e-09,SORBI_3001G186600,0.912608
"13-Keto-9Z,11E-octadecadienoic acid",LIN,individual,1:16429035,1,16429035,5.742419e-09,SORBI_3001G186600,0.912608
"13-Keto-9Z,11E-octadecadienoic acid",LIN,individual,1:16429033,1,16429033,5.742419e-09,SORBI_3001G186600,0.912422
"13-Keto-9Z,11E-octadecadienoic acid",LIN,individual,1:16429035,1,16429035,5.742419e-09,SORBI_3001G186600,0.912422
"13-Keto-9Z,11E-octadecadienoic acid",LIN,individual,1:16429033,1,16429033,5.742419e-09,SORBI_3001G186600,0.912232
"13-Keto-9Z,11E-octadecadienoic acid",LIN,individual,1:16429035,1,16429035,5.742419e-09,SORBI_3001G186600,0.912232
"13-Keto-9Z,11E-octadecadienoic acid",LIN,individual,1:16429033,1,16429033,5.742419e-09,SORBI_3001G186600,0.912038
"13-Keto-9Z,11E-octadecadienoic acid",LIN,individual,1:16429035,1,16429035,5.742419e-09,SORBI_3001G186600,0.912038
"13-Keto-9Z,11E-octadecadienoic acid",LIN,individual,1:16429033,1,16429033,5.742419e-09,SORBI_3001G186600,0.91184
"13-Keto-9Z,11E-octadecadienoic acid",LIN,individual,1:16429035,1,16429035,5.742419e-09,SORBI_3001G186600,0.91184
"13-Keto-9Z,11E-octadecadienoic acid",LIN,individual,1:16429033,1,16429033,5.742419e-09,SORBI_3001G186600,0.911639
"13-Keto-9Z,11E-octadecadienoic acid",LIN,individual,1:16429035,1,16429035,5.742419e-09,SORBI_3001G186600,0.911639
"13-Keto-9Z,11E-octadecadienoic acid",LIN,individual,1:16429033,1,16429033,5.742419e-09,SORBI_3001G186600,0.911434
"13-Keto-9Z,11E-octadecadienoic acid",LIN,individual,1:16429035,1,16429035,5.742419e-09,SORBI_3001G186600,0.911434
"13-Keto-9Z,11E-octadecadienoic acid",LIN,individual,1:16429033,1,16429033,5.742419e-09,SORBI_3001G186800,0.909804
"13-Keto-9Z,11E-octadecadienoic acid",LIN,individual,1:16429035,1,16429035,5.742419e-09,SORBI_3001G186800,0.909804
"13-Keto-9Z,11E-octadecadienoic acid",LIN,individual,1:16429033,1,16429033,5.742419e-09,SORBI_3001G186600,0.906974
"13-Keto-9Z,11E-octadecadienoic acid",LIN,individual,1:16429035,1,16429035,5.742419e-09,SORBI_3001G186600,0.906974
"13-Keto-9Z,11E-octadecadienoic acid",LIN,individual,1:16429033,1,16429033,5.742419e-09,SORBI_3001G186850,0.90638
"13-Keto-9Z,11E-octadecadienoic acid",LIN,individual,1:16429035,1,16429035,5.742419e-09,SORBI_3001G186850,0.90638
"13-Keto-9Z,11E-octadecadienoic acid",LIN,individual,1:16429033,1,16429033,5.742419e-09,SORBI_3001G186850,0.90633
"13-Keto-9Z,11E-octadecadienoic acid",LIN,individual,1:16429035,1,16429035,5.742419e-09,SORBI_3001G186850,0.90633
"13-Keto-9Z,11E-octadecadienoic acid",LIN,individual,1:16429033,1,16429033,5.742419e-09,SORBI_3001G186401,0.904999
"13-Keto-9Z,11E-octadecadienoic acid",LIN,individual,1:16429035,1,16429035,5.742419e-09,SORBI_3001G186401,0.904999
"13-Keto-9Z,11E-octadecadienoic acid",LIN,individual,1:16429033,1,16429033,5.742419e-09,SORBI_3001G186500,0.904326
"13-Keto-9Z,11E-octadecadienoic acid",LIN,individual,1:16429035,1,16429035,5.742419e-09,SORBI_3001G186500,0.904326
"13-Keto-9Z,11E-octadecadienoic acid",LIN,individual,1:16429033,1,16429033,5.742419e-09,SORBI_3001G186600,0.904152
"13-Keto-9Z,11E-octadecadienoic acid",LIN,individual,1:16429035,1,16429035,5.742419e-09,SORBI_3001G186600,0.904152
"13-Keto-9Z,11E-octadecadienoic acid",LIN,individual,1:16429033,1,16429033,5.742419e-09,SORBI_3001G186600,0.903956
"13-Keto-9Z,11E-octadecadienoic acid",LIN,individual,1:16429035,1,16429035,5.742419e-09,SORBI_3001G186600,0.903956
"13-Keto-9Z,11E-octadecadienoic acid",LIN,individual,1:16429033,1,16429033,5.742419e-09,SORBI_3001G186600,0.903555
"13-Keto-9Z,11E-octadecadienoic acid",LIN,individual,1:16429035,1,16429035,5.742419e-09,SORBI_3001G186600,0.903555
"13-Keto-9Z,11E-octadecadienoic acid",LIN,individual,1:16429033,1,16429033,5.742419e-09,SORBI_3001G186600,0.903349
"13-Keto-9Z,11E-octadecadienoic acid",LIN,individual,1:16429035,1,16429035,5.742419e-09,SORBI_3001G186600,0.903349
"13-Keto-9Z,11E-octadecadienoic acid",LIN,individual,1:16429033,1,16429033,5.742419e-09,SORBI_3001G187300,0.903301
"13-Keto-9Z,11E-octadecadienoic acid",LIN,individual,1:16429035,1,16429035,5.742419e-09,SORBI_3001G187300,0.903301
"13-Keto-9Z,11E-octadecadienoic acid",LIN,individual,1:16429033,1,16429033,5.742419e-09,SORBI_3001G186600,0.902706
"13-Keto-9Z,11E-octadecadienoic acid",LIN,individual,1:16429035,1,16429035,5.742419e-09,SORBI_3001G186600,0.902706
"13-Keto-9Z,11E-octadecadienoic acid",LIN,individual,1:16429033,1,16429033,5.742419e-09,SORBI_3001G186600,0.901435
"13-Keto-9Z,11E-octadecadienoic acid",LIN,individual,1:16429035,1,16429035,5.742419e-09,SORBI_3001G186600,0.901435
"13-Keto-9Z,11E-octadecadienoic acid",LIN,individual,1:16429033,1,16429033,5.742419e-09,SORBI_3001G186850,0.901401
"13-Keto-9Z,11E-octadecadienoic acid",LIN,individual,1:16429035,1,16429035,5.742419e-09,SORBI_3001G186850,0.901401
"13-Keto-9Z,11E-octadecadienoic acid",LIN,individual,1:16429033,1,16429033,5.742419e-09,SORBI_3001G186600,0.899724
"13-Keto-9Z,11E-octadecadienoic acid",LIN,individual,1:16429035,1,16429035,5.742419e-09,SORBI_3001G186600,0.899724
"13-Keto-9Z,11E-octadecadienoic acid",LIN,individual,1:16429033,1,16429033,5.742419e-09,SORBI_3001G186600,0.899499
"13-Keto-9Z,11E-octadecadienoic acid",LIN,individual,1:16429035,1,16429035,5.742419e-09,SORBI_3001G186600,0.899499
"13-Keto-9Z,11E-octadecadienoic acid",LIN,individual,1:16429033,1,16429033,5.742419e-09,SORBI_3001G186401,0.898959
"13-Keto-9Z,11E-octadecadienoic acid",LIN,individual,1:16429035,1,16429035,5.742419e-09,SORBI_3001G186401,0.898959
"13-Keto-9Z,11E-octadecadienoic acid",LIN,individual,1:16429033,1,16429033,5.742419e-09,SORBI_3001G186600,0.8988
"13-Keto-9Z,11E-octadecadienoic acid",LIN,individual,1:16429035,1,16429035,5.742419e-09,SORBI_3001G186600,0.8988
"13-Keto-9Z,11E-octadecadienoic acid",LIN,individual,1:16429033,1,16429033,5.742419e-09,SORBI_3001G187500,0.898173
"13-Keto-9Z,11E-octadecadienoic acid",LIN,individual,1:16429035,1,16429035,5.742419e-09,SORBI_3001G187500,0.898173
"13-Keto-9Z,11E-octadecadienoic acid",LIN,individual,1:16429033,1,16429033,5.742419e-09,SORBI_3001G187200,0.896938
"13-Keto-9Z,11E-octadecadienoic acid",LIN,individual,1:16429035,1,16429035,5.742419e-09,SORBI_3001G187200,0.896938
"13-Keto-9Z,11E-octadecadienoic acid",LIN,individual,1:16429033,1,16429033,5.742419e-09,SORBI_3001G187800,0.895496
"13-Keto-9Z,11E-octadecadienoic acid",LIN,individual,1:16429035,1,16429035,5.742419e-09,SORBI_3001G187800,0.895496
"13-Keto-9Z,11E-octadecadienoic acid",LIN,individual,1:16429033,1,16429033,5.742419e-09,SORBI_3001G186600,0.895447
"13-Keto-9Z,11E-octadecadienoic acid",LIN,individual,1:16429035,1,16429035,5.742419e-09,SORBI_3001G186600,0.895447
"13-Keto-9Z,11E-octadecadienoic acid",LIN,individual,1:16429033,1,16429033,5.742419e-09,SORBI_3001G187800,0.895234
"13-Keto-9Z,11E-octadecadienoic acid",LIN,individual,1:16429035,1,16429035,5.742419e-09,SORBI_3001G187800,0.895234
"13-Keto-9Z,11E-octadecadienoic acid",LIN,individual,1:16429033,1,16429033,5.742419e-09,SORBI_3001G186600,0.894956
"13-Keto-9Z,11E-octadecadienoic acid",LIN,individual,1:16429035,1,16429035,5.742419e-09,SORBI_3001G186600,0.894956
"13-Keto-9Z,11E-octadecadienoic acid",LIN,individual,1:16429033,1,16429033,5.742419e-09,SORBI_3001G186500,0.893383
"13-Keto-9Z,11E-octadecadienoic acid",LIN,individual,1:16429035,1,16429035,5.742419e-09,SORBI_3001G186500,0.893383
"13-Keto-9Z,11E-octadecadienoic acid",LIN,individual,1:16429033,1,16429033,5.742419e-09,SORBI_3001G187500,0.892785
"13-Keto-9Z,11E-octadecadienoic acid",LIN,individual,1:16429035,1,16429035,5.742419e-09,SORBI_3001G187500,0.892785
"13-Keto-9Z,11E-octadecadienoic acid",LIN,individual,1:16429033,1,16429033,5.742419e-09,SORBI_3001G186600,0.891621
"13-Keto-9Z,11E-octadecadienoic acid",LIN,individual,1:16429035,1,16429035,5.742419e-09,SORBI_3001G186600,0.891621
"13-Keto-9Z,11E-octadecadienoic acid",LIN,individual,1:16429033,1,16429033,5.742419e-09,SORBI_3001G186600,0.891414
"13-Keto-9Z,11E-octadecadienoic acid",LIN,individual,1:16429035,1,16429035,5.742419e-09,SORBI_3001G186600,0.891414
"13-Keto-9Z,11E-octadecadienoic acid",LIN,individual,1:16429033,1,16429033,5.742419e-09,SORBI_3001G186925,0.891284
"13-Keto-9Z,11E-octadecadienoic acid",LIN,individual,1:16429035,1,16429035,5.742419e-09,SORBI_3001G186925,0.891284
"13-Keto-9Z,11E-octadecadienoic acid",LIN,individual,1:16429033,1,16429033,5.742419e-09,SORBI_3001G186600,0.890988
"13-Keto-9Z,11E-octadecadienoic acid",LIN,individual,1:16429035,1,16429035,5.742419e-09,SORBI_3001G186600,0.890988
"13-Keto-9Z,11E-octadecadienoic acid",LIN,individual,1:16429033,1,16429033,5.742419e-09,SORBI_3001G186600,0.890769
"13-Keto-9Z,11E-octadecadienoic acid",LIN,individual,1:16429035,1,16429035,5.742419e-09,SORBI_3001G186600,0.890769
"13-Keto-9Z,11E-octadecadienoic acid",LIN,individual,1:16429033,1,16429033,5.742419e-09,SORBI_3001G186600,0.890547
"13-Keto-9Z,11E-octadecadienoic acid",LIN,individual,1:16429035,1,16429035,5.742419e-09,SORBI_3001G186600,0.890547
"13-Keto-9Z,11E-octadecadienoic acid",LIN,individual,1:16429033,1,16429033,5.742419e-09,SORBI_3001G186600,0.89032
"13-Keto-9Z,11E-octadecadienoic acid",LIN,individual,1:16429035,1,16429035,5.742419e-09,SORBI_3001G186600,0.89032
"13-Keto-9Z,11E-octadecadienoic acid",LIN,individual,1:16429033,1,16429033,5.742419e-09,SORBI_3001G186600,0.89009
"13-Keto-9Z,11E-octadecadienoic acid",LIN,individual,1:16429035,1,16429035,5.742419e-09,SORBI_3001G186600,0.89009
"13-Keto-9Z,11E-octadecadienoic acid",LIN,individual,1:16429033,1,16429033,5.742419e-09,SORBI_3001G186600,0.889854
"13-Keto-9Z,11E-octadecadienoic acid",LIN,individual,1:16429035,1,16429035,5.742419e-09,SORBI_3001G186600,0.889854
"13-Keto-9Z,11E-octadecadienoic acid",LIN,individual,1:16429033,1,16429033,5.742419e-09,SORBI_3001G186600,0.889615
"13-Keto-9Z,11E-octadecadienoic acid",LIN,individual,1:16429035,1,16429035,5.742419e-09,SORBI_3001G186600,0.889615
"13-Keto-9Z,11E-octadecadienoic acid",LIN,individual,1:16429033,1,16429033,5.742419e-09,SORBI_3001G186600,0.889371
"13-Keto-9Z,11E-octadecadienoic acid",LIN,individual,1:16429035,1,16429035,5.742419e-09,SORBI_3001G186600,0.889371
"13-Keto-9Z,11E-octadecadienoic acid",LIN,individual,1:16429033,1,16429033,5.742419e-09,SORBI_3001G186600,0.889122
"13-Keto-9Z,11E-octadecadienoic acid",LIN,individual,1:16429035,1,16429035,5.742419e-09,SORBI_3001G186600,0.889122
"13-Keto-9Z,11E-octadecadienoic acid",LIN,individual,1:16429033,1,16429033,5.742419e-09,SORBI_3001G186600,0.886979
"13-Keto-9Z,11E-octadecadienoic acid",LIN,individual,1:16429035,1,16429035,5.742419e-09,SORBI_3001G186600,0.886979
"13-Keto-9Z,11E-octadecadienoic acid",LIN,individual,1:16429033,1,16429033,5.742419e-09,SORBI_3001G186600,0.88672
"13-Keto-9Z,11E-octadecadienoic acid",LIN,individual,1:16429035,1,16429035,5.742419e-09,SORBI_3001G186600,0.88672
"13-Keto-9Z,11E-octadecadienoic acid",LIN,individual,1:16429033,1,16429033,5.742419e-09,SORBI_3001G186925,0.884048
"13-Keto-9Z,11E-octadecadienoic acid",LIN,individual,1:16429035,1,16429035,5.742419e-09,SORBI_3001G186925,0.884048
"13-Keto-9Z,11E-octadecadienoic acid",LIN,individual,1:16429033,1,16429033,5.742419e-09,SORBI_3001G186600,0.883495
"13-Keto-9Z,11E-octadecadienoic acid",LIN,individual,1:16429035,1,16429035,5.742419e-09,SORBI_3001G186600,0.883495
"13-Keto-9Z,11E-octadecadienoic acid",LIN,individual,1:16429033,1,16429033,5.742419e-09,SORBI_3001G186600,0.883238
"13-Keto-9Z,11E-octadecadienoic acid",LIN,individual,1:16429035,1,16429035,5.742419e-09,SORBI_3001G186600,0.883238
"13-Keto-9Z,11E-octadecadienoic acid",LIN,individual,1:16429033,1,16429033,5.742419e-09,SORBI_3001G186500,0.88314
"13-Keto-9Z,11E-octadecadienoic acid",LIN,individual,1:16429035,1,16429035,5.742419e-09,SORBI_3001G186500,0.88314
"13-Keto-9Z,11E-octadecadienoic acid",LIN,individual,1:16429033,1,16429033,5.742419e-09,SORBI_3001G186600,0.882708
"13-Keto-9Z,11E-octadecadienoic acid",LIN,individual,1:16429035,1,16429035,5.742419e-09,SORBI_3001G186600,0.882708
"13-Keto-9Z,11E-octadecadienoic acid",LIN,individual,1:16429033,1,16429033,5.742419e-09,SORBI_3001G186600,0.882435
"13-Keto-9Z,11E-octadecadienoic acid",LIN,individual,1:16429035,1,16429035,5.742419e-09,SORBI_3001G186600,0.882435
"13-Keto-9Z,11E-octadecadienoic acid",LIN,individual,1:16429033,1,16429033,5.742419e-09,SORBI_3001G187400,0.88179
"13-Keto-9Z,11E-octadecadienoic acid",LIN,individual,1:16429035,1,16429035,5.742419e-09,SORBI_3001G187400,0.88179
"13-Keto-9Z,11E-octadecadienoic acid",LIN,individual,1:16429033,1,16429033,5.742419e-09,SORBI_3001G186600,0.881693
"13-Keto-9Z,11E-octadecadienoic acid",LIN,individual,1:16429035,1,16429035,5.742419e-09,SORBI_3001G186600,0.881693
"13-Keto-9Z,11E-octadecadienoic acid",LIN,individual,1:16429033,1,16429033,5.742419e-09,SORBI_3001G186600,0.88144
"13-Keto-9Z,11E-octadecadienoic acid",LIN,individual,1:16429035,1,16429035,5.742419e-09,SORBI_3001G186600,0.88144
"13-Keto-9Z,11E-octadecadienoic acid",LIN,individual,1:16429033,1,16429033,5.742419e-09,SORBI_3001G186600,0.881182
"13-Keto-9Z,11E-octadecadienoic acid",LIN,individual,1:16429035,1,16429035,5.742419e-09,SORBI_3001G186600,0.881182
"13-Keto-9Z,11E-octadecadienoic acid",LIN,individual,1:16429033,1,16429033,5.742419e-09,SORBI_3001G186500,0.8806
"13-Keto-9Z,11E-octadecadienoic acid",LIN,individual,1:16429035,1,16429035,5.742419e-09,SORBI_3001G186500,0.8806
"13-Keto-9Z,11E-octadecadienoic acid",LIN,individual,1:16429033,1,16429033,5.742419e-09,SORBI_3001G186600,0.878544
"13-Keto-9Z,11E-octadecadienoic acid",LIN,individual,1:16429035,1,16429035,5.742419e-09,SORBI_3001G186600,0.878544
"13-Keto-9Z,11E-octadecadienoic acid",LIN,individual,1:16429033,1,16429033,5.742419e-09,SORBI_3001G186600,0.877813
"13-Keto-9Z,11E-octadecadienoic acid",LIN,individual,1:16429035,1,16429035,5.742419e-09,SORBI_3001G186600,0.877813
"13-Keto-9Z,11E-octadecadienoic acid",LIN,individual,1:16429033,1,16429033,5.742419e-09,SORBI_3001G187800,0.877705
"13-Keto-9Z,11E-octadecadienoic acid",LIN,individual,1:16429035,1,16429035,5.742419e-09,SORBI_3001G187800,0.877705
"13-Keto-9Z,11E-octadecadienoic acid",LIN,individual,1:16429033,1,16429033,5.742419e-09,SORBI_3001G186600,0.87756
"13-Keto-9Z,11E-octadecadienoic acid",LIN,individual,1:16429035,1,16429035,5.742419e-09,SORBI_3001G186600,0.87756
"13-Keto-9Z,11E-octadecadienoic acid",LIN,individual,1:16429033,1,16429033,5.742419e-09,SORBI_3001G187400,0.877411
"13-Keto-9Z,11E-octadecadienoic acid",LIN,individual,1:16429035,1,16429035,5.742419e-09,SORBI_3001G187400,0.877411
"13-Keto-9Z,11E-octadecadienoic acid",LIN,individual,1:16429033,1,16429033,5.742419e-09,SORBI_3001G186600,0.877041
"13-Keto-9Z,11E-octadecadienoic acid",LIN,individual,1:16429035,1,16429035,5.742419e-09,SORBI_3001G186600,0.877041
"13-Keto-9Z,11E-octadecadienoic acid",LIN,individual,1:16429033,1,16429033,5.742419e-09,SORBI_3001G186600,0.876774
"13-Keto-9Z,11E-octadecadienoic acid",LIN,individual,1:16429035,1,16429035,5.742419e-09,SORBI_3001G186600,0.876774
"13-Keto-9Z,11E-octadecadienoic acid",LIN,individual,1:16429033,1,16429033,5.742419e-09,SORBI_3001G186600,0.876501
"13-Keto-9Z,11E-octadecadienoic acid",LIN,individual,1:16429035,1,16429035,5.742419e-09,SORBI_3001G186600,0.876501
"13-Keto-9Z,11E-octadecadienoic acid",LIN,individual,1:16429033,1,16429033,5.742419e-09,SORBI_3001G186600,0.876224
"13-Keto-9Z,11E-octadecadienoic acid",LIN,individual,1:16429035,1,16429035,5.742419e-09,SORBI_3001G186600,0.876224
"13-Keto-9Z,11E-octadecadienoic acid",LIN,individual,1:16429033,1,16429033,5.742419e-09,SORBI_3001G186600,0.875941
"13-Keto-9Z,11E-octadecadienoic acid",LIN,individual,1:16429035,1,16429035,5.742419e-09,SORBI_3001G186600,0.875941
"13-Keto-9Z,11E-octadecadienoic acid",LIN,individual,1:16429033,1,16429033,5.742419e-09,SORBI_3001G186600,0.875653
"13-Keto-9Z,11E-octadecadienoic acid",LIN,individual,1:16429035,1,16429035,5.742419e-09,SORBI_3001G186600,0.875653
"13-Keto-9Z,11E-octadecadienoic acid",LIN,individual,1:16429033,1,16429033,5.742419e-09,SORBI_3001G186600,0.874117
"13-Keto-9Z,11E-octadecadienoic acid",LIN,individual,1:16429035,1,16429035,5.742419e-09,SORBI_3001G186600,0.874117
"13-Keto-9Z,11E-octadecadienoic acid",LIN,individual,1:16429033,1,16429033,5.742419e-09,SORBI_3001G186850,0.873789
"13-Keto-9Z,11E-octadecadienoic acid",LIN,individual,1:16429035,1,16429035,5.742419e-09,SORBI_3001G186850,0.873789
"13-Keto-9Z,11E-octadecadienoic acid",LIN,individual,1:16429033,1,16429033,5.742419e-09,SORBI_3001G186600,0.873536
"13-Keto-9Z,11E-octadecadienoic acid",LIN,individual,1:16429035,1,16429035,5.742419e-09,SORBI_3001G186600,0.873536
"13-Keto-9Z,11E-octadecadienoic acid",LIN,individual,1:16429033,1,16429033,5.742419e-09,SORBI_3001G186925,0.872763
"13-Keto-9Z,11E-octadecadienoic acid",LIN,individual,1:16429035,1,16429035,5.742419e-09,SORBI_3001G186925,0.872763
"13-Keto-9Z,11E-octadecadienoic acid",LIN,individual,1:16429033,1,16429033,5.742419e-09,SORBI_3001G186850,0.871614
"13-Keto-9Z,11E-octadecadienoic acid",LIN,individual,1:16429035,1,16429035,5.742419e-09,SORBI_3001G186850,0.871614
"13-Keto-9Z,11E-octadecadienoic acid",LIN,individual,1:16429033,1,16429033,5.742419e-09,SORBI_3001G186600,0.868485
"13-Keto-9Z,11E-octadecadienoic acid",LIN,individual,1:16429035,1,16429035,5.742419e-09,SORBI_3001G186600,0.868485
"13-Keto-9Z,11E-octadecadienoic acid",LIN,individual,1:16429033,1,16429033,5.742419e-09,SORBI_3001G186850,0.867966
"13-Keto-9Z,11E-octadecadienoic acid",LIN,individual,1:16429035,1,16429035,5.742419e-09,SORBI_3001G186850,0.867966
"13-Keto-9Z,11E-octadecadienoic acid",LIN,individual,1:16429033,1,16429033,5.742419e-09,SORBI_3001G186850,0.867231
"13-Keto-9Z,11E-octadecadienoic acid",LIN,individual,1:16429035,1,16429035,5.742419e-09,SORBI_3001G186850,0.867231
"13-Keto-9Z,11E-octadecadienoic acid",LIN,individual,1:16429033,1,16429033,5.742419e-09,SORBI_3001G187800,0.866895
"13-Keto-9Z,11E-octadecadienoic acid",LIN,individual,1:16429035,1,16429035,5.742419e-09,SORBI_3001G187800,0.866895
"13-Keto-9Z,11E-octadecadienoic acid",LIN,individual,1:16429033,1,16429033,5.742419e-09,SORBI_3001G186850,0.865313
"13-Keto-9Z,11E-octadecadienoic acid",LIN,individual,1:16429035,1,16429035,5.742419e-09,SORBI_3001G186850,0.865313
"13-Keto-9Z,11E-octadecadienoic acid",LIN,individual,1:16429033,1,16429033,5.742419e-09,SORBI_3001G186600,0.864932
"13-Keto-9Z,11E-octadecadienoic acid",LIN,individual,1:16429035,1,16429035,5.742419e-09,SORBI_3001G186600,0.864932
"13-Keto-9Z,11E-octadecadienoic acid",LIN,individual,1:16429033,1,16429033,5.742419e-09,SORBI_3001G186600,0.863768
"13-Keto-9Z,11E-octadecadienoic acid",LIN,individual,1:16429035,1,16429035,5.742419e-09,SORBI_3001G186600,0.863768
"13-Keto-9Z,11E-octadecadienoic acid",LIN,individual,1:16429033,1,16429033,5.742419e-09,SORBI_3001G186600,0.863463
"13-Keto-9Z,11E-octadecadienoic acid",LIN,individual,1:16429035,1,16429035,5.742419e-09,SORBI_3001G186600,0.863463
"13-Keto-9Z,11E-octadecadienoic acid",LIN,individual,1:16429033,1,16429033,5.742419e-09,SORBI_3001G186600,0.863152
"13-Keto-9Z,11E-octadecadienoic acid",LIN,individual,1:16429035,1,16429035,5.742419e-09,SORBI_3001G186600,0.863152
"13-Keto-9Z,11E-octadecadienoic acid",LIN,individual,1:16429033,1,16429033,5.742419e-09,SORBI_3001G186600,0.863032
"13-Keto-9Z,11E-octadecadienoic acid",LIN,individual,1:16429035,1,16429035,5.742419e-09,SORBI_3001G186600,0.863032
"13-Keto-9Z,11E-octadecadienoic acid",LIN,individual,1:16429033,1,16429033,5.742419e-09,SORBI_3001G186600,0.862744
"13-Keto-9Z,11E-octadecadienoic acid",LIN,individual,1:16429035,1,16429035,5.742419e-09,SORBI_3001G186600,0.862744
"13-Keto-9Z,11E-octadecadienoic acid",LIN,individual,1:16429033,1,16429033,5.742419e-09,SORBI_3001G187300,0.862089
"13-Keto-9Z,11E-octadecadienoic acid",LIN,individual,1:16429035,1,16429035,5.742419e-09,SORBI_3001G187300,0.862089
"13-Keto-9Z,11E-octadecadienoic acid",LIN,individual,1:16429033,1,16429033,5.742419e-09,SORBI_3001G186600,0.861846
"13-Keto-9Z,11E-octadecadienoic acid",LIN,individual,1:16429035,1,16429035,5.742419e-09,SORBI_3001G186600,0.861846
"13-Keto-9Z,11E-octadecadienoic acid",LIN,individual,1:16429033,1,16429033,5.742419e-09,SORBI_3001G186850,0.859991
"13-Keto-9Z,11E-octadecadienoic acid",LIN,individual,1:16429035,1,16429035,5.742419e-09,SORBI_3001G186850,0.859991
"13-Keto-9Z,11E-octadecadienoic acid",LIN,individual,1:16429033,1,16429033,5.742419e-09,SORBI_3001G186600,0.859114
"13-Keto-9Z,11E-octadecadienoic acid",LIN,individual,1:16429035,1,16429035,5.742419e-09,SORBI_3001G186600,0.859114
"13-Keto-9Z,11E-octadecadienoic acid",LIN,individual,1:16429033,1,16429033,5.742419e-09,SORBI_3001G186600,0.858978
"13-Keto-9Z,11E-octadecadienoic acid",LIN,individual,1:16429035,1,16429035,5.742419e-09,SORBI_3001G186600,0.858978
"13-Keto-9Z,11E-octadecadienoic acid",LIN,individual,1:16429033,1,16429033,5.742419e-09,SORBI_3001G186600,0.85857
"13-Keto-9Z,11E-octadecadienoic acid",LIN,individual,1:16429035,1,16429035,5.742419e-09,SORBI_3001G186600,0.85857
"13-Keto-9Z,11E-octadecadienoic acid",LIN,individual,1:16429033,1,16429033,5.742419e-09,SORBI_3001G186600,0.858007
"13-Keto-9Z,11E-octadecadienoic acid",LIN,individual,1:16429035,1,16429035,5.742419e-09,SORBI_3001G186600,0.858007
"13-Keto-9Z,11E-octadecadienoic acid",LIN,individual,1:16429033,1,16429033,5.742419e-09,SORBI_3001G186600,0.857718
"13-Keto-9Z,11E-octadecadienoic acid",LIN,individual,1:16429035,1,16429035,5.742419e-09,SORBI_3001G186600,0.857718
"13-Keto-9Z,11E-octadecadienoic acid",LIN,individual,1:16429033,1,16429033,5.742419e-09,SORBI_3001G186600,0.857423
"13-Keto-9Z,11E-octadecadienoic acid",LIN,individual,1:16429035,1,16429035,5.742419e-09,SORBI_3001G186600,0.857423
"13-Keto-9Z,11E-octadecadienoic acid",LIN,individual,1:16429033,1,16429033,5.742419e-09,SORBI_3001G186600,0.857123
"13-Keto-9Z,11E-octadecadienoic acid",LIN,individual,1:16429035,1,16429035,5.742419e-09,SORBI_3001G186600,0.857123
"13-Keto-9Z,11E-octadecadienoic acid",LIN,individual,1:16429033,1,16429033,5.742419e-09,SORBI_3001G186600,0.856818
"13-Keto-9Z,11E-octadecadienoic acid",LIN,individual,1:16429035,1,16429035,5.742419e-09,SORBI_3001G186600,0.856818
"13-Keto-9Z,11E-octadecadienoic acid",LIN,individual,1:16429033,1,16429033,5.742419e-09,SORBI_3001G186600,0.856506
"13-Keto-9Z,11E-octadecadienoic acid",LIN,individual,1:16429035,1,16429035,5.742419e-09,SORBI_3001G186600,0.856506
"13-Keto-9Z,11E-octadecadienoic acid",LIN,individual,1:16429033,1,16429033,5.742419e-09,SORBI_3001G186600,0.856189
"13-Keto-9Z,11E-octadecadienoic acid",LIN,individual,1:16429035,1,16429035,5.742419e-09,SORBI_3001G186600,0.856189
"13-Keto-9Z,11E-octadecadienoic acid",LIN,individual,1:16429033,1,16429033,5.742419e-09,SORBI_3001G186600,0.855865
"13-Keto-9Z,11E-octadecadienoic acid",LIN,individual,1:16429035,1,16429035,5.742419e-09,SORBI_3001G186600,0.855865
"13-Keto-9Z,11E-octadecadienoic acid",LIN,individual,1:16429033,1,16429033,5.742419e-09,SORBI_3001G186600,0.855536
"13-Keto-9Z,11E-octadecadienoic acid",LIN,individual,1:16429035,1,16429035,5.742419e-09,SORBI_3001G186600,0.855536
"13-Keto-9Z,11E-octadecadienoic acid",LIN,individual,1:16429033,1,16429033,5.742419e-09,SORBI_3001G186600,0.851817
"13-Keto-9Z,11E-octadecadienoic acid",LIN,individual,1:16429035,1,16429035,5.742419e-09,SORBI_3001G186600,0.851817
"13-Keto-9Z,11E-octadecadienoic acid",LIN,individual,1:16429033,1,16429033,5.742419e-09,SORBI_3001G187000,0.851318
"13-Keto-9Z,11E-octadecadienoic acid",LIN,individual,1:16429035,1,16429035,5.742419e-09,SORBI_3001G187000,0.851318
"13-Keto-9Z,11E-octadecadienoic acid",LIN,individual,1:16429033,1,16429033,5.742419e-09,SORBI_3001G186600,0.850401
"13-Keto-9Z,11E-octadecadienoic acid",LIN,individual,1:16429035,1,16429035,5.742419e-09,SORBI_3001G186600,0.850401
"13-Keto-9Z,11E-octadecadienoic acid",LIN,individual,1:16429033,1,16429033,5.742419e-09,SORBI_3001G186600,0.850117
"13-Keto-9Z,11E-octadecadienoic acid",LIN,individual,1:16429035,1,16429035,5.742419e-09,SORBI_3001G186600,0.850117
"13-Keto-9Z,11E-octadecadienoic acid",LIN,individual,1:16429033,1,16429033,5.742419e-09,SORBI_3001G186600,0.850092
"13-Keto-9Z,11E-octadecadienoic acid",LIN,individual,1:16429035,1,16429035,5.742419e-09,SORBI_3001G186600,0.850092
"13-Keto-9Z,11E-octadecadienoic acid",LIN,individual,1:16429033,1,16429033,5.742419e-09,SORBI_3001G186600,0.849812
"13-Keto-9Z,11E-octadecadienoic acid",LIN,individual,1:16429035,1,16429035,5.742419e-09,SORBI_3001G186600,0.849812
"13-Keto-9Z,11E-octadecadienoic acid",LIN,individual,1:16429033,1,16429033,5.742419e-09,SORBI_3001G186600,0.849777
"13-Keto-9Z,11E-octadecadienoic acid",LIN,individual,1:16429035,1,16429035,5.742419e-09,SORBI_3001G186600,0.849777
"13-Keto-9Z,11E-octadecadienoic acid",LIN,individual,1:16429033,1,16429033,5.742419e-09,SORBI_3001G186600,0.849456
"13-Keto-9Z,11E-octadecadienoic acid",LIN,individual,1:16429035,1,16429035,5.742419e-09,SORBI_3001G186600,0.849456
"13-Keto-9Z,11E-octadecadienoic acid",LIN,individual,1:16429033,1,16429033,5.742419e-09,SORBI_3001G186925,0.84945
"13-Keto-9Z,11E-octadecadienoic acid",LIN,individual,1:16429035,1,16429035,5.742419e-09,SORBI_3001G186925,0.84945
"13-Keto-9Z,11E-octadecadienoic acid",LIN,individual,1:16429033,1,16429033,5.742419e-09,SORBI_3001G186600,0.849185
"13-Keto-9Z,11E-octadecadienoic acid",LIN,individual,1:16429035,1,16429035,5.742419e-09,SORBI_3001G186600,0.849185
"13-Keto-9Z,11E-octadecadienoic acid",LIN,individual,1:16429033,1,16429033,5.742419e-09,SORBI_3001G186600,0.848796
"13-Keto-9Z,11E-octadecadienoic acid",LIN,individual,1:16429035,1,16429035,5.742419e-09,SORBI_3001G186600,0.848796
"13-Keto-9Z,11E-octadecadienoic acid",LIN,individual,1:16429033,1,16429033,5.742419e-09,SORBI_3001G186600,0.848534
"13-Keto-9Z,11E-octadecadienoic acid",LIN,individual,1:16429035,1,16429035,5.742419e-09,SORBI_3001G186600,0.848534
"13-Keto-9Z,11E-octadecadienoic acid",LIN,individual,1:16429033,1,16429033,5.742419e-09,SORBI_3001G188100,0.847076
"13-Keto-9Z,11E-octadecadienoic acid",LIN,individual,1:16429035,1,16429035,5.742419e-09,SORBI_3001G188100,0.847076
"13-Keto-9Z,11E-octadecadienoic acid",LIN,individual,1:16429033,1,16429033,5.742419e-09,SORBI_3001G186600,0.845878
"13-Keto-9Z,11E-octadecadienoic acid",LIN,individual,1:16429035,1,16429035,5.742419e-09,SORBI_3001G186600,0.845878
"13-Keto-9Z,11E-octadecadienoic acid",LIN,individual,1:16429033,1,16429033,5.742419e-09,SORBI_3001G186600,0.845275
"13-Keto-9Z,11E-octadecadienoic acid",LIN,individual,1:16429035,1,16429035,5.742419e-09,SORBI_3001G186600,0.845275
"13-Keto-9Z,11E-octadecadienoic acid",LIN,individual,1:16429033,1,16429033,5.742419e-09,SORBI_3001G186600,0.844965
"13-Keto-9Z,11E-octadecadienoic acid",LIN,individual,1:16429035,1,16429035,5.742419e-09,SORBI_3001G186600,0.844965
"13-Keto-9Z,11E-octadecadienoic acid",LIN,individual,1:16429033,1,16429033,5.742419e-09,SORBI_3001G186600,0.844649
"13-Keto-9Z,11E-octadecadienoic acid",LIN,individual,1:16429035,1,16429035,5.742419e-09,SORBI_3001G186600,0.844649
"13-Keto-9Z,11E-octadecadienoic acid",LIN,individual,1:16429033,1,16429033,5.742419e-09,SORBI_3001G187800,0.844154
"13-Keto-9Z,11E-octadecadienoic acid",LIN,individual,1:16429035,1,16429035,5.742419e-09,SORBI_3001G187800,0.844154
"13-Keto-9Z,11E-octadecadienoic acid",LIN,individual,1:16429033,1,16429033,5.742419e-09,SORBI_3001G186600,0.844001
"13-Keto-9Z,11E-octadecadienoic acid",LIN,individual,1:16429035,1,16429035,5.742419e-09,SORBI_3001G186600,0.844001
"13-Keto-9Z,11E-octadecadienoic acid",LIN,individual,1:16429033,1,16429033,5.742419e-09,SORBI_3001G186600,0.843667
"13-Keto-9Z,11E-octadecadienoic acid",LIN,individual,1:16429035,1,16429035,5.742419e-09,SORBI_3001G186600,0.843667
"13-Keto-9Z,11E-octadecadienoic acid",LIN,individual,1:16429033,1,16429033,5.742419e-09,SORBI_3001G186600,0.843328
"13-Keto-9Z,11E-octadecadienoic acid",LIN,individual,1:16429035,1,16429035,5.742419e-09,SORBI_3001G186600,0.843328
"13-Keto-9Z,11E-octadecadienoic acid",LIN,individual,1:16429033,1,16429033,5.742419e-09,SORBI_3001G186850,0.843326
"13-Keto-9Z,11E-octadecadienoic acid",LIN,individual,1:16429035,1,16429035,5.742419e-09,SORBI_3001G186850,0.843326
"13-Keto-9Z,11E-octadecadienoic acid",LIN,individual,1:16429033,1,16429033,5.742419e-09,SORBI_3001G186850,0.843269
"13-Keto-9Z,11E-octadecadienoic acid",LIN,individual,1:16429035,1,16429035,5.742419e-09,SORBI_3001G186850,0.843269
"13-Keto-9Z,11E-octadecadienoic acid",LIN,individual,1:16429033,1,16429033,5.742419e-09,SORBI_3001G186600,0.842269
"13-Keto-9Z,11E-octadecadienoic acid",LIN,individual,1:16429035,1,16429035,5.742419e-09,SORBI_3001G186600,0.842269
"13-Keto-9Z,11E-octadecadienoic acid",LIN,individual,1:16429033,1,16429033,5.742419e-09,SORBI_3001G186600,0.836281
"13-Keto-9Z,11E-octadecadienoic acid",LIN,individual,1:16429035,1,16429035,5.742419e-09,SORBI_3001G186600,0.836281
"13-Keto-9Z,11E-octadecadienoic acid",LIN,individual,1:16429033,1,16429033,5.742419e-09,SORBI_3001G186850,0.834712
"13-Keto-9Z,11E-octadecadienoic acid",LIN,individual,1:16429035,1,16429035,5.742419e-09,SORBI_3001G186850,0.834712
"13-Keto-9Z,11E-octadecadienoic acid",LIN,individual,1:16429033,1,16429033,5.742419e-09,SORBI_3001G187100,0.832449
"13-Keto-9Z,11E-octadecadienoic acid",LIN,individual,1:16429035,1,16429035,5.742419e-09,SORBI_3001G187100,0.832449
"13-Keto-9Z,11E-octadecadienoic acid",LIN,individual,1:16429033,1,16429033,5.742419e-09,SORBI_3001G187000,0.832411
"13-Keto-9Z,11E-octadecadienoic acid",LIN,individual,1:16429035,1,16429035,5.742419e-09,SORBI_3001G187000,0.832411
"13-Keto-9Z,11E-octadecadienoic acid",LIN,individual,1:16429033,1,16429033,5.742419e-09,SORBI_3001G186850,0.832104
"13-Keto-9Z,11E-octadecadienoic acid",LIN,individual,1:16429035,1,16429035,5.742419e-09,SORBI_3001G186850,0.832104
"13-Keto-9Z,11E-octadecadienoic acid",LIN,individual,1:16429033,1,16429033,5.742419e-09,SORBI_3001G187800,0.830855
"13-Keto-9Z,11E-octadecadienoic acid",LIN,individual,1:16429035,1,16429035,5.742419e-09,SORBI_3001G187800,0.830855
"13-Keto-9Z,11E-octadecadienoic acid",LIN,individual,1:16429033,1,16429033,5.742419e-09,SORBI_3001G186600,0.829653
"13-Keto-9Z,11E-octadecadienoic acid",LIN,individual,1:16429035,1,16429035,5.742419e-09,SORBI_3001G186600,0.829653
"13-Keto-9Z,11E-octadecadienoic acid",LIN,individual,1:16429033,1,16429033,5.742419e-09,SORBI_3001G187000,0.82901
"13-Keto-9Z,11E-octadecadienoic acid",LIN,individual,1:16429033,1,16429033,5.742419e-09,SORBI_3001G187100,0.82901
"13-Keto-9Z,11E-octadecadienoic acid",LIN,individual,1:16429035,1,16429035,5.742419e-09,SORBI_3001G187000,0.82901
"13-Keto-9Z,11E-octadecadienoic acid",LIN,individual,1:16429035,1,16429035,5.742419e-09,SORBI_3001G187100,0.82901
"13-Keto-9Z,11E-octadecadienoic acid",LIN,individual,1:16429033,1,16429033,5.742419e-09,SORBI_3001G186600,0.827016
"13-Keto-9Z,11E-octadecadienoic acid",LIN,individual,1:16429035,1,16429035,5.742419e-09,SORBI_3001G186600,0.827016
"13-Keto-9Z,11E-octadecadienoic acid",LIN,individual,1:16429033,1,16429033,5.742419e-09,SORBI_3001G186600,0.826663
"13-Keto-9Z,11E-octadecadienoic acid",LIN,individual,1:16429035,1,16429035,5.742419e-09,SORBI_3001G186600,0.826663
"13-Keto-9Z,11E-octadecadienoic acid",LIN,individual,1:16429033,1,16429033,5.742419e-09,SORBI_3001G186850,0.826487
"13-Keto-9Z,11E-octadecadienoic acid",LIN,individual,1:16429035,1,16429035,5.742419e-09,SORBI_3001G186850,0.826487
"13-Keto-9Z,11E-octadecadienoic acid",LIN,individual,1:16429033,1,16429033,5.742419e-09,SORBI_3001G186600,0.825939
"13-Keto-9Z,11E-octadecadienoic acid",LIN,individual,1:16429035,1,16429035,5.742419e-09,SORBI_3001G186600,0.825939
"13-Keto-9Z,11E-octadecadienoic acid",LIN,individual,1:16429033,1,16429033,5.742419e-09,SORBI_3001G186600,0.825187
"13-Keto-9Z,11E-octadecadienoic acid",LIN,individual,1:16429035,1,16429035,5.742419e-09,SORBI_3001G186600,0.825187
"13-Keto-9Z,11E-octadecadienoic acid",LIN,individual,1:16429033,1,16429033,5.742419e-09,SORBI_3001G186600,0.824801
"13-Keto-9Z,11E-octadecadienoic acid",LIN,individual,1:16429035,1,16429035,5.742419e-09,SORBI_3001G186600,0.824801
"13-Keto-9Z,11E-octadecadienoic acid",LIN,individual,1:16429033,1,16429033,5.742419e-09,SORBI_3001G186600,0.824407
"13-Keto-9Z,11E-octadecadienoic acid",LIN,individual,1:16429035,1,16429035,5.742419e-09,SORBI_3001G186600,0.824407
"13-Keto-9Z,11E-octadecadienoic acid",LIN,individual,1:16429033,1,16429033,5.742419e-09,SORBI_3001G187100,0.823014
"13-Keto-9Z,11E-octadecadienoic acid",LIN,individual,1:16429035,1,16429035,5.742419e-09,SORBI_3001G187100,0.823014
"13-Keto-9Z,11E-octadecadienoic acid",LIN,individual,1:16429033,1,16429033,5.742419e-09,SORBI_3001G186600,0.82171
"13-Keto-9Z,11E-octadecadienoic acid",LIN,individual,1:16429035,1,16429035,5.742419e-09,SORBI_3001G186600,0.82171
"13-Keto-9Z,11E-octadecadienoic acid",LIN,individual,1:16429033,1,16429033,5.742419e-09,SORBI_3001G187100,0.821062
"13-Keto-9Z,11E-octadecadienoic acid",LIN,individual,1:16429035,1,16429035,5.742419e-09,SORBI_3001G187100,0.821062
"13-Keto-9Z,11E-octadecadienoic acid",LIN,individual,1:16429033,1,16429033,5.742419e-09,SORBI_3001G186850,0.820488
"13-Keto-9Z,11E-octadecadienoic acid",LIN,individual,1:16429035,1,16429035,5.742419e-09,SORBI_3001G186850,0.820488
"13-Keto-9Z,11E-octadecadienoic acid",LIN,individual,1:16429033,1,16429033,5.742419e-09,SORBI_3001G187800,0.820016
"13-Keto-9Z,11E-octadecadienoic acid",LIN,individual,1:16429035,1,16429035,5.742419e-09,SORBI_3001G187800,0.820016
"13-Keto-9Z,11E-octadecadienoic acid",LIN,individual,1:16429033,1,16429033,5.742419e-09,SORBI_3001G187000,0.817536
"13-Keto-9Z,11E-octadecadienoic acid",LIN,individual,1:16429035,1,16429035,5.742419e-09,SORBI_3001G187000,0.817536
"13-Keto-9Z,11E-octadecadienoic acid",LIN,individual,1:16429033,1,16429033,5.742419e-09,SORBI_3001G186600,0.817337
"13-Keto-9Z,11E-octadecadienoic acid",LIN,individual,1:16429035,1,16429035,5.742419e-09,SORBI_3001G186600,0.817337
"13-Keto-9Z,11E-octadecadienoic acid",LIN,individual,1:16429033,1,16429033,5.742419e-09,SORBI_3001G186600,0.816936
"13-Keto-9Z,11E-octadecadienoic acid",LIN,individual,1:16429035,1,16429035,5.742419e-09,SORBI_3001G186600,0.816936
"13-Keto-9Z,11E-octadecadienoic acid",LIN,individual,1:16429033,1,16429033,5.742419e-09,SORBI_3001G186600,0.814433
"13-Keto-9Z,11E-octadecadienoic acid",LIN,individual,1:16429035,1,16429035,5.742419e-09,SORBI_3001G186600,0.814433
"13-Keto-9Z,11E-octadecadienoic acid",LIN,individual,1:16429033,1,16429033,5.742419e-09,SORBI_3001G186600,0.814067
"13-Keto-9Z,11E-octadecadienoic acid",LIN,individual,1:16429035,1,16429035,5.742419e-09,SORBI_3001G186600,0.814067
"13-Keto-9Z,11E-octadecadienoic acid",LIN,individual,1:16429033,1,16429033,5.742419e-09,SORBI_3001G186850,0.812868
"13-Keto-9Z,11E-octadecadienoic acid",LIN,individual,1:16429035,1,16429035,5.742419e-09,SORBI_3001G186850,0.812868
"13-Keto-9Z,11E-octadecadienoic acid",LIN,individual,1:16429033,1,16429033,5.742419e-09,SORBI_3001G186600,0.811727
"13-Keto-9Z,11E-octadecadienoic acid",LIN,individual,1:16429035,1,16429035,5.742419e-09,SORBI_3001G186600,0.811727
"13-Keto-9Z,11E-octadecadienoic acid",LIN,individual,1:16429033,1,16429033,5.742419e-09,SORBI_3001G187100,0.811485
"13-Keto-9Z,11E-octadecadienoic acid",LIN,individual,1:16429035,1,16429035,5.742419e-09,SORBI_3001G187100,0.811485
"13-Keto-9Z,11E-octadecadienoic acid",LIN,individual,1:16429033,1,16429033,5.742419e-09,SORBI_3001G187100,0.805522
"13-Keto-9Z,11E-octadecadienoic acid",LIN,individual,1:16429035,1,16429035,5.742419e-09,SORBI_3001G187100,0.805522
"13-Keto-9Z,11E-octadecadienoic acid",LIN,individual,1:16429033,1,16429033,5.742419e-09,SORBI_3001G187100,0.799778
"13-Keto-9Z,11E-octadecadienoic acid",LIN,individual,1:16429035,1,16429035,5.742419e-09,SORBI_3001G187100,0.799778
"13-Keto-9Z,11E-octadecadienoic acid",LIN,individual,1:16429033,1,16429033,5.742419e-09,SORBI_3001G186600,0.796823
"13-Keto-9Z,11E-octadecadienoic acid",LIN,individual,1:16429035,1,16429035,5.742419e-09,SORBI_3001G186600,0.796823
"13-Keto-9Z,11E-octadecadienoic acid",LIN,individual,1:16429033,1,16429033,5.742419e-09,SORBI_3001G186850,0.796783
"13-Keto-9Z,11E-octadecadienoic acid",LIN,individual,1:16429035,1,16429035,5.742419e-09,SORBI_3001G186850,0.796783
"13-Keto-9Z,11E-octadecadienoic acid",LIN,individual,1:16429033,1,16429033,5.742419e-09,SORBI_3001G187200,0.793979
"13-Keto-9Z,11E-octadecadienoic acid",LIN,individual,1:16429035,1,16429035,5.742419e-09,SORBI_3001G187200,0.793979
"13-Keto-9Z,11E-octadecadienoic acid",LIN,individual,1:16429033,1,16429033,5.742419e-09,SORBI_3001G187200,0.78311
"13-Keto-9Z,11E-octadecadienoic acid",LIN,individual,1:16429033,1,16429033,5.742419e-09,SORBI_3001G187300,0.78311
"13-Keto-9Z,11E-octadecadienoic acid",LIN,individual,1:16429035,1,16429035,5.742419e-09,SORBI_3001G187200,0.78311
"13-Keto-9Z,11E-octadecadienoic acid",LIN,individual,1:16429035,1,16429035,5.742419e-09,SORBI_3001G187300,0.78311
"13-Keto-9Z,11E-octadecadienoic acid",LIN,individual,1:16429033,1,16429033,5.742419e-09,SORBI_3001G187300,0.774508
"13-Keto-9Z,11E-octadecadienoic acid",LIN,individual,1:16429035,1,16429035,5.742419e-09,SORBI_3001G187300,0.774508
"13-Keto-9Z,11E-octadecadienoic acid",LIN,individual,1:16429033,1,16429033,5.742419e-09,SORBI_3001G187200,0.773788
"13-Keto-9Z,11E-octadecadienoic acid",LIN,individual,1:16429035,1,16429035,5.742419e-09,SORBI_3001G187200,0.773788
"13-Keto-9Z,11E-octadecadienoic acid",LIN,individual,1:16429033,1,16429033,5.742419e-09,SORBI_3001G187200,0.764839
"13-Keto-9Z,11E-octadecadienoic acid",LIN,individual,1:16429035,1,16429035,5.742419e-09,SORBI_3001G187200,0.764839
"13-Keto-9Z,11E-octadecadienoic acid",LIN,individual,1:16429033,1,16429033,5.742419e-09,SORBI_3001G186600,0.760042
"13-Keto-9Z,11E-octadecadienoic acid",LIN,individual,1:16429035,1,16429035,5.742419e-09,SORBI_3001G186600,0.760042
"13-Keto-9Z,11E-octadecadienoic acid",LIN,individual,1:16429033,1,16429033,5.742419e-09,SORBI_3001G187200,0.759612
"13-Keto-9Z,11E-octadecadienoic acid",LIN,individual,1:16429035,1,16429035,5.742419e-09,SORBI_3001G187200,0.759612
"13-Keto-9Z,11E-octadecadienoic acid",LIN,individual,1:16429033,1,16429033,5.742419e-09,SORBI_3001G187300,0.754117
"13-Keto-9Z,11E-octadecadienoic acid",LIN,individual,1:16429035,1,16429035,5.742419e-09,SORBI_3001G187300,0.754117
"13-Keto-9Z,11E-octadecadienoic acid",LIN,individual,1:16429033,1,16429033,5.742419e-09,SORBI_3001G187200,0.750952
"13-Keto-9Z,11E-octadecadienoic acid",LIN,individual,1:16429035,1,16429035,5.742419e-09,SORBI_3001G187200,0.750952
"13-Keto-9Z,11E-octadecadienoic acid",LIN,individual,1:16429033,1,16429033,5.742419e-09,SORBI_3001G187100,0.747912
"13-Keto-9Z,11E-octadecadienoic acid",LIN,individual,1:16429035,1,16429035,5.742419e-09,SORBI_3001G187100,0.747912
"13-Keto-9Z,11E-octadecadienoic acid",LIN,individual,1:16429033,1,16429033,5.742419e-09,SORBI_3001G186850,0.740404
"13-Keto-9Z,11E-octadecadienoic acid",LIN,individual,1:16429035,1,16429035,5.742419e-09,SORBI_3001G186850,0.740404
"13-Keto-9Z,11E-octadecadienoic acid",LIN,individual,1:16429033,1,16429033,5.742419e-09,SORBI_3001G186850,0.73357
"13-Keto-9Z,11E-octadecadienoic acid",LIN,individual,1:16429035,1,16429035,5.742419e-09,SORBI_3001G186850,0.73357
"13-Keto-9Z,11E-octadecadienoic acid",LIN,individual,1:16429033,1,16429033,5.742419e-09,SORBI_3001G186850,0.72901
"13-Keto-9Z,11E-octadecadienoic acid",LIN,individual,1:16429035,1,16429035,5.742419e-09,SORBI_3001G186850,0.72901
"13-Keto-9Z,11E-octadecadienoic acid",LIN,individual,1:16429033,1,16429033,5.742419e-09,SORBI_3001G187700,0.726319
"13-Keto-9Z,11E-octadecadienoic acid",LIN,individual,1:16429035,1,16429035,5.742419e-09,SORBI_3001G187700,0.726319
"13-Keto-9Z,11E-octadecadienoic acid",LIN,individual,1:16429033,1,16429033,5.742419e-09,SORBI_3001G187200,0.712741
"13-Keto-9Z,11E-octadecadienoic acid",LIN,individual,1:16429035,1,16429035,5.742419e-09,SORBI_3001G187200,0.712741
"13-Keto-9Z,11E-octadecadienoic acid",LIN,individual,1:16429033,1,16429033,5.742419e-09,SORBI_3001G187800,0.691226
"13-Keto-9Z,11E-octadecadienoic acid",LIN,individual,1:16429033,1,16429033,5.742419e-09,SORBI_3001G188000,0.691226
"13-Keto-9Z,11E-octadecadienoic acid",LIN,individual,1:16429035,1,16429035,5.742419e-09,SORBI_3001G187800,0.691226
"13-Keto-9Z,11E-octadecadienoic acid",LIN,individual,1:16429035,1,16429035,5.742419e-09,SORBI_3001G188000,0.691226
"13-Keto-9Z,11E-octadecadienoic acid",LIN,individual,1:16429033,1,16429033,5.742419e-09,SORBI_3001G187600,0.690759
"13-Keto-9Z,11E-octadecadienoic acid",LIN,individual,1:16429033,1,16429033,5.742419e-09,SORBI_3001G187700,0.690759
"13-Keto-9Z,11E-octadecadienoic acid",LIN,individual,1:16429035,1,16429035,5.742419e-09,SORBI_3001G187600,0.690759
"13-Keto-9Z,11E-octadecadienoic acid",LIN,individual,1:16429035,1,16429035,5.742419e-09,SORBI_3001G187700,0.690759
"13-Keto-9Z,11E-octadecadienoic acid",LIN,individual,1:16429033,1,16429033,5.742419e-09,SORBI_3001G186600,0.69028
"13-Keto-9Z,11E-octadecadienoic acid",LIN,individual,1:16429035,1,16429035,5.742419e-09,SORBI_3001G186600,0.69028
"13-Keto-9Z,11E-octadecadienoic acid",LIN,individual,1:16429033,1,16429033,5.742419e-09,SORBI_3001G187600,0.68285
"13-Keto-9Z,11E-octadecadienoic acid",LIN,individual,1:16429033,1,16429033,5.742419e-09,SORBI_3001G187700,0.68285
"13-Keto-9Z,11E-octadecadienoic acid",LIN,individual,1:16429035,1,16429035,5.742419e-09,SORBI_3001G187600,0.68285
"13-Keto-9Z,11E-octadecadienoic acid",LIN,individual,1:16429035,1,16429035,5.742419e-09,SORBI_3001G187700,0.68285
"13-Keto-9Z,11E-octadecadienoic acid",LIN,individual,1:16429033,1,16429033,5.742419e-09,SORBI_3001G187800,0.682716
"13-Keto-9Z,11E-octadecadienoic acid",LIN,individual,1:16429033,1,16429033,5.742419e-09,SORBI_3001G188000,0.682716
"13-Keto-9Z,11E-octadecadienoic acid",LIN,individual,1:16429033,1,16429033,5.742419e-09,SORBI_3001G188100,0.682716
"13-Keto-9Z,11E-octadecadienoic acid",LIN,individual,1:16429035,1,16429035,5.742419e-09,SORBI_3001G187800,0.682716
"13-Keto-9Z,11E-octadecadienoic acid",LIN,individual,1:16429035,1,16429035,5.742419e-09,SORBI_3001G188000,0.682716
"13-Keto-9Z,11E-octadecadienoic acid",LIN,individual,1:16429035,1,16429035,5.742419e-09,SORBI_3001G188100,0.682716
"13-Keto-9Z,11E-octadecadienoic acid",LIN,individual,1:16429033,1,16429033,5.742419e-09,SORBI_3001G187700,0.68257
"13-Keto-9Z,11E-octadecadienoic acid",LIN,individual,1:16429033,1,16429033,5.742419e-09,SORBI_3001G187800,0.68257
"13-Keto-9Z,11E-octadecadienoic acid",LIN,individual,1:16429033,1,16429033,5.742419e-09,SORBI_3001G187900,0.68257
"13-Keto-9Z,11E-octadecadienoic acid",LIN,individual,1:16429033,1,16429033,5.742419e-09,SORBI_3001G188000,0.68257
"13-Keto-9Z,11E-octadecadienoic acid",LIN,individual,1:16429033,1,16429033,5.742419e-09,SORBI_3001G188100,0.68257
"13-Keto-9Z,11E-octadecadienoic acid",LIN,individual,1:16429035,1,16429035,5.742419e-09,SORBI_3001G187700,0.68257
"13-Keto-9Z,11E-octadecadienoic acid",LIN,individual,1:16429035,1,16429035,5.742419e-09,SORBI_3001G187800,0.68257
"13-Keto-9Z,11E-octadecadienoic acid",LIN,individual,1:16429035,1,16429035,5.742419e-09,SORBI_3001G187900,0.68257
"13-Keto-9Z,11E-octadecadienoic acid",LIN,individual,1:16429035,1,16429035,5.742419e-09,SORBI_3001G188000,0.68257
"13-Keto-9Z,11E-octadecadienoic acid",LIN,individual,1:16429035,1,16429035,5.742419e-09,SORBI_3001G188100,0.68257
"13-Keto-9Z,11E-octadecadienoic acid",LIN,individual,1:16429033,1,16429033,5.742419e-09,SORBI_3001G187800,0.682297
"13-Keto-9Z,11E-octadecadienoic acid",LIN,individual,1:16429035,1,16429035,5.742419e-09,SORBI_3001G187800,0.682297
"13-Keto-9Z,11E-octadecadienoic acid",LIN,individual,1:16429033,1,16429033,5.742419e-09,SORBI_3001G187600,0.681825
"13-Keto-9Z,11E-octadecadienoic acid",LIN,individual,1:16429033,1,16429033,5.742419e-09,SORBI_3001G187700,0.681825
"13-Keto-9Z,11E-octadecadienoic acid",LIN,individual,1:16429035,1,16429035,5.742419e-09,SORBI_3001G187600,0.681825
"13-Keto-9Z,11E-octadecadienoic acid",LIN,individual,1:16429035,1,16429035,5.742419e-09,SORBI_3001G187700,0.681825
"13-Keto-9Z,11E-octadecadienoic acid",LIN,individual,1:16429033,1,16429033,5.742419e-09,SORBI_3001G187600,0.674238
"13-Keto-9Z,11E-octadecadienoic acid",LIN,individual,1:16429035,1,16429035,5.742419e-09,SORBI_3001G187600,0.674238
"13-Keto-9Z,11E-octadecadienoic acid",LIN,individual,1:16429033,1,16429033,5.742419e-09,SORBI_3001G187800,0.673661
"13-Keto-9Z,11E-octadecadienoic acid",LIN,individual,1:16429033,1,16429033,5.742419e-09,SORBI_3001G187900,0.673661
"13-Keto-9Z,11E-octadecadienoic acid",LIN,individual,1:16429033,1,16429033,5.742419e-09,SORBI_3001G188000,0.673661
"13-Keto-9Z,11E-octadecadienoic acid",LIN,individual,1:16429033,1,16429033,5.742419e-09,SORBI_3001G188100,0.673661
"13-Keto-9Z,11E-octadecadienoic acid",LIN,individual,1:16429035,1,16429035,5.742419e-09,SORBI_3001G187800,0.673661
"13-Keto-9Z,11E-octadecadienoic acid",LIN,individual,1:16429035,1,16429035,5.742419e-09,SORBI_3001G187900,0.673661
"13-Keto-9Z,11E-octadecadienoic acid",LIN,individual,1:16429035,1,16429035,5.742419e-09,SORBI_3001G188000,0.673661
"13-Keto-9Z,11E-octadecadienoic acid",LIN,individual,1:16429035,1,16429035,5.742419e-09,SORBI_3001G188100,0.673661
"13-Keto-9Z,11E-octadecadienoic acid",LIN,individual,1:16429033,1,16429033,5.742419e-09,SORBI_3001G187600,0.673573
"13-Keto-9Z,11E-octadecadienoic acid",LIN,individual,1:16429033,1,16429033,5.742419e-09,SORBI_3001G187700,0.673573
"13-Keto-9Z,11E-octadecadienoic acid",LIN,individual,1:16429033,1,16429033,5.742419e-09,SORBI_3001G187800,0.673573
"13-Keto-9Z,11E-octadecadienoic acid",LIN,individual,1:16429033,1,16429033,5.742419e-09,SORBI_3001G187900,0.673573
"13-Keto-9Z,11E-octadecadienoic acid",LIN,individual,1:16429033,1,16429033,5.742419e-09,SORBI_3001G188000,0.673573
"13-Keto-9Z,11E-octadecadienoic acid",LIN,individual,1:16429035,1,16429035,5.742419e-09,SORBI_3001G187600,0.673573
"13-Keto-9Z,11E-octadecadienoic acid",LIN,individual,1:16429035,1,16429035,5.742419e-09,SORBI_3001G187700,0.673573
"13-Keto-9Z,11E-octadecadienoic acid",LIN,individual,1:16429035,1,16429035,5.742419e-09,SORBI_3001G187800,0.673573
"13-Keto-9Z,11E-octadecadienoic acid",LIN,individual,1:16429035,1,16429035,5.742419e-09,SORBI_3001G187900,0.673573
"13-Keto-9Z,11E-octadecadienoic acid",LIN,individual,1:16429035,1,16429035,5.742419e-09,SORBI_3001G188000,0.673573
"13-Keto-9Z,11E-octadecadienoic acid",LIN,individual,1:16429033,1,16429033,5.742419e-09,SORBI_3001G187800,0.673562
"13-Keto-9Z,11E-octadecadienoic acid",LIN,individual,1:16429035,1,16429035,5.742419e-09,SORBI_3001G187800,0.673562
"13-Keto-9Z,11E-octadecadienoic acid",LIN,individual,1:16429033,1,16429033,5.742419e-09,SORBI_3001G187600,0.673089
"13-Keto-9Z,11E-octadecadienoic acid",LIN,individual,1:16429033,1,16429033,5.742419e-09,SORBI_3001G187800,0.673089
"13-Keto-9Z,11E-octadecadienoic acid",LIN,individual,1:16429035,1,16429035,5.742419e-09,SORBI_3001G187600,0.673089
"13-Keto-9Z,11E-octadecadienoic acid",LIN,individual,1:16429035,1,16429035,5.742419e-09,SORBI_3001G187800,0.673089
"13-Keto-9Z,11E-octadecadienoic acid",LIN,individual,1:16429033,1,16429033,5.742419e-09,SORBI_3001G187600,0.671698
"13-Keto-9Z,11E-octadecadienoic acid",LIN,individual,1:16429035,1,16429035,5.742419e-09,SORBI_3001G187600,0.671698
"13-Keto-9Z,11E-octadecadienoic acid",LIN,individual,1:16429033,1,16429033,5.742419e-09,SORBI_3001G186850,0.669484
"13-Keto-9Z,11E-octadecadienoic acid",LIN,individual,1:16429035,1,16429035,5.742419e-09,SORBI_3001G186850,0.669484
"13-Keto-9Z,11E-octadecadienoic acid",LIN,individual,1:16429033,1,16429033,5.742419e-09,SORBI_3001G186600,0.668004
"13-Keto-9Z,11E-octadecadienoic acid",LIN,individual,1:16429035,1,16429035,5.742419e-09,SORBI_3001G186600,0.668004
"13-Keto-9Z,11E-octadecadienoic acid",LIN,individual,1:16429033,1,16429033,5.742419e-09,SORBI_3001G187600,0.665819
"13-Keto-9Z,11E-octadecadienoic acid",LIN,individual,1:16429035,1,16429035,5.742419e-09,SORBI_3001G187600,0.665819
"13-Keto-9Z,11E-octadecadienoic acid",LIN,individual,1:16429033,1,16429033,5.742419e-09,SORBI_3001G187800,0.664951
"13-Keto-9Z,11E-octadecadienoic acid",LIN,individual,1:16429033,1,16429033,5.742419e-09,SORBI_3001G188100,0.664951
"13-Keto-9Z,11E-octadecadienoic acid",LIN,individual,1:16429035,1,16429035,5.742419e-09,SORBI_3001G187800,0.664951
"13-Keto-9Z,11E-octadecadienoic acid",LIN,individual,1:16429035,1,16429035,5.742419e-09,SORBI_3001G188100,0.664951
"13-Keto-9Z,11E-octadecadienoic acid",LIN,individual,1:16429033,1,16429033,5.742419e-09,SORBI_3001G187600,0.664463
"13-Keto-9Z,11E-octadecadienoic acid",LIN,individual,1:16429033,1,16429033,5.742419e-09,SORBI_3001G187800,0.664463
"13-Keto-9Z,11E-octadecadienoic acid",LIN,individual,1:16429033,1,16429033,5.742419e-09,SORBI_3001G187900,0.664463
"13-Keto-9Z,11E-octadecadienoic acid",LIN,individual,1:16429033,1,16429033,5.742419e-09,SORBI_3001G188100,0.664463
"13-Keto-9Z,11E-octadecadienoic acid",LIN,individual,1:16429035,1,16429035,5.742419e-09,SORBI_3001G187600,0.664463
"13-Keto-9Z,11E-octadecadienoic acid",LIN,individual,1:16429035,1,16429035,5.742419e-09,SORBI_3001G187800,0.664463
"13-Keto-9Z,11E-octadecadienoic acid",LIN,individual,1:16429035,1,16429035,5.742419e-09,SORBI_3001G187900,0.664463
"13-Keto-9Z,11E-octadecadienoic acid",LIN,individual,1:16429035,1,16429035,5.742419e-09,SORBI_3001G188100,0.664463
"13-Keto-9Z,11E-octadecadienoic acid",LIN,individual,1:16429033,1,16429033,5.742419e-09,SORBI_3001G187600,0.662678
"13-Keto-9Z,11E-octadecadienoic acid",LIN,individual,1:16429035,1,16429035,5.742419e-09,SORBI_3001G187600,0.662678
"13-Keto-9Z,11E-octadecadienoic acid",LIN,individual,1:16429033,1,16429033,5.742419e-09,SORBI_3001G186850,0.659484
"13-Keto-9Z,11E-octadecadienoic acid",LIN,individual,1:16429035,1,16429035,5.742419e-09,SORBI_3001G186850,0.659484
"13-Keto-9Z,11E-octadecadienoic acid",LIN,individual,1:16429033,1,16429033,5.742419e-09,SORBI_3001G186850,0.659148
"13-Keto-9Z,11E-octadecadienoic acid",LIN,individual,1:16429035,1,16429035,5.742419e-09,SORBI_3001G186850,0.659148
"13-Keto-9Z,11E-octadecadienoic acid",LIN,individual,1:16429033,1,16429033,5.742419e-09,SORBI_3001G187800,0.656461
"13-Keto-9Z,11E-octadecadienoic acid",LIN,individual,1:16429035,1,16429035,5.742419e-09,SORBI_3001G187800,0.656461
"13-Keto-9Z,11E-octadecadienoic acid",LIN,individual,1:16429033,1,16429033,5.742419e-09,SORBI_3001G187300,0.649103
"13-Keto-9Z,11E-octadecadienoic acid",LIN,individual,1:16429035,1,16429035,5.742419e-09,SORBI_3001G187300,0.649103
"13-Keto-9Z,11E-octadecadienoic acid",LIN,individual,1:16429033,1,16429033,5.742419e-09,SORBI_3001G187800,0.649062
"13-Keto-9Z,11E-octadecadienoic acid",LIN,individual,1:16429035,1,16429035,5.742419e-09,SORBI_3001G187800,0.649062
"13-Keto-9Z,11E-octadecadienoic acid",LIN,individual,1:16429033,1,16429033,5.742419e-09,SORBI_3001G188400,0.648223
"13-Keto-9Z,11E-octadecadienoic acid",LIN,individual,1:16429035,1,16429035,5.742419e-09,SORBI_3001G188400,0.648223
"13-Keto-9Z,11E-octadecadienoic acid",LIN,individual,1:16429033,1,16429033,5.742419e-09,SORBI_3001G188400,0.630677
"13-Keto-9Z,11E-octadecadienoic acid",LIN,individual,1:16429035,1,16429035,5.742419e-09,SORBI_3001G188400,0.630677
"13-Keto-9Z,11E-octadecadienoic acid",LIN,individual,1:16429033,1,16429033,5.742419e-09,SORBI_3001G188400,0.622675
"13-Keto-9Z,11E-octadecadienoic acid",LIN,individual,1:16429033,1,16429033,5.742419e-09,SORBI_3001G188500,0.622675
"13-Keto-9Z,11E-octadecadienoic acid",LIN,individual,1:16429035,1,16429035,5.742419e-09,SORBI_3001G188400,0.622675
"13-Keto-9Z,11E-octadecadienoic acid",LIN,individual,1:16429035,1,16429035,5.742419e-09,SORBI_3001G188500,0.622675
"13-Keto-9Z,11E-octadecadienoic acid",LIN,individual,1:16429033,1,16429033,5.742419e-09,SORBI_3001G186600,0.614744
"13-Keto-9Z,11E-octadecadienoic acid",LIN,individual,1:16429035,1,16429035,5.742419e-09,SORBI_3001G186600,0.614744
"13-Keto-9Z,11E-octadecadienoic acid",LIN,individual,1:16429033,1,16429033,5.742419e-09,SORBI_3001G188500,0.614265
"13-Keto-9Z,11E-octadecadienoic acid",LIN,individual,1:16429035,1,16429035,5.742419e-09,SORBI_3001G188500,0.614265
"13-Keto-9Z,11E-octadecadienoic acid",LIN,individual,1:16429033,1,16429033,5.742419e-09,SORBI_3001G188400,0.614062
"13-Keto-9Z,11E-octadecadienoic acid",LIN,individual,1:16429033,1,16429033,5.742419e-09,SORBI_3001G188500,0.614062
"13-Keto-9Z,11E-octadecadienoic acid",LIN,individual,1:16429033,1,16429033,5.742419e-09,SORBI_3001G188600,0.614062
"13-Keto-9Z,11E-octadecadienoic acid",LIN,individual,1:16429035,1,16429035,5.742419e-09,SORBI_3001G188400,0.614062
"13-Keto-9Z,11E-octadecadienoic acid",LIN,individual,1:16429035,1,16429035,5.742419e-09,SORBI_3001G188500,0.614062
"13-Keto-9Z,11E-octadecadienoic acid",LIN,individual,1:16429035,1,16429035,5.742419e-09,SORBI_3001G188600,0.614062
"13-Keto-9Z,11E-octadecadienoic acid",LIN,individual,1:16429033,1,16429033,5.742419e-09,SORBI_3001G188400,0.613201
"13-Keto-9Z,11E-octadecadienoic acid",LIN,individual,1:16429035,1,16429035,5.742419e-09,SORBI_3001G188400,0.613201
"13-Keto-9Z,11E-octadecadienoic acid",LIN,individual,1:16429033,1,16429033,5.742419e-09,SORBI_3001G187600,0.610873
"13-Keto-9Z,11E-octadecadienoic acid",LIN,individual,1:16429035,1,16429035,5.742419e-09,SORBI_3001G187600,0.610873
"13-Keto-9Z,11E-octadecadienoic acid",LIN,individual,1:16429033,1,16429033,5.742419e-09,SORBI_3001G188500,0.606115
"13-Keto-9Z,11E-octadecadienoic acid",LIN,individual,1:16429035,1,16429035,5.742419e-09,SORBI_3001G188500,0.606115
"13-Keto-9Z,11E-octadecadienoic acid",LIN,individual,1:16429033,1,16429033,5.742419e-09,SORBI_3001G188400,0.605217
"13-Keto-9Z,11E-octadecadienoic acid",LIN,individual,1:16429033,1,16429033,5.742419e-09,SORBI_3001G188500,0.605217
"13-Keto-9Z,11E-octadecadienoic acid",LIN,individual,1:16429033,1,16429033,5.742419e-09,SORBI_3001G188600,0.605217
"13-Keto-9Z,11E-octadecadienoic acid",LIN,individual,1:16429035,1,16429035,5.742419e-09,SORBI_3001G188400,0.605217
"13-Keto-9Z,11E-octadecadienoic acid",LIN,individual,1:16429035,1,16429035,5.742419e-09,SORBI_3001G188500,0.605217
"13-Keto-9Z,11E-octadecadienoic acid",LIN,individual,1:16429035,1,16429035,5.742419e-09,SORBI_3001G188600,0.605217
"13-Keto-9Z,11E-octadecadienoic acid",LIN,individual,1:16429033,1,16429033,5.742419e-09,SORBI_3001G188400,0.605033
"13-Keto-9Z,11E-octadecadienoic acid",LIN,individual,1:16429033,1,16429033,5.742419e-09,SORBI_3001G188500,0.605033
"13-Keto-9Z,11E-octadecadienoic acid",LIN,individual,1:16429035,1,16429035,5.742419e-09,SORBI_3001G188400,0.605033
"13-Keto-9Z,11E-octadecadienoic acid",LIN,individual,1:16429035,1,16429035,5.742419e-09,SORBI_3001G188500,0.605033
"13-Keto-9Z,11E-octadecadienoic acid",LIN,individual,4:53724144,4,53724144,6.027692e-09,SORBI_3004G183800,1
"13-Keto-9Z,11E-octadecadienoic acid",LIN,individual,4:53725417,4,53725417,6.027692e-09,SORBI_3004G183800,1
"13-Keto-9Z,11E-octadecadienoic acid",LIN,individual,4:53725417,4,53725417,6.027692e-09,SORBI_3004G183800,1
"13-Keto-9Z,11E-octadecadienoic acid",LIN,individual,4:53710246,4,53710246,6.027692e-09,SORBI_3004G183800,0.987718
"13-Keto-9Z,11E-octadecadienoic acid",LIN,individual,4:53713995,4,53713995,6.027692e-09,SORBI_3004G183800,0.987718
"13-Keto-9Z,11E-octadecadienoic acid",LIN,individual,4:53719478,4,53719478,6.027692e-09,SORBI_3004G183800,0.987718
"13-Keto-9Z,11E-octadecadienoic acid",LIN,individual,4:53723393,4,53723393,6.027692e-09,SORBI_3004G183800,0.987718
"13-Keto-9Z,11E-octadecadienoic acid",LIN,individual,4:53724337,4,53724337,6.027692e-09,SORBI_3004G183800,0.987718
"13-Keto-9Z,11E-octadecadienoic acid",LIN,individual,4:53710246,4,53710246,6.027692e-09,SORBI_3004G183800,0.987711
"13-Keto-9Z,11E-octadecadienoic acid",LIN,individual,4:53713995,4,53713995,6.027692e-09,SORBI_3004G183800,0.987711
"13-Keto-9Z,11E-octadecadienoic acid",LIN,individual,4:53719478,4,53719478,6.027692e-09,SORBI_3004G183800,0.987711
"13-Keto-9Z,11E-octadecadienoic acid",LIN,individual,4:53723393,4,53723393,6.027692e-09,SORBI_3004G183800,0.987711
"13-Keto-9Z,11E-octadecadienoic acid",LIN,individual,4:53724337,4,53724337,6.027692e-09,SORBI_3004G183800,0.987711
"13-Keto-9Z,11E-octadecadienoic acid",LIN,individual,4:53724144,4,53724144,6.027692e-09,SORBI_3004G183800,0.97558
"13-Keto-9Z,11E-octadecadienoic acid",LIN,individual,4:53725417,4,53725417,6.027692e-09,SORBI_3004G183800,0.97558
"13-Keto-9Z,11E-octadecadienoic acid",LIN,individual,4:53710246,4,53710246,6.027692e-09,SORBI_3004G183600,0.950366
"13-Keto-9Z,11E-octadecadienoic acid",LIN,individual,4:53710246,4,53710246,6.027692e-09,SORBI_3004G183701,0.950366
"13-Keto-9Z,11E-octadecadienoic acid",LIN,individual,4:53713995,4,53713995,6.027692e-09,SORBI_3004G183600,0.950366
"13-Keto-9Z,11E-octadecadienoic acid",LIN,individual,4:53713995,4,53713995,6.027692e-09,SORBI_3004G183701,0.950366
"13-Keto-9Z,11E-octadecadienoic acid",LIN,individual,4:53719478,4,53719478,6.027692e-09,SORBI_3004G183600,0.950366
"13-Keto-9Z,11E-octadecadienoic acid",LIN,individual,4:53719478,4,53719478,6.027692e-09,SORBI_3004G183701,0.950366
"13-Keto-9Z,11E-octadecadienoic acid",LIN,individual,4:53723393,4,53723393,6.027692e-09,SORBI_3004G183600,0.950366
"13-Keto-9Z,11E-octadecadienoic acid",LIN,individual,4:53723393,4,53723393,6.027692e-09,SORBI_3004G183701,0.950366
"13-Keto-9Z,11E-octadecadienoic acid",LIN,individual,4:53724337,4,53724337,6.027692e-09,SORBI_3004G183600,0.950366
"13-Keto-9Z,11E-octadecadienoic acid",LIN,individual,4:53724337,4,53724337,6.027692e-09,SORBI_3004G183701,0.950366
"13-Keto-9Z,11E-octadecadienoic acid",LIN,individual,4:53710246,4,53710246,6.027692e-09,SORBI_3004G183501,0.950296
"13-Keto-9Z,11E-octadecadienoic acid",LIN,individual,4:53713995,4,53713995,6.027692e-09,SORBI_3004G183501,0.950296
"13-Keto-9Z,11E-octadecadienoic acid",LIN,individual,4:53719478,4,53719478,6.027692e-09,SORBI_3004G183501,0.950296
"13-Keto-9Z,11E-octadecadienoic acid",LIN,individual,4:53723393,4,53723393,6.027692e-09,SORBI_3004G183501,0.950296
"13-Keto-9Z,11E-octadecadienoic acid",LIN,individual,4:53724337,4,53724337,6.027692e-09,SORBI_3004G183501,0.950296
"13-Keto-9Z,11E-octadecadienoic acid",LIN,individual,4:53724144,4,53724144,6.027692e-09,SORBI_3004G183600,0.936333
"13-Keto-9Z,11E-octadecadienoic acid",LIN,individual,4:53724144,4,53724144,6.027692e-09,SORBI_3004G183701,0.936333
"13-Keto-9Z,11E-octadecadienoic acid",LIN,individual,4:53725417,4,53725417,6.027692e-09,SORBI_3004G183600,0.936333
"13-Keto-9Z,11E-octadecadienoic acid",LIN,individual,4:53725417,4,53725417,6.027692e-09,SORBI_3004G183701,0.936333
"13-Keto-9Z,11E-octadecadienoic acid",LIN,individual,4:53724144,4,53724144,6.027692e-09,SORBI_3004G183501,0.936244
"13-Keto-9Z,11E-octadecadienoic acid",LIN,individual,4:53725417,4,53725417,6.027692e-09,SORBI_3004G183501,0.936244
"13-Keto-9Z,11E-octadecadienoic acid",LIN,individual,4:53724144,4,53724144,6.027692e-09,SORBI_3004G183400,0.922698
"13-Keto-9Z,11E-octadecadienoic acid",LIN,individual,4:53725417,4,53725417,6.027692e-09,SORBI_3004G183400,0.922698
"13-Keto-9Z,11E-octadecadienoic acid",LIN,individual,4:53710246,4,53710246,6.027692e-09,SORBI_3004G183400,0.913153
"13-Keto-9Z,11E-octadecadienoic acid",LIN,individual,4:53713995,4,53713995,6.027692e-09,SORBI_3004G183400,0.913153
"13-Keto-9Z,11E-octadecadienoic acid",LIN,individual,4:53719478,4,53719478,6.027692e-09,SORBI_3004G183400,0.913153
"13-Keto-9Z,11E-octadecadienoic acid",LIN,individual,4:53723393,4,53723393,6.027692e-09,SORBI_3004G183400,0.913153
"13-Keto-9Z,11E-octadecadienoic acid",LIN,individual,4:53724337,4,53724337,6.027692e-09,SORBI_3004G183400,0.913153
"13-Keto-9Z,11E-octadecadienoic acid",LIN,individual,4:53724144,4,53724144,6.027692e-09,SORBI_3004G183800,0.795527
"13-Keto-9Z,11E-octadecadienoic acid",LIN,individual,4:53725417,4,53725417,6.027692e-09,SORBI_3004G183800,0.795527
"13-Keto-9Z,11E-octadecadienoic acid",LIN,individual,4:53710246,4,53710246,6.027692e-09,SORBI_3004G183800,0.786575
"13-Keto-9Z,11E-octadecadienoic acid",LIN,individual,4:53713995,4,53713995,6.027692e-09,SORBI_3004G183800,0.786575
"13-Keto-9Z,11E-octadecadienoic acid",LIN,individual,4:53719478,4,53719478,6.027692e-09,SORBI_3004G183800,0.786575
"13-Keto-9Z,11E-octadecadienoic acid",LIN,individual,4:53723393,4,53723393,6.027692e-09,SORBI_3004G183800,0.786575
"13-Keto-9Z,11E-octadecadienoic acid",LIN,individual,4:53724337,4,53724337,6.027692e-09,SORBI_3004G183800,0.786575
"13-Keto-9Z,11E-octadecadienoic acid",LIN,individual,4:53724144,4,53724144,6.027692e-09,SORBI_3004G183800,0.779716
"13-Keto-9Z,11E-octadecadienoic acid",LIN,individual,4:53725417,4,53725417,6.027692e-09,SORBI_3004G183800,0.779716
"13-Keto-9Z,11E-octadecadienoic acid",LIN,individual,4:53710246,4,53710246,6.027692e-09,SORBI_3004G183800,0.771485
"13-Keto-9Z,11E-octadecadienoic acid",LIN,individual,4:53713995,4,53713995,6.027692e-09,SORBI_3004G183800,0.771485
"13-Keto-9Z,11E-octadecadienoic acid",LIN,individual,4:53719478,4,53719478,6.027692e-09,SORBI_3004G183800,0.771485
"13-Keto-9Z,11E-octadecadienoic acid",LIN,individual,4:53723393,4,53723393,6.027692e-09,SORBI_3004G183800,0.771485
"13-Keto-9Z,11E-octadecadienoic acid",LIN,individual,4:53724337,4,53724337,6.027692e-09,SORBI_3004G183800,0.771485
"13-Keto-9Z,11E-octadecadienoic acid",LIN,individual,4:53710246,4,53710246,6.027692e-09,SORBI_3004G181900,0.735047
"13-Keto-9Z,11E-octadecadienoic acid",LIN,individual,4:53713995,4,53713995,6.027692e-09,SORBI_3004G181900,0.735047
"13-Keto-9Z,11E-octadecadienoic acid",LIN,individual,4:53719478,4,53719478,6.027692e-09,SORBI_3004G181900,0.735047
"13-Keto-9Z,11E-octadecadienoic acid",LIN,individual,4:53723393,4,53723393,6.027692e-09,SORBI_3004G181900,0.735047
"13-Keto-9Z,11E-octadecadienoic acid",LIN,individual,4:53724337,4,53724337,6.027692e-09,SORBI_3004G181900,0.735047
"13-Keto-9Z,11E-octadecadienoic acid",LIN,individual,4:53724144,4,53724144,6.027692e-09,SORBI_3004G181900,0.724154
"13-Keto-9Z,11E-octadecadienoic acid",LIN,individual,4:53725417,4,53725417,6.027692e-09,SORBI_3004G181900,0.724154
"13-Keto-9Z,11E-octadecadienoic acid",LIN,individual,4:53710246,4,53710246,6.027692e-09,SORBI_3004G181800,0.705425
"13-Keto-9Z,11E-octadecadienoic acid",LIN,individual,4:53713995,4,53713995,6.027692e-09,SORBI_3004G181800,0.705425
"13-Keto-9Z,11E-octadecadienoic acid",LIN,individual,4:53719478,4,53719478,6.027692e-09,SORBI_3004G181800,0.705425
"13-Keto-9Z,11E-octadecadienoic acid",LIN,individual,4:53723393,4,53723393,6.027692e-09,SORBI_3004G181800,0.705425
"13-Keto-9Z,11E-octadecadienoic acid",LIN,individual,4:53724337,4,53724337,6.027692e-09,SORBI_3004G181800,0.705425
"13-Keto-9Z,11E-octadecadienoic acid",LIN,individual,4:53710246,4,53710246,6.027692e-09,SORBI_3004G182201,0.69652
"13-Keto-9Z,11E-octadecadienoic acid",LIN,individual,4:53713995,4,53713995,6.027692e-09,SORBI_3004G182201,0.69652
"13-Keto-9Z,11E-octadecadienoic acid",LIN,individual,4:53719478,4,53719478,6.027692e-09,SORBI_3004G182201,0.69652
"13-Keto-9Z,11E-octadecadienoic acid",LIN,individual,4:53723393,4,53723393,6.027692e-09,SORBI_3004G182201,0.69652
"13-Keto-9Z,11E-octadecadienoic acid",LIN,individual,4:53724337,4,53724337,6.027692e-09,SORBI_3004G182201,0.69652
"13-Keto-9Z,11E-octadecadienoic acid",LIN,individual,4:53724144,4,53724144,6.027692e-09,SORBI_3004G181800,0.694965
"13-Keto-9Z,11E-octadecadienoic acid",LIN,individual,4:53725417,4,53725417,6.027692e-09,SORBI_3004G181800,0.694965
"13-Keto-9Z,11E-octadecadienoic acid",LIN,individual,4:53710246,4,53710246,6.027692e-09,SORBI_3004G182000,0.693831
"13-Keto-9Z,11E-octadecadienoic acid",LIN,individual,4:53713995,4,53713995,6.027692e-09,SORBI_3004G182000,0.693831
"13-Keto-9Z,11E-octadecadienoic acid",LIN,individual,4:53719478,4,53719478,6.027692e-09,SORBI_3004G182000,0.693831
"13-Keto-9Z,11E-octadecadienoic acid",LIN,individual,4:53723393,4,53723393,6.027692e-09,SORBI_3004G182000,0.693831
"13-Keto-9Z,11E-octadecadienoic acid",LIN,individual,4:53724337,4,53724337,6.027692e-09,SORBI_3004G182000,0.693831
"13-Keto-9Z,11E-octadecadienoic acid",LIN,individual,4:53724144,4,53724144,6.027692e-09,SORBI_3004G181900,0.687801
"13-Keto-9Z,11E-octadecadienoic acid",LIN,individual,4:53725417,4,53725417,6.027692e-09,SORBI_3004G181900,0.687801
"13-Keto-9Z,11E-octadecadienoic acid",LIN,individual,4:53724144,4,53724144,6.027692e-09,SORBI_3004G182201,0.685247
"13-Keto-9Z,11E-octadecadienoic acid",LIN,individual,4:53725417,4,53725417,6.027692e-09,SORBI_3004G182201,0.685247
"13-Keto-9Z,11E-octadecadienoic acid",LIN,individual,4:53724144,4,53724144,6.027692e-09,SORBI_3004G182000,0.683078
"13-Keto-9Z,11E-octadecadienoic acid",LIN,individual,4:53725417,4,53725417,6.027692e-09,SORBI_3004G182000,0.683078
"13-Keto-9Z,11E-octadecadienoic acid",LIN,individual,4:53710246,4,53710246,6.027692e-09,SORBI_3004G181900,0.680427
"13-Keto-9Z,11E-octadecadienoic acid",LIN,individual,4:53713995,4,53713995,6.027692e-09,SORBI_3004G181900,0.680427
"13-Keto-9Z,11E-octadecadienoic acid",LIN,individual,4:53719478,4,53719478,6.027692e-09,SORBI_3004G181900,0.680427
"13-Keto-9Z,11E-octadecadienoic acid",LIN,individual,4:53723393,4,53723393,6.027692e-09,SORBI_3004G181900,0.680427
"13-Keto-9Z,11E-octadecadienoic acid",LIN,individual,4:53724337,4,53724337,6.027692e-09,SORBI_3004G181900,0.680427
"13-Keto-9Z,11E-octadecadienoic acid",LIN,individual,4:53710246,4,53710246,6.027692e-09,SORBI_3004G182100,0.680336
"13-Keto-9Z,11E-octadecadienoic acid",LIN,individual,4:53713995,4,53713995,6.027692e-09,SORBI_3004G182100,0.680336
"13-Keto-9Z,11E-octadecadienoic acid",LIN,individual,4:53719478,4,53719478,6.027692e-09,SORBI_3004G182100,0.680336
"13-Keto-9Z,11E-octadecadienoic acid",LIN,individual,4:53723393,4,53723393,6.027692e-09,SORBI_3004G182100,0.680336
"13-Keto-9Z,11E-octadecadienoic acid",LIN,individual,4:53724337,4,53724337,6.027692e-09,SORBI_3004G182100,0.680336
"13-Keto-9Z,11E-octadecadienoic acid",LIN,individual,4:53724144,4,53724144,6.027692e-09,SORBI_3004G182100,0.668345
"13-Keto-9Z,11E-octadecadienoic acid",LIN,individual,4:53725417,4,53725417,6.027692e-09,SORBI_3004G182100,0.668345
"13-Keto-9Z,11E-octadecadienoic acid",LIN,individual,4:53724144,4,53724144,6.027692e-09,SORBI_3004G183800,0.642187
"13-Keto-9Z,11E-octadecadienoic acid",LIN,individual,4:53725417,4,53725417,6.027692e-09,SORBI_3004G183800,0.642187
"13-Keto-9Z,11E-octadecadienoic acid",LIN,individual,4:53710246,4,53710246,6.027692e-09,SORBI_3004G183800,0.634254
"13-Keto-9Z,11E-octadecadienoic acid",LIN,individual,4:53713995,4,53713995,6.027692e-09,SORBI_3004G183800,0.634254
"13-Keto-9Z,11E-octadecadienoic acid",LIN,individual,4:53719478,4,53719478,6.027692e-09,SORBI_3004G183800,0.634254
"13-Keto-9Z,11E-octadecadienoic acid",LIN,individual,4:53723393,4,53723393,6.027692e-09,SORBI_3004G183800,0.634254
"13-Keto-9Z,11E-octadecadienoic acid",LIN,individual,4:53724337,4,53724337,6.027692e-09,SORBI_3004G183800,0.634254
"13-Keto-9Z,11E-octadecadienoic acid",LIN,individual,4:53710246,4,53710246,6.027692e-09,SORBI_3004G184200,0.623861
"13-Keto-9Z,11E-octadecadienoic acid",LIN,individual,4:53713995,4,53713995,6.027692e-09,SORBI_3004G184200,0.623861
"13-Keto-9Z,11E-octadecadienoic acid",LIN,individual,4:53719478,4,53719478,6.027692e-09,SORBI_3004G184200,0.623861
"13-Keto-9Z,11E-octadecadienoic acid",LIN,individual,4:53723393,4,53723393,6.027692e-09,SORBI_3004G184200,0.623861
"13-Keto-9Z,11E-octadecadienoic acid",LIN,individual,4:53724337,4,53724337,6.027692e-09,SORBI_3004G184200,0.623861
"13-Keto-9Z,11E-octadecadienoic acid",LIN,individual,4:53724144,4,53724144,6.027692e-09,SORBI_3004G184200,0.613743
"13-Keto-9Z,11E-octadecadienoic acid",LIN,individual,4:53725417,4,53725417,6.027692e-09,SORBI_3004G184200,0.613743
"13-Keto-9Z,11E-octadecadienoic acid",LIN,individual,4:53710246,4,53710246,6.027692e-09,SORBI_3004G184200,0.607436
"13-Keto-9Z,11E-octadecadienoic acid",LIN,individual,4:53713995,4,53713995,6.027692e-09,SORBI_3004G184200,0.607436
"13-Keto-9Z,11E-octadecadienoic acid",LIN,individual,4:53719478,4,53719478,6.027692e-09,SORBI_3004G184200,0.607436
"13-Keto-9Z,11E-octadecadienoic acid",LIN,individual,4:53723393,4,53723393,6.027692e-09,SORBI_3004G184200,0.607436
"13-Keto-9Z,11E-octadecadienoic acid",LIN,individual,4:53724337,4,53724337,6.027692e-09,SORBI_3004G184200,0.607436
"13-Keto-9Z,11E-octadecadienoic acid",LIN,individual,8:1379374,8,1379374,6.085703e-09,SORBI_3008G016850,1
"13-Keto-9Z,11E-octadecadienoic acid",LIN,individual,8:1379374,8,1379374,6.085703e-09,SORBI_3008G016850,1
"13-Keto-9Z,11E-octadecadienoic acid",LIN,individual,8:1379374,8,1379374,6.085703e-09,SORBI_3008G019000,1
"13-Keto-9Z,11E-octadecadienoic acid",LIN,individual,8:1379374,8,1379374,6.085703e-09,SORBI_3008G017200,0.917699
"13-Keto-9Z,11E-octadecadienoic acid",LIN,individual,8:1379374,8,1379374,6.085703e-09,SORBI_3008G016900,0.703803
"13-Keto-9Z,11E-octadecadienoic acid",LIN,individual,8:1379374,8,1379374,6.085703e-09,SORBI_3008G016850,0.70033
"13-Keto-9Z,11E-octadecadienoic acid",LIN,individual,8:1379374,8,1379374,6.085703e-09,SORBI_3008G016850,0.688317
"13-Keto-9Z,11E-octadecadienoic acid",LIN,individual,8:1379374,8,1379374,6.085703e-09,SORBI_3008G016850,0.684308
"13-Keto-9Z,11E-octadecadienoic acid",LIN,individual,8:1379374,8,1379374,6.085703e-09,SORBI_3008G016900,0.67276
"13-Keto-9Z,11E-octadecadienoic acid",LIN,individual,8:1379374,8,1379374,6.085703e-09,SORBI_3008G016900,0.671564
"13-Keto-9Z,11E-octadecadienoic acid",LIN,individual,8:1379374,8,1379374,6.085703e-09,SORBI_3008G016850,0.661392
"13-Keto-9Z,11E-octadecadienoic acid",LIN,individual,8:1379374,8,1379374,6.085703e-09,SORBI_3008G016900,0.650658
"13-Keto-9Z,11E-octadecadienoic acid",LIN,individual,8:1379374,8,1379374,6.085703e-09,SORBI_3008G016900,0.628436
"13-Keto-9Z,11E-octadecadienoic acid",LIN,individual,3:69049356,3,69049356,6.175049e-09,SORBI_3003G375900,0.931337
"13-Keto-9Z,11E-octadecadienoic acid",LIN,individual,3:69049356,3,69049356,6.175049e-09,SORBI_3003G375900,0.922026
"13-Keto-9Z,11E-octadecadienoic acid",LIN,individual,3:69049356,3,69049356,6.175049e-09,SORBI_3003G375900,0.920742
"13-Keto-9Z,11E-octadecadienoic acid",LIN,individual,3:69049356,3,69049356,6.175049e-09,SORBI_3003G375900,0.911258
"13-Keto-9Z,11E-octadecadienoic acid",LIN,individual,3:69049356,3,69049356,6.175049e-09,SORBI_3003G375900,0.900652
"13-Keto-9Z,11E-octadecadienoic acid",LIN,individual,3:69049356,3,69049356,6.175049e-09,SORBI_3003G375800,0.891597
"13-Keto-9Z,11E-octadecadienoic acid",LIN,individual,3:69049356,3,69049356,6.175049e-09,SORBI_3003G375800,0.881035
"13-Keto-9Z,11E-octadecadienoic acid",LIN,individual,3:69049356,3,69049356,6.175049e-09,SORBI_3003G375900,0.79157
"13-Keto-9Z,11E-octadecadienoic acid",LIN,individual,3:69049356,3,69049356,6.175049e-09,SORBI_3003G376000,0.738413
"13-Keto-9Z,11E-octadecadienoic acid",LIN,individual,3:69049356,3,69049356,6.175049e-09,SORBI_3003G375500,0.733146
"13-Keto-9Z,11E-octadecadienoic acid",LIN,individual,3:69049356,3,69049356,6.175049e-09,SORBI_3003G375500,0.728495
"13-Keto-9Z,11E-octadecadienoic acid",LIN,individual,3:69049356,3,69049356,6.175049e-09,SORBI_3003G375300,0.724252
"13-Keto-9Z,11E-octadecadienoic acid",LIN,individual,3:69049356,3,69049356,6.175049e-09,SORBI_3003G375400,0.711876
"13-Keto-9Z,11E-octadecadienoic acid",LIN,individual,3:69049356,3,69049356,6.175049e-09,SORBI_3003G375400,0.699559
"13-Keto-9Z,11E-octadecadienoic acid",LIN,individual,3:69049356,3,69049356,6.175049e-09,SORBI_3003G376000,0.65347
"13-Keto-9Z,11E-octadecadienoic acid",LIN,individual,3:69049356,3,69049356,6.175049e-09,SORBI_3003G375900,0.635949
"13-Keto-9Z,11E-octadecadienoic acid",LIN,individual,3:69049356,3,69049356,6.175049e-09,SORBI_3003G373900,0.629536
"13-Keto-9Z,11E-octadecadienoic acid",LIN,individual,8:47723341,8,47723341,6.182453e-09,SORBI_3008G101000,0.669109
"13-Keto-9Z,11E-octadecadienoic acid",LIN,individual,8:47723341,8,47723341,6.182453e-09,SORBI_3008G101200,0.653738
"13-Keto-9Z,11E-octadecadienoic acid",LIN,individual,8:47723341,8,47723341,6.182453e-09,SORBI_3008G101000,0.639586
"13-Keto-9Z,11E-octadecadienoic acid",LIN,individual,8:47723341,8,47723341,6.182453e-09,SORBI_3008G101200,0.633762
"13-Keto-9Z,11E-octadecadienoic acid",LIN,individual,8:47723341,8,47723341,6.182453e-09,SORBI_3008G101000,0.629945
"13-Keto-9Z,11E-octadecadienoic acid",LIN,individual,8:47723341,8,47723341,6.182453e-09,SORBI_3008G101200,0.628581
"13-Keto-9Z,11E-octadecadienoic acid",LIN,individual,8:47723341,8,47723341,6.182453e-09,SORBI_3008G101200,0.627082
"13-Keto-9Z,11E-octadecadienoic acid",LIN,individual,8:47723341,8,47723341,6.182453e-09,SORBI_3008G101000,0.620008
"13-Keto-9Z,11E-octadecadienoic acid",LIN,individual,8:47723341,8,47723341,6.182453e-09,SORBI_3008G101200,0.607105
"13-Keto-9Z,11E-octadecadienoic acid",LIN,individual,10:53199035,10,53199035,6.233616e-09,SORBI_3010G190700,0.660037
"13-Keto-9Z,11E-octadecadienoic acid",LIN,individual,10:53199035,10,53199035,6.233616e-09,SORBI_3010G190600,0.654204
"13-Keto-9Z,11E-octadecadienoic acid",LIN,individual,10:53199035,10,53199035,6.233616e-09,SORBI_3010G190700,0.654204
"13-Keto-9Z,11E-octadecadienoic acid",LIN,individual,10:53199035,10,53199035,6.233616e-09,SORBI_3010G190700,0.646302
"13-Keto-9Z,11E-octadecadienoic acid",LIN,individual,10:53199035,10,53199035,6.233616e-09,SORBI_3010G190600,0.638908
"13-Keto-9Z,11E-octadecadienoic acid",LIN,individual,10:53199035,10,53199035,6.233616e-09,SORBI_3010G190600,0.624526
"13-Keto-9Z,11E-octadecadienoic acid",LIN,individual,1:12695170,1,12695170,6.283127e-09,SORBI_3001G156600,0.609558
"13-Keto-9Z,11E-octadecadienoic acid",LIN,individual,4:4348612,4,4348612,6.303601e-09,SORBI_3004G053900,0.611512
"13-Keto-9Z,11E-octadecadienoic acid",LIN,individual,9:47860980,9,47860980,6.346681e-09,SORBI_3009G125400,1
"13-Keto-9Z,11E-octadecadienoic acid",LIN,individual,9:47860980,9,47860980,6.346681e-09,SORBI_3009G125400,1
"13-Keto-9Z,11E-octadecadienoic acid",LIN,individual,9:47860980,9,47860980,6.346681e-09,SORBI_3009G125400,0.988268
"13-Keto-9Z,11E-octadecadienoic acid",LIN,individual,9:47860980,9,47860980,6.346681e-09,SORBI_3009G125400,0.988024
"13-Keto-9Z,11E-octadecadienoic acid",LIN,individual,9:47860980,9,47860980,6.346681e-09,SORBI_3009G125400,0.981999
"13-Keto-9Z,11E-octadecadienoic acid",LIN,individual,9:47860980,9,47860980,6.346681e-09,SORBI_3009G125700,0.796891
"13-Keto-9Z,11E-octadecadienoic acid",LIN,individual,9:47860980,9,47860980,6.346681e-09,SORBI_3009G125400,0.787231
"13-Keto-9Z,11E-octadecadienoic acid",LIN,individual,9:47860980,9,47860980,6.346681e-09,SORBI_3009G125600,0.783394
"13-Keto-9Z,11E-octadecadienoic acid",LIN,individual,9:47860980,9,47860980,6.346681e-09,SORBI_3009G125600,0.777568
"13-Keto-9Z,11E-octadecadienoic acid",LIN,individual,9:47860980,9,47860980,6.346681e-09,SORBI_3009G125400,0.766293
"13-Keto-9Z,11E-octadecadienoic acid",LIN,individual,9:47860980,9,47860980,6.346681e-09,SORBI_3009G125400,0.718877
"13-Keto-9Z,11E-octadecadienoic acid",LIN,individual,9:47860980,9,47860980,6.346681e-09,SORBI_3009G125400,0.71102
"13-Keto-9Z,11E-octadecadienoic acid",LIN,individual,9:47860980,9,47860980,6.346681e-09,SORBI_3009G125300,0.671719
"13-Keto-9Z,11E-octadecadienoic acid",LIN,individual,9:47860980,9,47860980,6.346681e-09,SORBI_3009G125300,0.663794
"13-Keto-9Z,11E-octadecadienoic acid",LIN,individual,9:47860980,9,47860980,6.346681e-09,SORBI_3009G125600,0.656063
"13-Keto-9Z,11E-octadecadienoic acid",LIN,individual,9:47860980,9,47860980,6.346681e-09,SORBI_3009G125400,0.64337
"13-Keto-9Z,11E-octadecadienoic acid",LIN,individual,9:47860980,9,47860980,6.346681e-09,SORBI_3009G125700,0.640483
"13-Keto-9Z,11E-octadecadienoic acid",LIN,individual,4:3910088,4,3910088,6.547419e-09,SORBI_3004G048300,1
"13-Keto-9Z,11E-octadecadienoic acid",LIN,individual,4:3910088,4,3910088,6.547419e-09,SORBI_3004G048300,1
"13-Keto-9Z,11E-octadecadienoic acid",LIN,individual,4:3910088,4,3910088,6.547419e-09,SORBI_3004G048800,0.809786
"13-Keto-9Z,11E-octadecadienoic acid",LIN,individual,4:3910088,4,3910088,6.547419e-09,SORBI_3004G048600,0.803838
"13-Keto-9Z,11E-octadecadienoic acid",LIN,individual,4:3910088,4,3910088,6.547419e-09,SORBI_3004G048100,0.794913
"13-Keto-9Z,11E-octadecadienoic acid",LIN,individual,4:3910088,4,3910088,6.547419e-09,SORBI_3004G048300,0.793017
"13-Keto-9Z,11E-octadecadienoic acid",LIN,individual,4:3910088,4,3910088,6.547419e-09,SORBI_3004G048400,0.792638
"13-Keto-9Z,11E-octadecadienoic acid",LIN,individual,4:3910088,4,3910088,6.547419e-09,SORBI_3004G048100,0.789695
"13-Keto-9Z,11E-octadecadienoic acid",LIN,individual,4:3910088,4,3910088,6.547419e-09,SORBI_3004G048100,0.783908
"13-Keto-9Z,11E-octadecadienoic acid",LIN,individual,4:3910088,4,3910088,6.547419e-09,SORBI_3004G048400,0.781714
"13-Keto-9Z,11E-octadecadienoic acid",LIN,individual,4:3910088,4,3910088,6.547419e-09,SORBI_3004G048000,0.780059
"13-Keto-9Z,11E-octadecadienoic acid",LIN,individual,4:3910088,4,3910088,6.547419e-09,SORBI_3004G048600,0.76758
"13-Keto-9Z,11E-octadecadienoic acid",LIN,individual,4:3910088,4,3910088,6.547419e-09,SORBI_3004G049200,0.758726
"13-Keto-9Z,11E-octadecadienoic acid",LIN,individual,4:3910088,4,3910088,6.547419e-09,SORBI_3004G049200,0.752818
"13-Keto-9Z,11E-octadecadienoic acid",LIN,individual,4:3910088,4,3910088,6.547419e-09,SORBI_3004G048500,0.740534
"13-Keto-9Z,11E-octadecadienoic acid",LIN,individual,4:3910088,4,3910088,6.547419e-09,SORBI_3004G048700,0.634598
"13-Keto-9Z,11E-octadecadienoic acid",LIN,individual,4:3910088,4,3910088,6.547419e-09,SORBI_3004G048700,0.632935
"13-Keto-9Z,11E-octadecadienoic acid",LIN,individual,4:3910088,4,3910088,6.547419e-09,SORBI_3004G048700,0.631369
"13-Keto-9Z,11E-octadecadienoic acid",LIN,individual,4:3910088,4,3910088,6.547419e-09,SORBI_3004G048700,0.627693
"13-Keto-9Z,11E-octadecadienoic acid",LIN,individual,4:3910088,4,3910088,6.547419e-09,SORBI_3004G048700,0.627691
"13-Keto-9Z,11E-octadecadienoic acid",LIN,individual,4:3910088,4,3910088,6.547419e-09,SORBI_3004G048700,0.627257
"13-Keto-9Z,11E-octadecadienoic acid",LIN,individual,4:3910088,4,3910088,6.547419e-09,SORBI_3004G048700,0.625568
"13-Keto-9Z,11E-octadecadienoic acid",LIN,individual,4:3910088,4,3910088,6.547419e-09,SORBI_3004G048700,0.623977
"13-Keto-9Z,11E-octadecadienoic acid",LIN,individual,4:3910088,4,3910088,6.547419e-09,SORBI_3004G048700,0.621811
"13-Keto-9Z,11E-octadecadienoic acid",LIN,individual,4:3910088,4,3910088,6.547419e-09,SORBI_3004G048700,0.619935
"13-Keto-9Z,11E-octadecadienoic acid",LIN,individual,4:3910088,4,3910088,6.547419e-09,SORBI_3004G048700,0.618219
"13-Keto-9Z,11E-octadecadienoic acid",LIN,individual,4:3910088,4,3910088,6.547419e-09,SORBI_3004G048201,0.617917
"13-Keto-9Z,11E-octadecadienoic acid",LIN,individual,4:3910088,4,3910088,6.547419e-09,SORBI_3004G048700,0.616602
"13-Keto-9Z,11E-octadecadienoic acid",LIN,individual,4:3910088,4,3910088,6.547419e-09,SORBI_3004G048700,0.61444
"13-Keto-9Z,11E-octadecadienoic acid",LIN,individual,4:3910088,4,3910088,6.547419e-09,SORBI_3004G048700,0.610888
"13-Keto-9Z,11E-octadecadienoic acid",LIN,individual,4:3910088,4,3910088,6.547419e-09,SORBI_3004G048700,0.609246
"13-Keto-9Z,11E-octadecadienoic acid",LIN,individual,4:3910088,4,3910088,6.547419e-09,SORBI_3004G048700,0.609179
"13-Keto-9Z,11E-octadecadienoic acid",LIN,individual,4:3910088,4,3910088,6.547419e-09,SORBI_3004G048700,0.60905
"13-Keto-9Z,11E-octadecadienoic acid",LIN,individual,4:3910088,4,3910088,6.547419e-09,SORBI_3004G048700,0.605506
"13-Keto-9Z,11E-octadecadienoic acid",LIN,individual,4:3910088,4,3910088,6.547419e-09,SORBI_3004G048700,0.604079
"13-Keto-9Z,11E-octadecadienoic acid",LIN,individual,4:3910088,4,3910088,6.547419e-09,SORBI_3004G048700,0.603575
"13-Keto-9Z,11E-octadecadienoic acid",LIN,individual,4:3910088,4,3910088,6.547419e-09,SORBI_3004G048700,0.601907
"13-Keto-9Z,11E-octadecadienoic acid",LIN,individual,9:47861860,9,47861860,6.94941e-09,SORBI_3009G125400,0.964032
"13-Keto-9Z,11E-octadecadienoic acid",LIN,individual,9:47861860,9,47861860,6.94941e-09,SORBI_3009G125400,0.953038
"13-Keto-9Z,11E-octadecadienoic acid",LIN,individual,9:47861860,9,47861860,6.94941e-09,SORBI_3009G125400,0.952093
"13-Keto-9Z,11E-octadecadienoic acid",LIN,individual,9:47861860,9,47861860,6.94941e-09,SORBI_3009G125400,0.945531
"13-Keto-9Z,11E-octadecadienoic acid",LIN,individual,9:47861860,9,47861860,6.94941e-09,SORBI_3009G125700,0.810324
"13-Keto-9Z,11E-octadecadienoic acid",LIN,individual,9:47861860,9,47861860,6.94941e-09,SORBI_3009G125600,0.788931
"13-Keto-9Z,11E-octadecadienoic acid",LIN,individual,9:47861860,9,47861860,6.94941e-09,SORBI_3009G125600,0.782762
"13-Keto-9Z,11E-octadecadienoic acid",LIN,individual,9:47861860,9,47861860,6.94941e-09,SORBI_3009G125400,0.766442
"13-Keto-9Z,11E-octadecadienoic acid",LIN,individual,9:47861860,9,47861860,6.94941e-09,SORBI_3009G125400,0.744463
"13-Keto-9Z,11E-octadecadienoic acid",LIN,individual,9:47861860,9,47861860,6.94941e-09,SORBI_3009G125400,0.693018
"13-Keto-9Z,11E-octadecadienoic acid",LIN,individual,9:47861860,9,47861860,6.94941e-09,SORBI_3009G125400,0.6921
"13-Keto-9Z,11E-octadecadienoic acid",LIN,individual,9:47861860,9,47861860,6.94941e-09,SORBI_3009G125600,0.66494
"13-Keto-9Z,11E-octadecadienoic acid",LIN,individual,9:47861860,9,47861860,6.94941e-09,SORBI_3009G125700,0.655934
"13-Keto-9Z,11E-octadecadienoic acid",LIN,individual,9:47861860,9,47861860,6.94941e-09,SORBI_3009G125300,0.654615
"13-Keto-9Z,11E-octadecadienoic acid",LIN,individual,9:47861860,9,47861860,6.94941e-09,SORBI_3009G125300,0.646426
"13-Keto-9Z,11E-octadecadienoic acid",LIN,individual,9:47861860,9,47861860,6.94941e-09,SORBI_3009G125400,0.619574
"13-Keto-9Z,11E-octadecadienoic acid",LIN,individual,1:16739654,1,16739654,7.139593e-09,SORBI_3001G189300,1
"13-Keto-9Z,11E-octadecadienoic acid",LIN,individual,1:16739654,1,16739654,7.139593e-09,SORBI_3001G189300,1
"13-Keto-9Z,11E-octadecadienoic acid",LIN,individual,1:16739654,1,16739654,7.139593e-09,SORBI_3001G189300,0.99085
"13-Keto-9Z,11E-octadecadienoic acid",LIN,individual,1:16739654,1,16739654,7.139593e-09,SORBI_3001G189300,0.990614
"13-Keto-9Z,11E-octadecadienoic acid",LIN,individual,1:16739654,1,16739654,7.139593e-09,SORBI_3001G189300,0.989891
"13-Keto-9Z,11E-octadecadienoic acid",LIN,individual,1:16739654,1,16739654,7.139593e-09,SORBI_3001G189300,0.982314
"13-Keto-9Z,11E-octadecadienoic acid",LIN,individual,1:16739654,1,16739654,7.139593e-09,SORBI_3001G189300,0.98178
"13-Keto-9Z,11E-octadecadienoic acid",LIN,individual,1:16739654,1,16739654,7.139593e-09,SORBI_3001G189300,0.981141
"13-Keto-9Z,11E-octadecadienoic acid",LIN,individual,1:16739654,1,16739654,7.139593e-09,SORBI_3001G189300,0.972312
"13-Keto-9Z,11E-octadecadienoic acid",LIN,individual,1:16739654,1,16739654,7.139593e-09,SORBI_3001G189300,0.971906
"13-Keto-9Z,11E-octadecadienoic acid",LIN,individual,1:16739654,1,16739654,7.139593e-09,SORBI_3001G189300,0.971603
"13-Keto-9Z,11E-octadecadienoic acid",LIN,individual,1:16739654,1,16739654,7.139593e-09,SORBI_3001G189300,0.97033
"13-Keto-9Z,11E-octadecadienoic acid",LIN,individual,1:16739654,1,16739654,7.139593e-09,SORBI_3001G189300,0.970124
"13-Keto-9Z,11E-octadecadienoic acid",LIN,individual,1:16739654,1,16739654,7.139593e-09,SORBI_3001G189300,0.964922
"13-Keto-9Z,11E-octadecadienoic acid",LIN,individual,1:16739654,1,16739654,7.139593e-09,SORBI_3001G189300,0.963387
"13-Keto-9Z,11E-octadecadienoic acid",LIN,individual,1:16739654,1,16739654,7.139593e-09,SORBI_3001G189300,0.962462
"13-Keto-9Z,11E-octadecadienoic acid",LIN,individual,1:16739654,1,16739654,7.139593e-09,SORBI_3001G189300,0.962194
"13-Keto-9Z,11E-octadecadienoic acid",LIN,individual,1:16739654,1,16739654,7.139593e-09,SORBI_3001G189300,0.954623
"13-Keto-9Z,11E-octadecadienoic acid",LIN,individual,1:16739654,1,16739654,7.139593e-09,SORBI_3001G189300,0.953377
"13-Keto-9Z,11E-octadecadienoic acid",LIN,individual,1:16739654,1,16739654,7.139593e-09,SORBI_3001G189300,0.952772
"13-Keto-9Z,11E-octadecadienoic acid",LIN,individual,1:16739654,1,16739654,7.139593e-09,SORBI_3001G189300,0.944461
"13-Keto-9Z,11E-octadecadienoic acid",LIN,individual,1:16739654,1,16739654,7.139593e-09,SORBI_3001G189300,0.943256
"13-Keto-9Z,11E-octadecadienoic acid",LIN,individual,1:16739654,1,16739654,7.139593e-09,SORBI_3001G189300,0.933826
"13-Keto-9Z,11E-octadecadienoic acid",LIN,individual,1:16739654,1,16739654,7.139593e-09,SORBI_3001G189300,0.907019
"13-Keto-9Z,11E-octadecadienoic acid",LIN,individual,1:16739654,1,16739654,7.139593e-09,SORBI_3001G189300,0.888251
"13-Keto-9Z,11E-octadecadienoic acid",LIN,individual,1:16739654,1,16739654,7.139593e-09,SORBI_3001G189400,0.869682
"13-Keto-9Z,11E-octadecadienoic acid",LIN,individual,1:16739654,1,16739654,7.139593e-09,SORBI_3001G189300,0.859384
"13-Keto-9Z,11E-octadecadienoic acid",LIN,individual,1:16739654,1,16739654,7.139593e-09,SORBI_3001G187500,0.833214
"13-Keto-9Z,11E-octadecadienoic acid",LIN,individual,1:16739654,1,16739654,7.139593e-09,SORBI_3001G187500,0.833163
"13-Keto-9Z,11E-octadecadienoic acid",LIN,individual,1:16739654,1,16739654,7.139593e-09,SORBI_3001G187600,0.820378
"13-Keto-9Z,11E-octadecadienoic acid",LIN,individual,1:16739654,1,16739654,7.139593e-09,SORBI_3001G187500,0.816477
"13-Keto-9Z,11E-octadecadienoic acid",LIN,individual,1:16739654,1,16739654,7.139593e-09,SORBI_3001G187500,0.814704
"13-Keto-9Z,11E-octadecadienoic acid",LIN,individual,1:16739654,1,16739654,7.139593e-09,SORBI_3001G187400,0.812895
"13-Keto-9Z,11E-octadecadienoic acid",LIN,individual,1:16739654,1,16739654,7.139593e-09,SORBI_3001G187500,0.808775
"13-Keto-9Z,11E-octadecadienoic acid",LIN,individual,1:16739654,1,16739654,7.139593e-09,SORBI_3001G187500,0.80327
"13-Keto-9Z,11E-octadecadienoic acid",LIN,individual,1:16739654,1,16739654,7.139593e-09,SORBI_3001G187500,0.802894
"13-Keto-9Z,11E-octadecadienoic acid",LIN,individual,1:16739654,1,16739654,7.139593e-09,SORBI_3001G187500,0.796626
"13-Keto-9Z,11E-octadecadienoic acid",LIN,individual,1:16739654,1,16739654,7.139593e-09,SORBI_3001G187400,0.790145
"13-Keto-9Z,11E-octadecadienoic acid",LIN,individual,1:16739654,1,16739654,7.139593e-09,SORBI_3001G187400,0.790056
"13-Keto-9Z,11E-octadecadienoic acid",LIN,individual,1:16739654,1,16739654,7.139593e-09,SORBI_3001G189600,0.787192
"13-Keto-9Z,11E-octadecadienoic acid",LIN,individual,1:16739654,1,16739654,7.139593e-09,SORBI_3001G187500,0.786204
"13-Keto-9Z,11E-octadecadienoic acid",LIN,individual,1:16739654,1,16739654,7.139593e-09,SORBI_3001G187500,0.785376
"13-Keto-9Z,11E-octadecadienoic acid",LIN,individual,1:16739654,1,16739654,7.139593e-09,SORBI_3001G187400,0.78519
"13-Keto-9Z,11E-octadecadienoic acid",LIN,individual,1:16739654,1,16739654,7.139593e-09,SORBI_3001G187500,0.781246
"13-Keto-9Z,11E-octadecadienoic acid",LIN,individual,1:16739654,1,16739654,7.139593e-09,SORBI_3001G187500,0.781176
"13-Keto-9Z,11E-octadecadienoic acid",LIN,individual,1:16739654,1,16739654,7.139593e-09,SORBI_3001G187500,0.780816
"13-Keto-9Z,11E-octadecadienoic acid",LIN,individual,1:16739654,1,16739654,7.139593e-09,SORBI_3001G187800,0.772095
"13-Keto-9Z,11E-octadecadienoic acid",LIN,individual,1:16739654,1,16739654,7.139593e-09,SORBI_3001G187400,0.762343
"13-Keto-9Z,11E-octadecadienoic acid",LIN,individual,1:16739654,1,16739654,7.139593e-09,SORBI_3001G187500,0.760564
"13-Keto-9Z,11E-octadecadienoic acid",LIN,individual,1:16739654,1,16739654,7.139593e-09,SORBI_3001G187800,0.760564
"13-Keto-9Z,11E-octadecadienoic acid",LIN,individual,1:16739654,1,16739654,7.139593e-09,SORBI_3001G187400,0.760423
"13-Keto-9Z,11E-octadecadienoic acid",LIN,individual,1:16739654,1,16739654,7.139593e-09,SORBI_3001G187500,0.75843
"13-Keto-9Z,11E-octadecadienoic acid",LIN,individual,1:16739654,1,16739654,7.139593e-09,SORBI_3001G187500,0.757739
"13-Keto-9Z,11E-octadecadienoic acid",LIN,individual,1:16739654,1,16739654,7.139593e-09,SORBI_3001G188800,0.732904
"13-Keto-9Z,11E-octadecadienoic acid",LIN,individual,1:16739654,1,16739654,7.139593e-09,SORBI_3001G188900,0.732904
"13-Keto-9Z,11E-octadecadienoic acid",LIN,individual,1:16739654,1,16739654,7.139593e-09,SORBI_3001G188900,0.723993
"13-Keto-9Z,11E-octadecadienoic acid",LIN,individual,1:16739654,1,16739654,7.139593e-09,SORBI_3001G188900,0.720878
"13-Keto-9Z,11E-octadecadienoic acid",LIN,individual,1:16739654,1,16739654,7.139593e-09,SORBI_3001G188900,0.720657
"13-Keto-9Z,11E-octadecadienoic acid",LIN,individual,1:16739654,1,16739654,7.139593e-09,SORBI_3001G188900,0.719426
"13-Keto-9Z,11E-octadecadienoic acid",LIN,individual,1:16739654,1,16739654,7.139593e-09,SORBI_3001G188900,0.715596
"13-Keto-9Z,11E-octadecadienoic acid",LIN,individual,1:16739654,1,16739654,7.139593e-09,SORBI_3001G189000,0.714816
"13-Keto-9Z,11E-octadecadienoic acid",LIN,individual,1:16739654,1,16739654,7.139593e-09,SORBI_3001G187800,0.714672
"13-Keto-9Z,11E-octadecadienoic acid",LIN,individual,1:16739654,1,16739654,7.139593e-09,SORBI_3001G188900,0.708892
"13-Keto-9Z,11E-octadecadienoic acid",LIN,individual,1:16739654,1,16739654,7.139593e-09,SORBI_3001G188900,0.702774
"13-Keto-9Z,11E-octadecadienoic acid",LIN,individual,1:16739654,1,16739654,7.139593e-09,SORBI_3001G188900,0.700016
"13-Keto-9Z,11E-octadecadienoic acid",LIN,individual,1:16739654,1,16739654,7.139593e-09,SORBI_3001G187800,0.698033
"13-Keto-9Z,11E-octadecadienoic acid",LIN,individual,1:16739654,1,16739654,7.139593e-09,SORBI_3001G188900,0.696946
"13-Keto-9Z,11E-octadecadienoic acid",LIN,individual,1:16739654,1,16739654,7.139593e-09,SORBI_3001G188900,0.690836
"13-Keto-9Z,11E-octadecadienoic acid",LIN,individual,1:16739654,1,16739654,7.139593e-09,SORBI_3001G187800,0.688227
"13-Keto-9Z,11E-octadecadienoic acid",LIN,individual,1:16739654,1,16739654,7.139593e-09,SORBI_3001G188900,0.687764
"13-Keto-9Z,11E-octadecadienoic acid",LIN,individual,1:16739654,1,16739654,7.139593e-09,SORBI_3001G188100,0.686167
"13-Keto-9Z,11E-octadecadienoic acid",LIN,individual,1:16739654,1,16739654,7.139593e-09,SORBI_3001G189300,0.685585
"13-Keto-9Z,11E-octadecadienoic acid",LIN,individual,1:16739654,1,16739654,7.139593e-09,SORBI_3001G188900,0.679607
"13-Keto-9Z,11E-octadecadienoic acid",LIN,individual,1:16739654,1,16739654,7.139593e-09,SORBI_3001G188900,0.679043
"13-Keto-9Z,11E-octadecadienoic acid",LIN,individual,1:16739654,1,16739654,7.139593e-09,SORBI_3001G187500,0.678745
"13-Keto-9Z,11E-octadecadienoic acid",LIN,individual,1:16739654,1,16739654,7.139593e-09,SORBI_3001G189300,0.67627
"13-Keto-9Z,11E-octadecadienoic acid",LIN,individual,1:16739654,1,16739654,7.139593e-09,SORBI_3001G189300,0.67621
"13-Keto-9Z,11E-octadecadienoic acid",LIN,individual,1:16739654,1,16739654,7.139593e-09,SORBI_3001G188900,0.675474
"13-Keto-9Z,11E-octadecadienoic acid",LIN,individual,1:16739654,1,16739654,7.139593e-09,SORBI_3001G187800,0.671377
"13-Keto-9Z,11E-octadecadienoic acid",LIN,individual,1:16739654,1,16739654,7.139593e-09,SORBI_3001G188900,0.66745
"13-Keto-9Z,11E-octadecadienoic acid",LIN,individual,1:16739654,1,16739654,7.139593e-09,SORBI_3001G187800,0.659511
"13-Keto-9Z,11E-octadecadienoic acid",LIN,individual,1:16739654,1,16739654,7.139593e-09,SORBI_3001G189200,0.65849
"13-Keto-9Z,11E-octadecadienoic acid",LIN,individual,1:16739654,1,16739654,7.139593e-09,SORBI_3001G189000,0.653744
"13-Keto-9Z,11E-octadecadienoic acid",LIN,individual,1:16739654,1,16739654,7.139593e-09,SORBI_3001G187800,0.651333
"13-Keto-9Z,11E-octadecadienoic acid",LIN,individual,1:16739654,1,16739654,7.139593e-09,SORBI_3001G189200,0.649607
"13-Keto-9Z,11E-octadecadienoic acid",LIN,individual,1:16739654,1,16739654,7.139593e-09,SORBI_3001G189200,0.649495
"13-Keto-9Z,11E-octadecadienoic acid",LIN,individual,1:16739654,1,16739654,7.139593e-09,SORBI_3001G187800,0.644248
"13-Keto-9Z,11E-octadecadienoic acid",LIN,individual,1:16739654,1,16739654,7.139593e-09,SORBI_3001G189000,0.643237
"13-Keto-9Z,11E-octadecadienoic acid",LIN,individual,1:16739654,1,16739654,7.139593e-09,SORBI_3001G189200,0.640153
"13-Keto-9Z,11E-octadecadienoic acid",LIN,individual,1:16739654,1,16739654,7.139593e-09,SORBI_3001G187800,0.639953
"13-Keto-9Z,11E-octadecadienoic acid",LIN,individual,1:16739654,1,16739654,7.139593e-09,SORBI_3001G188900,0.633873
"13-Keto-9Z,11E-octadecadienoic acid",LIN,individual,1:16739654,1,16739654,7.139593e-09,SORBI_3001G189200,0.631037
"13-Keto-9Z,11E-octadecadienoic acid",LIN,individual,1:16739654,1,16739654,7.139593e-09,SORBI_3001G189300,0.631037
"13-Keto-9Z,11E-octadecadienoic acid",LIN,individual,1:16739654,1,16739654,7.139593e-09,SORBI_3001G189200,0.630595
"13-Keto-9Z,11E-octadecadienoic acid",LIN,individual,1:16739654,1,16739654,7.139593e-09,SORBI_3001G188700,0.625326
"13-Keto-9Z,11E-octadecadienoic acid",LIN,individual,1:16739654,1,16739654,7.139593e-09,SORBI_3001G188700,0.624154
"13-Keto-9Z,11E-octadecadienoic acid",LIN,individual,1:16739654,1,16739654,7.139593e-09,SORBI_3001G189200,0.622567
"13-Keto-9Z,11E-octadecadienoic acid",LIN,individual,1:16739654,1,16739654,7.139593e-09,SORBI_3001G189000,0.622366
"13-Keto-9Z,11E-octadecadienoic acid",LIN,individual,1:16739654,1,16739654,7.139593e-09,SORBI_3001G189300,0.622175
"13-Keto-9Z,11E-octadecadienoic acid",LIN,individual,1:16739654,1,16739654,7.139593e-09,SORBI_3001G189000,0.621869
"13-Keto-9Z,11E-octadecadienoic acid",LIN,individual,1:16739654,1,16739654,7.139593e-09,SORBI_3001G188700,0.620059
"13-Keto-9Z,11E-octadecadienoic acid",LIN,individual,1:16739654,1,16739654,7.139593e-09,SORBI_3001G188700,0.619637
"13-Keto-9Z,11E-octadecadienoic acid",LIN,individual,1:16739654,1,16739654,7.139593e-09,SORBI_3001G189000,0.618595
"13-Keto-9Z,11E-octadecadienoic acid",LIN,individual,1:16739654,1,16739654,7.139593e-09,SORBI_3001G189000,0.618485
"13-Keto-9Z,11E-octadecadienoic acid",LIN,individual,1:16739654,1,16739654,7.139593e-09,SORBI_3001G187800,0.616605
"13-Keto-9Z,11E-octadecadienoic acid",LIN,individual,1:16739654,1,16739654,7.139593e-09,SORBI_3001G189200,0.613737
"13-Keto-9Z,11E-octadecadienoic acid",LIN,individual,1:16739654,1,16739654,7.139593e-09,SORBI_3001G189000,0.613599
"13-Keto-9Z,11E-octadecadienoic acid",LIN,individual,1:16739654,1,16739654,7.139593e-09,SORBI_3001G189100,0.613599
"13-Keto-9Z,11E-octadecadienoic acid",LIN,individual,1:16739654,1,16739654,7.139593e-09,SORBI_3001G189200,0.613599
"13-Keto-9Z,11E-octadecadienoic acid",LIN,individual,1:16739654,1,16739654,7.139593e-09,SORBI_3001G189000,0.613252
"13-Keto-9Z,11E-octadecadienoic acid",LIN,individual,1:16739654,1,16739654,7.139593e-09,SORBI_3001G188700,0.612876
"13-Keto-9Z,11E-octadecadienoic acid",LIN,individual,1:16739654,1,16739654,7.139593e-09,SORBI_3001G189300,0.61187
"13-Keto-9Z,11E-octadecadienoic acid",LIN,individual,1:16739654,1,16739654,7.139593e-09,SORBI_3001G188700,0.611672
"13-Keto-9Z,11E-octadecadienoic acid",LIN,individual,1:16739654,1,16739654,7.139593e-09,SORBI_3001G188700,0.611284
"13-Keto-9Z,11E-octadecadienoic acid",LIN,individual,1:16739654,1,16739654,7.139593e-09,SORBI_3001G188700,0.611026
"13-Keto-9Z,11E-octadecadienoic acid",LIN,individual,1:16739654,1,16739654,7.139593e-09,SORBI_3001G189000,0.604963
"13-Keto-9Z,11E-octadecadienoic acid",LIN,individual,1:16739654,1,16739654,7.139593e-09,SORBI_3001G189000,0.604287
"13-Keto-9Z,11E-octadecadienoic acid",LIN,individual,1:16739654,1,16739654,7.139593e-09,SORBI_3001G189100,0.604287
"13-Keto-9Z,11E-octadecadienoic acid",LIN,individual,1:16739654,1,16739654,7.139593e-09,SORBI_3001G189200,0.604287
"13-Keto-9Z,11E-octadecadienoic acid",LIN,individual,1:16739654,1,16739654,7.139593e-09,SORBI_3001G189000,0.604255
"13-Keto-9Z,11E-octadecadienoic acid",LIN,individual,1:16739654,1,16739654,7.139593e-09,SORBI_3001G189100,0.604255
"13-Keto-9Z,11E-octadecadienoic acid",LIN,individual,1:16739654,1,16739654,7.139593e-09,SORBI_3001G189200,0.604255
"13-Keto-9Z,11E-octadecadienoic acid",LIN,individual,1:16739654,1,16739654,7.139593e-09,SORBI_3001G189000,0.603465
"13-Keto-9Z,11E-octadecadienoic acid",LIN,individual,1:16737606,1,16737606,7.198343e-09,SORBI_3001G189300,1
"13-Keto-9Z,11E-octadecadienoic acid",LIN,individual,1:16737606,1,16737606,7.198343e-09,SORBI_3001G189300,1
"13-Keto-9Z,11E-octadecadienoic acid",LIN,individual,1:16737606,1,16737606,7.198343e-09,SORBI_3001G189300,0.991387
"13-Keto-9Z,11E-octadecadienoic acid",LIN,individual,1:16737606,1,16737606,7.198343e-09,SORBI_3001G189300,0.983317
"13-Keto-9Z,11E-octadecadienoic acid",LIN,individual,1:16737606,1,16737606,7.198343e-09,SORBI_3001G189300,0.982284
"13-Keto-9Z,11E-octadecadienoic acid",LIN,individual,1:16737606,1,16737606,7.198343e-09,SORBI_3001G189300,0.973954
"13-Keto-9Z,11E-octadecadienoic acid",LIN,individual,1:16737606,1,16737606,7.198343e-09,SORBI_3001G189300,0.973331
"13-Keto-9Z,11E-octadecadienoic acid",LIN,individual,1:16737606,1,16737606,7.198343e-09,SORBI_3001G189300,0.969381
"13-Keto-9Z,11E-octadecadienoic acid",LIN,individual,1:16737606,1,16737606,7.198343e-09,SORBI_3001G189300,0.966896
"13-Keto-9Z,11E-octadecadienoic acid",LIN,individual,1:16737606,1,16737606,7.198343e-09,SORBI_3001G189300,0.96554
"13-Keto-9Z,11E-octadecadienoic acid",LIN,individual,1:16737606,1,16737606,7.198343e-09,SORBI_3001G189300,0.964726
"13-Keto-9Z,11E-octadecadienoic acid",LIN,individual,1:16737606,1,16737606,7.198343e-09,SORBI_3001G189300,0.96449
"13-Keto-9Z,11E-octadecadienoic acid",LIN,individual,1:16737606,1,16737606,7.198343e-09,SORBI_3001G189300,0.962462
"13-Keto-9Z,11E-octadecadienoic acid",LIN,individual,1:16737606,1,16737606,7.198343e-09,SORBI_3001G189300,0.957268
"13-Keto-9Z,11E-octadecadienoic acid",LIN,individual,1:16737606,1,16737606,7.198343e-09,SORBI_3001G189300,0.95617
"13-Keto-9Z,11E-octadecadienoic acid",LIN,individual,1:16737606,1,16737606,7.198343e-09,SORBI_3001G189300,0.955642
"13-Keto-9Z,11E-octadecadienoic acid",LIN,individual,1:16737606,1,16737606,7.198343e-09,SORBI_3001G189300,0.955536
"13-Keto-9Z,11E-octadecadienoic acid",LIN,individual,1:16737606,1,16737606,7.198343e-09,SORBI_3001G189300,0.95482
"13-Keto-9Z,11E-octadecadienoic acid",LIN,individual,1:16737606,1,16737606,7.198343e-09,SORBI_3001G189300,0.949389
"13-Keto-9Z,11E-octadecadienoic acid",LIN,individual,1:16737606,1,16737606,7.198343e-09,SORBI_3001G189300,0.949038
"13-Keto-9Z,11E-octadecadienoic acid",LIN,individual,1:16737606,1,16737606,7.198343e-09,SORBI_3001G189300,0.947763
"13-Keto-9Z,11E-octadecadienoic acid",LIN,individual,1:16737606,1,16737606,7.198343e-09,SORBI_3001G189300,0.947127
"13-Keto-9Z,11E-octadecadienoic acid",LIN,individual,1:16737606,1,16737606,7.198343e-09,SORBI_3001G189300,0.946711
"13-Keto-9Z,11E-octadecadienoic acid",LIN,individual,1:16737606,1,16737606,7.198343e-09,SORBI_3001G189300,0.920281
"13-Keto-9Z,11E-octadecadienoic acid",LIN,individual,1:16737606,1,16737606,7.198343e-09,SORBI_3001G189400,0.91193
"13-Keto-9Z,11E-octadecadienoic acid",LIN,individual,1:16737606,1,16737606,7.198343e-09,SORBI_3001G189600,0.853582
"13-Keto-9Z,11E-octadecadienoic acid",LIN,individual,1:16737606,1,16737606,7.198343e-09,SORBI_3001G187600,0.829772
"13-Keto-9Z,11E-octadecadienoic acid",LIN,individual,1:16737606,1,16737606,7.198343e-09,SORBI_3001G187500,0.825843
"13-Keto-9Z,11E-octadecadienoic acid",LIN,individual,1:16737606,1,16737606,7.198343e-09,SORBI_3001G187500,0.820236
"13-Keto-9Z,11E-octadecadienoic acid",LIN,individual,1:16737606,1,16737606,7.198343e-09,SORBI_3001G187500,0.820177
"13-Keto-9Z,11E-octadecadienoic acid",LIN,individual,1:16737606,1,16737606,7.198343e-09,SORBI_3001G187400,0.818962
"13-Keto-9Z,11E-octadecadienoic acid",LIN,individual,1:16737606,1,16737606,7.198343e-09,SORBI_3001G187500,0.818962
"13-Keto-9Z,11E-octadecadienoic acid",LIN,individual,1:16737606,1,16737606,7.198343e-09,SORBI_3001G187500,0.814704
"13-Keto-9Z,11E-octadecadienoic acid",LIN,individual,1:16737606,1,16737606,7.198343e-09,SORBI_3001G187500,0.81342
"13-Keto-9Z,11E-octadecadienoic acid",LIN,individual,1:16737606,1,16737606,7.198343e-09,SORBI_3001G187500,0.813042
"13-Keto-9Z,11E-octadecadienoic acid",LIN,individual,1:16737606,1,16737606,7.198343e-09,SORBI_3001G187400,0.81246
"13-Keto-9Z,11E-octadecadienoic acid",LIN,individual,1:16737606,1,16737606,7.198343e-09,SORBI_3001G187400,0.812332
"13-Keto-9Z,11E-octadecadienoic acid",LIN,individual,1:16737606,1,16737606,7.198343e-09,SORBI_3001G187500,0.80838
"13-Keto-9Z,11E-octadecadienoic acid",LIN,individual,1:16737606,1,16737606,7.198343e-09,SORBI_3001G187400,0.80758
"13-Keto-9Z,11E-octadecadienoic acid",LIN,individual,1:16737606,1,16737606,7.198343e-09,SORBI_3001G189300,0.807481
"13-Keto-9Z,11E-octadecadienoic acid",LIN,individual,1:16737606,1,16737606,7.198343e-09,SORBI_3001G187500,0.796626
"13-Keto-9Z,11E-octadecadienoic acid",LIN,individual,1:16737606,1,16737606,7.198343e-09,SORBI_3001G187500,0.796614
"13-Keto-9Z,11E-octadecadienoic acid",LIN,individual,1:16737606,1,16737606,7.198343e-09,SORBI_3001G187500,0.792984
"13-Keto-9Z,11E-octadecadienoic acid",LIN,individual,1:16737606,1,16737606,7.198343e-09,SORBI_3001G187500,0.792913
"13-Keto-9Z,11E-octadecadienoic acid",LIN,individual,1:16737606,1,16737606,7.198343e-09,SORBI_3001G187400,0.791327
"13-Keto-9Z,11E-octadecadienoic acid",LIN,individual,1:16737606,1,16737606,7.198343e-09,SORBI_3001G187400,0.786252
"13-Keto-9Z,11E-octadecadienoic acid",LIN,individual,1:16737606,1,16737606,7.198343e-09,SORBI_3001G187400,0.786155
"13-Keto-9Z,11E-octadecadienoic acid",LIN,individual,1:16737606,1,16737606,7.198343e-09,SORBI_3001G187800,0.784423
"13-Keto-9Z,11E-octadecadienoic acid",LIN,individual,1:16737606,1,16737606,7.198343e-09,SORBI_3001G187500,0.782
"13-Keto-9Z,11E-octadecadienoic acid",LIN,individual,1:16737606,1,16737606,7.198343e-09,SORBI_3001G187400,0.774538
"13-Keto-9Z,11E-octadecadienoic acid",LIN,individual,1:16737606,1,16737606,7.198343e-09,SORBI_3001G187800,0.773684
"13-Keto-9Z,11E-octadecadienoic acid",LIN,individual,1:16737606,1,16737606,7.198343e-09,SORBI_3001G187500,0.772553
"13-Keto-9Z,11E-octadecadienoic acid",LIN,individual,1:16737606,1,16737606,7.198343e-09,SORBI_3001G187500,0.770704
"13-Keto-9Z,11E-octadecadienoic acid",LIN,individual,1:16737606,1,16737606,7.198343e-09,SORBI_3001G187400,0.764333
"13-Keto-9Z,11E-octadecadienoic acid",LIN,individual,1:16737606,1,16737606,7.198343e-09,SORBI_3001G187500,0.762657
"13-Keto-9Z,11E-octadecadienoic acid",LIN,individual,1:16737606,1,16737606,7.198343e-09,SORBI_3001G187400,0.760703
"13-Keto-9Z,11E-octadecadienoic acid",LIN,individual,1:16737606,1,16737606,7.198343e-09,SORBI_3001G187400,0.750516
"13-Keto-9Z,11E-octadecadienoic acid",LIN,individual,1:16737606,1,16737606,7.198343e-09,SORBI_3001G188900,0.749447
"13-Keto-9Z,11E-octadecadienoic acid",LIN,individual,1:16737606,1,16737606,7.198343e-09,SORBI_3001G188800,0.746316
"13-Keto-9Z,11E-octadecadienoic acid",LIN,individual,1:16737606,1,16737606,7.198343e-09,SORBI_3001G188900,0.746316
"13-Keto-9Z,11E-octadecadienoic acid",LIN,individual,1:16737606,1,16737606,7.198343e-09,SORBI_3001G187400,0.739907
"13-Keto-9Z,11E-octadecadienoic acid",LIN,individual,1:16737606,1,16737606,7.198343e-09,SORBI_3001G188900,0.738314
"13-Keto-9Z,11E-octadecadienoic acid",LIN,individual,1:16737606,1,16737606,7.198343e-09,SORBI_3001G187400,0.736968
"13-Keto-9Z,11E-octadecadienoic acid",LIN,individual,1:16737606,1,16737606,7.198343e-09,SORBI_3001G188900,0.734879
"13-Keto-9Z,11E-octadecadienoic acid",LIN,individual,1:16737606,1,16737606,7.198343e-09,SORBI_3001G188900,0.734676
"13-Keto-9Z,11E-octadecadienoic acid",LIN,individual,1:16737606,1,16737606,7.198343e-09,SORBI_3001G188900,0.7308
"13-Keto-9Z,11E-octadecadienoic acid",LIN,individual,1:16737606,1,16737606,7.198343e-09,SORBI_3001G187400,0.730747
"13-Keto-9Z,11E-octadecadienoic acid",LIN,individual,1:16737606,1,16737606,7.198343e-09,SORBI_3001G189000,0.729243
"13-Keto-9Z,11E-octadecadienoic acid",LIN,individual,1:16737606,1,16737606,7.198343e-09,SORBI_3001G187800,0.723024
"13-Keto-9Z,11E-octadecadienoic acid",LIN,individual,1:16737606,1,16737606,7.198343e-09,SORBI_3001G188900,0.718015
"13-Keto-9Z,11E-octadecadienoic acid",LIN,individual,1:16737606,1,16737606,7.198343e-09,SORBI_3001G188100,0.715247
"13-Keto-9Z,11E-octadecadienoic acid",LIN,individual,1:16737606,1,16737606,7.198343e-09,SORBI_3001G188900,0.712796
"13-Keto-9Z,11E-octadecadienoic acid",LIN,individual,1:16737606,1,16737606,7.198343e-09,SORBI_3001G188900,0.709449
"13-Keto-9Z,11E-octadecadienoic acid",LIN,individual,1:16737606,1,16737606,7.198343e-09,SORBI_3001G187800,0.707217
"13-Keto-9Z,11E-octadecadienoic acid",LIN,individual,1:16737606,1,16737606,7.198343e-09,SORBI_3001G188900,0.706826
"13-Keto-9Z,11E-octadecadienoic acid",LIN,individual,1:16737606,1,16737606,7.198343e-09,SORBI_3001G188900,0.70646
"13-Keto-9Z,11E-octadecadienoic acid",LIN,individual,1:16737606,1,16737606,7.198343e-09,SORBI_3001G188900,0.702558
"13-Keto-9Z,11E-octadecadienoic acid",LIN,individual,1:16737606,1,16737606,7.198343e-09,SORBI_3001G188900,0.701154
"13-Keto-9Z,11E-octadecadienoic acid",LIN,individual,1:16737606,1,16737606,7.198343e-09,SORBI_3001G188900,0.696327
"13-Keto-9Z,11E-octadecadienoic acid",LIN,individual,1:16737606,1,16737606,7.198343e-09,SORBI_3001G188900,0.691079
"13-Keto-9Z,11E-octadecadienoic acid",LIN,individual,1:16737606,1,16737606,7.198343e-09,SORBI_3001G187500,0.690278
"13-Keto-9Z,11E-octadecadienoic acid",LIN,individual,1:16737606,1,16737606,7.198343e-09,SORBI_3001G187800,0.687222
"13-Keto-9Z,11E-octadecadienoic acid",LIN,individual,1:16737606,1,16737606,7.198343e-09,SORBI_3001G188900,0.684222
"13-Keto-9Z,11E-octadecadienoic acid",LIN,individual,1:16737606,1,16737606,7.198343e-09,SORBI_3001G189000,0.675619
"13-Keto-9Z,11E-octadecadienoic acid",LIN,individual,1:16737606,1,16737606,7.198343e-09,SORBI_3001G189300,0.671086
"13-Keto-9Z,11E-octadecadienoic acid",LIN,individual,1:16737606,1,16737606,7.198343e-09,SORBI_3001G187800,0.664163
"13-Keto-9Z,11E-octadecadienoic acid",LIN,individual,1:16737606,1,16737606,7.198343e-09,SORBI_3001G189300,0.66265
"13-Keto-9Z,11E-octadecadienoic acid",LIN,individual,1:16737606,1,16737606,7.198343e-09,SORBI_3001G189300,0.661981
"13-Keto-9Z,11E-octadecadienoic acid",LIN,individual,1:16737606,1,16737606,7.198343e-09,SORBI_3001G187800,0.656345
"13-Keto-9Z,11E-octadecadienoic acid",LIN,individual,1:16737606,1,16737606,7.198343e-09,SORBI_3001G188700,0.65485
"13-Keto-9Z,11E-octadecadienoic acid",LIN,individual,1:16737606,1,16737606,7.198343e-09,SORBI_3001G187800,0.647396
"13-Keto-9Z,11E-octadecadienoic acid",LIN,individual,1:16737606,1,16737606,7.198343e-09,SORBI_3001G188700,0.643191
"13-Keto-9Z,11E-octadecadienoic acid",LIN,individual,1:16737606,1,16737606,7.198343e-09,SORBI_3001G188700,0.641213
"13-Keto-9Z,11E-octadecadienoic acid",LIN,individual,1:16737606,1,16737606,7.198343e-09,SORBI_3001G188700,0.640437
"13-Keto-9Z,11E-octadecadienoic acid",LIN,individual,1:16737606,1,16737606,7.198343e-09,SORBI_3001G187800,0.639935
"13-Keto-9Z,11E-octadecadienoic acid",LIN,individual,1:16737606,1,16737606,7.198343e-09,SORBI_3001G188900,0.639194
"13-Keto-9Z,11E-octadecadienoic acid",LIN,individual,1:16737606,1,16737606,7.198343e-09,SORBI_3001G189000,0.63867
"13-Keto-9Z,11E-octadecadienoic acid",LIN,individual,1:16737606,1,16737606,7.198343e-09,SORBI_3001G189200,0.637334
"13-Keto-9Z,11E-octadecadienoic acid",LIN,individual,1:16737606,1,16737606,7.198343e-09,SORBI_3001G189300,0.636301
"13-Keto-9Z,11E-octadecadienoic acid",LIN,individual,1:16737606,1,16737606,7.198343e-09,SORBI_3001G188700,0.636006
"13-Keto-9Z,11E-octadecadienoic acid",LIN,individual,1:16737606,1,16737606,7.198343e-09,SORBI_3001G188700,0.629531
"13-Keto-9Z,11E-octadecadienoic acid",LIN,individual,1:16737606,1,16737606,7.198343e-09,SORBI_3001G188700,0.628737
"13-Keto-9Z,11E-octadecadienoic acid",LIN,individual,1:16737606,1,16737606,7.198343e-09,SORBI_3001G189200,0.628248
"13-Keto-9Z,11E-octadecadienoic acid",LIN,individual,1:16737606,1,16737606,7.198343e-09,SORBI_3001G188700,0.628077
"13-Keto-9Z,11E-octadecadienoic acid",LIN,individual,1:16737606,1,16737606,7.198343e-09,SORBI_3001G189300,0.627764
"13-Keto-9Z,11E-octadecadienoic acid",LIN,individual,1:16737606,1,16737606,7.198343e-09,SORBI_3001G188700,0.627546
"13-Keto-9Z,11E-octadecadienoic acid",LIN,individual,1:16737606,1,16737606,7.198343e-09,SORBI_3001G188700,0.624288
"13-Keto-9Z,11E-octadecadienoic acid",LIN,individual,1:16737606,1,16737606,7.198343e-09,SORBI_3001G189200,0.619634
"13-Keto-9Z,11E-octadecadienoic acid",LIN,individual,1:16737606,1,16737606,7.198343e-09,SORBI_3001G187700,0.619408
"13-Keto-9Z,11E-octadecadienoic acid",LIN,individual,1:16737606,1,16737606,7.198343e-09,SORBI_3001G189200,0.619331
"13-Keto-9Z,11E-octadecadienoic acid",LIN,individual,1:16737606,1,16737606,7.198343e-09,SORBI_3001G187800,0.619177
"13-Keto-9Z,11E-octadecadienoic acid",LIN,individual,1:16737606,1,16737606,7.198343e-09,SORBI_3001G188700,0.617058
"13-Keto-9Z,11E-octadecadienoic acid",LIN,individual,1:16737606,1,16737606,7.198343e-09,SORBI_3001G188700,0.616383
"13-Keto-9Z,11E-octadecadienoic acid",LIN,individual,1:16737606,1,16737606,7.198343e-09,SORBI_3001G188700,0.615839
"13-Keto-9Z,11E-octadecadienoic acid",LIN,individual,1:16737606,1,16737606,7.198343e-09,SORBI_3001G188700,0.615758
"13-Keto-9Z,11E-octadecadienoic acid",LIN,individual,1:16737606,1,16737606,7.198343e-09,SORBI_3001G188700,0.611542
"13-Keto-9Z,11E-octadecadienoic acid",LIN,individual,1:16737606,1,16737606,7.198343e-09,SORBI_3001G189100,0.611416
"13-Keto-9Z,11E-octadecadienoic acid",LIN,individual,1:16737606,1,16737606,7.198343e-09,SORBI_3001G188700,0.610974
"13-Keto-9Z,11E-octadecadienoic acid",LIN,individual,1:16737606,1,16737606,7.198343e-09,SORBI_3001G189000,0.610269
"13-Keto-9Z,11E-octadecadienoic acid",LIN,individual,1:16737606,1,16737606,7.198343e-09,SORBI_3001G189000,0.609707
"13-Keto-9Z,11E-octadecadienoic acid",LIN,individual,1:16737606,1,16737606,7.198343e-09,SORBI_3001G189000,0.606004
"13-Keto-9Z,11E-octadecadienoic acid",LIN,individual,1:16737606,1,16737606,7.198343e-09,SORBI_3001G189000,0.60588
"13-Keto-9Z,11E-octadecadienoic acid",LIN,individual,1:16737606,1,16737606,7.198343e-09,SORBI_3001G188700,0.604711
"13-Keto-9Z,11E-octadecadienoic acid",LIN,individual,1:16737606,1,16737606,7.198343e-09,SORBI_3001G188700,0.604153
"13-Keto-9Z,11E-octadecadienoic acid",LIN,individual,1:16737606,1,16737606,7.198343e-09,SORBI_3001G189300,0.604036
"13-Keto-9Z,11E-octadecadienoic acid",LIN,individual,1:16737606,1,16737606,7.198343e-09,SORBI_3001G189000,0.603768
"13-Keto-9Z,11E-octadecadienoic acid",LIN,individual,1:16737606,1,16737606,7.198343e-09,SORBI_3001G189100,0.603768
"13-Keto-9Z,11E-octadecadienoic acid",LIN,individual,1:16737606,1,16737606,7.198343e-09,SORBI_3001G189200,0.603768
"13-Keto-9Z,11E-octadecadienoic acid",LIN,individual,1:16737606,1,16737606,7.198343e-09,SORBI_3001G187500,0.603767
"13-Keto-9Z,11E-octadecadienoic acid",LIN,individual,1:16737606,1,16737606,7.198343e-09,SORBI_3001G189000,0.603378
"13-Keto-9Z,11E-octadecadienoic acid",LIN,individual,1:16737606,1,16737606,7.198343e-09,SORBI_3001G189100,0.602708
"13-Keto-9Z,11E-octadecadienoic acid",LIN,individual,9:46999681,9,46999681,7.424658e-09,SORBI_3009G119700,1
"13-Keto-9Z,11E-octadecadienoic acid",LIN,individual,9:46999681,9,46999681,7.424658e-09,SORBI_3009G119700,1
"13-Keto-9Z,11E-octadecadienoic acid",LIN,individual,9:46999681,9,46999681,7.424658e-09,SORBI_3009G119700,0.991629
"13-Keto-9Z,11E-octadecadienoic acid",LIN,individual,9:46999681,9,46999681,7.424658e-09,SORBI_3009G119700,0.984107
"13-Keto-9Z,11E-octadecadienoic acid",LIN,individual,9:46999681,9,46999681,7.424658e-09,SORBI_3009G119800,0.984107
"13-Keto-9Z,11E-octadecadienoic acid",LIN,individual,9:46999681,9,46999681,7.424658e-09,SORBI_3009G119800,0.975249
"13-Keto-9Z,11E-octadecadienoic acid",LIN,individual,9:46999681,9,46999681,7.424658e-09,SORBI_3009G119700,0.943927
"13-Keto-9Z,11E-octadecadienoic acid",LIN,individual,9:46999681,9,46999681,7.424658e-09,SORBI_3009G119700,0.908776
"13-Keto-9Z,11E-octadecadienoic acid",LIN,individual,9:46999681,9,46999681,7.424658e-09,SORBI_3009G119700,0.899547
"13-Keto-9Z,11E-octadecadienoic acid",LIN,individual,9:46999681,9,46999681,7.424658e-09,SORBI_3009G119700,0.847776
"13-Keto-9Z,11E-octadecadienoic acid",LIN,individual,9:46999681,9,46999681,7.424658e-09,SORBI_3009G119700,0.846449
"13-Keto-9Z,11E-octadecadienoic acid",LIN,individual,9:46999681,9,46999681,7.424658e-09,SORBI_3009G119700,0.845429
"13-Keto-9Z,11E-octadecadienoic acid",LIN,individual,9:46999681,9,46999681,7.424658e-09,SORBI_3009G119501,0.78092
"13-Keto-9Z,11E-octadecadienoic acid",LIN,individual,9:46999681,9,46999681,7.424658e-09,SORBI_3009G119501,0.762124
"13-Keto-9Z,11E-octadecadienoic acid",LIN,individual,9:46999681,9,46999681,7.424658e-09,SORBI_3009G119501,0.730248
"13-Keto-9Z,11E-octadecadienoic acid",LIN,individual,9:46999681,9,46999681,7.424658e-09,SORBI_3009G119400,0.686824
"13-Keto-9Z,11E-octadecadienoic acid",LIN,individual,9:46999681,9,46999681,7.424658e-09,SORBI_3009G119300,0.640611
"13-Keto-9Z,11E-octadecadienoic acid",LIN,individual,9:46999681,9,46999681,7.424658e-09,SORBI_3009G119400,0.617174
"13-Keto-9Z,11E-octadecadienoic acid",LIN,individual,10:56908857,10,56908857,7.513906e-09,SORBI_3010G226300,1
"13-Keto-9Z,11E-octadecadienoic acid",LIN,individual,10:56908857,10,56908857,7.513906e-09,SORBI_3010G226300,1
"13-Keto-9Z,11E-octadecadienoic acid",LIN,individual,9:46918078,9,46918078,7.545657e-09,SORBI_3009G119700,0.906276
"13-Keto-9Z,11E-octadecadienoic acid",LIN,individual,9:46918078,9,46918078,7.545657e-09,SORBI_3009G119700,0.895462
"13-Keto-9Z,11E-octadecadienoic acid",LIN,individual,9:46918078,9,46918078,7.545657e-09,SORBI_3009G119800,0.877172
"13-Keto-9Z,11E-octadecadienoic acid",LIN,individual,9:46918078,9,46918078,7.545657e-09,SORBI_3009G119501,0.858701
"13-Keto-9Z,11E-octadecadienoic acid",LIN,individual,9:46918078,9,46918078,7.545657e-09,SORBI_3009G119700,0.855841
"13-Keto-9Z,11E-octadecadienoic acid",LIN,individual,9:46918078,9,46918078,7.545657e-09,SORBI_3009G119800,0.855841
"13-Keto-9Z,11E-octadecadienoic acid",LIN,individual,9:46918078,9,46918078,7.545657e-09,SORBI_3009G119700,0.850697
"13-Keto-9Z,11E-octadecadienoic acid",LIN,individual,9:46918078,9,46918078,7.545657e-09,SORBI_3009G119700,0.84525
"13-Keto-9Z,11E-octadecadienoic acid",LIN,individual,9:46918078,9,46918078,7.545657e-09,SORBI_3009G119800,0.84525
"13-Keto-9Z,11E-octadecadienoic acid",LIN,individual,9:46918078,9,46918078,7.545657e-09,SORBI_3009G119700,0.843448
"13-Keto-9Z,11E-octadecadienoic acid",LIN,individual,9:46918078,9,46918078,7.545657e-09,SORBI_3009G119700,0.840339
"13-Keto-9Z,11E-octadecadienoic acid",LIN,individual,9:46918078,9,46918078,7.545657e-09,SORBI_3009G119501,0.838825
"13-Keto-9Z,11E-octadecadienoic acid",LIN,individual,9:46918078,9,46918078,7.545657e-09,SORBI_3009G119700,0.817896
"13-Keto-9Z,11E-octadecadienoic acid",LIN,individual,9:46918078,9,46918078,7.545657e-09,SORBI_3009G119400,0.817109
"13-Keto-9Z,11E-octadecadienoic acid",LIN,individual,9:46918078,9,46918078,7.545657e-09,SORBI_3009G119501,0.804015
"13-Keto-9Z,11E-octadecadienoic acid",LIN,individual,9:46918078,9,46918078,7.545657e-09,SORBI_3009G119400,0.739694
"13-Keto-9Z,11E-octadecadienoic acid",LIN,individual,9:46918078,9,46918078,7.545657e-09,SORBI_3009G119700,0.73435
"13-Keto-9Z,11E-octadecadienoic acid",LIN,individual,9:46918078,9,46918078,7.545657e-09,SORBI_3009G119300,0.731197
"13-Keto-9Z,11E-octadecadienoic acid",LIN,individual,9:46918078,9,46918078,7.545657e-09,SORBI_3009G119600,0.602369
"13-Keto-9Z,11E-octadecadienoic acid",LIN,individual,1:16736646,1,16736646,7.561898e-09,SORBI_3001G189300,1
"13-Keto-9Z,11E-octadecadienoic acid",LIN,individual,1:16736646,1,16736646,7.561898e-09,SORBI_3001G189300,1
"13-Keto-9Z,11E-octadecadienoic acid",LIN,individual,1:16736646,1,16736646,7.561898e-09,SORBI_3001G189300,0.991437
"13-Keto-9Z,11E-octadecadienoic acid",LIN,individual,1:16736646,1,16736646,7.561898e-09,SORBI_3001G189300,0.991236
"13-Keto-9Z,11E-octadecadienoic acid",LIN,individual,1:16736646,1,16736646,7.561898e-09,SORBI_3001G189300,0.98262
"13-Keto-9Z,11E-octadecadienoic acid",LIN,individual,1:16736646,1,16736646,7.561898e-09,SORBI_3001G189300,0.98244
"13-Keto-9Z,11E-octadecadienoic acid",LIN,individual,1:16736646,1,16736646,7.561898e-09,SORBI_3001G189300,0.975175
"13-Keto-9Z,11E-octadecadienoic acid",LIN,individual,1:16736646,1,16736646,7.561898e-09,SORBI_3001G189300,0.974599
"13-Keto-9Z,11E-octadecadienoic acid",LIN,individual,1:16736646,1,16736646,7.561898e-09,SORBI_3001G189300,0.974108
"13-Keto-9Z,11E-octadecadienoic acid",LIN,individual,1:16736646,1,16736646,7.561898e-09,SORBI_3001G189300,0.973597
"13-Keto-9Z,11E-octadecadienoic acid",LIN,individual,1:16736646,1,16736646,7.561898e-09,SORBI_3001G189300,0.971906
"13-Keto-9Z,11E-octadecadienoic acid",LIN,individual,1:16736646,1,16736646,7.561898e-09,SORBI_3001G189300,0.96888
"13-Keto-9Z,11E-octadecadienoic acid",LIN,individual,1:16736646,1,16736646,7.561898e-09,SORBI_3001G189300,0.96574
"13-Keto-9Z,11E-octadecadienoic acid",LIN,individual,1:16736646,1,16736646,7.561898e-09,SORBI_3001G189300,0.965318
"13-Keto-9Z,11E-octadecadienoic acid",LIN,individual,1:16736646,1,16736646,7.561898e-09,SORBI_3001G189300,0.964939
"13-Keto-9Z,11E-octadecadienoic acid",LIN,individual,1:16736646,1,16736646,7.561898e-09,SORBI_3001G189300,0.964722
"13-Keto-9Z,11E-octadecadienoic acid",LIN,individual,1:16736646,1,16736646,7.561898e-09,SORBI_3001G189300,0.963861
"13-Keto-9Z,11E-octadecadienoic acid",LIN,individual,1:16736646,1,16736646,7.561898e-09,SORBI_3001G189300,0.956931
"13-Keto-9Z,11E-octadecadienoic acid",LIN,individual,1:16736646,1,16736646,7.561898e-09,SORBI_3001G189300,0.956432
"13-Keto-9Z,11E-octadecadienoic acid",LIN,individual,1:16736646,1,16736646,7.561898e-09,SORBI_3001G189300,0.95617
"13-Keto-9Z,11E-octadecadienoic acid",LIN,individual,1:16736646,1,16736646,7.561898e-09,SORBI_3001G189300,0.948072
"13-Keto-9Z,11E-octadecadienoic acid",LIN,individual,1:16736646,1,16736646,7.561898e-09,SORBI_3001G189300,0.947711
"13-Keto-9Z,11E-octadecadienoic acid",LIN,individual,1:16736646,1,16736646,7.561898e-09,SORBI_3001G189300,0.947643
"13-Keto-9Z,11E-octadecadienoic acid",LIN,individual,1:16736646,1,16736646,7.561898e-09,SORBI_3001G189300,0.947165
"13-Keto-9Z,11E-octadecadienoic acid",LIN,individual,1:16736646,1,16736646,7.561898e-09,SORBI_3001G189300,0.938311
"13-Keto-9Z,11E-octadecadienoic acid",LIN,individual,1:16736646,1,16736646,7.561898e-09,SORBI_3001G189300,0.92948
"13-Keto-9Z,11E-octadecadienoic acid",LIN,individual,1:16736646,1,16736646,7.561898e-09,SORBI_3001G189300,0.904498
"13-Keto-9Z,11E-octadecadienoic acid",LIN,individual,1:16736646,1,16736646,7.561898e-09,SORBI_3001G189400,0.869735
"13-Keto-9Z,11E-octadecadienoic acid",LIN,individual,1:16736646,1,16736646,7.561898e-09,SORBI_3001G189300,0.860132
"13-Keto-9Z,11E-octadecadienoic acid",LIN,individual,1:16736646,1,16736646,7.561898e-09,SORBI_3001G187500,0.835821
"13-Keto-9Z,11E-octadecadienoic acid",LIN,individual,1:16736646,1,16736646,7.561898e-09,SORBI_3001G187500,0.835764
"13-Keto-9Z,11E-octadecadienoic acid",LIN,individual,1:16736646,1,16736646,7.561898e-09,SORBI_3001G187400,0.826585
"13-Keto-9Z,11E-octadecadienoic acid",LIN,individual,1:16736646,1,16736646,7.561898e-09,SORBI_3001G187600,0.822085
"13-Keto-9Z,11E-octadecadienoic acid",LIN,individual,1:16736646,1,16736646,7.561898e-09,SORBI_3001G187500,0.817902
"13-Keto-9Z,11E-octadecadienoic acid",LIN,individual,1:16736646,1,16736646,7.561898e-09,SORBI_3001G187400,0.815373
"13-Keto-9Z,11E-octadecadienoic acid",LIN,individual,1:16736646,1,16736646,7.561898e-09,SORBI_3001G187500,0.811368
"13-Keto-9Z,11E-octadecadienoic acid",LIN,individual,1:16736646,1,16736646,7.561898e-09,SORBI_3001G187500,0.806041
"13-Keto-9Z,11E-octadecadienoic acid",LIN,individual,1:16736646,1,16736646,7.561898e-09,SORBI_3001G187500,0.805494
"13-Keto-9Z,11E-octadecadienoic acid",LIN,individual,1:16736646,1,16736646,7.561898e-09,SORBI_3001G187500,0.805092
"13-Keto-9Z,11E-octadecadienoic acid",LIN,individual,1:16736646,1,16736646,7.561898e-09,SORBI_3001G187400,0.804767
"13-Keto-9Z,11E-octadecadienoic acid",LIN,individual,1:16736646,1,16736646,7.561898e-09,SORBI_3001G187500,0.804397
"13-Keto-9Z,11E-octadecadienoic acid",LIN,individual,1:16736646,1,16736646,7.561898e-09,SORBI_3001G187500,0.801014
"13-Keto-9Z,11E-octadecadienoic acid",LIN,individual,1:16736646,1,16736646,7.561898e-09,SORBI_3001G187500,0.800944
"13-Keto-9Z,11E-octadecadienoic acid",LIN,individual,1:16736646,1,16736646,7.561898e-09,SORBI_3001G187500,0.795799
"13-Keto-9Z,11E-octadecadienoic acid",LIN,individual,1:16736646,1,16736646,7.561898e-09,SORBI_3001G187400,0.794367
"13-Keto-9Z,11E-octadecadienoic acid",LIN,individual,1:16736646,1,16736646,7.561898e-09,SORBI_3001G187400,0.794272
"13-Keto-9Z,11E-octadecadienoic acid",LIN,individual,1:16736646,1,16736646,7.561898e-09,SORBI_3001G187400,0.792111
"13-Keto-9Z,11E-octadecadienoic acid",LIN,individual,1:16736646,1,16736646,7.561898e-09,SORBI_3001G187500,0.790196
"13-Keto-9Z,11E-octadecadienoic acid",LIN,individual,1:16736646,1,16736646,7.561898e-09,SORBI_3001G187400,0.789511
"13-Keto-9Z,11E-octadecadienoic acid",LIN,individual,1:16736646,1,16736646,7.561898e-09,SORBI_3001G187500,0.78803
"13-Keto-9Z,11E-octadecadienoic acid",LIN,individual,1:16736646,1,16736646,7.561898e-09,SORBI_3001G187500,0.784881
"13-Keto-9Z,11E-octadecadienoic acid",LIN,individual,1:16736646,1,16736646,7.561898e-09,SORBI_3001G189300,0.782688
"13-Keto-9Z,11E-octadecadienoic acid",LIN,individual,1:16736646,1,16736646,7.561898e-09,SORBI_3001G189600,0.778366
"13-Keto-9Z,11E-octadecadienoic acid",LIN,individual,1:16736646,1,16736646,7.561898e-09,SORBI_3001G187500,0.778178
"13-Keto-9Z,11E-octadecadienoic acid",LIN,individual,1:16736646,1,16736646,7.561898e-09,SORBI_3001G187800,0.777135
"13-Keto-9Z,11E-octadecadienoic acid",LIN,individual,1:16736646,1,16736646,7.561898e-09,SORBI_3001G187400,0.776678
"13-Keto-9Z,11E-octadecadienoic acid",LIN,individual,1:16736646,1,16736646,7.561898e-09,SORBI_3001G187400,0.768408
"13-Keto-9Z,11E-octadecadienoic acid",LIN,individual,1:16736646,1,16736646,7.561898e-09,SORBI_3001G187400,0.767085
"13-Keto-9Z,11E-octadecadienoic acid",LIN,individual,1:16736646,1,16736646,7.561898e-09,SORBI_3001G187400,0.766955
"13-Keto-9Z,11E-octadecadienoic acid",LIN,individual,1:16736646,1,16736646,7.561898e-09,SORBI_3001G187800,0.766489
"13-Keto-9Z,11E-octadecadienoic acid",LIN,individual,1:16736646,1,16736646,7.561898e-09,SORBI_3001G187400,0.754177
"13-Keto-9Z,11E-octadecadienoic acid",LIN,individual,1:16736646,1,16736646,7.561898e-09,SORBI_3001G187500,0.751599
"13-Keto-9Z,11E-octadecadienoic acid",LIN,individual,1:16736646,1,16736646,7.561898e-09,SORBI_3001G188800,0.739233
"13-Keto-9Z,11E-octadecadienoic acid",LIN,individual,1:16736646,1,16736646,7.561898e-09,SORBI_3001G188900,0.739233
"13-Keto-9Z,11E-octadecadienoic acid",LIN,individual,1:16736646,1,16736646,7.561898e-09,SORBI_3001G187400,0.732962
"13-Keto-9Z,11E-octadecadienoic acid",LIN,individual,1:16736646,1,16736646,7.561898e-09,SORBI_3001G188900,0.731313
"13-Keto-9Z,11E-octadecadienoic acid",LIN,individual,1:16736646,1,16736646,7.561898e-09,SORBI_3001G188900,0.728117
"13-Keto-9Z,11E-octadecadienoic acid",LIN,individual,1:16736646,1,16736646,7.561898e-09,SORBI_3001G188900,0.727884
"13-Keto-9Z,11E-octadecadienoic acid",LIN,individual,1:16736646,1,16736646,7.561898e-09,SORBI_3001G188900,0.727731
"13-Keto-9Z,11E-octadecadienoic acid",LIN,individual,1:16736646,1,16736646,7.561898e-09,SORBI_3001G187400,0.72429
"13-Keto-9Z,11E-octadecadienoic acid",LIN,individual,1:16736646,1,16736646,7.561898e-09,SORBI_3001G188900,0.723876
"13-Keto-9Z,11E-octadecadienoic acid",LIN,individual,1:16736646,1,16736646,7.561898e-09,SORBI_3001G187800,0.723024
"13-Keto-9Z,11E-octadecadienoic acid",LIN,individual,1:16736646,1,16736646,7.561898e-09,SORBI_3001G189000,0.722274
"13-Keto-9Z,11E-octadecadienoic acid",LIN,individual,1:16736646,1,16736646,7.561898e-09,SORBI_3001G188900,0.71704
"13-Keto-9Z,11E-octadecadienoic acid",LIN,individual,1:16736646,1,16736646,7.561898e-09,SORBI_3001G188900,0.711143
"13-Keto-9Z,11E-octadecadienoic acid",LIN,individual,1:16736646,1,16736646,7.561898e-09,SORBI_3001G188900,0.708271
"13-Keto-9Z,11E-octadecadienoic acid",LIN,individual,1:16736646,1,16736646,7.561898e-09,SORBI_3001G187800,0.707217
"13-Keto-9Z,11E-octadecadienoic acid",LIN,individual,1:16736646,1,16736646,7.561898e-09,SORBI_3001G188900,0.706003
"13-Keto-9Z,11E-octadecadienoic acid",LIN,individual,1:16736646,1,16736646,7.561898e-09,SORBI_3001G188900,0.700051
"13-Keto-9Z,11E-octadecadienoic acid",LIN,individual,1:16736646,1,16736646,7.561898e-09,SORBI_3001G188900,0.699622
"13-Keto-9Z,11E-octadecadienoic acid",LIN,individual,1:16736646,1,16736646,7.561898e-09,SORBI_3001G188900,0.695743
"13-Keto-9Z,11E-octadecadienoic acid",LIN,individual,1:16736646,1,16736646,7.561898e-09,SORBI_3001G188100,0.694659
"13-Keto-9Z,11E-octadecadienoic acid",LIN,individual,1:16736646,1,16736646,7.561898e-09,SORBI_3001G188900,0.68963
"13-Keto-9Z,11E-octadecadienoic acid",LIN,individual,1:16736646,1,16736646,7.561898e-09,SORBI_3001G188900,0.688831
"13-Keto-9Z,11E-octadecadienoic acid",LIN,individual,1:16736646,1,16736646,7.561898e-09,SORBI_3001G188900,0.684363
"13-Keto-9Z,11E-octadecadienoic acid",LIN,individual,1:16736646,1,16736646,7.561898e-09,SORBI_3001G187500,0.679541
"13-Keto-9Z,11E-octadecadienoic acid",LIN,individual,1:16736646,1,16736646,7.561898e-09,SORBI_3001G188900,0.677588
"13-Keto-9Z,11E-octadecadienoic acid",LIN,individual,1:16736646,1,16736646,7.561898e-09,SORBI_3001G187800,0.674749
"13-Keto-9Z,11E-octadecadienoic acid",LIN,individual,1:16736646,1,16736646,7.561898e-09,SORBI_3001G189300,0.673102
"13-Keto-9Z,11E-octadecadienoic acid",LIN,individual,1:16736646,1,16736646,7.561898e-09,SORBI_3001G189300,0.66511
"13-Keto-9Z,11E-octadecadienoic acid",LIN,individual,1:16736646,1,16736646,7.561898e-09,SORBI_3001G187800,0.658484
"13-Keto-9Z,11E-octadecadienoic acid",LIN,individual,1:16736646,1,16736646,7.561898e-09,SORBI_3001G189300,0.656084
"13-Keto-9Z,11E-octadecadienoic acid",LIN,individual,1:16736646,1,16736646,7.561898e-09,SORBI_3001G189000,0.655199
"13-Keto-9Z,11E-octadecadienoic acid",LIN,individual,1:16736646,1,16736646,7.561898e-09,SORBI_3001G187800,0.648168
"13-Keto-9Z,11E-octadecadienoic acid",LIN,individual,1:16736646,1,16736646,7.561898e-09,SORBI_3001G188900,0.646891
"13-Keto-9Z,11E-octadecadienoic acid",LIN,individual,1:16736646,1,16736646,7.561898e-09,SORBI_3001G187800,0.63969
"13-Keto-9Z,11E-octadecadienoic acid",LIN,individual,1:16736646,1,16736646,7.561898e-09,SORBI_3001G189200,0.639312
"13-Keto-9Z,11E-octadecadienoic acid",LIN,individual,1:16736646,1,16736646,7.561898e-09,SORBI_3001G188700,0.635679
"13-Keto-9Z,11E-octadecadienoic acid",LIN,individual,1:16736646,1,16736646,7.561898e-09,SORBI_3001G188700,0.633984
"13-Keto-9Z,11E-octadecadienoic acid",LIN,individual,1:16736646,1,16736646,7.561898e-09,SORBI_3001G189000,0.632293
"13-Keto-9Z,11E-octadecadienoic acid",LIN,individual,1:16736646,1,16736646,7.561898e-09,SORBI_3001G187800,0.632269
"13-Keto-9Z,11E-octadecadienoic acid",LIN,individual,1:16736646,1,16736646,7.561898e-09,SORBI_3001G189200,0.631655
"13-Keto-9Z,11E-octadecadienoic acid",LIN,individual,1:16736646,1,16736646,7.561898e-09,SORBI_3001G187500,0.631065
"13-Keto-9Z,11E-octadecadienoic acid",LIN,individual,1:16736646,1,16736646,7.561898e-09,SORBI_3001G189200,0.630651
"13-Keto-9Z,11E-octadecadienoic acid",LIN,individual,1:16736646,1,16736646,7.561898e-09,SORBI_3001G187800,0.62987
"13-Keto-9Z,11E-octadecadienoic acid",LIN,individual,1:16736646,1,16736646,7.561898e-09,SORBI_3001G188700,0.629564
"13-Keto-9Z,11E-octadecadienoic acid",LIN,individual,1:16736646,1,16736646,7.561898e-09,SORBI_3001G188700,0.624121
"13-Keto-9Z,11E-octadecadienoic acid",LIN,individual,1:16736646,1,16736646,7.561898e-09,SORBI_3001G189200,0.622648
"13-Keto-9Z,11E-octadecadienoic acid",LIN,individual,1:16736646,1,16736646,7.561898e-09,SORBI_3001G188700,0.622387
"13-Keto-9Z,11E-octadecadienoic acid",LIN,individual,1:16736646,1,16736646,7.561898e-09,SORBI_3001G188700,0.62119
"13-Keto-9Z,11E-octadecadienoic acid",LIN,individual,1:16736646,1,16736646,7.561898e-09,SORBI_3001G188700,0.617949
"13-Keto-9Z,11E-octadecadienoic acid",LIN,individual,1:16736646,1,16736646,7.561898e-09,SORBI_3001G189200,0.614065
"13-Keto-9Z,11E-octadecadienoic acid",LIN,individual,1:16736646,1,16736646,7.561898e-09,SORBI_3001G189200,0.613808
"13-Keto-9Z,11E-octadecadienoic acid",LIN,individual,1:16736646,1,16736646,7.561898e-09,SORBI_3001G189300,0.613808
"13-Keto-9Z,11E-octadecadienoic acid",LIN,individual,1:16736646,1,16736646,7.561898e-09,SORBI_3001G188700,0.610812
"13-Keto-9Z,11E-octadecadienoic acid",LIN,individual,1:16736646,1,16736646,7.561898e-09,SORBI_3001G188700,0.610134
"13-Keto-9Z,11E-octadecadienoic acid",LIN,individual,1:16736646,1,16736646,7.561898e-09,SORBI_3001G188700,0.609585
"13-Keto-9Z,11E-octadecadienoic acid",LIN,individual,1:16736646,1,16736646,7.561898e-09,SORBI_3001G188700,0.609502
"13-Keto-9Z,11E-octadecadienoic acid",LIN,individual,1:16736646,1,16736646,7.561898e-09,SORBI_3001G189000,0.606204
"13-Keto-9Z,11E-octadecadienoic acid",LIN,individual,1:16736646,1,16736646,7.561898e-09,SORBI_3001G189100,0.606204
"13-Keto-9Z,11E-octadecadienoic acid",LIN,individual,1:16736646,1,16736646,7.561898e-09,SORBI_3001G189200,0.605985
"13-Keto-9Z,11E-octadecadienoic acid",LIN,individual,1:16736646,1,16736646,7.561898e-09,SORBI_3001G188700,0.605298
"13-Keto-9Z,11E-octadecadienoic acid",LIN,individual,1:16736646,1,16736646,7.561898e-09,SORBI_3001G189300,0.605153
"13-Keto-9Z,11E-octadecadienoic acid",LIN,individual,1:16736646,1,16736646,7.561898e-09,SORBI_3001G188700,0.604719
"13-Keto-9Z,11E-octadecadienoic acid",LIN,individual,1:16736646,1,16736646,7.561898e-09,SORBI_3001G189000,0.604496
"13-Keto-9Z,11E-octadecadienoic acid",LIN,individual,1:16736646,1,16736646,7.561898e-09,SORBI_3001G189000,0.603925
"13-Keto-9Z,11E-octadecadienoic acid",LIN,individual,1:16736646,1,16736646,7.561898e-09,SORBI_3001G187800,0.601654
"13-Keto-9Z,11E-octadecadienoic acid",LIN,individual,1:16736646,1,16736646,7.561898e-09,SORBI_3001G187700,0.601068
"13-Keto-9Z,11E-octadecadienoic acid",LIN,individual,1:16736646,1,16736646,7.561898e-09,SORBI_3001G189000,0.600162
"13-Keto-9Z,11E-octadecadienoic acid",LIN,individual,1:16736646,1,16736646,7.561898e-09,SORBI_3001G189000,0.600035
"13-Keto-9Z,11E-octadecadienoic acid",LIN,individual,1:16417301,1,16417301,7.802972e-09,SORBI_3001G186500,1
"13-Keto-9Z,11E-octadecadienoic acid",LIN,individual,1:16417301,1,16417301,7.802972e-09,SORBI_3001G186850,1
"13-Keto-9Z,11E-octadecadienoic acid",LIN,individual,1:16417301,1,16417301,7.802972e-09,SORBI_3001G186850,1
"13-Keto-9Z,11E-octadecadienoic acid",LIN,individual,1:16417301,1,16417301,7.802972e-09,SORBI_3001G186401,0.985274
"13-Keto-9Z,11E-octadecadienoic acid",LIN,individual,1:16417301,1,16417301,7.802972e-09,SORBI_3001G186401,0.972123
"13-Keto-9Z,11E-octadecadienoic acid",LIN,individual,1:16417301,1,16417301,7.802972e-09,SORBI_3001G186850,0.968175
"13-Keto-9Z,11E-octadecadienoic acid",LIN,individual,1:16417301,1,16417301,7.802972e-09,SORBI_3001G186500,0.968174
"13-Keto-9Z,11E-octadecadienoic acid",LIN,individual,1:16417301,1,16417301,7.802972e-09,SORBI_3001G186401,0.965829
"13-Keto-9Z,11E-octadecadienoic acid",LIN,individual,1:16417301,1,16417301,7.802972e-09,SORBI_3001G186401,0.965748
"13-Keto-9Z,11E-octadecadienoic acid",LIN,individual,1:16417301,1,16417301,7.802972e-09,SORBI_3001G186401,0.964766
"13-Keto-9Z,11E-octadecadienoic acid",LIN,individual,1:16417301,1,16417301,7.802972e-09,SORBI_3001G186401,0.962009
"13-Keto-9Z,11E-octadecadienoic acid",LIN,individual,1:16417301,1,16417301,7.802972e-09,SORBI_3001G186850,0.961275
"13-Keto-9Z,11E-octadecadienoic acid",LIN,individual,1:16417301,1,16417301,7.802972e-09,SORBI_3001G186800,0.958008
"13-Keto-9Z,11E-octadecadienoic acid",LIN,individual,1:16417301,1,16417301,7.802972e-09,SORBI_3001G186850,0.957087
"13-Keto-9Z,11E-octadecadienoic acid",LIN,individual,1:16417301,1,16417301,7.802972e-09,SORBI_3001G186401,0.957034
"13-Keto-9Z,11E-octadecadienoic acid",LIN,individual,1:16417301,1,16417301,7.802972e-09,SORBI_3001G186500,0.95507
"13-Keto-9Z,11E-octadecadienoic acid",LIN,individual,1:16417301,1,16417301,7.802972e-09,SORBI_3001G186850,0.954706
"13-Keto-9Z,11E-octadecadienoic acid",LIN,individual,1:16417301,1,16417301,7.802972e-09,SORBI_3001G186800,0.952342
"13-Keto-9Z,11E-octadecadienoic acid",LIN,individual,1:16417301,1,16417301,7.802972e-09,SORBI_3001G187000,0.952342
"13-Keto-9Z,11E-octadecadienoic acid",LIN,individual,1:16417301,1,16417301,7.802972e-09,SORBI_3001G186500,0.948675
"13-Keto-9Z,11E-octadecadienoic acid",LIN,individual,1:16417301,1,16417301,7.802972e-09,SORBI_3001G186800,0.948564
"13-Keto-9Z,11E-octadecadienoic acid",LIN,individual,1:16417301,1,16417301,7.802972e-09,SORBI_3001G186500,0.947682
"13-Keto-9Z,11E-octadecadienoic acid",LIN,individual,1:16417301,1,16417301,7.802972e-09,SORBI_3001G186850,0.947284
"13-Keto-9Z,11E-octadecadienoic acid",LIN,individual,1:16417301,1,16417301,7.802972e-09,SORBI_3001G186700,0.946998
"13-Keto-9Z,11E-octadecadienoic acid",LIN,individual,1:16417301,1,16417301,7.802972e-09,SORBI_3001G186800,0.946998
"13-Keto-9Z,11E-octadecadienoic acid",LIN,individual,1:16417301,1,16417301,7.802972e-09,SORBI_3001G187000,0.946998
"13-Keto-9Z,11E-octadecadienoic acid",LIN,individual,1:16417301,1,16417301,7.802972e-09,SORBI_3001G187000,0.946983
"13-Keto-9Z,11E-octadecadienoic acid",LIN,individual,1:16417301,1,16417301,7.802972e-09,SORBI_3001G187000,0.945829
"13-Keto-9Z,11E-octadecadienoic acid",LIN,individual,1:16417301,1,16417301,7.802972e-09,SORBI_3001G187000,0.945512
"13-Keto-9Z,11E-octadecadienoic acid",LIN,individual,1:16417301,1,16417301,7.802972e-09,SORBI_3001G186850,0.944715
"13-Keto-9Z,11E-octadecadienoic acid",LIN,individual,1:16417301,1,16417301,7.802972e-09,SORBI_3001G186850,0.944368
"13-Keto-9Z,11E-octadecadienoic acid",LIN,individual,1:16417301,1,16417301,7.802972e-09,SORBI_3001G186925,0.942989
"13-Keto-9Z,11E-octadecadienoic acid",LIN,individual,1:16417301,1,16417301,7.802972e-09,SORBI_3001G186925,0.942943
"13-Keto-9Z,11E-octadecadienoic acid",LIN,individual,1:16417301,1,16417301,7.802972e-09,SORBI_3001G186850,0.942836
"13-Keto-9Z,11E-octadecadienoic acid",LIN,individual,1:16417301,1,16417301,7.802972e-09,SORBI_3001G186800,0.942752
"13-Keto-9Z,11E-octadecadienoic acid",LIN,individual,1:16417301,1,16417301,7.802972e-09,SORBI_3001G187000,0.942752
"13-Keto-9Z,11E-octadecadienoic acid",LIN,individual,1:16417301,1,16417301,7.802972e-09,SORBI_3001G186700,0.941959
"13-Keto-9Z,11E-octadecadienoic acid",LIN,individual,1:16417301,1,16417301,7.802972e-09,SORBI_3001G186800,0.941959
"13-Keto-9Z,11E-octadecadienoic acid",LIN,individual,1:16417301,1,16417301,7.802972e-09,SORBI_3001G187000,0.941959
"13-Keto-9Z,11E-octadecadienoic acid",LIN,individual,1:16417301,1,16417301,7.802972e-09,SORBI_3001G187100,0.941959
"13-Keto-9Z,11E-octadecadienoic acid",LIN,individual,1:16417301,1,16417301,7.802972e-09,SORBI_3001G187000,0.941943
"13-Keto-9Z,11E-octadecadienoic acid",LIN,individual,1:16417301,1,16417301,7.802972e-09,SORBI_3001G186850,0.940833
"13-Keto-9Z,11E-octadecadienoic acid",LIN,individual,1:16417301,1,16417301,7.802972e-09,SORBI_3001G186800,0.940332
"13-Keto-9Z,11E-octadecadienoic acid",LIN,individual,1:16417301,1,16417301,7.802972e-09,SORBI_3001G186500,0.939505
"13-Keto-9Z,11E-octadecadienoic acid",LIN,individual,1:16417301,1,16417301,7.802972e-09,SORBI_3001G186850,0.939442
"13-Keto-9Z,11E-octadecadienoic acid",LIN,individual,1:16417301,1,16417301,7.802972e-09,SORBI_3001G186800,0.9392
"13-Keto-9Z,11E-octadecadienoic acid",LIN,individual,1:16417301,1,16417301,7.802972e-09,SORBI_3001G186800,0.938728
"13-Keto-9Z,11E-octadecadienoic acid",LIN,individual,1:16417301,1,16417301,7.802972e-09,SORBI_3001G186850,0.938167
"13-Keto-9Z,11E-octadecadienoic acid",LIN,individual,1:16417301,1,16417301,7.802972e-09,SORBI_3001G186850,0.937642
"13-Keto-9Z,11E-octadecadienoic acid",LIN,individual,1:16417301,1,16417301,7.802972e-09,SORBI_3001G186800,0.937409
"13-Keto-9Z,11E-octadecadienoic acid",LIN,individual,1:16417301,1,16417301,7.802972e-09,SORBI_3001G186700,0.937274
"13-Keto-9Z,11E-octadecadienoic acid",LIN,individual,1:16417301,1,16417301,7.802972e-09,SORBI_3001G186800,0.937274
"13-Keto-9Z,11E-octadecadienoic acid",LIN,individual,1:16417301,1,16417301,7.802972e-09,SORBI_3001G187000,0.937274
"13-Keto-9Z,11E-octadecadienoic acid",LIN,individual,1:16417301,1,16417301,7.802972e-09,SORBI_3001G187000,0.937257
"13-Keto-9Z,11E-octadecadienoic acid",LIN,individual,1:16417301,1,16417301,7.802972e-09,SORBI_3001G186850,0.936429
"13-Keto-9Z,11E-octadecadienoic acid",LIN,individual,1:16417301,1,16417301,7.802972e-09,SORBI_3001G186600,0.936306
"13-Keto-9Z,11E-octadecadienoic acid",LIN,individual,1:16417301,1,16417301,7.802972e-09,SORBI_3001G186800,0.93545
"13-Keto-9Z,11E-octadecadienoic acid",LIN,individual,1:16417301,1,16417301,7.802972e-09,SORBI_3001G187000,0.935432
"13-Keto-9Z,11E-octadecadienoic acid",LIN,individual,1:16417301,1,16417301,7.802972e-09,SORBI_3001G186500,0.934067
"13-Keto-9Z,11E-octadecadienoic acid",LIN,individual,1:16417301,1,16417301,7.802972e-09,SORBI_3001G186800,0.93376
"13-Keto-9Z,11E-octadecadienoic acid",LIN,individual,1:16417301,1,16417301,7.802972e-09,SORBI_3001G186800,0.933687
"13-Keto-9Z,11E-octadecadienoic acid",LIN,individual,1:16417301,1,16417301,7.802972e-09,SORBI_3001G187000,0.933218
"13-Keto-9Z,11E-octadecadienoic acid",LIN,individual,1:16417301,1,16417301,7.802972e-09,SORBI_3001G186600,0.932467
"13-Keto-9Z,11E-octadecadienoic acid",LIN,individual,1:16417301,1,16417301,7.802972e-09,SORBI_3001G186700,0.932112
"13-Keto-9Z,11E-octadecadienoic acid",LIN,individual,1:16417301,1,16417301,7.802972e-09,SORBI_3001G186800,0.932112
"13-Keto-9Z,11E-octadecadienoic acid",LIN,individual,1:16417301,1,16417301,7.802972e-09,SORBI_3001G187100,0.932112
"13-Keto-9Z,11E-octadecadienoic acid",LIN,individual,1:16417301,1,16417301,7.802972e-09,SORBI_3001G186600,0.932039
"13-Keto-9Z,11E-octadecadienoic acid",LIN,individual,1:16417301,1,16417301,7.802972e-09,SORBI_3001G186850,0.931572
"13-Keto-9Z,11E-octadecadienoic acid",LIN,individual,1:16417301,1,16417301,7.802972e-09,SORBI_3001G186500,0.931147
"13-Keto-9Z,11E-octadecadienoic acid",LIN,individual,1:16417301,1,16417301,7.802972e-09,SORBI_3001G186401,0.930833
"13-Keto-9Z,11E-octadecadienoic acid",LIN,individual,1:16417301,1,16417301,7.802972e-09,SORBI_3001G186500,0.930636
"13-Keto-9Z,11E-octadecadienoic acid",LIN,individual,1:16417301,1,16417301,7.802972e-09,SORBI_3001G186600,0.930603
"13-Keto-9Z,11E-octadecadienoic acid",LIN,individual,1:16417301,1,16417301,7.802972e-09,SORBI_3001G187000,0.930577
"13-Keto-9Z,11E-octadecadienoic acid",LIN,individual,1:16417301,1,16417301,7.802972e-09,SORBI_3001G186700,0.930531
"13-Keto-9Z,11E-octadecadienoic acid",LIN,individual,1:16417301,1,16417301,7.802972e-09,SORBI_3001G186600,0.930135
"13-Keto-9Z,11E-octadecadienoic acid",LIN,individual,1:16417301,1,16417301,7.802972e-09,SORBI_3001G186600,0.929824
"13-Keto-9Z,11E-octadecadienoic acid",LIN,individual,1:16417301,1,16417301,7.802972e-09,SORBI_3001G186600,0.929665
"13-Keto-9Z,11E-octadecadienoic acid",LIN,individual,1:16417301,1,16417301,7.802972e-09,SORBI_3001G186600,0.929502
"13-Keto-9Z,11E-octadecadienoic acid",LIN,individual,1:16417301,1,16417301,7.802972e-09,SORBI_3001G186600,0.929337
"13-Keto-9Z,11E-octadecadienoic acid",LIN,individual,1:16417301,1,16417301,7.802972e-09,SORBI_3001G186500,0.92918
"13-Keto-9Z,11E-octadecadienoic acid",LIN,individual,1:16417301,1,16417301,7.802972e-09,SORBI_3001G186600,0.929168
"13-Keto-9Z,11E-octadecadienoic acid",LIN,individual,1:16417301,1,16417301,7.802972e-09,SORBI_3001G186500,0.929046
"13-Keto-9Z,11E-octadecadienoic acid",LIN,individual,1:16417301,1,16417301,7.802972e-09,SORBI_3001G186800,0.92903
"13-Keto-9Z,11E-octadecadienoic acid",LIN,individual,1:16417301,1,16417301,7.802972e-09,SORBI_3001G186600,0.928996
"13-Keto-9Z,11E-octadecadienoic acid",LIN,individual,1:16417301,1,16417301,7.802972e-09,SORBI_3001G186600,0.928821
"13-Keto-9Z,11E-octadecadienoic acid",LIN,individual,1:16417301,1,16417301,7.802972e-09,SORBI_3001G186800,0.928745
"13-Keto-9Z,11E-octadecadienoic acid",LIN,individual,1:16417301,1,16417301,7.802972e-09,SORBI_3001G186600,0.928643
"13-Keto-9Z,11E-octadecadienoic acid",LIN,individual,1:16417301,1,16417301,7.802972e-09,SORBI_3001G186600,0.928276
"13-Keto-9Z,11E-octadecadienoic acid",LIN,individual,1:16417301,1,16417301,7.802972e-09,SORBI_3001G186600,0.928087
"13-Keto-9Z,11E-octadecadienoic acid",LIN,individual,1:16417301,1,16417301,7.802972e-09,SORBI_3001G186600,0.927895
"13-Keto-9Z,11E-octadecadienoic acid",LIN,individual,1:16417301,1,16417301,7.802972e-09,SORBI_3001G186925,0.927769
"13-Keto-9Z,11E-octadecadienoic acid",LIN,individual,1:16417301,1,16417301,7.802972e-09,SORBI_3001G186800,0.927618
"13-Keto-9Z,11E-octadecadienoic acid",LIN,individual,1:16417301,1,16417301,7.802972e-09,SORBI_3001G187000,0.927618
"13-Keto-9Z,11E-octadecadienoic acid",LIN,individual,1:16417301,1,16417301,7.802972e-09,SORBI_3001G187100,0.927618
"13-Keto-9Z,11E-octadecadienoic acid",LIN,individual,1:16417301,1,16417301,7.802972e-09,SORBI_3001G187000,0.927599
"13-Keto-9Z,11E-octadecadienoic acid",LIN,individual,1:16417301,1,16417301,7.802972e-09,SORBI_3001G187000,0.926237
"13-Keto-9Z,11E-octadecadienoic acid",LIN,individual,1:16417301,1,16417301,7.802972e-09,SORBI_3001G187000,0.926217
"13-Keto-9Z,11E-octadecadienoic acid",LIN,individual,1:16417301,1,16417301,7.802972e-09,SORBI_3001G186850,0.926011
"13-Keto-9Z,11E-octadecadienoic acid",LIN,individual,1:16417301,1,16417301,7.802972e-09,SORBI_3001G186850,0.925794
"13-Keto-9Z,11E-octadecadienoic acid",LIN,individual,1:16417301,1,16417301,7.802972e-09,SORBI_3001G186800,0.92553
"13-Keto-9Z,11E-octadecadienoic acid",LIN,individual,1:16417301,1,16417301,7.802972e-09,SORBI_3001G187100,0.92553
"13-Keto-9Z,11E-octadecadienoic acid",LIN,individual,1:16417301,1,16417301,7.802972e-09,SORBI_3001G186500,0.925359
"13-Keto-9Z,11E-octadecadienoic acid",LIN,individual,1:16417301,1,16417301,7.802972e-09,SORBI_3001G186401,0.924424
"13-Keto-9Z,11E-octadecadienoic acid",LIN,individual,1:16417301,1,16417301,7.802972e-09,SORBI_3001G186401,0.923894
"13-Keto-9Z,11E-octadecadienoic acid",LIN,individual,1:16417301,1,16417301,7.802972e-09,SORBI_3001G186401,0.923624
"13-Keto-9Z,11E-octadecadienoic acid",LIN,individual,1:16417301,1,16417301,7.802972e-09,SORBI_3001G186401,0.923531
"13-Keto-9Z,11E-octadecadienoic acid",LIN,individual,1:16417301,1,16417301,7.802972e-09,SORBI_3001G186600,0.92329
"13-Keto-9Z,11E-octadecadienoic acid",LIN,individual,1:16417301,1,16417301,7.802972e-09,SORBI_3001G186500,0.922639
"13-Keto-9Z,11E-octadecadienoic acid",LIN,individual,1:16417301,1,16417301,7.802972e-09,SORBI_3001G186700,0.922327
"13-Keto-9Z,11E-octadecadienoic acid",LIN,individual,1:16417301,1,16417301,7.802972e-09,SORBI_3001G186800,0.922327
"13-Keto-9Z,11E-octadecadienoic acid",LIN,individual,1:16417301,1,16417301,7.802972e-09,SORBI_3001G187100,0.922327
"13-Keto-9Z,11E-octadecadienoic acid",LIN,individual,1:16417301,1,16417301,7.802972e-09,SORBI_3001G186850,0.921998
"13-Keto-9Z,11E-octadecadienoic acid",LIN,individual,1:16417301,1,16417301,7.802972e-09,SORBI_3001G186600,0.920853
"13-Keto-9Z,11E-octadecadienoic acid",LIN,individual,1:16417301,1,16417301,7.802972e-09,SORBI_3001G187000,0.920795
"13-Keto-9Z,11E-octadecadienoic acid",LIN,individual,1:16417301,1,16417301,7.802972e-09,SORBI_3001G187100,0.920795
"13-Keto-9Z,11E-octadecadienoic acid",LIN,individual,1:16417301,1,16417301,7.802972e-09,SORBI_3001G186600,0.920655
"13-Keto-9Z,11E-octadecadienoic acid",LIN,individual,1:16417301,1,16417301,7.802972e-09,SORBI_3001G186401,0.920323
"13-Keto-9Z,11E-octadecadienoic acid",LIN,individual,1:16417301,1,16417301,7.802972e-09,SORBI_3001G186600,0.920247
"13-Keto-9Z,11E-octadecadienoic acid",LIN,individual,1:16417301,1,16417301,7.802972e-09,SORBI_3001G186600,0.920037
"13-Keto-9Z,11E-octadecadienoic acid",LIN,individual,1:16417301,1,16417301,7.802972e-09,SORBI_3001G186800,0.91934
"13-Keto-9Z,11E-octadecadienoic acid",LIN,individual,1:16417301,1,16417301,7.802972e-09,SORBI_3001G187000,0.919318
"13-Keto-9Z,11E-octadecadienoic acid",LIN,individual,1:16417301,1,16417301,7.802972e-09,SORBI_3001G186700,0.91904
"13-Keto-9Z,11E-octadecadienoic acid",LIN,individual,1:16417301,1,16417301,7.802972e-09,SORBI_3001G186600,0.918121
"13-Keto-9Z,11E-octadecadienoic acid",LIN,individual,1:16417301,1,16417301,7.802972e-09,SORBI_3001G186600,0.917938
"13-Keto-9Z,11E-octadecadienoic acid",LIN,individual,1:16417301,1,16417301,7.802972e-09,SORBI_3001G186500,0.91786
"13-Keto-9Z,11E-octadecadienoic acid",LIN,individual,1:16417301,1,16417301,7.802972e-09,SORBI_3001G186600,0.917751
"13-Keto-9Z,11E-octadecadienoic acid",LIN,individual,1:16417301,1,16417301,7.802972e-09,SORBI_3001G186500,0.917582
"13-Keto-9Z,11E-octadecadienoic acid",LIN,individual,1:16417301,1,16417301,7.802972e-09,SORBI_3001G186925,0.917566
"13-Keto-9Z,11E-octadecadienoic acid",LIN,individual,1:16417301,1,16417301,7.802972e-09,SORBI_3001G186600,0.917368
"13-Keto-9Z,11E-octadecadienoic acid",LIN,individual,1:16417301,1,16417301,7.802972e-09,SORBI_3001G186600,0.916767
"13-Keto-9Z,11E-octadecadienoic acid",LIN,individual,1:16417301,1,16417301,7.802972e-09,SORBI_3001G186600,0.916346
"13-Keto-9Z,11E-octadecadienoic acid",LIN,individual,1:16417301,1,16417301,7.802972e-09,SORBI_3001G186700,0.91567
"13-Keto-9Z,11E-octadecadienoic acid",LIN,individual,1:16417301,1,16417301,7.802972e-09,SORBI_3001G186600,0.915623
"13-Keto-9Z,11E-octadecadienoic acid",LIN,individual,1:16417301,1,16417301,7.802972e-09,SORBI_3001G186600,0.914378
"13-Keto-9Z,11E-octadecadienoic acid",LIN,individual,1:16417301,1,16417301,7.802972e-09,SORBI_3001G186800,0.912607
"13-Keto-9Z,11E-octadecadienoic acid",LIN,individual,1:16417301,1,16417301,7.802972e-09,SORBI_3001G186500,0.912226
"13-Keto-9Z,11E-octadecadienoic acid",LIN,individual,1:16417301,1,16417301,7.802972e-09,SORBI_3001G186850,0.91214
"13-Keto-9Z,11E-octadecadienoic acid",LIN,individual,1:16417301,1,16417301,7.802972e-09,SORBI_3001G186925,0.911588
"13-Keto-9Z,11E-octadecadienoic acid",LIN,individual,1:16417301,1,16417301,7.802972e-09,SORBI_3001G186600,0.911486
"13-Keto-9Z,11E-octadecadienoic acid",LIN,individual,1:16417301,1,16417301,7.802972e-09,SORBI_3001G186850,0.910078
"13-Keto-9Z,11E-octadecadienoic acid",LIN,individual,1:16417301,1,16417301,7.802972e-09,SORBI_3001G186600,0.909757
"13-Keto-9Z,11E-octadecadienoic acid",LIN,individual,1:16417301,1,16417301,7.802972e-09,SORBI_3001G186600,0.909575
"13-Keto-9Z,11E-octadecadienoic acid",LIN,individual,1:16417301,1,16417301,7.802972e-09,SORBI_3001G186850,0.909559
"13-Keto-9Z,11E-octadecadienoic acid",LIN,individual,1:16417301,1,16417301,7.802972e-09,SORBI_3001G186925,0.909108
"13-Keto-9Z,11E-octadecadienoic acid",LIN,individual,1:16417301,1,16417301,7.802972e-09,SORBI_3001G186850,0.90765
"13-Keto-9Z,11E-octadecadienoic acid",LIN,individual,1:16417301,1,16417301,7.802972e-09,SORBI_3001G186500,0.906277
"13-Keto-9Z,11E-octadecadienoic acid",LIN,individual,1:16417301,1,16417301,7.802972e-09,SORBI_3001G186850,0.906062
"13-Keto-9Z,11E-octadecadienoic acid",LIN,individual,1:16417301,1,16417301,7.802972e-09,SORBI_3001G186850,0.905914
"13-Keto-9Z,11E-octadecadienoic acid",LIN,individual,1:16417301,1,16417301,7.802972e-09,SORBI_3001G186600,0.903369
"13-Keto-9Z,11E-octadecadienoic acid",LIN,individual,1:16417301,1,16417301,7.802972e-09,SORBI_3001G186850,0.903287
"13-Keto-9Z,11E-octadecadienoic acid",LIN,individual,1:16417301,1,16417301,7.802972e-09,SORBI_3001G186500,0.903252
"13-Keto-9Z,11E-octadecadienoic acid",LIN,individual,1:16417301,1,16417301,7.802972e-09,SORBI_3001G186500,0.90302
"13-Keto-9Z,11E-octadecadienoic acid",LIN,individual,1:16417301,1,16417301,7.802972e-09,SORBI_3001G186500,0.90258
"13-Keto-9Z,11E-octadecadienoic acid",LIN,individual,1:16417301,1,16417301,7.802972e-09,SORBI_3001G186500,0.902541
"13-Keto-9Z,11E-octadecadienoic acid",LIN,individual,1:16417301,1,16417301,7.802972e-09,SORBI_3001G186500,0.902049
"13-Keto-9Z,11E-octadecadienoic acid",LIN,individual,1:16417301,1,16417301,7.802972e-09,SORBI_3001G186850,0.901875
"13-Keto-9Z,11E-octadecadienoic acid",LIN,individual,1:16417301,1,16417301,7.802972e-09,SORBI_3001G187200,0.90068
"13-Keto-9Z,11E-octadecadienoic acid",LIN,individual,1:16417301,1,16417301,7.802972e-09,SORBI_3001G186600,0.898669
"13-Keto-9Z,11E-octadecadienoic acid",LIN,individual,1:16417301,1,16417301,7.802972e-09,SORBI_3001G186600,0.898196
"13-Keto-9Z,11E-octadecadienoic acid",LIN,individual,1:16417301,1,16417301,7.802972e-09,SORBI_3001G186600,0.897954
"13-Keto-9Z,11E-octadecadienoic acid",LIN,individual,1:16417301,1,16417301,7.802972e-09,SORBI_3001G186600,0.897706
"13-Keto-9Z,11E-octadecadienoic acid",LIN,individual,1:16417301,1,16417301,7.802972e-09,SORBI_3001G186925,0.897693
"13-Keto-9Z,11E-octadecadienoic acid",LIN,individual,1:16417301,1,16417301,7.802972e-09,SORBI_3001G186600,0.897454
"13-Keto-9Z,11E-octadecadienoic acid",LIN,individual,1:16417301,1,16417301,7.802972e-09,SORBI_3001G186600,0.897197
"13-Keto-9Z,11E-octadecadienoic acid",LIN,individual,1:16417301,1,16417301,7.802972e-09,SORBI_3001G186850,0.896954
"13-Keto-9Z,11E-octadecadienoic acid",LIN,individual,1:16417301,1,16417301,7.802972e-09,SORBI_3001G186600,0.896936
"13-Keto-9Z,11E-octadecadienoic acid",LIN,individual,1:16417301,1,16417301,7.802972e-09,SORBI_3001G186600,0.896669
"13-Keto-9Z,11E-octadecadienoic acid",LIN,individual,1:16417301,1,16417301,7.802972e-09,SORBI_3001G186850,0.89622
"13-Keto-9Z,11E-octadecadienoic acid",LIN,individual,1:16417301,1,16417301,7.802972e-09,SORBI_3001G187000,0.896139
"13-Keto-9Z,11E-octadecadienoic acid",LIN,individual,1:16417301,1,16417301,7.802972e-09,SORBI_3001G186600,0.896091
"13-Keto-9Z,11E-octadecadienoic acid",LIN,individual,1:16417301,1,16417301,7.802972e-09,SORBI_3001G186600,0.896026
"13-Keto-9Z,11E-octadecadienoic acid",LIN,individual,1:16417301,1,16417301,7.802972e-09,SORBI_3001G186600,0.89589
"13-Keto-9Z,11E-octadecadienoic acid",LIN,individual,1:16417301,1,16417301,7.802972e-09,SORBI_3001G186600,0.895641
"13-Keto-9Z,11E-octadecadienoic acid",LIN,individual,1:16417301,1,16417301,7.802972e-09,SORBI_3001G186600,0.895519
"13-Keto-9Z,11E-octadecadienoic acid",LIN,individual,1:16417301,1,16417301,7.802972e-09,SORBI_3001G186401,0.895028
"13-Keto-9Z,11E-octadecadienoic acid",LIN,individual,1:16417301,1,16417301,7.802972e-09,SORBI_3001G186600,0.894868
"13-Keto-9Z,11E-octadecadienoic acid",LIN,individual,1:16417301,1,16417301,7.802972e-09,SORBI_3001G186800,0.894638
"13-Keto-9Z,11E-octadecadienoic acid",LIN,individual,1:16417301,1,16417301,7.802972e-09,SORBI_3001G186600,0.894601
"13-Keto-9Z,11E-octadecadienoic acid",LIN,individual,1:16417301,1,16417301,7.802972e-09,SORBI_3001G186925,0.892614
"13-Keto-9Z,11E-octadecadienoic acid",LIN,individual,1:16417301,1,16417301,7.802972e-09,SORBI_3001G186500,0.892241
"13-Keto-9Z,11E-octadecadienoic acid",LIN,individual,1:16417301,1,16417301,7.802972e-09,SORBI_3001G186500,0.891892
"13-Keto-9Z,11E-octadecadienoic acid",LIN,individual,1:16417301,1,16417301,7.802972e-09,SORBI_3001G186600,0.891223
"13-Keto-9Z,11E-octadecadienoic acid",LIN,individual,1:16417301,1,16417301,7.802972e-09,SORBI_3001G186600,0.891172
"13-Keto-9Z,11E-octadecadienoic acid",LIN,individual,1:16417301,1,16417301,7.802972e-09,SORBI_3001G186600,0.89096
"13-Keto-9Z,11E-octadecadienoic acid",LIN,individual,1:16417301,1,16417301,7.802972e-09,SORBI_3001G186600,0.890665
"13-Keto-9Z,11E-octadecadienoic acid",LIN,individual,1:16417301,1,16417301,7.802972e-09,SORBI_3001G186600,0.890404
"13-Keto-9Z,11E-octadecadienoic acid",LIN,individual,1:16417301,1,16417301,7.802972e-09,SORBI_3001G186401,0.890365
"13-Keto-9Z,11E-octadecadienoic acid",LIN,individual,1:16417301,1,16417301,7.802972e-09,SORBI_3001G186600,0.890139
"13-Keto-9Z,11E-octadecadienoic acid",LIN,individual,1:16417301,1,16417301,7.802972e-09,SORBI_3001G186600,0.889868
"13-Keto-9Z,11E-octadecadienoic acid",LIN,individual,1:16417301,1,16417301,7.802972e-09,SORBI_3001G186800,0.889736
"13-Keto-9Z,11E-octadecadienoic acid",LIN,individual,1:16417301,1,16417301,7.802972e-09,SORBI_3001G186600,0.889025
"13-Keto-9Z,11E-octadecadienoic acid",LIN,individual,1:16417301,1,16417301,7.802972e-09,SORBI_3001G186401,0.886705
"13-Keto-9Z,11E-octadecadienoic acid",LIN,individual,1:16417301,1,16417301,7.802972e-09,SORBI_3001G187000,0.886474
"13-Keto-9Z,11E-octadecadienoic acid",LIN,individual,1:16417301,1,16417301,7.802972e-09,SORBI_3001G186850,0.886137
"13-Keto-9Z,11E-octadecadienoic acid",LIN,individual,1:16417301,1,16417301,7.802972e-09,SORBI_3001G186600,0.885399
"13-Keto-9Z,11E-octadecadienoic acid",LIN,individual,1:16417301,1,16417301,7.802972e-09,SORBI_3001G186600,0.885117
"13-Keto-9Z,11E-octadecadienoic acid",LIN,individual,1:16417301,1,16417301,7.802972e-09,SORBI_3001G186600,0.884829
"13-Keto-9Z,11E-octadecadienoic acid",LIN,individual,1:16417301,1,16417301,7.802972e-09,SORBI_3001G186600,0.884536
"13-Keto-9Z,11E-octadecadienoic acid",LIN,individual,1:16417301,1,16417301,7.802972e-09,SORBI_3001G186925,0.884252
"13-Keto-9Z,11E-octadecadienoic acid",LIN,individual,1:16417301,1,16417301,7.802972e-09,SORBI_3001G186600,0.884238
"13-Keto-9Z,11E-octadecadienoic acid",LIN,individual,1:16417301,1,16417301,7.802972e-09,SORBI_3001G186925,0.884183
"13-Keto-9Z,11E-octadecadienoic acid",LIN,individual,1:16417301,1,16417301,7.802972e-09,SORBI_3001G186850,0.884058
"13-Keto-9Z,11E-octadecadienoic acid",LIN,individual,1:16417301,1,16417301,7.802972e-09,SORBI_3001G186600,0.883379
"13-Keto-9Z,11E-octadecadienoic acid",LIN,individual,1:16417301,1,16417301,7.802972e-09,SORBI_3001G186600,0.882699
"13-Keto-9Z,11E-octadecadienoic acid",LIN,individual,1:16417301,1,16417301,7.802972e-09,SORBI_3001G186925,0.882269
"13-Keto-9Z,11E-octadecadienoic acid",LIN,individual,1:16417301,1,16417301,7.802972e-09,SORBI_3001G186600,0.879145
"13-Keto-9Z,11E-octadecadienoic acid",LIN,individual,1:16417301,1,16417301,7.802972e-09,SORBI_3001G186600,0.87887
"13-Keto-9Z,11E-octadecadienoic acid",LIN,individual,1:16417301,1,16417301,7.802972e-09,SORBI_3001G187200,0.878702
"13-Keto-9Z,11E-octadecadienoic acid",LIN,individual,1:16417301,1,16417301,7.802972e-09,SORBI_3001G187300,0.878702
"13-Keto-9Z,11E-octadecadienoic acid",LIN,individual,1:16417301,1,16417301,7.802972e-09,SORBI_3001G186600,0.878305
"13-Keto-9Z,11E-octadecadienoic acid",LIN,individual,1:16417301,1,16417301,7.802972e-09,SORBI_3001G186600,0.878015
"13-Keto-9Z,11E-octadecadienoic acid",LIN,individual,1:16417301,1,16417301,7.802972e-09,SORBI_3001G187300,0.877715
"13-Keto-9Z,11E-octadecadienoic acid",LIN,individual,1:16417301,1,16417301,7.802972e-09,SORBI_3001G186600,0.877111
"13-Keto-9Z,11E-octadecadienoic acid",LIN,individual,1:16417301,1,16417301,7.802972e-09,SORBI_3001G187000,0.87688
"13-Keto-9Z,11E-octadecadienoic acid",LIN,individual,1:16417301,1,16417301,7.802972e-09,SORBI_3001G187200,0.874839
"13-Keto-9Z,11E-octadecadienoic acid",LIN,individual,1:16417301,1,16417301,7.802972e-09,SORBI_3001G186600,0.874099
"13-Keto-9Z,11E-octadecadienoic acid",LIN,individual,1:16417301,1,16417301,7.802972e-09,SORBI_3001G187200,0.873515
"13-Keto-9Z,11E-octadecadienoic acid",LIN,individual,1:16417301,1,16417301,7.802972e-09,SORBI_3001G187300,0.873515
"13-Keto-9Z,11E-octadecadienoic acid",LIN,individual,1:16417301,1,16417301,7.802972e-09,SORBI_3001G187300,0.87345
"13-Keto-9Z,11E-octadecadienoic acid",LIN,individual,1:16417301,1,16417301,7.802972e-09,SORBI_3001G187300,0.873316
"13-Keto-9Z,11E-octadecadienoic acid",LIN,individual,1:16417301,1,16417301,7.802972e-09,SORBI_3001G186600,0.872969
"13-Keto-9Z,11E-octadecadienoic acid",LIN,individual,1:16417301,1,16417301,7.802972e-09,SORBI_3001G186600,0.872888
"13-Keto-9Z,11E-octadecadienoic acid",LIN,individual,1:16417301,1,16417301,7.802972e-09,SORBI_3001G186600,0.872028
"13-Keto-9Z,11E-octadecadienoic acid",LIN,individual,1:16417301,1,16417301,7.802972e-09,SORBI_3001G186600,0.871918
"13-Keto-9Z,11E-octadecadienoic acid",LIN,individual,1:16417301,1,16417301,7.802972e-09,SORBI_3001G187200,0.871857
"13-Keto-9Z,11E-octadecadienoic acid",LIN,individual,1:16417301,1,16417301,7.802972e-09,SORBI_3001G187300,0.871857
"13-Keto-9Z,11E-octadecadienoic acid",LIN,individual,1:16417301,1,16417301,7.802972e-09,SORBI_3001G186600,0.871582
"13-Keto-9Z,11E-octadecadienoic acid",LIN,individual,1:16417301,1,16417301,7.802972e-09,SORBI_3001G186850,0.871281
"13-Keto-9Z,11E-octadecadienoic acid",LIN,individual,1:16417301,1,16417301,7.802972e-09,SORBI_3001G186500,0.87089
"13-Keto-9Z,11E-octadecadienoic acid",LIN,individual,1:16417301,1,16417301,7.802972e-09,SORBI_3001G186500,0.870534
"13-Keto-9Z,11E-octadecadienoic acid",LIN,individual,1:16417301,1,16417301,7.802972e-09,SORBI_3001G186600,0.870306
"13-Keto-9Z,11E-octadecadienoic acid",LIN,individual,1:16417301,1,16417301,7.802972e-09,SORBI_3001G186600,0.870024
"13-Keto-9Z,11E-octadecadienoic acid",LIN,individual,1:16417301,1,16417301,7.802972e-09,SORBI_3001G186600,0.869446
"13-Keto-9Z,11E-octadecadienoic acid",LIN,individual,1:16417301,1,16417301,7.802972e-09,SORBI_3001G187200,0.869171
"13-Keto-9Z,11E-octadecadienoic acid",LIN,individual,1:16417301,1,16417301,7.802972e-09,SORBI_3001G186600,0.869149
"13-Keto-9Z,11E-octadecadienoic acid",LIN,individual,1:16417301,1,16417301,7.802972e-09,SORBI_3001G186600,0.868847
"13-Keto-9Z,11E-octadecadienoic acid",LIN,individual,1:16417301,1,16417301,7.802972e-09,SORBI_3001G186600,0.868539
"13-Keto-9Z,11E-octadecadienoic acid",LIN,individual,1:16417301,1,16417301,7.802972e-09,SORBI_3001G186600,0.868225
"13-Keto-9Z,11E-octadecadienoic acid",LIN,individual,1:16417301,1,16417301,7.802972e-09,SORBI_3001G186600,0.867906
"13-Keto-9Z,11E-octadecadienoic acid",LIN,individual,1:16417301,1,16417301,7.802972e-09,SORBI_3001G187100,0.867722
"13-Keto-9Z,11E-octadecadienoic acid",LIN,individual,1:16417301,1,16417301,7.802972e-09,SORBI_3001G186600,0.867581
"13-Keto-9Z,11E-octadecadienoic acid",LIN,individual,1:16417301,1,16417301,7.802972e-09,SORBI_3001G186600,0.867249
"13-Keto-9Z,11E-octadecadienoic acid",LIN,individual,1:16417301,1,16417301,7.802972e-09,SORBI_3001G187200,0.866842
"13-Keto-9Z,11E-octadecadienoic acid",LIN,individual,1:16417301,1,16417301,7.802972e-09,SORBI_3001G187300,0.866842
"13-Keto-9Z,11E-octadecadienoic acid",LIN,individual,1:16417301,1,16417301,7.802972e-09,SORBI_3001G187300,0.866594
"13-Keto-9Z,11E-octadecadienoic acid",LIN,individual,1:16417301,1,16417301,7.802972e-09,SORBI_3001G186500,0.866226
"13-Keto-9Z,11E-octadecadienoic acid",LIN,individual,1:16417301,1,16417301,7.802972e-09,SORBI_3001G187200,0.865537
"13-Keto-9Z,11E-octadecadienoic acid",LIN,individual,1:16417301,1,16417301,7.802972e-09,SORBI_3001G186600,0.865284
"13-Keto-9Z,11E-octadecadienoic acid",LIN,individual,1:16417301,1,16417301,7.802972e-09,SORBI_3001G186600,0.864738
"13-Keto-9Z,11E-octadecadienoic acid",LIN,individual,1:16417301,1,16417301,7.802972e-09,SORBI_3001G187200,0.863848
"13-Keto-9Z,11E-octadecadienoic acid",LIN,individual,1:16417301,1,16417301,7.802972e-09,SORBI_3001G187200,0.863813
"13-Keto-9Z,11E-octadecadienoic acid",LIN,individual,1:16417301,1,16417301,7.802972e-09,SORBI_3001G187200,0.862241
"13-Keto-9Z,11E-octadecadienoic acid",LIN,individual,1:16417301,1,16417301,7.802972e-09,SORBI_3001G187300,0.862241
"13-Keto-9Z,11E-octadecadienoic acid",LIN,individual,1:16417301,1,16417301,7.802972e-09,SORBI_3001G186600,0.861031
"13-Keto-9Z,11E-octadecadienoic acid",LIN,individual,1:16417301,1,16417301,7.802972e-09,SORBI_3001G186600,0.860895
"13-Keto-9Z,11E-octadecadienoic acid",LIN,individual,1:16417301,1,16417301,7.802972e-09,SORBI_3001G186500,0.860844
"13-Keto-9Z,11E-octadecadienoic acid",LIN,individual,1:16417301,1,16417301,7.802972e-09,SORBI_3001G186600,0.860694
"13-Keto-9Z,11E-octadecadienoic acid",LIN,individual,1:16417301,1,16417301,7.802972e-09,SORBI_3001G187300,0.860267
"13-Keto-9Z,11E-octadecadienoic acid",LIN,individual,1:16417301,1,16417301,7.802972e-09,SORBI_3001G187200,0.859713
"13-Keto-9Z,11E-octadecadienoic acid",LIN,individual,1:16417301,1,16417301,7.802972e-09,SORBI_3001G187200,0.859677
"13-Keto-9Z,11E-octadecadienoic acid",LIN,individual,1:16417301,1,16417301,7.802972e-09,SORBI_3001G186600,0.859175
"13-Keto-9Z,11E-octadecadienoic acid",LIN,individual,1:16417301,1,16417301,7.802972e-09,SORBI_3001G186600,0.858811
"13-Keto-9Z,11E-octadecadienoic acid",LIN,individual,1:16417301,1,16417301,7.802972e-09,SORBI_3001G186600,0.857746
"13-Keto-9Z,11E-octadecadienoic acid",LIN,individual,1:16417301,1,16417301,7.802972e-09,SORBI_3001G186600,0.857361
"13-Keto-9Z,11E-octadecadienoic acid",LIN,individual,1:16417301,1,16417301,7.802972e-09,SORBI_3001G187200,0.857097
"13-Keto-9Z,11E-octadecadienoic acid",LIN,individual,1:16417301,1,16417301,7.802972e-09,SORBI_3001G187300,0.857097
"13-Keto-9Z,11E-octadecadienoic acid",LIN,individual,1:16417301,1,16417301,7.802972e-09,SORBI_3001G186600,0.856387
"13-Keto-9Z,11E-octadecadienoic acid",LIN,individual,1:16417301,1,16417301,7.802972e-09,SORBI_3001G186600,0.85605
"13-Keto-9Z,11E-octadecadienoic acid",LIN,individual,1:16417301,1,16417301,7.802972e-09,SORBI_3001G186600,0.855707
"13-Keto-9Z,11E-octadecadienoic acid",LIN,individual,1:16417301,1,16417301,7.802972e-09,SORBI_3001G187300,0.855416
"13-Keto-9Z,11E-octadecadienoic acid",LIN,individual,1:16417301,1,16417301,7.802972e-09,SORBI_3001G186600,0.855357
"13-Keto-9Z,11E-octadecadienoic acid",LIN,individual,1:16417301,1,16417301,7.802972e-09,SORBI_3001G186600,0.855001
"13-Keto-9Z,11E-octadecadienoic acid",LIN,individual,1:16417301,1,16417301,7.802972e-09,SORBI_3001G186600,0.854638
"13-Keto-9Z,11E-octadecadienoic acid",LIN,individual,1:16417301,1,16417301,7.802972e-09,SORBI_3001G186925,0.854445
"13-Keto-9Z,11E-octadecadienoic acid",LIN,individual,1:16417301,1,16417301,7.802972e-09,SORBI_3001G186600,0.854269
"13-Keto-9Z,11E-octadecadienoic acid",LIN,individual,1:16417301,1,16417301,7.802972e-09,SORBI_3001G187200,0.854249
"13-Keto-9Z,11E-octadecadienoic acid",LIN,individual,1:16417301,1,16417301,7.802972e-09,SORBI_3001G187300,0.854042
"13-Keto-9Z,11E-octadecadienoic acid",LIN,individual,1:16417301,1,16417301,7.802972e-09,SORBI_3001G186600,0.853892
"13-Keto-9Z,11E-octadecadienoic acid",LIN,individual,1:16417301,1,16417301,7.802972e-09,SORBI_3001G186600,0.853507
"13-Keto-9Z,11E-octadecadienoic acid",LIN,individual,1:16417301,1,16417301,7.802972e-09,SORBI_3001G186500,0.853276
"13-Keto-9Z,11E-octadecadienoic acid",LIN,individual,1:16417301,1,16417301,7.802972e-09,SORBI_3001G186925,0.853016
"13-Keto-9Z,11E-octadecadienoic acid",LIN,individual,1:16417301,1,16417301,7.802972e-09,SORBI_3001G187200,0.852695
"13-Keto-9Z,11E-octadecadienoic acid",LIN,individual,1:16417301,1,16417301,7.802972e-09,SORBI_3001G187300,0.852542
"13-Keto-9Z,11E-octadecadienoic acid",LIN,individual,1:16417301,1,16417301,7.802972e-09,SORBI_3001G186600,0.85201
"13-Keto-9Z,11E-octadecadienoic acid",LIN,individual,1:16417301,1,16417301,7.802972e-09,SORBI_3001G186600,0.851633
"13-Keto-9Z,11E-octadecadienoic acid",LIN,individual,1:16417301,1,16417301,7.802972e-09,SORBI_3001G187200,0.850333
"13-Keto-9Z,11E-octadecadienoic acid",LIN,individual,1:16417301,1,16417301,7.802972e-09,SORBI_3001G186925,0.849826
"13-Keto-9Z,11E-octadecadienoic acid",LIN,individual,1:16417301,1,16417301,7.802972e-09,SORBI_3001G186600,0.84841
"13-Keto-9Z,11E-octadecadienoic acid",LIN,individual,1:16417301,1,16417301,7.802972e-09,SORBI_3001G186600,0.847895
"13-Keto-9Z,11E-octadecadienoic acid",LIN,individual,1:16417301,1,16417301,7.802972e-09,SORBI_3001G187200,0.847415
"13-Keto-9Z,11E-octadecadienoic acid",LIN,individual,1:16417301,1,16417301,7.802972e-09,SORBI_3001G186600,0.846754
"13-Keto-9Z,11E-octadecadienoic acid",LIN,individual,1:16417301,1,16417301,7.802972e-09,SORBI_3001G187300,0.846298
"13-Keto-9Z,11E-octadecadienoic acid",LIN,individual,1:16417301,1,16417301,7.802972e-09,SORBI_3001G186600,0.845454
"13-Keto-9Z,11E-octadecadienoic acid",LIN,individual,1:16417301,1,16417301,7.802972e-09,SORBI_3001G186925,0.843621
"13-Keto-9Z,11E-octadecadienoic acid",LIN,individual,1:16417301,1,16417301,7.802972e-09,SORBI_3001G186600,0.842853
"13-Keto-9Z,11E-octadecadienoic acid",LIN,individual,1:16417301,1,16417301,7.802972e-09,SORBI_3001G186600,0.842524
"13-Keto-9Z,11E-octadecadienoic acid",LIN,individual,1:16417301,1,16417301,7.802972e-09,SORBI_3001G186600,0.842408
"13-Keto-9Z,11E-octadecadienoic acid",LIN,individual,1:16417301,1,16417301,7.802972e-09,SORBI_3001G186600,0.842131
"13-Keto-9Z,11E-octadecadienoic acid",LIN,individual,1:16417301,1,16417301,7.802972e-09,SORBI_3001G186600,0.84173
"13-Keto-9Z,11E-octadecadienoic acid",LIN,individual,1:16417301,1,16417301,7.802972e-09,SORBI_3001G186600,0.841718
"13-Keto-9Z,11E-octadecadienoic acid",LIN,individual,1:16417301,1,16417301,7.802972e-09,SORBI_3001G186850,0.841575
"13-Keto-9Z,11E-octadecadienoic acid",LIN,individual,1:16417301,1,16417301,7.802972e-09,SORBI_3001G186600,0.841322
"13-Keto-9Z,11E-octadecadienoic acid",LIN,individual,1:16417301,1,16417301,7.802972e-09,SORBI_3001G187200,0.841034
"13-Keto-9Z,11E-octadecadienoic acid",LIN,individual,1:16417301,1,16417301,7.802972e-09,SORBI_3001G186600,0.841002
"13-Keto-9Z,11E-octadecadienoic acid",LIN,individual,1:16417301,1,16417301,7.802972e-09,SORBI_3001G186600,0.840635
"13-Keto-9Z,11E-octadecadienoic acid",LIN,individual,1:16417301,1,16417301,7.802972e-09,SORBI_3001G186600,0.840261
"13-Keto-9Z,11E-octadecadienoic acid",LIN,individual,1:16417301,1,16417301,7.802972e-09,SORBI_3001G186600,0.83988
"13-Keto-9Z,11E-octadecadienoic acid",LIN,individual,1:16417301,1,16417301,7.802972e-09,SORBI_3001G186600,0.83951
"13-Keto-9Z,11E-octadecadienoic acid",LIN,individual,1:16417301,1,16417301,7.802972e-09,SORBI_3001G186600,0.839492
"13-Keto-9Z,11E-octadecadienoic acid",LIN,individual,1:16417301,1,16417301,7.802972e-09,SORBI_3001G186600,0.839096
"13-Keto-9Z,11E-octadecadienoic acid",LIN,individual,1:16417301,1,16417301,7.802972e-09,SORBI_3001G186600,0.838693
"13-Keto-9Z,11E-octadecadienoic acid",LIN,individual,1:16417301,1,16417301,7.802972e-09,SORBI_3001G186600,0.838686
"13-Keto-9Z,11E-octadecadienoic acid",LIN,individual,1:16417301,1,16417301,7.802972e-09,SORBI_3001G186600,0.838283
"13-Keto-9Z,11E-octadecadienoic acid",LIN,individual,1:16417301,1,16417301,7.802972e-09,SORBI_3001G186850,0.837844
"13-Keto-9Z,11E-octadecadienoic acid",LIN,individual,1:16417301,1,16417301,7.802972e-09,SORBI_3001G186600,0.837379
"13-Keto-9Z,11E-octadecadienoic acid",LIN,individual,1:16417301,1,16417301,7.802972e-09,SORBI_3001G186401,0.836422
"13-Keto-9Z,11E-octadecadienoic acid",LIN,individual,1:16417301,1,16417301,7.802972e-09,SORBI_3001G186850,0.835204
"13-Keto-9Z,11E-octadecadienoic acid",LIN,individual,1:16417301,1,16417301,7.802972e-09,SORBI_3001G186600,0.834561
"13-Keto-9Z,11E-octadecadienoic acid",LIN,individual,1:16417301,1,16417301,7.802972e-09,SORBI_3001G186600,0.834185
"13-Keto-9Z,11E-octadecadienoic acid",LIN,individual,1:16417301,1,16417301,7.802972e-09,SORBI_3001G186600,0.833412
"13-Keto-9Z,11E-octadecadienoic acid",LIN,individual,1:16417301,1,16417301,7.802972e-09,SORBI_3001G186600,0.83261
"13-Keto-9Z,11E-octadecadienoic acid",LIN,individual,1:16417301,1,16417301,7.802972e-09,SORBI_3001G186850,0.832494
"13-Keto-9Z,11E-octadecadienoic acid",LIN,individual,1:16417301,1,16417301,7.802972e-09,SORBI_3001G186600,0.831783
"13-Keto-9Z,11E-octadecadienoic acid",LIN,individual,1:16417301,1,16417301,7.802972e-09,SORBI_3001G186850,0.831657
"13-Keto-9Z,11E-octadecadienoic acid",LIN,individual,1:16417301,1,16417301,7.802972e-09,SORBI_3001G187300,0.831538
"13-Keto-9Z,11E-octadecadienoic acid",LIN,individual,1:16417301,1,16417301,7.802972e-09,SORBI_3001G186600,0.831383
"13-Keto-9Z,11E-octadecadienoic acid",LIN,individual,1:16417301,1,16417301,7.802972e-09,SORBI_3001G186600,0.83097
"13-Keto-9Z,11E-octadecadienoic acid",LIN,individual,1:16417301,1,16417301,7.802972e-09,SORBI_3001G187000,0.830609
"13-Keto-9Z,11E-octadecadienoic acid",LIN,individual,1:16417301,1,16417301,7.802972e-09,SORBI_3001G187300,0.830232
"13-Keto-9Z,11E-octadecadienoic acid",LIN,individual,1:16417301,1,16417301,7.802972e-09,SORBI_3001G186600,0.830134
"13-Keto-9Z,11E-octadecadienoic acid",LIN,individual,1:16417301,1,16417301,7.802972e-09,SORBI_3001G186850,0.829837
"13-Keto-9Z,11E-octadecadienoic acid",LIN,individual,1:16417301,1,16417301,7.802972e-09,SORBI_3001G186600,0.829514
"13-Keto-9Z,11E-octadecadienoic acid",LIN,individual,1:16417301,1,16417301,7.802972e-09,SORBI_3001G186850,0.828922
"13-Keto-9Z,11E-octadecadienoic acid",LIN,individual,1:16417301,1,16417301,7.802972e-09,SORBI_3001G186600,0.828756
"13-Keto-9Z,11E-octadecadienoic acid",LIN,individual,1:16417301,1,16417301,7.802972e-09,SORBI_3001G187300,0.828565
"13-Keto-9Z,11E-octadecadienoic acid",LIN,individual,1:16417301,1,16417301,7.802972e-09,SORBI_3001G186600,0.828367
"13-Keto-9Z,11E-octadecadienoic acid",LIN,individual,1:16417301,1,16417301,7.802972e-09,SORBI_3001G187000,0.827932
"13-Keto-9Z,11E-octadecadienoic acid",LIN,individual,1:16417301,1,16417301,7.802972e-09,SORBI_3001G186600,0.827568
"13-Keto-9Z,11E-octadecadienoic acid",LIN,individual,1:16417301,1,16417301,7.802972e-09,SORBI_3001G186600,0.827157
"13-Keto-9Z,11E-octadecadienoic acid",LIN,individual,1:16417301,1,16417301,7.802972e-09,SORBI_3001G187000,0.827044
"13-Keto-9Z,11E-octadecadienoic acid",LIN,individual,1:16417301,1,16417301,7.802972e-09,SORBI_3001G186600,0.826738
"13-Keto-9Z,11E-octadecadienoic acid",LIN,individual,1:16417301,1,16417301,7.802972e-09,SORBI_3001G187000,0.825437
"13-Keto-9Z,11E-octadecadienoic acid",LIN,individual,1:16417301,1,16417301,7.802972e-09,SORBI_3001G187100,0.825437
"13-Keto-9Z,11E-octadecadienoic acid",LIN,individual,1:16417301,1,16417301,7.802972e-09,SORBI_3001G186600,0.825434
"13-Keto-9Z,11E-octadecadienoic acid",LIN,individual,1:16417301,1,16417301,7.802972e-09,SORBI_3001G186600,0.824807
"13-Keto-9Z,11E-octadecadienoic acid",LIN,individual,1:16417301,1,16417301,7.802972e-09,SORBI_3001G186850,0.823739
"13-Keto-9Z,11E-octadecadienoic acid",LIN,individual,1:16417301,1,16417301,7.802972e-09,SORBI_3001G186600,0.82304
"13-Keto-9Z,11E-octadecadienoic acid",LIN,individual,1:16417301,1,16417301,7.802972e-09,SORBI_3001G186500,0.822237
"13-Keto-9Z,11E-octadecadienoic acid",LIN,individual,1:16417301,1,16417301,7.802972e-09,SORBI_3001G187300,0.821956
"13-Keto-9Z,11E-octadecadienoic acid",LIN,individual,1:16417301,1,16417301,7.802972e-09,SORBI_3001G187100,0.82029
"13-Keto-9Z,11E-octadecadienoic acid",LIN,individual,1:16417301,1,16417301,7.802972e-09,SORBI_3001G186850,0.819566
"13-Keto-9Z,11E-octadecadienoic acid",LIN,individual,1:16417301,1,16417301,7.802972e-09,SORBI_3001G187300,0.817983
"13-Keto-9Z,11E-octadecadienoic acid",LIN,individual,1:16417301,1,16417301,7.802972e-09,SORBI_3001G186850,0.817929
"13-Keto-9Z,11E-octadecadienoic acid",LIN,individual,1:16417301,1,16417301,7.802972e-09,SORBI_3001G187200,0.817178
"13-Keto-9Z,11E-octadecadienoic acid",LIN,individual,1:16417301,1,16417301,7.802972e-09,SORBI_3001G186600,0.815824
"13-Keto-9Z,11E-octadecadienoic acid",LIN,individual,1:16417301,1,16417301,7.802972e-09,SORBI_3001G186600,0.815489
"13-Keto-9Z,11E-octadecadienoic acid",LIN,individual,1:16417301,1,16417301,7.802972e-09,SORBI_3001G186600,0.8154
"13-Keto-9Z,11E-octadecadienoic acid",LIN,individual,1:16417301,1,16417301,7.802972e-09,SORBI_3001G186600,0.814968
"13-Keto-9Z,11E-octadecadienoic acid",LIN,individual,1:16417301,1,16417301,7.802972e-09,SORBI_3001G187100,0.81473
"13-Keto-9Z,11E-octadecadienoic acid",LIN,individual,1:16417301,1,16417301,7.802972e-09,SORBI_3001G187000,0.814679
"13-Keto-9Z,11E-octadecadienoic acid",LIN,individual,1:16417301,1,16417301,7.802972e-09,SORBI_3001G186600,0.814557
"13-Keto-9Z,11E-octadecadienoic acid",LIN,individual,1:16417301,1,16417301,7.802972e-09,SORBI_3001G186600,0.814528
"13-Keto-9Z,11E-octadecadienoic acid",LIN,individual,1:16417301,1,16417301,7.802972e-09,SORBI_3001G186600,0.814135
"13-Keto-9Z,11E-octadecadienoic acid",LIN,individual,1:16417301,1,16417301,7.802972e-09,SORBI_3001G186600,0.813623
"13-Keto-9Z,11E-octadecadienoic acid",LIN,individual,1:16417301,1,16417301,7.802972e-09,SORBI_3001G186600,0.813268
"13-Keto-9Z,11E-octadecadienoic acid",LIN,individual,1:16417301,1,16417301,7.802972e-09,SORBI_3001G186925,0.812603
"13-Keto-9Z,11E-octadecadienoic acid",LIN,individual,1:16417301,1,16417301,7.802972e-09,SORBI_3001G187300,0.812443
"13-Keto-9Z,11E-octadecadienoic acid",LIN,individual,1:16417301,1,16417301,7.802972e-09,SORBI_3001G186600,0.812369
"13-Keto-9Z,11E-octadecadienoic acid",LIN,individual,1:16417301,1,16417301,7.802972e-09,SORBI_3001G186600,0.811907
"13-Keto-9Z,11E-octadecadienoic acid",LIN,individual,1:16417301,1,16417301,7.802972e-09,SORBI_3001G186600,0.811436
"13-Keto-9Z,11E-octadecadienoic acid",LIN,individual,1:16417301,1,16417301,7.802972e-09,SORBI_3001G187100,0.809545
"13-Keto-9Z,11E-octadecadienoic acid",LIN,individual,1:16417301,1,16417301,7.802972e-09,SORBI_3001G186850,0.808467
"13-Keto-9Z,11E-octadecadienoic acid",LIN,individual,1:16417301,1,16417301,7.802972e-09,SORBI_3001G187100,0.806654
"13-Keto-9Z,11E-octadecadienoic acid",LIN,individual,1:16417301,1,16417301,7.802972e-09,SORBI_3001G186600,0.805956
"13-Keto-9Z,11E-octadecadienoic acid",LIN,individual,1:16417301,1,16417301,7.802972e-09,SORBI_3001G187100,0.804426
"13-Keto-9Z,11E-octadecadienoic acid",LIN,individual,1:16417301,1,16417301,7.802972e-09,SORBI_3001G186600,0.802656
"13-Keto-9Z,11E-octadecadienoic acid",LIN,individual,1:16417301,1,16417301,7.802972e-09,SORBI_3001G186500,0.802527
"13-Keto-9Z,11E-octadecadienoic acid",LIN,individual,1:16417301,1,16417301,7.802972e-09,SORBI_3001G186500,0.802386
"13-Keto-9Z,11E-octadecadienoic acid",LIN,individual,1:16417301,1,16417301,7.802972e-09,SORBI_3001G186600,0.802221
"13-Keto-9Z,11E-octadecadienoic acid",LIN,individual,1:16417301,1,16417301,7.802972e-09,SORBI_3001G186600,0.801031
"13-Keto-9Z,11E-octadecadienoic acid",LIN,individual,1:16417301,1,16417301,7.802972e-09,SORBI_3001G186850,0.800991
"13-Keto-9Z,11E-octadecadienoic acid",LIN,individual,1:16417301,1,16417301,7.802972e-09,SORBI_3001G186600,0.799442
"13-Keto-9Z,11E-octadecadienoic acid",LIN,individual,1:16417301,1,16417301,7.802972e-09,SORBI_3001G186600,0.798445
"13-Keto-9Z,11E-octadecadienoic acid",LIN,individual,1:16417301,1,16417301,7.802972e-09,SORBI_3001G186600,0.787973
"13-Keto-9Z,11E-octadecadienoic acid",LIN,individual,1:16417301,1,16417301,7.802972e-09,SORBI_3001G187300,0.783732
"13-Keto-9Z,11E-octadecadienoic acid",LIN,individual,1:16417301,1,16417301,7.802972e-09,SORBI_3001G187500,0.782095
"13-Keto-9Z,11E-octadecadienoic acid",LIN,individual,1:16417301,1,16417301,7.802972e-09,SORBI_3001G186850,0.781519
"13-Keto-9Z,11E-octadecadienoic acid",LIN,individual,1:16417301,1,16417301,7.802972e-09,SORBI_3001G187500,0.781499
"13-Keto-9Z,11E-octadecadienoic acid",LIN,individual,1:16417301,1,16417301,7.802972e-09,SORBI_3001G187400,0.777529
"13-Keto-9Z,11E-octadecadienoic acid",LIN,individual,1:16417301,1,16417301,7.802972e-09,SORBI_3001G187600,0.77715
"13-Keto-9Z,11E-octadecadienoic acid",LIN,individual,1:16417301,1,16417301,7.802972e-09,SORBI_3001G187400,0.771955
"13-Keto-9Z,11E-octadecadienoic acid",LIN,individual,1:16417301,1,16417301,7.802972e-09,SORBI_3001G187500,0.771462
"13-Keto-9Z,11E-octadecadienoic acid",LIN,individual,1:16417301,1,16417301,7.802972e-09,SORBI_3001G187300,0.76941
"13-Keto-9Z,11E-octadecadienoic acid",LIN,individual,1:16417301,1,16417301,7.802972e-09,SORBI_3001G187400,0.768149
"13-Keto-9Z,11E-octadecadienoic acid",LIN,individual,1:16417301,1,16417301,7.802972e-09,SORBI_3001G187400,0.768092
"13-Keto-9Z,11E-octadecadienoic acid",LIN,individual,1:16417301,1,16417301,7.802972e-09,SORBI_3001G187400,0.767531
"13-Keto-9Z,11E-octadecadienoic acid",LIN,individual,1:16417301,1,16417301,7.802972e-09,SORBI_3001G187500,0.765781
"13-Keto-9Z,11E-octadecadienoic acid",LIN,individual,1:16417301,1,16417301,7.802972e-09,SORBI_3001G187400,0.762407
"13-Keto-9Z,11E-octadecadienoic acid",LIN,individual,1:16417301,1,16417301,7.802972e-09,SORBI_3001G186850,0.75969
"13-Keto-9Z,11E-octadecadienoic acid",LIN,individual,1:16417301,1,16417301,7.802972e-09,SORBI_3001G187500,0.759663
"13-Keto-9Z,11E-octadecadienoic acid",LIN,individual,1:16417301,1,16417301,7.802972e-09,SORBI_3001G187500,0.759352
"13-Keto-9Z,11E-octadecadienoic acid",LIN,individual,1:16417301,1,16417301,7.802972e-09,SORBI_3001G187500,0.759126
"13-Keto-9Z,11E-octadecadienoic acid",LIN,individual,1:16417301,1,16417301,7.802972e-09,SORBI_3001G187500,0.759117
"13-Keto-9Z,11E-octadecadienoic acid",LIN,individual,1:16417301,1,16417301,7.802972e-09,SORBI_3001G187400,0.759025
"13-Keto-9Z,11E-octadecadienoic acid",LIN,individual,1:16417301,1,16417301,7.802972e-09,SORBI_3001G187500,0.757384
"13-Keto-9Z,11E-octadecadienoic acid",LIN,individual,1:16417301,1,16417301,7.802972e-09,SORBI_3001G187500,0.757292
"13-Keto-9Z,11E-octadecadienoic acid",LIN,individual,1:16417301,1,16417301,7.802972e-09,SORBI_3001G187400,0.75506
"13-Keto-9Z,11E-octadecadienoic acid",LIN,individual,1:16417301,1,16417301,7.802972e-09,SORBI_3001G186600,0.755045
"13-Keto-9Z,11E-octadecadienoic acid",LIN,individual,1:16417301,1,16417301,7.802972e-09,SORBI_3001G187500,0.747684
"13-Keto-9Z,11E-octadecadienoic acid",LIN,individual,1:16417301,1,16417301,7.802972e-09,SORBI_3001G187800,0.740829
"13-Keto-9Z,11E-octadecadienoic acid",LIN,individual,1:16417301,1,16417301,7.802972e-09,SORBI_3001G187200,0.740672
"13-Keto-9Z,11E-octadecadienoic acid",LIN,individual,1:16417301,1,16417301,7.802972e-09,SORBI_3001G187400,0.73868
"13-Keto-9Z,11E-octadecadienoic acid",LIN,individual,1:16417301,1,16417301,7.802972e-09,SORBI_3001G187100,0.737745
"13-Keto-9Z,11E-octadecadienoic acid",LIN,individual,1:16417301,1,16417301,7.802972e-09,SORBI_3001G187800,0.735835
"13-Keto-9Z,11E-octadecadienoic acid",LIN,individual,1:16417301,1,16417301,7.802972e-09,SORBI_3001G186850,0.734468
"13-Keto-9Z,11E-octadecadienoic acid",LIN,individual,1:16417301,1,16417301,7.802972e-09,SORBI_3001G187500,0.732901
"13-Keto-9Z,11E-octadecadienoic acid",LIN,individual,1:16417301,1,16417301,7.802972e-09,SORBI_3001G186600,0.731381
"13-Keto-9Z,11E-octadecadienoic acid",LIN,individual,1:16417301,1,16417301,7.802972e-09,SORBI_3001G187400,0.73024
"13-Keto-9Z,11E-octadecadienoic acid",LIN,individual,1:16417301,1,16417301,7.802972e-09,SORBI_3001G187500,0.729003
"13-Keto-9Z,11E-octadecadienoic acid",LIN,individual,1:16417301,1,16417301,7.802972e-09,SORBI_3001G187500,0.721388
"13-Keto-9Z,11E-octadecadienoic acid",LIN,individual,1:16417301,1,16417301,7.802972e-09,SORBI_3001G187500,0.721287
"13-Keto-9Z,11E-octadecadienoic acid",LIN,individual,1:16417301,1,16417301,7.802972e-09,SORBI_3001G187200,0.717671
"13-Keto-9Z,11E-octadecadienoic acid",LIN,individual,1:16417301,1,16417301,7.802972e-09,SORBI_3001G187200,0.710465
"13-Keto-9Z,11E-octadecadienoic acid",LIN,individual,1:16417301,1,16417301,7.802972e-09,SORBI_3001G187300,0.709735
"13-Keto-9Z,11E-octadecadienoic acid",LIN,individual,1:16417301,1,16417301,7.802972e-09,SORBI_3001G187300,0.703747
"13-Keto-9Z,11E-octadecadienoic acid",LIN,individual,1:16417301,1,16417301,7.802972e-09,SORBI_3001G187800,0.701594
"13-Keto-9Z,11E-octadecadienoic acid",LIN,individual,1:16417301,1,16417301,7.802972e-09,SORBI_3001G187800,0.700929
"13-Keto-9Z,11E-octadecadienoic acid",LIN,individual,1:16417301,1,16417301,7.802972e-09,SORBI_3001G187200,0.699802
"13-Keto-9Z,11E-octadecadienoic acid",LIN,individual,1:16417301,1,16417301,7.802972e-09,SORBI_3001G187200,0.697906
"13-Keto-9Z,11E-octadecadienoic acid",LIN,individual,1:16417301,1,16417301,7.802972e-09,SORBI_3001G187200,0.696173
"13-Keto-9Z,11E-octadecadienoic acid",LIN,individual,1:16417301,1,16417301,7.802972e-09,SORBI_3001G186850,0.695779
"13-Keto-9Z,11E-octadecadienoic acid",LIN,individual,1:16417301,1,16417301,7.802972e-09,SORBI_3001G186850,0.69433
"13-Keto-9Z,11E-octadecadienoic acid",LIN,individual,1:16417301,1,16417301,7.802972e-09,SORBI_3001G187100,0.693015
"13-Keto-9Z,11E-octadecadienoic acid",LIN,individual,1:16417301,1,16417301,7.802972e-09,SORBI_3001G186600,0.691836
"13-Keto-9Z,11E-octadecadienoic acid",LIN,individual,1:16417301,1,16417301,7.802972e-09,SORBI_3001G187800,0.689941
"13-Keto-9Z,11E-octadecadienoic acid",LIN,individual,1:16417301,1,16417301,7.802972e-09,SORBI_3001G187400,0.688317
"13-Keto-9Z,11E-octadecadienoic acid",LIN,individual,1:16417301,1,16417301,7.802972e-09,SORBI_3001G187200,0.688188
"13-Keto-9Z,11E-octadecadienoic acid",LIN,individual,1:16417301,1,16417301,7.802972e-09,SORBI_3001G187300,0.687083
"13-Keto-9Z,11E-octadecadienoic acid",LIN,individual,1:16417301,1,16417301,7.802972e-09,SORBI_3001G187400,0.685107
"13-Keto-9Z,11E-octadecadienoic acid",LIN,individual,1:16417301,1,16417301,7.802972e-09,SORBI_3001G187400,0.667676
"13-Keto-9Z,11E-octadecadienoic acid",LIN,individual,1:16417301,1,16417301,7.802972e-09,SORBI_3001G188100,0.666376
"13-Keto-9Z,11E-octadecadienoic acid",LIN,individual,1:16417301,1,16417301,7.802972e-09,SORBI_3001G187500,0.664
"13-Keto-9Z,11E-octadecadienoic acid",LIN,individual,1:16417301,1,16417301,7.802972e-09,SORBI_3001G186850,0.663375
"13-Keto-9Z,11E-octadecadienoic acid",LIN,individual,1:16417301,1,16417301,7.802972e-09,SORBI_3001G187800,0.661245
"13-Keto-9Z,11E-octadecadienoic acid",LIN,individual,1:16417301,1,16417301,7.802972e-09,SORBI_3001G187800,0.660755
"13-Keto-9Z,11E-octadecadienoic acid",LIN,individual,1:16417301,1,16417301,7.802972e-09,SORBI_3001G187800,0.658582
"13-Keto-9Z,11E-octadecadienoic acid",LIN,individual,1:16417301,1,16417301,7.802972e-09,SORBI_3001G187200,0.655763
"13-Keto-9Z,11E-octadecadienoic acid",LIN,individual,1:16417301,1,16417301,7.802972e-09,SORBI_3001G187800,0.652478
"13-Keto-9Z,11E-octadecadienoic acid",LIN,individual,1:16417301,1,16417301,7.802972e-09,SORBI_3001G187500,0.649867
"13-Keto-9Z,11E-octadecadienoic acid",LIN,individual,1:16417301,1,16417301,7.802972e-09,SORBI_3001G187800,0.648268
"13-Keto-9Z,11E-octadecadienoic acid",LIN,individual,1:16417301,1,16417301,7.802972e-09,SORBI_3001G187800,0.641301
"13-Keto-9Z,11E-octadecadienoic acid",LIN,individual,1:16417301,1,16417301,7.802972e-09,SORBI_3001G187800,0.631644
"13-Keto-9Z,11E-octadecadienoic acid",LIN,individual,1:16417301,1,16417301,7.802972e-09,SORBI_3001G187500,0.616521
"13-Keto-9Z,11E-octadecadienoic acid",LIN,individual,1:16417301,1,16417301,7.802972e-09,SORBI_3001G187400,0.609818
"13-Keto-9Z,11E-octadecadienoic acid",LIN,individual,4:4004327,4,4004327,7.846859e-09,SORBI_3004G049500,1
"13-Keto-9Z,11E-octadecadienoic acid",LIN,individual,4:4004327,4,4004327,7.846859e-09,SORBI_3004G049500,1
"13-Keto-9Z,11E-octadecadienoic acid",LIN,individual,4:4004327,4,4004327,7.846859e-09,SORBI_3004G049500,0.935058
"13-Keto-9Z,11E-octadecadienoic acid",LIN,individual,4:4004327,4,4004327,7.846859e-09,SORBI_3004G049600,0.931466
"13-Keto-9Z,11E-octadecadienoic acid",LIN,individual,4:4004327,4,4004327,7.846859e-09,SORBI_3004G049700,0.931466
"13-Keto-9Z,11E-octadecadienoic acid",LIN,individual,4:4004327,4,4004327,7.846859e-09,SORBI_3004G049600,0.923171
"13-Keto-9Z,11E-octadecadienoic acid",LIN,individual,4:4004327,4,4004327,7.846859e-09,SORBI_3004G049800,0.877011
"13-Keto-9Z,11E-octadecadienoic acid",LIN,individual,4:4004327,4,4004327,7.846859e-09,SORBI_3004G049800,0.853226
"13-Keto-9Z,11E-octadecadienoic acid",LIN,individual,4:4004327,4,4004327,7.846859e-09,SORBI_3004G047200,0.721596
"13-Keto-9Z,11E-octadecadienoic acid",LIN,individual,4:4004327,4,4004327,7.846859e-09,SORBI_3004G047200,0.698072
"13-Keto-9Z,11E-octadecadienoic acid",LIN,individual,4:4004327,4,4004327,7.846859e-09,SORBI_3004G049900,0.695254
"13-Keto-9Z,11E-octadecadienoic acid",LIN,individual,4:4004327,4,4004327,7.846859e-09,SORBI_3004G047700,0.69506
"13-Keto-9Z,11E-octadecadienoic acid",LIN,individual,4:4004327,4,4004327,7.846859e-09,SORBI_3004G047200,0.688633
"13-Keto-9Z,11E-octadecadienoic acid",LIN,individual,4:4004327,4,4004327,7.846859e-09,SORBI_3004G047600,0.66628
"13-Keto-9Z,11E-octadecadienoic acid",LIN,individual,4:4004327,4,4004327,7.846859e-09,SORBI_3004G047700,0.66628
"13-Keto-9Z,11E-octadecadienoic acid",LIN,individual,4:4004327,4,4004327,7.846859e-09,SORBI_3004G049700,0.660675
"13-Keto-9Z,11E-octadecadienoic acid",LIN,individual,4:4004327,4,4004327,7.846859e-09,SORBI_3004G047001,0.646921
"13-Keto-9Z,11E-octadecadienoic acid",LIN,individual,4:4004327,4,4004327,7.846859e-09,SORBI_3004G047400,0.628955
"13-Keto-9Z,11E-octadecadienoic acid",LIN,individual,4:4004327,4,4004327,7.846859e-09,SORBI_3004G047400,0.628441
"13-Keto-9Z,11E-octadecadienoic acid",LIN,individual,4:4004327,4,4004327,7.846859e-09,SORBI_3004G049600,0.62701
"13-Keto-9Z,11E-octadecadienoic acid",LIN,individual,4:4004327,4,4004327,7.846859e-09,SORBI_3004G047400,0.624833
"13-Keto-9Z,11E-octadecadienoic acid",LIN,individual,4:4004327,4,4004327,7.846859e-09,SORBI_3004G047500,0.618661
"13-Keto-9Z,11E-octadecadienoic acid",LIN,individual,4:4004327,4,4004327,7.846859e-09,SORBI_3004G047400,0.610885
"13-Keto-9Z,11E-octadecadienoic acid",LIN,individual,4:4004327,4,4004327,7.846859e-09,SORBI_3004G050000,0.603074
"13-Keto-9Z,11E-octadecadienoic acid",LIN,individual,4:4004327,4,4004327,7.846859e-09,SORBI_3004G047500,0.600806
"13-Keto-9Z,11E-octadecadienoic acid",LIN,individual,10:4442108,10,4442108,7.944153e-09,SORBI_3010G056900,1
"13-Keto-9Z,11E-octadecadienoic acid",LIN,individual,10:4442108,10,4442108,7.944153e-09,SORBI_3010G056900,1
"13-Keto-9Z,11E-octadecadienoic acid",LIN,individual,10:4442108,10,4442108,7.944153e-09,SORBI_3010G056900,0.966117
"13-Keto-9Z,11E-octadecadienoic acid",LIN,individual,10:4442108,10,4442108,7.944153e-09,SORBI_3010G056300,0.959454
"13-Keto-9Z,11E-octadecadienoic acid",LIN,individual,10:4442108,10,4442108,7.944153e-09,SORBI_3010G057000,0.959454
"13-Keto-9Z,11E-octadecadienoic acid",LIN,individual,10:4442108,10,4442108,7.944153e-09,SORBI_3010G056300,0.952742
"13-Keto-9Z,11E-octadecadienoic acid",LIN,individual,10:4442108,10,4442108,7.944153e-09,SORBI_3010G057000,0.952742
"13-Keto-9Z,11E-octadecadienoic acid",LIN,individual,10:4442108,10,4442108,7.944153e-09,SORBI_3010G056800,0.946381
"13-Keto-9Z,11E-octadecadienoic acid",LIN,individual,10:4442108,10,4442108,7.944153e-09,SORBI_3010G056900,0.946381
"13-Keto-9Z,11E-octadecadienoic acid",LIN,individual,10:4442108,10,4442108,7.944153e-09,SORBI_3010G056300,0.94613
"13-Keto-9Z,11E-octadecadienoic acid",LIN,individual,10:4442108,10,4442108,7.944153e-09,SORBI_3010G057000,0.94613
"13-Keto-9Z,11E-octadecadienoic acid",LIN,individual,10:4442108,10,4442108,7.944153e-09,SORBI_3010G056900,0.94571
"13-Keto-9Z,11E-octadecadienoic acid",LIN,individual,10:4442108,10,4442108,7.944153e-09,SORBI_3010G056900,0.931938
"13-Keto-9Z,11E-octadecadienoic acid",LIN,individual,10:4442108,10,4442108,7.944153e-09,SORBI_3010G056200,0.905688
"13-Keto-9Z,11E-octadecadienoic acid",LIN,individual,10:4442108,10,4442108,7.944153e-09,SORBI_3010G056300,0.905688
"13-Keto-9Z,11E-octadecadienoic acid",LIN,individual,10:4442108,10,4442108,7.944153e-09,SORBI_3010G057200,0.905688
"13-Keto-9Z,11E-octadecadienoic acid",LIN,individual,10:4442108,10,4442108,7.944153e-09,SORBI_3010G057400,0.901035
"13-Keto-9Z,11E-octadecadienoic acid",LIN,individual,10:4442108,10,4442108,7.944153e-09,SORBI_3010G056900,0.900848
"13-Keto-9Z,11E-octadecadienoic acid",LIN,individual,10:4442108,10,4442108,7.944153e-09,SORBI_3010G055200,0.89921
"13-Keto-9Z,11E-octadecadienoic acid",LIN,individual,10:4442108,10,4442108,7.944153e-09,SORBI_3010G055400,0.89921
"13-Keto-9Z,11E-octadecadienoic acid",LIN,individual,10:4442108,10,4442108,7.944153e-09,SORBI_3010G055500,0.89921
"13-Keto-9Z,11E-octadecadienoic acid",LIN,individual,10:4442108,10,4442108,7.944153e-09,SORBI_3010G056200,0.899052
"13-Keto-9Z,11E-octadecadienoic acid",LIN,individual,10:4442108,10,4442108,7.944153e-09,SORBI_3010G056300,0.899052
"13-Keto-9Z,11E-octadecadienoic acid",LIN,individual,10:4442108,10,4442108,7.944153e-09,SORBI_3010G057100,0.899052
"13-Keto-9Z,11E-octadecadienoic acid",LIN,individual,10:4442108,10,4442108,7.944153e-09,SORBI_3010G057200,0.899052
"13-Keto-9Z,11E-octadecadienoic acid",LIN,individual,10:4442108,10,4442108,7.944153e-09,SORBI_3010G056200,0.898683
"13-Keto-9Z,11E-octadecadienoic acid",LIN,individual,10:4442108,10,4442108,7.944153e-09,SORBI_3010G055200,0.892768
"13-Keto-9Z,11E-octadecadienoic acid",LIN,individual,10:4442108,10,4442108,7.944153e-09,SORBI_3010G055300,0.892768
"13-Keto-9Z,11E-octadecadienoic acid",LIN,individual,10:4442108,10,4442108,7.944153e-09,SORBI_3010G055400,0.892768
"13-Keto-9Z,11E-octadecadienoic acid",LIN,individual,10:4442108,10,4442108,7.944153e-09,SORBI_3010G055500,0.892768
"13-Keto-9Z,11E-octadecadienoic acid",LIN,individual,10:4442108,10,4442108,7.944153e-09,SORBI_3010G055600,0.892768
"13-Keto-9Z,11E-octadecadienoic acid",LIN,individual,10:4442108,10,4442108,7.944153e-09,SORBI_3010G055700,0.892768
"13-Keto-9Z,11E-octadecadienoic acid",LIN,individual,10:4442108,10,4442108,7.944153e-09,SORBI_3010G055800,0.892768
"13-Keto-9Z,11E-octadecadienoic acid",LIN,individual,10:4442108,10,4442108,7.944153e-09,SORBI_3010G055900,0.892768
"13-Keto-9Z,11E-octadecadienoic acid",LIN,individual,10:4442108,10,4442108,7.944153e-09,SORBI_3010G056000,0.892768
"13-Keto-9Z,11E-octadecadienoic acid",LIN,individual,10:4442108,10,4442108,7.944153e-09,SORBI_3010G056100,0.892768
"13-Keto-9Z,11E-octadecadienoic acid",LIN,individual,10:4442108,10,4442108,7.944153e-09,SORBI_3010G055600,0.892593
"13-Keto-9Z,11E-octadecadienoic acid",LIN,individual,10:4442108,10,4442108,7.944153e-09,SORBI_3010G056100,0.892593
"13-Keto-9Z,11E-octadecadienoic acid",LIN,individual,10:4442108,10,4442108,7.944153e-09,SORBI_3010G055200,0.892539
"13-Keto-9Z,11E-octadecadienoic acid",LIN,individual,10:4442108,10,4442108,7.944153e-09,SORBI_3010G055300,0.892539
"13-Keto-9Z,11E-octadecadienoic acid",LIN,individual,10:4442108,10,4442108,7.944153e-09,SORBI_3010G056200,0.892519
"13-Keto-9Z,11E-octadecadienoic acid",LIN,individual,10:4442108,10,4442108,7.944153e-09,SORBI_3010G057200,0.892519
"13-Keto-9Z,11E-octadecadienoic acid",LIN,individual,10:4442108,10,4442108,7.944153e-09,SORBI_3010G057400,0.889396
"13-Keto-9Z,11E-octadecadienoic acid",LIN,individual,10:4442108,10,4442108,7.944153e-09,SORBI_3010G055200,0.886171
"13-Keto-9Z,11E-octadecadienoic acid",LIN,individual,10:4442108,10,4442108,7.944153e-09,SORBI_3010G055300,0.886171
"13-Keto-9Z,11E-octadecadienoic acid",LIN,individual,10:4442108,10,4442108,7.944153e-09,SORBI_3010G055400,0.886171
"13-Keto-9Z,11E-octadecadienoic acid",LIN,individual,10:4442108,10,4442108,7.944153e-09,SORBI_3010G055500,0.886171
"13-Keto-9Z,11E-octadecadienoic acid",LIN,individual,10:4442108,10,4442108,7.944153e-09,SORBI_3010G055600,0.886171
"13-Keto-9Z,11E-octadecadienoic acid",LIN,individual,10:4442108,10,4442108,7.944153e-09,SORBI_3010G055700,0.886171
"13-Keto-9Z,11E-octadecadienoic acid",LIN,individual,10:4442108,10,4442108,7.944153e-09,SORBI_3010G055800,0.886171
"13-Keto-9Z,11E-octadecadienoic acid",LIN,individual,10:4442108,10,4442108,7.944153e-09,SORBI_3010G056000,0.886171
"13-Keto-9Z,11E-octadecadienoic acid",LIN,individual,10:4442108,10,4442108,7.944153e-09,SORBI_3010G056100,0.886171
"13-Keto-9Z,11E-octadecadienoic acid",LIN,individual,10:4442108,10,4442108,7.944153e-09,SORBI_3010G056200,0.886094
"13-Keto-9Z,11E-octadecadienoic acid",LIN,individual,10:4442108,10,4442108,7.944153e-09,SORBI_3010G056300,0.886094
"13-Keto-9Z,11E-octadecadienoic acid",LIN,individual,10:4442108,10,4442108,7.944153e-09,SORBI_3010G057200,0.886094
"13-Keto-9Z,11E-octadecadienoic acid",LIN,individual,10:4442108,10,4442108,7.944153e-09,SORBI_3010G055200,0.885726
"13-Keto-9Z,11E-octadecadienoic acid",LIN,individual,10:4442108,10,4442108,7.944153e-09,SORBI_3010G055500,0.885726
"13-Keto-9Z,11E-octadecadienoic acid",LIN,individual,10:4442108,10,4442108,7.944153e-09,SORBI_3010G055600,0.885726
"13-Keto-9Z,11E-octadecadienoic acid",LIN,individual,10:4442108,10,4442108,7.944153e-09,SORBI_3010G055700,0.885726
"13-Keto-9Z,11E-octadecadienoic acid",LIN,individual,10:4442108,10,4442108,7.944153e-09,SORBI_3010G055800,0.885726
"13-Keto-9Z,11E-octadecadienoic acid",LIN,individual,10:4442108,10,4442108,7.944153e-09,SORBI_3010G056000,0.885726
"13-Keto-9Z,11E-octadecadienoic acid",LIN,individual,10:4442108,10,4442108,7.944153e-09,SORBI_3010G056100,0.885726
"13-Keto-9Z,11E-octadecadienoic acid",LIN,individual,10:4442108,10,4442108,7.944153e-09,SORBI_3010G055200,0.885468
"13-Keto-9Z,11E-octadecadienoic acid",LIN,individual,10:4442108,10,4442108,7.944153e-09,SORBI_3010G055300,0.885468
"13-Keto-9Z,11E-octadecadienoic acid",LIN,individual,10:4442108,10,4442108,7.944153e-09,SORBI_3010G056200,0.885308
"13-Keto-9Z,11E-octadecadienoic acid",LIN,individual,10:4442108,10,4442108,7.944153e-09,SORBI_3010G057200,0.885308
"13-Keto-9Z,11E-octadecadienoic acid",LIN,individual,10:4442108,10,4442108,7.944153e-09,SORBI_3010G056500,0.885076
"13-Keto-9Z,11E-octadecadienoic acid",LIN,individual,10:4442108,10,4442108,7.944153e-09,SORBI_3010G055200,0.880934
"13-Keto-9Z,11E-octadecadienoic acid",LIN,individual,10:4442108,10,4442108,7.944153e-09,SORBI_3010G055300,0.880934
"13-Keto-9Z,11E-octadecadienoic acid",LIN,individual,10:4442108,10,4442108,7.944153e-09,SORBI_3010G057200,0.879785
"13-Keto-9Z,11E-octadecadienoic acid",LIN,individual,10:4442108,10,4442108,7.944153e-09,SORBI_3010G055200,0.879679
"13-Keto-9Z,11E-octadecadienoic acid",LIN,individual,10:4442108,10,4442108,7.944153e-09,SORBI_3010G055300,0.879679
"13-Keto-9Z,11E-octadecadienoic acid",LIN,individual,10:4442108,10,4442108,7.944153e-09,SORBI_3010G055400,0.879679
"13-Keto-9Z,11E-octadecadienoic acid",LIN,individual,10:4442108,10,4442108,7.944153e-09,SORBI_3010G055500,0.879679
"13-Keto-9Z,11E-octadecadienoic acid",LIN,individual,10:4442108,10,4442108,7.944153e-09,SORBI_3010G055600,0.879679
"13-Keto-9Z,11E-octadecadienoic acid",LIN,individual,10:4442108,10,4442108,7.944153e-09,SORBI_3010G055700,0.879679
"13-Keto-9Z,11E-octadecadienoic acid",LIN,individual,10:4442108,10,4442108,7.944153e-09,SORBI_3010G056000,0.879679
"13-Keto-9Z,11E-octadecadienoic acid",LIN,individual,10:4442108,10,4442108,7.944153e-09,SORBI_3010G056100,0.879679
"13-Keto-9Z,11E-octadecadienoic acid",LIN,individual,10:4442108,10,4442108,7.944153e-09,SORBI_3010G055300,0.879649
"13-Keto-9Z,11E-octadecadienoic acid",LIN,individual,10:4442108,10,4442108,7.944153e-09,SORBI_3010G055500,0.879027
"13-Keto-9Z,11E-octadecadienoic acid",LIN,individual,10:4442108,10,4442108,7.944153e-09,SORBI_3010G055800,0.879027
"13-Keto-9Z,11E-octadecadienoic acid",LIN,individual,10:4442108,10,4442108,7.944153e-09,SORBI_3010G057200,0.878774
"13-Keto-9Z,11E-octadecadienoic acid",LIN,individual,10:4442108,10,4442108,7.944153e-09,SORBI_3010G055200,0.874151
"13-Keto-9Z,11E-octadecadienoic acid",LIN,individual,10:4442108,10,4442108,7.944153e-09,SORBI_3010G055300,0.874151
"13-Keto-9Z,11E-octadecadienoic acid",LIN,individual,10:4442108,10,4442108,7.944153e-09,SORBI_3010G055200,0.873458
"13-Keto-9Z,11E-octadecadienoic acid",LIN,individual,10:4442108,10,4442108,7.944153e-09,SORBI_3010G055300,0.873458
"13-Keto-9Z,11E-octadecadienoic acid",LIN,individual,10:4442108,10,4442108,7.944153e-09,SORBI_3010G055200,0.873297
"13-Keto-9Z,11E-octadecadienoic acid",LIN,individual,10:4442108,10,4442108,7.944153e-09,SORBI_3010G055300,0.873297
"13-Keto-9Z,11E-octadecadienoic acid",LIN,individual,10:4442108,10,4442108,7.944153e-09,SORBI_3010G055400,0.873297
"13-Keto-9Z,11E-octadecadienoic acid",LIN,individual,10:4442108,10,4442108,7.944153e-09,SORBI_3010G055500,0.873297
"13-Keto-9Z,11E-octadecadienoic acid",LIN,individual,10:4442108,10,4442108,7.944153e-09,SORBI_3010G055600,0.873297
"13-Keto-9Z,11E-octadecadienoic acid",LIN,individual,10:4442108,10,4442108,7.944153e-09,SORBI_3010G055700,0.873297
"13-Keto-9Z,11E-octadecadienoic acid",LIN,individual,10:4442108,10,4442108,7.944153e-09,SORBI_3010G055800,0.873297
"13-Keto-9Z,11E-octadecadienoic acid",LIN,individual,10:4442108,10,4442108,7.944153e-09,SORBI_3010G056000,0.873297
"13-Keto-9Z,11E-octadecadienoic acid",LIN,individual,10:4442108,10,4442108,7.944153e-09,SORBI_3010G056100,0.873297
"13-Keto-9Z,11E-octadecadienoic acid",LIN,individual,10:4442108,10,4442108,7.944153e-09,SORBI_3010G055200,0.872428
"13-Keto-9Z,11E-octadecadienoic acid",LIN,individual,10:4442108,10,4442108,7.944153e-09,SORBI_3010G055400,0.872428
"13-Keto-9Z,11E-octadecadienoic acid",LIN,individual,10:4442108,10,4442108,7.944153e-09,SORBI_3010G057200,0.87235
"13-Keto-9Z,11E-octadecadienoic acid",LIN,individual,10:4442108,10,4442108,7.944153e-09,SORBI_3010G055700,0.871989
"13-Keto-9Z,11E-octadecadienoic acid",LIN,individual,10:4442108,10,4442108,7.944153e-09,SORBI_3010G056600,0.87111
"13-Keto-9Z,11E-octadecadienoic acid",LIN,individual,10:4442108,10,4442108,7.944153e-09,SORBI_3010G055200,0.867031
"13-Keto-9Z,11E-octadecadienoic acid",LIN,individual,10:4442108,10,4442108,7.944153e-09,SORBI_3010G055500,0.867031
"13-Keto-9Z,11E-octadecadienoic acid",LIN,individual,10:4442108,10,4442108,7.944153e-09,SORBI_3010G055600,0.867031
"13-Keto-9Z,11E-octadecadienoic acid",LIN,individual,10:4442108,10,4442108,7.944153e-09,SORBI_3010G056000,0.867031
"13-Keto-9Z,11E-octadecadienoic acid",LIN,individual,10:4442108,10,4442108,7.944153e-09,SORBI_3010G056100,0.867031
"13-Keto-9Z,11E-octadecadienoic acid",LIN,individual,10:4442108,10,4442108,7.944153e-09,SORBI_3010G055200,0.865939
"13-Keto-9Z,11E-octadecadienoic acid",LIN,individual,10:4442108,10,4442108,7.944153e-09,SORBI_3010G055300,0.865939
"13-Keto-9Z,11E-octadecadienoic acid",LIN,individual,10:4442108,10,4442108,7.944153e-09,SORBI_3010G055700,0.865934
"13-Keto-9Z,11E-octadecadienoic acid",LIN,individual,10:4442108,10,4442108,7.944153e-09,SORBI_3010G056000,0.865934
"13-Keto-9Z,11E-octadecadienoic acid",LIN,individual,10:4442108,10,4442108,7.944153e-09,SORBI_3010G055200,0.865286
"13-Keto-9Z,11E-octadecadienoic acid",LIN,individual,10:4442108,10,4442108,7.944153e-09,SORBI_3010G055300,0.865286
"13-Keto-9Z,11E-octadecadienoic acid",LIN,individual,10:4442108,10,4442108,7.944153e-09,SORBI_3010G055200,0.86096
"13-Keto-9Z,11E-octadecadienoic acid",LIN,individual,10:4442108,10,4442108,7.944153e-09,SORBI_3010G055300,0.86096
"13-Keto-9Z,11E-octadecadienoic acid",LIN,individual,10:4442108,10,4442108,7.944153e-09,SORBI_3010G055600,0.860888
"13-Keto-9Z,11E-octadecadienoic acid",LIN,individual,10:4442108,10,4442108,7.944153e-09,SORBI_3010G055600,0.859646
"13-Keto-9Z,11E-octadecadienoic acid",LIN,individual,10:4442108,10,4442108,7.944153e-09,SORBI_3010G056300,0.859636
"13-Keto-9Z,11E-octadecadienoic acid",LIN,individual,10:4442108,10,4442108,7.944153e-09,SORBI_3010G055700,0.854876
"13-Keto-9Z,11E-octadecadienoic acid",LIN,individual,10:4442108,10,4442108,7.944153e-09,SORBI_3010G056600,0.853256
"13-Keto-9Z,11E-octadecadienoic acid",LIN,individual,10:4442108,10,4442108,7.944153e-09,SORBI_3010G056600,0.852856
"13-Keto-9Z,11E-octadecadienoic acid",LIN,individual,10:4442108,10,4442108,7.944153e-09,SORBI_3010G056000,0.852207
"13-Keto-9Z,11E-octadecadienoic acid",LIN,individual,10:4442108,10,4442108,7.944153e-09,SORBI_3010G055200,0.849003
"13-Keto-9Z,11E-octadecadienoic acid",LIN,individual,10:4442108,10,4442108,7.944153e-09,SORBI_3010G055300,0.849003
"13-Keto-9Z,11E-octadecadienoic acid",LIN,individual,10:4442108,10,4442108,7.944153e-09,SORBI_3010G055200,0.845534
"13-Keto-9Z,11E-octadecadienoic acid",LIN,individual,10:4442108,10,4442108,7.944153e-09,SORBI_3010G055300,0.845534
"13-Keto-9Z,11E-octadecadienoic acid",LIN,individual,10:4442108,10,4442108,7.944153e-09,SORBI_3010G055500,0.845442
"13-Keto-9Z,11E-octadecadienoic acid",LIN,individual,10:4442108,10,4442108,7.944153e-09,SORBI_3010G055500,0.844942
"13-Keto-9Z,11E-octadecadienoic acid",LIN,individual,10:4442108,10,4442108,7.944153e-09,SORBI_3010G057000,0.844072
"13-Keto-9Z,11E-octadecadienoic acid",LIN,individual,10:4442108,10,4442108,7.944153e-09,SORBI_3010G055300,0.834272
"13-Keto-9Z,11E-octadecadienoic acid",LIN,individual,10:4442108,10,4442108,7.944153e-09,SORBI_3010G055700,0.832559
"13-Keto-9Z,11E-octadecadienoic acid",LIN,individual,10:4442108,10,4442108,7.944153e-09,SORBI_3010G056200,0.831219
"13-Keto-9Z,11E-octadecadienoic acid",LIN,individual,10:4442108,10,4442108,7.944153e-09,SORBI_3010G056500,0.830812
"13-Keto-9Z,11E-octadecadienoic acid",LIN,individual,10:4442108,10,4442108,7.944153e-09,SORBI_3010G055200,0.827044
"13-Keto-9Z,11E-octadecadienoic acid",LIN,individual,10:4442108,10,4442108,7.944153e-09,SORBI_3010G055300,0.827044
"13-Keto-9Z,11E-octadecadienoic acid",LIN,individual,10:4442108,10,4442108,7.944153e-09,SORBI_3010G055200,0.826943
"13-Keto-9Z,11E-octadecadienoic acid",LIN,individual,10:4442108,10,4442108,7.944153e-09,SORBI_3010G055300,0.826943
"13-Keto-9Z,11E-octadecadienoic acid",LIN,individual,10:4442108,10,4442108,7.944153e-09,SORBI_3010G057200,0.826152
"13-Keto-9Z,11E-octadecadienoic acid",LIN,individual,10:4442108,10,4442108,7.944153e-09,SORBI_3010G055200,0.826145
"13-Keto-9Z,11E-octadecadienoic acid",LIN,individual,10:4442108,10,4442108,7.944153e-09,SORBI_3010G055300,0.826145
"13-Keto-9Z,11E-octadecadienoic acid",LIN,individual,10:4442108,10,4442108,7.944153e-09,SORBI_3010G053700,0.823463
"13-Keto-9Z,11E-octadecadienoic acid",LIN,individual,10:4442108,10,4442108,7.944153e-09,SORBI_3010G055300,0.819686
"13-Keto-9Z,11E-octadecadienoic acid",LIN,individual,10:4442108,10,4442108,7.944153e-09,SORBI_3010G055300,0.819103
"13-Keto-9Z,11E-octadecadienoic acid",LIN,individual,10:4442108,10,4442108,7.944153e-09,SORBI_3010G056800,0.817336
"13-Keto-9Z,11E-octadecadienoic acid",LIN,individual,10:4442108,10,4442108,7.944153e-09,SORBI_3010G055200,0.816507
"13-Keto-9Z,11E-octadecadienoic acid",LIN,individual,10:4442108,10,4442108,7.944153e-09,SORBI_3010G055300,0.816507
"13-Keto-9Z,11E-octadecadienoic acid",LIN,individual,10:4442108,10,4442108,7.944153e-09,SORBI_3010G055600,0.816507
"13-Keto-9Z,11E-octadecadienoic acid",LIN,individual,10:4442108,10,4442108,7.944153e-09,SORBI_3010G054000,0.816082
"13-Keto-9Z,11E-octadecadienoic acid",LIN,individual,10:4442108,10,4442108,7.944153e-09,SORBI_3010G055200,0.813265
"13-Keto-9Z,11E-octadecadienoic acid",LIN,individual,10:4442108,10,4442108,7.944153e-09,SORBI_3010G055300,0.813265
"13-Keto-9Z,11E-octadecadienoic acid",LIN,individual,10:4442108,10,4442108,7.944153e-09,SORBI_3010G055200,0.812503
"13-Keto-9Z,11E-octadecadienoic acid",LIN,individual,10:4442108,10,4442108,7.944153e-09,SORBI_3010G055300,0.812503
"13-Keto-9Z,11E-octadecadienoic acid",LIN,individual,10:4442108,10,4442108,7.944153e-09,SORBI_3010G055200,0.810463
"13-Keto-9Z,11E-octadecadienoic acid",LIN,individual,10:4442108,10,4442108,7.944153e-09,SORBI_3010G055300,0.810463
"13-Keto-9Z,11E-octadecadienoic acid",LIN,individual,10:4442108,10,4442108,7.944153e-09,SORBI_3010G056600,0.809087
"13-Keto-9Z,11E-octadecadienoic acid",LIN,individual,10:4442108,10,4442108,7.944153e-09,SORBI_3010G055200,0.806935
"13-Keto-9Z,11E-octadecadienoic acid",LIN,individual,10:4442108,10,4442108,7.944153e-09,SORBI_3010G055300,0.806935
"13-Keto-9Z,11E-octadecadienoic acid",LIN,individual,10:4442108,10,4442108,7.944153e-09,SORBI_3010G057200,0.806387
"13-Keto-9Z,11E-octadecadienoic acid",LIN,individual,10:4442108,10,4442108,7.944153e-09,SORBI_3010G053700,0.804785
"13-Keto-9Z,11E-octadecadienoic acid",LIN,individual,10:4442108,10,4442108,7.944153e-09,SORBI_3010G055200,0.80288
"13-Keto-9Z,11E-octadecadienoic acid",LIN,individual,10:4442108,10,4442108,7.944153e-09,SORBI_3010G055300,0.80288
"13-Keto-9Z,11E-octadecadienoic acid",LIN,individual,10:4442108,10,4442108,7.944153e-09,SORBI_3010G055200,0.801545
"13-Keto-9Z,11E-octadecadienoic acid",LIN,individual,10:4442108,10,4442108,7.944153e-09,SORBI_3010G055300,0.801545
"13-Keto-9Z,11E-octadecadienoic acid",LIN,individual,10:4442108,10,4442108,7.944153e-09,SORBI_3010G055200,0.798807
"13-Keto-9Z,11E-octadecadienoic acid",LIN,individual,10:4442108,10,4442108,7.944153e-09,SORBI_3010G055300,0.798807
"13-Keto-9Z,11E-octadecadienoic acid",LIN,individual,10:4442108,10,4442108,7.944153e-09,SORBI_3010G057200,0.798617
"13-Keto-9Z,11E-octadecadienoic acid",LIN,individual,10:4442108,10,4442108,7.944153e-09,SORBI_3010G055200,0.794161
"13-Keto-9Z,11E-octadecadienoic acid",LIN,individual,10:4442108,10,4442108,7.944153e-09,SORBI_3010G055300,0.794161
"13-Keto-9Z,11E-octadecadienoic acid",LIN,individual,10:4442108,10,4442108,7.944153e-09,SORBI_3010G055200,0.792666
"13-Keto-9Z,11E-octadecadienoic acid",LIN,individual,10:4442108,10,4442108,7.944153e-09,SORBI_3010G055300,0.792666
"13-Keto-9Z,11E-octadecadienoic acid",LIN,individual,10:4442108,10,4442108,7.944153e-09,SORBI_3010G056800,0.78995
"13-Keto-9Z,11E-octadecadienoic acid",LIN,individual,10:4442108,10,4442108,7.944153e-09,SORBI_3010G059700,0.78697
"13-Keto-9Z,11E-octadecadienoic acid",LIN,individual,10:4442108,10,4442108,7.944153e-09,SORBI_3010G055200,0.786845
"13-Keto-9Z,11E-octadecadienoic acid",LIN,individual,10:4442108,10,4442108,7.944153e-09,SORBI_3010G055300,0.786845
"13-Keto-9Z,11E-octadecadienoic acid",LIN,individual,10:4442108,10,4442108,7.944153e-09,SORBI_3010G057200,0.785032
"13-Keto-9Z,11E-octadecadienoic acid",LIN,individual,10:4442108,10,4442108,7.944153e-09,SORBI_3010G055200,0.784592
"13-Keto-9Z,11E-octadecadienoic acid",LIN,individual,10:4442108,10,4442108,7.944153e-09,SORBI_3010G055300,0.784592
"13-Keto-9Z,11E-octadecadienoic acid",LIN,individual,10:4442108,10,4442108,7.944153e-09,SORBI_3010G057200,0.783239
"13-Keto-9Z,11E-octadecadienoic acid",LIN,individual,10:4442108,10,4442108,7.944153e-09,SORBI_3010G056600,0.782711
"13-Keto-9Z,11E-octadecadienoic acid",LIN,individual,10:4442108,10,4442108,7.944153e-09,SORBI_3010G057200,0.777305
"13-Keto-9Z,11E-octadecadienoic acid",LIN,individual,10:4442108,10,4442108,7.944153e-09,SORBI_3010G055200,0.777212
"13-Keto-9Z,11E-octadecadienoic acid",LIN,individual,10:4442108,10,4442108,7.944153e-09,SORBI_3010G055300,0.777212
"13-Keto-9Z,11E-octadecadienoic acid",LIN,individual,10:4442108,10,4442108,7.944153e-09,SORBI_3010G057200,0.775635
"13-Keto-9Z,11E-octadecadienoic acid",LIN,individual,10:4442108,10,4442108,7.944153e-09,SORBI_3010G055200,0.774724
"13-Keto-9Z,11E-octadecadienoic acid",LIN,individual,10:4442108,10,4442108,7.944153e-09,SORBI_3010G055300,0.774724
"13-Keto-9Z,11E-octadecadienoic acid",LIN,individual,10:4442108,10,4442108,7.944153e-09,SORBI_3010G056500,0.771252
"13-Keto-9Z,11E-octadecadienoic acid",LIN,individual,10:4442108,10,4442108,7.944153e-09,SORBI_3010G054400,0.771194
"13-Keto-9Z,11E-octadecadienoic acid",LIN,individual,10:4442108,10,4442108,7.944153e-09,SORBI_3010G055700,0.765824
"13-Keto-9Z,11E-octadecadienoic acid",LIN,individual,10:4442108,10,4442108,7.944153e-09,SORBI_3010G055200,0.758534
"13-Keto-9Z,11E-octadecadienoic acid",LIN,individual,10:4442108,10,4442108,7.944153e-09,SORBI_3010G055300,0.758534
"13-Keto-9Z,11E-octadecadienoic acid",LIN,individual,10:4442108,10,4442108,7.944153e-09,SORBI_3010G056800,0.753301
"13-Keto-9Z,11E-octadecadienoic acid",LIN,individual,10:4442108,10,4442108,7.944153e-09,SORBI_3010G056900,0.750392
"13-Keto-9Z,11E-octadecadienoic acid",LIN,individual,10:4442108,10,4442108,7.944153e-09,SORBI_3010G056500,0.744985
"13-Keto-9Z,11E-octadecadienoic acid",LIN,individual,10:4442108,10,4442108,7.944153e-09,SORBI_3010G054400,0.743247
"13-Keto-9Z,11E-octadecadienoic acid",LIN,individual,10:4442108,10,4442108,7.944153e-09,SORBI_3010G056500,0.740533
"13-Keto-9Z,11E-octadecadienoic acid",LIN,individual,10:4442108,10,4442108,7.944153e-09,SORBI_3010G057100,0.740518
"13-Keto-9Z,11E-octadecadienoic acid",LIN,individual,10:4442108,10,4442108,7.944153e-09,SORBI_3010G057250,0.735185
"13-Keto-9Z,11E-octadecadienoic acid",LIN,individual,10:4442108,10,4442108,7.944153e-09,SORBI_3010G055200,0.729367
"13-Keto-9Z,11E-octadecadienoic acid",LIN,individual,10:4442108,10,4442108,7.944153e-09,SORBI_3010G055300,0.729367
"13-Keto-9Z,11E-octadecadienoic acid",LIN,individual,10:4442108,10,4442108,7.944153e-09,SORBI_3010G058650,0.728396
"13-Keto-9Z,11E-octadecadienoic acid",LIN,individual,10:4442108,10,4442108,7.944153e-09,SORBI_3010G055600,0.727684
"13-Keto-9Z,11E-octadecadienoic acid",LIN,individual,10:4442108,10,4442108,7.944153e-09,SORBI_3010G056100,0.72303
"13-Keto-9Z,11E-octadecadienoic acid",LIN,individual,10:4442108,10,4442108,7.944153e-09,SORBI_3010G055600,0.722708
"13-Keto-9Z,11E-octadecadienoic acid",LIN,individual,10:4442108,10,4442108,7.944153e-09,SORBI_3010G054400,0.722239
"13-Keto-9Z,11E-octadecadienoic acid",LIN,individual,10:4442108,10,4442108,7.944153e-09,SORBI_3010G055600,0.719851
"13-Keto-9Z,11E-octadecadienoic acid",LIN,individual,10:4442108,10,4442108,7.944153e-09,SORBI_3010G056500,0.719716
"13-Keto-9Z,11E-octadecadienoic acid",LIN,individual,10:4442108,10,4442108,7.944153e-09,SORBI_3010G056800,0.719472
"13-Keto-9Z,11E-octadecadienoic acid",LIN,individual,10:4442108,10,4442108,7.944153e-09,SORBI_3010G057400,0.715338
"13-Keto-9Z,11E-octadecadienoic acid",LIN,individual,10:4442108,10,4442108,7.944153e-09,SORBI_3010G053700,0.713483
"13-Keto-9Z,11E-octadecadienoic acid",LIN,individual,10:4442108,10,4442108,7.944153e-09,SORBI_3010G056900,0.70842
"13-Keto-9Z,11E-octadecadienoic acid",LIN,individual,10:4442108,10,4442108,7.944153e-09,SORBI_3010G055200,0.707101
"13-Keto-9Z,11E-octadecadienoic acid",LIN,individual,10:4442108,10,4442108,7.944153e-09,SORBI_3010G055300,0.707101
"13-Keto-9Z,11E-octadecadienoic acid",LIN,individual,10:4442108,10,4442108,7.944153e-09,SORBI_3010G057400,0.706524
"13-Keto-9Z,11E-octadecadienoic acid",LIN,individual,10:4442108,10,4442108,7.944153e-09,SORBI_3010G054400,0.706444
"13-Keto-9Z,11E-octadecadienoic acid",LIN,individual,10:4442108,10,4442108,7.944153e-09,SORBI_3010G055600,0.706217
"13-Keto-9Z,11E-octadecadienoic acid",LIN,individual,10:4442108,10,4442108,7.944153e-09,SORBI_3010G054300,0.705224
"13-Keto-9Z,11E-octadecadienoic acid",LIN,individual,10:4442108,10,4442108,7.944153e-09,SORBI_3010G056800,0.705157
"13-Keto-9Z,11E-octadecadienoic acid",LIN,individual,10:4442108,10,4442108,7.944153e-09,SORBI_3010G054300,0.704392
"13-Keto-9Z,11E-octadecadienoic acid",LIN,individual,10:4442108,10,4442108,7.944153e-09,SORBI_3010G054400,0.704392
"13-Keto-9Z,11E-octadecadienoic acid",LIN,individual,10:4442108,10,4442108,7.944153e-09,SORBI_3010G056500,0.699213
"13-Keto-9Z,11E-octadecadienoic acid",LIN,individual,10:4442108,10,4442108,7.944153e-09,SORBI_3010G055600,0.699136
"13-Keto-9Z,11E-octadecadienoic acid",LIN,individual,10:4442108,10,4442108,7.944153e-09,SORBI_3010G057400,0.697729
"13-Keto-9Z,11E-octadecadienoic acid",LIN,individual,10:4442108,10,4442108,7.944153e-09,SORBI_3010G055600,0.695474
"13-Keto-9Z,11E-octadecadienoic acid",LIN,individual,10:4442108,10,4442108,7.944153e-09,SORBI_3010G054000,0.695282
"13-Keto-9Z,11E-octadecadienoic acid",LIN,individual,10:4442108,10,4442108,7.944153e-09,SORBI_3010G054300,0.695282
"13-Keto-9Z,11E-octadecadienoic acid",LIN,individual,10:4442108,10,4442108,7.944153e-09,SORBI_3010G054000,0.693427
"13-Keto-9Z,11E-octadecadienoic acid",LIN,individual,10:4442108,10,4442108,7.944153e-09,SORBI_3010G056500,0.69324
"13-Keto-9Z,11E-octadecadienoic acid",LIN,individual,10:4442108,10,4442108,7.944153e-09,SORBI_3010G056300,0.689042
"13-Keto-9Z,11E-octadecadienoic acid",LIN,individual,10:4442108,10,4442108,7.944153e-09,SORBI_3010G058600,0.688752
"13-Keto-9Z,11E-octadecadienoic acid",LIN,individual,10:4442108,10,4442108,7.944153e-09,SORBI_3010G058650,0.688752
"13-Keto-9Z,11E-octadecadienoic acid",LIN,individual,10:4442108,10,4442108,7.944153e-09,SORBI_3010G055600,0.685616
"13-Keto-9Z,11E-octadecadienoic acid",LIN,individual,10:4442108,10,4442108,7.944153e-09,SORBI_3010G055600,0.684842
"13-Keto-9Z,11E-octadecadienoic acid",LIN,individual,10:4442108,10,4442108,7.944153e-09,SORBI_3010G055700,0.684692
"13-Keto-9Z,11E-octadecadienoic acid",LIN,individual,10:4442108,10,4442108,7.944153e-09,SORBI_3010G054000,0.68432
"13-Keto-9Z,11E-octadecadienoic acid",LIN,individual,10:4442108,10,4442108,7.944153e-09,SORBI_3010G055600,0.682893
"13-Keto-9Z,11E-octadecadienoic acid",LIN,individual,10:4442108,10,4442108,7.944153e-09,SORBI_3010G054300,0.682046
"13-Keto-9Z,11E-octadecadienoic acid",LIN,individual,10:4442108,10,4442108,7.944153e-09,SORBI_3010G057400,0.678914
"13-Keto-9Z,11E-octadecadienoic acid",LIN,individual,10:4442108,10,4442108,7.944153e-09,SORBI_3010G054300,0.678674
"13-Keto-9Z,11E-octadecadienoic acid",LIN,individual,10:4442108,10,4442108,7.944153e-09,SORBI_3010G057300,0.663639
"13-Keto-9Z,11E-octadecadienoic acid",LIN,individual,10:4442108,10,4442108,7.944153e-09,SORBI_3010G057300,0.663154
"13-Keto-9Z,11E-octadecadienoic acid",LIN,individual,10:4442108,10,4442108,7.944153e-09,SORBI_3010G055600,0.65965
"13-Keto-9Z,11E-octadecadienoic acid",LIN,individual,10:4442108,10,4442108,7.944153e-09,SORBI_3010G054700,0.651771
"13-Keto-9Z,11E-octadecadienoic acid",LIN,individual,10:4442108,10,4442108,7.944153e-09,SORBI_3010G054900,0.651771
"13-Keto-9Z,11E-octadecadienoic acid",LIN,individual,10:4442108,10,4442108,7.944153e-09,SORBI_3010G056500,0.65084
"13-Keto-9Z,11E-octadecadienoic acid",LIN,individual,10:4442108,10,4442108,7.944153e-09,SORBI_3010G057300,0.650603
"13-Keto-9Z,11E-octadecadienoic acid",LIN,individual,10:4442108,10,4442108,7.944153e-09,SORBI_3010G055000,0.645278
"13-Keto-9Z,11E-octadecadienoic acid",LIN,individual,10:4442108,10,4442108,7.944153e-09,SORBI_3010G057300,0.644752
"13-Keto-9Z,11E-octadecadienoic acid",LIN,individual,10:4442108,10,4442108,7.944153e-09,SORBI_3010G057300,0.64406
"13-Keto-9Z,11E-octadecadienoic acid",LIN,individual,10:4442108,10,4442108,7.944153e-09,SORBI_3010G053800,0.642823
"13-Keto-9Z,11E-octadecadienoic acid",LIN,individual,10:4442108,10,4442108,7.944153e-09,SORBI_3010G055000,0.640851
"13-Keto-9Z,11E-octadecadienoic acid",LIN,individual,10:4442108,10,4442108,7.944153e-09,SORBI_3010G058600,0.63865
"13-Keto-9Z,11E-octadecadienoic acid",LIN,individual,10:4442108,10,4442108,7.944153e-09,SORBI_3010G058650,0.63865
"13-Keto-9Z,11E-octadecadienoic acid",LIN,individual,10:4442108,10,4442108,7.944153e-09,SORBI_3010G057300,0.638228
"13-Keto-9Z,11E-octadecadienoic acid",LIN,individual,10:4442108,10,4442108,7.944153e-09,SORBI_3010G057300,0.637696
"13-Keto-9Z,11E-octadecadienoic acid",LIN,individual,10:4442108,10,4442108,7.944153e-09,SORBI_3010G058650,0.637021
"13-Keto-9Z,11E-octadecadienoic acid",LIN,individual,10:4442108,10,4442108,7.944153e-09,SORBI_3010G054600,0.634014
"13-Keto-9Z,11E-octadecadienoic acid",LIN,individual,10:4442108,10,4442108,7.944153e-09,SORBI_3010G054700,0.634014
"13-Keto-9Z,11E-octadecadienoic acid",LIN,individual,10:4442108,10,4442108,7.944153e-09,SORBI_3010G054800,0.634014
"13-Keto-9Z,11E-octadecadienoic acid",LIN,individual,10:4442108,10,4442108,7.944153e-09,SORBI_3010G054900,0.634014
"13-Keto-9Z,11E-octadecadienoic acid",LIN,individual,10:4442108,10,4442108,7.944153e-09,SORBI_3010G055000,0.634014
"13-Keto-9Z,11E-octadecadienoic acid",LIN,individual,10:4442108,10,4442108,7.944153e-09,SORBI_3010G055100,0.634014
"13-Keto-9Z,11E-octadecadienoic acid",LIN,individual,10:4442108,10,4442108,7.944153e-09,SORBI_3010G054000,0.633185
"13-Keto-9Z,11E-octadecadienoic acid",LIN,individual,10:4442108,10,4442108,7.944153e-09,SORBI_3010G057300,0.63182
"13-Keto-9Z,11E-octadecadienoic acid",LIN,individual,10:4442108,10,4442108,7.944153e-09,SORBI_3010G057300,0.631053
"13-Keto-9Z,11E-octadecadienoic acid",LIN,individual,10:4442108,10,4442108,7.944153e-09,SORBI_3010G055600,0.630912
"13-Keto-9Z,11E-octadecadienoic acid",LIN,individual,10:4442108,10,4442108,7.944153e-09,SORBI_3010G055600,0.628975
"13-Keto-9Z,11E-octadecadienoic acid",LIN,individual,10:4442108,10,4442108,7.944153e-09,SORBI_3010G056500,0.628595
"13-Keto-9Z,11E-octadecadienoic acid",LIN,individual,10:4442108,10,4442108,7.944153e-09,SORBI_3010G058650,0.628499
"13-Keto-9Z,11E-octadecadienoic acid",LIN,individual,10:4442108,10,4442108,7.944153e-09,SORBI_3010G058650,0.627807
"13-Keto-9Z,11E-octadecadienoic acid",LIN,individual,10:4442108,10,4442108,7.944153e-09,SORBI_3010G054600,0.627782
"13-Keto-9Z,11E-octadecadienoic acid",LIN,individual,10:4442108,10,4442108,7.944153e-09,SORBI_3010G054700,0.627782
"13-Keto-9Z,11E-octadecadienoic acid",LIN,individual,10:4442108,10,4442108,7.944153e-09,SORBI_3010G054800,0.627782
"13-Keto-9Z,11E-octadecadienoic acid",LIN,individual,10:4442108,10,4442108,7.944153e-09,SORBI_3010G054900,0.627782
"13-Keto-9Z,11E-octadecadienoic acid",LIN,individual,10:4442108,10,4442108,7.944153e-09,SORBI_3010G055000,0.627782
"13-Keto-9Z,11E-octadecadienoic acid",LIN,individual,10:4442108,10,4442108,7.944153e-09,SORBI_3010G055100,0.627782
"13-Keto-9Z,11E-octadecadienoic acid",LIN,individual,10:4442108,10,4442108,7.944153e-09,SORBI_3010G055100,0.626661
"13-Keto-9Z,11E-octadecadienoic acid",LIN,individual,10:4442108,10,4442108,7.944153e-09,SORBI_3010G056500,0.626021
"13-Keto-9Z,11E-octadecadienoic acid",LIN,individual,10:4442108,10,4442108,7.944153e-09,SORBI_3010G055100,0.625799
"13-Keto-9Z,11E-octadecadienoic acid",LIN,individual,10:4442108,10,4442108,7.944153e-09,SORBI_3010G054700,0.621686
"13-Keto-9Z,11E-octadecadienoic acid",LIN,individual,10:4442108,10,4442108,7.944153e-09,SORBI_3010G054800,0.621686
"13-Keto-9Z,11E-octadecadienoic acid",LIN,individual,10:4442108,10,4442108,7.944153e-09,SORBI_3010G054900,0.621686
"13-Keto-9Z,11E-octadecadienoic acid",LIN,individual,10:4442108,10,4442108,7.944153e-09,SORBI_3010G055100,0.621686
"13-Keto-9Z,11E-octadecadienoic acid",LIN,individual,10:4442108,10,4442108,7.944153e-09,SORBI_3010G055100,0.620295
"13-Keto-9Z,11E-octadecadienoic acid",LIN,individual,10:4442108,10,4442108,7.944153e-09,SORBI_3010G054700,0.620046
"13-Keto-9Z,11E-octadecadienoic acid",LIN,individual,10:4442108,10,4442108,7.944153e-09,SORBI_3010G054000,0.618973
"13-Keto-9Z,11E-octadecadienoic acid",LIN,individual,10:4442108,10,4442108,7.944153e-09,SORBI_3010G054000,0.617725
"13-Keto-9Z,11E-octadecadienoic acid",LIN,individual,10:4442108,10,4442108,7.944153e-09,SORBI_3010G056500,0.617638
"13-Keto-9Z,11E-octadecadienoic acid",LIN,individual,10:4442108,10,4442108,7.944153e-09,SORBI_3010G058600,0.616687
"13-Keto-9Z,11E-octadecadienoic acid",LIN,individual,10:4442108,10,4442108,7.944153e-09,SORBI_3010G058650,0.616687
"13-Keto-9Z,11E-octadecadienoic acid",LIN,individual,10:4442108,10,4442108,7.944153e-09,SORBI_3010G057400,0.616164
"13-Keto-9Z,11E-octadecadienoic acid",LIN,individual,10:4442108,10,4442108,7.944153e-09,SORBI_3010G054700,0.615735
"13-Keto-9Z,11E-octadecadienoic acid",LIN,individual,10:4442108,10,4442108,7.944153e-09,SORBI_3010G054900,0.615735
"13-Keto-9Z,11E-octadecadienoic acid",LIN,individual,10:4442108,10,4442108,7.944153e-09,SORBI_3010G055100,0.615735
"13-Keto-9Z,11E-octadecadienoic acid",LIN,individual,10:4442108,10,4442108,7.944153e-09,SORBI_3010G058600,0.614854
"13-Keto-9Z,11E-octadecadienoic acid",LIN,individual,10:4442108,10,4442108,7.944153e-09,SORBI_3010G058650,0.614854
"13-Keto-9Z,11E-octadecadienoic acid",LIN,individual,10:4442108,10,4442108,7.944153e-09,SORBI_3010G055100,0.614054
"13-Keto-9Z,11E-octadecadienoic acid",LIN,individual,10:4442108,10,4442108,7.944153e-09,SORBI_3010G055100,0.613205
"13-Keto-9Z,11E-octadecadienoic acid",LIN,individual,10:4442108,10,4442108,7.944153e-09,SORBI_3010G058600,0.612796
"13-Keto-9Z,11E-octadecadienoic acid",LIN,individual,10:4442108,10,4442108,7.944153e-09,SORBI_3010G058650,0.612796
"13-Keto-9Z,11E-octadecadienoic acid",LIN,individual,10:4442108,10,4442108,7.944153e-09,SORBI_3010G054000,0.612466
"13-Keto-9Z,11E-octadecadienoic acid",LIN,individual,10:4442108,10,4442108,7.944153e-09,SORBI_3010G054000,0.610945
"13-Keto-9Z,11E-octadecadienoic acid",LIN,individual,10:4442108,10,4442108,7.944153e-09,SORBI_3010G054000,0.610941
"13-Keto-9Z,11E-octadecadienoic acid",LIN,individual,10:4442108,10,4442108,7.944153e-09,SORBI_3010G054700,0.610821
"13-Keto-9Z,11E-octadecadienoic acid",LIN,individual,10:4442108,10,4442108,7.944153e-09,SORBI_3010G054900,0.610821
"13-Keto-9Z,11E-octadecadienoic acid",LIN,individual,10:4442108,10,4442108,7.944153e-09,SORBI_3010G054700,0.609943
"13-Keto-9Z,11E-octadecadienoic acid",LIN,individual,10:4442108,10,4442108,7.944153e-09,SORBI_3010G054900,0.609943
"13-Keto-9Z,11E-octadecadienoic acid",LIN,individual,10:4442108,10,4442108,7.944153e-09,SORBI_3010G058600,0.609638
"13-Keto-9Z,11E-octadecadienoic acid",LIN,individual,10:4442108,10,4442108,7.944153e-09,SORBI_3010G058650,0.609638
"13-Keto-9Z,11E-octadecadienoic acid",LIN,individual,10:4442108,10,4442108,7.944153e-09,SORBI_3010G055100,0.608899
"13-Keto-9Z,11E-octadecadienoic acid",LIN,individual,10:4442108,10,4442108,7.944153e-09,SORBI_3010G054700,0.608073
"13-Keto-9Z,11E-octadecadienoic acid",LIN,individual,10:4442108,10,4442108,7.944153e-09,SORBI_3010G054800,0.608073
"13-Keto-9Z,11E-octadecadienoic acid",LIN,individual,10:4442108,10,4442108,7.944153e-09,SORBI_3010G055100,0.608073
"13-Keto-9Z,11E-octadecadienoic acid",LIN,individual,10:4442108,10,4442108,7.944153e-09,SORBI_3010G055100,0.60795
"13-Keto-9Z,11E-octadecadienoic acid",LIN,individual,10:4442108,10,4442108,7.944153e-09,SORBI_3010G055100,0.607135
"13-Keto-9Z,11E-octadecadienoic acid",LIN,individual,10:4442108,10,4442108,7.944153e-09,SORBI_3010G054000,0.606242
"13-Keto-9Z,11E-octadecadienoic acid",LIN,individual,10:4442108,10,4442108,7.944153e-09,SORBI_3010G058600,0.606022
"13-Keto-9Z,11E-octadecadienoic acid",LIN,individual,10:4442108,10,4442108,7.944153e-09,SORBI_3010G058650,0.606022
"13-Keto-9Z,11E-octadecadienoic acid",LIN,individual,10:4442108,10,4442108,7.944153e-09,SORBI_3010G057300,0.605566
"13-Keto-9Z,11E-octadecadienoic acid",LIN,individual,10:4442108,10,4442108,7.944153e-09,SORBI_3010G053800,0.605169
"13-Keto-9Z,11E-octadecadienoic acid",LIN,individual,10:4442108,10,4442108,7.944153e-09,SORBI_3010G054700,0.604323
"13-Keto-9Z,11E-octadecadienoic acid",LIN,individual,10:4442108,10,4442108,7.944153e-09,SORBI_3010G058600,0.60324
"13-Keto-9Z,11E-octadecadienoic acid",LIN,individual,10:4442108,10,4442108,7.944153e-09,SORBI_3010G058650,0.60324
"13-Keto-9Z,11E-octadecadienoic acid",LIN,individual,10:4442108,10,4442108,7.944153e-09,SORBI_3010G055100,0.602703
"13-Keto-9Z,11E-octadecadienoic acid",LIN,individual,10:4442108,10,4442108,7.944153e-09,SORBI_3010G055600,0.600837
"13-Keto-9Z,11E-octadecadienoic acid",LIN,individual,10:4442108,10,4442108,7.944153e-09,SORBI_3010G055000,0.600699
"13-Keto-9Z,11E-octadecadienoic acid",LIN,individual,10:4442108,10,4442108,7.944153e-09,SORBI_3010G057400,0.600332
"13-Keto-9Z,11E-octadecadienoic acid",LIN,individual,4:3967139,4,3967139,7.981024e-09,SORBI_3004G049200,0.965781
"13-Keto-9Z,11E-octadecadienoic acid",LIN,individual,4:3967139,4,3967139,7.981024e-09,SORBI_3004G049200,0.958804
"13-Keto-9Z,11E-octadecadienoic acid",LIN,individual,4:3967139,4,3967139,7.981024e-09,SORBI_3004G048600,0.884847
"13-Keto-9Z,11E-octadecadienoic acid",LIN,individual,4:3967139,4,3967139,7.981024e-09,SORBI_3004G048400,0.856939
"13-Keto-9Z,11E-octadecadienoic acid",LIN,individual,4:3967139,4,3967139,7.981024e-09,SORBI_3004G048800,0.852707
"13-Keto-9Z,11E-octadecadienoic acid",LIN,individual,4:3967139,4,3967139,7.981024e-09,SORBI_3004G048400,0.845262
"13-Keto-9Z,11E-octadecadienoic acid",LIN,individual,4:3967139,4,3967139,7.981024e-09,SORBI_3004G048600,0.834946
"13-Keto-9Z,11E-octadecadienoic acid",LIN,individual,4:3967139,4,3967139,7.981024e-09,SORBI_3004G048300,0.830214
"13-Keto-9Z,11E-octadecadienoic acid",LIN,individual,4:3967139,4,3967139,7.981024e-09,SORBI_3004G048500,0.785225
"13-Keto-9Z,11E-octadecadienoic acid",LIN,individual,4:3967139,4,3967139,7.981024e-09,SORBI_3004G049200,0.767981
"13-Keto-9Z,11E-octadecadienoic acid",LIN,individual,4:3967139,4,3967139,7.981024e-09,SORBI_3004G048000,0.740057
"13-Keto-9Z,11E-octadecadienoic acid",LIN,individual,4:3967139,4,3967139,7.981024e-09,SORBI_3004G048100,0.739005
"13-Keto-9Z,11E-octadecadienoic acid",LIN,individual,4:3967139,4,3967139,7.981024e-09,SORBI_3004G048100,0.737456
"13-Keto-9Z,11E-octadecadienoic acid",LIN,individual,4:3967139,4,3967139,7.981024e-09,SORBI_3004G048100,0.73416
"13-Keto-9Z,11E-octadecadienoic acid",LIN,individual,4:3967139,4,3967139,7.981024e-09,SORBI_3004G048300,0.730749
"13-Keto-9Z,11E-octadecadienoic acid",LIN,individual,4:3967139,4,3967139,7.981024e-09,SORBI_3004G048300,0.730111
"13-Keto-9Z,11E-octadecadienoic acid",LIN,individual,4:3967139,4,3967139,7.981024e-09,SORBI_3004G048700,0.664224
"13-Keto-9Z,11E-octadecadienoic acid",LIN,individual,4:3967139,4,3967139,7.981024e-09,SORBI_3004G048700,0.646919
"13-Keto-9Z,11E-octadecadienoic acid",LIN,individual,4:3967139,4,3967139,7.981024e-09,SORBI_3004G047700,0.618261
"13-Keto-9Z,11E-octadecadienoic acid",LIN,individual,4:3967139,4,3967139,7.981024e-09,SORBI_3004G047600,0.611765
"13-Keto-9Z,11E-octadecadienoic acid",LIN,individual,4:3967139,4,3967139,7.981024e-09,SORBI_3004G047700,0.611765
"13-Keto-9Z,11E-octadecadienoic acid",LIN,individual,4:3967139,4,3967139,7.981024e-09,SORBI_3004G048700,0.611652
"13-Keto-9Z,11E-octadecadienoic acid",LIN,individual,4:3967139,4,3967139,7.981024e-09,SORBI_3004G048700,0.611424
"13-Keto-9Z,11E-octadecadienoic acid",LIN,individual,4:3967139,4,3967139,7.981024e-09,SORBI_3004G048201,0.609404
"13-Keto-9Z,11E-octadecadienoic acid",LIN,individual,4:3967139,4,3967139,7.981024e-09,SORBI_3004G048700,0.609404
"13-Keto-9Z,11E-octadecadienoic acid",LIN,individual,4:3967139,4,3967139,7.981024e-09,SORBI_3004G048700,0.608338
"13-Keto-9Z,11E-octadecadienoic acid",LIN,individual,4:3967139,4,3967139,7.981024e-09,SORBI_3004G048700,0.607624
"13-Keto-9Z,11E-octadecadienoic acid",LIN,individual,4:3967139,4,3967139,7.981024e-09,SORBI_3004G048700,0.607508
"13-Keto-9Z,11E-octadecadienoic acid",LIN,individual,4:3967139,4,3967139,7.981024e-09,SORBI_3004G048700,0.604934
"13-Keto-9Z,11E-octadecadienoic acid",LIN,individual,4:3967139,4,3967139,7.981024e-09,SORBI_3004G048700,0.601086
"13-Keto-9Z,11E-octadecadienoic acid",LIN,individual,4:3967139,4,3967139,7.981024e-09,SORBI_3004G048700,0.600421
"13-Keto-9Z,11E-octadecadienoic acid",LIN,individual,4:3906266,4,3906266,7.988992e-09,SORBI_3004G048600,1
"13-Keto-9Z,11E-octadecadienoic acid",LIN,individual,4:3906266,4,3906266,7.988992e-09,SORBI_3004G048800,0.993133
"13-Keto-9Z,11E-octadecadienoic acid",LIN,individual,4:3906266,4,3906266,7.988992e-09,SORBI_3004G048400,0.986365
"13-Keto-9Z,11E-octadecadienoic acid",LIN,individual,4:3906266,4,3906266,7.988992e-09,SORBI_3004G048400,0.973151
"13-Keto-9Z,11E-octadecadienoic acid",LIN,individual,4:3906266,4,3906266,7.988992e-09,SORBI_3004G048300,0.973091
"13-Keto-9Z,11E-octadecadienoic acid",LIN,individual,4:3906266,4,3906266,7.988992e-09,SORBI_3004G048600,0.968103
"13-Keto-9Z,11E-octadecadienoic acid",LIN,individual,4:3906266,4,3906266,7.988992e-09,SORBI_3004G048500,0.916348
"13-Keto-9Z,11E-octadecadienoic acid",LIN,individual,4:3906266,4,3906266,7.988992e-09,SORBI_3004G049200,0.892409
"13-Keto-9Z,11E-octadecadienoic acid",LIN,individual,4:3906266,4,3906266,7.988992e-09,SORBI_3004G049200,0.884974
"13-Keto-9Z,11E-octadecadienoic acid",LIN,individual,4:3906266,4,3906266,7.988992e-09,SORBI_3004G048000,0.862369
"13-Keto-9Z,11E-octadecadienoic acid",LIN,individual,4:3906266,4,3906266,7.988992e-09,SORBI_3004G048100,0.841959
"13-Keto-9Z,11E-octadecadienoic acid",LIN,individual,4:3906266,4,3906266,7.988992e-09,SORBI_3004G048100,0.840451
"13-Keto-9Z,11E-octadecadienoic acid",LIN,individual,4:3906266,4,3906266,7.988992e-09,SORBI_3004G048100,0.836767
"13-Keto-9Z,11E-octadecadienoic acid",LIN,individual,4:3906266,4,3906266,7.988992e-09,SORBI_3004G048300,0.803893
"13-Keto-9Z,11E-octadecadienoic acid",LIN,individual,4:3906266,4,3906266,7.988992e-09,SORBI_3004G048300,0.803438
"13-Keto-9Z,11E-octadecadienoic acid",LIN,individual,4:3906266,4,3906266,7.988992e-09,SORBI_3004G048700,0.77909
"13-Keto-9Z,11E-octadecadienoic acid",LIN,individual,4:3906266,4,3906266,7.988992e-09,SORBI_3004G048700,0.756775
"13-Keto-9Z,11E-octadecadienoic acid",LIN,individual,4:3906266,4,3906266,7.988992e-09,SORBI_3004G047700,0.730167
"13-Keto-9Z,11E-octadecadienoic acid",LIN,individual,4:3906266,4,3906266,7.988992e-09,SORBI_3004G047600,0.721325
"13-Keto-9Z,11E-octadecadienoic acid",LIN,individual,4:3906266,4,3906266,7.988992e-09,SORBI_3004G047700,0.721325
"13-Keto-9Z,11E-octadecadienoic acid",LIN,individual,4:3906266,4,3906266,7.988992e-09,SORBI_3004G048201,0.715179
"13-Keto-9Z,11E-octadecadienoic acid",LIN,individual,4:3906266,4,3906266,7.988992e-09,SORBI_3004G048700,0.715179
"13-Keto-9Z,11E-octadecadienoic acid",LIN,individual,4:3906266,4,3906266,7.988992e-09,SORBI_3004G048700,0.712662
"13-Keto-9Z,11E-octadecadienoic acid",LIN,individual,4:3906266,4,3906266,7.988992e-09,SORBI_3004G048700,0.71173
"13-Keto-9Z,11E-octadecadienoic acid",LIN,individual,4:3906266,4,3906266,7.988992e-09,SORBI_3004G048700,0.711563
"13-Keto-9Z,11E-octadecadienoic acid",LIN,individual,4:3906266,4,3906266,7.988992e-09,SORBI_3004G048700,0.708873
"13-Keto-9Z,11E-octadecadienoic acid",LIN,individual,4:3906266,4,3906266,7.988992e-09,SORBI_3004G049200,0.708679
"13-Keto-9Z,11E-octadecadienoic acid",LIN,individual,4:3906266,4,3906266,7.988992e-09,SORBI_3004G048700,0.707913
"13-Keto-9Z,11E-octadecadienoic acid",LIN,individual,4:3906266,4,3906266,7.988992e-09,SORBI_3004G048700,0.707346
"13-Keto-9Z,11E-octadecadienoic acid",LIN,individual,4:3906266,4,3906266,7.988992e-09,SORBI_3004G048700,0.70726
"13-Keto-9Z,11E-octadecadienoic acid",LIN,individual,4:3906266,4,3906266,7.988992e-09,SORBI_3004G048700,0.706134
"13-Keto-9Z,11E-octadecadienoic acid",LIN,individual,4:3906266,4,3906266,7.988992e-09,SORBI_3004G048700,0.703571
"13-Keto-9Z,11E-octadecadienoic acid",LIN,individual,4:3906266,4,3906266,7.988992e-09,SORBI_3004G048700,0.697108
"13-Keto-9Z,11E-octadecadienoic acid",LIN,individual,4:3906266,4,3906266,7.988992e-09,SORBI_3004G048700,0.6945
"13-Keto-9Z,11E-octadecadienoic acid",LIN,individual,4:3906266,4,3906266,7.988992e-09,SORBI_3004G047500,0.692125
"13-Keto-9Z,11E-octadecadienoic acid",LIN,individual,4:3906266,4,3906266,7.988992e-09,SORBI_3004G048700,0.690672
"13-Keto-9Z,11E-octadecadienoic acid",LIN,individual,4:3906266,4,3906266,7.988992e-09,SORBI_3004G048201,0.689658
"13-Keto-9Z,11E-octadecadienoic acid",LIN,individual,4:3906266,4,3906266,7.988992e-09,SORBI_3004G048700,0.685447
"13-Keto-9Z,11E-octadecadienoic acid",LIN,individual,4:3906266,4,3906266,7.988992e-09,SORBI_3004G048700,0.681599
"13-Keto-9Z,11E-octadecadienoic acid",LIN,individual,4:3906266,4,3906266,7.988992e-09,SORBI_3004G048700,0.679068
"13-Keto-9Z,11E-octadecadienoic acid",LIN,individual,4:3906266,4,3906266,7.988992e-09,SORBI_3004G048700,0.676414
"13-Keto-9Z,11E-octadecadienoic acid",LIN,individual,4:3906266,4,3906266,7.988992e-09,SORBI_3004G047200,0.670018
"13-Keto-9Z,11E-octadecadienoic acid",LIN,individual,4:3906266,4,3906266,7.988992e-09,SORBI_3004G048700,0.6674
"13-Keto-9Z,11E-octadecadienoic acid",LIN,individual,4:3906266,4,3906266,7.988992e-09,SORBI_3004G048700,0.666436
"13-Keto-9Z,11E-octadecadienoic acid",LIN,individual,4:3906266,4,3906266,7.988992e-09,SORBI_3004G047200,0.660689
"13-Keto-9Z,11E-octadecadienoic acid",LIN,individual,4:3906266,4,3906266,7.988992e-09,SORBI_3004G047400,0.659857
"13-Keto-9Z,11E-octadecadienoic acid",LIN,individual,4:3906266,4,3906266,7.988992e-09,SORBI_3004G047400,0.650858
"13-Keto-9Z,11E-octadecadienoic acid",LIN,individual,4:3906266,4,3906266,7.988992e-09,SORBI_3004G048700,0.647599
"13-Keto-9Z,11E-octadecadienoic acid",LIN,individual,4:3906266,4,3906266,7.988992e-09,SORBI_3004G047400,0.641316
"13-Keto-9Z,11E-octadecadienoic acid",LIN,individual,4:3906266,4,3906266,7.988992e-09,SORBI_3004G047500,0.639781
"13-Keto-9Z,11E-octadecadienoic acid",LIN,individual,4:3906266,4,3906266,7.988992e-09,SORBI_3004G047400,0.635961
"13-Keto-9Z,11E-octadecadienoic acid",LIN,individual,4:3906266,4,3906266,7.988992e-09,SORBI_3004G048700,0.634249
"13-Keto-9Z,11E-octadecadienoic acid",LIN,individual,4:3906266,4,3906266,7.988992e-09,SORBI_3004G045632,0.631357
"13-Keto-9Z,11E-octadecadienoic acid",LIN,individual,4:3906266,4,3906266,7.988992e-09,SORBI_3004G047500,0.630699
"13-Keto-9Z,11E-octadecadienoic acid",LIN,individual,4:3906266,4,3906266,7.988992e-09,SORBI_3004G048700,0.629193
"13-Keto-9Z,11E-octadecadienoic acid",LIN,individual,4:3906266,4,3906266,7.988992e-09,SORBI_3004G047400,0.621635
"13-Keto-9Z,11E-octadecadienoic acid",LIN,individual,4:3906266,4,3906266,7.988992e-09,SORBI_3004G048700,0.620067
"13-Keto-9Z,11E-octadecadienoic acid",LIN,individual,4:3906266,4,3906266,7.988992e-09,SORBI_3004G046800,0.613478
"13-Keto-9Z,11E-octadecadienoic acid",LIN,individual,4:3906266,4,3906266,7.988992e-09,SORBI_3004G044700,0.603883
"13-Keto-9Z,11E-octadecadienoic acid",LIN,individual,10:2359051,10,2359051,8.050795e-09,SORBI_3010G029300,0.741252
"13-Keto-9Z,11E-octadecadienoic acid",LIN,individual,10:2359051,10,2359051,8.050795e-09,SORBI_3010G029700,0.653943
"13-Keto-9Z,11E-octadecadienoic acid",LIN,individual,10:2359051,10,2359051,8.050795e-09,SORBI_3010G029800,0.638291
"13-Keto-9Z,11E-octadecadienoic acid",LIN,individual,9:47898713,9,47898713,8.077607e-09,SORBI_3009G125700,0.744051
"13-Keto-9Z,11E-octadecadienoic acid",LIN,individual,9:47898713,9,47898713,8.077607e-09,SORBI_3009G125400,0.709681
"13-Keto-9Z,11E-octadecadienoic acid",LIN,individual,9:47898713,9,47898713,8.077607e-09,SORBI_3009G125400,0.702745
"13-Keto-9Z,11E-octadecadienoic acid",LIN,individual,9:47898713,9,47898713,8.077607e-09,SORBI_3009G125600,0.654706
"13-Keto-9Z,11E-octadecadienoic acid",LIN,individual,9:47898713,9,47898713,8.077607e-09,SORBI_3009G125600,0.648184
"13-Keto-9Z,11E-octadecadienoic acid",LIN,individual,9:47898713,9,47898713,8.077607e-09,SORBI_3009G125400,0.634686
"13-Keto-9Z,11E-octadecadienoic acid",LIN,individual,9:47898713,9,47898713,8.077607e-09,SORBI_3009G125400,0.633993
"13-Keto-9Z,11E-octadecadienoic acid",LIN,individual,9:47898713,9,47898713,8.077607e-09,SORBI_3009G125600,0.628015
"13-Keto-9Z,11E-octadecadienoic acid",LIN,individual,9:46939924,9,46939924,8.107038e-09,SORBI_3009G119501,0.877493
"13-Keto-9Z,11E-octadecadienoic acid",LIN,individual,9:46939924,9,46939924,8.107038e-09,SORBI_3009G119400,0.858125
"13-Keto-9Z,11E-octadecadienoic acid",LIN,individual,9:46939924,9,46939924,8.107038e-09,SORBI_3009G119501,0.852851
"13-Keto-9Z,11E-octadecadienoic acid",LIN,individual,9:46939924,9,46939924,8.107038e-09,SORBI_3009G119700,0.849116
"13-Keto-9Z,11E-octadecadienoic acid",LIN,individual,9:46939924,9,46939924,8.107038e-09,SORBI_3009G119700,0.846251
"13-Keto-9Z,11E-octadecadienoic acid",LIN,individual,9:46939924,9,46939924,8.107038e-09,SORBI_3009G119501,0.841974
"13-Keto-9Z,11E-octadecadienoic acid",LIN,individual,9:46939924,9,46939924,8.107038e-09,SORBI_3009G119800,0.820411
"13-Keto-9Z,11E-octadecadienoic acid",LIN,individual,9:46939924,9,46939924,8.107038e-09,SORBI_3009G119700,0.800455
"13-Keto-9Z,11E-octadecadienoic acid",LIN,individual,9:46939924,9,46939924,8.107038e-09,SORBI_3009G119800,0.800455
"13-Keto-9Z,11E-octadecadienoic acid",LIN,individual,9:46939924,9,46939924,8.107038e-09,SORBI_3009G119700,0.791564
"13-Keto-9Z,11E-octadecadienoic acid",LIN,individual,9:46939924,9,46939924,8.107038e-09,SORBI_3009G119700,0.787866
"13-Keto-9Z,11E-octadecadienoic acid",LIN,individual,9:46939924,9,46939924,8.107038e-09,SORBI_3009G119800,0.787866
"13-Keto-9Z,11E-octadecadienoic acid",LIN,individual,9:46939924,9,46939924,8.107038e-09,SORBI_3009G119700,0.784802
"13-Keto-9Z,11E-octadecadienoic acid",LIN,individual,9:46939924,9,46939924,8.107038e-09,SORBI_3009G119700,0.779124
"13-Keto-9Z,11E-octadecadienoic acid",LIN,individual,9:46939924,9,46939924,8.107038e-09,SORBI_3009G119700,0.762347
"13-Keto-9Z,11E-octadecadienoic acid",LIN,individual,9:46939924,9,46939924,8.107038e-09,SORBI_3009G119400,0.752877
"13-Keto-9Z,11E-octadecadienoic acid",LIN,individual,9:46939924,9,46939924,8.107038e-09,SORBI_3009G119300,0.704835
"13-Keto-9Z,11E-octadecadienoic acid",LIN,individual,9:46939924,9,46939924,8.107038e-09,SORBI_3009G119700,0.68676
"13-Keto-9Z,11E-octadecadienoic acid",LIN,individual,9:46939924,9,46939924,8.107038e-09,SORBI_3009G119600,0.681125
"13-Keto-9Z,11E-octadecadienoic acid",LIN,individual,9:46942450,9,46942450,8.110328e-09,SORBI_3009G119700,0.881289
"13-Keto-9Z,11E-octadecadienoic acid",LIN,individual,9:46942450,9,46942450,8.110328e-09,SORBI_3009G119700,0.869933
"13-Keto-9Z,11E-octadecadienoic acid",LIN,individual,9:46942450,9,46942450,8.110328e-09,SORBI_3009G119800,0.85326
"13-Keto-9Z,11E-octadecadienoic acid",LIN,individual,9:46942450,9,46942450,8.110328e-09,SORBI_3009G119501,0.846468
"13-Keto-9Z,11E-octadecadienoic acid",LIN,individual,9:46942450,9,46942450,8.110328e-09,SORBI_3009G119501,0.845179
"13-Keto-9Z,11E-octadecadienoic acid",LIN,individual,9:46942450,9,46942450,8.110328e-09,SORBI_3009G119700,0.832517
"13-Keto-9Z,11E-octadecadienoic acid",LIN,individual,9:46942450,9,46942450,8.110328e-09,SORBI_3009G119800,0.832517
"13-Keto-9Z,11E-octadecadienoic acid",LIN,individual,9:46942450,9,46942450,8.110328e-09,SORBI_3009G119400,0.824709
"13-Keto-9Z,11E-octadecadienoic acid",LIN,individual,9:46942450,9,46942450,8.110328e-09,SORBI_3009G119700,0.821699
"13-Keto-9Z,11E-octadecadienoic acid",LIN,individual,9:46942450,9,46942450,8.110328e-09,SORBI_3009G119800,0.821699
"13-Keto-9Z,11E-octadecadienoic acid",LIN,individual,9:46942450,9,46942450,8.110328e-09,SORBI_3009G119700,0.810946
"13-Keto-9Z,11E-octadecadienoic acid",LIN,individual,9:46942450,9,46942450,8.110328e-09,SORBI_3009G119700,0.810359
"13-Keto-9Z,11E-octadecadienoic acid",LIN,individual,9:46942450,9,46942450,8.110328e-09,SORBI_3009G119700,0.804012
"13-Keto-9Z,11E-octadecadienoic acid",LIN,individual,9:46942450,9,46942450,8.110328e-09,SORBI_3009G119700,0.800262
"13-Keto-9Z,11E-octadecadienoic acid",LIN,individual,9:46942450,9,46942450,8.110328e-09,SORBI_3009G119501,0.790947
"13-Keto-9Z,11E-octadecadienoic acid",LIN,individual,9:46942450,9,46942450,8.110328e-09,SORBI_3009G119400,0.746865
"13-Keto-9Z,11E-octadecadienoic acid",LIN,individual,9:46942450,9,46942450,8.110328e-09,SORBI_3009G119300,0.738381
"13-Keto-9Z,11E-octadecadienoic acid",LIN,individual,9:46942450,9,46942450,8.110328e-09,SORBI_3009G119700,0.714376
"13-Keto-9Z,11E-octadecadienoic acid",LIN,individual,9:47862401,9,47862401,8.123758e-09,SORBI_3009G125400,0.964878
"13-Keto-9Z,11E-octadecadienoic acid",LIN,individual,9:47862401,9,47862401,8.123758e-09,SORBI_3009G125400,0.964534
"13-Keto-9Z,11E-octadecadienoic acid",LIN,individual,9:47862401,9,47862401,8.123758e-09,SORBI_3009G125400,0.958527
"13-Keto-9Z,11E-octadecadienoic acid",LIN,individual,9:47862401,9,47862401,8.123758e-09,SORBI_3009G125700,0.837117
"13-Keto-9Z,11E-octadecadienoic acid",LIN,individual,9:47862401,9,47862401,8.123758e-09,SORBI_3009G125600,0.808699
"13-Keto-9Z,11E-octadecadienoic acid",LIN,individual,9:47862401,9,47862401,8.123758e-09,SORBI_3009G125600,0.80314
"13-Keto-9Z,11E-octadecadienoic acid",LIN,individual,9:47862401,9,47862401,8.123758e-09,SORBI_3009G125400,0.767964
"13-Keto-9Z,11E-octadecadienoic acid",LIN,individual,9:47862401,9,47862401,8.123758e-09,SORBI_3009G125400,0.746379
"13-Keto-9Z,11E-octadecadienoic acid",LIN,individual,9:47862401,9,47862401,8.123758e-09,SORBI_3009G125400,0.701413
"13-Keto-9Z,11E-octadecadienoic acid",LIN,individual,9:47862401,9,47862401,8.123758e-09,SORBI_3009G125400,0.693649
"13-Keto-9Z,11E-octadecadienoic acid",LIN,individual,9:47862401,9,47862401,8.123758e-09,SORBI_3009G125600,0.688268
"13-Keto-9Z,11E-octadecadienoic acid",LIN,individual,9:47862401,9,47862401,8.123758e-09,SORBI_3009G125700,0.672352
"13-Keto-9Z,11E-octadecadienoic acid",LIN,individual,9:47862401,9,47862401,8.123758e-09,SORBI_3009G125300,0.655228
"13-Keto-9Z,11E-octadecadienoic acid",LIN,individual,9:47862401,9,47862401,8.123758e-09,SORBI_3009G125300,0.647402
"13-Keto-9Z,11E-octadecadienoic acid",LIN,individual,9:47862401,9,47862401,8.123758e-09,SORBI_3009G125400,0.627666
"13-Keto-9Z,11E-octadecadienoic acid",LIN,individual,9:47862401,9,47862401,8.123758e-09,SORBI_3009G125700,0.609579
"13-Keto-9Z,11E-octadecadienoic acid",LIN,individual,1:16736695,1,16736695,8.190137e-09,SORBI_3001G189300,1
"13-Keto-9Z,11E-octadecadienoic acid",LIN,individual,1:16736695,1,16736695,8.190137e-09,SORBI_3001G189300,1
"13-Keto-9Z,11E-octadecadienoic acid",LIN,individual,1:16736695,1,16736695,8.190137e-09,SORBI_3001G189300,0.991387
"13-Keto-9Z,11E-octadecadienoic acid",LIN,individual,1:16736695,1,16736695,8.190137e-09,SORBI_3001G189300,0.991183
"13-Keto-9Z,11E-octadecadienoic acid",LIN,individual,1:16736695,1,16736695,8.190137e-09,SORBI_3001G189300,0.989891
"13-Keto-9Z,11E-octadecadienoic acid",LIN,individual,1:16736695,1,16736695,8.190137e-09,SORBI_3001G189300,0.983317
"13-Keto-9Z,11E-octadecadienoic acid",LIN,individual,1:16736695,1,16736695,8.190137e-09,SORBI_3001G189300,0.982846
"13-Keto-9Z,11E-octadecadienoic acid",LIN,individual,1:16736695,1,16736695,8.190137e-09,SORBI_3001G189300,0.982284
"13-Keto-9Z,11E-octadecadienoic acid",LIN,individual,1:16736695,1,16736695,8.190137e-09,SORBI_3001G189300,0.982205
"13-Keto-9Z,11E-octadecadienoic acid",LIN,individual,1:16736695,1,16736695,8.190137e-09,SORBI_3001G189300,0.981141
"13-Keto-9Z,11E-octadecadienoic acid",LIN,individual,1:16736695,1,16736695,8.190137e-09,SORBI_3001G189300,0.973954
"13-Keto-9Z,11E-octadecadienoic acid",LIN,individual,1:16736695,1,16736695,8.190137e-09,SORBI_3001G189300,0.973597
"13-Keto-9Z,11E-octadecadienoic acid",LIN,individual,1:16736695,1,16736695,8.190137e-09,SORBI_3001G189300,0.973331
"13-Keto-9Z,11E-octadecadienoic acid",LIN,individual,1:16736695,1,16736695,8.190137e-09,SORBI_3001G189300,0.97278
"13-Keto-9Z,11E-octadecadienoic acid",LIN,individual,1:16736695,1,16736695,8.190137e-09,SORBI_3001G189300,0.97033
"13-Keto-9Z,11E-octadecadienoic acid",LIN,individual,1:16736695,1,16736695,8.190137e-09,SORBI_3001G189300,0.970124
"13-Keto-9Z,11E-octadecadienoic acid",LIN,individual,1:16736695,1,16736695,8.190137e-09,SORBI_3001G189300,0.966896
"13-Keto-9Z,11E-octadecadienoic acid",LIN,individual,1:16736695,1,16736695,8.190137e-09,SORBI_3001G189300,0.96554
"13-Keto-9Z,11E-octadecadienoic acid",LIN,individual,1:16736695,1,16736695,8.190137e-09,SORBI_3001G189300,0.964726
"13-Keto-9Z,11E-octadecadienoic acid",LIN,individual,1:16736695,1,16736695,8.190137e-09,SORBI_3001G189300,0.957268
"13-Keto-9Z,11E-octadecadienoic acid",LIN,individual,1:16736695,1,16736695,8.190137e-09,SORBI_3001G189300,0.95617
"13-Keto-9Z,11E-octadecadienoic acid",LIN,individual,1:16736695,1,16736695,8.190137e-09,SORBI_3001G189300,0.955642
"13-Keto-9Z,11E-octadecadienoic acid",LIN,individual,1:16736695,1,16736695,8.190137e-09,SORBI_3001G189300,0.955536
"13-Keto-9Z,11E-octadecadienoic acid",LIN,individual,1:16736695,1,16736695,8.190137e-09,SORBI_3001G189300,0.947763
"13-Keto-9Z,11E-octadecadienoic acid",LIN,individual,1:16736695,1,16736695,8.190137e-09,SORBI_3001G189300,0.946711
"13-Keto-9Z,11E-octadecadienoic acid",LIN,individual,1:16736695,1,16736695,8.190137e-09,SORBI_3001G189300,0.912595
"13-Keto-9Z,11E-octadecadienoic acid",LIN,individual,1:16736695,1,16736695,8.190137e-09,SORBI_3001G189300,0.885166
"13-Keto-9Z,11E-octadecadienoic acid",LIN,individual,1:16736695,1,16736695,8.190137e-09,SORBI_3001G189400,0.877524
"13-Keto-9Z,11E-octadecadienoic acid",LIN,individual,1:16736695,1,16736695,8.190137e-09,SORBI_3001G187400,0.834297
"13-Keto-9Z,11E-octadecadienoic acid",LIN,individual,1:16736695,1,16736695,8.190137e-09,SORBI_3001G187500,0.833774
"13-Keto-9Z,11E-octadecadienoic acid",LIN,individual,1:16736695,1,16736695,8.190137e-09,SORBI_3001G187500,0.833718
"13-Keto-9Z,11E-octadecadienoic acid",LIN,individual,1:16736695,1,16736695,8.190137e-09,SORBI_3001G187600,0.829772
"13-Keto-9Z,11E-octadecadienoic acid",LIN,individual,1:16736695,1,16736695,8.190137e-09,SORBI_3001G187400,0.828002
"13-Keto-9Z,11E-octadecadienoic acid",LIN,individual,1:16736695,1,16736695,8.190137e-09,SORBI_3001G187500,0.825843
"13-Keto-9Z,11E-octadecadienoic acid",LIN,individual,1:16736695,1,16736695,8.190137e-09,SORBI_3001G189300,0.825474
"13-Keto-9Z,11E-octadecadienoic acid",LIN,individual,1:16736695,1,16736695,8.190137e-09,SORBI_3001G187400,0.823028
"13-Keto-9Z,11E-octadecadienoic acid",LIN,individual,1:16736695,1,16736695,8.190137e-09,SORBI_3001G187500,0.818962
"13-Keto-9Z,11E-octadecadienoic acid",LIN,individual,1:16736695,1,16736695,8.190137e-09,SORBI_3001G187500,0.814704
"13-Keto-9Z,11E-octadecadienoic acid",LIN,individual,1:16736695,1,16736695,8.190137e-09,SORBI_3001G187500,0.81342
"13-Keto-9Z,11E-octadecadienoic acid",LIN,individual,1:16736695,1,16736695,8.190137e-09,SORBI_3001G187500,0.813042
"13-Keto-9Z,11E-octadecadienoic acid",LIN,individual,1:16736695,1,16736695,8.190137e-09,SORBI_3001G187400,0.81246
"13-Keto-9Z,11E-octadecadienoic acid",LIN,individual,1:16736695,1,16736695,8.190137e-09,SORBI_3001G189600,0.809097
"13-Keto-9Z,11E-octadecadienoic acid",LIN,individual,1:16736695,1,16736695,8.190137e-09,SORBI_3001G187500,0.80838
"13-Keto-9Z,11E-octadecadienoic acid",LIN,individual,1:16736695,1,16736695,8.190137e-09,SORBI_3001G187400,0.802321
"13-Keto-9Z,11E-octadecadienoic acid",LIN,individual,1:16736695,1,16736695,8.190137e-09,SORBI_3001G187400,0.801836
"13-Keto-9Z,11E-octadecadienoic acid",LIN,individual,1:16736695,1,16736695,8.190137e-09,SORBI_3001G187400,0.801746
"13-Keto-9Z,11E-octadecadienoic acid",LIN,individual,1:16736695,1,16736695,8.190137e-09,SORBI_3001G187500,0.796626
"13-Keto-9Z,11E-octadecadienoic acid",LIN,individual,1:16736695,1,16736695,8.190137e-09,SORBI_3001G187500,0.796614
"13-Keto-9Z,11E-octadecadienoic acid",LIN,individual,1:16736695,1,16736695,8.190137e-09,SORBI_3001G187500,0.792984
"13-Keto-9Z,11E-octadecadienoic acid",LIN,individual,1:16736695,1,16736695,8.190137e-09,SORBI_3001G187500,0.792913
"13-Keto-9Z,11E-octadecadienoic acid",LIN,individual,1:16736695,1,16736695,8.190137e-09,SORBI_3001G187400,0.791327
"13-Keto-9Z,11E-octadecadienoic acid",LIN,individual,1:16736695,1,16736695,8.190137e-09,SORBI_3001G187400,0.790867
"13-Keto-9Z,11E-octadecadienoic acid",LIN,individual,1:16736695,1,16736695,8.190137e-09,SORBI_3001G187800,0.784423
"13-Keto-9Z,11E-octadecadienoic acid",LIN,individual,1:16736695,1,16736695,8.190137e-09,SORBI_3001G187500,0.782
"13-Keto-9Z,11E-octadecadienoic acid",LIN,individual,1:16736695,1,16736695,8.190137e-09,SORBI_3001G187400,0.775242
"13-Keto-9Z,11E-octadecadienoic acid",LIN,individual,1:16736695,1,16736695,8.190137e-09,SORBI_3001G187800,0.773684
"13-Keto-9Z,11E-octadecadienoic acid",LIN,individual,1:16736695,1,16736695,8.190137e-09,SORBI_3001G187500,0.772553
"13-Keto-9Z,11E-octadecadienoic acid",LIN,individual,1:16736695,1,16736695,8.190137e-09,SORBI_3001G187500,0.770704
"13-Keto-9Z,11E-octadecadienoic acid",LIN,individual,1:16736695,1,16736695,8.190137e-09,SORBI_3001G187400,0.766768
"13-Keto-9Z,11E-octadecadienoic acid",LIN,individual,1:16736695,1,16736695,8.190137e-09,SORBI_3001G187400,0.763511
"13-Keto-9Z,11E-octadecadienoic acid",LIN,individual,1:16736695,1,16736695,8.190137e-09,SORBI_3001G187500,0.762657
"13-Keto-9Z,11E-octadecadienoic acid",LIN,individual,1:16736695,1,16736695,8.190137e-09,SORBI_3001G187400,0.756201
"13-Keto-9Z,11E-octadecadienoic acid",LIN,individual,1:16736695,1,16736695,8.190137e-09,SORBI_3001G188900,0.75284
"13-Keto-9Z,11E-octadecadienoic acid",LIN,individual,1:16736695,1,16736695,8.190137e-09,SORBI_3001G188900,0.749652
"13-Keto-9Z,11E-octadecadienoic acid",LIN,individual,1:16736695,1,16736695,8.190137e-09,SORBI_3001G188900,0.749447
"13-Keto-9Z,11E-octadecadienoic acid",LIN,individual,1:16736695,1,16736695,8.190137e-09,SORBI_3001G187400,0.74707
"13-Keto-9Z,11E-octadecadienoic acid",LIN,individual,1:16736695,1,16736695,8.190137e-09,SORBI_3001G188800,0.746316
"13-Keto-9Z,11E-octadecadienoic acid",LIN,individual,1:16736695,1,16736695,8.190137e-09,SORBI_3001G188900,0.746316
"13-Keto-9Z,11E-octadecadienoic acid",LIN,individual,1:16736695,1,16736695,8.190137e-09,SORBI_3001G188900,0.738314
"13-Keto-9Z,11E-octadecadienoic acid",LIN,individual,1:16736695,1,16736695,8.190137e-09,SORBI_3001G188900,0.734879
"13-Keto-9Z,11E-octadecadienoic acid",LIN,individual,1:16736695,1,16736695,8.190137e-09,SORBI_3001G188900,0.7308
"13-Keto-9Z,11E-octadecadienoic acid",LIN,individual,1:16736695,1,16736695,8.190137e-09,SORBI_3001G189000,0.729243
"13-Keto-9Z,11E-octadecadienoic acid",LIN,individual,1:16736695,1,16736695,8.190137e-09,SORBI_3001G187800,0.723024
"13-Keto-9Z,11E-octadecadienoic acid",LIN,individual,1:16736695,1,16736695,8.190137e-09,SORBI_3001G188900,0.718015
"13-Keto-9Z,11E-octadecadienoic acid",LIN,individual,1:16736695,1,16736695,8.190137e-09,SORBI_3001G188100,0.715247
"13-Keto-9Z,11E-octadecadienoic acid",LIN,individual,1:16736695,1,16736695,8.190137e-09,SORBI_3001G188900,0.71513
"13-Keto-9Z,11E-octadecadienoic acid",LIN,individual,1:16736695,1,16736695,8.190137e-09,SORBI_3001G188900,0.712796
"13-Keto-9Z,11E-octadecadienoic acid",LIN,individual,1:16736695,1,16736695,8.190137e-09,SORBI_3001G188900,0.709449
"13-Keto-9Z,11E-octadecadienoic acid",LIN,individual,1:16736695,1,16736695,8.190137e-09,SORBI_3001G187800,0.707217
"13-Keto-9Z,11E-octadecadienoic acid",LIN,individual,1:16736695,1,16736695,8.190137e-09,SORBI_3001G188900,0.706826
"13-Keto-9Z,11E-octadecadienoic acid",LIN,individual,1:16736695,1,16736695,8.190137e-09,SORBI_3001G188900,0.70646
"13-Keto-9Z,11E-octadecadienoic acid",LIN,individual,1:16736695,1,16736695,8.190137e-09,SORBI_3001G188900,0.702558
"13-Keto-9Z,11E-octadecadienoic acid",LIN,individual,1:16736695,1,16736695,8.190137e-09,SORBI_3001G188900,0.696327
"13-Keto-9Z,11E-octadecadienoic acid",LIN,individual,1:16736695,1,16736695,8.190137e-09,SORBI_3001G188900,0.691079
"13-Keto-9Z,11E-octadecadienoic acid",LIN,individual,1:16736695,1,16736695,8.190137e-09,SORBI_3001G187500,0.690278
"13-Keto-9Z,11E-octadecadienoic acid",LIN,individual,1:16736695,1,16736695,8.190137e-09,SORBI_3001G188900,0.684222
"13-Keto-9Z,11E-octadecadienoic acid",LIN,individual,1:16736695,1,16736695,8.190137e-09,SORBI_3001G187800,0.683175
"13-Keto-9Z,11E-octadecadienoic acid",LIN,individual,1:16736695,1,16736695,8.190137e-09,SORBI_3001G189000,0.675619
"13-Keto-9Z,11E-octadecadienoic acid",LIN,individual,1:16736695,1,16736695,8.190137e-09,SORBI_3001G189300,0.671086
"13-Keto-9Z,11E-octadecadienoic acid",LIN,individual,1:16736695,1,16736695,8.190137e-09,SORBI_3001G187800,0.667106
"13-Keto-9Z,11E-octadecadienoic acid",LIN,individual,1:16736695,1,16736695,8.190137e-09,SORBI_3001G189300,0.66265
"13-Keto-9Z,11E-octadecadienoic acid",LIN,individual,1:16736695,1,16736695,8.190137e-09,SORBI_3001G189300,0.661981
"13-Keto-9Z,11E-octadecadienoic acid",LIN,individual,1:16736695,1,16736695,8.190137e-09,SORBI_3001G187800,0.656345
"13-Keto-9Z,11E-octadecadienoic acid",LIN,individual,1:16736695,1,16736695,8.190137e-09,SORBI_3001G188700,0.65485
"13-Keto-9Z,11E-octadecadienoic acid",LIN,individual,1:16736695,1,16736695,8.190137e-09,SORBI_3001G188900,0.653248
"13-Keto-9Z,11E-octadecadienoic acid",LIN,individual,1:16736695,1,16736695,8.190137e-09,SORBI_3001G187800,0.647396
"13-Keto-9Z,11E-octadecadienoic acid",LIN,individual,1:16736695,1,16736695,8.190137e-09,SORBI_3001G189200,0.645038
"13-Keto-9Z,11E-octadecadienoic acid",LIN,individual,1:16736695,1,16736695,8.190137e-09,SORBI_3001G188700,0.643191
"13-Keto-9Z,11E-octadecadienoic acid",LIN,individual,1:16736695,1,16736695,8.190137e-09,SORBI_3001G188700,0.641213
"13-Keto-9Z,11E-octadecadienoic acid",LIN,individual,1:16736695,1,16736695,8.190137e-09,SORBI_3001G188700,0.640437
"13-Keto-9Z,11E-octadecadienoic acid",LIN,individual,1:16736695,1,16736695,8.190137e-09,SORBI_3001G187800,0.639935
"13-Keto-9Z,11E-octadecadienoic acid",LIN,individual,1:16736695,1,16736695,8.190137e-09,SORBI_3001G189000,0.63867
"13-Keto-9Z,11E-octadecadienoic acid",LIN,individual,1:16736695,1,16736695,8.190137e-09,SORBI_3001G187800,0.637452
"13-Keto-9Z,11E-octadecadienoic acid",LIN,individual,1:16736695,1,16736695,8.190137e-09,SORBI_3001G189200,0.637334
"13-Keto-9Z,11E-octadecadienoic acid",LIN,individual,1:16736695,1,16736695,8.190137e-09,SORBI_3001G189200,0.636301
"13-Keto-9Z,11E-octadecadienoic acid",LIN,individual,1:16736695,1,16736695,8.190137e-09,SORBI_3001G189300,0.636301
"13-Keto-9Z,11E-octadecadienoic acid",LIN,individual,1:16736695,1,16736695,8.190137e-09,SORBI_3001G188700,0.636006
"13-Keto-9Z,11E-octadecadienoic acid",LIN,individual,1:16736695,1,16736695,8.190137e-09,SORBI_3001G187500,0.631065
"13-Keto-9Z,11E-octadecadienoic acid",LIN,individual,1:16736695,1,16736695,8.190137e-09,SORBI_3001G188700,0.629531
"13-Keto-9Z,11E-octadecadienoic acid",LIN,individual,1:16736695,1,16736695,8.190137e-09,SORBI_3001G188700,0.628737
"13-Keto-9Z,11E-octadecadienoic acid",LIN,individual,1:16736695,1,16736695,8.190137e-09,SORBI_3001G189200,0.628248
"13-Keto-9Z,11E-octadecadienoic acid",LIN,individual,1:16736695,1,16736695,8.190137e-09,SORBI_3001G188700,0.628077
"13-Keto-9Z,11E-octadecadienoic acid",LIN,individual,1:16736695,1,16736695,8.190137e-09,SORBI_3001G189300,0.627764
"13-Keto-9Z,11E-octadecadienoic acid",LIN,individual,1:16736695,1,16736695,8.190137e-09,SORBI_3001G188700,0.627546
"13-Keto-9Z,11E-octadecadienoic acid",LIN,individual,1:16736695,1,16736695,8.190137e-09,SORBI_3001G188700,0.624288
"13-Keto-9Z,11E-octadecadienoic acid",LIN,individual,1:16736695,1,16736695,8.190137e-09,SORBI_3001G189200,0.619634
"13-Keto-9Z,11E-octadecadienoic acid",LIN,individual,1:16736695,1,16736695,8.190137e-09,SORBI_3001G187700,0.619408
"13-Keto-9Z,11E-octadecadienoic acid",LIN,individual,1:16736695,1,16736695,8.190137e-09,SORBI_3001G189200,0.619331
"13-Keto-9Z,11E-octadecadienoic acid",LIN,individual,1:16736695,1,16736695,8.190137e-09,SORBI_3001G188700,0.617058
"13-Keto-9Z,11E-octadecadienoic acid",LIN,individual,1:16736695,1,16736695,8.190137e-09,SORBI_3001G188700,0.616383
"13-Keto-9Z,11E-octadecadienoic acid",LIN,individual,1:16736695,1,16736695,8.190137e-09,SORBI_3001G188700,0.615839
"13-Keto-9Z,11E-octadecadienoic acid",LIN,individual,1:16736695,1,16736695,8.190137e-09,SORBI_3001G188700,0.615758
"13-Keto-9Z,11E-octadecadienoic acid",LIN,individual,1:16736695,1,16736695,8.190137e-09,SORBI_3001G188700,0.611542
"13-Keto-9Z,11E-octadecadienoic acid",LIN,individual,1:16736695,1,16736695,8.190137e-09,SORBI_3001G189100,0.611416
"13-Keto-9Z,11E-octadecadienoic acid",LIN,individual,1:16736695,1,16736695,8.190137e-09,SORBI_3001G189200,0.611416
"13-Keto-9Z,11E-octadecadienoic acid",LIN,individual,1:16736695,1,16736695,8.190137e-09,SORBI_3001G188700,0.610974
"13-Keto-9Z,11E-octadecadienoic acid",LIN,individual,1:16736695,1,16736695,8.190137e-09,SORBI_3001G189000,0.610269
"13-Keto-9Z,11E-octadecadienoic acid",LIN,individual,1:16736695,1,16736695,8.190137e-09,SORBI_3001G189000,0.609707
"13-Keto-9Z,11E-octadecadienoic acid",LIN,individual,1:16736695,1,16736695,8.190137e-09,SORBI_3001G187800,0.608375
"13-Keto-9Z,11E-octadecadienoic acid",LIN,individual,1:16736695,1,16736695,8.190137e-09,SORBI_3001G189000,0.606004
"13-Keto-9Z,11E-octadecadienoic acid",LIN,individual,1:16736695,1,16736695,8.190137e-09,SORBI_3001G189000,0.60588
"13-Keto-9Z,11E-octadecadienoic acid",LIN,individual,1:16736695,1,16736695,8.190137e-09,SORBI_3001G188700,0.604711
"13-Keto-9Z,11E-octadecadienoic acid",LIN,individual,1:16736695,1,16736695,8.190137e-09,SORBI_3001G188700,0.604153
"13-Keto-9Z,11E-octadecadienoic acid",LIN,individual,1:16736695,1,16736695,8.190137e-09,SORBI_3001G189300,0.604036
"13-Keto-9Z,11E-octadecadienoic acid",LIN,individual,1:16736695,1,16736695,8.190137e-09,SORBI_3001G189000,0.603768
"13-Keto-9Z,11E-octadecadienoic acid",LIN,individual,1:16736695,1,16736695,8.190137e-09,SORBI_3001G189100,0.603768
"13-Keto-9Z,11E-octadecadienoic acid",LIN,individual,1:16736695,1,16736695,8.190137e-09,SORBI_3001G189200,0.603768
"13-Keto-9Z,11E-octadecadienoic acid",LIN,individual,1:16736695,1,16736695,8.190137e-09,SORBI_3001G189000,0.603378
"13-Keto-9Z,11E-octadecadienoic acid",LIN,individual,1:16736695,1,16736695,8.190137e-09,SORBI_3001G189100,0.602708
"13-Keto-9Z,11E-octadecadienoic acid",LIN,individual,1:16736695,1,16736695,8.190137e-09,SORBI_3001G189200,0.602708
"13-Keto-9Z,11E-octadecadienoic acid",LIN,individual,7:63347758,7,63347758,8.202065e-09,SORBI_3007G202600,0.865691
"13-Keto-9Z,11E-octadecadienoic acid",LIN,individual,7:63347784,7,63347784,8.202065e-09,SORBI_3007G202600,0.865691
