Condition	GeneID	Gene_Chr	Gene_Start	Gene_End	N_Traits	N_Traits_indiv	N_Traits_sumrat	N_sig_SNPs	Best_P	Max_r2	Traits
CTL	SORBI_3005G148500	5	61659987	61667430	13	13	0	13	1.551627e-16	0.521234	TG(16:0_16:0_18:1) | TG(16:0_16:0_18:2) | TG(16:0_16:0_20:1) | TG(16:0_18:0_18:2) | TG(16:0_18:1_18:1) | TG(16:0_18:1_18:2) | TG(16:0_18:1_20:0) | TG(16:0_18:1_20:1) | TG(16:0_18:1_20:2) | TG(16:0_18:1_22:1) | TG(16:1_18:1_18:1) | TG(18:0_18:2_18:2) | TG(18:1_18:2_18:2)
CTL	SORBI_3005G149000	5	61740897	61747039	13	13	0	13	1.551627e-16	0.741279	TG(16:0_16:0_18:1) | TG(16:0_16:0_18:2) | TG(16:0_16:0_20:1) | TG(16:0_18:0_18:2) | TG(16:0_18:1_18:1) | TG(16:0_18:1_18:2) | TG(16:0_18:1_20:0) | TG(16:0_18:1_20:1) | TG(16:0_18:1_20:2) | TG(16:0_18:1_22:1) | TG(16:1_18:1_18:1) | TG(18:0_18:2_18:2) | TG(18:1_18:2_18:2)
CTL	SORBI_3010G140800	10	32680719	32683021	13	13	0	14	1.235556e-14	0.920292	9,12,13,TriHODE | Oxo fatty acid (18:3) | TG(16:0_16:0_18:1) | TG(16:0_16:0_20:1) | TG(16:0_18:0_18:2) | TG(16:0_18:1_18:1) | TG(16:0_18:1_18:2) | TG(16:0_18:1_20:0) | TG(16:0_18:1_20:1) | TG(16:0_18:1_20:2) | TG(16:1_18:1_18:1) | TG(18:0_18:2_18:2) | trans-EKODE-(E)-Ib
CTL	SORBI_3005G110120	5	24097855	24100470	12	12	0	12	8.186128e-15	0.82592	PC(16:1_16:1) | TG(16:0_16:0_18:1) | TG(16:0_16:0_20:1) | TG(16:0_18:0_18:2) | TG(16:0_18:1_18:1) | TG(16:0_18:1_18:2) | TG(16:0_18:1_20:0) | TG(16:0_18:1_20:1) | TG(16:0_18:1_20:2) | TG(16:1_18:1_18:1) | TG(18:0_18:2_18:2) | TG(18:1_18:2_18:2)
CTL	SORBI_3005G110160	5	24125145	24127909	12	12	0	12	8.186128e-15	0.81876	PC(16:1_16:1) | TG(16:0_16:0_18:1) | TG(16:0_16:0_20:1) | TG(16:0_18:0_18:2) | TG(16:0_18:1_18:1) | TG(16:0_18:1_18:2) | TG(16:0_18:1_20:0) | TG(16:0_18:1_20:1) | TG(16:0_18:1_20:2) | TG(16:1_18:1_18:1) | TG(18:0_18:2_18:2) | TG(18:1_18:2_18:2)
CTL	SORBI_3001G259000	1	31003967	31011085	12	9	3	18	1.726483e-11	0.696232	Sum_DGDG_over_PS_log10ratio | Sum_GalCer_over_PS_log10ratio | Sum_MGDG_over_PS_log10ratio | TG(16:0_16:0_18:1) | TG(16:0_16:0_20:1) | TG(16:0_18:0_18:2) | TG(16:0_18:1_18:1) | TG(16:0_18:1_18:2) | TG(16:0_18:1_20:0) | TG(16:0_18:1_20:1) | TG(16:1_18:1_18:1) | TG(18:0_18:2_18:2)
CTL	SORBI_3001G318000	1	60644084	60645212	11	11	0	15	3.053225e-16	0.585869	TG(16:0_16:0_18:1) | TG(16:0_16:0_20:1) | TG(16:0_18:0_18:2) | TG(16:0_18:1_18:1) | TG(16:0_18:1_18:2) | TG(16:0_18:1_20:0) | TG(16:0_18:1_20:1) | TG(16:0_18:1_20:2) | TG(16:1_18:1_18:1) | TG(18:0_18:2_18:2) | TG(18:1_18:2_18:2)
CTL	SORBI_3001G318100	1	60647011	60650614	11	11	0	15	3.053225e-16	1	TG(16:0_16:0_18:1) | TG(16:0_16:0_20:1) | TG(16:0_18:0_18:2) | TG(16:0_18:1_18:1) | TG(16:0_18:1_18:2) | TG(16:0_18:1_20:0) | TG(16:0_18:1_20:1) | TG(16:0_18:1_20:2) | TG(16:1_18:1_18:1) | TG(18:0_18:2_18:2) | TG(18:1_18:2_18:2)
CTL	SORBI_3006G049666	6	36241318	36243165	11	11	0	39	1.18068e-14	0.926102	TG(16:0_16:0_18:1) | TG(16:0_16:0_20:1) | TG(16:0_18:0_18:2) | TG(16:0_18:1_18:1) | TG(16:0_18:1_18:2) | TG(16:0_18:1_20:0) | TG(16:0_18:1_20:1) | TG(16:0_18:1_20:2) | TG(16:1_18:1_18:1) | TG(18:0_18:2_18:2) | TG(18:1_18:2_18:2)
CTL	SORBI_3006G044466	6	31026444	31036937	11	11	0	29	9.34374e-14	0.963195	TG(16:0_16:0_18:1) | TG(16:0_16:0_20:1) | TG(16:0_18:0_18:2) | TG(16:0_18:1_18:1) | TG(16:0_18:1_18:2) | TG(16:0_18:1_20:0) | TG(16:0_18:1_20:1) | TG(16:0_18:1_20:2) | TG(16:1_18:1_18:1) | TG(18:0_18:2_18:2) | TG(18:1_18:2_18:2)
CTL	SORBI_3006G044532	6	31084372	31086231	11	11	0	29	9.34374e-14	0.940262	TG(16:0_16:0_18:1) | TG(16:0_16:0_20:1) | TG(16:0_18:0_18:2) | TG(16:0_18:1_18:1) | TG(16:0_18:1_18:2) | TG(16:0_18:1_20:0) | TG(16:0_18:1_20:1) | TG(16:0_18:1_20:2) | TG(16:1_18:1_18:1) | TG(18:0_18:2_18:2) | TG(18:1_18:2_18:2)
CTL	SORBI_3006G044600	6	31236917	31244123	11	11	0	26	9.34374e-14	0.963195	TG(16:0_16:0_18:1) | TG(16:0_16:0_20:1) | TG(16:0_18:0_18:2) | TG(16:0_18:1_18:1) | TG(16:0_18:1_18:2) | TG(16:0_18:1_20:0) | TG(16:0_18:1_20:1) | TG(16:0_18:1_20:2) | TG(16:1_18:1_18:1) | TG(18:0_18:2_18:2) | TG(18:1_18:2_18:2)
CTL	SORBI_3007G111800	7	42565325	42572457	11	11	0	70	1.799445e-13	0.692593	TG(16:0_16:0_18:1) | TG(16:0_16:0_20:1) | TG(16:0_18:0_18:2) | TG(16:0_18:1_18:1) | TG(16:0_18:1_18:2) | TG(16:0_18:1_20:0) | TG(16:0_18:1_20:1) | TG(16:0_18:1_20:2) | TG(16:1_18:1_18:1) | TG(18:0_18:2_18:2) | TG(18:1_18:2_18:2)
CTL	SORBI_3007G111901	7	42590433	42594890	11	11	0	70	1.799445e-13	0.699153	TG(16:0_16:0_18:1) | TG(16:0_16:0_20:1) | TG(16:0_18:0_18:2) | TG(16:0_18:1_18:1) | TG(16:0_18:1_18:2) | TG(16:0_18:1_20:0) | TG(16:0_18:1_20:1) | TG(16:0_18:1_20:2) | TG(16:1_18:1_18:1) | TG(18:0_18:2_18:2) | TG(18:1_18:2_18:2)
CTL	SORBI_3007G112000	7	42598137	42600011	11	11	0	70	1.799445e-13	0.6675	TG(16:0_16:0_18:1) | TG(16:0_16:0_20:1) | TG(16:0_18:0_18:2) | TG(16:0_18:1_18:1) | TG(16:0_18:1_18:2) | TG(16:0_18:1_20:0) | TG(16:0_18:1_20:1) | TG(16:0_18:1_20:2) | TG(16:1_18:1_18:1) | TG(18:0_18:2_18:2) | TG(18:1_18:2_18:2)
CTL	SORBI_3007G112100	7	42744075	42748053	11	11	0	29	1.799445e-13	0.662813	TG(16:0_16:0_18:1) | TG(16:0_16:0_20:1) | TG(16:0_18:0_18:2) | TG(16:0_18:1_18:1) | TG(16:0_18:1_18:2) | TG(16:0_18:1_20:0) | TG(16:0_18:1_20:1) | TG(16:0_18:1_20:2) | TG(16:1_18:1_18:1) | TG(18:0_18:2_18:2) | TG(18:1_18:2_18:2)
CTL	SORBI_3007G112200	7	42750236	42766819	11	11	0	29	1.799445e-13	0.66926	TG(16:0_16:0_18:1) | TG(16:0_16:0_20:1) | TG(16:0_18:0_18:2) | TG(16:0_18:1_18:1) | TG(16:0_18:1_18:2) | TG(16:0_18:1_20:0) | TG(16:0_18:1_20:1) | TG(16:0_18:1_20:2) | TG(16:1_18:1_18:1) | TG(18:0_18:2_18:2) | TG(18:1_18:2_18:2)
CTL	SORBI_3002G148100	2	37812109	37835896	11	11	0	11	2.17296e-13	0.952564	TG(16:0_16:0_18:1) | TG(16:0_16:0_20:1) | TG(16:0_18:0_18:2) | TG(16:0_18:1_18:1) | TG(16:0_18:1_18:2) | TG(16:0_18:1_20:0) | TG(16:0_18:1_20:1) | TG(16:0_18:1_20:2) | TG(16:1_18:1_18:1) | TG(18:0_18:2_18:2) | TG(18:1_18:2_18:2)
CTL	SORBI_3002G148166	2	37822220	37822832	11	11	0	11	2.17296e-13	0.917433	TG(16:0_16:0_18:1) | TG(16:0_16:0_20:1) | TG(16:0_18:0_18:2) | TG(16:0_18:1_18:1) | TG(16:0_18:1_18:2) | TG(16:0_18:1_20:0) | TG(16:0_18:1_20:1) | TG(16:0_18:1_20:2) | TG(16:1_18:1_18:1) | TG(18:0_18:2_18:2) | TG(18:1_18:2_18:2)
CTL	SORBI_3002G148232	2	37930441	37932373	11	11	0	11	2.17296e-13	0.928983	TG(16:0_16:0_18:1) | TG(16:0_16:0_20:1) | TG(16:0_18:0_18:2) | TG(16:0_18:1_18:1) | TG(16:0_18:1_18:2) | TG(16:0_18:1_20:0) | TG(16:0_18:1_20:1) | TG(16:0_18:1_20:2) | TG(16:1_18:1_18:1) | TG(18:0_18:2_18:2) | TG(18:1_18:2_18:2)
CTL	SORBI_3005G208275	5	69483055	69485289	11	11	0	22	5.863299e-13	0.425481	TG(16:0_16:0_18:1) | TG(16:0_16:0_20:1) | TG(16:0_18:0_18:2) | TG(16:0_18:1_18:1) | TG(16:0_18:1_18:2) | TG(16:0_18:1_20:0) | TG(16:0_18:1_20:1) | TG(16:0_18:1_20:2) | TG(16:1_18:1_18:1) | TG(18:0_18:2_18:2) | TG(18:1_18:2_18:2)
CTL	SORBI_3001G206100	1	18813072	18826471	11	11	0	40	2.556959e-12	1	TG(16:0_16:0_18:1) | TG(16:0_16:0_20:1) | TG(16:0_18:0_18:2) | TG(16:0_18:1_18:1) | TG(16:0_18:1_18:2) | TG(16:0_18:1_20:0) | TG(16:0_18:1_20:1) | TG(16:0_18:1_20:2) | TG(16:1_18:1_18:1) | TG(18:0_18:2_18:2) | TG(18:1_18:2_18:2)
CTL	SORBI_3001G254200	1	28465427	28472547	11	10	1	23	5.712934e-12	0.881346	Sum_AEG_over_PS_log10ratio | TG(16:0_16:0_18:1) | TG(16:0_16:0_20:1) | TG(16:0_18:0_18:2) | TG(16:0_18:1_18:1) | TG(16:0_18:1_18:2) | TG(16:0_18:1_20:0) | TG(16:0_18:1_20:1) | TG(16:0_18:1_20:2) | TG(16:1_18:1_18:1) | TG(18:0_18:2_18:2)
CTL	SORBI_3004G134900	4	25798505	25813769	11	11	0	11	7.769472e-12	0.95206	TG(16:0_16:0_18:1) | TG(16:0_16:0_20:1) | TG(16:0_18:0_18:2) | TG(16:0_18:1_18:1) | TG(16:0_18:1_18:2) | TG(16:0_18:1_20:0) | TG(16:0_18:1_20:1) | TG(16:1_18:1_18:1) | TG(18:0_18:2_18:2) | TG(18:1_20:1_22:1) | TG(18:2_22:0_22:3)
CTL	SORBI_3006G040500	6	25522678	25574669	11	11	0	11	1.246008e-10	0.422605	TG(16:0_16:0_18:1) | TG(16:0_16:0_20:1) | TG(16:0_18:0_18:2) | TG(16:0_18:1_18:1) | TG(16:0_18:1_18:2) | TG(16:0_18:1_20:0) | TG(16:0_18:1_20:1) | TG(16:0_18:1_20:2) | TG(16:1_18:1_18:1) | TG(18:0_18:2_18:2) | TG(18:1_18:2_18:2)
CTL	SORBI_3006G049700	6	36626672	36630941	10	10	0	12	6.595057e-15	0.934293	TG(16:0_16:0_18:1) | TG(16:0_16:0_20:1) | TG(16:0_18:0_18:2) | TG(16:0_18:1_18:1) | TG(16:0_18:1_18:2) | TG(16:0_18:1_20:0) | TG(16:0_18:1_20:1) | TG(16:0_18:1_20:2) | TG(16:1_18:1_18:1) | TG(18:0_18:2_18:2)
CTL	SORBI_3006G049900	6	36790405	36795881	10	10	0	12	6.595057e-15	0.939332	TG(16:0_16:0_18:1) | TG(16:0_16:0_20:1) | TG(16:0_18:0_18:2) | TG(16:0_18:1_18:1) | TG(16:0_18:1_18:2) | TG(16:0_18:1_20:0) | TG(16:0_18:1_20:1) | TG(16:0_18:1_20:2) | TG(16:1_18:1_18:1) | TG(18:0_18:2_18:2)
CTL	SORBI_3006G050000	6	36803025	36807791	10	10	0	12	6.595057e-15	0.49184	TG(16:0_16:0_18:1) | TG(16:0_16:0_20:1) | TG(16:0_18:0_18:2) | TG(16:0_18:1_18:1) | TG(16:0_18:1_18:2) | TG(16:0_18:1_20:0) | TG(16:0_18:1_20:1) | TG(16:0_18:1_20:2) | TG(16:1_18:1_18:1) | TG(18:0_18:2_18:2)
CTL	SORBI_3006G050050	6	36893354	36896021	10	10	0	12	6.595057e-15	0.932377	TG(16:0_16:0_18:1) | TG(16:0_16:0_20:1) | TG(16:0_18:0_18:2) | TG(16:0_18:1_18:1) | TG(16:0_18:1_18:2) | TG(16:0_18:1_20:0) | TG(16:0_18:1_20:1) | TG(16:0_18:1_20:2) | TG(16:1_18:1_18:1) | TG(18:0_18:2_18:2)
CTL	SORBI_3008G105500	8	49760626	49764366	10	10	0	19	4.627337e-14	0.725433	TG(16:0_16:0_18:1) | TG(16:0_16:0_20:1) | TG(16:0_18:0_18:2) | TG(16:0_18:1_18:1) | TG(16:0_18:1_18:2) | TG(16:0_18:1_20:0) | TG(16:0_18:1_20:1) | TG(16:0_18:1_20:2) | TG(16:1_18:1_18:1) | TG(18:0_18:2_18:2)
CTL	SORBI_3008G105600	8	49771416	49773467	10	10	0	19	4.627337e-14	0.879194	TG(16:0_16:0_18:1) | TG(16:0_16:0_20:1) | TG(16:0_18:0_18:2) | TG(16:0_18:1_18:1) | TG(16:0_18:1_18:2) | TG(16:0_18:1_20:0) | TG(16:0_18:1_20:1) | TG(16:0_18:1_20:2) | TG(16:1_18:1_18:1) | TG(18:0_18:2_18:2)
CTL	SORBI_3008G105800	8	49839493	49844969	10	10	0	19	4.627337e-14	0.862789	TG(16:0_16:0_18:1) | TG(16:0_16:0_20:1) | TG(16:0_18:0_18:2) | TG(16:0_18:1_18:1) | TG(16:0_18:1_18:2) | TG(16:0_18:1_20:0) | TG(16:0_18:1_20:1) | TG(16:0_18:1_20:2) | TG(16:1_18:1_18:1) | TG(18:0_18:2_18:2)
CTL	SORBI_3008G105850	8	49873777	49874654	10	10	0	19	4.627337e-14	0.810974	TG(16:0_16:0_18:1) | TG(16:0_16:0_20:1) | TG(16:0_18:0_18:2) | TG(16:0_18:1_18:1) | TG(16:0_18:1_18:2) | TG(16:0_18:1_20:0) | TG(16:0_18:1_20:1) | TG(16:0_18:1_20:2) | TG(16:1_18:1_18:1) | TG(18:0_18:2_18:2)
CTL	SORBI_3008G105900	8	49873779	49877757	10	10	0	19	4.627337e-14	0.810974	TG(16:0_16:0_18:1) | TG(16:0_16:0_20:1) | TG(16:0_18:0_18:2) | TG(16:0_18:1_18:1) | TG(16:0_18:1_18:2) | TG(16:0_18:1_20:0) | TG(16:0_18:1_20:1) | TG(16:0_18:1_20:2) | TG(16:1_18:1_18:1) | TG(18:0_18:2_18:2)
CTL	SORBI_3008G106200	8	49976166	49984597	10	10	0	19	4.627337e-14	0.729909	TG(16:0_16:0_18:1) | TG(16:0_16:0_20:1) | TG(16:0_18:0_18:2) | TG(16:0_18:1_18:1) | TG(16:0_18:1_18:2) | TG(16:0_18:1_20:0) | TG(16:0_18:1_20:1) | TG(16:0_18:1_20:2) | TG(16:1_18:1_18:1) | TG(18:0_18:2_18:2)
CTL	SORBI_3008G106301	8	50023248	50024607	10	10	0	19	4.627337e-14	0.607813	TG(16:0_16:0_18:1) | TG(16:0_16:0_20:1) | TG(16:0_18:0_18:2) | TG(16:0_18:1_18:1) | TG(16:0_18:1_18:2) | TG(16:0_18:1_20:0) | TG(16:0_18:1_20:1) | TG(16:0_18:1_20:2) | TG(16:1_18:1_18:1) | TG(18:0_18:2_18:2)
CTL	SORBI_3008G106500	8	50133783	50134613	10	10	0	13	4.627337e-14	0.597778	TG(16:0_16:0_18:1) | TG(16:0_16:0_20:1) | TG(16:0_18:0_18:2) | TG(16:0_18:1_18:1) | TG(16:0_18:1_18:2) | TG(16:0_18:1_20:0) | TG(16:0_18:1_20:1) | TG(16:0_18:1_20:2) | TG(16:1_18:1_18:1) | TG(18:0_18:2_18:2)
CTL	SORBI_3008G106550	8	50142779	50144253	10	10	0	13	4.627337e-14	0.629124	TG(16:0_16:0_18:1) | TG(16:0_16:0_20:1) | TG(16:0_18:0_18:2) | TG(16:0_18:1_18:1) | TG(16:0_18:1_18:2) | TG(16:0_18:1_20:0) | TG(16:0_18:1_20:1) | TG(16:0_18:1_20:2) | TG(16:1_18:1_18:1) | TG(18:0_18:2_18:2)
CTL	SORBI_3008G131200	8	55707544	55714682	10	10	0	10	6.204077e-14	0.587348	TG(16:0_16:0_18:1) | TG(16:0_16:0_20:1) | TG(16:0_18:0_18:2) | TG(16:0_18:1_18:1) | TG(16:0_18:1_18:2) | TG(16:0_18:1_20:0) | TG(16:0_18:1_20:1) | TG(16:0_18:1_20:2) | TG(16:1_18:1_18:1) | TG(18:0_18:2_18:2)
CTL	SORBI_3008G131300	8	55716132	55718008	10	10	0	10	6.204077e-14	0.522406	TG(16:0_16:0_18:1) | TG(16:0_16:0_20:1) | TG(16:0_18:0_18:2) | TG(16:0_18:1_18:1) | TG(16:0_18:1_18:2) | TG(16:0_18:1_20:0) | TG(16:0_18:1_20:1) | TG(16:0_18:1_20:2) | TG(16:1_18:1_18:1) | TG(18:0_18:2_18:2)
CTL	SORBI_3008G131400	8	55724538	55727053	10	10	0	10	6.204077e-14	0.42887	TG(16:0_16:0_18:1) | TG(16:0_16:0_20:1) | TG(16:0_18:0_18:2) | TG(16:0_18:1_18:1) | TG(16:0_18:1_18:2) | TG(16:0_18:1_20:0) | TG(16:0_18:1_20:1) | TG(16:0_18:1_20:2) | TG(16:1_18:1_18:1) | TG(18:0_18:2_18:2)
CTL	SORBI_3008G131500	8	55748818	55755548	10	10	0	10	6.204077e-14	0.789552	TG(16:0_16:0_18:1) | TG(16:0_16:0_20:1) | TG(16:0_18:0_18:2) | TG(16:0_18:1_18:1) | TG(16:0_18:1_18:2) | TG(16:0_18:1_20:0) | TG(16:0_18:1_20:1) | TG(16:0_18:1_20:2) | TG(16:1_18:1_18:1) | TG(18:0_18:2_18:2)
CTL	SORBI_3008G131550	8	55770605	55772020	10	10	0	10	6.204077e-14	0.78927	TG(16:0_16:0_18:1) | TG(16:0_16:0_20:1) | TG(16:0_18:0_18:2) | TG(16:0_18:1_18:1) | TG(16:0_18:1_18:2) | TG(16:0_18:1_20:0) | TG(16:0_18:1_20:1) | TG(16:0_18:1_20:2) | TG(16:1_18:1_18:1) | TG(18:0_18:2_18:2)
CTL	SORBI_3008G131601	8	55772437	55777903	10	10	0	10	6.204077e-14	0.835298	TG(16:0_16:0_18:1) | TG(16:0_16:0_20:1) | TG(16:0_18:0_18:2) | TG(16:0_18:1_18:1) | TG(16:0_18:1_18:2) | TG(16:0_18:1_20:0) | TG(16:0_18:1_20:1) | TG(16:0_18:1_20:2) | TG(16:1_18:1_18:1) | TG(18:0_18:2_18:2)
CTL	SORBI_3008G131651	8	55778011	55779979	10	10	0	10	6.204077e-14	0.802208	TG(16:0_16:0_18:1) | TG(16:0_16:0_20:1) | TG(16:0_18:0_18:2) | TG(16:0_18:1_18:1) | TG(16:0_18:1_18:2) | TG(16:0_18:1_20:0) | TG(16:0_18:1_20:1) | TG(16:0_18:1_20:2) | TG(16:1_18:1_18:1) | TG(18:0_18:2_18:2)
CTL	SORBI_3008G131700	8	55795932	55802267	10	10	0	10	6.204077e-14	0.807721	TG(16:0_16:0_18:1) | TG(16:0_16:0_20:1) | TG(16:0_18:0_18:2) | TG(16:0_18:1_18:1) | TG(16:0_18:1_18:2) | TG(16:0_18:1_20:0) | TG(16:0_18:1_20:1) | TG(16:0_18:1_20:2) | TG(16:1_18:1_18:1) | TG(18:0_18:2_18:2)
CTL	SORBI_3008G131800	8	55801939	55815614	10	10	0	10	6.204077e-14	0.869713	TG(16:0_16:0_18:1) | TG(16:0_16:0_20:1) | TG(16:0_18:0_18:2) | TG(16:0_18:1_18:1) | TG(16:0_18:1_18:2) | TG(16:0_18:1_20:0) | TG(16:0_18:1_20:1) | TG(16:0_18:1_20:2) | TG(16:1_18:1_18:1) | TG(18:0_18:2_18:2)
CTL	SORBI_3008G131900	8	55816339	55821120	10	10	0	10	6.204077e-14	0.936702	TG(16:0_16:0_18:1) | TG(16:0_16:0_20:1) | TG(16:0_18:0_18:2) | TG(16:0_18:1_18:1) | TG(16:0_18:1_18:2) | TG(16:0_18:1_20:0) | TG(16:0_18:1_20:1) | TG(16:0_18:1_20:2) | TG(16:1_18:1_18:1) | TG(18:0_18:2_18:2)
CTL	SORBI_3008G132000	8	55839853	55843326	10	10	0	10	6.204077e-14	0.885188	TG(16:0_16:0_18:1) | TG(16:0_16:0_20:1) | TG(16:0_18:0_18:2) | TG(16:0_18:1_18:1) | TG(16:0_18:1_18:2) | TG(16:0_18:1_20:0) | TG(16:0_18:1_20:1) | TG(16:0_18:1_20:2) | TG(16:1_18:1_18:1) | TG(18:0_18:2_18:2)
CTL	SORBI_3008G132200	8	55848764	55854063	10	10	0	10	6.204077e-14	0.641393	TG(16:0_16:0_18:1) | TG(16:0_16:0_20:1) | TG(16:0_18:0_18:2) | TG(16:0_18:1_18:1) | TG(16:0_18:1_18:2) | TG(16:0_18:1_20:0) | TG(16:0_18:1_20:1) | TG(16:0_18:1_20:2) | TG(16:1_18:1_18:1) | TG(18:0_18:2_18:2)
CTL	SORBI_3008G132250	8	55858948	55860843	10	10	0	10	6.204077e-14	0.701996	TG(16:0_16:0_18:1) | TG(16:0_16:0_20:1) | TG(16:0_18:0_18:2) | TG(16:0_18:1_18:1) | TG(16:0_18:1_18:2) | TG(16:0_18:1_20:0) | TG(16:0_18:1_20:1) | TG(16:0_18:1_20:2) | TG(16:1_18:1_18:1) | TG(18:0_18:2_18:2)
CTL	SORBI_3008G132300	8	55898550	55902947	10	10	0	10	6.204077e-14	0.623157	TG(16:0_16:0_18:1) | TG(16:0_16:0_20:1) | TG(16:0_18:0_18:2) | TG(16:0_18:1_18:1) | TG(16:0_18:1_18:2) | TG(16:0_18:1_20:0) | TG(16:0_18:1_20:1) | TG(16:0_18:1_20:2) | TG(16:1_18:1_18:1) | TG(18:0_18:2_18:2)
CTL	SORBI_3008G132400	8	55905226	55906819	10	10	0	10	6.204077e-14	0.644279	TG(16:0_16:0_18:1) | TG(16:0_16:0_20:1) | TG(16:0_18:0_18:2) | TG(16:0_18:1_18:1) | TG(16:0_18:1_18:2) | TG(16:0_18:1_20:0) | TG(16:0_18:1_20:1) | TG(16:0_18:1_20:2) | TG(16:1_18:1_18:1) | TG(18:0_18:2_18:2)
CTL	SORBI_3008G132500	8	55908329	55913278	10	10	0	10	6.204077e-14	0.651557	TG(16:0_16:0_18:1) | TG(16:0_16:0_20:1) | TG(16:0_18:0_18:2) | TG(16:0_18:1_18:1) | TG(16:0_18:1_18:2) | TG(16:0_18:1_20:0) | TG(16:0_18:1_20:1) | TG(16:0_18:1_20:2) | TG(16:1_18:1_18:1) | TG(18:0_18:2_18:2)
CTL	SORBI_3008G132550	8	55913940	55917987	10	10	0	10	6.204077e-14	0.615576	TG(16:0_16:0_18:1) | TG(16:0_16:0_20:1) | TG(16:0_18:0_18:2) | TG(16:0_18:1_18:1) | TG(16:0_18:1_18:2) | TG(16:0_18:1_20:0) | TG(16:0_18:1_20:1) | TG(16:0_18:1_20:2) | TG(16:1_18:1_18:1) | TG(18:0_18:2_18:2)
CTL	SORBI_3008G132600	8	55920712	55928484	10	10	0	10	6.204077e-14	0.658875	TG(16:0_16:0_18:1) | TG(16:0_16:0_20:1) | TG(16:0_18:0_18:2) | TG(16:0_18:1_18:1) | TG(16:0_18:1_18:2) | TG(16:0_18:1_20:0) | TG(16:0_18:1_20:1) | TG(16:0_18:1_20:2) | TG(16:1_18:1_18:1) | TG(18:0_18:2_18:2)
CTL	SORBI_3008G132700	8	55932919	55936935	10	10	0	10	6.204077e-14	0.67161	TG(16:0_16:0_18:1) | TG(16:0_16:0_20:1) | TG(16:0_18:0_18:2) | TG(16:0_18:1_18:1) | TG(16:0_18:1_18:2) | TG(16:0_18:1_20:0) | TG(16:0_18:1_20:1) | TG(16:0_18:1_20:2) | TG(16:1_18:1_18:1) | TG(18:0_18:2_18:2)
CTL	SORBI_3008G132800	8	55943024	55947315	10	10	0	10	6.204077e-14	0.687894	TG(16:0_16:0_18:1) | TG(16:0_16:0_20:1) | TG(16:0_18:0_18:2) | TG(16:0_18:1_18:1) | TG(16:0_18:1_18:2) | TG(16:0_18:1_20:0) | TG(16:0_18:1_20:1) | TG(16:0_18:1_20:2) | TG(16:1_18:1_18:1) | TG(18:0_18:2_18:2)
CTL	SORBI_3008G132900	8	55948254	55956733	10	10	0	10	6.204077e-14	0.647951	TG(16:0_16:0_18:1) | TG(16:0_16:0_20:1) | TG(16:0_18:0_18:2) | TG(16:0_18:1_18:1) | TG(16:0_18:1_18:2) | TG(16:0_18:1_20:0) | TG(16:0_18:1_20:1) | TG(16:0_18:1_20:2) | TG(16:1_18:1_18:1) | TG(18:0_18:2_18:2)
CTL	SORBI_3008G133100	8	55967541	55971627	10	10	0	10	6.204077e-14	0.514183	TG(16:0_16:0_18:1) | TG(16:0_16:0_20:1) | TG(16:0_18:0_18:2) | TG(16:0_18:1_18:1) | TG(16:0_18:1_18:2) | TG(16:0_18:1_20:0) | TG(16:0_18:1_20:1) | TG(16:0_18:1_20:2) | TG(16:1_18:1_18:1) | TG(18:0_18:2_18:2)
CTL	SORBI_3008G133200	8	55987061	55988758	10	10	0	10	6.204077e-14	0.400905	TG(16:0_16:0_18:1) | TG(16:0_16:0_20:1) | TG(16:0_18:0_18:2) | TG(16:0_18:1_18:1) | TG(16:0_18:1_18:2) | TG(16:0_18:1_20:0) | TG(16:0_18:1_20:1) | TG(16:0_18:1_20:2) | TG(16:1_18:1_18:1) | TG(18:0_18:2_18:2)
CTL	SORBI_3006G044800	6	31450469	31451300	10	10	0	12	9.34374e-14	0.46985	TG(16:0_16:0_18:1) | TG(16:0_16:0_20:1) | TG(16:0_18:0_18:2) | TG(16:0_18:1_18:1) | TG(16:0_18:1_18:2) | TG(16:0_18:1_20:0) | TG(16:0_18:1_20:1) | TG(16:0_18:1_20:2) | TG(16:1_18:1_18:1) | TG(18:0_18:2_18:2)
CTL	SORBI_3005G086650	5	12041602	12053692	10	10	0	15	1.174296e-13	0.643647	TG(16:0_16:0_18:1) | TG(16:0_16:0_20:1) | TG(16:0_18:0_18:2) | TG(16:0_18:1_18:1) | TG(16:0_18:1_18:2) | TG(16:0_18:1_20:0) | TG(16:0_18:1_20:1) | TG(16:0_18:1_20:2) | TG(16:1_18:1_18:1) | TG(18:0_18:2_18:2)
CTL	SORBI_3006G048775	6	35064177	35066809	10	10	0	23	3.126946e-13	1	TG(16:0_16:0_18:1) | TG(16:0_16:0_20:1) | TG(16:0_18:0_18:2) | TG(16:0_18:1_18:1) | TG(16:0_18:1_18:2) | TG(16:0_18:1_20:0) | TG(16:0_18:1_20:1) | TG(16:1_18:1_18:1) | TG(18:0_18:2_18:2) | TG(18:1_18:2_18:2)
CTL	SORBI_3007G070700	7	7835992	7839290	10	10	0	28	4.30794e-13	0.736214	TG(16:0_16:0_18:1) | TG(16:0_16:0_20:1) | TG(16:0_18:0_18:2) | TG(16:0_18:1_18:1) | TG(16:0_18:1_18:2) | TG(16:0_18:1_20:0) | TG(16:0_18:1_20:1) | TG(16:1_18:1_18:1) | TG(18:0_18:2_18:2) | TG(18:1_18:2_18:2)
CTL	SORBI_3007G070900	7	7861480	7864348	10	10	0	28	4.30794e-13	0.736214	TG(16:0_16:0_18:1) | TG(16:0_16:0_20:1) | TG(16:0_18:0_18:2) | TG(16:0_18:1_18:1) | TG(16:0_18:1_18:2) | TG(16:0_18:1_20:0) | TG(16:0_18:1_20:1) | TG(16:1_18:1_18:1) | TG(18:0_18:2_18:2) | TG(18:1_18:2_18:2)
CTL	SORBI_3007G071000	7	7871028	7874296	10	10	0	28	4.30794e-13	0.736214	TG(16:0_16:0_18:1) | TG(16:0_16:0_20:1) | TG(16:0_18:0_18:2) | TG(16:0_18:1_18:1) | TG(16:0_18:1_18:2) | TG(16:0_18:1_20:0) | TG(16:0_18:1_20:1) | TG(16:1_18:1_18:1) | TG(18:0_18:2_18:2) | TG(18:1_18:2_18:2)
CTL	SORBI_3007G071200	7	7882997	7889445	10	10	0	28	4.30794e-13	0.603923	TG(16:0_16:0_18:1) | TG(16:0_16:0_20:1) | TG(16:0_18:0_18:2) | TG(16:0_18:1_18:1) | TG(16:0_18:1_18:2) | TG(16:0_18:1_20:0) | TG(16:0_18:1_20:1) | TG(16:1_18:1_18:1) | TG(18:0_18:2_18:2) | TG(18:1_18:2_18:2)
CTL	SORBI_3007G071300	7	7892356	7896836	10	10	0	28	4.30794e-13	0.534647	TG(16:0_16:0_18:1) | TG(16:0_16:0_20:1) | TG(16:0_18:0_18:2) | TG(16:0_18:1_18:1) | TG(16:0_18:1_18:2) | TG(16:0_18:1_20:0) | TG(16:0_18:1_20:1) | TG(16:1_18:1_18:1) | TG(18:0_18:2_18:2) | TG(18:1_18:2_18:2)
CTL	SORBI_3007G071400	7	7898300	7912298	10	10	0	28	4.30794e-13	1	TG(16:0_16:0_18:1) | TG(16:0_16:0_20:1) | TG(16:0_18:0_18:2) | TG(16:0_18:1_18:1) | TG(16:0_18:1_18:2) | TG(16:0_18:1_20:0) | TG(16:0_18:1_20:1) | TG(16:1_18:1_18:1) | TG(18:0_18:2_18:2) | TG(18:1_18:2_18:2)
CTL	SORBI_3007G071500	7	7914921	7916732	10	10	0	28	4.30794e-13	0.586622	TG(16:0_16:0_18:1) | TG(16:0_16:0_20:1) | TG(16:0_18:0_18:2) | TG(16:0_18:1_18:1) | TG(16:0_18:1_18:2) | TG(16:0_18:1_20:0) | TG(16:0_18:1_20:1) | TG(16:1_18:1_18:1) | TG(18:0_18:2_18:2) | TG(18:1_18:2_18:2)
CTL	SORBI_3007G071600	7	7941116	7943460	10	10	0	28	4.30794e-13	0.5691	TG(16:0_16:0_18:1) | TG(16:0_16:0_20:1) | TG(16:0_18:0_18:2) | TG(16:0_18:1_18:1) | TG(16:0_18:1_18:2) | TG(16:0_18:1_20:0) | TG(16:0_18:1_20:1) | TG(16:1_18:1_18:1) | TG(18:0_18:2_18:2) | TG(18:1_18:2_18:2)
CTL	SORBI_3007G071700	7	7943612	7945200	10	10	0	28	4.30794e-13	0.545225	TG(16:0_16:0_18:1) | TG(16:0_16:0_20:1) | TG(16:0_18:0_18:2) | TG(16:0_18:1_18:1) | TG(16:0_18:1_18:2) | TG(16:0_18:1_20:0) | TG(16:0_18:1_20:1) | TG(16:1_18:1_18:1) | TG(18:0_18:2_18:2) | TG(18:1_18:2_18:2)
CTL	SORBI_3007G071800	7	7946843	7949108	10	10	0	28	4.30794e-13	0.486238	TG(16:0_16:0_18:1) | TG(16:0_16:0_20:1) | TG(16:0_18:0_18:2) | TG(16:0_18:1_18:1) | TG(16:0_18:1_18:2) | TG(16:0_18:1_20:0) | TG(16:0_18:1_20:1) | TG(16:1_18:1_18:1) | TG(18:0_18:2_18:2) | TG(18:1_18:2_18:2)
CTL	SORBI_3005G152200	5	62304454	62308981	10	10	0	30	9.674947e-13	0.414155	TG(16:0_16:0_18:1) | TG(16:0_16:0_20:1) | TG(16:0_18:0_18:2) | TG(16:0_18:1_18:1) | TG(16:0_18:1_18:2) | TG(16:0_18:1_20:0) | TG(16:0_18:1_20:1) | TG(16:0_18:1_20:2) | TG(16:1_18:1_18:1) | TG(18:0_18:2_18:2)
CTL	SORBI_3005G152250	5	62317209	62318593	10	10	0	20	2.471614e-12	0.474478	TG(16:0_16:0_18:1) | TG(16:0_16:0_20:1) | TG(16:0_18:0_18:2) | TG(16:0_18:1_18:1) | TG(16:0_18:1_18:2) | TG(16:0_18:1_20:0) | TG(16:0_18:1_20:1) | TG(16:0_18:1_20:2) | TG(16:1_18:1_18:1) | TG(18:0_18:2_18:2)
CTL	SORBI_3009G111000	9	44638293	44647142	10	10	0	10	3.69734e-12	0.705511	TG(16:0_16:0_18:1) | TG(16:0_16:0_20:1) | TG(16:0_18:0_18:2) | TG(16:0_18:1_18:1) | TG(16:0_18:1_18:2) | TG(16:0_18:1_20:0) | TG(16:0_18:1_20:1) | TG(16:0_18:1_20:2) | TG(16:1_18:1_18:1) | TG(18:0_18:2_18:2)
CTL	SORBI_3009G111200	9	44785084	44786853	10	10	0	10	3.69734e-12	0.437325	TG(16:0_16:0_18:1) | TG(16:0_16:0_20:1) | TG(16:0_18:0_18:2) | TG(16:0_18:1_18:1) | TG(16:0_18:1_18:2) | TG(16:0_18:1_20:0) | TG(16:0_18:1_20:1) | TG(16:0_18:1_20:2) | TG(16:1_18:1_18:1) | TG(18:0_18:2_18:2)
CTL	SORBI_3009G111400	9	44791313	44800404	10	10	0	10	3.69734e-12	0.439746	TG(16:0_16:0_18:1) | TG(16:0_16:0_20:1) | TG(16:0_18:0_18:2) | TG(16:0_18:1_18:1) | TG(16:0_18:1_18:2) | TG(16:0_18:1_20:0) | TG(16:0_18:1_20:1) | TG(16:0_18:1_20:2) | TG(16:1_18:1_18:1) | TG(18:0_18:2_18:2)
CTL	SORBI_3006G039800	6	19123733	19165312	10	10	0	10	4.630195e-12	0.97538	TG(16:0_16:0_18:1) | TG(16:0_16:0_20:1) | TG(16:0_18:0_18:2) | TG(16:0_18:1_18:1) | TG(16:0_18:1_18:2) | TG(16:0_18:1_20:0) | TG(16:0_18:1_20:1) | TG(16:1_18:1_18:1) | TG(18:0_18:2_18:2) | TG(18:1_18:2_18:2)
CTL	SORBI_3006G039900	6	19154036	19155151	10	10	0	10	4.630195e-12	0.972391	TG(16:0_16:0_18:1) | TG(16:0_16:0_20:1) | TG(16:0_18:0_18:2) | TG(16:0_18:1_18:1) | TG(16:0_18:1_18:2) | TG(16:0_18:1_20:0) | TG(16:0_18:1_20:1) | TG(16:1_18:1_18:1) | TG(18:0_18:2_18:2) | TG(18:1_18:2_18:2)
CTL	SORBI_3006G040000	6	19231953	19236362	10	10	0	10	4.630195e-12	0.966481	TG(16:0_16:0_18:1) | TG(16:0_16:0_20:1) | TG(16:0_18:0_18:2) | TG(16:0_18:1_18:1) | TG(16:0_18:1_18:2) | TG(16:0_18:1_20:0) | TG(16:0_18:1_20:1) | TG(16:1_18:1_18:1) | TG(18:0_18:2_18:2) | TG(18:1_18:2_18:2)
CTL	SORBI_3006G040101	6	19310258	19314726	10	10	0	10	4.630195e-12	0.930348	TG(16:0_16:0_18:1) | TG(16:0_16:0_20:1) | TG(16:0_18:0_18:2) | TG(16:0_18:1_18:1) | TG(16:0_18:1_18:2) | TG(16:0_18:1_20:0) | TG(16:0_18:1_20:1) | TG(16:1_18:1_18:1) | TG(18:0_18:2_18:2) | TG(18:1_18:2_18:2)
CTL	SORBI_3001G254300	1	28472869	28475678	10	9	1	13	5.712934e-12	0.878997	Sum_AEG_over_PS_log10ratio | TG(16:0_16:0_18:1) | TG(16:0_16:0_20:1) | TG(16:0_18:0_18:2) | TG(16:0_18:1_18:1) | TG(16:0_18:1_18:2) | TG(16:0_18:1_20:0) | TG(16:0_18:1_20:1) | TG(16:1_18:1_18:1) | TG(18:0_18:2_18:2)
CTL	SORBI_3001G254400	1	28476069	28479416	10	9	1	13	5.712934e-12	0.870896	Sum_AEG_over_PS_log10ratio | TG(16:0_16:0_18:1) | TG(16:0_16:0_20:1) | TG(16:0_18:0_18:2) | TG(16:0_18:1_18:1) | TG(16:0_18:1_18:2) | TG(16:0_18:1_20:0) | TG(16:0_18:1_20:1) | TG(16:1_18:1_18:1) | TG(18:0_18:2_18:2)
CTL	SORBI_3002G039500	2	3850982	3852279	10	10	0	35	7.587135e-12	0.557289	TG(16:0_16:0_18:1) | TG(16:0_16:0_20:1) | TG(16:0_18:0_18:2) | TG(16:0_18:1_18:1) | TG(16:0_18:1_18:2) | TG(16:0_18:1_20:0) | TG(16:0_18:1_20:1) | TG(16:0_18:1_20:2) | TG(16:1_18:1_18:1) | TG(18:0_18:2_18:2)
CTL	SORBI_3002G039600	2	3853100	3856222	10	10	0	35	7.587135e-12	0.557289	TG(16:0_16:0_18:1) | TG(16:0_16:0_20:1) | TG(16:0_18:0_18:2) | TG(16:0_18:1_18:1) | TG(16:0_18:1_18:2) | TG(16:0_18:1_20:0) | TG(16:0_18:1_20:1) | TG(16:0_18:1_20:2) | TG(16:1_18:1_18:1) | TG(18:0_18:2_18:2)
CTL	SORBI_3002G039700	2	3857146	3859446	10	10	0	35	7.587135e-12	0.55714	TG(16:0_16:0_18:1) | TG(16:0_16:0_20:1) | TG(16:0_18:0_18:2) | TG(16:0_18:1_18:1) | TG(16:0_18:1_18:2) | TG(16:0_18:1_20:0) | TG(16:0_18:1_20:1) | TG(16:0_18:1_20:2) | TG(16:1_18:1_18:1) | TG(18:0_18:2_18:2)
CTL	SORBI_3002G039800	2	3856811	3874448	10	10	0	35	7.587135e-12	0.557215	TG(16:0_16:0_18:1) | TG(16:0_16:0_20:1) | TG(16:0_18:0_18:2) | TG(16:0_18:1_18:1) | TG(16:0_18:1_18:2) | TG(16:0_18:1_20:0) | TG(16:0_18:1_20:1) | TG(16:0_18:1_20:2) | TG(16:1_18:1_18:1) | TG(18:0_18:2_18:2)
CTL	SORBI_3002G039900	2	3877146	3881102	10	10	0	35	7.587135e-12	0.553921	TG(16:0_16:0_18:1) | TG(16:0_16:0_20:1) | TG(16:0_18:0_18:2) | TG(16:0_18:1_18:1) | TG(16:0_18:1_18:2) | TG(16:0_18:1_20:0) | TG(16:0_18:1_20:1) | TG(16:0_18:1_20:2) | TG(16:1_18:1_18:1) | TG(18:0_18:2_18:2)
CTL	SORBI_3002G041100	2	3955784	3960460	10	10	0	35	7.587135e-12	0.924251	TG(16:0_16:0_18:1) | TG(16:0_16:0_20:1) | TG(16:0_18:0_18:2) | TG(16:0_18:1_18:1) | TG(16:0_18:1_18:2) | TG(16:0_18:1_20:0) | TG(16:0_18:1_20:1) | TG(16:0_18:1_20:2) | TG(16:1_18:1_18:1) | TG(18:0_18:2_18:2)
CTL	SORBI_3002G041150	2	3962607	3967098	10	10	0	35	7.587135e-12	0.934544	TG(16:0_16:0_18:1) | TG(16:0_16:0_20:1) | TG(16:0_18:0_18:2) | TG(16:0_18:1_18:1) | TG(16:0_18:1_18:2) | TG(16:0_18:1_20:0) | TG(16:0_18:1_20:1) | TG(16:0_18:1_20:2) | TG(16:1_18:1_18:1) | TG(18:0_18:2_18:2)
CTL	SORBI_3002G041200	2	3970369	3975815	10	10	0	35	7.587135e-12	1	TG(16:0_16:0_18:1) | TG(16:0_16:0_20:1) | TG(16:0_18:0_18:2) | TG(16:0_18:1_18:1) | TG(16:0_18:1_18:2) | TG(16:0_18:1_20:0) | TG(16:0_18:1_20:1) | TG(16:0_18:1_20:2) | TG(16:1_18:1_18:1) | TG(18:0_18:2_18:2)
CTL	SORBI_3002G041366	2	3981692	3983533	10	10	0	35	7.587135e-12	1	TG(16:0_16:0_18:1) | TG(16:0_16:0_20:1) | TG(16:0_18:0_18:2) | TG(16:0_18:1_18:1) | TG(16:0_18:1_18:2) | TG(16:0_18:1_20:0) | TG(16:0_18:1_20:1) | TG(16:0_18:1_20:2) | TG(16:1_18:1_18:1) | TG(18:0_18:2_18:2)
CTL	SORBI_3002G041400	2	3982568	3988803	10	10	0	35	7.587135e-12	1	TG(16:0_16:0_18:1) | TG(16:0_16:0_20:1) | TG(16:0_18:0_18:2) | TG(16:0_18:1_18:1) | TG(16:0_18:1_18:2) | TG(16:0_18:1_20:0) | TG(16:0_18:1_20:1) | TG(16:0_18:1_20:2) | TG(16:1_18:1_18:1) | TG(18:0_18:2_18:2)
CTL	SORBI_3002G041533	2	3989032	3991027	10	10	0	35	7.587135e-12	0.971342	TG(16:0_16:0_18:1) | TG(16:0_16:0_20:1) | TG(16:0_18:0_18:2) | TG(16:0_18:1_18:1) | TG(16:0_18:1_18:2) | TG(16:0_18:1_20:0) | TG(16:0_18:1_20:1) | TG(16:0_18:1_20:2) | TG(16:1_18:1_18:1) | TG(18:0_18:2_18:2)
CTL	SORBI_3002G041666	2	3994087	3999160	10	10	0	35	7.587135e-12	0.830362	TG(16:0_16:0_18:1) | TG(16:0_16:0_20:1) | TG(16:0_18:0_18:2) | TG(16:0_18:1_18:1) | TG(16:0_18:1_18:2) | TG(16:0_18:1_20:0) | TG(16:0_18:1_20:1) | TG(16:0_18:1_20:2) | TG(16:1_18:1_18:1) | TG(18:0_18:2_18:2)
CTL	SORBI_3002G041800	2	4000333	4002838	10	10	0	35	7.587135e-12	0.758622	TG(16:0_16:0_18:1) | TG(16:0_16:0_20:1) | TG(16:0_18:0_18:2) | TG(16:0_18:1_18:1) | TG(16:0_18:1_18:2) | TG(16:0_18:1_20:0) | TG(16:0_18:1_20:1) | TG(16:0_18:1_20:2) | TG(16:1_18:1_18:1) | TG(18:0_18:2_18:2)
CTL	SORBI_3002G041900	2	4004226	4007688	10	10	0	35	7.587135e-12	0.758189	TG(16:0_16:0_18:1) | TG(16:0_16:0_20:1) | TG(16:0_18:0_18:2) | TG(16:0_18:1_18:1) | TG(16:0_18:1_18:2) | TG(16:0_18:1_20:0) | TG(16:0_18:1_20:1) | TG(16:0_18:1_20:2) | TG(16:1_18:1_18:1) | TG(18:0_18:2_18:2)
CTL	SORBI_3002G042000	2	4013936	4015739	10	10	0	35	7.587135e-12	0.473575	TG(16:0_16:0_18:1) | TG(16:0_16:0_20:1) | TG(16:0_18:0_18:2) | TG(16:0_18:1_18:1) | TG(16:0_18:1_18:2) | TG(16:0_18:1_20:0) | TG(16:0_18:1_20:1) | TG(16:0_18:1_20:2) | TG(16:1_18:1_18:1) | TG(18:0_18:2_18:2)
CTL	SORBI_3002G042300	2	4036817	4039168	10	10	0	35	7.587135e-12	0.646002	TG(16:0_16:0_18:1) | TG(16:0_16:0_20:1) | TG(16:0_18:0_18:2) | TG(16:0_18:1_18:1) | TG(16:0_18:1_18:2) | TG(16:0_18:1_20:0) | TG(16:0_18:1_20:1) | TG(16:0_18:1_20:2) | TG(16:1_18:1_18:1) | TG(18:0_18:2_18:2)
CTL	SORBI_3002G042400	2	4039751	4046140	10	10	0	35	7.587135e-12	0.62727	TG(16:0_16:0_18:1) | TG(16:0_16:0_20:1) | TG(16:0_18:0_18:2) | TG(16:0_18:1_18:1) | TG(16:0_18:1_18:2) | TG(16:0_18:1_20:0) | TG(16:0_18:1_20:1) | TG(16:0_18:1_20:2) | TG(16:1_18:1_18:1) | TG(18:0_18:2_18:2)
CTL	SORBI_3002G042500	2	4051400	4065460	10	10	0	35	7.587135e-12	0.683589	TG(16:0_16:0_18:1) | TG(16:0_16:0_20:1) | TG(16:0_18:0_18:2) | TG(16:0_18:1_18:1) | TG(16:0_18:1_18:2) | TG(16:0_18:1_20:0) | TG(16:0_18:1_20:1) | TG(16:0_18:1_20:2) | TG(16:1_18:1_18:1) | TG(18:0_18:2_18:2)
CTL	SORBI_3002G042600	2	4066083	4081970	10	10	0	35	7.587135e-12	0.683589	TG(16:0_16:0_18:1) | TG(16:0_16:0_20:1) | TG(16:0_18:0_18:2) | TG(16:0_18:1_18:1) | TG(16:0_18:1_18:2) | TG(16:0_18:1_20:0) | TG(16:0_18:1_20:1) | TG(16:0_18:1_20:2) | TG(16:1_18:1_18:1) | TG(18:0_18:2_18:2)
CTL	SORBI_3002G042800	2	4084977	4087738	10	10	0	35	7.587135e-12	0.668475	TG(16:0_16:0_18:1) | TG(16:0_16:0_20:1) | TG(16:0_18:0_18:2) | TG(16:0_18:1_18:1) | TG(16:0_18:1_18:2) | TG(16:0_18:1_20:0) | TG(16:0_18:1_20:1) | TG(16:0_18:1_20:2) | TG(16:1_18:1_18:1) | TG(18:0_18:2_18:2)
CTL	SORBI_3002G043000	2	4097276	4102428	10	10	0	35	7.587135e-12	0.668475	TG(16:0_16:0_18:1) | TG(16:0_16:0_20:1) | TG(16:0_18:0_18:2) | TG(16:0_18:1_18:1) | TG(16:0_18:1_18:2) | TG(16:0_18:1_20:0) | TG(16:0_18:1_20:1) | TG(16:0_18:1_20:2) | TG(16:1_18:1_18:1) | TG(18:0_18:2_18:2)
CTL	SORBI_3002G043100	2	4102704	4114852	10	10	0	35	7.587135e-12	0.681058	TG(16:0_16:0_18:1) | TG(16:0_16:0_20:1) | TG(16:0_18:0_18:2) | TG(16:0_18:1_18:1) | TG(16:0_18:1_18:2) | TG(16:0_18:1_20:0) | TG(16:0_18:1_20:1) | TG(16:0_18:1_20:2) | TG(16:1_18:1_18:1) | TG(18:0_18:2_18:2)
CTL	SORBI_3002G043201	2	4116321	4117545	10	10	0	35	7.587135e-12	0.645928	TG(16:0_16:0_18:1) | TG(16:0_16:0_20:1) | TG(16:0_18:0_18:2) | TG(16:0_18:1_18:1) | TG(16:0_18:1_18:2) | TG(16:0_18:1_20:0) | TG(16:0_18:1_20:1) | TG(16:0_18:1_20:2) | TG(16:1_18:1_18:1) | TG(18:0_18:2_18:2)
CTL	SORBI_3002G043300	2	4118297	4122803	10	10	0	35	7.587135e-12	0.635005	TG(16:0_16:0_18:1) | TG(16:0_16:0_20:1) | TG(16:0_18:0_18:2) | TG(16:0_18:1_18:1) | TG(16:0_18:1_18:2) | TG(16:0_18:1_20:0) | TG(16:0_18:1_20:1) | TG(16:0_18:1_20:2) | TG(16:1_18:1_18:1) | TG(18:0_18:2_18:2)
CTL	SORBI_3002G043500	2	4129557	4136918	10	10	0	35	7.587135e-12	0.646002	TG(16:0_16:0_18:1) | TG(16:0_16:0_20:1) | TG(16:0_18:0_18:2) | TG(16:0_18:1_18:1) | TG(16:0_18:1_18:2) | TG(16:0_18:1_20:0) | TG(16:0_18:1_20:1) | TG(16:0_18:1_20:2) | TG(16:1_18:1_18:1) | TG(18:0_18:2_18:2)
CTL	SORBI_3002G043700	2	4147149	4150406	10	10	0	35	7.587135e-12	0.567122	TG(16:0_16:0_18:1) | TG(16:0_16:0_20:1) | TG(16:0_18:0_18:2) | TG(16:0_18:1_18:1) | TG(16:0_18:1_18:2) | TG(16:0_18:1_20:0) | TG(16:0_18:1_20:1) | TG(16:0_18:1_20:2) | TG(16:1_18:1_18:1) | TG(18:0_18:2_18:2)
CTL	SORBI_3002G043800	2	4156161	4163557	10	10	0	34	7.587135e-12	0.448752	TG(16:0_16:0_18:1) | TG(16:0_16:0_20:1) | TG(16:0_18:0_18:2) | TG(16:0_18:1_18:1) | TG(16:0_18:1_18:2) | TG(16:0_18:1_20:0) | TG(16:0_18:1_20:1) | TG(16:0_18:1_20:2) | TG(16:1_18:1_18:1) | TG(18:0_18:2_18:2)
CTL	SORBI_3002G044000	2	4174779	4178089	10	10	0	35	7.587135e-12	0.735475	TG(16:0_16:0_18:1) | TG(16:0_16:0_20:1) | TG(16:0_18:0_18:2) | TG(16:0_18:1_18:1) | TG(16:0_18:1_18:2) | TG(16:0_18:1_20:0) | TG(16:0_18:1_20:1) | TG(16:0_18:1_20:2) | TG(16:1_18:1_18:1) | TG(18:0_18:2_18:2)
CTL	SORBI_3002G044100	2	4192934	4193775	10	10	0	35	7.587135e-12	0.717286	TG(16:0_16:0_18:1) | TG(16:0_16:0_20:1) | TG(16:0_18:0_18:2) | TG(16:0_18:1_18:1) | TG(16:0_18:1_18:2) | TG(16:0_18:1_20:0) | TG(16:0_18:1_20:1) | TG(16:0_18:1_20:2) | TG(16:1_18:1_18:1) | TG(18:0_18:2_18:2)
CTL	SORBI_3002G044200	2	4200043	4201969	10	10	0	35	7.587135e-12	0.710335	TG(16:0_16:0_18:1) | TG(16:0_16:0_20:1) | TG(16:0_18:0_18:2) | TG(16:0_18:1_18:1) | TG(16:0_18:1_18:2) | TG(16:0_18:1_20:0) | TG(16:0_18:1_20:1) | TG(16:0_18:1_20:2) | TG(16:1_18:1_18:1) | TG(18:0_18:2_18:2)
CTL	SORBI_3002G044700	2	4224615	4227704	10	10	0	34	7.587135e-12	0.644252	TG(16:0_16:0_18:1) | TG(16:0_16:0_20:1) | TG(16:0_18:0_18:2) | TG(16:0_18:1_18:1) | TG(16:0_18:1_18:2) | TG(16:0_18:1_20:0) | TG(16:0_18:1_20:1) | TG(16:0_18:1_20:2) | TG(16:1_18:1_18:1) | TG(18:0_18:2_18:2)
CTL	SORBI_3002G044800	2	4228032	4230416	10	10	0	34	7.587135e-12	0.651019	TG(16:0_16:0_18:1) | TG(16:0_16:0_20:1) | TG(16:0_18:0_18:2) | TG(16:0_18:1_18:1) | TG(16:0_18:1_18:2) | TG(16:0_18:1_20:0) | TG(16:0_18:1_20:1) | TG(16:0_18:1_20:2) | TG(16:1_18:1_18:1) | TG(18:0_18:2_18:2)
CTL	SORBI_3002G150766	2	43927821	43945329	10	10	0	10	1.918745e-11	0.941206	gibberellic acid | TG(16:0_16:0_18:1) | TG(16:0_16:0_20:1) | TG(16:0_18:0_18:2) | TG(16:0_18:1_18:1) | TG(16:0_18:1_18:2) | TG(16:0_18:1_20:0) | TG(16:0_18:1_20:1) | TG(16:1_18:1_18:1) | TG(18:0_18:2_18:2)
CTL	SORBI_3007G112900	7	43903336	43908814	10	10	0	18	4.068937e-11	0.94986	TG(16:0_16:0_18:1) | TG(16:0_16:0_20:1) | TG(16:0_18:0_18:2) | TG(16:0_18:1_18:1) | TG(16:0_18:1_18:2) | TG(16:0_18:1_20:0) | TG(16:0_18:1_20:1) | TG(16:0_18:1_20:2) | TG(16:1_18:1_18:1) | TG(18:0_18:2_18:2)
CTL	SORBI_3007G113101	7	43908063	43912211	10	10	0	18	4.068937e-11	0.930777	TG(16:0_16:0_18:1) | TG(16:0_16:0_20:1) | TG(16:0_18:0_18:2) | TG(16:0_18:1_18:1) | TG(16:0_18:1_18:2) | TG(16:0_18:1_20:0) | TG(16:0_18:1_20:1) | TG(16:0_18:1_20:2) | TG(16:1_18:1_18:1) | TG(18:0_18:2_18:2)
CTL	SORBI_3007G113200	7	44197721	44199332	10	10	0	18	4.068937e-11	0.94983	TG(16:0_16:0_18:1) | TG(16:0_16:0_20:1) | TG(16:0_18:0_18:2) | TG(16:0_18:1_18:1) | TG(16:0_18:1_18:2) | TG(16:0_18:1_20:0) | TG(16:0_18:1_20:1) | TG(16:0_18:1_20:2) | TG(16:1_18:1_18:1) | TG(18:0_18:2_18:2)
CTL	SORBI_3001G222800	1	21307601	21310622	10	10	0	65	7.079967e-11	0.534923	TG(16:0_16:0_18:1) | TG(16:0_16:0_20:1) | TG(16:0_18:0_18:2) | TG(16:0_18:1_18:1) | TG(16:0_18:1_18:2) | TG(16:0_18:1_20:0) | TG(16:0_18:1_20:1) | TG(16:1_18:1_18:1) | TG(18:0_18:2_18:2) | TG(18:1_18:2_18:2)
CTL	SORBI_3001G222900	1	21314169	21320655	10	10	0	75	7.079967e-11	0.637211	TG(16:0_16:0_18:1) | TG(16:0_16:0_20:1) | TG(16:0_18:0_18:2) | TG(16:0_18:1_18:1) | TG(16:0_18:1_18:2) | TG(16:0_18:1_20:0) | TG(16:0_18:1_20:1) | TG(16:1_18:1_18:1) | TG(18:0_18:2_18:2) | TG(18:1_18:2_18:2)
CTL	SORBI_3001G223100	1	21333976	21340355	10	10	0	75	7.079967e-11	0.789685	TG(16:0_16:0_18:1) | TG(16:0_16:0_20:1) | TG(16:0_18:0_18:2) | TG(16:0_18:1_18:1) | TG(16:0_18:1_18:2) | TG(16:0_18:1_20:0) | TG(16:0_18:1_20:1) | TG(16:1_18:1_18:1) | TG(18:0_18:2_18:2) | TG(18:1_18:2_18:2)
CTL	SORBI_3001G223200	1	21379629	21384632	10	10	0	75	7.079967e-11	0.936153	TG(16:0_16:0_18:1) | TG(16:0_16:0_20:1) | TG(16:0_18:0_18:2) | TG(16:0_18:1_18:1) | TG(16:0_18:1_18:2) | TG(16:0_18:1_20:0) | TG(16:0_18:1_20:1) | TG(16:1_18:1_18:1) | TG(18:0_18:2_18:2) | TG(18:1_18:2_18:2)
CTL	SORBI_3001G223300	1	21408273	21411050	10	10	0	75	7.079967e-11	1	TG(16:0_16:0_18:1) | TG(16:0_16:0_20:1) | TG(16:0_18:0_18:2) | TG(16:0_18:1_18:1) | TG(16:0_18:1_18:2) | TG(16:0_18:1_20:0) | TG(16:0_18:1_20:1) | TG(16:1_18:1_18:1) | TG(18:0_18:2_18:2) | TG(18:1_18:2_18:2)
CTL	SORBI_3001G223550	1	21438987	21452469	10	10	0	75	7.079967e-11	0.81956	TG(16:0_16:0_18:1) | TG(16:0_16:0_20:1) | TG(16:0_18:0_18:2) | TG(16:0_18:1_18:1) | TG(16:0_18:1_18:2) | TG(16:0_18:1_20:0) | TG(16:0_18:1_20:1) | TG(16:1_18:1_18:1) | TG(18:0_18:2_18:2) | TG(18:1_18:2_18:2)
CTL	SORBI_3001G224000	1	21454934	21459254	10	10	0	75	7.079967e-11	0.797269	TG(16:0_16:0_18:1) | TG(16:0_16:0_20:1) | TG(16:0_18:0_18:2) | TG(16:0_18:1_18:1) | TG(16:0_18:1_18:2) | TG(16:0_18:1_20:0) | TG(16:0_18:1_20:1) | TG(16:1_18:1_18:1) | TG(18:0_18:2_18:2) | TG(18:1_18:2_18:2)
CTL	SORBI_3006G049600	6	35879991	35916918	9	9	0	33	1.18068e-14	0.977354	TG(16:0_16:0_18:1) | TG(16:0_16:0_20:1) | TG(16:0_18:0_18:2) | TG(16:0_18:1_18:1) | TG(16:0_18:1_18:2) | TG(16:0_18:1_20:0) | TG(16:0_18:1_20:1) | TG(16:1_18:1_18:1) | TG(18:0_18:2_18:2)
CTL	SORBI_3006G049633	6	35903080	35904540	9	9	0	33	1.18068e-14	0.963581	TG(16:0_16:0_18:1) | TG(16:0_16:0_20:1) | TG(16:0_18:0_18:2) | TG(16:0_18:1_18:1) | TG(16:0_18:1_18:2) | TG(16:0_18:1_20:0) | TG(16:0_18:1_20:1) | TG(16:1_18:1_18:1) | TG(18:0_18:2_18:2)
CTL	SORBI_3001G354800	1	64479317	64480755	9	9	0	12	1.182781e-12	0.591678	TG(16:0_16:0_18:1) | TG(16:0_16:0_20:1) | TG(16:0_18:0_18:2) | TG(16:0_18:1_18:1) | TG(16:0_18:1_20:0) | TG(16:0_18:1_20:1) | TG(16:0_18:1_20:2) | TG(16:1_18:1_18:1) | TG(18:0_18:2_18:2)
CTL	SORBI_3001G355000	1	64496327	64498701	9	9	0	12	1.182781e-12	0.591678	TG(16:0_16:0_18:1) | TG(16:0_16:0_20:1) | TG(16:0_18:0_18:2) | TG(16:0_18:1_18:1) | TG(16:0_18:1_20:0) | TG(16:0_18:1_20:1) | TG(16:0_18:1_20:2) | TG(16:1_18:1_18:1) | TG(18:0_18:2_18:2)
CTL	SORBI_3001G356300	1	64567098	64568300	9	9	0	12	1.182781e-12	0.635329	TG(16:0_16:0_18:1) | TG(16:0_16:0_20:1) | TG(16:0_18:0_18:2) | TG(16:0_18:1_18:1) | TG(16:0_18:1_20:0) | TG(16:0_18:1_20:1) | TG(16:0_18:1_20:2) | TG(16:1_18:1_18:1) | TG(18:0_18:2_18:2)
CTL	SORBI_3001G356500	1	64574729	64580321	9	9	0	12	1.182781e-12	0.625855	TG(16:0_16:0_18:1) | TG(16:0_16:0_20:1) | TG(16:0_18:0_18:2) | TG(16:0_18:1_18:1) | TG(16:0_18:1_20:0) | TG(16:0_18:1_20:1) | TG(16:0_18:1_20:2) | TG(16:1_18:1_18:1) | TG(18:0_18:2_18:2)
CTL	SORBI_3001G356600	1	64587598	64592903	9	9	0	12	1.182781e-12	0.516602	TG(16:0_16:0_18:1) | TG(16:0_16:0_20:1) | TG(16:0_18:0_18:2) | TG(16:0_18:1_18:1) | TG(16:0_18:1_20:0) | TG(16:0_18:1_20:1) | TG(16:0_18:1_20:2) | TG(16:1_18:1_18:1) | TG(18:0_18:2_18:2)
CTL	SORBI_3001G357200	1	64709044	64711235	9	9	0	12	1.182781e-12	0.768326	TG(16:0_16:0_18:1) | TG(16:0_16:0_20:1) | TG(16:0_18:0_18:2) | TG(16:0_18:1_18:1) | TG(16:0_18:1_20:0) | TG(16:0_18:1_20:1) | TG(16:0_18:1_20:2) | TG(16:1_18:1_18:1) | TG(18:0_18:2_18:2)
CTL	SORBI_3001G357300	1	64717133	64721941	9	9	0	12	1.182781e-12	0.855971	TG(16:0_16:0_18:1) | TG(16:0_16:0_20:1) | TG(16:0_18:0_18:2) | TG(16:0_18:1_18:1) | TG(16:0_18:1_20:0) | TG(16:0_18:1_20:1) | TG(16:0_18:1_20:2) | TG(16:1_18:1_18:1) | TG(18:0_18:2_18:2)
CTL	SORBI_3001G357400	1	64722404	64725213	9	9	0	12	1.182781e-12	0.855971	TG(16:0_16:0_18:1) | TG(16:0_16:0_20:1) | TG(16:0_18:0_18:2) | TG(16:0_18:1_18:1) | TG(16:0_18:1_20:0) | TG(16:0_18:1_20:1) | TG(16:0_18:1_20:2) | TG(16:1_18:1_18:1) | TG(18:0_18:2_18:2)
CTL	SORBI_3001G357500	1	64728850	64733201	9	9	0	12	1.182781e-12	1	TG(16:0_16:0_18:1) | TG(16:0_16:0_20:1) | TG(16:0_18:0_18:2) | TG(16:0_18:1_18:1) | TG(16:0_18:1_20:0) | TG(16:0_18:1_20:1) | TG(16:0_18:1_20:2) | TG(16:1_18:1_18:1) | TG(18:0_18:2_18:2)
CTL	SORBI_3001G357650	1	64735979	64737095	9	9	0	12	1.182781e-12	0.539569	TG(16:0_16:0_18:1) | TG(16:0_16:0_20:1) | TG(16:0_18:0_18:2) | TG(16:0_18:1_18:1) | TG(16:0_18:1_20:0) | TG(16:0_18:1_20:1) | TG(16:0_18:1_20:2) | TG(16:1_18:1_18:1) | TG(18:0_18:2_18:2)
CTL	SORBI_3001G357800	1	64756812	64762044	9	9	0	12	1.182781e-12	0.573141	TG(16:0_16:0_18:1) | TG(16:0_16:0_20:1) | TG(16:0_18:0_18:2) | TG(16:0_18:1_18:1) | TG(16:0_18:1_20:0) | TG(16:0_18:1_20:1) | TG(16:0_18:1_20:2) | TG(16:1_18:1_18:1) | TG(18:0_18:2_18:2)
CTL	SORBI_3001G357900	1	64761772	64767463	9	9	0	12	1.182781e-12	0.458058	TG(16:0_16:0_18:1) | TG(16:0_16:0_20:1) | TG(16:0_18:0_18:2) | TG(16:0_18:1_18:1) | TG(16:0_18:1_20:0) | TG(16:0_18:1_20:1) | TG(16:0_18:1_20:2) | TG(16:1_18:1_18:1) | TG(18:0_18:2_18:2)
CTL	SORBI_3006G042425	6	29507957	29511664	9	9	0	15	1.690112e-12	0.907985	TG(16:0_16:0_18:1) | TG(16:0_16:0_20:1) | TG(16:0_18:0_18:2) | TG(16:0_18:1_18:1) | TG(16:0_18:1_18:2) | TG(16:0_18:1_20:0) | TG(16:0_18:1_20:1) | TG(16:1_18:1_18:1) | TG(18:0_18:2_18:2)
CTL	SORBI_3006G042500	6	29537324	29539918	9	9	0	15	1.690112e-12	0.907985	TG(16:0_16:0_18:1) | TG(16:0_16:0_20:1) | TG(16:0_18:0_18:2) | TG(16:0_18:1_18:1) | TG(16:0_18:1_18:2) | TG(16:0_18:1_20:0) | TG(16:0_18:1_20:1) | TG(16:1_18:1_18:1) | TG(18:0_18:2_18:2)
CTL	SORBI_3006G042800	6	29564473	29565658	9	9	0	9	1.690112e-12	0.885685	TG(16:0_16:0_18:1) | TG(16:0_16:0_20:1) | TG(16:0_18:0_18:2) | TG(16:0_18:1_18:1) | TG(16:0_18:1_18:2) | TG(16:0_18:1_20:0) | TG(16:0_18:1_20:1) | TG(16:1_18:1_18:1) | TG(18:0_18:2_18:2)
CTL	SORBI_3006G042900	6	29565542	29569247	9	9	0	9	1.690112e-12	0.885685	TG(16:0_16:0_18:1) | TG(16:0_16:0_20:1) | TG(16:0_18:0_18:2) | TG(16:0_18:1_18:1) | TG(16:0_18:1_18:2) | TG(16:0_18:1_20:0) | TG(16:0_18:1_20:1) | TG(16:1_18:1_18:1) | TG(18:0_18:2_18:2)
CTL	SORBI_3006G043300	6	29628156	29629364	9	9	0	9	1.690112e-12	0.774861	TG(16:0_16:0_18:1) | TG(16:0_16:0_20:1) | TG(16:0_18:0_18:2) | TG(16:0_18:1_18:1) | TG(16:0_18:1_18:2) | TG(16:0_18:1_20:0) | TG(16:0_18:1_20:1) | TG(16:1_18:1_18:1) | TG(18:0_18:2_18:2)
CTL	SORBI_3006G043400	6	29628159	29629105	9	9	0	9	1.690112e-12	0.774861	TG(16:0_16:0_18:1) | TG(16:0_16:0_20:1) | TG(16:0_18:0_18:2) | TG(16:0_18:1_18:1) | TG(16:0_18:1_18:2) | TG(16:0_18:1_20:0) | TG(16:0_18:1_20:1) | TG(16:1_18:1_18:1) | TG(18:0_18:2_18:2)
CTL	SORBI_3005G115000	5	45081003	45094666	9	9	0	9	3.219204e-12	0.966888	TG(16:0_16:0_18:1) | TG(16:0_16:0_20:1) | TG(16:0_18:0_18:2) | TG(16:0_18:1_18:1) | TG(16:0_18:1_18:2) | TG(16:0_18:1_20:0) | TG(16:0_18:1_20:1) | TG(16:1_18:1_18:1) | TG(18:0_18:2_18:2)
CTL	SORBI_3001G254600	1	28667176	28671871	9	9	0	12	5.712934e-12	0.873838	TG(16:0_16:0_18:1) | TG(16:0_16:0_20:1) | TG(16:0_18:0_18:2) | TG(16:0_18:1_18:1) | TG(16:0_18:1_18:2) | TG(16:0_18:1_20:0) | TG(16:0_18:1_20:1) | TG(16:1_18:1_18:1) | TG(18:0_18:2_18:2)
CTL	SORBI_3001G254700	1	28682631	28683824	9	9	0	12	5.712934e-12	0.847266	TG(16:0_16:0_18:1) | TG(16:0_16:0_20:1) | TG(16:0_18:0_18:2) | TG(16:0_18:1_18:1) | TG(16:0_18:1_18:2) | TG(16:0_18:1_20:0) | TG(16:0_18:1_20:1) | TG(16:1_18:1_18:1) | TG(18:0_18:2_18:2)
CTL	SORBI_3006G048925	6	35635177	35637075	9	9	0	11	5.869617e-12	0.62745	TG(16:0_16:0_18:1) | TG(16:0_16:0_20:1) | TG(16:0_18:0_18:2) | TG(16:0_18:1_18:1) | TG(16:0_18:1_18:2) | TG(16:0_18:1_20:0) | TG(16:0_18:1_20:1) | TG(16:1_18:1_18:1) | TG(18:0_18:2_18:2)
CTL	SORBI_3006G049000	6	35660502	35661343	9	9	0	11	5.869617e-12	0.696129	TG(16:0_16:0_18:1) | TG(16:0_16:0_20:1) | TG(16:0_18:0_18:2) | TG(16:0_18:1_18:1) | TG(16:0_18:1_18:2) | TG(16:0_18:1_20:0) | TG(16:0_18:1_20:1) | TG(16:1_18:1_18:1) | TG(18:0_18:2_18:2)
CTL	SORBI_3006G049100	6	35664153	35678118	9	9	0	11	5.869617e-12	0.696129	TG(16:0_16:0_18:1) | TG(16:0_16:0_20:1) | TG(16:0_18:0_18:2) | TG(16:0_18:1_18:1) | TG(16:0_18:1_18:2) | TG(16:0_18:1_20:0) | TG(16:0_18:1_20:1) | TG(16:1_18:1_18:1) | TG(18:0_18:2_18:2)
CTL	SORBI_3006G049200	6	35678162	35684996	9	9	0	11	5.869617e-12	0.691585	TG(16:0_16:0_18:1) | TG(16:0_16:0_20:1) | TG(16:0_18:0_18:2) | TG(16:0_18:1_18:1) | TG(16:0_18:1_18:2) | TG(16:0_18:1_20:0) | TG(16:0_18:1_20:1) | TG(16:1_18:1_18:1) | TG(18:0_18:2_18:2)
CTL	SORBI_3006G049300	6	35685438	35689801	9	9	0	13	5.869617e-12	0.85873	TG(16:0_16:0_18:1) | TG(16:0_16:0_20:1) | TG(16:0_18:0_18:2) | TG(16:0_18:1_18:1) | TG(16:0_18:1_18:2) | TG(16:0_18:1_20:0) | TG(16:0_18:1_20:1) | TG(16:1_18:1_18:1) | TG(18:0_18:2_18:2)
CTL	SORBI_3006G049450	6	35705198	35707195	9	9	0	13	5.869617e-12	0.694671	TG(16:0_16:0_18:1) | TG(16:0_16:0_20:1) | TG(16:0_18:0_18:2) | TG(16:0_18:1_18:1) | TG(16:0_18:1_18:2) | TG(16:0_18:1_20:0) | TG(16:0_18:1_20:1) | TG(16:1_18:1_18:1) | TG(18:0_18:2_18:2)
CTL	SORBI_3004G134801	4	25696224	25706272	9	9	0	9	7.769472e-12	0.952122	TG(16:0_16:0_18:1) | TG(16:0_16:0_20:1) | TG(16:0_18:0_18:2) | TG(16:0_18:1_18:1) | TG(16:0_18:1_18:2) | TG(16:0_18:1_20:0) | TG(16:0_18:1_20:1) | TG(16:1_18:1_18:1) | TG(18:0_18:2_18:2)
CTL	SORBI_3007G101500	7	25707028	25712978	9	9	0	9	1.588241e-11	0.844111	TG(16:0_16:0_18:1) | TG(16:0_16:0_20:1) | TG(16:0_18:0_18:2) | TG(16:0_18:1_18:1) | TG(16:0_18:1_18:2) | TG(16:0_18:1_20:0) | TG(16:0_18:1_20:1) | TG(16:1_18:1_18:1) | TG(18:0_18:2_18:2)
CTL	SORBI_3007G101600	7	25992700	26003422	9	9	0	9	1.588241e-11	0.571181	TG(16:0_16:0_18:1) | TG(16:0_16:0_20:1) | TG(16:0_18:0_18:2) | TG(16:0_18:1_18:1) | TG(16:0_18:1_18:2) | TG(16:0_18:1_20:0) | TG(16:0_18:1_20:1) | TG(16:1_18:1_18:1) | TG(18:0_18:2_18:2)
CTL	SORBI_3005G114600	5	43831327	43832969	9	9	0	9	1.682213e-11	0.957706	TG(16:0_16:0_18:1) | TG(16:0_16:0_20:1) | TG(16:0_18:0_18:2) | TG(16:0_18:1_18:1) | TG(16:0_18:1_18:2) | TG(16:0_18:1_20:0) | TG(16:0_18:1_20:1) | TG(16:1_18:1_18:1) | TG(18:0_18:2_18:2)
CTL	SORBI_3005G114800	5	44114479	44135153	9	9	0	9	1.682213e-11	0.965194	TG(16:0_16:0_18:1) | TG(16:0_16:0_20:1) | TG(16:0_18:0_18:2) | TG(16:0_18:1_18:1) | TG(16:0_18:1_18:2) | TG(16:0_18:1_20:0) | TG(16:0_18:1_20:1) | TG(16:1_18:1_18:1) | TG(18:0_18:2_18:2)
CTL	SORBI_3001G259100	1	31011171	31012741	9	9	0	9	1.726483e-11	0.662693	TG(16:0_16:0_18:1) | TG(16:0_16:0_20:1) | TG(16:0_18:0_18:2) | TG(16:0_18:1_18:1) | TG(16:0_18:1_18:2) | TG(16:0_18:1_20:0) | TG(16:0_18:1_20:1) | TG(16:1_18:1_18:1) | TG(18:0_18:2_18:2)
CTL	SORBI_3001G259400	1	31205564	31206743	9	9	0	9	1.726483e-11	0.689384	TG(16:0_16:0_18:1) | TG(16:0_16:0_20:1) | TG(16:0_18:0_18:2) | TG(16:0_18:1_18:1) | TG(16:0_18:1_18:2) | TG(16:0_18:1_20:0) | TG(16:0_18:1_20:1) | TG(16:1_18:1_18:1) | TG(18:0_18:2_18:2)
CTL	SORBI_3001G259600	1	31327155	31328316	9	9	0	15	1.726483e-11	0.732836	TG(16:0_16:0_18:1) | TG(16:0_16:0_20:1) | TG(16:0_18:0_18:2) | TG(16:0_18:1_18:1) | TG(16:0_18:1_18:2) | TG(16:0_18:1_20:0) | TG(16:0_18:1_20:1) | TG(16:1_18:1_18:1) | TG(18:0_18:2_18:2)
CTL	SORBI_3008G095500	8	45165490	45169630	9	9	0	96	1.847673e-11	0.783151	PC(16:1_16:1) | TG(16:0_16:0_18:1) | TG(16:0_16:0_20:1) | TG(16:0_18:0_18:2) | TG(16:0_18:1_18:1) | TG(16:0_18:1_20:0) | TG(16:0_18:1_20:1) | TG(16:1_18:1_18:1) | TG(18:0_18:2_18:2)
CTL	SORBI_3008G095633	8	45179920	45183259	9	9	0	96	1.847673e-11	0.93223	PC(16:1_16:1) | TG(16:0_16:0_18:1) | TG(16:0_16:0_20:1) | TG(16:0_18:0_18:2) | TG(16:0_18:1_18:1) | TG(16:0_18:1_20:0) | TG(16:0_18:1_20:1) | TG(16:1_18:1_18:1) | TG(18:0_18:2_18:2)
CTL	SORBI_3008G095766	8	45183449	45184397	9	9	0	96	1.847673e-11	0.93223	PC(16:1_16:1) | TG(16:0_16:0_18:1) | TG(16:0_16:0_20:1) | TG(16:0_18:0_18:2) | TG(16:0_18:1_18:1) | TG(16:0_18:1_20:0) | TG(16:0_18:1_20:1) | TG(16:1_18:1_18:1) | TG(18:0_18:2_18:2)
CTL	SORBI_3008G095900	8	45197392	45205471	9	9	0	84	1.847673e-11	0.921317	PC(16:1_16:1) | TG(16:0_16:0_18:1) | TG(16:0_16:0_20:1) | TG(16:0_18:0_18:2) | TG(16:0_18:1_18:1) | TG(16:0_18:1_20:0) | TG(16:0_18:1_20:1) | TG(16:1_18:1_18:1) | TG(18:0_18:2_18:2)
CTL	SORBI_3008G096050	8	45321511	45323853	9	9	0	27	1.847673e-11	0.9076	PC(16:1_16:1) | TG(16:0_16:0_18:1) | TG(16:0_16:0_20:1) | TG(16:0_18:0_18:2) | TG(16:0_18:1_18:1) | TG(16:0_18:1_20:0) | TG(16:0_18:1_20:1) | TG(16:1_18:1_18:1) | TG(18:0_18:2_18:2)
CTL	SORBI_3008G096100	8	45426265	45433705	9	9	0	20	1.847673e-11	0.63473	PC(16:1_16:1) | TG(16:0_16:0_18:1) | TG(16:0_16:0_20:1) | TG(16:0_18:0_18:2) | TG(16:0_18:1_18:1) | TG(16:0_18:1_20:0) | TG(16:0_18:1_20:1) | TG(16:1_18:1_18:1) | TG(18:0_18:2_18:2)
CTL	SORBI_3008G096150	8	45433706	45434914	9	9	0	20	1.847673e-11	0.62307	PC(16:1_16:1) | TG(16:0_16:0_18:1) | TG(16:0_16:0_20:1) | TG(16:0_18:0_18:2) | TG(16:0_18:1_18:1) | TG(16:0_18:1_20:0) | TG(16:0_18:1_20:1) | TG(16:1_18:1_18:1) | TG(18:0_18:2_18:2)
CTL	SORBI_3008G096200	8	45490279	45495182	9	9	0	20	1.847673e-11	1	PC(16:1_16:1) | TG(16:0_16:0_18:1) | TG(16:0_16:0_20:1) | TG(16:0_18:0_18:2) | TG(16:0_18:1_18:1) | TG(16:0_18:1_20:0) | TG(16:0_18:1_20:1) | TG(16:1_18:1_18:1) | TG(18:0_18:2_18:2)
CTL	SORBI_3008G096300	8	45491852	45492512	9	9	0	20	1.847673e-11	1	PC(16:1_16:1) | TG(16:0_16:0_18:1) | TG(16:0_16:0_20:1) | TG(16:0_18:0_18:2) | TG(16:0_18:1_18:1) | TG(16:0_18:1_20:0) | TG(16:0_18:1_20:1) | TG(16:1_18:1_18:1) | TG(18:0_18:2_18:2)
CTL	SORBI_3008G095200	8	44955559	44969502	9	9	0	132	1.890035e-11	1	PC(16:1_16:1) | TG(16:0_16:0_18:1) | TG(16:0_16:0_20:1) | TG(16:0_18:0_18:2) | TG(16:0_18:1_18:1) | TG(16:0_18:1_20:0) | TG(16:0_18:1_20:1) | TG(16:1_18:1_18:1) | TG(18:0_18:2_18:2)
CTL	SORBI_3008G095400	8	45093564	45098504	9	9	0	117	1.890035e-11	0.93223	PC(16:1_16:1) | TG(16:0_16:0_18:1) | TG(16:0_16:0_20:1) | TG(16:0_18:0_18:2) | TG(16:0_18:1_18:1) | TG(16:0_18:1_20:0) | TG(16:0_18:1_20:1) | TG(16:1_18:1_18:1) | TG(18:0_18:2_18:2)
CTL	SORBI_3005G109300	5	22390972	22392163	9	9	0	9	3.662497e-11	1	TG(16:0_16:0_18:1) | TG(16:0_16:0_20:1) | TG(16:0_18:0_18:2) | TG(16:0_18:1_18:1) | TG(16:0_18:1_18:2) | TG(16:0_18:1_20:1) | TG(16:0_18:1_20:2) | TG(16:1_18:1_18:1) | TG(18:0_18:2_18:2)
CTL	SORBI_3004G137601	4	38150236	38152071	9	9	0	9	5.337257e-11	0.979457	TG(12:0_14:0_18:3) | TG(16:0_16:0_18:1) | TG(16:0_16:0_20:1) | TG(16:0_18:0_18:2) | TG(16:0_18:1_18:1) | TG(16:0_18:1_20:0) | TG(16:0_18:1_20:1) | TG(16:1_18:1_18:1) | TG(18:0_18:2_18:2)
CTL	SORBI_3006G278950	6	60933395	60935224	9	9	0	17	1.240061e-10	0.522001	gibberellic acid | TG(16:0_16:0_18:1) | TG(16:0_16:0_20:1) | TG(16:0_18:0_18:2) | TG(16:0_18:1_18:1) | TG(16:0_18:1_20:0) | TG(16:0_18:1_20:1) | TG(16:1_18:1_18:1) | TG(18:0_18:2_18:2)
CTL	SORBI_3001G225700	1	21572171	21575529	9	9	0	16	1.811671e-10	0.453711	TG(16:0_16:0_18:1) | TG(16:0_16:0_20:1) | TG(16:0_18:0_18:2) | TG(16:0_18:1_18:1) | TG(16:0_18:1_20:0) | TG(16:0_18:1_20:1) | TG(16:1_18:1_18:1) | TG(18:0_18:2_18:2) | TG(18:1_18:2_18:2)
CTL	SORBI_3007G090403	7	13080632	13088528	9	9	0	17	1.861479e-10	0.948018	TG(16:0_16:0_20:1) | TG(16:0_18:0_18:2) | TG(16:0_18:1_18:1) | TG(16:0_18:1_20:0) | TG(16:0_18:1_20:1) | TG(16:0_18:1_20:2) | TG(16:1_18:1_18:1) | TG(18:0_18:2_18:2) | TG(18:1_18:2_18:2)
CTL	SORBI_3007G090406	7	13089172	13091948	9	9	0	16	1.861479e-10	0.451768	TG(16:0_16:0_20:1) | TG(16:0_18:0_18:2) | TG(16:0_18:1_18:1) | TG(16:0_18:1_20:0) | TG(16:0_18:1_20:1) | TG(16:0_18:1_20:2) | TG(16:1_18:1_18:1) | TG(18:0_18:2_18:2) | TG(18:1_18:2_18:2)
CTL	SORBI_3007G090412	7	13176736	13177479	9	9	0	17	1.861479e-10	0.97036	TG(16:0_16:0_20:1) | TG(16:0_18:0_18:2) | TG(16:0_18:1_18:1) | TG(16:0_18:1_20:0) | TG(16:0_18:1_20:1) | TG(16:0_18:1_20:2) | TG(16:1_18:1_18:1) | TG(18:0_18:2_18:2) | TG(18:1_18:2_18:2)
CTL	SORBI_3007G090415	7	13181480	13184658	9	9	0	17	1.861479e-10	0.97036	TG(16:0_16:0_20:1) | TG(16:0_18:0_18:2) | TG(16:0_18:1_18:1) | TG(16:0_18:1_20:0) | TG(16:0_18:1_20:1) | TG(16:0_18:1_20:2) | TG(16:1_18:1_18:1) | TG(18:0_18:2_18:2) | TG(18:1_18:2_18:2)
CTL	SORBI_3007G090418	7	13281479	13285739	9	9	0	17	1.861479e-10	0.949601	TG(16:0_16:0_20:1) | TG(16:0_18:0_18:2) | TG(16:0_18:1_18:1) | TG(16:0_18:1_20:0) | TG(16:0_18:1_20:1) | TG(16:0_18:1_20:2) | TG(16:1_18:1_18:1) | TG(18:0_18:2_18:2) | TG(18:1_18:2_18:2)
CTL	SORBI_3007G090421	7	13344217	13351320	9	9	0	17	1.861479e-10	0.97036	TG(16:0_16:0_20:1) | TG(16:0_18:0_18:2) | TG(16:0_18:1_18:1) | TG(16:0_18:1_20:0) | TG(16:0_18:1_20:1) | TG(16:0_18:1_20:2) | TG(16:1_18:1_18:1) | TG(18:0_18:2_18:2) | TG(18:1_18:2_18:2)
CTL	SORBI_3007G090424	7	13353016	13356319	9	9	0	17	1.861479e-10	0.97036	TG(16:0_16:0_20:1) | TG(16:0_18:0_18:2) | TG(16:0_18:1_18:1) | TG(16:0_18:1_20:0) | TG(16:0_18:1_20:1) | TG(16:0_18:1_20:2) | TG(16:1_18:1_18:1) | TG(18:0_18:2_18:2) | TG(18:1_18:2_18:2)
CTL	SORBI_3006G248100	6	58758117	58760732	8	8	0	8	6.016559e-13	0.429044	TG(10:0_10:0_10:0) | TG(10:0_16:1_18:1) | TG(12:0_12:0_16:1) | TG(12:0_12:0_18:1) | TG(12:0_12:0_18:2) | TG(12:0_14:0_18:3) | TG(12:0_18:1_18:1) | TG(8:0_16:1_18:1)
CTL	SORBI_3008G061201	8	6505734	6512974	8	8	0	8	7.506041e-13	0.437324	TG(16:0_16:0_18:1) | TG(16:0_16:0_20:1) | TG(16:0_18:0_18:2) | TG(16:0_18:1_18:1) | TG(16:0_18:1_18:2) | TG(16:1_18:1_18:1) | TG(18:0_18:2_18:2) | TG(18:1_18:2_18:2)
CTL	SORBI_3008G061300	8	6517395	6518304	8	8	0	8	7.506041e-13	0.428477	TG(16:0_16:0_18:1) | TG(16:0_16:0_20:1) | TG(16:0_18:0_18:2) | TG(16:0_18:1_18:1) | TG(16:0_18:1_18:2) | TG(16:1_18:1_18:1) | TG(18:0_18:2_18:2) | TG(18:1_18:2_18:2)
CTL	SORBI_3008G061701	8	6563911	6570171	8	8	0	8	7.506041e-13	0.560176	TG(16:0_16:0_18:1) | TG(16:0_16:0_20:1) | TG(16:0_18:0_18:2) | TG(16:0_18:1_18:1) | TG(16:0_18:1_18:2) | TG(16:1_18:1_18:1) | TG(18:0_18:2_18:2) | TG(18:1_18:2_18:2)
CTL	SORBI_3008G061801	8	6571272	6573489	8	8	0	8	7.506041e-13	0.564037	TG(16:0_16:0_18:1) | TG(16:0_16:0_20:1) | TG(16:0_18:0_18:2) | TG(16:0_18:1_18:1) | TG(16:0_18:1_18:2) | TG(16:1_18:1_18:1) | TG(18:0_18:2_18:2) | TG(18:1_18:2_18:2)
CTL	SORBI_3008G061900	8	6572627	6573566	8	8	0	8	7.506041e-13	0.449027	TG(16:0_16:0_18:1) | TG(16:0_16:0_20:1) | TG(16:0_18:0_18:2) | TG(16:0_18:1_18:1) | TG(16:0_18:1_18:2) | TG(16:1_18:1_18:1) | TG(18:0_18:2_18:2) | TG(18:1_18:2_18:2)
CTL	SORBI_3008G062000	8	6584034	6587200	8	8	0	8	7.506041e-13	0.575865	TG(16:0_16:0_18:1) | TG(16:0_16:0_20:1) | TG(16:0_18:0_18:2) | TG(16:0_18:1_18:1) | TG(16:0_18:1_18:2) | TG(16:1_18:1_18:1) | TG(18:0_18:2_18:2) | TG(18:1_18:2_18:2)
CTL	SORBI_3008G062200	8	6609288	6612808	8	8	0	8	7.506041e-13	0.570146	TG(16:0_16:0_18:1) | TG(16:0_16:0_20:1) | TG(16:0_18:0_18:2) | TG(16:0_18:1_18:1) | TG(16:0_18:1_18:2) | TG(16:1_18:1_18:1) | TG(18:0_18:2_18:2) | TG(18:1_18:2_18:2)
CTL	SORBI_3008G062300	8	6613465	6616606	8	8	0	8	7.506041e-13	0.582237	TG(16:0_16:0_18:1) | TG(16:0_16:0_20:1) | TG(16:0_18:0_18:2) | TG(16:0_18:1_18:1) | TG(16:0_18:1_18:2) | TG(16:1_18:1_18:1) | TG(18:0_18:2_18:2) | TG(18:1_18:2_18:2)
CTL	SORBI_3008G062400	8	6631205	6635548	8	8	0	8	7.506041e-13	0.765872	TG(16:0_16:0_18:1) | TG(16:0_16:0_20:1) | TG(16:0_18:0_18:2) | TG(16:0_18:1_18:1) | TG(16:0_18:1_18:2) | TG(16:1_18:1_18:1) | TG(18:0_18:2_18:2) | TG(18:1_18:2_18:2)
CTL	SORBI_3008G062500	8	6640953	6642530	8	8	0	8	7.506041e-13	0.692006	TG(16:0_16:0_18:1) | TG(16:0_16:0_20:1) | TG(16:0_18:0_18:2) | TG(16:0_18:1_18:1) | TG(16:0_18:1_18:2) | TG(16:1_18:1_18:1) | TG(18:0_18:2_18:2) | TG(18:1_18:2_18:2)
CTL	SORBI_3008G062700	8	6677991	6680787	8	8	0	8	7.506041e-13	0.812224	TG(16:0_16:0_18:1) | TG(16:0_16:0_20:1) | TG(16:0_18:0_18:2) | TG(16:0_18:1_18:1) | TG(16:0_18:1_18:2) | TG(16:1_18:1_18:1) | TG(18:0_18:2_18:2) | TG(18:1_18:2_18:2)
CTL	SORBI_3008G062800	8	6705782	6706198	8	8	0	8	7.506041e-13	0.551499	TG(16:0_16:0_18:1) | TG(16:0_16:0_20:1) | TG(16:0_18:0_18:2) | TG(16:0_18:1_18:1) | TG(16:0_18:1_18:2) | TG(16:1_18:1_18:1) | TG(18:0_18:2_18:2) | TG(18:1_18:2_18:2)
CTL	SORBI_3008G090200	8	34403627	34405325	8	8	0	8	9.794962e-12	0.937143	TG(16:0_16:0_18:1) | TG(16:0_16:0_20:1) | TG(16:0_18:0_18:2) | TG(16:0_18:1_18:1) | TG(16:0_18:1_20:0) | TG(16:0_18:1_20:1) | TG(16:1_18:1_18:1) | TG(18:0_18:2_18:2)
CTL	SORBI_3007G110400	7	40023121	40024668	8	8	0	14	1.182775e-11	0.95867	TG(16:0_16:0_18:1) | TG(16:0_16:0_20:1) | TG(16:0_18:0_18:2) | TG(16:0_18:1_18:1) | TG(16:0_18:1_20:0) | TG(16:0_18:1_20:1) | TG(16:1_18:1_18:1) | TG(18:0_18:2_18:2)
CTL	SORBI_3007G110500	7	40048100	40050362	8	8	0	14	1.182775e-11	0.89362	TG(16:0_16:0_18:1) | TG(16:0_16:0_20:1) | TG(16:0_18:0_18:2) | TG(16:0_18:1_18:1) | TG(16:0_18:1_20:0) | TG(16:0_18:1_20:1) | TG(16:1_18:1_18:1) | TG(18:0_18:2_18:2)
CTL	SORBI_3007G110700	7	40118882	40125890	8	8	0	14	1.182775e-11	0.95867	TG(16:0_16:0_18:1) | TG(16:0_16:0_20:1) | TG(16:0_18:0_18:2) | TG(16:0_18:1_18:1) | TG(16:0_18:1_20:0) | TG(16:0_18:1_20:1) | TG(16:1_18:1_18:1) | TG(18:0_18:2_18:2)
CTL	SORBI_3006G040201	6	19847940	19849865	8	8	0	8	1.570776e-11	0.931257	TG(16:0_16:0_18:1) | TG(16:0_16:0_20:1) | TG(16:0_18:0_18:2) | TG(16:0_18:1_18:1) | TG(16:0_18:1_20:0) | TG(16:0_18:1_20:1) | TG(16:1_18:1_18:1) | TG(18:0_18:2_18:2)
CTL	SORBI_3008G095150	8	44945604	44955558	8	8	0	131	1.890035e-11	1	TG(16:0_16:0_18:1) | TG(16:0_16:0_20:1) | TG(16:0_18:0_18:2) | TG(16:0_18:1_18:1) | TG(16:0_18:1_20:0) | TG(16:0_18:1_20:1) | TG(16:1_18:1_18:1) | TG(18:0_18:2_18:2)
CTL	SORBI_3008G094500	8	44774969	44776912	8	8	0	127	2.2071e-11	0.861887	TG(16:0_16:0_18:1) | TG(16:0_16:0_20:1) | TG(16:0_18:0_18:2) | TG(16:0_18:1_18:1) | TG(16:0_18:1_20:0) | TG(16:0_18:1_20:1) | TG(16:1_18:1_18:1) | TG(18:0_18:2_18:2)
CTL	SORBI_3008G095100	8	44935043	44936440	8	8	0	119	2.2071e-11	1	TG(16:0_16:0_18:1) | TG(16:0_16:0_20:1) | TG(16:0_18:0_18:2) | TG(16:0_18:1_18:1) | TG(16:0_18:1_20:0) | TG(16:0_18:1_20:1) | TG(16:1_18:1_18:1) | TG(18:0_18:2_18:2)
CTL	SORBI_3007G099133	7	21674429	21675217	8	8	0	8	3.699201e-11	0.96682	TG(16:0_16:0_18:1) | TG(16:0_16:0_20:1) | TG(16:0_18:0_18:2) | TG(16:0_18:1_18:1) | TG(16:0_18:1_20:0) | TG(16:0_18:1_20:1) | TG(16:1_18:1_18:1) | TG(18:0_18:2_18:2)
CTL	SORBI_3002G147500	2	36789025	36791210	8	8	0	8	4.740905e-11	0.932508	TG(16:0_16:0_18:1) | TG(16:0_16:0_20:1) | TG(16:0_18:0_18:2) | TG(16:0_18:1_18:1) | TG(16:0_18:1_20:0) | TG(16:0_18:1_20:1) | TG(16:1_18:1_18:1) | TG(18:0_18:2_18:2)
CTL	SORBI_3004G137900	4	38384364	38388845	8	8	0	8	5.337257e-11	0.979457	TG(16:0_16:0_18:1) | TG(16:0_16:0_20:1) | TG(16:0_18:0_18:2) | TG(16:0_18:1_18:1) | TG(16:0_18:1_20:0) | TG(16:0_18:1_20:1) | TG(16:1_18:1_18:1) | TG(18:0_18:2_18:2)
CTL	SORBI_3009G095480	9	26730787	26734119	8	8	0	8	6.895748e-11	0.725619	TG(16:0_16:0_18:1) | TG(16:0_16:0_20:1) | TG(16:0_18:0_18:2) | TG(16:0_18:1_18:1) | TG(16:0_18:1_18:2) | TG(16:0_18:1_20:1) | TG(16:1_18:1_18:1) | TG(18:0_18:2_18:2)
CTL	SORBI_3009G095560	9	26980037	26981918	8	8	0	8	6.895748e-11	0.954487	TG(16:0_16:0_18:1) | TG(16:0_16:0_20:1) | TG(16:0_18:0_18:2) | TG(16:0_18:1_18:1) | TG(16:0_18:1_18:2) | TG(16:0_18:1_20:1) | TG(16:1_18:1_18:1) | TG(18:0_18:2_18:2)
CTL	SORBI_3001G222000	1	21118511	21125599	8	8	0	32	7.079967e-11	0.510455	TG(16:0_16:0_18:1) | TG(16:0_16:0_20:1) | TG(16:0_18:0_18:2) | TG(16:0_18:1_18:1) | TG(16:0_18:1_18:2) | TG(16:1_18:1_18:1) | TG(18:0_18:2_18:2) | TG(18:1_18:2_18:2)
CTL	SORBI_3001G222200	1	21126170	21130459	8	8	0	9	7.079967e-11	0.428893	TG(16:0_16:0_18:1) | TG(16:0_16:0_20:1) | TG(16:0_18:0_18:2) | TG(16:0_18:1_18:1) | TG(16:0_18:1_18:2) | TG(16:1_18:1_18:1) | TG(18:0_18:2_18:2) | TG(18:1_18:2_18:2)
CTL	SORBI_3001G222400	1	21198140	21211324	8	8	0	10	7.079967e-11	0.428893	TG(16:0_16:0_18:1) | TG(16:0_16:0_20:1) | TG(16:0_18:0_18:2) | TG(16:0_18:1_18:1) | TG(16:0_18:1_18:2) | TG(16:1_18:1_18:1) | TG(18:0_18:2_18:2) | TG(18:1_18:2_18:2)
CTL	SORBI_3001G222600	1	21233680	21236680	8	8	0	10	7.079967e-11	0.428893	TG(16:0_16:0_18:1) | TG(16:0_16:0_20:1) | TG(16:0_18:0_18:2) | TG(16:0_18:1_18:1) | TG(16:0_18:1_18:2) | TG(16:1_18:1_18:1) | TG(18:0_18:2_18:2) | TG(18:1_18:2_18:2)
CTL	SORBI_3001G222700	1	21300007	21306449	8	8	0	10	7.079967e-11	0.49241	TG(16:0_16:0_18:1) | TG(16:0_16:0_20:1) | TG(16:0_18:0_18:2) | TG(16:0_18:1_18:1) | TG(16:0_18:1_18:2) | TG(16:1_18:1_18:1) | TG(18:0_18:2_18:2) | TG(18:1_18:2_18:2)
CTL	SORBI_3006G277550	6	60839229	60840639	8	8	0	16	1.240061e-10	0.920343	TG(16:0_16:0_18:1) | TG(16:0_16:0_20:1) | TG(16:0_18:0_18:2) | TG(16:0_18:1_18:1) | TG(16:0_18:1_20:0) | TG(16:0_18:1_20:1) | TG(16:1_18:1_18:1) | TG(18:0_18:2_18:2)
CTL	SORBI_3006G277700	6	60850342	60851907	8	8	0	16	1.240061e-10	0.696235	TG(16:0_16:0_18:1) | TG(16:0_16:0_20:1) | TG(16:0_18:0_18:2) | TG(16:0_18:1_18:1) | TG(16:0_18:1_20:0) | TG(16:0_18:1_20:1) | TG(16:1_18:1_18:1) | TG(18:0_18:2_18:2)
CTL	SORBI_3006G277900	6	60879592	60881692	8	8	0	16	1.240061e-10	1	TG(16:0_16:0_18:1) | TG(16:0_16:0_20:1) | TG(16:0_18:0_18:2) | TG(16:0_18:1_18:1) | TG(16:0_18:1_20:0) | TG(16:0_18:1_20:1) | TG(16:1_18:1_18:1) | TG(18:0_18:2_18:2)
CTL	SORBI_3006G278100	6	60889440	60892236	8	8	0	16	1.240061e-10	0.741226	TG(16:0_16:0_18:1) | TG(16:0_16:0_20:1) | TG(16:0_18:0_18:2) | TG(16:0_18:1_18:1) | TG(16:0_18:1_20:0) | TG(16:0_18:1_20:1) | TG(16:1_18:1_18:1) | TG(18:0_18:2_18:2)
CTL	SORBI_3006G278300	6	60899241	60902517	8	8	0	16	1.240061e-10	0.579194	TG(16:0_16:0_18:1) | TG(16:0_16:0_20:1) | TG(16:0_18:0_18:2) | TG(16:0_18:1_18:1) | TG(16:0_18:1_20:0) | TG(16:0_18:1_20:1) | TG(16:1_18:1_18:1) | TG(18:0_18:2_18:2)
CTL	SORBI_3006G278400	6	60906805	60909464	8	8	0	16	1.240061e-10	0.778493	TG(16:0_16:0_18:1) | TG(16:0_16:0_20:1) | TG(16:0_18:0_18:2) | TG(16:0_18:1_18:1) | TG(16:0_18:1_20:0) | TG(16:0_18:1_20:1) | TG(16:1_18:1_18:1) | TG(18:0_18:2_18:2)
CTL	SORBI_3006G278500	6	60909086	60914793	8	8	0	16	1.240061e-10	0.685598	TG(16:0_16:0_18:1) | TG(16:0_16:0_20:1) | TG(16:0_18:0_18:2) | TG(16:0_18:1_18:1) | TG(16:0_18:1_20:0) | TG(16:0_18:1_20:1) | TG(16:1_18:1_18:1) | TG(18:0_18:2_18:2)
CTL	SORBI_3006G278600	6	60914403	60915440	8	8	0	16	1.240061e-10	0.685598	TG(16:0_16:0_18:1) | TG(16:0_16:0_20:1) | TG(16:0_18:0_18:2) | TG(16:0_18:1_18:1) | TG(16:0_18:1_20:0) | TG(16:0_18:1_20:1) | TG(16:1_18:1_18:1) | TG(18:0_18:2_18:2)
CTL	SORBI_3006G279100	6	60941477	60947877	8	8	0	16	1.240061e-10	0.823802	TG(16:0_16:0_18:1) | TG(16:0_16:0_20:1) | TG(16:0_18:0_18:2) | TG(16:0_18:1_18:1) | TG(16:0_18:1_20:0) | TG(16:0_18:1_20:1) | TG(16:1_18:1_18:1) | TG(18:0_18:2_18:2)
CTL	SORBI_3006G279400	6	60968193	60970485	8	8	0	16	1.240061e-10	1	TG(16:0_16:0_18:1) | TG(16:0_16:0_20:1) | TG(16:0_18:0_18:2) | TG(16:0_18:1_18:1) | TG(16:0_18:1_20:0) | TG(16:0_18:1_20:1) | TG(16:1_18:1_18:1) | TG(18:0_18:2_18:2)
CTL	SORBI_3006G280250	6	61039288	61043093	8	8	0	16	1.240061e-10	0.687556	TG(16:0_16:0_18:1) | TG(16:0_16:0_20:1) | TG(16:0_18:0_18:2) | TG(16:0_18:1_18:1) | TG(16:0_18:1_20:0) | TG(16:0_18:1_20:1) | TG(16:1_18:1_18:1) | TG(18:0_18:2_18:2)
CTL	SORBI_3006G046700	6	32355055	32361010	8	8	0	8	1.619755e-10	0.511298	TG(16:0_16:0_20:1) | TG(16:0_18:0_18:2) | TG(16:0_18:1_18:1) | TG(16:0_18:1_20:0) | TG(16:0_18:1_20:1) | TG(16:0_18:1_20:2) | TG(16:1_18:1_18:1) | TG(18:0_18:2_18:2)
CTL	SORBI_3006G046900	6	32372970	32374330	8	8	0	8	1.619755e-10	0.428132	TG(16:0_16:0_20:1) | TG(16:0_18:0_18:2) | TG(16:0_18:1_18:1) | TG(16:0_18:1_20:0) | TG(16:0_18:1_20:1) | TG(16:0_18:1_20:2) | TG(16:1_18:1_18:1) | TG(18:0_18:2_18:2)
CTL	SORBI_3006G047100	6	32526787	32529908	8	8	0	10	1.619755e-10	0.624271	TG(16:0_16:0_20:1) | TG(16:0_18:0_18:2) | TG(16:0_18:1_18:1) | TG(16:0_18:1_20:0) | TG(16:0_18:1_20:1) | TG(16:0_18:1_20:2) | TG(16:1_18:1_18:1) | TG(18:0_18:2_18:2)
CTL	SORBI_3006G047200	6	32754421	32756223	8	8	0	10	1.619755e-10	0.924031	TG(16:0_16:0_20:1) | TG(16:0_18:0_18:2) | TG(16:0_18:1_18:1) | TG(16:0_18:1_20:0) | TG(16:0_18:1_20:1) | TG(16:0_18:1_20:2) | TG(16:1_18:1_18:1) | TG(18:0_18:2_18:2)
CTL	SORBI_3006G047300	6	32775840	32781666	8	8	0	10	1.619755e-10	0.906756	TG(16:0_16:0_20:1) | TG(16:0_18:0_18:2) | TG(16:0_18:1_18:1) | TG(16:0_18:1_20:0) | TG(16:0_18:1_20:1) | TG(16:0_18:1_20:2) | TG(16:1_18:1_18:1) | TG(18:0_18:2_18:2)
CTL	SORBI_3006G047400	6	32813279	32815507	8	8	0	10	1.619755e-10	0.442861	TG(16:0_16:0_20:1) | TG(16:0_18:0_18:2) | TG(16:0_18:1_18:1) | TG(16:0_18:1_20:0) | TG(16:0_18:1_20:1) | TG(16:0_18:1_20:2) | TG(16:1_18:1_18:1) | TG(18:0_18:2_18:2)
CTL	SORBI_3006G279000	6	60936448	60937808	8	8	0	11	2.544716e-10	0.702659	gibberellic acid | TG(16:0_16:0_20:1) | TG(16:0_18:0_18:2) | TG(16:0_18:1_18:1) | TG(16:0_18:1_20:0) | TG(16:0_18:1_20:1) | TG(16:1_18:1_18:1) | TG(18:0_18:2_18:2)
CTL	SORBI_3006G080300	6	44885645	44898698	8	8	0	8	5.686564e-10	1	TG(16:0_16:0_20:1) | TG(16:0_18:0_18:2) | TG(16:0_18:1_18:1) | TG(16:0_18:1_18:2) | TG(16:0_18:1_20:1) | TG(16:1_18:1_18:1) | TG(18:0_18:2_18:2) | TG(18:1_18:2_18:2)
CTL	SORBI_3008G096000	8	45231621	45237932	7	7	0	7	1.890035e-11	0.890301	TG(16:0_16:0_18:1) | TG(16:0_16:0_20:1) | TG(16:0_18:0_18:2) | TG(16:0_18:1_18:1) | TG(16:0_18:1_20:1) | TG(16:1_18:1_18:1) | TG(18:0_18:2_18:2)
CTL	SORBI_3007G103350	7	29073128	29074987	7	7	0	16	5.068772e-11	0.532832	TG(16:0_16:0_20:1) | TG(16:0_18:0_18:2) | TG(16:0_18:1_18:1) | TG(16:0_18:1_20:0) | TG(16:0_18:1_20:1) | TG(16:0_18:1_20:2) | TG(18:0_18:2_18:2)
CTL	SORBI_3006G208800	6	55865933	55869663	7	7	0	7	5.298874e-11	0.428801	TG(16:0_16:0_18:1) | TG(16:0_16:0_20:1) | TG(16:0_18:0_18:2) | TG(16:0_18:1_18:1) | TG(16:0_18:1_18:2) | TG(16:1_18:1_18:1) | TG(18:0_18:2_18:2)
CTL	SORBI_3006G209000	6	55890212	55893825	7	7	0	7	5.298874e-11	0.412031	TG(16:0_16:0_18:1) | TG(16:0_16:0_20:1) | TG(16:0_18:0_18:2) | TG(16:0_18:1_18:1) | TG(16:0_18:1_18:2) | TG(16:1_18:1_18:1) | TG(18:0_18:2_18:2)
CTL	SORBI_3006G209200	6	55898001	55903215	7	7	0	7	5.298874e-11	0.749439	TG(16:0_16:0_18:1) | TG(16:0_16:0_20:1) | TG(16:0_18:0_18:2) | TG(16:0_18:1_18:1) | TG(16:0_18:1_18:2) | TG(16:1_18:1_18:1) | TG(18:0_18:2_18:2)
CTL	SORBI_3006G209300	6	55912179	55914213	7	7	0	7	5.298874e-11	0.834249	TG(16:0_16:0_18:1) | TG(16:0_16:0_20:1) | TG(16:0_18:0_18:2) | TG(16:0_18:1_18:1) | TG(16:0_18:1_18:2) | TG(16:1_18:1_18:1) | TG(18:0_18:2_18:2)
CTL	SORBI_3006G209400	6	55915501	55919526	7	7	0	7	5.298874e-11	0.872906	TG(16:0_16:0_18:1) | TG(16:0_16:0_20:1) | TG(16:0_18:0_18:2) | TG(16:0_18:1_18:1) | TG(16:0_18:1_18:2) | TG(16:1_18:1_18:1) | TG(18:0_18:2_18:2)
CTL	SORBI_3006G209500	6	55925605	55929570	7	7	0	7	5.298874e-11	0.940849	TG(16:0_16:0_18:1) | TG(16:0_16:0_20:1) | TG(16:0_18:0_18:2) | TG(16:0_18:1_18:1) | TG(16:0_18:1_18:2) | TG(16:1_18:1_18:1) | TG(18:0_18:2_18:2)
CTL	SORBI_3006G209600	6	55930178	55932675	7	7	0	7	5.298874e-11	0.931298	TG(16:0_16:0_18:1) | TG(16:0_16:0_20:1) | TG(16:0_18:0_18:2) | TG(16:0_18:1_18:1) | TG(16:0_18:1_18:2) | TG(16:1_18:1_18:1) | TG(18:0_18:2_18:2)
CTL	SORBI_3006G209700	6	55933544	55936125	7	7	0	7	5.298874e-11	0.909999	TG(16:0_16:0_18:1) | TG(16:0_16:0_20:1) | TG(16:0_18:0_18:2) | TG(16:0_18:1_18:1) | TG(16:0_18:1_18:2) | TG(16:1_18:1_18:1) | TG(18:0_18:2_18:2)
CTL	SORBI_3006G209850	6	55939037	55963538	7	7	0	7	5.298874e-11	1	TG(16:0_16:0_18:1) | TG(16:0_16:0_20:1) | TG(16:0_18:0_18:2) | TG(16:0_18:1_18:1) | TG(16:0_18:1_18:2) | TG(16:1_18:1_18:1) | TG(18:0_18:2_18:2)
CTL	SORBI_3006G210000	6	55969489	55974793	7	7	0	7	5.298874e-11	0.940849	TG(16:0_16:0_18:1) | TG(16:0_16:0_20:1) | TG(16:0_18:0_18:2) | TG(16:0_18:1_18:1) | TG(16:0_18:1_18:2) | TG(16:1_18:1_18:1) | TG(18:0_18:2_18:2)
CTL	SORBI_3006G210200	6	55983930	55991670	7	7	0	7	5.298874e-11	0.869608	TG(16:0_16:0_18:1) | TG(16:0_16:0_20:1) | TG(16:0_18:0_18:2) | TG(16:0_18:1_18:1) | TG(16:0_18:1_18:2) | TG(16:1_18:1_18:1) | TG(18:0_18:2_18:2)
CTL	SORBI_3006G210233	6	55993849	55995344	7	7	0	7	5.298874e-11	0.434405	TG(16:0_16:0_18:1) | TG(16:0_16:0_20:1) | TG(16:0_18:0_18:2) | TG(16:0_18:1_18:1) | TG(16:0_18:1_18:2) | TG(16:1_18:1_18:1) | TG(18:0_18:2_18:2)
CTL	SORBI_3006G210400	6	56000156	56004309	7	7	0	7	5.298874e-11	0.508484	TG(16:0_16:0_18:1) | TG(16:0_16:0_20:1) | TG(16:0_18:0_18:2) | TG(16:0_18:1_18:1) | TG(16:0_18:1_18:2) | TG(16:1_18:1_18:1) | TG(18:0_18:2_18:2)
CTL	SORBI_3006G210500	6	56006557	56008051	7	7	0	7	5.298874e-11	0.46226	TG(16:0_16:0_18:1) | TG(16:0_16:0_20:1) | TG(16:0_18:0_18:2) | TG(16:0_18:1_18:1) | TG(16:0_18:1_18:2) | TG(16:1_18:1_18:1) | TG(18:0_18:2_18:2)
CTL	SORBI_3006G210600	6	56007464	56012354	7	7	0	7	5.298874e-11	0.46226	TG(16:0_16:0_18:1) | TG(16:0_16:0_20:1) | TG(16:0_18:0_18:2) | TG(16:0_18:1_18:1) | TG(16:0_18:1_18:2) | TG(16:1_18:1_18:1) | TG(18:0_18:2_18:2)
CTL	SORBI_3006G210700	6	56012981	56017943	7	7	0	7	5.298874e-11	0.457874	TG(16:0_16:0_18:1) | TG(16:0_16:0_20:1) | TG(16:0_18:0_18:2) | TG(16:0_18:1_18:1) | TG(16:0_18:1_18:2) | TG(16:1_18:1_18:1) | TG(18:0_18:2_18:2)
CTL	SORBI_3007G103000	7	28360036	28363426	7	7	0	7	5.972523e-11	0.622464	TG(16:0_16:0_18:1) | TG(16:0_16:0_20:1) | TG(16:0_18:0_18:2) | TG(16:0_18:1_18:1) | TG(16:0_18:1_20:1) | TG(16:1_18:1_18:1) | TG(18:0_18:2_18:2)
CTL	SORBI_3007G103100	7	28555158	28588738	7	7	0	7	5.972523e-11	0.625364	TG(16:0_16:0_18:1) | TG(16:0_16:0_20:1) | TG(16:0_18:0_18:2) | TG(16:0_18:1_18:1) | TG(16:0_18:1_20:1) | TG(16:1_18:1_18:1) | TG(18:0_18:2_18:2)
CTL	SORBI_3007G103300	7	28646172	28647727	7	7	0	7	5.972523e-11	0.573738	TG(16:0_16:0_18:1) | TG(16:0_16:0_20:1) | TG(16:0_18:0_18:2) | TG(16:0_18:1_18:1) | TG(16:0_18:1_20:1) | TG(16:1_18:1_18:1) | TG(18:0_18:2_18:2)
CTL	SORBI_3006G276300	6	60722232	60723789	7	7	0	10	2.544716e-10	0.725812	TG(16:0_16:0_20:1) | TG(16:0_18:0_18:2) | TG(16:0_18:1_18:1) | TG(16:0_18:1_20:0) | TG(16:0_18:1_20:1) | TG(16:1_18:1_18:1) | TG(18:0_18:2_18:2)
CTL	SORBI_3006G277100	6	60797371	60800752	7	7	0	10	2.544716e-10	0.518128	TG(16:0_16:0_20:1) | TG(16:0_18:0_18:2) | TG(16:0_18:1_18:1) | TG(16:0_18:1_20:0) | TG(16:0_18:1_20:1) | TG(16:1_18:1_18:1) | TG(18:0_18:2_18:2)
CTL	SORBI_3006G032400	6	7160601	7177120	7	7	0	7	3.08086e-10	0.694277	TG(16:0_16:0_20:1) | TG(16:0_18:0_18:2) | TG(16:0_18:1_18:1) | TG(16:0_18:1_18:2) | TG(16:0_18:1_20:0) | TG(16:0_18:1_20:1) | TG(18:0_18:2_18:2)
CTL	SORBI_3006G032500	6	7194830	7198368	7	7	0	7	3.08086e-10	0.687153	TG(16:0_16:0_20:1) | TG(16:0_18:0_18:2) | TG(16:0_18:1_18:1) | TG(16:0_18:1_18:2) | TG(16:0_18:1_20:0) | TG(16:0_18:1_20:1) | TG(18:0_18:2_18:2)
CTL	SORBI_3006G032600	6	7199352	7203769	7	7	0	7	3.08086e-10	0.924	TG(16:0_16:0_20:1) | TG(16:0_18:0_18:2) | TG(16:0_18:1_18:1) | TG(16:0_18:1_18:2) | TG(16:0_18:1_20:0) | TG(16:0_18:1_20:1) | TG(18:0_18:2_18:2)
CTL	SORBI_3006G032700	6	7357701	7362253	7	7	0	7	3.08086e-10	0.960064	TG(16:0_16:0_20:1) | TG(16:0_18:0_18:2) | TG(16:0_18:1_18:1) | TG(16:0_18:1_18:2) | TG(16:0_18:1_20:0) | TG(16:0_18:1_20:1) | TG(18:0_18:2_18:2)
CTL	SORBI_3006G032800	6	7365479	7369506	7	7	0	7	3.08086e-10	0.960064	TG(16:0_16:0_20:1) | TG(16:0_18:0_18:2) | TG(16:0_18:1_18:1) | TG(16:0_18:1_18:2) | TG(16:0_18:1_20:0) | TG(16:0_18:1_20:1) | TG(18:0_18:2_18:2)
CTL	SORBI_3006G032900	6	7483839	7493581	7	7	0	7	3.08086e-10	0.660606	TG(16:0_16:0_20:1) | TG(16:0_18:0_18:2) | TG(16:0_18:1_18:1) | TG(16:0_18:1_18:2) | TG(16:0_18:1_20:0) | TG(16:0_18:1_20:1) | TG(18:0_18:2_18:2)
CTL	SORBI_3006G033001	6	7505109	7508651	7	7	0	7	3.08086e-10	0.675205	TG(16:0_16:0_20:1) | TG(16:0_18:0_18:2) | TG(16:0_18:1_18:1) | TG(16:0_18:1_18:2) | TG(16:0_18:1_20:0) | TG(16:0_18:1_20:1) | TG(18:0_18:2_18:2)
CTL	SORBI_3001G267000	1	50855002	50863150	7	5	2	7	6.203238e-10	0.955602	Sum_AEG_over_PS_log10ratio | Sum_GalCer_over_PS_log10ratio | TG(16:0_16:0_20:1) | TG(16:0_18:0_18:2) | TG(16:0_18:1_20:0) | TG(16:0_18:1_20:1) | TG(16:0_18:1_20:2)
CTL	SORBI_3001G222500	1	21212638	21229578	7	7	0	9	7.762893e-10	0.411091	TG(16:0_16:0_20:1) | TG(16:0_18:1_18:1) | TG(16:0_18:1_20:0) | TG(16:0_18:1_20:1) | TG(16:1_18:1_18:1) | TG(18:0_18:2_18:2) | TG(18:1_18:2_18:2)
CTL	SORBI_3001G259200	1	31017423	31019687	7	4	3	9	1.381723e-09	0.777701	Sum_DGDG_over_PS_log10ratio | Sum_GalCer_over_PS_log10ratio | Sum_MGDG_over_PS_log10ratio | TG(16:0_16:0_20:1) | TG(16:0_18:1_18:1) | TG(16:0_18:1_20:0) | TG(18:0_18:2_18:2)
CTL	SORBI_3001G259250	1	31022513	31023498	7	4	3	9	1.381723e-09	0.763494	Sum_DGDG_over_PS_log10ratio | Sum_GalCer_over_PS_log10ratio | Sum_MGDG_over_PS_log10ratio | TG(16:0_16:0_20:1) | TG(16:0_18:1_18:1) | TG(16:0_18:1_20:0) | TG(18:0_18:2_18:2)
CTL	SORBI_3008G080900	8	14257172	14258700	7	7	0	7	1.60933e-09	0.758182	TG(16:0_16:0_18:1) | TG(16:0_16:0_20:1) | TG(16:0_18:0_18:2) | TG(16:0_18:1_18:2) | TG(16:0_18:1_20:1) | TG(16:1_18:1_18:1) | TG(18:0_18:2_18:2)
CTL	SORBI_3008G081000	8	14279675	14282606	7	7	0	7	1.60933e-09	0.851294	TG(16:0_16:0_18:1) | TG(16:0_16:0_20:1) | TG(16:0_18:0_18:2) | TG(16:0_18:1_18:2) | TG(16:0_18:1_20:1) | TG(16:1_18:1_18:1) | TG(18:0_18:2_18:2)
CTL	SORBI_3008G081100	8	14283473	14285531	7	7	0	7	1.60933e-09	0.851294	TG(16:0_16:0_18:1) | TG(16:0_16:0_20:1) | TG(16:0_18:0_18:2) | TG(16:0_18:1_18:2) | TG(16:0_18:1_20:1) | TG(16:1_18:1_18:1) | TG(18:0_18:2_18:2)
CTL	SORBI_3008G081150	8	14306896	14311314	7	7	0	7	1.60933e-09	0.870266	TG(16:0_16:0_18:1) | TG(16:0_16:0_20:1) | TG(16:0_18:0_18:2) | TG(16:0_18:1_18:2) | TG(16:0_18:1_20:1) | TG(16:1_18:1_18:1) | TG(18:0_18:2_18:2)
CTL	SORBI_3008G081200	8	14313689	14316455	7	7	0	7	1.60933e-09	0.851294	TG(16:0_16:0_18:1) | TG(16:0_16:0_20:1) | TG(16:0_18:0_18:2) | TG(16:0_18:1_18:2) | TG(16:0_18:1_20:1) | TG(16:1_18:1_18:1) | TG(18:0_18:2_18:2)
CTL	SORBI_3008G081400	8	14480361	14484229	7	7	0	7	1.60933e-09	0.827777	TG(16:0_16:0_18:1) | TG(16:0_16:0_20:1) | TG(16:0_18:0_18:2) | TG(16:0_18:1_18:2) | TG(16:0_18:1_20:1) | TG(16:1_18:1_18:1) | TG(18:0_18:2_18:2)
CTL	SORBI_3007G110333	7	39908106	39908998	6	6	0	6	7.677409e-11	0.949833	TG(16:0_16:0_20:1) | TG(16:0_18:0_18:2) | TG(16:0_18:1_18:1) | TG(16:0_18:1_20:1) | TG(16:1_18:1_18:1) | TG(18:0_18:2_18:2)
CTL	SORBI_3010G142650	10	37148319	37152822	6	6	0	6	3.203925e-10	0.874642	Oxo fatty acid (18:3) | TG(16:0_16:0_20:1) | TG(16:0_18:1_18:1) | TG(16:1_18:1_18:1) | TG(18:0_18:2_18:2) | trans-EKODE-(E)-Ib
CTL	SORBI_3001G266100	1	50535046	50536465	6	6	0	6	6.203238e-10	0.704575	TG(16:0_16:0_20:1) | TG(16:0_18:0_18:2) | TG(16:0_18:1_18:1) | TG(16:0_18:1_20:0) | TG(16:0_18:1_20:1) | TG(16:0_18:1_20:2)
CTL	SORBI_3001G266200	1	50597602	50598954	6	6	0	6	6.203238e-10	0.814181	TG(16:0_16:0_20:1) | TG(16:0_18:0_18:2) | TG(16:0_18:1_18:1) | TG(16:0_18:1_20:0) | TG(16:0_18:1_20:1) | TG(16:0_18:1_20:2)
CTL	SORBI_3008G094400	8	44672607	44674991	6	6	0	21	7.128154e-10	0.975922	TG(16:0_16:0_20:1) | TG(16:0_18:1_18:1) | TG(16:0_18:1_18:2) | TG(16:0_18:1_20:0) | TG(16:0_18:1_20:1) | TG(16:1_18:1_18:1)
CTL	SORBI_3007G090400	7	12943050	12946898	6	6	0	6	1.051901e-09	0.538688	TG(16:0_16:0_20:1) | TG(16:0_18:0_18:2) | TG(16:0_18:1_18:1) | TG(16:0_18:1_20:1) | TG(16:0_18:1_20:2) | TG(18:0_18:2_18:2)
CTL	SORBI_3001G220066	1	20710980	20712223	6	6	0	11	1.102206e-09	0.455934	TG(16:0_16:0_18:1) | TG(16:0_16:0_20:1) | TG(16:0_18:0_18:2) | TG(16:0_18:1_18:1) | TG(16:0_18:1_20:1) | TG(18:0_18:2_18:2)
CTL	SORBI_3001G220300	1	20730739	20740993	6	6	0	11	1.102206e-09	0.463272	TG(16:0_16:0_18:1) | TG(16:0_16:0_20:1) | TG(16:0_18:0_18:2) | TG(16:0_18:1_18:1) | TG(16:0_18:1_20:1) | TG(18:0_18:2_18:2)
CTL	SORBI_3001G220900	1	20774311	20777421	6	6	0	11	1.102206e-09	0.455934	TG(16:0_16:0_18:1) | TG(16:0_16:0_20:1) | TG(16:0_18:0_18:2) | TG(16:0_18:1_18:1) | TG(16:0_18:1_20:1) | TG(18:0_18:2_18:2)
CTL	SORBI_3001G221300	1	20843443	20854765	6	6	0	11	1.102206e-09	0.742031	TG(16:0_16:0_18:1) | TG(16:0_16:0_20:1) | TG(16:0_18:0_18:2) | TG(16:0_18:1_18:1) | TG(16:0_18:1_20:1) | TG(18:0_18:2_18:2)
CTL	SORBI_3001G221350	1	20871893	20874648	6	6	0	11	1.102206e-09	0.730184	TG(16:0_16:0_18:1) | TG(16:0_16:0_20:1) | TG(16:0_18:0_18:2) | TG(16:0_18:1_18:1) | TG(16:0_18:1_20:1) | TG(18:0_18:2_18:2)
CTL	SORBI_3001G221400	1	20929906	20947823	6	6	0	11	1.102206e-09	0.72498	TG(16:0_16:0_18:1) | TG(16:0_16:0_20:1) | TG(16:0_18:0_18:2) | TG(16:0_18:1_18:1) | TG(16:0_18:1_20:1) | TG(18:0_18:2_18:2)
CTL	SORBI_3001G221500	1	20948407	20954620	6	6	0	11	1.102206e-09	0.716362	TG(16:0_16:0_18:1) | TG(16:0_16:0_20:1) | TG(16:0_18:0_18:2) | TG(16:0_18:1_18:1) | TG(16:0_18:1_20:1) | TG(18:0_18:2_18:2)
CTL	SORBI_3001G221601	1	20960616	20964331	6	6	0	11	1.102206e-09	0.524475	TG(16:0_16:0_18:1) | TG(16:0_16:0_20:1) | TG(16:0_18:0_18:2) | TG(16:0_18:1_18:1) | TG(16:0_18:1_20:1) | TG(18:0_18:2_18:2)
CTL	SORBI_3001G221700	1	20964406	20977261	6	6	0	11	1.102206e-09	0.687425	TG(16:0_16:0_18:1) | TG(16:0_16:0_20:1) | TG(16:0_18:0_18:2) | TG(16:0_18:1_18:1) | TG(16:0_18:1_20:1) | TG(18:0_18:2_18:2)
CTL	SORBI_3001G221750	1	20979569	20980756	6	6	0	11	1.102206e-09	0.586648	TG(16:0_16:0_18:1) | TG(16:0_16:0_20:1) | TG(16:0_18:0_18:2) | TG(16:0_18:1_18:1) | TG(16:0_18:1_20:1) | TG(18:0_18:2_18:2)
CTL	SORBI_3001G221850	1	21023882	21025819	6	6	0	11	1.102206e-09	0.629902	TG(16:0_16:0_18:1) | TG(16:0_16:0_20:1) | TG(16:0_18:0_18:2) | TG(16:0_18:1_18:1) | TG(16:0_18:1_20:1) | TG(18:0_18:2_18:2)
CTL	SORBI_3001G221900	1	21041757	21047310	6	6	0	6	1.102206e-09	0.445086	TG(16:0_16:0_18:1) | TG(16:0_16:0_20:1) | TG(16:0_18:0_18:2) | TG(16:0_18:1_18:1) | TG(16:0_18:1_20:1) | TG(18:0_18:2_18:2)
CTL	SORBI_3001G258000	1	30557874	30560961	6	0	6	7	3.16758e-09	0.654969	Sum_AEG_over_PS_log10ratio | Sum_DGDG_over_PS_log10ratio | Sum_GalCer_over_PS_log10ratio | Sum_MGDG_over_PS_log10ratio | Sum_PE_over_PS_log10ratio | Sum_PG_over_PS_log10ratio
CTL	SORBI_3001G258100	1	30561196	30565169	6	0	6	7	3.16758e-09	0.689324	Sum_AEG_over_PS_log10ratio | Sum_DGDG_over_PS_log10ratio | Sum_GalCer_over_PS_log10ratio | Sum_MGDG_over_PS_log10ratio | Sum_PE_over_PS_log10ratio | Sum_PG_over_PS_log10ratio
CTL	SORBI_3001G258200	1	30649723	30655105	6	0	6	7	3.16758e-09	0.669057	Sum_AEG_over_PS_log10ratio | Sum_DGDG_over_PS_log10ratio | Sum_GalCer_over_PS_log10ratio | Sum_MGDG_over_PS_log10ratio | Sum_PE_over_PS_log10ratio | Sum_PG_over_PS_log10ratio
CTL	SORBI_3001G258801	1	30840643	30844920	6	0	6	7	3.16758e-09	0.796231	Sum_AEG_over_PS_log10ratio | Sum_DGDG_over_PS_log10ratio | Sum_GalCer_over_PS_log10ratio | Sum_MGDG_over_PS_log10ratio | Sum_PE_over_PS_log10ratio | Sum_PG_over_PS_log10ratio
CTL	SORBI_3010G143700	10	38407598	38410467	5	5	0	5	5.088808e-10	0.917731	TG(16:0_16:0_20:1) | TG(16:0_18:1_18:1) | TG(18:1_20:0_22:1) | TG(18:1_20:1_22:1) | TG(18:2_22:0_22:3)
CTL	SORBI_3010G143800	10	38390600	38413484	5	5	0	5	5.088808e-10	0.922441	TG(16:0_16:0_20:1) | TG(16:0_18:1_18:1) | TG(18:1_20:0_22:1) | TG(18:1_20:1_22:1) | TG(18:2_22:0_22:3)
CTL	SORBI_3006G040700	6	25682536	25683370	5	5	0	10	6.116699e-10	0.809031	TG(16:0_16:0_20:1) | TG(16:0_18:1_18:1) | TG(16:0_18:1_20:0) | TG(16:0_18:1_20:1) | TG(18:0_18:2_18:2)
CTL	SORBI_3006G040800	6	25956238	25968520	5	5	0	10	6.116699e-10	0.961611	TG(16:0_16:0_20:1) | TG(16:0_18:1_18:1) | TG(16:0_18:1_20:0) | TG(16:0_18:1_20:1) | TG(18:0_18:2_18:2)
CTL	SORBI_3001G266400	1	50783046	50785231	5	5	0	5	6.203238e-10	0.480242	TG(16:0_16:0_20:1) | TG(16:0_18:0_18:2) | TG(16:0_18:1_20:0) | TG(16:0_18:1_20:1) | TG(16:0_18:1_20:2)
CTL	SORBI_3001G266500	1	50786217	50787463	5	5	0	5	6.203238e-10	0.5339	TG(16:0_16:0_20:1) | TG(16:0_18:0_18:2) | TG(16:0_18:1_20:0) | TG(16:0_18:1_20:1) | TG(16:0_18:1_20:2)
CTL	SORBI_3001G266700	1	50804621	50808681	5	5	0	5	6.203238e-10	0.527216	TG(16:0_16:0_20:1) | TG(16:0_18:0_18:2) | TG(16:0_18:1_20:0) | TG(16:0_18:1_20:1) | TG(16:0_18:1_20:2)
CTL	SORBI_3001G224200	1	21473979	21480077	5	5	0	10	6.39437e-10	0.470293	TG(16:0_16:0_20:1) | TG(16:0_18:1_18:1) | TG(16:0_18:1_20:1) | TG(16:1_18:1_18:1) | TG(18:0_18:2_18:2)
CTL	SORBI_3001G224300	1	21485582	21489706	5	5	0	10	6.39437e-10	0.413618	TG(16:0_16:0_20:1) | TG(16:0_18:1_18:1) | TG(16:0_18:1_20:1) | TG(16:1_18:1_18:1) | TG(18:0_18:2_18:2)
CTL	SORBI_3008G094600	8	44820089	44824761	5	5	0	15	7.128154e-10	0.976117	TG(16:0_16:0_20:1) | TG(16:0_18:1_18:1) | TG(16:0_18:1_20:0) | TG(16:0_18:1_20:1) | TG(16:1_18:1_18:1)
CTL	SORBI_3007G090537	7	14199576	14208539	5	5	0	5	1.124333e-09	0.659214	TG(16:0_16:0_20:1) | TG(16:0_18:1_18:1) | TG(16:0_18:1_20:1) | TG(16:0_18:1_20:2) | TG(18:0_18:2_18:2)
CTL	SORBI_3007G090600	7	14230916	14235307	5	5	0	5	1.124333e-09	0.704368	TG(16:0_16:0_20:1) | TG(16:0_18:1_18:1) | TG(16:0_18:1_20:1) | TG(16:0_18:1_20:2) | TG(18:0_18:2_18:2)
CTL	SORBI_3007G090701	7	14344845	14348149	5	5	0	5	1.124333e-09	0.635279	TG(16:0_16:0_20:1) | TG(16:0_18:1_18:1) | TG(16:0_18:1_20:1) | TG(16:0_18:1_20:2) | TG(18:0_18:2_18:2)
CTL	SORBI_3005G115200	5	46704267	46707395	5	5	0	5	1.164517e-09	0.923256	TG(16:0_16:0_20:1) | TG(16:0_18:1_18:1) | TG(16:0_18:1_20:1) | TG(16:1_18:1_18:1) | TG(18:0_18:2_18:2)
CTL	SORBI_3007G114401	7	49248724	49249871	5	5	0	5	1.925817e-09	0.519503	TG(16:0_16:0_20:1) | TG(16:0_18:1_18:1) | TG(16:0_18:1_20:1) | TG(16:1_18:1_18:1) | TG(18:0_18:2_18:2)
CTL	SORBI_3007G113900	7	46103134	46116346	4	4	0	4	2.859644e-14	0.871228	TG(16:0_18:0_18:2) | TG(16:0_18:1_20:1) | TG(16:0_18:1_20:2) | TG(18:0_18:2_18:2)
CTL	SORBI_3006G044400	6	30971365	30982488	4	4	0	7	1.846216e-11	0.876274	TG(16:0_16:0_18:1) | TG(16:0_18:0_18:2) | TG(16:0_18:1_18:2) | TG(16:1_18:1_18:1)
CTL	SORBI_3005G098100	5	15930287	15939343	4	4	0	4	2.424645e-11	0.404239	TG(16:0_18:0_18:2) | TG(16:0_18:1_20:1) | TG(16:0_18:1_20:2) | TG(18:0_18:2_18:2)
CTL	SORBI_3005G098250	5	16057450	16060622	4	4	0	12	2.424645e-11	0.848391	TG(16:0_18:0_18:2) | TG(16:0_18:1_20:1) | TG(16:0_18:1_20:2) | TG(18:0_18:2_18:2)
CTL	SORBI_3005G098900	5	16169927	16171526	4	4	0	12	2.424645e-11	0.525143	TG(16:0_18:0_18:2) | TG(16:0_18:1_20:1) | TG(16:0_18:1_20:2) | TG(18:0_18:2_18:2)
CTL	SORBI_3007G103600	7	31999643	32035305	4	4	0	4	1.294017e-10	0.941846	TG(16:0_18:0_18:2) | TG(16:0_18:1_20:1) | TG(16:0_18:1_20:2) | TG(18:0_18:2_18:2)
CTL	SORBI_3002G079500	2	8253892	8257661	4	4	0	4	1.682984e-10	1	TG(16:0_18:0_18:2) | TG(16:0_18:1_20:1) | TG(16:0_18:1_20:2) | TG(18:0_18:2_18:2)
CTL	SORBI_3008G105366	8	49569719	49575021	4	4	0	4	1.757511e-10	0.430299	TG(16:0_16:0_20:1) | TG(16:0_18:1_18:1) | TG(16:1_18:1_18:1) | TG(18:0_18:2_18:2)
CTL	SORBI_3005G143900	5	60829888	60835616	4	4	0	21	3.098264e-10	0.50516	TG(16:0_16:0_20:1) | TG(16:0_18:1_18:1) | TG(16:0_18:1_20:0) | TG(18:0_18:2_18:2)
CTL	SORBI_3005G144101	5	60853399	60854796	4	4	0	19	3.098264e-10	0.431682	TG(16:0_16:0_20:1) | TG(16:0_18:1_18:1) | TG(16:0_18:1_20:0) | TG(18:0_18:2_18:2)
CTL	SORBI_3005G144201	5	60875999	60880467	4	4	0	21	3.098264e-10	0.523062	TG(16:0_16:0_20:1) | TG(16:0_18:1_18:1) | TG(16:0_18:1_20:0) | TG(18:0_18:2_18:2)
CTL	SORBI_3005G144300	5	60880595	60883219	4	4	0	21	3.098264e-10	0.507024	TG(16:0_16:0_20:1) | TG(16:0_18:1_18:1) | TG(16:0_18:1_20:0) | TG(18:0_18:2_18:2)
CTL	SORBI_3005G144400	5	60891371	60898872	4	4	0	21	3.098264e-10	0.504273	TG(16:0_16:0_20:1) | TG(16:0_18:1_18:1) | TG(16:0_18:1_20:0) | TG(18:0_18:2_18:2)
CTL	SORBI_3005G144450	5	60892090	60895008	4	4	0	21	3.098264e-10	0.504273	TG(16:0_16:0_20:1) | TG(16:0_18:1_18:1) | TG(16:0_18:1_20:0) | TG(18:0_18:2_18:2)
CTL	SORBI_3005G144500	5	60905294	60907053	4	4	0	21	3.098264e-10	0.651073	TG(16:0_16:0_20:1) | TG(16:0_18:1_18:1) | TG(16:0_18:1_20:0) | TG(18:0_18:2_18:2)
CTL	SORBI_3005G144600	5	60955631	60961062	4	4	0	21	3.098264e-10	0.903696	TG(16:0_16:0_20:1) | TG(16:0_18:1_18:1) | TG(16:0_18:1_20:0) | TG(18:0_18:2_18:2)
CTL	SORBI_3005G144800	5	60985372	60988523	4	4	0	21	3.098264e-10	0.903696	TG(16:0_16:0_20:1) | TG(16:0_18:1_18:1) | TG(16:0_18:1_20:0) | TG(18:0_18:2_18:2)
CTL	SORBI_3005G144900	5	60995478	60996474	4	4	0	21	3.098264e-10	0.930232	TG(16:0_16:0_20:1) | TG(16:0_18:1_18:1) | TG(16:0_18:1_20:0) | TG(18:0_18:2_18:2)
CTL	SORBI_3005G145000	5	61009161	61010559	4	4	0	21	3.098264e-10	0.840544	TG(16:0_16:0_20:1) | TG(16:0_18:1_18:1) | TG(16:0_18:1_20:0) | TG(18:0_18:2_18:2)
CTL	SORBI_3005G145100	5	61030785	61033183	4	4	0	21	3.098264e-10	0.84057	TG(16:0_16:0_20:1) | TG(16:0_18:1_18:1) | TG(16:0_18:1_20:0) | TG(18:0_18:2_18:2)
CTL	SORBI_3006G280000	6	61006035	61017806	4	4	0	4	3.098264e-10	0.410993	TG(16:0_16:0_20:1) | TG(16:0_18:1_18:1) | TG(16:0_18:1_20:0) | TG(18:0_18:2_18:2)
CTL	SORBI_3006G282000	6	61206180	61207599	4	4	0	4	3.098264e-10	0.427002	TG(16:0_16:0_20:1) | TG(16:0_18:1_18:1) | TG(16:0_18:1_20:0) | TG(18:0_18:2_18:2)
CTL	SORBI_3010G142501	10	36983780	36985193	4	4	0	4	3.203925e-10	0.911458	TG(16:0_16:0_20:1) | TG(16:0_18:1_18:1) | TG(16:1_18:1_18:1) | TG(18:0_18:2_18:2)
CTL	SORBI_3010G142600	10	37013049	37018276	4	4	0	4	3.203925e-10	0.938297	TG(16:0_16:0_20:1) | TG(16:0_18:1_18:1) | TG(16:1_18:1_18:1) | TG(18:0_18:2_18:2)
CTL	SORBI_3006G040301	6	20621419	20623356	4	4	0	4	3.453196e-10	0.964188	TG(16:0_16:0_20:1) | TG(16:0_18:1_18:1) | TG(16:0_18:1_20:0) | TG(18:0_18:2_18:2)
CTL	SORBI_3007G096900	7	18090423	18102237	4	4	0	4	5.403135e-10	0.885933	TG(16:0_18:1_20:0) | TG(16:0_18:1_20:1) | TG(16:0_18:1_20:2) | TG(18:2_22:0_22:3)
CTL	SORBI_3007G097000	7	18105181	18110344	4	4	0	4	5.403135e-10	0.741427	TG(16:0_18:1_20:0) | TG(16:0_18:1_20:1) | TG(16:0_18:1_20:2) | TG(18:2_22:0_22:3)
CTL	SORBI_3008G094650	8	44844595	44846889	4	4	0	12	7.128154e-10	0.599761	TG(16:0_16:0_20:1) | TG(16:0_18:1_18:1) | TG(16:0_18:1_20:0) | TG(16:0_18:1_20:1)
CTL	SORBI_3008G094800	8	44864231	44869874	4	4	0	11	7.128154e-10	0.976717	TG(16:0_16:0_20:1) | TG(16:0_18:1_18:1) | TG(16:0_18:1_20:0) | TG(16:0_18:1_20:1)
CTL	SORBI_3009G091300	9	19059371	19080736	4	4	0	4	8.793418e-10	0.957037	TG(16:0_16:0_20:1) | TG(16:0_18:1_18:1) | TG(16:0_18:1_20:1) | TG(18:0_18:2_18:2)
CTL	SORBI_3002G364301	2	72508158	72513413	4	4	0	4	1.189612e-09	1	TG(16:0_16:0_18:1) | TG(16:0_18:0_18:2) | TG(16:0_18:1_18:2) | TG(16:0_18:1_20:2)
CTL	SORBI_3001G259700	1	31345064	31346119	4	4	0	6	1.381723e-09	0.5762	TG(16:0_16:0_20:1) | TG(16:0_18:1_18:1) | TG(16:0_18:1_20:0) | TG(18:0_18:2_18:2)
CTL	SORBI_3001G259850	1	31366333	31369813	4	4	0	6	1.381723e-09	0.685018	TG(16:0_16:0_20:1) | TG(16:0_18:1_18:1) | TG(16:0_18:1_20:0) | TG(18:0_18:2_18:2)
CTL	SORBI_3001G320101	1	60792938	60793950	4	4	0	4	1.394943e-09	0.480769	TG(16:0_16:0_20:1) | TG(16:0_18:1_18:1) | TG(16:0_18:1_20:1) | TG(18:0_18:2_18:2)
CTL	SORBI_3006G036300	6	11836848	11837626	4	4	0	4	1.954402e-09	0.928456	TG(16:0_16:0_20:1) | TG(16:0_18:1_18:1) | TG(16:0_18:1_20:1) | TG(18:0_18:2_18:2)
CTL	SORBI_3006G036400	6	12195253	12199306	4	4	0	4	1.954402e-09	0.928456	TG(16:0_16:0_20:1) | TG(16:0_18:1_18:1) | TG(16:0_18:1_20:1) | TG(18:0_18:2_18:2)
CTL	SORBI_3001G305900	1	58998698	59003294	4	4	0	4	2.237558e-09	0.731938	TG(16:0_16:0_20:1) | TG(16:0_18:1_18:1) | TG(16:0_18:1_20:1) | TG(18:0_18:2_18:2)
CTL	SORBI_3001G306400	1	59040123	59041559	4	4	0	4	2.237558e-09	0.917247	TG(16:0_16:0_20:1) | TG(16:0_18:1_18:1) | TG(16:0_18:1_20:1) | TG(18:0_18:2_18:2)
CTL	SORBI_3001G306500	1	59117709	59119251	4	4	0	4	2.237558e-09	1	TG(16:0_16:0_20:1) | TG(16:0_18:1_18:1) | TG(16:0_18:1_20:1) | TG(18:0_18:2_18:2)
CTL	SORBI_3005G146300	5	61331196	61334790	4	4	0	4	2.708965e-09	0.528912	TG(16:0_16:0_18:1) | TG(16:0_16:0_20:1) | TG(16:0_18:0_18:2) | TG(16:1_18:1_18:1)
CTL	SORBI_3005G146533	5	61359556	61363324	4	4	0	4	2.708965e-09	0.817797	TG(16:0_16:0_18:1) | TG(16:0_16:0_20:1) | TG(16:0_18:0_18:2) | TG(16:1_18:1_18:1)
CTL	SORBI_3005G146800	5	61390033	61391273	4	4	0	4	2.708965e-09	0.893865	TG(16:0_16:0_18:1) | TG(16:0_16:0_20:1) | TG(16:0_18:0_18:2) | TG(16:1_18:1_18:1)
CTL	SORBI_3005G146900	5	61405049	61407636	4	4	0	4	2.708965e-09	0.905652	TG(16:0_16:0_18:1) | TG(16:0_16:0_20:1) | TG(16:0_18:0_18:2) | TG(16:1_18:1_18:1)
CTL	SORBI_3001G257300	1	30373901	30383397	4	0	4	6	3.16758e-09	0.898609	Sum_AEG_over_PS_log10ratio | Sum_MGDG_over_PS_log10ratio | Sum_PE_over_PS_log10ratio | Sum_PG_over_PS_log10ratio
CTL	SORBI_3001G257600	1	30455291	30456872	4	0	4	6	3.16758e-09	0.898609	Sum_AEG_over_PS_log10ratio | Sum_MGDG_over_PS_log10ratio | Sum_PE_over_PS_log10ratio | Sum_PG_over_PS_log10ratio
CTL	SORBI_3001G257650	1	30461724	30464527	4	0	4	6	3.16758e-09	0.898538	Sum_AEG_over_PS_log10ratio | Sum_MGDG_over_PS_log10ratio | Sum_PE_over_PS_log10ratio | Sum_PG_over_PS_log10ratio
CTL	SORBI_3001G257700	1	30464819	30468767	4	0	4	6	3.16758e-09	0.719135	Sum_AEG_over_PS_log10ratio | Sum_MGDG_over_PS_log10ratio | Sum_PE_over_PS_log10ratio | Sum_PG_over_PS_log10ratio
CTL	SORBI_3001G257800	1	30474125	30525429	4	0	4	6	3.16758e-09	0.909019	Sum_AEG_over_PS_log10ratio | Sum_MGDG_over_PS_log10ratio | Sum_PE_over_PS_log10ratio | Sum_PG_over_PS_log10ratio
CTL	SORBI_3004G228400	4	57807690	57810439	3	3	0	3	2.644811e-11	0.508125	9,12,13,TriHODE | Oxo fatty acid (18:3) | trans-EKODE-(E)-Ib
CTL	SORBI_3001G126000	1	9921516	9923403	3	3	0	3	1.177076e-10	0.759675	TG(10:0_10:0_10:0) | TG(10:0_16:1_18:1) | TG(12:0_14:0_18:3)
CTL	SORBI_3001G126400	1	9941318	9944719	3	3	0	3	1.177076e-10	0.622012	TG(10:0_10:0_10:0) | TG(10:0_16:1_18:1) | TG(12:0_14:0_18:3)
CTL	SORBI_3001G127300	1	9997746	10000878	3	3	0	3	1.177076e-10	0.433328	TG(10:0_10:0_10:0) | TG(10:0_16:1_18:1) | TG(12:0_14:0_18:3)
CTL	SORBI_3010G147250	10	42208651	42209207	3	3	0	3	1.785104e-10	0.538522	9,12,13,TriHODE | Oxo fatty acid (18:3) | trans-EKODE-(E)-Ib
CTL	SORBI_3010G147300	10	42217039	42219620	3	3	0	3	1.785104e-10	0.558078	9,12,13,TriHODE | Oxo fatty acid (18:3) | trans-EKODE-(E)-Ib
CTL	SORBI_3010G147350	10	42220358	42221810	3	3	0	3	1.785104e-10	0.670147	9,12,13,TriHODE | Oxo fatty acid (18:3) | trans-EKODE-(E)-Ib
CTL	SORBI_3010G147500	10	42254853	42257063	3	3	0	3	1.785104e-10	0.673733	9,12,13,TriHODE | Oxo fatty acid (18:3) | trans-EKODE-(E)-Ib
CTL	SORBI_3010G147833	10	42331511	42374634	3	3	0	3	1.785104e-10	0.454545	9,12,13,TriHODE | Oxo fatty acid (18:3) | trans-EKODE-(E)-Ib
CTL	SORBI_3010G147966	10	42371882	42372991	3	3	0	3	1.785104e-10	0.454545	9,12,13,TriHODE | Oxo fatty acid (18:3) | trans-EKODE-(E)-Ib
CTL	SORBI_3006G010000	6	1453702	1460668	3	0	3	73	2.017612e-10	0.668149	Sum_Cer_over_PS_log10ratio | Sum_GalCer_over_PS_log10ratio | Sum_TG_over_PS_log10ratio
CTL	SORBI_3006G010100	6	1473844	1478555	3	0	3	73	2.017612e-10	0.819145	Sum_Cer_over_PS_log10ratio | Sum_GalCer_over_PS_log10ratio | Sum_TG_over_PS_log10ratio
CTL	SORBI_3006G010400	6	1537692	1544550	3	0	3	73	2.017612e-10	1	Sum_Cer_over_PS_log10ratio | Sum_GalCer_over_PS_log10ratio | Sum_TG_over_PS_log10ratio
CTL	SORBI_3006G010500	6	1547958	1549604	3	0	3	73	2.017612e-10	1	Sum_Cer_over_PS_log10ratio | Sum_GalCer_over_PS_log10ratio | Sum_TG_over_PS_log10ratio
CTL	SORBI_3006G010600	6	1550169	1553065	3	0	3	73	2.017612e-10	0.651908	Sum_Cer_over_PS_log10ratio | Sum_GalCer_over_PS_log10ratio | Sum_TG_over_PS_log10ratio
CTL	SORBI_3006G010800	6	1567127	1570624	3	0	3	73	2.017612e-10	0.691179	Sum_Cer_over_PS_log10ratio | Sum_GalCer_over_PS_log10ratio | Sum_TG_over_PS_log10ratio
CTL	SORBI_3001G457600	1	73359978	73378705	3	3	0	3	3.447118e-10	1	9,12,13,TriHODE | Oxo fatty acid (18:3) | trans-EKODE-(E)-Ib
CTL	SORBI_3006G037000	6	13613964	13615194	3	3	0	3	4.027253e-10	0.647327	TG(16:0_18:1_18:2) | TG(16:0_18:1_20:0) | TG(18:1_18:2_18:2)
CTL	SORBI_3006G037050	6	13898757	13902414	3	3	0	3	4.027253e-10	0.735974	TG(16:0_18:1_18:2) | TG(16:0_18:1_20:0) | TG(18:1_18:2_18:2)
CTL	SORBI_3006G037100	6	13902813	13904181	3	3	0	3	4.027253e-10	0.434565	TG(16:0_18:1_18:2) | TG(16:0_18:1_20:0) | TG(18:1_18:2_18:2)
CTL	SORBI_3005G202500	5	68763786	68767312	3	3	0	6	4.365522e-10	0.85292	TG(16:0_18:1_18:2) | TG(16:0_18:1_20:2) | TG(18:1_18:2_18:2)
CTL	SORBI_3005G222700	5	70938935	70942578	3	3	0	4	4.927144e-10	1	9,12,13,TriHODE | Oxo fatty acid (18:3) | trans-EKODE-(E)-Ib
CTL	SORBI_3005G222800	5	70942615	70943743	3	3	0	4	4.927144e-10	0.634044	9,12,13,TriHODE | Oxo fatty acid (18:3) | trans-EKODE-(E)-Ib
CTL	SORBI_3005G222900	5	70950646	70956228	3	3	0	4	4.927144e-10	0.517795	9,12,13,TriHODE | Oxo fatty acid (18:3) | trans-EKODE-(E)-Ib
CTL	SORBI_3001G354900	1	64480446	64484868	3	3	0	3	5.253493e-10	0.417041	TG(16:0_16:0_20:1) | TG(16:0_18:1_18:1) | TG(16:0_18:1_20:1)
CTL	SORBI_3001G357700	1	64746396	64751377	3	3	0	3	5.253493e-10	0.456039	TG(16:0_16:0_20:1) | TG(16:0_18:1_18:1) | TG(16:0_18:1_20:1)
CTL	SORBI_3005G012200	5	1118386	1126595	3	1	2	19	5.638375e-10	0.794715	PA | PA(16:0_18:2) | Sum_PA_over_PS_log10ratio
CTL	SORBI_3005G012400	5	1130396	1138678	3	1	2	22	5.638375e-10	1	PA | PA(16:0_18:2) | Sum_PA_over_PS_log10ratio
CTL	SORBI_3005G012800	5	1159290	1167251	3	1	2	22	5.638375e-10	0.886899	PA | PA(16:0_18:2) | Sum_PA_over_PS_log10ratio
CTL	SORBI_3004G136100	4	34487187	34488511	3	3	0	3	5.927103e-10	0.902778	TG(16:0_18:0_18:2) | TG(16:0_18:1_20:1) | TG(16:0_18:1_20:2)
CTL	SORBI_3004G136200	4	34685929	34691289	3	3	0	3	5.927103e-10	0.888939	TG(16:0_18:0_18:2) | TG(16:0_18:1_20:1) | TG(16:0_18:1_20:2)
CTL	SORBI_3004G136300	4	34695503	34754794	3	3	0	3	5.927103e-10	0.89275	TG(16:0_18:0_18:2) | TG(16:0_18:1_20:1) | TG(16:0_18:1_20:2)
CTL	SORBI_3005G219300	5	70590297	70603175	3	3	0	3	6.126551e-10	0.449433	9,12,13,TriHODE | Oxo fatty acid (18:3) | trans-EKODE-(E)-Ib
CTL	SORBI_3005G219900	5	70640629	70659827	3	3	0	5	6.126551e-10	0.596136	9,12,13,TriHODE | Oxo fatty acid (18:3) | trans-EKODE-(E)-Ib
CTL	SORBI_3005G220101	5	70670407	70681333	3	3	0	5	6.126551e-10	0.690885	9,12,13,TriHODE | Oxo fatty acid (18:3) | trans-EKODE-(E)-Ib
CTL	SORBI_3005G220200	5	70685687	70694655	3	3	0	5	6.126551e-10	0.791663	9,12,13,TriHODE | Oxo fatty acid (18:3) | trans-EKODE-(E)-Ib
CTL	SORBI_3005G220300	5	70720286	70725311	3	3	0	5	6.126551e-10	0.96208	9,12,13,TriHODE | Oxo fatty acid (18:3) | trans-EKODE-(E)-Ib
CTL	SORBI_3005G220400	5	70726358	70727058	3	3	0	5	6.126551e-10	0.881486	9,12,13,TriHODE | Oxo fatty acid (18:3) | trans-EKODE-(E)-Ib
CTL	SORBI_3005G220500	5	70731333	70732033	3	3	0	5	6.126551e-10	0.886067	9,12,13,TriHODE | Oxo fatty acid (18:3) | trans-EKODE-(E)-Ib
CTL	SORBI_3005G220560	5	70736098	70739096	3	3	0	5	6.126551e-10	0.891398	9,12,13,TriHODE | Oxo fatty acid (18:3) | trans-EKODE-(E)-Ib
CTL	SORBI_3005G220680	5	70759997	70761810	3	3	0	5	6.126551e-10	0.936304	9,12,13,TriHODE | Oxo fatty acid (18:3) | trans-EKODE-(E)-Ib
CTL	SORBI_3005G220740	5	70762552	70766050	3	3	0	5	6.126551e-10	0.962763	9,12,13,TriHODE | Oxo fatty acid (18:3) | trans-EKODE-(E)-Ib
CTL	SORBI_3005G220800	5	70777812	70781051	3	3	0	5	6.126551e-10	0.882821	9,12,13,TriHODE | Oxo fatty acid (18:3) | trans-EKODE-(E)-Ib
CTL	SORBI_3010G126100	10	15775962	15792095	3	3	0	5	7.169849e-10	0.89191	PC(18:2_0:0) | TG(18:2_20:3_21:0) | TG(18:2_22:0_22:3)
CTL	SORBI_3010G126300	10	15820173	15821061	3	3	0	5	7.169849e-10	0.844513	PC(18:2_0:0) | TG(18:2_20:3_21:0) | TG(18:2_22:0_22:3)
CTL	SORBI_3010G126400	10	15823053	15825094	3	3	0	5	7.169849e-10	0.81702	PC(18:2_0:0) | TG(18:2_20:3_21:0) | TG(18:2_22:0_22:3)
CTL	SORBI_3010G191100	10	53235608	53243265	3	3	0	3	9.345833e-10	0.423286	TG(16:0_18:1_18:2) | TG(16:0_18:1_20:0) | TG(16:1_18:1_18:1)
CTL	SORBI_3006G140700	6	50307378	50311771	3	3	0	12	9.811013e-10	0.698758	TG(10:0_10:0_10:0) | TG(16:0_16:0_20:1) | TG(16:0_18:1_18:1)
CTL	SORBI_3006G140801	6	50326366	50331197	3	3	0	12	9.811013e-10	0.57	TG(10:0_10:0_10:0) | TG(16:0_16:0_20:1) | TG(16:0_18:1_18:1)
CTL	SORBI_3010G125400	10	15481793	15482414	3	3	0	3	1.019704e-09	0.89191	Oxo fatty acid (18:3) | TG(18:2_20:3_21:0) | TG(18:2_22:0_22:3)
CTL	SORBI_3010G125500	10	15508131	15526464	3	3	0	3	1.019704e-09	0.89191	Oxo fatty acid (18:3) | TG(18:2_20:3_21:0) | TG(18:2_22:0_22:3)
CTL	SORBI_3010G125700	10	15557931	15587402	3	3	0	3	1.019704e-09	0.89191	Oxo fatty acid (18:3) | TG(18:2_20:3_21:0) | TG(18:2_22:0_22:3)
CTL	SORBI_3010G125866	10	15596908	15597636	3	3	0	3	1.019704e-09	0.944574	Oxo fatty acid (18:3) | TG(18:2_20:3_21:0) | TG(18:2_22:0_22:3)
CTL	SORBI_3010G125900	10	15600078	15606103	3	3	0	3	1.019704e-09	0.944574	Oxo fatty acid (18:3) | TG(18:2_20:3_21:0) | TG(18:2_22:0_22:3)
CTL	SORBI_3006G258000	6	59424739	59432820	3	3	0	3	1.177089e-09	0.472924	TG(16:0_18:0_18:2) | TG(16:0_18:1_20:1) | TG(18:0_18:2_18:2)
CTL	SORBI_3006G258100	6	59425548	59431258	3	3	0	3	1.177089e-09	0.472924	TG(16:0_18:0_18:2) | TG(16:0_18:1_20:1) | TG(18:0_18:2_18:2)
CTL	SORBI_3006G258900	6	59475016	59483626	3	3	0	3	1.177089e-09	1	TG(16:0_18:0_18:2) | TG(16:0_18:1_20:1) | TG(18:0_18:2_18:2)
CTL	SORBI_3010G140750	10	32286029	32287859	3	3	0	5	1.193987e-09	0.912068	9,12,13,TriHODE | TG(16:0_18:1_18:1) | trans-EKODE-(E)-Ib
CTL	SORBI_3010G141400	10	34395148	34414051	3	3	0	4	1.412431e-09	0.812825	9,12,13,TriHODE | Oxo fatty acid (18:3) | trans-EKODE-(E)-Ib
CTL	SORBI_3008G189200	8	62335856	62338106	3	3	0	3	1.504157e-09	1	9,12,13,TriHODE | Oxo fatty acid (18:3) | trans-EKODE-(E)-Ib
CTL	SORBI_3010G140500	10	27155811	27185775	3	3	0	5	1.680969e-09	0.942321	9,12,13,TriHODE | Oxo fatty acid (18:3) | trans-EKODE-(E)-Ib
CTL	SORBI_3006G130700	6	49487848	49494840	3	3	0	6	1.681835e-09	1	TG(16:0_16:0_18:1) | TG(16:0_16:0_20:1) | TG(16:0_18:1_18:1)
CTL	SORBI_3006G038000	6	15097342	15143434	3	3	0	3	1.732315e-09	0.640179	TG(16:0_16:0_18:1) | TG(16:0_18:1_18:2) | TG(16:1_18:1_18:1)
CTL	SORBI_3006G038050	6	15145737	15146711	3	3	0	3	1.732315e-09	0.658983	TG(16:0_16:0_18:1) | TG(16:0_18:1_18:2) | TG(16:1_18:1_18:1)
CTL	SORBI_3010G134400	10	19611856	19615565	3	3	0	3	1.887418e-09	0.882754	Oxo fatty acid (18:3) | TG(16:0_16:0_20:1) | TG(16:0_18:1_18:1)
CTL	SORBI_3010G134500	10	19639341	19667448	3	3	0	3	1.887418e-09	0.882754	Oxo fatty acid (18:3) | TG(16:0_16:0_20:1) | TG(16:0_18:1_18:1)
CTL	SORBI_3010G134801	10	19930750	19932733	3	3	0	3	1.887418e-09	0.88069	Oxo fatty acid (18:3) | TG(16:0_16:0_20:1) | TG(16:0_18:1_18:1)
CTL	SORBI_3010G134900	10	19938253	19940083	3	3	0	3	1.887418e-09	0.882754	Oxo fatty acid (18:3) | TG(16:0_16:0_20:1) | TG(16:0_18:1_18:1)
CTL	SORBI_3004G135300	4	27410725	27412998	3	3	0	3	1.969553e-09	0.821508	TG(16:0_16:0_20:1) | TG(16:0_18:1_18:1) | TG(16:0_18:1_20:0)
CTL	SORBI_3003G355500	3	67400746	67405260	3	3	0	3	3.343409e-09	0.615222	TG(16:0_16:0_20:1) | TG(16:0_18:1_18:1) | TG(18:0_18:2_18:2)
CTL	SORBI_3003G356200	3	67444380	67449359	3	3	0	3	3.343409e-09	0.562866	TG(16:0_16:0_20:1) | TG(16:0_18:1_18:1) | TG(18:0_18:2_18:2)
CTL	SORBI_3003G356900	3	67522292	67525446	3	3	0	3	3.343409e-09	0.575433	TG(16:0_16:0_20:1) | TG(16:0_18:1_18:1) | TG(18:0_18:2_18:2)
CTL	SORBI_3003G357000	3	67532421	67533163	3	3	0	3	3.343409e-09	0.519008	TG(16:0_16:0_20:1) | TG(16:0_18:1_18:1) | TG(18:0_18:2_18:2)
CTL	SORBI_3003G357100	3	67539390	67543995	3	3	0	3	3.343409e-09	0.796986	TG(16:0_16:0_20:1) | TG(16:0_18:1_18:1) | TG(18:0_18:2_18:2)
CTL	SORBI_3003G357232	3	67552279	67557834	3	3	0	3	3.343409e-09	0.69854	TG(16:0_16:0_20:1) | TG(16:0_18:1_18:1) | TG(18:0_18:2_18:2)
CTL	SORBI_3003G358150	3	67603431	67605937	3	3	0	3	3.343409e-09	0.847503	TG(16:0_16:0_20:1) | TG(16:0_18:1_18:1) | TG(18:0_18:2_18:2)
CTL	SORBI_3003G358300	3	67610990	67615652	3	3	0	3	3.343409e-09	0.913651	TG(16:0_16:0_20:1) | TG(16:0_18:1_18:1) | TG(18:0_18:2_18:2)
CTL	SORBI_3003G358400	3	67621228	67632849	3	3	0	3	3.343409e-09	0.921081	TG(16:0_16:0_20:1) | TG(16:0_18:1_18:1) | TG(18:0_18:2_18:2)
CTL	SORBI_3003G360500	3	67808197	67811098	3	3	0	3	3.343409e-09	0.471377	TG(16:0_16:0_20:1) | TG(16:0_18:1_18:1) | TG(18:0_18:2_18:2)
CTL	SORBI_3003G360700	3	67827783	67831882	3	3	0	3	3.343409e-09	0.487743	TG(16:0_16:0_20:1) | TG(16:0_18:1_18:1) | TG(18:0_18:2_18:2)
CTL	SORBI_3003G360900	3	67857185	67859240	3	3	0	3	3.343409e-09	0.410678	TG(16:0_16:0_20:1) | TG(16:0_18:1_18:1) | TG(18:0_18:2_18:2)
CTL	SORBI_3003G361100	3	67868018	67870925	3	3	0	3	3.343409e-09	0.437328	TG(16:0_16:0_20:1) | TG(16:0_18:1_18:1) | TG(18:0_18:2_18:2)
CTL	SORBI_3006G044100	6	30770150	30772258	3	3	0	4	3.352457e-09	0.82307	TG(16:0_16:0_18:1) | TG(16:0_18:0_18:2) | TG(16:1_18:1_18:1)
CTL	SORBI_3006G044200	6	30800599	30803421	3	3	0	4	3.352457e-09	0.82307	TG(16:0_16:0_18:1) | TG(16:0_18:0_18:2) | TG(16:1_18:1_18:1)
CTL	SORBI_3006G044301	6	30811016	30816152	3	3	0	4	3.352457e-09	0.82307	TG(16:0_16:0_18:1) | TG(16:0_18:0_18:2) | TG(16:1_18:1_18:1)
CTL	SORBI_3006G038700	6	16272026	16274313	3	3	0	3	4.214063e-09	1	TG(16:0_16:0_20:1) | TG(16:0_18:1_18:1) | TG(16:0_18:1_20:0)
CTL	SORBI_3006G037700	6	14487572	14548530	3	3	0	3	4.835503e-09	0.910713	TG(16:0_16:0_20:1) | TG(16:0_18:1_18:1) | TG(16:0_18:1_18:2)
CTL	SORBI_3001G258500	1	30701509	30702384	3	0	3	3	5.79518e-09	0.788282	Sum_DGDG_over_PS_log10ratio | Sum_GalCer_over_PS_log10ratio | Sum_MGDG_over_PS_log10ratio
CTL	SORBI_3001G258600	1	30823978	30827070	3	0	3	3	5.79518e-09	0.679549	Sum_DGDG_over_PS_log10ratio | Sum_GalCer_over_PS_log10ratio | Sum_MGDG_over_PS_log10ratio
CTL	SORBI_3002G084900	2	9034191	9035388	2	2	0	2	9.610667e-14	0.475592	gibberellic acid | PG(18:0_16:0)
CTL	SORBI_3002G085100	2	9041063	9044682	2	2	0	2	9.610667e-14	0.40034	gibberellic acid | PG(18:0_16:0)
CTL	SORBI_3002G085800	2	9133860	9135524	2	2	0	2	9.610667e-14	0.462612	gibberellic acid | PG(18:0_16:0)
CTL	SORBI_3007G099400	7	22819013	22820415	2	2	0	2	1.438554e-11	0.870624	TG(18:1_20:1_22:1) | TG(18:2_22:0_22:3)
CTL	SORBI_3007G099500	7	23108126	23110098	2	2	0	2	1.438554e-11	0.855365	TG(18:1_20:1_22:1) | TG(18:2_22:0_22:3)
CTL	SORBI_3004G137300	4	37583809	37585170	2	2	0	2	4.325177e-11	0.897551	TG(12:0_14:0_18:3) | TG(18:2_22:0_22:3)
CTL	SORBI_3004G137400	4	37586348	37591018	2	2	0	2	4.325177e-11	0.916121	TG(12:0_14:0_18:3) | TG(18:2_22:0_22:3)
CTL	SORBI_3004G197700	4	54876205	54878941	2	1	1	4	6.003575e-11	1	PA | PA(16:0_18:2)
CTL	SORBI_3008G103132	8	48942938	48944749	2	2	0	7	1.98562e-10	0.801796	gibberellic acid | PC(14:0_14:0)
CTL	SORBI_3010G140600	10	27920444	27926002	2	2	0	2	2.065968e-10	0.859958	TG(18:2_22:0_22:3) | trans-EKODE-(E)-Ib
CTL	SORBI_3010G035900	10	2888415	2890086	2	1	1	2	2.362971e-10	0.429194	PA | PA(16:0_18:2)
CTL	SORBI_3003G205200	3	53505136	53549677	2	2	0	5	3.521525e-10	0.471666	TG(16:0_16:0_18:2) | TG(18:1_18:2_18:2)
CTL	SORBI_3003G205400	3	53562233	53564791	2	2	0	5	3.521525e-10	0.540687	TG(16:0_16:0_18:2) | TG(18:1_18:2_18:2)
CTL	SORBI_3003G205501	3	53566331	53581245	2	2	0	5	3.521525e-10	0.524925	TG(16:0_16:0_18:2) | TG(18:1_18:2_18:2)
CTL	SORBI_3003G205700	3	53606320	53607744	2	2	0	5	3.521525e-10	0.58591	TG(16:0_16:0_18:2) | TG(18:1_18:2_18:2)
CTL	SORBI_3003G205801	3	53613821	53619001	2	2	0	9	3.521525e-10	0.820629	TG(16:0_16:0_18:2) | TG(18:1_18:2_18:2)
CTL	SORBI_3003G205900	3	53622851	53626872	2	2	0	9	3.521525e-10	0.801753	TG(16:0_16:0_18:2) | TG(18:1_18:2_18:2)
CTL	SORBI_3003G206000	3	53631582	53633054	2	2	0	9	3.521525e-10	0.763829	TG(16:0_16:0_18:2) | TG(18:1_18:2_18:2)
CTL	SORBI_3003G206100	3	53635305	53636556	2	2	0	9	3.521525e-10	0.776734	TG(16:0_16:0_18:2) | TG(18:1_18:2_18:2)
CTL	SORBI_3003G206200	3	53639159	53640239	2	2	0	5	3.521525e-10	0.528011	TG(16:0_16:0_18:2) | TG(18:1_18:2_18:2)
CTL	SORBI_3003G206300	3	53671219	53672149	2	2	0	9	3.521525e-10	0.958342	TG(16:0_16:0_18:2) | TG(18:1_18:2_18:2)
CTL	SORBI_3003G206500	3	53697759	53698384	2	2	0	9	3.521525e-10	0.860018	TG(16:0_16:0_18:2) | TG(18:1_18:2_18:2)
CTL	SORBI_3003G206600	3	53720276	53728645	2	2	0	9	3.521525e-10	0.940385	TG(16:0_16:0_18:2) | TG(18:1_18:2_18:2)
CTL	SORBI_3003G206700	3	53728646	53730646	2	2	0	9	3.521525e-10	0.922656	TG(16:0_16:0_18:2) | TG(18:1_18:2_18:2)
CTL	SORBI_3003G206800	3	53734010	53740971	2	2	0	9	3.521525e-10	0.812695	TG(16:0_16:0_18:2) | TG(18:1_18:2_18:2)
CTL	SORBI_3003G206900	3	53752968	53757348	2	2	0	9	3.521525e-10	0.578238	TG(16:0_16:0_18:2) | TG(18:1_18:2_18:2)
CTL	SORBI_3003G207000	3	53766010	53773308	2	2	0	9	3.521525e-10	0.871126	TG(16:0_16:0_18:2) | TG(18:1_18:2_18:2)
CTL	SORBI_3008G103200	8	48953521	48961871	2	2	0	2	3.94205e-10	0.939525	gibberellic acid | PC(14:0_14:0)
CTL	SORBI_3004G137000	4	36547869	36548929	2	2	0	2	4.638982e-10	0.645088	TG(10:0_10:0_10:0) | TG(12:0_14:0_18:3)
CTL	SORBI_3010G143300	10	38000519	38004812	2	2	0	2	5.088808e-10	0.905518	TG(16:0_16:0_20:1) | TG(16:0_18:1_18:1)
CTL	SORBI_3010G143500	10	38070890	38083747	2	2	0	2	5.088808e-10	0.913663	TG(16:0_16:0_20:1) | TG(16:0_18:1_18:1)
CTL	SORBI_3010G143600	10	38101564	38120023	2	2	0	2	5.088808e-10	0.922441	TG(16:0_16:0_20:1) | TG(16:0_18:1_18:1)
CTL	SORBI_3005G013000	5	1169382	1173104	2	1	1	14	5.638375e-10	0.961364	PA | PA(16:0_18:2)
CTL	SORBI_3005G013050	5	1180435	1183192	2	1	1	14	5.638375e-10	0.969178	PA | PA(16:0_18:2)
CTL	SORBI_3005G013200	5	1184142	1190269	2	1	1	14	5.638375e-10	0.98951	PA | PA(16:0_18:2)
CTL	SORBI_3005G013300	5	1190324	1194712	2	1	1	14	5.638375e-10	0.990086	PA | PA(16:0_18:2)
CTL	SORBI_3005G013500	5	1224392	1225924	2	1	1	14	5.638375e-10	0.933144	PA | PA(16:0_18:2)
CTL	SORBI_3005G013600	5	1235265	1241922	2	1	1	14	5.638375e-10	0.938617	PA | PA(16:0_18:2)
CTL	SORBI_3005G013700	5	1244182	1245382	2	1	1	12	5.638375e-10	0.447015	PA | PA(16:0_18:2)
CTL	SORBI_3005G013901	5	1250208	1253844	2	1	1	14	5.638375e-10	0.945448	PA | PA(16:0_18:2)
CTL	SORBI_3005G014100	5	1298696	1299984	2	1	1	14	5.638375e-10	0.915001	PA | PA(16:0_18:2)
CTL	SORBI_3005G017000	5	1511981	1517665	2	1	1	2	5.638375e-10	0.413527	PA | PA(16:0_18:2)
CTL	SORBI_3006G050100	6	37265585	37268887	2	2	0	2	6.456528e-10	0.877373	TG(16:0_16:0_18:1) | TG(16:1_18:1_18:1)
CTL	SORBI_3008G063300	8	6812526	6819844	2	2	0	2	9.43796e-10	0.530053	TG(16:0_16:0_20:1) | TG(16:0_18:1_18:1)
CTL	SORBI_3008G063500	8	6826365	6827848	2	2	0	2	9.43796e-10	0.452968	TG(16:0_16:0_20:1) | TG(16:0_18:1_18:1)
CTL	SORBI_3008G063600	8	6870926	6878054	2	2	0	2	9.43796e-10	0.526806	TG(16:0_16:0_20:1) | TG(16:0_18:1_18:1)
CTL	SORBI_3008G064000	8	6996069	6996753	2	2	0	2	9.43796e-10	0.648419	TG(16:0_16:0_20:1) | TG(16:0_18:1_18:1)
CTL	SORBI_3008G064100	8	7000358	7004814	2	2	0	2	9.43796e-10	0.667963	TG(16:0_16:0_20:1) | TG(16:0_18:1_18:1)
CTL	SORBI_3008G064200	8	7015431	7018036	2	2	0	2	9.43796e-10	0.451223	TG(16:0_16:0_20:1) | TG(16:0_18:1_18:1)
CTL	SORBI_3008G064500	8	7071170	7073505	2	2	0	2	9.43796e-10	0.436597	TG(16:0_16:0_20:1) | TG(16:0_18:1_18:1)
CTL	SORBI_3010G139600	10	24374770	24413721	2	2	0	2	1.00822e-09	0.815277	Oxo fatty acid (18:3) | trans-EKODE-(E)-Ib
CTL	SORBI_3010G126000	10	15674036	15697426	2	2	0	2	1.019704e-09	0.944574	TG(18:2_20:3_21:0) | TG(18:2_22:0_22:3)
CTL	SORBI_3010G126200	10	15784978	15786540	2	2	0	2	1.019704e-09	0.784775	TG(18:2_20:3_21:0) | TG(18:2_22:0_22:3)
CTL	SORBI_3008G094300	8	44416458	44418843	2	2	0	10	1.046417e-09	0.975416	TG(16:0_16:0_20:1) | TG(16:0_18:1_20:0)
CTL	SORBI_3006G138800	6	50099099	50106205	2	2	0	5	1.097527e-09	1	TG(16:0_16:0_20:1) | TG(16:0_18:1_18:1)
CTL	SORBI_3006G138900	6	50111930	50112881	2	2	0	5	1.097527e-09	0.630044	TG(16:0_16:0_20:1) | TG(16:0_18:1_18:1)
CTL	SORBI_3006G139200	6	50132185	50135610	2	2	0	5	1.097527e-09	0.581685	TG(16:0_16:0_20:1) | TG(16:0_18:1_18:1)
CTL	SORBI_3006G139501	6	50172365	50175083	2	2	0	5	1.097527e-09	0.448844	TG(16:0_16:0_20:1) | TG(16:0_18:1_18:1)
CTL	SORBI_3006G139900	6	50203771	50205312	2	2	0	5	1.097527e-09	1	TG(16:0_16:0_20:1) | TG(16:0_18:1_18:1)
CTL	SORBI_3010G140100	10	25357014	25359626	2	2	0	2	1.158375e-09	0.943415	TG(16:0_16:0_20:1) | TG(16:0_18:1_18:1)
CTL	SORBI_3010G140150	10	25475463	25477342	2	2	0	2	1.158375e-09	0.934878	TG(16:0_16:0_20:1) | TG(16:0_18:1_18:1)
CTL	SORBI_3006G035400	6	10674128	10679307	2	2	0	2	1.161106e-09	0.961632	TG(16:0_16:0_20:1) | TG(16:0_18:1_18:1)
CTL	SORBI_3006G035500	6	10679473	10699003	2	2	0	2	1.161106e-09	0.964882	TG(16:0_16:0_20:1) | TG(16:0_18:1_18:1)
CTL	SORBI_3006G035600	6	10924580	10932213	2	2	0	2	1.161106e-09	0.965085	TG(16:0_16:0_20:1) | TG(16:0_18:1_18:1)
CTL	SORBI_3006G035700	6	11019487	11021804	2	2	0	2	1.161106e-09	0.965085	TG(16:0_16:0_20:1) | TG(16:0_18:1_18:1)
CTL	SORBI_3010G146100	10	41392271	41394011	2	2	0	2	1.241568e-09	0.666608	TG(18:1_20:1_22:1) | TG(18:2_22:0_22:3)
CTL	SORBI_3010G146200	10	41439713	41441774	2	2	0	2	1.241568e-09	0.727181	TG(18:1_20:1_22:1) | TG(18:2_22:0_22:3)
CTL	SORBI_3010G146350	10	41598664	41601835	2	2	0	2	1.241568e-09	0.892093	TG(18:1_20:1_22:1) | TG(18:2_22:0_22:3)
CTL	SORBI_3010G146400	10	41660035	41665277	2	2	0	2	1.241568e-09	0.894087	TG(18:1_20:1_22:1) | TG(18:2_22:0_22:3)
CTL	SORBI_3010G146500	10	41743477	41746939	2	2	0	2	1.241568e-09	0.698184	TG(18:1_20:1_22:1) | TG(18:2_22:0_22:3)
CTL	SORBI_3010G141001	10	33907792	33918776	2	2	0	2	1.267242e-09	0.777137	Oxo fatty acid (18:3) | trans-EKODE-(E)-Ib
CTL	SORBI_3010G141201	10	33919080	33920871	2	2	0	2	1.267242e-09	0.773183	Oxo fatty acid (18:3) | trans-EKODE-(E)-Ib
CTL	SORBI_3008G094150	8	44199631	44202525	2	2	0	2	1.519131e-09	0.833219	TG(16:0_18:1_18:2) | TG(16:1_18:1_18:1)
CTL	SORBI_3007G112400	7	43226216	43228535	2	2	0	3	1.731969e-09	0.860308	TG(16:0_16:0_18:1) | TG(16:1_18:1_18:1)
CTL	SORBI_3010G134300	10	19545979	19546947	2	2	0	2	1.887418e-09	0.929141	TG(16:0_16:0_20:1) | TG(16:0_18:1_18:1)
CTL	SORBI_3005G102500	5	18036997	18044311	2	2	0	2	1.922384e-09	1	TG(10:0_10:0_10:0) | TG(12:0_14:0_18:3)
CTL	SORBI_3007G140050	7	56919274	56922264	2	2	0	2	1.937606e-09	0.717989	TG(18:1_20:1_22:1) | TG(18:2_22:0_22:3)
CTL	SORBI_3005G054000	5	5435771	5445466	2	2	0	2	1.986563e-09	0.721588	TG(18:2_18:2_18:4) | TG(18:3_18:3_18:3)
CTL	SORBI_3005G054600	5	5489821	5503980	2	2	0	2	1.986563e-09	1	TG(18:2_18:2_18:4) | TG(18:3_18:3_18:3)
CTL	SORBI_3006G139400	6	50161967	50167116	2	2	0	2	2.060762e-09	0.450763	TG(16:0_16:0_20:1) | TG(16:0_18:1_18:1)
CTL	SORBI_3006G139600	6	50181507	50183156	2	2	0	2	2.060762e-09	0.418943	TG(16:0_16:0_20:1) | TG(16:0_18:1_18:1)
CTL	SORBI_3010G139000	10	23664174	23680117	2	2	0	3	2.089284e-09	0.877905	Oxo fatty acid (18:3) | trans-EKODE-(E)-Ib
CTL	SORBI_3004G137500	4	37908603	37920717	2	2	0	2	2.250785e-09	0.919864	TG(12:0_14:0_18:3) | TG(18:2_22:0_22:3)
CTL	SORBI_3006G041700	6	27281330	27283022	2	2	0	2	2.315168e-09	0.483427	TG(16:0_18:0_18:2) | TG(16:0_18:1_18:2)
CTL	SORBI_3006G041750	6	27624059	27626473	2	2	0	2	2.315168e-09	0.447278	TG(16:0_18:0_18:2) | TG(16:0_18:1_18:2)
CTL	SORBI_3006G041800	6	27719587	27726424	2	2	0	2	2.315168e-09	0.431545	TG(16:0_18:0_18:2) | TG(16:0_18:1_18:2)
CTL	SORBI_3005G184050	5	66899920	66904722	2	2	0	2	2.335037e-09	0.530762	PA(16:0_18:2) | TG(18:1_18:2_18:2)
CTL	SORBI_3007G100800	7	23932201	23935964	2	2	0	2	2.379155e-09	0.633902	TG(16:0_16:0_20:1) | TG(16:0_18:1_18:1)
CTL	SORBI_3010G103000	10	9656547	9661652	2	2	0	2	2.408621e-09	0.572121	TG(10:0_10:0_10:0) | TG(12:0_14:0_18:3)
CTL	SORBI_3010G149700	10	43190204	43191671	2	2	0	2	2.440979e-09	0.544537	TG(18:1_20:0_22:1) | TG(18:2_22:0_22:3)
CTL	SORBI_3010G149800	10	43192092	43195746	2	2	0	2	2.440979e-09	0.55113	TG(18:1_20:0_22:1) | TG(18:2_22:0_22:3)
CTL	SORBI_3010G150000	10	43252118	43254510	2	2	0	2	2.440979e-09	0.492611	TG(18:1_20:0_22:1) | TG(18:2_22:0_22:3)
CTL	SORBI_3010G150100	10	43260824	43266663	2	2	0	2	2.440979e-09	0.492611	TG(18:1_20:0_22:1) | TG(18:2_22:0_22:3)
CTL	SORBI_3010G150200	10	43268793	43270786	2	2	0	2	2.440979e-09	0.486719	TG(18:1_20:0_22:1) | TG(18:2_22:0_22:3)
CTL	SORBI_3010G150325	10	43371492	43382976	2	2	0	2	2.440979e-09	0.486719	TG(18:1_20:0_22:1) | TG(18:2_22:0_22:3)
CTL	SORBI_3010G150575	10	43378469	43381792	2	2	0	2	2.440979e-09	0.486719	TG(18:1_20:0_22:1) | TG(18:2_22:0_22:3)
CTL	SORBI_3010G150600	10	43384079	43387095	2	2	0	2	2.440979e-09	0.682022	TG(18:1_20:0_22:1) | TG(18:2_22:0_22:3)
CTL	SORBI_3010G150700	10	43385894	43391519	2	2	0	2	2.440979e-09	0.675939	TG(18:1_20:0_22:1) | TG(18:2_22:0_22:3)
CTL	SORBI_3007G085800	7	10938350	10971554	2	1	1	2	2.442253e-09	0.624362	Sum_SQDG_over_TG_log10ratio | TG(18:2_18:2_18:4)
CTL	SORBI_3009G098900	9	37982213	37984198	2	2	0	2	2.519973e-09	0.881728	TG(16:0_18:0_18:2) | TG(16:0_18:1_20:1)
CTL	SORBI_3009G099000	9	38258489	38275612	2	2	0	2	2.519973e-09	0.887618	TG(16:0_18:0_18:2) | TG(16:0_18:1_20:1)
CTL	SORBI_3009G099050	9	38261040	38273303	2	2	0	2	2.519973e-09	0.887618	TG(16:0_18:0_18:2) | TG(16:0_18:1_20:1)
CTL	SORBI_3009G099100	9	38276165	38281509	2	2	0	2	2.519973e-09	0.857253	TG(16:0_18:0_18:2) | TG(16:0_18:1_20:1)
CTL	SORBI_3001G318500	1	60671880	60673032	2	2	0	4	2.783649e-09	0.508066	TG(16:0_16:0_20:1) | TG(16:0_18:1_20:1)
CTL	SORBI_3001G318600	1	60676363	60678263	2	2	0	4	2.783649e-09	0.532747	TG(16:0_16:0_20:1) | TG(16:0_18:1_20:1)
CTL	SORBI_3001G318700	1	60678466	60679315	2	2	0	4	2.783649e-09	0.532747	TG(16:0_16:0_20:1) | TG(16:0_18:1_20:1)
CTL	SORBI_3001G319000	1	60716016	60717351	2	2	0	4	2.783649e-09	0.425123	TG(16:0_16:0_20:1) | TG(16:0_18:1_20:1)
CTL	SORBI_3001G319300	1	60725293	60726408	2	2	0	4	2.783649e-09	0.515957	TG(16:0_16:0_20:1) | TG(16:0_18:1_20:1)
CTL	SORBI_3001G319350	1	60731011	60734248	2	2	0	4	2.783649e-09	0.466756	TG(16:0_16:0_20:1) | TG(16:0_18:1_20:1)
CTL	SORBI_3001G319500	1	60742198	60743267	2	2	0	4	2.783649e-09	0.440458	TG(16:0_16:0_20:1) | TG(16:0_18:1_20:1)
CTL	SORBI_3001G319650	1	60747683	60749844	2	2	0	4	2.783649e-09	0.548624	TG(16:0_16:0_20:1) | TG(16:0_18:1_20:1)
CTL	SORBI_3001G319800	1	60758091	60762461	2	2	0	4	2.783649e-09	0.515957	TG(16:0_16:0_20:1) | TG(16:0_18:1_20:1)
CTL	SORBI_3001G320000	1	60784896	60788922	2	2	0	4	2.783649e-09	0.450709	TG(16:0_16:0_20:1) | TG(16:0_18:1_20:1)
CTL	SORBI_3001G320200	1	60794852	60801560	2	2	0	4	2.783649e-09	0.493944	TG(16:0_16:0_20:1) | TG(16:0_18:1_20:1)
CTL	SORBI_3006G244100	6	58415317	58417264	2	1	1	2	2.868884e-09	0.543899	PA | PA(16:0_18:2)
CTL	SORBI_3006G244200	6	58419423	58421674	2	1	1	2	2.868884e-09	0.449209	PA | PA(16:0_18:2)
CTL	SORBI_3003G262200	3	59998841	60009113	2	2	0	2	2.932175e-09	0.525895	.gamma.-Linolenoyl ethanolamide | Panaxcerol B
CTL	SORBI_3003G079725	3	6838946	6839679	2	2	0	2	3.183819e-09	0.484226	TG(16:0_16:0_18:1) | TG(16:1_18:1_18:1)
CTL	SORBI_3003G079750	3	6853117	6864838	2	2	0	2	3.183819e-09	0.695246	TG(16:0_16:0_18:1) | TG(16:1_18:1_18:1)
CTL	SORBI_3003G079775	3	6854081	6860710	2	2	0	2	3.183819e-09	0.695246	TG(16:0_16:0_18:1) | TG(16:1_18:1_18:1)
CTL	SORBI_3003G079800	3	6866484	6867855	2	2	0	2	3.183819e-09	0.659118	TG(16:0_16:0_18:1) | TG(16:1_18:1_18:1)
CTL	SORBI_3003G079900	3	6869354	6876298	2	2	0	2	3.183819e-09	0.540449	TG(16:0_16:0_18:1) | TG(16:1_18:1_18:1)
CTL	SORBI_3003G080000	3	6884785	6895439	2	2	0	2	3.183819e-09	1	TG(16:0_16:0_18:1) | TG(16:1_18:1_18:1)
CTL	SORBI_3007G086300	7	11451821	11453305	2	2	0	2	3.734675e-09	0.807301	TG(16:0_16:0_20:1) | TG(16:0_18:1_18:1)
CTL	SORBI_3002G038500	2	3759977	3764578	2	2	0	3	3.754252e-09	0.408531	TG(16:0_16:0_20:1) | TG(16:0_18:1_18:1)
CTL	SORBI_3006G038350	6	15952686	15953984	2	2	0	2	4.214063e-09	0.951309	TG(16:0_16:0_20:1) | TG(16:0_18:1_18:1)
CTL	SORBI_3006G038400	6	15970957	15986533	2	2	0	2	4.214063e-09	0.957277	TG(16:0_16:0_20:1) | TG(16:0_18:1_18:1)
CTL	SORBI_3006G038500	6	16159612	16182535	2	2	0	2	4.214063e-09	0.963325	TG(16:0_16:0_20:1) | TG(16:0_18:1_18:1)
CTL	SORBI_3006G038600	6	16163635	16164344	2	2	0	2	4.214063e-09	0.963325	TG(16:0_16:0_20:1) | TG(16:0_18:1_18:1)
CTL	SORBI_3004G228300	4	57781085	57784615	2	2	0	2	4.262269e-09	0.403921	9,12,13,TriHODE | Oxo fatty acid (18:3)
CTL	SORBI_3004G230800	4	58025232	58027515	2	2	0	2	4.262269e-09	0.40695	9,12,13,TriHODE | Oxo fatty acid (18:3)
CTL	SORBI_3004G230900	4	58026487	58033140	2	2	0	2	4.262269e-09	0.427811	9,12,13,TriHODE | Oxo fatty acid (18:3)
CTL	SORBI_3006G047500	6	32863629	32868565	2	2	0	2	4.275463e-09	0.448056	TG(16:0_16:0_20:1) | TG(16:0_18:1_20:1)
CTL	SORBI_3002G071850	2	7296475	7311886	2	2	0	2	4.54345e-09	0.420897	TG(16:0_16:0_18:1) | TG(16:1_18:1_18:1)
CTL	SORBI_3002G072700	2	7390151	7393915	2	2	0	2	4.54345e-09	0.68964	TG(16:0_16:0_18:1) | TG(16:1_18:1_18:1)
CTL	SORBI_3002G073000	2	7473955	7479736	2	2	0	2	4.54345e-09	0.830867	TG(16:0_16:0_18:1) | TG(16:1_18:1_18:1)
CTL	SORBI_3002G073100	2	7479737	7480042	2	2	0	2	4.54345e-09	0.433013	TG(16:0_16:0_18:1) | TG(16:1_18:1_18:1)
CTL	SORBI_3002G073200	2	7519722	7527106	2	2	0	2	4.54345e-09	0.83841	TG(16:0_16:0_18:1) | TG(16:1_18:1_18:1)
CTL	SORBI_3003G166500	3	25677689	25715902	2	2	0	2	4.659387e-09	1	TG(10:0_10:0_10:0) | TG(12:0_14:0_18:3)
CTL	SORBI_3001G021900	1	1792932	1797374	2	2	0	7	4.680331e-09	0.872213	TG(16:0_18:1_20:0) | TG(18:1_20:0_22:1)
CTL	SORBI_3001G022000	1	1799075	1802499	2	2	0	7	4.680331e-09	0.857926	TG(16:0_18:1_20:0) | TG(18:1_20:0_22:1)
CTL	SORBI_3001G022100	1	1802533	1805609	2	2	0	7	4.680331e-09	0.884761	TG(16:0_18:1_20:0) | TG(18:1_20:0_22:1)
CTL	SORBI_3001G022200	1	1805923	1806951	2	2	0	7	4.680331e-09	0.884761	TG(16:0_18:1_20:0) | TG(18:1_20:0_22:1)
CTL	SORBI_3001G022500	1	1814461	1823163	2	2	0	7	4.680331e-09	0.978363	TG(16:0_18:1_20:0) | TG(18:1_20:0_22:1)
CTL	SORBI_3001G022600	1	1823402	1826715	2	2	0	7	4.680331e-09	0.978363	TG(16:0_18:1_20:0) | TG(18:1_20:0_22:1)
CTL	SORBI_3001G022900	1	1839741	1842448	2	2	0	7	4.680331e-09	0.978363	TG(16:0_18:1_20:0) | TG(18:1_20:0_22:1)
CTL	SORBI_3006G037300	6	14129051	14131799	2	2	0	2	4.835503e-09	0.793957	TG(16:0_16:0_20:1) | TG(16:0_18:1_18:1)
CTL	SORBI_3006G037401	6	14153005	14164701	2	2	0	2	4.835503e-09	0.50377	TG(16:0_16:0_20:1) | TG(16:0_18:1_18:1)
CTL	SORBI_3006G037500	6	14221600	14223833	2	2	0	2	4.835503e-09	0.463277	TG(16:0_16:0_20:1) | TG(16:0_18:1_18:1)
CTL	SORBI_3006G037600	6	14398069	14399299	2	2	0	2	4.835503e-09	0.561352	TG(16:0_16:0_20:1) | TG(16:0_18:1_18:1)
CTL	SORBI_3006G037650	6	14403485	14404733	2	2	0	2	4.835503e-09	0.894885	TG(16:0_16:0_20:1) | TG(16:0_18:1_18:1)
CTL	SORBI_3006G037800	6	14536724	14537643	2	2	0	2	4.835503e-09	0.628928	TG(16:0_16:0_20:1) | TG(16:0_18:1_18:1)
CTL	SORBI_3009G019400	9	1764334	1768647	2	2	0	4	4.943539e-09	0.636527	9,12,13,TriHODE | PC(18:2_0:0)
CTL	SORBI_3009G019550	9	1770595	1771036	2	2	0	4	4.943539e-09	1	9,12,13,TriHODE | PC(18:2_0:0)
CTL	SORBI_3009G019700	9	1780529	1781290	2	2	0	4	4.943539e-09	0.469143	9,12,13,TriHODE | PC(18:2_0:0)
CTL	SORBI_3009G019800	9	1784682	1791225	2	2	0	4	4.943539e-09	0.487449	9,12,13,TriHODE | PC(18:2_0:0)
CTL	SORBI_3009G020700	9	1841496	1849425	2	2	0	4	4.943539e-09	0.651449	9,12,13,TriHODE | PC(18:2_0:0)
CTL	SORBI_3009G020800	9	1847643	1848725	2	2	0	4	4.943539e-09	0.472767	9,12,13,TriHODE | PC(18:2_0:0)
CTL	SORBI_3010G138900	10	23383964	23393688	2	2	0	2	5.175023e-09	0.870904	Oxo fatty acid (18:3) | trans-EKODE-(E)-Ib
CTL	SORBI_3001G266600	1	50789942	50791083	2	0	2	2	5.416222e-09	0.657276	Sum_AEG_over_PS_log10ratio | Sum_GalCer_over_PS_log10ratio
CTL	SORBI_3001G267050	1	50856550	50857098	2	0	2	2	5.416222e-09	0.607607	Sum_AEG_over_PS_log10ratio | Sum_GalCer_over_PS_log10ratio
CTL	SORBI_3001G267100	1	50888462	50892783	2	0	2	2	5.416222e-09	0.684157	Sum_AEG_over_PS_log10ratio | Sum_GalCer_over_PS_log10ratio
CTL	SORBI_3003G165800	3	23661954	23670914	2	2	0	4	5.811702e-09	0.587188	TG(10:0_10:0_10:0) | TG(18:3_18:3_18:3)
CTL	SORBI_3003G166001	3	23944517	23947435	2	2	0	4	5.811702e-09	0.951351	TG(10:0_10:0_10:0) | TG(18:3_18:3_18:3)
CTL	SORBI_3009G140600	9	49794049	49796654	2	2	0	2	7.46706e-09	0.642668	PC(14:0_18:2) | PC(16:1_16:1)
CTL	SORBI_3009G140700	9	49800339	49805960	2	2	0	2	7.46706e-09	0.625105	PC(14:0_18:2) | PC(16:1_16:1)
CTL	SORBI_3009G140800	9	49807093	49811400	2	2	0	2	7.46706e-09	0.625105	PC(14:0_18:2) | PC(16:1_16:1)
CTL	SORBI_3006G036500	6	12446395	12449252	2	2	0	2	7.718894e-09	0.838764	TG(16:0_16:0_18:1) | TG(16:0_16:0_20:1)
CTL	SORBI_3006G036566	6	12520943	12523773	2	2	0	2	7.718894e-09	0.778032	TG(16:0_16:0_18:1) | TG(16:0_16:0_20:1)
CTL	SORBI_3006G036632	6	12709354	12711213	2	2	0	2	7.718894e-09	0.869791	TG(16:0_16:0_18:1) | TG(16:0_16:0_20:1)
CTL	SORBI_3006G036700	6	12827150	12830764	2	2	0	2	7.718894e-09	0.701863	TG(16:0_16:0_18:1) | TG(16:0_16:0_20:1)
CTL	SORBI_3001G222300	1	21176895	21180687	2	2	0	2	7.838417e-09	0.420606	TG(16:0_18:1_18:1) | TG(18:1_18:2_18:2)
CTL	SORBI_3001G223000	1	21322343	21323305	2	2	0	2	7.838417e-09	0.468403	TG(16:0_18:1_18:1) | TG(18:1_18:2_18:2)
CTL	SORBI_3004G139700	4	40223210	40247789	1	1	0	3	3.496251e-12	0.888606	TG(18:2_22:0_22:3)
CTL	SORBI_3004G139800	4	40248366	40250523	1	1	0	3	3.496251e-12	0.888606	TG(18:2_22:0_22:3)
CTL	SORBI_3004G139900	4	40568128	40571634	1	1	0	3	3.496251e-12	0.761807	TG(18:2_22:0_22:3)
CTL	SORBI_3004G140000	4	40614975	40619158	1	1	0	3	3.496251e-12	0.771443	TG(18:2_22:0_22:3)
CTL	SORBI_3008G103500	8	48987997	48990296	1	1	0	57	1.502745e-11	0.905424	PC(14:0_14:0)
CTL	SORBI_3008G103900	8	49064316	49067582	1	1	0	57	1.502745e-11	1	PC(14:0_14:0)
CTL	SORBI_3008G104601	8	49156264	49174717	1	1	0	57	1.502745e-11	1	PC(14:0_14:0)
CTL	SORBI_3010G061700	10	4822056	4823339	1	1	0	4	3.053269e-11	0.576802	gibberellic acid
CTL	SORBI_3010G061800	10	4823435	4827367	1	1	0	3	3.053269e-11	0.494003	gibberellic acid
CTL	SORBI_3010G061900	10	4839413	4841336	1	1	0	4	3.053269e-11	0.603743	gibberellic acid
CTL	SORBI_3010G062000	10	4868537	4872194	1	1	0	2	3.053269e-11	0.40855	gibberellic acid
CTL	SORBI_3008G103800	8	49061532	49064123	1	1	0	52	3.412968e-11	0.472076	PC(14:0_14:0)
CTL	SORBI_3006G034200	6	9222487	9226442	1	1	0	2	1.797998e-10	0.915764	TG(16:0_18:1_20:0)
CTL	SORBI_3006G034225	6	9278514	9280416	1	1	0	2	1.797998e-10	0.915735	TG(16:0_18:1_20:0)
CTL	SORBI_3006G034250	6	9328177	9330805	1	1	0	2	1.797998e-10	0.832301	TG(16:0_18:1_20:0)
CTL	SORBI_3010G192600	10	53477729	53484983	1	1	0	6	1.931837e-10	0.53177	TG(18:1_20:1_22:1)
CTL	SORBI_3010G192800	10	53501384	53502718	1	1	0	3	1.931837e-10	0.429827	TG(18:1_20:1_22:1)
CTL	SORBI_3010G193300	10	53532486	53534748	1	1	0	6	1.931837e-10	0.586877	TG(18:1_20:1_22:1)
CTL	SORBI_3010G194001	10	53646043	53646540	1	1	0	6	1.931837e-10	0.618186	TG(18:1_20:1_22:1)
CTL	SORBI_3010G194500	10	53707267	53710736	1	1	0	6	1.931837e-10	0.584235	TG(18:1_20:1_22:1)
CTL	SORBI_3010G194600	10	53712704	53721636	1	1	0	6	1.931837e-10	0.719049	TG(18:1_20:1_22:1)
CTL	SORBI_3010G194700	10	53735853	53742541	1	1	0	6	1.931837e-10	0.892574	TG(18:1_20:1_22:1)
CTL	SORBI_3010G194900	10	53796883	53799591	1	1	0	6	1.931837e-10	0.677988	TG(18:1_20:1_22:1)
CTL	SORBI_3010G195000	10	53805664	53814555	1	1	0	6	1.931837e-10	0.677988	TG(18:1_20:1_22:1)
CTL	SORBI_3010G195200	10	53838135	53842307	1	1	0	6	1.931837e-10	0.589214	TG(18:1_20:1_22:1)
CTL	SORBI_3010G150701	10	43516457	43518915	1	1	0	3	2.054052e-10	0.767444	TG(18:2_20:3_21:0)
CTL	SORBI_3010G150900	10	43624162	43626620	1	1	0	3	2.054052e-10	0.880557	TG(18:2_20:3_21:0)
CTL	SORBI_3010G151000	10	43625333	43633284	1	1	0	3	2.054052e-10	0.880557	TG(18:2_20:3_21:0)
CTL	SORBI_3010G151050	10	43735854	43738126	1	1	0	3	2.054052e-10	0.881952	TG(18:2_20:3_21:0)
CTL	SORBI_3010G151100	10	43738127	43740926	1	1	0	3	2.054052e-10	0.881952	TG(18:2_20:3_21:0)
CTL	SORBI_3010G151200	10	43755649	43756814	1	1	0	3	2.054052e-10	0.847119	TG(18:2_20:3_21:0)
CTL	SORBI_3010G151325	10	43771550	43774815	1	1	0	3	2.054052e-10	0.848693	TG(18:2_20:3_21:0)
CTL	SORBI_3006G187700	6	54225893	54226812	1	1	0	1	2.064514e-10	0.401143	TG(12:0_14:0_18:3)
CTL	SORBI_3006G187800	6	54228046	54231023	1	1	0	1	2.064514e-10	0.401749	TG(12:0_14:0_18:3)
CTL	SORBI_3002G322800	2	69400274	69405999	1	1	0	1	2.838561e-10	0.846726	TG(18:3_18:3_18:3)
CTL	SORBI_3001G261750	1	46065187	46066892	1	1	0	1	3.164879e-10	0.58679	AEG(o-15:2_15:0)
CTL	SORBI_3001G261900	1	46070345	46081650	1	1	0	1	3.164879e-10	0.583041	AEG(o-15:2_15:0)
CTL	SORBI_3001G262000	1	46317992	46322252	1	1	0	1	3.164879e-10	0.573885	AEG(o-15:2_15:0)
CTL	SORBI_3001G263900	1	48853471	48860836	1	1	0	1	3.891434e-10	0.881082	gibberellic acid
CTL	SORBI_3001G264000	1	48988585	48994298	1	1	0	1	3.891434e-10	0.640246	gibberellic acid
CTL	SORBI_3001G264100	1	49012702	49021429	1	1	0	1	3.891434e-10	0.469514	gibberellic acid
CTL	SORBI_3006G048700	6	34559165	34562646	1	1	0	1	4.059633e-10	0.825336	TG(16:0_18:1_20:0)
CTL	SORBI_3004G140300	4	40799384	40804789	1	1	0	1	4.396448e-10	0.742875	TG(12:0_14:0_18:3)
CTL	SORBI_3004G140400	4	40808675	40828401	1	1	0	1	4.396448e-10	0.752445	TG(12:0_14:0_18:3)
CTL	SORBI_3004G140501	4	40949367	40951777	1	1	0	1	4.396448e-10	0.752392	TG(12:0_14:0_18:3)
CTL	SORBI_3004G140600	4	40959559	40966085	1	1	0	1	4.396448e-10	0.743248	TG(12:0_14:0_18:3)
CTL	SORBI_3002G091200	2	9520497	9521758	1	1	0	21	4.402201e-10	0.679297	TG(18:1_20:1_22:1)
CTL	SORBI_3002G091300	2	9525195	9526587	1	1	0	21	4.402201e-10	0.701261	TG(18:1_20:1_22:1)
CTL	SORBI_3002G091400	2	9528682	9530773	1	1	0	21	4.402201e-10	0.771331	TG(18:1_20:1_22:1)
CTL	SORBI_3002G091500	2	9530774	9532713	1	1	0	21	4.402201e-10	0.662394	TG(18:1_20:1_22:1)
CTL	SORBI_3002G091600	2	9538510	9542833	1	1	0	21	4.402201e-10	0.746206	TG(18:1_20:1_22:1)
CTL	SORBI_3002G091700	2	9546198	9559088	1	1	0	21	4.402201e-10	1	TG(18:1_20:1_22:1)
CTL	SORBI_3002G091900	2	9575635	9576222	1	1	0	21	4.402201e-10	1	TG(18:1_20:1_22:1)
CTL	SORBI_3002G092050	2	9577525	9579683	1	1	0	21	4.402201e-10	1	TG(18:1_20:1_22:1)
CTL	SORBI_3002G092300	2	9593114	9597058	1	1	0	21	4.402201e-10	1	TG(18:1_20:1_22:1)
CTL	SORBI_3001G496100	1	76575839	76578016	1	1	0	1	4.642585e-10	0.818934	TG(16:0_16:0_18:1)
CTL	SORBI_3001G496700	1	76661336	76663583	1	1	0	1	4.642585e-10	0.412703	TG(16:0_16:0_18:1)
CTL	SORBI_3001G496800	1	76678203	76684214	1	1	0	1	4.642585e-10	0.551176	TG(16:0_16:0_18:1)
CTL	SORBI_3001G496900	1	76688048	76700046	1	1	0	1	4.642585e-10	0.585677	TG(16:0_16:0_18:1)
CTL	SORBI_3001G497100	1	76726053	76727255	1	1	0	1	4.642585e-10	0.484466	TG(16:0_16:0_18:1)
CTL	SORBI_3001G497200	1	76727378	76732107	1	1	0	1	4.642585e-10	0.501762	TG(16:0_16:0_18:1)
CTL	SORBI_3001G497300	1	76733239	76741594	1	1	0	1	4.642585e-10	0.499495	TG(16:0_16:0_18:1)
CTL	SORBI_3001G499500	1	76883275	76889617	1	1	0	1	4.642585e-10	0.906372	TG(16:0_16:0_18:1)
CTL	SORBI_3001G501000	1	77018201	77025143	1	1	0	1	4.642585e-10	0.515537	TG(16:0_16:0_18:1)
CTL	SORBI_3001G418800	1	69959308	69963764	1	1	0	29	4.966665e-10	1	trans-EKODE-(E)-Ib
CTL	SORBI_3001G419000	1	69967019	69970235	1	1	0	29	4.966665e-10	0.609805	trans-EKODE-(E)-Ib
CTL	SORBI_3001G419200	1	69995637	69998079	1	1	0	29	4.966665e-10	0.988695	trans-EKODE-(E)-Ib
CTL	SORBI_3001G419300	1	70001749	70004928	1	1	0	29	4.966665e-10	1	trans-EKODE-(E)-Ib
CTL	SORBI_3001G419600	1	70036636	70039387	1	1	0	28	4.966665e-10	0.463345	trans-EKODE-(E)-Ib
CTL	SORBI_3007G122000	7	52561868	52565942	1	1	0	2	5.244274e-10	0.811676	TG(12:0_18:1_18:2)
CTL	SORBI_3010G036301	10	2906768	2914757	1	1	0	2	5.526291e-10	0.400659	PA(16:0_18:2)
CTL	SORBI_3002G205300	2	59654699	59660613	1	1	0	1	6.099188e-10	1	gibberellic acid
CTL	SORBI_3002G205500	2	59706939	59711587	1	1	0	1	6.099188e-10	0.426521	gibberellic acid
CTL	SORBI_3010G141500	10	35248927	35306315	1	1	0	2	7.30872e-10	0.910135	trans-EKODE-(E)-Ib
CTL	SORBI_3010G141600	10	35334842	35356397	1	1	0	1	7.30872e-10	0.715431	trans-EKODE-(E)-Ib
CTL	SORBI_3010G141700	10	35388586	35391931	1	1	0	1	7.30872e-10	0.723594	trans-EKODE-(E)-Ib
CTL	SORBI_3010G141800	10	35392576	35395782	1	1	0	1	7.30872e-10	0.743047	trans-EKODE-(E)-Ib
CTL	SORBI_3010G141966	10	35395948	35396742	1	1	0	1	7.30872e-10	0.69376	trans-EKODE-(E)-Ib
CTL	SORBI_3007G192600	7	62517985	62522969	1	1	0	34	7.545169e-10	0.574378	.alpha.-Ionone
CTL	SORBI_3007G192700	7	62526244	62529026	1	1	0	34	7.545169e-10	0.600754	.alpha.-Ionone
CTL	SORBI_3007G193600	7	62634834	62635628	1	1	0	34	7.545169e-10	0.987748	.alpha.-Ionone
CTL	SORBI_3007G193700	7	62640711	62644563	1	1	0	34	7.545169e-10	0.894832	.alpha.-Ionone
CTL	SORBI_3007G193800	7	62644785	62649674	1	1	0	34	7.545169e-10	0.894832	.alpha.-Ionone
CTL	SORBI_3007G193900	7	62650085	62660122	1	1	0	34	7.545169e-10	0.894832	.alpha.-Ionone
CTL	SORBI_3007G194000	7	62659345	62664573	1	1	0	34	7.545169e-10	0.894832	.alpha.-Ionone
CTL	SORBI_3007G194100	7	62665882	62669181	1	1	0	34	7.545169e-10	1	.alpha.-Ionone
CTL	SORBI_3004G103700	4	9760081	9764638	1	1	0	5	8.011247e-10	0.620552	TG(18:1_18:2_18:2)
CTL	SORBI_3004G103800	4	9790926	9793483	1	1	0	5	8.011247e-10	0.810967	TG(18:1_18:2_18:2)
CTL	SORBI_3004G103901	4	9799468	9800603	1	1	0	5	8.011247e-10	0.670027	TG(18:1_18:2_18:2)
CTL	SORBI_3004G104000	4	9802085	9803523	1	1	0	5	8.011247e-10	0.88225	TG(18:1_18:2_18:2)
CTL	SORBI_3004G104100	4	9808826	9810907	1	1	0	5	8.011247e-10	0.922	TG(18:1_18:2_18:2)
CTL	SORBI_3004G104200	4	9811251	9812822	1	1	0	5	8.011247e-10	0.927541	TG(18:1_18:2_18:2)
CTL	SORBI_3004G104250	4	9814281	9815685	1	1	0	5	8.011247e-10	0.907553	TG(18:1_18:2_18:2)
CTL	SORBI_3004G104300	4	9831065	9833526	1	1	0	5	8.011247e-10	0.598942	TG(18:1_18:2_18:2)
CTL	SORBI_3004G104400	4	9835636	9837381	1	1	0	5	8.011247e-10	0.936674	TG(18:1_18:2_18:2)
CTL	SORBI_3004G104500	4	9838761	9838989	1	1	0	5	8.011247e-10	0.684962	TG(18:1_18:2_18:2)
CTL	SORBI_3004G104600	4	9852878	9853993	1	1	0	5	8.011247e-10	0.554371	TG(18:1_18:2_18:2)
CTL	SORBI_3006G140400	6	50267254	50283204	1	1	0	7	9.811013e-10	0.65575	TG(10:0_10:0_10:0)
CTL	SORBI_3006G140500	6	50285637	50287307	1	1	0	7	9.811013e-10	1	TG(10:0_10:0_10:0)
CTL	SORBI_3009G234400	9	57380742	57382858	1	1	0	1	1.01332e-09	0.406699	TG(10:0_10:0_10:0)
CTL	SORBI_3009G235000	9	57423992	57430687	1	1	0	1	1.01332e-09	0.419462	TG(10:0_10:0_10:0)
CTL	SORBI_3009G235900	9	57473771	57478289	1	1	0	1	1.01332e-09	0.612542	TG(10:0_10:0_10:0)
CTL	SORBI_3009G237100	9	57540825	57547713	1	1	0	1	1.01332e-09	0.412994	TG(10:0_10:0_10:0)
CTL	SORBI_3009G237200	9	57549825	57552568	1	1	0	1	1.01332e-09	0.431455	TG(10:0_10:0_10:0)
CTL	SORBI_3009G237400	9	57565192	57575775	1	1	0	1	1.01332e-09	0.451488	TG(10:0_10:0_10:0)
CTL	SORBI_3004G175300	4	52759107	52765145	1	1	0	1	1.026088e-09	0.928093	TG(16:0_18:1_20:2)
CTL	SORBI_3004G175400	4	52765796	52768760	1	1	0	1	1.026088e-09	1	TG(16:0_18:1_20:2)
CTL	SORBI_3004G175500	4	52774157	52778478	1	1	0	1	1.026088e-09	0.928093	TG(16:0_18:1_20:2)
CTL	SORBI_3004G175600	4	52781294	52785401	1	1	0	1	1.026088e-09	0.489191	TG(16:0_18:1_20:2)
CTL	SORBI_3004G175700	4	52789538	52794830	1	1	0	1	1.026088e-09	0.490735	TG(16:0_18:1_20:2)
CTL	SORBI_3004G175800	4	52804496	52806078	1	1	0	1	1.026088e-09	0.567857	TG(16:0_18:1_20:2)
CTL	SORBI_3004G176200	4	52851000	52859491	1	1	0	1	1.026088e-09	0.485659	TG(16:0_18:1_20:2)
CTL	SORBI_3005G012700	5	1149776	1156277	1	0	1	8	1.041704e-09	0.603571	Sum_PA_over_PS_log10ratio
CTL	SORBI_3005G012900	5	1174561	1176266	1	0	1	8	1.041704e-09	0.536278	Sum_PA_over_PS_log10ratio
CTL	SORBI_3005G014200	5	1302596	1304021	1	0	1	6	1.041704e-09	0.439011	Sum_PA_over_PS_log10ratio
CTL	SORBI_3005G014700	5	1326641	1331863	1	0	1	8	1.041704e-09	0.638787	Sum_PA_over_PS_log10ratio
CTL	SORBI_3005G014800	5	1333156	1334273	1	0	1	8	1.041704e-09	0.600776	Sum_PA_over_PS_log10ratio
CTL	SORBI_3009G220500	9	56384562	56390232	1	1	0	3	1.222343e-09	0.798957	TG(10:0_10:0_10:0)
CTL	SORBI_3009G220700	9	56391297	56392521	1	1	0	3	1.222343e-09	0.710348	TG(10:0_10:0_10:0)
CTL	SORBI_3009G220800	9	56392699	56397753	1	1	0	3	1.222343e-09	0.815809	TG(10:0_10:0_10:0)
CTL	SORBI_3009G221000	9	56414893	56420312	1	1	0	3	1.222343e-09	1	TG(10:0_10:0_10:0)
CTL	SORBI_3008G012200	8	1023815	1026799	1	1	0	1	1.271972e-09	1	TG(10:0_10:0_10:0)
CTL	SORBI_3006G061000	6	41348726	41358342	1	1	0	1	1.316015e-09	1	TG(12:0_14:0_18:3)
CTL	SORBI_3003G366850	3	68293375	68323091	1	1	0	6	1.358718e-09	0.478568	PA(16:0_18:2)
CTL	SORBI_3003G367300	3	68353737	68357152	1	1	0	6	1.358718e-09	0.575245	PA(16:0_18:2)
CTL	SORBI_3003G367350	3	68357704	68359055	1	1	0	6	1.358718e-09	0.618426	PA(16:0_18:2)
CTL	SORBI_3003G367401	3	68361466	68362218	1	1	0	6	1.358718e-09	1	PA(16:0_18:2)
CTL	SORBI_3003G367451	3	68362685	68367206	1	1	0	6	1.358718e-09	1	PA(16:0_18:2)
CTL	SORBI_3003G367900	3	68376151	68378750	1	1	0	6	1.358718e-09	0.77967	PA(16:0_18:2)
CTL	SORBI_3003G368100	3	68388419	68392296	1	1	0	6	1.358718e-09	0.589218	PA(16:0_18:2)
CTL	SORBI_3003G368150	3	68389757	68390750	1	1	0	6	1.358718e-09	0.589218	PA(16:0_18:2)
CTL	SORBI_3003G368200	3	68397338	68401309	1	1	0	6	1.358718e-09	0.555893	PA(16:0_18:2)
CTL	SORBI_3003G369066	3	68484437	68487658	1	1	0	6	1.358718e-09	0.774606	PA(16:0_18:2)
CTL	SORBI_3003G369200	3	68524376	68536009	1	1	0	6	1.358718e-09	0.537262	PA(16:0_18:2)
CTL	SORBI_3003G370100	3	68605726	68610855	1	1	0	6	1.358718e-09	0.523033	PA(16:0_18:2)
CTL	SORBI_3004G105100	4	9913834	9917972	1	1	0	1	1.366388e-09	0.406593	TG(18:1_18:2_18:2)
CTL	SORBI_3010G141433	10	34858274	34864380	1	1	0	1	1.420544e-09	0.889779	trans-EKODE-(E)-Ib
CTL	SORBI_3010G197300	10	54044273	54050703	1	1	0	1	1.428977e-09	0.763898	TG(16:0_18:1_20:2)
CTL	SORBI_3010G197566	10	54060915	54065679	1	1	0	1	1.428977e-09	0.775973	TG(16:0_18:1_20:2)
CTL	SORBI_3008G154100	8	58676774	58680323	1	1	0	2	1.54269e-09	0.640088	.alpha.-Ionone
CTL	SORBI_3008G154200	8	58689485	58694436	1	1	0	2	1.54269e-09	0.717233	.alpha.-Ionone
CTL	SORBI_3008G154300	8	58700018	58703076	1	1	0	2	1.54269e-09	0.988147	.alpha.-Ionone
CTL	SORBI_3010G131900	10	18148226	18154968	1	1	0	1	1.554227e-09	0.700251	Oxo fatty acid (18:3)
CTL	SORBI_3010G131950	10	18156407	18156751	1	1	0	1	1.554227e-09	0.613415	Oxo fatty acid (18:3)
CTL	SORBI_3010G132000	10	18208955	18213440	1	1	0	1	1.554227e-09	0.819717	Oxo fatty acid (18:3)
CTL	SORBI_3010G132100	10	18274379	18282651	1	1	0	1	1.554227e-09	0.823069	Oxo fatty acid (18:3)
CTL	SORBI_3010G132300	10	18282411	18289318	1	1	0	1	1.554227e-09	0.823069	Oxo fatty acid (18:3)
CTL	SORBI_3010G132400	10	18287069	18292770	1	1	0	1	1.554227e-09	0.823069	Oxo fatty acid (18:3)
CTL	SORBI_3010G132500	10	18304098	18305471	1	1	0	1	1.554227e-09	1	Oxo fatty acid (18:3)
CTL	SORBI_3010G132550	10	18305577	18306198	1	1	0	1	1.554227e-09	0.819717	Oxo fatty acid (18:3)
CTL	SORBI_3010G132600	10	18308320	18314385	1	1	0	1	1.554227e-09	0.823069	Oxo fatty acid (18:3)
CTL	SORBI_3010G132800	10	18442896	18445005	1	1	0	1	1.554227e-09	0.823069	Oxo fatty acid (18:3)
CTL	SORBI_3010G132900	10	18475436	18479434	1	1	0	1	1.554227e-09	0.819717	Oxo fatty acid (18:3)
CTL	SORBI_3010G133000	10	18563207	18564509	1	1	0	1	1.554227e-09	0.823008	Oxo fatty acid (18:3)
CTL	SORBI_3003G368300	3	68401519	68405380	1	1	0	5	1.755257e-09	0.408302	PA(16:0_18:2)
CTL	SORBI_3005G110040	5	23961791	23962226	1	1	0	1	1.958565e-09	0.670454	PC(16:1_16:1)
CTL	SORBI_3009G222000	9	56491188	56492179	1	1	0	2	1.962411e-09	0.407614	DG(16:0_18:0)
CTL	SORBI_3009G222100	9	56495581	56501057	1	1	0	7	1.962411e-09	0.459705	DG(16:0_18:0)
CTL	SORBI_3009G222200	9	56508972	56516436	1	1	0	7	1.962411e-09	0.669555	DG(16:0_18:0)
CTL	SORBI_3009G222400	9	56518137	56522389	1	1	0	2	1.962411e-09	0.441729	DG(16:0_18:0)
CTL	SORBI_3009G222500	9	56526542	56529713	1	1	0	7	1.962411e-09	0.916565	DG(16:0_18:0)
CTL	SORBI_3009G222600	9	56530809	56534265	1	1	0	7	1.962411e-09	1	DG(16:0_18:0)
CTL	SORBI_3009G222700	9	56538468	56539820	1	1	0	7	1.962411e-09	0.816885	DG(16:0_18:0)
CTL	SORBI_3009G222800	9	56542104	56544279	1	1	0	7	1.962411e-09	0.761732	DG(16:0_18:0)
CTL	SORBI_3009G223200	9	56573111	56578304	1	1	0	2	1.962411e-09	0.434825	DG(16:0_18:0)
CTL	SORBI_3009G223400	9	56596707	56598792	1	1	0	7	1.962411e-09	0.501436	DG(16:0_18:0)
CTL	SORBI_3005G110487	5	30909860	30912528	1	1	0	1	1.980517e-09	0.78216	TG(16:0_18:1_18:1)
CTL	SORBI_3005G054700	5	5538592	5550057	1	1	0	1	1.986563e-09	0.837082	TG(18:2_18:2_18:4)
CTL	SORBI_3005G011000	5	982653	985317	1	1	0	3	2.013684e-09	1	PA(16:0_18:2)
CTL	SORBI_3005G011200	5	997462	1000289	1	1	0	12	2.013684e-09	0.590244	PA(16:0_18:2)
CTL	SORBI_3005G011300	5	1016821	1020359	1	1	0	12	2.013684e-09	0.590244	PA(16:0_18:2)
CTL	SORBI_3005G011500	5	1026099	1027756	1	1	0	5	2.013684e-09	0.510546	PA(16:0_18:2)
CTL	SORBI_3010G139100	10	23774936	23779836	1	1	0	1	2.089284e-09	0.877905	trans-EKODE-(E)-Ib
CTL	SORBI_3010G139200	10	23968689	23969051	1	1	0	1	2.089284e-09	0.792935	trans-EKODE-(E)-Ib
CTL	SORBI_3010G139301	10	23969926	23972943	1	1	0	1	2.089284e-09	0.532038	trans-EKODE-(E)-Ib
CTL	SORBI_3010G135100	10	20061011	20061586	1	1	0	1	2.091499e-09	0.619038	Oxo fatty acid (18:3)
CTL	SORBI_3008G003300	8	290195	291533	1	1	0	3	2.103137e-09	0.51202	TG(16:0_18:1_18:1)
CTL	SORBI_3008G004500	8	406101	407501	1	1	0	3	2.103137e-09	0.456622	TG(16:0_18:1_18:1)
CTL	SORBI_3008G004800	8	423697	425996	1	1	0	3	2.103137e-09	0.570772	TG(16:0_18:1_18:1)
CTL	SORBI_3008G004900	8	452671	455534	1	1	0	3	2.103137e-09	0.551723	TG(16:0_18:1_18:1)
CTL	SORBI_3008G005100	8	465387	468367	1	1	0	3	2.103137e-09	0.711557	TG(16:0_18:1_18:1)
CTL	SORBI_3008G005200	8	472954	475033	1	1	0	3	2.103137e-09	0.596333	TG(16:0_18:1_18:1)
CTL	SORBI_3008G005300	8	477308	480827	1	1	0	3	2.103137e-09	0.705525	TG(16:0_18:1_18:1)
CTL	SORBI_3008G005400	8	482231	485201	1	1	0	3	2.103137e-09	1	TG(16:0_18:1_18:1)
CTL	SORBI_3008G005600	8	492082	493258	1	1	0	3	2.103137e-09	0.44082	TG(16:0_18:1_18:1)
CTL	SORBI_3008G005700	8	489090	501266	1	1	0	3	2.103137e-09	0.882086	TG(16:0_18:1_18:1)
CTL	SORBI_3008G005800	8	492999	499658	1	1	0	3	2.103137e-09	0.711557	TG(16:0_18:1_18:1)
CTL	SORBI_3003G252200	3	59054607	59078061	1	1	0	1	2.132079e-09	0.894737	PC(16:1_16:1)
CTL	SORBI_3005G061500	5	6677505	6691699	1	1	0	1	2.133866e-09	1	PC(14:0_18:3)
CTL	SORBI_3006G278800	6	60923743	60926080	1	1	0	1	2.163172e-09	0.473418	gibberellic acid
CTL	SORBI_3006G278900	6	60926659	60930407	1	1	0	1	2.163172e-09	0.41948	gibberellic acid
CTL	SORBI_3007G121950	7	52478934	52482881	1	1	0	1	2.269017e-09	0.483905	TG(12:0_18:1_18:2)
CTL	SORBI_3005G054300	5	5458282	5472289	1	1	0	1	2.296522e-09	0.434265	TG(18:3_18:3_18:3)
CTL	SORBI_3010G142132	10	35814079	35816161	1	1	0	1	2.327924e-09	0.762262	trans-EKODE-(E)-Ib
CTL	SORBI_3005G183600	5	66810644	66811963	1	1	0	1	2.335037e-09	0.555431	TG(18:1_18:2_18:2)
CTL	SORBI_3005G183700	5	66876289	66877722	1	1	0	2	2.335037e-09	0.707368	TG(18:1_18:2_18:2)
CTL	SORBI_3001G288900	1	56549460	56552698	1	1	0	1	2.36118e-09	0.579013	TG(18:2_20:3_21:0)
CTL	SORBI_3001G289200	1	56564430	56566703	1	1	0	1	2.36118e-09	0.554912	TG(18:2_20:3_21:0)
CTL	SORBI_3001G289400	1	56567841	56572316	1	1	0	1	2.36118e-09	0.649407	TG(18:2_20:3_21:0)
CTL	SORBI_3001G289600	1	56578060	56584891	1	1	0	1	2.36118e-09	0.465709	TG(18:2_20:3_21:0)
CTL	SORBI_3001G289700	1	56596135	56608070	1	1	0	1	2.36118e-09	0.859215	TG(18:2_20:3_21:0)
CTL	SORBI_3001G289800	1	56625147	56632184	1	1	0	1	2.36118e-09	0.873048	TG(18:2_20:3_21:0)
CTL	SORBI_3008G004600	8	410940	417101	1	1	0	1	2.416201e-09	0.42538	TG(16:0_18:1_18:1)
CTL	SORBI_3008G004700	8	420429	421162	1	1	0	1	2.416201e-09	0.424526	TG(16:0_18:1_18:1)
CTL	SORBI_3001G122100	1	9615157	9620295	1	1	0	1	2.499299e-09	0.533923	TG(10:0_10:0_10:0)
CTL	SORBI_3001G122200	1	9620952	9626480	1	1	0	1	2.499299e-09	0.533923	TG(10:0_10:0_10:0)
CTL	SORBI_3001G122600	1	9658450	9659702	1	1	0	1	2.499299e-09	0.608283	TG(10:0_10:0_10:0)
CTL	SORBI_3001G122700	1	9661116	9662725	1	1	0	1	2.499299e-09	0.54752	TG(10:0_10:0_10:0)
CTL	SORBI_3009G015166	9	1344484	1350632	1	1	0	1	2.599364e-09	1	TG(16:0_18:1_20:0)
CTL	SORBI_3009G069600	9	8034359	8038174	1	1	0	1	2.620193e-09	0.771293	PC(16:1_16:1)
CTL	SORBI_3009G069800	9	8119732	8123399	1	1	0	1	2.620193e-09	0.78965	PC(16:1_16:1)
CTL	SORBI_3009G069901	9	8140335	8147311	1	1	0	1	2.620193e-09	0.840181	PC(16:1_16:1)
CTL	SORBI_3005G182701	5	66540238	66541269	1	1	0	1	2.664621e-09	0.46508	TG(18:1_18:2_18:2)
CTL	SORBI_3005G182900	5	66596921	66609972	1	1	0	1	2.664621e-09	0.572126	TG(18:1_18:2_18:2)
CTL	SORBI_3005G183100	5	66634235	66635874	1	1	0	1	2.664621e-09	0.578137	TG(18:1_18:2_18:2)
CTL	SORBI_3005G183200	5	66636546	66642481	1	1	0	1	2.664621e-09	0.639126	TG(18:1_18:2_18:2)
CTL	SORBI_3005G183300	5	66674598	66683008	1	1	0	1	2.664621e-09	0.471393	TG(18:1_18:2_18:2)
CTL	SORBI_3005G183400	5	66733924	66739297	1	1	0	1	2.664621e-09	0.404217	TG(18:1_18:2_18:2)
CTL	SORBI_3005G183450	5	66738132	66745830	1	1	0	1	2.664621e-09	0.411917	TG(18:1_18:2_18:2)
CTL	SORBI_3005G183500	5	66776936	66788591	1	1	0	1	2.664621e-09	0.408068	TG(18:1_18:2_18:2)
CTL	SORBI_3005G183900	5	66885571	66892778	1	1	0	1	2.664621e-09	0.515213	TG(18:1_18:2_18:2)
CTL	SORBI_3010G103600	10	9750152	9750801	1	1	0	3	2.664867e-09	0.704672	DGDG(16:0_18:2)
CTL	SORBI_3010G103700	10	9752958	9758076	1	1	0	3	2.664867e-09	0.88039	DGDG(16:0_18:2)
CTL	SORBI_3010G103800	10	9759306	9761176	1	1	0	3	2.664867e-09	0.913459	DGDG(16:0_18:2)
CTL	SORBI_3010G103900	10	9762551	9765008	1	1	0	3	2.664867e-09	0.899713	DGDG(16:0_18:2)
CTL	SORBI_3010G104000	10	9785533	9788159	1	1	0	3	2.664867e-09	0.91787	DGDG(16:0_18:2)
CTL	SORBI_3010G104100	10	9788541	9792566	1	1	0	3	2.664867e-09	0.898833	DGDG(16:0_18:2)
CTL	SORBI_3010G104200	10	9811899	9814070	1	1	0	3	2.664867e-09	0.830186	DGDG(16:0_18:2)
CTL	SORBI_3010G104300	10	9815040	9816231	1	1	0	3	2.664867e-09	0.677144	DGDG(16:0_18:2)
CTL	SORBI_3010G104400	10	9838627	9842462	1	1	0	3	2.664867e-09	0.681242	DGDG(16:0_18:2)
CTL	SORBI_3002G148000	2	37431014	37433730	1	1	0	1	2.815911e-09	0.891156	TG(16:0_16:0_20:1)
CTL	SORBI_3007G103732	7	32564224	32575387	1	1	0	1	2.927088e-09	0.97044	TG(16:0_18:1_20:0)
CTL	SORBI_3010G142700	10	37669206	37672040	1	1	0	2	2.974232e-09	0.959898	Oxo fatty acid (18:3)
CTL	SORBI_3008G103066	8	48839163	48839848	1	1	0	1	2.990516e-09	0.925416	gibberellic acid
CTL	SORBI_3008G104100	8	49086394	49089119	1	1	0	1	2.990516e-09	1	gibberellic acid
CTL	SORBI_3008G105000	8	49246763	49248284	1	1	0	1	2.990516e-09	0.438224	gibberellic acid
CTL	SORBI_3010G124800	10	15203779	15206424	1	1	0	1	3.070493e-09	0.61305	Oxo fatty acid (18:3)
CTL	SORBI_3010G124850	10	15274195	15274742	1	1	0	1	3.070493e-09	0.625193	Oxo fatty acid (18:3)
CTL	SORBI_3010G124900	10	15275988	15278799	1	1	0	1	3.070493e-09	0.701367	Oxo fatty acid (18:3)
CTL	SORBI_3010G125000	10	15305841	15310151	1	1	0	1	3.070493e-09	0.701367	Oxo fatty acid (18:3)
CTL	SORBI_3010G125100	10	15309432	15314235	1	1	0	1	3.070493e-09	0.739649	Oxo fatty acid (18:3)
CTL	SORBI_3010G125200	10	15322896	15330023	1	1	0	1	3.070493e-09	0.781961	Oxo fatty acid (18:3)
CTL	SORBI_3010G125300	10	15437721	15455511	1	1	0	1	3.070493e-09	0.802478	Oxo fatty acid (18:3)
CTL	SORBI_3003G077300	3	6595626	6599736	1	1	0	1	3.140747e-09	0.560286	TG(12:0_14:0_18:3)
CTL	SORBI_3003G077400	3	6599802	6604261	1	1	0	1	3.140747e-09	0.614766	TG(12:0_14:0_18:3)
CTL	SORBI_3003G077500	3	6605242	6609903	1	1	0	1	3.140747e-09	0.447231	TG(12:0_14:0_18:3)
CTL	SORBI_3003G077600	3	6628209	6632681	1	1	0	1	3.140747e-09	0.459276	TG(12:0_14:0_18:3)
CTL	SORBI_3003G077700	3	6633412	6639676	1	1	0	1	3.140747e-09	0.546275	TG(12:0_14:0_18:3)
CTL	SORBI_3003G077800	3	6643506	6645842	1	1	0	1	3.140747e-09	0.459276	TG(12:0_14:0_18:3)
CTL	SORBI_3003G077900	3	6651977	6658547	1	1	0	1	3.140747e-09	0.560286	TG(12:0_14:0_18:3)
CTL	SORBI_3003G078000	3	6660924	6665694	1	1	0	1	3.140747e-09	0.436503	TG(12:0_14:0_18:3)
CTL	SORBI_3003G078501	3	6753352	6756122	1	1	0	1	3.140747e-09	0.473109	TG(12:0_14:0_18:3)
CTL	SORBI_3003G078600	3	6757698	6758985	1	1	0	1	3.140747e-09	1	TG(12:0_14:0_18:3)
CTL	SORBI_3003G078700	3	6758539	6763539	1	1	0	1	3.140747e-09	0.623849	TG(12:0_14:0_18:3)
CTL	SORBI_3003G079300	3	6804540	6807751	1	1	0	1	3.140747e-09	0.693901	TG(12:0_14:0_18:3)
CTL	SORBI_3008G093000	8	42258571	42262348	1	1	0	1	3.151713e-09	0.859247	TG(16:0_16:0_18:1)
CTL	SORBI_3008G088806	8	19696678	19709922	1	1	0	1	3.153205e-09	0.896714	.alpha.-Ionone
CTL	SORBI_3001G247600	1	26301630	26305587	1	1	0	1	3.424946e-09	0.43954	PC(16:1_16:1)
CTL	SORBI_3001G247700	1	26479602	26484818	1	1	0	1	3.424946e-09	0.676339	PC(16:1_16:1)
CTL	SORBI_3001G247800	1	26485599	26488838	1	1	0	1	3.424946e-09	0.668837	PC(16:1_16:1)
CTL	SORBI_3001G247900	1	26515255	26517299	1	1	0	1	3.424946e-09	0.590188	PC(16:1_16:1)
CTL	SORBI_3001G248000	1	26521743	26522318	1	1	0	1	3.424946e-09	0.582434	PC(16:1_16:1)
CTL	SORBI_3001G248100	1	26545536	26552133	1	1	0	1	3.424946e-09	0.708647	PC(16:1_16:1)
CTL	SORBI_3001G248200	1	26553388	26558790	1	1	0	1	3.424946e-09	0.568666	PC(16:1_16:1)
CTL	SORBI_3001G248300	1	26559121	26580223	1	1	0	1	3.424946e-09	0.582546	PC(16:1_16:1)
CTL	SORBI_3006G039500	6	17967739	17968344	1	1	0	1	3.529859e-09	0.863664	TG(12:0_14:0_18:3)
CTL	SORBI_3002G244600	2	63336180	63339375	1	1	0	1	3.681911e-09	0.4077	TG(10:0_16:1_18:1)
CTL	SORBI_3002G244901	2	63346816	63351078	1	1	0	1	3.681911e-09	0.43725	TG(10:0_16:1_18:1)
CTL	SORBI_3002G245000	2	63351976	63357790	1	1	0	1	3.681911e-09	0.52202	TG(10:0_16:1_18:1)
CTL	SORBI_3002G245100	2	63369660	63372006	1	1	0	1	3.681911e-09	0.562132	TG(10:0_16:1_18:1)
CTL	SORBI_3002G245200	2	63373770	63375070	1	1	0	1	3.681911e-09	0.960654	TG(10:0_16:1_18:1)
CTL	SORBI_3002G245300	2	63378457	63381082	1	1	0	1	3.681911e-09	0.535902	TG(10:0_16:1_18:1)
CTL	SORBI_3010G086500	10	7438985	7442978	1	1	0	1	3.728962e-09	0.414046	TG(10:0_16:1_18:1)
CTL	SORBI_3010G086800	10	7453988	7455591	1	1	0	1	3.728962e-09	0.425945	TG(10:0_16:1_18:1)
CTL	SORBI_3003G203866	3	53392494	53394662	1	1	0	1	3.880064e-09	0.420193	TG(18:1_18:2_18:2)
CTL	SORBI_3003G203900	3	53397007	53397725	1	1	0	1	3.880064e-09	0.940989	TG(18:1_18:2_18:2)
CTL	SORBI_3003G204100	3	53401220	53413348	1	1	0	1	3.880064e-09	0.9804	TG(18:1_18:2_18:2)
CTL	SORBI_3001G419100	1	69976537	69980189	1	1	0	2	3.890947e-09	0.591185	trans-EKODE-(E)-Ib
CTL	SORBI_3001G419400	1	70008508	70015602	1	1	0	1	3.890947e-09	0.439355	trans-EKODE-(E)-Ib
CTL	SORBI_3001G420300	1	70085136	70088029	1	1	0	1	3.890947e-09	0.505083	trans-EKODE-(E)-Ib
CTL	SORBI_3005G227050	5	71403991	71408437	1	1	0	1	3.891326e-09	0.461573	gibberellic acid
CTL	SORBI_3005G227600	5	71488393	71490045	1	1	0	1	3.891326e-09	0.794617	gibberellic acid
CTL	SORBI_3005G227800	5	71515133	71515918	1	1	0	1	3.891326e-09	0.482135	gibberellic acid
CTL	SORBI_3005G228400	5	71574182	71581342	1	1	0	1	3.891326e-09	0.402967	gibberellic acid
CTL	SORBI_3005G228501	5	71584292	71587909	1	1	0	1	3.891326e-09	0.427754	gibberellic acid
CTL	SORBI_3009G108600	9	43534721	43542774	1	1	0	1	4.013893e-09	1	TG(12:0_14:0_18:3)
CTL	SORBI_3009G109000	9	43765204	43766644	1	1	0	1	4.013893e-09	0.417735	TG(12:0_14:0_18:3)
CTL	SORBI_3009G223100	9	56567273	56568899	1	1	0	3	4.119261e-09	0.437891	DG(16:0_18:0)
CTL	SORBI_3003G068950	3	5888554	5895000	1	1	0	2	4.124841e-09	0.479668	TG(12:0_18:1_18:3)
CTL	SORBI_3003G069950	3	5988613	5992771	1	1	0	2	4.124841e-09	0.48063	TG(12:0_18:1_18:3)
CTL	SORBI_3007G103400	7	30410924	30455948	1	1	0	1	4.153763e-09	0.846302	gibberellic acid
CTL	SORBI_3007G109301	7	39344941	39347165	1	1	0	2	4.158159e-09	0.974529	TG(18:2_22:0_22:3)
CTL	SORBI_3007G109400	7	39453202	39454489	1	1	0	2	4.158159e-09	0.968367	TG(18:2_22:0_22:3)
CTL	SORBI_3007G109700	7	39651616	39653471	1	1	0	2	4.158159e-09	0.974529	TG(18:2_22:0_22:3)
CTL	SORBI_3007G109800	7	39655862	39656846	1	1	0	2	4.158159e-09	0.968389	TG(18:2_22:0_22:3)
CTL	SORBI_3006G044000	6	30653544	30655929	1	1	0	1	4.181131e-09	0.817235	TG(16:0_16:0_18:1)
CTL	SORBI_3003G185300	3	49885935	49887720	1	1	0	1	4.205869e-09	0.863017	9,12,13,TriHODE
CTL	SORBI_3003G185500	3	50030698	50035770	1	1	0	1	4.205869e-09	0.863017	9,12,13,TriHODE
CTL	SORBI_3003G185600	3	50035815	50039398	1	1	0	1	4.205869e-09	0.908605	9,12,13,TriHODE
CTL	SORBI_3003G185800	3	50283010	50283905	1	1	0	1	4.205869e-09	0.863017	9,12,13,TriHODE
CTL	SORBI_3003G185900	3	50284500	50287827	1	1	0	1	4.205869e-09	0.611883	9,12,13,TriHODE
CTL	SORBI_3003G186000	3	50290449	50307777	1	1	0	1	4.205869e-09	0.863017	9,12,13,TriHODE
CTL	SORBI_3003G186200	3	50319219	50320963	1	1	0	1	4.205869e-09	0.863017	9,12,13,TriHODE
CTL	SORBI_3002G202700	2	59258884	59260622	1	1	0	1	4.602665e-09	0.478522	TG(16:0_16:0_20:1)
CTL	SORBI_3002G203000	2	59318757	59320764	1	1	0	1	4.602665e-09	0.705236	TG(16:0_16:0_20:1)
CTL	SORBI_3002G203200	2	59363650	59379303	1	1	0	1	4.602665e-09	0.57551	TG(16:0_16:0_20:1)
CTL	SORBI_3002G104200	2	12324179	12326448	1	1	0	1	4.633664e-09	0.53204	TG(10:0_10:0_10:0)
CTL	SORBI_3002G105300	2	12498857	12499719	1	1	0	1	4.633664e-09	0.759858	TG(10:0_10:0_10:0)
CTL	SORBI_3002G105350	2	12506285	12508924	1	1	0	1	4.633664e-09	1	TG(10:0_10:0_10:0)
CTL	SORBI_3002G105700	2	12589899	12595027	1	1	0	1	4.633664e-09	0.499189	TG(10:0_10:0_10:0)
CTL	SORBI_3001G021000	1	1729643	1737804	1	1	0	6	4.680331e-09	0.473554	TG(16:0_18:1_20:0)
CTL	SORBI_3001G021200	1	1742695	1745249	1	1	0	6	4.680331e-09	0.463328	TG(16:0_18:1_20:0)
CTL	SORBI_3001G021400	1	1757737	1762311	1	1	0	6	4.680331e-09	0.456224	TG(16:0_18:1_20:0)
CTL	SORBI_3001G021500	1	1770077	1776290	1	1	0	6	4.680331e-09	0.609646	TG(16:0_18:1_20:0)
CTL	SORBI_3001G021601	1	1778259	1779825	1	1	0	6	4.680331e-09	0.632113	TG(16:0_18:1_20:0)
CTL	SORBI_3001G021700	1	1780750	1786230	1	1	0	6	4.680331e-09	0.872261	TG(16:0_18:1_20:0)
CTL	SORBI_3001G021800	1	1787545	1793480	1	1	0	6	4.680331e-09	0.872261	TG(16:0_18:1_20:0)
CTL	SORBI_3001G022700	1	1826823	1829149	1	1	0	6	4.680331e-09	0.978363	TG(16:0_18:1_20:0)
CTL	SORBI_3001G022800	1	1835108	1838685	1	1	0	6	4.680331e-09	0.988711	TG(16:0_18:1_20:0)
CTL	SORBI_3006G166900	6	52428961	52430960	1	1	0	1	4.73399e-09	1	TG(16:0_18:1_20:1)
CTL	SORBI_3005G089900	5	12971151	12971751	1	1	0	1	4.903505e-09	0.574628	TG(16:0_18:1_20:2)
CTL	SORBI_3005G090200	5	13011951	13012386	1	1	0	1	4.903505e-09	0.933214	TG(16:0_18:1_20:2)
CTL	SORBI_3005G090401	5	13099668	13101699	1	1	0	1	4.903505e-09	0.932946	TG(16:0_18:1_20:2)
CTL	SORBI_3005G090500	5	13187965	13195170	1	1	0	1	4.903505e-09	0.937516	TG(16:0_18:1_20:2)
CTL	SORBI_3004G132800	4	20661484	20665974	1	1	0	3	5.024426e-09	0.956041	TG(18:2_22:0_22:3)
CTL	SORBI_3004G132900	4	20672482	20691277	1	1	0	3	5.024426e-09	0.874727	TG(18:2_22:0_22:3)
CTL	SORBI_3004G133000	4	20694355	20707386	1	1	0	3	5.024426e-09	0.874727	TG(18:2_22:0_22:3)
CTL	SORBI_3004G133100	4	20707715	20711558	1	1	0	3	5.024426e-09	0.869284	TG(18:2_22:0_22:3)
CTL	SORBI_3004G133201	4	20723499	20728141	1	1	0	3	5.024426e-09	0.874727	TG(18:2_22:0_22:3)
CTL	SORBI_3001G023000	1	1843896	1850570	1	1	0	1	5.0281e-09	0.513432	TG(18:1_20:0_22:1)
CTL	SORBI_3001G023100	1	1850735	1856772	1	1	0	1	5.0281e-09	0.513432	TG(18:1_20:0_22:1)
CTL	SORBI_3001G023200	1	1857418	1860721	1	1	0	1	5.0281e-09	0.557802	TG(18:1_20:0_22:1)
CTL	SORBI_3001G023300	1	1865214	1867137	1	1	0	1	5.0281e-09	0.602634	TG(18:1_20:0_22:1)
CTL	SORBI_3001G023400	1	1867351	1871783	1	1	0	1	5.0281e-09	0.612631	TG(18:1_20:0_22:1)
CTL	SORBI_3001G023500	1	1873872	1880619	1	1	0	1	5.0281e-09	0.668044	TG(18:1_20:0_22:1)
CTL	SORBI_3001G023600	1	1883564	1885539	1	1	0	1	5.0281e-09	0.668044	TG(18:1_20:0_22:1)
CTL	SORBI_3001G023700	1	1886965	1888591	1	1	0	1	5.0281e-09	0.687936	TG(18:1_20:0_22:1)
CTL	SORBI_3001G023800	1	1888889	1893254	1	1	0	1	5.0281e-09	0.667583	TG(18:1_20:0_22:1)
CTL	SORBI_3001G023900	1	1898224	1900808	1	1	0	1	5.0281e-09	0.649914	TG(18:1_20:0_22:1)
CTL	SORBI_3001G024000	1	1902840	1909071	1	1	0	1	5.0281e-09	0.724006	TG(18:1_20:0_22:1)
CTL	SORBI_3001G024100	1	1911456	1913557	1	1	0	1	5.0281e-09	0.496062	TG(18:1_20:0_22:1)
CTL	SORBI_3001G024200	1	1919703	1924815	1	1	0	1	5.0281e-09	0.716742	TG(18:1_20:0_22:1)
CTL	SORBI_3001G024250	1	1925084	1925686	1	1	0	1	5.0281e-09	0.639568	TG(18:1_20:0_22:1)
CTL	SORBI_3001G024400	1	1934662	1935930	1	1	0	1	5.0281e-09	0.685245	TG(18:1_20:0_22:1)
CTL	SORBI_3008G048200	8	4728273	4730726	1	1	0	1	5.035169e-09	1	gibberellic acid
CTL	SORBI_3008G048300	8	4733873	4736964	1	1	0	1	5.035169e-09	0.601772	gibberellic acid
CTL	SORBI_3008G048933	8	4803388	4805539	1	1	0	1	5.035169e-09	1	gibberellic acid
CTL	SORBI_3009G219800	9	56344174	56345457	1	1	0	1	5.055957e-09	0.453104	TG(10:0_10:0_10:0)
CTL	SORBI_3004G259101	4	60439416	60456664	1	1	0	1	5.071894e-09	1	PC(16:1_16:1)
CTL	SORBI_3003G421700	3	72665371	72669662	1	1	0	1	5.274155e-09	0.516229	TG(12:0_14:0_18:3)
CTL	SORBI_3003G422300	3	72703977	72708752	1	1	0	1	5.274155e-09	0.915647	TG(12:0_14:0_18:3)
CTL	SORBI_3003G422500	3	72714129	72726876	1	1	0	1	5.274155e-09	0.811883	TG(12:0_14:0_18:3)
CTL	SORBI_3003G422800	3	72756695	72760077	1	1	0	1	5.274155e-09	0.915349	TG(12:0_14:0_18:3)
CTL	SORBI_3003G422900	3	72761769	72768462	1	1	0	1	5.274155e-09	0.929612	TG(12:0_14:0_18:3)
CTL	SORBI_3003G426300	3	73024820	73025894	1	1	0	1	5.274155e-09	0.745646	TG(12:0_14:0_18:3)
CTL	SORBI_3003G426500	3	73030119	73031238	1	1	0	1	5.274155e-09	0.700659	TG(12:0_14:0_18:3)
CTL	SORBI_3003G426600	3	73031515	73032877	1	1	0	1	5.274155e-09	0.683081	TG(12:0_14:0_18:3)
CTL	SORBI_3003G427100	3	73053364	73060285	1	1	0	1	5.274155e-09	0.73035	TG(12:0_14:0_18:3)
CTL	SORBI_3003G427200	3	73062610	73071887	1	1	0	1	5.274155e-09	0.608188	TG(12:0_14:0_18:3)
CTL	SORBI_3003G427300	3	73074274	73078327	1	1	0	1	5.274155e-09	0.521937	TG(12:0_14:0_18:3)
CTL	SORBI_3003G427550	3	73089790	73091559	1	1	0	1	5.274155e-09	0.625148	TG(12:0_14:0_18:3)
CTL	SORBI_3003G427600	3	73106229	73116438	1	1	0	1	5.274155e-09	0.656953	TG(12:0_14:0_18:3)
CTL	SORBI_3004G205000	4	55640128	55643970	1	1	0	1	5.311382e-09	0.635547	TG(16:0_18:1_20:0)
CTL	SORBI_3004G205100	4	55645511	55649270	1	1	0	1	5.311382e-09	0.604554	TG(16:0_18:1_20:0)
CTL	SORBI_3004G205200	4	55651331	55655402	1	1	0	1	5.311382e-09	0.604554	TG(16:0_18:1_20:0)
CTL	SORBI_3004G205600	4	55669358	55674799	1	1	0	1	5.311382e-09	0.471979	TG(16:0_18:1_20:0)
CTL	SORBI_3004G206050	4	55691965	55693188	1	1	0	1	5.311382e-09	0.849535	TG(16:0_18:1_20:0)
CTL	SORBI_3004G206200	4	55697535	55700061	1	1	0	1	5.311382e-09	0.899408	TG(16:0_18:1_20:0)
CTL	SORBI_3004G206300	4	55700796	55703612	1	1	0	1	5.311382e-09	0.949555	TG(16:0_18:1_20:0)
CTL	SORBI_3004G206401	4	55707020	55707636	1	1	0	1	5.311382e-09	0.949555	TG(16:0_18:1_20:0)
CTL	SORBI_3004G206500	4	55713261	55714906	1	1	0	1	5.311382e-09	0.949555	TG(16:0_18:1_20:0)
CTL	SORBI_3004G206600	4	55717138	55719442	1	1	0	1	5.311382e-09	0.747176	TG(16:0_18:1_20:0)
CTL	SORBI_3004G206700	4	55725646	55730754	1	1	0	1	5.311382e-09	0.752223	TG(16:0_18:1_20:0)
CTL	SORBI_3004G206800	4	55732591	55735369	1	1	0	1	5.311382e-09	0.78812	TG(16:0_18:1_20:0)
CTL	SORBI_3004G207000	4	55742325	55745372	1	1	0	1	5.311382e-09	0.752223	TG(16:0_18:1_20:0)
CTL	SORBI_3004G207100	4	55746101	55753748	1	1	0	1	5.311382e-09	0.768326	TG(16:0_18:1_20:0)
CTL	SORBI_3004G207200	4	55759003	55765496	1	1	0	1	5.311382e-09	0.886332	TG(16:0_18:1_20:0)
CTL	SORBI_3004G207500	4	55786334	55788365	1	1	0	1	5.311382e-09	0.660808	TG(16:0_18:1_20:0)
CTL	SORBI_3004G208000	4	55809441	55815524	1	1	0	1	5.311382e-09	0.650638	TG(16:0_18:1_20:0)
CTL	SORBI_3004G208700	4	55853269	55854467	1	1	0	1	5.311382e-09	0.472737	TG(16:0_18:1_20:0)
CTL	SORBI_3001G257100	1	30174134	30175896	1	0	1	2	5.33415e-09	0.903397	Sum_PE_over_PS_log10ratio
CTL	SORBI_3001G257200	1	30324896	30327567	1	0	1	2	5.33415e-09	0.816895	Sum_PE_over_PS_log10ratio
CTL	SORBI_3003G118400	3	10717231	10721566	1	1	0	2	5.421058e-09	0.661709	TG(10:0_10:0_10:0)
CTL	SORBI_3001G285800	1	55923193	55931681	1	1	0	1	5.462001e-09	1	TG(16:0_18:1_18:1)
CTL	SORBI_3001G286500	1	56146379	56160037	1	1	0	1	5.462001e-09	0.484699	TG(16:0_18:1_18:1)
CTL	SORBI_3001G419801	1	70045891	70048830	1	1	0	1	5.466145e-09	0.421614	trans-EKODE-(E)-Ib
CTL	SORBI_3004G202500	4	55461614	55464923	1	1	0	1	5.514038e-09	0.409374	TG(12:0_14:0_18:3)
CTL	SORBI_3004G202600	4	55466182	55469532	1	1	0	1	5.514038e-09	1	TG(12:0_14:0_18:3)
CTL	SORBI_3006G028250	6	5825281	5826236	1	1	0	1	5.519607e-09	0.453902	TG(16:0_18:1_20:2)
CTL	SORBI_3007G008500	7	759321	763460	1	1	0	1	5.543031e-09	1	TG(16:0_18:1_18:2)
CTL	SORBI_3005G186700	5	67128070	67130250	1	1	0	1	5.546107e-09	0.933828	PA(16:0_18:2)
CTL	SORBI_3005G186800	5	67142795	67146249	1	1	0	1	5.546107e-09	0.933828	PA(16:0_18:2)
CTL	SORBI_3005G187000	5	67191159	67193132	1	1	0	1	5.546107e-09	0.892314	PA(16:0_18:2)
CTL	SORBI_3005G223600	5	71003943	71008982	1	1	0	1	5.629281e-09	0.403759	9,12,13,TriHODE
CTL	SORBI_3005G223925	5	71028372	71048580	1	1	0	1	5.629281e-09	0.486302	9,12,13,TriHODE
CTL	SORBI_3005G225200	5	71192405	71196002	1	1	0	1	5.629281e-09	0.410885	9,12,13,TriHODE
CTL	SORBI_3001G254000	1	28196913	28200621	1	0	1	1	5.652924e-09	0.482669	Sum_AEG_over_PS_log10ratio
CTL	SORBI_3001G254150	1	28266497	28268619	1	0	1	1	5.652924e-09	0.401704	Sum_AEG_over_PS_log10ratio
CTL	SORBI_3003G207800	3	53907122	53910566	1	1	0	2	5.963169e-09	0.421241	TG(18:1_18:2_18:2)
CTL	SORBI_3003G207900	3	53916562	53921201	1	1	0	1	6.01258e-09	0.473755	TG(18:1_18:2_18:2)
CTL	SORBI_3002G107600	2	12991466	13014108	1	1	0	1	6.064416e-09	1	PC(14:0_18:3)
CTL	SORBI_3007G114200	7	48642759	48655159	1	1	0	1	6.098675e-09	0.79634	gibberellic acid
CTL	SORBI_3006G000100	6	11287	19213	1	1	0	1	6.126064e-09	0.583433	SQDG(16:1_18:3)
CTL	SORBI_3006G000200	6	12229	13388	1	1	0	1	6.126064e-09	0.577998	SQDG(16:1_18:3)
CTL	SORBI_3006G000400	6	21389	25929	1	1	0	1	6.126064e-09	0.601456	SQDG(16:1_18:3)
CTL	SORBI_3006G000600	6	34810	44508	1	1	0	1	6.126064e-09	0.585214	SQDG(16:1_18:3)
CTL	SORBI_3006G000700	6	46019	49489	1	1	0	1	6.126064e-09	0.600614	SQDG(16:1_18:3)
CTL	SORBI_3006G001000	6	106708	108954	1	1	0	1	6.126064e-09	0.469729	SQDG(16:1_18:3)
CTL	SORBI_3006G001100	6	171908	175539	1	1	0	1	6.126064e-09	0.556347	SQDG(16:1_18:3)
CTL	SORBI_3006G001200	6	176989	181543	1	1	0	1	6.126064e-09	0.554555	SQDG(16:1_18:3)
CTL	SORBI_3007G018601	7	1772399	1773370	1	1	0	1	6.519033e-09	0.871987	TG(16:1_18:1_18:1)
CTL	SORBI_3007G018700	7	1776606	1781200	1	1	0	1	6.519033e-09	0.973471	TG(16:1_18:1_18:1)
CTL	SORBI_3007G019501	7	1831091	1832144	1	1	0	1	6.519033e-09	0.710786	TG(16:1_18:1_18:1)
CTL	SORBI_3008G016900	8	1387157	1392663	1	1	0	1	6.556622e-09	1	TG(16:0_18:1_18:1)
CTL	SORBI_3008G017100	8	1406922	1410444	1	1	0	1	6.556622e-09	0.49503	TG(16:0_18:1_18:1)
CTL	SORBI_3008G019000	8	1549720	1554929	1	1	0	1	6.556622e-09	1	TG(16:0_18:1_18:1)
CTL	SORBI_3009G050300	9	5013937	5017093	1	1	0	1	6.848356e-09	0.587329	TG(16:0_16:0_20:1)
CTL	SORBI_3009G050400	9	5018100	5022878	1	1	0	1	6.848356e-09	0.587329	TG(16:0_16:0_20:1)
CTL	SORBI_3009G050500	9	5026769	5030582	1	1	0	1	6.848356e-09	0.502988	TG(16:0_16:0_20:1)
CTL	SORBI_3009G050700	9	5036659	5041654	1	1	0	1	6.848356e-09	0.473676	TG(16:0_16:0_20:1)
CTL	SORBI_3009G051900	9	5270161	5272004	1	1	0	1	6.848356e-09	0.589187	TG(16:0_16:0_20:1)
CTL	SORBI_3009G052000	9	5273681	5281736	1	1	0	1	6.848356e-09	0.576457	TG(16:0_16:0_20:1)
CTL	SORBI_3005G123900	5	54433996	54442838	1	1	0	1	6.920085e-09	0.887549	TG(16:0_16:0_20:1)
CTL	SORBI_3005G124100	5	54465120	54476391	1	1	0	1	6.920085e-09	0.894744	TG(16:0_16:0_20:1)
CTL	SORBI_3005G124200	5	54484629	54494390	1	1	0	1	6.920085e-09	0.856539	TG(16:0_16:0_20:1)
CTL	SORBI_3005G124400	5	54515367	54520740	1	1	0	1	6.920085e-09	0.942302	TG(16:0_16:0_20:1)
CTL	SORBI_3005G124500	5	54643996	54652233	1	1	0	1	6.920085e-09	1	TG(16:0_16:0_20:1)
CTL	SORBI_3005G124850	5	54673690	54674553	1	1	0	1	6.920085e-09	0.815628	TG(16:0_16:0_20:1)
CTL	SORBI_3005G125000	5	54674933	54685612	1	1	0	1	6.920085e-09	0.815628	TG(16:0_16:0_20:1)
CTL	SORBI_3005G125100	5	54720574	54723925	1	1	0	1	6.920085e-09	0.749446	TG(16:0_16:0_20:1)
CTL	SORBI_3005G125200	5	54748347	54751254	1	1	0	1	6.920085e-09	0.776494	TG(16:0_16:0_20:1)
CTL	SORBI_3005G125300	5	54754656	54757377	1	1	0	1	6.920085e-09	0.796279	TG(16:0_16:0_20:1)
CTL	SORBI_3005G125400	5	54770158	54773326	1	1	0	1	6.920085e-09	0.699004	TG(16:0_16:0_20:1)
CTL	SORBI_3004G115950	4	12082846	12086044	1	1	0	1	7.201919e-09	0.471468	PC(16:1_16:1)
CTL	SORBI_3009G088200	9	15253701	15286153	1	1	0	1	7.213869e-09	0.778802	TG(12:0_14:0_18:3)
CTL	SORBI_3009G089101	9	15420082	15422482	1	1	0	1	7.213869e-09	0.918948	TG(12:0_14:0_18:3)
CTL	SORBI_3009G089200	9	15461161	15467516	1	1	0	1	7.213869e-09	0.925515	TG(12:0_14:0_18:3)
CTL	SORBI_3009G089366	9	15507281	15508536	1	1	0	1	7.213869e-09	0.679329	TG(12:0_14:0_18:3)
CTL	SORBI_3009G089532	9	15587811	15607498	1	1	0	1	7.213869e-09	0.683646	TG(12:0_14:0_18:3)
CTL	SORBI_3001G265900	1	50296008	50298033	1	1	0	1	7.228983e-09	0.840313	TG(16:0_18:1_18:1)
CTL	SORBI_3006G048100	6	33942055	33943303	1	1	0	1	7.467808e-09	0.957524	TG(16:0_16:0_20:1)
CTL	SORBI_3006G048201	6	33946944	33948581	1	1	0	1	7.467808e-09	0.95122	TG(16:0_16:0_20:1)
CTL	SORBI_3006G048300	6	33976071	33978900	1	1	0	1	7.467808e-09	0.951517	TG(16:0_16:0_20:1)
CTL	SORBI_3006G048400	6	33980516	33983116	1	1	0	1	7.467808e-09	0.954906	TG(16:0_16:0_20:1)
CTL	SORBI_3006G048500	6	33983488	33986586	1	1	0	1	7.467808e-09	0.948082	TG(16:0_16:0_20:1)
CTL	SORBI_3006G048600	6	33986587	33988330	1	1	0	1	7.467808e-09	0.957093	TG(16:0_16:0_20:1)
CTL	SORBI_3010G142900	10	37888679	37891608	1	1	0	1	7.572203e-09	0.881047	Oxo fatty acid (18:3)
CTL	SORBI_3010G143100	10	37980992	37981896	1	1	0	1	7.572203e-09	0.598213	Oxo fatty acid (18:3)
CTL	SORBI_3002G198700	2	58863058	58865144	1	1	0	1	7.58479e-09	0.525185	TG(16:0_16:0_20:1)
CTL	SORBI_3002G199100	2	58875360	58879640	1	1	0	1	7.58479e-09	0.569327	TG(16:0_16:0_20:1)
CTL	SORBI_3002G199200	2	58887218	58888855	1	1	0	1	7.58479e-09	0.596641	TG(16:0_16:0_20:1)
CTL	SORBI_3002G199300	2	58896672	58897880	1	1	0	1	7.58479e-09	0.802214	TG(16:0_16:0_20:1)
CTL	SORBI_3002G199400	2	58899143	58902875	1	1	0	1	7.58479e-09	0.651771	TG(16:0_16:0_20:1)
CTL	SORBI_3002G199650	2	58946916	58947788	1	1	0	1	7.58479e-09	0.773783	TG(16:0_16:0_20:1)
CTL	SORBI_3001G260701	1	31879602	31881811	1	1	0	1	7.811029e-09	0.786966	TG(16:0_16:0_20:1)
CTL	SORBI_3001G260850	1	31993325	32001419	1	1	0	1	7.811029e-09	0.781547	TG(16:0_16:0_20:1)
CTL	SORBI_3003G265900	3	60278347	60282935	1	1	0	1	7.945542e-09	0.96792	TG(10:0_10:0_10:0)
CTL	SORBI_3003G266100	3	60293465	60320933	1	1	0	1	7.945542e-09	0.632211	TG(10:0_10:0_10:0)
CTL	SORBI_3003G266300	3	60332712	60333520	1	1	0	1	7.945542e-09	1	TG(10:0_10:0_10:0)
CTL	SORBI_3010G126900	10	16049286	16051495	1	1	0	1	7.957483e-09	0.435269	PC(18:2_0:0)
CTL	SORBI_3010G127300	10	16104084	16106388	1	1	0	1	7.957483e-09	0.435269	PC(18:2_0:0)
CTL	SORBI_3010G127550	10	16111016	16112848	1	1	0	1	7.957483e-09	0.435269	PC(18:2_0:0)
CTL	SORBI_3010G127600	10	16167470	16173771	1	1	0	1	7.957483e-09	0.426843	PC(18:2_0:0)
CTL	SORBI_3001G295500	1	57388606	57393094	1	1	0	1	7.958699e-09	0.625726	TG(16:0_16:0_20:1)
CTL	SORBI_3001G295600	1	57393095	57396375	1	1	0	1	7.958699e-09	1	TG(16:0_16:0_20:1)
CTL	SORBI_3001G295700	1	57443075	57444976	1	1	0	1	7.958699e-09	0.599508	TG(16:0_16:0_20:1)
CTL	SORBI_3001G296000	1	57489680	57491164	1	1	0	1	7.958699e-09	0.402036	TG(16:0_16:0_20:1)
