GeneID	GeneName	Flag	Conditions	Ontologies	Classes	Max_recurrence	Best_GWAS_p	Max_r2	Max_fold	Max_intervals	Specific	N_terms	Chr	Start	Family	Terms
SORBI_3004G008300	aldehyde oxygenase (deformylating)	metabolic enzyme	LIN	BP;CC;MF	AEG;DG;DGDG;FA;GalCer;MG;MGDG;PA;PC;PE;PG;SQDG;TG	16	2.605726e-21	0.786585	323.74	10	yes	5	4	733525	ALDEHYDE OXYGENASE (DEFORMYLATING) (PTHR11863:SF152)	aldehyde oxygenase (deformylating) activity | endoplasmic reticulum membrane | iron ion binding | lipid biosynthetic process | sphingolipid C4-monooxygenase activity
SORBI_3004G008800	aldehyde oxygenase (deformylating)	metabolic enzyme	LIN	BP;CC;MF	AEG;DG;DGDG;FA;GalCer;MG;MGDG;PA;PC;PE;PG;SQDG;TG	16	2.605726e-21	0.787903	323.74	10	yes	5	4	763419	ALDEHYDE OXYGENASE (DEFORMYLATING) (PTHR11863:SF152)	aldehyde oxygenase (deformylating) activity | endoplasmic reticulum membrane | iron ion binding | lipid biosynthetic process | sphingolipid C4-monooxygenase activity
SORBI_3004G008900	aldehyde oxygenase (deformylating)	metabolic enzyme	LIN	BP;CC;MF	AEG;DG;DGDG;FA;GalCer;MG;MGDG;PA;PC;PE;PG;SQDG;TG	16	2.605726e-21	0.812798	323.74	10	yes	5	4	769869	ALDEHYDE OXYGENASE (DEFORMYLATING) (PTHR11863:SF152)	aldehyde oxygenase (deformylating) activity | endoplasmic reticulum membrane | iron ion binding | lipid biosynthetic process | sphingolipid C4-monooxygenase activity
SORBI_3001G248200	Acylamino-acid-releasing enzyme	""	CTL	BP;CC;MF	PC	1	3.424946e-09	0.568666	298.96	4	yes	5	1	26553388	ACYLAMINO-ACID-RELEASING ENZYME 2 (PTHR42776:SF18)	cytoplasm | omega peptidase activity | peptidase activity | proteolysis | serine-type peptidase activity
SORBI_3001G248300	acylaminoacyl-peptidase	metabolic enzyme	CTL	BP;CC;MF	PC	1	3.424946e-09	0.582546	298.96	4	yes	5	1	26559121	ACYLAMINO-ACID-RELEASING ENZYME (PTHR42776:SF4)	cytoplasm | omega peptidase activity | proteolysis | serine-type endopeptidase activity | serine-type peptidase activity
SORBI_3002G085800	UDP-glycosyltransferases domain-containing protein	metabolic enzyme	CTL;LIN	MF	PG;TG	2	4.251319e-15	0.845145	246.1	6	yes	2	2	9133860	UDP-GLYCOSYLTRANSFERASES DOMAIN-CONTAINING PROTEIN (PTHR11926:SF1376)	UDP-glucosyltransferase activity | UDP-glycosyltransferase activity
SORBI_3002G085100	Glycosyltransferase	metabolic enzyme	CTL	MF	PG	2	9.610667e-14	0.40034	246.1	1	single locus	2	2	9041063	FLAVONOL 3-O-GLUCOSYLTRANSFERASE UGT76E12-RELATED (PTHR11926:SF1494)	UDP-glucosyltransferase activity | UDP-glycosyltransferase activity
SORBI_3010G103800	Uncharacterized protein	""	CTL	CC	DGDG	1	2.664867e-09	0.913459	230.63	1	single locus	1	10	9759306	LARGE RIBOSOMAL SUBUNIT PROTEIN ML53 (PTHR33618:SF1)	mitochondrial large ribosomal subunit
SORBI_3010G103900	Large ribosomal subunit protein mL43	""	CTL	CC	DGDG	1	2.664867e-09	0.899713	230.63	1	single locus	1	10	9762551	LARGE RIBOSOMAL SUBUNIT PROTEIN ML43 (PTHR21396:SF2)	mitochondrial large ribosomal subunit
SORBI_3005G106600	Protein kinase domain-containing protein	metabolic enzyme	LIN	BP	PS	1	1.498665e-11	1	79.61	2	yes	1	5	20000011	MITOGEN-ACTIVATED PROTEIN KINASE 14 (PTHR24055:SF379)	MAPK cascade
SORBI_3005G105000	Protein kinase domain-containing protein	metabolic enzyme	LIN	BP	PS	1	2.010043e-09	0.413649	79.61	2	yes	1	5	19091402	MITOGEN-ACTIVATED PROTEIN KINASE KINASE KINASE 3 (PTHR48016:SF8)	MAPK cascade
SORBI_3003G088800	Plastocyanin-like domain-containing protein	metabolic enzyme	LIN	BP;CC;MF	AEG;DG;DGDG;FA;GalCer;MG;MGDG;PE;PG;SQDG	11	4.464413e-20	1	64.06	10	yes	3	3	7729188	MULTICOPPER OXIDASE LPR1 (PTHR11709:SF2)	cellular response to phosphate starvation | copper ion binding | endoplasmic reticulum membrane
SORBI_3003G088900	Plastocyanin-like domain-containing protein	metabolic enzyme	LIN	BP;CC;MF	AEG;DG;DGDG;FA;GalCer;MG;MGDG;PE;PG;SQDG	11	4.464413e-20	1	64.06	10	yes	3	3	7737004	MULTICOPPER OXIDASE LPR1 HOMOLOG 1 (PTHR11709:SF340)	cellular response to phosphate starvation | copper ion binding | endoplasmic reticulum membrane
SORBI_3010G127300	Protein kinase domain-containing protein	metabolic enzyme	CTL;LIN	BP;CC;MF	PC;SQDG	1	9.595744e-11	0.566974	59.79	31	yes	6	10	16104084	LECTIN-LIKE RECEPTOR PROTEIN KINASE FAMILY PROTEIN-RELATED (PTHR27007:SF28)	ATP binding | carbohydrate binding | membrane | negative regulation of response to salt stress | nucleotide binding | protein serine/threonine kinase activity
SORBI_3010G126900	Protein kinase domain-containing protein	metabolic enzyme	CTL	BP	PC	1	7.957483e-09	0.435269	59.79	1	single locus	1	10	16049286	OS07G0131500 PROTEIN (PTHR27007:SF4)	negative regulation of response to salt stress
SORBI_3001G100800	Folate transporter 1	transport	LIN	BP;CC;MF	FA;PC	4	7.419754e-14	0.989741	59.01	97	yes	5	1	7678812	MITOCHONDRIAL FOLATE TRANSPORTER_CARRIER (PTHR45683:SF3)	membrane | nucleotide transmembrane transport | nucleotide transmembrane transporter activity | nucleotide transport | transmembrane transport
SORBI_3001G101100	Folate transporter 1, chloroplastic	transport	LIN	BP;CC;MF	FA;PC	4	7.419754e-14	0.92623	59.01	97	yes	5	1	7725812	MITOCHONDRIAL FOLATE TRANSPORTER_CARRIER (PTHR45683:SF3)	membrane | nucleotide transmembrane transport | nucleotide transmembrane transporter activity | nucleotide transport | transmembrane transport
SORBI_3001G028500	SPX domain-containing protein	repeat-associated domain	LIN	BP	FA;SQDG	3	9.303456e-14	1	51.48	3	yes	1	1	2241769	SPX DOMAIN-CONTAINING PROTEIN 4 (PTHR45978:SF7)	cellular response to phosphate starvation
SORBI_3004G181500	RecA family profile 1 domain-containing protein	repeat-associated domain	LIN	BP;CC;MF	FA;PC;TG	4	2.053025e-10	1	37.16	63	yes	5	4	53430497	DNA REPAIR PROTEIN XRCC3 (PTHR46487:SF1)	ATP binding | DNA binding | DNA repair | replication fork | telomere maintenance via recombination
SORBI_3004G151000	Zinc-hook domain-containing protein	repeat-associated domain	LIN	BP;CC;MF	TG	1	2.370602e-09	0.421548	37.16	55	yes	5	4	47816942	DNA REPAIR PROTEIN RAD50 (PTHR18867:SF12)	ATP hydrolysis activity | DNA repair | chromosome organization involved in meiotic cell cycle | nucleus | telomere maintenance via recombination
SORBI_3004G009400	Major facilitator superfamily (MFS) profile domain-containing protein	transport	LIN	BP;CC;MF	FA	4	4.92621e-15	0.981913	35.4	18	yes	5	4	803924	HIGH-AFFINITY NITRATE TRANSPORTER 2.1-RELATED (PTHR23515:SF29)	endomembrane system | nitrate transmembrane transport | nitrate transmembrane transporter activity | transmembrane transport | transmembrane transporter activity
SORBI_3004G009500	Major facilitator superfamily (MFS) profile domain-containing protein	transport	LIN	BP;CC;MF	FA	2	4.92621e-15	0.665421	35.4	18	yes	5	4	814200	HIGH-AFFINITY NITRATE TRANSPORTER 2.1-RELATED (PTHR23515:SF29)	endomembrane system | nitrate transmembrane transport | nitrate transmembrane transporter activity | transmembrane transport | transmembrane transporter activity
SORBI_3001G259600	Protein TIFY	""	CTL;LIN	BP;CC	AEG;PC;TG	9	1.626147e-12	0.848571	34.55	86	yes	4	1	31327155	PROTEIN TIFY (PTHR33077:SF121)	nucleus | regulation of defense response | regulation of jasmonic acid mediated signaling pathway | response to wounding
SORBI_3001G259300	Protein TIFY	""	LIN	BP;CC	AEG;PC	2	1.45935e-11	0.881297	34.55	86	yes	4	1	31035454	PROTEIN TIFY (PTHR33077:SF73)	nucleus | regulation of defense response | regulation of jasmonic acid mediated signaling pathway | response to wounding
SORBI_3001G259400	Protein TIFY	""	CTL;LIN	BP;CC	AEG;PC;TG	9	1.45935e-11	0.689384	34.55	86	yes	4	1	31205564	PROTEIN TIFY (PTHR33077:SF64)	nucleus | regulation of defense response | regulation of jasmonic acid mediated signaling pathway | response to wounding
SORBI_3007G041500	DAGKc domain-containing protein	metabolic enzyme	LIN	BP	AEG	3	7.231734e-10	0.638753	34.55	2	yes	1	7	4070727	OS08G0152700 PROTEIN (PTHR12358:SF37)	sphingolipid metabolic process
SORBI_3003G394100	ceramide glucosyltransferase	metabolic enzyme	LIN	BP	AEG	1	1.080235e-09	0.636595	34.55	2	yes	1	3	70491179	CERAMIDE GLUCOSYLTRANSFERASE (PTHR12726:SF0)	sphingolipid metabolic process
SORBI_3010G152500	Glycosyltransferase	metabolic enzyme	LIN	CC;MF	MGDG;SQDG	2	4.653552e-11	0.53449	33.1	5	yes	3	10	44289185	GLYCOSYLTRANSFERASE-RELATED (PTHR20961:SF5)	Golgi membrane | glycosyltransferase activity | pentosyltransferase activity
SORBI_3010G143900	Glycosyltransferase	metabolic enzyme	LIN	CC;MF	MGDG;SQDG	2	1.088706e-10	0.989742	33.1	5	yes	3	10	38788008	OS06G0470000 PROTEIN (PTHR20961:SF19)	Golgi membrane | glycosyltransferase activity | pentosyltransferase activity
SORBI_3010G144400	Glycosyltransferase	metabolic enzyme	LIN	CC;MF	MGDG;SQDG	2	1.088706e-10	0.97817	33.1	5	yes	3	10	38889320	ALPHA-1,3-ARABINOSYLTRANSFERASE XAT3 (PTHR20961:SF97)	Golgi membrane | glycosyltransferase activity | pentosyltransferase activity
SORBI_3005G186700	Carboxypeptidase	metabolic enzyme	CTL	MF	PA	1	3.372341e-11	0.933828	30.58	1	single locus	1	5	67128070	CARBOXYPEPTIDASE (PTHR11802:SF219)	serine-type carboxypeptidase activity
SORBI_3005G186800	Carboxypeptidase	metabolic enzyme	CTL	CC;MF	PA	1	3.372341e-11	0.933828	30.58	2	yes	2	5	67142795	CARBOXYPEPTIDASE (PTHR11802:SF219)	extracellular region | serine-type carboxypeptidase activity
SORBI_3001G222700	aldehyde oxygenase (deformylating)	metabolic enzyme	CTL	BP;CC	TG	8	7.079967e-11	0.49241	28.62	14	yes	2	1	21300007	VERY-LONG-CHAIN ALDEHYDE DECARBONYLASE GL1-5 (PTHR11863:SF210)	cutin biosynthetic process | endoplasmic reticulum membrane
SORBI_3003G360700	Phospholipid_glycerol acyltransferase domain-containing protein	LIPID enzyme/transport	CTL	BP;CC;MF	TG	3	3.343409e-09	0.487743	28.62	44	yes	3	3	67827783	GLYCEROL-3-PHOSPHATE 2-O-ACYLTRANSFERASE 6 (PTHR15486:SF49)	cutin biosynthetic process | hydrolase activity | membrane
SORBI_3003G427200	Uridine 5'-monophosphate synthase	metabolic enzyme	CTL	BP;CC;MF	TG	1	5.274155e-09	0.608188	28.62	49	yes	8	3	73062610	URIDINE 5'-MONOPHOSPHATE SYNTHASE (PTHR19278:SF9)	'de novo' UMP biosynthetic process | 'de novo' pyrimidine nucleobase biosynthetic process | UMP biosynthetic process | cytoplasm | orotate phosphoribosyltransferase activity | orotidine-5'-phosphate decarboxylase activity | pyrimidine nucleobase biosynthetic process | pyrimidine nucleotide biosynthetic process
SORBI_3003G427300	Uridine 5'-monophosphate synthase	metabolic enzyme	CTL	BP;MF	TG	1	5.274155e-09	0.521937	28.62	1	single locus	7	3	73074274	URIDINE 5'-MONOPHOSPHATE SYNTHASE (PTHR19278:SF40)	'de novo' UMP biosynthetic process | 'de novo' pyrimidine nucleobase biosynthetic process | UMP biosynthetic process | orotate phosphoribosyltransferase activity | orotidine-5'-phosphate decarboxylase activity | pyrimidine nucleobase biosynthetic process | pyrimidine nucleotide biosynthetic process
SORBI_3001G035600	Chalcone-flavonone isomerase family protein	metabolic enzyme	LIN	BP	FA	1	2.359303e-13	0.621235	28.32	2	yes	1	1	2674768	CHALCONE--FLAVANONE ISOMERASE 1-RELATED (PTHR28039:SF8)	flavonoid biosynthetic process
SORBI_3004G310100	Fe2OG dioxygenase domain-containing protein	repeat-associated domain	LIN	BP	FA	2	9.372811e-11	0.599688	28.32	2	yes	1	4	64698452	OS02G0767300 PROTEIN (PTHR47990:SF36)	flavonoid biosynthetic process
SORBI_3008G103200	Prolyl endopeptidase	metabolic enzyme	CTL	BP;CC;MF	PC	2	3.94205e-10	0.939525	27.01	4	yes	5	8	48953521	PROLYL ENDOPEPTIDASE (PTHR42881:SF2)	cytosol | peptidase activity | proteolysis | serine-type endopeptidase activity | serine-type peptidase activity
SORBI_3005G152200	Aminotransferase class I_classII domain-containing protein	metabolic enzyme	CTL	MF	TG	10	9.674947e-13	0.414155	25.76	5	yes	3	5	62304454	TYROSINE AMINOTRANSFERASE (PTHR45744:SF11)	nicotianamine:2-oxoglutarate transaminase activity | pyridoxal phosphate binding | transaminase activity
SORBI_3002G041100	Aminotransferase class I_classII domain-containing protein	metabolic enzyme	CTL	MF	TG	10	7.587135e-12	0.924251	25.76	5	yes	3	2	3955784	NICOTIANAMINE AMINOTRANSFERASE 1 (PTHR45744:SF5)	nicotianamine:2-oxoglutarate transaminase activity | pyridoxal phosphate binding | transaminase activity
SORBI_3002G041200	Aminotransferase class I_classII domain-containing protein	metabolic enzyme	CTL	MF	TG	10	7.587135e-12	1	25.76	5	yes	3	2	3970369	NICOTIANAMINE AMINOTRANSFERASE 1 (PTHR45744:SF5)	nicotianamine:2-oxoglutarate transaminase activity | pyridoxal phosphate binding | transaminase activity
SORBI_3004G009200	Major facilitator superfamily (MFS) profile domain-containing protein	transport	LIN	BP;CC;MF	FA	1	1.131737e-10	0.550196	25.49	18	yes	5	4	788283	NITRATE TRANSPORT3 (PTHR23515:SF17)	endomembrane system | nitrate transmembrane transport | nitrate transmembrane transporter activity | transmembrane transport | transmembrane transporter activity
SORBI_3003G355200	mannose-1-phosphate guanylyltransferase	metabolic enzyme	LIN	BP	FA	2	5.155536e-13	0.419299	25.29	3	yes	2	3	67387221	MANNOSE-1-PHOSPHATE GUANYLYLTRANSFERASE 2-RELATED (PTHR22572:SF161)	GDP-mannose biosynthetic process | glycoprotein biosynthetic process
SORBI_3003G087900	mannose-6-phosphate isomerase	metabolic enzyme	LIN	BP	FA	2	5.65835e-12	0.412546	25.29	2	yes	1	3	7631052	MANNOSE-6-PHOSPHATE ISOMERASE (PTHR10309:SF0)	GDP-mannose biosynthetic process
SORBI_3009G249500	Mitochondrial carrier protein	transport	LIN	BP;CC	PC	1	7.778789e-11	0.547643	24.88	97	yes	3	9	58461666	OS05G0585900 PROTEIN (PTHR24089:SF744)	membrane | nucleotide transmembrane transport | transmembrane transport
SORBI_3010G126100	Peptidase A1 domain-containing protein	metabolic enzyme	CTL;LIN	BP;MF	PC;SQDG	3	5.483313e-12	1	23.36	9	yes	2	10	15775962	ASPARTIC PROTEINASE 3-RELATED (PTHR47965:SF12)	aspartic-type endopeptidase activity | proteolysis
SORBI_3010G127600	Peptidase A1 domain-containing protein	metabolic enzyme	CTL;LIN	BP;MF	PC;SQDG	1	9.595744e-11	0.584503	23.36	9	yes	2	10	16167470	PEPTIDASE A1 DOMAIN-CONTAINING PROTEIN (PTHR13683:SF808)	aspartic-type endopeptidase activity | proteolysis
SORBI_3010G126400	Peptidase A1 domain-containing protein	metabolic enzyme	CTL	BP;MF	PC	3	7.169849e-10	0.820928	23.36	3	yes	2	10	15823053	ASPARTYL PROTEASE AED1 (PTHR13683:SF885)	aspartic-type endopeptidase activity | proteolysis
SORBI_3010G116800	DNA topoisomerase type IA central domain-containing protein	metabolic enzyme	LIN	BP	SQDG	2	1.459576e-11	0.487589	23.25	3	yes	1	10	12802389	""	DNA topological change
SORBI_3010G141001	C-terminal associated domain-containing protein	repeat-associated domain	LIN	BP	SQDG	2	6.119557e-10	0.919019	23.25	3	yes	1	10	33907792	""	DNA topological change
SORBI_3010G141400	Toprim domain-containing protein	repeat-associated domain	LIN	BP	SQDG	3	1.155804e-09	0.957132	23.25	3	yes	1	10	34395148	""	DNA topological change
SORBI_3008G062300	3'(2'),5'-bisphosphate nucleotidase	""	CTL	BP	TG	8	7.506041e-13	0.582237	21.47	1	single locus	2	8	6613465	OS12G0183200 PROTEIN (PTHR43200:SF7)	sulfate assimilation | sulfur compound metabolic process
SORBI_3008G062400	3'(2'),5'-bisphosphate nucleotidase	""	CTL	BP	TG	8	7.506041e-13	0.765872	21.47	1	single locus	2	8	6631205	3'(2'),5'-BISPHOSPHATE NUCLEOTIDASE (PTHR43200:SF6)	sulfate assimilation | sulfur compound metabolic process
SORBI_3005G013500	WRKY domain-containing protein	repeat-associated domain	CTL	BP;CC;MF	PA	2	5.638375e-10	0.933144	21.32	3	yes	4	5	1224392	WRKY DNA-BINDING DOMAIN SUPERFAMILY PROTEIN-RELATED (PTHR31282:SF89)	DNA-binding transcription factor activity | nucleus | regulation of DNA-templated transcription | sequence-specific DNA binding
SORBI_3005G013600	WRKY domain-containing protein	repeat-associated domain	CTL	BP;CC;MF	PA	2	5.638375e-10	0.938617	21.32	3	yes	4	5	1235265	OS12G0116400 PROTEIN (PTHR31282:SF7)	DNA-binding transcription factor activity | nucleus | regulation of DNA-templated transcription | sequence-specific DNA binding
SORBI_3005G014200	WRKY domain-containing protein	repeat-associated domain	CTL	BP;MF	PA	1	1.041704e-09	0.439011	21.32	2	yes	3	5	1302596	WRKY DOMAIN-CONTAINING PROTEIN (PTHR31282:SF107)	DNA-binding transcription factor activity | regulation of DNA-templated transcription | sequence-specific DNA binding
SORBI_3004G007133	FACT complex subunit	""	LIN	BP;CC;MF	AEG;DG;DGDG;FA;GalCer;MG;MGDG;PG;SQDG	16	2.605726e-21	0.97689	21.24	38	yes	4	4	625847	FACT COMPLEX SUBUNIT SPT16 (PTHR13980:SF15)	ATP binding | chromosome | nucleosome disassembly | nucleus
SORBI_3002G263700	Bromo domain-containing protein	repeat-associated domain	LIN	BP;CC;MF	FA	1	1.214883e-09	1	21.24	38	yes	3	2	64837619	TAT-BINDING HOMOLOG 7 (PTHR23069:SF0)	ATP binding | nucleosome disassembly | nucleus
SORBI_3003G106300	EXPERA domain-containing protein	metabolic enzyme	LIN	BP;CC;MF	PC	1	6.188695e-11	0.948246	20.74	97	yes	6	3	9635439	3-BETA-HYDROXYSTEROID-DELTA(8)DELTA(7)-ISOMERASE-RELATED (PTHR14207:SF6)	cholestenol delta-isomerase activity | endoplasmic reticulum | membrane | steroid Delta-isomerase activity | sterol biosynthetic process | sterol metabolic process
SORBI_3003G106400	EXPERA domain-containing protein	metabolic enzyme	LIN	BP;CC;MF	PC	1	6.188695e-11	0.948246	20.74	97	yes	6	3	9642081	3-BETA-HYDROXYSTEROID-DELTA(8)DELTA(7)-ISOMERASE-RELATED (PTHR14207:SF6)	cholestenol delta-isomerase activity | endoplasmic reticulum | membrane | steroid Delta-isomerase activity | sterol biosynthetic process | sterol metabolic process
SORBI_3003G106600	EXPERA domain-containing protein	metabolic enzyme	LIN	BP;CC;MF	PC;TG	3	6.188695e-11	1	20.74	97	yes	6	3	9654270	EXPERA DOMAIN-CONTAINING PROTEIN (PTHR14207:SF2)	cholestenol delta-isomerase activity | endoplasmic reticulum | membrane | steroid Delta-isomerase activity | sterol biosynthetic process | sterol metabolic process
SORBI_3003G106800	EXPERA domain-containing protein	metabolic enzyme	LIN	BP;CC;MF	PC	1	6.188695e-11	1	20.74	97	yes	6	3	9663902	EXPERA DOMAIN-CONTAINING PROTEIN (PTHR14207:SF2)	cholestenol delta-isomerase activity | endoplasmic reticulum | membrane | steroid Delta-isomerase activity | sterol biosynthetic process | sterol metabolic process
SORBI_3003G107600	EXPERA domain-containing protein	metabolic enzyme	LIN	BP;CC;MF	PC	1	6.188695e-11	1	20.74	97	yes	6	3	9729680	3-BETA-HYDROXYSTEROID-DELTA(8),DELTA(7)-ISOMERASE (PTHR14207:SF0)	cholestenol delta-isomerase activity | endoplasmic reticulum | membrane | steroid Delta-isomerase activity | sterol biosynthetic process | sterol metabolic process
SORBI_3010G214900	4-coumarate--CoA ligase	metabolic enzyme	LIN	BP	FA	3	5.788243e-15	0.916782	19.67	2	yes	1	10	55777184	AMP-BINDING DOMAIN-CONTAINING PROTEIN-RELATED (PTHR24096:SF149)	response to aluminum ion
SORBI_3004G029900	Metal transporter	transport	LIN	BP;CC	FA	2	1.732264e-14	1	19.67	43	yes	3	4	2394975	METAL TRANSPORTER NRAT1 (PTHR11706:SF48)	membrane | plasma membrane | response to aluminum ion
SORBI_3005G011200	Peroxidase	metabolic enzyme	CTL	BP;CC;MF	PA	1	2.013684e-09	0.590244	19.24	2	yes	7	5	997462	PEROXIDASE 52 (PTHR31388:SF24)	cellular oxidant detoxification | extracellular region | hydrogen peroxide catabolic process | lactoperoxidase activity | metal ion binding | peroxidase activity | response to oxidative stress
SORBI_3005G011300	Peroxidase	metabolic enzyme	CTL	BP;CC;MF	PA	1	2.013684e-09	0.590244	19.24	2	yes	7	5	1016821	PEROXIDASE (PTHR31388:SF238)	cellular oxidant detoxification | extracellular region | hydrogen peroxide catabolic process | lactoperoxidase activity | metal ion binding | peroxidase activity | response to oxidative stress
SORBI_3005G011500	Peroxidase	metabolic enzyme	CTL	BP;CC;MF	PA	1	2.013684e-09	0.510546	19.24	2	yes	7	5	1026099	PEROXIDASE (PTHR31388:SF247)	cellular oxidant detoxification | extracellular region | hydrogen peroxide catabolic process | lactoperoxidase activity | metal ion binding | peroxidase activity | response to oxidative stress
SORBI_3006G195000	Probable purine permease	""	LIN	BP;CC;MF	FA	2	2.240513e-17	1	18.97	43	yes	6	6	54796693	PURINE PERMEASE-RELATED (PTHR31376:SF36)	membrane | purine nucleobase transmembrane transport | purine nucleobase transmembrane transporter activity | purine nucleobase transport | purine nucleoside transmembrane transport | purine nucleoside transmembrane transporter activity
SORBI_3006G195100	Probable purine permease	""	LIN	BP;CC;MF	FA	2	2.240513e-17	0.991298	18.97	43	yes	6	6	54802712	PURINE PERMEASE-RELATED (PTHR31376:SF48)	membrane | purine nucleobase transmembrane transport | purine nucleobase transmembrane transporter activity | purine nucleobase transport | purine nucleoside transmembrane transport | purine nucleoside transmembrane transporter activity
SORBI_3006G195200	Probable purine permease	""	LIN	BP;CC;MF	FA	2	2.240513e-17	1	18.97	43	yes	6	6	54823646	PURINE PERMEASE-RELATED (PTHR31376:SF35)	membrane | purine nucleobase transmembrane transport | purine nucleobase transmembrane transporter activity | purine nucleobase transport | purine nucleoside transmembrane transport | purine nucleoside transmembrane transporter activity
SORBI_3004G006600	JmjC domain-containing protein	repeat-associated domain	LIN	CC;MF	AEG;DG;DGDG;FA;GalCer;MG;MGDG;PG;SQDG	17	2.605726e-21	1	18.63	38	yes	2	4	557329	LYSINE-SPECIFIC DEMETHYLASE JMJ25 (PTHR12549:SF11)	nucleus | transcription coregulator activity
SORBI_3003G407200	CG-1 domain-containing protein	repeat-associated domain	LIN	CC;MF	AEG;DG;DGDG;FA;GalCer;MG;MGDG;PC;PG;SQDG	11	2.698367e-17	1	18.63	86	yes	3	3	71482355	OS01G0923600 PROTEIN (PTHR23335:SF35)	DNA binding | nucleus | transcription coregulator activity
SORBI_3001G357500	Amino acid permease_ SLC12A domain-containing protein	transport	CTL	BP;CC;MF	TG	9	1.182781e-12	1	18.4	44	yes	6	1	64728850	CATIONIC AMINO ACID TRANSPORTER (PTHR45826:SF8)	membrane | plasma membrane | polyamine transmembrane transport | polyamine transmembrane transporter activity | transmembrane transport | transmembrane transporter activity
SORBI_3001G357800	Amino acid permease_ SLC12A domain-containing protein	transport	CTL	BP;CC;MF	TG	9	1.182781e-12	0.573141	18.4	44	yes	6	1	64756812	EXPRESSED PROTEIN (PTHR45826:SF22)	membrane | plasma membrane | polyamine transmembrane transport | polyamine transmembrane transporter activity | transmembrane transport | transmembrane transporter activity
SORBI_3001G357700	Amino acid permease_ SLC12A domain-containing protein	transport	CTL	BP;CC;MF	TG	3	5.253493e-10	0.456039	18.4	44	yes	6	1	64746396	EXPRESSED PROTEIN (PTHR45826:SF22)	membrane | plasma membrane | polyamine transmembrane transport | polyamine transmembrane transporter activity | transmembrane transport | transmembrane transporter activity
SORBI_3005G013200	BAH domain-containing protein	repeat-associated domain	CTL	MF	PA	2	5.638375e-10	0.98951	18.35	2	yes	2	5	1184142	PROTEIN ANTI-SILENCING 1 (PTHR47073:SF2)	chromatin binding | nucleic acid binding
SORBI_3003G369200	DNA polymerase	""	CTL;LIN	BP;CC;MF	PA;PC	1	1.358718e-09	0.674694	18.35	86	yes	9	3	68524376	DNA POLYMERASE ALPHA CATALYTIC SUBUNIT (PTHR45861:SF1)	DNA binding | DNA synthesis involved in DNA repair | chromatin binding | lagging strand elongation | mitotic DNA replication initiation | nucleic acid binding | nucleotide binding | nucleus | single-stranded DNA binding
SORBI_3001G033000	Ribosomal RNA methyltransferase FtsJ domain-containing protein	metabolic enzyme	LIN	BP	FA;TG	4	2.359303e-13	0.931602	17.7	2	yes	2	1	2489317	RRNA METHYLTRANSFERASE 2, MITOCHONDRIAL (PTHR10920:SF18)	rRNA methylation | ribosomal large subunit assembly
SORBI_3004G061800	rRNA adenine N(6)-methyltransferase	metabolic enzyme	LIN	BP	FA	2	1.270875e-11	0.57078	17.7	2	yes	1	4	4985794	DIMETHYLADENOSINE TRANSFERASE-RELATED (PTHR11727:SF7)	rRNA methylation
SORBI_3006G046700	Vacuolar protein sorting-associated protein 11 homolog	""	CTL	BP;CC	TG	8	1.619755e-10	0.511298	17.17	10	yes	3	6	32355055	VACUOLAR PROTEIN SORTING-ASSOCIATED PROTEIN 11 HOMOLOG (PTHR23323:SF24)	endomembrane system | intracellular protein transport | vesicle docking involved in exocytosis
SORBI_3007G096900	Rad21_Rec8-like protein N-terminal domain-containing protein	repeat-associated domain	CTL	BP;CC	TG	4	5.403135e-10	0.885933	17.17	50	yes	4	7	18090423	SISTER CHROMATID COHESION 1 PROTEIN 3 (PTHR12585:SF55)	cohesin complex | nucleus | replication-born double-strand break repair via sister chromatid exchange | sister chromatid cohesion
SORBI_3007G097000	Rad21_Rec8-like protein N-terminal domain-containing protein	repeat-associated domain	CTL	BP;CC	TG	4	5.403135e-10	0.741427	17.17	50	yes	4	7	18105181	SISTER CHROMATID COHESION 1 PROTEIN 3 (PTHR12585:SF55)	cohesin complex | nucleus | replication-born double-strand break repair via sister chromatid exchange | sister chromatid cohesion
SORBI_3004G136300	SNARE-interacting protein KEULE	""	CTL	BP;CC	TG	3	5.927103e-10	0.89275	17.17	18	yes	2	4	34695503	PROTEIN ROP (PTHR11679:SF30)	plasma membrane | vesicle docking involved in exocytosis
SORBI_3001G221300	Long-chain-alcohol oxidase	metabolic enzyme	CTL	CC;MF	TG	6	1.102206e-09	0.742031	17.17	44	yes	2	1	20843443	LONG-CHAIN-ALCOHOL OXIDASE (PTHR46056:SF11)	long-chain-alcohol oxidase activity | membrane
SORBI_3001G221400	Long-chain-alcohol oxidase	metabolic enzyme	CTL	CC;MF	TG	6	1.102206e-09	0.72498	17.17	44	yes	2	1	20929906	LONG-CHAIN-ALCOHOL OXIDASE (PTHR46056:SF8)	long-chain-alcohol oxidase activity | membrane
SORBI_3001G102300	Homeobox domain-containing protein	repeat-associated domain	LIN	BP;CC;MF	FA;PC;TG	5	7.419754e-14	0.92623	16.99	86	yes	4	1	7815194	PROTEIN JUBEL1, PUTATIVE, EXPRESSED-RELATED (PTHR11850:SF396)	DNA binding | nucleus | phyllome development | regulation of DNA-templated transcription
SORBI_3001G034100	protein-serine_threonine phosphatase	""	LIN	BP	FA;TG	3	2.359303e-13	0.771324	16.99	2	yes	1	1	2587306	PROTEIN PHOSPHATASE 2C 23-RELATED (PTHR13832:SF228)	phyllome development
SORBI_3003G388000	Cdc23 domain-containing protein	metabolic enzyme	LIN	BP;CC	FA;PC	3	1.905507e-12	1	16.59	86	yes	4	3	69942445	CELL DIVISION CYCLE PROTEIN 27 HOMOLOG (PTHR12558:SF13)	anaphase-promoting complex | anaphase-promoting complex-dependent catabolic process | metaphase/anaphase transition of mitotic cell cycle | nucleus
SORBI_3001G192000	Autophagy-related protein 9	""	LIN	BP;CC;MF	PC	1	9.646242e-12	0.461225	16.59	3	yes	5	1	17038290	AUTOPHAGY-RELATED PROTEIN 9 (PTHR13038:SF19)	autophagosome | mitophagy | phagophore assembly site | phospholipid scramblase activity | plasma membrane phospholipid scrambling
SORBI_3001G211500	DNA ligase	metabolic enzyme	LIN	BP;CC;MF	FA;PC;TG	3	2.66193e-11	0.83096	16.59	86	yes	5	1	19467549	DNA LIGASE 1 (PTHR45674:SF4)	ATP binding | DNA binding | DNA repair | lagging strand elongation | nucleus
SORBI_3001G436900	Autophagy-related protein 9	""	LIN	BP;CC;MF	PC	2	1.416257e-10	0.874182	16.59	3	yes	5	1	71498189	AUTOPHAGY-RELATED PROTEIN 9 (PTHR13038:SF10)	autophagosome | mitophagy | phagophore assembly site | phospholipid scramblase activity | plasma membrane phospholipid scrambling
SORBI_3009G104900	Uncharacterized protein	metabolic enzyme	LIN	BP;CC	PC	1	7.403466e-10	1	16.59	86	yes	4	9	42374805	ANAPHASE-PROMOTING COMPLEX SUBUNIT 1 (PTHR12827:SF3)	anaphase-promoting complex | anaphase-promoting complex-dependent catabolic process | metaphase/anaphase transition of mitotic cell cycle | nucleus
SORBI_3004G096300	protein-serine_threonine phosphatase	""	LIN	BP;MF	DG;FA	3	7.120347e-11	0.526687	15.5	4	yes	2	4	8524045	PROTEIN PHOSPHATASE 2C 72-RELATED (PTHR47992:SF57)	protein serine/threonine phosphatase activity | regulation of intracellular signal transduction
SORBI_3001G312500	protein-serine_threonine phosphatase	""	LIN	CC;MF	DG;PC	3	5.251615e-10	0.78744	15.5	86	yes	2	1	59934525	PROTEIN PHOSPHATASE 2C 47-RELATED (PTHR13832:SF839)	nucleus | protein serine/threonine phosphatase activity
SORBI_3010G152300	Glycosyltransferase	metabolic enzyme	LIN	CC;MF	SQDG	1	6.268769e-11	0.639766	15	5	yes	3	10	44208442	GLYCOSYLTRANSFERASE FAMILY 61 PROTEIN (PTHR20961:SF162)	Golgi membrane | glycosyltransferase activity | pentosyltransferase activity
SORBI_3010G152400	Glycosyltransferase	metabolic enzyme	LIN	CC;MF	SQDG	1	6.268769e-11	0.73088	15	5	yes	3	10	44214509	GLYCOSYLTRANSFERASE-RELATED (PTHR20961:SF5)	Golgi membrane | glycosyltransferase activity | pentosyltransferase activity
SORBI_3001G212500	Vacuolar protein sorting-associated protein 52 A	""	LIN	BP	PC	3	9.572441e-12	0.805055	14.93	3	yes	1	1	19628010	OS10G0488300 PROTEIN (PTHR14190:SF11)	endocytic recycling
SORBI_3002G376300	FYVE-type domain-containing protein	repeat-associated domain	LIN	BP	PC	2	2.411147e-10	0.416806	14.93	3	yes	1	2	73359523	HEPATOCYTE GROWTH FACTOR-REGULATED TYROSINE KINASE SUBSTRATE (PTHR46275:SF1)	endocytic recycling
SORBI_3003G234200	carbonic anhydrase	""	LIN	BP	PC	1	4.934441e-10	1	14.93	2	yes	1	3	57297987	CARBONIC ANHYDRASE (PTHR11002:SF81)	carbon utilization
SORBI_3002G230100	carbonic anhydrase	""	LIN	BP	PC	1	8.076351e-10	0.807231	14.93	2	yes	1	2	62133898	CARBONIC ANHYDRASE (PTHR11002:SF12)	carbon utilization
SORBI_3003G234500	Carbonic anhydrase	""	LIN	BP	PC	1	2.19347e-09	0.402029	14.93	2	yes	1	3	57318984	CARBONIC ANHYDRASE (PTHR11002:SF54)	carbon utilization
SORBI_3001G097900	Vacuolar protein sorting-associated protein 51 homolog	""	LIN	BP;CC	PC	2	3.189411e-09	0.856549	14.93	97	yes	2	1	7512285	VACUOLAR PROTEIN SORTING-ASSOCIATED PROTEIN 51 HOMOLOG (PTHR15954:SF4)	endocytic recycling | membrane
SORBI_3010G124700	Protein kinase domain-containing protein	metabolic enzyme	LIN	BP;CC;MF	SQDG	1	5.991652e-11	0.68984	14.88	31	yes	6	10	15183268	OS07G0130200 PROTEIN (PTHR27007:SF156)	ATP binding | carbohydrate binding | membrane | negative regulation of response to salt stress | nucleotide binding | protein serine/threonine kinase activity
SORBI_3010G124800	Protein kinase domain-containing protein	metabolic enzyme	LIN	BP;MF	SQDG	1	5.991652e-11	0.717583	14.88	21	yes	5	10	15203779	OS07G0130100 PROTEIN (PTHR27007:SF169)	ATP binding | carbohydrate binding | negative regulation of response to salt stress | nucleotide binding | protein serine/threonine kinase activity
SORBI_3010G127200	Protein kinase domain-containing protein	metabolic enzyme	LIN	BP;CC;MF	SQDG	1	9.595744e-11	0.571438	14.88	31	yes	6	10	16100827	LECTIN-LIKE RECEPTOR PROTEIN KINASE FAMILY PROTEIN-RELATED (PTHR27007:SF150)	ATP binding | carbohydrate binding | membrane | negative regulation of response to salt stress | nucleotide binding | protein serine/threonine kinase activity
SORBI_3004G006400	Cytochrome P450	""	LIN	CC;MF	AEG;DG;DGDG;FA;GalCer;MG;MGDG;PA;PC;PE;PG;SQDG;TG	16	2.605726e-21	1	13.71	43	yes	2	4	540868	CYTOCHROME P450 89A2 (PTHR24298:SF892)	iron ion binding | membrane
SORBI_3004G007500	Uncharacterized protein	""	LIN	MF	AEG;DG;DGDG;GalCer;MG;MGDG;PA;PC;PE;PG;SQDG;TG	16	2.605726e-21	0.980904	13.71	2	yes	1	4	665105	INACTIVE LINOLENATE HYDROPEROXIDE LYASE-RELATED (PTHR24286:SF49)	iron ion binding
SORBI_3002G256700	Uncharacterized protein	""	LIN	BP	AEG	1	1.550276e-10	0.668902	13.48	2	yes	1	2	64259830	LD34905P (PTHR24006:SF781)	protein deubiquitination
SORBI_3001G263600	Ubiquitin carboxyl-terminal hydrolase	metabolic enzyme	LIN	BP	AEG	1	6.627981e-09	0.406138	13.48	2	yes	1	1	48357332	UBIQUITIN CARBOXYL-TERMINAL HYDROLASE (PTHR21646:SF46)	protein deubiquitination
SORBI_3008G103500	Uncharacterized protein	""	CTL	BP	PC	1	1.502745e-11	0.905424	13.23	4	yes	2	8	48987997	MADS-BOX TRANSCRIPTION FACTOR 20 (PTHR11945:SF760)	positive regulation of transcription by RNA polymerase II | regulation of DNA-templated transcription
SORBI_3001G248100	histone acetyltransferase	metabolic enzyme	CTL	BP	PC	1	3.424946e-09	0.708647	13.23	2	yes	1	1	26545536	HISTONE ACETYLTRANSFERASE (PTHR45750:SF3)	positive regulation of transcription by RNA polymerase II
SORBI_3003G408800	DEK-C domain-containing protein	repeat-associated domain	LIN	BP;MF	PC;PG	11	2.698367e-17	0.462401	12.44	43	yes	2	3	71646982	PROTEIN DEK (PTHR13468:SF1)	DNA binding | regulation of double-strand break repair
SORBI_3001G168900	MobA-like NTP transferase domain-containing protein	metabolic enzyme	LIN	CC	FA;PC	3	2.978268e-14	0.867775	12.44	30	yes	2	1	14063764	TRANSLATION INITIATION FACTOR EIF-2B SUBUNIT GAMMA (PTHR45989:SF1)	cytoplasm | eukaryotic translation initiation factor 2B complex
SORBI_3008G101600	eIF-2B GDP-GTP exchange factor subunit alpha	""	LIN	CC	PC	2	1.968192e-12	1	12.44	3	yes	1	8	48257333	TRANSLATION INITIATION FACTOR EIF-2B SUBUNIT ALPHA (PTHR45860:SF1)	eukaryotic translation initiation factor 2B complex
SORBI_3001G259000	Translation initiation factor eIF-2B beta subunit	""	CTL;LIN	BP;CC;MF	PC;TG	12	1.726483e-11	0.696232	12.44	19	yes	4	1	31003967	TRANSLATION INITIATION FACTOR EIF-2B SUBUNIT BETA (PTHR45859:SF1)	cytosol | eukaryotic translation initiation factor 2B complex | translation initiation factor activity | translational initiation
SORBI_3007G182700	DNA polymerase delta subunit 4	""	LIN	BP	PC	3	1.545149e-10	0.450309	12.44	2	yes	1	7	61589121	DNA POLYMERASE DELTA SUBUNIT 4 (PTHR14303:SF16)	DNA synthesis involved in DNA repair
SORBI_3001G338800	DEK-C domain-containing protein	repeat-associated domain	LIN	BP;CC;MF	PC	1	1.595598e-10	0.550709	12.44	86	yes	3	1	62636725	OS03G0412900 PROTEIN (PTHR13468:SF7)	DNA binding | nucleus | regulation of double-strand break repair
SORBI_3003G370300	RecA family profile 1 domain-containing protein	repeat-associated domain	LIN	CC;MF	PC	1	1.287754e-09	0.812586	12.44	63	yes	4	3	68627803	DNA REPAIR PROTEIN XRCC2 (PTHR46644:SF2)	ATP binding | DNA binding | Rad51B-Rad51C-Rad51D-XRCC2 complex | replication fork
SORBI_3009G024800	RecA family profile 1 domain-containing protein	repeat-associated domain	LIN	CC;MF	PC	1	2.580864e-09	0.464505	12.44	86	yes	6	9	2217737	DNA REPAIR PROTEIN RAD51 HOMOLOG 2 (PTHR46456:SF1)	ATP binding | DNA binding | Rad51B-Rad51C-Rad51D-XRCC2 complex | nucleus | replication fork | single-stranded DNA binding
SORBI_3008G101300	DNA repair protein RAD51 homolog	""	LIN	BP;CC;MF	PC;TG	3	5.261562e-14	0.98514	12.39	86	yes	7	8	47985625	DNA REPAIR PROTEIN RAD51 HOMOLOG 1 (PTHR22942:SF39)	ATP binding | DNA binding | DNA repair | chromosome organization involved in meiotic cell cycle | nucleotide binding | nucleus | single-stranded DNA binding
SORBI_3001G045400	Polygalacturonase	""	LIN	BP	TG	3	1.127564e-09	0.447308	12.39	2	yes	1	1	3361277	POLYGALACTURONASE QRT2 (PTHR31375:SF177)	anther dehiscence
SORBI_3001G106200	Uncharacterized protein	""	LIN	BP;CC;MF	TG	1	1.536357e-09	0.946034	12.39	55	yes	5	1	8180004	HOMEOBOX PROTEIN KNOTTED-1-LIKE 6 (PTHR11850:SF234)	DNA binding | anther dehiscence | cytoplasm | nucleus | regulation of DNA-templated transcription
SORBI_3001G305900	AIG1-type G domain-containing protein	repeat-associated domain	CTL	BP	TG	4	2.237558e-09	0.731938	12.27	2	yes	1	1	58998698	TRANSLOCASE OF CHLOROPLAST 120, CHLOROPLASTIC-RELATED (PTHR10903:SF135)	protein targeting to chloroplast
SORBI_3001G023400	AIG1-type G domain-containing protein	repeat-associated domain	CTL	BP	TG	1	5.0281e-09	0.612631	12.27	2	yes	1	1	1867351	AIG1 FAMILY PROTEIN, EXPRESSED (PTHR10903:SF64)	protein targeting to chloroplast
SORBI_3006G219200	Ubiquitin-like domain-containing protein	repeat-associated domain	LIN	CC;MF	FA	3	7.046525e-14	1	11.06	30	yes	2	6	56632684	OS04G0619900 PROTEIN (PTHR12329:SF17)	adenyl-nucleotide exchange factor activity | cytoplasm
SORBI_3001G103300	Calcium-transporting ATPase	transport	LIN	BP;CC;MF	FA;PC;TG	6	7.419754e-14	0.890718	11.06	97	yes	6	1	7907267	CALCIUM-TRANSPORTING ATPASE SARCOPLASMIC_ENDOPLASMIC RETICULUM TYPE (PTHR42861:SF127)	ATP binding | ATP hydrolysis activity | P-type calcium transporter activity | calcium ion transmembrane transport | membrane | nucleotide binding
SORBI_3001G032800	TOG domain-containing protein	repeat-associated domain	LIN	MF	FA	4	2.487071e-13	0.779226	11.06	2	yes	1	1	2481787	HSP70-BINDING PROTEIN 1 (PTHR19316:SF18)	adenyl-nucleotide exchange factor activity
SORBI_3004G061400	Calcium-transporting ATPase	transport	LIN	CC;MF	FA	2	1.270875e-11	0.898584	11.06	43	yes	4	4	4933922	CALCIUM-TRANSPORTING ATPASE (PTHR24093:SF521)	ATP binding | P-type calcium transporter activity | calmodulin binding | membrane
SORBI_3006G248100	Fungal lipase-like domain-containing protein	LIPID enzyme/transport	CTL	MF	TG	8	6.016559e-13	0.429044	10.73	2	yes	1	6	58758117	OS04G0657500 PROTEIN (PTHR46086:SF18)	triacylglycerol lipase activity
SORBI_3008G004800	Ferritin	""	CTL	CC;MF	TG	1	5.915794e-11	0.570772	10.73	11	yes	2	8	423697	FERRITIN-1, CHLOROPLASTIC (PTHR11431:SF125)	chloroplast | ferric iron binding
SORBI_3005G144300	Patatin	LIPID enzyme/transport	CTL	CC;MF	TG	4	3.098264e-10	0.507024	10.73	44	yes	4	5	60880595	PATATIN-LIKE PHOSPHOLIPASE DOMAIN-CONTAINING PROTEIN 4 (PTHR12406:SF7)	chloroplast | hydrolase activity | membrane | triacylglycerol lipase activity
SORBI_3005G146300	Purple acid phosphatase	""	CTL	CC;MF	TG	4	2.708965e-09	0.528912	10.73	12	yes	3	5	61331196	PURPLE ACID PHOSPHATASE (PTHR10161:SF38)	extracellular region | ferric iron binding | hydrolase activity
SORBI_3004G331900	Transmembrane 9 superfamily member	transport	LIN	CC	AEG	2	8.242337e-12	0.873158	10.63	2	yes	1	4	66490598	TRANSMEMBRANE 9 SUPERFAMILY MEMBER 4 (PTHR10766:SF55)	endosome membrane
SORBI_3003G394200	Vps53 N-terminal domain-containing protein	repeat-associated domain	LIN	CC	AEG	1	1.080235e-09	0.648367	10.63	2	yes	1	3	70501836	VACUOLAR PROTEIN SORTING-ASSOCIATED PROTEIN 53 HOMOLOG (PTHR12820:SF0)	endosome membrane
SORBI_3010G214100	D-3-phosphoglycerate dehydrogenase	""	LIN	BP	PC	3	5.788243e-15	0.590019	9.95	2	yes	1	10	55704057	D-3-PHOSPHOGLYCERATE DEHYDROGENASE 2, CHLOROPLASTIC (PTHR42938:SF46)	L-serine biosynthetic process
SORBI_3006G243400	D-3-phosphoglycerate dehydrogenase	""	LIN	BP	PC	3	1.258093e-13	1	9.95	2	yes	1	6	58360791	D-3-PHOSPHOGLYCERATE DEHYDROGENASE 3, CHLOROPLASTIC (PTHR42938:SF5)	L-serine biosynthetic process
SORBI_3004G103700	Uncharacterized protein	""	CTL;LIN	BP;CC;MF	PC;TG	1	2.82693e-10	0.620552	9.95	11	yes	5	4	9760081	LARGE RIBOSOMAL SUBUNIT PROTEIN UL16Z (PTHR11726:SF30)	cytosolic large ribosomal subunit | response to UV-B | ribosome | structural constituent of ribosome | translation
SORBI_3009G042800	DUF4378 domain-containing protein	repeat-associated domain	LIN	BP	PC	2	9.73728e-10	0.747893	9.95	2	yes	1	9	4079957	COILED-COIL DOMAIN-CONTAINING PROTEIN SCD2 (PTHR31762:SF17)	cytokinesis by cell plate formation
SORBI_3004G104700	Aspartate aminotransferase	metabolic enzyme	LIN	MF	PC	1	1.000563e-09	0.419536	9.95	2	yes	1	4	9865520	ASPARTATE AMINOTRANSFERASE (PTHR11879:SF45)	L-aspartate:2-oxoglutarate transaminase activity
SORBI_3003G412300	Coiled-coil domain-containing protein SCD2	repeat-associated domain	LIN	BP	PC	1	1.513461e-09	0.811693	9.95	2	yes	1	3	71957823	COILED-COIL DOMAIN-CONTAINING PROTEIN SCD2 (PTHR31762:SF4)	cytokinesis by cell plate formation
SORBI_3003G370800	Aminotransferase class I_classII domain-containing protein	metabolic enzyme	LIN	MF	PC	1	2.131314e-09	0.405423	9.95	2	yes	1	3	68681474	BIFUNCTIONAL ASPARTATE AMINOTRANSFERASE AND GLUTAMATE_ASPARTATE-PREPHENATE AMINOTRANSFERASE (PTHR43795:SF2)	L-aspartate:2-oxoglutarate transaminase activity
SORBI_3001G383000	Uncharacterized protein	""	LIN	BP	PC	1	3.265054e-09	0.419683	9.95	2	yes	1	1	67060895	OS03G0332500 PROTEIN (PTHR11726:SF41)	response to UV-B
SORBI_3009G172950	DNA helicase	""	LIN	BP;CC;MF	PC	1	7.971762e-09	1	9.95	86	yes	7	9	52798474	DNA REPLICATION LICENSING FACTOR MCM3-RELATED (PTHR11630:SF46)	ATP binding | ATP hydrolysis activity | DNA binding | double-strand break repair via break-induced replication | mitotic DNA replication initiation | nucleus | single-stranded DNA binding
SORBI_3004G002350	Small nuclear ribonucleoprotein Sm D3	""	LIN	CC	AEG;DG;DGDG;FA;GalCer;MG;MGDG;PG;SQDG	11	3.849136e-19	0.477958	9.83	38	yes	2	4	184257	SMALL NUCLEAR RIBONUCLEOPROTEIN SM D3 (PTHR23338:SF17)	U5 snRNP | nucleus
SORBI_3002G186000	OCRE domain-containing protein	repeat-associated domain	LIN	CC	FA	2	5.881396e-11	0.617701	9.83	2	yes	1	2	57016289	CD2 ANTIGEN CYTOPLASMIC TAIL-BINDING PROTEIN 2 (PTHR13138:SF3)	U5 snRNP
SORBI_3010G125700	Proteasome activator subunit 4	""	CTL;LIN	CC	SQDG;TG	3	5.483313e-12	0.89191	9.79	55	yes	3	10	15557931	PROTEASOME ACTIVATOR COMPLEX SUBUNIT 4 (PTHR32170:SF3)	cytoplasm | nuclear speck | nucleus
SORBI_3010G107901	Uncharacterized protein	""	LIN	CC;MF	SQDG	1	1.346217e-10	0.469419	9.79	20	yes	3	10	10651330	""	nuclear speck | nucleic acid binding | zinc ion binding
SORBI_3003G087000	Uncharacterized protein	""	LIN	CC	AEG;DG;DGDG;FA;GalCer;MG;MGDG;PE;PG;SQDG	11	4.464413e-20	0.842978	9.75	10	yes	1	3	7543557	TRANSMEMBRANE PROTEIN 214 (PTHR13448:SF0)	endoplasmic reticulum membrane
SORBI_3003G368300	BZIP domain-containing protein	repeat-associated domain	CTL;LIN	BP;CC;MF	PA;PC	1	7.022179e-10	0.463977	9.69	86	yes	3	3	68401519	BZIP TRANSCRIPTION FACTOR 12 (PTHR22952:SF392)	nucleus | regulation of DNA-templated transcription | sequence-specific DNA binding
SORBI_3010G193300	Phosphatidic acid phosphatase type 2_haloperoxidase domain-containing protein	metabolic enzyme	CTL	BP;CC;MF	TG	1	1.931837e-10	0.586877	9.54	44	yes	4	10	53532486	PHOSPHATIDIC ACID PHOSPHATASE TYPE 2_HALOPEROXIDASE DOMAIN-CONTAINING PROTEIN (PTHR10165:SF167)	membrane | phosphatidate phosphatase activity | phospholipid dephosphorylation | phospholipid metabolic process
SORBI_3001G122100	Protein kinase domain-containing protein	metabolic enzyme	CTL	CC;MF	TG	1	2.499299e-09	0.533923	9.54	2	yes	2	1	9615157	DUAL SPECIFICITY PROTEIN KINASE TTK (PTHR22974:SF21)	kinetochore | protein serine/threonine/tyrosine kinase activity
SORBI_3003G078700	Phosphatidic acid phosphatase type 2_haloperoxidase domain-containing protein	metabolic enzyme	CTL	BP;CC;MF	TG	1	3.140747e-09	0.623849	9.54	44	yes	4	3	6758539	LIPID PHOSPHATE PHOSPHATASE 3, CHLOROPLASTIC-RELATED (PTHR10165:SF203)	membrane | phosphatidate phosphatase activity | phospholipid dephosphorylation | phospholipid metabolic process
SORBI_3004G202500	Protein kinase domain-containing protein	metabolic enzyme	CTL	CC;MF	TG	1	5.514038e-09	0.409374	9.54	50	yes	2	4	55461614	SERINE_THREONINE-PROTEIN KINASE AFC2 (PTHR45646:SF19)	nucleus | protein serine/threonine/tyrosine kinase activity
SORBI_3003G382600	Uncharacterized protein	""	LIN	BP;CC	FA;PC	2	1.296771e-11	0.762504	9.44	97	yes	5	3	69606054	OS01G0888800 PROTEIN (PTHR36023:SF5)	cytoplasm | endoplasmic reticulum | membrane | nucleus | positive regulation of organ growth
SORBI_3004G181800	Uncharacterized protein	""	LIN	BP;CC	FA;PC;TG	6	2.053025e-10	0.956084	9.44	97	yes	5	4	53500071	ARGOS7 (PTHR38928:SF7)	cytoplasm | endoplasmic reticulum | membrane | nucleus | positive regulation of organ growth
SORBI_3001G036050	Transcription factor IIIC 90kDa subunit N-terminal domain-containing protein	repeat-associated domain	LIN	BP;CC	TG	3	2.359303e-13	0.79973	9.29	2	yes	2	1	2695391	GENERAL TRANSCRIPTION FACTOR 3C POLYPEPTIDE 4 (PTHR15496:SF2)	transcription factor TFIIIC complex | transcription initiation at RNA polymerase III promoter
SORBI_3003G385500	Lipoxygenase	""	LIN	BP	PC;TG	3	1.442762e-11	0.44229	9.29	7	yes	2	3	69796879	LINOLEATE 9S-LIPOXYGENASE 2 (PTHR11771:SF54)	lipid oxidation | response to wounding
SORBI_3003G107500	Protein CHROMATIN REMODELING 8	""	LIN	BP;CC;MF	TG	2	1.139756e-10	0.450033	9.29	55	yes	4	3	9720318	DNA EXCISION REPAIR PROTEIN ERCC-6-RELATED (PTHR45629:SF7)	ATP binding | DNA repair | nucleus | transcription-coupled nucleotide-excision repair
SORBI_3004G223600	B-block binding subunit of TFIIIC domain-containing protein	repeat-associated domain	LIN	BP;CC;MF	TG	3	4.880199e-10	0.597276	9.29	55	yes	4	4	57429203	GENERAL TRANSCRIPTION FACTOR 3C POLYPEPTIDE 1 (PTHR15180:SF1)	DNA binding | nucleus | transcription factor TFIIIC complex | transcription initiation at RNA polymerase III promoter
SORBI_3001G125800	Lipoxygenase	""	LIN	BP	PC;TG	2	6.794453e-10	0.426811	9.29	7	yes	2	1	9902653	LINOLEATE 9S-LIPOXYGENASE 5 (PTHR11771:SF112)	lipid oxidation | response to wounding
SORBI_3003G385900	Lipoxygenase	""	LIN	BP	TG	1	1.205825e-09	0.661559	9.29	2	yes	1	3	69827192	LIPOXYGENASE (PTHR11771:SF108)	lipid oxidation
SORBI_3002G374200	DNA-directed RNA polymerase subunit	""	LIN	BP	TG	2	1.561991e-09	0.776886	9.29	2	yes	1	2	73204682	DNA-DIRECTED RNA POLYMERASE SUBUNIT (PTHR11239:SF16)	transcription-coupled nucleotide-excision repair
SORBI_3003G324400	AP 37 protein	""	LIN	CC;MF	FA;LPC;PG	4	1.277574e-14	0.547411	8.88	38	yes	3	3	65109839	OS01G0797600 PROTEIN (PTHR31677:SF168)	DNA binding | DNA-binding transcription factor activity | nucleus
SORBI_3003G324500	AP2_ERF domain-containing protein	repeat-associated domain	LIN	CC;MF	FA;LPC;PG	4	1.277574e-14	0.624107	8.88	38	yes	3	3	65120997	ETHYLENE-RESPONSIVE TRANSCRIPTION FACTOR 12 (PTHR31677:SF202)	DNA binding | DNA-binding transcription factor activity | nucleus
SORBI_3005G014800	AP2_ERF domain-containing protein	repeat-associated domain	CTL	BP;MF	PA	1	1.041704e-09	0.600776	8.88	2	yes	2	5	1333156	AP2_EREBP TRANSCRIPTION FACTOR SUPERFAMILY PROTEIN-RELATED (PTHR31190:SF200)	DNA-binding transcription factor activity | regulation of DNA-templated transcription
SORBI_3003G406600	SBP-type domain-containing protein	repeat-associated domain	LIN	BP;CC;MF	AEG;DG;DGDG;FA;GalCer;MG;MGDG;PC;PG;SQDG	11	2.698367e-17	1	8.85	86	yes	4	3	71419053	SQUAMOSA PROMOTER-BINDING-LIKE PROTEIN 4 (PTHR31251:SF106)	DNA binding | DNA-binding transcription activator activity | nucleus | positive regulation of DNA-templated transcription
SORBI_3004G062100	SBP-type domain-containing protein	repeat-associated domain	LIN	BP;CC;MF	FA	2	1.270875e-11	0.649437	8.85	38	yes	3	4	5015589	SQUAMOSA PROMOTER-BINDING-LIKE PROTEIN 8 (PTHR31251:SF169)	DNA-binding transcription activator activity | nucleus | positive regulation of DNA-templated transcription
SORBI_3001G028100	RNA helicase	""	LIN	MF	FA;SQDG	3	9.303456e-14	0.855925	8.68	30	yes	4	1	2178240	DEAD-BOX ATP-DEPENDENT RNA HELICASE 3, CHLOROPLASTIC (PTHR24031:SF756)	ATP binding | RNA helicase activity | helicase activity | nucleic acid binding
SORBI_3001G028200	RNA helicase	""	LIN	CC;MF	FA;SQDG	3	9.303456e-14	1	8.68	38	yes	4	1	2186952	LOW QUALITY PROTEIN: DEXH-BOX ATP-DEPENDENT RNA HELICASE DEXH12-LIKE (PTHR12131:SF12)	ATP binding | RNA helicase activity | nucleic acid binding | nucleus
SORBI_3008G078800	Obtusifoliol 14-alpha demethylase	""	LIN	MF	Cer	3	1.515462e-11	0.845931	8.68	2	yes	2	8	12396098	OS02G0113200 PROTEIN (PTHR24286:SF244)	iron ion binding | oxidoreductase activity, acting on paired donors, with incorporation or reduction of molecular oxygen
SORBI_3001G164200	Uncharacterized protein	""	LIN	MF	Cer	2	5.662353e-11	0.909602	8.68	2	yes	2	1	13570116	CYTOCHROME P450 FAMILY 87 SUBFAMILY A POLYPEPTIDE 2 (PTHR24286:SF216)	iron ion binding | oxidoreductase activity, acting on paired donors, with incorporation or reduction of molecular oxygen
SORBI_3001G164100	Uncharacterized protein	""	LIN	MF	Cer	1	2.886439e-09	0.401643	8.68	2	yes	2	1	13554468	CYTOCHROME P450 FAMILY 87 SUBFAMILY A POLYPEPTIDE 2 (PTHR24286:SF216)	iron ion binding | oxidoreductase activity, acting on paired donors, with incorporation or reduction of molecular oxygen
SORBI_3004G331600	DNA replication licensing factor MCM5	""	LIN	MF	AEG	1	2.820382e-09	0.506699	8.64	2	yes	1	4	66473376	DNA REPLICATION LICENSING FACTOR MCM5 (PTHR11630:SF42)	single-stranded DNA binding
SORBI_3003G391400	RecA protein	""	LIN	MF	AEG	1	4.243422e-09	0.424171	8.64	2	yes	1	3	70263598	DNA REPAIR PROTEIN RECA HOMOLOG 3, MITOCHONDRIAL-RELATED (PTHR45900:SF6)	single-stranded DNA binding
SORBI_3006G039800	Morc S5 domain-containing protein	repeat-associated domain	CTL	BP;CC	TG	10	4.630195e-12	0.97538	8.59	50	yes	2	6	19123733	PROTEIN MICRORCHIDIA 7-LIKE (PTHR23336:SF80)	nucleus | positive regulation of defense response
SORBI_3003G069950	Protein kinase domain-containing protein	metabolic enzyme	CTL	BP;CC	TG	1	3.624862e-11	0.754546	8.59	18	yes	3	3	5988613	OS01G0152000 PROTEIN (PTHR27008:SF376)	endoplasmic reticulum membrane | plasma membrane | positive regulation of defense response
SORBI_3010G194600	CW-type domain-containing protein	repeat-associated domain	CTL	BP;CC;MF	TG	1	1.931837e-10	0.719049	8.59	50	yes	3	10	53712704	OS06G0622000 PROTEIN (PTHR23336:SF11)	nucleus | positive regulation of defense response | zinc ion binding
SORBI_3010G143600	Morc S5 domain-containing protein	repeat-associated domain	CTL;LIN	BP;CC	SQDG;TG	2	2.276651e-10	0.976134	8.59	50	yes	2	10	38101564	PROTEIN MICRORCHIDIA 6 (PTHR23336:SF65)	nucleus | positive regulation of defense response
SORBI_3001G210000	CDT1 Geminin-binding domain-containing protein	repeat-associated domain	LIN	BP;CC;MF	PC	1	3.503579e-13	0.869311	8.29	86	yes	3	1	19254795	EXPRESSED PROTEIN (PTHR28637:SF13)	DNA binding | DNA replication checkpoint signaling | nucleus
SORBI_3009G251500	Structural maintenance of chromosomes protein	""	LIN	BP;CC;MF	PC	1	1.131779e-10	0.592385	8.29	86	yes	4	9	58648461	STRUCTURAL MAINTENANCE OF CHROMOSOMES PROTEIN 3 (PTHR43977:SF1)	ATP binding | ATP hydrolysis activity | chromosome organization | nucleus
SORBI_3009G237400	Timeless N-terminal domain-containing protein	repeat-associated domain	CTL;LIN	BP;CC;MF	PC;TG	1	6.965395e-10	0.461149	8.29	86	yes	3	9	57565192	PROTEIN TIMELESS HOMOLOG (PTHR22940:SF4)	DNA binding | DNA replication checkpoint signaling | nucleus
SORBI_3009G184200	Structural maintenance of chromosomes protein	""	LIN	BP;CC;MF	PC	1	2.194588e-09	0.59667	8.29	86	yes	4	9	53732001	STRUCTURAL MAINTENANCE OF CHROMOSOMES PROTEIN (PTHR18937:SF172)	ATP binding | ATP hydrolysis activity | chromosome organization | nucleus
SORBI_3003G103701	non-specific serine_threonine protein kinase	metabolic enzyme	LIN	BP;CC	PC	1	2.916859e-09	0.421377	8.29	86	yes	2	3	9247205	SERINE-PROTEIN KINASE ATM (PTHR11139:SF72)	chromosome organization involved in meiotic cell cycle | nucleus
SORBI_3010G171000	Phospholipid-transporting ATPase	LIPID enzyme/transport	LIN	BP;CC;MF	TG	2	3.125913e-12	0.577074	8.26	71	yes	6	10	50259168	PHOSPHOLIPID-TRANSPORTING ATPASE (PTHR24092:SF150)	ATP binding | ATP hydrolysis activity | membrane | nucleotide binding | phospholipid translocation | phospholipid transport
SORBI_3001G251200	Phospholipid-transporting ATPase	LIPID enzyme/transport	LIN	BP;CC;MF	TG	1	9.698677e-12	0.472619	8.26	71	yes	6	1	27132607	PHOSPHOLIPID-TRANSPORTING ATPASE DNF1-RELATED (PTHR24092:SF180)	ATP binding | ATP hydrolysis activity | membrane | nucleotide binding | phospholipid translocation | phospholipid transport
SORBI_3002G114900	Importin N-terminal domain-containing protein	transport	LIN	BP;CC	TG	6	2.595338e-11	0.892353	8.26	33	yes	3	2	14069793	IMPORTIN N-TERMINAL DOMAIN-CONTAINING PROTEIN (PTHR11223:SF9)	cytoplasm | ribosomal large subunit export from nucleus | ribosomal small subunit export from nucleus
SORBI_3003G366850	Uncharacterized protein	transport	CTL;LIN	BP;CC	PA;TG	1	1.103826e-09	1	8.26	33	yes	3	3	68293375	EXPRESSED PROTEIN (PTHR11223:SF7)	cytoplasm | ribosomal large subunit export from nucleus | ribosomal small subunit export from nucleus
SORBI_3009G040500	Ribosome biogenesis protein NOP53	""	LIN	BP	TG	2	2.174566e-09	0.422642	8.26	2	yes	1	9	3891245	RIBOSOME BIOGENESIS PROTEIN NOP53 (PTHR14211:SF7)	ribosomal large subunit assembly
SORBI_3006G044600	Eukaryotic translation initiation factor 3 subunit H	""	CTL	BP;CC;MF	TG	11	9.34374e-14	0.963195	8.18	49	yes	8	6	31236917	EUKARYOTIC TRANSLATION INITIATION FACTOR 3 SUBUNIT H (PTHR10410:SF3)	cytoplasm | cytoplasmic translational initiation | eukaryotic 43S preinitiation complex | eukaryotic 48S preinitiation complex | eukaryotic translation initiation factor 3 complex | formation of cytoplasmic translation initiation complex | translation initiation factor activity | translational initiation
SORBI_3002G044000	Eukaryotic translation initiation factor 3 subunit I	""	CTL	BP;CC;MF	TG	10	7.587135e-12	0.735475	8.18	7	yes	6	2	4174779	EUKARYOTIC TRANSLATION INITIATION FACTOR 3 SUBUNIT I (PTHR19877:SF1)	cytoplasmic translational initiation | eukaryotic 43S preinitiation complex | eukaryotic 48S preinitiation complex | eukaryotic translation initiation factor 3 complex | formation of cytoplasmic translation initiation complex | translation initiation factor activity
SORBI_3008G095500	W2 domain-containing protein	repeat-associated domain	CTL	BP;CC;MF	PC;TG	9	1.847673e-11	0.978194	8.18	19	yes	4	8	45165490	W2 DOMAIN-CONTAINING PROTEIN (PTHR23001:SF50)	cytosol | formation of cytoplasmic translation initiation complex | translation initiation factor activity | translational initiation
SORBI_3009G234400	Eukaryotic translation initiation factor 3 subunit D	""	CTL	BP;CC;MF	TG	1	1.01332e-09	0.406699	8.18	49	yes	8	9	57380742	EUKARYOTIC TRANSLATION INITIATION FACTOR 3 SUBUNIT D (PTHR12399:SF3)	cytoplasm | cytoplasmic translational initiation | eukaryotic 43S preinitiation complex | eukaryotic 48S preinitiation complex | eukaryotic translation initiation factor 3 complex | formation of cytoplasmic translation initiation complex | translation initiation factor activity | translational initiation
SORBI_3005G105500	ER membrane protein complex subunit 10	""	LIN	CC	DG;MG;MGDG	4	3.977857e-11	0.982245	8.12	3	yes	1	5	19497437	ER MEMBRANE PROTEIN COMPLEX SUBUNIT 10 (PTHR21397:SF4)	endoplasmic reticulum membrane
SORBI_3005G145100	Phospholipase A2	LIPID enzyme/transport	CTL	BP;CC	TG	4	3.098264e-10	0.84057	8.05	12	yes	2	5	61030785	OS11G0546600 PROTEIN (PTHR11716:SF52)	extracellular region | phospholipid metabolic process
SORBI_3002G091200	Pectinesterase inhibitor domain-containing protein	repeat-associated domain	CTL	MF	TG	1	4.402201e-10	0.679297	8.05	4	yes	2	2	9520497	OS07G0247000 PROTEIN (PTHR31080:SF21)	enzyme inhibitor activity | pectinesterase inhibitor activity
SORBI_3002G091300	Pectinesterase inhibitor domain-containing protein	repeat-associated domain	CTL	MF	TG	1	4.402201e-10	0.701261	8.05	4	yes	2	2	9525195	PECTINESTERASE INHIBITOR DOMAIN-CONTAINING PROTEIN (PTHR31080:SF154)	enzyme inhibitor activity | pectinesterase inhibitor activity
SORBI_3001G024400	Pectinesterase inhibitor domain-containing protein	repeat-associated domain	CTL	MF	TG	1	5.0281e-09	0.685245	8.05	4	yes	2	1	1934662	OS03G0830600 PROTEIN (PTHR31080:SF69)	enzyme inhibitor activity | pectinesterase inhibitor activity
SORBI_3003G420500	Calcium-transporting ATPase	transport	LIN	CC;MF	FA	1	2.186622e-09	0.775071	7.97	43	yes	4	3	72557171	CALCIUM-TRANSPORTING ATPASE 1, PLASMA MEMBRANE-TYPE (PTHR24093:SF502)	ATP binding | P-type calcium transporter activity | calmodulin binding | membrane
SORBI_3001G022700	Cytochrome P450 CYP733A	""	CTL	BP	TG	2	2.282694e-15	0.978363	7.81	2	yes	1	1	1826823	ABSCISIC ACID 8'-HYDROXYLASE 3-LIKE (PTHR24286:SF28)	pollen tube development
SORBI_3001G022000	Peptidase M20 dimerisation domain-containing protein	metabolic enzyme	CTL	BP;MF	TG	3	3.492585e-15	0.950909	7.81	8	yes	2	1	1799075	IAA-AMINO ACID HYDROLASE ILR1-LIKE 3 (PTHR11014:SF99)	auxin metabolic process | hydrolase activity
SORBI_3001G021900	Peptidase M20 dimerisation domain-containing protein	metabolic enzyme	CTL	BP;MF	TG	2	2.39402e-14	1	7.81	8	yes	2	1	1792932	IAA-AMINO ACID HYDROLASE ILR1-LIKE 3 (PTHR11014:SF99)	auxin metabolic process | hydrolase activity
SORBI_3001G021500	Cellulose synthase	metabolic enzyme	CTL	BP;CC	TG	1	7.25892e-12	0.684119	7.81	44	yes	4	1	1770077	CELLULOSE SYNTHASE (PTHR13301:SF236)	cellulose biosynthetic process | membrane | plant-type secondary cell wall biogenesis | plasma membrane
SORBI_3001G224300	Cellulose synthase	metabolic enzyme	CTL	BP;CC	TG	5	6.39437e-10	0.413618	7.81	44	yes	4	1	21485582	CELLULOSE SYNTHASE A CATALYTIC SUBUNIT 4 [UDP-FORMING] (PTHR13301:SF91)	cellulose biosynthetic process | membrane | plant-type secondary cell wall biogenesis | plasma membrane
SORBI_3007G090600	Glycosyltransferase 2-like domain-containing protein	metabolic enzyme	CTL	BP;CC	TG	5	1.124333e-09	0.704368	7.81	11	yes	2	7	14230916	XYLOGLUCAN GLYCOSYLTRANSFERASE 3-RELATED (PTHR32044:SF69)	Golgi membrane | pollen tube development
SORBI_3010G129100	Peptidase A1 domain-containing protein	metabolic enzyme	LIN	BP;MF	SQDG	1	5.314511e-11	0.513661	7.75	9	yes	2	10	17330325	PEPTIDASE A1 DOMAIN-CONTAINING PROTEIN (PTHR13683:SF790)	aspartic-type endopeptidase activity | proteolysis
SORBI_3010G129300	Peptidase A1 domain-containing protein	metabolic enzyme	LIN	BP;MF	SQDG	1	5.314511e-11	0.472049	7.75	9	yes	2	10	17459523	ASPARTIC PROTEINASE NEPENTHESIN-2 (PTHR13683:SF622)	aspartic-type endopeptidase activity | proteolysis
SORBI_3010G126700	Peptidase A1 domain-containing protein	metabolic enzyme	LIN	BP;MF	SQDG	1	9.595744e-11	0.522453	7.75	9	yes	2	10	16019354	ASPARTIC PROTEINASE NEPENTHESIN-2 (PTHR13683:SF638)	aspartic-type endopeptidase activity | proteolysis
SORBI_3010G112200	Peptidase A1 domain-containing protein	metabolic enzyme	LIN	BP;MF	SQDG	1	1.14374e-10	0.812192	7.75	9	yes	2	10	11580886	ASPARTYL PROTEASE APCB1 (PTHR13683:SF316)	aspartic-type endopeptidase activity | proteolysis
SORBI_3010G128000	Peptidase A1 domain-containing protein	metabolic enzyme	LIN	BP;MF	SQDG	1	5.665001e-10	0.480704	7.75	9	yes	2	10	16460621	ASPARTYL PROTEASE AED1 (PTHR13683:SF669)	aspartic-type endopeptidase activity | proteolysis
SORBI_3010G128800	Peptidase A1 domain-containing protein	metabolic enzyme	LIN	BP;MF	SQDG	1	7.950883e-10	1	7.75	9	yes	2	10	17172501	OS05G0203912 PROTEIN (PTHR13683:SF664)	aspartic-type endopeptidase activity | proteolysis
SORBI_3006G190950	DNA2_NAM7 helicase-like C-terminal domain-containing protein	repeat-associated domain	LIN	CC;MF	FA	2	2.240513e-17	1	7.5	5	yes	2	6	54542436	OS04G0582000 PROTEIN (PTHR10887:SF461)	chromosome | helicase activity
SORBI_3006G191000	Helicase ATP-binding domain-containing protein	repeat-associated domain	LIN	CC;MF	FA	2	2.240513e-17	1	7.5	5	yes	2	6	54550904	OS04G0582000 PROTEIN (PTHR10887:SF461)	chromosome | helicase activity
SORBI_3006G191200	Helicase ATP-binding domain-containing protein	repeat-associated domain	LIN	CC;MF	FA	2	2.240513e-17	1	7.5	5	yes	2	6	54564733	OS04G0582000 PROTEIN (PTHR10887:SF461)	chromosome | helicase activity
SORBI_3006G195500	DNA replication ATP-dependent helicase_nuclease	""	LIN	CC;MF	FA	2	2.240513e-17	0.641026	7.5	38	yes	5	6	54837756	DNA REPLICATION ATP-DEPENDENT HELICASE_NUCLEASE DNA2 (PTHR10887:SF433)	ATP binding | chromosome | cytoplasm | helicase activity | nucleus
SORBI_3006G119900	ZZ-type domain-containing protein	repeat-associated domain	LIN	CC	PC	1	1.263753e-09	0.985916	7.46	3	yes	1	6	48667190	OS04G0476800 PROTEIN (PTHR20930:SF7)	autophagosome
SORBI_3010G114900	Importin N-terminal domain-containing protein	transport	LIN	BP;CC	MGDG;SQDG	2	8.19336e-12	0.949307	7.23	23	yes	2	10	12194047	IMPORTIN-9 (PTHR10997:SF9)	intracellular protein transport | nucleus
SORBI_3010G153100	Endoplasmic reticulum transmembrane protein	transport	LIN	BP;CC	MGDG;SQDG	2	2.932491e-11	0.526722	7.23	31	yes	2	10	44529015	ENDOPLASMIC RETICULUM TRANSMEMBRANE PROTEIN (PTHR12701:SF18)	intracellular protein transport | membrane
SORBI_3010G144000	Clathrin_coatomer adaptor adaptin-like N-terminal domain-containing protein	transport	LIN	BP;CC	MGDG;SQDG	2	1.088706e-10	0.994858	7.23	21	yes	4	10	38823095	AP-3 COMPLEX SUBUNIT DELTA-1 (PTHR22781:SF12)	cytoplasm | endomembrane system | endosome membrane | intracellular protein transport
SORBI_3001G260701	alanine transaminase	""	CTL	CC;MF	TG	1	7.811029e-09	0.786966	7.16	49	yes	3	1	31879602	""	cytoplasm | pyridoxal phosphate binding | transaminase activity
SORBI_3002G156000	Sodium_hydrogen exchanger	transport	LIN	BP;CC	PC	1	8.437376e-10	0.501023	7.11	97	yes	5	2	47371978	SODIUM_HYDROGEN EXCHANGER 5-RELATED (PTHR10110:SF127)	membrane | regulation of intracellular pH | sodium ion import across plasma membrane | sodium ion transport | transmembrane transport
SORBI_3009G042700	Cation_H+ exchanger domain-containing protein	transport	LIN	BP;CC	PC;TG	2	9.73728e-10	0.755103	7.11	97	yes	5	9	4071948	NA+_H+ EXCHANGER (PTHR10110:SF116)	membrane | regulation of intracellular pH | sodium ion import across plasma membrane | sodium ion transport | transmembrane transport
SORBI_3004G089200	ABC transporter domain-containing protein	transport	LIN	BP;CC;MF	TG	2	9.706966e-14	1	6.97	71	yes	6	4	7562004	ABC TRANSPORTER DOMAIN-CONTAINING PROTEIN (PTHR19229:SF127)	ABC-type transporter activity | ATP binding | ATP hydrolysis activity | ATPase-coupled transmembrane transporter activity | membrane | transmembrane transport
SORBI_3004G089400	ABC transporter domain-containing protein	transport	LIN	BP;CC;MF	TG	2	9.706966e-14	1	6.97	71	yes	6	4	7586606	ABC TRANSPORTER DOMAIN-CONTAINING PROTEIN (PTHR19229:SF213)	ABC-type transporter activity | ATP binding | ATP hydrolysis activity | ATPase-coupled transmembrane transporter activity | membrane | transmembrane transport
SORBI_3004G089300	ABC transporter domain-containing protein	transport	LIN	BP;CC;MF	TG	2	7.060457e-13	1	6.97	71	yes	6	4	7572387	ABC TRANSPORTER DOMAIN-CONTAINING PROTEIN (PTHR19229:SF212)	ABC-type transporter activity | ATP binding | ATP hydrolysis activity | ATPase-coupled transmembrane transporter activity | membrane | transmembrane transport
SORBI_3008G091300	Helicase and polymerase-containing protein TEBICHI	""	LIN	BP;MF	SQDG	1	2.452894e-11	0.410643	6.89	21	yes	3	8	37877921	DNA POLYMERASE THETA (PTHR10133:SF62)	ATP binding | DNA-templated DNA replication | nucleic acid binding
SORBI_3010G147700	Minichromosome loss protein Mcl1 middle region domain-containing protein	repeat-associated domain	LIN	BP;CC	SQDG	1	4.397667e-11	0.831922	6.89	23	yes	2	10	42293817	WD REPEAT AND HMG-BOX DNA-BINDING PROTEIN 1 (PTHR19932:SF10)	DNA-templated DNA replication | nucleus
SORBI_3010G134500	Exonuclease domain-containing protein	repeat-associated domain	CTL;LIN	MF	SQDG;TG	3	1.277089e-11	1	6.78	31	yes	2	10	19639341	3'-5' EXORIBONUCLEASE 1-RELATED (PTHR23044:SF61)	3'-5'-RNA exonuclease activity | nucleic acid binding
SORBI_3006G032600	RING-type domain-containing protein	metabolic enzyme	CTL	CC	TG	7	3.08086e-10	0.924	6.78	49	yes	3	6	7199352	RECEPTOR HOMOLOGY REGION, TRANSMEMBRANE DOMAIN- AND RING DOMAIN-CONTAINING PROTEIN 2 (PTHR22765:SF430)	cytoplasm | endomembrane system | trans-Golgi network
SORBI_3006G032900	Endonuclease_exonuclease_phosphatase domain-containing protein	repeat-associated domain	CTL	MF	TG	7	3.08086e-10	0.660606	6.78	3	yes	1	6	7483839	ENDONUCLEASE_EXONUCLEASE_PHOSPHATASE DOMAIN-CONTAINING PROTEIN (PTHR12121:SF36)	3'-5'-RNA exonuclease activity
SORBI_3003G205501	Protein SYS1 homolog	""	CTL	CC	TG	2	3.521525e-10	0.524925	6.78	19	yes	3	3	53566331	PROTEIN SYS1 HOMOLOG (PTHR12952:SF0)	Golgi membrane | cytosol | trans-Golgi network
SORBI_3004G140600	Exonuclease domain-containing protein	repeat-associated domain	CTL	MF	TG	1	4.396448e-10	0.844135	6.78	31	yes	2	4	40959559	OLIGORIBONUCLEASE, MITOCHONDRIAL (PTHR11046:SF0)	3'-5'-RNA exonuclease activity | nucleic acid binding
SORBI_3001G023000	Uncharacterized protein	""	CTL	BP;CC	TG	1	5.0281e-09	0.513432	6.78	49	yes	3	1	1843896	MULTIPLE EPIDERMAL GROWTH FACTOR-LIKE DOMAINS PROTEIN 8 (PTHR23244:SF456)	cytoplasm | intracellular protein transport | trans-Golgi network
SORBI_3010G138000	Photolyase_cryptochrome alpha_beta domain-containing protein	repeat-associated domain	LIN	CC;MF	SQDG	1	8.718445e-11	0.985737	6.46	23	yes	4	10	22156857	SI:CH1073-390K14.1 (PTHR11455:SF18)	ATP binding | FAD binding | cytoplasm | nucleus
SORBI_3010G162101	FAD-binding domain-containing protein	repeat-associated domain	LIN	MF	SQDG	1	3.391947e-09	0.514516	6.46	2	yes	1	10	47930108	""	FAD binding
SORBI_3010G162500	FAD-binding PCMH-type domain-containing protein	repeat-associated domain	LIN	MF	SQDG	1	3.391947e-09	0.829524	6.46	2	yes	1	10	47975241	OS06G0548200 PROTEIN (PTHR32448:SF169)	FAD binding
SORBI_3010G162800	FAD-binding PCMH-type domain-containing protein	repeat-associated domain	LIN	MF	SQDG	1	3.391947e-09	0.498946	6.46	2	yes	1	10	48091245	OS06G0549300 PROTEIN (PTHR32448:SF23)	FAD binding
SORBI_3010G162900	FAD-binding PCMH-type domain-containing protein	repeat-associated domain	LIN	MF	SQDG	1	3.391947e-09	0.530822	6.46	2	yes	1	10	48098731	FAD-BINDING BERBERINE FAMILY PROTEIN-RELATED (PTHR32448:SF152)	FAD binding
SORBI_3004G342000	aldehyde oxygenase (deformylating)	metabolic enzyme	LIN	BP;CC;MF	FA	1	6.077509e-10	0.411849	6.29	10	yes	3	4	67318157	VERY-LONG-CHAIN ALDEHYDE DECARBONYLASE CER1 (PTHR11863:SF193)	aldehyde oxygenase (deformylating) activity | endoplasmic reticulum membrane | lipid biosynthetic process
SORBI_3001G031600	Uncharacterized protein	""	LIN	CC;MF	FA;TG	4	9.303456e-14	0.847168	6.19	55	yes	2	1	2400643	CALMODULIN-BINDING PROTEIN 60 A (PTHR31713:SF14)	calmodulin binding | nucleus
SORBI_3010G170550	Midasin	""	LIN	MF	TG	4	1.227939e-12	0.849938	6.19	7	yes	1	10	50197868	""	calmodulin binding
SORBI_3003G083200	Uncharacterized protein	""	LIN	CC;MF	TG	5	3.974555e-12	0.535412	6.19	55	yes	2	3	7131291	PROTEIN SAR DEFICIENT 1 (PTHR31713:SF42)	calmodulin binding | nucleus
SORBI_3003G385100	TAZ-type domain-containing protein	repeat-associated domain	LIN	BP;MF	FA;PC;TG	3	1.296771e-11	0.565156	6.19	38	yes	2	3	69763472	BTB_POZ AND TAZ DOMAIN-CONTAINING PROTEIN 4 (PTHR46287:SF11)	calmodulin binding | regulation of DNA-templated transcription
SORBI_3002G253800	Calcium-transporting ATPase	transport	LIN	BP;CC;MF	PC;TG	2	9.443581e-11	1	6.19	97	yes	6	2	63987901	CALCIUM-TRANSPORTING ATPASE (PTHR24093:SF436)	ATP binding | ATP hydrolysis activity | calcium ion transmembrane transport | calmodulin binding | membrane | nucleotide binding
SORBI_3004G181600	Uncharacterized protein	""	LIN	CC;MF	PC;TG	3	2.367795e-10	0.496056	6.19	86	yes	2	4	53444527	OS02G0562300 PROTEIN (PTHR31713:SF96)	calmodulin binding | nucleus
SORBI_3004G181700	Calmodulin-binding protein	""	LIN	CC;MF	PC;TG	3	2.367795e-10	0.486329	6.19	86	yes	2	4	53455437	OS02G0562300 PROTEIN (PTHR31713:SF96)	calmodulin binding | nucleus
SORBI_3008G123100	Calmodulin-binding protein	""	LIN	CC;MF	TG	2	5.560818e-09	0.463757	6.19	55	yes	2	8	54583991	CALMODULIN-BINDING PROTEIN 60 G (PTHR31713:SF98)	calmodulin binding | nucleus
SORBI_3003G266100	Symplekin C-terminal domain-containing protein	repeat-associated domain	CTL	CC	TG	1	3.368183e-09	0.632211	6.13	2	yes	1	3	60293465	SYMPLEKIN (PTHR15245:SF39)	mRNA cleavage and polyadenylation specificity factor complex
SORBI_3003G427100	Uncharacterized protein	""	CTL	CC	TG	1	5.274155e-09	0.73035	6.13	50	yes	2	3	73053364	PRE-MRNA 3' END PROCESSING PROTEIN WDR33 (PTHR22836:SF0)	mRNA cleavage and polyadenylation specificity factor complex | nucleus
SORBI_3006G190000	Fe2OG dioxygenase domain-containing protein	repeat-associated domain	LIN	BP	FA	2	2.240513e-17	0.692529	6.1	2	yes	1	6	54415461	PROTEIN DOWNY MILDEW RESISTANCE 6 (PTHR47990:SF70)	defense response to oomycetes
SORBI_3001G032400	Protein kinase domain-containing protein	metabolic enzyme	LIN	BP;CC;MF	FA;TG	4	2.487071e-13	0.770387	6.1	71	yes	7	1	2465532	LECTIN-LIKE RECEPTOR KINASE 7 (PTHR27007:SF400)	ATP binding | defense response to oomycetes | endomembrane system | membrane | nucleotide binding | plasma membrane | protein kinase activity
SORBI_3001G526300	RRM domain-containing protein	metabolic enzyme	LIN	BP;CC;MF	PC	1	2.711048e-11	1	5.74	35	yes	3	1	79038519	FIZZY-RELATED PROTEIN HOMOLOG (PTHR19918:SF1)	RNA binding | anaphase-promoting complex | anaphase-promoting complex-dependent catabolic process
SORBI_3006G210400	Methionine aminopeptidase	metabolic enzyme	CTL	MF	TG	7	5.298874e-11	0.508484	5.72	2	yes	1	6	56000156	METHIONINE AMINOPEPTIDASE 1B, CHLOROPLASTIC (PTHR43330:SF1)	metalloaminopeptidase activity
SORBI_3010G140600	BolA-like protein	""	CTL	BP	TG	2	7.38504e-11	0.985733	5.72	4	yes	1	10	27920444	PROTEIN BOLA4, CHLOROPLASTIC_MITOCHONDRIAL (PTHR46230:SF4)	iron-sulfur cluster assembly
SORBI_3002G092300	Probable cytosolic iron-sulfur protein assembly protein CIAO1 homolog	""	CTL	BP	TG	1	4.402201e-10	1	5.72	4	yes	1	2	9593114	CYTOSOLIC IRON-SULFUR PROTEIN ASSEMBLY PROTEIN CIAO1-RELATED (PTHR19920:SF0)	iron-sulfur cluster assembly
SORBI_3002G073200	Uncharacterized protein	""	CTL	CC;MF	TG	2	4.54345e-09	0.83841	5.72	49	yes	2	2	7519722	XAA-PRO AMINOPEPTIDASE 1 (PTHR43763:SF6)	cytoplasm | metalloaminopeptidase activity
SORBI_3004G205000	Cytosolic Fe-S cluster assembly factor NBP35	""	CTL	BP;CC;MF	TG	1	5.311382e-09	0.635547	5.72	49	yes	4	4	55640128	CYTOSOLIC FE-S CLUSTER ASSEMBLY FACTOR NUBP2 (PTHR23264:SF19)	cytoplasm | cytosol | iron-sulfur cluster assembly | iron-sulfur cluster binding
SORBI_3009G050500	Scaffold protein Nfu_NifU N-terminal domain-containing protein	repeat-associated domain	CTL	BP;MF	TG	1	6.848356e-09	0.502988	5.72	4	yes	2	9	5026769	NFU1 IRON-SULFUR CLUSTER SCAFFOLD HOMOLOG, MITOCHONDRIAL (PTHR11178:SF1)	iron-sulfur cluster assembly | iron-sulfur cluster binding
SORBI_3006G183900	Cytochrome P450	""	LIN	CC;MF	FA;MGDG;PG;SQDG	5	3.384554e-18	1	5.71	43	yes	2	6	53885761	CYTOCHROME P450, FAMILY 87, SUBFAMILY A, POLYPEPTIDE 2 (PTHR24286:SF11)	iron ion binding | membrane
SORBI_3001G164800	TF-B3 domain-containing protein	repeat-associated domain	LIN	CC;MF	Cer	2	5.662353e-11	1	5.47	2	yes	2	1	13620959	B3 DOMAIN-CONTAINING PROTEIN OS03G0622200 (PTHR31391:SF70)	DNA binding | nucleus
SORBI_3001G165000	TF-B3 domain-containing protein	repeat-associated domain	LIN	CC;MF	Cer	2	5.662353e-11	0.850742	5.47	2	yes	2	1	13669398	B3 DOMAIN-CONTAINING PROTEIN OS03G0621600-RELATED (PTHR31920:SF135)	DNA binding | nucleus
SORBI_3001G165100	TF-B3 domain-containing protein	repeat-associated domain	LIN	CC;MF	Cer	2	5.662353e-11	0.880777	5.47	2	yes	2	1	13703857	B3 DOMAIN-CONTAINING PROTEIN OS03G0621600-RELATED (PTHR31920:SF135)	DNA binding | nucleus
SORBI_3001G165200	TF-B3 domain-containing protein	repeat-associated domain	LIN	CC;MF	Cer	2	5.662353e-11	0.893042	5.47	2	yes	2	1	13708662	B3 DOMAIN-CONTAINING PROTEIN OS03G0621600-RELATED (PTHR31920:SF135)	DNA binding | nucleus
SORBI_3001G165301	TF-B3 domain-containing protein	repeat-associated domain	LIN	CC;MF	Cer	2	5.662353e-11	0.590081	5.47	2	yes	2	1	13722101	B3 DOMAIN-CONTAINING PROTEIN OS03G0621600-RELATED (PTHR31920:SF111)	DNA binding | nucleus
SORBI_3001G165401	TF-B3 domain-containing protein	repeat-associated domain	LIN	CC;MF	Cer	2	5.662353e-11	0.558221	5.47	2	yes	2	1	13728990	B3 DOMAIN-CONTAINING PROTEIN OS03G0621600-RELATED (PTHR31920:SF111)	DNA binding | nucleus
SORBI_3010G130000	Vta1_callose synthase N-terminal domain-containing protein	metabolic enzyme	LIN	CC	SQDG	1	5.314511e-11	0.516889	5.37	21	yes	2	10	17558022	VACUOLAR PROTEIN SORTING-ASSOCIATED PROTEIN VTA1 HOMOLOG (PTHR46009:SF1)	cytoplasm | endosome membrane
SORBI_3010G107000	1-phosphatidylinositol-3-phosphate 5-kinase	metabolic enzyme	LIN	CC;MF	SQDG;TG	5	1.346217e-10	0.96599	5.37	45	yes	3	10	10348180	1-PHOSPHATIDYLINOSITOL-3-PHOSPHATE 5-KINASE (PTHR45748:SF1)	ATP binding | endosome membrane | nucleotide binding
SORBI_3001G118300	Glycolipid transfer protein domain-containing protein	LIPID enzyme/transport	LIN	BP;CC	TG	2	1.234148e-09	0.592148	5.31	55	yes	3	1	9224730	ACD11 HOMOLOG PROTEIN (PTHR10219:SF28)	cytoplasm | nucleus | phospholipid transport
SORBI_3010G134801	CCHC-type domain-containing protein	repeat-associated domain	CTL;LIN	BP;CC;MF	MGDG;SQDG;TG	3	3.193903e-12	1	5.24	49	yes	7	10	19930750	OS11G0296500 PROTEIN (PTHR23002:SF89)	cytoplasm | mRNA binding | nucleic acid binding | positive regulation of cytoplasmic translation | single-stranded RNA binding | translation regulator activity | zinc ion binding
SORBI_3010G140550	CCHC-type domain-containing protein	repeat-associated domain	LIN	BP;CC;MF	SQDG	1	5.034469e-11	0.976119	5.24	21	yes	5	10	27225026	OS11G0296500 PROTEIN (PTHR23002:SF89)	cytoplasm | mRNA binding | nucleic acid binding | positive regulation of cytoplasmic translation | zinc ion binding
SORBI_3010G152250	CCHC-type domain-containing protein	repeat-associated domain	LIN	BP;CC;MF	SQDG	1	6.268769e-11	0.559322	5.24	21	yes	5	10	44126217	OS11G0296500 PROTEIN (PTHR23002:SF89)	cytoplasm | mRNA binding | nucleic acid binding | positive regulation of cytoplasmic translation | zinc ion binding
SORBI_3010G140575	CCHC-type domain-containing protein	repeat-associated domain	LIN	BP;CC;MF	SQDG	1	8.013081e-11	0.965288	5.24	21	yes	5	10	27296735	OS11G0296500 PROTEIN (PTHR23002:SF89)	cytoplasm | mRNA binding | nucleic acid binding | positive regulation of cytoplasmic translation | zinc ion binding
SORBI_3010G140750	CCHC-type domain-containing protein	repeat-associated domain	CTL;LIN	BP;CC;MF	SQDG;TG	3	9.116389e-11	0.950357	5.24	49	yes	7	10	32286029	OS11G0296500 PROTEIN (PTHR23002:SF89)	cytoplasm | mRNA binding | nucleic acid binding | positive regulation of cytoplasmic translation | single-stranded RNA binding | translation regulator activity | zinc ion binding
SORBI_3010G127550	CCHC-type domain-containing protein	repeat-associated domain	CTL;LIN	BP;CC;MF	PC;SQDG	1	9.595744e-11	0.549454	5.24	21	yes	5	10	16111016	OS11G0296500 PROTEIN (PTHR23002:SF89)	cytoplasm | mRNA binding | nucleic acid binding | positive regulation of cytoplasmic translation | zinc ion binding
SORBI_3010G137333	CCHC-type domain-containing protein	repeat-associated domain	LIN	BP;CC;MF	SQDG;TG	2	9.841433e-11	0.931755	5.24	33	yes	5	10	21671423	OS11G0296500 PROTEIN (PTHR23002:SF89)	cytoplasm | mRNA binding | nucleic acid binding | positive regulation of cytoplasmic translation | zinc ion binding
SORBI_3010G140150	CCHC-type domain-containing protein	repeat-associated domain	CTL;LIN	BP;CC;MF	SQDG;TG	2	1.082071e-10	0.99044	5.24	49	yes	7	10	25475463	OS11G0296500 PROTEIN (PTHR23002:SF89)	cytoplasm | mRNA binding | nucleic acid binding | positive regulation of cytoplasmic translation | single-stranded RNA binding | translation regulator activity | zinc ion binding
SORBI_3010G144050	CCHC-type domain-containing protein	repeat-associated domain	LIN	BP;CC;MF	MGDG;SQDG	2	1.088706e-10	0.970605	5.24	21	yes	5	10	38838752	OS11G0296500 PROTEIN (PTHR23002:SF89)	cytoplasm | mRNA binding | nucleic acid binding | positive regulation of cytoplasmic translation | zinc ion binding
SORBI_3010G113150	CCHC-type domain-containing protein	repeat-associated domain	LIN	BP;CC;MF	SQDG	1	1.14374e-10	0.516814	5.24	21	yes	5	10	11781945	OS11G0296500 PROTEIN (PTHR23002:SF89)	cytoplasm | mRNA binding | nucleic acid binding | positive regulation of cytoplasmic translation | zinc ion binding
SORBI_3010G136450	CCHC-type domain-containing protein	repeat-associated domain	LIN	BP;CC;MF	SQDG	1	2.008221e-10	0.956298	5.24	21	yes	5	10	20767863	OS11G0296500 PROTEIN (PTHR23002:SF89)	cytoplasm | mRNA binding | nucleic acid binding | positive regulation of cytoplasmic translation | zinc ion binding
SORBI_3010G161050	CCHC-type domain-containing protein	repeat-associated domain	LIN	BP;CC;MF	SQDG	1	6.219886e-10	0.433695	5.24	21	yes	5	10	47644843	OS11G0296500 PROTEIN (PTHR23002:SF89)	cytoplasm | mRNA binding | nucleic acid binding | positive regulation of cytoplasmic translation | zinc ion binding
SORBI_3008G082150	CCHC-type domain-containing protein	repeat-associated domain	LIN	BP;CC;MF	AEG	1	2.630403e-09	1	5.19	7	yes	4	8	14968415	OS11G0296500 PROTEIN (PTHR23002:SF89)	cytoplasm | positive regulation of cytoplasmic translation | single-stranded RNA binding | translation regulator activity
SORBI_3009G133201	CCHC-type domain-containing protein	repeat-associated domain	LIN	BP;CC;MF	AEG	1	5.041707e-09	1	5.19	7	yes	4	9	48755259	OS11G0296500 PROTEIN (PTHR23002:SF89)	cytoplasm | positive regulation of cytoplasmic translation | single-stranded RNA binding | translation regulator activity
SORBI_3001G261464	CCHC-type domain-containing protein	repeat-associated domain	LIN	BP;CC;MF	AEG	1	7.07279e-09	0.900298	5.19	7	yes	4	1	34620366	OS11G0296500 PROTEIN (PTHR23002:SF89)	cytoplasm | positive regulation of cytoplasmic translation | single-stranded RNA binding | translation regulator activity
SORBI_3001G261472	CCHC-type domain-containing protein	repeat-associated domain	LIN	BP;CC;MF	AEG	1	7.07279e-09	0.846757	5.19	7	yes	4	1	34785153	OS11G0296500 PROTEIN (PTHR23002:SF89)	cytoplasm | positive regulation of cytoplasmic translation | single-stranded RNA binding | translation regulator activity
SORBI_3004G088450	Coatomer subunit beta'	""	LIN	CC	TG	2	7.060457e-13	0.771538	5.07	2	yes	1	4	7480867	COATOMER SUBUNIT BETA'-2 (PTHR19876:SF68)	membrane coat
SORBI_3004G088501	Coatomer subunit beta'	""	LIN	CC	TG	2	7.060457e-13	0.797732	5.07	2	yes	1	4	7497924	COATOMER SUBUNIT BETA'-2 (PTHR19876:SF68)	membrane coat
SORBI_3010G135300	Glycosyltransferase family 92 protein	metabolic enzyme	LIN	CC;MF	MGDG;SQDG;TG	3	3.193903e-12	1	5.07	71	yes	2	10	20240958	GALACTAN BETA-1,4-GALACTOSYLTRANSFERASE GALS1 (PTHR21461:SF56)	glycosyltransferase activity | membrane
SORBI_3001G041600	AP complex subunit sigma	""	LIN	CC	TG	3	1.127564e-09	0.407202	5.07	2	yes	1	1	3096385	AP COMPLEX SUBUNIT SIGMA (PTHR11753:SF35)	membrane coat
SORBI_3001G318000	glutathione transferase	metabolic enzyme	CTL	BP;MF	TG	11	3.053225e-16	0.585869	5.05	2	yes	2	1	60644084	GLUTATHIONE S-TRANSFERASE (PTHR11260:SF501)	glutathione metabolic process | glutathione transferase activity
SORBI_3006G049600	Methyltransferase type 11 domain-containing protein	metabolic enzyme	CTL	MF	TG	9	1.18068e-14	0.977354	5.05	2	yes	1	6	35879991	EEF1A LYSINE AND N-TERMINAL METHYLTRANSFERASE (PTHR12176:SF78)	protein-lysine N-methyltransferase activity
SORBI_3001G122200	MYND-type domain-containing protein	repeat-associated domain	CTL	CC;MF	TG	1	2.499299e-09	0.533923	5.05	50	yes	2	1	9620952	EG:BACR7C10.4 PROTEIN (PTHR12197:SF251)	nucleus | protein-lysine N-methyltransferase activity
SORBI_3001G318500	Glutathione S-transferase	metabolic enzyme	CTL	BP;CC;MF	TG	2	2.783649e-09	0.508066	5.05	49	yes	4	1	60671880	GLUTATHIONE S-TRANSFERASE (PTHR11260:SF770)	cytoplasm | cytosol | glutathione metabolic process | glutathione transferase activity
SORBI_3001G318600	glutathione transferase	metabolic enzyme	CTL	BP;MF	TG	2	2.783649e-09	0.532747	5.05	2	yes	2	1	60676363	GLUTATHIONE S-TRANSFERASE (PTHR11260:SF792)	glutathione metabolic process | glutathione transferase activity
SORBI_3001G318700	Glutathione S-transferase	metabolic enzyme	CTL	BP;CC;MF	TG	2	2.783649e-09	0.532747	5.05	49	yes	4	1	60678466	GLUTATHIONE S-TRANSFERASE (PTHR11260:SF529)	cytoplasm | cytosol | glutathione metabolic process | glutathione transferase activity
SORBI_3001G319000	Glutathione S-transferase	metabolic enzyme	CTL	BP;MF	TG	2	2.783649e-09	0.425123	5.05	2	yes	2	1	60716016	GLUTATHIONE S-TRANSFERASE (PTHR11260:SF770)	glutathione metabolic process | glutathione transferase activity
SORBI_3001G319300	Glutathione S-transferase	metabolic enzyme	CTL	BP;CC;MF	TG	2	2.783649e-09	0.515957	5.05	49	yes	4	1	60725293	GLUTATHIONE S-TRANSFERASE (PTHR11260:SF770)	cytoplasm | cytosol | glutathione metabolic process | glutathione transferase activity
SORBI_3001G319500	glutathione transferase	metabolic enzyme	CTL	BP;MF	TG	2	2.783649e-09	0.440458	5.05	2	yes	2	1	60742198	GLUTATHIONE TRANSFERASE (PTHR11260:SF788)	glutathione metabolic process | glutathione transferase activity
SORBI_3003G426300	glutathione transferase	metabolic enzyme	CTL	BP;MF	TG	1	5.274155e-09	0.745646	5.05	2	yes	2	3	73024820	GLUTATHIONE TRANSFERASE (PTHR11260:SF569)	glutathione metabolic process | glutathione transferase activity
SORBI_3003G426500	glutathione transferase	metabolic enzyme	CTL	BP;MF	TG	1	5.274155e-09	0.700659	5.05	2	yes	2	3	73030119	GLUTATHIONE TRANSFERASE (PTHR11260:SF503)	glutathione metabolic process | glutathione transferase activity
SORBI_3003G426600	Glutathione S-transferase	metabolic enzyme	CTL	BP;CC;MF	TG	1	5.274155e-09	0.683081	5.05	49	yes	4	3	73031515	GLUTATHIONE TRANSFERASE (PTHR11260:SF763)	cytoplasm | cytosol | glutathione metabolic process | glutathione transferase activity
SORBI_3008G098700	PUM-HD domain-containing protein	repeat-associated domain	LIN	BP;MF	PC	1	2.015928e-13	0.923838	4.98	35	yes	2	8	46812681	OS12G0488900 PROTEIN (PTHR12537:SF192)	RNA binding | post-transcriptional regulation of gene expression
SORBI_3008G100300	PUM-HD domain-containing protein	repeat-associated domain	LIN	BP;MF	PC	1	2.099626e-11	0.867755	4.98	35	yes	2	8	47561329	PUMILIO HOMOLOGY DOMAIN FAMILY MEMBER 4 (PTHR12537:SF13)	RNA binding | post-transcriptional regulation of gene expression
SORBI_3002G159200	Uncharacterized protein	""	LIN	BP	PC	1	2.870448e-11	0.746723	4.98	3	yes	1	2	49255109	TRANSDUCIN FAMILY PROTEIN _ WD-40 REPEAT FAMILY PROTEIN (PTHR22874:SF9)	mitophagy
SORBI_3009G087000	DNA replication licensing factor MCM6	""	LIN	BP;CC;MF	PC	1	8.911286e-11	0.864684	4.98	86	yes	6	9	14807089	DNA REPLICATION LICENSING FACTOR MCM6 (PTHR11630:SF43)	ATP binding | ATP hydrolysis activity | DNA binding | double-strand break repair via break-induced replication | nucleus | single-stranded DNA binding
SORBI_3009G010300	PUM-HD domain-containing protein	repeat-associated domain	LIN	BP;MF	PC	1	1.514629e-09	0.608458	4.98	35	yes	2	9	952913	OS01G0971900 PROTEIN (PTHR12537:SF154)	RNA binding | post-transcriptional regulation of gene expression
SORBI_3001G527700	Protein kinase domain-containing protein	metabolic enzyme	LIN	CC;MF	PC	1	2.05283e-09	0.630297	4.98	97	yes	6	1	79168504	NON-SPECIFIC SERINE_THREONINE PROTEIN KINASE (PTHR24348:SF22)	ATP binding | membrane | nucleotide binding | phagophore assembly site | protein kinase activity | protein serine/threonine kinase activity
SORBI_3009G038800	DNA replication complex GINS protein SLD5	""	LIN	BP;CC	PC;TG	2	2.174566e-09	0.879425	4.98	86	yes	2	9	3621354	DNA REPLICATION COMPLEX GINS PROTEIN SLD5 (PTHR21206:SF0)	double-strand break repair via break-induced replication | nucleus
SORBI_3004G259101	Rho GDP-dissociation inhibitor 1	""	CTL;LIN	CC	PC;SQDG	1	4.644674e-10	1	4.91	31	yes	3	4	60439416	LD16419P (PTHR10980:SF3)	cytoplasm | cytosol | membrane
SORBI_3009G069800	Phosphotransferase	metabolic enzyme	CTL	CC	PC	1	2.620193e-09	0.78965	4.91	4	yes	1	9	8119732	HEXOKINASE-7 (PTHR19443:SF87)	cytosol
SORBI_3001G357400	GOLD domain-containing protein	repeat-associated domain	CTL	CC	TG	9	1.182781e-12	0.855971	4.77	44	yes	2	1	64722404	TRANSMEMBRANE EMP24 DOMAIN-CONTAINING PROTEIN 10 (PTHR22811:SF184)	endoplasmic reticulum-Golgi intermediate compartment | membrane
SORBI_3005G144600	Kinesin-like protein	""	CTL	BP;CC	TG	4	3.098264e-10	0.903696	4.77	3	yes	2	5	60955631	KINESIN HEAVY CHAIN ISOFORM X1 (PTHR47968:SF36)	kinetochore | microtubule-based movement
SORBI_3001G023600	Uncharacterized protein	""	CTL	CC	TG	1	5.0281e-09	0.668044	4.77	14	yes	3	1	1883564	OS06G0620600 PROTEIN (PTHR14083:SF9)	Golgi membrane | endoplasmic reticulum membrane | endoplasmic reticulum-Golgi intermediate compartment
SORBI_3001G127500	ABC1 atypical kinase-like domain-containing protein	transport	LIN	BP	TG	2	6.794453e-10	0.525195	4.65	3	yes	1	1	10009107	AARF DOMAIN-CONTAINING PROTEIN KINASE 1 (PTHR43173:SF19)	mitochondrion organization
SORBI_3001G042200	Mitochondrial Rho GTPase	""	LIN	BP	TG	3	1.127564e-09	0.972083	4.65	3	yes	1	1	3142618	MITOCHONDRIAL RHO GTPASE (PTHR24072:SF73)	mitochondrion organization
SORBI_3001G134400	CHCH domain-containing protein	repeat-associated domain	LIN	BP;CC	TG	1	7.635278e-09	0.571842	4.65	55	yes	2	1	10605267	COILED-COIL-HELIX-COILED-COIL-HELIX DOMAIN CONTAINING 2, ISOFORM A-RELATED (PTHR13523:SF2)	mitochondrion organization | nucleus
SORBI_3007G071600	Acyl-[acyl-carrier-protein] desaturase	transport	CTL	BP;CC	TG	10	4.30794e-13	0.5691	4.64	11	yes	2	7	7941116	ACYL-[ACYL-CARRIER-PROTEIN] DESATURASE 7, CHLOROPLASTIC (PTHR31155:SF40)	chloroplast | fatty acid metabolic process
SORBI_3009G111400	Uncharacterized protein	""	CTL	BP	TG	10	3.69734e-12	0.439746	4.64	4	yes	1	9	44791313	SUBFAMILY NOT NAMED (PTHR23309:SF35)	fatty acid metabolic process
SORBI_3006G048700	Acyl-[acyl-carrier-protein] desaturase	transport	CTL	BP;CC	TG	1	4.059633e-10	0.825336	4.64	11	yes	2	6	34559165	STEAROYL-[ACYL-CARRIER-PROTEIN] 9-DESATURASE 5, CHLOROPLASTIC (PTHR31155:SF11)	chloroplast | fatty acid metabolic process
SORBI_3008G005600	Lipid desaturase domain-containing protein	LIPID enzyme/transport	CTL	BP;CC	TG	1	2.103137e-09	0.44082	4.64	44	yes	2	8	492082	OS08G0187900 PROTEIN (PTHR48231:SF1)	fatty acid metabolic process | membrane
SORBI_3010G140700	Peroxidase	metabolic enzyme	LIN	BP;MF	SQDG	2	1.233423e-11	0.933689	4.52	8	yes	6	10	28583026	PEROXIDASE (PTHR31235:SF264)	cellular oxidant detoxification | hydrogen peroxide catabolic process | lactoperoxidase activity | metal ion binding | peroxidase activity | response to oxidative stress
SORBI_3010G134200	Uncharacterized protein	metabolic enzyme	LIN	BP	SQDG	1	2.99833e-10	1	4.52	6	yes	1	10	19527421	PEROXIREDOXIN-2E-1, CHLOROPLASTIC (PTHR10430:SF33)	hydrogen peroxide catabolic process
SORBI_3010G128400	Peroxidase	metabolic enzyme	LIN	BP;MF	SQDG	1	7.950883e-10	0.456184	4.52	8	yes	6	10	16881605	PEROXIDASE (PTHR31235:SF415)	cellular oxidant detoxification | hydrogen peroxide catabolic process | lactoperoxidase activity | metal ion binding | peroxidase activity | response to oxidative stress
SORBI_3010G128700	Peroxidase	metabolic enzyme	LIN	BP;MF	SQDG	1	7.950883e-10	0.51508	4.52	8	yes	6	10	16968976	PEROXIDASE (PTHR31235:SF393)	cellular oxidant detoxification | hydrogen peroxide catabolic process | lactoperoxidase activity | metal ion binding | peroxidase activity | response to oxidative stress
SORBI_3010G161600	Peroxidase	metabolic enzyme	LIN	BP;MF	SQDG	1	1.421932e-09	0.91505	4.52	8	yes	6	10	47838813	PEROXIDASE (PTHR31388:SF187)	cellular oxidant detoxification | hydrogen peroxide catabolic process | lactoperoxidase activity | metal ion binding | peroxidase activity | response to oxidative stress
SORBI_3010G128300	Peroxidase	metabolic enzyme	LIN	BP;MF	SQDG	1	1.833108e-09	0.44659	4.52	8	yes	6	10	16621902	PEROXIDASE (PTHR31235:SF415)	cellular oxidant detoxification | hydrogen peroxide catabolic process | lactoperoxidase activity | metal ion binding | peroxidase activity | response to oxidative stress
SORBI_3010G162000	Peroxidase	metabolic enzyme	LIN	BP;MF	SQDG	1	3.391947e-09	0.423922	4.52	8	yes	6	10	47914566	PEROXIDASE (PTHR31388:SF5)	cellular oxidant detoxification | hydrogen peroxide catabolic process | lactoperoxidase activity | metal ion binding | peroxidase activity | response to oxidative stress
SORBI_3004G021600	Subtilisin inhibitor 1	""	LIN	BP;MF	PC	2	1.312638e-10	0.612387	4.49	7	yes	2	4	1686111	OS08G0441300 PROTEIN (PTHR33091:SF53)	response to wounding | serine-type endopeptidase inhibitor activity
SORBI_3010G132200	Uncharacterized protein	""	LIN	BP;MF	PC	2	7.620034e-10	0.753835	4.49	7	yes	2	10	18280218	OS06G0319900 PROTEIN (PTHR33091:SF50)	response to wounding | serine-type endopeptidase inhibitor activity
SORBI_3009G009900	Uncharacterized protein	""	LIN	BP;MF	PC	1	1.514629e-09	0.599697	4.49	7	yes	2	9	936248	SUBTILISIN-CHYMOTRYPSIN INHIBITOR CI-1B (PTHR33091:SF37)	response to wounding | serine-type endopeptidase inhibitor activity
SORBI_3009G010000	Uncharacterized protein	""	LIN	BP;MF	PC	1	1.514629e-09	0.608458	4.49	7	yes	2	9	940369	SUBTILISIN-CHYMOTRYPSIN INHIBITOR CI-1B (PTHR33091:SF37)	response to wounding | serine-type endopeptidase inhibitor activity
SORBI_3009G010150	Uncharacterized protein	""	LIN	BP;MF	PC	1	1.514629e-09	0.608458	4.49	7	yes	2	9	943807	OS12G0437800 PROTEIN (PTHR33091:SF38)	response to wounding | serine-type endopeptidase inhibitor activity
SORBI_3009G107600	Uncharacterized protein	""	LIN	BP;MF	PC	1	5.757113e-09	0.531292	4.49	7	yes	2	9	43087971	INHIBITOR I FAMILY PROTEIN (PTHR33091:SF7)	response to wounding | serine-type endopeptidase inhibitor activity
SORBI_3008G126200	Calmodulin-binding protein	""	LIN	CC;MF	FA	1	7.10848e-11	1	4.43	38	yes	2	8	55009111	EXPRESSED PROTEIN (PTHR31713:SF10)	calmodulin binding | nucleus
SORBI_3006G190900	Helicase ATP-binding domain-containing protein	repeat-associated domain	LIN	CC;MF	FA	1	2.05201e-11	0.421944	4.32	5	yes	2	6	54521768	P-LOOP CONTAINING NUCLEOSIDE TRIPHOSPHATE HYDROLASE SUPERFAMILY PROTEIN (PTHR10887:SF488)	chromosome | helicase activity
SORBI_3009G087300	TF-B3 domain-containing protein	repeat-associated domain	LIN	CC;MF	PC	1	8.911286e-11	0.882833	4.15	86	yes	3	9	14845233	MITOTIC SPINDLE ASSEMBLY CHECKPOINT PROTEIN MAD1 (PTHR23168:SF0)	DNA binding | kinetochore | nucleus
SORBI_3003G375200	Spindle assembly checkpoint component MAD1	""	LIN	CC	PC	3	4.786142e-10	0.570444	4.15	86	yes	2	3	68999883	MITOTIC SPINDLE ASSEMBLY CHECKPOINT PROTEIN MAD1 (PTHR23168:SF0)	kinetochore | nucleus
SORBI_3008G177100	Spindle and kinetochore-associated protein 3	""	LIN	CC	PC	1	4.356782e-09	0.416293	4.15	3	yes	1	8	61112520	SPINDLE AND KINETOCHORE-ASSOCIATED PROTEIN 3 (PTHR48118:SF1)	kinetochore
SORBI_3006G049666	CCHC-type domain-containing protein	repeat-associated domain	CTL	BP;CC;MF	TG	11	1.18068e-14	0.926102	4.03	49	yes	7	6	36241318	OS11G0296500 PROTEIN (PTHR23002:SF89)	cytoplasm | mRNA binding | nucleic acid binding | positive regulation of cytoplasmic translation | single-stranded RNA binding | translation regulator activity | zinc ion binding
SORBI_3006G044532	CCHC-type domain-containing protein	repeat-associated domain	CTL	BP;CC;MF	TG	11	9.34374e-14	0.940262	4.03	49	yes	7	6	31084372	OS11G0296500 PROTEIN (PTHR23002:SF89)	cytoplasm | mRNA binding | nucleic acid binding | positive regulation of cytoplasmic translation | single-stranded RNA binding | translation regulator activity | zinc ion binding
SORBI_3006G042425	CCHC-type domain-containing protein	repeat-associated domain	CTL	BP;CC;MF	TG	9	1.690112e-12	0.907985	4.03	49	yes	7	6	29507957	OS11G0296500 PROTEIN (PTHR23002:SF89)	cytoplasm | mRNA binding | nucleic acid binding | positive regulation of cytoplasmic translation | single-stranded RNA binding | translation regulator activity | zinc ion binding
SORBI_3006G048925	CCHC-type domain-containing protein	repeat-associated domain	CTL	BP;CC;MF	TG	9	5.869617e-12	0.62745	4.03	49	yes	7	6	35635177	OS11G0296500 PROTEIN (PTHR23002:SF89)	cytoplasm | mRNA binding | nucleic acid binding | positive regulation of cytoplasmic translation | single-stranded RNA binding | translation regulator activity | zinc ion binding
SORBI_3006G049450	CCHC-type domain-containing protein	repeat-associated domain	CTL	BP;CC;MF	TG	9	5.869617e-12	0.694671	4.03	49	yes	7	6	35705198	OS11G0296500 PROTEIN (PTHR23002:SF89)	cytoplasm | mRNA binding | nucleic acid binding | positive regulation of cytoplasmic translation | single-stranded RNA binding | translation regulator activity | zinc ion binding
SORBI_3006G040201	CCHC-type domain-containing protein	repeat-associated domain	CTL	BP;CC;MF	TG	8	1.570776e-11	0.931257	4.03	49	yes	7	6	19847940	OS11G0296500 PROTEIN (PTHR23002:SF89)	cytoplasm | mRNA binding | nucleic acid binding | positive regulation of cytoplasmic translation | single-stranded RNA binding | translation regulator activity | zinc ion binding
SORBI_3008G094500	CCHC-type domain-containing protein	repeat-associated domain	CTL	BP;CC;MF	TG	8	2.2071e-11	0.861887	4.03	49	yes	7	8	44774969	OS11G0296500 PROTEIN (PTHR23002:SF89)	cytoplasm | mRNA binding | nucleic acid binding | positive regulation of cytoplasmic translation | single-stranded RNA binding | translation regulator activity | zinc ion binding
SORBI_3007G103350	CCHC-type domain-containing protein	repeat-associated domain	CTL	BP;CC;MF	TG	7	5.068772e-11	0.532832	4.03	49	yes	7	7	29073128	OS11G0296500 PROTEIN (PTHR23002:SF89)	cytoplasm | mRNA binding | nucleic acid binding | positive regulation of cytoplasmic translation | single-stranded RNA binding | translation regulator activity | zinc ion binding
SORBI_3004G137601	CCHC-type domain-containing protein	repeat-associated domain	CTL	BP;CC;MF	TG	9	5.337257e-11	0.979457	4.03	49	yes	7	4	38150236	OS11G0296500 PROTEIN (PTHR23002:SF89)	cytoplasm | mRNA binding | nucleic acid binding | positive regulation of cytoplasmic translation | single-stranded RNA binding | translation regulator activity | zinc ion binding
SORBI_3009G095480	CCHC-type domain-containing protein	repeat-associated domain	CTL	BP;CC;MF	TG	8	6.895748e-11	0.725619	4.03	49	yes	7	9	26730787	OS11G0296500 PROTEIN (PTHR23002:SF89)	cytoplasm | mRNA binding | nucleic acid binding | positive regulation of cytoplasmic translation | single-stranded RNA binding | translation regulator activity | zinc ion binding
SORBI_3009G095560	CCHC-type domain-containing protein	repeat-associated domain	CTL	BP;CC;MF	TG	8	6.895748e-11	0.954487	4.03	49	yes	7	9	26980037	OS11G0296500 PROTEIN (PTHR23002:SF89)	cytoplasm | mRNA binding | nucleic acid binding | positive regulation of cytoplasmic translation | single-stranded RNA binding | translation regulator activity | zinc ion binding
SORBI_3006G034225	CCHC-type domain-containing protein	repeat-associated domain	CTL	BP;CC;MF	TG	1	1.797998e-10	0.915735	4.03	49	yes	7	6	9278514	OS11G0296500 PROTEIN (PTHR23002:SF89)	cytoplasm | mRNA binding | nucleic acid binding | positive regulation of cytoplasmic translation | single-stranded RNA binding | translation regulator activity | zinc ion binding
SORBI_3006G033001	CCHC-type domain-containing protein	repeat-associated domain	CTL	BP;CC;MF	TG	7	3.08086e-10	0.675205	4.03	49	yes	7	6	7505109	OS11G0296500 PROTEIN (PTHR23002:SF89)	cytoplasm | mRNA binding | nucleic acid binding | positive regulation of cytoplasmic translation | single-stranded RNA binding | translation regulator activity | zinc ion binding
SORBI_3006G040301	CCHC-type domain-containing protein	repeat-associated domain	CTL	BP;CC;MF	TG	4	3.453196e-10	0.964188	4.03	49	yes	7	6	20621419	OS11G0296500 PROTEIN (PTHR23002:SF89)	cytoplasm | mRNA binding | nucleic acid binding | positive regulation of cytoplasmic translation | single-stranded RNA binding | translation regulator activity | zinc ion binding
SORBI_3007G090400	DUF2470 domain-containing protein	repeat-associated domain	CTL	CC	TG	6	1.051901e-09	0.538688	4.03	49	yes	3	7	12943050	GLUTAMYL-TRNA REDUCTASE-BINDING PROTEIN, CHLOROPLASTIC (PTHR13343:SF22)	chloroplast | cytoplasm | protein-containing complex
SORBI_3001G221500	glutamate--tRNA ligase	metabolic enzyme	CTL	BP;CC	TG	6	1.102206e-09	0.716362	4.03	49	yes	5	1	20948407	GLUTAMATE--TRNA LIGASE (PTHR43097:SF5)	cytoplasm | cytosol | protein-containing complex | tRNA aminoacylation for protein translation | translation
SORBI_3001G221850	CCHC-type domain-containing protein	repeat-associated domain	CTL	BP;CC;MF	TG	6	1.102206e-09	0.629902	4.03	49	yes	7	1	21023882	OS11G0296500 PROTEIN (PTHR23002:SF89)	cytoplasm | mRNA binding | nucleic acid binding | positive regulation of cytoplasmic translation | single-stranded RNA binding | translation regulator activity | zinc ion binding
SORBI_3007G103732	CCHC-type domain-containing protein	repeat-associated domain	CTL	BP;CC;MF	TG	1	2.927088e-09	0.97044	4.03	49	yes	7	7	32564224	OS11G0296500 PROTEIN (PTHR23002:SF89)	cytoplasm | mRNA binding | nucleic acid binding | positive regulation of cytoplasmic translation | single-stranded RNA binding | translation regulator activity | zinc ion binding
SORBI_3004G205100	Glyceraldehyde-3-phosphate dehydrogenase	""	CTL	CC	TG	1	5.311382e-09	0.604554	4.03	3	yes	1	4	55645511	GLYCERALDEHYDE-3-PHOSPHATE DEHYDROGENASE GAPC1, CYTOSOLIC-RELATED (PTHR10836:SF112)	protein-containing complex
SORBI_3006G036632	CCHC-type domain-containing protein	repeat-associated domain	CTL	BP;CC;MF	TG	2	7.718894e-09	0.869791	4.03	49	yes	7	6	12709354	OS11G0296500 PROTEIN (PTHR23002:SF89)	cytoplasm | mRNA binding | nucleic acid binding | positive regulation of cytoplasmic translation | single-stranded RNA binding | translation regulator activity | zinc ion binding
SORBI_3005G012200	non-specific serine_threonine protein kinase	metabolic enzyme	CTL	CC;MF	PA	3	5.638375e-10	0.794715	3.99	2	yes	2	5	1118386	SERINE_THREONINE-PROTEIN KINASE WNK4-RELATED (PTHR13902:SF132)	cytoplasm | protein serine/threonine kinase activity
SORBI_3005G017000	Protein kinase domain-containing protein	metabolic enzyme	CTL	MF	PA	2	5.638375e-10	0.413527	3.99	2	yes	2	5	1511981	SERINE_THREONINE-PROTEIN KINASE PBL8-RELATED (PTHR45621:SF22)	nucleotide binding | protein serine/threonine kinase activity
SORBI_3003G370100	Protein kinase domain-containing protein	metabolic enzyme	CTL;LIN	CC;MF	PA;PC	1	1.287754e-09	0.747725	3.99	86	yes	6	3	68605726	SERINE_THREONINE-PROTEIN KINASE SAPK4 (PTHR24343:SF372)	ATP binding | cytoplasm | nucleotide binding | nucleus | protein kinase activity | protein serine/threonine kinase activity
SORBI_3008G131700	PsbP C-terminal domain-containing protein	repeat-associated domain	CTL	CC	TG	10	6.204077e-14	0.807721	3.9	2	yes	1	8	55795932	PSBP DOMAIN-CONTAINING PROTEIN 1, CHLOROPLASTIC (PTHR31407:SF15)	photosystem II oxygen evolving complex
SORBI_3007G071500	Photosystem II 10 kDa polypeptide, chloroplastic	""	CTL	CC	TG	10	4.30794e-13	0.586622	3.9	2	yes	1	7	7914921	PHOTOSYSTEM II 10 KDA POLYPEPTIDE, CHLOROPLASTIC (PTHR34369:SF2)	photosystem II oxygen evolving complex
SORBI_3006G192200	protein-serine_threonine phosphatase	""	LIN	BP	FA	2	2.240513e-17	0.716798	3.86	4	yes	1	6	54612740	PROTEIN PHOSPHATASE 2C 43-RELATED (PTHR47992:SF199)	regulation of intracellular signal transduction
SORBI_3001G025700	protein-serine_threonine phosphatase	""	LIN	BP	FA	2	2.282694e-15	1	3.86	4	yes	1	1	1998516	PROTEIN PHOSPHATASE 2C 42-RELATED (PTHR47992:SF159)	regulation of intracellular signal transduction
SORBI_3001G512600	protein-serine_threonine phosphatase	""	LIN	BP;CC	FA	2	4.20874e-11	0.730336	3.86	21	yes	2	1	78023368	PROTEIN PHOSPHATASE 2C 28-RELATED (PTHR47992:SF237)	plasma membrane | regulation of intracellular signal transduction
SORBI_3010G126800	Protein kinase domain-containing protein	metabolic enzyme	LIN	CC;MF	SQDG	1	5.483313e-12	0.593367	3.65	31	yes	4	10	16040372	LECTIN-LIKE RECEPTOR PROTEIN KINASE FAMILY PROTEIN-RELATED (PTHR27007:SF159)	ATP binding | carbohydrate binding | membrane | nucleotide binding
SORBI_3010G119300	Protein kinase domain-containing protein	metabolic enzyme	LIN	MF	SQDG	2	8.7708e-12	0.500417	3.65	21	yes	4	10	13561901	L-TYPE LECTIN-DOMAIN CONTAINING RECEPTOR KINASE S.7-RELATED (PTHR27007:SF21)	ATP binding | carbohydrate binding | nucleotide binding | protein serine/threonine kinase activity
SORBI_3003G184765	Uncharacterized protein	transport	LIN	BP	TG	2	5.614322e-11	0.932288	3.63	3	yes	1	3	49592419	VACUOLAR CATION_PROTON EXCHANGER 2 (PTHR31503:SF48)	calcium ion transmembrane transport
SORBI_3003G184800	Vacuolar cation_proton exchanger	transport	LIN	BP;CC	TG	2	5.614322e-11	0.932288	3.63	71	yes	3	3	49596747	VACUOLAR CATION_PROTON EXCHANGER 3 (PTHR31503:SF1)	calcium ion transmembrane transport | membrane | transmembrane transport
SORBI_3002G210300	Hexosyltransferase	metabolic enzyme	LIN	BP;CC	FA	2	1.744996e-12	0.784754	3.54	43	yes	3	2	60324272	HEXOSYLTRANSFERASE (PTHR11214:SF244)	Golgi membrane | glycoprotein biosynthetic process | membrane
SORBI_3002G210401	Hexosyltransferase	metabolic enzyme	LIN	BP;CC	FA	2	1.744996e-12	0.833895	3.54	43	yes	3	2	60328176	""	Golgi membrane | glycoprotein biosynthetic process | membrane
SORBI_3003G410800	Exostosin GT47 domain-containing protein	metabolic enzyme	LIN	BP;CC	FA	3	1.904759e-12	0.495171	3.54	7	yes	2	3	71813444	BETA-1,4-XYLOSYLTRANSFERASE IRX10L-RELATED (PTHR11062:SF200)	Golgi membrane | glycoprotein biosynthetic process
SORBI_3001G269200	Uncharacterized protein	metabolic enzyme	LIN	BP	FA	2	4.006996e-11	0.916035	3.54	3	yes	1	1	51588166	GDSL-LIKE LIPASE_ACYLHYDROLASE FAMILY PROTEIN, EXPRESSED (PTHR45642:SF17)	lipid biosynthetic process
SORBI_3002G210200	Histone H2B	""	LIN	CC	FA	2	1.744996e-12	0.566264	3.45	38	yes	2	2	60320549	HISTONE H2B.4 (PTHR23428:SF72)	chromosome | nucleus
SORBI_3010G151000	CMP-sialic acid transporter 1	transport	CTL;LIN	CC	MGDG;SQDG;TG	8	5.936528e-12	1	3.39	44	yes	2	10	43625333	UDP-SUGAR TRANSPORTER PROTEIN SLC35A4-RELATED (PTHR10231:SF43)	Golgi membrane | membrane
SORBI_3007G100800	Cellulose synthase-like protein D4	metabolic enzyme	CTL	BP;CC	TG	2	2.379155e-09	0.633902	3.39	49	yes	5	7	23932201	CELLULOSE SYNTHASE-LIKE PROTEIN D4 (PTHR13301:SF40)	Golgi membrane | cellulose biosynthetic process | cytoplasm | endomembrane system | membrane
SORBI_3003G369066	alanine--tRNA ligase	metabolic enzyme	CTL	CC;MF	PA	1	1.358718e-09	0.774606	3.24	2	yes	3	3	68484437	ALANINE--TRNA LIGASE, CYTOPLASMIC (PTHR11777:SF9)	cytoplasm | nucleic acid binding | nucleotide binding
SORBI_3005G183900	ABC transporter domain-containing protein	transport	CTL;LIN	BP;CC;MF	TG	2	1.456216e-13	0.989442	3.18	71	yes	5	5	66885571	ABC TRANSPORTER G FAMILY MEMBER 40 (PTHR19241:SF566)	ABC-type transporter activity | ATP binding | ATP hydrolysis activity | membrane | transmembrane transport
SORBI_3004G087700	ABC transporter domain-containing protein	transport	LIN	BP;CC;MF	TG	1	7.508387e-11	0.400325	3.18	71	yes	5	4	7421357	ABC TRANSPORTER G FAMILY MEMBER 39 (PTHR19241:SF662)	ABC-type transporter activity | ATP binding | ATP hydrolysis activity | membrane | transmembrane transport
SORBI_3003G267700	MDR-like ABC transporter	transport	LIN	BP;CC;MF	TG	1	5.47831e-10	0.482925	3.18	71	yes	5	3	60421757	ABC TRANSPORTER B FAMILY MEMBER 9 (PTHR24221:SF604)	ABC-type transporter activity | ATP binding | ATP hydrolysis activity | membrane | transmembrane transport
SORBI_3003G271300	ABC transporter domain-containing protein	transport	LIN	BP;CC;MF	TG	1	5.47831e-10	0.407746	3.18	71	yes	5	3	60786059	ABC TRANSPORTER G FAMILY MEMBER STR2 (PTHR48041:SF20)	ABC-type transporter activity | ATP binding | ATP hydrolysis activity | membrane | transmembrane transport
SORBI_3002G321300	ABC transporter domain-containing protein	transport	LIN	BP;CC;MF	TG	1	1.195756e-09	0.451119	3.18	71	yes	5	2	69290780	ABC TRANSPORTER G FAMILY MEMBER 43 (PTHR19241:SF666)	ABC-type transporter activity | ATP binding | ATP hydrolysis activity | membrane | transmembrane transport
SORBI_3009G083300	ABC transporter domain-containing protein	transport	LIN	BP;CC;MF	TG	1	1.240725e-09	0.576329	3.18	71	yes	5	9	12573404	ABC TRANSPORTER G FAMILY MEMBER 12 (PTHR48042:SF18)	ABC-type transporter activity | ATP binding | ATP hydrolysis activity | membrane | transmembrane transport
SORBI_3007G210500	Uncharacterized protein	transport	LIN	BP;CC;MF	TG	1	7.851791e-09	0.499854	3.18	71	yes	5	7	63933998	ABC TRANSPORTER C FAMILY MEMBER 10 (PTHR24223:SF459)	ABC-type transporter activity | ATP binding | ATP hydrolysis activity | membrane | transmembrane transport
SORBI_3006G190800	BZIP domain-containing protein	repeat-associated domain	LIN	BP;CC	FA	2	2.240513e-17	0.94037	3.16	38	yes	2	6	54515866	ABSCISIC ACID-INSENSITIVE 5-LIKE PROTEIN 5 (PTHR22952:SF485)	nucleus | positive regulation of DNA-templated transcription
SORBI_3001G101700	SS18 N-terminal domain-containing protein	repeat-associated domain	LIN	BP;CC	FA;PC;TG	5	7.419754e-14	1	3.16	86	yes	3	1	7782002	""	cytoplasm | nucleus | positive regulation of DNA-templated transcription
SORBI_3004G102500	Protein BZR1 homolog	""	LIN	BP;CC;MF	PC	1	2.067558e-11	0.606874	3.11	86	yes	5	4	9584881	PROTEIN BZR1 HOMOLOG (PTHR31506:SF18)	DNA binding | DNA-templated transcription | brassinosteroid mediated signaling pathway | nucleus | regulation of DNA-templated transcription
SORBI_3004G102700	Protein BZR1 homolog	""	LIN	BP;CC;MF	PC	1	2.067558e-11	0.609336	3.11	86	yes	5	4	9632195	PROTEIN BZR1 HOMOLOG (PTHR31506:SF18)	DNA binding | DNA-templated transcription | brassinosteroid mediated signaling pathway | nucleus | regulation of DNA-templated transcription
SORBI_3004G104800	Protein kinase domain-containing protein	transport	LIN	BP;CC;MF	PC	1	1.000563e-09	0.439166	3.11	63	yes	6	4	9871363	OS02G0236100 PROTEIN (PTHR47988:SF83)	ATP binding | brassinosteroid mediated signaling pathway | nucleotide binding | plasma membrane | protein kinase activity | protein serine/threonine kinase activity
SORBI_3004G252200	Protein kinase domain-containing protein	transport	LIN	BP;CC;MF	PC	1	6.007613e-09	0.412439	3.11	63	yes	6	4	59820576	PROTEIN NSP-INTERACTING KINASE 1 (PTHR47988:SF79)	ATP binding | brassinosteroid mediated signaling pathway | nucleotide binding | plasma membrane | protein kinase activity | protein serine/threonine kinase activity
SORBI_3001G357300	Cystathionine gamma-synthase	metabolic enzyme	CTL	MF	TG	9	1.182781e-12	0.855971	3.07	5	yes	1	1	64717133	CYSTATHIONINE GAMMA-SYNTHASE 1, CHLOROPLASTIC (PTHR43379:SF6)	pyridoxal phosphate binding
SORBI_3008G005300	Aminotransferase class I_classII domain-containing protein	metabolic enzyme	CTL	MF	TG	1	2.103137e-09	0.705525	3.07	5	yes	1	8	477308	""	pyridoxal phosphate binding
SORBI_3010G123500	Uncharacterized protein	""	LIN	BP;CC;MF	MGDG;SQDG	2	6.232295e-13	1	3.01	23	yes	3	10	14532267	OS06G0298200 PROTEIN (PTHR31717:SF134)	nucleus | regulation of DNA-templated transcription | zinc ion binding
SORBI_3010G123750	CCHC-type domain-containing protein	repeat-associated domain	LIN	MF	MGDG;SQDG	2	6.232295e-13	1	3.01	20	yes	2	10	14655059	OS07G0485366 PROTEIN (PTHR33170:SF8)	nucleic acid binding | zinc ion binding
SORBI_3010G151325	Protein FAR1-RELATED SEQUENCE	""	CTL;LIN	BP;CC;MF	MGDG;SQDG;TG	3	7.256755e-12	0.906119	3.01	50	yes	3	10	43771550	PROTEIN FAR1-RELATED SEQUENCE (PTHR31669:SF168)	nucleus | regulation of DNA-templated transcription | zinc ion binding
SORBI_3010G153600	DYW domain-containing protein	repeat-associated domain	LIN	MF	MGDG;SQDG	2	2.932491e-11	0.547032	3.01	20	yes	1	10	44645471	OS04G0118700 PROTEIN (PTHR24015:SF1892)	zinc ion binding
SORBI_3010G154000	UBR-type domain-containing protein	metabolic enzyme	LIN	MF	MGDG;SQDG	2	2.932491e-11	0.484385	3.01	20	yes	2	10	44772564	E3 UBIQUITIN-PROTEIN LIGASE UBR7-RELATED (PTHR13513:SF9)	ubiquitin protein ligase activity | zinc ion binding
SORBI_3010G151200	GRF-type domain-containing protein	repeat-associated domain	CTL;LIN	MF	MGDG;SQDG;TG	2	5.401068e-11	0.898136	3.01	28	yes	1	10	43755649	""	zinc ion binding
SORBI_3001G022800	Actin	""	CTL	CC	TG	1	2.282694e-15	0.988711	3	3	yes	1	1	1835108	ACTIN-3 (PTHR11937:SF427)	actin cytoskeleton
SORBI_3001G289700	Arp2_3 complex 34 kDa subunit	""	CTL	CC	TG	1	2.36118e-09	0.859215	3	50	yes	3	1	56596135	ACTIN-RELATED PROTEIN 2_3 COMPLEX SUBUNIT 2 (PTHR12058:SF0)	actin cytoskeleton | cytoplasm | nucleus
SORBI_3010G086500	Glycoside hydrolase family 5 domain-containing protein	metabolic enzyme	CTL	CC	TG	1	3.728962e-09	0.414046	3	49	yes	2	10	7438985	FASCIN-2 (PTHR10551:SF9)	actin cytoskeleton | cytoplasm
SORBI_3010G150575	Small ribosomal subunit protein uS5 C-terminal domain-containing protein	repeat-associated domain	CTL;LIN	BP;CC;MF	SQDG;TG	3	1.414455e-18	1	2.94	28	yes	4	10	43378469	RIBOSOMAL PROTEIN S2, PUTATIVE, EXPRESSED-RELATED (PTHR13718:SF118)	mRNA binding | ribosome | structural constituent of ribosome | translation
SORBI_3010G116600	FHA domain-containing protein	repeat-associated domain	LIN	MF	SQDG	2	1.459576e-11	0.506155	2.94	15	yes	1	10	12685085	KANADAPTIN (PTHR23308:SF66)	mRNA binding
SORBI_3003G033100	TRAM domain-containing protein	metabolic enzyme	LIN	BP;MF	SQDG	1	5.25602e-09	0.802585	2.94	15	yes	2	3	3050505	TRNA (URACIL(54)-C(5))-METHYLTRANSFERASE (PTHR11061:SF30)	RNA processing | mRNA binding
SORBI_3010G116300	RING-type E3 ubiquitin transferase	metabolic enzyme	LIN	MF	SQDG	2	1.459576e-11	0.494519	2.85	8	yes	1	10	12644444	U-BOX DOMAIN-CONTAINING PROTEIN 42-RELATED (PTHR45958:SF4)	ubiquitin protein ligase activity
SORBI_3010G140500	RING-type E3 ubiquitin transferase	metabolic enzyme	LIN	MF	SQDG	3	5.034469e-11	1	2.85	8	yes	1	10	27155811	U-BOX DOMAIN-CONTAINING PROTEIN 5 (PTHR23315:SF240)	ubiquitin protein ligase activity
SORBI_3010G125500	RING-type domain-containing protein	metabolic enzyme	CTL;LIN	CC;MF	SQDG;TG	3	5.991652e-11	0.89191	2.85	14	yes	2	10	15508131	E3 UBIQUITIN-PROTEIN LIGASE SYNOVIOLIN (PTHR22763:SF184)	endoplasmic reticulum membrane | ubiquitin protein ligase activity
SORBI_3010G156800	RING-type domain-containing protein	metabolic enzyme	LIN	MF	SQDG	2	1.45686e-10	0.463149	2.85	8	yes	1	10	46109352	RING-TYPE DOMAIN-CONTAINING PROTEIN (PTHR14155:SF525)	ubiquitin protein ligase activity
SORBI_3010G158400	RING-type domain-containing protein	metabolic enzyme	LIN	MF	SQDG	3	1.749323e-10	0.986279	2.85	8	yes	1	10	46573122	RING ZINC FINGER DOMAIN SUPERFAMILY PROTEIN-RELATED (PTHR14155:SF623)	ubiquitin protein ligase activity
SORBI_3010G131900	RING-type E3 ubiquitin transferase	metabolic enzyme	LIN	MF	SQDG	1	3.071507e-10	0.700251	2.85	8	yes	2	10	18148226	IP09428P-RELATED (PTHR11224:SF10)	metal ion binding | ubiquitin protein ligase activity
SORBI_3010G157300	RING-type domain-containing protein	metabolic enzyme	LIN	CC;MF	SQDG	1	6.067959e-10	0.49247	2.85	31	yes	2	10	46193899	OS06G0257700 PROTEIN (PTHR22765:SF163)	membrane | ubiquitin protein ligase activity
SORBI_3010G157500	RING-type domain-containing protein	metabolic enzyme	LIN	MF	SQDG	1	9.753891e-10	0.403131	2.85	8	yes	1	10	46245534	OS06G0535200 PROTEIN (PTHR14155:SF553)	ubiquitin protein ligase activity
SORBI_3010G158100	RING-type E3 ubiquitin transferase	metabolic enzyme	LIN	MF	SQDG	1	9.753891e-10	0.436821	2.85	8	yes	1	10	46464410	E3 UBIQUITIN-PROTEIN LIGASE OS06G0535400 (PTHR14155:SF538)	ubiquitin protein ligase activity
SORBI_3010G158500	RING-type domain-containing protein	metabolic enzyme	LIN	MF	SQDG	1	9.753891e-10	0.423045	2.85	8	yes	1	10	46585922	OS06G0540050 PROTEIN (PTHR22765:SF141)	ubiquitin protein ligase activity
SORBI_3010G164900	SWIM-type domain-containing protein	metabolic enzyme	LIN	MF	SQDG	1	1.463787e-09	0.417214	2.85	20	yes	2	10	48772483	PHD FAMILY PROTEIN (PTHR21540:SF0)	ubiquitin protein ligase activity | zinc ion binding
SORBI_3001G022900	Ferredoxin	metabolic enzyme	CTL	CC;MF	TG	2	2.282694e-15	0.978363	2.82	11	yes	2	1	1839741	FERREDOXIN-3, CHLOROPLASTIC (PTHR43112:SF30)	chloroplast | iron-sulfur cluster binding
SORBI_3002G043500	Aldehyde oxidase	metabolic enzyme	CTL	MF	TG	10	7.587135e-12	0.646002	2.82	5	yes	2	2	4129557	ALDEHYDE OXIDASE 1-RELATED (PTHR11908:SF132)	flavin adenine dinucleotide binding | iron-sulfur cluster binding
SORBI_3001G100200	Bowman-Birk serine protease inhibitors family domain-containing protein	repeat-associated domain	LIN	MF	PC	4	7.419754e-14	0.92623	2.76	6	yes	1	1	7659849	SERINE-TYPE ENDOPEPTIDASE INHIBITOR (PTHR33832:SF15)	serine-type endopeptidase inhibitor activity
SORBI_3001G168600	Serpin domain-containing protein	repeat-associated domain	LIN	MF	PC	2	1.071587e-13	0.665632	2.76	6	yes	1	1	14025149	GH10112P-RELATED (PTHR11461:SF211)	serine-type endopeptidase inhibitor activity
SORBI_3001G022500	Lysine--tRNA ligase	metabolic enzyme	CTL	BP;CC;MF	TG	2	2.282694e-15	0.978363	2.74	49	yes	5	1	1814461	LYSINE--TRNA LIGASE, CHLOROPLASTIC_MITOCHONDRIAL (PTHR42918:SF15)	chloroplast | cytoplasm | mRNA binding | nucleic acid binding | tRNA aminoacylation for protein translation
SORBI_3002G042500	valine--tRNA ligase	metabolic enzyme	CTL	BP;CC	TG	10	7.587135e-12	0.683589	2.74	49	yes	3	2	4051400	VALINE--TRNA LIGASE, CHLOROPLASTIC_MITOCHONDRIAL 2 (PTHR11946:SF93)	cytoplasm | cytosol | tRNA aminoacylation for protein translation
SORBI_3001G021800	WH1 domain-containing protein	repeat-associated domain	CTL	CC;MF	TG	1	3.492585e-15	1	2.72	49	yes	2	1	1787545	WH1 DOMAIN-CONTAINING PROTEIN (PTHR16290:SF26)	cytoplasm | mRNA binding
SORBI_3001G357200	RRM domain-containing protein	repeat-associated domain	CTL	CC;MF	TG	9	1.182781e-12	0.768326	2.72	31	yes	3	1	64709044	RRM DOMAIN-CONTAINING PROTEIN (PTHR48025:SF1)	chloroplast | mRNA binding | nucleic acid binding
SORBI_3006G208800	YTH domain-containing family protein	repeat-associated domain	CTL	MF	TG	7	5.298874e-11	0.428801	2.72	28	yes	1	6	55865933	YTH DOMAIN-CONTAINING FAMILY PROTEIN (PTHR12357:SF86)	mRNA binding
SORBI_3001G166700	BHLH domain-containing protein	repeat-associated domain	LIN	BP;CC	Cer;PC	3	5.662353e-11	0.664832	2.72	86	yes	2	1	13855125	TRANSCRIPTION FACTOR RSL3-RELATED (PTHR16223:SF370)	nucleus | regulation of DNA-templated transcription
SORBI_3006G278600	Fe2OG dioxygenase domain-containing protein	repeat-associated domain	CTL;LIN	MF	FA;TG	8	1.240061e-10	0.685598	2.72	28	yes	1	6	60914403	2-OXOGLUTARATE AND FE(II)-DEPENDENT OXYGENASE SUPERFAMILY PROTEIN (PTHR31447:SF23)	mRNA binding
SORBI_3003G206600	Btz domain-containing protein	repeat-associated domain	CTL	CC;MF	TG	2	3.521525e-10	0.940385	2.72	50	yes	3	3	53720276	PROTEIN MLN51 HOMOLOG (PTHR46837:SF5)	cytoplasm | mRNA binding | nucleus
SORBI_3001G499500	HTH La-type RNA-binding domain-containing protein	repeat-associated domain	CTL	CC;MF	TG	1	4.642585e-10	0.906372	2.72	49	yes	2	1	76883275	LA-RELATED PROTEIN 1 (PTHR22792:SF132)	cytoplasm | mRNA binding
SORBI_3005G100500	DNA-directed RNA polymerase RBP11-like dimerisation domain-containing protein	repeat-associated domain	LIN	CC	Cer	2	8.447757e-10	0.867663	2.72	2	yes	1	5	16788821	DNA-DIRECTED RNA POLYMERASE RBP11-LIKE DIMERISATION DOMAIN-CONTAINING PROTEIN (PTHR13946:SF33)	nucleus
SORBI_3005G100400	C2H2-type domain-containing protein	repeat-associated domain	LIN	CC	Cer	1	2.30551e-09	0.871466	2.72	2	yes	1	5	16714816	C2H2-TYPE ZINC FINGER FAMILY PROTEIN (PTHR26374:SF378)	nucleus
SORBI_3002G244600	Ubiquitin-like domain-containing protein	repeat-associated domain	CTL	BP;CC;MF	TG	1	3.681911e-09	0.4077	2.72	50	yes	6	2	63336180	UBIQUITIN-RIBOSOMAL PROTEIN ES31Y FUSION PROTEIN (PTHR10666:SF466)	cytoplasm | mRNA binding | nucleus | ribosome | structural constituent of ribosome | translation
SORBI_3001G024000	PUM-HD domain-containing protein	repeat-associated domain	CTL	MF	TG	1	5.0281e-09	0.724006	2.72	28	yes	1	1	1902840	PUMILIO HOMOLOG 3 (PTHR13389:SF0)	mRNA binding
SORBI_3010G151900	Uncharacterized protein	""	LIN	BP;CC	SQDG	1	6.268769e-11	1	2.71	23	yes	2	10	44071190	RIBONUCLEASE P PROTEIN SUBUNIT P29 (PTHR13348:SF0)	RNA processing | nucleus
SORBI_3010G139000	SURP motif domain-containing protein	repeat-associated domain	LIN	BP;CC	SQDG	2	2.625621e-10	0.990483	2.71	23	yes	2	10	23664174	G PATCH DOMAIN-CONTAINING PROTEIN 1 (PTHR13384:SF19)	RNA processing | nucleus
SORBI_3004G009900	WAT1-related protein	""	LIN	BP;CC;MF	FA	2	4.92621e-15	0.709013	2.64	43	yes	3	4	835429	WAT1-RELATED PROTEIN (PTHR31218:SF256)	membrane | transmembrane transport | transmembrane transporter activity
SORBI_3001G099400	Uncharacterized protein	transport	LIN	BP;CC;MF	FA;PC	4	7.419754e-14	0.656276	2.64	97	yes	3	1	7605662	OS04G0660900 PROTEIN (PTHR11654:SF156)	membrane | transmembrane transport | transmembrane transporter activity
SORBI_3001G028400	Transmembrane protein 184A	transport	LIN	BP;CC;MF	FA	3	9.303456e-14	0.979855	2.64	43	yes	3	1	2238553	IP17403P (PTHR23423:SF17)	membrane | transmembrane transport | transmembrane transporter activity
SORBI_3001G031700	Nucleobase-ascorbate transporter 6	transport	LIN	BP;CC;MF	FA;TG	4	9.303456e-14	0.608557	2.64	71	yes	3	1	2408109	OS03G0823800 PROTEIN (PTHR11119:SF84)	membrane | transmembrane transport | transmembrane transporter activity
SORBI_3001G032200	Major facilitator superfamily (MFS) profile domain-containing protein	transport	LIN	BP;CC;MF	FA;TG	4	9.303456e-14	0.758684	2.64	71	yes	4	1	2447498	D-XYLOSE-PROTON SYMPORTER-LIKE 3, CHLOROPLASTIC (PTHR48023:SF6)	cytoplasm | membrane | transmembrane transport | transmembrane transporter activity
SORBI_3002G185300	Major facilitator superfamily (MFS) profile domain-containing protein	transport	LIN	BP;CC;MF	FA;TG	3	5.881396e-11	0.531043	2.64	71	yes	3	2	56954913	MAJOR FACILITATOR SUPERFAMILY PROTEIN (PTHR23505:SF52)	membrane | transmembrane transport | transmembrane transporter activity
SORBI_3002G185400	Major facilitator superfamily (MFS) profile domain-containing protein	transport	LIN	BP;CC;MF	FA;TG	3	5.881396e-11	0.531043	2.64	71	yes	3	2	56961379	OS09G0371400 PROTEIN (PTHR23505:SF62)	membrane | transmembrane transport | transmembrane transporter activity
SORBI_3002G185500	Major facilitator superfamily (MFS) profile domain-containing protein	transport	LIN	BP;CC;MF	FA;TG	3	5.881396e-11	0.501099	2.64	71	yes	3	2	56963689	MAJOR FACILITATOR SUPERFAMILY (MFS) PROFILE DOMAIN-CONTAINING PROTEIN (PTHR23505:SF86)	membrane | transmembrane transport | transmembrane transporter activity
SORBI_3002G185600	Major facilitator superfamily (MFS) profile domain-containing protein	transport	LIN	BP;CC;MF	FA;TG	3	5.881396e-11	0.725948	2.64	71	yes	3	2	56968621	MAJOR FACILITATOR SUPERFAMILY PROTEIN (PTHR23505:SF68)	membrane | transmembrane transport | transmembrane transporter activity
SORBI_3002G185800	Major facilitator superfamily (MFS) profile domain-containing protein	transport	LIN	BP;CC;MF	FA	2	5.881396e-11	0.650955	2.64	43	yes	3	2	56976063	OS09G0371200 PROTEIN (PTHR23505:SF11)	membrane | transmembrane transport | transmembrane transporter activity
SORBI_3001G257200	TFA2 Winged helix domain-containing protein	repeat-associated domain	LIN	BP	PC	2	1.005971e-12	0.816895	2.62	4	yes	1	1	30324896	TFA2 WINGED HELIX DOMAIN-CONTAINING PROTEIN (PTHR12716:SF16)	transcription initiation at RNA polymerase II promoter
SORBI_3002G158700	TATA box binding protein associated factor (TAF) histone-like fold domain-containing protein	repeat-associated domain	LIN	BP;CC	PC	1	2.870448e-11	0.847425	2.62	86	yes	2	2	49074544	TRANSCRIPTION INITIATION FACTOR TFIID SUBUNIT 6 (PTHR10221:SF9)	nucleus | transcription initiation at RNA polymerase II promoter
SORBI_3006G017600	DNA-directed RNA polymerase subunit	""	LIN	BP	PC	1	2.627536e-09	0.570181	2.62	8	yes	2	6	2910347	DNA-DIRECTED RNA POLYMERASE SUBUNIT (PTHR11239:SF17)	DNA-templated transcription | transcription initiation at RNA polymerase II promoter
SORBI_3004G252900	Transcription factor IIA alpha_beta subunit	""	LIN	BP;CC	PC	1	6.007613e-09	0.771028	2.62	86	yes	2	4	59881004	TRANSCRIPTION INITIATION FACTOR IIA SUBUNIT 1 (PTHR12694:SF8)	nucleus | transcription initiation at RNA polymerase II promoter
SORBI_3005G098800	AAA+ ATPase domain-containing protein	transport	LIN	MF	PC	1	2.569856e-09	0.977524	2.59	63	yes	3	5	16158317	ATPASE FAMILY GENE 2 PROTEIN HOMOLOG A (PTHR23077:SF27)	ATP binding | ATP hydrolysis activity | calmodulin binding
SORBI_3004G007800	Protein kinase domain-containing protein	metabolic enzyme	LIN	CC;MF	FA	16	2.605726e-21	0.834126	2.58	30	yes	3	4	689918	RECEPTOR-LIKE SERINE_THREONINE-PROTEIN KINASE NCRK (PTHR27001:SF782)	ATP binding | endomembrane system | plasma membrane
SORBI_3003G407300	Uncharacterized protein	metabolic enzyme	LIN	BP;CC	FA;PC	11	2.698367e-17	1	2.58	11	yes	2	3	71489991	HISTIDINE KINASE 3 (PTHR43719:SF73)	endomembrane system | signal transduction
SORBI_3001G103900	Uncharacterized protein	""	LIN	CC	FA;PC;TG	6	7.419754e-14	0.893686	2.58	97	yes	3	1	7969436	MINOR HISTOCOMPATIBILITY ANTIGEN H13 (PTHR12174:SF23)	endomembrane system | endoplasmic reticulum membrane | membrane
SORBI_3001G031900	Ras-related protein Rab11C	""	LIN	CC	FA	4	9.303456e-14	0.608557	2.58	11	yes	1	1	2416592	RAS-RELATED PROTEIN RAB11A (PTHR47978:SF28)	endomembrane system
SORBI_3006G186800	Polyprenol reductase	metabolic enzyme	LIN	CC	FA	2	1.025088e-12	0.567795	2.58	21	yes	2	6	54172650	POLYPRENOL REDUCTASE (PTHR14624:SF0)	endomembrane system | plasma membrane
SORBI_3003G390100	Methyltransferase	metabolic enzyme	LIN	CC	FA	2	1.905507e-12	0.509027	2.58	43	yes	2	3	70131393	METHYLTRANSFERASE PMT19-RELATED (PTHR10108:SF968)	endomembrane system | membrane
SORBI_3009G111000	Pectinesterase	""	CTL	CC;MF	TG	10	2.113399e-12	0.914424	2.53	12	yes	2	9	44638293	PECTINESTERASE (PTHR31707:SF12)	enzyme inhibitor activity | extracellular region
SORBI_3003G203900	Pectinesterase inhibitor domain-containing protein	repeat-associated domain	CTL	MF	TG	1	3.880064e-09	0.940989	2.53	4	yes	1	3	53397007	OS04G0445300 PROTEIN (PTHR31080:SF301)	enzyme inhibitor activity
SORBI_3010G108500	CCT domain-containing protein	repeat-associated domain	LIN	CC;MF	SQDG;TG	3	1.346217e-10	0.613123	2.46	55	yes	2	10	10798048	ZINC FINGER PROTEIN CONSTANS-LIKE 6 (PTHR31874:SF1)	nucleus | zinc ion binding
SORBI_3010G141700	Protein FAR1-RELATED SEQUENCE	""	LIN	BP;CC;MF	SQDG	1	2.042273e-10	0.976037	2.46	23	yes	3	10	35388586	PROTEIN FAR1-RELATED SEQUENCE (PTHR31669:SF217)	nucleus | regulation of DNA-templated transcription | zinc ion binding
SORBI_3010G145300	CCHC-type domain-containing protein	repeat-associated domain	LIN	MF	SQDG	1	3.458588e-10	1	2.46	20	yes	2	10	40912089	OS04G0557100 PROTEIN (PTHR33170:SF40)	nucleic acid binding | zinc ion binding
SORBI_3010G120500	GRF-type domain-containing protein	repeat-associated domain	LIN	MF	SQDG	1	2.13066e-09	0.40534	2.46	20	yes	1	10	13837692	OS12G0198650 PROTEIN (PTHR33248:SF54)	zinc ion binding
SORBI_3006G035600	Kinesin motor domain-containing protein	repeat-associated domain	CTL	BP	TG	2	1.161106e-09	0.965085	2.43	3	yes	1	6	10924580	KINESIN-LIKE PROTEIN KIF15 (PTHR24115:SF1004)	microtubule-based movement
SORBI_3007G018700	Kinesin-like protein	""	CTL	BP	TG	1	6.519033e-09	0.973471	2.43	3	yes	1	7	1776606	KINESIN HEAVY CHAIN (PTHR24115:SF9)	microtubule-based movement
SORBI_3006G184700	AP2_ERF domain-containing protein	repeat-associated domain	LIN	CC;MF	FA;MGDG;PG;SQDG	5	3.384554e-18	0.630564	2.42	38	yes	2	6	53980145	ETHYLENE-RESPONSIVE TRANSCRIPTION FACTOR ERF027 (PTHR31985:SF302)	DNA binding | nucleus
SORBI_3003G406800	MADS-box domain-containing protein	repeat-associated domain	LIN	CC;MF	AEG;DG;DGDG;FA;GalCer;MG;MGDG;PC;PG;SQDG	11	2.698367e-17	1	2.42	86	yes	2	3	71436261	MADS-BOX TRANSCRIPTION FACTOR 51 (PTHR11945:SF732)	DNA binding | nucleus
SORBI_3005G014100	Uncharacterized protein	""	CTL	CC	PA	2	5.638375e-10	0.915001	2.35	3	yes	1	5	1298696	SUBFAMILY NOT NAMED (PTHR47997:SF8)	nucleus
SORBI_3003G367300	Actin	""	CTL	CC	PA	1	1.358718e-09	0.575245	2.35	3	yes	1	3	68353737	ACTIN-7 (PTHR11937:SF408)	nucleus
SORBI_3003G367900	U6 snRNA-associated Sm-like protein LSm3	""	CTL	CC	PA	1	1.358718e-09	0.77967	2.35	3	yes	1	3	68376151	LSM3 HOMOLOG, U6 SMALL NUCLEAR RNA AND MRNA DEGRADATION ASSOCIATED (PTHR13110:SF0)	nucleus
SORBI_3005G187000	Cyclin-dependent kinase inhibitor domain-containing protein	metabolic enzyme	CTL	CC	PA	1	5.546107e-09	0.892314	2.35	3	yes	1	5	67191159	CYCLIN-DEPENDENT KINASE INHIBITOR 3 (PTHR46776:SF28)	nucleus
SORBI_3001G528350	Uncharacterized protein	""	LIN	MF	PC	1	2.05283e-09	0.460829	2.33	6	yes	1	1	79250132	""	single-stranded DNA binding
SORBI_3003G383100	Protein kinase domain-containing protein	metabolic enzyme	LIN	BP;MF	FA;PC	2	1.296771e-11	0.9085	2.29	63	yes	4	3	69632952	MITOGEN-ACTIVATED PROTEIN KINASE KINASE 5 (PTHR47238:SF4)	ATP binding | nucleotide binding | protein kinase activity | signal transduction
SORBI_3004G044700	Protein kinase domain-containing protein	transport	LIN	BP;CC;MF	FA;PC;TG	5	1.598385e-11	1	2.29	63	yes	6	4	3679891	OS02G0154975 PROTEIN (PTHR27000:SF756)	ATP binding | nucleotide binding | plasma membrane | protein kinase activity | protein serine/threonine kinase activity | signal transduction
SORBI_3004G044800	Protein kinase domain-containing protein	metabolic enzyme	LIN	BP;CC;MF	FA;PC;TG	5	1.598385e-11	1	2.29	63	yes	6	4	3688626	OS02G0154200 PROTEIN (PTHR48005:SF81)	ATP binding | nucleotide binding | plasma membrane | protein kinase activity | protein serine/threonine kinase activity | signal transduction
SORBI_3004G045000	Leucine-rich repeat-containing N-terminal plant-type domain-containing protein	transport	LIN	BP;CC	FA;PC;TG	5	1.598385e-11	0.847346	2.29	39	yes	2	4	3699722	OS02G0154975 PROTEIN (PTHR27000:SF756)	plasma membrane | signal transduction
SORBI_3004G045100	Leucine-rich repeat-containing N-terminal plant-type domain-containing protein	transport	LIN	BP;CC	FA;PC;TG	5	1.598385e-11	0.883678	2.29	39	yes	2	4	3705318	LEUCINE-RICH REPEAT-CONTAINING N-TERMINAL PLANT-TYPE DOMAIN-CONTAINING PROTEIN (PTHR27000:SF752)	plasma membrane | signal transduction
SORBI_3004G045200	Leucine-rich repeat-containing N-terminal plant-type domain-containing protein	transport	LIN	BP;CC	FA	1	1.598385e-11	0.411592	2.29	21	yes	2	4	3716333	RECEPTOR-LIKE PROTEIN 2-RELATED (PTHR48062:SF4)	plasma membrane | signal transduction
SORBI_3004G045500	Leucine-rich repeat-containing N-terminal plant-type domain-containing protein	transport	LIN	BP;CC	FA;PC;TG	5	1.598385e-11	0.788197	2.29	39	yes	2	4	3737944	LEUCINE-RICH REPEAT-CONTAINING N-TERMINAL PLANT-TYPE DOMAIN-CONTAINING PROTEIN (PTHR27000:SF708)	plasma membrane | signal transduction
SORBI_3004G045700	Leucine-rich repeat-containing N-terminal plant-type domain-containing protein	transport	LIN	BP;CC	FA;PC;TG	5	1.598385e-11	0.852616	2.29	39	yes	2	4	3749722	LEUCINE-RICH REPEAT-CONTAINING N-TERMINAL PLANT-TYPE DOMAIN-CONTAINING PROTEIN (PTHR27000:SF708)	plasma membrane | signal transduction
SORBI_3010G147250	poly(A)-specific ribonuclease	""	LIN	CC;MF	SQDG	3	7.295295e-13	0.911484	2.21	23	yes	3	10	42208651	POLY(A)-SPECIFIC RIBONUCLEASE (PTHR10797:SF78)	cytoplasm | nucleic acid binding | nucleus
SORBI_3010G147300	Poly(A)-specific ribonuclease	""	LIN	MF	SQDG	3	7.295295e-13	1	2.21	20	yes	1	10	42217039	""	nucleic acid binding
SORBI_3010G147350	poly(A)-specific ribonuclease	""	LIN	CC;MF	SQDG	3	7.295295e-13	0.957306	2.21	23	yes	3	10	42220358	""	cytoplasm | nucleic acid binding | nucleus
SORBI_3010G153300	ATP-dependent RNA helicase	""	LIN	MF	SQDG	2	2.932491e-11	0.522888	2.21	21	yes	2	10	44566748	DEAD-BOX ATP-DEPENDENT RNA HELICASE 31 (PTHR24031:SF715)	ATP binding | nucleic acid binding
SORBI_3010G145800	K Homology domain-containing protein	repeat-associated domain	LIN	MF	SQDG	1	1.610997e-10	1	2.21	20	yes	1	10	41279629	RNA-BINDING KH DOMAIN-CONTAINING PROTEIN RCF3 (PTHR10288:SF134)	nucleic acid binding
SORBI_3002G265001	HORMA domain-containing protein	repeat-associated domain	LIN	CC	FA	1	1.214883e-09	0.593135	2.21	38	yes	2	2	64938035	MEIOSIS-SPECIFIC PROTEIN HOP1 (PTHR48225:SF7)	chromosome | nucleus
SORBI_3003G033400	3'-5' exonuclease domain-containing protein	repeat-associated domain	LIN	CC;MF	SQDG	1	5.25602e-09	0.544763	2.21	23	yes	2	3	3062354	3'-5' EXONUCLEASE DOMAIN-CONTAINING PROTEIN (PTHR13620:SF120)	nucleic acid binding | nucleus
SORBI_3002G042400	FAD-binding PCMH-type domain-containing protein	repeat-associated domain	CTL	MF	TG	10	7.587135e-12	0.62727	2.19	5	yes	1	2	4039751	D-LACTATE DEHYDROGENASE, MITOCHONDRIAL-RELATED (PTHR11748:SF111)	flavin adenine dinucleotide binding
SORBI_3004G103901	Berberine_berberine-like domain-containing protein	repeat-associated domain	CTL	MF	TG	1	8.011247e-10	0.670027	2.19	5	yes	1	4	9799468	OS02G0235900 PROTEIN (PTHR32448:SF165)	flavin adenine dinucleotide binding
SORBI_3004G104200	Berberine_berberine-like domain-containing protein	repeat-associated domain	CTL	MF	TG	1	8.011247e-10	0.927541	2.19	5	yes	1	4	9811251	OS02G0235900 PROTEIN (PTHR32448:SF165)	flavin adenine dinucleotide binding
SORBI_3004G104400	FAD-binding PCMH-type domain-containing protein	repeat-associated domain	CTL	MF	TG	1	8.011247e-10	0.936674	2.19	5	yes	1	4	9835636	OS02G0235900 PROTEIN (PTHR32448:SF165)	flavin adenine dinucleotide binding
SORBI_3008G064100	Flavin-containing monooxygenase	""	CTL	MF	TG	2	9.43796e-10	0.667963	2.19	5	yes	1	8	7000358	INDOLE-3-PYRUVATE MONOOXYGENASE YUCCA11-RELATED (PTHR43539:SF9)	flavin adenine dinucleotide binding
SORBI_3006G038500	DUS-like FMN-binding domain-containing protein	metabolic enzyme	CTL	MF	TG	2	4.214063e-09	0.963325	2.19	5	yes	1	6	16159612	FMN-LINKED OXIDOREDUCTASES SUPERFAMILY PROTEIN (PTHR42907:SF1)	flavin adenine dinucleotide binding
SORBI_3001G023200	Electron transfer flavoprotein subunit alpha	metabolic enzyme	CTL	MF	TG	1	5.0281e-09	0.557802	2.19	5	yes	1	1	1857418	ELECTRON TRANSFER FLAVOPROTEIN SUBUNIT ALPHA, MITOCHONDRIAL (PTHR43153:SF1)	flavin adenine dinucleotide binding
SORBI_3010G141500	Ubiquitin-like protease family profile domain-containing protein	repeat-associated domain	LIN	BP	SQDG	1	1.479959e-10	1	2.16	9	yes	1	10	35248927	UBIQUITIN-LIKE PROTEASE 4 (PTHR46915:SF2)	proteolysis
SORBI_3010G141800	Ubiquitin-like protease family profile domain-containing protein	repeat-associated domain	LIN	BP	SQDG	1	2.042273e-10	0.975571	2.16	9	yes	1	10	35392576	""	proteolysis
SORBI_3010G131700	PDZ domain-containing protein	repeat-associated domain	LIN	BP	SQDG	1	6.700401e-10	0.773064	2.16	9	yes	1	10	18098327	CARBOXYL-TERMINAL-PROCESSING PEPTIDASE 3, CHLOROPLASTIC (PTHR32060:SF22)	proteolysis
SORBI_3010G138800	Uncharacterized protein	transport	LIN	CC	SQDG	1	4.187232e-12	0.97155	2.11	31	yes	2	10	23209632	PHOSPHATE TRANSPORTER PHO1 HOMOLOG 1 (PTHR10783:SF35)	endomembrane system | membrane
SORBI_3010G153700	Ion transport domain-containing protein	transport	LIN	BP;CC	SQDG;TG	3	2.932491e-11	0.586735	2.11	71	yes	3	10	44648956	OS06G0527100 PROTEIN (PTHR45651:SF61)	endomembrane system | membrane | transmembrane transport
SORBI_3010G144900	Fiber protein Fb34	""	LIN	CC	SQDG	1	1.560662e-10	0.967369	2.11	7	yes	1	10	40200841	EXPRESSED PROTEIN (PTHR31769:SF5)	endomembrane system
SORBI_3010G146100	Uncharacterized protein	""	CTL;LIN	BP;CC	SQDG;TG	2	1.610997e-10	0.970948	2.11	49	yes	4	10	41392271	AQUAPORIN-8 (PTHR45665:SF9)	cytoplasm | endomembrane system | membrane | transmembrane transport
SORBI_3008G103132	CCHC-type domain-containing protein	repeat-associated domain	CTL	CC	PC	2	1.98562e-10	0.801796	2.11	4	yes	1	8	48942938	OS11G0296500 PROTEIN (PTHR23002:SF89)	cytoplasm
SORBI_3010G132300	CDK5RAP3-like protein	""	LIN	CC	SQDG	3	2.957355e-10	0.823069	2.11	7	yes	1	10	18282411	CDK5 REGULATORY SUBUNIT-ASSOCIATED PROTEIN 3 (PTHR14894:SF0)	endomembrane system
SORBI_3010G163600	Uncharacterized protein	""	LIN	CC	SQDG	1	3.391947e-09	0.524745	2.11	7	yes	1	10	48194404	RAS-RELATED PROTEIN RABA1D (PTHR24073:SF1066)	endomembrane system
SORBI_3007G110500	Uncharacterized protein	""	CTL	BP;CC;MF	TG	8	1.182775e-11	0.89362	2.1	11	yes	4	7	40048100	60S RIBOSOMAL PROTEIN L44 (PTHR10369:SF47)	cytosolic large ribosomal subunit | ribosome | structural constituent of ribosome | translation
SORBI_3003G205400	Uncharacterized protein	""	CTL	BP;CC;MF	TG	2	3.521525e-10	0.540687	2.1	11	yes	4	3	53562233	RIBOSOMAL PROTEIN L25_GLN-TRNA SYNTHETASE, ANTI-CODON-BINDING DOMAIN-CONTAINING PROTEIN (PTHR33284:SF1)	cytosolic large ribosomal subunit | ribosome | structural constituent of ribosome | translation
SORBI_3009G237200	60S ribosomal protein L13	""	CTL	BP;CC;MF	TG	1	6.965395e-10	0.440803	2.1	11	yes	4	9	57549825	LARGE RIBOSOMAL SUBUNIT PROTEIN EL13 (PTHR11722:SF0)	cytosolic large ribosomal subunit | ribosome | structural constituent of ribosome | translation
SORBI_3009G050300	Large ribosomal subunit protein uL15_eL18 domain-containing protein	repeat-associated domain	CTL	BP;CC;MF	TG	1	6.848356e-09	0.587329	2.1	11	yes	4	9	5013937	OS05G0155100 PROTEIN (PTHR10934:SF5)	cytosolic large ribosomal subunit | ribosome | structural constituent of ribosome | translation
SORBI_3002G085400	Uncharacterized protein	metabolic enzyme	LIN	MF	TG	2	4.251319e-15	0.691037	2.04	6	yes	1	2	9076789	UDP-GLYCOSYLTRANSFERASE 76C1 (PTHR11926:SF950)	UDP-glycosyltransferase activity
SORBI_3002G085700	Glycosyltransferase	metabolic enzyme	LIN	MF	TG	2	4.251319e-15	1	2.04	6	yes	1	2	9099466	UDP-GLYCOSYLTRANSFERASE 76C1 (PTHR11926:SF968)	UDP-glycosyltransferase activity
SORBI_3001G030500	Uncharacterized protein	metabolic enzyme	LIN	MF	TG	4	9.303456e-14	0.799808	2.04	6	yes	1	1	2360333	DIMBOA UDP-GLUCOSYLTRANSFERASE BX8 (PTHR11926:SF1400)	UDP-glycosyltransferase activity
SORBI_3001G030600	Glycosyltransferase	metabolic enzyme	LIN	MF	TG	4	9.303456e-14	0.763567	2.04	6	yes	1	1	2365663	DIMBOA UDP-GLUCOSYLTRANSFERASE BX8 (PTHR11926:SF1400)	UDP-glycosyltransferase activity
SORBI_3004G089000	Glycosyltransferase family 28 N-terminal domain-containing protein	metabolic enzyme	LIN	MF	TG	1	7.060457e-13	0.485186	2.04	6	yes	1	4	7551965	GLYCOSYLTRANSFERASE (PTHR48050:SF11)	UDP-glycosyltransferase activity
SORBI_3008G095200	Uncharacterized protein	""	CTL	BP;CC	PC;TG	9	1.890035e-11	1	2.04	50	yes	2	8	44955559	OS12G0479100 PROTEIN (PTHR47290:SF5)	nucleus | regulation of DNA-templated transcription
SORBI_3003G252200	Homeobox-DDT domain protein RLT1	""	CTL	BP	PC	1	6.551256e-11	0.894737	2.04	4	yes	1	3	59054607	HOMEOBOX-DDT DOMAIN PROTEIN RLT1 (PTHR36968:SF15)	regulation of DNA-templated transcription
SORBI_3002G311300	Glycosyltransferase	metabolic enzyme	LIN	CC;MF	TG	1	2.520227e-09	0.835077	2.04	55	yes	2	2	68511867	OS07G0502900 PROTEIN (PTHR48048:SF42)	UDP-glycosyltransferase activity | nucleus
SORBI_3002G311400	Glycosyltransferase	metabolic enzyme	LIN	CC;MF	TG	1	2.520227e-09	0.464902	2.04	55	yes	2	2	68522933	GLYCOSYLTRANSFERASE (PTHR48048:SF49)	UDP-glycosyltransferase activity | nucleus
SORBI_3008G149000	Glycosyltransferase	metabolic enzyme	LIN	MF	TG	1	6.189135e-09	0.529651	2.04	6	yes	1	8	58232301	GLYCOSYLTRANSFERASE (PTHR48048:SF23)	UDP-glycosyltransferase activity
SORBI_3004G191000	Glycosyltransferase	metabolic enzyme	LIN	MF	TG	1	7.171916e-09	0.441329	2.04	6	yes	1	4	54299577	GLYCOSYLTRANSFERASE (PTHR11926:SF1071)	UDP-glycosyltransferase activity
SORBI_3004G191100	Glycosyltransferase	metabolic enzyme	LIN	MF	TG	1	7.171916e-09	0.430229	2.04	6	yes	1	4	54302933	GLYCOSYLTRANSFERASE (PTHR11926:SF324)	UDP-glycosyltransferase activity
SORBI_3009G140700	PHD finger protein ALFIN-LIKE	""	CTL	BP	PC	2	7.46706e-09	0.625105	2.04	4	yes	1	9	49800339	PHD FINGER PROTEIN ALFIN-LIKE 5 (PTHR12321:SF165)	regulation of DNA-templated transcription
SORBI_3008G081200	Major facilitator superfamily (MFS) profile domain-containing protein	transport	CTL;LIN	BP;CC;MF	TG	7	4.496153e-33	0.945672	2.03	71	yes	3	8	14313689	OS12G0231000 PROTEIN (PTHR11654:SF21)	membrane | transmembrane transport | transmembrane transporter activity
SORBI_3008G081400	Major facilitator superfamily (MFS) profile domain-containing protein	transport	CTL;LIN	BP;CC;MF	FA;TG	7	4.496153e-33	0.95935	2.03	71	yes	3	8	14480361	MAJOR FACILITATOR SUPERFAMILY (MFS) PROFILE DOMAIN-CONTAINING PROTEIN (PTHR11654:SF377)	membrane | transmembrane transport | transmembrane transporter activity
SORBI_3008G081500	Uncharacterized protein	transport	LIN	BP;CC;MF	FA;TG	3	4.496153e-33	0.949922	2.03	71	yes	3	8	14583578	MAJOR FACILITATOR SUPERFAMILY (MFS) PROFILE DOMAIN-CONTAINING PROTEIN (PTHR11654:SF377)	membrane | transmembrane transport | transmembrane transporter activity
SORBI_3008G105500	Ureide permease 4	""	CTL;LIN	BP;CC;MF	PC;TG	10	4.627337e-14	0.931588	2.03	97	yes	3	8	49760626	OS12G0503000 PROTEIN (PTHR31081:SF3)	membrane | transmembrane transport | transmembrane transporter activity
SORBI_3004G260500	Uncharacterized protein	transport	LIN	BP;CC;MF	TG	1	1.243758e-12	0.49397	2.03	71	yes	3	4	60573602	PROTEIN NRT1_ PTR FAMILY 7.1 (PTHR11654:SF331)	membrane | transmembrane transport | transmembrane transporter activity
SORBI_3004G311000	WAT1-related protein	""	LIN	BP;CC;MF	FA;PC;TG	3	7.949792e-12	0.818857	2.03	97	yes	3	4	64749515	WAT1-RELATED PROTEIN (PTHR31218:SF21)	membrane | transmembrane transport | transmembrane transporter activity
SORBI_3009G084400	Major facilitator superfamily (MFS) profile domain-containing protein	transport	LIN	BP;CC;MF	PC;TG	2	5.217834e-11	0.928933	2.03	97	yes	3	9	13444431	POLYOL TRANSPORTER 5-LIKE (PTHR23500:SF519)	membrane | transmembrane transport | transmembrane transporter activity
SORBI_3001G223100	Uncharacterized protein	transport	CTL;LIN	BP;CC;MF	TG	10	7.079967e-11	0.869718	2.03	71	yes	3	1	21333976	PROTEIN NRT1_ PTR FAMILY 5.2-RELATED (PTHR11654:SF453)	membrane | transmembrane transport | transmembrane transporter activity
SORBI_3010G175900	Uncharacterized protein	transport	LIN	BP;CC;MF	TG	2	4.29235e-10	0.783378	2.03	71	yes	3	10	51332954	PROTEIN NRT1_ PTR FAMILY 4.6 (PTHR11654:SF98)	membrane | transmembrane transport | transmembrane transporter activity
SORBI_3002G116100	H(+)_Pi cotransporter	transport	LIN	BP;CC;MF	PC;TG	5	1.146277e-09	0.863936	2.03	97	yes	3	2	14357795	H(+)_PI COTRANSPORTER (PTHR24064:SF520)	membrane | transmembrane transport | transmembrane transporter activity
SORBI_3008G015800	Major facilitator superfamily (MFS) profile domain-containing protein	transport	LIN	BP;CC;MF	TG	3	1.605798e-09	0.667183	2.03	71	yes	3	8	1301968	MAJOR FACILITATOR SUPERFAMILY (MFS) PROFILE DOMAIN-CONTAINING PROTEIN (PTHR23504:SF97)	membrane | transmembrane transport | transmembrane transporter activity
SORBI_3010G133100	Uncharacterized protein	transport	LIN	BP;CC;MF	TG	1	2.118821e-09	0.861607	2.03	71	yes	3	10	18669805	MAJOR FACILITATOR SUPERFAMILY (MFS) PROFILE DOMAIN-CONTAINING PROTEIN (PTHR11654:SF359)	membrane | transmembrane transport | transmembrane transporter activity
SORBI_3003G185100	Uncharacterized protein	transport	LIN	BP;CC;MF	TG	1	2.224595e-09	0.918746	2.03	71	yes	3	3	49714573	PROTEIN NRT1_ PTR FAMILY 6.2 (PTHR11654:SF85)	membrane | transmembrane transport | transmembrane transporter activity
SORBI_3008G015700	Major facilitator superfamily (MFS) profile domain-containing protein	transport	LIN	BP;CC;MF	TG	1	4.124528e-09	0.667957	2.03	71	yes	3	8	1293471	MAJOR FACILITATOR SUPERFAMILY (MFS) PROFILE DOMAIN-CONTAINING PROTEIN (PTHR23504:SF15)	membrane | transmembrane transport | transmembrane transporter activity
SORBI_3008G016000	Major facilitator superfamily (MFS) profile domain-containing protein	transport	LIN	BP;CC;MF	TG	1	4.124528e-09	0.457229	2.03	71	yes	3	8	1325600	OS12G0133000 PROTEIN (PTHR23504:SF28)	membrane | transmembrane transport | transmembrane transporter activity
SORBI_3001G133900	Protein NRT1_ PTR FAMILY 2.9	transport	LIN	BP;CC;MF	TG	1	7.635278e-09	0.536231	2.03	71	yes	3	1	10565545	OS03G0687000 PROTEIN (PTHR11654:SF589)	membrane | transmembrane transport | transmembrane transporter activity
SORBI_3008G081900	Clp R domain-containing protein	repeat-associated domain	LIN	BP;MF	FA;TG	3	4.496153e-33	0.956218	1.99	45	yes	3	8	14626347	CHAPERONE PROTEIN CLPC1, CHLOROPLASTIC (PTHR43572:SF8)	ATP binding | ATP hydrolysis activity | protein folding
SORBI_3002G116200	Adenylate kinase isoenzyme 6 homolog	metabolic enzyme	LIN	CC;MF	PC;TG	6	3.761098e-13	0.760081	1.99	86	yes	4	2	14367424	ADENYLATE KINASE ISOENZYME 6 (PTHR12595:SF0)	ATP binding | ATP hydrolysis activity | cytoplasm | nucleus
SORBI_3004G047200	T-complex protein 1 subunit eta	""	LIN	BP;CC;MF	FA;PC;TG	5	1.598385e-11	0.751857	1.99	63	yes	4	4	3839237	T-COMPLEX PROTEIN 1 SUBUNIT ETA (PTHR11353:SF22)	ATP binding | ATP hydrolysis activity | cytoplasm | protein folding
SORBI_3004G183800	Clp ATPase C-terminal domain-containing protein	repeat-associated domain	LIN	BP;MF	PC;TG	4	2.053025e-10	1	1.99	63	yes	3	4	53724904	ATP-DEPENDENT CLP PROTEASE ATP-BINDING SUBUNIT CLPX-LIKE, MITOCHONDRIAL (PTHR48102:SF7)	ATP binding | ATP hydrolysis activity | protein folding
SORBI_3001G129000	Uncharacterized protein	""	LIN	BP;MF	PC;TG	2	2.340595e-10	0.923049	1.99	63	yes	3	1	10143995	HEAT SHOCK 70 KDA PROTEIN 6 CHLOROPLASTIC (PTHR19375:SF550)	ATP binding | ATP hydrolysis activity | protein folding
SORBI_3008G088200	Uncharacterized protein	""	LIN	BP;MF	TG	2	3.118262e-10	0.924034	1.99	45	yes	3	8	18774401	70 KDA HEAT SHOCK PROTEIN (PTHR19375:SF555)	ATP binding | ATP hydrolysis activity | protein folding
SORBI_3001G009600	AAA+ ATPase domain-containing protein	repeat-associated domain	LIN	MF	TG	2	2.587156e-09	0.471586	1.99	45	yes	2	1	874380	AFG1-LIKE ATPASE (PTHR12169:SF6)	ATP binding | ATP hydrolysis activity
SORBI_3008G123000	Kinesin motor domain-containing protein	repeat-associated domain	LIN	MF	TG	2	5.560818e-09	0.559122	1.99	45	yes	3	8	54576937	KINESIN-LIKE PROTEIN KIN-14Q (PTHR47972:SF31)	ATP binding | ATP hydrolysis activity | nucleotide binding
SORBI_3002G041533	Alpha_beta hydrolase fold-3 domain-containing protein	metabolic enzyme	CTL	MF	TG	10	7.587135e-12	0.971342	1.98	8	yes	1	2	3989032	OS07G0162400 PROTEIN (PTHR23024:SF442)	hydrolase activity
SORBI_3002G041800	Alpha_beta hydrolase fold-3 domain-containing protein	metabolic enzyme	CTL	MF	TG	10	7.587135e-12	0.758622	1.98	8	yes	1	2	4000333	ALPHA_BETA HYDROLASE FOLD-3 DOMAIN-CONTAINING PROTEIN (PTHR23024:SF657)	hydrolase activity
SORBI_3002G042000	Alpha_beta hydrolase fold-3 domain-containing protein	metabolic enzyme	CTL	MF	TG	10	7.587135e-12	0.473575	1.98	8	yes	1	2	4013936	ALPHA_BETA HYDROLASE FOLD-3 DOMAIN-CONTAINING PROTEIN (PTHR23024:SF613)	hydrolase activity
SORBI_3002G042300	Alpha_beta hydrolase fold-3 domain-containing protein	metabolic enzyme	CTL	MF	TG	10	7.587135e-12	0.646002	1.98	8	yes	1	2	4036817	OS07G0162900 PROTEIN (PTHR23024:SF535)	hydrolase activity
SORBI_3007G090415	Dienelactone hydrolase domain-containing protein	metabolic enzyme	CTL	MF	TG	9	1.861479e-10	0.97036	1.98	8	yes	1	7	13181480	DIENELACTONE HYDROLASE DOMAIN-CONTAINING PROTEIN (PTHR17630:SF85)	hydrolase activity
SORBI_3007G090424	Dienelactone hydrolase domain-containing protein	metabolic enzyme	CTL	MF	TG	9	1.861479e-10	0.97036	1.98	8	yes	1	7	13353016	DIENELACTONE HYDROLASE DOMAIN-CONTAINING PROTEIN (PTHR17630:SF85)	hydrolase activity
SORBI_3002G091500	AB hydrolase-1 domain-containing protein	metabolic enzyme	CTL	MF	TG	1	4.402201e-10	0.662394	1.98	8	yes	1	2	9530774	AB HYDROLASE-1 DOMAIN-CONTAINING PROTEIN (PTHR43329:SF86)	hydrolase activity
SORBI_3003G358300	ubiquitinyl hydrolase 1	metabolic enzyme	CTL	CC;MF	TG	3	3.343409e-09	0.913651	1.98	50	yes	2	3	67610990	ATAXIN-3-RELATED (PTHR14159:SF0)	hydrolase activity | nucleus
SORBI_3006G044200	GH18 domain-containing protein	repeat-associated domain	CTL	CC;MF	TG	3	3.352457e-09	0.82307	1.98	12	yes	2	6	30800599	OS04G0376400 PROTEIN (PTHR11177:SF180)	extracellular region | hydrolase activity
SORBI_3004G007600	Glycosyltransferase	metabolic enzyme	LIN	CC	FA	16	2.605726e-21	0.982706	1.97	7	yes	1	4	678310	BETA-1,2-XYLOSYLTRANSFEREASE XAX1 (PTHR20961:SF27)	Golgi membrane
SORBI_3004G004300	Protein transport protein sec16	""	LIN	CC	FA	3	4.010049e-16	0.478261	1.97	7	yes	1	4	373002	SECRETORY 16, ISOFORM I (PTHR13402:SF6)	Golgi membrane
SORBI_3003G389800	Uncharacterized protein	transport	LIN	CC	FA;PC	3	1.905507e-12	0.807928	1.97	97	yes	2	3	70105217	CMP-SIALIC ACID TRANSPORTER 3 (PTHR10231:SF86)	Golgi membrane | membrane
SORBI_3001G406700	Trichome birefringence-like N-terminal domain-containing protein	repeat-associated domain	LIN	CC	FA	3	1.716327e-11	0.523415	1.97	7	yes	1	1	69087156	XYLAN O-ACETYLTRANSFERASE 6 (PTHR32285:SF276)	Golgi membrane
SORBI_3002G187100	Trichome birefringence-like N-terminal domain-containing protein	repeat-associated domain	LIN	CC	FA	2	5.881396e-11	1	1.97	7	yes	1	2	57146102	XYLOGLUCAN O-ACETYLTRANSFERASE 1 (PTHR32285:SF57)	Golgi membrane
SORBI_3002G187200	Trichome birefringence-like N-terminal domain-containing protein	repeat-associated domain	LIN	CC	FA	2	5.881396e-11	1	1.97	7	yes	1	2	57151371	PROTEIN ALTERED XYLOGLUCAN 4 (PTHR32285:SF256)	Golgi membrane
SORBI_3001G039700	Transcription elongation factor	""	LIN	BP;CC;MF	FA;PC	2	2.359303e-13	0.554205	1.96	86	yes	3	1	2956198	IP08861P-RELATED (PTHR11477:SF0)	DNA-templated transcription | nucleic acid binding | nucleus
SORBI_3003G328700	RNA polymerase subunit H_Rpb5 C-terminal domain-containing protein	repeat-associated domain	LIN	BP;MF	PC	1	7.437492e-12	1	1.96	43	yes	2	3	65405997	OS01G0805800 PROTEIN (PTHR10535:SF16)	DNA binding | DNA-templated transcription
SORBI_3004G043750	DNA-directed RNA polymerase subunit	""	LIN	BP;MF	PC;TG	3	1.598385e-11	0.679132	1.96	43	yes	2	4	3604376	DNA-DIRECTED RNA POLYMERASE V SUBUNIT 1 (PTHR19376:SF51)	DNA binding | DNA-templated transcription
SORBI_3001G041200	Peptidyl-prolyl cis-trans isomerase	metabolic enzyme	LIN	BP	TG	3	1.127564e-09	0.470769	1.96	9	yes	1	1	3057449	PEPTIDYL-PROLYL CIS-TRANS ISOMERASE D-RELATED (PTHR11071:SF561)	protein folding
SORBI_3005G043000	Clp R domain-containing protein	repeat-associated domain	LIN	BP	TG	1	1.207803e-09	1	1.96	9	yes	1	5	4061603	PROTEIN SMAX1-LIKE 3 (PTHR43572:SF59)	protein folding
SORBI_3003G185200	J domain-containing protein	repeat-associated domain	LIN	BP	TG	1	2.77557e-09	0.921204	1.96	9	yes	1	3	49770403	AT29763P-RELATED (PTHR43908:SF3)	protein folding
SORBI_3003G145400	DOG1 domain-containing protein	repeat-associated domain	LIN	BP	PC	1	3.39513e-09	0.446069	1.96	8	yes	1	3	14961927	OS01G0306400 PROTEIN (PTHR46354:SF25)	DNA-templated transcription
SORBI_3010G073700	Uncharacterized protein	""	LIN	BP;MF	TG	1	4.827525e-09	0.449436	1.96	45	yes	2	10	6027532	20 KDA CHAPERONIN, CHLOROPLASTIC (PTHR10772:SF63)	ATP binding | protein folding
SORBI_3004G253300	BHLH domain-containing protein	repeat-associated domain	LIN	BP	PC	1	6.007613e-09	0.526408	1.96	38	yes	2	4	59910655	OS02G0726700 PROTEIN (PTHR46412:SF4)	DNA-templated transcription | regulation of DNA-templated transcription
SORBI_3004G078800	BZIP domain-containing protein	repeat-associated domain	LIN	BP;CC	PC	1	6.111371e-09	0.858557	1.96	86	yes	3	4	6496341	DOG1 DOMAIN-CONTAINING PROTEIN (PTHR45693:SF22)	DNA-templated transcription | nucleus | regulation of DNA-templated transcription
SORBI_3003G045000	Serine_threonine protein phosphatase 2A regulatory subunit	""	LIN	BP	PC	1	4.014916e-11	0.788721	1.94	8	yes	1	3	4128791	SERINE_THREONINE PROTEIN PHOSPHATASE 2A 59 KDA REGULATORY SUBUNIT B' ZETA ISOFORM (PTHR10257:SF119)	signal transduction
SORBI_3007G091400	Diacylglycerol kinase	metabolic enzyme	LIN	BP;CC;MF	PC	1	9.705434e-11	0.82198	1.94	97	yes	3	7	15207794	DIACYLGLYCEROL KINASE (PTHR11255:SF102)	ATP binding | membrane | signal transduction
SORBI_3001G002000	Protein kinase domain-containing protein	metabolic enzyme	LIN	BP;MF	PC	1	4.327952e-09	0.458298	1.94	63	yes	4	1	162161	AT08303P (PTHR23257:SF963)	ATP binding | nucleotide binding | protein kinase activity | signal transduction
SORBI_3002G113600	Rho-GAP domain-containing protein	repeat-associated domain	LIN	BP	PC	1	6.833119e-09	0.553243	1.94	8	yes	1	2	13834275	OS07G0408500 PROTEIN (PTHR23177:SF56)	signal transduction
SORBI_3009G173100	non-specific serine_threonine protein kinase	metabolic enzyme	LIN	BP;MF	PC	1	7.971762e-09	0.980131	1.94	63	yes	5	9	52805844	CBL-INTERACTING PROTEIN KINASE 28 (PTHR43895:SF21)	ATP binding | nucleotide binding | protein kinase activity | protein serine/threonine kinase activity | signal transduction
SORBI_3010G213400	Protein transport protein Sec61 subunit gamma	transport	LIN	CC	FA	2	5.788243e-15	0.401825	1.92	43	yes	2	10	55632324	PROTEIN TRANSPORT PROTEIN SEC61 SUBUNIT GAMMA (PTHR12309:SF25)	endoplasmic reticulum membrane | membrane
SORBI_3001G169100	Major facilitator superfamily (MFS) profile domain-containing protein	transport	LIN	BP;CC;MF	FA;PC	3	2.978268e-14	0.863158	1.92	39	yes	3	1	14072526	ANION TRANSPORTER 5-RELATED (PTHR11662:SF282)	endomembrane system | transmembrane transport | transmembrane transporter activity
SORBI_3008G132800	Uncharacterized protein	""	CTL	BP;CC;MF	TG	10	6.204077e-14	0.687894	1.92	49	yes	6	8	55943024	ER MEMBRANE PROTEIN COMPLEX SUBUNIT 5 (PTHR21181:SF7)	cytoplasm | endomembrane system | endoplasmic reticulum membrane | plasma membrane | transmembrane transport | transmembrane transporter activity
SORBI_3001G357650	Helicase ATP-binding domain-containing protein	repeat-associated domain	CTL	BP;CC;MF	TG	9	1.182781e-12	0.539569	1.92	18	yes	3	1	64735979	""	plasma membrane | transmembrane transport | transmembrane transporter activity
SORBI_3004G061900	SUN domain-containing protein	repeat-associated domain	LIN	CC	FA	2	1.270875e-11	0.926343	1.92	10	yes	1	4	4988593	KLAROID PROTEIN-RELATED (PTHR12911:SF8)	endoplasmic reticulum membrane
SORBI_3001G223200	Major facilitator superfamily (MFS) profile domain-containing protein	transport	CTL	BP;CC;MF	TG	10	7.079967e-11	0.936153	1.92	44	yes	3	1	21379629	OS10G0469900 PROTEIN (PTHR11654:SF115)	membrane | transmembrane transport | transmembrane transporter activity
SORBI_3010G216400	Transmembrane protein 230	transport	LIN	CC	FA	1	1.104178e-10	0.504135	1.92	43	yes	2	10	55963248	TRANSMEMBRANE PROTEIN 230 (PTHR15664:SF11)	endomembrane system | membrane
SORBI_3007G180450	Peptidase S54 rhomboid domain-containing protein	metabolic enzyme	LIN	CC	FA;PC	3	1.545149e-10	1	1.92	97	yes	3	7	61388082	OS06G0509600 PROTEIN (PTHR31375:SF124)	cytoplasm | endomembrane system | membrane
SORBI_3006G277100	WAT1-related protein	""	CTL	BP;CC;MF	TG	7	2.544716e-10	0.518128	1.92	44	yes	3	6	60797371	WAT1-RELATED PROTEIN (PTHR31218:SF412)	membrane | transmembrane transport | transmembrane transporter activity
SORBI_3002G322800	WAT1-related protein	""	CTL	BP;CC;MF	TG	1	2.838561e-10	0.846726	1.92	44	yes	3	2	69400274	WAT1-RELATED PROTEIN (PTHR31218:SF37)	membrane | transmembrane transport | transmembrane transporter activity
SORBI_3009G235900	Major facilitator superfamily (MFS) profile domain-containing protein	repeat-associated domain	CTL	BP;CC;MF	TG	1	1.01332e-09	0.612542	1.92	44	yes	3	9	57473771	GH07001P-RELATED (PTHR48021:SF1)	membrane | transmembrane transport | transmembrane transporter activity
SORBI_3006G130700	Major facilitator superfamily (MFS) profile domain-containing protein	transport	CTL	BP;CC;MF	TG	3	1.681835e-09	1	1.92	44	yes	3	6	49487848	OS04G0491350 PROTEIN (PTHR11654:SF109)	membrane | transmembrane transport | transmembrane transporter activity
SORBI_3003G343600	E3 ubiquitin-protein ligase RMA	metabolic enzyme	LIN	CC	FA	1	2.243761e-09	0.447584	1.92	30	yes	3	3	66537213	E3 UBIQUITIN-PROTEIN LIGASE RMA (PTHR12313:SF94)	cytoplasm | endomembrane system | endoplasmic reticulum membrane
SORBI_3009G099000	Uncharacterized protein	transport	CTL	BP;CC;MF	TG	2	2.519973e-09	0.887618	1.92	44	yes	3	9	38258489	MAJOR FACILITATOR SUPERFAMILY (MFS) PROFILE DOMAIN-CONTAINING PROTEIN (PTHR11654:SF598)	membrane | transmembrane transport | transmembrane transporter activity
SORBI_3002G245300	Tonoplast dicarboxylate transporter	transport	CTL	BP;CC;MF	TG	1	3.681911e-09	0.535902	1.92	44	yes	4	2	63378457	TONOPLAST DICARBOXYLATE TRANSPORTER (PTHR10283:SF129)	membrane | plasma membrane | transmembrane transport | transmembrane transporter activity
SORBI_3003G422800	Amino acid permease	""	CTL	BP;CC;MF	TG	1	5.274155e-09	0.915349	1.92	44	yes	3	3	72756695	AMINO-ACID PERMEASE BAT1 (PTHR45649:SF36)	membrane | transmembrane transport | transmembrane transporter activity
SORBI_3009G088200	Sugar phosphate transporter domain-containing protein	transport	CTL	BP;CC;MF	TG	1	7.213869e-09	0.778802	1.92	44	yes	3	9	15253701	TRIOSE PHOSPHATE_PHOSPHATE TRANSLOCATOR TPT, CHLOROPLASTIC (PTHR11132:SF269)	membrane | transmembrane transport | transmembrane transporter activity
SORBI_3002G117100	Protein kinase domain-containing protein	metabolic enzyme	LIN	BP;MF	PC;TG	6	3.761098e-13	1	1.9	63	yes	4	2	14477359	CYCLIN-DEPENDENT KINASE G-1 (PTHR24055:SF585)	ATP binding | intracellular signal transduction | nucleotide binding | protein kinase activity
SORBI_3002G114800	Uncharacterized protein	metabolic enzyme	LIN	BP;CC;MF	PC;TG	6	2.595338e-11	1	1.9	63	yes	6	2	14003613	CALCIUM-DEPENDENT PROTEIN KINASE 18 (PTHR24349:SF349)	ATP binding | intracellular signal transduction | nucleotide binding | plasma membrane | protein kinase activity | protein serine/threonine kinase activity
SORBI_3003G076200	Uncharacterized protein	transport	LIN	BP;CC;MF	FA	2	9.137469e-11	0.646337	1.9	43	yes	3	3	6491632	SOLUTE CARRIER FAMILY 15 MEMBER 4 (PTHR11654:SF509)	membrane | transmembrane transport | transmembrane transporter activity
SORBI_3001G117200	Protein kinase domain-containing protein	metabolic enzyme	LIN	BP;MF	TG	2	2.573481e-10	0.460388	1.9	45	yes	3	1	9127798	SERINE_THREONINE-PROTEIN KINASE GREATWALL (PTHR24356:SF1)	ATP binding | intracellular signal transduction | protein kinase activity
SORBI_3005G220200	Uncharacterized protein	""	LIN	BP	TG	3	6.126551e-10	1	1.9	7	yes	1	5	70685687	OS11G0213700 PROTEIN (PTHR45752:SF152)	intracellular signal transduction
SORBI_3009G038900	Protein kinase domain-containing protein	metabolic enzyme	LIN	BP;MF	PC;TG	2	2.174566e-09	0.875477	1.9	63	yes	4	9	3630510	MITOGEN-ACTIVATED PROTEIN KINASE 16 (PTHR24055:SF211)	ATP binding | intracellular signal transduction | nucleotide binding | protein kinase activity
SORBI_3008G015600	Uncharacterized protein	metabolic enzyme	LIN	BP;MF	TG	1	4.124528e-09	0.789746	1.9	45	yes	4	8	1286837	CALCIUM-DEPENDENT PROTEIN KINASE 26 (PTHR24349:SF533)	ATP binding | intracellular signal transduction | nucleotide binding | protein kinase activity
SORBI_3008G077600	Diacylglycerol kinase	metabolic enzyme	LIN	BP;CC	TG	1	5.409874e-09	0.925546	1.9	71	yes	3	8	11930915	DIACYLGLYCEROL KINASE 2 (PTHR11255:SF104)	intracellular signal transduction | membrane | signal transduction
SORBI_3006G244000	STAS domain-containing protein	transport	LIN	BP;CC	PC;TG	3	1.258093e-13	1	1.89	97	yes	2	6	58398656	SULFATE TRANSPORTER 3.3-RELATED (PTHR11814:SF93)	membrane | transmembrane transport
SORBI_3001G012600	Protein DETOXIFICATION	transport	LIN	BP;CC	FA;TG	3	4.240237e-13	1	1.89	71	yes	2	1	1173739	PROTEIN DETOXIFICATION (PTHR11206:SF301)	membrane | transmembrane transport
SORBI_3009G073100	Uncharacterized protein	transport	LIN	BP;CC	PC;TG	4	1.792076e-12	0.641935	1.89	97	yes	3	9	9075915	PROTEIN ZNTC-RELATED (PTHR11040:SF44)	membrane | plasma membrane | transmembrane transport
SORBI_3001G481800	Protein DETOXIFICATION	transport	LIN	BP;CC	TG	1	1.843714e-11	0.503753	1.89	71	yes	2	1	75334119	PROTEIN DETOXIFICATION (PTHR11206:SF171)	membrane | transmembrane transport
SORBI_3003G201500	Uncharacterized protein	transport	LIN	BP;CC	PC;TG	3	5.152412e-11	0.668566	1.89	97	yes	2	3	53032278	MITOCHONDRIAL OUTER MEMBRANE PROTEIN PORIN 3 (PTHR11743:SF62)	membrane | transmembrane transport
SORBI_3001G128300	Chloride channel protein	transport	LIN	BP;CC	PC;TG	2	2.340595e-10	0.986299	1.89	97	yes	2	1	10096139	H(+)_CL(-) EXCHANGE TRANSPORTER 7 (PTHR11689:SF136)	membrane | transmembrane transport
SORBI_3003G271400	CBS domain-containing protein	transport	LIN	BP;CC	TG	1	5.47831e-10	0.426702	1.89	71	yes	2	3	60791417	CHLORIDE CHANNEL PROTEIN CLC-E (PTHR43427:SF6)	membrane | transmembrane transport
SORBI_3002G311200	Protein DETOXIFICATION	transport	LIN	BP;CC	TG	1	2.520227e-09	0.654581	1.89	71	yes	2	2	68498413	PROTEIN DETOXIFICATION (PTHR11206:SF491)	membrane | transmembrane transport
SORBI_3008G019400	Protein DETOXIFICATION	transport	LIN	BP;CC	TG	1	5.266161e-09	0.441411	1.89	71	yes	2	8	1665182	PROTEIN DETOXIFICATION 20-RELATED (PTHR11206:SF102)	membrane | transmembrane transport
SORBI_3010G116200	BZIP domain-containing protein	repeat-associated domain	LIN	BP;CC;MF	MGDG;SQDG;TG	3	8.19336e-12	0.551125	1.88	55	yes	3	10	12621641	BZIP DOMAIN-CONTAINING PROTEIN (PTHR46324:SF16)	DNA-binding transcription factor activity | nucleus | regulation of DNA-templated transcription
SORBI_3010G148800	WRKY domain-containing protein	repeat-associated domain	LIN	BP;CC;MF	MGDG;SQDG	2	2.108338e-11	1	1.88	23	yes	3	10	42829856	WRKY DNA-BINDING DOMAIN SUPERFAMILY PROTEIN-RELATED (PTHR32096:SF57)	DNA-binding transcription factor activity | nucleus | regulation of DNA-templated transcription
SORBI_3010G110100	BZIP domain-containing protein	repeat-associated domain	LIN	BP;CC;MF	MGDG;SQDG	2	2.651616e-11	0.532097	1.88	23	yes	3	10	11004657	TRANSCRIPTION FACTOR PERIANTHIA (PTHR45693:SF1)	DNA-binding transcription factor activity | nucleus | regulation of DNA-templated transcription
SORBI_3010G111800	NAC domain-containing protein	repeat-associated domain	LIN	BP;MF	MGDG;SQDG	2	2.651616e-11	0.615175	1.88	14	yes	2	10	11375806	SUPPRESSOR OF GAMMA RESPONSE 1 (PTHR31079:SF9)	DNA-binding transcription factor activity | regulation of DNA-templated transcription
SORBI_3010G152700	BHLH domain-containing protein	repeat-associated domain	LIN	BP;MF	MGDG;SQDG	2	2.932491e-11	0.572033	1.88	14	yes	2	10	44484308	OS06G0526100 PROTEIN (PTHR46684:SF2)	DNA-binding transcription factor activity | regulation of DNA-templated transcription
SORBI_3004G332900	protein-serine_threonine phosphatase	""	LIN	CC	AEG	2	8.242337e-12	1	1.87	7	yes	1	4	66552599	PROTEIN PHOSPHATASE 2C 27-RELATED (PTHR13832:SF684)	cytoplasm
SORBI_3004G334200	Small ribosomal subunit protein uS15c	""	LIN	CC	AEG	1	4.251283e-11	0.618491	1.87	7	yes	1	4	66661379	30S RIBOSOMAL PROTEIN S15, CHLOROPLASTIC (PTHR47546:SF3)	cytoplasm
SORBI_3004G334300	N-alpha-acetyltransferase 35, NatC auxiliary subunit	metabolic enzyme	LIN	CC	AEG	1	4.251283e-11	0.739001	1.87	7	yes	1	4	66665218	N-ALPHA-ACETYLTRANSFERASE 35, NATC AUXILIARY SUBUNIT (PTHR21373:SF0)	cytoplasm
SORBI_3001G435300	C2 domain-containing protein	repeat-associated domain	LIN	CC	AEG;PC	3	1.416257e-10	0.635695	1.87	97	yes	2	1	71375439	OS03G0251600 PROTEIN (PTHR10774:SF174)	cytoplasm | membrane
SORBI_3003G391500	GDP-L-galactose phosphorylase 1	""	LIN	CC	AEG	1	1.080235e-09	0.443708	1.87	7	yes	1	3	70268605	GDP-L-GALACTOSE PHOSPHORYLASE 1 (PTHR20884:SF21)	cytoplasm
SORBI_3003G393900	Fructose-bisphosphate aldolase	""	LIN	CC	AEG	1	1.080235e-09	0.556994	1.87	7	yes	1	3	70485858	FRUCTOSE-BISPHOSPHATE ALDOLASE-RELATED (PTHR11627:SF80)	cytoplasm
SORBI_3004G335700	Methyltransferase type 11 domain-containing protein	metabolic enzyme	LIN	CC	AEG	1	3.237872e-09	0.553349	1.87	7	yes	1	4	66782027	18S RRNA (GUANINE-N(7))-METHYLTRANSFERASE-RELATED (PTHR12734:SF0)	cytoplasm
SORBI_3003G392100	Peptidase M3A_M3B catalytic domain-containing protein	metabolic enzyme	LIN	CC	AEG	1	4.243422e-09	0.437581	1.87	7	yes	1	3	70308036	THIMET OLIGOPEPTIDASE-RELATED (PTHR11804:SF82)	cytoplasm
SORBI_3004G009000	Uncharacterized protein	""	LIN	CC;MF	AEG;DG;DGDG;FA;GalCer;MG;MGDG;PG;SQDG	16	2.605726e-21	0.786045	1.86	38	yes	3	4	771148	OS02G0111900 PROTEIN (PTHR47957:SF2)	ATP binding | nucleic acid binding | nucleus
SORBI_3003G087200	Aspergillus nuclease S1	""	LIN	MF	FA;SQDG	11	4.464413e-20	1	1.86	18	yes	1	3	7551917	ASPERGILLUS NUCLEASE S1 (PTHR33146:SF21)	nucleic acid binding
SORBI_3006G183800	Branchpoint-bridging protein	""	LIN	CC;MF	FA;MGDG;PG;SQDG	5	3.384554e-18	1	1.86	38	yes	2	6	53877114	SPLICING FACTOR 1 (PTHR11208:SF45)	nucleic acid binding | nucleus
SORBI_3006G184400	Protein DETOXIFICATION	transport	LIN	BP;CC	FA	5	3.384554e-18	1	1.84	43	yes	2	6	53957362	PROTEIN DETOXIFICATION (PTHR11206:SF343)	membrane | transmembrane transport
SORBI_3003G086300	Cation efflux protein cytoplasmic domain-containing protein	transport	LIN	BP;CC	FA	4	2.0091e-14	0.528511	1.84	43	yes	2	3	7462786	METAL TOLERANCE PROTEIN 9 (PTHR43840:SF2)	membrane | transmembrane transport
SORBI_3006G219300	Uncharacterized protein	transport	LIN	BP;CC;MF	FA;PC	3	7.046525e-14	1	1.84	97	yes	4	6	56642614	MULTIDRUG RESISTANCE-ASSOCIATED PROTEIN LETHAL(2)03659 (PTHR24223:SF456)	ATP binding | ATP hydrolysis activity | membrane | transmembrane transport
SORBI_3001G403700	Mitochondrial carrier protein	transport	LIN	BP;CC	FA	3	1.716327e-11	0.764996	1.84	43	yes	2	1	68883407	MITOCHONDRIAL SUBSTRATE CARRIER FAMILY PROTEIN (PTHR45758:SF11)	membrane | transmembrane transport
SORBI_3010G152000	Trichome birefringence-like N-terminal domain-containing protein	repeat-associated domain	LIN	CC	SQDG	1	6.268769e-11	0.6763	1.84	5	yes	1	10	44081155	PROTEIN TRICHOME BIREFRINGENCE-LIKE 25 (PTHR32285:SF324)	Golgi membrane
SORBI_3010G146000	Uncharacterized protein	""	LIN	CC	SQDG	1	1.610997e-10	0.975992	1.84	31	yes	2	10	41350269	CELLULOSE SYNTHASE-LIKE PROTEIN D1 (PTHR13301:SF94)	Golgi membrane | membrane
SORBI_3006G050000	Rab-GAP TBC domain-containing protein	repeat-associated domain	CTL	BP;CC	TG	10	6.595057e-15	0.49184	1.81	49	yes	2	6	36803025	RAB-GAP TBC DOMAIN-CONTAINING PROTEIN (PTHR22957:SF690)	cytoplasm | intracellular protein transport
SORBI_3002G043300	t-SNARE coiled-coil homology domain-containing protein	repeat-associated domain	CTL	BP;CC	TG	10	7.587135e-12	0.635005	1.81	44	yes	3	2	4118297	PROTEIN SSO1-RELATED (PTHR19957:SF307)	intracellular protein transport | membrane | plasma membrane
SORBI_3005G114800	Protein transport protein Sec24-like CEF	""	CTL	BP;MF	TG	9	1.682213e-11	0.965194	1.81	28	yes	2	5	44114479	OS11G0482100 PROTEIN (PTHR13803:SF33)	intracellular protein transport | zinc ion binding
SORBI_3006G280000	Importin N-terminal domain-containing protein	transport	CTL	BP;CC	TG	4	3.098264e-10	0.410993	1.81	49	yes	2	6	61006035	FI21453P1-RELATED (PTHR10527:SF3)	cytoplasm | intracellular protein transport
SORBI_3008G016200	non-specific serine_threonine protein kinase	metabolic enzyme	LIN	BP;MF	TG	1	4.124528e-09	0.430183	1.78	45	yes	4	8	1336330	NON-SPECIFIC SERINE_THREONINE PROTEIN KINASE (PTHR24343:SF514)	ATP binding | nucleotide binding | protein kinase activity | signal transduction
SORBI_3001G262700	HhH-GPD domain-containing protein	repeat-associated domain	LIN	BP;CC	TG	2	1.695528e-14	0.894005	1.72	55	yes	2	1	46782118	METHYL-CPG-BINDING DOMAIN PROTEIN 4-LIKE PROTEIN (PTHR15074:SF0)	DNA repair | nucleus
SORBI_3001G262900	HhH-GPD domain-containing protein	repeat-associated domain	LIN	BP;CC	TG	2	1.980006e-10	0.939415	1.72	55	yes	2	1	46927779	METHYL-CPG-BINDING DOMAIN PROTEIN 4-LIKE PROTEIN (PTHR15074:SF0)	DNA repair | nucleus
SORBI_3001G022600	Uncharacterized protein	""	CTL	MF	TG	2	2.282694e-15	0.978363	1.68	31	yes	2	1	1823402	GLYCINE-RICH RNA-BINDING PROTEIN RZ1A (PTHR48028:SF2)	nucleic acid binding | zinc ion binding
SORBI_3008G131800	CCHC-type domain-containing protein	repeat-associated domain	CTL	CC;MF	TG	10	6.204077e-14	0.869713	1.68	49	yes	3	8	55801939	RIBOSOME QUALITY CONTROL COMPLEX SUBUNIT NEMF (PTHR15239:SF6)	cytoplasm | nucleic acid binding | zinc ion binding
SORBI_3007G071200	K Homology domain-containing protein	repeat-associated domain	CTL	MF	TG	10	4.30794e-13	0.603923	1.68	31	yes	1	7	7882997	RNA-BINDING KH DOMAIN-CONTAINING PROTEIN (PTHR10288:SF137)	nucleic acid binding
SORBI_3001G356500	RRM domain-containing protein	repeat-associated domain	CTL	MF	TG	9	1.182781e-12	0.625855	1.68	31	yes	1	1	64574729	POLYPYRIMIDINE TRACT-BINDING PROTEIN HOMOLOG 1 (PTHR15592:SF14)	nucleic acid binding
SORBI_3001G356600	K Homology domain-containing protein	repeat-associated domain	CTL	CC;MF	TG	9	1.182781e-12	0.516602	1.68	50	yes	2	1	64587598	RNA-BINDING KH DOMAIN-CONTAINING PROTEIN (PTHR10288:SF243)	nucleic acid binding | nucleus
SORBI_3006G209700	CCHC-type domain-containing protein	repeat-associated domain	CTL	MF	TG	7	5.298874e-11	0.909999	1.68	31	yes	2	6	55933544	PROTEIN SREK1IP1 (PTHR31437:SF1)	nucleic acid binding | zinc ion binding
SORBI_3001G222900	RRM domain-containing protein	repeat-associated domain	CTL	MF	TG	10	7.079967e-11	0.637211	1.68	31	yes	1	1	21314169	RNA-BINDING REGION RNP-1 DOMAIN-CONTAINING PROTEIN (PTHR48035:SF2)	nucleic acid binding
SORBI_3001G126400	ATP-dependent RNA helicase	""	CTL	MF	TG	3	1.177076e-10	0.622012	1.68	31	yes	1	1	9941318	ATP-DEPENDENT RNA HELICASE (PTHR24031:SF771)	nucleic acid binding
SORBI_3001G224200	RRM domain-containing protein	repeat-associated domain	CTL	MF	TG	5	6.39437e-10	0.470293	1.68	31	yes	1	1	21473979	NUCLEOLIN 2 (PTHR23236:SF30)	nucleic acid binding
SORBI_3001G222500	RNA helicase	""	CTL	CC;MF	TG	7	7.762893e-10	0.411091	1.68	50	yes	3	1	21212638	ATP-DEPENDENT DNA_RNA HELICASE DHX36 (PTHR18934:SF237)	cytoplasm | nucleic acid binding | nucleus
SORBI_3008G063300	Exonuclease domain-containing protein	repeat-associated domain	CTL	CC;MF	TG	2	9.43796e-10	0.530053	1.68	50	yes	2	8	6812526	SMALL RNA DEGRADING NUCLEASE 5 (PTHR12801:SF157)	nucleic acid binding | nucleus
SORBI_3003G422900	RRM domain-containing protein	repeat-associated domain	CTL	MF	TG	1	5.274155e-09	0.929612	1.68	31	yes	1	3	72761769	OS01G0945800 PROTEIN (PTHR48027:SF15)	nucleic acid binding
SORBI_3004G206200	Transcription termination factor MTERF5, chloroplastic	""	CTL	MF	TG	1	5.311382e-09	0.899408	1.68	31	yes	1	4	55697535	TRANSCRIPTION TERMINATION FACTOR MTERF5, CHLOROPLASTIC (PTHR13068:SF9)	nucleic acid binding
SORBI_3004G206500	RRM domain-containing protein	repeat-associated domain	CTL	MF	TG	1	5.311382e-09	0.949555	1.68	31	yes	1	4	55713261	OS02G0602600 PROTEIN (PTHR48024:SF17)	nucleic acid binding
SORBI_3004G007400	CCT domain-containing protein	repeat-associated domain	LIN	CC	AEG;DG;DGDG;FA;GalCer;MG;MGDG;PG;SQDG	16	2.605726e-21	0.954496	1.61	38	yes	1	4	659396	""	nucleus
SORBI_3003G087600	Uncharacterized protein	""	LIN	CC	AEG;DG;DGDG;FA;GalCer;MG;MGDG;PG;SQDG	11	4.464413e-20	0.675054	1.61	38	yes	1	3	7603608	TRANSCRIPTION FACTOR MYB62 (PTHR45675:SF30)	nucleus
SORBI_3003G088300	Uncharacterized protein	""	LIN	CC	AEG;DG;DGDG;FA;GalCer;MG;MGDG;PG;SQDG	11	4.464413e-20	0.518643	1.61	38	yes	1	3	7665547	TRANSCRIPTION FACTOR MYB90 (PTHR47999:SF24)	nucleus
SORBI_3008G005100	Trichome birefringence-like N-terminal domain-containing protein	repeat-associated domain	CTL	CC	TG	1	5.915794e-11	0.711557	1.59	11	yes	1	8	465387	PROTEIN TRICHOME BIREFRINGENCE-LIKE 34 (PTHR32285:SF182)	Golgi membrane
SORBI_3008G005800	Trichome birefringence-like N-terminal domain-containing protein	repeat-associated domain	CTL	CC	TG	1	5.915794e-11	0.711557	1.59	11	yes	1	8	492999	PROTEIN TRICHOME BIREFRINGENCE-LIKE 34 (PTHR32285:SF233)	Golgi membrane
SORBI_3005G144101	Glycosyltransferase 6	metabolic enzyme	CTL	CC	TG	4	1.167477e-10	0.484448	1.59	44	yes	2	5	60853399	GLYCOSYLTRANSFERASE 6 (PTHR31311:SF20)	Golgi membrane | membrane
SORBI_3005G144500	Glycosyltransferase 6	metabolic enzyme	CTL	CC	TG	4	3.098264e-10	0.651073	1.59	44	yes	2	5	60905294	GLYCOSYLTRANSFERASE 6-RELATED (PTHR31311:SF45)	Golgi membrane | membrane
SORBI_3010G197300	Glycosyltransferase 2-like domain-containing protein	metabolic enzyme	CTL	CC	TG	1	1.428977e-09	0.763898	1.59	11	yes	1	10	54044273	GLUCOMANNAN 4-BETA-MANNOSYLTRANSFERASE 9 (PTHR32044:SF77)	Golgi membrane
SORBI_3008G005200	Trichome birefringence-like N-terminal domain-containing protein	repeat-associated domain	CTL	CC	TG	1	2.103137e-09	0.596333	1.59	11	yes	1	8	472954	XYLAN O-ACETYLTRANSFERASE 12 (PTHR32285:SF197)	Golgi membrane
SORBI_3003G357100	Sphingomyelin synthase-like domain-containing protein	metabolic enzyme	CTL	CC	TG	3	3.343409e-09	0.796986	1.59	44	yes	4	3	67539390	PHOSPHATIDYLINOSITOL:CERAMIDE INOSITOLPHOSPHOTRANSFERASE (PTHR21290:SF64)	Golgi membrane | endoplasmic reticulum membrane | membrane | plasma membrane
SORBI_3003G360500	Hexosyltransferase	metabolic enzyme	CTL	CC	TG	3	3.343409e-09	0.471377	1.59	11	yes	1	3	67808197	HEXOSYLTRANSFERASE (PTHR11183:SF174)	Golgi membrane
SORBI_3004G206700	Uncharacterized protein	LIPID enzyme/transport	CTL	CC	TG	1	5.311382e-09	0.752223	1.59	49	yes	4	4	55725646	GOT1_SFT2-LIKE VESCICLE TRANSPORT PROTEIN FAMILY (PTHR21493:SF246)	Golgi membrane | cytoplasm | cytosol | endomembrane system
SORBI_3009G089101	Protein kish	""	CTL	CC	TG	1	7.213869e-09	0.918948	1.59	11	yes	1	9	15420082	PROTEIN KISH-A-RELATED (PTHR13229:SF2)	Golgi membrane
SORBI_3002G148166	50S ribosomal protein L32, chloroplastic	""	CTL	BP	TG	11	2.17296e-13	0.917433	1.53	11	yes	1	2	37822220	""	translation
SORBI_3007G071300	50S ribosomal protein L27	""	CTL	BP;CC;MF	TG	10	4.30794e-13	0.534647	1.53	11	yes	3	7	7892356	50S RIBOSOMAL PROTEIN L27 (PTHR15893:SF13)	ribosome | structural constituent of ribosome | translation
SORBI_3001G355000	Co-chaperone protein p23	""	CTL	CC	TG	9	1.182781e-12	0.591678	1.53	50	yes	2	1	64496327	CO-CHAPERONE PROTEIN P23 (PTHR22932:SF11)	cytoplasm | nucleus
SORBI_3002G042600	ubiquitinyl hydrolase 1	metabolic enzyme	CTL	CC	TG	10	7.587135e-12	0.683589	1.53	50	yes	2	2	4066083	UBIQUITIN CARBOXYL-TERMINAL HYDROLASE 7 (PTHR24006:SF644)	cytoplasm | nucleus
SORBI_3002G043100	Histone deacetylase domain-containing protein	repeat-associated domain	CTL	CC	TG	10	7.587135e-12	0.681058	1.53	50	yes	2	2	4102704	HISTONE DEACETYLASE (PTHR10625:SF5)	cytoplasm | nucleus
SORBI_3001G501000	Transcription factor-like protein DPB	""	CTL	CC	TG	1	4.642585e-10	0.515537	1.53	50	yes	2	1	77018201	TRANSCRIPTION FACTOR DP (PTHR12548:SF9)	cytoplasm | nucleus
SORBI_3006G140700	NADP-dependent oxidoreductase domain-containing protein	metabolic enzyme	CTL	CC	TG	3	9.811013e-10	0.698758	1.53	49	yes	1	6	50307378	OS07G0142900 PROTEIN (PTHR43625:SF16)	cytoplasm
SORBI_3006G138800	adenine phosphoribosyltransferase	metabolic enzyme	CTL	CC	TG	2	1.097527e-09	1	1.53	49	yes	1	6	50099099	OS04G0504000 PROTEIN (PTHR11776:SF11)	cytoplasm
SORBI_3006G258000	Regulatory protein RecX family protein	""	CTL	CC	TG	3	1.177089e-09	0.472924	1.53	49	yes	1	6	59424739	REGULATORY PROTEIN RECX FAMILY PROTEIN (PTHR33602:SF1)	cytoplasm
SORBI_3002G364301	Small ribosomal subunit protein eS1	""	CTL	BP;CC;MF	TG	4	1.189612e-09	1	1.53	49	yes	5	2	72508158	SMALL RIBOSOMAL SUBUNIT PROTEIN ES1 (PTHR11830:SF0)	cytoplasm | cytosol | ribosome | structural constituent of ribosome | translation
SORBI_3009G098900	Rho GDP-dissociation inhibitor 1	""	CTL	CC	TG	2	2.519973e-09	0.881728	1.53	49	yes	3	9	37982213	RHO GDP-DISSOCIATION INHIBITOR 1 (PTHR10980:SF39)	cytoplasm | cytosol | membrane
SORBI_3001G023100	ACB domain-containing protein	repeat-associated domain	CTL	CC	TG	1	5.0281e-09	0.513432	1.53	49	yes	2	1	1850735	ACYL-COA-BINDING DOMAIN-CONTAINING PROTEIN 4 (PTHR46093:SF3)	cytoplasm | cytosol
SORBI_3001G286500	ARM repeat superfamily protein	repeat-associated domain	CTL	CC	TG	1	5.462001e-09	0.484699	1.53	49	yes	1	1	56146379	TELO2-INTERACTING PROTEIN 1 HOMOLOG (PTHR18460:SF3)	cytoplasm
SORBI_3009G050700	Importin subunit alpha	transport	CTL	CC	TG	1	6.848356e-09	0.473676	1.53	49	yes	1	9	5036659	IMPORTIN SUBUNIT ALPHA (PTHR23316:SF71)	cytoplasm
SORBI_3006G049900	J domain-containing protein	repeat-associated domain	CTL	CC	TG	10	6.595057e-15	0.939332	1.48	19	yes	1	6	36790405	DNAJ HOMOLOG SUBFAMILY C MEMBER 2 (PTHR43999:SF1)	cytosol
SORBI_3008G132700	ATP citrate synthase	metabolic enzyme	CTL	CC	TG	10	6.204077e-14	0.67161	1.48	19	yes	1	8	55932919	""	cytosol
SORBI_3003G077300	Uncharacterized protein	""	CTL;LIN	CC	FA;TG	2	2.1307e-12	0.673583	1.48	50	yes	2	3	6595626	EKC_KEOPS COMPLEX SUBUNIT TPRKB (PTHR15840:SF10)	cytosol | nucleus
SORBI_3001G021000	Nicotinate phosphoribosyltransferase	metabolic enzyme	CTL	CC	TG	1	7.25892e-12	0.534772	1.48	19	yes	1	1	1729643	NICOTINATE PHOSPHORIBOSYLTRANSFERASE (PTHR11098:SF1)	cytosol
SORBI_3010G146800	RNA polymerase II subunit B1 CTD phosphatase RPAP2 homolog	""	LIN	CC;MF	SQDG	1	4.397667e-11	0.848115	1.48	23	yes	2	10	41914699	""	metal ion binding | nucleus
SORBI_3006G278500	GMP synthase [glutamine-hydrolyzing]	metabolic enzyme	CTL;LIN	CC;MF	FA;TG	8	1.240061e-10	0.685598	1.48	30	yes	2	6	60909086	GMP SYNTHASE [GLUTAMINE-HYDROLYZING] (PTHR11922:SF2)	ATP binding | cytosol
SORBI_3010G195000	SEC7 domain-containing protein	repeat-associated domain	CTL	CC	TG	1	1.931837e-10	0.677988	1.48	44	yes	2	10	53805664	BREFELDIN A-INHIBITED GUANINE NUCLEOTIDE-EXCHANGE PROTEIN 1 (PTHR10663:SF398)	cytosol | membrane
SORBI_3003G355500	NADP-dependent oxidoreductase domain-containing protein	metabolic enzyme	CTL	CC	TG	3	3.343409e-09	0.615222	1.48	19	yes	1	3	67400746	ALDOSE REDUCTASE (PTHR11732:SF540)	cytosol
SORBI_3003G033500	Dof zinc finger protein	repeat-associated domain	LIN	BP;CC;MF	SQDG	1	5.25602e-09	0.644114	1.48	23	yes	4	3	3066533	DOF ZINC FINGER PROTEIN DOF1.2 (PTHR31992:SF316)	DNA-binding transcription factor activity | metal ion binding | nucleus | regulation of DNA-templated transcription
SORBI_3004G005200	TMPIT-like protein	""	LIN	CC	FA	14	2.605726e-21	0.773038	1.47	43	yes	1	4	442658	OS02G0106800 PROTEIN (PTHR21433:SF4)	membrane
SORBI_3004G006500	Uncharacterized protein	""	LIN	CC	FA	14	2.605726e-21	0.597	1.47	43	yes	1	4	547159	PROTEIN ROH1A (PTHR31509:SF68)	membrane
SORBI_3004G005000	RING-type domain-containing protein	repeat-associated domain	LIN	CC	FA	12	3.849136e-19	0.554287	1.47	43	yes	1	4	432828	RING-H2 FINGER PROTEIN ATL61-RELATED (PTHR45798:SF88)	membrane
SORBI_3006G191700	Expansin	""	LIN	CC	FA	2	2.240513e-17	1	1.47	43	yes	1	6	54588520	EXPANSIN-A13 (PTHR31867:SF3)	membrane
SORBI_3006G194600	Malectin-like domain-containing protein	repeat-associated domain	LIN	CC	FA	2	2.240513e-17	1	1.47	43	yes	1	6	54777885	OS04G0586500 PROTEIN (PTHR34590:SF5)	membrane
SORBI_3006G194700	RING-type domain-containing protein	metabolic enzyme	LIN	CC	FA	2	2.240513e-17	0.76474	1.47	43	yes	1	6	54782600	OS04G0586700 PROTEIN (PTHR45768:SF79)	membrane
SORBI_3010G215600	Homogentisate phytyltransferase	metabolic enzyme	LIN	CC	FA;PC	3	3.794408e-17	0.589731	1.47	97	yes	1	10	55841949	HOMOGENTISATE PHYTYLTRANSFERASE 1, CHLOROPLASTIC (PTHR43009:SF6)	membrane
SORBI_3010G217400	Protein kinase domain-containing protein	transport	LIN	CC;MF	FA	2	3.794408e-17	0.790126	1.47	43	yes	3	10	56029460	PROTEIN KINASE DOMAIN-CONTAINING PROTEIN (PTHR48007:SF70)	ATP binding | membrane | plasma membrane
SORBI_3004G010300	Phospholipid_glycerol acyltransferase domain-containing protein	LIPID enzyme/transport	LIN	CC	FA	4	4.92621e-15	0.81885	1.47	43	yes	1	4	866843	GLYCEROL-3-PHOSPHATE ACYLTRANSFERASE 8-RELATED (PTHR15486:SF70)	membrane
SORBI_3004G028000	PRA1 family protein	""	LIN	CC	FA	2	1.732264e-14	0.708821	1.47	43	yes	1	4	2253210	PRA1 FAMILY PROTEIN H (PTHR19317:SF1)	membrane
SORBI_3004G028600	Protein kinase domain-containing protein	transport	LIN	CC;MF	FA	2	1.732264e-14	0.892467	1.47	43	yes	2	4	2276730	PROTEIN KINASE DOMAIN-CONTAINING PROTEIN (PTHR48055:SF54)	ATP binding | membrane
SORBI_3003G378400	Probable magnesium transporter	transport	LIN	CC	FA	6	2.866655e-14	1	1.47	43	yes	2	3	69243651	MAGNESIUM TRANSPORTER-RELATED (PTHR12570:SF91)	membrane | plasma membrane
SORBI_3003G378500	DUF679 domain membrane protein 2	""	LIN	CC	FA	6	2.866655e-14	1	1.47	43	yes	2	3	69248625	OS01G0882400 PROTEIN (PTHR31621:SF37)	cytoplasm | membrane
SORBI_3006G216800	Peroxisomal ATPase PEX6	transport	LIN	CC;MF	FA;PC	3	7.046525e-14	0.468233	1.47	97	yes	3	6	56456307	PEROXISOMAL ATPASE PEX6 (PTHR23077:SF9)	ATP binding | ATP hydrolysis activity | membrane
SORBI_3001G099500	PGG domain-containing protein	repeat-associated domain	LIN	CC	FA	2	7.419754e-14	0.486655	1.47	43	yes	1	1	7615986	PGG DOMAIN-CONTAINING PROTEIN (PTHR24177:SF442)	membrane
SORBI_3001G099600	PGG domain-containing protein	repeat-associated domain	LIN	CC	FA;PC	4	7.419754e-14	0.564641	1.47	97	yes	1	1	7619705	OS07G0193200 PROTEIN (PTHR24177:SF438)	membrane
SORBI_3001G026700	X8 domain-containing protein	repeat-associated domain	LIN	CC	FA	3	9.303456e-14	0.950512	1.47	43	yes	2	1	2082677	EXPRESSED PROTEIN (PTHR31044:SF49)	membrane | plasma membrane
SORBI_3004G341300	3-ketoacyl-CoA synthase	metabolic enzyme	LIN	CC	FA	2	7.555142e-13	0.964782	1.47	43	yes	1	4	67266760	3-KETOACYL-COA SYNTHASE (PTHR31561:SF7)	membrane
SORBI_3002G208900	Glutamate receptor	transport	LIN	CC	FA	2	1.744996e-12	0.442174	1.47	43	yes	1	2	60079331	GLUTAMATE RECEPTOR (PTHR18966:SF379)	membrane
SORBI_3002G209000	Glutamate receptor	transport	LIN	CC	FA	2	1.744996e-12	0.443573	1.47	43	yes	1	2	60089652	GLUTAMATE RECEPTOR (PTHR18966:SF461)	membrane
SORBI_3001G401800	PLAC8 family protein	""	LIN	CC	FA	3	7.159914e-12	0.715701	1.47	43	yes	1	1	68725115	OS03G0299800 PROTEIN (PTHR31045:SF19)	membrane
SORBI_3004G059200	Protein kinase domain-containing protein	transport	LIN	CC;MF	FA	2	1.270875e-11	0.422545	1.47	43	yes	2	4	4753488	LEUCINE-RICH REPEAT PROTEIN KINASE FAMILY PROTEIN-RELATED (PTHR48007:SF15)	ATP binding | membrane
SORBI_3004G060900	Protein kinase domain-containing protein	transport	LIN	CC;MF	FA	2	1.270875e-11	0.662325	1.47	43	yes	3	4	4875224	STRUBBELIG FAMILY RECEPTOR PROTEIN KINASE-RELATED (PTHR48007:SF85)	ATP binding | membrane | plasma membrane
SORBI_3001G403200	Protein kinase domain-containing protein	transport	LIN	CC;MF	FA	3	1.716327e-11	0.815165	1.47	43	yes	3	1	68831715	OS03G0297800 PROTEIN (PTHR48008:SF16)	ATP binding | membrane | plasma membrane
SORBI_3001G414400	PGG domain-containing protein	repeat-associated domain	LIN	CC	FA	2	4.408634e-11	1	1.47	43	yes	1	1	69613172	ANKYRIN REPEAT FAMILY PROTEIN (PTHR24186:SF18)	membrane
SORBI_3001G414650	UDP-glucuronate decarboxylase	""	LIN	CC	FA	2	4.408634e-11	0.979691	1.47	43	yes	1	1	69642768	UDP-GLUCURONATE DECARBOXYLASE (PTHR43078:SF51)	membrane
SORBI_3002G188200	RING-type domain-containing protein	metabolic enzyme	LIN	CC	FA	2	5.881396e-11	0.629896	1.47	43	yes	1	2	57264282	OS09G0376700 PROTEIN (PTHR45768:SF24)	membrane
SORBI_3004G097200	Peroxisomal membrane protein PMP22	transport	LIN	CC	FA	3	7.120347e-11	1	1.47	43	yes	1	4	8606515	PEROXISOMAL MEMBRANE PROTEIN PMP22 (PTHR11266:SF86)	membrane
SORBI_3005G175500	Uncharacterized protein	transport	LIN	CC;MF	FA;TG	3	7.264536e-10	0.468749	1.47	71	yes	4	5	65725533	OS07G0628900 PROTEIN (PTHR27002:SF803)	ATP binding | membrane | nucleotide binding | protein kinase activity
SORBI_3003G089600	Uncharacterized protein	""	LIN	CC	FA	1	1.656376e-09	0.442009	1.47	22	yes	1	3	7826326	P450 (PTHR24298:SF765)	membrane
SORBI_3006G042900	Protein FAR1-RELATED SEQUENCE	""	CTL	CC;MF	TG	9	1.690112e-12	0.885685	1.46	50	yes	2	6	29565542	PROTEIN FAR1-RELATED SEQUENCE (PTHR31669:SF168)	nucleus | zinc ion binding
SORBI_3007G099500	GRF-type domain-containing protein	repeat-associated domain	CTL	MF	TG	2	1.438554e-11	0.855365	1.46	28	yes	1	7	23108126	OS12G0467600 PROTEIN (PTHR48130:SF11)	zinc ion binding
SORBI_3003G357232	RING-CH-type domain-containing protein	repeat-associated domain	CTL	MF	TG	3	3.343409e-09	0.69854	1.46	28	yes	1	3	67552279	OS05G0452800 PROTEIN (PTHR46214:SF4)	zinc ion binding
SORBI_3001G023900	GATA-type domain-containing protein	repeat-associated domain	CTL	MF	TG	1	5.0281e-09	0.649914	1.46	28	yes	1	1	1898224	EXPRESSED PROTEIN (PTHR47172:SF28)	zinc ion binding
SORBI_3007G113900	Reticulon-like protein	""	CTL	CC	TG	4	2.859644e-14	0.871228	1.45	14	yes	1	7	46103134	RETICULON-LIKE PROTEIN B21 (PTHR46626:SF1)	endoplasmic reticulum membrane
SORBI_3006G034200	Uncharacterized protein	LIPID enzyme/transport	CTL	CC	TG	1	1.797998e-10	0.915764	1.45	18	yes	2	6	9222487	OS01G0770100 PROTEIN (PTHR31650:SF42)	endoplasmic reticulum membrane | plasma membrane
SORBI_3010G194900	BZIP domain-containing protein	repeat-associated domain	CTL	CC	TG	1	1.931837e-10	0.677988	1.45	50	yes	2	10	53796883	BASIC-LEUCINE ZIPPER TRANSCRIPTION FACTOR E-RELATED (PTHR47416:SF8)	endoplasmic reticulum membrane | nucleus
SORBI_3010G134400	Acyltransferase	LIPID enzyme/transport	CTL	CC	TG	3	2.99833e-10	1	1.45	14	yes	1	10	19611856	ACYLTRANSFERASE (PTHR12317:SF75)	endoplasmic reticulum membrane
SORBI_3004G140300	7-dehydrocholesterol reductase	metabolic enzyme	CTL;LIN	CC	TG	1	4.396448e-10	0.848271	1.45	71	yes	2	4	40799384	7-DEHYDROCHOLESTEROL REDUCTASE (PTHR21257:SF38)	endoplasmic reticulum membrane | membrane
SORBI_3001G285800	Uncharacterized protein	""	CTL	CC	TG	1	7.420687e-10	1	1.45	14	yes	2	1	55923193	TRANSMEMBRANE PROTEIN 199 (PTHR31394:SF1)	endomembrane system | endoplasmic reticulum membrane
SORBI_3006G035500	Fe2OG dioxygenase domain-containing protein	repeat-associated domain	CTL	CC	TG	2	1.161106e-09	0.964882	1.45	14	yes	1	6	10679473	PROLYL 4-HYDROXYLASE 1 (PTHR10869:SF42)	endoplasmic reticulum membrane
SORBI_3009G050400	Histidine kinase domain-containing protein	metabolic enzyme	CTL	CC	TG	1	6.848356e-09	0.587329	1.45	14	yes	1	9	5018100	ETHYLENE RESPONSE SENSOR 2-RELATED (PTHR24423:SF639)	endoplasmic reticulum membrane
SORBI_3001G171500	Presenilin	""	LIN	CC	FA	2	2.978268e-14	0.760344	1.44	43	yes	2	1	14323209	PRESENILIN HOMOLOG (PTHR10202:SF13)	endoplasmic reticulum membrane | membrane
SORBI_3010G216200	Glutaredoxin domain-containing protein	metabolic enzyme	LIN	CC	FA	1	8.736378e-12	0.569193	1.44	10	yes	1	10	55953564	GLUTAREDOXIN 2 (PTHR45694:SF5)	endoplasmic reticulum membrane
SORBI_3002G264300	Reticulon-like protein	""	LIN	CC	FA	1	1.214883e-09	0.523473	1.44	10	yes	1	2	64887540	3BETA-HYDROXYSTEROID-DEHYDROGENASE_DECARBOXYLASE ISOFORM 3 (PTHR10366:SF639)	endoplasmic reticulum membrane
SORBI_3007G162400	ABC transporter domain-containing protein	transport	LIN	BP;CC;MF	FA	2	7.157958e-15	0.619397	1.42	43	yes	3	7	59653952	ABC TRANSPORTER G FAMILY MEMBER 8 (PTHR48041:SF27)	ATP binding | membrane | transmembrane transport
SORBI_3001G512300	Uncharacterized protein	transport	LIN	BP;CC	FA	2	4.20874e-11	1	1.42	43	yes	2	1	78006104	MITOCHONDRIAL OUTER MEMBRANE PROTEIN PORIN 4 (PTHR11743:SF27)	membrane | transmembrane transport
SORBI_3004G019800	Protein DETOXIFICATION	transport	LIN	BP;CC	FA;PC	2	1.312638e-10	0.63197	1.42	97	yes	2	4	1569868	PROTEIN DETOXIFICATION 46, CHLOROPLASTIC (PTHR42893:SF9)	membrane | transmembrane transport
SORBI_3003G122300	Envelope ADP,ATP carrier protein, chloroplastic	transport	LIN	BP;CC	FA	1	1.921e-10	0.694544	1.42	43	yes	2	3	11133615	ENVELOPE ADP,ATP CARRIER PROTEIN, CHLOROPLASTIC-RELATED (PTHR24089:SF676)	membrane | transmembrane transport
SORBI_3010G147200	Aluminum-activated malate transporter	transport	LIN	BP;CC	SQDG	1	4.397667e-11	1	1.4	31	yes	2	10	42040799	OS06G0331900 PROTEIN (PTHR31086:SF9)	membrane | transmembrane transport
SORBI_3010G151575	ABC transporter family G domain-containing protein	transport	LIN	BP;CC	SQDG	1	6.268769e-11	0.542046	1.4	31	yes	2	10	44006475	""	membrane | transmembrane transport
SORBI_3010G136900	ABC transporter domain-containing protein	transport	LIN	BP;CC;MF	SQDG	1	1.113844e-10	1	1.4	31	yes	3	10	21118106	OS10G0163290 PROTEIN (PTHR48042:SF20)	ATP binding | membrane | transmembrane transport
SORBI_3010G138400	Protein DETOXIFICATION	transport	LIN	BP;CC	SQDG	1	1.866673e-10	1	1.4	31	yes	2	10	22940193	PROTEIN DETOXIFICATION (PTHR11206:SF344)	membrane | transmembrane transport
SORBI_3010G127800	Major facilitator superfamily (MFS) profile domain-containing protein	transport	LIN	BP;CC	SQDG	1	2.957355e-10	0.493336	1.4	31	yes	2	10	16383448	MAJOR FACILITATOR SUPERFAMILY (MFS) PROFILE DOMAIN-CONTAINING PROTEIN (PTHR11654:SF399)	membrane | transmembrane transport
SORBI_3002G159900	Sugar phosphate transporter domain-containing protein	transport	LIN	BP;CC	SQDG	1	3.210896e-10	1	1.4	31	yes	2	2	49423486	PHOSPHOENOLPYRUVATE_PHOSPHATE TRANSLOCATOR 1, CHLOROPLASTIC (PTHR11132:SF496)	membrane | transmembrane transport
SORBI_3010G131600	ADP_ATP translocase	transport	LIN	BP;CC	SQDG	1	6.700401e-10	0.651225	1.4	31	yes	2	10	18073068	ADP_ATP TRANSLOCASE (PTHR45635:SF20)	membrane | transmembrane transport
SORBI_3010G133300	Major facilitator superfamily (MFS) profile domain-containing protein	transport	LIN	BP;CC	SQDG	1	1.214392e-09	0.881832	1.4	31	yes	2	10	19400991	INORGANIC PHOSPHATE TRANSPORTER 1-9-RELATED (PTHR24064:SF492)	membrane | transmembrane transport
SORBI_3010G165500	ABC transporter domain-containing protein	transport	LIN	BP;CC;MF	SQDG	1	1.326252e-09	0.929161	1.4	31	yes	3	10	48920369	ABC TRANSPORTER G FAMILY MEMBER 36 (PTHR19241:SF545)	ATP binding | membrane | transmembrane transport
SORBI_3006G025300	ABC transporter domain-containing protein	transport	LIN	BP;CC;MF	SQDG	1	1.913575e-09	1	1.4	31	yes	3	6	4388231	OS04G0194500 PROTEIN (PTHR48041:SF77)	ATP binding | membrane | transmembrane transport
SORBI_3002G141900	Citrate transporter-like domain-containing protein	transport	LIN	BP;CC	SQDG	1	3.009898e-09	1	1.4	31	yes	2	2	23104498	SODIUM_PROTON ANTIPORTER 1-RELATED (PTHR43269:SF2)	membrane | transmembrane transport
SORBI_3005G125400	S-type anion channel SLAH3	transport	CTL	BP;CC	TG	1	2.08943e-12	1	1.39	44	yes	4	5	54770158	OS07G0181100 PROTEIN (PTHR31269:SF23)	endomembrane system | membrane | plasma membrane | transmembrane transport
SORBI_3006G040500	Phospholipid-transporting ATPase	LIPID enzyme/transport	CTL	CC	TG	11	1.246008e-10	0.422605	1.39	44	yes	2	6	25522678	PHOSPHOLIPID-TRANSPORTING ATPASE (PTHR24092:SF199)	endomembrane system | membrane
SORBI_3008G004500	Protein kinase domain-containing protein	metabolic enzyme	CTL	CC	TG	1	2.103137e-09	0.456622	1.39	10	yes	1	8	406101	PROTEIN KINASE DOMAIN-CONTAINING PROTEIN (PTHR46084:SF14)	endomembrane system
SORBI_3001G454100	Major facilitator superfamily (MFS) profile domain-containing protein	transport	LIN	BP;CC;MF	PC	2	7.929932e-13	1	1.35	97	yes	3	1	73058804	IP12678P (PTHR23500:SF357)	membrane | transmembrane transport | transmembrane transporter activity
SORBI_3008G106100	Ureide permease 2	""	LIN	BP;CC;MF	PC	2	9.175627e-13	0.793565	1.35	97	yes	3	8	49962649	OS12G0503300 PROTEIN (PTHR31081:SF8)	membrane | transmembrane transport | transmembrane transporter activity
SORBI_3001G256900	Mitochondrial carrier protein	transport	LIN	BP;CC	PC	3	1.005971e-12	0.815971	1.35	97	yes	2	1	30126144	MITOCHONDRIAL CARRIER PROTEIN, EXPRESSED (PTHR46080:SF4)	membrane | transmembrane transport
SORBI_3009G136100	WAT1-related protein	""	LIN	BP;CC;MF	PC	1	1.403869e-11	1	1.35	97	yes	3	9	49161977	OS05G0409500 PROTEIN (PTHR31218:SF399)	membrane | transmembrane transport | transmembrane transporter activity
SORBI_3009G136600	Major facilitator superfamily (MFS) profile domain-containing protein	transport	LIN	BP;CC;MF	PC	1	1.403869e-11	0.674065	1.35	97	yes	3	9	49279553	OS05G0410500 PROTEIN (PTHR11654:SF393)	membrane | transmembrane transport | transmembrane transporter activity
SORBI_3004G102800	ADP_ATP translocase	transport	LIN	BP;CC	PC	1	2.067558e-11	0.451964	1.35	97	yes	2	4	9648246	ADP,ATP CARRIER PROTEIN ER-ANT1 (PTHR45635:SF8)	membrane | transmembrane transport
SORBI_3007G181100	Protein DETOXIFICATION	transport	LIN	BP;CC	PC	2	3.373222e-11	0.831305	1.35	97	yes	2	7	61437164	PROTEIN DETOXIFICATION (PTHR11206:SF144)	membrane | transmembrane transport
SORBI_3009G085900	Uncharacterized protein	""	LIN	BP;CC	PC	1	8.911286e-11	0.510551	1.35	97	yes	2	9	14570383	AQUAPORIN TIP4-1-RELATED (PTHR45665:SF13)	membrane | transmembrane transport
SORBI_3010G137400	Protein kinase domain-containing protein	transport	LIN	MF	SQDG	1	9.841433e-11	0.970998	1.35	21	yes	2	10	21875490	OS06G0496800 PROTEIN (PTHR27002:SF396)	ATP binding | protein serine/threonine kinase activity
SORBI_3005G088500	WAT1-related protein	""	LIN	BP;CC;MF	PC	1	1.000254e-10	0.892918	1.35	97	yes	3	5	12638268	WAT1-RELATED PROTEIN (PTHR31218:SF233)	membrane | transmembrane transport | transmembrane transporter activity
SORBI_3009G152800	Major facilitator superfamily (MFS) profile domain-containing protein	transport	LIN	BP;CC;MF	PC	2	1.16951e-10	0.409576	1.35	97	yes	3	9	50914823	OS07G0131250 PROTEIN (PTHR23500:SF478)	membrane | transmembrane transport | transmembrane transporter activity
SORBI_3009G147500	Potassium channel	transport	LIN	BP;CC	PC	1	1.218852e-10	1	1.35	97	yes	2	9	50441882	POTASSIUM CHANNEL AKT2_3 (PTHR45743:SF21)	membrane | transmembrane transport
SORBI_3002G306300	Nucleobase-ascorbate transporter 11	transport	LIN	BP;CC;MF	PC	1	1.364107e-10	1	1.35	97	yes	3	2	68113481	NUCLEOBASE-ASCORBATE TRANSPORTER 11 (PTHR11119:SF54)	membrane | transmembrane transport | transmembrane transporter activity
SORBI_3010G139100	non-specific serine_threonine protein kinase	metabolic enzyme	LIN	MF	SQDG	2	1.365799e-10	1	1.35	21	yes	3	10	23774936	NON-SPECIFIC SERINE_THREONINE PROTEIN KINASE (PTHR27001:SF480)	ATP binding | nucleotide binding | protein serine/threonine kinase activity
SORBI_3010G137300	Protein kinase domain-containing protein	transport	LIN	MF	SQDG	1	1.4097e-10	1	1.35	21	yes	2	10	21498050	OS06G0496800 PROTEIN (PTHR27002:SF396)	ATP binding | protein serine/threonine kinase activity
SORBI_3010G138500	Receptor-like serine_threonine-protein kinase	transport	LIN	CC;MF	SQDG	1	1.866673e-10	0.97155	1.35	31	yes	4	10	23005710	RECEPTOR-LIKE SERINE_THREONINE-PROTEIN KINASE (PTHR47976:SF115)	ATP binding | membrane | nucleotide binding | protein serine/threonine kinase activity
SORBI_3005G225800	ABC transporter domain-containing protein	transport	LIN	BP;CC;MF	PC	1	2.117281e-10	1	1.35	97	yes	4	5	71239783	ABC-2 TYPE TRANSPORTER FAMILY PROTEIN, EXPRESSED (PTHR48042:SF9)	ATP binding | ATP hydrolysis activity | membrane | transmembrane transport
SORBI_3004G349550	Protein DETOXIFICATION	transport	LIN	BP;CC	PC	1	4.143566e-10	0.499547	1.35	97	yes	2	4	67834255	PROTEIN DETOXIFICATION (PTHR11206:SF357)	membrane | transmembrane transport
SORBI_3008G111100	Major facilitator superfamily (MFS) profile domain-containing protein	transport	LIN	BP;CC;MF	PC	1	6.256766e-10	0.91678	1.35	97	yes	3	8	51571077	OS12G0512100 PROTEIN (PTHR23500:SF32)	membrane | transmembrane transport | transmembrane transporter activity
SORBI_3008G104500	Ureide permease 2	""	LIN	BP;CC;MF	PC	1	7.929619e-10	0.436917	1.35	97	yes	3	8	49121611	UREIDE PERMEASE 1-RELATED (PTHR31081:SF5)	membrane | transmembrane transport | transmembrane transporter activity
SORBI_3002G156400	MDR-like ABC transporter	transport	LIN	BP;CC;MF	PC	1	8.437376e-10	0.471479	1.35	97	yes	5	2	47469744	ABC TRANSPORTER B FAMILY MEMBER 9 (PTHR24221:SF465)	ATP binding | ATP hydrolysis activity | membrane | plasma membrane | transmembrane transport
SORBI_3009G057700	Uncharacterized protein	transport	LIN	BP;CC	PC	1	8.989195e-10	0.890136	1.35	97	yes	3	9	5972474	ZINC TRANSPORTER 6, CHLOROPLASTIC (PTHR11040:SF26)	membrane | plasma membrane | transmembrane transport
SORBI_3007G039500	Uncharacterized protein	""	LIN	BP;CC	PC	1	1.122257e-09	0.621445	1.35	97	yes	2	7	3812660	AQUAPORIN NIP5-1-RELATED (PTHR45724:SF35)	membrane | transmembrane transport
SORBI_3007G039600	Uncharacterized protein	""	LIN	BP;CC	PC	1	1.122257e-09	0.569153	1.35	97	yes	2	7	3826797	AQUAPORIN NIP3-2 (PTHR45724:SF55)	membrane | transmembrane transport
SORBI_3001G233400	Citrate transporter-like domain-containing protein	transport	LIN	BP;CC	PC	1	1.280204e-09	0.702677	1.35	97	yes	3	1	22813474	OS10G0447900 PROTEIN (PTHR43302:SF3)	membrane | plasma membrane | transmembrane transport
SORBI_3003G371400	Major facilitator superfamily (MFS) profile domain-containing protein	transport	LIN	BP;CC;MF	PC	1	1.287754e-09	0.822891	1.35	97	yes	3	3	68709809	PROTEIN NRT1_ PTR FAMILY 5.10 (PTHR11654:SF425)	membrane | transmembrane transport | transmembrane transporter activity
SORBI_3003G371600	Major facilitator superfamily (MFS) profile domain-containing protein	transport	LIN	BP;CC;MF	PC	1	1.287754e-09	0.595454	1.35	97	yes	3	3	68730882	OS01G0871900 PROTEIN (PTHR11654:SF164)	membrane | transmembrane transport | transmembrane transporter activity
SORBI_3003G372100	Major facilitator superfamily (MFS) profile domain-containing protein	transport	LIN	BP;CC;MF	PC	1	1.287754e-09	0.875747	1.35	97	yes	3	3	68756579	MAJOR FACILITATOR SUPERFAMILY (MFS) PROFILE DOMAIN-CONTAINING PROTEIN (PTHR11654:SF321)	membrane | transmembrane transport | transmembrane transporter activity
SORBI_3008G111300	Major facilitator superfamily (MFS) profile domain-containing protein	transport	LIN	BP;CC;MF	PC	1	1.408771e-09	0.869771	1.35	97	yes	3	8	51658443	OS12G0514000 PROTEIN (PTHR23500:SF5)	membrane | transmembrane transport | transmembrane transporter activity
SORBI_3010G159400	Cationic amino acid transporter C-terminal domain-containing protein	transport	LIN	BP;CC;MF	PC	1	1.668962e-09	0.943754	1.35	97	yes	4	10	46836727	CATIONIC AMINO ACID TRANSPORTER 8, VACUOLAR (PTHR43243:SF62)	membrane | plasma membrane | transmembrane transport | transmembrane transporter activity
SORBI_3010G163800	Receptor-like serine_threonine-protein kinase	transport	LIN	CC;MF	SQDG	1	3.391947e-09	0.518635	1.35	31	yes	4	10	48215148	RECEPTOR-LIKE SERINE_THREONINE-PROTEIN KINASE (PTHR47976:SF13)	ATP binding | membrane | nucleotide binding | protein serine/threonine kinase activity
SORBI_3001G000400	ABC transporter domain-containing protein	transport	LIN	BP;CC;MF	PC	1	4.327952e-09	0.80614	1.35	97	yes	4	1	22391	ABC TRANSPORTER G FAMILY MEMBER 34-RELATED (PTHR19241:SF638)	ATP binding | ATP hydrolysis activity | membrane | transmembrane transport
SORBI_3004G075800	Chloride channel protein	transport	LIN	BP;CC	PC	1	4.549206e-09	0.522698	1.35	97	yes	2	4	6171321	CHLORIDE CHANNEL PROTEIN (PTHR11689:SF147)	membrane | transmembrane transport
SORBI_3001G457200	Mitochondrial carrier protein	transport	LIN	BP;CC	PC	1	5.199021e-09	0.403775	1.35	97	yes	2	1	73319995	MITOCHONDRIAL MAGNESIUM EXPORTER 1 (PTHR45667:SF7)	membrane | transmembrane transport
SORBI_3009G106800	Protein DETOXIFICATION	transport	LIN	BP;CC	PC	1	5.757113e-09	0.741739	1.35	97	yes	2	9	42998525	PROTEIN DETOXIFICATION (PTHR11206:SF176)	membrane | transmembrane transport
SORBI_3010G149700	Peroxidase	metabolic enzyme	CTL	CC	TG	2	1.414455e-18	0.974759	1.34	12	yes	1	10	43190204	OS06G0521900 PROTEIN (PTHR31388:SF19)	extracellular region
SORBI_3010G215100	AP2_ERF domain-containing protein	repeat-associated domain	LIN	BP;CC;MF	FA;PC	3	3.794408e-17	0.691141	1.34	86	yes	3	10	55799766	AP2-LIKE ETHYLENE-RESPONSIVE TRANSCRIPTION FACTOR AIL6 (PTHR32467:SF101)	DNA binding | nucleus | regulation of DNA-templated transcription
SORBI_3002G116300	Poly [ADP-ribose] polymerase	""	LIN	CC;MF	PC;TG	6	3.761098e-13	0.861001	1.34	86	yes	2	2	14374369	POLY [ADP-RIBOSE] POLYMERASE 1 (PTHR10459:SF80)	DNA binding | nucleus
SORBI_3002G026500	MADS-box domain-containing protein	repeat-associated domain	LIN	CC;MF	PC	2	1.862033e-12	0.53607	1.34	86	yes	2	2	2435551	AGAMOUS-LIKE MADS-BOX PROTEIN AGL62 (PTHR11945:SF764)	DNA binding | nucleus
SORBI_3002G027401	MADS-box domain-containing protein	repeat-associated domain	LIN	CC;MF	PC	2	1.862033e-12	0.909823	1.34	86	yes	2	2	2513266	AGAMOUS-LIKE MADS-BOX PROTEIN AGL62 (PTHR11945:SF764)	DNA binding | nucleus
SORBI_3009G111200	AP2_ERF domain-containing protein	repeat-associated domain	CTL;LIN	BP;CC;MF	PC;TG	10	2.113399e-12	0.679647	1.34	86	yes	3	9	44785084	OS05G0361700 PROTEIN (PTHR31190:SF487)	DNA binding | nucleus | regulation of DNA-templated transcription
SORBI_3002G039700	FAS1 domain-containing protein	repeat-associated domain	CTL	CC	TG	10	7.587135e-12	0.55714	1.34	12	yes	1	2	3857146	OS07G0160600 PROTEIN (PTHR32499:SF20)	extracellular region
SORBI_3010G221400	Histone H2A_H2B_H3 domain-containing protein	repeat-associated domain	LIN	CC;MF	FA;PC	3	2.538942e-11	0.972694	1.34	86	yes	3	10	56411273	NUCLEAR TRANSCRIPTION FACTOR Y SUBUNIT C-4 (PTHR10252:SF145)	DNA binding | cytoplasm | nucleus
SORBI_3010G221500	Uncharacterized protein	""	LIN	BP;CC;MF	FA;PC	3	2.538942e-11	0.935314	1.34	86	yes	3	10	56416017	MADS-BOX TRANSCRIPTION FACTOR 30 (PTHR11945:SF758)	DNA binding | nucleus | regulation of DNA-templated transcription
SORBI_3010G224200	HTH myb-type domain-containing protein	repeat-associated domain	LIN	BP;MF	PC	3	2.538942e-11	0.931832	1.34	43	yes	2	10	56596202	MYB FAMILY TRANSCRIPTION FACTOR MPH1 (PTHR31314:SF113)	DNA binding | regulation of DNA-templated transcription
SORBI_3002G115900	Uncharacterized protein	""	LIN	CC;MF	PC;TG	6	2.595338e-11	1	1.34	86	yes	2	2	14263932	HOMEOBOX DOMAIN-CONTAINING PROTEIN (PTHR45654:SF110)	DNA binding | nucleus
SORBI_3002G380200	CG-1 domain-containing protein	repeat-associated domain	LIN	CC;MF	PC	2	2.84131e-11	1	1.34	86	yes	2	2	73626556	CALMODULIN-BINDING TRANSCRIPTION ACTIVATOR 2 (PTHR23335:SF14)	DNA binding | nucleus
SORBI_3007G181500	AP2_ERF domain-containing protein	repeat-associated domain	LIN	BP;CC;MF	FA;PC	3	3.373222e-11	0.63163	1.34	86	yes	3	7	61478933	DEHYDRATION-RESPONSIVE ELEMENT-BINDING PROTEIN 1D (PTHR31839:SF11)	DNA binding | nucleus | regulation of DNA-templated transcription
SORBI_3009G153400	Dof zinc finger protein	repeat-associated domain	LIN	BP;CC;MF	PC	2	4.936576e-11	0.423806	1.34	86	yes	3	9	50971939	DOF ZINC FINGER PROTEIN (PTHR31992:SF321)	DNA binding | nucleus | regulation of DNA-templated transcription
SORBI_3003G105800	NAC44	""	LIN	BP;CC;MF	PC	1	6.188695e-11	0.669166	1.34	86	yes	3	3	9588846	OS05G0415400 PROTEIN (PTHR31719:SF250)	DNA binding | nucleus | regulation of DNA-templated transcription
SORBI_3009G083900	DNA (cytosine-5-)-methyltransferase	metabolic enzyme	LIN	CC;MF	PC	1	7.713009e-11	0.91149	1.34	86	yes	2	9	13020389	DNA (CYTOSINE-5)-METHYLTRANSFERASE CMT2 (PTHR10629:SF34)	DNA binding | nucleus
SORBI_3009G245500	NAC domain-containing protein	repeat-associated domain	LIN	BP;MF	PC	1	7.778789e-11	0.520055	1.34	43	yes	2	9	58112752	NO APICAL MERISTEM PROTEIN, EXPRESSED (PTHR31989:SF392)	DNA binding | regulation of DNA-templated transcription
SORBI_3009G086800	NAC domain-containing protein	repeat-associated domain	LIN	BP;CC;MF	PC	1	8.911286e-11	0.890299	1.34	86	yes	3	9	14688180	NAC DOMAIN-CONTAINING PROTEIN (PTHR31744:SF223)	DNA binding | nucleus | regulation of DNA-templated transcription
SORBI_3002G253000	NAC domain-containing protein	repeat-associated domain	LIN	BP;CC;MF	PC;TG	2	9.443581e-11	1	1.34	86	yes	3	2	63933586	NAC DOMAIN CONTAINING PROTEIN 38 (PTHR31744:SF115)	DNA binding | nucleus | regulation of DNA-templated transcription
SORBI_3008G071200	Two-component response regulator	""	LIN	BP;CC;MF	PC	2	1.027818e-10	0.917409	1.34	86	yes	3	8	9453581	TWO-COMPONENT RESPONSE REGULATOR FAMILY PROTEIN-RELATED (PTHR43874:SF151)	DNA binding | nucleus | regulation of DNA-templated transcription
SORBI_3006G277550	Plant heme peroxidase family profile domain-containing protein	metabolic enzyme	CTL	CC	TG	8	1.240061e-10	0.920343	1.34	12	yes	1	6	60839229	""	extracellular region
SORBI_3006G277700	Peroxidase	metabolic enzyme	CTL	CC	TG	8	1.240061e-10	0.696235	1.34	12	yes	1	6	60850342	PEROXIDASE (PTHR31235:SF219)	extracellular region
SORBI_3010G194500	Expansin	""	CTL	CC	TG	1	1.931837e-10	0.584235	1.34	44	yes	2	10	53707267	EXPANSIN-A20 (PTHR31867:SF99)	extracellular region | membrane
SORBI_3010G137600	MBD domain-containing protein	repeat-associated domain	LIN	CC;MF	PC;SQDG	2	2.134886e-10	0.985728	1.34	86	yes	2	10	22078757	""	DNA binding | nucleus
SORBI_3001G127800	Nuclear transcription factor Y subunit	""	LIN	BP;CC;MF	PC;TG	2	2.340595e-10	0.7692	1.34	86	yes	3	1	10067647	NUCLEAR TRANSCRIPTION FACTOR Y SUBUNIT A-6-RELATED (PTHR12632:SF114)	DNA binding | nucleus | regulation of DNA-templated transcription
SORBI_3001G286700	Uncharacterized protein	""	LIN	BP;CC;MF	PC;TG	2	2.83218e-10	1	1.34	86	yes	3	1	56194085	HOMEOBOX-LEUCINE ZIPPER PROTEIN HDG5 (PTHR45654:SF11)	DNA binding | nucleus | regulation of DNA-templated transcription
SORBI_3002G251700	NAC domain-containing protein	repeat-associated domain	LIN	BP;CC;MF	PC	1	3.318612e-10	0.437907	1.34	97	yes	4	2	63838584	NAC DOMAIN-CONTAINING PROTEIN 13 (PTHR31989:SF205)	DNA binding | membrane | nucleus | regulation of DNA-templated transcription
SORBI_3002G121600	HTH myb-type domain-containing protein	repeat-associated domain	LIN	BP;MF	PC	1	7.996867e-10	0.743962	1.34	43	yes	2	2	16036789	PROTEIN PHOSPHATE STARVATION RESPONSE 2 (PTHR31314:SF4)	DNA binding | regulation of DNA-templated transcription
SORBI_3003G096300	Uncharacterized protein	""	LIN	BP;CC;MF	PC	2	8.82974e-10	0.504207	1.34	86	yes	3	3	8516801	HOMEOBOX-LEUCINE ZIPPER PROTEIN ANTHOCYANINLESS 2-RELATED (PTHR45654:SF5)	DNA binding | nucleus | regulation of DNA-templated transcription
SORBI_3009G057600	TF-B3 domain-containing protein	repeat-associated domain	LIN	CC;MF	PC	1	8.989195e-10	0.80902	1.34	86	yes	2	9	5881028	B3 DOMAIN-CONTAINING PROTEIN OS08G0325100-RELATED (PTHR31391:SF121)	DNA binding | nucleus
SORBI_3001G227900	Response regulatory domain-containing protein	repeat-associated domain	LIN	CC;MF	PC	1	1.1635e-09	0.722492	1.34	86	yes	2	1	21860030	TWO-COMPONENT RESPONSE REGULATOR ORR30 (PTHR43874:SF65)	DNA binding | nucleus
SORBI_3006G118150	NAC domain-containing protein	repeat-associated domain	LIN	BP;MF	PC	1	1.263753e-09	1	1.34	43	yes	2	6	48555119	PROTEIN ATAF2 (PTHR31719:SF94)	DNA binding | regulation of DNA-templated transcription
SORBI_3006G118200	NAC domain-containing protein	repeat-associated domain	LIN	BP;MF	PC	1	1.263753e-09	0.973038	1.34	43	yes	2	6	48559080	OS04G0475400 PROTEIN (PTHR31989:SF131)	DNA binding | regulation of DNA-templated transcription
SORBI_3006G120301	NAC domain-containing protein	repeat-associated domain	LIN	BP;MF	PC	1	1.263753e-09	1	1.34	43	yes	2	6	48693149	""	DNA binding | regulation of DNA-templated transcription
SORBI_3006G120400	NAC domain-containing protein	repeat-associated domain	LIN	BP;MF	PC	1	1.263753e-09	1	1.34	43	yes	2	6	48698459	NAC DOMAIN TRANSCRIPTION FACTOR SUPERFAMILY PROTEIN-RELATED (PTHR31079:SF25)	DNA binding | regulation of DNA-templated transcription
SORBI_3001G233600	ARID domain-containing protein	repeat-associated domain	LIN	MF	PC	1	1.280204e-09	0.852714	1.34	43	yes	1	1	22905145	AT-RICH INTERACTIVE DOMAIN-CONTAINING PROTEIN 2 (PTHR46410:SF17)	DNA binding
SORBI_3004G105100	Peroxidase	metabolic enzyme	CTL	CC	TG	1	1.366388e-09	0.406593	1.34	12	yes	1	4	9913834	PEROXIDASE (PTHR31388:SF285)	extracellular region
SORBI_3001G290400	NAC domain-containing protein	repeat-associated domain	LIN	BP;CC;MF	PC	1	1.986649e-09	0.460841	1.34	86	yes	3	1	56734176	NAC DOMAIN-CONTAINING PROTEIN 71 (PTHR31989:SF51)	DNA binding | nucleus | regulation of DNA-templated transcription
SORBI_3001G528200	TF-B3 domain-containing protein	repeat-associated domain	LIN	BP;CC;MF	PC	1	2.05283e-09	0.449479	1.34	86	yes	3	1	79213691	B3 DOMAIN-CONTAINING PROTEIN OS02G0455900-RELATED (PTHR31140:SF139)	DNA binding | nucleus | regulation of DNA-templated transcription
SORBI_3001G531100	AP2_ERF domain-containing protein	repeat-associated domain	LIN	BP;CC;MF	PC	1	2.05283e-09	0.602046	1.34	86	yes	3	1	79479137	AP2 DOMAIN CONTAINING PROTEIN, EXPRESSED (PTHR31985:SF115)	DNA binding | nucleus | regulation of DNA-templated transcription
SORBI_3009G039000	Uncharacterized protein	""	LIN	MF	PC;TG	2	2.174566e-09	0.526085	1.34	43	yes	1	9	3674616	OS06G0173800 PROTEIN (PTHR44042:SF11)	DNA binding
SORBI_3009G039100	Uncharacterized protein	""	LIN	MF	PC;TG	2	2.174566e-09	0.875477	1.34	43	yes	1	9	3680958	OS06G0173800 PROTEIN (PTHR44042:SF11)	DNA binding
SORBI_3009G039200	Uncharacterized protein	""	LIN	MF	PC;TG	2	2.174566e-09	0.904159	1.34	43	yes	1	9	3691090	MYB DNA-BINDING DOMAIN SUPERFAMILY PROTEIN-RELATED (PTHR44042:SF32)	DNA binding
SORBI_3009G039600	Uncharacterized protein	""	LIN	MF	PC;TG	2	2.174566e-09	0.875477	1.34	43	yes	1	9	3744840	MYB DNA-BINDING DOMAIN SUPERFAMILY PROTEIN-RELATED (PTHR44042:SF32)	DNA binding
SORBI_3009G184300	AP2_ERF domain-containing protein	repeat-associated domain	LIN	BP;CC;MF	PC	1	2.194588e-09	0.588804	1.34	86	yes	3	9	53747518	OS05G0497200 PROTEIN (PTHR31677:SF77)	DNA binding | nucleus | regulation of DNA-templated transcription
SORBI_3001G306400	Uncharacterized protein	""	CTL	CC	TG	4	2.237558e-09	0.917247	1.34	12	yes	1	1	59040123	EXPANSIN-B9 (PTHR31692:SF7)	extracellular region
SORBI_3001G306500	Uncharacterized protein	""	CTL	CC	TG	4	2.237558e-09	1	1.34	12	yes	1	1	59117709	EXPANSIN-B9 (PTHR31692:SF7)	extracellular region
SORBI_3009G024700	HTH myb-type domain-containing protein	repeat-associated domain	LIN	MF	PC	1	2.580864e-09	0.416267	1.34	43	yes	1	9	2210568	DUPLICATED HOMEODOMAIN-LIKE SUPERFAMILY PROTEIN-RELATED (PTHR44042:SF41)	DNA binding
SORBI_3006G017800	ARID domain-containing protein	repeat-associated domain	LIN	MF	PC	1	2.627536e-09	0.60522	1.34	43	yes	1	6	2928365	AT-RICH INTERACTIVE DOMAIN-CONTAINING PROTEIN 1 (PTHR46410:SF1)	DNA binding
SORBI_3001G320000	Subtilisin-like protease	""	CTL	CC	TG	2	2.783649e-09	1	1.34	12	yes	1	1	60784896	OS10G0524600 PROTEIN (PTHR10795:SF528)	extracellular region
SORBI_3009G173400	Transcription repressor	""	LIN	CC;MF	PC	1	3.597004e-09	0.453527	1.34	86	yes	2	9	52864166	TRANSCRIPTION REPRESSOR (PTHR33057:SF231)	DNA binding | nucleus
SORBI_3002G245200	Expansin-like EG45 domain-containing protein	repeat-associated domain	CTL	CC	TG	1	3.681911e-09	0.960654	1.34	12	yes	1	2	63373770	EG45-LIKE DOMAIN CONTAINING PROTEIN 1-RELATED (PTHR47295:SF2)	extracellular region
SORBI_3002G105300	SCP domain-containing protein	repeat-associated domain	CTL	CC	TG	1	4.633664e-09	0.759858	1.34	12	yes	1	2	12498857	PATHOGENESIS-RELATED PROTEIN 1 (PTHR10334:SF505)	extracellular region
SORBI_3010G147833	Uncharacterized protein	""	LIN	CC	SQDG	3	7.295295e-13	0.971506	1.31	21	yes	1	10	42331511	RABCONNECTIN-3B, ISOFORM A (PTHR44099:SF4)	cytoplasm
SORBI_3010G126600	Uncharacterized protein	""	LIN	CC	SQDG	1	5.483313e-12	0.579093	1.31	31	yes	2	10	15996301	OS01G0368700 PROTEIN (PTHR31621:SF28)	cytoplasm | membrane
SORBI_3010G134000	Pyrophosphate--fructose 6-phosphate 1-phosphotransferase subunit alpha	metabolic enzyme	LIN	CC;MF	SQDG	1	2.99833e-10	0.883538	1.31	21	yes	2	10	19512110	PYROPHOSPHATE--FRUCTOSE 6-PHOSPHATE 1-PHOSPHOTRANSFERASE SUBUNIT ALPHA (PTHR43650:SF25)	ATP binding | cytoplasm
SORBI_3006G276700	inorganic diphosphatase	""	LIN	CC	SQDG	1	5.775823e-10	0.492374	1.31	21	yes	1	6	60765127	SOLUBLE INORGANIC PYROPHOSPHATASE (PTHR10286:SF80)	cytoplasm
SORBI_3010G131300	BTB domain-containing protein	repeat-associated domain	LIN	CC	SQDG	1	6.700401e-10	0.63824	1.31	21	yes	1	10	18054398	ANKYRIN REPEAT AND BTB_POZ DOMAIN-CONTAINING PROTEIN 1 (PTHR46231:SF1)	cytoplasm
SORBI_3004G011700	Uncharacterized protein	""	LIN	MF	PC	2	3.593366e-15	0.690747	1.27	63	yes	2	4	962795	ENDOPLASMIC RETICULUM CHAPERONE BIP (PTHR19375:SF144)	ATP binding | ATP hydrolysis activity
SORBI_3007G090900	ATPase AAA-type core domain-containing protein	repeat-associated domain	LIN	MF	PC	1	3.414782e-11	0.817514	1.27	63	yes	2	7	14458102	""	ATP binding | ATP hydrolysis activity
SORBI_3007G039300	Morc S5 domain-containing protein	repeat-associated domain	LIN	CC;MF	PC	1	1.122257e-09	0.523241	1.27	86	yes	2	7	3793836	PROTEIN MICRORCHIDIA 1-RELATED (PTHR23336:SF50)	ATP hydrolysis activity | nucleus
SORBI_3001G229850	ATP-dependent DNA helicase	""	LIN	MF	PC	1	1.1635e-09	0.738439	1.27	21	yes	1	1	22187969	ATP-DEPENDENT DNA HELICASE (PTHR10492:SF98)	ATP hydrolysis activity
SORBI_3001G230000	ATP-dependent helicase ATRX	""	LIN	MF	PC	1	3.104802e-09	0.755262	1.27	63	yes	2	1	22219029	HELICASE ARIP4 (PTHR45797:SF1)	ATP binding | ATP hydrolysis activity
SORBI_3004G131040	Clp ATPase C-terminal domain-containing protein	repeat-associated domain	LIN	MF	PC	1	6.561714e-09	0.771703	1.27	63	yes	2	4	18261788	CLP PROTEASE REGULATORY SUBUNIT CLPX1, MITOCHONDRIAL (PTHR48102:SF6)	ATP binding | ATP hydrolysis activity
SORBI_3010G170150	Protein kinase domain-containing protein	metabolic enzyme	LIN	MF	TG	4	3.159062e-15	0.931392	1.21	45	yes	3	10	50163162	OS12G0608500 PROTEIN (PTHR27007:SF62)	ATP binding | nucleotide binding | protein kinase activity
SORBI_3006G243700	Protein kinase domain-containing protein	transport	LIN	CC;MF	PC;TG	3	1.258093e-13	1	1.21	97	yes	4	6	58380944	WALL-ASSOCIATED RECEPTOR KINASE-LIKE PROTEIN 9 (PTHR27005:SF436)	ATP binding | membrane | nucleotide binding | protein kinase activity
SORBI_3006G243800	Protein kinase domain-containing protein	transport	LIN	CC;MF	PC;TG	3	1.258093e-13	1	1.21	97	yes	4	6	58390635	WALL-ASSOCIATED RECEPTOR KINASE-LIKE PROTEIN 9 (PTHR27005:SF436)	ATP binding | membrane | nucleotide binding | protein kinase activity
SORBI_3001G033400	Protein kinase domain-containing protein	metabolic enzyme	LIN	MF	FA;TG	3	2.359303e-13	0.876788	1.21	45	yes	3	1	2528909	OS03G0821900 PROTEIN (PTHR45621:SF203)	ATP binding | nucleotide binding | protein kinase activity
SORBI_3001G032300	Protein kinase domain-containing protein	metabolic enzyme	LIN	CC;MF	FA;TG	4	2.487071e-13	0.883386	1.21	45	yes	4	1	2457833	L-TYPE LECTIN-DOMAIN CONTAINING RECEPTOR KINASE I.5-RELATED (PTHR27007:SF393)	ATP binding | nucleotide binding | plasma membrane | protein kinase activity
SORBI_3010G155401	Protein kinase domain-containing protein	transport	LIN	MF	SQDG;TG	4	7.843873e-13	0.537027	1.21	45	yes	3	10	45758087	LEUCINE-RICH REPEAT PROTEIN KINASE FAMILY PROTEIN (PTHR45974:SF283)	ATP binding | nucleotide binding | protein kinase activity
SORBI_3003G079800	Protein kinase domain-containing protein	metabolic enzyme	CTL;LIN	CC;MF	TG	3	1.367717e-12	0.659118	1.21	71	yes	4	3	6866484	OS01G0138300 PROTEIN (PTHR27009:SF97)	ATP binding | membrane | nucleotide binding | protein kinase activity
SORBI_3003G082401	Protein kinase domain-containing protein	metabolic enzyme	LIN	CC;MF	TG	5	1.367717e-12	1	1.21	71	yes	4	3	7074781	RECEPTOR SERINE_THREONINE KINASE (PTHR27009:SF128)	ATP binding | membrane | nucleotide binding | protein kinase activity
SORBI_3002G274600	Protein kinase domain-containing protein	metabolic enzyme	LIN	MF	TG	1	4.472363e-11	0.452086	1.21	45	yes	3	2	65731774	OS09G0531701 PROTEIN (PTHR27001:SF677)	ATP binding | nucleotide binding | protein kinase activity
SORBI_3009G077300	Protein kinase domain-containing protein	metabolic enzyme	LIN	MF	TG	1	2.07562e-10	0.551715	1.21	45	yes	3	9	10262626	PROTEIN KINASE SUPERFAMILY PROTEIN (PTHR47985:SF24)	ATP binding | nucleotide binding | protein kinase activity
SORBI_3003G081100	Protein kinase domain-containing protein	transport	LIN	CC;MF	TG	1	2.231631e-10	0.420027	1.21	71	yes	4	3	6981610	OS01G0136800 PROTEIN (PTHR46008:SF56)	ATP binding | membrane | nucleotide binding | protein kinase activity
SORBI_3001G113800	Protein kinase domain-containing protein	metabolic enzyme	LIN	MF	TG	1	3.708226e-10	1	1.21	45	yes	3	1	8916540	RECEPTOR PROTEIN KINASE TMK1 (PTHR47986:SF29)	ATP binding | nucleotide binding | protein kinase activity
SORBI_3001G115400	Protein kinase domain-containing protein	metabolic enzyme	LIN	MF	TG	1	3.708226e-10	0.62142	1.21	45	yes	3	1	9013778	MITOGEN-ACTIVATED PROTEIN KINASE KINASE 7-RELATED (PTHR24361:SF769)	ATP binding | nucleotide binding | protein kinase activity
SORBI_3010G032500	Protein kinase domain-containing protein	metabolic enzyme	LIN	MF	TG	2	4.164071e-10	1	1.21	45	yes	3	10	2595939	OS06G0142650 PROTEIN (PTHR47975:SF13)	ATP binding | nucleotide binding | protein kinase activity
SORBI_3003G268900	Protein kinase domain-containing protein	metabolic enzyme	LIN	MF	TG	1	5.47831e-10	1	1.21	45	yes	3	3	60572698	PROTEIN KINASE DOMAIN-CONTAINING PROTEIN (PTHR48011:SF17)	ATP binding | nucleotide binding | protein kinase activity
SORBI_3003G269000	Protein kinase domain-containing protein	metabolic enzyme	LIN	MF	TG	1	5.47831e-10	0.430012	1.21	45	yes	3	3	60581378	MITOGEN-ACTIVATED PROTEIN KINASE KINASE KINASE YODA (PTHR48011:SF89)	ATP binding | nucleotide binding | protein kinase activity
SORBI_3008G082500	Alanine--tRNA ligase	metabolic enzyme	LIN	CC;MF	TG	2	1.032193e-09	0.937777	1.21	45	yes	3	8	15433543	ALANINE--TRNA LIGASE, CYTOPLASMIC (PTHR11777:SF9)	ATP binding | cytoplasm | nucleotide binding
SORBI_3009G026800	Protein kinase domain-containing protein	metabolic enzyme	LIN	CC;MF	PC;TG	2	2.580864e-09	1	1.21	63	yes	5	9	2401314	L-TYPE LECTIN-DOMAIN CONTAINING RECEPTOR KINASE VIII.1 (PTHR27007:SF265)	ATP binding | nucleotide binding | plasma membrane | protein kinase activity | protein serine/threonine kinase activity
SORBI_3004G127400	Protein kinase domain-containing protein	metabolic enzyme	LIN	CC;MF	TG	2	5.534171e-09	0.821098	1.21	55	yes	5	4	15664382	CASEIN KINASE 1-LIKE PROTEIN 3-RELATED (PTHR11909:SF97)	ATP binding | cytoplasm | nucleotide binding | nucleus | protein kinase activity
SORBI_3009G055600	Protein kinase domain-containing protein	metabolic enzyme	LIN	CC;MF	TG	1	5.94131e-09	0.65179	1.21	71	yes	4	9	5628809	RECEPTOR-LIKE PROTEIN KINASE FAMILY PROTEIN-RELATED (PTHR27003:SF89)	ATP binding | membrane | nucleotide binding | protein kinase activity
SORBI_3002G111900	Receptor-like serine_threonine-protein kinase	transport	LIN	CC;MF	TG	1	6.895477e-09	0.445004	1.21	71	yes	4	2	13606990	OS07G0301500 PROTEIN (PTHR27002:SF526)	ATP binding | membrane | nucleotide binding | protein kinase activity
SORBI_3001G026100	Phospholipid_glycerol acyltransferase domain-containing protein	LIPID enzyme/transport	LIN	CC	FA	2	2.282694e-15	1	1.2	43	yes	1	1	2030756	OS01G0329000 PROTEIN (PTHR15486:SF90)	membrane
SORBI_3004G011900	Metal-nicotianamine transporter YSL8	transport	LIN	CC	FA;PC	3	3.593366e-15	0.513601	1.2	97	yes	1	4	969512	METAL-NICOTIANAMINE TRANSPORTER YSL7-RELATED (PTHR31645:SF22)	membrane
SORBI_3007G161400	Peroxisomal membrane protein PMP22	transport	LIN	CC	FA	2	7.157958e-15	0.885132	1.2	43	yes	1	7	59601980	OS08G0566900 PROTEIN (PTHR11266:SF46)	membrane
SORBI_3001G033300	Expansin	""	LIN	CC	FA;TG	3	2.359303e-13	0.934852	1.2	71	yes	1	1	2523358	EXPANSIN-A4 (PTHR31867:SF151)	membrane
SORBI_3001G037400	Protein kinase domain-containing protein	metabolic enzyme	LIN	CC;MF	FA;PC	2	2.359303e-13	0.840993	1.2	97	yes	3	1	2787774	LEUCINE-RICH REPEAT PROTEIN KINASE FAMILY PROTEIN (PTHR27008:SF11)	ATP binding | membrane | protein kinase activity
SORBI_3001G012000	4-hydroxyphenylacetaldehyde oxime monooxygenase	""	LIN	CC	FA;TG	3	4.240237e-13	1	1.2	71	yes	1	1	1031520	CYTOCHROME P450 71B10 (PTHR47956:SF80)	membrane
SORBI_3003G076700	Cytochrome P450	""	LIN	CC	FA	2	2.1307e-12	0.974322	1.2	43	yes	1	3	6534829	CYTOCHROME P450 89A2 (PTHR24298:SF892)	membrane
SORBI_3003G076800	Cytochrome P450	""	LIN	CC	FA	2	2.1307e-12	0.954132	1.2	43	yes	1	3	6539125	CYTOCHROME P450 89A2 (PTHR24298:SF892)	membrane
SORBI_3001G106600	Sulfite exporter TauE_SafE family protein	metabolic enzyme	LIN	CC	FA	1	3.131227e-12	0.422492	1.2	43	yes	1	1	8225098	SULFITE EXPORTER TAUE_SAFE FAMILY PROTEIN 4 (PTHR14255:SF5)	membrane
SORBI_3001G098800	ATP synthase	metabolic enzyme	LIN	CC	FA;PC	3	3.787446e-12	0.443611	1.2	97	yes	1	1	7572699	ATP SYNTHASE F1, DELTA SUBUNIT FAMILY PROTEIN, EXPRESSED (PTHR11910:SF16)	membrane
SORBI_3007G048700	Band 7 domain-containing protein	transport	LIN	CC	FA;PC	2	1.165368e-11	1	1.2	97	yes	1	7	4836377	STOMATIN-LIKE PROTEIN 2, MITOCHONDRIAL (PTHR43327:SF10)	membrane
SORBI_3007G050000	Tobamovirus multiplication protein 2A	""	LIN	CC	FA	1	1.165368e-11	0.449529	1.2	43	yes	1	7	5024204	OS08G0159100 PROTEIN (PTHR19282:SF425)	membrane
SORBI_3003G386800	Cytochrome b561 and DOMON domain-containing protein	repeat-associated domain	LIN	CC	FA;PC	2	1.442762e-11	0.508529	1.2	97	yes	1	3	69880703	OS01G0895300 PROTEIN (PTHR23130:SF171)	membrane
SORBI_3010G224400	Potassium transporter	transport	LIN	CC	FA;PC	3	2.538942e-11	0.931832	1.2	97	yes	1	10	56622387	POTASSIUM TRANSPORTER 13-RELATED (PTHR30540:SF88)	membrane
SORBI_3001G213300	Cytochrome P450	""	LIN	CC	FA;TG	2	2.66193e-11	0.8274	1.2	71	yes	1	1	19695007	CYTOCHROME P450 86B1 (PTHR24296:SF3)	membrane
SORBI_3001G512100	Magnesium transporter	transport	LIN	CC	FA	2	4.20874e-11	0.659502	1.2	43	yes	1	1	78001611	MAGNESIUM TRANSPORTER MRS2-H-RELATED (PTHR13890:SF36)	membrane
SORBI_3001G512400	CSC1-like protein	""	LIN	CC	FA	2	4.20874e-11	1	1.2	43	yes	1	1	78011687	EXPRESSED PROTEIN (PTHR13018:SF114)	membrane
SORBI_3002G209200	Glutamate receptor	transport	LIN	CC	FA	1	6.390425e-11	0.408001	1.2	43	yes	1	2	60110032	GLUTAMATE RECEPTOR (PTHR18966:SF566)	membrane
SORBI_3004G310300	Mitochondrial phosphate transporter	transport	LIN	CC;MF	FA;PC	2	9.372811e-11	0.692718	1.2	97	yes	2	4	64710103	MITOCHONDRIAL PHOSPHATE TRANSPORTER (PTHR45671:SF17)	mRNA binding | membrane
SORBI_3004G017900	Uncharacterized protein	""	LIN	CC	FA	1	1.312638e-10	0.589958	1.2	43	yes	3	4	1410011	RAC-LIKE GTP-BINDING PROTEIN ARAC3 (PTHR24072:SF286)	cytoplasm | membrane | plasma membrane
SORBI_3004G018800	HVA22-like protein	""	LIN	CC	FA;PC	2	1.312638e-10	0.563532	1.2	97	yes	1	4	1476076	LP05237P-RELATED (PTHR12300:SF117)	membrane
SORBI_3005G121300	HVA22-like protein	""	LIN	CC	FA	2	1.883808e-10	0.759112	1.2	43	yes	1	5	53369937	HVA22-LIKE PROTEIN (PTHR12300:SF123)	membrane
SORBI_3003G120500	TLC domain-containing protein	repeat-associated domain	LIN	CC	FA	1	1.921e-10	0.902863	1.2	43	yes	1	3	10950948	TLC DOMAIN-CONTAINING PROTEIN 5 (PTHR31898:SF1)	membrane
SORBI_3004G182000	Late embryogenesis abundant protein LEA-2 subgroup domain-containing protein	repeat-associated domain	LIN	CC	FA;PC;TG	6	2.053025e-10	0.943554	1.2	97	yes	1	4	53540582	NDR1_HIN1-LIKE PROTEIN 6 (PTHR31852:SF1)	membrane
SORBI_3002G166150	Protein kinase domain-containing protein	transport	LIN	CC;MF	FA	1	3.853181e-10	0.538352	1.2	43	yes	3	2	51969835	PROTEIN KINASE DOMAIN-CONTAINING PROTEIN (PTHR27005:SF541)	ATP binding | membrane | plasma membrane
SORBI_3002G264600	C2 domain-containing protein	repeat-associated domain	LIN	CC	FA	1	1.214883e-09	0.894252	1.2	43	yes	1	2	64910802	BAG-ASSOCIATED GRAM PROTEIN 1 (PTHR47038:SF1)	membrane
SORBI_3002G265200	Formin-like protein	""	LIN	CC	FA	1	1.214883e-09	0.732361	1.2	43	yes	1	2	65036186	FORMIN-LIKE PROTEIN 15 (PTHR23213:SF336)	membrane
SORBI_3002G128700	Clathrin light chain	""	LIN	CC	FA	1	3.55823e-09	0.62357	1.2	43	yes	2	2	17952892	CLATHRIN LIGHT CHAIN 1 (PTHR10639:SF33)	membrane | plasma membrane
SORBI_3006G192000	RRM domain-containing protein	repeat-associated domain	LIN	MF	FA	2	2.240513e-17	1	1.19	18	yes	1	6	54602764	NUCLEOLAR PROTEIN 8 (PTHR48029:SF1)	nucleic acid binding
SORBI_3004G010050	CCHC-type domain-containing protein	repeat-associated domain	LIN	MF	FA	4	4.92621e-15	0.777777	1.19	18	yes	1	4	846504	OS02G0303350 PROTEIN (PTHR33075:SF7)	nucleic acid binding
SORBI_3005G119950	CCHC-type domain-containing protein	repeat-associated domain	LIN	CC;MF	FA	3	1.538159e-14	1	1.19	30	yes	3	5	52212969	OS11G0296500 PROTEIN (PTHR23002:SF89)	cytoplasm | mRNA binding | nucleic acid binding
SORBI_3005G120301	CCHC-type domain-containing protein	repeat-associated domain	LIN	CC;MF	FA	3	1.538159e-14	0.930177	1.19	30	yes	3	5	52409640	OS11G0296500 PROTEIN (PTHR23002:SF89)	cytoplasm | mRNA binding | nucleic acid binding
SORBI_3008G132300	Bicarbonate transporter-like transmembrane domain-containing protein	transport	CTL	BP;CC	TG	10	6.204077e-14	0.623157	1.19	44	yes	3	8	55898550	BORON TRANSPORTER 3-RELATED (PTHR11453:SF110)	membrane | plasma membrane | transmembrane transport
SORBI_3008G132500	ABC transporter domain-containing protein	transport	CTL	BP;CC	TG	10	6.204077e-14	0.651557	1.19	44	yes	2	8	55908329	PLEIOTROPIC DRUG RESISTANCE PROTEIN (PTHR19241:SF630)	membrane | transmembrane transport
SORBI_3001G099800	DNA_RNA-binding protein Alba-like domain-containing protein	repeat-associated domain	LIN	CC;MF	FA;PC	4	7.419754e-14	0.88857	1.19	86	yes	2	1	7634252	EXPRESSED PROTEIN (PTHR13516:SF11)	nucleic acid binding | nucleus
SORBI_3001G032550	Uncharacterized protein	""	LIN	MF	FA	4	2.487071e-13	0.876788	1.19	18	yes	1	1	2475268	OS11G0246100 PROTEIN (PTHR13068:SF102)	nucleic acid binding
SORBI_3001G402300	RRM domain-containing protein	repeat-associated domain	LIN	CC;MF	FA	2	1.716327e-11	0.648714	1.19	38	yes	2	1	68785271	U2 SMALL NUCLEAR RIBONUCLEOPROTEIN B''-RELATED (PTHR10501:SF71)	nucleic acid binding | nucleus
SORBI_3004G004100	RNA-binding protein 48	""	LIN	MF	FA	2	1.468624e-10	0.409139	1.19	18	yes	1	4	354967	RNA-BINDING PROTEIN 48 (PTHR20957:SF0)	nucleic acid binding
SORBI_3001G496800	STAS domain-containing protein	transport	CTL	BP;CC	TG	1	4.642585e-10	0.551176	1.19	44	yes	2	1	76678203	SULFATE TRANSPORTER 3.1 (PTHR11814:SF60)	membrane | transmembrane transport
SORBI_3010G214800	CASP-like protein 2C1	""	LIN	CC	FA;PC	3	5.788243e-15	0.862589	1.16	39	yes	1	10	55772570	CASP-LIKE PROTEIN 2C2 (PTHR11615:SF241)	plasma membrane
SORBI_3001G035400	Uncharacterized protein	""	LIN	CC	FA	3	2.359303e-13	0.829263	1.16	21	yes	1	1	2660718	OS03G0819900 PROTEIN (PTHR47980:SF73)	plasma membrane
SORBI_3001G038000	Multiple inositol polyphosphate phosphatase 1	""	LIN	CC	FA	1	2.359303e-13	0.456948	1.16	21	yes	1	1	2822265	MULTIPLE INOSITOL POLYPHOSPHATE PHOSPHATASE 1 (PTHR20963:SF8)	plasma membrane
SORBI_3003G356600	PRONE domain-containing protein	repeat-associated domain	LIN	CC	FA	2	5.155536e-13	0.429206	1.16	21	yes	1	3	67492758	ROP GUANINE NUCLEOTIDE EXCHANGE FACTOR 7 (PTHR33101:SF14)	plasma membrane
SORBI_3006G187000	Protein kinase domain-containing protein	transport	LIN	CC;MF	FA	2	1.025088e-12	0.527725	1.16	30	yes	2	6	54187565	INACTIVE LEUCINE-RICH REPEAT RECEPTOR KINASE XIAO-RELATED (PTHR27000:SF642)	ATP binding | plasma membrane
SORBI_3004G062300	FAS1 domain-containing protein	repeat-associated domain	LIN	CC	FA	2	1.270875e-11	0.699023	1.16	21	yes	1	4	5031191	FASCICLIN-LIKE ARABINOGALACTAN PROTEIN 3 (PTHR32382:SF34)	plasma membrane
SORBI_3010G223900	OTU domain-containing protein	repeat-associated domain	LIN	CC	FA;PC	3	2.538942e-11	1	1.16	39	yes	1	10	56567398	OVARIAN TUMOR DOMAIN-CONTAINING DEUBIQUITINATING ENZYME 11 (PTHR12419:SF85)	plasma membrane
SORBI_3002G187400	Protein kinase domain-containing protein	metabolic enzyme	LIN	CC;MF	FA	2	5.881396e-11	0.650543	1.16	30	yes	2	2	57163268	SERINE_THREONINE-PROTEIN KINASE PBL28-RELATED (PTHR47989:SF47)	ATP binding | plasma membrane
SORBI_3008G123500	J domain-containing protein	repeat-associated domain	LIN	CC	FA;PC	2	2.78608e-10	0.529477	1.16	39	yes	1	8	54638938	EXPRESSED PROTEIN (PTHR23172:SF102)	plasma membrane
SORBI_3001G414500	PGG domain-containing protein	repeat-associated domain	LIN	CC	FA	1	5.568219e-10	0.412984	1.16	21	yes	1	1	69618751	ANKYRIN REPEAT-CONTAINING PROTEIN ITN1 (PTHR24186:SF48)	plasma membrane
SORBI_3007G059600	Protein kinase domain-containing protein	transport	LIN	CC;MF	FA	1	5.189731e-09	0.421505	1.16	30	yes	2	7	6233483	SOMATIC EMBRYOGENESIS RECEPTOR KINASE 2 (PTHR47988:SF32)	ATP binding | plasma membrane
SORBI_3008G100600	SEC7 domain-containing protein	repeat-associated domain	LIN	CC	PC;TG	5	5.261562e-14	0.970005	1.15	97	yes	1	8	47686157	ARF GUANINE-NUCLEOTIDE EXCHANGE FACTOR GNL2 (PTHR10663:SF322)	membrane
SORBI_3001G030800	NAC domain-containing protein	repeat-associated domain	LIN	BP;CC;MF	FA;TG	4	9.303456e-14	0.8156	1.15	55	yes	3	1	2373855	NAC DOMAIN TRANSCRIPTION FACTOR SUPERFAMILY PROTEIN-RELATED (PTHR31989:SF99)	DNA binding | nucleus | regulation of DNA-templated transcription
SORBI_3005G187900	Protein kinase domain-containing protein	transport	LIN	CC;MF	TG	1	9.980751e-14	0.587544	1.15	71	yes	3	5	67254365	OS11G0681400 PROTEIN (PTHR27002:SF935)	ATP binding | membrane | protein kinase activity
SORBI_3006G243900	Wall-associated receptor kinase galacturonan-binding domain-containing protein	metabolic enzyme	LIN	CC	PC;TG	3	1.258093e-13	1	1.15	97	yes	1	6	58395638	OS04G0651200 PROTEIN (PTHR33491:SF45)	membrane
SORBI_3001G034300	Dof zinc finger protein	repeat-associated domain	LIN	BP;CC;MF	FA;TG	3	2.359303e-13	0.762513	1.15	55	yes	3	1	2611023	DOF ZINC FINGER PROTEIN (PTHR31992:SF351)	DNA binding | nucleus | regulation of DNA-templated transcription
SORBI_3001G036800	AP2_ERF domain-containing protein	repeat-associated domain	LIN	BP;CC;MF	FA;TG	3	2.359303e-13	1	1.15	55	yes	3	1	2736885	OS03G0818800 PROTEIN (PTHR32467:SF67)	DNA binding | nucleus | regulation of DNA-templated transcription
SORBI_3002G116800	Uncharacterized protein	metabolic enzyme	LIN	CC	PC;TG	6	3.761098e-13	0.971699	1.15	97	yes	1	2	14448673	ALPHA-1,2-GALACTOSYLTRANSFERASE (PTHR31306:SF4)	membrane
SORBI_3004G087500	ADP,ATP carrier protein	transport	LIN	CC	TG	1	7.060457e-13	0.589824	1.15	71	yes	1	4	7408007	ADP,ATP CARRIER PROTEIN 1, CHLOROPLASTIC (PTHR31187:SF13)	membrane
SORBI_3006G036400	RING-type domain-containing protein	metabolic enzyme	CTL;LIN	CC	TG	4	9.59957e-13	0.928456	1.15	71	yes	1	6	12195253	RING-H2 FINGER PROTEIN ATL2L (PTHR22765:SF446)	membrane
SORBI_3008G072800	Uncharacterized protein	""	LIN	BP;CC;MF	TG	2	1.106363e-12	0.891225	1.15	55	yes	3	8	9834521	MADS-BOX TRANSCRIPTION FACTOR 33 (PTHR11945:SF655)	DNA binding | nucleus | regulation of DNA-templated transcription
SORBI_3008G072900	MADS-box transcription factor	""	LIN	BP;CC;MF	TG	2	1.106363e-12	0.611659	1.15	55	yes	3	8	10080024	MADS-BOX TRANSCRIPTION FACTOR 13 (PTHR11945:SF741)	DNA binding | nucleus | regulation of DNA-templated transcription
SORBI_3010G170600	HSF-type DNA-binding domain-containing protein	repeat-associated domain	LIN	BP;CC;MF	TG	4	1.227939e-12	0.561733	1.15	55	yes	3	10	50202452	HEAT STRESS TRANSCRIPTION FACTOR A-2 (PTHR10015:SF338)	DNA binding | nucleus | regulation of DNA-templated transcription
SORBI_3003G081200	Wall-associated receptor kinase galacturonan-binding domain-containing protein	metabolic enzyme	LIN	CC	TG	1	1.367717e-12	0.442731	1.15	71	yes	1	3	6986369	WALL-ASSOCIATED RECEPTOR KINASE GALACTURONAN-BINDING DOMAIN-CONTAINING PROTEIN (PTHR33138:SF49)	membrane
SORBI_3003G083500	Protein kinase domain-containing protein	transport	LIN	CC;MF	TG	5	1.367717e-12	1	1.15	71	yes	3	3	7186129	PROTEIN KINASE DOMAIN-CONTAINING PROTEIN (PTHR48007:SF9)	ATP binding | membrane | protein kinase activity
SORBI_3009G073300	Late embryogenesis abundant protein LEA-2 subgroup domain-containing protein	repeat-associated domain	LIN	CC	PC;TG	3	8.390241e-12	0.465602	1.15	97	yes	1	9	9096728	OS05G0199100 PROTEIN (PTHR31234:SF2)	membrane
SORBI_3010G116400	Amino acid transporter transmembrane domain-containing protein	transport	LIN	CC	SQDG;TG	3	1.459576e-11	0.555895	1.15	71	yes	1	10	12668908	AMINO ACID TRANSPORTER AVT6A (PTHR22950:SF643)	membrane
SORBI_3004G136600	Bidirectional sugar transporter SWEET	transport	LIN	CC	TG	1	1.777653e-11	0.861044	1.15	71	yes	1	4	35757216	BIDIRECTIONAL SUGAR TRANSPORTER SWEET6-RELATED (PTHR10791:SF130)	membrane
SORBI_3001G183200	MBD domain-containing protein	repeat-associated domain	LIN	CC;MF	TG	2	2.281133e-11	0.886505	1.15	55	yes	2	1	15544957	OS04G0193200 PROTEIN (PTHR34067:SF25)	DNA binding | nucleus
SORBI_3010G092700	Amino acid transporter transmembrane domain-containing protein	transport	LIN	CC	TG	1	3.230852e-11	1	1.15	71	yes	1	10	8247197	OS06G0228500 PROTEIN (PTHR48017:SF189)	membrane
SORBI_3001G186300	Sec20 family protein	""	LIN	CC	PC;TG	3	1.27878e-10	1	1.15	97	yes	2	1	15934074	RNA POLYMERASE II TRANSCRIPTION MEDIATORS (PTHR12825:SF1)	endoplasmic reticulum | membrane
SORBI_3010G158832	X8 domain-containing protein	repeat-associated domain	LIN	CC	PC;SQDG;TG	3	1.749323e-10	0.987067	1.15	97	yes	2	10	46676010	PLASMODESMATA CALLOSE-BINDING PROTEIN 5 (PTHR31044:SF33)	membrane | plasma membrane
SORBI_3004G184000	Vesicle transport protein	""	LIN	CC	PC;TG	4	2.053025e-10	0.556044	1.15	97	yes	2	4	53738691	VESICLE TRANSPORT PROTEIN (PTHR23137:SF6)	cytoplasm | membrane
SORBI_3001G128100	Late embryogenesis abundant protein LEA-2 subgroup domain-containing protein	repeat-associated domain	LIN	CC	PC;TG	2	2.340595e-10	0.971284	1.15	97	yes	1	1	10084533	EXPRESSED PROTEIN (PTHR31234:SF4)	membrane
SORBI_3001G131001	BGGP Beta-1-3-galactosyl-O-glycosyl-glycoprotein	metabolic enzyme	LIN	CC	TG	1	2.340595e-10	0.437295	1.15	71	yes	1	1	10290723	BETA-1-3-GALACTOSYL-O-GLYCOSYL-GLYCOPROTEIN, PUTATIVE, EXPRESSED-RELATED (PTHR45719:SF6)	membrane
SORBI_3001G119400	Microsomal glutathione S-transferase 3	metabolic enzyme	LIN	CC	TG	2	2.573481e-10	0.887036	1.15	71	yes	1	1	9284414	MICROSOMAL GLUTATHIONE S-TRANSFERASE (PTHR10250:SF22)	membrane
SORBI_3001G119800	GTD-binding domain-containing protein	repeat-associated domain	LIN	CC	TG	2	2.573481e-10	0.990153	1.15	71	yes	1	1	9317229	GTD-BINDING DOMAIN-CONTAINING PROTEIN (PTHR31448:SF23)	membrane
SORBI_3005G161900	Obtusifoliol 14-alpha demethylase	""	LIN	CC	TG	1	3.342684e-10	1	1.15	71	yes	1	5	63707617	OS05G0416400 PROTEIN (PTHR24286:SF40)	membrane
SORBI_3002G113900	Uncharacterized protein	""	LIN	CC	PC;TG	4	3.601268e-10	1	1.15	97	yes	2	2	13901450	C2 CALCIUM_LIPID-BINDING ENDONUCLEASE_EXONUCLEASE_PHOSPHATASE-RELATED (PTHR10774:SF190)	cytoplasm | membrane
SORBI_3001G113700	Cytochrome b561 domain-containing protein	metabolic enzyme	LIN	CC	TG	1	3.708226e-10	0.671791	1.15	71	yes	1	1	8907255	CYTOCHROME B561 FAMILY PROTEIN, EXPRESSED (PTHR10106:SF43)	membrane
SORBI_3001G114200	Protein POLLEN DEFECTIVE IN GUIDANCE 1	""	LIN	CC	TG	1	3.708226e-10	0.936153	1.15	71	yes	1	1	8950097	TRANSMEMBRANE ANTERIOR POSTERIOR TRANSFORMATION PROTEIN 1 HOMOLOG (PTHR13317:SF4)	membrane
SORBI_3004G140501	BED-type domain-containing protein	repeat-associated domain	CTL;LIN	CC;MF	TG	1	4.396448e-10	0.857406	1.15	55	yes	2	4	40949367	BOUNDARY ELEMENT ASSOCIATED FACTOR (PTHR34396:SF25)	DNA binding | nucleus
SORBI_3001G106000	Uncharacterized protein	""	LIN	BP;CC;MF	TG	2	4.64253e-10	0.842873	1.15	55	yes	3	1	8143601	HOMEOBOX PROTEIN KNOTTED-1-LIKE 7 (PTHR11850:SF87)	DNA binding | nucleus | regulation of DNA-templated transcription
SORBI_3003G269300	Bidirectional sugar transporter SWEET	transport	LIN	CC	TG	1	5.47831e-10	0.885167	1.15	71	yes	1	3	60606092	BIDIRECTIONAL SUGAR TRANSPORTER SWEET2B (PTHR10791:SF54)	membrane
SORBI_3005G198901	VASt domain-containing protein	repeat-associated domain	LIN	CC	TG	1	5.554667e-10	0.462573	1.15	71	yes	1	5	68407785	""	membrane
SORBI_3005G204600	MADS-box domain-containing protein	repeat-associated domain	LIN	CC;MF	TG	1	6.197708e-10	1	1.15	55	yes	2	5	69030779	AGAMOUS-LIKE MADS-BOX PROTEIN AGL65 (PTHR11945:SF410)	DNA binding | nucleus
SORBI_3001G126900	Oleosin	""	LIN	CC	PC;TG	2	6.794453e-10	0.419986	1.15	97	yes	1	1	9964452	OLEOSIN 20.3 KDA (PTHR33203:SF44)	membrane
SORBI_3007G042300	TMPIT-like protein	""	LIN	CC	PC;TG	3	7.231734e-10	0.459019	1.15	97	yes	1	7	4200312	TRANSMEMBRANE PROTEIN 120 HOMOLOG (PTHR21433:SF0)	membrane
SORBI_3001G183300	MBD domain-containing protein	repeat-associated domain	LIN	CC;MF	TG	1	7.301441e-10	0.888775	1.15	55	yes	2	1	15561553	OS04G0193200 PROTEIN (PTHR34067:SF25)	DNA binding | nucleus
SORBI_3008G106900	Uncharacterized protein	""	LIN	CC	PC;TG	2	8.940573e-10	0.557193	1.15	97	yes	1	8	50336070	PROTEIN CORNICHON (PTHR12290:SF11)	membrane
SORBI_3004G284500	ORM1-like protein 3	""	LIN	CC	TG	1	1.081863e-09	1	1.15	71	yes	1	4	62673245	ORM1-LIKE PROTEIN 2 (PTHR12665:SF30)	membrane
SORBI_3001G040900	NAC domain-containing protein	repeat-associated domain	LIN	BP;MF	TG	3	1.127564e-09	0.436532	1.15	28	yes	2	1	3050241	NAC DOMAIN-CONTAINING PROTEIN (PTHR31989:SF188)	DNA binding | regulation of DNA-templated transcription
SORBI_3002G321400	Glutamate receptor	transport	LIN	CC	TG	1	1.195756e-09	0.459682	1.15	71	yes	1	2	69307142	GLUTAMATE RECEPTOR 3.4 (PTHR18966:SF487)	membrane
SORBI_3003G185900	protein-serine_threonine phosphatase	""	LIN	CC	TG	1	1.531726e-09	0.857232	1.15	71	yes	1	3	50284500	[PYRUVATE DEHYDROGENASE [ACETYL-TRANSFERRING]]-PHOSPHATASE 2, MITOCHONDRIAL (PTHR13832:SF589)	membrane
SORBI_3001G218900	Sugar phosphate transporter domain-containing protein	transport	LIN	CC	TG	1	1.791014e-09	0.438477	1.15	71	yes	1	1	20374729	OS12G0154000 PROTEIN (PTHR11132:SF329)	membrane
SORBI_3010G108301	3-ketoacyl-CoA synthase	metabolic enzyme	LIN	CC	TG	2	2.08827e-09	0.856268	1.15	71	yes	1	10	10748990	3-KETOACYL-COA SYNTHASE (PTHR31561:SF79)	membrane
SORBI_3001G249000	Amino acid transporter transmembrane domain-containing protein	transport	LIN	CC	PC;TG	2	2.292256e-09	0.607849	1.15	97	yes	1	1	26846301	OS10G0415100 PROTEIN (PTHR48017:SF112)	membrane
SORBI_3001G249300	Leucine-rich repeat-containing N-terminal plant-type domain-containing protein	repeat-associated domain	LIN	CC	PC;TG	2	2.292256e-09	0.649954	1.15	97	yes	2	1	26887624	LEUCINE-RICH REPEAT-CONTAINING N-TERMINAL PLANT-TYPE DOMAIN-CONTAINING PROTEIN (PTHR27004:SF449)	membrane | plasma membrane
SORBI_3001G009700	Histone H2A	""	LIN	CC;MF	TG	2	2.587156e-09	0.408033	1.15	55	yes	2	1	881235	HISTONE H2A (PTHR23430:SF413)	DNA binding | nucleus
SORBI_3008G148600	TF-B3 domain-containing protein	repeat-associated domain	LIN	CC;MF	TG	1	3.286558e-09	0.426728	1.15	55	yes	2	8	58193309	B3 DOMAIN-CONTAINING PROTEIN OS12G0591400 (PTHR31391:SF140)	DNA binding | nucleus
SORBI_3008G148700	TF-B3 domain-containing protein	repeat-associated domain	LIN	CC;MF	TG	2	3.286558e-09	0.481059	1.15	55	yes	2	8	58200637	B3 DOMAIN-CONTAINING PROTEIN OS12G0591400 (PTHR31391:SF140)	DNA binding | nucleus
SORBI_3008G148900	TF-B3 domain-containing protein	repeat-associated domain	LIN	CC;MF	TG	2	3.286558e-09	0.456105	1.15	55	yes	2	8	58213213	B3 DOMAIN-CONTAINING PROTEIN OS12G0591400 (PTHR31391:SF140)	DNA binding | nucleus
SORBI_3008G149650	Myb-like domain-containing protein	repeat-associated domain	LIN	BP;CC;MF	TG	1	3.286558e-09	0.418409	1.15	55	yes	3	8	58270554	G2-LIKE TRANSCRIPTION FACTOR (PTHR31496:SF28)	DNA binding | nucleus | regulation of DNA-templated transcription
SORBI_3002G373900	Uncharacterized protein	""	LIN	CC	TG	1	3.927717e-09	0.929213	1.15	71	yes	1	2	73176173	OS07G0614600 PROTEIN (PTHR21229:SF20)	membrane
SORBI_3006G055300	RNA polymerase III subunit C4	""	LIN	CC;MF	TG	1	4.013375e-09	0.413361	1.15	55	yes	2	6	39741831	DNA-DIRECTED RNA POLYMERASE III SUBUNIT RPC4 (PTHR13408:SF0)	DNA binding | nucleus
SORBI_3010G172400	Transmembrane 9 superfamily member	transport	LIN	CC	TG	2	4.600699e-09	0.459716	1.15	71	yes	2	10	50682130	TRANSMEMBRANE 9 SUPERFAMILY MEMBER 2 (PTHR10766:SF111)	cytoplasm | membrane
SORBI_3010G074000	Protein kinase domain-containing protein	transport	LIN	CC;MF	TG	1	4.827525e-09	1	1.15	71	yes	3	10	6043660	LEUCINE-RICH REPEAT PROTEIN KINASE FAMILY PROTEIN (PTHR48007:SF38)	ATP binding | membrane | protein kinase activity
SORBI_3008G077400	Methyltransferase	metabolic enzyme	LIN	CC	TG	1	5.409874e-09	0.712972	1.15	71	yes	1	8	11880435	""	membrane
SORBI_3009G061400	Leucine-rich repeat-containing N-terminal plant-type domain-containing protein	transport	LIN	CC	TG	1	5.496792e-09	1	1.15	71	yes	1	9	6406992	OS05G0170300 PROTEIN (PTHR27000:SF809)	membrane
SORBI_3007G011200	Uncharacterized protein	metabolic enzyme	LIN	CC	TG	1	5.521014e-09	0.406507	1.15	71	yes	1	7	1000555	OS08G0110400 PROTEIN (PTHR31042:SF3)	membrane
SORBI_3007G013800	MADS-box transcription factor 26	""	LIN	BP;CC;MF	TG	1	5.521014e-09	0.43115	1.15	55	yes	3	7	1216492	MADS-BOX TRANSCRIPTION FACTOR 26 (PTHR11945:SF801)	DNA binding | nucleus | regulation of DNA-templated transcription
SORBI_3007G015100	Cytochrome P450	""	LIN	CC	TG	1	5.521014e-09	0.409701	1.15	71	yes	1	7	1312378	CYTOCHROME P450 SUPERFAMILY PROTEIN (PTHR24298:SF82)	membrane
SORBI_3008G149100	TF-B3 domain-containing protein	repeat-associated domain	LIN	CC;MF	TG	1	6.189135e-09	1	1.15	55	yes	2	8	58236294	TF-B3 DOMAIN-CONTAINING PROTEIN (PTHR31920:SF151)	DNA binding | nucleus
SORBI_3009G112600	UDP-glucuronate decarboxylase	""	LIN	CC	TG	1	6.493554e-09	0.434031	1.15	71	yes	1	9	45262060	UDP-GLUCURONATE DECARBOXYLASE (PTHR43078:SF24)	membrane
SORBI_3002G222900	Salt tolerant protein	""	LIN	CC	TG	1	6.716303e-09	1	1.15	71	yes	1	2	61437795	TRANSMEMBRANE PROTEIN 50A (PTHR13180:SF0)	membrane
SORBI_3002G223000	GOLD domain-containing protein	repeat-associated domain	LIN	CC	TG	1	6.716303e-09	0.645803	1.15	71	yes	1	2	61441856	OS09G0453200 PROTEIN (PTHR22811:SF73)	membrane
SORBI_3007G041200	Cytochrome P450	""	LIN	CC	TG	1	7.478504e-09	0.468663	1.15	71	yes	1	7	4059188	CYTOCHROME P450 FAMILY 87 SUBFAMILY A POLYPEPTIDE 6 (PTHR24298:SF851)	membrane
SORBI_3007G212300	RRM domain-containing protein	repeat-associated domain	LIN	CC;MF	FA	1	6.043383e-14	0.428266	1.14	38	yes	3	7	64106677	RNA BINDING (RRM_RBD_RNP MOTIFS) FAMILY PROTEIN (PTHR14738:SF32)	cytoplasm | nucleic acid binding | nucleus
SORBI_3001G034000	Uncharacterized protein	""	LIN	MF	FA	3	2.359303e-13	0.802798	1.14	18	yes	1	1	2557849	OS11G0246100 PROTEIN (PTHR13068:SF102)	nucleic acid binding
SORBI_3001G034600	CCHC-type domain-containing protein	repeat-associated domain	LIN	MF	FA	3	2.359303e-13	0.907622	1.14	18	yes	1	1	2628433	OS03G0820700 PROTEIN (PTHR47103:SF7)	nucleic acid binding
SORBI_3001G259500	PRA1 family protein	""	LIN	CC	PC	2	1.626147e-12	0.837982	1.14	97	yes	2	1	31240872	PRA1 FAMILY PROTEIN (PTHR19317:SF96)	endoplasmic reticulum | membrane
SORBI_3003G382900	Signal recognition particle subunit SRP72	""	LIN	CC	PC	2	1.296771e-11	0.916483	1.14	12	yes	1	3	69625904	SIGNAL RECOGNITION PARTICLE SUBUNIT SRP72 (PTHR14094:SF9)	endoplasmic reticulum
SORBI_3010G224300	Peptidyl-prolyl cis-trans isomerase	metabolic enzyme	LIN	CC;MF	FA;PC	3	2.538942e-11	0.931832	1.14	86	yes	3	10	56603672	PEPTIDYL-PROLYL CIS-TRANS ISOMERASE-LIKE 4 (PTHR45843:SF1)	RNA binding | nucleic acid binding | nucleus
SORBI_3007G180000	RRM domain-containing protein	repeat-associated domain	LIN	MF	FA;PC	4	3.373222e-11	0.564967	1.14	35	yes	2	7	61342445	PROTEIN MATERNALLY EXPRESSED GENE 5 (PTHR10501:SF80)	RNA binding | nucleic acid binding
SORBI_3005G117801	CCHC-type domain-containing protein	repeat-associated domain	LIN	MF	FA	2	1.291576e-10	1	1.14	18	yes	1	5	51754050	OS10G0201600 PROTEIN (PTHR33087:SF38)	nucleic acid binding
SORBI_3003G122500	RRM domain-containing protein	repeat-associated domain	LIN	CC;MF	FA	1	1.921e-10	0.661071	1.14	38	yes	4	3	11146057	RNA-BINDING PROTEIN P (PTHR10352:SF35)	cytoplasm | mRNA binding | nucleic acid binding | nucleus
SORBI_3001G105200	ATP-dependent RNA helicase	""	LIN	MF	FA;TG	3	2.457121e-10	0.899091	1.14	45	yes	2	1	8052239	ATP-DEPENDENT RNA HELICASE DDX56-RELATED (PTHR24031:SF96)	ATP binding | nucleic acid binding
SORBI_3004G347100	S-acyltransferase	LIPID enzyme/transport	LIN	CC	PC	1	4.143566e-10	0.529881	1.14	97	yes	2	4	67661968	PROTEIN S-ACYLTRANSFERASE 15-RELATED (PTHR22883:SF398)	endoplasmic reticulum | membrane
SORBI_3003G374200	J domain-containing protein	repeat-associated domain	LIN	CC	PC	3	4.786142e-10	0.631527	1.14	12	yes	1	3	68939289	DNAJ CHAPERONE C-TERMINAL DOMAIN-CONTAINING PROTEIN (PTHR24078:SF522)	endoplasmic reticulum
SORBI_3003G374700	SUN domain-containing protein	repeat-associated domain	LIN	CC	PC	3	4.786142e-10	0.567509	1.14	97	yes	2	3	68967434	SUN DOMAIN-CONTAINING OSSIFICATION FACTOR (PTHR12953:SF0)	endoplasmic reticulum | membrane
SORBI_3002G251900	J domain-containing protein	repeat-associated domain	LIN	CC	PC	1	4.848594e-10	0.493508	1.14	12	yes	1	2	63846148	OS09G0493800 PROTEIN (PTHR44094:SF22)	endoplasmic reticulum
SORBI_3008G104400	J domain-containing protein	repeat-associated domain	LIN	CC	PC	1	7.929619e-10	0.549745	1.14	12	yes	1	8	49115875	DNAJ PROTEIN JJJ1 HOMOLOG (PTHR45495:SF1)	endoplasmic reticulum
SORBI_3002G229900	J domain-containing protein	repeat-associated domain	LIN	CC	PC	1	8.076351e-10	0.925177	1.14	12	yes	1	2	62127848	OS09G0463700 PROTEIN (PTHR45496:SF6)	endoplasmic reticulum
SORBI_3002G262700	RRM domain-containing protein	repeat-associated domain	LIN	CC;MF	FA	1	1.214883e-09	0.56832	1.14	38	yes	3	2	64770726	U11_U12 SMALL NUCLEAR RIBONUCLEOPROTEIN 35 KDA PROTEIN (PTHR13952:SF6)	mRNA binding | nucleic acid binding | nucleus
SORBI_3002G264200	RRM domain-containing protein	repeat-associated domain	LIN	CC;MF	FA	1	1.214883e-09	0.554375	1.14	38	yes	2	2	64879364	FLOWERING TIME CONTROL PROTEIN FPA (PTHR23189:SF115)	nucleic acid binding | nucleus
SORBI_3002G265100	RRM domain-containing protein	repeat-associated domain	LIN	MF	FA	1	1.214883e-09	0.622547	1.14	18	yes	1	2	64955005	OS05G0303600 PROTEIN (PTHR10352:SF31)	nucleic acid binding
SORBI_3003G420100	RRM domain-containing protein	repeat-associated domain	LIN	CC;MF	FA	1	2.186622e-09	0.859282	1.14	30	yes	3	3	72525696	BRUNO 3, ISOFORM Q (PTHR24012:SF690)	cytoplasm | mRNA binding | nucleic acid binding
SORBI_3008G102000	J domain-containing protein	metabolic enzyme	LIN	CC	PC	1	6.772628e-09	0.411371	1.14	12	yes	1	8	48486289	NAD(P)H-QUINONE OXIDOREDUCTASE SUBUNIT U, CHLOROPLASTIC (PTHR47726:SF1)	endoplasmic reticulum
SORBI_3003G411700	J domain-containing protein	repeat-associated domain	LIN	CC	PC	1	6.887061e-09	0.855971	1.14	12	yes	1	3	71884894	OS01G0927400 PROTEIN (PTHR47374:SF2)	endoplasmic reticulum
SORBI_3001G271100	BHLH domain-containing protein	repeat-associated domain	LIN	BP;MF	SQDG	2	1.675975e-11	0.701158	1.13	14	yes	2	1	52264881	""	DNA-binding transcription factor activity | regulation of DNA-templated transcription
SORBI_3010G148600	WRKY domain-containing protein	repeat-associated domain	LIN	BP;CC;MF	SQDG	1	2.108338e-11	1	1.13	23	yes	3	10	42567454	WRKY DOMAIN-CONTAINING PROTEIN (PTHR32096:SF128)	DNA-binding transcription factor activity | nucleus | regulation of DNA-templated transcription
SORBI_3002G114700	Carbohydrate kinase FGGY C-terminal domain-containing protein	metabolic enzyme	LIN	MF	PC;TG	6	2.595338e-11	0.853778	1.13	63	yes	1	2	13999964	D-RIBULOSE KINASE (PTHR10196:SF80)	ATP binding
SORBI_3009G084000	UBC core domain-containing protein	metabolic enzyme	LIN	MF	PC;TG	2	7.713009e-11	0.906551	1.13	63	yes	1	9	13286315	UBIQUITIN-CONJUGATING ENZYME E2-21 KDA (PTHR24068:SF157)	ATP binding
SORBI_3010G133566	AP2_ERF domain-containing protein	repeat-associated domain	LIN	BP;CC;MF	SQDG	1	2.99833e-10	0.745992	1.13	23	yes	3	10	19448192	ETHYLENE-RESPONSIVE TRANSCRIPTION FACTOR ERF105 (PTHR31190:SF403)	DNA-binding transcription factor activity | nucleus | regulation of DNA-templated transcription
SORBI_3001G041800	Mg-protoporphyrin IX chelatase	""	LIN	MF	TG	3	1.127564e-09	0.773626	1.13	45	yes	1	1	3112405	MAGNESIUM-CHELATASE SUBUNIT CHLD, CHLOROPLASTIC (PTHR43473:SF2)	ATP binding
SORBI_3010G164800	AP2_ERF domain-containing protein	repeat-associated domain	LIN	BP;CC;MF	SQDG	1	1.463787e-09	0.452166	1.13	23	yes	3	10	48765483	AP2_ERF DOMAIN-CONTAINING PROTEIN (PTHR31985:SF278)	DNA-binding transcription factor activity | nucleus | regulation of DNA-templated transcription
SORBI_3005G191200	RNA helicase	""	LIN	CC;MF	TG	1	2.033394e-09	0.414858	1.13	55	yes	2	5	67494021	RNA HELICASE (PTHR47958:SF56)	ATP binding | nucleus
SORBI_3010G163900	Protein BZR1 homolog	""	LIN	BP;CC;MF	SQDG	1	3.391947e-09	0.473385	1.13	23	yes	3	10	48237055	BES1_BZR1 HOMOLOG PROTEIN 3 (PTHR31506:SF2)	DNA-binding transcription factor activity | nucleus | regulation of DNA-templated transcription
SORBI_3003G041700	DNA mismatch repair proteins mutS family domain-containing protein	repeat-associated domain	LIN	MF	TG	1	4.210909e-09	0.888174	1.13	45	yes	1	3	3874482	DNA MISMATCH REPAIR PROTEIN MSH6 (PTHR11361:SF148)	ATP binding
SORBI_3004G005300	Protein kinase domain-containing protein	metabolic enzyme	LIN	MF	FA	14	2.605726e-21	1	1.11	30	yes	1	4	449691	OS02G0106900 PROTEIN (PTHR27001:SF522)	ATP binding
SORBI_3006G190300	Protein kinase domain-containing protein	transport	LIN	MF	FA	2	2.240513e-17	0.731729	1.11	30	yes	1	6	54442603	OS10G0351500 PROTEIN (PTHR27005:SF45)	ATP binding
SORBI_3010G215300	Protein kinase domain-containing protein	metabolic enzyme	LIN	MF	FA;PC	3	3.794408e-17	0.86989	1.11	63	yes	3	10	55818499	CYCLIN-DEPENDENT KINASE B2-2 (PTHR24056:SF178)	ATP binding | nucleotide binding | protein kinase activity
SORBI_3010G217200	UBC core domain-containing protein	metabolic enzyme	LIN	MF	FA	2	3.794408e-17	0.41719	1.11	30	yes	1	10	56020583	UBIQUITIN-CONJUGATING ENZYME E2 S (PTHR24068:SF126)	ATP binding
SORBI_3004G009600	Brahma1	""	LIN	CC;MF	FA	4	4.92621e-15	0.838176	1.11	38	yes	2	4	820003	ATP-DEPENDENT HELICASE BRM (PTHR10799:SF978)	ATP binding | nucleus
SORBI_3010G213900	Protein kinase domain-containing protein	metabolic enzyme	LIN	MF	FA	2	1.237227e-14	0.41533	1.11	30	yes	1	10	55680090	OS06G0654600 PROTEIN (PTHR27001:SF178)	ATP binding
SORBI_3003G088100	Protein kinase domain-containing protein	transport	LIN	MF	FA	4	2.0091e-14	0.565791	1.11	30	yes	1	3	7656003	PROTEIN KINASE DOMAIN-CONTAINING PROTEIN (PTHR27002:SF113)	ATP binding
SORBI_3002G186300	Protein kinase domain-containing protein	metabolic enzyme	LIN	CC;MF	FA	2	5.881396e-11	0.688695	1.11	30	yes	2	2	57029176	SERINE_THREONINE-PROTEIN KINASE 16 (PTHR45998:SF2)	ATP binding | cytoplasm
SORBI_3002G027600	Protein kinase domain-containing protein	transport	LIN	CC;MF	PC	2	1.862033e-12	0.967969	1.09	97	yes	4	2	2551278	PROTEIN KINASE DOMAIN-CONTAINING PROTEIN (PTHR45974:SF260)	ATP binding | membrane | protein kinase activity | protein serine/threonine kinase activity
SORBI_3002G027700	Protein kinase domain-containing protein	metabolic enzyme	LIN	CC;MF	PC	2	1.862033e-12	0.535825	1.09	97	yes	3	2	2575533	PROTEIN KINASE DOMAIN-CONTAINING PROTEIN (PTHR27001:SF726)	ATP binding | membrane | protein kinase activity
SORBI_3001G384500	Protein kinase domain-containing protein	metabolic enzyme	LIN	CC;MF	PC	5	2.002883e-12	0.988354	1.09	97	yes	6	1	67188882	PROTEIN KINASE DOMAIN-CONTAINING PROTEIN (PTHR48006:SF96)	ATP binding | membrane | nucleotide binding | plasma membrane | protein kinase activity | protein serine/threonine kinase activity
SORBI_3008G099232	MSP domain-containing protein	repeat-associated domain	LIN	CC	PC	1	5.047779e-12	0.942814	1.09	97	yes	1	8	47197710	AT11025P-RELATED (PTHR10809:SF6)	membrane
SORBI_3001G191300	Sodium_metabolite cotransporter BASS1, chloroplastic	transport	LIN	CC	PC	1	9.646242e-12	0.521036	1.09	97	yes	1	1	16964679	P3 PROTEIN-RELATED (PTHR10361:SF28)	membrane
SORBI_3001G191600	Serine incorporator	""	LIN	CC	PC	1	9.646242e-12	0.576093	1.09	97	yes	1	1	16992179	SERINE INCORPORATOR, ISOFORM F (PTHR10383:SF9)	membrane
SORBI_3001G191800	Late embryogenesis abundant protein LEA-2 subgroup domain-containing protein	repeat-associated domain	LIN	CC	PC	2	9.646242e-12	0.795883	1.09	97	yes	1	1	17028634	OS06G0521300 PROTEIN (PTHR31852:SF31)	membrane
SORBI_3001G273500	Protein kinase domain-containing protein	metabolic enzyme	LIN	CC;MF	PC	2	1.018555e-11	0.802069	1.09	97	yes	6	1	52903185	MDIS1-INTERACTING RECEPTOR LIKE KINASE 2-LIKE (PTHR48053:SF22)	ATP binding | membrane | nucleotide binding | plasma membrane | protein kinase activity | protein serine/threonine kinase activity
SORBI_3003G376000	Amino acid transporter transmembrane domain-containing protein	transport	LIN	CC	PC	4	1.13946e-11	0.872119	1.09	97	yes	1	3	69059581	OS01G0878700 PROTEIN (PTHR48017:SF225)	membrane
SORBI_3002G379866	Signal peptidase complex-like protein DTM1	metabolic enzyme	LIN	CC	PC	2	2.84131e-11	1	1.09	97	yes	1	2	73603459	SIGNAL PEPTIDASE COMPLEX-LIKE PROTEIN DTM1 (PTHR38354:SF2)	membrane
SORBI_3002G159100	Chlorophyll a-b binding protein, chloroplastic	""	LIN	CC	PC	1	2.870448e-11	0.757243	1.09	97	yes	1	2	49231549	CHLOROPHYLL A-B BINDING PROTEIN 7, CHLOROPLASTIC (PTHR21649:SF74)	membrane
SORBI_3009G082200	Cysteine-rich receptor-like protein kinase 10	transport	LIN	CC;MF	PC	1	2.946105e-11	0.960966	1.09	97	yes	4	9	11891718	OS07G0541000 PROTEIN (PTHR27002:SF777)	ATP binding | membrane | nucleotide binding | protein kinase activity
SORBI_3009G083000	Peptidase S54 rhomboid domain-containing protein	metabolic enzyme	LIN	CC	PC	1	2.946105e-11	0.839143	1.09	97	yes	1	9	12212150	RHOMBOID-LIKE PROTEIN 11, CHLOROPLASTIC-RELATED (PTHR43066:SF5)	membrane
SORBI_3003G045300	Protein ABCI12, chloroplastic	""	LIN	CC	PC	1	4.014916e-11	0.788721	1.09	97	yes	2	3	4142665	PROTEIN ABCI12, CHLOROPLASTIC (PTHR33514:SF13)	membrane | plasma membrane
SORBI_3006G163200	COBRA-like protein	""	LIN	CC	PC	1	8.146456e-11	0.664964	1.09	97	yes	1	6	52085663	COBRA-LIKE PROTEIN 6 (PTHR31673:SF30)	membrane
SORBI_3006G163300	Aldehyde dehydrogenase	""	LIN	CC	PC	1	8.146456e-11	1	1.09	97	yes	1	6	52091479	ALDEHYDE DEHYDROGENASE FAMILY 3 MEMBER F1 (PTHR43570:SF17)	membrane
SORBI_3005G087900	Non-lysosomal glucosylceramidase	""	LIN	CC	PC	1	1.000254e-10	1	1.09	97	yes	1	5	12494716	NON-LYSOSOMAL GLUCOSYLCERAMIDASE (PTHR12654:SF31)	membrane
SORBI_3009G251800	Protein kinase domain-containing protein	metabolic enzyme	LIN	CC;MF	PC	1	1.131779e-10	0.593176	1.09	97	yes	3	9	58668666	LEUCINE-RICH REPEAT RECEPTOR-LIKE PROTEIN KINASE FAMILY PROTEIN-RELATED (PTHR48010:SF70)	ATP binding | membrane | protein kinase activity
SORBI_3002G306700	VASt domain-containing protein	repeat-associated domain	LIN	CC	PC	1	1.364107e-10	0.97452	1.09	97	yes	1	2	68137505	PROTEIN VASCULAR ASSOCIATED DEATH 1, CHLOROPLASTIC (PTHR47666:SF1)	membrane
SORBI_3007G089300	Protein kinase domain-containing protein	transport	LIN	CC;MF	PC	1	3.996167e-10	0.486975	1.09	97	yes	4	7	12579306	OS04G0197200 PROTEIN (PTHR27002:SF372)	ATP binding | membrane | nucleotide binding | protein kinase activity
SORBI_3007G089500	Syntaxin 6 N-terminal domain-containing protein	repeat-associated domain	LIN	CC	PC	1	3.996167e-10	0.457047	1.09	97	yes	1	7	12620646	OS08G0244100 PROTEIN (PTHR34949:SF3)	membrane
SORBI_3001G209900	Reactive oxygen species modulator 1	""	LIN	CC	PC	1	4.422846e-10	0.457119	1.09	97	yes	1	1	19250167	REACTIVE OXYGEN SPECIES MODULATOR 1 (PTHR28525:SF1)	membrane
SORBI_3003G373100	CRAL-TRIO domain-containing protein	repeat-associated domain	LIN	CC	PC	3	4.786142e-10	0.779956	1.09	97	yes	1	3	68853929	CELLULAR RETINALDEHYDE-BINDING_TRIPLE FUNCTION DOMAIN-CONTAINING PROTEIN (PTHR45932:SF17)	membrane
SORBI_3003G374850	RRM domain-containing protein	repeat-associated domain	LIN	CC;MF	PC	3	4.786142e-10	0.539678	1.09	97	yes	2	3	68973411	RRM DOMAIN-CONTAINING PROTEIN (PTHR13798:SF9)	RNA binding | membrane
SORBI_3003G375300	Hexosyltransferase	metabolic enzyme	LIN	CC	PC	3	4.786142e-10	0.809649	1.09	97	yes	1	3	69008000	HEXOSYLTRANSFERASE (PTHR11214:SF357)	membrane
SORBI_3007G148300	Uncharacterized protein	metabolic enzyme	LIN	CC	PC	1	5.257958e-10	1	1.09	97	yes	1	7	57917055	OS08G0453700 PROTEIN (PTHR11972:SF190)	membrane
SORBI_3007G149700	Protein kinase domain-containing protein	transport	LIN	CC;MF	PC	1	5.257958e-10	0.481839	1.09	97	yes	4	7	58087095	CYSTEINE-RICH RECEPTOR-LIKE PROTEIN KINASE 10 (PTHR27002:SF931)	ATP binding | membrane | protein kinase activity | protein serine/threonine kinase activity
SORBI_3008G110400	Uncharacterized protein	""	LIN	CC	PC	1	6.256766e-10	0.948346	1.09	97	yes	1	8	51329368	HAEMOLYSIN-III RELATED FAMILY PROTEIN, EXPRESSED (PTHR20855:SF105)	membrane
SORBI_3007G153001	Potassium transporter	transport	LIN	CC	PC	1	6.29188e-10	1	1.09	97	yes	1	7	58551378	POTASSIUM TRANSPORTER 4-RELATED (PTHR30540:SF33)	membrane
SORBI_3009G237100	Sodium_metabolite cotransporter BASS4, chloroplastic	transport	CTL;LIN	CC	PC;TG	1	6.965395e-10	0.425392	1.09	97	yes	1	9	57540825	SODIUM_METABOLITE COTRANSPORTER BASS4, CHLOROPLASTIC (PTHR18640:SF15)	membrane
SORBI_3001G312600	MLO-like protein	""	LIN	CC	PC	1	7.035213e-10	0.474681	1.09	97	yes	1	1	59965707	MLO-LIKE PROTEIN 8 (PTHR31942:SF49)	membrane
SORBI_3005G226000	Receptor-like serine_threonine-protein kinase	metabolic enzyme	LIN	CC;MF	PC	1	7.378797e-10	1	1.09	97	yes	5	5	71292174	RECEPTOR-LIKE SERINE_THREONINE-PROTEIN KINASE (PTHR47975:SF5)	ATP binding | membrane | nucleotide binding | protein kinase activity | protein serine/threonine kinase activity
SORBI_3009G057500	Ergosterol biosynthetic protein 28	""	LIN	CC	PC	1	8.989195e-10	0.790244	1.09	97	yes	1	9	5869786	ERGOSTEROL BIOSYNTHETIC PROTEIN 28 HOMOLOG (PTHR15451:SF19)	membrane
SORBI_3002G107900	Protein kinase domain-containing protein	metabolic enzyme	LIN	CC;MF	PC	1	1.145287e-09	1	1.09	97	yes	6	2	13034888	OS07G0283125 PROTEIN (PTHR27007:SF25)	ATP binding | membrane | nucleotide binding | plasma membrane | protein kinase activity | protein serine/threonine kinase activity
SORBI_3007G215900	Protein kinase domain-containing protein	transport	LIN	CC;MF	PC	1	1.154301e-09	0.474301	1.09	97	yes	5	7	64448791	PROTEIN KINASE DOMAIN-CONTAINING PROTEIN (PTHR27005:SF495)	ATP binding | membrane | nucleotide binding | plasma membrane | protein kinase activity
SORBI_3001G227500	GTD-binding domain-containing protein	repeat-associated domain	LIN	CC	PC	1	1.1635e-09	0.483056	1.09	97	yes	1	1	21802422	GTD-BINDING DOMAIN-CONTAINING PROTEIN (PTHR31422:SF3)	membrane
SORBI_3007G183800	PGG domain-containing protein	repeat-associated domain	LIN	CC	PC	1	1.222319e-09	0.773638	1.09	97	yes	1	7	61696115	ANKYRIN REPEAT FAMILY PROTEIN (PTHR24186:SF8)	membrane
SORBI_3006G119600	C2 and GRAM domain-containing protein	repeat-associated domain	LIN	CC	PC	1	1.263753e-09	0.984966	1.09	97	yes	1	6	48650424	C2 DOMAIN-CONTAINING PROTEIN (PTHR46296:SF7)	membrane
SORBI_3001G038500	Amino acid transporter transmembrane domain-containing protein	transport	LIN	CC	PC	1	1.277556e-09	0.423355	1.09	97	yes	1	1	2882557	AMINO ACID TRANSPORTER TRANSMEMBRANE DOMAIN-CONTAINING PROTEIN (PTHR22950:SF349)	membrane
SORBI_3001G233700	EGF-like domain-containing protein	repeat-associated domain	LIN	CC	PC	1	1.280204e-09	0.852714	1.09	97	yes	2	1	22922865	TRANSMEMBRANE PROTEIN-LIKE PROTEIN (PTHR14319:SF3)	membrane | plasma membrane
SORBI_3003G372200	non-specific serine_threonine protein kinase	metabolic enzyme	LIN	CC;MF	PC	1	1.287754e-09	0.478993	1.09	97	yes	4	3	68762770	3-PHOSPHOINOSITIDE-DEPENDENT PROTEIN KINASE 1-RELATED (PTHR24356:SF163)	ATP binding | membrane | protein kinase activity | protein serine/threonine kinase activity
SORBI_3003G372500	Probable magnesium transporter	transport	LIN	CC	PC	1	1.287754e-09	1	1.09	97	yes	2	3	68780592	MAGNESIUM TRANSPORTER-RELATED (PTHR12570:SF68)	membrane | plasma membrane
SORBI_3009G019000	Serine-threonine_tyrosine-protein kinase catalytic domain-containing protein	metabolic enzyme	LIN	CC;MF	PC	1	1.417346e-09	0.956161	1.09	97	yes	2	9	1720313	""	membrane | protein serine/threonine kinase activity
SORBI_3009G019200	Receptor-like serine_threonine-protein kinase	metabolic enzyme	LIN	CC;MF	PC	1	1.417346e-09	1	1.09	97	yes	5	9	1743281	RECEPTOR-LIKE SERINE_THREONINE-PROTEIN KINASE (PTHR47975:SF64)	ATP binding | membrane | nucleotide binding | protein kinase activity | protein serine/threonine kinase activity
SORBI_3003G413201	Protein kinase domain-containing protein	metabolic enzyme	LIN	CC;MF	PC	1	1.513461e-09	0.791673	1.09	97	yes	6	3	72058030	MDIS1-INTERACTING RECEPTOR LIKE KINASE 2-LIKE ISOFORM X1 (PTHR48005:SF16)	ATP binding | membrane | nucleotide binding | plasma membrane | protein kinase activity | protein serine/threonine kinase activity
SORBI_3003G416200	NADH-ubiquinone oxidoreductase chain 3	metabolic enzyme	LIN	CC	PC	1	1.513461e-09	0.471779	1.09	97	yes	1	3	72234855	""	membrane
SORBI_3001G435400	V-type proton ATPase subunit a	metabolic enzyme	LIN	CC	PC	3	1.963891e-09	0.715635	1.09	97	yes	1	1	71379214	V-TYPE PROTON ATPASE SUBUNIT A (PTHR11629:SF63)	membrane
SORBI_3001G291400	Methyltransferase	metabolic enzyme	LIN	CC	PC	1	1.986649e-09	0.665798	1.09	97	yes	1	1	56811046	METHYLTRANSFERASE PMT14-RELATED (PTHR10108:SF1104)	membrane
SORBI_3004G050700	Phytocyanin domain-containing protein	repeat-associated domain	LIN	CC	PC	1	2.336855e-09	1	1.09	97	yes	2	4	4074438	EARLY NODULIN-LIKE PROTEIN 9 (PTHR33021:SF186)	membrane | plasma membrane
SORBI_3005G099500	Apyrase	""	LIN	CC	PC	1	2.569856e-09	0.821522	1.09	97	yes	1	5	16262698	GDA1_CD39 FAMILY PROTEIN, EXPRESSED (PTHR11782:SF123)	membrane
SORBI_3001G273800	Cytochrome b561 domain-containing protein	metabolic enzyme	LIN	CC	PC	1	2.910387e-09	0.423333	1.09	97	yes	1	1	53018395	OS10G0118800 PROTEIN (PTHR10106:SF42)	membrane
SORBI_3006G228200	Receptor-like serine_threonine-protein kinase	transport	LIN	CC;MF	PC	1	2.95235e-09	0.83613	1.09	97	yes	5	6	57276263	RECEPTOR-LIKE SERINE_THREONINE-PROTEIN KINASE (PTHR27002:SF180)	ATP binding | membrane | nucleotide binding | protein kinase activity | protein serine/threonine kinase activity
SORBI_3001G230050	NAD(P)H-quinone oxidoreductase subunit I, chloroplastic	metabolic enzyme	LIN	CC	PC	1	3.104802e-09	0.747001	1.09	97	yes	1	1	22235702	NAD(P)H-QUINONE OXIDOREDUCTASE SUBUNIT I, CHLOROPLASTIC (PTHR47275:SF3)	membrane
SORBI_3002G072600	Cytochrome b-c1 complex subunit 7	metabolic enzyme	LIN	CC	PC	1	3.356253e-09	0.9564	1.09	97	yes	1	2	7367792	CYTOCHROME B-C1 COMPLEX SUBUNIT 7 (PTHR12022:SF0)	membrane
SORBI_3005G121200	HVA22-like protein	""	LIN	CC	PC	2	3.494588e-09	0.844554	1.09	97	yes	1	5	53367771	HVA22-LIKE PROTEIN (PTHR12300:SF154)	membrane
SORBI_3005G028900	Cytochrome C biogenesis protein transmembrane domain-containing protein	transport	LIN	CC	PC	2	3.552978e-09	1	1.09	97	yes	1	5	2579825	CYTOCHROME C-TYPE BIOGENESIS CCDA-LIKE CHLOROPLASTIC PROTEIN (PTHR31272:SF6)	membrane
SORBI_3008G108300	Uncharacterized protein	transport	LIN	CC	PC	1	4.835842e-09	0.645205	1.09	97	yes	1	8	50640160	OS12G0508100 PROTEIN (PTHR11266:SF18)	membrane
SORBI_3001G457300	DUF647 domain-containing protein	repeat-associated domain	LIN	CC	PC	1	5.199021e-09	0.409999	1.09	97	yes	1	1	73324005	RUS FAMILY MEMBER 1 (PTHR12770:SF31)	membrane
SORBI_3004G252500	Peptidase S49 domain-containing protein	metabolic enzyme	LIN	CC	PC	1	6.007613e-09	0.544441	1.09	97	yes	1	4	59850764	PEPTIDASE S49 DOMAIN-CONTAINING PROTEIN (PTHR33209:SF1)	membrane
SORBI_3004G253200	Amino acid transporter transmembrane domain-containing protein	transport	LIN	CC	PC	1	6.007613e-09	1	1.09	97	yes	1	4	59901712	OS07G0598600 PROTEIN (PTHR22950:SF514)	membrane
SORBI_3004G253500	O-fucosyltransferase family protein	metabolic enzyme	LIN	CC	PC	1	6.007613e-09	0.442039	1.09	97	yes	1	4	59917433	O-FUCOSYLTRANSFERASE FAMILY PROTEIN (PTHR31741:SF101)	membrane
SORBI_3008G152800	Calcineurin B-like protein	""	LIN	CC	PC	1	6.970012e-09	0.761074	1.09	97	yes	1	8	58517448	CALCINEURIN B-LIKE PROTEIN 2 (PTHR23056:SF106)	membrane
SORBI_3008G153300	RING-type domain-containing protein	metabolic enzyme	LIN	CC	PC	1	6.970012e-09	0.761074	1.09	97	yes	1	8	58561446	E3 UBIQUITIN-PROTEIN LIGASE ATL4 (PTHR45768:SF16)	membrane
SORBI_3009G018600	Protein kinase domain-containing protein	metabolic enzyme	LIN	CC;MF	PC	1	7.810878e-09	0.866826	1.09	97	yes	4	9	1697730	OS05G0317900 PROTEIN (PTHR27003:SF474)	ATP binding | membrane | nucleotide binding | protein kinase activity
SORBI_3009G172800	Cytochrome P450	""	LIN	CC	PC	1	7.971762e-09	0.708445	1.09	97	yes	1	9	52790766	""	membrane
SORBI_3004G187800	RING-type E3 ubiquitin transferase	metabolic enzyme	LIN	CC	PC	1	8.185e-09	0.457931	1.09	97	yes	1	4	53979841	RING-TYPE E3 UBIQUITIN TRANSFERASE (PTHR45676:SF171)	membrane
SORBI_3007G112100	Enoyl-ACP reductase	metabolic enzyme	CTL	CC	TG	11	1.799445e-13	0.662813	1.08	11	yes	1	7	42744075	ENOYL-[ACYL-CARRIER-PROTEIN] REDUCTASE [NADH], CHLOROPLASTIC (PTHR43159:SF2)	chloroplast
SORBI_3001G036600	Ubiquitin-like domain-containing protein	repeat-associated domain	LIN	CC;MF	FA;TG	3	2.359303e-13	0.794604	1.08	55	yes	3	1	2718921	F15I1.1 PROTEIN-RELATED (PTHR10666:SF418)	cytoplasm | mRNA binding | nucleus
SORBI_3001G039400	40S ribosomal protein S26	""	LIN	MF	FA	2	2.359303e-13	0.623714	1.08	9	yes	1	1	2938433	40S RIBOSOMAL PROTEIN S26 (PTHR12538:SF0)	mRNA binding
SORBI_3001G258000	Protein kinase domain-containing protein	metabolic enzyme	LIN	CC;MF	PC	6	1.005971e-12	0.939287	1.08	63	yes	3	1	30557874	OS10G0395000 PROTEIN (PTHR45621:SF209)	ATP binding | plasma membrane | protein kinase activity
SORBI_3002G027500	Amino acid transporter transmembrane domain-containing protein	transport	LIN	CC	PC	2	1.862033e-12	0.453546	1.08	39	yes	1	2	2522943	AMINO ACID PERMEASE 6 (PTHR48017:SF140)	plasma membrane
SORBI_3001G257100	Protein BIG GRAIN 1-like	""	LIN	CC	PC	3	5.511164e-12	0.903397	1.08	39	yes	1	1	30174134	PROTEIN BIG GRAIN 1-LIKE (PTHR33541:SF9)	plasma membrane
SORBI_3007G101500	Glucose-1-phosphate adenylyltransferase	metabolic enzyme	CTL	CC	TG	9	1.588241e-11	0.844111	1.08	11	yes	1	7	25707028	GLUCOSE-1-PHOSPHATE ADENYLYLTRANSFERASE LARGE SUBUNIT 1, CHLOROPLASTIC-RELATED (PTHR43523:SF12)	chloroplast
SORBI_3004G047500	Uncharacterized protein	""	LIN	MF	FA	3	1.598385e-11	0.734694	1.08	9	yes	1	4	3860175	SINGLE-STRANDED DNA-BINDING PROTEIN WHY2, MITOCHONDRIAL (PTHR31745:SF1)	mRNA binding
SORBI_3001G473200	Bifunctional inhibitor_plant lipid transfer protein_seed storage helical domain-containing protein	LIPID enzyme/transport	LIN	CC	PC	2	1.946322e-11	1	1.08	39	yes	1	1	74538766	NON-SPECIFIC LIPID TRANSFER PROTEIN GPI-ANCHORED 31 (PTHR33044:SF27)	plasma membrane
SORBI_3002G115200	Gnk2-homologous domain-containing protein	repeat-associated domain	LIN	CC	PC	6	2.595338e-11	0.65168	1.08	39	yes	1	2	14136793	GNK2-HOMOLOGOUS DOMAIN-CONTAINING PROTEIN (PTHR32080:SF54)	plasma membrane
SORBI_3009G082600	non-specific serine_threonine protein kinase	transport	LIN	CC;MF	PC	1	2.946105e-11	1	1.08	63	yes	5	9	12041832	PROLINE-RICH RECEPTOR-LIKE PROTEIN KINASE PERK1-RELATED (PTHR47982:SF35)	ATP binding | nucleotide binding | plasma membrane | protein kinase activity | protein serine/threonine kinase activity
SORBI_3007G038000	Protein kinase domain-containing protein	metabolic enzyme	LIN	CC;MF	PC	1	6.732416e-11	0.770218	1.08	63	yes	5	7	3706154	LEUCINE-RICH REPEAT RECEPTOR-LIKE PROTEIN KINASE TDR (PTHR48052:SF24)	ATP binding | nucleotide binding | plasma membrane | protein kinase activity | protein serine/threonine kinase activity
SORBI_3003G236701	C3H1-type domain-containing protein	repeat-associated domain	LIN	MF	FA	2	7.890026e-11	0.851504	1.08	9	yes	1	3	57542488	ZINC FINGER CCCH DOMAIN-CONTAINING PROTEIN 9 (PTHR12547:SF153)	mRNA binding
SORBI_3006G163401	Protein kinase domain-containing protein	metabolic enzyme	LIN	CC;MF	PC	1	8.146456e-11	1	1.08	63	yes	3	6	52106442	SALT TOLERANCE RECEPTOR-LIKE CYTOPLASMIC KINASE 1 (PTHR27001:SF660)	ATP binding | plasma membrane | protein kinase activity
SORBI_3004G309900	THO complex subunit 5B	""	LIN	CC;MF	FA;PC	2	9.372811e-11	0.676395	1.08	86	yes	2	4	64684015	THO COMPLEX SUBUNIT 5 HOMOLOG (PTHR13375:SF3)	mRNA binding | nucleus
SORBI_3002G307600	C2 domain-containing protein	repeat-associated domain	LIN	CC	PC	1	1.364107e-10	0.827333	1.08	86	yes	2	2	68192316	OS07G0500300 PROTEIN (PTHR45933:SF4)	nucleus | plasma membrane
SORBI_3001G128500	Bifunctional inhibitor_plant lipid transfer protein_seed storage helical domain-containing protein	LIPID enzyme/transport	LIN	CC	PC	2	2.340595e-10	0.986299	1.08	39	yes	1	1	10112591	LIPID TRANSFER PROTEIN (PTHR33044:SF121)	plasma membrane
SORBI_3004G347800	OTU domain-containing protein	repeat-associated domain	LIN	CC	PC	1	4.143566e-10	0.568823	1.08	39	yes	1	4	67704489	OS02G0819500 PROTEIN (PTHR12419:SF90)	plasma membrane
SORBI_3003G375800	Protein kinase domain-containing protein	transport	LIN	CC;MF	PC	3	4.786142e-10	1	1.08	63	yes	4	3	69041682	RECEPTOR PROTEIN-TYROSINE KINASE CEPR2 (PTHR27000:SF97)	ATP binding | nucleotide binding | plasma membrane | protein kinase activity
SORBI_3003G375900	Amino acid transporter transmembrane domain-containing protein	transport	LIN	CC	PC	3	4.786142e-10	1	1.08	39	yes	1	3	69047106	OS01G0878400 PROTEIN (PTHR48017:SF186)	plasma membrane
SORBI_3007G149800	Protein kinase domain-containing protein	metabolic enzyme	LIN	CC;MF	PC	1	5.257958e-10	0.437053	1.08	63	yes	4	7	58133731	OS08G0457400 PROTEIN (PTHR45621:SF218)	ATP binding | plasma membrane | protein kinase activity | protein serine/threonine kinase activity
SORBI_3007G149900	Protein kinase domain-containing protein	metabolic enzyme	LIN	CC;MF	PC	1	5.257958e-10	0.497823	1.08	63	yes	4	7	58154754	OS08G0457400 PROTEIN (PTHR45621:SF218)	ATP binding | plasma membrane | protein kinase activity | protein serine/threonine kinase activity
SORBI_3001G470200	CASP-like protein 2U2	""	LIN	CC	PC	1	5.994338e-10	0.474367	1.08	39	yes	1	1	74312826	CASP-LIKE PROTEIN OS03G0196400 (PTHR11615:SF344)	plasma membrane
SORBI_3008G110200	LIM zinc-binding domain-containing protein	repeat-associated domain	LIN	CC	PC	1	6.256766e-10	0.943082	1.08	39	yes	1	8	51315201	LIM DOMAIN-CONTAINING PROTEIN WLIM1 (PTHR24206:SF92)	plasma membrane
SORBI_3002G155400	non-specific serine_threonine protein kinase	metabolic enzyme	LIN	CC;MF	PC	1	8.437376e-10	0.671982	1.08	63	yes	5	2	47251819	SERINE_THREONINE-PROTEIN KINASE BRI1-LIKE 1 (PTHR48053:SF31)	ATP binding | nucleotide binding | plasma membrane | protein kinase activity | protein serine/threonine kinase activity
SORBI_3004G175500	L-ascorbate peroxidase	metabolic enzyme	CTL	CC	TG	1	1.026088e-09	0.928093	1.08	11	yes	1	4	52774157	L-ASCORBATE PEROXIDASE 8, CHLOROPLASTIC-RELATED (PTHR31356:SF11)	chloroplast
SORBI_3001G038700	CASP-like protein	""	LIN	CC	PC	1	1.277556e-09	0.582681	1.08	39	yes	1	1	2898759	CASP-LIKE PROTEIN 4B3 (PTHR33573:SF60)	plasma membrane
SORBI_3006G033200	SNARE-interacting protein KEULE	""	LIN	CC	PC	1	2.019354e-09	0.534253	1.08	39	yes	1	6	8035812	PROTEIN TRANSPORT SEC1A-RELATED (PTHR11679:SF42)	plasma membrane
SORBI_3004G107800	1,3-beta-glucan synthase	metabolic enzyme	LIN	CC	PC	1	2.643039e-09	0.528517	1.08	39	yes	1	4	10336381	CALLOSE SYNTHASE 8-RELATED (PTHR12741:SF22)	plasma membrane
SORBI_3001G295700	Fungal lipase-like domain-containing protein	LIPID enzyme/transport	CTL	CC	TG	1	3.085931e-09	0.599508	1.08	11	yes	1	1	57443075	PHOSPHOLIPASE A1-IBETA2, CHLOROPLASTIC (PTHR31403:SF2)	chloroplast
SORBI_3008G178901	SHSP domain-containing protein	repeat-associated domain	LIN	CC	PC	1	4.356782e-09	0.76393	1.08	39	yes	1	8	61268280	OS12G0624100 PROTEIN (PTHR43670:SF41)	plasma membrane
SORBI_3010G139600	Protein kinase domain-containing protein	metabolic enzyme	LIN	MF	SQDG	2	3.943959e-11	0.980344	1.07	21	yes	2	10	24374770	PROTEIN KINASE SUPERFAMILY PROTEIN (PTHR48014:SF10)	ATP binding | nucleotide binding
SORBI_3010G165300	Kinesin motor domain-containing protein	repeat-associated domain	LIN	MF	SQDG	1	1.326252e-09	0.838681	1.07	21	yes	2	10	48885084	KINESIN-LIKE PROTEIN KIN-14M (PTHR47972:SF49)	ATP binding | nucleotide binding
SORBI_3008G099900	Pentacotripeptide-repeat region of PRORP domain-containing protein	repeat-associated domain	LIN	MF	PC	2	5.261562e-14	0.867755	1.06	35	yes	1	8	47529370	OS12G0490100 PROTEIN (PTHR24015:SF1868)	RNA binding
SORBI_3008G103900	RRM domain-containing protein	repeat-associated domain	LIN	MF	PC	1	1.502745e-11	1	1.06	35	yes	1	8	49064316	GLYCINE-RICH RNA-BINDING PROTEIN 3, MITOCHONDRIAL (PTHR48027:SF9)	RNA binding
SORBI_3004G045300	Ribosomal protein L19	""	LIN	MF	PC	5	1.598385e-11	0.907213	1.06	35	yes	1	4	3726646	RIBOSOMAL PROTEIN L19 (PTHR10722:SF35)	RNA binding
SORBI_3008G100000	30S ribosomal protein S4, chloroplastic	""	LIN	MF	PC	1	2.099626e-11	0.867755	1.06	35	yes	1	8	47539924	30S RIBOSOMAL PROTEIN S4, CHLOROPLASTIC (PTHR11831:SF43)	RNA binding
SORBI_3008G100400	Pentatricopeptide repeat-containing protein	repeat-associated domain	LIN	MF	PC	1	2.099626e-11	0.885864	1.06	35	yes	1	8	47585592	OS11G0213500 PROTEIN (PTHR24015:SF1973)	RNA binding
SORBI_3002G380500	Arginine_serine-rich splicing factor SC30 transcript I	""	LIN	CC;MF	PC	2	2.84131e-11	1	1.06	86	yes	2	2	73651388	OS07G0623300 PROTEIN (PTHR23147:SF297)	RNA binding | nucleus
SORBI_3003G045200	RecQ mediated genome instability protein 1-like N-terminal helical domain-containing protein	repeat-associated domain	LIN	CC;MF	PC	1	4.014916e-11	0.788721	1.06	86	yes	2	3	4136572	TUDOR DOMAIN-CONTAINING PROTEIN 3 (PTHR13681:SF24)	RNA binding | nucleus
SORBI_3007G183700	HTH La-type RNA-binding domain-containing protein	repeat-associated domain	LIN	CC;MF	PC	2	5.360755e-11	0.754397	1.06	86	yes	2	7	61684513	OS08G0542900 PROTEIN (PTHR22792:SF54)	RNA binding | nucleus
SORBI_3002G253600	K Homology domain-containing protein	repeat-associated domain	LIN	MF	PC	2	9.443581e-11	1	1.06	35	yes	1	2	63968373	HETEROGENEOUS NUCLEAR RIBONUCLEOPROTEIN K (PTHR10288:SF340)	RNA binding
SORBI_3007G091600	RRM domain-containing protein	repeat-associated domain	LIN	CC;MF	PC	1	9.705434e-11	0.82198	1.06	86	yes	2	7	15259603	U1 SMALL NUCLEAR RIBONUCLEOPROTEIN A (PTHR10501:SF49)	RNA binding | nucleus
SORBI_3004G019900	OBG-type G domain-containing protein	repeat-associated domain	LIN	MF	PC	2	1.312638e-10	0.48304	1.06	35	yes	1	4	1577771	""	RNA binding
SORBI_3001G436600	DYW domain-containing protein	repeat-associated domain	LIN	MF	PC	2	1.416257e-10	0.932781	1.06	35	yes	1	1	71478492	DYW DOMAIN-CONTAINING PROTEIN (PTHR47924:SF85)	RNA binding
SORBI_3001G128200	RRM domain-containing protein	repeat-associated domain	LIN	MF	PC	2	2.340595e-10	0.986299	1.06	35	yes	1	1	10093042	OS05G0223500 PROTEIN (PTHR48025:SF13)	RNA binding
SORBI_3003G231900	Uncharacterized protein	""	LIN	MF	PC	1	3.10866e-10	0.611111	1.06	35	yes	1	3	57125691	OS01G0635400 PROTEIN (PTHR10971:SF16)	RNA binding
SORBI_3009G083400	RRM domain-containing protein	repeat-associated domain	LIN	CC;MF	PC;TG	2	3.432043e-10	0.923933	1.06	86	yes	2	9	12669757	NUCLEOLIN-LIKE ISOFORM X1 (PTHR21245:SF17)	RNA binding | nucleus
SORBI_3007G014800	RRM domain-containing protein	repeat-associated domain	LIN	CC;MF	PC	1	3.522879e-10	0.493944	1.06	86	yes	2	7	1290951	RRM DOMAIN-CONTAINING PROTEIN (PTHR17204:SF25)	RNA binding | nucleus
SORBI_3004G349700	Fibrillarin	""	LIN	MF	PC	1	4.143566e-10	0.413989	1.06	35	yes	1	4	67852930	RRNA 2'-O-METHYLTRANSFERASE FIBRILLARIN 1-RELATED (PTHR10335:SF0)	RNA binding
SORBI_3003G375000	RRM domain-containing protein	repeat-associated domain	LIN	MF	PC	3	4.786142e-10	0.567509	1.06	35	yes	1	3	68988981	OS01G0876800 PROTEIN (PTHR11176:SF16)	RNA binding
SORBI_3002G251800	Pentatricopeptide repeat-containing protein	repeat-associated domain	LIN	MF	PC	1	4.848594e-10	0.493508	1.06	35	yes	1	2	63841961	OS01G0390600 PROTEIN (PTHR47928:SF50)	RNA binding
SORBI_3008G110000	DRBM domain-containing protein	repeat-associated domain	LIN	MF	PC	1	6.256766e-10	0.963014	1.06	35	yes	1	8	51149229	DOUBLE-STRANDED RNA-BINDING PROTEIN 1 (PTHR46031:SF36)	RNA binding
SORBI_3009G238100	PORR domain-containing protein	repeat-associated domain	LIN	MF	PC	1	6.965395e-10	0.621378	1.06	35	yes	1	9	57616677	PROTEIN WHAT'S THIS FACTOR 1 HOMOLOG, CHLOROPLASTIC (PTHR31476:SF4)	RNA binding
SORBI_3001G312700	DYW domain-containing protein	repeat-associated domain	LIN	MF	PC	1	7.035213e-10	0.459118	1.06	35	yes	1	1	59976130	OS10G0540100 PROTEIN (PTHR24015:SF908)	RNA binding
SORBI_3009G042500	Pentacotripeptide-repeat region of PRORP domain-containing protein	repeat-associated domain	LIN	MF	PC	2	9.73728e-10	0.732105	1.06	35	yes	1	9	4048265	PENTATRICOPEPTIDE REPEAT FAMILY PROTEIN-RELATED (PTHR24015:SF563)	RNA binding
SORBI_3007G216401	Pentacotripeptide-repeat region of PRORP domain-containing protein	repeat-associated domain	LIN	MF	PC	1	1.154301e-09	0.437208	1.06	35	yes	1	7	64476749	OS08G0500600 PROTEIN (PTHR47928:SF175)	RNA binding
SORBI_3006G118300	Pentacotripeptide-repeat region of PRORP domain-containing protein	repeat-associated domain	LIN	MF	PC	1	1.263753e-09	1	1.06	35	yes	1	6	48560698	OS04G0475500 PROTEIN (PTHR47594:SF4)	RNA binding
SORBI_3009G092900	tRNA (guanine(26)-N(2))-dimethyltransferase	metabolic enzyme	LIN	CC;MF	PC	1	1.845584e-09	0.960651	1.06	86	yes	2	9	22359515	TRNA (GUANINE(26)-N(2))-DIMETHYLTRANSFERASE (PTHR10631:SF9)	RNA binding | nucleus
SORBI_3001G527800	Dicer-like protein 1	""	LIN	CC;MF	PC	1	2.05283e-09	0.630297	1.06	86	yes	3	1	79178713	ENDORIBONUCLEASE DICER (PTHR14950:SF37)	ATP binding | RNA binding | nucleus
SORBI_3003G388300	Ribonuclease T(2)	""	LIN	MF	PC	1	2.119185e-09	0.414567	1.06	35	yes	1	3	69964456	OS01G0897300 PROTEIN (PTHR11240:SF66)	RNA binding
SORBI_3001G249200	K Homology domain-containing protein	repeat-associated domain	LIN	MF	PC	2	2.292256e-09	0.776347	1.06	35	yes	1	1	26854417	OS10G0414700 PROTEIN (PTHR10288:SF264)	RNA binding
SORBI_3006G231700	Sm domain-containing protein	repeat-associated domain	LIN	CC;MF	PC	1	2.95235e-09	0.476854	1.06	86	yes	2	6	57457672	U6 SNRNA-ASSOCIATED SM-LIKE PROTEIN LSM7 (PTHR10553:SF5)	RNA binding | nucleus
SORBI_3001G001200	Pentacotripeptide-repeat region of PRORP domain-containing protein	repeat-associated domain	LIN	MF	PC	1	4.327952e-09	0.788458	1.06	35	yes	1	1	109968	OS03G0861900 PROTEIN (PTHR24015:SF1726)	RNA binding
SORBI_3008G179000	Pentatricopeptide repeat-containing protein	repeat-associated domain	LIN	MF	PC	1	4.356782e-09	1	1.06	35	yes	1	8	61273138	OS08G0375800 PROTEIN (PTHR24015:SF1752)	RNA binding
SORBI_3005G018050	C3H1-type domain-containing protein	repeat-associated domain	LIN	MF	PC	1	8.120818e-09	0.962581	1.06	35	yes	1	5	1605716	C3H1-TYPE DOMAIN-CONTAINING PROTEIN (PTHR24009:SF17)	RNA binding
SORBI_3001G168400	Protein kinase domain-containing protein	metabolic enzyme	LIN	MF	PC	2	1.071587e-13	0.698741	1.05	63	yes	4	1	14017804	SERINE_THREONINE-PROTEIN KINASE SRK2E (PTHR24343:SF509)	ATP binding | nucleotide binding | protein kinase activity | protein serine/threonine kinase activity
SORBI_3008G099300	Protein kinase domain-containing protein	metabolic enzyme	LIN	MF	PC	1	5.047779e-12	0.933832	1.05	63	yes	3	8	47212477	OS11G0274700 PROTEIN (PTHR47975:SF31)	ATP binding | nucleotide binding | protein kinase activity
SORBI_3008G099600	Protein kinase domain-containing protein	metabolic enzyme	LIN	MF	PC	1	2.099626e-11	0.851199	1.05	63	yes	3	8	47355578	OS11G0274700 PROTEIN (PTHR47975:SF31)	ATP binding | nucleotide binding | protein kinase activity
SORBI_3009G129700	Protein kinase domain-containing protein	metabolic enzyme	LIN	MF	PC	1	4.428467e-11	0.697427	1.05	63	yes	3	9	48311915	PROTEIN KINASE SUPERFAMILY PROTEIN (PTHR47985:SF1)	ATP binding | nucleotide binding | protein kinase activity
SORBI_3003G106000	Protein kinase domain-containing protein	metabolic enzyme	LIN	MF	PC	2	6.188695e-11	0.969866	1.05	63	yes	2	3	9610191	OS01G0104000 PROTEIN (PTHR27001:SF85)	ATP binding | protein kinase activity
SORBI_3009G087200	Protein kinase domain-containing protein	metabolic enzyme	LIN	MF	PC	1	8.911286e-11	0.864684	1.05	63	yes	3	9	14826268	SERINE_THREONINE-PROTEIN KINASE AGC1-5 (PTHR45637:SF9)	ATP binding | protein kinase activity | protein serine/threonine kinase activity
SORBI_3002G307300	Protein kinase domain-containing protein	metabolic enzyme	LIN	MF	PC	1	1.364107e-10	0.728218	1.05	63	yes	2	2	68178417	PROTEIN KINASE DOMAIN-CONTAINING PROTEIN (PTHR24056:SF412)	ATP binding | protein kinase activity
SORBI_3001G435201	Protein kinase domain-containing protein	metabolic enzyme	LIN	MF	PC	3	1.416257e-10	1	1.05	63	yes	2	1	71369663	OS03G0251700 PROTEIN (PTHR46821:SF2)	ATP binding | protein kinase activity
SORBI_3004G066900	Protein kinase domain-containing protein	metabolic enzyme	LIN	MF	FA;PC	2	1.780292e-10	0.8313	1.05	63	yes	3	4	5447114	PROTEIN KINASE SUPERFAMILY PROTEIN (PTHR27001:SF62)	ATP binding | nucleotide binding | protein kinase activity
SORBI_3004G104900	non-specific serine_threonine protein kinase	metabolic enzyme	LIN	MF	PC	1	1.000563e-09	0.579741	1.05	63	yes	4	4	9881710	NON-SPECIFIC SERINE_THREONINE PROTEIN KINASE (PTHR24057:SF75)	ATP binding | nucleotide binding | protein kinase activity | protein serine/threonine kinase activity
SORBI_3009G011700	Protein kinase domain-containing protein	metabolic enzyme	LIN	MF	PC	1	1.514629e-09	0.952763	1.05	63	yes	4	9	1043976	RECEPTOR-LIKE CYTOPLASMIC KINASE 176 (PTHR45621:SF237)	ATP binding | nucleotide binding | protein kinase activity | protein serine/threonine kinase activity
SORBI_3009G200800	Protein kinase domain-containing protein	metabolic enzyme	LIN	MF	PC	1	5.705018e-09	1	1.05	63	yes	2	9	55060615	OS05G0519200 PROTEIN (PTHR44329:SF295)	ATP binding | protein kinase activity
SORBI_3009G018450	Protein kinase domain-containing protein	metabolic enzyme	LIN	MF	PC	1	7.687342e-09	0.917305	1.05	63	yes	2	9	1691678	CBL-INTERACTING PROTEIN KINASE 26 (PTHR47975:SF67)	ATP binding | protein kinase activity
SORBI_3001G257800	Uncharacterized protein	""	LIN	MF	PC;SQDG	4	1.005971e-12	0.94628	1.04	63	yes	1	1	30474125	OS10G0395150 PROTEIN (PTHR13140:SF755)	ATP binding
SORBI_3010G143500	Pyruvate phosphate dikinase AMP_ATP-binding domain-containing protein	metabolic enzyme	LIN	MF	SQDG	2	2.276651e-10	0.971918	1.04	21	yes	1	10	38070890	ALPHA-GLUCAN WATER DIKINASE 1, CHLOROPLASTIC (PTHR46999:SF1)	ATP binding
SORBI_3010G133400	Damage-control phosphatase ARMT1-like metal-binding domain-containing protein	metabolic enzyme	LIN	CC;MF	SQDG	1	1.214392e-09	0.889637	1.04	23	yes	2	10	19418331	4'-PHOSPHOPANTETHEINE PHOSPHATASE (PTHR12280:SF35)	ATP binding | nucleus
SORBI_3006G183600	DUF4005 domain-containing protein	repeat-associated domain	LIN	CC	FA	5	3.384554e-18	1	1.03	30	yes	1	6	53863304	PROTEIN IQ-DOMAIN 22 (PTHR32295:SF11)	cytoplasm
SORBI_3006G194150	dihydroorotase	metabolic enzyme	LIN	CC	FA	2	2.240513e-17	1	1.03	30	yes	1	6	54733919	DIHYDROOROTASE (PTHR43137:SF1)	cytoplasm
SORBI_3004G004400	L-lactate dehydrogenase	""	LIN	CC	FA	2	4.010049e-16	0.441228	1.03	30	yes	1	4	386808	L-LACTATE DEHYDROGENASE (PTHR43128:SF16)	cytoplasm
SORBI_3001G026000	Galactokinase	metabolic enzyme	LIN	CC;MF	FA	2	2.282694e-15	1	1.03	30	yes	2	1	2018430	GALACTOKINASE-RELATED (PTHR10457:SF7)	ATP binding | cytoplasm
SORBI_3004G066800	Proteasome subunit beta	""	LIN	CC	FA	3	2.815565e-15	0.921108	1.03	30	yes	1	4	5438194	PROTEASOME SUBUNIT BETA (PTHR11599:SF220)	cytoplasm
SORBI_3001G100400	Ribosomal protein L7_L12 C-terminal domain-containing protein	repeat-associated domain	LIN	CC	FA	4	7.419754e-14	0.925281	1.03	30	yes	1	1	7663795	LARGE RIBOSOMAL SUBUNIT PROTEIN BL12M (PTHR45987:SF4)	cytoplasm
SORBI_3001G104300	16S rRNA (uracil(1498)-N(3))-methyltransferase	metabolic enzyme	LIN	CC	FA;TG	6	7.419754e-14	0.888198	1.03	33	yes	1	1	7994108	16S RRNA (URACIL(1498)-N(3))-METHYLTRANSFERASE (PTHR30027:SF3)	cytoplasm
SORBI_3001G034900	ADF-H domain-containing protein	repeat-associated domain	LIN	CC	FA;TG	3	2.359303e-13	0.513596	1.03	33	yes	1	1	2635349	ACTIN-DEPOLYMERIZING FACTOR 3 (PTHR11913:SF76)	cytoplasm
SORBI_3001G036300	Peptidase M1 leukotriene A4 hydrolase_aminopeptidase C-terminal domain-containing protein	metabolic enzyme	LIN	CC	FA;TG	3	2.359303e-13	0.820254	1.03	33	yes	1	1	2707859	LEUKOTRIENE A-4 HYDROLASE (PTHR45726:SF3)	cytoplasm
SORBI_3001G037100	Spatacsin C-terminal domain-containing protein	repeat-associated domain	LIN	CC	FA;TG	3	2.359303e-13	0.79973	1.03	33	yes	1	1	2753597	SPATACSIN (PTHR13650:SF0)	cytoplasm
SORBI_3004G341900	Phospholipid--sterol O-acyltransferase	LIPID enzyme/transport	LIN	CC	FA	2	7.555142e-13	0.788978	1.03	30	yes	1	4	67310692	PHOSPHOLIPID--STEROL O-ACYLTRANSFERASE (PTHR11440:SF7)	cytoplasm
SORBI_3007G179900	Probable 6-phosphogluconolactonase	metabolic enzyme	LIN	CC	FA	4	3.373222e-11	0.58132	1.03	30	yes	1	7	61339285	6-PHOSPHOGLUCONOLACTONASE 3, CHLOROPLASTIC-RELATED (PTHR11054:SF3)	cytoplasm
SORBI_3001G492900	IQ domain-containing protein IQM2-like	repeat-associated domain	LIN	CC	FA	2	5.68036e-11	0.684074	1.03	38	yes	2	1	76211652	FAMILY PROTEIN, PUTATIVE, EXPRESSED-RELATED (PTHR31250:SF5)	cytoplasm | nucleus
SORBI_3004G011000	RNA-binding protein NOB1	""	LIN	CC	FA	3	1.131737e-10	0.525776	1.03	30	yes	1	4	919626	RNA-BINDING PROTEIN NOB1 (PTHR12814:SF2)	cytoplasm
SORBI_3004G019700	RNA uridylyltransferase	metabolic enzyme	LIN	CC	FA	2	1.312638e-10	0.63197	1.03	30	yes	1	4	1567080	RNA URIDYLYLTRANSFERASE (PTHR12271:SF53)	cytoplasm
SORBI_3004G020000	Eukaryotic translation initiation factor 3 subunit J	""	LIN	CC	FA	2	1.312638e-10	0.599884	1.03	30	yes	1	4	1580161	EUKARYOTIC TRANSLATION INITIATION FACTOR 3 SUBUNIT J (PTHR21681:SF0)	cytoplasm
SORBI_3007G159500	Impact N-terminal domain-containing protein	repeat-associated domain	LIN	CC	FA	2	1.945536e-10	0.466616	1.03	30	yes	1	7	59403200	IMPACT FAMILY MEMBER YIGZ (PTHR16301:SF20)	cytoplasm
SORBI_3001G105700	Hflx-type G domain-containing protein	repeat-associated domain	LIN	CC	FA;TG	3	2.457121e-10	0.899091	1.03	33	yes	1	1	8082652	GTPASE HFLX (PTHR10229:SF8)	cytoplasm
SORBI_3002G262800	FAD dependent oxidoreductase domain-containing protein	metabolic enzyme	LIN	CC	FA	1	1.214883e-09	0.584755	1.03	30	yes	1	2	64774935	FAD-DEPENDENT OXIDOREDUCTASE DOMAIN-CONTAINING PROTEIN 1 (PTHR13847:SF287)	cytoplasm
SORBI_3002G263800	Proteasome subunit beta	""	LIN	CC	FA	1	1.214883e-09	0.608496	1.03	38	yes	2	2	64845719	PROTEASOME SUBUNIT BETA TYPE-4 (PTHR11599:SF5)	cytoplasm | nucleus
SORBI_3003G420900	S-formylglutathione hydrolase	metabolic enzyme	LIN	CC	FA	1	2.186622e-09	0.54427	1.03	30	yes	1	3	72597195	S-FORMYLGLUTATHIONE HYDROLASE (PTHR10061:SF0)	cytoplasm
SORBI_3008G082800	Pentacotripeptide-repeat region of PRORP domain-containing protein	repeat-associated domain	LIN	CC	FA	1	4.881001e-09	0.819607	1.03	30	yes	1	8	15752370	OS12G0233200 PROTEIN (PTHR47924:SF240)	cytoplasm
SORBI_3007G055800	Uncharacterized protein	""	LIN	CC	FA	1	5.189731e-09	0.880115	1.03	30	yes	1	7	5784121	INACTIVE SESQUITHUJENE SYNTHASE (PTHR31225:SF168)	cytoplasm
SORBI_3010G123300	Transmembrane protein 245	transport	LIN	CC	SQDG	2	6.232295e-13	1	1.02	31	yes	1	10	14508516	TRANSMEMBRANE PROTEIN C9ORF5 PROTEIN (PTHR21716:SF72)	membrane
SORBI_3010G123400	C2 and GRAM domain-containing protein	repeat-associated domain	LIN	CC	SQDG	2	6.232295e-13	1	1.02	31	yes	1	10	14521567	OS06G0297800 PROTEIN (PTHR46296:SF8)	membrane
SORBI_3010G118300	O-fucosyltransferase family protein	metabolic enzyme	LIN	CC	SQDG	2	1.388986e-11	0.560687	1.02	31	yes	1	10	13034765	O-FUCOSYLTRANSFERASE FAMILY PROTEIN (PTHR31741:SF3)	membrane
SORBI_3010G146700	Amino acid transporter transmembrane domain-containing protein	transport	LIN	CC	SQDG	1	4.397667e-11	0.957774	1.02	31	yes	1	10	41902661	AMINO ACID TRANSPORTER TRANSMEMBRANE DOMAIN-CONTAINING PROTEIN (PTHR48017:SF239)	membrane
SORBI_3010G142900	Oleosin	""	LIN	CC	SQDG	2	1.05987e-10	0.971313	1.02	31	yes	1	10	37888679	OS06G0473800 PROTEIN (PTHR33203:SF56)	membrane
SORBI_3010G112600	EamA domain-containing protein	repeat-associated domain	LIN	CC	SQDG	1	1.14374e-10	0.843691	1.02	31	yes	1	10	11663018	EAMA DOMAIN-CONTAINING PROTEIN (PTHR42920:SF7)	membrane
SORBI_3010G107400	3-ketoacyl-CoA synthase	metabolic enzyme	LIN	CC	SQDG	1	1.346217e-10	0.4595	1.02	31	yes	1	10	10613918	3-KETOACYL-COA SYNTHASE (PTHR31561:SF74)	membrane
SORBI_3010G108100	3-ketoacyl-CoA synthase	metabolic enzyme	LIN	CC	SQDG	1	1.346217e-10	0.472673	1.02	31	yes	1	10	10692185	3-KETOACYL-COA SYNTHASE (PTHR31561:SF105)	membrane
SORBI_3010G139200	Uncharacterized protein	""	LIN	CC	SQDG	2	1.365799e-10	0.979546	1.02	31	yes	1	10	23968689	""	membrane
SORBI_3010G138600	Uncharacterized protein	""	LIN	BP;CC	SQDG	1	1.866673e-10	0.97155	1.02	23	yes	2	10	23012915	""	nucleus | regulation of DNA-templated transcription
SORBI_3010G146400	Auxin-responsive protein	""	CTL;LIN	BP;CC	SQDG;TG	2	3.306483e-10	0.97181	1.02	50	yes	2	10	41660035	AUXIN-RESPONSIVE PROTEIN IAA21 (PTHR31734:SF252)	nucleus | regulation of DNA-templated transcription
SORBI_3006G277300	R3H domain-containing protein	repeat-associated domain	LIN	CC	SQDG	1	5.775823e-10	1	1.02	31	yes	1	6	60829394	PROTEIN BYPASS1-LIKE (PTHR31509:SF0)	membrane
SORBI_3010G124200	PGG domain-containing protein	repeat-associated domain	LIN	CC	SQDG	1	7.023185e-10	0.6607	1.02	31	yes	1	10	14928312	OS07G0481600 PROTEIN (PTHR24177:SF404)	membrane
SORBI_3002G026300	Pyrophosphate--fructose 6-phosphate 1-phosphotransferase subunit alpha	metabolic enzyme	LIN	MF	PC	2	1.862033e-12	0.588182	1.01	63	yes	1	2	2412425	PYROPHOSPHATE--FRUCTOSE 6-PHOSPHATE 1-PHOSPHOTRANSFERASE SUBUNIT ALPHA (PTHR43650:SF8)	ATP binding
SORBI_3001G191500	Switch 2	""	LIN	MF	PC	4	9.646242e-12	0.74331	1.01	63	yes	1	1	16978646	DNA EXCISION REPAIR PROTEIN ERCC-6-RELATED (PTHR45629:SF7)	ATP binding
SORBI_3009G129400	Kinesin-like protein	""	LIN	MF	PC	1	1.4879e-10	0.665873	1.01	63	yes	2	9	48279536	KINESIN-LIKE PROTEIN KIN-14S (PTHR24115:SF865)	ATP binding | nucleotide binding
SORBI_3003G373500	1-phosphatidylinositol-3-phosphate 5-kinase	metabolic enzyme	LIN	MF	PC	3	4.786142e-10	0.635789	1.01	63	yes	2	3	68872133	1-PHOSPHATIDYLINOSITOL-3-PHOSPHATE 5-KINASE (PTHR45748:SF8)	ATP binding | nucleotide binding
SORBI_3007G037900	Gfo_Idh_MocA-like oxidoreductase N-terminal domain-containing protein	metabolic enzyme	LIN	MF	PC	1	1.122257e-09	0.945545	1.01	36	yes	1	7	3691211	INOSITOL 2-DEHYDROGENASE (PTHR43593:SF1)	nucleotide binding
SORBI_3007G039400	tyrosine--tRNA ligase	metabolic enzyme	LIN	MF	PC	1	1.122257e-09	0.518581	1.01	63	yes	2	7	3808394	TYROSINE--TRNA LIGASE, CYTOPLASMIC (PTHR46264:SF4)	ATP binding | nucleotide binding
SORBI_3001G228200	Chaperonin CPN60-2, mitochondrial	""	LIN	MF	PC	1	1.1635e-09	0.479217	1.01	63	yes	1	1	21889282	60 KDA HEAT SHOCK PROTEIN, MITOCHONDRIAL (PTHR45633:SF3)	ATP binding
SORBI_3001G457800	DExH-box ATP-dependent RNA helicase DExH14	""	LIN	MF	PC	1	5.199021e-09	0.428291	1.01	63	yes	1	1	73397461	ACTIVATING SIGNAL COINTEGRATOR 1 COMPLEX SUBUNIT 3 (PTHR12131:SF26)	ATP binding
SORBI_3007G210801	JmjC domain-containing protein	repeat-associated domain	LIN	CC	FA;TG	3	6.043383e-14	1	1	55	yes	1	7	63967943	OS08G0508500 PROTEIN (PTHR12461:SF96)	nucleus
SORBI_3008G098900	ubiquitinyl hydrolase 1	metabolic enzyme	LIN	CC	PC;TG	3	2.015928e-13	0.923838	1	86	yes	2	8	46956379	UBIQUITINYL HYDROLASE 1 (PTHR24006:SF927)	cytoplasm | nucleus
SORBI_3001G035100	C2H2-type domain-containing protein	repeat-associated domain	LIN	CC	FA;TG	3	2.359303e-13	0.829263	1	55	yes	1	1	2642280	OS05G0460900 PROTEIN (PTHR26374:SF418)	nucleus
SORBI_3001G035200	NEDD8-activating enzyme E1 regulatory subunit	metabolic enzyme	LIN	CC	FA;TG	3	2.359303e-13	0.567171	1	55	yes	1	1	2649168	NEDD8-ACTIVATING ENZYME E1 REGULATORY SUBUNIT (PTHR10953:SF29)	nucleus
SORBI_3001G035300	C2H2-type domain-containing protein	repeat-associated domain	LIN	CC	FA;TG	3	2.359303e-13	0.648967	1	55	yes	1	1	2659341	ZINC FINGER PROTEIN ZAT12 (PTHR26374:SF379)	nucleus
SORBI_3001G037000	PHD finger protein ALFIN-LIKE	""	LIN	BP;CC	FA;TG	3	2.359303e-13	0.820254	1	55	yes	2	1	2747323	PHD FINGER PROTEIN ALFIN-LIKE 2 (PTHR12321:SF39)	nucleus | regulation of DNA-templated transcription
SORBI_3002G116600	C2H2-type domain-containing protein	repeat-associated domain	LIN	BP;CC	PC;TG	6	3.761098e-13	0.791034	1	86	yes	2	2	14438063	C2H2 AND C2HC ZINC FINGERS SUPERFAMILY PROTEIN (PTHR45801:SF114)	nucleus | regulation of DNA-templated transcription
SORBI_3001G219400	ALOG domain-containing protein	repeat-associated domain	LIN	CC	PC;TG	4	3.206333e-12	1	1	86	yes	1	1	20561567	PROTEIN G1-LIKE5 (PTHR31165:SF123)	nucleus
SORBI_3001G136800	Uncharacterized protein	""	LIN	CC	TG	1	4.277822e-12	1	1	55	yes	2	1	10815463	DUAL SPECIFICITY PROTEIN PHOSPHATASE 1 (PTHR10159:SF511)	cytoplasm | nucleus
SORBI_3001G251100	Endonuclease_exonuclease_phosphatase domain-containing protein	repeat-associated domain	LIN	CC	TG	2	9.698677e-12	0.507884	1	55	yes	2	1	27122548	FAMILY PROTEIN, PUTATIVE, EXPRESSED-RELATED (PTHR12121:SF102)	cytoplasm | nucleus
SORBI_3001G251500	Uncharacterized protein	""	LIN	CC	TG	1	9.698677e-12	0.667936	1	55	yes	2	1	27157607	FAMILY PROTEIN, PUTATIVE, EXPRESSED-RELATED (PTHR31250:SF11)	cytoplasm | nucleus
SORBI_3001G251600	SET domain-containing protein	repeat-associated domain	LIN	CC	TG	1	9.698677e-12	0.522419	1	55	yes	1	1	27167214	HISTONE-LYSINE N-METHYLTRANSFERASE ATXR4 (PTHR12197:SF298)	nucleus
SORBI_3001G252200	Condensin-2 complex subunit H2	""	LIN	CC	PC;TG	3	9.698677e-12	0.973354	1	86	yes	1	1	27281678	CONDENSIN-2 COMPLEX SUBUNIT H2 (PTHR14324:SF3)	nucleus
SORBI_3003G200700	WRKY domain-containing protein	repeat-associated domain	LIN	BP;CC	TG	2	1.120387e-11	0.579858	1	55	yes	2	3	52845063	WRKY DNA-BINDING DOMAIN SUPERFAMILY PROTEIN-RELATED (PTHR31429:SF116)	nucleus | regulation of DNA-templated transcription
SORBI_3003G201900	Splicing factor YJU2	""	LIN	CC	PC;TG	4	1.120387e-11	1	1	86	yes	1	3	53157958	SPLICING FACTOR YJU2 (PTHR12111:SF1)	nucleus
SORBI_3001G183100	Transcription factor GAMYB	""	LIN	BP;CC	TG	2	2.281133e-11	0.882464	1	55	yes	2	1	15517031	OS03G0578900 PROTEIN (PTHR47995:SF1)	nucleus | regulation of DNA-templated transcription
SORBI_3002G114200	GAGA-binding transcriptional activator	""	LIN	BP;CC	PC;TG	4	2.595338e-11	0.501869	1	86	yes	2	2	13956123	PROTEIN BASIC PENTACYSTEINE3 (PTHR31421:SF22)	nucleus | regulation of DNA-templated transcription
SORBI_3008G088848	Protein FAR1-RELATED SEQUENCE	""	LIN	BP;CC	TG	2	3.281675e-11	0.726612	1	55	yes	2	8	23503080	""	nucleus | regulation of DNA-templated transcription
SORBI_3009G069500	Histidine-containing phosphotransfer protein	""	LIN	CC	TG	1	1.093331e-10	0.624486	1	55	yes	2	9	8016423	HISTIDINE-CONTAINING PHOSPHOTRANSFER PROTEIN 4 (PTHR28242:SF43)	cytoplasm | nucleus
SORBI_3004G184200	BHLH domain-containing protein	repeat-associated domain	LIN	BP;CC	PC;TG	4	2.053025e-10	0.632166	1	86	yes	2	4	53749038	OS02G0564700 PROTEIN (PTHR16223:SF215)	nucleus | regulation of DNA-templated transcription
SORBI_3003G081000	Uncharacterized protein	""	LIN	BP;CC	TG	1	2.231631e-10	0.413087	1	55	yes	2	3	6962855	TRANSCRIPTION FACTOR TGA2-RELATED (PTHR45693:SF46)	nucleus | regulation of DNA-templated transcription
SORBI_3003G183800	Uncharacterized protein	""	LIN	CC	TG	1	2.321325e-10	0.412561	1	55	yes	1	3	48914545	MYB TRANSCRIPTION FACTOR (PTHR47997:SF6)	nucleus
SORBI_3001G116900	Zinc-finger domain-containing protein	repeat-associated domain	LIN	BP;CC	TG	2	2.573481e-10	0.460388	1	55	yes	3	1	9114771	EXPRESSED PROTEIN (PTHR31169:SF15)	cytoplasm | nucleus | regulation of DNA-templated transcription
SORBI_3009G083800	Uncharacterized protein	""	LIN	BP;CC	PC;TG	2	3.432043e-10	0.862025	1	86	yes	2	9	12936915	MYB DNA-BINDING DOMAIN SUPERFAMILY PROTEIN-RELATED (PTHR45614:SF123)	nucleus | regulation of DNA-templated transcription
SORBI_3001G106300	E3 ubiquitin-protein ligase FANCL	metabolic enzyme	LIN	CC	TG	2	4.64253e-10	0.955591	1	55	yes	1	1	8188934	E3 UBIQUITIN-PROTEIN LIGASE FANCL (PTHR13206:SF0)	nucleus
SORBI_3004G115350	U4_U6 small nuclear ribonucleoprotein Prp3	""	LIN	CC	TG	2	4.996904e-10	0.874959	1	55	yes	1	4	12003972	U4_U6 SMALL NUCLEAR RIBONUCLEOPROTEIN PRP3 (PTHR14212:SF0)	nucleus
SORBI_3001G127600	C2H2-type domain-containing protein	repeat-associated domain	LIN	CC	PC;TG	2	6.794453e-10	0.498054	1	86	yes	1	1	10027939	OS03G0698300 PROTEIN (PTHR26374:SF399)	nucleus
SORBI_3001G041700	BRCT domain-containing protein	repeat-associated domain	LIN	CC	TG	3	1.127564e-09	0.773626	1	55	yes	1	1	3099655	TP53-BINDING PROTEIN 1 (PTHR15321:SF3)	nucleus
SORBI_3001G042800	Nudix hydrolase domain-containing protein	metabolic enzyme	LIN	CC	TG	3	1.127564e-09	0.738476	1	55	yes	1	1	3184902	DIPHOSPHOINOSITOL-POLYPHOSPHATE DIPHOSPHATASE (PTHR12629:SF0)	nucleus
SORBI_3001G045300	Ubiquitin-like domain-containing protein	repeat-associated domain	LIN	CC	TG	3	1.127564e-09	0.523868	1	55	yes	1	1	3358932	OS03G0808400 PROTEIN (PTHR10666:SF286)	nucleus
SORBI_3009G214700	BHLH domain-containing protein	repeat-associated domain	LIN	CC	TG	1	2.101027e-09	0.658029	1	55	yes	1	9	55968897	TRANSCRIPTION FACTOR LATE FLOWERING (PTHR45914:SF40)	nucleus
SORBI_3001G261585	Chromo domain-containing protein	repeat-associated domain	LIN	CC	TG	2	2.120727e-09	0.89209	1	55	yes	1	1	39940017	CHROMO DOMAIN-CONTAINING PROTEIN LHP1 (PTHR47240:SF2)	nucleus
SORBI_3008G081600	KAT8 regulatory NSL complex subunit 2	""	LIN	CC	TG	1	2.286294e-09	0.878814	1	55	yes	1	8	14591046	KAT8 REGULATORY NSL COMPLEX SUBUNIT 2 (PTHR13453:SF1)	nucleus
SORBI_3002G050700	CRC domain-containing protein	repeat-associated domain	LIN	BP;CC	TG	1	3.549619e-09	1	1	55	yes	2	2	4811737	PROTEIN TESMIN_TSO1-LIKE CXC 3-RELATED (PTHR46159:SF12)	nucleus | regulation of DNA-templated transcription
SORBI_3004G353200	PCI domain-containing protein	repeat-associated domain	LIN	CC	TG	1	4.000781e-09	1	1	55	yes	1	4	68135946	26S PROTEASOME NON-ATPASE REGULATORY SUBUNIT 12 (PTHR10855:SF1)	nucleus
SORBI_3003G040800	WRKY domain-containing protein	repeat-associated domain	LIN	BP;CC	TG	1	4.210909e-09	0.49786	1	55	yes	2	3	3787973	WRKY TRANSCRIPTION FACTOR 13-RELATED (PTHR31221:SF17)	nucleus | regulation of DNA-templated transcription
SORBI_3004G301000	B box-type domain-containing protein	repeat-associated domain	LIN	CC	TG	1	4.292005e-09	0.421226	1	55	yes	1	4	63965162	B-BOX ZINC FINGER PROTEIN 21 (PTHR31832:SF52)	nucleus
SORBI_3008G077700	Transcription initiation factor TFIID subunit 8	""	LIN	CC	TG	1	5.409874e-09	0.946421	1	55	yes	1	8	12064807	TRANSCRIPTION INITIATION FACTOR TFIID SUBUNIT 8 (PTHR46338:SF6)	nucleus
SORBI_3007G011900	PHD finger protein ALFIN-LIKE	""	LIN	BP;CC	TG	1	5.521014e-09	0.416947	1	55	yes	2	7	1101866	PHD FINGER PROTEIN ALFIN-LIKE (PTHR12321:SF154)	nucleus | regulation of DNA-templated transcription
SORBI_3004G126900	Zinc-finger domain-containing protein	repeat-associated domain	LIN	BP;CC	TG	1	5.534171e-09	0.921269	1	55	yes	3	4	15278385	ZINC-FINGER DOMAIN OF MONOAMINE-OXIDASE A REPRESSOR R1 PROTEIN (PTHR31169:SF8)	cytoplasm | nucleus | regulation of DNA-templated transcription
SORBI_3001G134300	Calcineurin-binding protein cabin-1 MEF2-binding domain-containing protein	repeat-associated domain	LIN	CC	TG	1	7.635278e-09	0.571842	1	55	yes	1	1	10588889	CALCINEURIN-BINDING PROTEIN CABIN-1 (PTHR15502:SF7)	nucleus
SORBI_3008G072850	CCHC-type domain-containing protein	repeat-associated domain	LIN	CC	TG	2	1.106363e-12	0.890353	0.99	33	yes	1	8	9871993	OS11G0296500 PROTEIN (PTHR23002:SF89)	cytoplasm
SORBI_3001G252500	Protein HGH1 homolog	""	LIN	CC	TG	3	9.698677e-12	0.744267	0.99	33	yes	1	1	27373926	PROTEIN HGH1 HOMOLOG (PTHR13387:SF9)	cytoplasm
SORBI_3003G184732	CCHC-type domain-containing protein	repeat-associated domain	LIN	CC	TG	2	5.614322e-11	1	0.99	33	yes	1	3	49441878	OS11G0296500 PROTEIN (PTHR23002:SF89)	cytoplasm
SORBI_3003G105900	RING-type domain-containing protein	repeat-associated domain	LIN	CC	TG	2	6.188695e-11	1	0.99	33	yes	1	3	9602593	OS01G0104100 PROTEIN (PTHR15315:SF89)	cytoplasm
SORBI_3006G033320	CCHC-type domain-containing protein	repeat-associated domain	LIN	CC	TG	1	9.583186e-11	0.909363	0.99	33	yes	1	6	8668852	OS11G0296500 PROTEIN (PTHR23002:SF89)	cytoplasm
SORBI_3001G261900	RNA uridylyltransferase	metabolic enzyme	LIN	CC	TG	1	3.164879e-10	0.583041	0.99	33	yes	1	1	46070345	POLY(A) RNA POLYMERASE GLD2 (PTHR12271:SF40)	cytoplasm
SORBI_3001G114000	CNH domain-containing protein	repeat-associated domain	LIN	CC	TG	1	3.708226e-10	0.428893	0.99	33	yes	1	1	8935193	TRANSFORMING GROWTH FACTOR-BETA RECEPTOR-ASSOCIATED PROTEIN 1 (PTHR12894:SF27)	cytoplasm
SORBI_3010G175800	glutathione transferase	metabolic enzyme	LIN	CC	TG	2	4.29235e-10	0.931165	0.99	33	yes	1	10	51300749	GLUTATHIONE S-TRANSFERASE (PTHR11260:SF690)	cytoplasm
SORBI_3006G040401	CCHC-type domain-containing protein	repeat-associated domain	LIN	CC	TG	1	5.3429e-10	0.955565	0.99	33	yes	1	6	21429324	OS11G0296500 PROTEIN (PTHR23002:SF89)	cytoplasm
SORBI_3002G149101	CCHC-type domain-containing protein	repeat-associated domain	LIN	CC	TG	1	5.996923e-10	0.613668	0.99	33	yes	1	2	41144550	OS11G0296500 PROTEIN (PTHR23002:SF89)	cytoplasm
SORBI_3001G262601	CCHC-type domain-containing protein	repeat-associated domain	LIN	CC	TG	2	6.808596e-10	0.898871	0.99	33	yes	1	1	46745758	OS11G0296500 PROTEIN (PTHR23002:SF89)	cytoplasm
SORBI_3001G042901	Adenylate isopentenyltransferase	metabolic enzyme	LIN	CC	TG	3	1.127564e-09	0.738389	0.99	33	yes	1	1	3217954	ADENYLATE ISOPENTENYLTRANSFERASE (PTHR11088:SF41)	cytoplasm
SORBI_3003G386000	Carbohydrate kinase PfkB domain-containing protein	metabolic enzyme	LIN	CC	TG	1	1.205825e-09	0.545065	0.99	33	yes	1	3	69835957	FRUCTOKINASE-4-RELATED (PTHR43085:SF24)	cytoplasm
SORBI_3008G088827	CCHC-type domain-containing protein	repeat-associated domain	LIN	CC	TG	1	1.385314e-09	0.630557	0.99	33	yes	1	8	20498037	OS11G0296500 PROTEIN (PTHR23002:SF89)	cytoplasm
SORBI_3003G165551	CCHC-type domain-containing protein	repeat-associated domain	LIN	CC	TG	2	1.468132e-09	0.611679	0.99	33	yes	1	3	22751021	OS11G0296500 PROTEIN (PTHR23002:SF89)	cytoplasm
SORBI_3001G131400	Thioesterase domain-containing protein	repeat-associated domain	LIN	CC	TG	1	2.072061e-09	0.492619	0.99	33	yes	1	1	10319597	THIOESTERASE DOMAIN-CONTAINING PROTEIN (PTHR43240:SF27)	cytoplasm
SORBI_3001G118700	6,7-dimethyl-8-ribityllumazine synthase	metabolic enzyme	LIN	CC	TG	2	2.102605e-09	0.551551	0.99	33	yes	1	1	9243857	6,7-DIMETHYL-8-RIBITYLLUMAZINE SYNTHASE (PTHR21058:SF0)	cytoplasm
SORBI_3008G081300	Serine-threonine_tyrosine-protein kinase catalytic domain-containing protein	metabolic enzyme	LIN	MF	TG	1	2.286294e-09	0.833244	0.99	24	yes	1	8	14476429	""	protein kinase activity
SORBI_3004G158200	RING-type domain-containing protein	repeat-associated domain	LIN	CC	TG	1	5.935384e-09	0.598764	0.99	33	yes	1	4	50297677	E3 UBIQUITIN-PROTEIN LIGASE RNF10 (PTHR12983:SF9)	cytoplasm
SORBI_3004G066700	C2H2-type domain-containing protein	repeat-associated domain	LIN	CC	FA;PC	3	2.815565e-15	0.902818	0.98	86	yes	1	4	5437753	OS02G0182300 PROTEIN (PTHR45730:SF96)	nucleus
SORBI_3008G098300	ubiquitinyl hydrolase 1	metabolic enzyme	LIN	CC	PC	2	2.015928e-13	0.947488	0.98	86	yes	1	8	46691128	UBIQUITIN CARBOXYL-TERMINAL HYDROLASE 48 (PTHR24006:SF722)	nucleus
SORBI_3003G389200	Rad21_Rec8-like protein N-terminal domain-containing protein	repeat-associated domain	LIN	CC	FA;PC	3	1.905507e-12	1	0.98	86	yes	1	3	70040897	FI11703P (PTHR12585:SF69)	nucleus
SORBI_3001G191700	Virilizer N-terminal domain-containing protein	repeat-associated domain	LIN	CC	PC	2	9.646242e-12	0.824283	0.98	86	yes	1	1	16999996	PROTEIN VIRILIZER HOMOLOG (PTHR23185:SF0)	nucleus
SORBI_3001G472800	inositol-3-phosphate synthase	metabolic enzyme	LIN	CC	PC	2	1.946322e-11	0.876573	0.98	86	yes	1	1	74514163	INOSITOL-3-PHOSPHATE SYNTHASE 1 (PTHR11510:SF5)	nucleus
SORBI_3010G222800	SANTA domain-containing protein	repeat-associated domain	LIN	CC	FA;PC	2	2.538942e-11	0.602425	0.98	86	yes	1	10	56494125	PROTEIN EMBRYO DEFECTIVE 1674 (PTHR35311:SF1)	nucleus
SORBI_3009G247601	PRP1 splicing factor N-terminal domain-containing protein	repeat-associated domain	LIN	CC	PC	1	2.578995e-11	1	0.98	86	yes	1	9	58297525	PRE-MRNA-PROCESSING FACTOR 6 (PTHR11246:SF1)	nucleus
SORBI_3009G250000	BHLH domain-containing protein	repeat-associated domain	LIN	BP;CC	PC	1	2.578995e-11	1	0.98	86	yes	2	9	58526169	OS05G0586300 PROTEIN (PTHR11969:SF46)	nucleus | regulation of DNA-templated transcription
SORBI_3009G082300	Transcription repressor	""	LIN	CC	PC	1	2.946105e-11	0.962394	0.98	86	yes	1	9	11921503	TRANSCRIPTION REPRESSOR (PTHR33057:SF91)	nucleus
SORBI_3003G043000	Enhancer of polycomb-like protein	""	LIN	CC	PC	1	4.014916e-11	0.404999	0.98	86	yes	1	3	3970232	ENHANCER OF POLYCOMB-LIKE PROTEIN (PTHR14898:SF13)	nucleus
SORBI_3003G044900	Auxin-responsive protein	""	LIN	BP;CC	PC	1	4.014916e-11	0.894391	0.98	86	yes	2	3	4111857	AUXIN-RESPONSIVE PROTEIN IAA15 (PTHR31734:SF34)	nucleus | regulation of DNA-templated transcription
SORBI_3009G255900	protein-serine_threonine phosphatase	""	LIN	CC	PC	1	4.679469e-11	0.404259	0.98	86	yes	1	9	58965676	PROTEIN PHOSPHATASE 2C 53 (PTHR47992:SF218)	nucleus
SORBI_3009G084600	C2H2-type domain-containing protein	repeat-associated domain	LIN	BP;CC	PC	2	5.140216e-11	0.904186	0.98	86	yes	2	9	14098780	OS03G0148900 PROTEIN (PTHR45801:SF87)	nucleus | regulation of DNA-templated transcription
SORBI_3009G085100	Auxin-responsive protein	""	LIN	BP;CC	PC	2	5.140216e-11	0.920535	0.98	86	yes	2	9	14286163	AUXIN-RESPONSIVE PROTEIN IAA17 (PTHR31734:SF226)	nucleus | regulation of DNA-templated transcription
SORBI_3009G084500	BHLH domain-containing protein	repeat-associated domain	LIN	BP;CC	PC	1	5.217834e-11	0.928933	0.98	86	yes	2	9	13710419	OS05G0228400 PROTEIN (PTHR16223:SF375)	nucleus | regulation of DNA-templated transcription
SORBI_3009G245400	Rad21_Rec8-like protein N-terminal domain-containing protein	repeat-associated domain	LIN	CC	PC	1	7.778789e-11	0.537901	0.98	86	yes	1	9	58104366	SISTER CHROMATID COHESION 1 PROTEIN 1 (PTHR12585:SF64)	nucleus
SORBI_3009G247500	Transcription repressor	""	LIN	CC	PC	1	7.778789e-11	0.694427	0.98	86	yes	1	9	58292827	TRANSCRIPTION REPRESSOR (PTHR33057:SF12)	nucleus
SORBI_3009G086300	TF-B3 domain-containing protein	repeat-associated domain	LIN	CC	PC	1	8.911286e-11	0.887602	0.98	86	yes	1	9	14644590	OS05G0233000 PROTEIN (PTHR34397:SF14)	nucleus
SORBI_3008G070800	CCR4-NOT transcription complex subunit 11	""	LIN	CC	PC	2	1.027818e-10	0.917409	0.98	86	yes	1	8	9293585	CCR4-NOT TRANSCRIPTION COMPLEX SUBUNIT 11 (PTHR15975:SF0)	nucleus
SORBI_3007G180300	HSF-type DNA-binding domain-containing protein	repeat-associated domain	LIN	BP;CC	FA;PC	3	1.545149e-10	0.527257	0.98	86	yes	2	7	61379333	HSF-TYPE DNA-BINDING DOMAIN-CONTAINING PROTEIN (PTHR10015:SF431)	nucleus | regulation of DNA-templated transcription
SORBI_3007G183050	Transcription factor	""	LIN	BP;CC	FA;PC	3	1.545149e-10	1	0.98	86	yes	2	7	61608735	TRANSCRIPTION FACTOR (PTHR11514:SF140)	nucleus | regulation of DNA-templated transcription
SORBI_3006G047200	BHLH domain-containing protein	repeat-associated domain	CTL;LIN	CC	PC;TG	8	1.619755e-10	0.924031	0.98	86	yes	1	6	32754421	TRANSCRIPTION FACTOR FER-LIKE IRON DEFICIENCY-INDUCED TRANSCRIPTION FACTOR (PTHR31945:SF17)	nucleus
SORBI_3005G225700	C2H2-type domain-containing protein	repeat-associated domain	LIN	CC	PC	1	2.117281e-10	0.718007	0.98	86	yes	1	5	71215844	OS11G0702300 PROTEIN (PTHR26374:SF450)	nucleus
SORBI_3003G373000	Uncharacterized protein	""	LIN	BP;CC	PC	3	4.786142e-10	0.746509	0.98	86	yes	2	3	68836127	OS01G0874300 PROTEIN (PTHR47999:SF54)	nucleus | regulation of DNA-templated transcription
SORBI_3003G374000	protein-serine_threonine phosphatase	""	LIN	CC	PC	3	4.786142e-10	0.670673	0.98	86	yes	1	3	68910631	UBIQUITIN-LIKE DOMAIN-CONTAINING CTD PHOSPHATASE 1 (PTHR48493:SF1)	nucleus
SORBI_3009G238200	WRKY domain-containing protein	repeat-associated domain	LIN	BP;CC	PC	1	6.965395e-10	0.50838	0.98	86	yes	2	9	57628850	WRKY DOMAIN-CONTAINING PROTEIN (PTHR31282:SF112)	nucleus | regulation of DNA-templated transcription
SORBI_3007G216900	CBF1-interacting co-repressor CIR N-terminal domain-containing protein	repeat-associated domain	LIN	CC	PC	1	1.154301e-09	0.645492	0.98	86	yes	1	7	64517194	PRE-MRNA-SPLICING FACTOR CWC25 HOMOLOG (PTHR16196:SF0)	nucleus
SORBI_3007G217100	Sas10 C-terminal domain-containing protein	repeat-associated domain	LIN	CC	PC	1	1.154301e-09	0.706574	0.98	86	yes	1	7	64546236	SOMETHING ABOUT SILENCING PROTEIN 10 (PTHR13237:SF8)	nucleus
SORBI_3007G217400	COP9 signalosome complex subunit 6	""	LIN	CC	PC	1	1.154301e-09	0.490808	0.98	86	yes	1	7	64562356	COP9 SIGNALOSOME COMPLEX SUBUNIT 6 (PTHR10540:SF8)	nucleus
SORBI_3007G217700	WRKY domain-containing protein	repeat-associated domain	LIN	BP;CC	PC	1	1.154301e-09	0.515271	0.98	86	yes	2	7	64590499	OS08G0499300 PROTEIN (PTHR31221:SF338)	nucleus | regulation of DNA-templated transcription
SORBI_3001G227400	Uncharacterized protein	""	LIN	CC	PC	1	1.1635e-09	0.540157	0.98	86	yes	1	1	21794698	WD REPEAT-CONTAINING PROTEIN 70 (PTHR16017:SF0)	nucleus
SORBI_3006G119300	Ribonuclease H2 subunit B	""	LIN	CC	PC	1	1.263753e-09	0.986563	0.98	86	yes	1	6	48636543	RIBONUCLEASE H2 SUBUNIT B (PTHR13383:SF11)	nucleus
SORBI_3006G119400	Protein FAR1-RELATED SEQUENCE	""	LIN	BP;CC	PC	1	1.263753e-09	0.986563	0.98	86	yes	2	6	48641701	PROTEIN FAR1-RELATED SEQUENCE (PTHR31669:SF220)	nucleus | regulation of DNA-templated transcription
SORBI_3001G039100	Fe2OG dioxygenase domain-containing protein	repeat-associated domain	LIN	CC	PC	1	1.277556e-09	0.937694	0.98	86	yes	1	1	2917308	NUCLEIC ACID DIOXYGENASE ALKBH1 (PTHR16557:SF2)	nucleus
SORBI_3001G203450	Endonuclease_exonuclease_phosphatase domain-containing protein	repeat-associated domain	LIN	CC	PC	1	1.307976e-09	0.76319	0.98	86	yes	1	1	18520972	ENDONUCLEASE_EXONUCLEASE_PHOSPHATASE DOMAIN-CONTAINING PROTEIN (PTHR22748:SF18)	nucleus
SORBI_3003G412000	tRNA (adenine(58)-N(1))-methyltransferase non-catalytic subunit TRM6	metabolic enzyme	LIN	CC	PC	1	1.513461e-09	1	0.98	86	yes	1	3	71929084	TRNA (ADENINE(58)-N(1))-METHYLTRANSFERASE NON-CATALYTIC SUBUNIT TRM6 (PTHR12945:SF0)	nucleus
SORBI_3003G412600	Ubiquitin-like domain-containing protein	repeat-associated domain	LIN	BP;CC	PC	1	1.513461e-09	0.729159	0.98	86	yes	2	3	71979661	OS01G0928400 PROTEIN (PTHR47290:SF2)	nucleus | regulation of DNA-templated transcription
SORBI_3009G010600	Retinoblastoma-related protein	""	LIN	CC	PC	1	1.514629e-09	0.54915	0.98	86	yes	1	9	980050	RETINOBLASTOMA-RELATED PROTEIN 2 (PTHR13742:SF22)	nucleus
SORBI_3003G370700	C2H2-type domain-containing protein	repeat-associated domain	LIN	CC	PC	1	1.960867e-09	0.41914	0.98	86	yes	1	3	68677034	PROTEIN SENSITIVE TO PROTON RHIZOTOXICITY 1 (PTHR46352:SF1)	nucleus
SORBI_3006G033101	Cleavage_polyadenylation specificity factor A subunit C-terminal domain-containing protein	repeat-associated domain	LIN	CC	PC	1	2.019354e-09	0.548145	0.98	86	yes	1	6	7734133	CLEAVAGE AND POLYADENYLATION SPECIFICITY FACTOR SUBUNIT 1 (PTHR10644:SF2)	nucleus
SORBI_3005G099100	Ubiquitin-like domain-containing protein	repeat-associated domain	LIN	CC	PC	1	2.569856e-09	0.854216	0.98	86	yes	1	5	16221749	UBIQUITIN-LIKE DOMAIN-CONTAINING PROTEIN (PTHR10666:SF477)	nucleus
SORBI_3009G119700	N-acetyltransferase domain-containing protein	metabolic enzyme	LIN	CC	PC	3	2.71554e-09	1	0.98	86	yes	1	9	46991895	N-ACETYLTRANSFERASE (PTHR23196:SF8)	nucleus
SORBI_3001G230200	Inosine triphosphate pyrophosphatase	""	LIN	CC	PC	1	3.104802e-09	0.552818	0.98	86	yes	1	1	22248074	INOSINE TRIPHOSPHATE PYROPHOSPHATASE (PTHR11067:SF9)	nucleus
SORBI_3004G075700	Methyl-CpG-binding domain-containing protein 9	repeat-associated domain	LIN	CC	PC	1	4.549206e-09	0.552039	0.98	86	yes	1	4	6149879	METHYL-CPG-BINDING DOMAIN-CONTAINING PROTEIN 9 ISOFORM X1 (PTHR47162:SF10)	nucleus
SORBI_3008G107500	WRKY domain-containing protein	repeat-associated domain	LIN	BP;CC	PC	1	4.835842e-09	0.651456	0.98	86	yes	2	8	50603514	WRKY TRANSCRIPTION FACTOR 3-RELATED (PTHR31221:SF130)	nucleus | regulation of DNA-templated transcription
SORBI_3009G107300	3'-5' exonuclease domain-containing protein	repeat-associated domain	LIN	CC	PC	1	5.757113e-09	0.53691	0.98	86	yes	1	9	43057800	EXONUCLEASE 3'-5' DOMAIN-CONTAINING PROTEIN 2 (PTHR13620:SF104)	nucleus
SORBI_3006G231800	Double-strand break repair protein	""	LIN	CC	PC	1	7.979861e-09	0.403102	0.98	86	yes	1	6	57460101	DOUBLE-STRAND BREAK REPAIR PROTEIN MRE11 (PTHR10139:SF1)	nucleus
SORBI_3001G039500	Protein kinase domain-containing protein	metabolic enzyme	LIN	MF	FA	1	2.359303e-13	0.551421	0.97	30	yes	1	1	2947143	PROTEIN KINASE SUPERFAMILY PROTEIN (PTHR23257:SF779)	ATP binding
SORBI_3003G077900	Vesicle-fusing ATPase	""	LIN	MF	FA	2	1.01863e-11	0.568697	0.97	30	yes	1	3	6651977	PROTEIN SUPPRESSOR OF K(+) TRANSPORT GROWTH DEFECT 1 (PTHR23074:SF159)	ATP binding
SORBI_3001G060100	Protein kinase domain-containing protein	metabolic enzyme	LIN	CC;MF	FA	1	7.741034e-10	0.560379	0.97	38	yes	2	1	4502761	CASEIN KINASE-LIKE PROTEIN (PTHR11909:SF349)	ATP binding | nucleus
SORBI_3002G262600	Protein kinase domain-containing protein	metabolic enzyme	LIN	MF	FA	1	1.214883e-09	0.57644	0.97	30	yes	1	2	64763780	PROTEIN KINASE SUPERFAMILY PROTEIN (PTHR47983:SF7)	ATP binding
SORBI_3002G262850	Protein kinase domain-containing protein	metabolic enzyme	LIN	MF	FA	1	1.214883e-09	0.616844	0.97	30	yes	1	2	64778986	CALCIUM-DEPENDENT PROTEIN KINASE 22 (PTHR24349:SF127)	ATP binding
SORBI_3006G191600	Uncharacterized protein	""	LIN	CC	FA	2	2.240513e-17	1	0.96	38	yes	1	6	54579611	OS04G0583200 PROTEIN (PTHR33172:SF105)	nucleus
SORBI_3001G070600	SWIM-type domain-containing protein	repeat-associated domain	LIN	CC	FA	1	2.575284e-12	0.830236	0.96	38	yes	1	1	5379263	PROTEIN FAR1-RELATED SEQUENCE (PTHR31669:SF162)	nucleus
SORBI_3003G077600	DNA damage-binding protein 2	""	CTL;LIN	CC	FA;TG	2	1.01863e-11	0.568697	0.96	50	yes	1	3	6628209	DNA DAMAGE-BINDING PROTEIN 2 (PTHR15169:SF0)	nucleus
SORBI_3007G046200	Paf1 complex protein	""	LIN	CC	FA	1	1.165368e-11	0.418687	0.96	38	yes	1	7	4640694	RNA POLYMERASE II-ASSOCIATED FACTOR 1 HOMOLOG (PTHR23188:SF12)	nucleus
SORBI_3007G050100	Zinc finger LSD1-type domain-containing protein	repeat-associated domain	LIN	CC	FA	1	1.165368e-11	0.449529	0.96	38	yes	1	7	5027644	PROTEIN LOL1 (PTHR31747:SF1)	nucleus
SORBI_3004G059300	Proliferating cell nuclear antigen	""	LIN	CC	FA	2	1.270875e-11	0.569892	0.96	38	yes	1	4	4762507	PROLIFERATING CELL NUCLEAR ANTIGEN (PTHR11352:SF0)	nucleus
SORBI_3004G059400	TAFII55 protein conserved region domain-containing protein	repeat-associated domain	LIN	CC	FA	2	1.270875e-11	0.444575	0.96	38	yes	1	4	4768725	TATA-BOX BINDING PROTEIN ASSOCIATED FACTOR 7 (PTHR12228:SF0)	nucleus
SORBI_3001G404400	Uncharacterized protein	""	LIN	CC	FA	3	1.716327e-11	0.597754	0.96	38	yes	1	1	68915238	F14D16.11-RELATED (PTHR47994:SF5)	nucleus
SORBI_3007G160400	ZF-HD dimerization-type domain-containing protein	repeat-associated domain	LIN	CC	FA	2	2.055126e-11	0.599806	0.96	38	yes	1	7	59510515	ZINC-FINGER HOMEODOMAIN PROTEIN 2 (PTHR31948:SF116)	nucleus
SORBI_3002G187600	CST complex subunit CTC1	""	LIN	CC	FA	2	5.881396e-11	0.693455	0.96	38	yes	1	2	57182960	CST COMPLEX SUBUNIT CTC1 (PTHR14865:SF2)	nucleus
SORBI_3003G077100	Transcription factor	""	LIN	CC	FA	1	9.137469e-11	0.41792	0.96	38	yes	1	3	6560035	TRANSCRIPTION FACTOR (PTHR11514:SF129)	nucleus
SORBI_3004G067100	Uncharacterized protein	""	LIN	CC	FA	1	1.780292e-10	0.467375	0.96	38	yes	1	4	5474973	HOMEOBOX PROTEIN KNOTTED-1-LIKE 2 (PTHR11850:SF208)	nucleus
SORBI_3003G122000	Pre-mRNA-splicing factor SPF27	""	LIN	CC	FA	1	1.921e-10	0.693584	0.96	38	yes	1	3	11119877	PRE-MRNA-SPLICING FACTOR SPF27 (PTHR13296:SF0)	nucleus
SORBI_3004G191800	Uncharacterized protein	""	LIN	CC	FA	1	2.524961e-10	0.432014	0.96	38	yes	1	4	54361585	DNA BINDING PROTEIN (PTHR10641:SF961)	nucleus
SORBI_3003G420600	BRCT domain-containing protein	repeat-associated domain	LIN	CC	FA	1	2.186622e-09	0.544591	0.96	38	yes	1	3	72573855	OS01G0939300 PROTEIN (PTHR23196:SF23)	nucleus
SORBI_3003G343700	HIT-type domain-containing protein	repeat-associated domain	LIN	CC	FA	1	2.243761e-09	0.514059	0.96	38	yes	1	3	66540609	ZINC FINGER HIT DOMAIN-CONTAINING PROTEIN 3 (PTHR13483:SF11)	nucleus
SORBI_3002G128400	WRKY domain-containing protein	repeat-associated domain	LIN	CC	FA	1	3.55823e-09	0.501273	0.96	38	yes	1	2	17755739	OS07G0680400 PROTEIN (PTHR31282:SF19)	nucleus
SORBI_3008G117100	rRNA-processing protein FYV7	""	LIN	CC	FA	1	4.494356e-09	0.898827	0.96	38	yes	1	8	52716522	THYROID TRANSCRIPTION FACTOR 1-ASSOCIATED PROTEIN 26 (PTHR15657:SF1)	nucleus
SORBI_3008G133100	Protein kinase domain-containing protein	transport	CTL	CC	TG	10	6.204077e-14	0.514183	0.95	44	yes	2	8	55967541	PROTEIN KINASE DOMAIN-CONTAINING PROTEIN (PTHR27005:SF273)	membrane | plasma membrane
SORBI_3001G357900	X8 domain-containing protein	repeat-associated domain	CTL	CC	TG	9	1.182781e-12	0.458058	0.95	44	yes	2	1	64761772	GLUCAN ENDO-1,3-BETA-D-GLUCOSIDASE (PTHR32227:SF237)	membrane | plasma membrane
SORBI_3001G223550	Leucine-rich repeat-containing N-terminal plant-type domain-containing protein (Fragment)	repeat-associated domain	CTL	CC	TG	10	7.079967e-11	0.81956	0.95	18	yes	1	1	21438987	LEUCINE RICH REPEAT FAMILY PROTEIN (PTHR27004:SF220)	plasma membrane
SORBI_3001G224000	Protein kinase domain-containing protein	metabolic enzyme	CTL	CC	TG	10	7.079967e-11	0.797269	0.95	18	yes	1	1	21454934	LEUCINE RICH REPEAT FAMILY PROTEIN, EXPRESSED (PTHR48053:SF32)	plasma membrane
SORBI_3008G094400	Bidirectional sugar transporter SWEET	transport	CTL	CC	TG	6	7.128154e-10	0.975922	0.95	44	yes	2	8	44672607	BIDIRECTIONAL SUGAR TRANSPORTER SWEET11 (PTHR10791:SF22)	membrane | plasma membrane
SORBI_3008G094300	Bidirectional sugar transporter SWEET	transport	CTL	CC	TG	2	1.046417e-09	0.975416	0.95	44	yes	2	8	44416458	BIDIRECTIONAL SUGAR TRANSPORTER SWEET11 (PTHR10791:SF22)	membrane | plasma membrane
SORBI_3005G146533	CASP-like protein	""	CTL	CC	TG	4	2.708965e-09	0.817797	0.95	18	yes	1	5	61359556	CASP-LIKE PROTEIN (PTHR33573:SF63)	plasma membrane
SORBI_3005G146900	CASP-like protein	""	CTL	CC	TG	4	2.708965e-09	0.905652	0.95	18	yes	1	5	61405049	CASP-LIKE PROTEIN (PTHR33573:SF63)	plasma membrane
SORBI_3006G037300	CASP-like protein 2A1	""	CTL	CC	TG	2	4.835503e-09	0.793957	0.95	18	yes	1	6	14129051	CASP-LIKE PROTEIN 2A1 (PTHR11615:SF212)	plasma membrane
SORBI_3004G207000	Leucine-rich repeat-containing N-terminal plant-type domain-containing protein	repeat-associated domain	CTL	CC	TG	1	5.311382e-09	0.752223	0.95	18	yes	1	4	55742325	RECEPTOR-LIKE PROTEIN CLAVATA2 (PTHR48004:SF9)	plasma membrane
SORBI_3003G265900	Protein kinase domain-containing protein	metabolic enzyme	CTL	CC	TG	1	7.945542e-09	0.96792	0.95	18	yes	1	3	60278347	PROTEIN KINASE DOMAIN-CONTAINING PROTEIN (PTHR27008:SF285)	plasma membrane
SORBI_3008G082000	RWP-RK domain-containing protein	repeat-associated domain	LIN	BP	TG	3	4.496153e-33	0.956218	0.91	28	yes	1	8	14638776	RWP-RK DOMAIN PROTEIN (PTHR46373:SF5)	regulation of DNA-templated transcription
SORBI_3002G221400	C2H2-type domain-containing protein	metabolic enzyme	LIN	BP	TG	2	1.158973e-11	0.437199	0.91	28	yes	1	2	61333318	PROTEIN SHOOT GRAVITROPISM 5 (PTHR10593:SF168)	regulation of DNA-templated transcription
SORBI_3009G077100	Mediator of RNA polymerase II transcription subunit 32	""	LIN	BP	TG	1	2.07562e-10	0.530887	0.91	28	yes	1	9	10181687	MEDIATOR OF RNA POLYMERASE II TRANSCRIPTION SUBUNIT 32 (PTHR35989:SF1)	regulation of DNA-templated transcription
SORBI_3003G186200	RWP-RK domain-containing protein	repeat-associated domain	LIN	BP	TG	1	1.531726e-09	0.985745	0.91	28	yes	1	3	50319219	RWP-RK DOMAIN-CONTAINING PROTEIN (PTHR46373:SF2)	regulation of DNA-templated transcription
SORBI_3003G041400	DDT domain-containing protein	repeat-associated domain	LIN	BP	TG	1	4.210909e-09	0.596436	0.91	28	yes	1	3	3855314	OS01G0180700 PROTEIN (PTHR14296:SF13)	regulation of DNA-templated transcription
SORBI_3010G134900	AT-hook motif nuclear-localized protein	""	CTL;LIN	CC	SQDG;TG	3	3.193903e-12	1	0.87	50	yes	1	10	19938253	AT-HOOK MOTIF NUCLEAR-LOCALIZED PROTEIN (PTHR31100:SF52)	nucleus
SORBI_3010G112100	JmjC domain-containing protein	repeat-associated domain	LIN	CC	SQDG	1	2.651616e-11	0.678374	0.87	23	yes	1	10	11479739	PROTEIN JUMONJI (PTHR10694:SF113)	nucleus
SORBI_3010G153466	SNF2 N-terminal domain-containing protein	repeat-associated domain	LIN	CC	SQDG	2	2.932491e-11	0.48837	0.87	23	yes	1	10	44593519	""	nucleus
SORBI_3010G121500	Tudor domain-containing protein	repeat-associated domain	LIN	CC	SQDG	1	1.575784e-10	0.477147	0.87	23	yes	1	10	14123635	PRECOCIOUS DISSOCIATION OF SISTERS 5, ISOFORM A (PTHR12663:SF0)	nucleus
SORBI_3010G133500	AT-hook motif nuclear-localized protein	""	LIN	CC	SQDG	1	1.214392e-09	0.887666	0.87	23	yes	1	10	19428784	AT-HOOK MOTIF NUCLEAR-LOCALIZED PROTEIN (PTHR31500:SF48)	nucleus
SORBI_3003G033000	Uncharacterized protein	""	LIN	CC	SQDG	1	5.25602e-09	0.778366	0.87	23	yes	1	3	3037339	PROTEIN ALWAYS EARLY 1-RELATED (PTHR21689:SF5)	nucleus
SORBI_3001G022200	Late embryogenesis abundant protein LEA-2 subgroup domain-containing protein	repeat-associated domain	CTL	CC	TG	2	3.492585e-15	0.988145	0.86	44	yes	1	1	1805923	HARPIN-INDUCED PROTEIN 1 CONTAINING PROTEIN (PTHR31415:SF54)	membrane
SORBI_3002G043700	C2 domain-containing protein	metabolic enzyme	CTL	CC	TG	10	7.587135e-12	0.567122	0.86	44	yes	1	2	4147149	MULTIPLE C2 DOMAIN AND TRANSMEMBRANE REGION PROTEIN 16 (PTHR31425:SF35)	membrane
SORBI_3002G044100	Phytocyanin domain-containing protein (Fragment)	repeat-associated domain	CTL	CC	TG	10	7.587135e-12	0.717286	0.86	44	yes	1	2	4192934	OS07G0165900 PROTEIN (PTHR33021:SF557)	membrane
SORBI_3008G096300	Uncharacterized protein	""	CTL	CC	TG	9	1.847673e-11	1	0.86	44	yes	1	8	45491852	CYTOCHROME C BIOGENESIS B-RELATED (PTHR30070:SF1)	membrane
SORBI_3006G210700	Potassium transporter	transport	CTL	CC	TG	7	5.298874e-11	0.861651	0.86	44	yes	1	6	56012981	POTASSIUM TRANSPORTER 15-RELATED (PTHR30540:SF19)	membrane
SORBI_3005G144201	Transmembrane protein 87B	transport	CTL	CC	TG	4	1.167477e-10	0.523062	0.86	44	yes	1	5	60875999	GH17801P (PTHR21229:SF1)	membrane
SORBI_3006G187800	Uncharacterized protein	""	CTL	CC	TG	1	2.064514e-10	0.401749	0.86	44	yes	1	6	54228046	PROTEIN FATTY ACID EXPORT 4, CHLOROPLASTIC (PTHR12668:SF38)	membrane
SORBI_3002G091700	MLO-like protein	""	CTL	CC	TG	1	4.402201e-10	1	0.86	44	yes	1	2	9546198	MLO-LIKE PROTEIN (PTHR31942:SF83)	membrane
SORBI_3001G497300	Protein kinase domain-containing protein	metabolic enzyme	CTL	CC	TG	1	4.642585e-10	0.499495	0.86	44	yes	1	1	76733239	SERINE_THREONINE-PROTEIN KINASE EDR1 (PTHR23257:SF813)	membrane
SORBI_3009G091300	Uncharacterized protein	transport	CTL	CC	TG	4	8.793418e-10	0.957037	0.86	44	yes	1	9	19059371	METAL-NICOTIANAMINE TRANSPORTER YSL4-RELATED (PTHR31645:SF9)	membrane
SORBI_3001G220900	NECAP PHear domain-containing protein	transport	CTL	CC	TG	6	1.102206e-09	0.455934	0.86	44	yes	1	1	20774311	EAR-BINDING COAT-ASSOCIATED PROTEIN 2, PUTATIVE, EXPRESSED-RELATED (PTHR12847:SF3)	membrane
SORBI_3001G221900	3-ketoacyl-CoA synthase	metabolic enzyme	CTL	CC	TG	6	1.102206e-09	0.445086	0.86	44	yes	1	1	21041757	3-KETOACYL-COA SYNTHASE (PTHR31561:SF197)	membrane
SORBI_3007G090537	CpSecY	transport	CTL	CC	TG	5	1.124333e-09	0.659214	0.86	44	yes	1	7	14199576	PREPROTEIN TRANSLOCASE SUBUNIT SCY1, CHLOROPLASTIC (PTHR10906:SF9)	membrane
SORBI_3006G041800	Uncharacterized protein	transport	CTL	CC	TG	2	2.315168e-09	0.431545	0.86	44	yes	1	6	27719587	OS04G0376100 PROTEIN (PTHR14110:SF10)	membrane
SORBI_3001G288900	Mitochondrial carnitine_acylcarnitine carrier-like protein	transport	CTL	CC	TG	1	2.36118e-09	0.579013	0.86	44	yes	1	1	56549460	OS10G0573800 PROTEIN (PTHR45624:SF35)	membrane
SORBI_3003G079900	Protein kinase domain-containing protein	metabolic enzyme	CTL	CC	TG	2	3.183819e-09	0.540449	0.86	44	yes	1	3	6869354	OS01G0137500 PROTEIN (PTHR27009:SF364)	membrane
SORBI_3003G080000	Protein kinase domain-containing protein	metabolic enzyme	CTL	CC	TG	2	3.183819e-09	1	0.86	44	yes	1	3	6884785	OS01G0138300 PROTEIN (PTHR27009:SF97)	membrane
SORBI_3003G358400	Steroid 5-alpha-reductase DET2	metabolic enzyme	CTL	CC	TG	3	3.343409e-09	0.921081	0.86	44	yes	1	3	67621228	STEROID 5-ALPHA-REDUCTASE DET2 (PTHR10556:SF43)	membrane
SORBI_3006G044100	Uncharacterized protein	""	CTL	CC	TG	3	3.352457e-09	0.82307	0.86	44	yes	1	6	30770150	CYTOCHROME P450 SUPERFAMILY PROTEIN-RELATED (PTHR24298:SF377)	membrane
SORBI_3010G086800	Phytocyanin domain-containing protein	repeat-associated domain	CTL	CC	TG	1	3.728962e-09	0.425945	0.86	44	yes	1	10	7453988	OS06G0218600 PROTEIN (PTHR33021:SF193)	membrane
SORBI_3003G207900	Amino acid transporter transmembrane domain-containing protein	transport	CTL	CC	TG	1	6.01258e-09	0.473755	0.86	44	yes	1	3	53916562	OS01G0597600 PROTEIN (PTHR48017:SF113)	membrane
SORBI_3009G089532	Metal-nicotianamine transporter YSL7	transport	CTL	CC	TG	1	7.213869e-09	0.683646	0.86	44	yes	1	9	15587811	METAL-NICOTIANAMINE TRANSPORTER YSL7 (PTHR31645:SF81)	membrane
SORBI_3002G199400	O-fucosyltransferase family protein	metabolic enzyme	CTL	CC	TG	1	7.58479e-09	0.651771	0.86	44	yes	1	2	58899143	O-FUCOSYLTRANSFERASE 31 (PTHR31933:SF5)	membrane
SORBI_3006G118100	C2H2-type domain-containing protein	repeat-associated domain	LIN	BP	PC	1	1.263753e-09	0.973038	0.85	38	yes	1	6	48553657	C2H2-TYPE ZINC FINGER FAMILY PROTEIN (PTHR45988:SF18)	regulation of DNA-templated transcription
SORBI_3008G131400	Uncharacterized protein	""	CTL	CC	TG	10	6.204077e-14	0.42887	0.84	50	yes	1	8	55724538	MYB TRANSCRIPTION FACTOR (PTHR45675:SF49)	nucleus
SORBI_3008G132900	Putative zinc-finger domain-containing protein	repeat-associated domain	CTL	CC	TG	10	6.204077e-14	0.647951	0.84	50	yes	1	8	55948254	ZINC FINGER C3H1 DOMAIN-CONTAINING PROTEIN (PTHR21563:SF3)	nucleus
SORBI_3007G112200	ENT domain-containing protein	repeat-associated domain	CTL	CC	TG	11	1.799445e-13	0.66926	0.84	50	yes	1	7	42750236	PROTEIN EMSY-LIKE 3 (PTHR33432:SF27)	nucleus
SORBI_3007G071000	NAC domain-containing protein	repeat-associated domain	CTL	CC	TG	10	4.30794e-13	0.736214	0.84	50	yes	1	7	7871028	OS08G0200600 PROTEIN (PTHR31744:SF21)	nucleus
SORBI_3001G295600	Uncharacterized protein	""	CTL	CC	TG	1	1.165916e-12	1	0.84	50	yes	1	1	57393095	TRANSCRIPTION FACTOR MYBS2 (PTHR44191:SF70)	nucleus
SORBI_3004G140000	BHLH domain-containing protein	repeat-associated domain	CTL	CC	TG	1	3.496251e-12	0.771443	0.84	50	yes	1	4	40614975	BHLH DOMAIN-CONTAINING PROTEIN (PTHR11514:SF103)	nucleus
SORBI_3001G254200	F-box domain-containing protein	metabolic enzyme	CTL	CC	TG	11	5.712934e-12	0.881346	0.84	50	yes	1	1	28465427	F-BOX_KELCH-REPEAT PROTEIN SKIP11 (PTHR46122:SF24)	nucleus
SORBI_3002G039800	Zinc finger PHD-type domain-containing protein	repeat-associated domain	CTL	CC	TG	10	7.587135e-12	0.557215	0.84	50	yes	1	2	3856811	PROTEIN ENHANCED DOWNY MILDEW 2 (PTHR46235:SF18)	nucleus
SORBI_3008G096000	Auxin response factor	""	CTL	CC	TG	7	1.890035e-11	0.890301	0.84	50	yes	1	8	45231621	AUXIN RESPONSE FACTOR 24 (PTHR31384:SF40)	nucleus
SORBI_3006G209500	TFIIE beta domain-containing protein	repeat-associated domain	CTL	CC	TG	7	5.298874e-11	0.940849	0.84	50	yes	1	6	55925605	TRANSCRIPTION INITIATION FACTOR IIE SUBUNIT BETA (PTHR12716:SF8)	nucleus
SORBI_3008G004600	E1 ubiquitin-activating enzyme	metabolic enzyme	CTL	CC	TG	1	5.915794e-11	0.436351	0.84	50	yes	1	8	410940	UBIQUITIN-ACTIVATING ENZYME E1 C-TERMINAL DOMAIN-CONTAINING PROTEIN (PTHR10953:SF4)	nucleus
SORBI_3007G103100	Mediator of RNA polymerase II transcription subunit 14	""	CTL	CC	TG	7	5.972523e-11	0.625364	0.84	50	yes	1	7	28555158	MEDIATOR OF RNA POLYMERASE II TRANSCRIPTION SUBUNIT 14 (PTHR12809:SF2)	nucleus
SORBI_3006G279400	NAC domain-containing protein	repeat-associated domain	CTL	CC	TG	8	1.240061e-10	1	0.84	50	yes	1	6	60968193	NAC DOMAIN-CONTAINING PROTEIN 30 (PTHR31989:SF363)	nucleus
SORBI_3007G090412	MADS-box domain-containing protein	repeat-associated domain	CTL	CC	TG	9	1.861479e-10	0.97036	0.84	50	yes	1	7	13176736	AGAMOUS-LIKE 50-RELATED (PTHR11945:SF776)	nucleus
SORBI_3007G090421	MADS-box domain-containing protein	repeat-associated domain	CTL	CC	TG	9	1.861479e-10	0.97036	0.84	50	yes	1	7	13344217	AGAMOUS-LIKE 50-RELATED (PTHR11945:SF776)	nucleus
SORBI_3006G032400	Zinc finger PHD-type domain-containing protein	repeat-associated domain	CTL	CC	TG	7	3.08086e-10	0.694277	0.84	50	yes	1	6	7160601	HISTONE-LYSINE N-METHYLTRANSFERASE SET-26-RELATED (PTHR14571:SF9)	nucleus
SORBI_3007G122000	MBD domain-containing protein	repeat-associated domain	CTL	CC	TG	1	5.244274e-10	0.811676	0.84	50	yes	1	7	52561868	OS04G0193200 PROTEIN (PTHR34067:SF25)	nucleus
SORBI_3006G080300	Histone-lysine N-methyltransferase ASHH1	metabolic enzyme	CTL	CC	TG	8	5.686564e-10	1	0.84	50	yes	1	6	44885645	HISTONE-LYSINE N-METHYLTRANSFERASE ASHH1 (PTHR22884:SF455)	nucleus
SORBI_3010G191100	BHLH domain-containing protein	repeat-associated domain	CTL	CC	TG	3	9.345833e-10	0.423286	0.84	50	yes	1	10	53235608	TRANSCRIPTION FACTOR BHLH48-RELATED (PTHR12565:SF112)	nucleus
SORBI_3004G175300	DNA-(apurinic or apyrimidinic site) lyase	""	CTL	CC	TG	1	1.026088e-09	0.928093	0.84	50	yes	1	4	52759107	N-GLYCOSYLASE_DNA LYASE (PTHR10242:SF2)	nucleus
SORBI_3004G175700	Transcriptional coactivator p15 (PC4) C-terminal domain-containing protein	repeat-associated domain	CTL	CC	TG	1	1.026088e-09	0.490735	0.84	50	yes	1	4	52789538	ACTIVATED RNA POLYMERASE II TRANSCRIPTIONAL COACTIVATOR P15 (PTHR13215:SF0)	nucleus
SORBI_3001G259700	Protein TIFY	""	CTL	CC	TG	4	1.381723e-09	0.5762	0.84	50	yes	1	1	31345064	PROTEIN TIFY (PTHR33077:SF124)	nucleus
SORBI_3001G289600	BAH domain-containing protein	repeat-associated domain	CTL	CC	TG	1	2.36118e-09	0.465709	0.84	50	yes	1	1	56578060	BAH AND TFIIS DOMAIN-CONTAINING PROTEIN-RELATED (PTHR46548:SF1)	nucleus
SORBI_3001G289800	BAH domain-containing protein	repeat-associated domain	CTL	CC	TG	1	2.36118e-09	0.873048	0.84	50	yes	1	1	56625147	BAH AND TFIIS DOMAIN-CONTAINING PROTEIN-RELATED (PTHR46548:SF1)	nucleus
SORBI_3003G356200	Homeobox domain-containing protein	repeat-associated domain	CTL	CC	TG	3	3.343409e-09	0.562866	0.84	50	yes	1	3	67444380	BEL1-LIKE HOMEODOMAIN PROTEIN 9 (PTHR11850:SF82)	nucleus
SORBI_3002G245100	Pirin-like protein	""	CTL	CC	TG	1	3.681911e-09	0.562132	0.84	50	yes	1	2	63369660	OS09G0484800 PROTEIN (PTHR13903:SF23)	nucleus
SORBI_3002G038500	Nuclear transcription factor Y subunit	""	CTL	CC	TG	2	3.754252e-09	0.408531	0.84	50	yes	1	2	3759977	NUCLEAR TRANSCRIPTION FACTOR Y SUBUNIT (PTHR12632:SF41)	nucleus
SORBI_3006G038400	Vps72_YL1 C-terminal domain-containing protein	repeat-associated domain	CTL	CC	TG	2	4.214063e-09	0.957277	0.84	50	yes	1	6	15970957	INO80 COMPLEX SUBUNIT C (PTHR31200:SF1)	nucleus
SORBI_3002G202700	WRKY domain-containing protein	repeat-associated domain	CTL	CC	TG	1	4.602665e-09	0.478522	0.84	50	yes	1	2	59258884	WRKY TRANSCRIPTION FACTOR 40-RELATED (PTHR31429:SF3)	nucleus
SORBI_3004G205600	Bromo domain-containing protein	repeat-associated domain	CTL	CC	TG	1	5.311382e-09	0.471979	0.84	50	yes	1	4	55669358	TRANSCRIPTION FACTOR GTE11-RELATED (PTHR46136:SF1)	nucleus
SORBI_3004G206300	Uncharacterized protein	""	CTL	CC	TG	1	5.311382e-09	0.949555	0.84	50	yes	1	4	55700796	PRE-MRNA-SPLICING FACTOR ISY1 HOMOLOG (PTHR13021:SF8)	nucleus
SORBI_3004G207200	BHLH domain-containing protein	repeat-associated domain	CTL	CC	TG	1	5.311382e-09	0.886332	0.84	50	yes	1	4	55759003	TRANSCRIPTION FACTOR BHLH128 (PTHR16223:SF325)	nucleus
SORBI_3007G008500	BHLH domain-containing protein	repeat-associated domain	CTL	CC	TG	1	5.543031e-09	1	0.84	50	yes	1	7	759321	TRANSCRIPTION FACTOR HEC3 (PTHR45914:SF7)	nucleus
SORBI_3002G199100	Peptidyl-prolyl cis-trans isomerase	metabolic enzyme	CTL	CC	TG	1	7.58479e-09	0.569327	0.84	50	yes	1	2	58875360	PEPTIDYL-PROLYL CIS-TRANS ISOMERASE NIMA-INTERACTING 4 (PTHR45995:SF1)	nucleus
SORBI_3001G222300	Cyclin-dependent kinase inhibitor	metabolic enzyme	CTL	CC	TG	2	7.838417e-09	0.420606	0.84	50	yes	1	1	21176895	CYCLIN-DEPENDENT KINASE INHIBITOR 3 (PTHR46776:SF3)	nucleus
